CHIA_METRIC setup_slack
worst slack 6.9608
CHIA_METRIC hold_slack
worst slack 0.1591
CHIA_METRIC min_period
clock period_min = 13.04 fmax = 76.69
CHIA_METRIC critical_paths
Startpoint: _5271_ (rising edge-triggered flip-flop clocked by clock)
Endpoint: btb_0/btb_0_ext/mem_0_0
          (rising edge-triggered flip-flop clocked by clock)
Path Group: clock
Path Type: max

    Delay      Time   Description
-------------------------------------------------------------
   0.0000    0.0000   clock clock (rise edge)
   0.0000    0.0000   clock network delay (ideal)
   0.0000    0.0000 ^ _5271_/CLK (sky130_fd_sc_hd__dfxtp_1)
   0.3647    0.3647 ^ _5271_/Q (sky130_fd_sc_hd__dfxtp_1)
   0.4348    0.7995 v _4772_/X (sky130_fd_sc_hd__xnor3_1)
   0.1597    0.9592 v _4773_/Y (sky130_fd_sc_hd__xnor2_1)
   0.2576    1.2168 ^ _4778_/Y (sky130_fd_sc_hd__o21ai_0)
   0.1425    1.3593 v _4780_/Y (sky130_fd_sc_hd__a21oi_1)
   0.3860    1.7453 v _4781_/X (sky130_fd_sc_hd__maj3_1)
   0.2646    2.0099 ^ _4782_/Y (sky130_fd_sc_hd__o21ai_0)
   0.1482    2.1581 v _4784_/Y (sky130_fd_sc_hd__a21oi_1)
   0.3957    2.5537 v _4785_/X (sky130_fd_sc_hd__maj3_1)
   0.3951    2.9488 v _4786_/X (sky130_fd_sc_hd__maj3_1)
   0.3951    3.3439 v _4787_/X (sky130_fd_sc_hd__maj3_1)
   0.3951    3.7390 v _4788_/X (sky130_fd_sc_hd__maj3_1)
   0.3968    4.1359 v _4789_/X (sky130_fd_sc_hd__maj3_1)
   0.3978    4.5337 v _4790_/X (sky130_fd_sc_hd__maj3_1)
   0.3978    4.9314 v _4791_/X (sky130_fd_sc_hd__maj3_1)
   0.3959    5.3273 v _4792_/X (sky130_fd_sc_hd__maj3_1)
   0.3973    5.7246 v _4793_/X (sky130_fd_sc_hd__maj3_1)
   0.3978    6.1224 v _4794_/X (sky130_fd_sc_hd__maj3_1)
   0.3978    6.5202 v _4795_/X (sky130_fd_sc_hd__maj3_1)
   0.3959    6.9161 v _4796_/X (sky130_fd_sc_hd__maj3_1)
   0.3973    7.3134 v _4797_/X (sky130_fd_sc_hd__maj3_1)
   0.3978    7.7112 v _4798_/X (sky130_fd_sc_hd__maj3_1)
   0.3978    8.1090 v _4799_/X (sky130_fd_sc_hd__maj3_1)
   0.3978    8.5067 v _4800_/X (sky130_fd_sc_hd__maj3_1)
   0.3978    8.9045 v _4801_/X (sky130_fd_sc_hd__maj3_1)
   0.3978    9.3023 v _4802_/X (sky130_fd_sc_hd__maj3_1)
   0.4054    9.7077 v _4803_/X (sky130_fd_sc_hd__maj3_1)
   0.2920    9.9997 ^ _4804_/Y (sky130_fd_sc_hd__nor3_1)
   0.2664   10.2661 ^ _4819_/X (sky130_fd_sc_hd__o2111a_1)
   0.0896   10.3557 v _4826_/Y (sky130_fd_sc_hd__o41ai_1)
   0.2169   10.5726 ^ _4828_/Y (sky130_fd_sc_hd__a21oi_1)
   0.1270   10.6996 v _4830_/Y (sky130_fd_sc_hd__o21ai_0)
   0.2119   10.9115 v _4833_/X (sky130_fd_sc_hd__a21o_1)
   0.1628   11.0743 v _4844_/X (sky130_fd_sc_hd__lpflow_inputiso0n_1)
   0.1293   11.2035 v _4845_/Y (sky130_fd_sc_hd__xnor2_1)
   0.5012   11.7048 v _4926_/X (sky130_fd_sc_hd__or4_1)
   0.3869   12.0916 v _4927_/X (sky130_fd_sc_hd__or4_1)
   0.2052   12.2968 ^ _4928_/X (sky130_fd_sc_hd__a21bo_2)
   0.1779   12.4747 v _4929_/Y (sky130_fd_sc_hd__a21oi_1)
   0.0030   12.4777 v btb_0/btb_0_ext/mem_0_0/W0_data[0] (cacti_btb_0_ext)
            12.4777   data arrival time

  20.0000   20.0000   clock clock (rise edge)
   0.0000   20.0000   clock network delay (ideal)
   0.0000   20.0000   clock reconvergence pessimism
            20.0000 ^ btb_0/btb_0_ext/mem_0_0/W0_clk (cacti_btb_0_ext)
  -0.5615   19.4385   library setup time
            19.4385   data required time
-------------------------------------------------------------
            19.4385   data required time
           -12.4777   data arrival time
-------------------------------------------------------------
             6.9608   slack (MET)


Startpoint: _5271_ (rising edge-triggered flip-flop clocked by clock)
Endpoint: btb_0/btb_0_ext/mem_0_0
          (rising edge-triggered flip-flop clocked by clock)
Path Group: clock
Path Type: max

    Delay      Time   Description
-------------------------------------------------------------
   0.0000    0.0000   clock clock (rise edge)
   0.0000    0.0000   clock network delay (ideal)
   0.0000    0.0000 ^ _5271_/CLK (sky130_fd_sc_hd__dfxtp_1)
   0.3647    0.3647 ^ _5271_/Q (sky130_fd_sc_hd__dfxtp_1)
   0.4348    0.7995 v _4772_/X (sky130_fd_sc_hd__xnor3_1)
   0.1597    0.9592 v _4773_/Y (sky130_fd_sc_hd__xnor2_1)
   0.2576    1.2168 ^ _4778_/Y (sky130_fd_sc_hd__o21ai_0)
   0.1425    1.3593 v _4780_/Y (sky130_fd_sc_hd__a21oi_1)
   0.3860    1.7453 v _4781_/X (sky130_fd_sc_hd__maj3_1)
   0.2646    2.0099 ^ _4782_/Y (sky130_fd_sc_hd__o21ai_0)
   0.1482    2.1581 v _4784_/Y (sky130_fd_sc_hd__a21oi_1)
   0.3957    2.5537 v _4785_/X (sky130_fd_sc_hd__maj3_1)
   0.3951    2.9488 v _4786_/X (sky130_fd_sc_hd__maj3_1)
   0.3951    3.3439 v _4787_/X (sky130_fd_sc_hd__maj3_1)
   0.3951    3.7390 v _4788_/X (sky130_fd_sc_hd__maj3_1)
   0.3968    4.1359 v _4789_/X (sky130_fd_sc_hd__maj3_1)
   0.3978    4.5337 v _4790_/X (sky130_fd_sc_hd__maj3_1)
   0.3978    4.9314 v _4791_/X (sky130_fd_sc_hd__maj3_1)
   0.3959    5.3273 v _4792_/X (sky130_fd_sc_hd__maj3_1)
   0.3973    5.7246 v _4793_/X (sky130_fd_sc_hd__maj3_1)
   0.3978    6.1224 v _4794_/X (sky130_fd_sc_hd__maj3_1)
   0.3978    6.5202 v _4795_/X (sky130_fd_sc_hd__maj3_1)
   0.3959    6.9161 v _4796_/X (sky130_fd_sc_hd__maj3_1)
   0.3973    7.3134 v _4797_/X (sky130_fd_sc_hd__maj3_1)
   0.3978    7.7112 v _4798_/X (sky130_fd_sc_hd__maj3_1)
   0.3978    8.1090 v _4799_/X (sky130_fd_sc_hd__maj3_1)
   0.3978    8.5067 v _4800_/X (sky130_fd_sc_hd__maj3_1)
   0.3978    8.9045 v _4801_/X (sky130_fd_sc_hd__maj3_1)
   0.3978    9.3023 v _4802_/X (sky130_fd_sc_hd__maj3_1)
   0.4054    9.7077 v _4803_/X (sky130_fd_sc_hd__maj3_1)
   0.2920    9.9997 ^ _4804_/Y (sky130_fd_sc_hd__nor3_1)
   0.2664   10.2661 ^ _4819_/X (sky130_fd_sc_hd__o2111a_1)
   0.0896   10.3557 v _4826_/Y (sky130_fd_sc_hd__o41ai_1)
   0.2169   10.5726 ^ _4828_/Y (sky130_fd_sc_hd__a21oi_1)
   0.1270   10.6996 v _4830_/Y (sky130_fd_sc_hd__o21ai_0)
   0.2119   10.9115 v _4833_/X (sky130_fd_sc_hd__a21o_1)
   0.1628   11.0743 v _4844_/X (sky130_fd_sc_hd__lpflow_inputiso0n_1)
   0.1293   11.2035 v _4845_/Y (sky130_fd_sc_hd__xnor2_1)
   0.5012   11.7048 v _4926_/X (sky130_fd_sc_hd__or4_1)
   0.3869   12.0916 v _4927_/X (sky130_fd_sc_hd__or4_1)
   0.2052   12.2968 ^ _4928_/X (sky130_fd_sc_hd__a21bo_2)
   0.1779   12.4747 v _4929_/Y (sky130_fd_sc_hd__a21oi_1)
   0.0030   12.4777 v btb_0/btb_0_ext/mem_0_0/W0_data[14] (cacti_btb_0_ext)
            12.4777   data arrival time

  20.0000   20.0000   clock clock (rise edge)
   0.0000   20.0000   clock network delay (ideal)
   0.0000   20.0000   clock reconvergence pessimism
            20.0000 ^ btb_0/btb_0_ext/mem_0_0/W0_clk (cacti_btb_0_ext)
  -0.5615   19.4385   library setup time
            19.4385   data required time
-------------------------------------------------------------
            19.4385   data required time
           -12.4777   data arrival time
-------------------------------------------------------------
             6.9608   slack (MET)


Startpoint: _5271_ (rising edge-triggered flip-flop clocked by clock)
Endpoint: btb_0/btb_0_ext/mem_0_0
          (rising edge-triggered flip-flop clocked by clock)
Path Group: clock
Path Type: max

    Delay      Time   Description
-------------------------------------------------------------
   0.0000    0.0000   clock clock (rise edge)
   0.0000    0.0000   clock network delay (ideal)
   0.0000    0.0000 ^ _5271_/CLK (sky130_fd_sc_hd__dfxtp_1)
   0.3647    0.3647 ^ _5271_/Q (sky130_fd_sc_hd__dfxtp_1)
   0.4348    0.7995 v _4772_/X (sky130_fd_sc_hd__xnor3_1)
   0.1597    0.9592 v _4773_/Y (sky130_fd_sc_hd__xnor2_1)
   0.2576    1.2168 ^ _4778_/Y (sky130_fd_sc_hd__o21ai_0)
   0.1425    1.3593 v _4780_/Y (sky130_fd_sc_hd__a21oi_1)
   0.3860    1.7453 v _4781_/X (sky130_fd_sc_hd__maj3_1)
   0.2646    2.0099 ^ _4782_/Y (sky130_fd_sc_hd__o21ai_0)
   0.1482    2.1581 v _4784_/Y (sky130_fd_sc_hd__a21oi_1)
   0.3957    2.5537 v _4785_/X (sky130_fd_sc_hd__maj3_1)
   0.3951    2.9488 v _4786_/X (sky130_fd_sc_hd__maj3_1)
   0.3951    3.3439 v _4787_/X (sky130_fd_sc_hd__maj3_1)
   0.3951    3.7390 v _4788_/X (sky130_fd_sc_hd__maj3_1)
   0.3968    4.1359 v _4789_/X (sky130_fd_sc_hd__maj3_1)
   0.3978    4.5337 v _4790_/X (sky130_fd_sc_hd__maj3_1)
   0.3978    4.9314 v _4791_/X (sky130_fd_sc_hd__maj3_1)
   0.3959    5.3273 v _4792_/X (sky130_fd_sc_hd__maj3_1)
   0.3973    5.7246 v _4793_/X (sky130_fd_sc_hd__maj3_1)
   0.3978    6.1224 v _4794_/X (sky130_fd_sc_hd__maj3_1)
   0.3978    6.5202 v _4795_/X (sky130_fd_sc_hd__maj3_1)
   0.3959    6.9161 v _4796_/X (sky130_fd_sc_hd__maj3_1)
   0.3973    7.3134 v _4797_/X (sky130_fd_sc_hd__maj3_1)
   0.3978    7.7112 v _4798_/X (sky130_fd_sc_hd__maj3_1)
   0.3978    8.1090 v _4799_/X (sky130_fd_sc_hd__maj3_1)
   0.3978    8.5067 v _4800_/X (sky130_fd_sc_hd__maj3_1)
   0.3978    8.9045 v _4801_/X (sky130_fd_sc_hd__maj3_1)
   0.3978    9.3023 v _4802_/X (sky130_fd_sc_hd__maj3_1)
   0.4054    9.7077 v _4803_/X (sky130_fd_sc_hd__maj3_1)
   0.2920    9.9997 ^ _4804_/Y (sky130_fd_sc_hd__nor3_1)
   0.2664   10.2661 ^ _4819_/X (sky130_fd_sc_hd__o2111a_1)
   0.0896   10.3557 v _4826_/Y (sky130_fd_sc_hd__o41ai_1)
   0.2169   10.5726 ^ _4828_/Y (sky130_fd_sc_hd__a21oi_1)
   0.1270   10.6996 v _4830_/Y (sky130_fd_sc_hd__o21ai_0)
   0.2119   10.9115 v _4833_/X (sky130_fd_sc_hd__a21o_1)
   0.1628   11.0743 v _4844_/X (sky130_fd_sc_hd__lpflow_inputiso0n_1)
   0.1293   11.2035 v _4845_/Y (sky130_fd_sc_hd__xnor2_1)
   0.5012   11.7048 v _4926_/X (sky130_fd_sc_hd__or4_1)
   0.3869   12.0916 v _4927_/X (sky130_fd_sc_hd__or4_1)
   0.2052   12.2968 ^ _4928_/X (sky130_fd_sc_hd__a21bo_2)
   0.1779   12.4747 v _4929_/Y (sky130_fd_sc_hd__a21oi_1)
   0.0030   12.4777 v btb_0/btb_0_ext/mem_0_0/W0_data[28] (cacti_btb_0_ext)
            12.4777   data arrival time

  20.0000   20.0000   clock clock (rise edge)
   0.0000   20.0000   clock network delay (ideal)
   0.0000   20.0000   clock reconvergence pessimism
            20.0000 ^ btb_0/btb_0_ext/mem_0_0/W0_clk (cacti_btb_0_ext)
  -0.5615   19.4385   library setup time
            19.4385   data required time
-------------------------------------------------------------
            19.4385   data required time
           -12.4777   data arrival time
-------------------------------------------------------------
             6.9608   slack (MET)


Startpoint: _5271_ (rising edge-triggered flip-flop clocked by clock)
Endpoint: btb_0/btb_0_ext/mem_0_0
          (rising edge-triggered flip-flop clocked by clock)
Path Group: clock
Path Type: max

    Delay      Time   Description
-------------------------------------------------------------
   0.0000    0.0000   clock clock (rise edge)
   0.0000    0.0000   clock network delay (ideal)
   0.0000    0.0000 ^ _5271_/CLK (sky130_fd_sc_hd__dfxtp_1)
   0.3647    0.3647 ^ _5271_/Q (sky130_fd_sc_hd__dfxtp_1)
   0.4348    0.7995 v _4772_/X (sky130_fd_sc_hd__xnor3_1)
   0.1597    0.9592 v _4773_/Y (sky130_fd_sc_hd__xnor2_1)
   0.2576    1.2168 ^ _4778_/Y (sky130_fd_sc_hd__o21ai_0)
   0.1425    1.3593 v _4780_/Y (sky130_fd_sc_hd__a21oi_1)
   0.3860    1.7453 v _4781_/X (sky130_fd_sc_hd__maj3_1)
   0.2646    2.0099 ^ _4782_/Y (sky130_fd_sc_hd__o21ai_0)
   0.1482    2.1581 v _4784_/Y (sky130_fd_sc_hd__a21oi_1)
   0.3957    2.5537 v _4785_/X (sky130_fd_sc_hd__maj3_1)
   0.3951    2.9488 v _4786_/X (sky130_fd_sc_hd__maj3_1)
   0.3951    3.3439 v _4787_/X (sky130_fd_sc_hd__maj3_1)
   0.3951    3.7390 v _4788_/X (sky130_fd_sc_hd__maj3_1)
   0.3968    4.1359 v _4789_/X (sky130_fd_sc_hd__maj3_1)
   0.3978    4.5337 v _4790_/X (sky130_fd_sc_hd__maj3_1)
   0.3978    4.9314 v _4791_/X (sky130_fd_sc_hd__maj3_1)
   0.3959    5.3273 v _4792_/X (sky130_fd_sc_hd__maj3_1)
   0.3973    5.7246 v _4793_/X (sky130_fd_sc_hd__maj3_1)
   0.3978    6.1224 v _4794_/X (sky130_fd_sc_hd__maj3_1)
   0.3978    6.5202 v _4795_/X (sky130_fd_sc_hd__maj3_1)
   0.3959    6.9161 v _4796_/X (sky130_fd_sc_hd__maj3_1)
   0.3973    7.3134 v _4797_/X (sky130_fd_sc_hd__maj3_1)
   0.3978    7.7112 v _4798_/X (sky130_fd_sc_hd__maj3_1)
   0.3978    8.1090 v _4799_/X (sky130_fd_sc_hd__maj3_1)
   0.3978    8.5067 v _4800_/X (sky130_fd_sc_hd__maj3_1)
   0.3978    8.9045 v _4801_/X (sky130_fd_sc_hd__maj3_1)
   0.3978    9.3023 v _4802_/X (sky130_fd_sc_hd__maj3_1)
   0.4054    9.7077 v _4803_/X (sky130_fd_sc_hd__maj3_1)
   0.2920    9.9997 ^ _4804_/Y (sky130_fd_sc_hd__nor3_1)
   0.2664   10.2661 ^ _4819_/X (sky130_fd_sc_hd__o2111a_1)
   0.0896   10.3557 v _4826_/Y (sky130_fd_sc_hd__o41ai_1)
   0.2169   10.5726 ^ _4828_/Y (sky130_fd_sc_hd__a21oi_1)
   0.1270   10.6996 v _4830_/Y (sky130_fd_sc_hd__o21ai_0)
   0.2119   10.9115 v _4833_/X (sky130_fd_sc_hd__a21o_1)
   0.1628   11.0743 v _4844_/X (sky130_fd_sc_hd__lpflow_inputiso0n_1)
   0.1293   11.2035 v _4845_/Y (sky130_fd_sc_hd__xnor2_1)
   0.5012   11.7048 v _4926_/X (sky130_fd_sc_hd__or4_1)
   0.3869   12.0916 v _4927_/X (sky130_fd_sc_hd__or4_1)
   0.2052   12.2968 ^ _4928_/X (sky130_fd_sc_hd__a21bo_2)
   0.1779   12.4747 v _4929_/Y (sky130_fd_sc_hd__a21oi_1)
   0.0030   12.4777 v btb_0/btb_0_ext/mem_0_0/W0_data[42] (cacti_btb_0_ext)
            12.4777   data arrival time

  20.0000   20.0000   clock clock (rise edge)
   0.0000   20.0000   clock network delay (ideal)
   0.0000   20.0000   clock reconvergence pessimism
            20.0000 ^ btb_0/btb_0_ext/mem_0_0/W0_clk (cacti_btb_0_ext)
  -0.5615   19.4385   library setup time
            19.4385   data required time
-------------------------------------------------------------
            19.4385   data required time
           -12.4777   data arrival time
-------------------------------------------------------------
             6.9608   slack (MET)


Startpoint: _5271_ (rising edge-triggered flip-flop clocked by clock)
Endpoint: btb_1/btb_0_ext/mem_0_0
          (rising edge-triggered flip-flop clocked by clock)
Path Group: clock
Path Type: max

    Delay      Time   Description
-------------------------------------------------------------
   0.0000    0.0000   clock clock (rise edge)
   0.0000    0.0000   clock network delay (ideal)
   0.0000    0.0000 ^ _5271_/CLK (sky130_fd_sc_hd__dfxtp_1)
   0.3647    0.3647 ^ _5271_/Q (sky130_fd_sc_hd__dfxtp_1)
   0.4348    0.7995 v _4772_/X (sky130_fd_sc_hd__xnor3_1)
   0.1597    0.9592 v _4773_/Y (sky130_fd_sc_hd__xnor2_1)
   0.2576    1.2168 ^ _4778_/Y (sky130_fd_sc_hd__o21ai_0)
   0.1425    1.3593 v _4780_/Y (sky130_fd_sc_hd__a21oi_1)
   0.3860    1.7453 v _4781_/X (sky130_fd_sc_hd__maj3_1)
   0.2646    2.0099 ^ _4782_/Y (sky130_fd_sc_hd__o21ai_0)
   0.1482    2.1581 v _4784_/Y (sky130_fd_sc_hd__a21oi_1)
   0.3957    2.5537 v _4785_/X (sky130_fd_sc_hd__maj3_1)
   0.3951    2.9488 v _4786_/X (sky130_fd_sc_hd__maj3_1)
   0.3951    3.3439 v _4787_/X (sky130_fd_sc_hd__maj3_1)
   0.3951    3.7390 v _4788_/X (sky130_fd_sc_hd__maj3_1)
   0.3968    4.1359 v _4789_/X (sky130_fd_sc_hd__maj3_1)
   0.3978    4.5337 v _4790_/X (sky130_fd_sc_hd__maj3_1)
   0.3978    4.9314 v _4791_/X (sky130_fd_sc_hd__maj3_1)
   0.3959    5.3273 v _4792_/X (sky130_fd_sc_hd__maj3_1)
   0.3973    5.7246 v _4793_/X (sky130_fd_sc_hd__maj3_1)
   0.3978    6.1224 v _4794_/X (sky130_fd_sc_hd__maj3_1)
   0.3978    6.5202 v _4795_/X (sky130_fd_sc_hd__maj3_1)
   0.3959    6.9161 v _4796_/X (sky130_fd_sc_hd__maj3_1)
   0.3973    7.3134 v _4797_/X (sky130_fd_sc_hd__maj3_1)
   0.3978    7.7112 v _4798_/X (sky130_fd_sc_hd__maj3_1)
   0.3978    8.1090 v _4799_/X (sky130_fd_sc_hd__maj3_1)
   0.3978    8.5067 v _4800_/X (sky130_fd_sc_hd__maj3_1)
   0.3978    8.9045 v _4801_/X (sky130_fd_sc_hd__maj3_1)
   0.3978    9.3023 v _4802_/X (sky130_fd_sc_hd__maj3_1)
   0.4054    9.7077 v _4803_/X (sky130_fd_sc_hd__maj3_1)
   0.2920    9.9997 ^ _4804_/Y (sky130_fd_sc_hd__nor3_1)
   0.2664   10.2661 ^ _4819_/X (sky130_fd_sc_hd__o2111a_1)
   0.0896   10.3557 v _4826_/Y (sky130_fd_sc_hd__o41ai_1)
   0.2169   10.5726 ^ _4828_/Y (sky130_fd_sc_hd__a21oi_1)
   0.1270   10.6996 v _4830_/Y (sky130_fd_sc_hd__o21ai_0)
   0.2119   10.9115 v _4833_/X (sky130_fd_sc_hd__a21o_1)
   0.1628   11.0743 v _4844_/X (sky130_fd_sc_hd__lpflow_inputiso0n_1)
   0.1293   11.2035 v _4845_/Y (sky130_fd_sc_hd__xnor2_1)
   0.5012   11.7048 v _4926_/X (sky130_fd_sc_hd__or4_1)
   0.3869   12.0916 v _4927_/X (sky130_fd_sc_hd__or4_1)
   0.2052   12.2968 ^ _4928_/X (sky130_fd_sc_hd__a21bo_2)
   0.1779   12.4747 v _4929_/Y (sky130_fd_sc_hd__a21oi_1)
   0.0030   12.4777 v btb_1/btb_0_ext/mem_0_0/W0_data[0] (cacti_btb_0_ext)
            12.4777   data arrival time

  20.0000   20.0000   clock clock (rise edge)
   0.0000   20.0000   clock network delay (ideal)
   0.0000   20.0000   clock reconvergence pessimism
            20.0000 ^ btb_1/btb_0_ext/mem_0_0/W0_clk (cacti_btb_0_ext)
  -0.5615   19.4385   library setup time
            19.4385   data required time
-------------------------------------------------------------
            19.4385   data required time
           -12.4777   data arrival time
-------------------------------------------------------------
             6.9608   slack (MET)


Startpoint: _5271_ (rising edge-triggered flip-flop clocked by clock)
Endpoint: btb_1/btb_0_ext/mem_0_0
          (rising edge-triggered flip-flop clocked by clock)
Path Group: clock
Path Type: max

    Delay      Time   Description
-------------------------------------------------------------
   0.0000    0.0000   clock clock (rise edge)
   0.0000    0.0000   clock network delay (ideal)
   0.0000    0.0000 ^ _5271_/CLK (sky130_fd_sc_hd__dfxtp_1)
   0.3647    0.3647 ^ _5271_/Q (sky130_fd_sc_hd__dfxtp_1)
   0.4348    0.7995 v _4772_/X (sky130_fd_sc_hd__xnor3_1)
   0.1597    0.9592 v _4773_/Y (sky130_fd_sc_hd__xnor2_1)
   0.2576    1.2168 ^ _4778_/Y (sky130_fd_sc_hd__o21ai_0)
   0.1425    1.3593 v _4780_/Y (sky130_fd_sc_hd__a21oi_1)
   0.3860    1.7453 v _4781_/X (sky130_fd_sc_hd__maj3_1)
   0.2646    2.0099 ^ _4782_/Y (sky130_fd_sc_hd__o21ai_0)
   0.1482    2.1581 v _4784_/Y (sky130_fd_sc_hd__a21oi_1)
   0.3957    2.5537 v _4785_/X (sky130_fd_sc_hd__maj3_1)
   0.3951    2.9488 v _4786_/X (sky130_fd_sc_hd__maj3_1)
   0.3951    3.3439 v _4787_/X (sky130_fd_sc_hd__maj3_1)
   0.3951    3.7390 v _4788_/X (sky130_fd_sc_hd__maj3_1)
   0.3968    4.1359 v _4789_/X (sky130_fd_sc_hd__maj3_1)
   0.3978    4.5337 v _4790_/X (sky130_fd_sc_hd__maj3_1)
   0.3978    4.9314 v _4791_/X (sky130_fd_sc_hd__maj3_1)
   0.3959    5.3273 v _4792_/X (sky130_fd_sc_hd__maj3_1)
   0.3973    5.7246 v _4793_/X (sky130_fd_sc_hd__maj3_1)
   0.3978    6.1224 v _4794_/X (sky130_fd_sc_hd__maj3_1)
   0.3978    6.5202 v _4795_/X (sky130_fd_sc_hd__maj3_1)
   0.3959    6.9161 v _4796_/X (sky130_fd_sc_hd__maj3_1)
   0.3973    7.3134 v _4797_/X (sky130_fd_sc_hd__maj3_1)
   0.3978    7.7112 v _4798_/X (sky130_fd_sc_hd__maj3_1)
   0.3978    8.1090 v _4799_/X (sky130_fd_sc_hd__maj3_1)
   0.3978    8.5067 v _4800_/X (sky130_fd_sc_hd__maj3_1)
   0.3978    8.9045 v _4801_/X (sky130_fd_sc_hd__maj3_1)
   0.3978    9.3023 v _4802_/X (sky130_fd_sc_hd__maj3_1)
   0.4054    9.7077 v _4803_/X (sky130_fd_sc_hd__maj3_1)
   0.2920    9.9997 ^ _4804_/Y (sky130_fd_sc_hd__nor3_1)
   0.2664   10.2661 ^ _4819_/X (sky130_fd_sc_hd__o2111a_1)
   0.0896   10.3557 v _4826_/Y (sky130_fd_sc_hd__o41ai_1)
   0.2169   10.5726 ^ _4828_/Y (sky130_fd_sc_hd__a21oi_1)
   0.1270   10.6996 v _4830_/Y (sky130_fd_sc_hd__o21ai_0)
   0.2119   10.9115 v _4833_/X (sky130_fd_sc_hd__a21o_1)
   0.1628   11.0743 v _4844_/X (sky130_fd_sc_hd__lpflow_inputiso0n_1)
   0.1293   11.2035 v _4845_/Y (sky130_fd_sc_hd__xnor2_1)
   0.5012   11.7048 v _4926_/X (sky130_fd_sc_hd__or4_1)
   0.3869   12.0916 v _4927_/X (sky130_fd_sc_hd__or4_1)
   0.2052   12.2968 ^ _4928_/X (sky130_fd_sc_hd__a21bo_2)
   0.1779   12.4747 v _4929_/Y (sky130_fd_sc_hd__a21oi_1)
   0.0030   12.4777 v btb_1/btb_0_ext/mem_0_0/W0_data[14] (cacti_btb_0_ext)
            12.4777   data arrival time

  20.0000   20.0000   clock clock (rise edge)
   0.0000   20.0000   clock network delay (ideal)
   0.0000   20.0000   clock reconvergence pessimism
            20.0000 ^ btb_1/btb_0_ext/mem_0_0/W0_clk (cacti_btb_0_ext)
  -0.5615   19.4385   library setup time
            19.4385   data required time
-------------------------------------------------------------
            19.4385   data required time
           -12.4777   data arrival time
-------------------------------------------------------------
             6.9608   slack (MET)


Startpoint: _5271_ (rising edge-triggered flip-flop clocked by clock)
Endpoint: btb_1/btb_0_ext/mem_0_0
          (rising edge-triggered flip-flop clocked by clock)
Path Group: clock
Path Type: max

    Delay      Time   Description
-------------------------------------------------------------
   0.0000    0.0000   clock clock (rise edge)
   0.0000    0.0000   clock network delay (ideal)
   0.0000    0.0000 ^ _5271_/CLK (sky130_fd_sc_hd__dfxtp_1)
   0.3647    0.3647 ^ _5271_/Q (sky130_fd_sc_hd__dfxtp_1)
   0.4348    0.7995 v _4772_/X (sky130_fd_sc_hd__xnor3_1)
   0.1597    0.9592 v _4773_/Y (sky130_fd_sc_hd__xnor2_1)
   0.2576    1.2168 ^ _4778_/Y (sky130_fd_sc_hd__o21ai_0)
   0.1425    1.3593 v _4780_/Y (sky130_fd_sc_hd__a21oi_1)
   0.3860    1.7453 v _4781_/X (sky130_fd_sc_hd__maj3_1)
   0.2646    2.0099 ^ _4782_/Y (sky130_fd_sc_hd__o21ai_0)
   0.1482    2.1581 v _4784_/Y (sky130_fd_sc_hd__a21oi_1)
   0.3957    2.5537 v _4785_/X (sky130_fd_sc_hd__maj3_1)
   0.3951    2.9488 v _4786_/X (sky130_fd_sc_hd__maj3_1)
   0.3951    3.3439 v _4787_/X (sky130_fd_sc_hd__maj3_1)
   0.3951    3.7390 v _4788_/X (sky130_fd_sc_hd__maj3_1)
   0.3968    4.1359 v _4789_/X (sky130_fd_sc_hd__maj3_1)
   0.3978    4.5337 v _4790_/X (sky130_fd_sc_hd__maj3_1)
   0.3978    4.9314 v _4791_/X (sky130_fd_sc_hd__maj3_1)
   0.3959    5.3273 v _4792_/X (sky130_fd_sc_hd__maj3_1)
   0.3973    5.7246 v _4793_/X (sky130_fd_sc_hd__maj3_1)
   0.3978    6.1224 v _4794_/X (sky130_fd_sc_hd__maj3_1)
   0.3978    6.5202 v _4795_/X (sky130_fd_sc_hd__maj3_1)
   0.3959    6.9161 v _4796_/X (sky130_fd_sc_hd__maj3_1)
   0.3973    7.3134 v _4797_/X (sky130_fd_sc_hd__maj3_1)
   0.3978    7.7112 v _4798_/X (sky130_fd_sc_hd__maj3_1)
   0.3978    8.1090 v _4799_/X (sky130_fd_sc_hd__maj3_1)
   0.3978    8.5067 v _4800_/X (sky130_fd_sc_hd__maj3_1)
   0.3978    8.9045 v _4801_/X (sky130_fd_sc_hd__maj3_1)
   0.3978    9.3023 v _4802_/X (sky130_fd_sc_hd__maj3_1)
   0.4054    9.7077 v _4803_/X (sky130_fd_sc_hd__maj3_1)
   0.2920    9.9997 ^ _4804_/Y (sky130_fd_sc_hd__nor3_1)
   0.2664   10.2661 ^ _4819_/X (sky130_fd_sc_hd__o2111a_1)
   0.0896   10.3557 v _4826_/Y (sky130_fd_sc_hd__o41ai_1)
   0.2169   10.5726 ^ _4828_/Y (sky130_fd_sc_hd__a21oi_1)
   0.1270   10.6996 v _4830_/Y (sky130_fd_sc_hd__o21ai_0)
   0.2119   10.9115 v _4833_/X (sky130_fd_sc_hd__a21o_1)
   0.1628   11.0743 v _4844_/X (sky130_fd_sc_hd__lpflow_inputiso0n_1)
   0.1293   11.2035 v _4845_/Y (sky130_fd_sc_hd__xnor2_1)
   0.5012   11.7048 v _4926_/X (sky130_fd_sc_hd__or4_1)
   0.3869   12.0916 v _4927_/X (sky130_fd_sc_hd__or4_1)
   0.2052   12.2968 ^ _4928_/X (sky130_fd_sc_hd__a21bo_2)
   0.1779   12.4747 v _4929_/Y (sky130_fd_sc_hd__a21oi_1)
   0.0030   12.4777 v btb_1/btb_0_ext/mem_0_0/W0_data[28] (cacti_btb_0_ext)
            12.4777   data arrival time

  20.0000   20.0000   clock clock (rise edge)
   0.0000   20.0000   clock network delay (ideal)
   0.0000   20.0000   clock reconvergence pessimism
            20.0000 ^ btb_1/btb_0_ext/mem_0_0/W0_clk (cacti_btb_0_ext)
  -0.5615   19.4385   library setup time
            19.4385   data required time
-------------------------------------------------------------
            19.4385   data required time
           -12.4777   data arrival time
-------------------------------------------------------------
             6.9608   slack (MET)


Startpoint: _5271_ (rising edge-triggered flip-flop clocked by clock)
Endpoint: btb_1/btb_0_ext/mem_0_0
          (rising edge-triggered flip-flop clocked by clock)
Path Group: clock
Path Type: max

    Delay      Time   Description
-------------------------------------------------------------
   0.0000    0.0000   clock clock (rise edge)
   0.0000    0.0000   clock network delay (ideal)
   0.0000    0.0000 ^ _5271_/CLK (sky130_fd_sc_hd__dfxtp_1)
   0.3647    0.3647 ^ _5271_/Q (sky130_fd_sc_hd__dfxtp_1)
   0.4348    0.7995 v _4772_/X (sky130_fd_sc_hd__xnor3_1)
   0.1597    0.9592 v _4773_/Y (sky130_fd_sc_hd__xnor2_1)
   0.2576    1.2168 ^ _4778_/Y (sky130_fd_sc_hd__o21ai_0)
   0.1425    1.3593 v _4780_/Y (sky130_fd_sc_hd__a21oi_1)
   0.3860    1.7453 v _4781_/X (sky130_fd_sc_hd__maj3_1)
   0.2646    2.0099 ^ _4782_/Y (sky130_fd_sc_hd__o21ai_0)
   0.1482    2.1581 v _4784_/Y (sky130_fd_sc_hd__a21oi_1)
   0.3957    2.5537 v _4785_/X (sky130_fd_sc_hd__maj3_1)
   0.3951    2.9488 v _4786_/X (sky130_fd_sc_hd__maj3_1)
   0.3951    3.3439 v _4787_/X (sky130_fd_sc_hd__maj3_1)
   0.3951    3.7390 v _4788_/X (sky130_fd_sc_hd__maj3_1)
   0.3968    4.1359 v _4789_/X (sky130_fd_sc_hd__maj3_1)
   0.3978    4.5337 v _4790_/X (sky130_fd_sc_hd__maj3_1)
   0.3978    4.9314 v _4791_/X (sky130_fd_sc_hd__maj3_1)
   0.3959    5.3273 v _4792_/X (sky130_fd_sc_hd__maj3_1)
   0.3973    5.7246 v _4793_/X (sky130_fd_sc_hd__maj3_1)
   0.3978    6.1224 v _4794_/X (sky130_fd_sc_hd__maj3_1)
   0.3978    6.5202 v _4795_/X (sky130_fd_sc_hd__maj3_1)
   0.3959    6.9161 v _4796_/X (sky130_fd_sc_hd__maj3_1)
   0.3973    7.3134 v _4797_/X (sky130_fd_sc_hd__maj3_1)
   0.3978    7.7112 v _4798_/X (sky130_fd_sc_hd__maj3_1)
   0.3978    8.1090 v _4799_/X (sky130_fd_sc_hd__maj3_1)
   0.3978    8.5067 v _4800_/X (sky130_fd_sc_hd__maj3_1)
   0.3978    8.9045 v _4801_/X (sky130_fd_sc_hd__maj3_1)
   0.3978    9.3023 v _4802_/X (sky130_fd_sc_hd__maj3_1)
   0.4054    9.7077 v _4803_/X (sky130_fd_sc_hd__maj3_1)
   0.2920    9.9997 ^ _4804_/Y (sky130_fd_sc_hd__nor3_1)
   0.2664   10.2661 ^ _4819_/X (sky130_fd_sc_hd__o2111a_1)
   0.0896   10.3557 v _4826_/Y (sky130_fd_sc_hd__o41ai_1)
   0.2169   10.5726 ^ _4828_/Y (sky130_fd_sc_hd__a21oi_1)
   0.1270   10.6996 v _4830_/Y (sky130_fd_sc_hd__o21ai_0)
   0.2119   10.9115 v _4833_/X (sky130_fd_sc_hd__a21o_1)
   0.1628   11.0743 v _4844_/X (sky130_fd_sc_hd__lpflow_inputiso0n_1)
   0.1293   11.2035 v _4845_/Y (sky130_fd_sc_hd__xnor2_1)
   0.5012   11.7048 v _4926_/X (sky130_fd_sc_hd__or4_1)
   0.3869   12.0916 v _4927_/X (sky130_fd_sc_hd__or4_1)
   0.2052   12.2968 ^ _4928_/X (sky130_fd_sc_hd__a21bo_2)
   0.1779   12.4747 v _4929_/Y (sky130_fd_sc_hd__a21oi_1)
   0.0030   12.4777 v btb_1/btb_0_ext/mem_0_0/W0_data[42] (cacti_btb_0_ext)
            12.4777   data arrival time

  20.0000   20.0000   clock clock (rise edge)
   0.0000   20.0000   clock network delay (ideal)
   0.0000   20.0000   clock reconvergence pessimism
            20.0000 ^ btb_1/btb_0_ext/mem_0_0/W0_clk (cacti_btb_0_ext)
  -0.5615   19.4385   library setup time
            19.4385   data required time
-------------------------------------------------------------
            19.4385   data required time
           -12.4777   data arrival time
-------------------------------------------------------------
             6.9608   slack (MET)


Startpoint: _5271_ (rising edge-triggered flip-flop clocked by clock)
Endpoint: ebtb/ebtb_ext/mem_0_0
          (rising edge-triggered flip-flop clocked by clock)
Path Group: clock
Path Type: max

    Delay      Time   Description
-------------------------------------------------------------
   0.0000    0.0000   clock clock (rise edge)
   0.0000    0.0000   clock network delay (ideal)
   0.0000    0.0000 ^ _5271_/CLK (sky130_fd_sc_hd__dfxtp_1)
   0.3647    0.3647 ^ _5271_/Q (sky130_fd_sc_hd__dfxtp_1)
   0.4348    0.7995 v _4772_/X (sky130_fd_sc_hd__xnor3_1)
   0.1597    0.9592 v _4773_/Y (sky130_fd_sc_hd__xnor2_1)
   0.2576    1.2168 ^ _4778_/Y (sky130_fd_sc_hd__o21ai_0)
   0.1425    1.3593 v _4780_/Y (sky130_fd_sc_hd__a21oi_1)
   0.3860    1.7453 v _4781_/X (sky130_fd_sc_hd__maj3_1)
   0.2646    2.0099 ^ _4782_/Y (sky130_fd_sc_hd__o21ai_0)
   0.1482    2.1581 v _4784_/Y (sky130_fd_sc_hd__a21oi_1)
   0.3957    2.5537 v _4785_/X (sky130_fd_sc_hd__maj3_1)
   0.3951    2.9488 v _4786_/X (sky130_fd_sc_hd__maj3_1)
   0.3951    3.3439 v _4787_/X (sky130_fd_sc_hd__maj3_1)
   0.3951    3.7390 v _4788_/X (sky130_fd_sc_hd__maj3_1)
   0.3968    4.1359 v _4789_/X (sky130_fd_sc_hd__maj3_1)
   0.3978    4.5337 v _4790_/X (sky130_fd_sc_hd__maj3_1)
   0.3978    4.9314 v _4791_/X (sky130_fd_sc_hd__maj3_1)
   0.3959    5.3273 v _4792_/X (sky130_fd_sc_hd__maj3_1)
   0.3973    5.7246 v _4793_/X (sky130_fd_sc_hd__maj3_1)
   0.3978    6.1224 v _4794_/X (sky130_fd_sc_hd__maj3_1)
   0.3978    6.5202 v _4795_/X (sky130_fd_sc_hd__maj3_1)
   0.3959    6.9161 v _4796_/X (sky130_fd_sc_hd__maj3_1)
   0.3973    7.3134 v _4797_/X (sky130_fd_sc_hd__maj3_1)
   0.3978    7.7112 v _4798_/X (sky130_fd_sc_hd__maj3_1)
   0.3978    8.1090 v _4799_/X (sky130_fd_sc_hd__maj3_1)
   0.3978    8.5067 v _4800_/X (sky130_fd_sc_hd__maj3_1)
   0.3978    8.9045 v _4801_/X (sky130_fd_sc_hd__maj3_1)
   0.3978    9.3023 v _4802_/X (sky130_fd_sc_hd__maj3_1)
   0.4054    9.7077 v _4803_/X (sky130_fd_sc_hd__maj3_1)
   0.2920    9.9997 ^ _4804_/Y (sky130_fd_sc_hd__nor3_1)
   0.2664   10.2661 ^ _4819_/X (sky130_fd_sc_hd__o2111a_1)
   0.0896   10.3557 v _4826_/Y (sky130_fd_sc_hd__o41ai_1)
   0.2169   10.5726 ^ _4828_/Y (sky130_fd_sc_hd__a21oi_1)
   0.1270   10.6996 v _4830_/Y (sky130_fd_sc_hd__o21ai_0)
   0.2119   10.9115 v _4833_/X (sky130_fd_sc_hd__a21o_1)
   0.1628   11.0743 v _4844_/X (sky130_fd_sc_hd__lpflow_inputiso0n_1)
   0.1293   11.2035 v _4845_/Y (sky130_fd_sc_hd__xnor2_1)
   0.5012   11.7048 v _4926_/X (sky130_fd_sc_hd__or4_1)
   0.3869   12.0916 v _4927_/X (sky130_fd_sc_hd__or4_1)
   0.2052   12.2968 ^ _4928_/X (sky130_fd_sc_hd__a21bo_2)
   0.0640   12.3608 v _5175_/Y (sky130_fd_sc_hd__a21oi_1)
   0.0057   12.3665 v ebtb/ebtb_ext/mem_0_0/W0_en (cacti_ebtb_ext)
            12.3665   data arrival time

  20.0000   20.0000   clock clock (rise edge)
   0.0000   20.0000   clock network delay (ideal)
   0.0000   20.0000   clock reconvergence pessimism
            20.0000 ^ ebtb/ebtb_ext/mem_0_0/W0_clk (cacti_ebtb_ext)
  -0.5455   19.4545   library setup time
            19.4545   data required time
-------------------------------------------------------------
            19.4545   data required time
           -12.3665   data arrival time
-------------------------------------------------------------
             7.0880   slack (MET)


Startpoint: meta_0/meta_0_ext/mem_0_0
            (rising edge-triggered flip-flop clocked by clock)
Endpoint: _5661_ (rising edge-triggered flip-flop clocked by clock)
Path Group: clock
Path Type: max

    Delay      Time   Description
-------------------------------------------------------------
   0.0000    0.0000   clock clock (rise edge)
   0.0000    0.0000   clock network delay (ideal)
   0.0000    0.0000 ^ meta_0/meta_0_ext/mem_0_0/R0_clk (cacti_meta_0_ext)
   3.0776    3.0776 v meta_0/meta_0_ext/mem_0_0/R0_data[98] (cacti_meta_0_ext)
   0.1401    3.2177 v _2718_/X (sky130_fd_sc_hd__xor2_1)
   0.2064    3.4242 ^ _2719_/Y (sky130_fd_sc_hd__a221oi_1)
   0.1073    3.5315 v _2720_/Y (sky130_fd_sc_hd__nand3_1)
   0.3970    3.9284 ^ _2721_/Y (sky130_fd_sc_hd__nor4_1)
   0.3298    4.2582 v _2749_/Y (sky130_fd_sc_hd__nand2_1)
   0.2915    4.5497 ^ _4004_/Y (sky130_fd_sc_hd__mux2i_1)
   0.1796    4.7292 ^ _4005_/Y (sky130_fd_sc_hd__xnor2_1)
   0.2404    4.9696 ^ _4008_/X (sky130_fd_sc_hd__maj3_1)
   0.1958    5.1654 ^ _4016_/X (sky130_fd_sc_hd__maj3_1)
   0.1945    5.3598 ^ _4023_/X (sky130_fd_sc_hd__maj3_1)
   0.2067    5.5666 ^ _4031_/X (sky130_fd_sc_hd__maj3_1)
   0.4776    6.0442 v _4050_/X (sky130_fd_sc_hd__or3b_2)
   0.2494    6.2936 ^ _4076_/Y (sky130_fd_sc_hd__a211oi_1)
   0.1698    6.4634 v _4091_/Y (sky130_fd_sc_hd__o211ai_1)
   0.2264    6.6898 ^ _4112_/Y (sky130_fd_sc_hd__a211oi_1)
   0.1116    6.8014 v _4114_/Y (sky130_fd_sc_hd__a211oi_1)
   0.4155    7.2169 v _4129_/X (sky130_fd_sc_hd__o32a_1)
   0.3405    7.5574 v _4143_/X (sky130_fd_sc_hd__o31a_1)
   0.3361    7.8935 v _4156_/X (sky130_fd_sc_hd__o31a_1)
   0.3844    8.2779 v _4167_/X (sky130_fd_sc_hd__or3_1)
   0.1909    8.4688 ^ _4172_/Y (sky130_fd_sc_hd__a21oi_1)
   0.1304    8.5992 v _4184_/Y (sky130_fd_sc_hd__a21oi_1)
   0.3668    8.9660 v _4199_/X (sky130_fd_sc_hd__o32a_1)
   0.3125    9.2785 v _4202_/X (sky130_fd_sc_hd__or2_2)
   0.1895    9.4680 ^ _4211_/Y (sky130_fd_sc_hd__o32ai_1)
   0.1090    9.5770 v _4218_/Y (sky130_fd_sc_hd__nand2_1)
   0.1906    9.7676 ^ _4225_/Y (sky130_fd_sc_hd__o22ai_1)
   0.1768    9.9444 ^ _4231_/X (sky130_fd_sc_hd__lpflow_isobufsrc_1)
   0.1401   10.0844 ^ _4239_/X (sky130_fd_sc_hd__lpflow_isobufsrc_1)
   0.0754   10.1598 v _4240_/Y (sky130_fd_sc_hd__nor2_1)
   0.2124   10.3722 ^ _4252_/Y (sky130_fd_sc_hd__nor3_1)
   0.1517   10.5239 v _4256_/Y (sky130_fd_sc_hd__o21ai_0)
   0.2338   10.7578 v _4265_/X (sky130_fd_sc_hd__o22a_1)
   0.1885   10.9463 ^ _4278_/Y (sky130_fd_sc_hd__nor3_1)
   0.0945   11.0407 v _4279_/Y (sky130_fd_sc_hd__a21oi_1)
   0.2000   11.2407 ^ _4287_/Y (sky130_fd_sc_hd__mux2i_1)
   0.1413   11.3820 ^ _4288_/Y (sky130_fd_sc_hd__xnor2_1)
   0.0789   11.4609 v _4290_/Y (sky130_fd_sc_hd__a21oi_1)
   0.0035   11.4644 v _5661_/D (sky130_fd_sc_hd__dfxtp_1)
            11.4644   data arrival time

  20.0000   20.0000   clock clock (rise edge)
   0.0000   20.0000   clock network delay (ideal)
   0.0000   20.0000   clock reconvergence pessimism
            20.0000 ^ _5661_/CLK (sky130_fd_sc_hd__dfxtp_1)
  -0.1343   19.8657   library setup time
            19.8657   data required time
-------------------------------------------------------------
            19.8657   data required time
           -11.4644   data arrival time
-------------------------------------------------------------
             8.4013   slack (MET)


Startpoint: meta_0/meta_0_ext/mem_0_0
            (rising edge-triggered flip-flop clocked by clock)
Endpoint: _5483_ (rising edge-triggered flip-flop clocked by clock)
Path Group: clock
Path Type: max

    Delay      Time   Description
-------------------------------------------------------------
   0.0000    0.0000   clock clock (rise edge)
   0.0000    0.0000   clock network delay (ideal)
   0.0000    0.0000 ^ meta_0/meta_0_ext/mem_0_0/R0_clk (cacti_meta_0_ext)
   3.0776    3.0776 v meta_0/meta_0_ext/mem_0_0/R0_data[41] (cacti_meta_0_ext)
   0.1303    3.2079 ^ _2542_/Y (sky130_fd_sc_hd__xnor2_1)
   0.1169    3.3248 v _2543_/Y (sky130_fd_sc_hd__o221ai_1)
   0.3629    3.6877 ^ _2544_/Y (sky130_fd_sc_hd__a2111oi_0)
   0.1577    3.8454 v _3329_/Y (sky130_fd_sc_hd__nand4_1)
   0.3806    4.2260 v _3339_/X (sky130_fd_sc_hd__or3_1)
   0.2747    4.5007 ^ _3340_/Y (sky130_fd_sc_hd__a21oi_1)
   0.1914    4.6921 v _3348_/Y (sky130_fd_sc_hd__o21ai_0)
   0.3897    5.0819 v _3357_/X (sky130_fd_sc_hd__maj3_1)
   0.3712    5.4531 v _3363_/X (sky130_fd_sc_hd__maj3_1)
   0.2174    5.6705 v _3373_/X (sky130_fd_sc_hd__o21a_1)
   0.2172    5.8877 v _3383_/X (sky130_fd_sc_hd__o21a_1)
   0.2744    6.1621 ^ _3404_/Y (sky130_fd_sc_hd__o31ai_1)
   0.1257    6.2878 v _3426_/Y (sky130_fd_sc_hd__o211ai_1)
   0.2165    6.5043 ^ _3441_/Y (sky130_fd_sc_hd__a211oi_1)
   0.1024    6.6067 v _3444_/Y (sky130_fd_sc_hd__nor2_1)
   0.4015    7.0083 v _3459_/X (sky130_fd_sc_hd__or3_1)
   0.2474    7.2556 ^ _3481_/Y (sky130_fd_sc_hd__a211oi_1)
   0.1503    7.4060 v _3498_/Y (sky130_fd_sc_hd__o211ai_1)
   0.1947    7.6007 v _3503_/X (sky130_fd_sc_hd__a21o_1)
   0.2103    7.8110 v _3514_/X (sky130_fd_sc_hd__o32a_1)
   0.3785    8.1894 ^ _3527_/Y (sky130_fd_sc_hd__o32ai_1)
   0.1082    8.2976 v _3534_/Y (sky130_fd_sc_hd__nand2_1)
   0.1840    8.4816 ^ _3541_/Y (sky130_fd_sc_hd__o32ai_1)
   0.1149    8.5965 v _3547_/Y (sky130_fd_sc_hd__nand2_1)
   0.2099    8.8063 v _3557_/X (sky130_fd_sc_hd__o32a_1)
   0.1912    8.9976 ^ _3570_/Y (sky130_fd_sc_hd__nor3_1)
   0.0768    9.0744 v _3573_/Y (sky130_fd_sc_hd__nor2_1)
   0.3153    9.3897 v _3576_/X (sky130_fd_sc_hd__or2_2)
   0.5426    9.9323 v _3601_/X (sky130_fd_sc_hd__or4_1)
   0.2077   10.1400 ^ _3606_/Y (sky130_fd_sc_hd__a31oi_1)
   0.2053   10.3453 ^ _3619_/X (sky130_fd_sc_hd__a22o_1)
   0.0667   10.4119 v _3625_/Y (sky130_fd_sc_hd__nand2_1)
   0.2428   10.6547 v _3633_/X (sky130_fd_sc_hd__o22a_1)
   0.1885   10.8433 ^ _3647_/Y (sky130_fd_sc_hd__nor3_1)
   0.0947   10.9380 v _3648_/Y (sky130_fd_sc_hd__a21oi_1)
   0.2117   11.1496 ^ _3656_/Y (sky130_fd_sc_hd__mux2i_1)
   0.1413   11.2909 ^ _3657_/Y (sky130_fd_sc_hd__xnor2_1)
   0.0789   11.3698 v _3659_/Y (sky130_fd_sc_hd__a21oi_1)
   0.0035   11.3733 v _5483_/D (sky130_fd_sc_hd__dfxtp_1)
            11.3733   data arrival time

  20.0000   20.0000   clock clock (rise edge)
   0.0000   20.0000   clock network delay (ideal)
   0.0000   20.0000   clock reconvergence pessimism
            20.0000 ^ _5483_/CLK (sky130_fd_sc_hd__dfxtp_1)
  -0.1338   19.8662   library setup time
            19.8662   data required time
-------------------------------------------------------------
            19.8662   data required time
           -11.3733   data arrival time
-------------------------------------------------------------
             8.4929   slack (MET)


Startpoint: meta_0/meta_0_ext/mem_0_0
            (rising edge-triggered flip-flop clocked by clock)
Endpoint: _5660_ (rising edge-triggered flip-flop clocked by clock)
Path Group: clock
Path Type: max

    Delay      Time   Description
-------------------------------------------------------------
   0.0000    0.0000   clock clock (rise edge)
   0.0000    0.0000   clock network delay (ideal)
   0.0000    0.0000 ^ meta_0/meta_0_ext/mem_0_0/R0_clk (cacti_meta_0_ext)
   3.0776    3.0776 v meta_0/meta_0_ext/mem_0_0/R0_data[98] (cacti_meta_0_ext)
   0.1401    3.2177 v _2718_/X (sky130_fd_sc_hd__xor2_1)
   0.2064    3.4242 ^ _2719_/Y (sky130_fd_sc_hd__a221oi_1)
   0.1073    3.5315 v _2720_/Y (sky130_fd_sc_hd__nand3_1)
   0.3970    3.9284 ^ _2721_/Y (sky130_fd_sc_hd__nor4_1)
   0.3298    4.2582 v _2749_/Y (sky130_fd_sc_hd__nand2_1)
   0.2915    4.5497 ^ _4004_/Y (sky130_fd_sc_hd__mux2i_1)
   0.1796    4.7292 ^ _4005_/Y (sky130_fd_sc_hd__xnor2_1)
   0.2404    4.9696 ^ _4008_/X (sky130_fd_sc_hd__maj3_1)
   0.1958    5.1654 ^ _4016_/X (sky130_fd_sc_hd__maj3_1)
   0.1945    5.3598 ^ _4023_/X (sky130_fd_sc_hd__maj3_1)
   0.2067    5.5666 ^ _4031_/X (sky130_fd_sc_hd__maj3_1)
   0.4776    6.0442 v _4050_/X (sky130_fd_sc_hd__or3b_2)
   0.2494    6.2936 ^ _4076_/Y (sky130_fd_sc_hd__a211oi_1)
   0.1698    6.4634 v _4091_/Y (sky130_fd_sc_hd__o211ai_1)
   0.2264    6.6898 ^ _4112_/Y (sky130_fd_sc_hd__a211oi_1)
   0.1116    6.8014 v _4114_/Y (sky130_fd_sc_hd__a211oi_1)
   0.4155    7.2169 v _4129_/X (sky130_fd_sc_hd__o32a_1)
   0.3405    7.5574 v _4143_/X (sky130_fd_sc_hd__o31a_1)
   0.3361    7.8935 v _4156_/X (sky130_fd_sc_hd__o31a_1)
   0.3844    8.2779 v _4167_/X (sky130_fd_sc_hd__or3_1)
   0.1909    8.4688 ^ _4172_/Y (sky130_fd_sc_hd__a21oi_1)
   0.1304    8.5992 v _4184_/Y (sky130_fd_sc_hd__a21oi_1)
   0.3668    8.9660 v _4199_/X (sky130_fd_sc_hd__o32a_1)
   0.3125    9.2785 v _4202_/X (sky130_fd_sc_hd__or2_2)
   0.1895    9.4680 ^ _4211_/Y (sky130_fd_sc_hd__o32ai_1)
   0.1090    9.5770 v _4218_/Y (sky130_fd_sc_hd__nand2_1)
   0.1906    9.7676 ^ _4225_/Y (sky130_fd_sc_hd__o22ai_1)
   0.1768    9.9444 ^ _4231_/X (sky130_fd_sc_hd__lpflow_isobufsrc_1)
   0.1401   10.0844 ^ _4239_/X (sky130_fd_sc_hd__lpflow_isobufsrc_1)
   0.0754   10.1598 v _4240_/Y (sky130_fd_sc_hd__nor2_1)
   0.2124   10.3722 ^ _4252_/Y (sky130_fd_sc_hd__nor3_1)
   0.1517   10.5239 v _4256_/Y (sky130_fd_sc_hd__o21ai_0)
   0.2338   10.7578 v _4265_/X (sky130_fd_sc_hd__o22a_1)
   0.1885   10.9463 ^ _4278_/Y (sky130_fd_sc_hd__nor3_1)
   0.0945   11.0407 v _4279_/Y (sky130_fd_sc_hd__a21oi_1)
   0.1766   11.2173 ^ _4282_/Y (sky130_fd_sc_hd__xnor2_1)
   0.0787   11.2960 v _4284_/Y (sky130_fd_sc_hd__a21oi_1)
   0.0035   11.2994 v _5660_/D (sky130_fd_sc_hd__dfxtp_1)
            11.2994   data arrival time

  20.0000   20.0000   clock clock (rise edge)
   0.0000   20.0000   clock network delay (ideal)
   0.0000   20.0000   clock reconvergence pessimism
            20.0000 ^ _5660_/CLK (sky130_fd_sc_hd__dfxtp_1)
  -0.1343   19.8657   library setup time
            19.8657   data required time
-------------------------------------------------------------
            19.8657   data required time
           -11.2994   data arrival time
-------------------------------------------------------------
             8.5663   slack (MET)


Startpoint: meta_0/meta_0_ext/mem_0_0
            (rising edge-triggered flip-flop clocked by clock)
Endpoint: _5394_ (rising edge-triggered flip-flop clocked by clock)
Path Group: clock
Path Type: max

    Delay      Time   Description
-------------------------------------------------------------
   0.0000    0.0000   clock clock (rise edge)
   0.0000    0.0000   clock network delay (ideal)
   0.0000    0.0000 ^ meta_0/meta_0_ext/mem_0_0/R0_clk (cacti_meta_0_ext)
   3.0776    3.0776 v meta_0/meta_0_ext/mem_0_0/R0_data[11] (cacti_meta_0_ext)
   0.1321    3.2097 ^ _2460_/Y (sky130_fd_sc_hd__xnor2_1)
   0.1064    3.3161 v _2461_/Y (sky130_fd_sc_hd__nand4_1)
   0.2588    3.5749 ^ _2466_/Y (sky130_fd_sc_hd__nor4_1)
   0.1148    3.6897 v _2467_/Y (sky130_fd_sc_hd__nand4_1)
   0.3668    4.0565 v _2486_/X (sky130_fd_sc_hd__or3_1)
   0.2504    4.3069 v _2487_/X (sky130_fd_sc_hd__clkbuf_1)
   0.2764    4.5833 ^ _3037_/Y (sky130_fd_sc_hd__mux2i_1)
   0.1820    4.7653 ^ _3038_/Y (sky130_fd_sc_hd__xnor2_1)
   0.1284    4.8937 v _3044_/Y (sky130_fd_sc_hd__a21oi_1)
   0.3640    5.2577 v _3051_/X (sky130_fd_sc_hd__maj3_1)
   0.2606    5.5183 ^ _3065_/Y (sky130_fd_sc_hd__a21boi_0)
   0.1436    5.6618 v _3069_/Y (sky130_fd_sc_hd__a21oi_1)
   0.3713    6.0331 v _3076_/X (sky130_fd_sc_hd__maj3_1)
   0.3880    6.4211 v _3083_/X (sky130_fd_sc_hd__maj3_1)
   0.2659    6.6870 v _3102_/X (sky130_fd_sc_hd__a211o_1)
   0.1219    6.8089 ^ _3103_/Y (sky130_fd_sc_hd__o21ai_0)
   0.1433    6.9522 v _3115_/Y (sky130_fd_sc_hd__a21oi_1)
   0.2004    7.1526 ^ _3120_/Y (sky130_fd_sc_hd__o21bai_1)
   0.1394    7.2920 v _3129_/Y (sky130_fd_sc_hd__o21ai_0)
   0.2235    7.5155 v _3132_/X (sky130_fd_sc_hd__a21o_1)
   0.1320    7.6474 ^ _3145_/Y (sky130_fd_sc_hd__nor2_1)
   0.0958    7.7433 v _3163_/Y (sky130_fd_sc_hd__nand2_1)
   0.3409    8.0842 v _3177_/X (sky130_fd_sc_hd__a311o_1)
   0.3917    8.4759 v _3190_/X (sky130_fd_sc_hd__or3_1)
   0.2971    8.7730 ^ _3193_/Y (sky130_fd_sc_hd__a31oi_1)
   0.1109    8.8839 v _3216_/Y (sky130_fd_sc_hd__nand2_1)
   0.2080    9.0919 ^ _3219_/Y (sky130_fd_sc_hd__a21oi_1)
   0.2042    9.2961 ^ _3242_/Y (sky130_fd_sc_hd__nor3b_1)
   0.1168    9.4129 v _3245_/Y (sky130_fd_sc_hd__a21oi_1)
   0.1485    9.5614 ^ _3250_/Y (sky130_fd_sc_hd__nor2_1)
   0.0990    9.6604 v _3273_/Y (sky130_fd_sc_hd__a21oi_1)
   0.1545    9.8149 v _3279_/Y (sky130_fd_sc_hd__nand2b_1)
   0.3170   10.1319 v _3287_/X (sky130_fd_sc_hd__or2_2)
   0.3414   10.4733 ^ _3299_/Y (sky130_fd_sc_hd__o31ai_1)
   0.1492   10.6226 v _3307_/Y (sky130_fd_sc_hd__a21oi_1)
   0.2208   10.8434 ^ _3315_/Y (sky130_fd_sc_hd__a21oi_1)
   0.2238   11.0672 ^ _3320_/X (sky130_fd_sc_hd__maj3_1)
   0.1222   11.1893 ^ _3322_/Y (sky130_fd_sc_hd__xnor2_1)
   0.0787   11.2680 v _3324_/Y (sky130_fd_sc_hd__a21oi_1)
   0.0035   11.2715 v _5394_/D (sky130_fd_sc_hd__dfxtp_1)
            11.2715   data arrival time

  20.0000   20.0000   clock clock (rise edge)
   0.0000   20.0000   clock network delay (ideal)
   0.0000   20.0000   clock reconvergence pessimism
            20.0000 ^ _5394_/CLK (sky130_fd_sc_hd__dfxtp_1)
  -0.1345   19.8655   library setup time
            19.8655   data required time
-------------------------------------------------------------
            19.8655   data required time
           -11.2715   data arrival time
-------------------------------------------------------------
             8.5941   slack (MET)


Startpoint: meta_0/meta_0_ext/mem_0_0
            (rising edge-triggered flip-flop clocked by clock)
Endpoint: _5659_ (rising edge-triggered flip-flop clocked by clock)
Path Group: clock
Path Type: max

    Delay      Time   Description
-------------------------------------------------------------
   0.0000    0.0000   clock clock (rise edge)
   0.0000    0.0000   clock network delay (ideal)
   0.0000    0.0000 ^ meta_0/meta_0_ext/mem_0_0/R0_clk (cacti_meta_0_ext)
   3.0776    3.0776 v meta_0/meta_0_ext/mem_0_0/R0_data[98] (cacti_meta_0_ext)
   0.1401    3.2177 v _2718_/X (sky130_fd_sc_hd__xor2_1)
   0.2064    3.4242 ^ _2719_/Y (sky130_fd_sc_hd__a221oi_1)
   0.1073    3.5315 v _2720_/Y (sky130_fd_sc_hd__nand3_1)
   0.3970    3.9284 ^ _2721_/Y (sky130_fd_sc_hd__nor4_1)
   0.3298    4.2582 v _2749_/Y (sky130_fd_sc_hd__nand2_1)
   0.2915    4.5497 ^ _4004_/Y (sky130_fd_sc_hd__mux2i_1)
   0.1796    4.7292 ^ _4005_/Y (sky130_fd_sc_hd__xnor2_1)
   0.2404    4.9696 ^ _4008_/X (sky130_fd_sc_hd__maj3_1)
   0.1958    5.1654 ^ _4016_/X (sky130_fd_sc_hd__maj3_1)
   0.1945    5.3598 ^ _4023_/X (sky130_fd_sc_hd__maj3_1)
   0.2067    5.5666 ^ _4031_/X (sky130_fd_sc_hd__maj3_1)
   0.4776    6.0442 v _4050_/X (sky130_fd_sc_hd__or3b_2)
   0.2494    6.2936 ^ _4076_/Y (sky130_fd_sc_hd__a211oi_1)
   0.1698    6.4634 v _4091_/Y (sky130_fd_sc_hd__o211ai_1)
   0.2264    6.6898 ^ _4112_/Y (sky130_fd_sc_hd__a211oi_1)
   0.1116    6.8014 v _4114_/Y (sky130_fd_sc_hd__a211oi_1)
   0.4155    7.2169 v _4129_/X (sky130_fd_sc_hd__o32a_1)
   0.3405    7.5574 v _4143_/X (sky130_fd_sc_hd__o31a_1)
   0.3361    7.8935 v _4156_/X (sky130_fd_sc_hd__o31a_1)
   0.3844    8.2779 v _4167_/X (sky130_fd_sc_hd__or3_1)
   0.1909    8.4688 ^ _4172_/Y (sky130_fd_sc_hd__a21oi_1)
   0.1304    8.5992 v _4184_/Y (sky130_fd_sc_hd__a21oi_1)
   0.3668    8.9660 v _4199_/X (sky130_fd_sc_hd__o32a_1)
   0.3125    9.2785 v _4202_/X (sky130_fd_sc_hd__or2_2)
   0.1895    9.4680 ^ _4211_/Y (sky130_fd_sc_hd__o32ai_1)
   0.1090    9.5770 v _4218_/Y (sky130_fd_sc_hd__nand2_1)
   0.1906    9.7676 ^ _4225_/Y (sky130_fd_sc_hd__o22ai_1)
   0.1768    9.9444 ^ _4231_/X (sky130_fd_sc_hd__lpflow_isobufsrc_1)
   0.1401   10.0844 ^ _4239_/X (sky130_fd_sc_hd__lpflow_isobufsrc_1)
   0.0754   10.1598 v _4240_/Y (sky130_fd_sc_hd__nor2_1)
   0.2124   10.3722 ^ _4252_/Y (sky130_fd_sc_hd__nor3_1)
   0.1517   10.5239 v _4256_/Y (sky130_fd_sc_hd__o21ai_0)
   0.2338   10.7578 v _4265_/X (sky130_fd_sc_hd__o22a_1)
   0.2081   10.9659 ^ _4273_/Y (sky130_fd_sc_hd__o21ai_0)
   0.1656   11.1315 ^ _4275_/X (sky130_fd_sc_hd__xor2_1)
   0.0775   11.2090 v _4277_/Y (sky130_fd_sc_hd__a21oi_1)
   0.0035   11.2125 v _5659_/D (sky130_fd_sc_hd__dfxtp_1)
            11.2125   data arrival time

  20.0000   20.0000   clock clock (rise edge)
   0.0000   20.0000   clock network delay (ideal)
   0.0000   20.0000   clock reconvergence pessimism
            20.0000 ^ _5659_/CLK (sky130_fd_sc_hd__dfxtp_1)
  -0.1343   19.8657   library setup time
            19.8657   data required time
-------------------------------------------------------------
            19.8657   data required time
           -11.2125   data arrival time
-------------------------------------------------------------
             8.6532   slack (MET)


Startpoint: meta_0/meta_0_ext/mem_0_0
            (rising edge-triggered flip-flop clocked by clock)
Endpoint: _5482_ (rising edge-triggered flip-flop clocked by clock)
Path Group: clock
Path Type: max

    Delay      Time   Description
-------------------------------------------------------------
   0.0000    0.0000   clock clock (rise edge)
   0.0000    0.0000   clock network delay (ideal)
   0.0000    0.0000 ^ meta_0/meta_0_ext/mem_0_0/R0_clk (cacti_meta_0_ext)
   3.0776    3.0776 v meta_0/meta_0_ext/mem_0_0/R0_data[41] (cacti_meta_0_ext)
   0.1303    3.2079 ^ _2542_/Y (sky130_fd_sc_hd__xnor2_1)
   0.1169    3.3248 v _2543_/Y (sky130_fd_sc_hd__o221ai_1)
   0.3629    3.6877 ^ _2544_/Y (sky130_fd_sc_hd__a2111oi_0)
   0.1577    3.8454 v _3329_/Y (sky130_fd_sc_hd__nand4_1)
   0.3806    4.2260 v _3339_/X (sky130_fd_sc_hd__or3_1)
   0.2747    4.5007 ^ _3340_/Y (sky130_fd_sc_hd__a21oi_1)
   0.1914    4.6921 v _3348_/Y (sky130_fd_sc_hd__o21ai_0)
   0.3897    5.0819 v _3357_/X (sky130_fd_sc_hd__maj3_1)
   0.3712    5.4531 v _3363_/X (sky130_fd_sc_hd__maj3_1)
   0.2174    5.6705 v _3373_/X (sky130_fd_sc_hd__o21a_1)
   0.2172    5.8877 v _3383_/X (sky130_fd_sc_hd__o21a_1)
   0.2744    6.1621 ^ _3404_/Y (sky130_fd_sc_hd__o31ai_1)
   0.1257    6.2878 v _3426_/Y (sky130_fd_sc_hd__o211ai_1)
   0.2165    6.5043 ^ _3441_/Y (sky130_fd_sc_hd__a211oi_1)
   0.1024    6.6067 v _3444_/Y (sky130_fd_sc_hd__nor2_1)
   0.4015    7.0083 v _3459_/X (sky130_fd_sc_hd__or3_1)
   0.2474    7.2556 ^ _3481_/Y (sky130_fd_sc_hd__a211oi_1)
   0.1503    7.4060 v _3498_/Y (sky130_fd_sc_hd__o211ai_1)
   0.1947    7.6007 v _3503_/X (sky130_fd_sc_hd__a21o_1)
   0.2103    7.8110 v _3514_/X (sky130_fd_sc_hd__o32a_1)
   0.3785    8.1894 ^ _3527_/Y (sky130_fd_sc_hd__o32ai_1)
   0.1082    8.2976 v _3534_/Y (sky130_fd_sc_hd__nand2_1)
   0.1840    8.4816 ^ _3541_/Y (sky130_fd_sc_hd__o32ai_1)
   0.1149    8.5965 v _3547_/Y (sky130_fd_sc_hd__nand2_1)
   0.2099    8.8063 v _3557_/X (sky130_fd_sc_hd__o32a_1)
   0.1912    8.9976 ^ _3570_/Y (sky130_fd_sc_hd__nor3_1)
   0.0768    9.0744 v _3573_/Y (sky130_fd_sc_hd__nor2_1)
   0.3153    9.3897 v _3576_/X (sky130_fd_sc_hd__or2_2)
   0.5426    9.9323 v _3601_/X (sky130_fd_sc_hd__or4_1)
   0.2077   10.1400 ^ _3606_/Y (sky130_fd_sc_hd__a31oi_1)
   0.2053   10.3453 ^ _3619_/X (sky130_fd_sc_hd__a22o_1)
   0.0667   10.4119 v _3625_/Y (sky130_fd_sc_hd__nand2_1)
   0.2428   10.6547 v _3633_/X (sky130_fd_sc_hd__o22a_1)
   0.1885   10.8433 ^ _3647_/Y (sky130_fd_sc_hd__nor3_1)
   0.0947   10.9380 v _3648_/Y (sky130_fd_sc_hd__a21oi_1)
   0.1890   11.1270 ^ _3651_/Y (sky130_fd_sc_hd__xnor2_1)
   0.0791   11.2061 v _3653_/Y (sky130_fd_sc_hd__a21oi_1)
   0.0035   11.2096 v _5482_/D (sky130_fd_sc_hd__dfxtp_1)
            11.2096   data arrival time

  20.0000   20.0000   clock clock (rise edge)
   0.0000   20.0000   clock network delay (ideal)
   0.0000   20.0000   clock reconvergence pessimism
            20.0000 ^ _5482_/CLK (sky130_fd_sc_hd__dfxtp_1)
  -0.1338   19.8662   library setup time
            19.8662   data required time
-------------------------------------------------------------
            19.8662   data required time
           -11.2096   data arrival time
-------------------------------------------------------------
             8.6566   slack (MET)


Startpoint: meta_0/meta_0_ext/mem_0_0
            (rising edge-triggered flip-flop clocked by clock)
Endpoint: _5481_ (rising edge-triggered flip-flop clocked by clock)
Path Group: clock
Path Type: max

    Delay      Time   Description
-------------------------------------------------------------
   0.0000    0.0000   clock clock (rise edge)
   0.0000    0.0000   clock network delay (ideal)
   0.0000    0.0000 ^ meta_0/meta_0_ext/mem_0_0/R0_clk (cacti_meta_0_ext)
   3.0776    3.0776 v meta_0/meta_0_ext/mem_0_0/R0_data[41] (cacti_meta_0_ext)
   0.1303    3.2079 ^ _2542_/Y (sky130_fd_sc_hd__xnor2_1)
   0.1169    3.3248 v _2543_/Y (sky130_fd_sc_hd__o221ai_1)
   0.3629    3.6877 ^ _2544_/Y (sky130_fd_sc_hd__a2111oi_0)
   0.1577    3.8454 v _3329_/Y (sky130_fd_sc_hd__nand4_1)
   0.3806    4.2260 v _3339_/X (sky130_fd_sc_hd__or3_1)
   0.2747    4.5007 ^ _3340_/Y (sky130_fd_sc_hd__a21oi_1)
   0.1914    4.6921 v _3348_/Y (sky130_fd_sc_hd__o21ai_0)
   0.3897    5.0819 v _3357_/X (sky130_fd_sc_hd__maj3_1)
   0.3712    5.4531 v _3363_/X (sky130_fd_sc_hd__maj3_1)
   0.2174    5.6705 v _3373_/X (sky130_fd_sc_hd__o21a_1)
   0.2172    5.8877 v _3383_/X (sky130_fd_sc_hd__o21a_1)
   0.2744    6.1621 ^ _3404_/Y (sky130_fd_sc_hd__o31ai_1)
   0.1257    6.2878 v _3426_/Y (sky130_fd_sc_hd__o211ai_1)
   0.2165    6.5043 ^ _3441_/Y (sky130_fd_sc_hd__a211oi_1)
   0.1024    6.6067 v _3444_/Y (sky130_fd_sc_hd__nor2_1)
   0.4015    7.0083 v _3459_/X (sky130_fd_sc_hd__or3_1)
   0.2474    7.2556 ^ _3481_/Y (sky130_fd_sc_hd__a211oi_1)
   0.1503    7.4060 v _3498_/Y (sky130_fd_sc_hd__o211ai_1)
   0.1947    7.6007 v _3503_/X (sky130_fd_sc_hd__a21o_1)
   0.2103    7.8110 v _3514_/X (sky130_fd_sc_hd__o32a_1)
   0.3785    8.1894 ^ _3527_/Y (sky130_fd_sc_hd__o32ai_1)
   0.1082    8.2976 v _3534_/Y (sky130_fd_sc_hd__nand2_1)
   0.1840    8.4816 ^ _3541_/Y (sky130_fd_sc_hd__o32ai_1)
   0.1149    8.5965 v _3547_/Y (sky130_fd_sc_hd__nand2_1)
   0.2099    8.8063 v _3557_/X (sky130_fd_sc_hd__o32a_1)
   0.1912    8.9976 ^ _3570_/Y (sky130_fd_sc_hd__nor3_1)
   0.0768    9.0744 v _3573_/Y (sky130_fd_sc_hd__nor2_1)
   0.3153    9.3897 v _3576_/X (sky130_fd_sc_hd__or2_2)
   0.5426    9.9323 v _3601_/X (sky130_fd_sc_hd__or4_1)
   0.2077   10.1400 ^ _3606_/Y (sky130_fd_sc_hd__a31oi_1)
   0.2053   10.3453 ^ _3619_/X (sky130_fd_sc_hd__a22o_1)
   0.0667   10.4119 v _3625_/Y (sky130_fd_sc_hd__nand2_1)
   0.2428   10.6547 v _3633_/X (sky130_fd_sc_hd__o22a_1)
   0.2082   10.8629 ^ _3640_/Y (sky130_fd_sc_hd__o21ai_0)
   0.1657   11.0286 ^ _3642_/X (sky130_fd_sc_hd__xor2_1)
   0.0775   11.1061 v _3644_/Y (sky130_fd_sc_hd__a21oi_1)
   0.0035   11.1096 v _5481_/D (sky130_fd_sc_hd__dfxtp_1)
            11.1096   data arrival time

  20.0000   20.0000   clock clock (rise edge)
   0.0000   20.0000   clock network delay (ideal)
   0.0000   20.0000   clock reconvergence pessimism
            20.0000 ^ _5481_/CLK (sky130_fd_sc_hd__dfxtp_1)
  -0.1338   19.8662   library setup time
            19.8662   data required time
-------------------------------------------------------------
            19.8662   data required time
           -11.1096   data arrival time
-------------------------------------------------------------
             8.7566   slack (MET)


Startpoint: meta_0/meta_0_ext/mem_0_0
            (rising edge-triggered flip-flop clocked by clock)
Endpoint: _5393_ (rising edge-triggered flip-flop clocked by clock)
Path Group: clock
Path Type: max

    Delay      Time   Description
-------------------------------------------------------------
   0.0000    0.0000   clock clock (rise edge)
   0.0000    0.0000   clock network delay (ideal)
   0.0000    0.0000 ^ meta_0/meta_0_ext/mem_0_0/R0_clk (cacti_meta_0_ext)
   3.0776    3.0776 v meta_0/meta_0_ext/mem_0_0/R0_data[11] (cacti_meta_0_ext)
   0.1321    3.2097 ^ _2460_/Y (sky130_fd_sc_hd__xnor2_1)
   0.1064    3.3161 v _2461_/Y (sky130_fd_sc_hd__nand4_1)
   0.2588    3.5749 ^ _2466_/Y (sky130_fd_sc_hd__nor4_1)
   0.1148    3.6897 v _2467_/Y (sky130_fd_sc_hd__nand4_1)
   0.3668    4.0565 v _2486_/X (sky130_fd_sc_hd__or3_1)
   0.2504    4.3069 v _2487_/X (sky130_fd_sc_hd__clkbuf_1)
   0.2764    4.5833 ^ _3037_/Y (sky130_fd_sc_hd__mux2i_1)
   0.1820    4.7653 ^ _3038_/Y (sky130_fd_sc_hd__xnor2_1)
   0.1284    4.8937 v _3044_/Y (sky130_fd_sc_hd__a21oi_1)
   0.3640    5.2577 v _3051_/X (sky130_fd_sc_hd__maj3_1)
   0.2606    5.5183 ^ _3065_/Y (sky130_fd_sc_hd__a21boi_0)
   0.1436    5.6618 v _3069_/Y (sky130_fd_sc_hd__a21oi_1)
   0.3713    6.0331 v _3076_/X (sky130_fd_sc_hd__maj3_1)
   0.3880    6.4211 v _3083_/X (sky130_fd_sc_hd__maj3_1)
   0.2659    6.6870 v _3102_/X (sky130_fd_sc_hd__a211o_1)
   0.1219    6.8089 ^ _3103_/Y (sky130_fd_sc_hd__o21ai_0)
   0.1433    6.9522 v _3115_/Y (sky130_fd_sc_hd__a21oi_1)
   0.2004    7.1526 ^ _3120_/Y (sky130_fd_sc_hd__o21bai_1)
   0.1394    7.2920 v _3129_/Y (sky130_fd_sc_hd__o21ai_0)
   0.2235    7.5155 v _3132_/X (sky130_fd_sc_hd__a21o_1)
   0.1320    7.6474 ^ _3145_/Y (sky130_fd_sc_hd__nor2_1)
   0.0958    7.7433 v _3163_/Y (sky130_fd_sc_hd__nand2_1)
   0.3409    8.0842 v _3177_/X (sky130_fd_sc_hd__a311o_1)
   0.3917    8.4759 v _3190_/X (sky130_fd_sc_hd__or3_1)
   0.2971    8.7730 ^ _3193_/Y (sky130_fd_sc_hd__a31oi_1)
   0.1109    8.8839 v _3216_/Y (sky130_fd_sc_hd__nand2_1)
   0.2080    9.0919 ^ _3219_/Y (sky130_fd_sc_hd__a21oi_1)
   0.2042    9.2961 ^ _3242_/Y (sky130_fd_sc_hd__nor3b_1)
   0.1168    9.4129 v _3245_/Y (sky130_fd_sc_hd__a21oi_1)
   0.1485    9.5614 ^ _3250_/Y (sky130_fd_sc_hd__nor2_1)
   0.0990    9.6604 v _3273_/Y (sky130_fd_sc_hd__a21oi_1)
   0.1545    9.8149 v _3279_/Y (sky130_fd_sc_hd__nand2b_1)
   0.3170   10.1319 v _3287_/X (sky130_fd_sc_hd__or2_2)
   0.3414   10.4733 ^ _3299_/Y (sky130_fd_sc_hd__o31ai_1)
   0.1492   10.6226 v _3307_/Y (sky130_fd_sc_hd__a21oi_1)
   0.2208   10.8434 ^ _3315_/Y (sky130_fd_sc_hd__a21oi_1)
   0.1467   10.9901 ^ _3316_/Y (sky130_fd_sc_hd__xnor2_1)
   0.0787   11.0688 v _3318_/Y (sky130_fd_sc_hd__a21oi_1)
   0.0035   11.0723 v _5393_/D (sky130_fd_sc_hd__dfxtp_1)
            11.0723   data arrival time

  20.0000   20.0000   clock clock (rise edge)
   0.0000   20.0000   clock network delay (ideal)
   0.0000   20.0000   clock reconvergence pessimism
            20.0000 ^ _5393_/CLK (sky130_fd_sc_hd__dfxtp_1)
  -0.1345   19.8655   library setup time
            19.8655   data required time
-------------------------------------------------------------
            19.8655   data required time
           -11.0723   data arrival time
-------------------------------------------------------------
             8.7932   slack (MET)


Startpoint: meta_0/meta_0_ext/mem_0_0
            (rising edge-triggered flip-flop clocked by clock)
Endpoint: _5658_ (rising edge-triggered flip-flop clocked by clock)
Path Group: clock
Path Type: max

    Delay      Time   Description
-------------------------------------------------------------
   0.0000    0.0000   clock clock (rise edge)
   0.0000    0.0000   clock network delay (ideal)
   0.0000    0.0000 ^ meta_0/meta_0_ext/mem_0_0/R0_clk (cacti_meta_0_ext)
   3.0776    3.0776 v meta_0/meta_0_ext/mem_0_0/R0_data[98] (cacti_meta_0_ext)
   0.1401    3.2177 v _2718_/X (sky130_fd_sc_hd__xor2_1)
   0.2064    3.4242 ^ _2719_/Y (sky130_fd_sc_hd__a221oi_1)
   0.1073    3.5315 v _2720_/Y (sky130_fd_sc_hd__nand3_1)
   0.3970    3.9284 ^ _2721_/Y (sky130_fd_sc_hd__nor4_1)
   0.3298    4.2582 v _2749_/Y (sky130_fd_sc_hd__nand2_1)
   0.2915    4.5497 ^ _4004_/Y (sky130_fd_sc_hd__mux2i_1)
   0.1796    4.7292 ^ _4005_/Y (sky130_fd_sc_hd__xnor2_1)
   0.2404    4.9696 ^ _4008_/X (sky130_fd_sc_hd__maj3_1)
   0.1958    5.1654 ^ _4016_/X (sky130_fd_sc_hd__maj3_1)
   0.1945    5.3598 ^ _4023_/X (sky130_fd_sc_hd__maj3_1)
   0.2067    5.5666 ^ _4031_/X (sky130_fd_sc_hd__maj3_1)
   0.4776    6.0442 v _4050_/X (sky130_fd_sc_hd__or3b_2)
   0.2494    6.2936 ^ _4076_/Y (sky130_fd_sc_hd__a211oi_1)
   0.1698    6.4634 v _4091_/Y (sky130_fd_sc_hd__o211ai_1)
   0.2264    6.6898 ^ _4112_/Y (sky130_fd_sc_hd__a211oi_1)
   0.1116    6.8014 v _4114_/Y (sky130_fd_sc_hd__a211oi_1)
   0.4155    7.2169 v _4129_/X (sky130_fd_sc_hd__o32a_1)
   0.3405    7.5574 v _4143_/X (sky130_fd_sc_hd__o31a_1)
   0.3361    7.8935 v _4156_/X (sky130_fd_sc_hd__o31a_1)
   0.3844    8.2779 v _4167_/X (sky130_fd_sc_hd__or3_1)
   0.1909    8.4688 ^ _4172_/Y (sky130_fd_sc_hd__a21oi_1)
   0.1304    8.5992 v _4184_/Y (sky130_fd_sc_hd__a21oi_1)
   0.3668    8.9660 v _4199_/X (sky130_fd_sc_hd__o32a_1)
   0.3125    9.2785 v _4202_/X (sky130_fd_sc_hd__or2_2)
   0.1895    9.4680 ^ _4211_/Y (sky130_fd_sc_hd__o32ai_1)
   0.1090    9.5770 v _4218_/Y (sky130_fd_sc_hd__nand2_1)
   0.1906    9.7676 ^ _4225_/Y (sky130_fd_sc_hd__o22ai_1)
   0.1768    9.9444 ^ _4231_/X (sky130_fd_sc_hd__lpflow_isobufsrc_1)
   0.1401   10.0844 ^ _4239_/X (sky130_fd_sc_hd__lpflow_isobufsrc_1)
   0.0754   10.1598 v _4240_/Y (sky130_fd_sc_hd__nor2_1)
   0.2124   10.3722 ^ _4252_/Y (sky130_fd_sc_hd__nor3_1)
   0.1517   10.5239 v _4256_/Y (sky130_fd_sc_hd__o21ai_0)
   0.2338   10.7578 v _4265_/X (sky130_fd_sc_hd__o22a_1)
   0.1609   10.9187 ^ _4268_/Y (sky130_fd_sc_hd__xnor2_1)
   0.0787   10.9973 v _4270_/Y (sky130_fd_sc_hd__a21oi_1)
   0.0035   11.0008 v _5658_/D (sky130_fd_sc_hd__dfxtp_1)
            11.0008   data arrival time

  20.0000   20.0000   clock clock (rise edge)
   0.0000   20.0000   clock network delay (ideal)
   0.0000   20.0000   clock reconvergence pessimism
            20.0000 ^ _5658_/CLK (sky130_fd_sc_hd__dfxtp_1)
  -0.1343   19.8657   library setup time
            19.8657   data required time
-------------------------------------------------------------
            19.8657   data required time
           -11.0008   data arrival time
-------------------------------------------------------------
             8.8649   slack (MET)


Startpoint: meta_0/meta_0_ext/mem_0_0
            (rising edge-triggered flip-flop clocked by clock)
Endpoint: _5480_ (rising edge-triggered flip-flop clocked by clock)
Path Group: clock
Path Type: max

    Delay      Time   Description
-------------------------------------------------------------
   0.0000    0.0000   clock clock (rise edge)
   0.0000    0.0000   clock network delay (ideal)
   0.0000    0.0000 ^ meta_0/meta_0_ext/mem_0_0/R0_clk (cacti_meta_0_ext)
   3.0776    3.0776 v meta_0/meta_0_ext/mem_0_0/R0_data[41] (cacti_meta_0_ext)
   0.1303    3.2079 ^ _2542_/Y (sky130_fd_sc_hd__xnor2_1)
   0.1169    3.3248 v _2543_/Y (sky130_fd_sc_hd__o221ai_1)
   0.3629    3.6877 ^ _2544_/Y (sky130_fd_sc_hd__a2111oi_0)
   0.1577    3.8454 v _3329_/Y (sky130_fd_sc_hd__nand4_1)
   0.3806    4.2260 v _3339_/X (sky130_fd_sc_hd__or3_1)
   0.2747    4.5007 ^ _3340_/Y (sky130_fd_sc_hd__a21oi_1)
   0.1914    4.6921 v _3348_/Y (sky130_fd_sc_hd__o21ai_0)
   0.3897    5.0819 v _3357_/X (sky130_fd_sc_hd__maj3_1)
   0.3712    5.4531 v _3363_/X (sky130_fd_sc_hd__maj3_1)
   0.2174    5.6705 v _3373_/X (sky130_fd_sc_hd__o21a_1)
   0.2172    5.8877 v _3383_/X (sky130_fd_sc_hd__o21a_1)
   0.2744    6.1621 ^ _3404_/Y (sky130_fd_sc_hd__o31ai_1)
   0.1257    6.2878 v _3426_/Y (sky130_fd_sc_hd__o211ai_1)
   0.2165    6.5043 ^ _3441_/Y (sky130_fd_sc_hd__a211oi_1)
   0.1024    6.6067 v _3444_/Y (sky130_fd_sc_hd__nor2_1)
   0.4015    7.0083 v _3459_/X (sky130_fd_sc_hd__or3_1)
   0.2474    7.2556 ^ _3481_/Y (sky130_fd_sc_hd__a211oi_1)
   0.1503    7.4060 v _3498_/Y (sky130_fd_sc_hd__o211ai_1)
   0.1947    7.6007 v _3503_/X (sky130_fd_sc_hd__a21o_1)
   0.2103    7.8110 v _3514_/X (sky130_fd_sc_hd__o32a_1)
   0.3785    8.1894 ^ _3527_/Y (sky130_fd_sc_hd__o32ai_1)
   0.1082    8.2976 v _3534_/Y (sky130_fd_sc_hd__nand2_1)
   0.1840    8.4816 ^ _3541_/Y (sky130_fd_sc_hd__o32ai_1)
   0.1149    8.5965 v _3547_/Y (sky130_fd_sc_hd__nand2_1)
   0.2099    8.8063 v _3557_/X (sky130_fd_sc_hd__o32a_1)
   0.1912    8.9976 ^ _3570_/Y (sky130_fd_sc_hd__nor3_1)
   0.0768    9.0744 v _3573_/Y (sky130_fd_sc_hd__nor2_1)
   0.3153    9.3897 v _3576_/X (sky130_fd_sc_hd__or2_2)
   0.5426    9.9323 v _3601_/X (sky130_fd_sc_hd__or4_1)
   0.2077   10.1400 ^ _3606_/Y (sky130_fd_sc_hd__a31oi_1)
   0.2053   10.3453 ^ _3619_/X (sky130_fd_sc_hd__a22o_1)
   0.0667   10.4119 v _3625_/Y (sky130_fd_sc_hd__nand2_1)
   0.2428   10.6547 v _3633_/X (sky130_fd_sc_hd__o22a_1)
   0.1609   10.8157 ^ _3635_/Y (sky130_fd_sc_hd__xnor2_1)
   0.0791   10.8948 v _3637_/Y (sky130_fd_sc_hd__a21oi_1)
   0.0035   10.8982 v _5480_/D (sky130_fd_sc_hd__dfxtp_1)
            10.8982   data arrival time

  20.0000   20.0000   clock clock (rise edge)
   0.0000   20.0000   clock network delay (ideal)
   0.0000   20.0000   clock reconvergence pessimism
            20.0000 ^ _5480_/CLK (sky130_fd_sc_hd__dfxtp_1)
  -0.1345   19.8655   library setup time
            19.8655   data required time
-------------------------------------------------------------
            19.8655   data required time
           -10.8982   data arrival time
-------------------------------------------------------------
             8.9673   slack (MET)


Startpoint: meta_0/meta_0_ext/mem_0_0
            (rising edge-triggered flip-flop clocked by clock)
Endpoint: _5657_ (rising edge-triggered flip-flop clocked by clock)
Path Group: clock
Path Type: max

    Delay      Time   Description
-------------------------------------------------------------
   0.0000    0.0000   clock clock (rise edge)
   0.0000    0.0000   clock network delay (ideal)
   0.0000    0.0000 ^ meta_0/meta_0_ext/mem_0_0/R0_clk (cacti_meta_0_ext)
   3.0776    3.0776 v meta_0/meta_0_ext/mem_0_0/R0_data[98] (cacti_meta_0_ext)
   0.1401    3.2177 v _2718_/X (sky130_fd_sc_hd__xor2_1)
   0.2064    3.4242 ^ _2719_/Y (sky130_fd_sc_hd__a221oi_1)
   0.1073    3.5315 v _2720_/Y (sky130_fd_sc_hd__nand3_1)
   0.3970    3.9284 ^ _2721_/Y (sky130_fd_sc_hd__nor4_1)
   0.3298    4.2582 v _2749_/Y (sky130_fd_sc_hd__nand2_1)
   0.2915    4.5497 ^ _4004_/Y (sky130_fd_sc_hd__mux2i_1)
   0.1796    4.7292 ^ _4005_/Y (sky130_fd_sc_hd__xnor2_1)
   0.2404    4.9696 ^ _4008_/X (sky130_fd_sc_hd__maj3_1)
   0.1958    5.1654 ^ _4016_/X (sky130_fd_sc_hd__maj3_1)
   0.1945    5.3598 ^ _4023_/X (sky130_fd_sc_hd__maj3_1)
   0.2067    5.5666 ^ _4031_/X (sky130_fd_sc_hd__maj3_1)
   0.4776    6.0442 v _4050_/X (sky130_fd_sc_hd__or3b_2)
   0.2494    6.2936 ^ _4076_/Y (sky130_fd_sc_hd__a211oi_1)
   0.1698    6.4634 v _4091_/Y (sky130_fd_sc_hd__o211ai_1)
   0.2264    6.6898 ^ _4112_/Y (sky130_fd_sc_hd__a211oi_1)
   0.1116    6.8014 v _4114_/Y (sky130_fd_sc_hd__a211oi_1)
   0.4155    7.2169 v _4129_/X (sky130_fd_sc_hd__o32a_1)
   0.3405    7.5574 v _4143_/X (sky130_fd_sc_hd__o31a_1)
   0.3361    7.8935 v _4156_/X (sky130_fd_sc_hd__o31a_1)
   0.3844    8.2779 v _4167_/X (sky130_fd_sc_hd__or3_1)
   0.1909    8.4688 ^ _4172_/Y (sky130_fd_sc_hd__a21oi_1)
   0.1304    8.5992 v _4184_/Y (sky130_fd_sc_hd__a21oi_1)
   0.3668    8.9660 v _4199_/X (sky130_fd_sc_hd__o32a_1)
   0.3125    9.2785 v _4202_/X (sky130_fd_sc_hd__or2_2)
   0.1895    9.4680 ^ _4211_/Y (sky130_fd_sc_hd__o32ai_1)
   0.1090    9.5770 v _4218_/Y (sky130_fd_sc_hd__nand2_1)
   0.1906    9.7676 ^ _4225_/Y (sky130_fd_sc_hd__o22ai_1)
   0.1768    9.9444 ^ _4231_/X (sky130_fd_sc_hd__lpflow_isobufsrc_1)
   0.1401   10.0844 ^ _4239_/X (sky130_fd_sc_hd__lpflow_isobufsrc_1)
   0.0754   10.1598 v _4240_/Y (sky130_fd_sc_hd__nor2_1)
   0.2124   10.3722 ^ _4252_/Y (sky130_fd_sc_hd__nor3_1)
   0.1517   10.5239 v _4256_/Y (sky130_fd_sc_hd__o21ai_0)
   0.1172   10.6411 ^ _4259_/Y (sky130_fd_sc_hd__o21ai_0)
   0.1656   10.8067 ^ _4262_/X (sky130_fd_sc_hd__xor2_1)
   0.0775   10.8842 v _4264_/Y (sky130_fd_sc_hd__a21oi_1)
   0.0035   10.8877 v _5657_/D (sky130_fd_sc_hd__dfxtp_1)
            10.8877   data arrival time

  20.0000   20.0000   clock clock (rise edge)
   0.0000   20.0000   clock network delay (ideal)
   0.0000   20.0000   clock reconvergence pessimism
            20.0000 ^ _5657_/CLK (sky130_fd_sc_hd__dfxtp_1)
  -0.1343   19.8657   library setup time
            19.8657   data required time
-------------------------------------------------------------
            19.8657   data required time
           -10.8877   data arrival time
-------------------------------------------------------------
             8.9780   slack (MET)


Startpoint: meta_0/meta_0_ext/mem_0_0
            (rising edge-triggered flip-flop clocked by clock)
Endpoint: _5392_ (rising edge-triggered flip-flop clocked by clock)
Path Group: clock
Path Type: max

    Delay      Time   Description
-------------------------------------------------------------
   0.0000    0.0000   clock clock (rise edge)
   0.0000    0.0000   clock network delay (ideal)
   0.0000    0.0000 ^ meta_0/meta_0_ext/mem_0_0/R0_clk (cacti_meta_0_ext)
   3.0776    3.0776 v meta_0/meta_0_ext/mem_0_0/R0_data[11] (cacti_meta_0_ext)
   0.1321    3.2097 ^ _2460_/Y (sky130_fd_sc_hd__xnor2_1)
   0.1064    3.3161 v _2461_/Y (sky130_fd_sc_hd__nand4_1)
   0.2588    3.5749 ^ _2466_/Y (sky130_fd_sc_hd__nor4_1)
   0.1148    3.6897 v _2467_/Y (sky130_fd_sc_hd__nand4_1)
   0.3668    4.0565 v _2486_/X (sky130_fd_sc_hd__or3_1)
   0.2504    4.3069 v _2487_/X (sky130_fd_sc_hd__clkbuf_1)
   0.2764    4.5833 ^ _3037_/Y (sky130_fd_sc_hd__mux2i_1)
   0.1820    4.7653 ^ _3038_/Y (sky130_fd_sc_hd__xnor2_1)
   0.1284    4.8937 v _3044_/Y (sky130_fd_sc_hd__a21oi_1)
   0.3640    5.2577 v _3051_/X (sky130_fd_sc_hd__maj3_1)
   0.2606    5.5183 ^ _3065_/Y (sky130_fd_sc_hd__a21boi_0)
   0.1436    5.6618 v _3069_/Y (sky130_fd_sc_hd__a21oi_1)
   0.3713    6.0331 v _3076_/X (sky130_fd_sc_hd__maj3_1)
   0.3880    6.4211 v _3083_/X (sky130_fd_sc_hd__maj3_1)
   0.2659    6.6870 v _3102_/X (sky130_fd_sc_hd__a211o_1)
   0.1219    6.8089 ^ _3103_/Y (sky130_fd_sc_hd__o21ai_0)
   0.1433    6.9522 v _3115_/Y (sky130_fd_sc_hd__a21oi_1)
   0.2004    7.1526 ^ _3120_/Y (sky130_fd_sc_hd__o21bai_1)
   0.1394    7.2920 v _3129_/Y (sky130_fd_sc_hd__o21ai_0)
   0.2235    7.5155 v _3132_/X (sky130_fd_sc_hd__a21o_1)
   0.1320    7.6474 ^ _3145_/Y (sky130_fd_sc_hd__nor2_1)
   0.0958    7.7433 v _3163_/Y (sky130_fd_sc_hd__nand2_1)
   0.3409    8.0842 v _3177_/X (sky130_fd_sc_hd__a311o_1)
   0.3917    8.4759 v _3190_/X (sky130_fd_sc_hd__or3_1)
   0.2971    8.7730 ^ _3193_/Y (sky130_fd_sc_hd__a31oi_1)
   0.1109    8.8839 v _3216_/Y (sky130_fd_sc_hd__nand2_1)
   0.2080    9.0919 ^ _3219_/Y (sky130_fd_sc_hd__a21oi_1)
   0.2042    9.2961 ^ _3242_/Y (sky130_fd_sc_hd__nor3b_1)
   0.1168    9.4129 v _3245_/Y (sky130_fd_sc_hd__a21oi_1)
   0.1485    9.5614 ^ _3250_/Y (sky130_fd_sc_hd__nor2_1)
   0.0990    9.6604 v _3273_/Y (sky130_fd_sc_hd__a21oi_1)
   0.1545    9.8149 v _3279_/Y (sky130_fd_sc_hd__nand2b_1)
   0.3170   10.1319 v _3287_/X (sky130_fd_sc_hd__or2_2)
   0.3414   10.4733 ^ _3299_/Y (sky130_fd_sc_hd__o31ai_1)
   0.1492   10.6226 v _3307_/Y (sky130_fd_sc_hd__a21oi_1)
   0.1753   10.7979 ^ _3309_/Y (sky130_fd_sc_hd__xnor2_1)
   0.0787   10.8765 v _3311_/Y (sky130_fd_sc_hd__a21oi_1)
   0.0035   10.8800 v _5392_/D (sky130_fd_sc_hd__dfxtp_1)
            10.8800   data arrival time

  20.0000   20.0000   clock clock (rise edge)
   0.0000   20.0000   clock network delay (ideal)
   0.0000   20.0000   clock reconvergence pessimism
            20.0000 ^ _5392_/CLK (sky130_fd_sc_hd__dfxtp_1)
  -0.1345   19.8655   library setup time
            19.8655   data required time
-------------------------------------------------------------
            19.8655   data required time
           -10.8800   data arrival time
-------------------------------------------------------------
             8.9855   slack (MET)


Startpoint: meta_0/meta_0_ext/mem_0_0
            (rising edge-triggered flip-flop clocked by clock)
Endpoint: _5656_ (rising edge-triggered flip-flop clocked by clock)
Path Group: clock
Path Type: max

    Delay      Time   Description
-------------------------------------------------------------
   0.0000    0.0000   clock clock (rise edge)
   0.0000    0.0000   clock network delay (ideal)
   0.0000    0.0000 ^ meta_0/meta_0_ext/mem_0_0/R0_clk (cacti_meta_0_ext)
   3.0776    3.0776 v meta_0/meta_0_ext/mem_0_0/R0_data[98] (cacti_meta_0_ext)
   0.1401    3.2177 v _2718_/X (sky130_fd_sc_hd__xor2_1)
   0.2064    3.4242 ^ _2719_/Y (sky130_fd_sc_hd__a221oi_1)
   0.1073    3.5315 v _2720_/Y (sky130_fd_sc_hd__nand3_1)
   0.3970    3.9284 ^ _2721_/Y (sky130_fd_sc_hd__nor4_1)
   0.3298    4.2582 v _2749_/Y (sky130_fd_sc_hd__nand2_1)
   0.2915    4.5497 ^ _4004_/Y (sky130_fd_sc_hd__mux2i_1)
   0.1796    4.7292 ^ _4005_/Y (sky130_fd_sc_hd__xnor2_1)
   0.2404    4.9696 ^ _4008_/X (sky130_fd_sc_hd__maj3_1)
   0.1958    5.1654 ^ _4016_/X (sky130_fd_sc_hd__maj3_1)
   0.1945    5.3598 ^ _4023_/X (sky130_fd_sc_hd__maj3_1)
   0.2067    5.5666 ^ _4031_/X (sky130_fd_sc_hd__maj3_1)
   0.4776    6.0442 v _4050_/X (sky130_fd_sc_hd__or3b_2)
   0.2494    6.2936 ^ _4076_/Y (sky130_fd_sc_hd__a211oi_1)
   0.1698    6.4634 v _4091_/Y (sky130_fd_sc_hd__o211ai_1)
   0.2264    6.6898 ^ _4112_/Y (sky130_fd_sc_hd__a211oi_1)
   0.1116    6.8014 v _4114_/Y (sky130_fd_sc_hd__a211oi_1)
   0.4155    7.2169 v _4129_/X (sky130_fd_sc_hd__o32a_1)
   0.3405    7.5574 v _4143_/X (sky130_fd_sc_hd__o31a_1)
   0.3361    7.8935 v _4156_/X (sky130_fd_sc_hd__o31a_1)
   0.3844    8.2779 v _4167_/X (sky130_fd_sc_hd__or3_1)
   0.1909    8.4688 ^ _4172_/Y (sky130_fd_sc_hd__a21oi_1)
   0.1304    8.5992 v _4184_/Y (sky130_fd_sc_hd__a21oi_1)
   0.3668    8.9660 v _4199_/X (sky130_fd_sc_hd__o32a_1)
   0.3125    9.2785 v _4202_/X (sky130_fd_sc_hd__or2_2)
   0.1895    9.4680 ^ _4211_/Y (sky130_fd_sc_hd__o32ai_1)
   0.1090    9.5770 v _4218_/Y (sky130_fd_sc_hd__nand2_1)
   0.1906    9.7676 ^ _4225_/Y (sky130_fd_sc_hd__o22ai_1)
   0.1768    9.9444 ^ _4231_/X (sky130_fd_sc_hd__lpflow_isobufsrc_1)
   0.1401   10.0844 ^ _4239_/X (sky130_fd_sc_hd__lpflow_isobufsrc_1)
   0.0754   10.1598 v _4240_/Y (sky130_fd_sc_hd__nor2_1)
   0.2124   10.3722 ^ _4252_/Y (sky130_fd_sc_hd__nor3_1)
   0.1517   10.5239 v _4256_/Y (sky130_fd_sc_hd__o21ai_0)
   0.1144   10.6383 ^ _4257_/Y (sky130_fd_sc_hd__o311ai_0)
   0.1230   10.7613 v _4258_/Y (sky130_fd_sc_hd__o21ai_0)
   0.0035   10.7648 v _5656_/D (sky130_fd_sc_hd__dfxtp_1)
            10.7648   data arrival time

  20.0000   20.0000   clock clock (rise edge)
   0.0000   20.0000   clock network delay (ideal)
   0.0000   20.0000   clock reconvergence pessimism
            20.0000 ^ _5656_/CLK (sky130_fd_sc_hd__dfxtp_1)
  -0.1370   19.8630   library setup time
            19.8630   data required time
-------------------------------------------------------------
            19.8630   data required time
           -10.7648   data arrival time
-------------------------------------------------------------
             9.0982   slack (MET)


Startpoint: meta_0/meta_0_ext/mem_0_0
            (rising edge-triggered flip-flop clocked by clock)
Endpoint: _5479_ (rising edge-triggered flip-flop clocked by clock)
Path Group: clock
Path Type: max

    Delay      Time   Description
-------------------------------------------------------------
   0.0000    0.0000   clock clock (rise edge)
   0.0000    0.0000   clock network delay (ideal)
   0.0000    0.0000 ^ meta_0/meta_0_ext/mem_0_0/R0_clk (cacti_meta_0_ext)
   3.0776    3.0776 v meta_0/meta_0_ext/mem_0_0/R0_data[41] (cacti_meta_0_ext)
   0.1303    3.2079 ^ _2542_/Y (sky130_fd_sc_hd__xnor2_1)
   0.1169    3.3248 v _2543_/Y (sky130_fd_sc_hd__o221ai_1)
   0.3629    3.6877 ^ _2544_/Y (sky130_fd_sc_hd__a2111oi_0)
   0.1577    3.8454 v _3329_/Y (sky130_fd_sc_hd__nand4_1)
   0.3806    4.2260 v _3339_/X (sky130_fd_sc_hd__or3_1)
   0.2747    4.5007 ^ _3340_/Y (sky130_fd_sc_hd__a21oi_1)
   0.1914    4.6921 v _3348_/Y (sky130_fd_sc_hd__o21ai_0)
   0.3897    5.0819 v _3357_/X (sky130_fd_sc_hd__maj3_1)
   0.3712    5.4531 v _3363_/X (sky130_fd_sc_hd__maj3_1)
   0.2174    5.6705 v _3373_/X (sky130_fd_sc_hd__o21a_1)
   0.2172    5.8877 v _3383_/X (sky130_fd_sc_hd__o21a_1)
   0.2744    6.1621 ^ _3404_/Y (sky130_fd_sc_hd__o31ai_1)
   0.1257    6.2878 v _3426_/Y (sky130_fd_sc_hd__o211ai_1)
   0.2165    6.5043 ^ _3441_/Y (sky130_fd_sc_hd__a211oi_1)
   0.1024    6.6067 v _3444_/Y (sky130_fd_sc_hd__nor2_1)
   0.4015    7.0083 v _3459_/X (sky130_fd_sc_hd__or3_1)
   0.2474    7.2556 ^ _3481_/Y (sky130_fd_sc_hd__a211oi_1)
   0.1503    7.4060 v _3498_/Y (sky130_fd_sc_hd__o211ai_1)
   0.1947    7.6007 v _3503_/X (sky130_fd_sc_hd__a21o_1)
   0.2103    7.8110 v _3514_/X (sky130_fd_sc_hd__o32a_1)
   0.3785    8.1894 ^ _3527_/Y (sky130_fd_sc_hd__o32ai_1)
   0.1082    8.2976 v _3534_/Y (sky130_fd_sc_hd__nand2_1)
   0.1840    8.4816 ^ _3541_/Y (sky130_fd_sc_hd__o32ai_1)
   0.1149    8.5965 v _3547_/Y (sky130_fd_sc_hd__nand2_1)
   0.2099    8.8063 v _3557_/X (sky130_fd_sc_hd__o32a_1)
   0.1912    8.9976 ^ _3570_/Y (sky130_fd_sc_hd__nor3_1)
   0.0768    9.0744 v _3573_/Y (sky130_fd_sc_hd__nor2_1)
   0.3153    9.3897 v _3576_/X (sky130_fd_sc_hd__or2_2)
   0.5426    9.9323 v _3601_/X (sky130_fd_sc_hd__or4_1)
   0.2077   10.1400 ^ _3606_/Y (sky130_fd_sc_hd__a31oi_1)
   0.2053   10.3453 ^ _3619_/X (sky130_fd_sc_hd__a22o_1)
   0.0667   10.4119 v _3625_/Y (sky130_fd_sc_hd__nand2_1)
   0.0963   10.5083 ^ _3626_/Y (sky130_fd_sc_hd__o21ai_0)
   0.1656   10.6739 ^ _3629_/X (sky130_fd_sc_hd__xor2_1)
   0.0775   10.7514 v _3631_/Y (sky130_fd_sc_hd__a21oi_1)
   0.0035   10.7549 v _5479_/D (sky130_fd_sc_hd__dfxtp_1)
            10.7549   data arrival time

  20.0000   20.0000   clock clock (rise edge)
   0.0000   20.0000   clock network delay (ideal)
   0.0000   20.0000   clock reconvergence pessimism
            20.0000 ^ _5479_/CLK (sky130_fd_sc_hd__dfxtp_1)
  -0.1345   19.8655   library setup time
            19.8655   data required time
-------------------------------------------------------------
            19.8655   data required time
           -10.7549   data arrival time
-------------------------------------------------------------
             9.1106   slack (MET)


Startpoint: meta_0/meta_0_ext/mem_0_0
            (rising edge-triggered flip-flop clocked by clock)
Endpoint: _5391_ (rising edge-triggered flip-flop clocked by clock)
Path Group: clock
Path Type: max

    Delay      Time   Description
-------------------------------------------------------------
   0.0000    0.0000   clock clock (rise edge)
   0.0000    0.0000   clock network delay (ideal)
   0.0000    0.0000 ^ meta_0/meta_0_ext/mem_0_0/R0_clk (cacti_meta_0_ext)
   3.0776    3.0776 v meta_0/meta_0_ext/mem_0_0/R0_data[11] (cacti_meta_0_ext)
   0.1321    3.2097 ^ _2460_/Y (sky130_fd_sc_hd__xnor2_1)
   0.1064    3.3161 v _2461_/Y (sky130_fd_sc_hd__nand4_1)
   0.2588    3.5749 ^ _2466_/Y (sky130_fd_sc_hd__nor4_1)
   0.1148    3.6897 v _2467_/Y (sky130_fd_sc_hd__nand4_1)
   0.3668    4.0565 v _2486_/X (sky130_fd_sc_hd__or3_1)
   0.2504    4.3069 v _2487_/X (sky130_fd_sc_hd__clkbuf_1)
   0.2764    4.5833 ^ _3037_/Y (sky130_fd_sc_hd__mux2i_1)
   0.1820    4.7653 ^ _3038_/Y (sky130_fd_sc_hd__xnor2_1)
   0.1284    4.8937 v _3044_/Y (sky130_fd_sc_hd__a21oi_1)
   0.3640    5.2577 v _3051_/X (sky130_fd_sc_hd__maj3_1)
   0.2606    5.5183 ^ _3065_/Y (sky130_fd_sc_hd__a21boi_0)
   0.1436    5.6618 v _3069_/Y (sky130_fd_sc_hd__a21oi_1)
   0.3713    6.0331 v _3076_/X (sky130_fd_sc_hd__maj3_1)
   0.3880    6.4211 v _3083_/X (sky130_fd_sc_hd__maj3_1)
   0.2659    6.6870 v _3102_/X (sky130_fd_sc_hd__a211o_1)
   0.1219    6.8089 ^ _3103_/Y (sky130_fd_sc_hd__o21ai_0)
   0.1433    6.9522 v _3115_/Y (sky130_fd_sc_hd__a21oi_1)
   0.2004    7.1526 ^ _3120_/Y (sky130_fd_sc_hd__o21bai_1)
   0.1394    7.2920 v _3129_/Y (sky130_fd_sc_hd__o21ai_0)
   0.2235    7.5155 v _3132_/X (sky130_fd_sc_hd__a21o_1)
   0.1320    7.6474 ^ _3145_/Y (sky130_fd_sc_hd__nor2_1)
   0.0958    7.7433 v _3163_/Y (sky130_fd_sc_hd__nand2_1)
   0.3409    8.0842 v _3177_/X (sky130_fd_sc_hd__a311o_1)
   0.3917    8.4759 v _3190_/X (sky130_fd_sc_hd__or3_1)
   0.2971    8.7730 ^ _3193_/Y (sky130_fd_sc_hd__a31oi_1)
   0.1109    8.8839 v _3216_/Y (sky130_fd_sc_hd__nand2_1)
   0.2080    9.0919 ^ _3219_/Y (sky130_fd_sc_hd__a21oi_1)
   0.2042    9.2961 ^ _3242_/Y (sky130_fd_sc_hd__nor3b_1)
   0.1168    9.4129 v _3245_/Y (sky130_fd_sc_hd__a21oi_1)
   0.1485    9.5614 ^ _3250_/Y (sky130_fd_sc_hd__nor2_1)
   0.0990    9.6604 v _3273_/Y (sky130_fd_sc_hd__a21oi_1)
   0.1545    9.8149 v _3279_/Y (sky130_fd_sc_hd__nand2b_1)
   0.3170   10.1319 v _3287_/X (sky130_fd_sc_hd__or2_2)
   0.3414   10.4733 ^ _3299_/Y (sky130_fd_sc_hd__o31ai_1)
   0.1620   10.6354 ^ _3304_/Y (sky130_fd_sc_hd__xnor2_1)
   0.0787   10.7140 v _3306_/Y (sky130_fd_sc_hd__a21oi_1)
   0.0035   10.7175 v _5391_/D (sky130_fd_sc_hd__dfxtp_1)
            10.7175   data arrival time

  20.0000   20.0000   clock clock (rise edge)
   0.0000   20.0000   clock network delay (ideal)
   0.0000   20.0000   clock reconvergence pessimism
            20.0000 ^ _5391_/CLK (sky130_fd_sc_hd__dfxtp_1)
  -0.1345   19.8655   library setup time
            19.8655   data required time
-------------------------------------------------------------
            19.8655   data required time
           -10.7175   data arrival time
-------------------------------------------------------------
             9.1480   slack (MET)


Startpoint: meta_0/meta_0_ext/mem_0_0
            (rising edge-triggered flip-flop clocked by clock)
Endpoint: _5390_ (rising edge-triggered flip-flop clocked by clock)
Path Group: clock
Path Type: max

    Delay      Time   Description
-------------------------------------------------------------
   0.0000    0.0000   clock clock (rise edge)
   0.0000    0.0000   clock network delay (ideal)
   0.0000    0.0000 ^ meta_0/meta_0_ext/mem_0_0/R0_clk (cacti_meta_0_ext)
   3.0776    3.0776 v meta_0/meta_0_ext/mem_0_0/R0_data[11] (cacti_meta_0_ext)
   0.1321    3.2097 ^ _2460_/Y (sky130_fd_sc_hd__xnor2_1)
   0.1064    3.3161 v _2461_/Y (sky130_fd_sc_hd__nand4_1)
   0.2588    3.5749 ^ _2466_/Y (sky130_fd_sc_hd__nor4_1)
   0.1148    3.6897 v _2467_/Y (sky130_fd_sc_hd__nand4_1)
   0.3668    4.0565 v _2486_/X (sky130_fd_sc_hd__or3_1)
   0.2504    4.3069 v _2487_/X (sky130_fd_sc_hd__clkbuf_1)
   0.2764    4.5833 ^ _3037_/Y (sky130_fd_sc_hd__mux2i_1)
   0.1820    4.7653 ^ _3038_/Y (sky130_fd_sc_hd__xnor2_1)
   0.1284    4.8937 v _3044_/Y (sky130_fd_sc_hd__a21oi_1)
   0.3640    5.2577 v _3051_/X (sky130_fd_sc_hd__maj3_1)
   0.2606    5.5183 ^ _3065_/Y (sky130_fd_sc_hd__a21boi_0)
   0.1436    5.6618 v _3069_/Y (sky130_fd_sc_hd__a21oi_1)
   0.3713    6.0331 v _3076_/X (sky130_fd_sc_hd__maj3_1)
   0.3880    6.4211 v _3083_/X (sky130_fd_sc_hd__maj3_1)
   0.2659    6.6870 v _3102_/X (sky130_fd_sc_hd__a211o_1)
   0.1219    6.8089 ^ _3103_/Y (sky130_fd_sc_hd__o21ai_0)
   0.1433    6.9522 v _3115_/Y (sky130_fd_sc_hd__a21oi_1)
   0.2004    7.1526 ^ _3120_/Y (sky130_fd_sc_hd__o21bai_1)
   0.1394    7.2920 v _3129_/Y (sky130_fd_sc_hd__o21ai_0)
   0.2235    7.5155 v _3132_/X (sky130_fd_sc_hd__a21o_1)
   0.1320    7.6474 ^ _3145_/Y (sky130_fd_sc_hd__nor2_1)
   0.0958    7.7433 v _3163_/Y (sky130_fd_sc_hd__nand2_1)
   0.3409    8.0842 v _3177_/X (sky130_fd_sc_hd__a311o_1)
   0.3917    8.4759 v _3190_/X (sky130_fd_sc_hd__or3_1)
   0.2971    8.7730 ^ _3193_/Y (sky130_fd_sc_hd__a31oi_1)
   0.1109    8.8839 v _3216_/Y (sky130_fd_sc_hd__nand2_1)
   0.2080    9.0919 ^ _3219_/Y (sky130_fd_sc_hd__a21oi_1)
   0.2042    9.2961 ^ _3242_/Y (sky130_fd_sc_hd__nor3b_1)
   0.1168    9.4129 v _3245_/Y (sky130_fd_sc_hd__a21oi_1)
   0.1485    9.5614 ^ _3250_/Y (sky130_fd_sc_hd__nor2_1)
   0.0990    9.6604 v _3273_/Y (sky130_fd_sc_hd__a21oi_1)
   0.1545    9.8149 v _3279_/Y (sky130_fd_sc_hd__nand2b_1)
   0.3170   10.1319 v _3287_/X (sky130_fd_sc_hd__or2_2)
   0.1849   10.3169 ^ _3289_/Y (sky130_fd_sc_hd__a21oi_1)
   0.0712   10.3880 v _3293_/Y (sky130_fd_sc_hd__a21oi_1)
   0.1787   10.5667 ^ _3295_/Y (sky130_fd_sc_hd__xnor2_1)
   0.0787   10.6454 v _3297_/Y (sky130_fd_sc_hd__a21oi_1)
   0.0035   10.6489 v _5390_/D (sky130_fd_sc_hd__dfxtp_1)
            10.6489   data arrival time

  20.0000   20.0000   clock clock (rise edge)
   0.0000   20.0000   clock network delay (ideal)
   0.0000   20.0000   clock reconvergence pessimism
            20.0000 ^ _5390_/CLK (sky130_fd_sc_hd__dfxtp_1)
  -0.1345   19.8655   library setup time
            19.8655   data required time
-------------------------------------------------------------
            19.8655   data required time
           -10.6489   data arrival time
-------------------------------------------------------------
             9.2166   slack (MET)


Startpoint: meta_0/meta_0_ext/mem_0_0
            (rising edge-triggered flip-flop clocked by clock)
Endpoint: _5477_ (rising edge-triggered flip-flop clocked by clock)
Path Group: clock
Path Type: max

    Delay      Time   Description
-------------------------------------------------------------
   0.0000    0.0000   clock clock (rise edge)
   0.0000    0.0000   clock network delay (ideal)
   0.0000    0.0000 ^ meta_0/meta_0_ext/mem_0_0/R0_clk (cacti_meta_0_ext)
   3.0776    3.0776 v meta_0/meta_0_ext/mem_0_0/R0_data[41] (cacti_meta_0_ext)
   0.1303    3.2079 ^ _2542_/Y (sky130_fd_sc_hd__xnor2_1)
   0.1169    3.3248 v _2543_/Y (sky130_fd_sc_hd__o221ai_1)
   0.3629    3.6877 ^ _2544_/Y (sky130_fd_sc_hd__a2111oi_0)
   0.1577    3.8454 v _3329_/Y (sky130_fd_sc_hd__nand4_1)
   0.3806    4.2260 v _3339_/X (sky130_fd_sc_hd__or3_1)
   0.2747    4.5007 ^ _3340_/Y (sky130_fd_sc_hd__a21oi_1)
   0.1914    4.6921 v _3348_/Y (sky130_fd_sc_hd__o21ai_0)
   0.3897    5.0819 v _3357_/X (sky130_fd_sc_hd__maj3_1)
   0.3712    5.4531 v _3363_/X (sky130_fd_sc_hd__maj3_1)
   0.2174    5.6705 v _3373_/X (sky130_fd_sc_hd__o21a_1)
   0.2172    5.8877 v _3383_/X (sky130_fd_sc_hd__o21a_1)
   0.2744    6.1621 ^ _3404_/Y (sky130_fd_sc_hd__o31ai_1)
   0.1257    6.2878 v _3426_/Y (sky130_fd_sc_hd__o211ai_1)
   0.2165    6.5043 ^ _3441_/Y (sky130_fd_sc_hd__a211oi_1)
   0.1024    6.6067 v _3444_/Y (sky130_fd_sc_hd__nor2_1)
   0.4015    7.0083 v _3459_/X (sky130_fd_sc_hd__or3_1)
   0.2474    7.2556 ^ _3481_/Y (sky130_fd_sc_hd__a211oi_1)
   0.1503    7.4060 v _3498_/Y (sky130_fd_sc_hd__o211ai_1)
   0.1947    7.6007 v _3503_/X (sky130_fd_sc_hd__a21o_1)
   0.2103    7.8110 v _3514_/X (sky130_fd_sc_hd__o32a_1)
   0.3785    8.1894 ^ _3527_/Y (sky130_fd_sc_hd__o32ai_1)
   0.1082    8.2976 v _3534_/Y (sky130_fd_sc_hd__nand2_1)
   0.1840    8.4816 ^ _3541_/Y (sky130_fd_sc_hd__o32ai_1)
   0.1149    8.5965 v _3547_/Y (sky130_fd_sc_hd__nand2_1)
   0.2099    8.8063 v _3557_/X (sky130_fd_sc_hd__o32a_1)
   0.1912    8.9976 ^ _3570_/Y (sky130_fd_sc_hd__nor3_1)
   0.0768    9.0744 v _3573_/Y (sky130_fd_sc_hd__nor2_1)
   0.3153    9.3897 v _3576_/X (sky130_fd_sc_hd__or2_2)
   0.5426    9.9323 v _3601_/X (sky130_fd_sc_hd__or4_1)
   0.2077   10.1400 ^ _3606_/Y (sky130_fd_sc_hd__a31oi_1)
   0.1960   10.3359 v _3611_/X (sky130_fd_sc_hd__o21ba_2)
   0.1584   10.4943 v _3614_/X (sky130_fd_sc_hd__xor2_1)
   0.1361   10.6305 ^ _3616_/Y (sky130_fd_sc_hd__a21oi_1)
   0.0035   10.6339 ^ _5477_/D (sky130_fd_sc_hd__dfxtp_1)
            10.6339   data arrival time

  20.0000   20.0000   clock clock (rise edge)
   0.0000   20.0000   clock network delay (ideal)
   0.0000   20.0000   clock reconvergence pessimism
            20.0000 ^ _5477_/CLK (sky130_fd_sc_hd__dfxtp_1)
  -0.0711   19.9289   library setup time
            19.9289   data required time
-------------------------------------------------------------
            19.9289   data required time
           -10.6339   data arrival time
-------------------------------------------------------------
             9.2950   slack (MET)


Startpoint: meta_0/meta_0_ext/mem_0_0
            (rising edge-triggered flip-flop clocked by clock)
Endpoint: _5655_ (rising edge-triggered flip-flop clocked by clock)
Path Group: clock
Path Type: max

    Delay      Time   Description
-------------------------------------------------------------
   0.0000    0.0000   clock clock (rise edge)
   0.0000    0.0000   clock network delay (ideal)
   0.0000    0.0000 ^ meta_0/meta_0_ext/mem_0_0/R0_clk (cacti_meta_0_ext)
   3.0776    3.0776 v meta_0/meta_0_ext/mem_0_0/R0_data[98] (cacti_meta_0_ext)
   0.1401    3.2177 v _2718_/X (sky130_fd_sc_hd__xor2_1)
   0.2064    3.4242 ^ _2719_/Y (sky130_fd_sc_hd__a221oi_1)
   0.1073    3.5315 v _2720_/Y (sky130_fd_sc_hd__nand3_1)
   0.3970    3.9284 ^ _2721_/Y (sky130_fd_sc_hd__nor4_1)
   0.3298    4.2582 v _2749_/Y (sky130_fd_sc_hd__nand2_1)
   0.2915    4.5497 ^ _4004_/Y (sky130_fd_sc_hd__mux2i_1)
   0.1796    4.7292 ^ _4005_/Y (sky130_fd_sc_hd__xnor2_1)
   0.2404    4.9696 ^ _4008_/X (sky130_fd_sc_hd__maj3_1)
   0.1958    5.1654 ^ _4016_/X (sky130_fd_sc_hd__maj3_1)
   0.1945    5.3598 ^ _4023_/X (sky130_fd_sc_hd__maj3_1)
   0.2067    5.5666 ^ _4031_/X (sky130_fd_sc_hd__maj3_1)
   0.4776    6.0442 v _4050_/X (sky130_fd_sc_hd__or3b_2)
   0.2494    6.2936 ^ _4076_/Y (sky130_fd_sc_hd__a211oi_1)
   0.1698    6.4634 v _4091_/Y (sky130_fd_sc_hd__o211ai_1)
   0.2264    6.6898 ^ _4112_/Y (sky130_fd_sc_hd__a211oi_1)
   0.1116    6.8014 v _4114_/Y (sky130_fd_sc_hd__a211oi_1)
   0.4155    7.2169 v _4129_/X (sky130_fd_sc_hd__o32a_1)
   0.3405    7.5574 v _4143_/X (sky130_fd_sc_hd__o31a_1)
   0.3361    7.8935 v _4156_/X (sky130_fd_sc_hd__o31a_1)
   0.3844    8.2779 v _4167_/X (sky130_fd_sc_hd__or3_1)
   0.1909    8.4688 ^ _4172_/Y (sky130_fd_sc_hd__a21oi_1)
   0.1304    8.5992 v _4184_/Y (sky130_fd_sc_hd__a21oi_1)
   0.3668    8.9660 v _4199_/X (sky130_fd_sc_hd__o32a_1)
   0.3125    9.2785 v _4202_/X (sky130_fd_sc_hd__or2_2)
   0.1895    9.4680 ^ _4211_/Y (sky130_fd_sc_hd__o32ai_1)
   0.1090    9.5770 v _4218_/Y (sky130_fd_sc_hd__nand2_1)
   0.1906    9.7676 ^ _4225_/Y (sky130_fd_sc_hd__o22ai_1)
   0.1768    9.9444 ^ _4231_/X (sky130_fd_sc_hd__lpflow_isobufsrc_1)
   0.1401   10.0844 ^ _4239_/X (sky130_fd_sc_hd__lpflow_isobufsrc_1)
   0.0754   10.1598 v _4240_/Y (sky130_fd_sc_hd__nor2_1)
   0.1590   10.3188 ^ _4246_/Y (sky130_fd_sc_hd__o22ai_1)
   0.1617   10.4805 ^ _4249_/X (sky130_fd_sc_hd__xor2_1)
   0.0775   10.5580 v _4251_/Y (sky130_fd_sc_hd__a21oi_1)
   0.0035   10.5615 v _5655_/D (sky130_fd_sc_hd__dfxtp_1)
            10.5615   data arrival time

  20.0000   20.0000   clock clock (rise edge)
   0.0000   20.0000   clock network delay (ideal)
   0.0000   20.0000   clock reconvergence pessimism
            20.0000 ^ _5655_/CLK (sky130_fd_sc_hd__dfxtp_1)
  -0.1345   19.8655   library setup time
            19.8655   data required time
-------------------------------------------------------------
            19.8655   data required time
           -10.5615   data arrival time
-------------------------------------------------------------
             9.3041   slack (MET)


Startpoint: meta_0/meta_0_ext/mem_0_0
            (rising edge-triggered flip-flop clocked by clock)
Endpoint: _5478_ (rising edge-triggered flip-flop clocked by clock)
Path Group: clock
Path Type: max

    Delay      Time   Description
-------------------------------------------------------------
   0.0000    0.0000   clock clock (rise edge)
   0.0000    0.0000   clock network delay (ideal)
   0.0000    0.0000 ^ meta_0/meta_0_ext/mem_0_0/R0_clk (cacti_meta_0_ext)
   3.0776    3.0776 v meta_0/meta_0_ext/mem_0_0/R0_data[41] (cacti_meta_0_ext)
   0.1303    3.2079 ^ _2542_/Y (sky130_fd_sc_hd__xnor2_1)
   0.1169    3.3248 v _2543_/Y (sky130_fd_sc_hd__o221ai_1)
   0.3629    3.6877 ^ _2544_/Y (sky130_fd_sc_hd__a2111oi_0)
   0.1577    3.8454 v _3329_/Y (sky130_fd_sc_hd__nand4_1)
   0.3806    4.2260 v _3339_/X (sky130_fd_sc_hd__or3_1)
   0.2747    4.5007 ^ _3340_/Y (sky130_fd_sc_hd__a21oi_1)
   0.1914    4.6921 v _3348_/Y (sky130_fd_sc_hd__o21ai_0)
   0.3897    5.0819 v _3357_/X (sky130_fd_sc_hd__maj3_1)
   0.3712    5.4531 v _3363_/X (sky130_fd_sc_hd__maj3_1)
   0.2174    5.6705 v _3373_/X (sky130_fd_sc_hd__o21a_1)
   0.2172    5.8877 v _3383_/X (sky130_fd_sc_hd__o21a_1)
   0.2744    6.1621 ^ _3404_/Y (sky130_fd_sc_hd__o31ai_1)
   0.1257    6.2878 v _3426_/Y (sky130_fd_sc_hd__o211ai_1)
   0.2165    6.5043 ^ _3441_/Y (sky130_fd_sc_hd__a211oi_1)
   0.1024    6.6067 v _3444_/Y (sky130_fd_sc_hd__nor2_1)
   0.4015    7.0083 v _3459_/X (sky130_fd_sc_hd__or3_1)
   0.2474    7.2556 ^ _3481_/Y (sky130_fd_sc_hd__a211oi_1)
   0.1503    7.4060 v _3498_/Y (sky130_fd_sc_hd__o211ai_1)
   0.1947    7.6007 v _3503_/X (sky130_fd_sc_hd__a21o_1)
   0.2103    7.8110 v _3514_/X (sky130_fd_sc_hd__o32a_1)
   0.3785    8.1894 ^ _3527_/Y (sky130_fd_sc_hd__o32ai_1)
   0.1082    8.2976 v _3534_/Y (sky130_fd_sc_hd__nand2_1)
   0.1840    8.4816 ^ _3541_/Y (sky130_fd_sc_hd__o32ai_1)
   0.1149    8.5965 v _3547_/Y (sky130_fd_sc_hd__nand2_1)
   0.2099    8.8063 v _3557_/X (sky130_fd_sc_hd__o32a_1)
   0.1912    8.9976 ^ _3570_/Y (sky130_fd_sc_hd__nor3_1)
   0.0768    9.0744 v _3573_/Y (sky130_fd_sc_hd__nor2_1)
   0.3153    9.3897 v _3576_/X (sky130_fd_sc_hd__or2_2)
   0.5426    9.9323 v _3601_/X (sky130_fd_sc_hd__or4_1)
   0.2077   10.1400 ^ _3606_/Y (sky130_fd_sc_hd__a31oi_1)
   0.2053   10.3453 ^ _3619_/X (sky130_fd_sc_hd__a22o_1)
   0.1220   10.4673 ^ _3621_/Y (sky130_fd_sc_hd__xnor2_1)
   0.0787   10.5460 v _3623_/Y (sky130_fd_sc_hd__a21oi_1)
   0.0035   10.5495 v _5478_/D (sky130_fd_sc_hd__dfxtp_1)
            10.5495   data arrival time

  20.0000   20.0000   clock clock (rise edge)
   0.0000   20.0000   clock network delay (ideal)
   0.0000   20.0000   clock reconvergence pessimism
            20.0000 ^ _5478_/CLK (sky130_fd_sc_hd__dfxtp_1)
  -0.1345   19.8655   library setup time
            19.8655   data required time
-------------------------------------------------------------
            19.8655   data required time
           -10.5495   data arrival time
-------------------------------------------------------------
             9.3161   slack (MET)


Startpoint: meta_0/meta_0_ext/mem_0_0
            (rising edge-triggered flip-flop clocked by clock)
Endpoint: _5572_ (rising edge-triggered flip-flop clocked by clock)
Path Group: clock
Path Type: max

    Delay      Time   Description
-------------------------------------------------------------
   0.0000    0.0000   clock clock (rise edge)
   0.0000    0.0000   clock network delay (ideal)
   0.0000    0.0000 ^ meta_0/meta_0_ext/mem_0_0/R0_clk (cacti_meta_0_ext)
   3.0776    3.0776 v meta_0/meta_0_ext/mem_0_0/R0_data[86] (cacti_meta_0_ext)
   0.1401    3.2177 v _2630_/X (sky130_fd_sc_hd__xor2_1)
   0.1959    3.4137 ^ _2631_/Y (sky130_fd_sc_hd__a221oi_1)
   0.2417    3.6554 ^ _2632_/Y (sky130_fd_sc_hd__nor3b_1)
   0.2750    3.9304 ^ _2634_/X (sky130_fd_sc_hd__and4_1)
   0.1573    4.0876 v _2664_/Y (sky130_fd_sc_hd__nand2_1)
   0.2840    4.3716 ^ _3672_/X (sky130_fd_sc_hd__mux2_2)
   0.1924    4.5640 ^ _3683_/X (sky130_fd_sc_hd__maj3_1)
   0.1179    4.6819 v _3698_/Y (sky130_fd_sc_hd__a31oi_1)
   0.3728    5.0547 v _3707_/X (sky130_fd_sc_hd__maj3_1)
   0.2303    5.2849 v _3716_/X (sky130_fd_sc_hd__o21a_1)
   0.2181    5.5031 ^ _3734_/Y (sky130_fd_sc_hd__nor3_1)
   0.1610    5.6641 v _3756_/Y (sky130_fd_sc_hd__o211ai_1)
   0.2799    5.9440 ^ _3777_/Y (sky130_fd_sc_hd__a211oi_1)
   0.1874    6.1314 v _3796_/Y (sky130_fd_sc_hd__o211ai_1)
   0.2288    6.3601 ^ _3817_/Y (sky130_fd_sc_hd__a211oi_1)
   0.1059    6.4660 v _3819_/Y (sky130_fd_sc_hd__nor2_1)
   0.3414    6.8073 ^ _3834_/Y (sky130_fd_sc_hd__o31ai_1)
   0.1137    6.9211 v _3841_/Y (sky130_fd_sc_hd__nand2_1)
   0.2237    7.1448 ^ _3848_/Y (sky130_fd_sc_hd__o32ai_1)
   0.2297    7.3745 ^ _3861_/Y (sky130_fd_sc_hd__nor3b_1)
   0.1023    7.4767 v _3863_/Y (sky130_fd_sc_hd__nor2_1)
   0.3404    7.8172 ^ _3877_/Y (sky130_fd_sc_hd__o31ai_1)
   0.1130    7.9301 v _3883_/Y (sky130_fd_sc_hd__nand2_1)
   0.1936    8.1237 v _3891_/X (sky130_fd_sc_hd__o32a_1)
   0.3125    8.4362 v _3895_/X (sky130_fd_sc_hd__or2_2)
   0.1895    8.6257 ^ _3904_/Y (sky130_fd_sc_hd__o32ai_1)
   0.1086    8.7344 v _3910_/Y (sky130_fd_sc_hd__nand2_1)
   0.2313    8.9656 v _3916_/X (sky130_fd_sc_hd__o22a_1)
   0.2219    9.1875 ^ _3931_/Y (sky130_fd_sc_hd__nor3_1)
   0.0961    9.2836 v _3938_/Y (sky130_fd_sc_hd__o21bai_1)
   0.1627    9.4463 ^ _3946_/Y (sky130_fd_sc_hd__o2bb2ai_1)
   0.0979    9.5442 v _3949_/Y (sky130_fd_sc_hd__nand2_1)
   0.2244    9.7686 v _3958_/X (sky130_fd_sc_hd__o22a_1)
   0.1894    9.9580 ^ _3970_/Y (sky130_fd_sc_hd__nor3_1)
   0.1001   10.0581 v _3972_/Y (sky130_fd_sc_hd__nor2_1)
   0.1817   10.2397 ^ _3980_/Y (sky130_fd_sc_hd__mux2i_1)
   0.1413   10.3810 ^ _3981_/Y (sky130_fd_sc_hd__xnor2_1)
   0.0789   10.4599 v _3983_/Y (sky130_fd_sc_hd__a21oi_1)
   0.0035   10.4634 v _5572_/D (sky130_fd_sc_hd__dfxtp_1)
            10.4634   data arrival time

  20.0000   20.0000   clock clock (rise edge)
   0.0000   20.0000   clock network delay (ideal)
   0.0000   20.0000   clock reconvergence pessimism
            20.0000 ^ _5572_/CLK (sky130_fd_sc_hd__dfxtp_1)
  -0.1341   19.8659   library setup time
            19.8659   data required time
-------------------------------------------------------------
            19.8659   data required time
           -10.4634   data arrival time
-------------------------------------------------------------
             9.4025   slack (MET)


Startpoint: meta_0/meta_0_ext/mem_0_0
            (rising edge-triggered flip-flop clocked by clock)
Endpoint: _5389_ (rising edge-triggered flip-flop clocked by clock)
Path Group: clock
Path Type: max

    Delay      Time   Description
-------------------------------------------------------------
   0.0000    0.0000   clock clock (rise edge)
   0.0000    0.0000   clock network delay (ideal)
   0.0000    0.0000 ^ meta_0/meta_0_ext/mem_0_0/R0_clk (cacti_meta_0_ext)
   3.0776    3.0776 v meta_0/meta_0_ext/mem_0_0/R0_data[11] (cacti_meta_0_ext)
   0.1321    3.2097 ^ _2460_/Y (sky130_fd_sc_hd__xnor2_1)
   0.1064    3.3161 v _2461_/Y (sky130_fd_sc_hd__nand4_1)
   0.2588    3.5749 ^ _2466_/Y (sky130_fd_sc_hd__nor4_1)
   0.1148    3.6897 v _2467_/Y (sky130_fd_sc_hd__nand4_1)
   0.3668    4.0565 v _2486_/X (sky130_fd_sc_hd__or3_1)
   0.2504    4.3069 v _2487_/X (sky130_fd_sc_hd__clkbuf_1)
   0.2764    4.5833 ^ _3037_/Y (sky130_fd_sc_hd__mux2i_1)
   0.1820    4.7653 ^ _3038_/Y (sky130_fd_sc_hd__xnor2_1)
   0.1284    4.8937 v _3044_/Y (sky130_fd_sc_hd__a21oi_1)
   0.3640    5.2577 v _3051_/X (sky130_fd_sc_hd__maj3_1)
   0.2606    5.5183 ^ _3065_/Y (sky130_fd_sc_hd__a21boi_0)
   0.1436    5.6618 v _3069_/Y (sky130_fd_sc_hd__a21oi_1)
   0.3713    6.0331 v _3076_/X (sky130_fd_sc_hd__maj3_1)
   0.3880    6.4211 v _3083_/X (sky130_fd_sc_hd__maj3_1)
   0.2659    6.6870 v _3102_/X (sky130_fd_sc_hd__a211o_1)
   0.1219    6.8089 ^ _3103_/Y (sky130_fd_sc_hd__o21ai_0)
   0.1433    6.9522 v _3115_/Y (sky130_fd_sc_hd__a21oi_1)
   0.2004    7.1526 ^ _3120_/Y (sky130_fd_sc_hd__o21bai_1)
   0.1394    7.2920 v _3129_/Y (sky130_fd_sc_hd__o21ai_0)
   0.2235    7.5155 v _3132_/X (sky130_fd_sc_hd__a21o_1)
   0.1320    7.6474 ^ _3145_/Y (sky130_fd_sc_hd__nor2_1)
   0.0958    7.7433 v _3163_/Y (sky130_fd_sc_hd__nand2_1)
   0.3409    8.0842 v _3177_/X (sky130_fd_sc_hd__a311o_1)
   0.3917    8.4759 v _3190_/X (sky130_fd_sc_hd__or3_1)
   0.2971    8.7730 ^ _3193_/Y (sky130_fd_sc_hd__a31oi_1)
   0.1109    8.8839 v _3216_/Y (sky130_fd_sc_hd__nand2_1)
   0.2080    9.0919 ^ _3219_/Y (sky130_fd_sc_hd__a21oi_1)
   0.2042    9.2961 ^ _3242_/Y (sky130_fd_sc_hd__nor3b_1)
   0.1168    9.4129 v _3245_/Y (sky130_fd_sc_hd__a21oi_1)
   0.1485    9.5614 ^ _3250_/Y (sky130_fd_sc_hd__nor2_1)
   0.0990    9.6604 v _3273_/Y (sky130_fd_sc_hd__a21oi_1)
   0.1545    9.8149 v _3279_/Y (sky130_fd_sc_hd__nand2b_1)
   0.3170   10.1319 v _3287_/X (sky130_fd_sc_hd__or2_2)
   0.1849   10.3169 ^ _3289_/Y (sky130_fd_sc_hd__a21oi_1)
   0.0990   10.4159 v _3292_/Y (sky130_fd_sc_hd__o22ai_1)
   0.0035   10.4194 v _5389_/D (sky130_fd_sc_hd__dfxtp_1)
            10.4194   data arrival time

  20.0000   20.0000   clock clock (rise edge)
   0.0000   20.0000   clock network delay (ideal)
   0.0000   20.0000   clock reconvergence pessimism
            20.0000 ^ _5389_/CLK (sky130_fd_sc_hd__dfxtp_1)
  -0.1290   19.8710   library setup time
            19.8710   data required time
-------------------------------------------------------------
            19.8710   data required time
           -10.4194   data arrival time
-------------------------------------------------------------
             9.4516   slack (MET)


Startpoint: meta_0/meta_0_ext/mem_0_0
            (rising edge-triggered flip-flop clocked by clock)
Endpoint: _5654_ (rising edge-triggered flip-flop clocked by clock)
Path Group: clock
Path Type: max

    Delay      Time   Description
-------------------------------------------------------------
   0.0000    0.0000   clock clock (rise edge)
   0.0000    0.0000   clock network delay (ideal)
   0.0000    0.0000 ^ meta_0/meta_0_ext/mem_0_0/R0_clk (cacti_meta_0_ext)
   3.0776    3.0776 v meta_0/meta_0_ext/mem_0_0/R0_data[98] (cacti_meta_0_ext)
   0.1401    3.2177 v _2718_/X (sky130_fd_sc_hd__xor2_1)
   0.2064    3.4242 ^ _2719_/Y (sky130_fd_sc_hd__a221oi_1)
   0.1073    3.5315 v _2720_/Y (sky130_fd_sc_hd__nand3_1)
   0.3970    3.9284 ^ _2721_/Y (sky130_fd_sc_hd__nor4_1)
   0.3298    4.2582 v _2749_/Y (sky130_fd_sc_hd__nand2_1)
   0.2915    4.5497 ^ _4004_/Y (sky130_fd_sc_hd__mux2i_1)
   0.1796    4.7292 ^ _4005_/Y (sky130_fd_sc_hd__xnor2_1)
   0.2404    4.9696 ^ _4008_/X (sky130_fd_sc_hd__maj3_1)
   0.1958    5.1654 ^ _4016_/X (sky130_fd_sc_hd__maj3_1)
   0.1945    5.3598 ^ _4023_/X (sky130_fd_sc_hd__maj3_1)
   0.2067    5.5666 ^ _4031_/X (sky130_fd_sc_hd__maj3_1)
   0.4776    6.0442 v _4050_/X (sky130_fd_sc_hd__or3b_2)
   0.2494    6.2936 ^ _4076_/Y (sky130_fd_sc_hd__a211oi_1)
   0.1698    6.4634 v _4091_/Y (sky130_fd_sc_hd__o211ai_1)
   0.2264    6.6898 ^ _4112_/Y (sky130_fd_sc_hd__a211oi_1)
   0.1116    6.8014 v _4114_/Y (sky130_fd_sc_hd__a211oi_1)
   0.4155    7.2169 v _4129_/X (sky130_fd_sc_hd__o32a_1)
   0.3405    7.5574 v _4143_/X (sky130_fd_sc_hd__o31a_1)
   0.3361    7.8935 v _4156_/X (sky130_fd_sc_hd__o31a_1)
   0.3844    8.2779 v _4167_/X (sky130_fd_sc_hd__or3_1)
   0.1909    8.4688 ^ _4172_/Y (sky130_fd_sc_hd__a21oi_1)
   0.1304    8.5992 v _4184_/Y (sky130_fd_sc_hd__a21oi_1)
   0.3668    8.9660 v _4199_/X (sky130_fd_sc_hd__o32a_1)
   0.3125    9.2785 v _4202_/X (sky130_fd_sc_hd__or2_2)
   0.1895    9.4680 ^ _4211_/Y (sky130_fd_sc_hd__o32ai_1)
   0.1090    9.5770 v _4218_/Y (sky130_fd_sc_hd__nand2_1)
   0.1906    9.7676 ^ _4225_/Y (sky130_fd_sc_hd__o22ai_1)
   0.1768    9.9444 ^ _4231_/X (sky130_fd_sc_hd__lpflow_isobufsrc_1)
   0.1401   10.0844 ^ _4239_/X (sky130_fd_sc_hd__lpflow_isobufsrc_1)
   0.0754   10.1598 v _4240_/Y (sky130_fd_sc_hd__nor2_1)
   0.1579   10.3177 ^ _4243_/Y (sky130_fd_sc_hd__xnor2_1)
   0.0789   10.3966 v _4245_/Y (sky130_fd_sc_hd__a21oi_1)
   0.0035   10.4001 v _5654_/D (sky130_fd_sc_hd__dfxtp_1)
            10.4001   data arrival time

  20.0000   20.0000   clock clock (rise edge)
   0.0000   20.0000   clock network delay (ideal)
   0.0000   20.0000   clock reconvergence pessimism
            20.0000 ^ _5654_/CLK (sky130_fd_sc_hd__dfxtp_1)
  -0.1345   19.8655   library setup time
            19.8655   data required time
-------------------------------------------------------------
            19.8655   data required time
           -10.4001   data arrival time
-------------------------------------------------------------
             9.4654   slack (MET)


Startpoint: meta_0/meta_0_ext/mem_0_0
            (rising edge-triggered flip-flop clocked by clock)
Endpoint: _5386_ (rising edge-triggered flip-flop clocked by clock)
Path Group: clock
Path Type: max

    Delay      Time   Description
-------------------------------------------------------------
   0.0000    0.0000   clock clock (rise edge)
   0.0000    0.0000   clock network delay (ideal)
   0.0000    0.0000 ^ meta_0/meta_0_ext/mem_0_0/R0_clk (cacti_meta_0_ext)
   3.0776    3.0776 v meta_0/meta_0_ext/mem_0_0/R0_data[11] (cacti_meta_0_ext)
   0.1321    3.2097 ^ _2460_/Y (sky130_fd_sc_hd__xnor2_1)
   0.1064    3.3161 v _2461_/Y (sky130_fd_sc_hd__nand4_1)
   0.2588    3.5749 ^ _2466_/Y (sky130_fd_sc_hd__nor4_1)
   0.1148    3.6897 v _2467_/Y (sky130_fd_sc_hd__nand4_1)
   0.3668    4.0565 v _2486_/X (sky130_fd_sc_hd__or3_1)
   0.2504    4.3069 v _2487_/X (sky130_fd_sc_hd__clkbuf_1)
   0.2764    4.5833 ^ _3037_/Y (sky130_fd_sc_hd__mux2i_1)
   0.1820    4.7653 ^ _3038_/Y (sky130_fd_sc_hd__xnor2_1)
   0.1284    4.8937 v _3044_/Y (sky130_fd_sc_hd__a21oi_1)
   0.3640    5.2577 v _3051_/X (sky130_fd_sc_hd__maj3_1)
   0.2606    5.5183 ^ _3065_/Y (sky130_fd_sc_hd__a21boi_0)
   0.1436    5.6618 v _3069_/Y (sky130_fd_sc_hd__a21oi_1)
   0.3713    6.0331 v _3076_/X (sky130_fd_sc_hd__maj3_1)
   0.3880    6.4211 v _3083_/X (sky130_fd_sc_hd__maj3_1)
   0.2659    6.6870 v _3102_/X (sky130_fd_sc_hd__a211o_1)
   0.1219    6.8089 ^ _3103_/Y (sky130_fd_sc_hd__o21ai_0)
   0.1433    6.9522 v _3115_/Y (sky130_fd_sc_hd__a21oi_1)
   0.2004    7.1526 ^ _3120_/Y (sky130_fd_sc_hd__o21bai_1)
   0.1394    7.2920 v _3129_/Y (sky130_fd_sc_hd__o21ai_0)
   0.2235    7.5155 v _3132_/X (sky130_fd_sc_hd__a21o_1)
   0.1320    7.6474 ^ _3145_/Y (sky130_fd_sc_hd__nor2_1)
   0.0958    7.7433 v _3163_/Y (sky130_fd_sc_hd__nand2_1)
   0.3409    8.0842 v _3177_/X (sky130_fd_sc_hd__a311o_1)
   0.3917    8.4759 v _3190_/X (sky130_fd_sc_hd__or3_1)
   0.2971    8.7730 ^ _3193_/Y (sky130_fd_sc_hd__a31oi_1)
   0.1109    8.8839 v _3216_/Y (sky130_fd_sc_hd__nand2_1)
   0.2080    9.0919 ^ _3219_/Y (sky130_fd_sc_hd__a21oi_1)
   0.2042    9.2961 ^ _3242_/Y (sky130_fd_sc_hd__nor3b_1)
   0.1168    9.4129 v _3245_/Y (sky130_fd_sc_hd__a21oi_1)
   0.1485    9.5614 ^ _3250_/Y (sky130_fd_sc_hd__nor2_1)
   0.0750    9.6364 v _3251_/Y (sky130_fd_sc_hd__a21oi_1)
   0.2918    9.9283 ^ _3260_/Y (sky130_fd_sc_hd__o21ai_0)
   0.2453   10.1735 ^ _3264_/X (sky130_fd_sc_hd__maj3_1)
   0.1423   10.3158 ^ _3266_/X (sky130_fd_sc_hd__xor2_1)
   0.0775   10.3934 v _3268_/Y (sky130_fd_sc_hd__a21oi_1)
   0.0035   10.3968 v _5386_/D (sky130_fd_sc_hd__dfxtp_1)
            10.3968   data arrival time

  20.0000   20.0000   clock clock (rise edge)
   0.0000   20.0000   clock network delay (ideal)
   0.0000   20.0000   clock reconvergence pessimism
            20.0000 ^ _5386_/CLK (sky130_fd_sc_hd__dfxtp_1)
  -0.1345   19.8655   library setup time
            19.8655   data required time
-------------------------------------------------------------
            19.8655   data required time
           -10.3968   data arrival time
-------------------------------------------------------------
             9.4687   slack (MET)


Startpoint: meta_0/meta_0_ext/mem_0_0
            (rising edge-triggered flip-flop clocked by clock)
Endpoint: _5571_ (rising edge-triggered flip-flop clocked by clock)
Path Group: clock
Path Type: max

    Delay      Time   Description
-------------------------------------------------------------
   0.0000    0.0000   clock clock (rise edge)
   0.0000    0.0000   clock network delay (ideal)
   0.0000    0.0000 ^ meta_0/meta_0_ext/mem_0_0/R0_clk (cacti_meta_0_ext)
   3.0776    3.0776 v meta_0/meta_0_ext/mem_0_0/R0_data[86] (cacti_meta_0_ext)
   0.1401    3.2177 v _2630_/X (sky130_fd_sc_hd__xor2_1)
   0.1959    3.4137 ^ _2631_/Y (sky130_fd_sc_hd__a221oi_1)
   0.2417    3.6554 ^ _2632_/Y (sky130_fd_sc_hd__nor3b_1)
   0.2750    3.9304 ^ _2634_/X (sky130_fd_sc_hd__and4_1)
   0.1573    4.0876 v _2664_/Y (sky130_fd_sc_hd__nand2_1)
   0.2840    4.3716 ^ _3672_/X (sky130_fd_sc_hd__mux2_2)
   0.1924    4.5640 ^ _3683_/X (sky130_fd_sc_hd__maj3_1)
   0.1179    4.6819 v _3698_/Y (sky130_fd_sc_hd__a31oi_1)
   0.3728    5.0547 v _3707_/X (sky130_fd_sc_hd__maj3_1)
   0.2303    5.2849 v _3716_/X (sky130_fd_sc_hd__o21a_1)
   0.2181    5.5031 ^ _3734_/Y (sky130_fd_sc_hd__nor3_1)
   0.1610    5.6641 v _3756_/Y (sky130_fd_sc_hd__o211ai_1)
   0.2799    5.9440 ^ _3777_/Y (sky130_fd_sc_hd__a211oi_1)
   0.1874    6.1314 v _3796_/Y (sky130_fd_sc_hd__o211ai_1)
   0.2288    6.3601 ^ _3817_/Y (sky130_fd_sc_hd__a211oi_1)
   0.1059    6.4660 v _3819_/Y (sky130_fd_sc_hd__nor2_1)
   0.3414    6.8073 ^ _3834_/Y (sky130_fd_sc_hd__o31ai_1)
   0.1137    6.9211 v _3841_/Y (sky130_fd_sc_hd__nand2_1)
   0.2237    7.1448 ^ _3848_/Y (sky130_fd_sc_hd__o32ai_1)
   0.2297    7.3745 ^ _3861_/Y (sky130_fd_sc_hd__nor3b_1)
   0.1023    7.4767 v _3863_/Y (sky130_fd_sc_hd__nor2_1)
   0.3404    7.8172 ^ _3877_/Y (sky130_fd_sc_hd__o31ai_1)
   0.1130    7.9301 v _3883_/Y (sky130_fd_sc_hd__nand2_1)
   0.1936    8.1237 v _3891_/X (sky130_fd_sc_hd__o32a_1)
   0.3125    8.4362 v _3895_/X (sky130_fd_sc_hd__or2_2)
   0.1895    8.6257 ^ _3904_/Y (sky130_fd_sc_hd__o32ai_1)
   0.1086    8.7344 v _3910_/Y (sky130_fd_sc_hd__nand2_1)
   0.2313    8.9656 v _3916_/X (sky130_fd_sc_hd__o22a_1)
   0.2219    9.1875 ^ _3931_/Y (sky130_fd_sc_hd__nor3_1)
   0.0961    9.2836 v _3938_/Y (sky130_fd_sc_hd__o21bai_1)
   0.1627    9.4463 ^ _3946_/Y (sky130_fd_sc_hd__o2bb2ai_1)
   0.0979    9.5442 v _3949_/Y (sky130_fd_sc_hd__nand2_1)
   0.2244    9.7686 v _3958_/X (sky130_fd_sc_hd__o22a_1)
   0.1894    9.9580 ^ _3970_/Y (sky130_fd_sc_hd__nor3_1)
   0.1001   10.0581 v _3972_/Y (sky130_fd_sc_hd__nor2_1)
   0.1580   10.2160 ^ _3975_/Y (sky130_fd_sc_hd__xnor2_1)
   0.0787   10.2947 v _3977_/Y (sky130_fd_sc_hd__a21oi_1)
   0.0035   10.2982 v _5571_/D (sky130_fd_sc_hd__dfxtp_1)
            10.2982   data arrival time

  20.0000   20.0000   clock clock (rise edge)
   0.0000   20.0000   clock network delay (ideal)
   0.0000   20.0000   clock reconvergence pessimism
            20.0000 ^ _5571_/CLK (sky130_fd_sc_hd__dfxtp_1)
  -0.1341   19.8659   library setup time
            19.8659   data required time
-------------------------------------------------------------
            19.8659   data required time
           -10.2982   data arrival time
-------------------------------------------------------------
             9.5677   slack (MET)


Startpoint: meta_0/meta_0_ext/mem_0_0
            (rising edge-triggered flip-flop clocked by clock)
Endpoint: _5653_ (rising edge-triggered flip-flop clocked by clock)
Path Group: clock
Path Type: max

    Delay      Time   Description
-------------------------------------------------------------
   0.0000    0.0000   clock clock (rise edge)
   0.0000    0.0000   clock network delay (ideal)
   0.0000    0.0000 ^ meta_0/meta_0_ext/mem_0_0/R0_clk (cacti_meta_0_ext)
   3.0776    3.0776 v meta_0/meta_0_ext/mem_0_0/R0_data[98] (cacti_meta_0_ext)
   0.1401    3.2177 v _2718_/X (sky130_fd_sc_hd__xor2_1)
   0.2064    3.4242 ^ _2719_/Y (sky130_fd_sc_hd__a221oi_1)
   0.1073    3.5315 v _2720_/Y (sky130_fd_sc_hd__nand3_1)
   0.3970    3.9284 ^ _2721_/Y (sky130_fd_sc_hd__nor4_1)
   0.3298    4.2582 v _2749_/Y (sky130_fd_sc_hd__nand2_1)
   0.2915    4.5497 ^ _4004_/Y (sky130_fd_sc_hd__mux2i_1)
   0.1796    4.7292 ^ _4005_/Y (sky130_fd_sc_hd__xnor2_1)
   0.2404    4.9696 ^ _4008_/X (sky130_fd_sc_hd__maj3_1)
   0.1958    5.1654 ^ _4016_/X (sky130_fd_sc_hd__maj3_1)
   0.1945    5.3598 ^ _4023_/X (sky130_fd_sc_hd__maj3_1)
   0.2067    5.5666 ^ _4031_/X (sky130_fd_sc_hd__maj3_1)
   0.4776    6.0442 v _4050_/X (sky130_fd_sc_hd__or3b_2)
   0.2494    6.2936 ^ _4076_/Y (sky130_fd_sc_hd__a211oi_1)
   0.1698    6.4634 v _4091_/Y (sky130_fd_sc_hd__o211ai_1)
   0.2264    6.6898 ^ _4112_/Y (sky130_fd_sc_hd__a211oi_1)
   0.1116    6.8014 v _4114_/Y (sky130_fd_sc_hd__a211oi_1)
   0.4155    7.2169 v _4129_/X (sky130_fd_sc_hd__o32a_1)
   0.3405    7.5574 v _4143_/X (sky130_fd_sc_hd__o31a_1)
   0.3361    7.8935 v _4156_/X (sky130_fd_sc_hd__o31a_1)
   0.3844    8.2779 v _4167_/X (sky130_fd_sc_hd__or3_1)
   0.1909    8.4688 ^ _4172_/Y (sky130_fd_sc_hd__a21oi_1)
   0.1304    8.5992 v _4184_/Y (sky130_fd_sc_hd__a21oi_1)
   0.3668    8.9660 v _4199_/X (sky130_fd_sc_hd__o32a_1)
   0.3125    9.2785 v _4202_/X (sky130_fd_sc_hd__or2_2)
   0.1895    9.4680 ^ _4211_/Y (sky130_fd_sc_hd__o32ai_1)
   0.1090    9.5770 v _4218_/Y (sky130_fd_sc_hd__nand2_1)
   0.1906    9.7676 ^ _4225_/Y (sky130_fd_sc_hd__o22ai_1)
   0.1768    9.9444 ^ _4231_/X (sky130_fd_sc_hd__lpflow_isobufsrc_1)
   0.0638   10.0082 v _4232_/Y (sky130_fd_sc_hd__a31oi_1)
   0.1830   10.1912 ^ _4235_/Y (sky130_fd_sc_hd__xnor2_1)
   0.0787   10.2699 v _4237_/Y (sky130_fd_sc_hd__a21oi_1)
   0.0035   10.2733 v _5653_/D (sky130_fd_sc_hd__dfxtp_1)
            10.2733   data arrival time

  20.0000   20.0000   clock clock (rise edge)
   0.0000   20.0000   clock network delay (ideal)
   0.0000   20.0000   clock reconvergence pessimism
            20.0000 ^ _5653_/CLK (sky130_fd_sc_hd__dfxtp_1)
  -0.1345   19.8655   library setup time
            19.8655   data required time
-------------------------------------------------------------
            19.8655   data required time
           -10.2733   data arrival time
-------------------------------------------------------------
             9.5922   slack (MET)


Startpoint: meta_0/meta_0_ext/mem_0_0
            (rising edge-triggered flip-flop clocked by clock)
Endpoint: _5476_ (rising edge-triggered flip-flop clocked by clock)
Path Group: clock
Path Type: max

    Delay      Time   Description
-------------------------------------------------------------
   0.0000    0.0000   clock clock (rise edge)
   0.0000    0.0000   clock network delay (ideal)
   0.0000    0.0000 ^ meta_0/meta_0_ext/mem_0_0/R0_clk (cacti_meta_0_ext)
   3.0776    3.0776 v meta_0/meta_0_ext/mem_0_0/R0_data[41] (cacti_meta_0_ext)
   0.1303    3.2079 ^ _2542_/Y (sky130_fd_sc_hd__xnor2_1)
   0.1169    3.3248 v _2543_/Y (sky130_fd_sc_hd__o221ai_1)
   0.3629    3.6877 ^ _2544_/Y (sky130_fd_sc_hd__a2111oi_0)
   0.1577    3.8454 v _3329_/Y (sky130_fd_sc_hd__nand4_1)
   0.3806    4.2260 v _3339_/X (sky130_fd_sc_hd__or3_1)
   0.2747    4.5007 ^ _3340_/Y (sky130_fd_sc_hd__a21oi_1)
   0.1914    4.6921 v _3348_/Y (sky130_fd_sc_hd__o21ai_0)
   0.3897    5.0819 v _3357_/X (sky130_fd_sc_hd__maj3_1)
   0.3712    5.4531 v _3363_/X (sky130_fd_sc_hd__maj3_1)
   0.2174    5.6705 v _3373_/X (sky130_fd_sc_hd__o21a_1)
   0.2172    5.8877 v _3383_/X (sky130_fd_sc_hd__o21a_1)
   0.2744    6.1621 ^ _3404_/Y (sky130_fd_sc_hd__o31ai_1)
   0.1257    6.2878 v _3426_/Y (sky130_fd_sc_hd__o211ai_1)
   0.2165    6.5043 ^ _3441_/Y (sky130_fd_sc_hd__a211oi_1)
   0.1024    6.6067 v _3444_/Y (sky130_fd_sc_hd__nor2_1)
   0.4015    7.0083 v _3459_/X (sky130_fd_sc_hd__or3_1)
   0.2474    7.2556 ^ _3481_/Y (sky130_fd_sc_hd__a211oi_1)
   0.1503    7.4060 v _3498_/Y (sky130_fd_sc_hd__o211ai_1)
   0.1947    7.6007 v _3503_/X (sky130_fd_sc_hd__a21o_1)
   0.2103    7.8110 v _3514_/X (sky130_fd_sc_hd__o32a_1)
   0.3785    8.1894 ^ _3527_/Y (sky130_fd_sc_hd__o32ai_1)
   0.1082    8.2976 v _3534_/Y (sky130_fd_sc_hd__nand2_1)
   0.1840    8.4816 ^ _3541_/Y (sky130_fd_sc_hd__o32ai_1)
   0.1149    8.5965 v _3547_/Y (sky130_fd_sc_hd__nand2_1)
   0.2099    8.8063 v _3557_/X (sky130_fd_sc_hd__o32a_1)
   0.1912    8.9976 ^ _3570_/Y (sky130_fd_sc_hd__nor3_1)
   0.0768    9.0744 v _3573_/Y (sky130_fd_sc_hd__nor2_1)
   0.3153    9.3897 v _3576_/X (sky130_fd_sc_hd__or2_2)
   0.5426    9.9323 v _3601_/X (sky130_fd_sc_hd__or4_1)
   0.2077   10.1400 ^ _3606_/Y (sky130_fd_sc_hd__a31oi_1)
   0.1108   10.2507 v _3609_/Y (sky130_fd_sc_hd__o22ai_1)
   0.0035   10.2542 v _5476_/D (sky130_fd_sc_hd__dfxtp_1)
            10.2542   data arrival time

  20.0000   20.0000   clock clock (rise edge)
   0.0000   20.0000   clock network delay (ideal)
   0.0000   20.0000   clock reconvergence pessimism
            20.0000 ^ _5476_/CLK (sky130_fd_sc_hd__dfxtp_1)
  -0.1313   19.8687   library setup time
            19.8687   data required time
-------------------------------------------------------------
            19.8687   data required time
           -10.2542   data arrival time
-------------------------------------------------------------
             9.6145   slack (MET)


Startpoint: meta_0/meta_0_ext/mem_0_0
            (rising edge-triggered flip-flop clocked by clock)
Endpoint: _5570_ (rising edge-triggered flip-flop clocked by clock)
Path Group: clock
Path Type: max

    Delay      Time   Description
-------------------------------------------------------------
   0.0000    0.0000   clock clock (rise edge)
   0.0000    0.0000   clock network delay (ideal)
   0.0000    0.0000 ^ meta_0/meta_0_ext/mem_0_0/R0_clk (cacti_meta_0_ext)
   3.0776    3.0776 v meta_0/meta_0_ext/mem_0_0/R0_data[86] (cacti_meta_0_ext)
   0.1401    3.2177 v _2630_/X (sky130_fd_sc_hd__xor2_1)
   0.1959    3.4137 ^ _2631_/Y (sky130_fd_sc_hd__a221oi_1)
   0.2417    3.6554 ^ _2632_/Y (sky130_fd_sc_hd__nor3b_1)
   0.2750    3.9304 ^ _2634_/X (sky130_fd_sc_hd__and4_1)
   0.1573    4.0876 v _2664_/Y (sky130_fd_sc_hd__nand2_1)
   0.2840    4.3716 ^ _3672_/X (sky130_fd_sc_hd__mux2_2)
   0.1924    4.5640 ^ _3683_/X (sky130_fd_sc_hd__maj3_1)
   0.1179    4.6819 v _3698_/Y (sky130_fd_sc_hd__a31oi_1)
   0.3728    5.0547 v _3707_/X (sky130_fd_sc_hd__maj3_1)
   0.2303    5.2849 v _3716_/X (sky130_fd_sc_hd__o21a_1)
   0.2181    5.5031 ^ _3734_/Y (sky130_fd_sc_hd__nor3_1)
   0.1610    5.6641 v _3756_/Y (sky130_fd_sc_hd__o211ai_1)
   0.2799    5.9440 ^ _3777_/Y (sky130_fd_sc_hd__a211oi_1)
   0.1874    6.1314 v _3796_/Y (sky130_fd_sc_hd__o211ai_1)
   0.2288    6.3601 ^ _3817_/Y (sky130_fd_sc_hd__a211oi_1)
   0.1059    6.4660 v _3819_/Y (sky130_fd_sc_hd__nor2_1)
   0.3414    6.8073 ^ _3834_/Y (sky130_fd_sc_hd__o31ai_1)
   0.1137    6.9211 v _3841_/Y (sky130_fd_sc_hd__nand2_1)
   0.2237    7.1448 ^ _3848_/Y (sky130_fd_sc_hd__o32ai_1)
   0.2297    7.3745 ^ _3861_/Y (sky130_fd_sc_hd__nor3b_1)
   0.1023    7.4767 v _3863_/Y (sky130_fd_sc_hd__nor2_1)
   0.3404    7.8172 ^ _3877_/Y (sky130_fd_sc_hd__o31ai_1)
   0.1130    7.9301 v _3883_/Y (sky130_fd_sc_hd__nand2_1)
   0.1936    8.1237 v _3891_/X (sky130_fd_sc_hd__o32a_1)
   0.3125    8.4362 v _3895_/X (sky130_fd_sc_hd__or2_2)
   0.1895    8.6257 ^ _3904_/Y (sky130_fd_sc_hd__o32ai_1)
   0.1086    8.7344 v _3910_/Y (sky130_fd_sc_hd__nand2_1)
   0.2313    8.9656 v _3916_/X (sky130_fd_sc_hd__o22a_1)
   0.2219    9.1875 ^ _3931_/Y (sky130_fd_sc_hd__nor3_1)
   0.0961    9.2836 v _3938_/Y (sky130_fd_sc_hd__o21bai_1)
   0.1627    9.4463 ^ _3946_/Y (sky130_fd_sc_hd__o2bb2ai_1)
   0.0979    9.5442 v _3949_/Y (sky130_fd_sc_hd__nand2_1)
   0.2244    9.7686 v _3958_/X (sky130_fd_sc_hd__o22a_1)
   0.1113    9.8799 ^ _3964_/Y (sky130_fd_sc_hd__nor2_1)
   0.0591    9.9389 v _3965_/Y (sky130_fd_sc_hd__a21oi_1)
   0.1795   10.1184 ^ _3967_/Y (sky130_fd_sc_hd__xnor2_1)
   0.0787   10.1971 v _3969_/Y (sky130_fd_sc_hd__a21oi_1)
   0.0035   10.2005 v _5570_/D (sky130_fd_sc_hd__dfxtp_1)
            10.2005   data arrival time

  20.0000   20.0000   clock clock (rise edge)
   0.0000   20.0000   clock network delay (ideal)
   0.0000   20.0000   clock reconvergence pessimism
            20.0000 ^ _5570_/CLK (sky130_fd_sc_hd__dfxtp_1)
  -0.1341   19.8659   library setup time
            19.8659   data required time
-------------------------------------------------------------
            19.8659   data required time
           -10.2005   data arrival time
-------------------------------------------------------------
             9.6654   slack (MET)


Startpoint: meta_0/meta_0_ext/mem_0_0
            (rising edge-triggered flip-flop clocked by clock)
Endpoint: _5385_ (rising edge-triggered flip-flop clocked by clock)
Path Group: clock
Path Type: max

    Delay      Time   Description
-------------------------------------------------------------
   0.0000    0.0000   clock clock (rise edge)
   0.0000    0.0000   clock network delay (ideal)
   0.0000    0.0000 ^ meta_0/meta_0_ext/mem_0_0/R0_clk (cacti_meta_0_ext)
   3.0776    3.0776 v meta_0/meta_0_ext/mem_0_0/R0_data[11] (cacti_meta_0_ext)
   0.1321    3.2097 ^ _2460_/Y (sky130_fd_sc_hd__xnor2_1)
   0.1064    3.3161 v _2461_/Y (sky130_fd_sc_hd__nand4_1)
   0.2588    3.5749 ^ _2466_/Y (sky130_fd_sc_hd__nor4_1)
   0.1148    3.6897 v _2467_/Y (sky130_fd_sc_hd__nand4_1)
   0.3668    4.0565 v _2486_/X (sky130_fd_sc_hd__or3_1)
   0.2504    4.3069 v _2487_/X (sky130_fd_sc_hd__clkbuf_1)
   0.2764    4.5833 ^ _3037_/Y (sky130_fd_sc_hd__mux2i_1)
   0.1820    4.7653 ^ _3038_/Y (sky130_fd_sc_hd__xnor2_1)
   0.1284    4.8937 v _3044_/Y (sky130_fd_sc_hd__a21oi_1)
   0.3640    5.2577 v _3051_/X (sky130_fd_sc_hd__maj3_1)
   0.2606    5.5183 ^ _3065_/Y (sky130_fd_sc_hd__a21boi_0)
   0.1436    5.6618 v _3069_/Y (sky130_fd_sc_hd__a21oi_1)
   0.3713    6.0331 v _3076_/X (sky130_fd_sc_hd__maj3_1)
   0.3880    6.4211 v _3083_/X (sky130_fd_sc_hd__maj3_1)
   0.2659    6.6870 v _3102_/X (sky130_fd_sc_hd__a211o_1)
   0.1219    6.8089 ^ _3103_/Y (sky130_fd_sc_hd__o21ai_0)
   0.1433    6.9522 v _3115_/Y (sky130_fd_sc_hd__a21oi_1)
   0.2004    7.1526 ^ _3120_/Y (sky130_fd_sc_hd__o21bai_1)
   0.1394    7.2920 v _3129_/Y (sky130_fd_sc_hd__o21ai_0)
   0.2235    7.5155 v _3132_/X (sky130_fd_sc_hd__a21o_1)
   0.1320    7.6474 ^ _3145_/Y (sky130_fd_sc_hd__nor2_1)
   0.0958    7.7433 v _3163_/Y (sky130_fd_sc_hd__nand2_1)
   0.3409    8.0842 v _3177_/X (sky130_fd_sc_hd__a311o_1)
   0.3917    8.4759 v _3190_/X (sky130_fd_sc_hd__or3_1)
   0.2971    8.7730 ^ _3193_/Y (sky130_fd_sc_hd__a31oi_1)
   0.1109    8.8839 v _3216_/Y (sky130_fd_sc_hd__nand2_1)
   0.2080    9.0919 ^ _3219_/Y (sky130_fd_sc_hd__a21oi_1)
   0.2042    9.2961 ^ _3242_/Y (sky130_fd_sc_hd__nor3b_1)
   0.1168    9.4129 v _3245_/Y (sky130_fd_sc_hd__a21oi_1)
   0.1485    9.5614 ^ _3250_/Y (sky130_fd_sc_hd__nor2_1)
   0.0750    9.6364 v _3251_/Y (sky130_fd_sc_hd__a21oi_1)
   0.2918    9.9283 ^ _3260_/Y (sky130_fd_sc_hd__o21ai_0)
   0.1755   10.1037 ^ _3261_/X (sky130_fd_sc_hd__xor2_1)
   0.0775   10.1813 v _3263_/Y (sky130_fd_sc_hd__a21oi_1)
   0.0035   10.1848 v _5385_/D (sky130_fd_sc_hd__dfxtp_1)
            10.1848   data arrival time

  20.0000   20.0000   clock clock (rise edge)
   0.0000   20.0000   clock network delay (ideal)
   0.0000   20.0000   clock reconvergence pessimism
            20.0000 ^ _5385_/CLK (sky130_fd_sc_hd__dfxtp_1)
  -0.1345   19.8655   library setup time
            19.8655   data required time
-------------------------------------------------------------
            19.8655   data required time
           -10.1848   data arrival time
-------------------------------------------------------------
             9.6808   slack (MET)


Startpoint: meta_0/meta_0_ext/mem_0_0
            (rising edge-triggered flip-flop clocked by clock)
Endpoint: _5388_ (rising edge-triggered flip-flop clocked by clock)
Path Group: clock
Path Type: max

    Delay      Time   Description
-------------------------------------------------------------
   0.0000    0.0000   clock clock (rise edge)
   0.0000    0.0000   clock network delay (ideal)
   0.0000    0.0000 ^ meta_0/meta_0_ext/mem_0_0/R0_clk (cacti_meta_0_ext)
   3.0776    3.0776 v meta_0/meta_0_ext/mem_0_0/R0_data[11] (cacti_meta_0_ext)
   0.1321    3.2097 ^ _2460_/Y (sky130_fd_sc_hd__xnor2_1)
   0.1064    3.3161 v _2461_/Y (sky130_fd_sc_hd__nand4_1)
   0.2588    3.5749 ^ _2466_/Y (sky130_fd_sc_hd__nor4_1)
   0.1148    3.6897 v _2467_/Y (sky130_fd_sc_hd__nand4_1)
   0.3668    4.0565 v _2486_/X (sky130_fd_sc_hd__or3_1)
   0.2504    4.3069 v _2487_/X (sky130_fd_sc_hd__clkbuf_1)
   0.2764    4.5833 ^ _3037_/Y (sky130_fd_sc_hd__mux2i_1)
   0.1820    4.7653 ^ _3038_/Y (sky130_fd_sc_hd__xnor2_1)
   0.1284    4.8937 v _3044_/Y (sky130_fd_sc_hd__a21oi_1)
   0.3640    5.2577 v _3051_/X (sky130_fd_sc_hd__maj3_1)
   0.2606    5.5183 ^ _3065_/Y (sky130_fd_sc_hd__a21boi_0)
   0.1436    5.6618 v _3069_/Y (sky130_fd_sc_hd__a21oi_1)
   0.3713    6.0331 v _3076_/X (sky130_fd_sc_hd__maj3_1)
   0.3880    6.4211 v _3083_/X (sky130_fd_sc_hd__maj3_1)
   0.2659    6.6870 v _3102_/X (sky130_fd_sc_hd__a211o_1)
   0.1219    6.8089 ^ _3103_/Y (sky130_fd_sc_hd__o21ai_0)
   0.1433    6.9522 v _3115_/Y (sky130_fd_sc_hd__a21oi_1)
   0.2004    7.1526 ^ _3120_/Y (sky130_fd_sc_hd__o21bai_1)
   0.1394    7.2920 v _3129_/Y (sky130_fd_sc_hd__o21ai_0)
   0.2235    7.5155 v _3132_/X (sky130_fd_sc_hd__a21o_1)
   0.1320    7.6474 ^ _3145_/Y (sky130_fd_sc_hd__nor2_1)
   0.0958    7.7433 v _3163_/Y (sky130_fd_sc_hd__nand2_1)
   0.3409    8.0842 v _3177_/X (sky130_fd_sc_hd__a311o_1)
   0.3917    8.4759 v _3190_/X (sky130_fd_sc_hd__or3_1)
   0.2971    8.7730 ^ _3193_/Y (sky130_fd_sc_hd__a31oi_1)
   0.1109    8.8839 v _3216_/Y (sky130_fd_sc_hd__nand2_1)
   0.2080    9.0919 ^ _3219_/Y (sky130_fd_sc_hd__a21oi_1)
   0.2042    9.2961 ^ _3242_/Y (sky130_fd_sc_hd__nor3b_1)
   0.1168    9.4129 v _3245_/Y (sky130_fd_sc_hd__a21oi_1)
   0.1485    9.5614 ^ _3250_/Y (sky130_fd_sc_hd__nor2_1)
   0.0990    9.6604 v _3273_/Y (sky130_fd_sc_hd__a21oi_1)
   0.1545    9.8149 v _3279_/Y (sky130_fd_sc_hd__nand2b_1)
   0.0832    9.8981 ^ _3280_/Y (sky130_fd_sc_hd__nand2_1)
   0.1394   10.0375 ^ _3282_/X (sky130_fd_sc_hd__xor2_1)
   0.0775   10.1150 v _3284_/Y (sky130_fd_sc_hd__a21oi_1)
   0.0035   10.1185 v _5388_/D (sky130_fd_sc_hd__dfxtp_1)
            10.1185   data arrival time

  20.0000   20.0000   clock clock (rise edge)
   0.0000   20.0000   clock network delay (ideal)
   0.0000   20.0000   clock reconvergence pessimism
            20.0000 ^ _5388_/CLK (sky130_fd_sc_hd__dfxtp_1)
  -0.1345   19.8655   library setup time
            19.8655   data required time
-------------------------------------------------------------
            19.8655   data required time
           -10.1185   data arrival time
-------------------------------------------------------------
             9.7470   slack (MET)


Startpoint: meta_0/meta_0_ext/mem_0_0
            (rising edge-triggered flip-flop clocked by clock)
Endpoint: _5569_ (rising edge-triggered flip-flop clocked by clock)
Path Group: clock
Path Type: max

    Delay      Time   Description
-------------------------------------------------------------
   0.0000    0.0000   clock clock (rise edge)
   0.0000    0.0000   clock network delay (ideal)
   0.0000    0.0000 ^ meta_0/meta_0_ext/mem_0_0/R0_clk (cacti_meta_0_ext)
   3.0776    3.0776 v meta_0/meta_0_ext/mem_0_0/R0_data[86] (cacti_meta_0_ext)
   0.1401    3.2177 v _2630_/X (sky130_fd_sc_hd__xor2_1)
   0.1959    3.4137 ^ _2631_/Y (sky130_fd_sc_hd__a221oi_1)
   0.2417    3.6554 ^ _2632_/Y (sky130_fd_sc_hd__nor3b_1)
   0.2750    3.9304 ^ _2634_/X (sky130_fd_sc_hd__and4_1)
   0.1573    4.0876 v _2664_/Y (sky130_fd_sc_hd__nand2_1)
   0.2840    4.3716 ^ _3672_/X (sky130_fd_sc_hd__mux2_2)
   0.1924    4.5640 ^ _3683_/X (sky130_fd_sc_hd__maj3_1)
   0.1179    4.6819 v _3698_/Y (sky130_fd_sc_hd__a31oi_1)
   0.3728    5.0547 v _3707_/X (sky130_fd_sc_hd__maj3_1)
   0.2303    5.2849 v _3716_/X (sky130_fd_sc_hd__o21a_1)
   0.2181    5.5031 ^ _3734_/Y (sky130_fd_sc_hd__nor3_1)
   0.1610    5.6641 v _3756_/Y (sky130_fd_sc_hd__o211ai_1)
   0.2799    5.9440 ^ _3777_/Y (sky130_fd_sc_hd__a211oi_1)
   0.1874    6.1314 v _3796_/Y (sky130_fd_sc_hd__o211ai_1)
   0.2288    6.3601 ^ _3817_/Y (sky130_fd_sc_hd__a211oi_1)
   0.1059    6.4660 v _3819_/Y (sky130_fd_sc_hd__nor2_1)
   0.3414    6.8073 ^ _3834_/Y (sky130_fd_sc_hd__o31ai_1)
   0.1137    6.9211 v _3841_/Y (sky130_fd_sc_hd__nand2_1)
   0.2237    7.1448 ^ _3848_/Y (sky130_fd_sc_hd__o32ai_1)
   0.2297    7.3745 ^ _3861_/Y (sky130_fd_sc_hd__nor3b_1)
   0.1023    7.4767 v _3863_/Y (sky130_fd_sc_hd__nor2_1)
   0.3404    7.8172 ^ _3877_/Y (sky130_fd_sc_hd__o31ai_1)
   0.1130    7.9301 v _3883_/Y (sky130_fd_sc_hd__nand2_1)
   0.1936    8.1237 v _3891_/X (sky130_fd_sc_hd__o32a_1)
   0.3125    8.4362 v _3895_/X (sky130_fd_sc_hd__or2_2)
   0.1895    8.6257 ^ _3904_/Y (sky130_fd_sc_hd__o32ai_1)
   0.1086    8.7344 v _3910_/Y (sky130_fd_sc_hd__nand2_1)
   0.2313    8.9656 v _3916_/X (sky130_fd_sc_hd__o22a_1)
   0.2219    9.1875 ^ _3931_/Y (sky130_fd_sc_hd__nor3_1)
   0.0961    9.2836 v _3938_/Y (sky130_fd_sc_hd__o21bai_1)
   0.1627    9.4463 ^ _3946_/Y (sky130_fd_sc_hd__o2bb2ai_1)
   0.0979    9.5442 v _3949_/Y (sky130_fd_sc_hd__nand2_1)
   0.2244    9.7686 v _3958_/X (sky130_fd_sc_hd__o22a_1)
   0.1622    9.9308 ^ _3960_/Y (sky130_fd_sc_hd__xnor2_1)
   0.0793   10.0101 v _3962_/Y (sky130_fd_sc_hd__a21oi_1)
   0.0035   10.0136 v _5569_/D (sky130_fd_sc_hd__dfxtp_1)
            10.0136   data arrival time

  20.0000   20.0000   clock clock (rise edge)
   0.0000   20.0000   clock network delay (ideal)
   0.0000   20.0000   clock reconvergence pessimism
            20.0000 ^ _5569_/CLK (sky130_fd_sc_hd__dfxtp_1)
  -0.1341   19.8659   library setup time
            19.8659   data required time
-------------------------------------------------------------
            19.8659   data required time
           -10.0136   data arrival time
-------------------------------------------------------------
             9.8523   slack (MET)


Startpoint: meta_0/meta_0_ext/mem_0_0
            (rising edge-triggered flip-flop clocked by clock)
Endpoint: _5652_ (rising edge-triggered flip-flop clocked by clock)
Path Group: clock
Path Type: max

    Delay      Time   Description
-------------------------------------------------------------
   0.0000    0.0000   clock clock (rise edge)
   0.0000    0.0000   clock network delay (ideal)
   0.0000    0.0000 ^ meta_0/meta_0_ext/mem_0_0/R0_clk (cacti_meta_0_ext)
   3.0776    3.0776 v meta_0/meta_0_ext/mem_0_0/R0_data[98] (cacti_meta_0_ext)
   0.1401    3.2177 v _2718_/X (sky130_fd_sc_hd__xor2_1)
   0.2064    3.4242 ^ _2719_/Y (sky130_fd_sc_hd__a221oi_1)
   0.1073    3.5315 v _2720_/Y (sky130_fd_sc_hd__nand3_1)
   0.3970    3.9284 ^ _2721_/Y (sky130_fd_sc_hd__nor4_1)
   0.3298    4.2582 v _2749_/Y (sky130_fd_sc_hd__nand2_1)
   0.2915    4.5497 ^ _4004_/Y (sky130_fd_sc_hd__mux2i_1)
   0.1796    4.7292 ^ _4005_/Y (sky130_fd_sc_hd__xnor2_1)
   0.2404    4.9696 ^ _4008_/X (sky130_fd_sc_hd__maj3_1)
   0.1958    5.1654 ^ _4016_/X (sky130_fd_sc_hd__maj3_1)
   0.1945    5.3598 ^ _4023_/X (sky130_fd_sc_hd__maj3_1)
   0.2067    5.5666 ^ _4031_/X (sky130_fd_sc_hd__maj3_1)
   0.4776    6.0442 v _4050_/X (sky130_fd_sc_hd__or3b_2)
   0.2494    6.2936 ^ _4076_/Y (sky130_fd_sc_hd__a211oi_1)
   0.1698    6.4634 v _4091_/Y (sky130_fd_sc_hd__o211ai_1)
   0.2264    6.6898 ^ _4112_/Y (sky130_fd_sc_hd__a211oi_1)
   0.1116    6.8014 v _4114_/Y (sky130_fd_sc_hd__a211oi_1)
   0.4155    7.2169 v _4129_/X (sky130_fd_sc_hd__o32a_1)
   0.3405    7.5574 v _4143_/X (sky130_fd_sc_hd__o31a_1)
   0.3361    7.8935 v _4156_/X (sky130_fd_sc_hd__o31a_1)
   0.3844    8.2779 v _4167_/X (sky130_fd_sc_hd__or3_1)
   0.1909    8.4688 ^ _4172_/Y (sky130_fd_sc_hd__a21oi_1)
   0.1304    8.5992 v _4184_/Y (sky130_fd_sc_hd__a21oi_1)
   0.3668    8.9660 v _4199_/X (sky130_fd_sc_hd__o32a_1)
   0.3125    9.2785 v _4202_/X (sky130_fd_sc_hd__or2_2)
   0.1895    9.4680 ^ _4211_/Y (sky130_fd_sc_hd__o32ai_1)
   0.1090    9.5770 v _4218_/Y (sky130_fd_sc_hd__nand2_1)
   0.1906    9.7676 ^ _4225_/Y (sky130_fd_sc_hd__o22ai_1)
   0.1629    9.9305 ^ _4228_/X (sky130_fd_sc_hd__xor2_1)
   0.0775   10.0080 v _4230_/Y (sky130_fd_sc_hd__a21oi_1)
   0.0035   10.0115 v _5652_/D (sky130_fd_sc_hd__dfxtp_1)
            10.0115   data arrival time

  20.0000   20.0000   clock clock (rise edge)
   0.0000   20.0000   clock network delay (ideal)
   0.0000   20.0000   clock reconvergence pessimism
            20.0000 ^ _5652_/CLK (sky130_fd_sc_hd__dfxtp_1)
  -0.1345   19.8655   library setup time
            19.8655   data required time
-------------------------------------------------------------
            19.8655   data required time
           -10.0115   data arrival time
-------------------------------------------------------------
             9.8541   slack (MET)


Startpoint: meta_0/meta_0_ext/mem_0_0
            (rising edge-triggered flip-flop clocked by clock)
Endpoint: _5475_ (rising edge-triggered flip-flop clocked by clock)
Path Group: clock
Path Type: max

    Delay      Time   Description
-------------------------------------------------------------
   0.0000    0.0000   clock clock (rise edge)
   0.0000    0.0000   clock network delay (ideal)
   0.0000    0.0000 ^ meta_0/meta_0_ext/mem_0_0/R0_clk (cacti_meta_0_ext)
   3.0776    3.0776 v meta_0/meta_0_ext/mem_0_0/R0_data[41] (cacti_meta_0_ext)
   0.1303    3.2079 ^ _2542_/Y (sky130_fd_sc_hd__xnor2_1)
   0.1169    3.3248 v _2543_/Y (sky130_fd_sc_hd__o221ai_1)
   0.3629    3.6877 ^ _2544_/Y (sky130_fd_sc_hd__a2111oi_0)
   0.1577    3.8454 v _3329_/Y (sky130_fd_sc_hd__nand4_1)
   0.3806    4.2260 v _3339_/X (sky130_fd_sc_hd__or3_1)
   0.2747    4.5007 ^ _3340_/Y (sky130_fd_sc_hd__a21oi_1)
   0.1914    4.6921 v _3348_/Y (sky130_fd_sc_hd__o21ai_0)
   0.3897    5.0819 v _3357_/X (sky130_fd_sc_hd__maj3_1)
   0.3712    5.4531 v _3363_/X (sky130_fd_sc_hd__maj3_1)
   0.2174    5.6705 v _3373_/X (sky130_fd_sc_hd__o21a_1)
   0.2172    5.8877 v _3383_/X (sky130_fd_sc_hd__o21a_1)
   0.2744    6.1621 ^ _3404_/Y (sky130_fd_sc_hd__o31ai_1)
   0.1257    6.2878 v _3426_/Y (sky130_fd_sc_hd__o211ai_1)
   0.2165    6.5043 ^ _3441_/Y (sky130_fd_sc_hd__a211oi_1)
   0.1024    6.6067 v _3444_/Y (sky130_fd_sc_hd__nor2_1)
   0.4015    7.0083 v _3459_/X (sky130_fd_sc_hd__or3_1)
   0.2474    7.2556 ^ _3481_/Y (sky130_fd_sc_hd__a211oi_1)
   0.1503    7.4060 v _3498_/Y (sky130_fd_sc_hd__o211ai_1)
   0.1947    7.6007 v _3503_/X (sky130_fd_sc_hd__a21o_1)
   0.2103    7.8110 v _3514_/X (sky130_fd_sc_hd__o32a_1)
   0.3785    8.1894 ^ _3527_/Y (sky130_fd_sc_hd__o32ai_1)
   0.1082    8.2976 v _3534_/Y (sky130_fd_sc_hd__nand2_1)
   0.1840    8.4816 ^ _3541_/Y (sky130_fd_sc_hd__o32ai_1)
   0.1149    8.5965 v _3547_/Y (sky130_fd_sc_hd__nand2_1)
   0.2099    8.8063 v _3557_/X (sky130_fd_sc_hd__o32a_1)
   0.1912    8.9976 ^ _3570_/Y (sky130_fd_sc_hd__nor3_1)
   0.0768    9.0744 v _3573_/Y (sky130_fd_sc_hd__nor2_1)
   0.3153    9.3897 v _3576_/X (sky130_fd_sc_hd__or2_2)
   0.2316    9.6213 ^ _3588_/Y (sky130_fd_sc_hd__o22ai_1)
   0.1133    9.7347 v _3595_/Y (sky130_fd_sc_hd__a22oi_1)
   0.1825    9.9172 ^ _3597_/Y (sky130_fd_sc_hd__xnor2_1)
   0.0787    9.9959 v _3599_/Y (sky130_fd_sc_hd__a21oi_1)
   0.0035    9.9993 v _5475_/D (sky130_fd_sc_hd__dfxtp_1)
             9.9993   data arrival time

  20.0000   20.0000   clock clock (rise edge)
   0.0000   20.0000   clock network delay (ideal)
   0.0000   20.0000   clock reconvergence pessimism
            20.0000 ^ _5475_/CLK (sky130_fd_sc_hd__dfxtp_1)
  -0.1345   19.8655   library setup time
            19.8655   data required time
-------------------------------------------------------------
            19.8655   data required time
            -9.9993   data arrival time
-------------------------------------------------------------
             9.8662   slack (MET)


Startpoint: meta_0/meta_0_ext/mem_0_0
            (rising edge-triggered flip-flop clocked by clock)
Endpoint: _5651_ (rising edge-triggered flip-flop clocked by clock)
Path Group: clock
Path Type: max

    Delay      Time   Description
-------------------------------------------------------------
   0.0000    0.0000   clock clock (rise edge)
   0.0000    0.0000   clock network delay (ideal)
   0.0000    0.0000 ^ meta_0/meta_0_ext/mem_0_0/R0_clk (cacti_meta_0_ext)
   3.0776    3.0776 v meta_0/meta_0_ext/mem_0_0/R0_data[98] (cacti_meta_0_ext)
   0.1401    3.2177 v _2718_/X (sky130_fd_sc_hd__xor2_1)
   0.2064    3.4242 ^ _2719_/Y (sky130_fd_sc_hd__a221oi_1)
   0.1073    3.5315 v _2720_/Y (sky130_fd_sc_hd__nand3_1)
   0.3970    3.9284 ^ _2721_/Y (sky130_fd_sc_hd__nor4_1)
   0.3298    4.2582 v _2749_/Y (sky130_fd_sc_hd__nand2_1)
   0.2915    4.5497 ^ _4004_/Y (sky130_fd_sc_hd__mux2i_1)
   0.1796    4.7292 ^ _4005_/Y (sky130_fd_sc_hd__xnor2_1)
   0.2404    4.9696 ^ _4008_/X (sky130_fd_sc_hd__maj3_1)
   0.1958    5.1654 ^ _4016_/X (sky130_fd_sc_hd__maj3_1)
   0.1945    5.3598 ^ _4023_/X (sky130_fd_sc_hd__maj3_1)
   0.2067    5.5666 ^ _4031_/X (sky130_fd_sc_hd__maj3_1)
   0.4776    6.0442 v _4050_/X (sky130_fd_sc_hd__or3b_2)
   0.2494    6.2936 ^ _4076_/Y (sky130_fd_sc_hd__a211oi_1)
   0.1698    6.4634 v _4091_/Y (sky130_fd_sc_hd__o211ai_1)
   0.2264    6.6898 ^ _4112_/Y (sky130_fd_sc_hd__a211oi_1)
   0.1116    6.8014 v _4114_/Y (sky130_fd_sc_hd__a211oi_1)
   0.4155    7.2169 v _4129_/X (sky130_fd_sc_hd__o32a_1)
   0.3405    7.5574 v _4143_/X (sky130_fd_sc_hd__o31a_1)
   0.3361    7.8935 v _4156_/X (sky130_fd_sc_hd__o31a_1)
   0.3844    8.2779 v _4167_/X (sky130_fd_sc_hd__or3_1)
   0.1909    8.4688 ^ _4172_/Y (sky130_fd_sc_hd__a21oi_1)
   0.1304    8.5992 v _4184_/Y (sky130_fd_sc_hd__a21oi_1)
   0.3668    8.9660 v _4199_/X (sky130_fd_sc_hd__o32a_1)
   0.3125    9.2785 v _4202_/X (sky130_fd_sc_hd__or2_2)
   0.1895    9.4680 ^ _4211_/Y (sky130_fd_sc_hd__o32ai_1)
   0.1090    9.5770 v _4218_/Y (sky130_fd_sc_hd__nand2_1)
   0.1105    9.6874 ^ _4219_/Y (sky130_fd_sc_hd__o21ai_0)
   0.1656    9.8530 ^ _4222_/X (sky130_fd_sc_hd__xor2_1)
   0.0775    9.9306 v _4224_/Y (sky130_fd_sc_hd__a21oi_1)
   0.0035    9.9341 v _5651_/D (sky130_fd_sc_hd__dfxtp_1)
             9.9341   data arrival time

  20.0000   20.0000   clock clock (rise edge)
   0.0000   20.0000   clock network delay (ideal)
   0.0000   20.0000   clock reconvergence pessimism
            20.0000 ^ _5651_/CLK (sky130_fd_sc_hd__dfxtp_1)
  -0.1345   19.8655   library setup time
            19.8655   data required time
-------------------------------------------------------------
            19.8655   data required time
            -9.9341   data arrival time
-------------------------------------------------------------
             9.9315   slack (MET)


Startpoint: meta_0/meta_0_ext/mem_0_0
            (rising edge-triggered flip-flop clocked by clock)
Endpoint: _5387_ (rising edge-triggered flip-flop clocked by clock)
Path Group: clock
Path Type: max

    Delay      Time   Description
-------------------------------------------------------------
   0.0000    0.0000   clock clock (rise edge)
   0.0000    0.0000   clock network delay (ideal)
   0.0000    0.0000 ^ meta_0/meta_0_ext/mem_0_0/R0_clk (cacti_meta_0_ext)
   3.0776    3.0776 v meta_0/meta_0_ext/mem_0_0/R0_data[11] (cacti_meta_0_ext)
   0.1321    3.2097 ^ _2460_/Y (sky130_fd_sc_hd__xnor2_1)
   0.1064    3.3161 v _2461_/Y (sky130_fd_sc_hd__nand4_1)
   0.2588    3.5749 ^ _2466_/Y (sky130_fd_sc_hd__nor4_1)
   0.1148    3.6897 v _2467_/Y (sky130_fd_sc_hd__nand4_1)
   0.3668    4.0565 v _2486_/X (sky130_fd_sc_hd__or3_1)
   0.2504    4.3069 v _2487_/X (sky130_fd_sc_hd__clkbuf_1)
   0.2764    4.5833 ^ _3037_/Y (sky130_fd_sc_hd__mux2i_1)
   0.1820    4.7653 ^ _3038_/Y (sky130_fd_sc_hd__xnor2_1)
   0.1284    4.8937 v _3044_/Y (sky130_fd_sc_hd__a21oi_1)
   0.3640    5.2577 v _3051_/X (sky130_fd_sc_hd__maj3_1)
   0.2606    5.5183 ^ _3065_/Y (sky130_fd_sc_hd__a21boi_0)
   0.1436    5.6618 v _3069_/Y (sky130_fd_sc_hd__a21oi_1)
   0.3713    6.0331 v _3076_/X (sky130_fd_sc_hd__maj3_1)
   0.3880    6.4211 v _3083_/X (sky130_fd_sc_hd__maj3_1)
   0.2659    6.6870 v _3102_/X (sky130_fd_sc_hd__a211o_1)
   0.1219    6.8089 ^ _3103_/Y (sky130_fd_sc_hd__o21ai_0)
   0.1433    6.9522 v _3115_/Y (sky130_fd_sc_hd__a21oi_1)
   0.2004    7.1526 ^ _3120_/Y (sky130_fd_sc_hd__o21bai_1)
   0.1394    7.2920 v _3129_/Y (sky130_fd_sc_hd__o21ai_0)
   0.2235    7.5155 v _3132_/X (sky130_fd_sc_hd__a21o_1)
   0.1320    7.6474 ^ _3145_/Y (sky130_fd_sc_hd__nor2_1)
   0.0958    7.7433 v _3163_/Y (sky130_fd_sc_hd__nand2_1)
   0.3409    8.0842 v _3177_/X (sky130_fd_sc_hd__a311o_1)
   0.3917    8.4759 v _3190_/X (sky130_fd_sc_hd__or3_1)
   0.2971    8.7730 ^ _3193_/Y (sky130_fd_sc_hd__a31oi_1)
   0.1109    8.8839 v _3216_/Y (sky130_fd_sc_hd__nand2_1)
   0.2080    9.0919 ^ _3219_/Y (sky130_fd_sc_hd__a21oi_1)
   0.2042    9.2961 ^ _3242_/Y (sky130_fd_sc_hd__nor3b_1)
   0.1168    9.4129 v _3245_/Y (sky130_fd_sc_hd__a21oi_1)
   0.1485    9.5614 ^ _3250_/Y (sky130_fd_sc_hd__nor2_1)
   0.0990    9.6604 v _3273_/Y (sky130_fd_sc_hd__a21oi_1)
   0.1329    9.7933 v _3275_/Y (sky130_fd_sc_hd__xnor2_1)
   0.0637    9.8569 ^ _3276_/Y (sky130_fd_sc_hd__nand2_1)
   0.0683    9.9252 v _3277_/Y (sky130_fd_sc_hd__o21ai_0)
   0.0035    9.9287 v _5387_/D (sky130_fd_sc_hd__dfxtp_1)
             9.9287   data arrival time

  20.0000   20.0000   clock clock (rise edge)
   0.0000   20.0000   clock network delay (ideal)
   0.0000   20.0000   clock reconvergence pessimism
            20.0000 ^ _5387_/CLK (sky130_fd_sc_hd__dfxtp_1)
  -0.1306   19.8694   library setup time
            19.8694   data required time
-------------------------------------------------------------
            19.8694   data required time
            -9.9287   data arrival time
-------------------------------------------------------------
             9.9407   slack (MET)


Startpoint: meta_0/meta_0_ext/mem_0_0
            (rising edge-triggered flip-flop clocked by clock)
Endpoint: _5384_ (rising edge-triggered flip-flop clocked by clock)
Path Group: clock
Path Type: max

    Delay      Time   Description
-------------------------------------------------------------
   0.0000    0.0000   clock clock (rise edge)
   0.0000    0.0000   clock network delay (ideal)
   0.0000    0.0000 ^ meta_0/meta_0_ext/mem_0_0/R0_clk (cacti_meta_0_ext)
   3.0776    3.0776 v meta_0/meta_0_ext/mem_0_0/R0_data[11] (cacti_meta_0_ext)
   0.1321    3.2097 ^ _2460_/Y (sky130_fd_sc_hd__xnor2_1)
   0.1064    3.3161 v _2461_/Y (sky130_fd_sc_hd__nand4_1)
   0.2588    3.5749 ^ _2466_/Y (sky130_fd_sc_hd__nor4_1)
   0.1148    3.6897 v _2467_/Y (sky130_fd_sc_hd__nand4_1)
   0.3668    4.0565 v _2486_/X (sky130_fd_sc_hd__or3_1)
   0.2504    4.3069 v _2487_/X (sky130_fd_sc_hd__clkbuf_1)
   0.2764    4.5833 ^ _3037_/Y (sky130_fd_sc_hd__mux2i_1)
   0.1820    4.7653 ^ _3038_/Y (sky130_fd_sc_hd__xnor2_1)
   0.1284    4.8937 v _3044_/Y (sky130_fd_sc_hd__a21oi_1)
   0.3640    5.2577 v _3051_/X (sky130_fd_sc_hd__maj3_1)
   0.2606    5.5183 ^ _3065_/Y (sky130_fd_sc_hd__a21boi_0)
   0.1436    5.6618 v _3069_/Y (sky130_fd_sc_hd__a21oi_1)
   0.3713    6.0331 v _3076_/X (sky130_fd_sc_hd__maj3_1)
   0.3880    6.4211 v _3083_/X (sky130_fd_sc_hd__maj3_1)
   0.2659    6.6870 v _3102_/X (sky130_fd_sc_hd__a211o_1)
   0.1219    6.8089 ^ _3103_/Y (sky130_fd_sc_hd__o21ai_0)
   0.1433    6.9522 v _3115_/Y (sky130_fd_sc_hd__a21oi_1)
   0.2004    7.1526 ^ _3120_/Y (sky130_fd_sc_hd__o21bai_1)
   0.1394    7.2920 v _3129_/Y (sky130_fd_sc_hd__o21ai_0)
   0.2235    7.5155 v _3132_/X (sky130_fd_sc_hd__a21o_1)
   0.1320    7.6474 ^ _3145_/Y (sky130_fd_sc_hd__nor2_1)
   0.0958    7.7433 v _3163_/Y (sky130_fd_sc_hd__nand2_1)
   0.3409    8.0842 v _3177_/X (sky130_fd_sc_hd__a311o_1)
   0.3917    8.4759 v _3190_/X (sky130_fd_sc_hd__or3_1)
   0.2971    8.7730 ^ _3193_/Y (sky130_fd_sc_hd__a31oi_1)
   0.1109    8.8839 v _3216_/Y (sky130_fd_sc_hd__nand2_1)
   0.2080    9.0919 ^ _3219_/Y (sky130_fd_sc_hd__a21oi_1)
   0.2042    9.2961 ^ _3242_/Y (sky130_fd_sc_hd__nor3b_1)
   0.1168    9.4129 v _3245_/Y (sky130_fd_sc_hd__a21oi_1)
   0.1485    9.5614 ^ _3250_/Y (sky130_fd_sc_hd__nor2_1)
   0.0750    9.6364 v _3251_/Y (sky130_fd_sc_hd__a21oi_1)
   0.1813    9.8177 ^ _3255_/Y (sky130_fd_sc_hd__xnor2_1)
   0.0787    9.8965 v _3257_/Y (sky130_fd_sc_hd__a21oi_1)
   0.0035    9.9000 v _5384_/D (sky130_fd_sc_hd__dfxtp_1)
             9.9000   data arrival time

  20.0000   20.0000   clock clock (rise edge)
   0.0000   20.0000   clock network delay (ideal)
   0.0000   20.0000   clock reconvergence pessimism
            20.0000 ^ _5384_/CLK (sky130_fd_sc_hd__dfxtp_1)
  -0.1345   19.8655   library setup time
            19.8655   data required time
-------------------------------------------------------------
            19.8655   data required time
            -9.9000   data arrival time
-------------------------------------------------------------
             9.9656   slack (MET)


Startpoint: meta_0/meta_0_ext/mem_0_0
            (rising edge-triggered flip-flop clocked by clock)
Endpoint: _5568_ (rising edge-triggered flip-flop clocked by clock)
Path Group: clock
Path Type: max

    Delay      Time   Description
-------------------------------------------------------------
   0.0000    0.0000   clock clock (rise edge)
   0.0000    0.0000   clock network delay (ideal)
   0.0000    0.0000 ^ meta_0/meta_0_ext/mem_0_0/R0_clk (cacti_meta_0_ext)
   3.0776    3.0776 v meta_0/meta_0_ext/mem_0_0/R0_data[86] (cacti_meta_0_ext)
   0.1401    3.2177 v _2630_/X (sky130_fd_sc_hd__xor2_1)
   0.1959    3.4137 ^ _2631_/Y (sky130_fd_sc_hd__a221oi_1)
   0.2417    3.6554 ^ _2632_/Y (sky130_fd_sc_hd__nor3b_1)
   0.2750    3.9304 ^ _2634_/X (sky130_fd_sc_hd__and4_1)
   0.1573    4.0876 v _2664_/Y (sky130_fd_sc_hd__nand2_1)
   0.2840    4.3716 ^ _3672_/X (sky130_fd_sc_hd__mux2_2)
   0.1924    4.5640 ^ _3683_/X (sky130_fd_sc_hd__maj3_1)
   0.1179    4.6819 v _3698_/Y (sky130_fd_sc_hd__a31oi_1)
   0.3728    5.0547 v _3707_/X (sky130_fd_sc_hd__maj3_1)
   0.2303    5.2849 v _3716_/X (sky130_fd_sc_hd__o21a_1)
   0.2181    5.5031 ^ _3734_/Y (sky130_fd_sc_hd__nor3_1)
   0.1610    5.6641 v _3756_/Y (sky130_fd_sc_hd__o211ai_1)
   0.2799    5.9440 ^ _3777_/Y (sky130_fd_sc_hd__a211oi_1)
   0.1874    6.1314 v _3796_/Y (sky130_fd_sc_hd__o211ai_1)
   0.2288    6.3601 ^ _3817_/Y (sky130_fd_sc_hd__a211oi_1)
   0.1059    6.4660 v _3819_/Y (sky130_fd_sc_hd__nor2_1)
   0.3414    6.8073 ^ _3834_/Y (sky130_fd_sc_hd__o31ai_1)
   0.1137    6.9211 v _3841_/Y (sky130_fd_sc_hd__nand2_1)
   0.2237    7.1448 ^ _3848_/Y (sky130_fd_sc_hd__o32ai_1)
   0.2297    7.3745 ^ _3861_/Y (sky130_fd_sc_hd__nor3b_1)
   0.1023    7.4767 v _3863_/Y (sky130_fd_sc_hd__nor2_1)
   0.3404    7.8172 ^ _3877_/Y (sky130_fd_sc_hd__o31ai_1)
   0.1130    7.9301 v _3883_/Y (sky130_fd_sc_hd__nand2_1)
   0.1936    8.1237 v _3891_/X (sky130_fd_sc_hd__o32a_1)
   0.3125    8.4362 v _3895_/X (sky130_fd_sc_hd__or2_2)
   0.1895    8.6257 ^ _3904_/Y (sky130_fd_sc_hd__o32ai_1)
   0.1086    8.7344 v _3910_/Y (sky130_fd_sc_hd__nand2_1)
   0.2313    8.9656 v _3916_/X (sky130_fd_sc_hd__o22a_1)
   0.2219    9.1875 ^ _3931_/Y (sky130_fd_sc_hd__nor3_1)
   0.0961    9.2836 v _3938_/Y (sky130_fd_sc_hd__o21bai_1)
   0.1627    9.4463 ^ _3946_/Y (sky130_fd_sc_hd__o2bb2ai_1)
   0.0979    9.5442 v _3949_/Y (sky130_fd_sc_hd__nand2_1)
   0.1024    9.6466 ^ _3952_/Y (sky130_fd_sc_hd__o21ai_0)
   0.1656    9.8122 ^ _3955_/X (sky130_fd_sc_hd__xor2_1)
   0.0775    9.8897 v _3957_/Y (sky130_fd_sc_hd__a21oi_1)
   0.0035    9.8932 v _5568_/D (sky130_fd_sc_hd__dfxtp_1)
             9.8932   data arrival time

  20.0000   20.0000   clock clock (rise edge)
   0.0000   20.0000   clock network delay (ideal)
   0.0000   20.0000   clock reconvergence pessimism
            20.0000 ^ _5568_/CLK (sky130_fd_sc_hd__dfxtp_1)
  -0.1341   19.8659   library setup time
            19.8659   data required time
-------------------------------------------------------------
            19.8659   data required time
            -9.8932   data arrival time
-------------------------------------------------------------
             9.9727   slack (MET)


Startpoint: meta_0/meta_0_ext/mem_0_0
            (rising edge-triggered flip-flop clocked by clock)
Endpoint: _5474_ (rising edge-triggered flip-flop clocked by clock)
Path Group: clock
Path Type: max

    Delay      Time   Description
-------------------------------------------------------------
   0.0000    0.0000   clock clock (rise edge)
   0.0000    0.0000   clock network delay (ideal)
   0.0000    0.0000 ^ meta_0/meta_0_ext/mem_0_0/R0_clk (cacti_meta_0_ext)
   3.0776    3.0776 v meta_0/meta_0_ext/mem_0_0/R0_data[41] (cacti_meta_0_ext)
   0.1303    3.2079 ^ _2542_/Y (sky130_fd_sc_hd__xnor2_1)
   0.1169    3.3248 v _2543_/Y (sky130_fd_sc_hd__o221ai_1)
   0.3629    3.6877 ^ _2544_/Y (sky130_fd_sc_hd__a2111oi_0)
   0.1577    3.8454 v _3329_/Y (sky130_fd_sc_hd__nand4_1)
   0.3806    4.2260 v _3339_/X (sky130_fd_sc_hd__or3_1)
   0.2747    4.5007 ^ _3340_/Y (sky130_fd_sc_hd__a21oi_1)
   0.1914    4.6921 v _3348_/Y (sky130_fd_sc_hd__o21ai_0)
   0.3897    5.0819 v _3357_/X (sky130_fd_sc_hd__maj3_1)
   0.3712    5.4531 v _3363_/X (sky130_fd_sc_hd__maj3_1)
   0.2174    5.6705 v _3373_/X (sky130_fd_sc_hd__o21a_1)
   0.2172    5.8877 v _3383_/X (sky130_fd_sc_hd__o21a_1)
   0.2744    6.1621 ^ _3404_/Y (sky130_fd_sc_hd__o31ai_1)
   0.1257    6.2878 v _3426_/Y (sky130_fd_sc_hd__o211ai_1)
   0.2165    6.5043 ^ _3441_/Y (sky130_fd_sc_hd__a211oi_1)
   0.1024    6.6067 v _3444_/Y (sky130_fd_sc_hd__nor2_1)
   0.4015    7.0083 v _3459_/X (sky130_fd_sc_hd__or3_1)
   0.2474    7.2556 ^ _3481_/Y (sky130_fd_sc_hd__a211oi_1)
   0.1503    7.4060 v _3498_/Y (sky130_fd_sc_hd__o211ai_1)
   0.1947    7.6007 v _3503_/X (sky130_fd_sc_hd__a21o_1)
   0.2103    7.8110 v _3514_/X (sky130_fd_sc_hd__o32a_1)
   0.3785    8.1894 ^ _3527_/Y (sky130_fd_sc_hd__o32ai_1)
   0.1082    8.2976 v _3534_/Y (sky130_fd_sc_hd__nand2_1)
   0.1840    8.4816 ^ _3541_/Y (sky130_fd_sc_hd__o32ai_1)
   0.1149    8.5965 v _3547_/Y (sky130_fd_sc_hd__nand2_1)
   0.2099    8.8063 v _3557_/X (sky130_fd_sc_hd__o32a_1)
   0.1912    8.9976 ^ _3570_/Y (sky130_fd_sc_hd__nor3_1)
   0.0768    9.0744 v _3573_/Y (sky130_fd_sc_hd__nor2_1)
   0.3153    9.3897 v _3576_/X (sky130_fd_sc_hd__or2_2)
   0.2316    9.6213 ^ _3588_/Y (sky130_fd_sc_hd__o22ai_1)
   0.1473    9.7686 ^ _3591_/Y (sky130_fd_sc_hd__xnor2_1)
   0.0787    9.8473 v _3593_/Y (sky130_fd_sc_hd__a21oi_1)
   0.0035    9.8508 v _5474_/D (sky130_fd_sc_hd__dfxtp_1)
             9.8508   data arrival time

  20.0000   20.0000   clock clock (rise edge)
   0.0000   20.0000   clock network delay (ideal)
   0.0000   20.0000   clock reconvergence pessimism
            20.0000 ^ _5474_/CLK (sky130_fd_sc_hd__dfxtp_1)
  -0.1345   19.8655   library setup time
            19.8655   data required time
-------------------------------------------------------------
            19.8655   data required time
            -9.8508   data arrival time
-------------------------------------------------------------
            10.0148   slack (MET)


Startpoint: meta_0/meta_0_ext/mem_0_0
            (rising edge-triggered flip-flop clocked by clock)
Endpoint: _5382_ (rising edge-triggered flip-flop clocked by clock)
Path Group: clock
Path Type: max

    Delay      Time   Description
-------------------------------------------------------------
   0.0000    0.0000   clock clock (rise edge)
   0.0000    0.0000   clock network delay (ideal)
   0.0000    0.0000 ^ meta_0/meta_0_ext/mem_0_0/R0_clk (cacti_meta_0_ext)
   3.0776    3.0776 v meta_0/meta_0_ext/mem_0_0/R0_data[11] (cacti_meta_0_ext)
   0.1321    3.2097 ^ _2460_/Y (sky130_fd_sc_hd__xnor2_1)
   0.1064    3.3161 v _2461_/Y (sky130_fd_sc_hd__nand4_1)
   0.2588    3.5749 ^ _2466_/Y (sky130_fd_sc_hd__nor4_1)
   0.1148    3.6897 v _2467_/Y (sky130_fd_sc_hd__nand4_1)
   0.3668    4.0565 v _2486_/X (sky130_fd_sc_hd__or3_1)
   0.2504    4.3069 v _2487_/X (sky130_fd_sc_hd__clkbuf_1)
   0.2764    4.5833 ^ _3037_/Y (sky130_fd_sc_hd__mux2i_1)
   0.1820    4.7653 ^ _3038_/Y (sky130_fd_sc_hd__xnor2_1)
   0.1284    4.8937 v _3044_/Y (sky130_fd_sc_hd__a21oi_1)
   0.3640    5.2577 v _3051_/X (sky130_fd_sc_hd__maj3_1)
   0.2606    5.5183 ^ _3065_/Y (sky130_fd_sc_hd__a21boi_0)
   0.1436    5.6618 v _3069_/Y (sky130_fd_sc_hd__a21oi_1)
   0.3713    6.0331 v _3076_/X (sky130_fd_sc_hd__maj3_1)
   0.3880    6.4211 v _3083_/X (sky130_fd_sc_hd__maj3_1)
   0.2659    6.6870 v _3102_/X (sky130_fd_sc_hd__a211o_1)
   0.1219    6.8089 ^ _3103_/Y (sky130_fd_sc_hd__o21ai_0)
   0.1433    6.9522 v _3115_/Y (sky130_fd_sc_hd__a21oi_1)
   0.2004    7.1526 ^ _3120_/Y (sky130_fd_sc_hd__o21bai_1)
   0.1394    7.2920 v _3129_/Y (sky130_fd_sc_hd__o21ai_0)
   0.2235    7.5155 v _3132_/X (sky130_fd_sc_hd__a21o_1)
   0.1320    7.6474 ^ _3145_/Y (sky130_fd_sc_hd__nor2_1)
   0.0958    7.7433 v _3163_/Y (sky130_fd_sc_hd__nand2_1)
   0.3409    8.0842 v _3177_/X (sky130_fd_sc_hd__a311o_1)
   0.3917    8.4759 v _3190_/X (sky130_fd_sc_hd__or3_1)
   0.2971    8.7730 ^ _3193_/Y (sky130_fd_sc_hd__a31oi_1)
   0.1109    8.8839 v _3216_/Y (sky130_fd_sc_hd__nand2_1)
   0.2080    9.0919 ^ _3219_/Y (sky130_fd_sc_hd__a21oi_1)
   0.1902    9.2822 ^ _3230_/X (sky130_fd_sc_hd__lpflow_isobufsrc_1)
   0.1576    9.4397 ^ _3233_/X (sky130_fd_sc_hd__o21a_1)
   0.0517    9.4914 v _3236_/Y (sky130_fd_sc_hd__a21oi_1)
   0.1798    9.6712 ^ _3238_/Y (sky130_fd_sc_hd__xnor2_1)
   0.0787    9.7499 v _3240_/Y (sky130_fd_sc_hd__a21oi_1)
   0.0035    9.7534 v _5382_/D (sky130_fd_sc_hd__dfxtp_1)
             9.7534   data arrival time

  20.0000   20.0000   clock clock (rise edge)
   0.0000   20.0000   clock network delay (ideal)
   0.0000   20.0000   clock reconvergence pessimism
            20.0000 ^ _5382_/CLK (sky130_fd_sc_hd__dfxtp_1)
  -0.1345   19.8655   library setup time
            19.8655   data required time
-------------------------------------------------------------
            19.8655   data required time
            -9.7534   data arrival time
-------------------------------------------------------------
            10.1121   slack (MET)


Startpoint: meta_0/meta_0_ext/mem_0_0
            (rising edge-triggered flip-flop clocked by clock)
Endpoint: _5473_ (rising edge-triggered flip-flop clocked by clock)
Path Group: clock
Path Type: max

    Delay      Time   Description
-------------------------------------------------------------
   0.0000    0.0000   clock clock (rise edge)
   0.0000    0.0000   clock network delay (ideal)
   0.0000    0.0000 ^ meta_0/meta_0_ext/mem_0_0/R0_clk (cacti_meta_0_ext)
   3.0776    3.0776 v meta_0/meta_0_ext/mem_0_0/R0_data[41] (cacti_meta_0_ext)
   0.1303    3.2079 ^ _2542_/Y (sky130_fd_sc_hd__xnor2_1)
   0.1169    3.3248 v _2543_/Y (sky130_fd_sc_hd__o221ai_1)
   0.3629    3.6877 ^ _2544_/Y (sky130_fd_sc_hd__a2111oi_0)
   0.1577    3.8454 v _3329_/Y (sky130_fd_sc_hd__nand4_1)
   0.3806    4.2260 v _3339_/X (sky130_fd_sc_hd__or3_1)
   0.2747    4.5007 ^ _3340_/Y (sky130_fd_sc_hd__a21oi_1)
   0.1914    4.6921 v _3348_/Y (sky130_fd_sc_hd__o21ai_0)
   0.3897    5.0819 v _3357_/X (sky130_fd_sc_hd__maj3_1)
   0.3712    5.4531 v _3363_/X (sky130_fd_sc_hd__maj3_1)
   0.2174    5.6705 v _3373_/X (sky130_fd_sc_hd__o21a_1)
   0.2172    5.8877 v _3383_/X (sky130_fd_sc_hd__o21a_1)
   0.2744    6.1621 ^ _3404_/Y (sky130_fd_sc_hd__o31ai_1)
   0.1257    6.2878 v _3426_/Y (sky130_fd_sc_hd__o211ai_1)
   0.2165    6.5043 ^ _3441_/Y (sky130_fd_sc_hd__a211oi_1)
   0.1024    6.6067 v _3444_/Y (sky130_fd_sc_hd__nor2_1)
   0.4015    7.0083 v _3459_/X (sky130_fd_sc_hd__or3_1)
   0.2474    7.2556 ^ _3481_/Y (sky130_fd_sc_hd__a211oi_1)
   0.1503    7.4060 v _3498_/Y (sky130_fd_sc_hd__o211ai_1)
   0.1947    7.6007 v _3503_/X (sky130_fd_sc_hd__a21o_1)
   0.2103    7.8110 v _3514_/X (sky130_fd_sc_hd__o32a_1)
   0.3785    8.1894 ^ _3527_/Y (sky130_fd_sc_hd__o32ai_1)
   0.1082    8.2976 v _3534_/Y (sky130_fd_sc_hd__nand2_1)
   0.1840    8.4816 ^ _3541_/Y (sky130_fd_sc_hd__o32ai_1)
   0.1149    8.5965 v _3547_/Y (sky130_fd_sc_hd__nand2_1)
   0.2099    8.8063 v _3557_/X (sky130_fd_sc_hd__o32a_1)
   0.1912    8.9976 ^ _3570_/Y (sky130_fd_sc_hd__nor3_1)
   0.0768    9.0744 v _3573_/Y (sky130_fd_sc_hd__nor2_1)
   0.3153    9.3897 v _3576_/X (sky130_fd_sc_hd__or2_2)
   0.1012    9.4910 ^ _3582_/Y (sky130_fd_sc_hd__o21ai_0)
   0.1656    9.6566 ^ _3584_/X (sky130_fd_sc_hd__xor2_1)
   0.0775    9.7341 v _3586_/Y (sky130_fd_sc_hd__a21oi_1)
   0.0035    9.7376 v _5473_/D (sky130_fd_sc_hd__dfxtp_1)
             9.7376   data arrival time

  20.0000   20.0000   clock clock (rise edge)
   0.0000   20.0000   clock network delay (ideal)
   0.0000   20.0000   clock reconvergence pessimism
            20.0000 ^ _5473_/CLK (sky130_fd_sc_hd__dfxtp_1)
  -0.1345   19.8655   library setup time
            19.8655   data required time
-------------------------------------------------------------
            19.8655   data required time
            -9.7376   data arrival time
-------------------------------------------------------------
            10.1279   slack (MET)


Startpoint: meta_0/meta_0_ext/mem_0_0
            (rising edge-triggered flip-flop clocked by clock)
Endpoint: _5650_ (rising edge-triggered flip-flop clocked by clock)
Path Group: clock
Path Type: max

    Delay      Time   Description
-------------------------------------------------------------
   0.0000    0.0000   clock clock (rise edge)
   0.0000    0.0000   clock network delay (ideal)
   0.0000    0.0000 ^ meta_0/meta_0_ext/mem_0_0/R0_clk (cacti_meta_0_ext)
   3.0776    3.0776 v meta_0/meta_0_ext/mem_0_0/R0_data[98] (cacti_meta_0_ext)
   0.1401    3.2177 v _2718_/X (sky130_fd_sc_hd__xor2_1)
   0.2064    3.4242 ^ _2719_/Y (sky130_fd_sc_hd__a221oi_1)
   0.1073    3.5315 v _2720_/Y (sky130_fd_sc_hd__nand3_1)
   0.3970    3.9284 ^ _2721_/Y (sky130_fd_sc_hd__nor4_1)
   0.3298    4.2582 v _2749_/Y (sky130_fd_sc_hd__nand2_1)
   0.2915    4.5497 ^ _4004_/Y (sky130_fd_sc_hd__mux2i_1)
   0.1796    4.7292 ^ _4005_/Y (sky130_fd_sc_hd__xnor2_1)
   0.2404    4.9696 ^ _4008_/X (sky130_fd_sc_hd__maj3_1)
   0.1958    5.1654 ^ _4016_/X (sky130_fd_sc_hd__maj3_1)
   0.1945    5.3598 ^ _4023_/X (sky130_fd_sc_hd__maj3_1)
   0.2067    5.5666 ^ _4031_/X (sky130_fd_sc_hd__maj3_1)
   0.4776    6.0442 v _4050_/X (sky130_fd_sc_hd__or3b_2)
   0.2494    6.2936 ^ _4076_/Y (sky130_fd_sc_hd__a211oi_1)
   0.1698    6.4634 v _4091_/Y (sky130_fd_sc_hd__o211ai_1)
   0.2264    6.6898 ^ _4112_/Y (sky130_fd_sc_hd__a211oi_1)
   0.1116    6.8014 v _4114_/Y (sky130_fd_sc_hd__a211oi_1)
   0.4155    7.2169 v _4129_/X (sky130_fd_sc_hd__o32a_1)
   0.3405    7.5574 v _4143_/X (sky130_fd_sc_hd__o31a_1)
   0.3361    7.8935 v _4156_/X (sky130_fd_sc_hd__o31a_1)
   0.3844    8.2779 v _4167_/X (sky130_fd_sc_hd__or3_1)
   0.1909    8.4688 ^ _4172_/Y (sky130_fd_sc_hd__a21oi_1)
   0.1304    8.5992 v _4184_/Y (sky130_fd_sc_hd__a21oi_1)
   0.3668    8.9660 v _4199_/X (sky130_fd_sc_hd__o32a_1)
   0.3125    9.2785 v _4202_/X (sky130_fd_sc_hd__or2_2)
   0.1895    9.4680 ^ _4211_/Y (sky130_fd_sc_hd__o32ai_1)
   0.1639    9.6319 ^ _4214_/Y (sky130_fd_sc_hd__xnor2_1)
   0.0787    9.7106 v _4217_/Y (sky130_fd_sc_hd__a21oi_1)
   0.0035    9.7141 v _5650_/D (sky130_fd_sc_hd__dfxtp_1)
             9.7141   data arrival time

  20.0000   20.0000   clock clock (rise edge)
   0.0000   20.0000   clock network delay (ideal)
   0.0000   20.0000   clock reconvergence pessimism
            20.0000 ^ _5650_/CLK (sky130_fd_sc_hd__dfxtp_1)
  -0.1345   19.8655   library setup time
            19.8655   data required time
-------------------------------------------------------------
            19.8655   data required time
            -9.7141   data arrival time
-------------------------------------------------------------
            10.1514   slack (MET)


Startpoint: meta_0/meta_0_ext/mem_0_0
            (rising edge-triggered flip-flop clocked by clock)
Endpoint: _5567_ (rising edge-triggered flip-flop clocked by clock)
Path Group: clock
Path Type: max

    Delay      Time   Description
-------------------------------------------------------------
   0.0000    0.0000   clock clock (rise edge)
   0.0000    0.0000   clock network delay (ideal)
   0.0000    0.0000 ^ meta_0/meta_0_ext/mem_0_0/R0_clk (cacti_meta_0_ext)
   3.0776    3.0776 v meta_0/meta_0_ext/mem_0_0/R0_data[86] (cacti_meta_0_ext)
   0.1401    3.2177 v _2630_/X (sky130_fd_sc_hd__xor2_1)
   0.1959    3.4137 ^ _2631_/Y (sky130_fd_sc_hd__a221oi_1)
   0.2417    3.6554 ^ _2632_/Y (sky130_fd_sc_hd__nor3b_1)
   0.2750    3.9304 ^ _2634_/X (sky130_fd_sc_hd__and4_1)
   0.1573    4.0876 v _2664_/Y (sky130_fd_sc_hd__nand2_1)
   0.2840    4.3716 ^ _3672_/X (sky130_fd_sc_hd__mux2_2)
   0.1924    4.5640 ^ _3683_/X (sky130_fd_sc_hd__maj3_1)
   0.1179    4.6819 v _3698_/Y (sky130_fd_sc_hd__a31oi_1)
   0.3728    5.0547 v _3707_/X (sky130_fd_sc_hd__maj3_1)
   0.2303    5.2849 v _3716_/X (sky130_fd_sc_hd__o21a_1)
   0.2181    5.5031 ^ _3734_/Y (sky130_fd_sc_hd__nor3_1)
   0.1610    5.6641 v _3756_/Y (sky130_fd_sc_hd__o211ai_1)
   0.2799    5.9440 ^ _3777_/Y (sky130_fd_sc_hd__a211oi_1)
   0.1874    6.1314 v _3796_/Y (sky130_fd_sc_hd__o211ai_1)
   0.2288    6.3601 ^ _3817_/Y (sky130_fd_sc_hd__a211oi_1)
   0.1059    6.4660 v _3819_/Y (sky130_fd_sc_hd__nor2_1)
   0.3414    6.8073 ^ _3834_/Y (sky130_fd_sc_hd__o31ai_1)
   0.1137    6.9211 v _3841_/Y (sky130_fd_sc_hd__nand2_1)
   0.2237    7.1448 ^ _3848_/Y (sky130_fd_sc_hd__o32ai_1)
   0.2297    7.3745 ^ _3861_/Y (sky130_fd_sc_hd__nor3b_1)
   0.1023    7.4767 v _3863_/Y (sky130_fd_sc_hd__nor2_1)
   0.3404    7.8172 ^ _3877_/Y (sky130_fd_sc_hd__o31ai_1)
   0.1130    7.9301 v _3883_/Y (sky130_fd_sc_hd__nand2_1)
   0.1936    8.1237 v _3891_/X (sky130_fd_sc_hd__o32a_1)
   0.3125    8.4362 v _3895_/X (sky130_fd_sc_hd__or2_2)
   0.1895    8.6257 ^ _3904_/Y (sky130_fd_sc_hd__o32ai_1)
   0.1086    8.7344 v _3910_/Y (sky130_fd_sc_hd__nand2_1)
   0.2313    8.9656 v _3916_/X (sky130_fd_sc_hd__o22a_1)
   0.2219    9.1875 ^ _3931_/Y (sky130_fd_sc_hd__nor3_1)
   0.0961    9.2836 v _3938_/Y (sky130_fd_sc_hd__o21bai_1)
   0.1627    9.4463 ^ _3946_/Y (sky130_fd_sc_hd__o2bb2ai_1)
   0.0979    9.5442 v _3949_/Y (sky130_fd_sc_hd__nand2_1)
   0.1295    9.6737 v _3951_/Y (sky130_fd_sc_hd__o2bb2ai_1)
   0.0035    9.6771 v _5567_/D (sky130_fd_sc_hd__dfxtp_1)
             9.6771   data arrival time

  20.0000   20.0000   clock clock (rise edge)
   0.0000   20.0000   clock network delay (ideal)
   0.0000   20.0000   clock reconvergence pessimism
            20.0000 ^ _5567_/CLK (sky130_fd_sc_hd__dfxtp_1)
  -0.1264   19.8736   library setup time
            19.8736   data required time
-------------------------------------------------------------
            19.8736   data required time
            -9.6771   data arrival time
-------------------------------------------------------------
            10.1965   slack (MET)


Startpoint: meta_0/meta_0_ext/mem_0_0
            (rising edge-triggered flip-flop clocked by clock)
Endpoint: _5383_ (rising edge-triggered flip-flop clocked by clock)
Path Group: clock
Path Type: max

    Delay      Time   Description
-------------------------------------------------------------
   0.0000    0.0000   clock clock (rise edge)
   0.0000    0.0000   clock network delay (ideal)
   0.0000    0.0000 ^ meta_0/meta_0_ext/mem_0_0/R0_clk (cacti_meta_0_ext)
   3.0776    3.0776 v meta_0/meta_0_ext/mem_0_0/R0_data[11] (cacti_meta_0_ext)
   0.1321    3.2097 ^ _2460_/Y (sky130_fd_sc_hd__xnor2_1)
   0.1064    3.3161 v _2461_/Y (sky130_fd_sc_hd__nand4_1)
   0.2588    3.5749 ^ _2466_/Y (sky130_fd_sc_hd__nor4_1)
   0.1148    3.6897 v _2467_/Y (sky130_fd_sc_hd__nand4_1)
   0.3668    4.0565 v _2486_/X (sky130_fd_sc_hd__or3_1)
   0.2504    4.3069 v _2487_/X (sky130_fd_sc_hd__clkbuf_1)
   0.2764    4.5833 ^ _3037_/Y (sky130_fd_sc_hd__mux2i_1)
   0.1820    4.7653 ^ _3038_/Y (sky130_fd_sc_hd__xnor2_1)
   0.1284    4.8937 v _3044_/Y (sky130_fd_sc_hd__a21oi_1)
   0.3640    5.2577 v _3051_/X (sky130_fd_sc_hd__maj3_1)
   0.2606    5.5183 ^ _3065_/Y (sky130_fd_sc_hd__a21boi_0)
   0.1436    5.6618 v _3069_/Y (sky130_fd_sc_hd__a21oi_1)
   0.3713    6.0331 v _3076_/X (sky130_fd_sc_hd__maj3_1)
   0.3880    6.4211 v _3083_/X (sky130_fd_sc_hd__maj3_1)
   0.2659    6.6870 v _3102_/X (sky130_fd_sc_hd__a211o_1)
   0.1219    6.8089 ^ _3103_/Y (sky130_fd_sc_hd__o21ai_0)
   0.1433    6.9522 v _3115_/Y (sky130_fd_sc_hd__a21oi_1)
   0.2004    7.1526 ^ _3120_/Y (sky130_fd_sc_hd__o21bai_1)
   0.1394    7.2920 v _3129_/Y (sky130_fd_sc_hd__o21ai_0)
   0.2235    7.5155 v _3132_/X (sky130_fd_sc_hd__a21o_1)
   0.1320    7.6474 ^ _3145_/Y (sky130_fd_sc_hd__nor2_1)
   0.0958    7.7433 v _3163_/Y (sky130_fd_sc_hd__nand2_1)
   0.3409    8.0842 v _3177_/X (sky130_fd_sc_hd__a311o_1)
   0.3917    8.4759 v _3190_/X (sky130_fd_sc_hd__or3_1)
   0.2971    8.7730 ^ _3193_/Y (sky130_fd_sc_hd__a31oi_1)
   0.1109    8.8839 v _3216_/Y (sky130_fd_sc_hd__nand2_1)
   0.2080    9.0919 ^ _3219_/Y (sky130_fd_sc_hd__a21oi_1)
   0.2042    9.2961 ^ _3242_/Y (sky130_fd_sc_hd__nor3b_1)
   0.1168    9.4129 v _3245_/Y (sky130_fd_sc_hd__a21oi_1)
   0.1685    9.5814 ^ _3247_/Y (sky130_fd_sc_hd__xnor2_1)
   0.0787    9.6600 v _3249_/Y (sky130_fd_sc_hd__a21oi_1)
   0.0035    9.6635 v _5383_/D (sky130_fd_sc_hd__dfxtp_1)
             9.6635   data arrival time

  20.0000   20.0000   clock clock (rise edge)
   0.0000   20.0000   clock network delay (ideal)
   0.0000   20.0000   clock reconvergence pessimism
            20.0000 ^ _5383_/CLK (sky130_fd_sc_hd__dfxtp_1)
  -0.1345   19.8655   library setup time
            19.8655   data required time
-------------------------------------------------------------
            19.8655   data required time
            -9.6635   data arrival time
-------------------------------------------------------------
            10.2020   slack (MET)


Startpoint: meta_0/meta_0_ext/mem_0_0
            (rising edge-triggered flip-flop clocked by clock)
Endpoint: _5566_ (rising edge-triggered flip-flop clocked by clock)
Path Group: clock
Path Type: max

    Delay      Time   Description
-------------------------------------------------------------
   0.0000    0.0000   clock clock (rise edge)
   0.0000    0.0000   clock network delay (ideal)
   0.0000    0.0000 ^ meta_0/meta_0_ext/mem_0_0/R0_clk (cacti_meta_0_ext)
   3.0776    3.0776 v meta_0/meta_0_ext/mem_0_0/R0_data[86] (cacti_meta_0_ext)
   0.1401    3.2177 v _2630_/X (sky130_fd_sc_hd__xor2_1)
   0.1959    3.4137 ^ _2631_/Y (sky130_fd_sc_hd__a221oi_1)
   0.2417    3.6554 ^ _2632_/Y (sky130_fd_sc_hd__nor3b_1)
   0.2750    3.9304 ^ _2634_/X (sky130_fd_sc_hd__and4_1)
   0.1573    4.0876 v _2664_/Y (sky130_fd_sc_hd__nand2_1)
   0.2840    4.3716 ^ _3672_/X (sky130_fd_sc_hd__mux2_2)
   0.1924    4.5640 ^ _3683_/X (sky130_fd_sc_hd__maj3_1)
   0.1179    4.6819 v _3698_/Y (sky130_fd_sc_hd__a31oi_1)
   0.3728    5.0547 v _3707_/X (sky130_fd_sc_hd__maj3_1)
   0.2303    5.2849 v _3716_/X (sky130_fd_sc_hd__o21a_1)
   0.2181    5.5031 ^ _3734_/Y (sky130_fd_sc_hd__nor3_1)
   0.1610    5.6641 v _3756_/Y (sky130_fd_sc_hd__o211ai_1)
   0.2799    5.9440 ^ _3777_/Y (sky130_fd_sc_hd__a211oi_1)
   0.1874    6.1314 v _3796_/Y (sky130_fd_sc_hd__o211ai_1)
   0.2288    6.3601 ^ _3817_/Y (sky130_fd_sc_hd__a211oi_1)
   0.1059    6.4660 v _3819_/Y (sky130_fd_sc_hd__nor2_1)
   0.3414    6.8073 ^ _3834_/Y (sky130_fd_sc_hd__o31ai_1)
   0.1137    6.9211 v _3841_/Y (sky130_fd_sc_hd__nand2_1)
   0.2237    7.1448 ^ _3848_/Y (sky130_fd_sc_hd__o32ai_1)
   0.2297    7.3745 ^ _3861_/Y (sky130_fd_sc_hd__nor3b_1)
   0.1023    7.4767 v _3863_/Y (sky130_fd_sc_hd__nor2_1)
   0.3404    7.8172 ^ _3877_/Y (sky130_fd_sc_hd__o31ai_1)
   0.1130    7.9301 v _3883_/Y (sky130_fd_sc_hd__nand2_1)
   0.1936    8.1237 v _3891_/X (sky130_fd_sc_hd__o32a_1)
   0.3125    8.4362 v _3895_/X (sky130_fd_sc_hd__or2_2)
   0.1895    8.6257 ^ _3904_/Y (sky130_fd_sc_hd__o32ai_1)
   0.1086    8.7344 v _3910_/Y (sky130_fd_sc_hd__nand2_1)
   0.2313    8.9656 v _3916_/X (sky130_fd_sc_hd__o22a_1)
   0.2219    9.1875 ^ _3931_/Y (sky130_fd_sc_hd__nor3_1)
   0.0961    9.2836 v _3938_/Y (sky130_fd_sc_hd__o21bai_1)
   0.0986    9.3822 ^ _3939_/Y (sky130_fd_sc_hd__o21ai_0)
   0.1656    9.5478 ^ _3942_/X (sky130_fd_sc_hd__xor2_1)
   0.0775    9.6253 v _3944_/Y (sky130_fd_sc_hd__a21oi_1)
   0.0035    9.6288 v _5566_/D (sky130_fd_sc_hd__dfxtp_1)
             9.6288   data arrival time

  20.0000   20.0000   clock clock (rise edge)
   0.0000   20.0000   clock network delay (ideal)
   0.0000   20.0000   clock reconvergence pessimism
            20.0000 ^ _5566_/CLK (sky130_fd_sc_hd__dfxtp_1)
  -0.1345   19.8655   library setup time
            19.8655   data required time
-------------------------------------------------------------
            19.8655   data required time
            -9.6288   data arrival time
-------------------------------------------------------------
            10.2368   slack (MET)


Startpoint: meta_0/meta_0_ext/mem_0_0
            (rising edge-triggered flip-flop clocked by clock)
Endpoint: _5649_ (rising edge-triggered flip-flop clocked by clock)
Path Group: clock
Path Type: max

    Delay      Time   Description
-------------------------------------------------------------
   0.0000    0.0000   clock clock (rise edge)
   0.0000    0.0000   clock network delay (ideal)
   0.0000    0.0000 ^ meta_0/meta_0_ext/mem_0_0/R0_clk (cacti_meta_0_ext)
   3.0776    3.0776 v meta_0/meta_0_ext/mem_0_0/R0_data[98] (cacti_meta_0_ext)
   0.1401    3.2177 v _2718_/X (sky130_fd_sc_hd__xor2_1)
   0.2064    3.4242 ^ _2719_/Y (sky130_fd_sc_hd__a221oi_1)
   0.1073    3.5315 v _2720_/Y (sky130_fd_sc_hd__nand3_1)
   0.3970    3.9284 ^ _2721_/Y (sky130_fd_sc_hd__nor4_1)
   0.3298    4.2582 v _2749_/Y (sky130_fd_sc_hd__nand2_1)
   0.2915    4.5497 ^ _4004_/Y (sky130_fd_sc_hd__mux2i_1)
   0.1796    4.7292 ^ _4005_/Y (sky130_fd_sc_hd__xnor2_1)
   0.2404    4.9696 ^ _4008_/X (sky130_fd_sc_hd__maj3_1)
   0.1958    5.1654 ^ _4016_/X (sky130_fd_sc_hd__maj3_1)
   0.1945    5.3598 ^ _4023_/X (sky130_fd_sc_hd__maj3_1)
   0.2067    5.5666 ^ _4031_/X (sky130_fd_sc_hd__maj3_1)
   0.4776    6.0442 v _4050_/X (sky130_fd_sc_hd__or3b_2)
   0.2494    6.2936 ^ _4076_/Y (sky130_fd_sc_hd__a211oi_1)
   0.1698    6.4634 v _4091_/Y (sky130_fd_sc_hd__o211ai_1)
   0.2264    6.6898 ^ _4112_/Y (sky130_fd_sc_hd__a211oi_1)
   0.1116    6.8014 v _4114_/Y (sky130_fd_sc_hd__a211oi_1)
   0.4155    7.2169 v _4129_/X (sky130_fd_sc_hd__o32a_1)
   0.3405    7.5574 v _4143_/X (sky130_fd_sc_hd__o31a_1)
   0.3361    7.8935 v _4156_/X (sky130_fd_sc_hd__o31a_1)
   0.3844    8.2779 v _4167_/X (sky130_fd_sc_hd__or3_1)
   0.1909    8.4688 ^ _4172_/Y (sky130_fd_sc_hd__a21oi_1)
   0.1304    8.5992 v _4184_/Y (sky130_fd_sc_hd__a21oi_1)
   0.3668    8.9660 v _4199_/X (sky130_fd_sc_hd__o32a_1)
   0.3125    9.2785 v _4202_/X (sky130_fd_sc_hd__or2_2)
   0.0993    9.3778 ^ _4206_/Y (sky130_fd_sc_hd__o21ai_0)
   0.1656    9.5434 ^ _4208_/X (sky130_fd_sc_hd__xor2_1)
   0.0775    9.6209 v _4210_/Y (sky130_fd_sc_hd__a21oi_1)
   0.0035    9.6244 v _5649_/D (sky130_fd_sc_hd__dfxtp_1)
             9.6244   data arrival time

  20.0000   20.0000   clock clock (rise edge)
   0.0000   20.0000   clock network delay (ideal)
   0.0000   20.0000   clock reconvergence pessimism
            20.0000 ^ _5649_/CLK (sky130_fd_sc_hd__dfxtp_1)
  -0.1345   19.8655   library setup time
            19.8655   data required time
-------------------------------------------------------------
            19.8655   data required time
            -9.6244   data arrival time
-------------------------------------------------------------
            10.2411   slack (MET)


Startpoint: meta_0/meta_0_ext/mem_0_0
            (rising edge-triggered flip-flop clocked by clock)
Endpoint: _5565_ (rising edge-triggered flip-flop clocked by clock)
Path Group: clock
Path Type: max

    Delay      Time   Description
-------------------------------------------------------------
   0.0000    0.0000   clock clock (rise edge)
   0.0000    0.0000   clock network delay (ideal)
   0.0000    0.0000 ^ meta_0/meta_0_ext/mem_0_0/R0_clk (cacti_meta_0_ext)
   3.0776    3.0776 v meta_0/meta_0_ext/mem_0_0/R0_data[86] (cacti_meta_0_ext)
   0.1401    3.2177 v _2630_/X (sky130_fd_sc_hd__xor2_1)
   0.1959    3.4137 ^ _2631_/Y (sky130_fd_sc_hd__a221oi_1)
   0.2417    3.6554 ^ _2632_/Y (sky130_fd_sc_hd__nor3b_1)
   0.2750    3.9304 ^ _2634_/X (sky130_fd_sc_hd__and4_1)
   0.1573    4.0876 v _2664_/Y (sky130_fd_sc_hd__nand2_1)
   0.2840    4.3716 ^ _3672_/X (sky130_fd_sc_hd__mux2_2)
   0.1924    4.5640 ^ _3683_/X (sky130_fd_sc_hd__maj3_1)
   0.1179    4.6819 v _3698_/Y (sky130_fd_sc_hd__a31oi_1)
   0.3728    5.0547 v _3707_/X (sky130_fd_sc_hd__maj3_1)
   0.2303    5.2849 v _3716_/X (sky130_fd_sc_hd__o21a_1)
   0.2181    5.5031 ^ _3734_/Y (sky130_fd_sc_hd__nor3_1)
   0.1610    5.6641 v _3756_/Y (sky130_fd_sc_hd__o211ai_1)
   0.2799    5.9440 ^ _3777_/Y (sky130_fd_sc_hd__a211oi_1)
   0.1874    6.1314 v _3796_/Y (sky130_fd_sc_hd__o211ai_1)
   0.2288    6.3601 ^ _3817_/Y (sky130_fd_sc_hd__a211oi_1)
   0.1059    6.4660 v _3819_/Y (sky130_fd_sc_hd__nor2_1)
   0.3414    6.8073 ^ _3834_/Y (sky130_fd_sc_hd__o31ai_1)
   0.1137    6.9211 v _3841_/Y (sky130_fd_sc_hd__nand2_1)
   0.2237    7.1448 ^ _3848_/Y (sky130_fd_sc_hd__o32ai_1)
   0.2297    7.3745 ^ _3861_/Y (sky130_fd_sc_hd__nor3b_1)
   0.1023    7.4767 v _3863_/Y (sky130_fd_sc_hd__nor2_1)
   0.3404    7.8172 ^ _3877_/Y (sky130_fd_sc_hd__o31ai_1)
   0.1130    7.9301 v _3883_/Y (sky130_fd_sc_hd__nand2_1)
   0.1936    8.1237 v _3891_/X (sky130_fd_sc_hd__o32a_1)
   0.3125    8.4362 v _3895_/X (sky130_fd_sc_hd__or2_2)
   0.1895    8.6257 ^ _3904_/Y (sky130_fd_sc_hd__o32ai_1)
   0.1086    8.7344 v _3910_/Y (sky130_fd_sc_hd__nand2_1)
   0.2313    8.9656 v _3916_/X (sky130_fd_sc_hd__o22a_1)
   0.2219    9.1875 ^ _3931_/Y (sky130_fd_sc_hd__nor3_1)
   0.1488    9.3364 ^ _3932_/X (sky130_fd_sc_hd__or2_2)
   0.1331    9.4694 ^ _3935_/X (sky130_fd_sc_hd__xor2_1)
   0.0775    9.5469 v _3937_/Y (sky130_fd_sc_hd__a21oi_1)
   0.0035    9.5504 v _5565_/D (sky130_fd_sc_hd__dfxtp_1)
             9.5504   data arrival time

  20.0000   20.0000   clock clock (rise edge)
   0.0000   20.0000   clock network delay (ideal)
   0.0000   20.0000   clock reconvergence pessimism
            20.0000 ^ _5565_/CLK (sky130_fd_sc_hd__dfxtp_1)
  -0.1345   19.8655   library setup time
            19.8655   data required time
-------------------------------------------------------------
            19.8655   data required time
            -9.5504   data arrival time
-------------------------------------------------------------
            10.3151   slack (MET)


Startpoint: meta_0/meta_0_ext/mem_0_0
            (rising edge-triggered flip-flop clocked by clock)
Endpoint: _5472_ (rising edge-triggered flip-flop clocked by clock)
Path Group: clock
Path Type: max

    Delay      Time   Description
-------------------------------------------------------------
   0.0000    0.0000   clock clock (rise edge)
   0.0000    0.0000   clock network delay (ideal)
   0.0000    0.0000 ^ meta_0/meta_0_ext/mem_0_0/R0_clk (cacti_meta_0_ext)
   3.0776    3.0776 v meta_0/meta_0_ext/mem_0_0/R0_data[41] (cacti_meta_0_ext)
   0.1303    3.2079 ^ _2542_/Y (sky130_fd_sc_hd__xnor2_1)
   0.1169    3.3248 v _2543_/Y (sky130_fd_sc_hd__o221ai_1)
   0.3629    3.6877 ^ _2544_/Y (sky130_fd_sc_hd__a2111oi_0)
   0.1577    3.8454 v _3329_/Y (sky130_fd_sc_hd__nand4_1)
   0.3806    4.2260 v _3339_/X (sky130_fd_sc_hd__or3_1)
   0.2747    4.5007 ^ _3340_/Y (sky130_fd_sc_hd__a21oi_1)
   0.1914    4.6921 v _3348_/Y (sky130_fd_sc_hd__o21ai_0)
   0.3897    5.0819 v _3357_/X (sky130_fd_sc_hd__maj3_1)
   0.3712    5.4531 v _3363_/X (sky130_fd_sc_hd__maj3_1)
   0.2174    5.6705 v _3373_/X (sky130_fd_sc_hd__o21a_1)
   0.2172    5.8877 v _3383_/X (sky130_fd_sc_hd__o21a_1)
   0.2744    6.1621 ^ _3404_/Y (sky130_fd_sc_hd__o31ai_1)
   0.1257    6.2878 v _3426_/Y (sky130_fd_sc_hd__o211ai_1)
   0.2165    6.5043 ^ _3441_/Y (sky130_fd_sc_hd__a211oi_1)
   0.1024    6.6067 v _3444_/Y (sky130_fd_sc_hd__nor2_1)
   0.4015    7.0083 v _3459_/X (sky130_fd_sc_hd__or3_1)
   0.2474    7.2556 ^ _3481_/Y (sky130_fd_sc_hd__a211oi_1)
   0.1503    7.4060 v _3498_/Y (sky130_fd_sc_hd__o211ai_1)
   0.1947    7.6007 v _3503_/X (sky130_fd_sc_hd__a21o_1)
   0.2103    7.8110 v _3514_/X (sky130_fd_sc_hd__o32a_1)
   0.3785    8.1894 ^ _3527_/Y (sky130_fd_sc_hd__o32ai_1)
   0.1082    8.2976 v _3534_/Y (sky130_fd_sc_hd__nand2_1)
   0.1840    8.4816 ^ _3541_/Y (sky130_fd_sc_hd__o32ai_1)
   0.1149    8.5965 v _3547_/Y (sky130_fd_sc_hd__nand2_1)
   0.2099    8.8063 v _3557_/X (sky130_fd_sc_hd__o32a_1)
   0.1912    8.9976 ^ _3570_/Y (sky130_fd_sc_hd__nor3_1)
   0.0768    9.0744 v _3573_/Y (sky130_fd_sc_hd__nor2_1)
   0.3153    9.3897 v _3576_/X (sky130_fd_sc_hd__or2_2)
   0.0663    9.4560 ^ _3578_/Y (sky130_fd_sc_hd__nand2_1)
   0.0582    9.5142 v _3580_/Y (sky130_fd_sc_hd__a21oi_1)
   0.0035    9.5177 v _5472_/D (sky130_fd_sc_hd__dfxtp_1)
             9.5177   data arrival time

  20.0000   20.0000   clock clock (rise edge)
   0.0000   20.0000   clock network delay (ideal)
   0.0000   20.0000   clock reconvergence pessimism
            20.0000 ^ _5472_/CLK (sky130_fd_sc_hd__dfxtp_1)
  -0.1345   19.8655   library setup time
            19.8655   data required time
-------------------------------------------------------------
            19.8655   data required time
            -9.5177   data arrival time
-------------------------------------------------------------
            10.3478   slack (MET)


Startpoint: meta_0/meta_0_ext/mem_0_0
            (rising edge-triggered flip-flop clocked by clock)
Endpoint: _5381_ (rising edge-triggered flip-flop clocked by clock)
Path Group: clock
Path Type: max

    Delay      Time   Description
-------------------------------------------------------------
   0.0000    0.0000   clock clock (rise edge)
   0.0000    0.0000   clock network delay (ideal)
   0.0000    0.0000 ^ meta_0/meta_0_ext/mem_0_0/R0_clk (cacti_meta_0_ext)
   3.0776    3.0776 v meta_0/meta_0_ext/mem_0_0/R0_data[11] (cacti_meta_0_ext)
   0.1321    3.2097 ^ _2460_/Y (sky130_fd_sc_hd__xnor2_1)
   0.1064    3.3161 v _2461_/Y (sky130_fd_sc_hd__nand4_1)
   0.2588    3.5749 ^ _2466_/Y (sky130_fd_sc_hd__nor4_1)
   0.1148    3.6897 v _2467_/Y (sky130_fd_sc_hd__nand4_1)
   0.3668    4.0565 v _2486_/X (sky130_fd_sc_hd__or3_1)
   0.2504    4.3069 v _2487_/X (sky130_fd_sc_hd__clkbuf_1)
   0.2764    4.5833 ^ _3037_/Y (sky130_fd_sc_hd__mux2i_1)
   0.1820    4.7653 ^ _3038_/Y (sky130_fd_sc_hd__xnor2_1)
   0.1284    4.8937 v _3044_/Y (sky130_fd_sc_hd__a21oi_1)
   0.3640    5.2577 v _3051_/X (sky130_fd_sc_hd__maj3_1)
   0.2606    5.5183 ^ _3065_/Y (sky130_fd_sc_hd__a21boi_0)
   0.1436    5.6618 v _3069_/Y (sky130_fd_sc_hd__a21oi_1)
   0.3713    6.0331 v _3076_/X (sky130_fd_sc_hd__maj3_1)
   0.3880    6.4211 v _3083_/X (sky130_fd_sc_hd__maj3_1)
   0.2659    6.6870 v _3102_/X (sky130_fd_sc_hd__a211o_1)
   0.1219    6.8089 ^ _3103_/Y (sky130_fd_sc_hd__o21ai_0)
   0.1433    6.9522 v _3115_/Y (sky130_fd_sc_hd__a21oi_1)
   0.2004    7.1526 ^ _3120_/Y (sky130_fd_sc_hd__o21bai_1)
   0.1394    7.2920 v _3129_/Y (sky130_fd_sc_hd__o21ai_0)
   0.2235    7.5155 v _3132_/X (sky130_fd_sc_hd__a21o_1)
   0.1320    7.6474 ^ _3145_/Y (sky130_fd_sc_hd__nor2_1)
   0.0958    7.7433 v _3163_/Y (sky130_fd_sc_hd__nand2_1)
   0.3409    8.0842 v _3177_/X (sky130_fd_sc_hd__a311o_1)
   0.3917    8.4759 v _3190_/X (sky130_fd_sc_hd__or3_1)
   0.2971    8.7730 ^ _3193_/Y (sky130_fd_sc_hd__a31oi_1)
   0.1109    8.8839 v _3216_/Y (sky130_fd_sc_hd__nand2_1)
   0.2080    9.0919 ^ _3219_/Y (sky130_fd_sc_hd__a21oi_1)
   0.1902    9.2822 ^ _3230_/X (sky130_fd_sc_hd__lpflow_isobufsrc_1)
   0.1576    9.4397 ^ _3233_/X (sky130_fd_sc_hd__o21a_1)
   0.0729    9.5126 v _3235_/Y (sky130_fd_sc_hd__o22ai_1)
   0.0035    9.5161 v _5381_/D (sky130_fd_sc_hd__dfxtp_1)
             9.5161   data arrival time

  20.0000   20.0000   clock clock (rise edge)
   0.0000   20.0000   clock network delay (ideal)
   0.0000   20.0000   clock reconvergence pessimism
            20.0000 ^ _5381_/CLK (sky130_fd_sc_hd__dfxtp_1)
  -0.1290   19.8710   library setup time
            19.8710   data required time
-------------------------------------------------------------
            19.8710   data required time
            -9.5161   data arrival time
-------------------------------------------------------------
            10.3549   slack (MET)


Startpoint: meta_0/meta_0_ext/mem_0_0
            (rising edge-triggered flip-flop clocked by clock)
Endpoint: _5380_ (rising edge-triggered flip-flop clocked by clock)
Path Group: clock
Path Type: max

    Delay      Time   Description
-------------------------------------------------------------
   0.0000    0.0000   clock clock (rise edge)
   0.0000    0.0000   clock network delay (ideal)
   0.0000    0.0000 ^ meta_0/meta_0_ext/mem_0_0/R0_clk (cacti_meta_0_ext)
   3.0776    3.0776 v meta_0/meta_0_ext/mem_0_0/R0_data[11] (cacti_meta_0_ext)
   0.1321    3.2097 ^ _2460_/Y (sky130_fd_sc_hd__xnor2_1)
   0.1064    3.3161 v _2461_/Y (sky130_fd_sc_hd__nand4_1)
   0.2588    3.5749 ^ _2466_/Y (sky130_fd_sc_hd__nor4_1)
   0.1148    3.6897 v _2467_/Y (sky130_fd_sc_hd__nand4_1)
   0.3668    4.0565 v _2486_/X (sky130_fd_sc_hd__or3_1)
   0.2504    4.3069 v _2487_/X (sky130_fd_sc_hd__clkbuf_1)
   0.2764    4.5833 ^ _3037_/Y (sky130_fd_sc_hd__mux2i_1)
   0.1820    4.7653 ^ _3038_/Y (sky130_fd_sc_hd__xnor2_1)
   0.1284    4.8937 v _3044_/Y (sky130_fd_sc_hd__a21oi_1)
   0.3640    5.2577 v _3051_/X (sky130_fd_sc_hd__maj3_1)
   0.2606    5.5183 ^ _3065_/Y (sky130_fd_sc_hd__a21boi_0)
   0.1436    5.6618 v _3069_/Y (sky130_fd_sc_hd__a21oi_1)
   0.3713    6.0331 v _3076_/X (sky130_fd_sc_hd__maj3_1)
   0.3880    6.4211 v _3083_/X (sky130_fd_sc_hd__maj3_1)
   0.2659    6.6870 v _3102_/X (sky130_fd_sc_hd__a211o_1)
   0.1219    6.8089 ^ _3103_/Y (sky130_fd_sc_hd__o21ai_0)
   0.1433    6.9522 v _3115_/Y (sky130_fd_sc_hd__a21oi_1)
   0.2004    7.1526 ^ _3120_/Y (sky130_fd_sc_hd__o21bai_1)
   0.1394    7.2920 v _3129_/Y (sky130_fd_sc_hd__o21ai_0)
   0.2235    7.5155 v _3132_/X (sky130_fd_sc_hd__a21o_1)
   0.1320    7.6474 ^ _3145_/Y (sky130_fd_sc_hd__nor2_1)
   0.0958    7.7433 v _3163_/Y (sky130_fd_sc_hd__nand2_1)
   0.3409    8.0842 v _3177_/X (sky130_fd_sc_hd__a311o_1)
   0.3917    8.4759 v _3190_/X (sky130_fd_sc_hd__or3_1)
   0.2971    8.7730 ^ _3193_/Y (sky130_fd_sc_hd__a31oi_1)
   0.1109    8.8839 v _3216_/Y (sky130_fd_sc_hd__nand2_1)
   0.2080    9.0919 ^ _3219_/Y (sky130_fd_sc_hd__a21oi_1)
   0.0775    9.1694 v _3223_/Y (sky130_fd_sc_hd__a21oi_1)
   0.1805    9.3499 ^ _3225_/Y (sky130_fd_sc_hd__xnor2_1)
   0.0789    9.4288 v _3228_/Y (sky130_fd_sc_hd__a21oi_1)
   0.0035    9.4323 v _5380_/D (sky130_fd_sc_hd__dfxtp_1)
             9.4323   data arrival time

  20.0000   20.0000   clock clock (rise edge)
   0.0000   20.0000   clock network delay (ideal)
   0.0000   20.0000   clock reconvergence pessimism
            20.0000 ^ _5380_/CLK (sky130_fd_sc_hd__dfxtp_1)
  -0.1345   19.8655   library setup time
            19.8655   data required time
-------------------------------------------------------------
            19.8655   data required time
            -9.4323   data arrival time
-------------------------------------------------------------
            10.4332   slack (MET)


Startpoint: meta_0/meta_0_ext/mem_0_0
            (rising edge-triggered flip-flop clocked by clock)
Endpoint: _5648_ (rising edge-triggered flip-flop clocked by clock)
Path Group: clock
Path Type: max

    Delay      Time   Description
-------------------------------------------------------------
   0.0000    0.0000   clock clock (rise edge)
   0.0000    0.0000   clock network delay (ideal)
   0.0000    0.0000 ^ meta_0/meta_0_ext/mem_0_0/R0_clk (cacti_meta_0_ext)
   3.0776    3.0776 v meta_0/meta_0_ext/mem_0_0/R0_data[98] (cacti_meta_0_ext)
   0.1401    3.2177 v _2718_/X (sky130_fd_sc_hd__xor2_1)
   0.2064    3.4242 ^ _2719_/Y (sky130_fd_sc_hd__a221oi_1)
   0.1073    3.5315 v _2720_/Y (sky130_fd_sc_hd__nand3_1)
   0.3970    3.9284 ^ _2721_/Y (sky130_fd_sc_hd__nor4_1)
   0.3298    4.2582 v _2749_/Y (sky130_fd_sc_hd__nand2_1)
   0.2915    4.5497 ^ _4004_/Y (sky130_fd_sc_hd__mux2i_1)
   0.1796    4.7292 ^ _4005_/Y (sky130_fd_sc_hd__xnor2_1)
   0.2404    4.9696 ^ _4008_/X (sky130_fd_sc_hd__maj3_1)
   0.1958    5.1654 ^ _4016_/X (sky130_fd_sc_hd__maj3_1)
   0.1945    5.3598 ^ _4023_/X (sky130_fd_sc_hd__maj3_1)
   0.2067    5.5666 ^ _4031_/X (sky130_fd_sc_hd__maj3_1)
   0.4776    6.0442 v _4050_/X (sky130_fd_sc_hd__or3b_2)
   0.2494    6.2936 ^ _4076_/Y (sky130_fd_sc_hd__a211oi_1)
   0.1698    6.4634 v _4091_/Y (sky130_fd_sc_hd__o211ai_1)
   0.2264    6.6898 ^ _4112_/Y (sky130_fd_sc_hd__a211oi_1)
   0.1116    6.8014 v _4114_/Y (sky130_fd_sc_hd__a211oi_1)
   0.4155    7.2169 v _4129_/X (sky130_fd_sc_hd__o32a_1)
   0.3405    7.5574 v _4143_/X (sky130_fd_sc_hd__o31a_1)
   0.3361    7.8935 v _4156_/X (sky130_fd_sc_hd__o31a_1)
   0.3844    8.2779 v _4167_/X (sky130_fd_sc_hd__or3_1)
   0.1909    8.4688 ^ _4172_/Y (sky130_fd_sc_hd__a21oi_1)
   0.1304    8.5992 v _4184_/Y (sky130_fd_sc_hd__a21oi_1)
   0.3668    8.9660 v _4199_/X (sky130_fd_sc_hd__o32a_1)
   0.3125    9.2785 v _4202_/X (sky130_fd_sc_hd__or2_2)
   0.0727    9.3512 ^ _4203_/Y (sky130_fd_sc_hd__nand2_1)
   0.0588    9.4100 v _4205_/Y (sky130_fd_sc_hd__a21oi_1)
   0.0035    9.4135 v _5648_/D (sky130_fd_sc_hd__dfxtp_1)
             9.4135   data arrival time

  20.0000   20.0000   clock clock (rise edge)
   0.0000   20.0000   clock network delay (ideal)
   0.0000   20.0000   clock reconvergence pessimism
            20.0000 ^ _5648_/CLK (sky130_fd_sc_hd__dfxtp_1)
  -0.1345   19.8655   library setup time
            19.8655   data required time
-------------------------------------------------------------
            19.8655   data required time
            -9.4135   data arrival time
-------------------------------------------------------------
            10.4520   slack (MET)


Startpoint: meta_0/meta_0_ext/mem_0_0
            (rising edge-triggered flip-flop clocked by clock)
Endpoint: _5378_ (rising edge-triggered flip-flop clocked by clock)
Path Group: clock
Path Type: max

    Delay      Time   Description
-------------------------------------------------------------
   0.0000    0.0000   clock clock (rise edge)
   0.0000    0.0000   clock network delay (ideal)
   0.0000    0.0000 ^ meta_0/meta_0_ext/mem_0_0/R0_clk (cacti_meta_0_ext)
   3.0776    3.0776 v meta_0/meta_0_ext/mem_0_0/R0_data[11] (cacti_meta_0_ext)
   0.1321    3.2097 ^ _2460_/Y (sky130_fd_sc_hd__xnor2_1)
   0.1064    3.3161 v _2461_/Y (sky130_fd_sc_hd__nand4_1)
   0.2588    3.5749 ^ _2466_/Y (sky130_fd_sc_hd__nor4_1)
   0.1148    3.6897 v _2467_/Y (sky130_fd_sc_hd__nand4_1)
   0.3668    4.0565 v _2486_/X (sky130_fd_sc_hd__or3_1)
   0.2504    4.3069 v _2487_/X (sky130_fd_sc_hd__clkbuf_1)
   0.2764    4.5833 ^ _3037_/Y (sky130_fd_sc_hd__mux2i_1)
   0.1820    4.7653 ^ _3038_/Y (sky130_fd_sc_hd__xnor2_1)
   0.1284    4.8937 v _3044_/Y (sky130_fd_sc_hd__a21oi_1)
   0.3640    5.2577 v _3051_/X (sky130_fd_sc_hd__maj3_1)
   0.2606    5.5183 ^ _3065_/Y (sky130_fd_sc_hd__a21boi_0)
   0.1436    5.6618 v _3069_/Y (sky130_fd_sc_hd__a21oi_1)
   0.3713    6.0331 v _3076_/X (sky130_fd_sc_hd__maj3_1)
   0.3880    6.4211 v _3083_/X (sky130_fd_sc_hd__maj3_1)
   0.2659    6.6870 v _3102_/X (sky130_fd_sc_hd__a211o_1)
   0.1219    6.8089 ^ _3103_/Y (sky130_fd_sc_hd__o21ai_0)
   0.1433    6.9522 v _3115_/Y (sky130_fd_sc_hd__a21oi_1)
   0.2004    7.1526 ^ _3120_/Y (sky130_fd_sc_hd__o21bai_1)
   0.1394    7.2920 v _3129_/Y (sky130_fd_sc_hd__o21ai_0)
   0.2235    7.5155 v _3132_/X (sky130_fd_sc_hd__a21o_1)
   0.1320    7.6474 ^ _3145_/Y (sky130_fd_sc_hd__nor2_1)
   0.0958    7.7433 v _3163_/Y (sky130_fd_sc_hd__nand2_1)
   0.3409    8.0842 v _3177_/X (sky130_fd_sc_hd__a311o_1)
   0.3917    8.4759 v _3190_/X (sky130_fd_sc_hd__or3_1)
   0.2971    8.7730 ^ _3193_/Y (sky130_fd_sc_hd__a31oi_1)
   0.1657    8.9387 v _3204_/Y (sky130_fd_sc_hd__o22ai_1)
   0.2097    9.1484 ^ _3209_/Y (sky130_fd_sc_hd__o21ai_0)
   0.1656    9.3140 ^ _3211_/X (sky130_fd_sc_hd__xor2_1)
   0.0775    9.3915 v _3213_/Y (sky130_fd_sc_hd__a21oi_1)
   0.0035    9.3950 v _5378_/D (sky130_fd_sc_hd__dfxtp_1)
             9.3950   data arrival time

  20.0000   20.0000   clock clock (rise edge)
   0.0000   20.0000   clock network delay (ideal)
   0.0000   20.0000   clock reconvergence pessimism
            20.0000 ^ _5378_/CLK (sky130_fd_sc_hd__dfxtp_1)
  -0.1345   19.8655   library setup time
            19.8655   data required time
-------------------------------------------------------------
            19.8655   data required time
            -9.3950   data arrival time
-------------------------------------------------------------
            10.4705   slack (MET)


Startpoint: meta_0/meta_0_ext/mem_0_0
            (rising edge-triggered flip-flop clocked by clock)
Endpoint: _5564_ (rising edge-triggered flip-flop clocked by clock)
Path Group: clock
Path Type: max

    Delay      Time   Description
-------------------------------------------------------------
   0.0000    0.0000   clock clock (rise edge)
   0.0000    0.0000   clock network delay (ideal)
   0.0000    0.0000 ^ meta_0/meta_0_ext/mem_0_0/R0_clk (cacti_meta_0_ext)
   3.0776    3.0776 v meta_0/meta_0_ext/mem_0_0/R0_data[86] (cacti_meta_0_ext)
   0.1401    3.2177 v _2630_/X (sky130_fd_sc_hd__xor2_1)
   0.1959    3.4137 ^ _2631_/Y (sky130_fd_sc_hd__a221oi_1)
   0.2417    3.6554 ^ _2632_/Y (sky130_fd_sc_hd__nor3b_1)
   0.2750    3.9304 ^ _2634_/X (sky130_fd_sc_hd__and4_1)
   0.1573    4.0876 v _2664_/Y (sky130_fd_sc_hd__nand2_1)
   0.2840    4.3716 ^ _3672_/X (sky130_fd_sc_hd__mux2_2)
   0.1924    4.5640 ^ _3683_/X (sky130_fd_sc_hd__maj3_1)
   0.1179    4.6819 v _3698_/Y (sky130_fd_sc_hd__a31oi_1)
   0.3728    5.0547 v _3707_/X (sky130_fd_sc_hd__maj3_1)
   0.2303    5.2849 v _3716_/X (sky130_fd_sc_hd__o21a_1)
   0.2181    5.5031 ^ _3734_/Y (sky130_fd_sc_hd__nor3_1)
   0.1610    5.6641 v _3756_/Y (sky130_fd_sc_hd__o211ai_1)
   0.2799    5.9440 ^ _3777_/Y (sky130_fd_sc_hd__a211oi_1)
   0.1874    6.1314 v _3796_/Y (sky130_fd_sc_hd__o211ai_1)
   0.2288    6.3601 ^ _3817_/Y (sky130_fd_sc_hd__a211oi_1)
   0.1059    6.4660 v _3819_/Y (sky130_fd_sc_hd__nor2_1)
   0.3414    6.8073 ^ _3834_/Y (sky130_fd_sc_hd__o31ai_1)
   0.1137    6.9211 v _3841_/Y (sky130_fd_sc_hd__nand2_1)
   0.2237    7.1448 ^ _3848_/Y (sky130_fd_sc_hd__o32ai_1)
   0.2297    7.3745 ^ _3861_/Y (sky130_fd_sc_hd__nor3b_1)
   0.1023    7.4767 v _3863_/Y (sky130_fd_sc_hd__nor2_1)
   0.3404    7.8172 ^ _3877_/Y (sky130_fd_sc_hd__o31ai_1)
   0.1130    7.9301 v _3883_/Y (sky130_fd_sc_hd__nand2_1)
   0.1936    8.1237 v _3891_/X (sky130_fd_sc_hd__o32a_1)
   0.3125    8.4362 v _3895_/X (sky130_fd_sc_hd__or2_2)
   0.1895    8.6257 ^ _3904_/Y (sky130_fd_sc_hd__o32ai_1)
   0.1086    8.7344 v _3910_/Y (sky130_fd_sc_hd__nand2_1)
   0.2313    8.9656 v _3916_/X (sky130_fd_sc_hd__o22a_1)
   0.1113    9.0769 ^ _3923_/Y (sky130_fd_sc_hd__nor2_1)
   0.0582    9.1351 v _3924_/Y (sky130_fd_sc_hd__a21oi_1)
   0.1773    9.3124 ^ _3926_/Y (sky130_fd_sc_hd__xnor2_1)
   0.0787    9.3911 v _3928_/Y (sky130_fd_sc_hd__a21oi_1)
   0.0035    9.3946 v _5564_/D (sky130_fd_sc_hd__dfxtp_1)
             9.3946   data arrival time

  20.0000   20.0000   clock clock (rise edge)
   0.0000   20.0000   clock network delay (ideal)
   0.0000   20.0000   clock reconvergence pessimism
            20.0000 ^ _5564_/CLK (sky130_fd_sc_hd__dfxtp_1)
  -0.1345   19.8655   library setup time
            19.8655   data required time
-------------------------------------------------------------
            19.8655   data required time
            -9.3946   data arrival time
-------------------------------------------------------------
            10.4709   slack (MET)


Startpoint: meta_0/meta_0_ext/mem_0_0
            (rising edge-triggered flip-flop clocked by clock)
Endpoint: _5379_ (rising edge-triggered flip-flop clocked by clock)
Path Group: clock
Path Type: max

    Delay      Time   Description
-------------------------------------------------------------
   0.0000    0.0000   clock clock (rise edge)
   0.0000    0.0000   clock network delay (ideal)
   0.0000    0.0000 ^ meta_0/meta_0_ext/mem_0_0/R0_clk (cacti_meta_0_ext)
   3.0776    3.0776 v meta_0/meta_0_ext/mem_0_0/R0_data[11] (cacti_meta_0_ext)
   0.1321    3.2097 ^ _2460_/Y (sky130_fd_sc_hd__xnor2_1)
   0.1064    3.3161 v _2461_/Y (sky130_fd_sc_hd__nand4_1)
   0.2588    3.5749 ^ _2466_/Y (sky130_fd_sc_hd__nor4_1)
   0.1148    3.6897 v _2467_/Y (sky130_fd_sc_hd__nand4_1)
   0.3668    4.0565 v _2486_/X (sky130_fd_sc_hd__or3_1)
   0.2504    4.3069 v _2487_/X (sky130_fd_sc_hd__clkbuf_1)
   0.2764    4.5833 ^ _3037_/Y (sky130_fd_sc_hd__mux2i_1)
   0.1820    4.7653 ^ _3038_/Y (sky130_fd_sc_hd__xnor2_1)
   0.1284    4.8937 v _3044_/Y (sky130_fd_sc_hd__a21oi_1)
   0.3640    5.2577 v _3051_/X (sky130_fd_sc_hd__maj3_1)
   0.2606    5.5183 ^ _3065_/Y (sky130_fd_sc_hd__a21boi_0)
   0.1436    5.6618 v _3069_/Y (sky130_fd_sc_hd__a21oi_1)
   0.3713    6.0331 v _3076_/X (sky130_fd_sc_hd__maj3_1)
   0.3880    6.4211 v _3083_/X (sky130_fd_sc_hd__maj3_1)
   0.2659    6.6870 v _3102_/X (sky130_fd_sc_hd__a211o_1)
   0.1219    6.8089 ^ _3103_/Y (sky130_fd_sc_hd__o21ai_0)
   0.1433    6.9522 v _3115_/Y (sky130_fd_sc_hd__a21oi_1)
   0.2004    7.1526 ^ _3120_/Y (sky130_fd_sc_hd__o21bai_1)
   0.1394    7.2920 v _3129_/Y (sky130_fd_sc_hd__o21ai_0)
   0.2235    7.5155 v _3132_/X (sky130_fd_sc_hd__a21o_1)
   0.1320    7.6474 ^ _3145_/Y (sky130_fd_sc_hd__nor2_1)
   0.0958    7.7433 v _3163_/Y (sky130_fd_sc_hd__nand2_1)
   0.3409    8.0842 v _3177_/X (sky130_fd_sc_hd__a311o_1)
   0.3917    8.4759 v _3190_/X (sky130_fd_sc_hd__or3_1)
   0.2971    8.7730 ^ _3193_/Y (sky130_fd_sc_hd__a31oi_1)
   0.1109    8.8839 v _3216_/Y (sky130_fd_sc_hd__nand2_1)
   0.2080    9.0919 ^ _3219_/Y (sky130_fd_sc_hd__a21oi_1)
   0.1304    9.2223 ^ _3221_/Y (sky130_fd_sc_hd__nand3b_1)
   0.0740    9.2963 v _3222_/Y (sky130_fd_sc_hd__o21ai_0)
   0.0035    9.2998 v _5379_/D (sky130_fd_sc_hd__dfxtp_1)
             9.2998   data arrival time

  20.0000   20.0000   clock clock (rise edge)
   0.0000   20.0000   clock network delay (ideal)
   0.0000   20.0000   clock reconvergence pessimism
            20.0000 ^ _5379_/CLK (sky130_fd_sc_hd__dfxtp_1)
  -0.1306   19.8694   library setup time
            19.8694   data required time
-------------------------------------------------------------
            19.8694   data required time
            -9.2998   data arrival time
-------------------------------------------------------------
            10.5695   slack (MET)


Startpoint: meta_0/meta_0_ext/mem_0_0
            (rising edge-triggered flip-flop clocked by clock)
Endpoint: _5471_ (rising edge-triggered flip-flop clocked by clock)
Path Group: clock
Path Type: max

    Delay      Time   Description
-------------------------------------------------------------
   0.0000    0.0000   clock clock (rise edge)
   0.0000    0.0000   clock network delay (ideal)
   0.0000    0.0000 ^ meta_0/meta_0_ext/mem_0_0/R0_clk (cacti_meta_0_ext)
   3.0776    3.0776 v meta_0/meta_0_ext/mem_0_0/R0_data[41] (cacti_meta_0_ext)
   0.1303    3.2079 ^ _2542_/Y (sky130_fd_sc_hd__xnor2_1)
   0.1169    3.3248 v _2543_/Y (sky130_fd_sc_hd__o221ai_1)
   0.3629    3.6877 ^ _2544_/Y (sky130_fd_sc_hd__a2111oi_0)
   0.1577    3.8454 v _3329_/Y (sky130_fd_sc_hd__nand4_1)
   0.3806    4.2260 v _3339_/X (sky130_fd_sc_hd__or3_1)
   0.2747    4.5007 ^ _3340_/Y (sky130_fd_sc_hd__a21oi_1)
   0.1914    4.6921 v _3348_/Y (sky130_fd_sc_hd__o21ai_0)
   0.3897    5.0819 v _3357_/X (sky130_fd_sc_hd__maj3_1)
   0.3712    5.4531 v _3363_/X (sky130_fd_sc_hd__maj3_1)
   0.2174    5.6705 v _3373_/X (sky130_fd_sc_hd__o21a_1)
   0.2172    5.8877 v _3383_/X (sky130_fd_sc_hd__o21a_1)
   0.2744    6.1621 ^ _3404_/Y (sky130_fd_sc_hd__o31ai_1)
   0.1257    6.2878 v _3426_/Y (sky130_fd_sc_hd__o211ai_1)
   0.2165    6.5043 ^ _3441_/Y (sky130_fd_sc_hd__a211oi_1)
   0.1024    6.6067 v _3444_/Y (sky130_fd_sc_hd__nor2_1)
   0.4015    7.0083 v _3459_/X (sky130_fd_sc_hd__or3_1)
   0.2474    7.2556 ^ _3481_/Y (sky130_fd_sc_hd__a211oi_1)
   0.1503    7.4060 v _3498_/Y (sky130_fd_sc_hd__o211ai_1)
   0.1947    7.6007 v _3503_/X (sky130_fd_sc_hd__a21o_1)
   0.2103    7.8110 v _3514_/X (sky130_fd_sc_hd__o32a_1)
   0.3785    8.1894 ^ _3527_/Y (sky130_fd_sc_hd__o32ai_1)
   0.1082    8.2976 v _3534_/Y (sky130_fd_sc_hd__nand2_1)
   0.1840    8.4816 ^ _3541_/Y (sky130_fd_sc_hd__o32ai_1)
   0.1149    8.5965 v _3547_/Y (sky130_fd_sc_hd__nand2_1)
   0.2099    8.8063 v _3557_/X (sky130_fd_sc_hd__o32a_1)
   0.1998    9.0062 ^ _3565_/Y (sky130_fd_sc_hd__o22ai_1)
   0.1617    9.1679 ^ _3567_/X (sky130_fd_sc_hd__xor2_1)
   0.0775    9.2454 v _3569_/Y (sky130_fd_sc_hd__a21oi_1)
   0.0035    9.2489 v _5471_/D (sky130_fd_sc_hd__dfxtp_1)
             9.2489   data arrival time

  20.0000   20.0000   clock clock (rise edge)
   0.0000   20.0000   clock network delay (ideal)
   0.0000   20.0000   clock reconvergence pessimism
            20.0000 ^ _5471_/CLK (sky130_fd_sc_hd__dfxtp_1)
  -0.1345   19.8655   library setup time
            19.8655   data required time
-------------------------------------------------------------
            19.8655   data required time
            -9.2489   data arrival time
-------------------------------------------------------------
            10.6166   slack (MET)


Startpoint: meta_0/meta_0_ext/mem_0_0
            (rising edge-triggered flip-flop clocked by clock)
Endpoint: _5563_ (rising edge-triggered flip-flop clocked by clock)
Path Group: clock
Path Type: max

    Delay      Time   Description
-------------------------------------------------------------
   0.0000    0.0000   clock clock (rise edge)
   0.0000    0.0000   clock network delay (ideal)
   0.0000    0.0000 ^ meta_0/meta_0_ext/mem_0_0/R0_clk (cacti_meta_0_ext)
   3.0776    3.0776 v meta_0/meta_0_ext/mem_0_0/R0_data[86] (cacti_meta_0_ext)
   0.1401    3.2177 v _2630_/X (sky130_fd_sc_hd__xor2_1)
   0.1959    3.4137 ^ _2631_/Y (sky130_fd_sc_hd__a221oi_1)
   0.2417    3.6554 ^ _2632_/Y (sky130_fd_sc_hd__nor3b_1)
   0.2750    3.9304 ^ _2634_/X (sky130_fd_sc_hd__and4_1)
   0.1573    4.0876 v _2664_/Y (sky130_fd_sc_hd__nand2_1)
   0.2840    4.3716 ^ _3672_/X (sky130_fd_sc_hd__mux2_2)
   0.1924    4.5640 ^ _3683_/X (sky130_fd_sc_hd__maj3_1)
   0.1179    4.6819 v _3698_/Y (sky130_fd_sc_hd__a31oi_1)
   0.3728    5.0547 v _3707_/X (sky130_fd_sc_hd__maj3_1)
   0.2303    5.2849 v _3716_/X (sky130_fd_sc_hd__o21a_1)
   0.2181    5.5031 ^ _3734_/Y (sky130_fd_sc_hd__nor3_1)
   0.1610    5.6641 v _3756_/Y (sky130_fd_sc_hd__o211ai_1)
   0.2799    5.9440 ^ _3777_/Y (sky130_fd_sc_hd__a211oi_1)
   0.1874    6.1314 v _3796_/Y (sky130_fd_sc_hd__o211ai_1)
   0.2288    6.3601 ^ _3817_/Y (sky130_fd_sc_hd__a211oi_1)
   0.1059    6.4660 v _3819_/Y (sky130_fd_sc_hd__nor2_1)
   0.3414    6.8073 ^ _3834_/Y (sky130_fd_sc_hd__o31ai_1)
   0.1137    6.9211 v _3841_/Y (sky130_fd_sc_hd__nand2_1)
   0.2237    7.1448 ^ _3848_/Y (sky130_fd_sc_hd__o32ai_1)
   0.2297    7.3745 ^ _3861_/Y (sky130_fd_sc_hd__nor3b_1)
   0.1023    7.4767 v _3863_/Y (sky130_fd_sc_hd__nor2_1)
   0.3404    7.8172 ^ _3877_/Y (sky130_fd_sc_hd__o31ai_1)
   0.1130    7.9301 v _3883_/Y (sky130_fd_sc_hd__nand2_1)
   0.1936    8.1237 v _3891_/X (sky130_fd_sc_hd__o32a_1)
   0.3125    8.4362 v _3895_/X (sky130_fd_sc_hd__or2_2)
   0.1895    8.6257 ^ _3904_/Y (sky130_fd_sc_hd__o32ai_1)
   0.1086    8.7344 v _3910_/Y (sky130_fd_sc_hd__nand2_1)
   0.2313    8.9656 v _3916_/X (sky130_fd_sc_hd__o22a_1)
   0.1622    9.1278 ^ _3919_/Y (sky130_fd_sc_hd__xnor2_1)
   0.0788    9.2066 v _3921_/Y (sky130_fd_sc_hd__a21oi_1)
   0.0035    9.2101 v _5563_/D (sky130_fd_sc_hd__dfxtp_1)
             9.2101   data arrival time

  20.0000   20.0000   clock clock (rise edge)
   0.0000   20.0000   clock network delay (ideal)
   0.0000   20.0000   clock reconvergence pessimism
            20.0000 ^ _5563_/CLK (sky130_fd_sc_hd__dfxtp_1)
  -0.1345   19.8655   library setup time
            19.8655   data required time
-------------------------------------------------------------
            19.8655   data required time
            -9.2101   data arrival time
-------------------------------------------------------------
            10.6554   slack (MET)


Startpoint: meta_0/meta_0_ext/mem_0_0
            (rising edge-triggered flip-flop clocked by clock)
Endpoint: _5377_ (rising edge-triggered flip-flop clocked by clock)
Path Group: clock
Path Type: max

    Delay      Time   Description
-------------------------------------------------------------
   0.0000    0.0000   clock clock (rise edge)
   0.0000    0.0000   clock network delay (ideal)
   0.0000    0.0000 ^ meta_0/meta_0_ext/mem_0_0/R0_clk (cacti_meta_0_ext)
   3.0776    3.0776 v meta_0/meta_0_ext/mem_0_0/R0_data[11] (cacti_meta_0_ext)
   0.1321    3.2097 ^ _2460_/Y (sky130_fd_sc_hd__xnor2_1)
   0.1064    3.3161 v _2461_/Y (sky130_fd_sc_hd__nand4_1)
   0.2588    3.5749 ^ _2466_/Y (sky130_fd_sc_hd__nor4_1)
   0.1148    3.6897 v _2467_/Y (sky130_fd_sc_hd__nand4_1)
   0.3668    4.0565 v _2486_/X (sky130_fd_sc_hd__or3_1)
   0.2504    4.3069 v _2487_/X (sky130_fd_sc_hd__clkbuf_1)
   0.2764    4.5833 ^ _3037_/Y (sky130_fd_sc_hd__mux2i_1)
   0.1820    4.7653 ^ _3038_/Y (sky130_fd_sc_hd__xnor2_1)
   0.1284    4.8937 v _3044_/Y (sky130_fd_sc_hd__a21oi_1)
   0.3640    5.2577 v _3051_/X (sky130_fd_sc_hd__maj3_1)
   0.2606    5.5183 ^ _3065_/Y (sky130_fd_sc_hd__a21boi_0)
   0.1436    5.6618 v _3069_/Y (sky130_fd_sc_hd__a21oi_1)
   0.3713    6.0331 v _3076_/X (sky130_fd_sc_hd__maj3_1)
   0.3880    6.4211 v _3083_/X (sky130_fd_sc_hd__maj3_1)
   0.2659    6.6870 v _3102_/X (sky130_fd_sc_hd__a211o_1)
   0.1219    6.8089 ^ _3103_/Y (sky130_fd_sc_hd__o21ai_0)
   0.1433    6.9522 v _3115_/Y (sky130_fd_sc_hd__a21oi_1)
   0.2004    7.1526 ^ _3120_/Y (sky130_fd_sc_hd__o21bai_1)
   0.1394    7.2920 v _3129_/Y (sky130_fd_sc_hd__o21ai_0)
   0.2235    7.5155 v _3132_/X (sky130_fd_sc_hd__a21o_1)
   0.1320    7.6474 ^ _3145_/Y (sky130_fd_sc_hd__nor2_1)
   0.0958    7.7433 v _3163_/Y (sky130_fd_sc_hd__nand2_1)
   0.3409    8.0842 v _3177_/X (sky130_fd_sc_hd__a311o_1)
   0.3917    8.4759 v _3190_/X (sky130_fd_sc_hd__or3_1)
   0.2971    8.7730 ^ _3193_/Y (sky130_fd_sc_hd__a31oi_1)
   0.1657    8.9387 v _3204_/Y (sky130_fd_sc_hd__o22ai_1)
   0.1576    9.0963 ^ _3205_/Y (sky130_fd_sc_hd__xnor2_1)
   0.0787    9.1751 v _3207_/Y (sky130_fd_sc_hd__a21oi_1)
   0.0035    9.1786 v _5377_/D (sky130_fd_sc_hd__dfxtp_1)
             9.1786   data arrival time

  20.0000   20.0000   clock clock (rise edge)
   0.0000   20.0000   clock network delay (ideal)
   0.0000   20.0000   clock reconvergence pessimism
            20.0000 ^ _5377_/CLK (sky130_fd_sc_hd__dfxtp_1)
  -0.1345   19.8655   library setup time
            19.8655   data required time
-------------------------------------------------------------
            19.8655   data required time
            -9.1786   data arrival time
-------------------------------------------------------------
            10.6870   slack (MET)


Startpoint: meta_0/meta_0_ext/mem_0_0
            (rising edge-triggered flip-flop clocked by clock)
Endpoint: _5376_ (rising edge-triggered flip-flop clocked by clock)
Path Group: clock
Path Type: max

    Delay      Time   Description
-------------------------------------------------------------
   0.0000    0.0000   clock clock (rise edge)
   0.0000    0.0000   clock network delay (ideal)
   0.0000    0.0000 ^ meta_0/meta_0_ext/mem_0_0/R0_clk (cacti_meta_0_ext)
   3.0776    3.0776 v meta_0/meta_0_ext/mem_0_0/R0_data[11] (cacti_meta_0_ext)
   0.1321    3.2097 ^ _2460_/Y (sky130_fd_sc_hd__xnor2_1)
   0.1064    3.3161 v _2461_/Y (sky130_fd_sc_hd__nand4_1)
   0.2588    3.5749 ^ _2466_/Y (sky130_fd_sc_hd__nor4_1)
   0.1148    3.6897 v _2467_/Y (sky130_fd_sc_hd__nand4_1)
   0.3668    4.0565 v _2486_/X (sky130_fd_sc_hd__or3_1)
   0.2504    4.3069 v _2487_/X (sky130_fd_sc_hd__clkbuf_1)
   0.2764    4.5833 ^ _3037_/Y (sky130_fd_sc_hd__mux2i_1)
   0.1820    4.7653 ^ _3038_/Y (sky130_fd_sc_hd__xnor2_1)
   0.1284    4.8937 v _3044_/Y (sky130_fd_sc_hd__a21oi_1)
   0.3640    5.2577 v _3051_/X (sky130_fd_sc_hd__maj3_1)
   0.2606    5.5183 ^ _3065_/Y (sky130_fd_sc_hd__a21boi_0)
   0.1436    5.6618 v _3069_/Y (sky130_fd_sc_hd__a21oi_1)
   0.3713    6.0331 v _3076_/X (sky130_fd_sc_hd__maj3_1)
   0.3880    6.4211 v _3083_/X (sky130_fd_sc_hd__maj3_1)
   0.2659    6.6870 v _3102_/X (sky130_fd_sc_hd__a211o_1)
   0.1219    6.8089 ^ _3103_/Y (sky130_fd_sc_hd__o21ai_0)
   0.1433    6.9522 v _3115_/Y (sky130_fd_sc_hd__a21oi_1)
   0.2004    7.1526 ^ _3120_/Y (sky130_fd_sc_hd__o21bai_1)
   0.1394    7.2920 v _3129_/Y (sky130_fd_sc_hd__o21ai_0)
   0.2235    7.5155 v _3132_/X (sky130_fd_sc_hd__a21o_1)
   0.1320    7.6474 ^ _3145_/Y (sky130_fd_sc_hd__nor2_1)
   0.0958    7.7433 v _3163_/Y (sky130_fd_sc_hd__nand2_1)
   0.3409    8.0842 v _3177_/X (sky130_fd_sc_hd__a311o_1)
   0.3917    8.4759 v _3190_/X (sky130_fd_sc_hd__or3_1)
   0.2971    8.7730 ^ _3193_/Y (sky130_fd_sc_hd__a31oi_1)
   0.0897    8.8626 v _3197_/Y (sky130_fd_sc_hd__a21oi_1)
   0.1783    9.0410 ^ _3199_/Y (sky130_fd_sc_hd__xnor2_1)
   0.0787    9.1196 v _3201_/Y (sky130_fd_sc_hd__a21oi_1)
   0.0035    9.1231 v _5376_/D (sky130_fd_sc_hd__dfxtp_1)
             9.1231   data arrival time

  20.0000   20.0000   clock clock (rise edge)
   0.0000   20.0000   clock network delay (ideal)
   0.0000   20.0000   clock reconvergence pessimism
            20.0000 ^ _5376_/CLK (sky130_fd_sc_hd__dfxtp_1)
  -0.1345   19.8655   library setup time
            19.8655   data required time
-------------------------------------------------------------
            19.8655   data required time
            -9.1231   data arrival time
-------------------------------------------------------------
            10.7424   slack (MET)


Startpoint: meta_0/meta_0_ext/mem_0_0
            (rising edge-triggered flip-flop clocked by clock)
Endpoint: _5562_ (rising edge-triggered flip-flop clocked by clock)
Path Group: clock
Path Type: max

    Delay      Time   Description
-------------------------------------------------------------
   0.0000    0.0000   clock clock (rise edge)
   0.0000    0.0000   clock network delay (ideal)
   0.0000    0.0000 ^ meta_0/meta_0_ext/mem_0_0/R0_clk (cacti_meta_0_ext)
   3.0776    3.0776 v meta_0/meta_0_ext/mem_0_0/R0_data[86] (cacti_meta_0_ext)
   0.1401    3.2177 v _2630_/X (sky130_fd_sc_hd__xor2_1)
   0.1959    3.4137 ^ _2631_/Y (sky130_fd_sc_hd__a221oi_1)
   0.2417    3.6554 ^ _2632_/Y (sky130_fd_sc_hd__nor3b_1)
   0.2750    3.9304 ^ _2634_/X (sky130_fd_sc_hd__and4_1)
   0.1573    4.0876 v _2664_/Y (sky130_fd_sc_hd__nand2_1)
   0.2840    4.3716 ^ _3672_/X (sky130_fd_sc_hd__mux2_2)
   0.1924    4.5640 ^ _3683_/X (sky130_fd_sc_hd__maj3_1)
   0.1179    4.6819 v _3698_/Y (sky130_fd_sc_hd__a31oi_1)
   0.3728    5.0547 v _3707_/X (sky130_fd_sc_hd__maj3_1)
   0.2303    5.2849 v _3716_/X (sky130_fd_sc_hd__o21a_1)
   0.2181    5.5031 ^ _3734_/Y (sky130_fd_sc_hd__nor3_1)
   0.1610    5.6641 v _3756_/Y (sky130_fd_sc_hd__o211ai_1)
   0.2799    5.9440 ^ _3777_/Y (sky130_fd_sc_hd__a211oi_1)
   0.1874    6.1314 v _3796_/Y (sky130_fd_sc_hd__o211ai_1)
   0.2288    6.3601 ^ _3817_/Y (sky130_fd_sc_hd__a211oi_1)
   0.1059    6.4660 v _3819_/Y (sky130_fd_sc_hd__nor2_1)
   0.3414    6.8073 ^ _3834_/Y (sky130_fd_sc_hd__o31ai_1)
   0.1137    6.9211 v _3841_/Y (sky130_fd_sc_hd__nand2_1)
   0.2237    7.1448 ^ _3848_/Y (sky130_fd_sc_hd__o32ai_1)
   0.2297    7.3745 ^ _3861_/Y (sky130_fd_sc_hd__nor3b_1)
   0.1023    7.4767 v _3863_/Y (sky130_fd_sc_hd__nor2_1)
   0.3404    7.8172 ^ _3877_/Y (sky130_fd_sc_hd__o31ai_1)
   0.1130    7.9301 v _3883_/Y (sky130_fd_sc_hd__nand2_1)
   0.1936    8.1237 v _3891_/X (sky130_fd_sc_hd__o32a_1)
   0.3125    8.4362 v _3895_/X (sky130_fd_sc_hd__or2_2)
   0.1895    8.6257 ^ _3904_/Y (sky130_fd_sc_hd__o32ai_1)
   0.1086    8.7344 v _3910_/Y (sky130_fd_sc_hd__nand2_1)
   0.1103    8.8447 ^ _3911_/Y (sky130_fd_sc_hd__o21ai_0)
   0.1656    9.0103 ^ _3913_/X (sky130_fd_sc_hd__xor2_1)
   0.0775    9.0878 v _3915_/Y (sky130_fd_sc_hd__a21oi_1)
   0.0035    9.0913 v _5562_/D (sky130_fd_sc_hd__dfxtp_1)
             9.0913   data arrival time

  20.0000   20.0000   clock clock (rise edge)
   0.0000   20.0000   clock network delay (ideal)
   0.0000   20.0000   clock reconvergence pessimism
            20.0000 ^ _5562_/CLK (sky130_fd_sc_hd__dfxtp_1)
  -0.1345   19.8655   library setup time
            19.8655   data required time
-------------------------------------------------------------
            19.8655   data required time
            -9.0913   data arrival time
-------------------------------------------------------------
            10.7742   slack (MET)


Startpoint: meta_0/meta_0_ext/mem_0_0
            (rising edge-triggered flip-flop clocked by clock)
Endpoint: _5647_ (rising edge-triggered flip-flop clocked by clock)
Path Group: clock
Path Type: max

    Delay      Time   Description
-------------------------------------------------------------
   0.0000    0.0000   clock clock (rise edge)
   0.0000    0.0000   clock network delay (ideal)
   0.0000    0.0000 ^ meta_0/meta_0_ext/mem_0_0/R0_clk (cacti_meta_0_ext)
   3.0776    3.0776 v meta_0/meta_0_ext/mem_0_0/R0_data[98] (cacti_meta_0_ext)
   0.1401    3.2177 v _2718_/X (sky130_fd_sc_hd__xor2_1)
   0.2064    3.4242 ^ _2719_/Y (sky130_fd_sc_hd__a221oi_1)
   0.1073    3.5315 v _2720_/Y (sky130_fd_sc_hd__nand3_1)
   0.3970    3.9284 ^ _2721_/Y (sky130_fd_sc_hd__nor4_1)
   0.3298    4.2582 v _2749_/Y (sky130_fd_sc_hd__nand2_1)
   0.2915    4.5497 ^ _4004_/Y (sky130_fd_sc_hd__mux2i_1)
   0.1796    4.7292 ^ _4005_/Y (sky130_fd_sc_hd__xnor2_1)
   0.2404    4.9696 ^ _4008_/X (sky130_fd_sc_hd__maj3_1)
   0.1958    5.1654 ^ _4016_/X (sky130_fd_sc_hd__maj3_1)
   0.1945    5.3598 ^ _4023_/X (sky130_fd_sc_hd__maj3_1)
   0.2067    5.5666 ^ _4031_/X (sky130_fd_sc_hd__maj3_1)
   0.4776    6.0442 v _4050_/X (sky130_fd_sc_hd__or3b_2)
   0.2494    6.2936 ^ _4076_/Y (sky130_fd_sc_hd__a211oi_1)
   0.1698    6.4634 v _4091_/Y (sky130_fd_sc_hd__o211ai_1)
   0.2264    6.6898 ^ _4112_/Y (sky130_fd_sc_hd__a211oi_1)
   0.1116    6.8014 v _4114_/Y (sky130_fd_sc_hd__a211oi_1)
   0.4155    7.2169 v _4129_/X (sky130_fd_sc_hd__o32a_1)
   0.3405    7.5574 v _4143_/X (sky130_fd_sc_hd__o31a_1)
   0.3361    7.8935 v _4156_/X (sky130_fd_sc_hd__o31a_1)
   0.3844    8.2779 v _4167_/X (sky130_fd_sc_hd__or3_1)
   0.1909    8.4688 ^ _4172_/Y (sky130_fd_sc_hd__a21oi_1)
   0.1304    8.5992 v _4184_/Y (sky130_fd_sc_hd__a21oi_1)
   0.2157    8.8149 ^ _4192_/Y (sky130_fd_sc_hd__o21ai_0)
   0.1656    8.9805 ^ _4194_/X (sky130_fd_sc_hd__xor2_1)
   0.0775    9.0581 v _4196_/Y (sky130_fd_sc_hd__a21oi_1)
   0.0035    9.0615 v _5647_/D (sky130_fd_sc_hd__dfxtp_1)
             9.0615   data arrival time

  20.0000   20.0000   clock clock (rise edge)
   0.0000   20.0000   clock network delay (ideal)
   0.0000   20.0000   clock reconvergence pessimism
            20.0000 ^ _5647_/CLK (sky130_fd_sc_hd__dfxtp_1)
  -0.1345   19.8655   library setup time
            19.8655   data required time
-------------------------------------------------------------
            19.8655   data required time
            -9.0615   data arrival time
-------------------------------------------------------------
            10.8040   slack (MET)


Startpoint: meta_0/meta_0_ext/mem_0_0
            (rising edge-triggered flip-flop clocked by clock)
Endpoint: _5470_ (rising edge-triggered flip-flop clocked by clock)
Path Group: clock
Path Type: max

    Delay      Time   Description
-------------------------------------------------------------
   0.0000    0.0000   clock clock (rise edge)
   0.0000    0.0000   clock network delay (ideal)
   0.0000    0.0000 ^ meta_0/meta_0_ext/mem_0_0/R0_clk (cacti_meta_0_ext)
   3.0776    3.0776 v meta_0/meta_0_ext/mem_0_0/R0_data[41] (cacti_meta_0_ext)
   0.1303    3.2079 ^ _2542_/Y (sky130_fd_sc_hd__xnor2_1)
   0.1169    3.3248 v _2543_/Y (sky130_fd_sc_hd__o221ai_1)
   0.3629    3.6877 ^ _2544_/Y (sky130_fd_sc_hd__a2111oi_0)
   0.1577    3.8454 v _3329_/Y (sky130_fd_sc_hd__nand4_1)
   0.3806    4.2260 v _3339_/X (sky130_fd_sc_hd__or3_1)
   0.2747    4.5007 ^ _3340_/Y (sky130_fd_sc_hd__a21oi_1)
   0.1914    4.6921 v _3348_/Y (sky130_fd_sc_hd__o21ai_0)
   0.3897    5.0819 v _3357_/X (sky130_fd_sc_hd__maj3_1)
   0.3712    5.4531 v _3363_/X (sky130_fd_sc_hd__maj3_1)
   0.2174    5.6705 v _3373_/X (sky130_fd_sc_hd__o21a_1)
   0.2172    5.8877 v _3383_/X (sky130_fd_sc_hd__o21a_1)
   0.2744    6.1621 ^ _3404_/Y (sky130_fd_sc_hd__o31ai_1)
   0.1257    6.2878 v _3426_/Y (sky130_fd_sc_hd__o211ai_1)
   0.2165    6.5043 ^ _3441_/Y (sky130_fd_sc_hd__a211oi_1)
   0.1024    6.6067 v _3444_/Y (sky130_fd_sc_hd__nor2_1)
   0.4015    7.0083 v _3459_/X (sky130_fd_sc_hd__or3_1)
   0.2474    7.2556 ^ _3481_/Y (sky130_fd_sc_hd__a211oi_1)
   0.1503    7.4060 v _3498_/Y (sky130_fd_sc_hd__o211ai_1)
   0.1947    7.6007 v _3503_/X (sky130_fd_sc_hd__a21o_1)
   0.2103    7.8110 v _3514_/X (sky130_fd_sc_hd__o32a_1)
   0.3785    8.1894 ^ _3527_/Y (sky130_fd_sc_hd__o32ai_1)
   0.1082    8.2976 v _3534_/Y (sky130_fd_sc_hd__nand2_1)
   0.1840    8.4816 ^ _3541_/Y (sky130_fd_sc_hd__o32ai_1)
   0.1149    8.5965 v _3547_/Y (sky130_fd_sc_hd__nand2_1)
   0.2099    8.8063 v _3557_/X (sky130_fd_sc_hd__o32a_1)
   0.1642    8.9706 ^ _3560_/Y (sky130_fd_sc_hd__xnor2_1)
   0.0788    9.0493 v _3563_/Y (sky130_fd_sc_hd__a21oi_1)
   0.0035    9.0528 v _5470_/D (sky130_fd_sc_hd__dfxtp_1)
             9.0528   data arrival time

  20.0000   20.0000   clock clock (rise edge)
   0.0000   20.0000   clock network delay (ideal)
   0.0000   20.0000   clock reconvergence pessimism
            20.0000 ^ _5470_/CLK (sky130_fd_sc_hd__dfxtp_1)
  -0.1345   19.8655   library setup time
            19.8655   data required time
-------------------------------------------------------------
            19.8655   data required time
            -9.0528   data arrival time
-------------------------------------------------------------
            10.8127   slack (MET)


Startpoint: meta_0/meta_0_ext/mem_0_0
            (rising edge-triggered flip-flop clocked by clock)
Endpoint: _5469_ (rising edge-triggered flip-flop clocked by clock)
Path Group: clock
Path Type: max

    Delay      Time   Description
-------------------------------------------------------------
   0.0000    0.0000   clock clock (rise edge)
   0.0000    0.0000   clock network delay (ideal)
   0.0000    0.0000 ^ meta_0/meta_0_ext/mem_0_0/R0_clk (cacti_meta_0_ext)
   3.0776    3.0776 v meta_0/meta_0_ext/mem_0_0/R0_data[41] (cacti_meta_0_ext)
   0.1303    3.2079 ^ _2542_/Y (sky130_fd_sc_hd__xnor2_1)
   0.1169    3.3248 v _2543_/Y (sky130_fd_sc_hd__o221ai_1)
   0.3629    3.6877 ^ _2544_/Y (sky130_fd_sc_hd__a2111oi_0)
   0.1577    3.8454 v _3329_/Y (sky130_fd_sc_hd__nand4_1)
   0.3806    4.2260 v _3339_/X (sky130_fd_sc_hd__or3_1)
   0.2747    4.5007 ^ _3340_/Y (sky130_fd_sc_hd__a21oi_1)
   0.1914    4.6921 v _3348_/Y (sky130_fd_sc_hd__o21ai_0)
   0.3897    5.0819 v _3357_/X (sky130_fd_sc_hd__maj3_1)
   0.3712    5.4531 v _3363_/X (sky130_fd_sc_hd__maj3_1)
   0.2174    5.6705 v _3373_/X (sky130_fd_sc_hd__o21a_1)
   0.2172    5.8877 v _3383_/X (sky130_fd_sc_hd__o21a_1)
   0.2744    6.1621 ^ _3404_/Y (sky130_fd_sc_hd__o31ai_1)
   0.1257    6.2878 v _3426_/Y (sky130_fd_sc_hd__o211ai_1)
   0.2165    6.5043 ^ _3441_/Y (sky130_fd_sc_hd__a211oi_1)
   0.1024    6.6067 v _3444_/Y (sky130_fd_sc_hd__nor2_1)
   0.4015    7.0083 v _3459_/X (sky130_fd_sc_hd__or3_1)
   0.2474    7.2556 ^ _3481_/Y (sky130_fd_sc_hd__a211oi_1)
   0.1503    7.4060 v _3498_/Y (sky130_fd_sc_hd__o211ai_1)
   0.1947    7.6007 v _3503_/X (sky130_fd_sc_hd__a21o_1)
   0.2103    7.8110 v _3514_/X (sky130_fd_sc_hd__o32a_1)
   0.3785    8.1894 ^ _3527_/Y (sky130_fd_sc_hd__o32ai_1)
   0.1082    8.2976 v _3534_/Y (sky130_fd_sc_hd__nand2_1)
   0.1840    8.4816 ^ _3541_/Y (sky130_fd_sc_hd__o32ai_1)
   0.1149    8.5965 v _3547_/Y (sky130_fd_sc_hd__nand2_1)
   0.0900    8.6865 ^ _3550_/Y (sky130_fd_sc_hd__nand2_1)
   0.1400    8.8265 ^ _3552_/X (sky130_fd_sc_hd__xor2_1)
   0.0775    8.9040 v _3554_/Y (sky130_fd_sc_hd__a21oi_1)
   0.0035    8.9075 v _5469_/D (sky130_fd_sc_hd__dfxtp_1)
             8.9075   data arrival time

  20.0000   20.0000   clock clock (rise edge)
   0.0000   20.0000   clock network delay (ideal)
   0.0000   20.0000   clock reconvergence pessimism
            20.0000 ^ _5469_/CLK (sky130_fd_sc_hd__dfxtp_1)
  -0.1345   19.8655   library setup time
            19.8655   data required time
-------------------------------------------------------------
            19.8655   data required time
            -8.9075   data arrival time
-------------------------------------------------------------
            10.9580   slack (MET)


Startpoint: meta_0/meta_0_ext/mem_0_0
            (rising edge-triggered flip-flop clocked by clock)
Endpoint: _5375_ (rising edge-triggered flip-flop clocked by clock)
Path Group: clock
Path Type: max

    Delay      Time   Description
-------------------------------------------------------------
   0.0000    0.0000   clock clock (rise edge)
   0.0000    0.0000   clock network delay (ideal)
   0.0000    0.0000 ^ meta_0/meta_0_ext/mem_0_0/R0_clk (cacti_meta_0_ext)
   3.0776    3.0776 v meta_0/meta_0_ext/mem_0_0/R0_data[11] (cacti_meta_0_ext)
   0.1321    3.2097 ^ _2460_/Y (sky130_fd_sc_hd__xnor2_1)
   0.1064    3.3161 v _2461_/Y (sky130_fd_sc_hd__nand4_1)
   0.2588    3.5749 ^ _2466_/Y (sky130_fd_sc_hd__nor4_1)
   0.1148    3.6897 v _2467_/Y (sky130_fd_sc_hd__nand4_1)
   0.3668    4.0565 v _2486_/X (sky130_fd_sc_hd__or3_1)
   0.2504    4.3069 v _2487_/X (sky130_fd_sc_hd__clkbuf_1)
   0.2764    4.5833 ^ _3037_/Y (sky130_fd_sc_hd__mux2i_1)
   0.1820    4.7653 ^ _3038_/Y (sky130_fd_sc_hd__xnor2_1)
   0.1284    4.8937 v _3044_/Y (sky130_fd_sc_hd__a21oi_1)
   0.3640    5.2577 v _3051_/X (sky130_fd_sc_hd__maj3_1)
   0.2606    5.5183 ^ _3065_/Y (sky130_fd_sc_hd__a21boi_0)
   0.1436    5.6618 v _3069_/Y (sky130_fd_sc_hd__a21oi_1)
   0.3713    6.0331 v _3076_/X (sky130_fd_sc_hd__maj3_1)
   0.3880    6.4211 v _3083_/X (sky130_fd_sc_hd__maj3_1)
   0.2659    6.6870 v _3102_/X (sky130_fd_sc_hd__a211o_1)
   0.1219    6.8089 ^ _3103_/Y (sky130_fd_sc_hd__o21ai_0)
   0.1433    6.9522 v _3115_/Y (sky130_fd_sc_hd__a21oi_1)
   0.2004    7.1526 ^ _3120_/Y (sky130_fd_sc_hd__o21bai_1)
   0.1394    7.2920 v _3129_/Y (sky130_fd_sc_hd__o21ai_0)
   0.2235    7.5155 v _3132_/X (sky130_fd_sc_hd__a21o_1)
   0.1320    7.6474 ^ _3145_/Y (sky130_fd_sc_hd__nor2_1)
   0.0958    7.7433 v _3163_/Y (sky130_fd_sc_hd__nand2_1)
   0.3409    8.0842 v _3177_/X (sky130_fd_sc_hd__a311o_1)
   0.3917    8.4759 v _3190_/X (sky130_fd_sc_hd__or3_1)
   0.2971    8.7730 ^ _3193_/Y (sky130_fd_sc_hd__a31oi_1)
   0.1277    8.9007 v _3196_/Y (sky130_fd_sc_hd__o22ai_1)
   0.0035    8.9042 v _5375_/D (sky130_fd_sc_hd__dfxtp_1)
             8.9042   data arrival time

  20.0000   20.0000   clock clock (rise edge)
   0.0000   20.0000   clock network delay (ideal)
   0.0000   20.0000   clock reconvergence pessimism
            20.0000 ^ _5375_/CLK (sky130_fd_sc_hd__dfxtp_1)
  -0.1371   19.8629   library setup time
            19.8629   data required time
-------------------------------------------------------------
            19.8629   data required time
            -8.9042   data arrival time
-------------------------------------------------------------
            10.9587   slack (MET)


Startpoint: meta_0/meta_0_ext/mem_0_0
            (rising edge-triggered flip-flop clocked by clock)
Endpoint: _5561_ (rising edge-triggered flip-flop clocked by clock)
Path Group: clock
Path Type: max

    Delay      Time   Description
-------------------------------------------------------------
   0.0000    0.0000   clock clock (rise edge)
   0.0000    0.0000   clock network delay (ideal)
   0.0000    0.0000 ^ meta_0/meta_0_ext/mem_0_0/R0_clk (cacti_meta_0_ext)
   3.0776    3.0776 v meta_0/meta_0_ext/mem_0_0/R0_data[86] (cacti_meta_0_ext)
   0.1401    3.2177 v _2630_/X (sky130_fd_sc_hd__xor2_1)
   0.1959    3.4137 ^ _2631_/Y (sky130_fd_sc_hd__a221oi_1)
   0.2417    3.6554 ^ _2632_/Y (sky130_fd_sc_hd__nor3b_1)
   0.2750    3.9304 ^ _2634_/X (sky130_fd_sc_hd__and4_1)
   0.1573    4.0876 v _2664_/Y (sky130_fd_sc_hd__nand2_1)
   0.2840    4.3716 ^ _3672_/X (sky130_fd_sc_hd__mux2_2)
   0.1924    4.5640 ^ _3683_/X (sky130_fd_sc_hd__maj3_1)
   0.1179    4.6819 v _3698_/Y (sky130_fd_sc_hd__a31oi_1)
   0.3728    5.0547 v _3707_/X (sky130_fd_sc_hd__maj3_1)
   0.2303    5.2849 v _3716_/X (sky130_fd_sc_hd__o21a_1)
   0.2181    5.5031 ^ _3734_/Y (sky130_fd_sc_hd__nor3_1)
   0.1610    5.6641 v _3756_/Y (sky130_fd_sc_hd__o211ai_1)
   0.2799    5.9440 ^ _3777_/Y (sky130_fd_sc_hd__a211oi_1)
   0.1874    6.1314 v _3796_/Y (sky130_fd_sc_hd__o211ai_1)
   0.2288    6.3601 ^ _3817_/Y (sky130_fd_sc_hd__a211oi_1)
   0.1059    6.4660 v _3819_/Y (sky130_fd_sc_hd__nor2_1)
   0.3414    6.8073 ^ _3834_/Y (sky130_fd_sc_hd__o31ai_1)
   0.1137    6.9211 v _3841_/Y (sky130_fd_sc_hd__nand2_1)
   0.2237    7.1448 ^ _3848_/Y (sky130_fd_sc_hd__o32ai_1)
   0.2297    7.3745 ^ _3861_/Y (sky130_fd_sc_hd__nor3b_1)
   0.1023    7.4767 v _3863_/Y (sky130_fd_sc_hd__nor2_1)
   0.3404    7.8172 ^ _3877_/Y (sky130_fd_sc_hd__o31ai_1)
   0.1130    7.9301 v _3883_/Y (sky130_fd_sc_hd__nand2_1)
   0.1936    8.1237 v _3891_/X (sky130_fd_sc_hd__o32a_1)
   0.3125    8.4362 v _3895_/X (sky130_fd_sc_hd__or2_2)
   0.1895    8.6257 ^ _3904_/Y (sky130_fd_sc_hd__o32ai_1)
   0.1639    8.7897 ^ _3907_/Y (sky130_fd_sc_hd__xnor2_1)
   0.0787    8.8683 v _3909_/Y (sky130_fd_sc_hd__a21oi_1)
   0.0035    8.8718 v _5561_/D (sky130_fd_sc_hd__dfxtp_1)
             8.8718   data arrival time

  20.0000   20.0000   clock clock (rise edge)
   0.0000   20.0000   clock network delay (ideal)
   0.0000   20.0000   clock reconvergence pessimism
            20.0000 ^ _5561_/CLK (sky130_fd_sc_hd__dfxtp_1)
  -0.1345   19.8655   library setup time
            19.8655   data required time
-------------------------------------------------------------
            19.8655   data required time
            -8.8718   data arrival time
-------------------------------------------------------------
            10.9937   slack (MET)


Startpoint: meta_0/meta_0_ext/mem_0_0
            (rising edge-triggered flip-flop clocked by clock)
Endpoint: _5646_ (rising edge-triggered flip-flop clocked by clock)
Path Group: clock
Path Type: max

    Delay      Time   Description
-------------------------------------------------------------
   0.0000    0.0000   clock clock (rise edge)
   0.0000    0.0000   clock network delay (ideal)
   0.0000    0.0000 ^ meta_0/meta_0_ext/mem_0_0/R0_clk (cacti_meta_0_ext)
   3.0776    3.0776 v meta_0/meta_0_ext/mem_0_0/R0_data[98] (cacti_meta_0_ext)
   0.1401    3.2177 v _2718_/X (sky130_fd_sc_hd__xor2_1)
   0.2064    3.4242 ^ _2719_/Y (sky130_fd_sc_hd__a221oi_1)
   0.1073    3.5315 v _2720_/Y (sky130_fd_sc_hd__nand3_1)
   0.3970    3.9284 ^ _2721_/Y (sky130_fd_sc_hd__nor4_1)
   0.3298    4.2582 v _2749_/Y (sky130_fd_sc_hd__nand2_1)
   0.2915    4.5497 ^ _4004_/Y (sky130_fd_sc_hd__mux2i_1)
   0.1796    4.7292 ^ _4005_/Y (sky130_fd_sc_hd__xnor2_1)
   0.2404    4.9696 ^ _4008_/X (sky130_fd_sc_hd__maj3_1)
   0.1958    5.1654 ^ _4016_/X (sky130_fd_sc_hd__maj3_1)
   0.1945    5.3598 ^ _4023_/X (sky130_fd_sc_hd__maj3_1)
   0.2067    5.5666 ^ _4031_/X (sky130_fd_sc_hd__maj3_1)
   0.4776    6.0442 v _4050_/X (sky130_fd_sc_hd__or3b_2)
   0.2494    6.2936 ^ _4076_/Y (sky130_fd_sc_hd__a211oi_1)
   0.1698    6.4634 v _4091_/Y (sky130_fd_sc_hd__o211ai_1)
   0.2264    6.6898 ^ _4112_/Y (sky130_fd_sc_hd__a211oi_1)
   0.1116    6.8014 v _4114_/Y (sky130_fd_sc_hd__a211oi_1)
   0.4155    7.2169 v _4129_/X (sky130_fd_sc_hd__o32a_1)
   0.3405    7.5574 v _4143_/X (sky130_fd_sc_hd__o31a_1)
   0.3361    7.8935 v _4156_/X (sky130_fd_sc_hd__o31a_1)
   0.3844    8.2779 v _4167_/X (sky130_fd_sc_hd__or3_1)
   0.1909    8.4688 ^ _4172_/Y (sky130_fd_sc_hd__a21oi_1)
   0.1304    8.5992 v _4184_/Y (sky130_fd_sc_hd__a21oi_1)
   0.1693    8.7684 ^ _4187_/Y (sky130_fd_sc_hd__xnor2_1)
   0.0788    8.8472 v _4189_/Y (sky130_fd_sc_hd__a21oi_1)
   0.0035    8.8507 v _5646_/D (sky130_fd_sc_hd__dfxtp_1)
             8.8507   data arrival time

  20.0000   20.0000   clock clock (rise edge)
   0.0000   20.0000   clock network delay (ideal)
   0.0000   20.0000   clock reconvergence pessimism
            20.0000 ^ _5646_/CLK (sky130_fd_sc_hd__dfxtp_1)
  -0.1345   19.8655   library setup time
            19.8655   data required time
-------------------------------------------------------------
            19.8655   data required time
            -8.8507   data arrival time
-------------------------------------------------------------
            11.0148   slack (MET)


Startpoint: meta_0/meta_0_ext/mem_0_0
            (rising edge-triggered flip-flop clocked by clock)
Endpoint: _5645_ (rising edge-triggered flip-flop clocked by clock)
Path Group: clock
Path Type: max

    Delay      Time   Description
-------------------------------------------------------------
   0.0000    0.0000   clock clock (rise edge)
   0.0000    0.0000   clock network delay (ideal)
   0.0000    0.0000 ^ meta_0/meta_0_ext/mem_0_0/R0_clk (cacti_meta_0_ext)
   3.0776    3.0776 v meta_0/meta_0_ext/mem_0_0/R0_data[98] (cacti_meta_0_ext)
   0.1401    3.2177 v _2718_/X (sky130_fd_sc_hd__xor2_1)
   0.2064    3.4242 ^ _2719_/Y (sky130_fd_sc_hd__a221oi_1)
   0.1073    3.5315 v _2720_/Y (sky130_fd_sc_hd__nand3_1)
   0.3970    3.9284 ^ _2721_/Y (sky130_fd_sc_hd__nor4_1)
   0.3298    4.2582 v _2749_/Y (sky130_fd_sc_hd__nand2_1)
   0.2915    4.5497 ^ _4004_/Y (sky130_fd_sc_hd__mux2i_1)
   0.1796    4.7292 ^ _4005_/Y (sky130_fd_sc_hd__xnor2_1)
   0.2404    4.9696 ^ _4008_/X (sky130_fd_sc_hd__maj3_1)
   0.1958    5.1654 ^ _4016_/X (sky130_fd_sc_hd__maj3_1)
   0.1945    5.3598 ^ _4023_/X (sky130_fd_sc_hd__maj3_1)
   0.2067    5.5666 ^ _4031_/X (sky130_fd_sc_hd__maj3_1)
   0.4776    6.0442 v _4050_/X (sky130_fd_sc_hd__or3b_2)
   0.2494    6.2936 ^ _4076_/Y (sky130_fd_sc_hd__a211oi_1)
   0.1698    6.4634 v _4091_/Y (sky130_fd_sc_hd__o211ai_1)
   0.2264    6.6898 ^ _4112_/Y (sky130_fd_sc_hd__a211oi_1)
   0.1116    6.8014 v _4114_/Y (sky130_fd_sc_hd__a211oi_1)
   0.4155    7.2169 v _4129_/X (sky130_fd_sc_hd__o32a_1)
   0.3405    7.5574 v _4143_/X (sky130_fd_sc_hd__o31a_1)
   0.3361    7.8935 v _4156_/X (sky130_fd_sc_hd__o31a_1)
   0.3844    8.2779 v _4167_/X (sky130_fd_sc_hd__or3_1)
   0.1909    8.4688 ^ _4172_/Y (sky130_fd_sc_hd__a21oi_1)
   0.0746    8.5433 v _4177_/Y (sky130_fd_sc_hd__a21oi_1)
   0.1862    8.7296 v _4179_/X (sky130_fd_sc_hd__xor2_1)
   0.1359    8.8655 ^ _4181_/Y (sky130_fd_sc_hd__a21oi_1)
   0.0035    8.8689 ^ _5645_/D (sky130_fd_sc_hd__dfxtp_1)
             8.8689   data arrival time

  20.0000   20.0000   clock clock (rise edge)
   0.0000   20.0000   clock network delay (ideal)
   0.0000   20.0000   clock reconvergence pessimism
            20.0000 ^ _5645_/CLK (sky130_fd_sc_hd__dfxtp_1)
  -0.0711   19.9289   library setup time
            19.9289   data required time
-------------------------------------------------------------
            19.9289   data required time
            -8.8689   data arrival time
-------------------------------------------------------------
            11.0600   slack (MET)


Startpoint: meta_0/meta_0_ext/mem_0_0
            (rising edge-triggered flip-flop clocked by clock)
Endpoint: _5560_ (rising edge-triggered flip-flop clocked by clock)
Path Group: clock
Path Type: max

    Delay      Time   Description
-------------------------------------------------------------
   0.0000    0.0000   clock clock (rise edge)
   0.0000    0.0000   clock network delay (ideal)
   0.0000    0.0000 ^ meta_0/meta_0_ext/mem_0_0/R0_clk (cacti_meta_0_ext)
   3.0776    3.0776 v meta_0/meta_0_ext/mem_0_0/R0_data[86] (cacti_meta_0_ext)
   0.1401    3.2177 v _2630_/X (sky130_fd_sc_hd__xor2_1)
   0.1959    3.4137 ^ _2631_/Y (sky130_fd_sc_hd__a221oi_1)
   0.2417    3.6554 ^ _2632_/Y (sky130_fd_sc_hd__nor3b_1)
   0.2750    3.9304 ^ _2634_/X (sky130_fd_sc_hd__and4_1)
   0.1573    4.0876 v _2664_/Y (sky130_fd_sc_hd__nand2_1)
   0.2840    4.3716 ^ _3672_/X (sky130_fd_sc_hd__mux2_2)
   0.1924    4.5640 ^ _3683_/X (sky130_fd_sc_hd__maj3_1)
   0.1179    4.6819 v _3698_/Y (sky130_fd_sc_hd__a31oi_1)
   0.3728    5.0547 v _3707_/X (sky130_fd_sc_hd__maj3_1)
   0.2303    5.2849 v _3716_/X (sky130_fd_sc_hd__o21a_1)
   0.2181    5.5031 ^ _3734_/Y (sky130_fd_sc_hd__nor3_1)
   0.1610    5.6641 v _3756_/Y (sky130_fd_sc_hd__o211ai_1)
   0.2799    5.9440 ^ _3777_/Y (sky130_fd_sc_hd__a211oi_1)
   0.1874    6.1314 v _3796_/Y (sky130_fd_sc_hd__o211ai_1)
   0.2288    6.3601 ^ _3817_/Y (sky130_fd_sc_hd__a211oi_1)
   0.1059    6.4660 v _3819_/Y (sky130_fd_sc_hd__nor2_1)
   0.3414    6.8073 ^ _3834_/Y (sky130_fd_sc_hd__o31ai_1)
   0.1137    6.9211 v _3841_/Y (sky130_fd_sc_hd__nand2_1)
   0.2237    7.1448 ^ _3848_/Y (sky130_fd_sc_hd__o32ai_1)
   0.2297    7.3745 ^ _3861_/Y (sky130_fd_sc_hd__nor3b_1)
   0.1023    7.4767 v _3863_/Y (sky130_fd_sc_hd__nor2_1)
   0.3404    7.8172 ^ _3877_/Y (sky130_fd_sc_hd__o31ai_1)
   0.1130    7.9301 v _3883_/Y (sky130_fd_sc_hd__nand2_1)
   0.1936    8.1237 v _3891_/X (sky130_fd_sc_hd__o32a_1)
   0.3125    8.4362 v _3895_/X (sky130_fd_sc_hd__or2_2)
   0.0993    8.5355 ^ _3899_/Y (sky130_fd_sc_hd__o21ai_0)
   0.1656    8.7011 ^ _3901_/X (sky130_fd_sc_hd__xor2_1)
   0.0775    8.7786 v _3903_/Y (sky130_fd_sc_hd__a21oi_1)
   0.0035    8.7821 v _5560_/D (sky130_fd_sc_hd__dfxtp_1)
             8.7821   data arrival time

  20.0000   20.0000   clock clock (rise edge)
   0.0000   20.0000   clock network delay (ideal)
   0.0000   20.0000   clock reconvergence pessimism
            20.0000 ^ _5560_/CLK (sky130_fd_sc_hd__dfxtp_1)
  -0.1345   19.8655   library setup time
            19.8655   data required time
-------------------------------------------------------------
            19.8655   data required time
            -8.7821   data arrival time
-------------------------------------------------------------
            11.0834   slack (MET)


Startpoint: meta_0/meta_0_ext/mem_0_0
            (rising edge-triggered flip-flop clocked by clock)
Endpoint: _5644_ (rising edge-triggered flip-flop clocked by clock)
Path Group: clock
Path Type: max

    Delay      Time   Description
-------------------------------------------------------------
   0.0000    0.0000   clock clock (rise edge)
   0.0000    0.0000   clock network delay (ideal)
   0.0000    0.0000 ^ meta_0/meta_0_ext/mem_0_0/R0_clk (cacti_meta_0_ext)
   3.0776    3.0776 v meta_0/meta_0_ext/mem_0_0/R0_data[98] (cacti_meta_0_ext)
   0.1401    3.2177 v _2718_/X (sky130_fd_sc_hd__xor2_1)
   0.2064    3.4242 ^ _2719_/Y (sky130_fd_sc_hd__a221oi_1)
   0.1073    3.5315 v _2720_/Y (sky130_fd_sc_hd__nand3_1)
   0.3970    3.9284 ^ _2721_/Y (sky130_fd_sc_hd__nor4_1)
   0.3298    4.2582 v _2749_/Y (sky130_fd_sc_hd__nand2_1)
   0.2915    4.5497 ^ _4004_/Y (sky130_fd_sc_hd__mux2i_1)
   0.1796    4.7292 ^ _4005_/Y (sky130_fd_sc_hd__xnor2_1)
   0.2404    4.9696 ^ _4008_/X (sky130_fd_sc_hd__maj3_1)
   0.1958    5.1654 ^ _4016_/X (sky130_fd_sc_hd__maj3_1)
   0.1945    5.3598 ^ _4023_/X (sky130_fd_sc_hd__maj3_1)
   0.2067    5.5666 ^ _4031_/X (sky130_fd_sc_hd__maj3_1)
   0.4776    6.0442 v _4050_/X (sky130_fd_sc_hd__or3b_2)
   0.2494    6.2936 ^ _4076_/Y (sky130_fd_sc_hd__a211oi_1)
   0.1698    6.4634 v _4091_/Y (sky130_fd_sc_hd__o211ai_1)
   0.2264    6.6898 ^ _4112_/Y (sky130_fd_sc_hd__a211oi_1)
   0.1116    6.8014 v _4114_/Y (sky130_fd_sc_hd__a211oi_1)
   0.4155    7.2169 v _4129_/X (sky130_fd_sc_hd__o32a_1)
   0.3405    7.5574 v _4143_/X (sky130_fd_sc_hd__o31a_1)
   0.3361    7.8935 v _4156_/X (sky130_fd_sc_hd__o31a_1)
   0.3844    8.2779 v _4167_/X (sky130_fd_sc_hd__or3_1)
   0.1458    8.4237 v _4171_/X (sky130_fd_sc_hd__and3_1)
   0.2833    8.7070 v _4173_/X (sky130_fd_sc_hd__or2_2)
   0.1315    8.8385 ^ _4175_/Y (sky130_fd_sc_hd__a21oi_1)
   0.0035    8.8419 ^ _5644_/D (sky130_fd_sc_hd__dfxtp_1)
             8.8419   data arrival time

  20.0000   20.0000   clock clock (rise edge)
   0.0000   20.0000   clock network delay (ideal)
   0.0000   20.0000   clock reconvergence pessimism
            20.0000 ^ _5644_/CLK (sky130_fd_sc_hd__dfxtp_1)
  -0.0711   19.9289   library setup time
            19.9289   data required time
-------------------------------------------------------------
            19.9289   data required time
            -8.8419   data arrival time
-------------------------------------------------------------
            11.0870   slack (MET)


Startpoint: meta_0/meta_0_ext/mem_0_0
            (rising edge-triggered flip-flop clocked by clock)
Endpoint: _5468_ (rising edge-triggered flip-flop clocked by clock)
Path Group: clock
Path Type: max

    Delay      Time   Description
-------------------------------------------------------------
   0.0000    0.0000   clock clock (rise edge)
   0.0000    0.0000   clock network delay (ideal)
   0.0000    0.0000 ^ meta_0/meta_0_ext/mem_0_0/R0_clk (cacti_meta_0_ext)
   3.0776    3.0776 v meta_0/meta_0_ext/mem_0_0/R0_data[41] (cacti_meta_0_ext)
   0.1303    3.2079 ^ _2542_/Y (sky130_fd_sc_hd__xnor2_1)
   0.1169    3.3248 v _2543_/Y (sky130_fd_sc_hd__o221ai_1)
   0.3629    3.6877 ^ _2544_/Y (sky130_fd_sc_hd__a2111oi_0)
   0.1577    3.8454 v _3329_/Y (sky130_fd_sc_hd__nand4_1)
   0.3806    4.2260 v _3339_/X (sky130_fd_sc_hd__or3_1)
   0.2747    4.5007 ^ _3340_/Y (sky130_fd_sc_hd__a21oi_1)
   0.1914    4.6921 v _3348_/Y (sky130_fd_sc_hd__o21ai_0)
   0.3897    5.0819 v _3357_/X (sky130_fd_sc_hd__maj3_1)
   0.3712    5.4531 v _3363_/X (sky130_fd_sc_hd__maj3_1)
   0.2174    5.6705 v _3373_/X (sky130_fd_sc_hd__o21a_1)
   0.2172    5.8877 v _3383_/X (sky130_fd_sc_hd__o21a_1)
   0.2744    6.1621 ^ _3404_/Y (sky130_fd_sc_hd__o31ai_1)
   0.1257    6.2878 v _3426_/Y (sky130_fd_sc_hd__o211ai_1)
   0.2165    6.5043 ^ _3441_/Y (sky130_fd_sc_hd__a211oi_1)
   0.1024    6.6067 v _3444_/Y (sky130_fd_sc_hd__nor2_1)
   0.4015    7.0083 v _3459_/X (sky130_fd_sc_hd__or3_1)
   0.2474    7.2556 ^ _3481_/Y (sky130_fd_sc_hd__a211oi_1)
   0.1503    7.4060 v _3498_/Y (sky130_fd_sc_hd__o211ai_1)
   0.1947    7.6007 v _3503_/X (sky130_fd_sc_hd__a21o_1)
   0.2103    7.8110 v _3514_/X (sky130_fd_sc_hd__o32a_1)
   0.3785    8.1894 ^ _3527_/Y (sky130_fd_sc_hd__o32ai_1)
   0.1082    8.2976 v _3534_/Y (sky130_fd_sc_hd__nand2_1)
   0.1840    8.4816 ^ _3541_/Y (sky130_fd_sc_hd__o32ai_1)
   0.1639    8.6455 ^ _3544_/Y (sky130_fd_sc_hd__xnor2_1)
   0.0787    8.7242 v _3546_/Y (sky130_fd_sc_hd__a21oi_1)
   0.0035    8.7277 v _5468_/D (sky130_fd_sc_hd__dfxtp_1)
             8.7277   data arrival time

  20.0000   20.0000   clock clock (rise edge)
   0.0000   20.0000   clock network delay (ideal)
   0.0000   20.0000   clock reconvergence pessimism
            20.0000 ^ _5468_/CLK (sky130_fd_sc_hd__dfxtp_1)
  -0.1345   19.8655   library setup time
            19.8655   data required time
-------------------------------------------------------------
            19.8655   data required time
            -8.7277   data arrival time
-------------------------------------------------------------
            11.1379   slack (MET)


Startpoint: meta_0/meta_0_ext/mem_0_0
            (rising edge-triggered flip-flop clocked by clock)
Endpoint: _5467_ (rising edge-triggered flip-flop clocked by clock)
Path Group: clock
Path Type: max

    Delay      Time   Description
-------------------------------------------------------------
   0.0000    0.0000   clock clock (rise edge)
   0.0000    0.0000   clock network delay (ideal)
   0.0000    0.0000 ^ meta_0/meta_0_ext/mem_0_0/R0_clk (cacti_meta_0_ext)
   3.0776    3.0776 v meta_0/meta_0_ext/mem_0_0/R0_data[41] (cacti_meta_0_ext)
   0.1303    3.2079 ^ _2542_/Y (sky130_fd_sc_hd__xnor2_1)
   0.1169    3.3248 v _2543_/Y (sky130_fd_sc_hd__o221ai_1)
   0.3629    3.6877 ^ _2544_/Y (sky130_fd_sc_hd__a2111oi_0)
   0.1577    3.8454 v _3329_/Y (sky130_fd_sc_hd__nand4_1)
   0.3806    4.2260 v _3339_/X (sky130_fd_sc_hd__or3_1)
   0.2747    4.5007 ^ _3340_/Y (sky130_fd_sc_hd__a21oi_1)
   0.1914    4.6921 v _3348_/Y (sky130_fd_sc_hd__o21ai_0)
   0.3897    5.0819 v _3357_/X (sky130_fd_sc_hd__maj3_1)
   0.3712    5.4531 v _3363_/X (sky130_fd_sc_hd__maj3_1)
   0.2174    5.6705 v _3373_/X (sky130_fd_sc_hd__o21a_1)
   0.2172    5.8877 v _3383_/X (sky130_fd_sc_hd__o21a_1)
   0.2744    6.1621 ^ _3404_/Y (sky130_fd_sc_hd__o31ai_1)
   0.1257    6.2878 v _3426_/Y (sky130_fd_sc_hd__o211ai_1)
   0.2165    6.5043 ^ _3441_/Y (sky130_fd_sc_hd__a211oi_1)
   0.1024    6.6067 v _3444_/Y (sky130_fd_sc_hd__nor2_1)
   0.4015    7.0083 v _3459_/X (sky130_fd_sc_hd__or3_1)
   0.2474    7.2556 ^ _3481_/Y (sky130_fd_sc_hd__a211oi_1)
   0.1503    7.4060 v _3498_/Y (sky130_fd_sc_hd__o211ai_1)
   0.1947    7.6007 v _3503_/X (sky130_fd_sc_hd__a21o_1)
   0.2103    7.8110 v _3514_/X (sky130_fd_sc_hd__o32a_1)
   0.3785    8.1894 ^ _3527_/Y (sky130_fd_sc_hd__o32ai_1)
   0.1082    8.2976 v _3534_/Y (sky130_fd_sc_hd__nand2_1)
   0.1102    8.4078 ^ _3535_/Y (sky130_fd_sc_hd__o21ai_0)
   0.1656    8.5734 ^ _3537_/X (sky130_fd_sc_hd__xor2_1)
   0.0775    8.6509 v _3539_/Y (sky130_fd_sc_hd__a21oi_1)
   0.0035    8.6544 v _5467_/D (sky130_fd_sc_hd__dfxtp_1)
             8.6544   data arrival time

  20.0000   20.0000   clock clock (rise edge)
   0.0000   20.0000   clock network delay (ideal)
   0.0000   20.0000   clock reconvergence pessimism
            20.0000 ^ _5467_/CLK (sky130_fd_sc_hd__dfxtp_1)
  -0.1345   19.8655   library setup time
            19.8655   data required time
-------------------------------------------------------------
            19.8655   data required time
            -8.6544   data arrival time
-------------------------------------------------------------
            11.2111   slack (MET)


Startpoint: meta_0/meta_0_ext/mem_0_0
            (rising edge-triggered flip-flop clocked by clock)
Endpoint: _5374_ (rising edge-triggered flip-flop clocked by clock)
Path Group: clock
Path Type: max

    Delay      Time   Description
-------------------------------------------------------------
   0.0000    0.0000   clock clock (rise edge)
   0.0000    0.0000   clock network delay (ideal)
   0.0000    0.0000 ^ meta_0/meta_0_ext/mem_0_0/R0_clk (cacti_meta_0_ext)
   3.0776    3.0776 v meta_0/meta_0_ext/mem_0_0/R0_data[11] (cacti_meta_0_ext)
   0.1321    3.2097 ^ _2460_/Y (sky130_fd_sc_hd__xnor2_1)
   0.1064    3.3161 v _2461_/Y (sky130_fd_sc_hd__nand4_1)
   0.2588    3.5749 ^ _2466_/Y (sky130_fd_sc_hd__nor4_1)
   0.1148    3.6897 v _2467_/Y (sky130_fd_sc_hd__nand4_1)
   0.3668    4.0565 v _2486_/X (sky130_fd_sc_hd__or3_1)
   0.2504    4.3069 v _2487_/X (sky130_fd_sc_hd__clkbuf_1)
   0.2764    4.5833 ^ _3037_/Y (sky130_fd_sc_hd__mux2i_1)
   0.1820    4.7653 ^ _3038_/Y (sky130_fd_sc_hd__xnor2_1)
   0.1284    4.8937 v _3044_/Y (sky130_fd_sc_hd__a21oi_1)
   0.3640    5.2577 v _3051_/X (sky130_fd_sc_hd__maj3_1)
   0.2606    5.5183 ^ _3065_/Y (sky130_fd_sc_hd__a21boi_0)
   0.1436    5.6618 v _3069_/Y (sky130_fd_sc_hd__a21oi_1)
   0.3713    6.0331 v _3076_/X (sky130_fd_sc_hd__maj3_1)
   0.3880    6.4211 v _3083_/X (sky130_fd_sc_hd__maj3_1)
   0.2659    6.6870 v _3102_/X (sky130_fd_sc_hd__a211o_1)
   0.1219    6.8089 ^ _3103_/Y (sky130_fd_sc_hd__o21ai_0)
   0.1433    6.9522 v _3115_/Y (sky130_fd_sc_hd__a21oi_1)
   0.2004    7.1526 ^ _3120_/Y (sky130_fd_sc_hd__o21bai_1)
   0.1394    7.2920 v _3129_/Y (sky130_fd_sc_hd__o21ai_0)
   0.2235    7.5155 v _3132_/X (sky130_fd_sc_hd__a21o_1)
   0.1320    7.6474 ^ _3145_/Y (sky130_fd_sc_hd__nor2_1)
   0.0958    7.7433 v _3163_/Y (sky130_fd_sc_hd__nand2_1)
   0.3409    8.0842 v _3177_/X (sky130_fd_sc_hd__a311o_1)
   0.1689    8.2531 ^ _3180_/Y (sky130_fd_sc_hd__a21oi_1)
   0.0717    8.3248 v _3184_/Y (sky130_fd_sc_hd__a21oi_1)
   0.1813    8.5060 ^ _3186_/Y (sky130_fd_sc_hd__xnor2_1)
   0.0787    8.5847 v _3188_/Y (sky130_fd_sc_hd__a21oi_1)
   0.0035    8.5882 v _5374_/D (sky130_fd_sc_hd__dfxtp_1)
             8.5882   data arrival time

  20.0000   20.0000   clock clock (rise edge)
   0.0000   20.0000   clock network delay (ideal)
   0.0000   20.0000   clock reconvergence pessimism
            20.0000 ^ _5374_/CLK (sky130_fd_sc_hd__dfxtp_1)
  -0.1345   19.8655   library setup time
            19.8655   data required time
-------------------------------------------------------------
            19.8655   data required time
            -8.5882   data arrival time
-------------------------------------------------------------
            11.2774   slack (MET)


Startpoint: meta_0/meta_0_ext/mem_0_0
            (rising edge-triggered flip-flop clocked by clock)
Endpoint: _5559_ (rising edge-triggered flip-flop clocked by clock)
Path Group: clock
Path Type: max

    Delay      Time   Description
-------------------------------------------------------------
   0.0000    0.0000   clock clock (rise edge)
   0.0000    0.0000   clock network delay (ideal)
   0.0000    0.0000 ^ meta_0/meta_0_ext/mem_0_0/R0_clk (cacti_meta_0_ext)
   3.0776    3.0776 v meta_0/meta_0_ext/mem_0_0/R0_data[86] (cacti_meta_0_ext)
   0.1401    3.2177 v _2630_/X (sky130_fd_sc_hd__xor2_1)
   0.1959    3.4137 ^ _2631_/Y (sky130_fd_sc_hd__a221oi_1)
   0.2417    3.6554 ^ _2632_/Y (sky130_fd_sc_hd__nor3b_1)
   0.2750    3.9304 ^ _2634_/X (sky130_fd_sc_hd__and4_1)
   0.1573    4.0876 v _2664_/Y (sky130_fd_sc_hd__nand2_1)
   0.2840    4.3716 ^ _3672_/X (sky130_fd_sc_hd__mux2_2)
   0.1924    4.5640 ^ _3683_/X (sky130_fd_sc_hd__maj3_1)
   0.1179    4.6819 v _3698_/Y (sky130_fd_sc_hd__a31oi_1)
   0.3728    5.0547 v _3707_/X (sky130_fd_sc_hd__maj3_1)
   0.2303    5.2849 v _3716_/X (sky130_fd_sc_hd__o21a_1)
   0.2181    5.5031 ^ _3734_/Y (sky130_fd_sc_hd__nor3_1)
   0.1610    5.6641 v _3756_/Y (sky130_fd_sc_hd__o211ai_1)
   0.2799    5.9440 ^ _3777_/Y (sky130_fd_sc_hd__a211oi_1)
   0.1874    6.1314 v _3796_/Y (sky130_fd_sc_hd__o211ai_1)
   0.2288    6.3601 ^ _3817_/Y (sky130_fd_sc_hd__a211oi_1)
   0.1059    6.4660 v _3819_/Y (sky130_fd_sc_hd__nor2_1)
   0.3414    6.8073 ^ _3834_/Y (sky130_fd_sc_hd__o31ai_1)
   0.1137    6.9211 v _3841_/Y (sky130_fd_sc_hd__nand2_1)
   0.2237    7.1448 ^ _3848_/Y (sky130_fd_sc_hd__o32ai_1)
   0.2297    7.3745 ^ _3861_/Y (sky130_fd_sc_hd__nor3b_1)
   0.1023    7.4767 v _3863_/Y (sky130_fd_sc_hd__nor2_1)
   0.3404    7.8172 ^ _3877_/Y (sky130_fd_sc_hd__o31ai_1)
   0.1130    7.9301 v _3883_/Y (sky130_fd_sc_hd__nand2_1)
   0.1936    8.1237 v _3891_/X (sky130_fd_sc_hd__o32a_1)
   0.3125    8.4362 v _3895_/X (sky130_fd_sc_hd__or2_2)
   0.0727    8.5089 ^ _3896_/Y (sky130_fd_sc_hd__nand2_1)
   0.0588    8.5677 v _3898_/Y (sky130_fd_sc_hd__a21oi_1)
   0.0035    8.5712 v _5559_/D (sky130_fd_sc_hd__dfxtp_1)
             8.5712   data arrival time

  20.0000   20.0000   clock clock (rise edge)
   0.0000   20.0000   clock network delay (ideal)
   0.0000   20.0000   clock reconvergence pessimism
            20.0000 ^ _5559_/CLK (sky130_fd_sc_hd__dfxtp_1)
  -0.1345   19.8655   library setup time
            19.8655   data required time
-------------------------------------------------------------
            19.8655   data required time
            -8.5712   data arrival time
-------------------------------------------------------------
            11.2943   slack (MET)


Startpoint: meta_0/meta_0_ext/mem_0_0
            (rising edge-triggered flip-flop clocked by clock)
Endpoint: _5466_ (rising edge-triggered flip-flop clocked by clock)
Path Group: clock
Path Type: max

    Delay      Time   Description
-------------------------------------------------------------
   0.0000    0.0000   clock clock (rise edge)
   0.0000    0.0000   clock network delay (ideal)
   0.0000    0.0000 ^ meta_0/meta_0_ext/mem_0_0/R0_clk (cacti_meta_0_ext)
   3.0776    3.0776 v meta_0/meta_0_ext/mem_0_0/R0_data[41] (cacti_meta_0_ext)
   0.1303    3.2079 ^ _2542_/Y (sky130_fd_sc_hd__xnor2_1)
   0.1169    3.3248 v _2543_/Y (sky130_fd_sc_hd__o221ai_1)
   0.3629    3.6877 ^ _2544_/Y (sky130_fd_sc_hd__a2111oi_0)
   0.1577    3.8454 v _3329_/Y (sky130_fd_sc_hd__nand4_1)
   0.3806    4.2260 v _3339_/X (sky130_fd_sc_hd__or3_1)
   0.2747    4.5007 ^ _3340_/Y (sky130_fd_sc_hd__a21oi_1)
   0.1914    4.6921 v _3348_/Y (sky130_fd_sc_hd__o21ai_0)
   0.3897    5.0819 v _3357_/X (sky130_fd_sc_hd__maj3_1)
   0.3712    5.4531 v _3363_/X (sky130_fd_sc_hd__maj3_1)
   0.2174    5.6705 v _3373_/X (sky130_fd_sc_hd__o21a_1)
   0.2172    5.8877 v _3383_/X (sky130_fd_sc_hd__o21a_1)
   0.2744    6.1621 ^ _3404_/Y (sky130_fd_sc_hd__o31ai_1)
   0.1257    6.2878 v _3426_/Y (sky130_fd_sc_hd__o211ai_1)
   0.2165    6.5043 ^ _3441_/Y (sky130_fd_sc_hd__a211oi_1)
   0.1024    6.6067 v _3444_/Y (sky130_fd_sc_hd__nor2_1)
   0.4015    7.0083 v _3459_/X (sky130_fd_sc_hd__or3_1)
   0.2474    7.2556 ^ _3481_/Y (sky130_fd_sc_hd__a211oi_1)
   0.1503    7.4060 v _3498_/Y (sky130_fd_sc_hd__o211ai_1)
   0.1947    7.6007 v _3503_/X (sky130_fd_sc_hd__a21o_1)
   0.2103    7.8110 v _3514_/X (sky130_fd_sc_hd__o32a_1)
   0.3785    8.1894 ^ _3527_/Y (sky130_fd_sc_hd__o32ai_1)
   0.1639    8.3533 ^ _3530_/Y (sky130_fd_sc_hd__xnor2_1)
   0.0787    8.4320 v _3532_/Y (sky130_fd_sc_hd__a21oi_1)
   0.0035    8.4355 v _5466_/D (sky130_fd_sc_hd__dfxtp_1)
             8.4355   data arrival time

  20.0000   20.0000   clock clock (rise edge)
   0.0000   20.0000   clock network delay (ideal)
   0.0000   20.0000   clock reconvergence pessimism
            20.0000 ^ _5466_/CLK (sky130_fd_sc_hd__dfxtp_1)
  -0.1345   19.8655   library setup time
            19.8655   data required time
-------------------------------------------------------------
            19.8655   data required time
            -8.4355   data arrival time
-------------------------------------------------------------
            11.4301   slack (MET)


Startpoint: meta_0/meta_0_ext/mem_0_0
            (rising edge-triggered flip-flop clocked by clock)
Endpoint: _5373_ (rising edge-triggered flip-flop clocked by clock)
Path Group: clock
Path Type: max

    Delay      Time   Description
-------------------------------------------------------------
   0.0000    0.0000   clock clock (rise edge)
   0.0000    0.0000   clock network delay (ideal)
   0.0000    0.0000 ^ meta_0/meta_0_ext/mem_0_0/R0_clk (cacti_meta_0_ext)
   3.0776    3.0776 v meta_0/meta_0_ext/mem_0_0/R0_data[11] (cacti_meta_0_ext)
   0.1321    3.2097 ^ _2460_/Y (sky130_fd_sc_hd__xnor2_1)
   0.1064    3.3161 v _2461_/Y (sky130_fd_sc_hd__nand4_1)
   0.2588    3.5749 ^ _2466_/Y (sky130_fd_sc_hd__nor4_1)
   0.1148    3.6897 v _2467_/Y (sky130_fd_sc_hd__nand4_1)
   0.3668    4.0565 v _2486_/X (sky130_fd_sc_hd__or3_1)
   0.2504    4.3069 v _2487_/X (sky130_fd_sc_hd__clkbuf_1)
   0.2764    4.5833 ^ _3037_/Y (sky130_fd_sc_hd__mux2i_1)
   0.1820    4.7653 ^ _3038_/Y (sky130_fd_sc_hd__xnor2_1)
   0.1284    4.8937 v _3044_/Y (sky130_fd_sc_hd__a21oi_1)
   0.3640    5.2577 v _3051_/X (sky130_fd_sc_hd__maj3_1)
   0.2606    5.5183 ^ _3065_/Y (sky130_fd_sc_hd__a21boi_0)
   0.1436    5.6618 v _3069_/Y (sky130_fd_sc_hd__a21oi_1)
   0.3713    6.0331 v _3076_/X (sky130_fd_sc_hd__maj3_1)
   0.3880    6.4211 v _3083_/X (sky130_fd_sc_hd__maj3_1)
   0.2659    6.6870 v _3102_/X (sky130_fd_sc_hd__a211o_1)
   0.1219    6.8089 ^ _3103_/Y (sky130_fd_sc_hd__o21ai_0)
   0.1433    6.9522 v _3115_/Y (sky130_fd_sc_hd__a21oi_1)
   0.2004    7.1526 ^ _3120_/Y (sky130_fd_sc_hd__o21bai_1)
   0.1394    7.2920 v _3129_/Y (sky130_fd_sc_hd__o21ai_0)
   0.2235    7.5155 v _3132_/X (sky130_fd_sc_hd__a21o_1)
   0.1320    7.6474 ^ _3145_/Y (sky130_fd_sc_hd__nor2_1)
   0.0958    7.7433 v _3163_/Y (sky130_fd_sc_hd__nand2_1)
   0.3409    8.0842 v _3177_/X (sky130_fd_sc_hd__a311o_1)
   0.1689    8.2531 ^ _3180_/Y (sky130_fd_sc_hd__a21oi_1)
   0.0998    8.3529 v _3183_/Y (sky130_fd_sc_hd__o22ai_1)
   0.0035    8.3564 v _5373_/D (sky130_fd_sc_hd__dfxtp_1)
             8.3564   data arrival time

  20.0000   20.0000   clock clock (rise edge)
   0.0000   20.0000   clock network delay (ideal)
   0.0000   20.0000   clock reconvergence pessimism
            20.0000 ^ _5373_/CLK (sky130_fd_sc_hd__dfxtp_1)
  -0.1290   19.8710   library setup time
            19.8710   data required time
-------------------------------------------------------------
            19.8710   data required time
            -8.3564   data arrival time
-------------------------------------------------------------
            11.5146   slack (MET)


Startpoint: meta_0/meta_0_ext/mem_0_0
            (rising edge-triggered flip-flop clocked by clock)
Endpoint: _5643_ (rising edge-triggered flip-flop clocked by clock)
Path Group: clock
Path Type: max

    Delay      Time   Description
-------------------------------------------------------------
   0.0000    0.0000   clock clock (rise edge)
   0.0000    0.0000   clock network delay (ideal)
   0.0000    0.0000 ^ meta_0/meta_0_ext/mem_0_0/R0_clk (cacti_meta_0_ext)
   3.0776    3.0776 v meta_0/meta_0_ext/mem_0_0/R0_data[98] (cacti_meta_0_ext)
   0.1401    3.2177 v _2718_/X (sky130_fd_sc_hd__xor2_1)
   0.2064    3.4242 ^ _2719_/Y (sky130_fd_sc_hd__a221oi_1)
   0.1073    3.5315 v _2720_/Y (sky130_fd_sc_hd__nand3_1)
   0.3970    3.9284 ^ _2721_/Y (sky130_fd_sc_hd__nor4_1)
   0.3298    4.2582 v _2749_/Y (sky130_fd_sc_hd__nand2_1)
   0.2915    4.5497 ^ _4004_/Y (sky130_fd_sc_hd__mux2i_1)
   0.1796    4.7292 ^ _4005_/Y (sky130_fd_sc_hd__xnor2_1)
   0.2404    4.9696 ^ _4008_/X (sky130_fd_sc_hd__maj3_1)
   0.1958    5.1654 ^ _4016_/X (sky130_fd_sc_hd__maj3_1)
   0.1945    5.3598 ^ _4023_/X (sky130_fd_sc_hd__maj3_1)
   0.2067    5.5666 ^ _4031_/X (sky130_fd_sc_hd__maj3_1)
   0.4776    6.0442 v _4050_/X (sky130_fd_sc_hd__or3b_2)
   0.2494    6.2936 ^ _4076_/Y (sky130_fd_sc_hd__a211oi_1)
   0.1698    6.4634 v _4091_/Y (sky130_fd_sc_hd__o211ai_1)
   0.2264    6.6898 ^ _4112_/Y (sky130_fd_sc_hd__a211oi_1)
   0.1116    6.8014 v _4114_/Y (sky130_fd_sc_hd__a211oi_1)
   0.4155    7.2169 v _4129_/X (sky130_fd_sc_hd__o32a_1)
   0.3405    7.5574 v _4143_/X (sky130_fd_sc_hd__o31a_1)
   0.3361    7.8935 v _4156_/X (sky130_fd_sc_hd__o31a_1)
   0.1615    8.0550 ^ _4161_/Y (sky130_fd_sc_hd__o22ai_1)
   0.1618    8.2167 ^ _4164_/X (sky130_fd_sc_hd__xor2_1)
   0.0775    8.2943 v _4166_/Y (sky130_fd_sc_hd__a21oi_1)
   0.0035    8.2977 v _5643_/D (sky130_fd_sc_hd__dfxtp_1)
             8.2977   data arrival time

  20.0000   20.0000   clock clock (rise edge)
   0.0000   20.0000   clock network delay (ideal)
   0.0000   20.0000   clock reconvergence pessimism
            20.0000 ^ _5643_/CLK (sky130_fd_sc_hd__dfxtp_1)
  -0.1345   19.8655   library setup time
            19.8655   data required time
-------------------------------------------------------------
            19.8655   data required time
            -8.2977   data arrival time
-------------------------------------------------------------
            11.5678   slack (MET)


Startpoint: meta_0/meta_0_ext/mem_0_0
            (rising edge-triggered flip-flop clocked by clock)
Endpoint: _5372_ (rising edge-triggered flip-flop clocked by clock)
Path Group: clock
Path Type: max

    Delay      Time   Description
-------------------------------------------------------------
   0.0000    0.0000   clock clock (rise edge)
   0.0000    0.0000   clock network delay (ideal)
   0.0000    0.0000 ^ meta_0/meta_0_ext/mem_0_0/R0_clk (cacti_meta_0_ext)
   3.0776    3.0776 v meta_0/meta_0_ext/mem_0_0/R0_data[11] (cacti_meta_0_ext)
   0.1321    3.2097 ^ _2460_/Y (sky130_fd_sc_hd__xnor2_1)
   0.1064    3.3161 v _2461_/Y (sky130_fd_sc_hd__nand4_1)
   0.2588    3.5749 ^ _2466_/Y (sky130_fd_sc_hd__nor4_1)
   0.1148    3.6897 v _2467_/Y (sky130_fd_sc_hd__nand4_1)
   0.3668    4.0565 v _2486_/X (sky130_fd_sc_hd__or3_1)
   0.2504    4.3069 v _2487_/X (sky130_fd_sc_hd__clkbuf_1)
   0.2764    4.5833 ^ _3037_/Y (sky130_fd_sc_hd__mux2i_1)
   0.1820    4.7653 ^ _3038_/Y (sky130_fd_sc_hd__xnor2_1)
   0.1284    4.8937 v _3044_/Y (sky130_fd_sc_hd__a21oi_1)
   0.3640    5.2577 v _3051_/X (sky130_fd_sc_hd__maj3_1)
   0.2606    5.5183 ^ _3065_/Y (sky130_fd_sc_hd__a21boi_0)
   0.1436    5.6618 v _3069_/Y (sky130_fd_sc_hd__a21oi_1)
   0.3713    6.0331 v _3076_/X (sky130_fd_sc_hd__maj3_1)
   0.3880    6.4211 v _3083_/X (sky130_fd_sc_hd__maj3_1)
   0.2659    6.6870 v _3102_/X (sky130_fd_sc_hd__a211o_1)
   0.1219    6.8089 ^ _3103_/Y (sky130_fd_sc_hd__o21ai_0)
   0.1433    6.9522 v _3115_/Y (sky130_fd_sc_hd__a21oi_1)
   0.2004    7.1526 ^ _3120_/Y (sky130_fd_sc_hd__o21bai_1)
   0.1394    7.2920 v _3129_/Y (sky130_fd_sc_hd__o21ai_0)
   0.2235    7.5155 v _3132_/X (sky130_fd_sc_hd__a21o_1)
   0.1320    7.6474 ^ _3145_/Y (sky130_fd_sc_hd__nor2_1)
   0.0958    7.7433 v _3163_/Y (sky130_fd_sc_hd__nand2_1)
   0.2096    7.9529 ^ _3166_/Y (sky130_fd_sc_hd__a31oi_1)
   0.0743    8.0272 v _3171_/Y (sky130_fd_sc_hd__a21oi_1)
   0.1778    8.2050 ^ _3173_/Y (sky130_fd_sc_hd__xnor2_1)
   0.0787    8.2837 v _3175_/Y (sky130_fd_sc_hd__a21oi_1)
   0.0035    8.2872 v _5372_/D (sky130_fd_sc_hd__dfxtp_1)
             8.2872   data arrival time

  20.0000   20.0000   clock clock (rise edge)
   0.0000   20.0000   clock network delay (ideal)
   0.0000   20.0000   clock reconvergence pessimism
            20.0000 ^ _5372_/CLK (sky130_fd_sc_hd__dfxtp_1)
  -0.1345   19.8655   library setup time
            19.8655   data required time
-------------------------------------------------------------
            19.8655   data required time
            -8.2872   data arrival time
-------------------------------------------------------------
            11.5783   slack (MET)


Startpoint: meta_0/meta_0_ext/mem_0_0
            (rising edge-triggered flip-flop clocked by clock)
Endpoint: _5465_ (rising edge-triggered flip-flop clocked by clock)
Path Group: clock
Path Type: max

    Delay      Time   Description
-------------------------------------------------------------
   0.0000    0.0000   clock clock (rise edge)
   0.0000    0.0000   clock network delay (ideal)
   0.0000    0.0000 ^ meta_0/meta_0_ext/mem_0_0/R0_clk (cacti_meta_0_ext)
   3.0776    3.0776 v meta_0/meta_0_ext/mem_0_0/R0_data[41] (cacti_meta_0_ext)
   0.1303    3.2079 ^ _2542_/Y (sky130_fd_sc_hd__xnor2_1)
   0.1169    3.3248 v _2543_/Y (sky130_fd_sc_hd__o221ai_1)
   0.3629    3.6877 ^ _2544_/Y (sky130_fd_sc_hd__a2111oi_0)
   0.1577    3.8454 v _3329_/Y (sky130_fd_sc_hd__nand4_1)
   0.3806    4.2260 v _3339_/X (sky130_fd_sc_hd__or3_1)
   0.2747    4.5007 ^ _3340_/Y (sky130_fd_sc_hd__a21oi_1)
   0.1914    4.6921 v _3348_/Y (sky130_fd_sc_hd__o21ai_0)
   0.3897    5.0819 v _3357_/X (sky130_fd_sc_hd__maj3_1)
   0.3712    5.4531 v _3363_/X (sky130_fd_sc_hd__maj3_1)
   0.2174    5.6705 v _3373_/X (sky130_fd_sc_hd__o21a_1)
   0.2172    5.8877 v _3383_/X (sky130_fd_sc_hd__o21a_1)
   0.2744    6.1621 ^ _3404_/Y (sky130_fd_sc_hd__o31ai_1)
   0.1257    6.2878 v _3426_/Y (sky130_fd_sc_hd__o211ai_1)
   0.2165    6.5043 ^ _3441_/Y (sky130_fd_sc_hd__a211oi_1)
   0.1024    6.6067 v _3444_/Y (sky130_fd_sc_hd__nor2_1)
   0.4015    7.0083 v _3459_/X (sky130_fd_sc_hd__or3_1)
   0.2474    7.2556 ^ _3481_/Y (sky130_fd_sc_hd__a211oi_1)
   0.1503    7.4060 v _3498_/Y (sky130_fd_sc_hd__o211ai_1)
   0.1947    7.6007 v _3503_/X (sky130_fd_sc_hd__a21o_1)
   0.2103    7.8110 v _3514_/X (sky130_fd_sc_hd__o32a_1)
   0.1997    8.0107 ^ _3520_/Y (sky130_fd_sc_hd__o22ai_1)
   0.1617    8.1724 ^ _3523_/X (sky130_fd_sc_hd__xor2_1)
   0.0775    8.2499 v _3525_/Y (sky130_fd_sc_hd__a21oi_1)
   0.0035    8.2534 v _5465_/D (sky130_fd_sc_hd__dfxtp_1)
             8.2534   data arrival time

  20.0000   20.0000   clock clock (rise edge)
   0.0000   20.0000   clock network delay (ideal)
   0.0000   20.0000   clock reconvergence pessimism
            20.0000 ^ _5465_/CLK (sky130_fd_sc_hd__dfxtp_1)
  -0.1345   19.8655   library setup time
            19.8655   data required time
-------------------------------------------------------------
            19.8655   data required time
            -8.2534   data arrival time
-------------------------------------------------------------
            11.6121   slack (MET)


Startpoint: meta_0/meta_0_ext/mem_0_0
            (rising edge-triggered flip-flop clocked by clock)
Endpoint: _5558_ (rising edge-triggered flip-flop clocked by clock)
Path Group: clock
Path Type: max

    Delay      Time   Description
-------------------------------------------------------------
   0.0000    0.0000   clock clock (rise edge)
   0.0000    0.0000   clock network delay (ideal)
   0.0000    0.0000 ^ meta_0/meta_0_ext/mem_0_0/R0_clk (cacti_meta_0_ext)
   3.0776    3.0776 v meta_0/meta_0_ext/mem_0_0/R0_data[86] (cacti_meta_0_ext)
   0.1401    3.2177 v _2630_/X (sky130_fd_sc_hd__xor2_1)
   0.1959    3.4137 ^ _2631_/Y (sky130_fd_sc_hd__a221oi_1)
   0.2417    3.6554 ^ _2632_/Y (sky130_fd_sc_hd__nor3b_1)
   0.2750    3.9304 ^ _2634_/X (sky130_fd_sc_hd__and4_1)
   0.1573    4.0876 v _2664_/Y (sky130_fd_sc_hd__nand2_1)
   0.2840    4.3716 ^ _3672_/X (sky130_fd_sc_hd__mux2_2)
   0.1924    4.5640 ^ _3683_/X (sky130_fd_sc_hd__maj3_1)
   0.1179    4.6819 v _3698_/Y (sky130_fd_sc_hd__a31oi_1)
   0.3728    5.0547 v _3707_/X (sky130_fd_sc_hd__maj3_1)
   0.2303    5.2849 v _3716_/X (sky130_fd_sc_hd__o21a_1)
   0.2181    5.5031 ^ _3734_/Y (sky130_fd_sc_hd__nor3_1)
   0.1610    5.6641 v _3756_/Y (sky130_fd_sc_hd__o211ai_1)
   0.2799    5.9440 ^ _3777_/Y (sky130_fd_sc_hd__a211oi_1)
   0.1874    6.1314 v _3796_/Y (sky130_fd_sc_hd__o211ai_1)
   0.2288    6.3601 ^ _3817_/Y (sky130_fd_sc_hd__a211oi_1)
   0.1059    6.4660 v _3819_/Y (sky130_fd_sc_hd__nor2_1)
   0.3414    6.8073 ^ _3834_/Y (sky130_fd_sc_hd__o31ai_1)
   0.1137    6.9211 v _3841_/Y (sky130_fd_sc_hd__nand2_1)
   0.2237    7.1448 ^ _3848_/Y (sky130_fd_sc_hd__o32ai_1)
   0.2297    7.3745 ^ _3861_/Y (sky130_fd_sc_hd__nor3b_1)
   0.1023    7.4767 v _3863_/Y (sky130_fd_sc_hd__nor2_1)
   0.3404    7.8172 ^ _3877_/Y (sky130_fd_sc_hd__o31ai_1)
   0.1130    7.9301 v _3883_/Y (sky130_fd_sc_hd__nand2_1)
   0.0885    8.0187 ^ _3886_/Y (sky130_fd_sc_hd__nand2_1)
   0.1400    8.1587 ^ _3888_/X (sky130_fd_sc_hd__xor2_1)
   0.0775    8.2362 v _3890_/Y (sky130_fd_sc_hd__a21oi_1)
   0.0035    8.2397 v _5558_/D (sky130_fd_sc_hd__dfxtp_1)
             8.2397   data arrival time

  20.0000   20.0000   clock clock (rise edge)
   0.0000   20.0000   clock network delay (ideal)
   0.0000   20.0000   clock reconvergence pessimism
            20.0000 ^ _5558_/CLK (sky130_fd_sc_hd__dfxtp_1)
  -0.1345   19.8655   library setup time
            19.8655   data required time
-------------------------------------------------------------
            19.8655   data required time
            -8.2397   data arrival time
-------------------------------------------------------------
            11.6259   slack (MET)


Startpoint: meta_0/meta_0_ext/mem_0_0
            (rising edge-triggered flip-flop clocked by clock)
Endpoint: _5370_ (rising edge-triggered flip-flop clocked by clock)
Path Group: clock
Path Type: max

    Delay      Time   Description
-------------------------------------------------------------
   0.0000    0.0000   clock clock (rise edge)
   0.0000    0.0000   clock network delay (ideal)
   0.0000    0.0000 ^ meta_0/meta_0_ext/mem_0_0/R0_clk (cacti_meta_0_ext)
   3.0776    3.0776 v meta_0/meta_0_ext/mem_0_0/R0_data[11] (cacti_meta_0_ext)
   0.1321    3.2097 ^ _2460_/Y (sky130_fd_sc_hd__xnor2_1)
   0.1064    3.3161 v _2461_/Y (sky130_fd_sc_hd__nand4_1)
   0.2588    3.5749 ^ _2466_/Y (sky130_fd_sc_hd__nor4_1)
   0.1148    3.6897 v _2467_/Y (sky130_fd_sc_hd__nand4_1)
   0.3668    4.0565 v _2486_/X (sky130_fd_sc_hd__or3_1)
   0.2504    4.3069 v _2487_/X (sky130_fd_sc_hd__clkbuf_1)
   0.2764    4.5833 ^ _3037_/Y (sky130_fd_sc_hd__mux2i_1)
   0.1820    4.7653 ^ _3038_/Y (sky130_fd_sc_hd__xnor2_1)
   0.1284    4.8937 v _3044_/Y (sky130_fd_sc_hd__a21oi_1)
   0.3640    5.2577 v _3051_/X (sky130_fd_sc_hd__maj3_1)
   0.2606    5.5183 ^ _3065_/Y (sky130_fd_sc_hd__a21boi_0)
   0.1436    5.6618 v _3069_/Y (sky130_fd_sc_hd__a21oi_1)
   0.3713    6.0331 v _3076_/X (sky130_fd_sc_hd__maj3_1)
   0.3880    6.4211 v _3083_/X (sky130_fd_sc_hd__maj3_1)
   0.2659    6.6870 v _3102_/X (sky130_fd_sc_hd__a211o_1)
   0.1219    6.8089 ^ _3103_/Y (sky130_fd_sc_hd__o21ai_0)
   0.1433    6.9522 v _3115_/Y (sky130_fd_sc_hd__a21oi_1)
   0.2004    7.1526 ^ _3120_/Y (sky130_fd_sc_hd__o21bai_1)
   0.1394    7.2920 v _3129_/Y (sky130_fd_sc_hd__o21ai_0)
   0.2235    7.5155 v _3132_/X (sky130_fd_sc_hd__a21o_1)
   0.1320    7.6474 ^ _3145_/Y (sky130_fd_sc_hd__nor2_1)
   0.0805    7.7280 v _3146_/X (sky130_fd_sc_hd__lpflow_isobufsrc_1)
   0.1935    7.9215 v _3155_/X (sky130_fd_sc_hd__o21a_1)
   0.1526    8.0741 ^ _3157_/Y (sky130_fd_sc_hd__xnor2_1)
   0.0787    8.1527 v _3159_/Y (sky130_fd_sc_hd__a21oi_1)
   0.0035    8.1562 v _5370_/D (sky130_fd_sc_hd__dfxtp_1)
             8.1562   data arrival time

  20.0000   20.0000   clock clock (rise edge)
   0.0000   20.0000   clock network delay (ideal)
   0.0000   20.0000   clock reconvergence pessimism
            20.0000 ^ _5370_/CLK (sky130_fd_sc_hd__dfxtp_1)
  -0.1345   19.8655   library setup time
            19.8655   data required time
-------------------------------------------------------------
            19.8655   data required time
            -8.1562   data arrival time
-------------------------------------------------------------
            11.7093   slack (MET)


Startpoint: meta_0/meta_0_ext/mem_0_0
            (rising edge-triggered flip-flop clocked by clock)
Endpoint: _5642_ (rising edge-triggered flip-flop clocked by clock)
Path Group: clock
Path Type: max

    Delay      Time   Description
-------------------------------------------------------------
   0.0000    0.0000   clock clock (rise edge)
   0.0000    0.0000   clock network delay (ideal)
   0.0000    0.0000 ^ meta_0/meta_0_ext/mem_0_0/R0_clk (cacti_meta_0_ext)
   3.0776    3.0776 v meta_0/meta_0_ext/mem_0_0/R0_data[98] (cacti_meta_0_ext)
   0.1401    3.2177 v _2718_/X (sky130_fd_sc_hd__xor2_1)
   0.2064    3.4242 ^ _2719_/Y (sky130_fd_sc_hd__a221oi_1)
   0.1073    3.5315 v _2720_/Y (sky130_fd_sc_hd__nand3_1)
   0.3970    3.9284 ^ _2721_/Y (sky130_fd_sc_hd__nor4_1)
   0.3298    4.2582 v _2749_/Y (sky130_fd_sc_hd__nand2_1)
   0.2915    4.5497 ^ _4004_/Y (sky130_fd_sc_hd__mux2i_1)
   0.1796    4.7292 ^ _4005_/Y (sky130_fd_sc_hd__xnor2_1)
   0.2404    4.9696 ^ _4008_/X (sky130_fd_sc_hd__maj3_1)
   0.1958    5.1654 ^ _4016_/X (sky130_fd_sc_hd__maj3_1)
   0.1945    5.3598 ^ _4023_/X (sky130_fd_sc_hd__maj3_1)
   0.2067    5.5666 ^ _4031_/X (sky130_fd_sc_hd__maj3_1)
   0.4776    6.0442 v _4050_/X (sky130_fd_sc_hd__or3b_2)
   0.2494    6.2936 ^ _4076_/Y (sky130_fd_sc_hd__a211oi_1)
   0.1698    6.4634 v _4091_/Y (sky130_fd_sc_hd__o211ai_1)
   0.2264    6.6898 ^ _4112_/Y (sky130_fd_sc_hd__a211oi_1)
   0.1116    6.8014 v _4114_/Y (sky130_fd_sc_hd__a211oi_1)
   0.4155    7.2169 v _4129_/X (sky130_fd_sc_hd__o32a_1)
   0.3405    7.5574 v _4143_/X (sky130_fd_sc_hd__o31a_1)
   0.3361    7.8935 v _4156_/X (sky130_fd_sc_hd__o31a_1)
   0.1607    8.0542 ^ _4158_/Y (sky130_fd_sc_hd__xnor2_1)
   0.0791    8.1333 v _4160_/Y (sky130_fd_sc_hd__a21oi_1)
   0.0035    8.1367 v _5642_/D (sky130_fd_sc_hd__dfxtp_1)
             8.1367   data arrival time

  20.0000   20.0000   clock clock (rise edge)
   0.0000   20.0000   clock network delay (ideal)
   0.0000   20.0000   clock reconvergence pessimism
            20.0000 ^ _5642_/CLK (sky130_fd_sc_hd__dfxtp_1)
  -0.1345   19.8655   library setup time
            19.8655   data required time
-------------------------------------------------------------
            19.8655   data required time
            -8.1367   data arrival time
-------------------------------------------------------------
            11.7288   slack (MET)


Startpoint: meta_0/meta_0_ext/mem_0_0
            (rising edge-triggered flip-flop clocked by clock)
Endpoint: _5641_ (rising edge-triggered flip-flop clocked by clock)
Path Group: clock
Path Type: max

    Delay      Time   Description
-------------------------------------------------------------
   0.0000    0.0000   clock clock (rise edge)
   0.0000    0.0000   clock network delay (ideal)
   0.0000    0.0000 ^ meta_0/meta_0_ext/mem_0_0/R0_clk (cacti_meta_0_ext)
   3.0776    3.0776 v meta_0/meta_0_ext/mem_0_0/R0_data[98] (cacti_meta_0_ext)
   0.1401    3.2177 v _2718_/X (sky130_fd_sc_hd__xor2_1)
   0.2064    3.4242 ^ _2719_/Y (sky130_fd_sc_hd__a221oi_1)
   0.1073    3.5315 v _2720_/Y (sky130_fd_sc_hd__nand3_1)
   0.3970    3.9284 ^ _2721_/Y (sky130_fd_sc_hd__nor4_1)
   0.3298    4.2582 v _2749_/Y (sky130_fd_sc_hd__nand2_1)
   0.2915    4.5497 ^ _4004_/Y (sky130_fd_sc_hd__mux2i_1)
   0.1221    4.6718 v _4005_/Y (sky130_fd_sc_hd__xnor2_1)
   0.3882    5.0600 v _4008_/X (sky130_fd_sc_hd__maj3_1)
   0.3707    5.4307 v _4016_/X (sky130_fd_sc_hd__maj3_1)
   0.3702    5.8009 v _4023_/X (sky130_fd_sc_hd__maj3_1)
   0.3824    6.1834 v _4031_/X (sky130_fd_sc_hd__maj3_1)
   0.2294    6.4127 ^ _4050_/X (sky130_fd_sc_hd__or3b_2)
   0.0732    6.4859 v _4076_/Y (sky130_fd_sc_hd__a211oi_1)
   0.2514    6.7373 ^ _4091_/Y (sky130_fd_sc_hd__o211ai_1)
   0.1103    6.8477 v _4112_/Y (sky130_fd_sc_hd__a211oi_1)
   0.3791    7.2267 ^ _4114_/Y (sky130_fd_sc_hd__a211oi_1)
   0.2741    7.5008 ^ _4129_/X (sky130_fd_sc_hd__o32a_1)
   0.2001    7.7009 ^ _4143_/X (sky130_fd_sc_hd__o31a_1)
   0.1057    7.8067 v _4149_/Y (sky130_fd_sc_hd__o22ai_1)
   0.1779    7.9846 v _4152_/X (sky130_fd_sc_hd__xor2_1)
   0.1370    8.1215 ^ _4154_/Y (sky130_fd_sc_hd__a21oi_1)
   0.0035    8.1250 ^ _5641_/D (sky130_fd_sc_hd__dfxtp_1)
             8.1250   data arrival time

  20.0000   20.0000   clock clock (rise edge)
   0.0000   20.0000   clock network delay (ideal)
   0.0000   20.0000   clock reconvergence pessimism
            20.0000 ^ _5641_/CLK (sky130_fd_sc_hd__dfxtp_1)
  -0.0711   19.9289   library setup time
            19.9289   data required time
-------------------------------------------------------------
            19.9289   data required time
            -8.1250   data arrival time
-------------------------------------------------------------
            11.8039   slack (MET)


Startpoint: meta_0/meta_0_ext/mem_0_0
            (rising edge-triggered flip-flop clocked by clock)
Endpoint: _5557_ (rising edge-triggered flip-flop clocked by clock)
Path Group: clock
Path Type: max

    Delay      Time   Description
-------------------------------------------------------------
   0.0000    0.0000   clock clock (rise edge)
   0.0000    0.0000   clock network delay (ideal)
   0.0000    0.0000 ^ meta_0/meta_0_ext/mem_0_0/R0_clk (cacti_meta_0_ext)
   3.0776    3.0776 v meta_0/meta_0_ext/mem_0_0/R0_data[86] (cacti_meta_0_ext)
   0.1401    3.2177 v _2630_/X (sky130_fd_sc_hd__xor2_1)
   0.1959    3.4137 ^ _2631_/Y (sky130_fd_sc_hd__a221oi_1)
   0.2417    3.6554 ^ _2632_/Y (sky130_fd_sc_hd__nor3b_1)
   0.2750    3.9304 ^ _2634_/X (sky130_fd_sc_hd__and4_1)
   0.1573    4.0876 v _2664_/Y (sky130_fd_sc_hd__nand2_1)
   0.2840    4.3716 ^ _3672_/X (sky130_fd_sc_hd__mux2_2)
   0.1924    4.5640 ^ _3683_/X (sky130_fd_sc_hd__maj3_1)
   0.1179    4.6819 v _3698_/Y (sky130_fd_sc_hd__a31oi_1)
   0.3728    5.0547 v _3707_/X (sky130_fd_sc_hd__maj3_1)
   0.2303    5.2849 v _3716_/X (sky130_fd_sc_hd__o21a_1)
   0.2181    5.5031 ^ _3734_/Y (sky130_fd_sc_hd__nor3_1)
   0.1610    5.6641 v _3756_/Y (sky130_fd_sc_hd__o211ai_1)
   0.2799    5.9440 ^ _3777_/Y (sky130_fd_sc_hd__a211oi_1)
   0.1874    6.1314 v _3796_/Y (sky130_fd_sc_hd__o211ai_1)
   0.2288    6.3601 ^ _3817_/Y (sky130_fd_sc_hd__a211oi_1)
   0.1059    6.4660 v _3819_/Y (sky130_fd_sc_hd__nor2_1)
   0.3414    6.8073 ^ _3834_/Y (sky130_fd_sc_hd__o31ai_1)
   0.1137    6.9211 v _3841_/Y (sky130_fd_sc_hd__nand2_1)
   0.2237    7.1448 ^ _3848_/Y (sky130_fd_sc_hd__o32ai_1)
   0.2297    7.3745 ^ _3861_/Y (sky130_fd_sc_hd__nor3b_1)
   0.1023    7.4767 v _3863_/Y (sky130_fd_sc_hd__nor2_1)
   0.3404    7.8172 ^ _3877_/Y (sky130_fd_sc_hd__o31ai_1)
   0.1619    7.9791 ^ _3879_/Y (sky130_fd_sc_hd__xnor2_1)
   0.0787    8.0577 v _3882_/Y (sky130_fd_sc_hd__a21oi_1)
   0.0035    8.0612 v _5557_/D (sky130_fd_sc_hd__dfxtp_1)
             8.0612   data arrival time

  20.0000   20.0000   clock clock (rise edge)
   0.0000   20.0000   clock network delay (ideal)
   0.0000   20.0000   clock reconvergence pessimism
            20.0000 ^ _5557_/CLK (sky130_fd_sc_hd__dfxtp_1)
  -0.1345   19.8655   library setup time
            19.8655   data required time
-------------------------------------------------------------
            19.8655   data required time
            -8.0612   data arrival time
-------------------------------------------------------------
            11.8043   slack (MET)


Startpoint: meta_0/meta_0_ext/mem_0_0
            (rising edge-triggered flip-flop clocked by clock)
Endpoint: _5464_ (rising edge-triggered flip-flop clocked by clock)
Path Group: clock
Path Type: max

    Delay      Time   Description
-------------------------------------------------------------
   0.0000    0.0000   clock clock (rise edge)
   0.0000    0.0000   clock network delay (ideal)
   0.0000    0.0000 ^ meta_0/meta_0_ext/mem_0_0/R0_clk (cacti_meta_0_ext)
   3.0776    3.0776 v meta_0/meta_0_ext/mem_0_0/R0_data[41] (cacti_meta_0_ext)
   0.1303    3.2079 ^ _2542_/Y (sky130_fd_sc_hd__xnor2_1)
   0.1169    3.3248 v _2543_/Y (sky130_fd_sc_hd__o221ai_1)
   0.3629    3.6877 ^ _2544_/Y (sky130_fd_sc_hd__a2111oi_0)
   0.1577    3.8454 v _3329_/Y (sky130_fd_sc_hd__nand4_1)
   0.3806    4.2260 v _3339_/X (sky130_fd_sc_hd__or3_1)
   0.2747    4.5007 ^ _3340_/Y (sky130_fd_sc_hd__a21oi_1)
   0.1914    4.6921 v _3348_/Y (sky130_fd_sc_hd__o21ai_0)
   0.3897    5.0819 v _3357_/X (sky130_fd_sc_hd__maj3_1)
   0.3712    5.4531 v _3363_/X (sky130_fd_sc_hd__maj3_1)
   0.2174    5.6705 v _3373_/X (sky130_fd_sc_hd__o21a_1)
   0.2172    5.8877 v _3383_/X (sky130_fd_sc_hd__o21a_1)
   0.2744    6.1621 ^ _3404_/Y (sky130_fd_sc_hd__o31ai_1)
   0.1257    6.2878 v _3426_/Y (sky130_fd_sc_hd__o211ai_1)
   0.2165    6.5043 ^ _3441_/Y (sky130_fd_sc_hd__a211oi_1)
   0.1024    6.6067 v _3444_/Y (sky130_fd_sc_hd__nor2_1)
   0.4015    7.0083 v _3459_/X (sky130_fd_sc_hd__or3_1)
   0.2474    7.2556 ^ _3481_/Y (sky130_fd_sc_hd__a211oi_1)
   0.1503    7.4060 v _3498_/Y (sky130_fd_sc_hd__o211ai_1)
   0.1947    7.6007 v _3503_/X (sky130_fd_sc_hd__a21o_1)
   0.2103    7.8110 v _3514_/X (sky130_fd_sc_hd__o32a_1)
   0.1641    7.9751 ^ _3516_/Y (sky130_fd_sc_hd__xnor2_1)
   0.0792    8.0543 v _3518_/Y (sky130_fd_sc_hd__a21oi_1)
   0.0035    8.0578 v _5464_/D (sky130_fd_sc_hd__dfxtp_1)
             8.0578   data arrival time

  20.0000   20.0000   clock clock (rise edge)
   0.0000   20.0000   clock network delay (ideal)
   0.0000   20.0000   clock reconvergence pessimism
            20.0000 ^ _5464_/CLK (sky130_fd_sc_hd__dfxtp_1)
  -0.1345   19.8655   library setup time
            19.8655   data required time
-------------------------------------------------------------
            19.8655   data required time
            -8.0578   data arrival time
-------------------------------------------------------------
            11.8077   slack (MET)


Startpoint: meta_0/meta_0_ext/mem_0_0
            (rising edge-triggered flip-flop clocked by clock)
Endpoint: _5371_ (rising edge-triggered flip-flop clocked by clock)
Path Group: clock
Path Type: max

    Delay      Time   Description
-------------------------------------------------------------
   0.0000    0.0000   clock clock (rise edge)
   0.0000    0.0000   clock network delay (ideal)
   0.0000    0.0000 ^ meta_0/meta_0_ext/mem_0_0/R0_clk (cacti_meta_0_ext)
   3.0776    3.0776 v meta_0/meta_0_ext/mem_0_0/R0_data[11] (cacti_meta_0_ext)
   0.1321    3.2097 ^ _2460_/Y (sky130_fd_sc_hd__xnor2_1)
   0.1064    3.3161 v _2461_/Y (sky130_fd_sc_hd__nand4_1)
   0.2588    3.5749 ^ _2466_/Y (sky130_fd_sc_hd__nor4_1)
   0.1148    3.6897 v _2467_/Y (sky130_fd_sc_hd__nand4_1)
   0.3668    4.0565 v _2486_/X (sky130_fd_sc_hd__or3_1)
   0.2504    4.3069 v _2487_/X (sky130_fd_sc_hd__clkbuf_1)
   0.2764    4.5833 ^ _3037_/Y (sky130_fd_sc_hd__mux2i_1)
   0.1820    4.7653 ^ _3038_/Y (sky130_fd_sc_hd__xnor2_1)
   0.1284    4.8937 v _3044_/Y (sky130_fd_sc_hd__a21oi_1)
   0.3640    5.2577 v _3051_/X (sky130_fd_sc_hd__maj3_1)
   0.2606    5.5183 ^ _3065_/Y (sky130_fd_sc_hd__a21boi_0)
   0.1436    5.6618 v _3069_/Y (sky130_fd_sc_hd__a21oi_1)
   0.3713    6.0331 v _3076_/X (sky130_fd_sc_hd__maj3_1)
   0.3880    6.4211 v _3083_/X (sky130_fd_sc_hd__maj3_1)
   0.2659    6.6870 v _3102_/X (sky130_fd_sc_hd__a211o_1)
   0.1219    6.8089 ^ _3103_/Y (sky130_fd_sc_hd__o21ai_0)
   0.1433    6.9522 v _3115_/Y (sky130_fd_sc_hd__a21oi_1)
   0.2004    7.1526 ^ _3120_/Y (sky130_fd_sc_hd__o21bai_1)
   0.1394    7.2920 v _3129_/Y (sky130_fd_sc_hd__o21ai_0)
   0.2235    7.5155 v _3132_/X (sky130_fd_sc_hd__a21o_1)
   0.1320    7.6474 ^ _3145_/Y (sky130_fd_sc_hd__nor2_1)
   0.0958    7.7433 v _3163_/Y (sky130_fd_sc_hd__nand2_1)
   0.2096    7.9529 ^ _3166_/Y (sky130_fd_sc_hd__a31oi_1)
   0.1039    8.0568 v _3169_/Y (sky130_fd_sc_hd__o22ai_1)
   0.0035    8.0603 v _5371_/D (sky130_fd_sc_hd__dfxtp_1)
             8.0603   data arrival time

  20.0000   20.0000   clock clock (rise edge)
   0.0000   20.0000   clock network delay (ideal)
   0.0000   20.0000   clock reconvergence pessimism
            20.0000 ^ _5371_/CLK (sky130_fd_sc_hd__dfxtp_1)
  -0.1290   19.8710   library setup time
            19.8710   data required time
-------------------------------------------------------------
            19.8710   data required time
            -8.0603   data arrival time
-------------------------------------------------------------
            11.8106   slack (MET)


Startpoint: meta_0/meta_0_ext/mem_0_0
            (rising edge-triggered flip-flop clocked by clock)
Endpoint: _5369_ (rising edge-triggered flip-flop clocked by clock)
Path Group: clock
Path Type: max

    Delay      Time   Description
-------------------------------------------------------------
   0.0000    0.0000   clock clock (rise edge)
   0.0000    0.0000   clock network delay (ideal)
   0.0000    0.0000 ^ meta_0/meta_0_ext/mem_0_0/R0_clk (cacti_meta_0_ext)
   3.0776    3.0776 v meta_0/meta_0_ext/mem_0_0/R0_data[11] (cacti_meta_0_ext)
   0.1321    3.2097 ^ _2460_/Y (sky130_fd_sc_hd__xnor2_1)
   0.1064    3.3161 v _2461_/Y (sky130_fd_sc_hd__nand4_1)
   0.2588    3.5749 ^ _2466_/Y (sky130_fd_sc_hd__nor4_1)
   0.1148    3.6897 v _2467_/Y (sky130_fd_sc_hd__nand4_1)
   0.3668    4.0565 v _2486_/X (sky130_fd_sc_hd__or3_1)
   0.2504    4.3069 v _2487_/X (sky130_fd_sc_hd__clkbuf_1)
   0.2764    4.5833 ^ _3037_/Y (sky130_fd_sc_hd__mux2i_1)
   0.1820    4.7653 ^ _3038_/Y (sky130_fd_sc_hd__xnor2_1)
   0.1284    4.8937 v _3044_/Y (sky130_fd_sc_hd__a21oi_1)
   0.3640    5.2577 v _3051_/X (sky130_fd_sc_hd__maj3_1)
   0.2606    5.5183 ^ _3065_/Y (sky130_fd_sc_hd__a21boi_0)
   0.1436    5.6618 v _3069_/Y (sky130_fd_sc_hd__a21oi_1)
   0.3713    6.0331 v _3076_/X (sky130_fd_sc_hd__maj3_1)
   0.3880    6.4211 v _3083_/X (sky130_fd_sc_hd__maj3_1)
   0.2659    6.6870 v _3102_/X (sky130_fd_sc_hd__a211o_1)
   0.1219    6.8089 ^ _3103_/Y (sky130_fd_sc_hd__o21ai_0)
   0.1433    6.9522 v _3115_/Y (sky130_fd_sc_hd__a21oi_1)
   0.2004    7.1526 ^ _3120_/Y (sky130_fd_sc_hd__o21bai_1)
   0.1394    7.2920 v _3129_/Y (sky130_fd_sc_hd__o21ai_0)
   0.2235    7.5155 v _3132_/X (sky130_fd_sc_hd__a21o_1)
   0.1320    7.6474 ^ _3145_/Y (sky130_fd_sc_hd__nor2_1)
   0.0805    7.7280 v _3146_/X (sky130_fd_sc_hd__lpflow_isobufsrc_1)
   0.1521    7.8801 ^ _3148_/Y (sky130_fd_sc_hd__xnor2_1)
   0.0790    7.9590 v _3150_/Y (sky130_fd_sc_hd__a21oi_1)
   0.0035    7.9625 v _5369_/D (sky130_fd_sc_hd__dfxtp_1)
             7.9625   data arrival time

  20.0000   20.0000   clock clock (rise edge)
   0.0000   20.0000   clock network delay (ideal)
   0.0000   20.0000   clock reconvergence pessimism
            20.0000 ^ _5369_/CLK (sky130_fd_sc_hd__dfxtp_1)
  -0.1345   19.8655   library setup time
            19.8655   data required time
-------------------------------------------------------------
            19.8655   data required time
            -7.9625   data arrival time
-------------------------------------------------------------
            11.9030   slack (MET)


Startpoint: meta_0/meta_0_ext/mem_0_0
            (rising edge-triggered flip-flop clocked by clock)
Endpoint: _5463_ (rising edge-triggered flip-flop clocked by clock)
Path Group: clock
Path Type: max

    Delay      Time   Description
-------------------------------------------------------------
   0.0000    0.0000   clock clock (rise edge)
   0.0000    0.0000   clock network delay (ideal)
   0.0000    0.0000 ^ meta_0/meta_0_ext/mem_0_0/R0_clk (cacti_meta_0_ext)
   3.0776    3.0776 v meta_0/meta_0_ext/mem_0_0/R0_data[41] (cacti_meta_0_ext)
   0.1303    3.2079 ^ _2542_/Y (sky130_fd_sc_hd__xnor2_1)
   0.1169    3.3248 v _2543_/Y (sky130_fd_sc_hd__o221ai_1)
   0.3629    3.6877 ^ _2544_/Y (sky130_fd_sc_hd__a2111oi_0)
   0.1577    3.8454 v _3329_/Y (sky130_fd_sc_hd__nand4_1)
   0.3806    4.2260 v _3339_/X (sky130_fd_sc_hd__or3_1)
   0.2747    4.5007 ^ _3340_/Y (sky130_fd_sc_hd__a21oi_1)
   0.1914    4.6921 v _3348_/Y (sky130_fd_sc_hd__o21ai_0)
   0.3897    5.0819 v _3357_/X (sky130_fd_sc_hd__maj3_1)
   0.3712    5.4531 v _3363_/X (sky130_fd_sc_hd__maj3_1)
   0.2174    5.6705 v _3373_/X (sky130_fd_sc_hd__o21a_1)
   0.2172    5.8877 v _3383_/X (sky130_fd_sc_hd__o21a_1)
   0.2744    6.1621 ^ _3404_/Y (sky130_fd_sc_hd__o31ai_1)
   0.1257    6.2878 v _3426_/Y (sky130_fd_sc_hd__o211ai_1)
   0.2165    6.5043 ^ _3441_/Y (sky130_fd_sc_hd__a211oi_1)
   0.1024    6.6067 v _3444_/Y (sky130_fd_sc_hd__nor2_1)
   0.4015    7.0083 v _3459_/X (sky130_fd_sc_hd__or3_1)
   0.2474    7.2556 ^ _3481_/Y (sky130_fd_sc_hd__a211oi_1)
   0.1503    7.4060 v _3498_/Y (sky130_fd_sc_hd__o211ai_1)
   0.1947    7.6007 v _3503_/X (sky130_fd_sc_hd__a21o_1)
   0.1134    7.7141 v _3507_/X (sky130_fd_sc_hd__o21a_1)
   0.1525    7.8666 ^ _3510_/Y (sky130_fd_sc_hd__xnor2_1)
   0.0787    7.9453 v _3512_/Y (sky130_fd_sc_hd__a21oi_1)
   0.0035    7.9488 v _5463_/D (sky130_fd_sc_hd__dfxtp_1)
             7.9488   data arrival time

  20.0000   20.0000   clock clock (rise edge)
   0.0000   20.0000   clock network delay (ideal)
   0.0000   20.0000   clock reconvergence pessimism
            20.0000 ^ _5463_/CLK (sky130_fd_sc_hd__dfxtp_1)
  -0.1345   19.8655   library setup time
            19.8655   data required time
-------------------------------------------------------------
            19.8655   data required time
            -7.9488   data arrival time
-------------------------------------------------------------
            11.9168   slack (MET)


Startpoint: meta_0/meta_0_ext/mem_0_0
            (rising edge-triggered flip-flop clocked by clock)
Endpoint: _5640_ (rising edge-triggered flip-flop clocked by clock)
Path Group: clock
Path Type: max

    Delay      Time   Description
-------------------------------------------------------------
   0.0000    0.0000   clock clock (rise edge)
   0.0000    0.0000   clock network delay (ideal)
   0.0000    0.0000 ^ meta_0/meta_0_ext/mem_0_0/R0_clk (cacti_meta_0_ext)
   3.0776    3.0776 v meta_0/meta_0_ext/mem_0_0/R0_data[98] (cacti_meta_0_ext)
   0.1401    3.2177 v _2718_/X (sky130_fd_sc_hd__xor2_1)
   0.2064    3.4242 ^ _2719_/Y (sky130_fd_sc_hd__a221oi_1)
   0.1073    3.5315 v _2720_/Y (sky130_fd_sc_hd__nand3_1)
   0.3970    3.9284 ^ _2721_/Y (sky130_fd_sc_hd__nor4_1)
   0.3298    4.2582 v _2749_/Y (sky130_fd_sc_hd__nand2_1)
   0.2915    4.5497 ^ _4004_/Y (sky130_fd_sc_hd__mux2i_1)
   0.1221    4.6718 v _4005_/Y (sky130_fd_sc_hd__xnor2_1)
   0.3882    5.0600 v _4008_/X (sky130_fd_sc_hd__maj3_1)
   0.3707    5.4307 v _4016_/X (sky130_fd_sc_hd__maj3_1)
   0.3702    5.8009 v _4023_/X (sky130_fd_sc_hd__maj3_1)
   0.3824    6.1834 v _4031_/X (sky130_fd_sc_hd__maj3_1)
   0.2294    6.4127 ^ _4050_/X (sky130_fd_sc_hd__or3b_2)
   0.0732    6.4859 v _4076_/Y (sky130_fd_sc_hd__a211oi_1)
   0.2514    6.7373 ^ _4091_/Y (sky130_fd_sc_hd__o211ai_1)
   0.1103    6.8477 v _4112_/Y (sky130_fd_sc_hd__a211oi_1)
   0.3791    7.2267 ^ _4114_/Y (sky130_fd_sc_hd__a211oi_1)
   0.2741    7.5008 ^ _4129_/X (sky130_fd_sc_hd__o32a_1)
   0.2001    7.7009 ^ _4143_/X (sky130_fd_sc_hd__o31a_1)
   0.1305    7.8315 ^ _4145_/Y (sky130_fd_sc_hd__xnor2_1)
   0.0788    7.9103 v _4148_/Y (sky130_fd_sc_hd__a21oi_1)
   0.0035    7.9138 v _5640_/D (sky130_fd_sc_hd__dfxtp_1)
             7.9138   data arrival time

  20.0000   20.0000   clock clock (rise edge)
   0.0000   20.0000   clock network delay (ideal)
   0.0000   20.0000   clock reconvergence pessimism
            20.0000 ^ _5640_/CLK (sky130_fd_sc_hd__dfxtp_1)
  -0.1345   19.8655   library setup time
            19.8655   data required time
-------------------------------------------------------------
            19.8655   data required time
            -7.9138   data arrival time
-------------------------------------------------------------
            11.9518   slack (MET)


Startpoint: meta_0/meta_0_ext/mem_0_0
            (rising edge-triggered flip-flop clocked by clock)
Endpoint: _5556_ (rising edge-triggered flip-flop clocked by clock)
Path Group: clock
Path Type: max

    Delay      Time   Description
-------------------------------------------------------------
   0.0000    0.0000   clock clock (rise edge)
   0.0000    0.0000   clock network delay (ideal)
   0.0000    0.0000 ^ meta_0/meta_0_ext/mem_0_0/R0_clk (cacti_meta_0_ext)
   3.0776    3.0776 v meta_0/meta_0_ext/mem_0_0/R0_data[86] (cacti_meta_0_ext)
   0.1401    3.2177 v _2630_/X (sky130_fd_sc_hd__xor2_1)
   0.1959    3.4137 ^ _2631_/Y (sky130_fd_sc_hd__a221oi_1)
   0.2417    3.6554 ^ _2632_/Y (sky130_fd_sc_hd__nor3b_1)
   0.2750    3.9304 ^ _2634_/X (sky130_fd_sc_hd__and4_1)
   0.1573    4.0876 v _2664_/Y (sky130_fd_sc_hd__nand2_1)
   0.2840    4.3716 ^ _3672_/X (sky130_fd_sc_hd__mux2_2)
   0.1924    4.5640 ^ _3683_/X (sky130_fd_sc_hd__maj3_1)
   0.1179    4.6819 v _3698_/Y (sky130_fd_sc_hd__a31oi_1)
   0.3728    5.0547 v _3707_/X (sky130_fd_sc_hd__maj3_1)
   0.2303    5.2849 v _3716_/X (sky130_fd_sc_hd__o21a_1)
   0.2181    5.5031 ^ _3734_/Y (sky130_fd_sc_hd__nor3_1)
   0.1610    5.6641 v _3756_/Y (sky130_fd_sc_hd__o211ai_1)
   0.2799    5.9440 ^ _3777_/Y (sky130_fd_sc_hd__a211oi_1)
   0.1874    6.1314 v _3796_/Y (sky130_fd_sc_hd__o211ai_1)
   0.2288    6.3601 ^ _3817_/Y (sky130_fd_sc_hd__a211oi_1)
   0.1059    6.4660 v _3819_/Y (sky130_fd_sc_hd__nor2_1)
   0.3414    6.8073 ^ _3834_/Y (sky130_fd_sc_hd__o31ai_1)
   0.1137    6.9211 v _3841_/Y (sky130_fd_sc_hd__nand2_1)
   0.2237    7.1448 ^ _3848_/Y (sky130_fd_sc_hd__o32ai_1)
   0.2297    7.3745 ^ _3861_/Y (sky130_fd_sc_hd__nor3b_1)
   0.1023    7.4767 v _3863_/Y (sky130_fd_sc_hd__nor2_1)
   0.1595    7.6362 ^ _3869_/Y (sky130_fd_sc_hd__o22ai_1)
   0.1617    7.7979 ^ _3871_/X (sky130_fd_sc_hd__xor2_1)
   0.0775    7.8754 v _3873_/Y (sky130_fd_sc_hd__a21oi_1)
   0.0035    7.8789 v _5556_/D (sky130_fd_sc_hd__dfxtp_1)
             7.8789   data arrival time

  20.0000   20.0000   clock clock (rise edge)
   0.0000   20.0000   clock network delay (ideal)
   0.0000   20.0000   clock reconvergence pessimism
            20.0000 ^ _5556_/CLK (sky130_fd_sc_hd__dfxtp_1)
  -0.1345   19.8655   library setup time
            19.8655   data required time
-------------------------------------------------------------
            19.8655   data required time
            -7.8789   data arrival time
-------------------------------------------------------------
            11.9866   slack (MET)


Startpoint: meta_0/meta_0_ext/mem_0_0
            (rising edge-triggered flip-flop clocked by clock)
Endpoint: _5639_ (rising edge-triggered flip-flop clocked by clock)
Path Group: clock
Path Type: max

    Delay      Time   Description
-------------------------------------------------------------
   0.0000    0.0000   clock clock (rise edge)
   0.0000    0.0000   clock network delay (ideal)
   0.0000    0.0000 ^ meta_0/meta_0_ext/mem_0_0/R0_clk (cacti_meta_0_ext)
   3.0776    3.0776 v meta_0/meta_0_ext/mem_0_0/R0_data[98] (cacti_meta_0_ext)
   0.1401    3.2177 v _2718_/X (sky130_fd_sc_hd__xor2_1)
   0.2064    3.4242 ^ _2719_/Y (sky130_fd_sc_hd__a221oi_1)
   0.1073    3.5315 v _2720_/Y (sky130_fd_sc_hd__nand3_1)
   0.3970    3.9284 ^ _2721_/Y (sky130_fd_sc_hd__nor4_1)
   0.3298    4.2582 v _2749_/Y (sky130_fd_sc_hd__nand2_1)
   0.2915    4.5497 ^ _4004_/Y (sky130_fd_sc_hd__mux2i_1)
   0.1221    4.6718 v _4005_/Y (sky130_fd_sc_hd__xnor2_1)
   0.3882    5.0600 v _4008_/X (sky130_fd_sc_hd__maj3_1)
   0.3707    5.4307 v _4016_/X (sky130_fd_sc_hd__maj3_1)
   0.3702    5.8009 v _4023_/X (sky130_fd_sc_hd__maj3_1)
   0.3824    6.1834 v _4031_/X (sky130_fd_sc_hd__maj3_1)
   0.2294    6.4127 ^ _4050_/X (sky130_fd_sc_hd__or3b_2)
   0.0732    6.4859 v _4076_/Y (sky130_fd_sc_hd__a211oi_1)
   0.2514    6.7373 ^ _4091_/Y (sky130_fd_sc_hd__o211ai_1)
   0.1103    6.8477 v _4112_/Y (sky130_fd_sc_hd__a211oi_1)
   0.3791    7.2267 ^ _4114_/Y (sky130_fd_sc_hd__a211oi_1)
   0.2741    7.5008 ^ _4129_/X (sky130_fd_sc_hd__o32a_1)
   0.1167    7.6176 v _4136_/Y (sky130_fd_sc_hd__o21ai_0)
   0.1775    7.7950 v _4138_/X (sky130_fd_sc_hd__xor2_1)
   0.1369    7.9320 ^ _4140_/Y (sky130_fd_sc_hd__a21oi_1)
   0.0035    7.9354 ^ _5639_/D (sky130_fd_sc_hd__dfxtp_1)
             7.9354   data arrival time

  20.0000   20.0000   clock clock (rise edge)
   0.0000   20.0000   clock network delay (ideal)
   0.0000   20.0000   clock reconvergence pessimism
            20.0000 ^ _5639_/CLK (sky130_fd_sc_hd__dfxtp_1)
  -0.0711   19.9289   library setup time
            19.9289   data required time
-------------------------------------------------------------
            19.9289   data required time
            -7.9354   data arrival time
-------------------------------------------------------------
            11.9935   slack (MET)


Startpoint: meta_0/meta_0_ext/mem_0_0
            (rising edge-triggered flip-flop clocked by clock)
Endpoint: _5368_ (rising edge-triggered flip-flop clocked by clock)
Path Group: clock
Path Type: max

    Delay      Time   Description
-------------------------------------------------------------
   0.0000    0.0000   clock clock (rise edge)
   0.0000    0.0000   clock network delay (ideal)
   0.0000    0.0000 ^ meta_0/meta_0_ext/mem_0_0/R0_clk (cacti_meta_0_ext)
   3.0776    3.0776 v meta_0/meta_0_ext/mem_0_0/R0_data[11] (cacti_meta_0_ext)
   0.1321    3.2097 ^ _2460_/Y (sky130_fd_sc_hd__xnor2_1)
   0.1064    3.3161 v _2461_/Y (sky130_fd_sc_hd__nand4_1)
   0.2588    3.5749 ^ _2466_/Y (sky130_fd_sc_hd__nor4_1)
   0.1148    3.6897 v _2467_/Y (sky130_fd_sc_hd__nand4_1)
   0.3668    4.0565 v _2486_/X (sky130_fd_sc_hd__or3_1)
   0.2504    4.3069 v _2487_/X (sky130_fd_sc_hd__clkbuf_1)
   0.2764    4.5833 ^ _3037_/Y (sky130_fd_sc_hd__mux2i_1)
   0.1820    4.7653 ^ _3038_/Y (sky130_fd_sc_hd__xnor2_1)
   0.1284    4.8937 v _3044_/Y (sky130_fd_sc_hd__a21oi_1)
   0.3640    5.2577 v _3051_/X (sky130_fd_sc_hd__maj3_1)
   0.2606    5.5183 ^ _3065_/Y (sky130_fd_sc_hd__a21boi_0)
   0.1436    5.6618 v _3069_/Y (sky130_fd_sc_hd__a21oi_1)
   0.3713    6.0331 v _3076_/X (sky130_fd_sc_hd__maj3_1)
   0.3880    6.4211 v _3083_/X (sky130_fd_sc_hd__maj3_1)
   0.2659    6.6870 v _3102_/X (sky130_fd_sc_hd__a211o_1)
   0.1219    6.8089 ^ _3103_/Y (sky130_fd_sc_hd__o21ai_0)
   0.1433    6.9522 v _3115_/Y (sky130_fd_sc_hd__a21oi_1)
   0.2004    7.1526 ^ _3120_/Y (sky130_fd_sc_hd__o21bai_1)
   0.1394    7.2920 v _3129_/Y (sky130_fd_sc_hd__o21ai_0)
   0.2235    7.5155 v _3132_/X (sky130_fd_sc_hd__a21o_1)
   0.0925    7.6080 ^ _3138_/Y (sky130_fd_sc_hd__o21ai_0)
   0.1663    7.7743 ^ _3140_/X (sky130_fd_sc_hd__xor2_1)
   0.0778    7.8521 v _3142_/Y (sky130_fd_sc_hd__a21oi_1)
   0.0035    7.8556 v _5368_/D (sky130_fd_sc_hd__dfxtp_1)
             7.8556   data arrival time

  20.0000   20.0000   clock clock (rise edge)
   0.0000   20.0000   clock network delay (ideal)
   0.0000   20.0000   clock reconvergence pessimism
            20.0000 ^ _5368_/CLK (sky130_fd_sc_hd__dfxtp_1)
  -0.1345   19.8655   library setup time
            19.8655   data required time
-------------------------------------------------------------
            19.8655   data required time
            -7.8556   data arrival time
-------------------------------------------------------------
            12.0099   slack (MET)


Startpoint: meta_0/meta_0_ext/mem_0_0
            (rising edge-triggered flip-flop clocked by clock)
Endpoint: _5461_ (rising edge-triggered flip-flop clocked by clock)
Path Group: clock
Path Type: max

    Delay      Time   Description
-------------------------------------------------------------
   0.0000    0.0000   clock clock (rise edge)
   0.0000    0.0000   clock network delay (ideal)
   0.0000    0.0000 ^ meta_0/meta_0_ext/mem_0_0/R0_clk (cacti_meta_0_ext)
   3.0776    3.0776 v meta_0/meta_0_ext/mem_0_0/R0_data[41] (cacti_meta_0_ext)
   0.1303    3.2079 ^ _2542_/Y (sky130_fd_sc_hd__xnor2_1)
   0.1169    3.3248 v _2543_/Y (sky130_fd_sc_hd__o221ai_1)
   0.3629    3.6877 ^ _2544_/Y (sky130_fd_sc_hd__a2111oi_0)
   0.1577    3.8454 v _3329_/Y (sky130_fd_sc_hd__nand4_1)
   0.3806    4.2260 v _3339_/X (sky130_fd_sc_hd__or3_1)
   0.2747    4.5007 ^ _3340_/Y (sky130_fd_sc_hd__a21oi_1)
   0.1914    4.6921 v _3348_/Y (sky130_fd_sc_hd__o21ai_0)
   0.3897    5.0819 v _3357_/X (sky130_fd_sc_hd__maj3_1)
   0.3712    5.4531 v _3363_/X (sky130_fd_sc_hd__maj3_1)
   0.2174    5.6705 v _3373_/X (sky130_fd_sc_hd__o21a_1)
   0.2172    5.8877 v _3383_/X (sky130_fd_sc_hd__o21a_1)
   0.2744    6.1621 ^ _3404_/Y (sky130_fd_sc_hd__o31ai_1)
   0.1257    6.2878 v _3426_/Y (sky130_fd_sc_hd__o211ai_1)
   0.2165    6.5043 ^ _3441_/Y (sky130_fd_sc_hd__a211oi_1)
   0.1024    6.6067 v _3444_/Y (sky130_fd_sc_hd__nor2_1)
   0.4015    7.0083 v _3459_/X (sky130_fd_sc_hd__or3_1)
   0.2474    7.2556 ^ _3481_/Y (sky130_fd_sc_hd__a211oi_1)
   0.1708    7.4264 ^ _3484_/X (sky130_fd_sc_hd__or2_2)
   0.1417    7.5681 ^ _3492_/X (sky130_fd_sc_hd__a22o_1)
   0.1209    7.6890 ^ _3495_/Y (sky130_fd_sc_hd__xnor2_1)
   0.0787    7.7677 v _3497_/Y (sky130_fd_sc_hd__a21oi_1)
   0.0035    7.7712 v _5461_/D (sky130_fd_sc_hd__dfxtp_1)
             7.7712   data arrival time

  20.0000   20.0000   clock clock (rise edge)
   0.0000   20.0000   clock network delay (ideal)
   0.0000   20.0000   clock reconvergence pessimism
            20.0000 ^ _5461_/CLK (sky130_fd_sc_hd__dfxtp_1)
  -0.1345   19.8655   library setup time
            19.8655   data required time
-------------------------------------------------------------
            19.8655   data required time
            -7.7712   data arrival time
-------------------------------------------------------------
            12.0944   slack (MET)


Startpoint: meta_0/meta_0_ext/mem_0_0
            (rising edge-triggered flip-flop clocked by clock)
Endpoint: _5462_ (rising edge-triggered flip-flop clocked by clock)
Path Group: clock
Path Type: max

    Delay      Time   Description
-------------------------------------------------------------
   0.0000    0.0000   clock clock (rise edge)
   0.0000    0.0000   clock network delay (ideal)
   0.0000    0.0000 ^ meta_0/meta_0_ext/mem_0_0/R0_clk (cacti_meta_0_ext)
   3.0776    3.0776 v meta_0/meta_0_ext/mem_0_0/R0_data[41] (cacti_meta_0_ext)
   0.1303    3.2079 ^ _2542_/Y (sky130_fd_sc_hd__xnor2_1)
   0.1169    3.3248 v _2543_/Y (sky130_fd_sc_hd__o221ai_1)
   0.3629    3.6877 ^ _2544_/Y (sky130_fd_sc_hd__a2111oi_0)
   0.1577    3.8454 v _3329_/Y (sky130_fd_sc_hd__nand4_1)
   0.3806    4.2260 v _3339_/X (sky130_fd_sc_hd__or3_1)
   0.2747    4.5007 ^ _3340_/Y (sky130_fd_sc_hd__a21oi_1)
   0.1914    4.6921 v _3348_/Y (sky130_fd_sc_hd__o21ai_0)
   0.3897    5.0819 v _3357_/X (sky130_fd_sc_hd__maj3_1)
   0.3712    5.4531 v _3363_/X (sky130_fd_sc_hd__maj3_1)
   0.2174    5.6705 v _3373_/X (sky130_fd_sc_hd__o21a_1)
   0.2172    5.8877 v _3383_/X (sky130_fd_sc_hd__o21a_1)
   0.2744    6.1621 ^ _3404_/Y (sky130_fd_sc_hd__o31ai_1)
   0.1257    6.2878 v _3426_/Y (sky130_fd_sc_hd__o211ai_1)
   0.2165    6.5043 ^ _3441_/Y (sky130_fd_sc_hd__a211oi_1)
   0.1024    6.6067 v _3444_/Y (sky130_fd_sc_hd__nor2_1)
   0.4015    7.0083 v _3459_/X (sky130_fd_sc_hd__or3_1)
   0.2474    7.2556 ^ _3481_/Y (sky130_fd_sc_hd__a211oi_1)
   0.1503    7.4060 v _3498_/Y (sky130_fd_sc_hd__o211ai_1)
   0.1947    7.6007 v _3503_/X (sky130_fd_sc_hd__a21o_1)
   0.0777    7.6784 ^ _3504_/Y (sky130_fd_sc_hd__nand3_1)
   0.0709    7.7493 v _3505_/Y (sky130_fd_sc_hd__o21ai_0)
   0.0035    7.7528 v _5462_/D (sky130_fd_sc_hd__dfxtp_1)
             7.7528   data arrival time

  20.0000   20.0000   clock clock (rise edge)
   0.0000   20.0000   clock network delay (ideal)
   0.0000   20.0000   clock reconvergence pessimism
            20.0000 ^ _5462_/CLK (sky130_fd_sc_hd__dfxtp_1)
  -0.1307   19.8693   library setup time
            19.8693   data required time
-------------------------------------------------------------
            19.8693   data required time
            -7.7528   data arrival time
-------------------------------------------------------------
            12.1166   slack (MET)


Startpoint: meta_0/meta_0_ext/mem_0_0
            (rising edge-triggered flip-flop clocked by clock)
Endpoint: _5367_ (rising edge-triggered flip-flop clocked by clock)
Path Group: clock
Path Type: max

    Delay      Time   Description
-------------------------------------------------------------
   0.0000    0.0000   clock clock (rise edge)
   0.0000    0.0000   clock network delay (ideal)
   0.0000    0.0000 ^ meta_0/meta_0_ext/mem_0_0/R0_clk (cacti_meta_0_ext)
   3.0776    3.0776 v meta_0/meta_0_ext/mem_0_0/R0_data[11] (cacti_meta_0_ext)
   0.1321    3.2097 ^ _2460_/Y (sky130_fd_sc_hd__xnor2_1)
   0.1064    3.3161 v _2461_/Y (sky130_fd_sc_hd__nand4_1)
   0.2588    3.5749 ^ _2466_/Y (sky130_fd_sc_hd__nor4_1)
   0.1148    3.6897 v _2467_/Y (sky130_fd_sc_hd__nand4_1)
   0.3668    4.0565 v _2486_/X (sky130_fd_sc_hd__or3_1)
   0.2504    4.3069 v _2487_/X (sky130_fd_sc_hd__clkbuf_1)
   0.2764    4.5833 ^ _3037_/Y (sky130_fd_sc_hd__mux2i_1)
   0.1820    4.7653 ^ _3038_/Y (sky130_fd_sc_hd__xnor2_1)
   0.1284    4.8937 v _3044_/Y (sky130_fd_sc_hd__a21oi_1)
   0.3640    5.2577 v _3051_/X (sky130_fd_sc_hd__maj3_1)
   0.2606    5.5183 ^ _3065_/Y (sky130_fd_sc_hd__a21boi_0)
   0.1436    5.6618 v _3069_/Y (sky130_fd_sc_hd__a21oi_1)
   0.3713    6.0331 v _3076_/X (sky130_fd_sc_hd__maj3_1)
   0.3880    6.4211 v _3083_/X (sky130_fd_sc_hd__maj3_1)
   0.2659    6.6870 v _3102_/X (sky130_fd_sc_hd__a211o_1)
   0.1219    6.8089 ^ _3103_/Y (sky130_fd_sc_hd__o21ai_0)
   0.1433    6.9522 v _3115_/Y (sky130_fd_sc_hd__a21oi_1)
   0.2004    7.1526 ^ _3120_/Y (sky130_fd_sc_hd__o21bai_1)
   0.1394    7.2920 v _3129_/Y (sky130_fd_sc_hd__o21ai_0)
   0.2235    7.5155 v _3132_/X (sky130_fd_sc_hd__a21o_1)
   0.2243    7.7398 v _3135_/X (sky130_fd_sc_hd__a31o_2)
   0.0035    7.7432 v _5367_/D (sky130_fd_sc_hd__dfxtp_1)
             7.7432   data arrival time

  20.0000   20.0000   clock clock (rise edge)
   0.0000   20.0000   clock network delay (ideal)
   0.0000   20.0000   clock reconvergence pessimism
            20.0000 ^ _5367_/CLK (sky130_fd_sc_hd__dfxtp_1)
  -0.1168   19.8832   library setup time
            19.8832   data required time
-------------------------------------------------------------
            19.8832   data required time
            -7.7432   data arrival time
-------------------------------------------------------------
            12.1400   slack (MET)


