Warning: /scratch/perf_area_eff/baseline_area_v13/syn_obj/syn-rundir/BoomTile.mapped.v line 2237868, module $assert not found. Creating black box for assert__assert_29.
CHIA_METRIC setup_slack
worst slack -0.7594
CHIA_METRIC hold_slack
worst slack 0.1596
CHIA_METRIC min_period
clock period_min = 20.76 fmax = 48.17
CHIA_METRIC critical_paths
Startpoint: core/FpPipeline/fpu_exe_unit/FPUUnit/fpu/dfma/_1310_
            (rising edge-triggered flip-flop clocked by clock)
Endpoint: core/FpPipeline/fpu_exe_unit/FPUUnit/fpu/dfma/fma/_31079_
          (rising edge-triggered flip-flop clocked by clock)
Path Group: clock
Path Type: max

    Delay      Time   Description
-------------------------------------------------------------
   0.0000    0.0000   clock clock (rise edge)
   0.0000    0.0000   clock network delay (ideal)
   0.0000    0.0000 ^ core/FpPipeline/fpu_exe_unit/FPUUnit/fpu/dfma/_1310_/CLK (sky130_fd_sc_hd__dfxtp_1)
   0.2995    0.2995 v core/FpPipeline/fpu_exe_unit/FPUUnit/fpu/dfma/_1310_/Q (sky130_fd_sc_hd__dfxtp_1)
   0.1614    0.4609 v core/FpPipeline/fpu_exe_unit/FPUUnit/fpu/dfma/fma/mulAddRecFNToRaw_preMul/_1092_/Y (sky130_fd_sc_hd__xnor2_1)
   0.3226    0.7835 ^ core/FpPipeline/fpu_exe_unit/FPUUnit/fpu/dfma/fma/mulAddRecFNToRaw_preMul/_1094_/Y (sky130_fd_sc_hd__o21ai_0)
   0.1761    0.9596 v core/FpPipeline/fpu_exe_unit/FPUUnit/fpu/dfma/fma/mulAddRecFNToRaw_preMul/_1097_/Y (sky130_fd_sc_hd__a31oi_1)
   0.4045    1.3640 v core/FpPipeline/fpu_exe_unit/FPUUnit/fpu/dfma/fma/mulAddRecFNToRaw_preMul/_1098_/X (sky130_fd_sc_hd__maj3_1)
   0.3959    1.7600 v core/FpPipeline/fpu_exe_unit/FPUUnit/fpu/dfma/fma/mulAddRecFNToRaw_preMul/_1099_/X (sky130_fd_sc_hd__maj3_1)
   0.3973    2.1573 v core/FpPipeline/fpu_exe_unit/FPUUnit/fpu/dfma/fma/mulAddRecFNToRaw_preMul/_1100_/X (sky130_fd_sc_hd__maj3_1)
   0.4055    2.5628 v core/FpPipeline/fpu_exe_unit/FPUUnit/fpu/dfma/fma/mulAddRecFNToRaw_preMul/_1101_/X (sky130_fd_sc_hd__maj3_1)
   0.3551    2.9179 v core/FpPipeline/fpu_exe_unit/FPUUnit/fpu/dfma/fma/mulAddRecFNToRaw_preMul/_1121_/X (sky130_fd_sc_hd__maj3_1)
   0.2007    3.1186 v core/FpPipeline/fpu_exe_unit/FPUUnit/fpu/dfma/fma/mulAddRecFNToRaw_preMul/_1122_/X (sky130_fd_sc_hd__xor2_1)
   0.1942    3.3128 ^ core/FpPipeline/fpu_exe_unit/FPUUnit/fpu/dfma/fma/mulAddRecFNToRaw_preMul/_1152_/Y (sky130_fd_sc_hd__o221ai_1)
   0.1518    3.4647 v core/FpPipeline/fpu_exe_unit/FPUUnit/fpu/dfma/fma/mulAddRecFNToRaw_preMul/_1158_/Y (sky130_fd_sc_hd__a32oi_1)
   0.4189    3.8835 v core/FpPipeline/fpu_exe_unit/FPUUnit/fpu/dfma/fma/mulAddRecFNToRaw_preMul/_1159_/X (sky130_fd_sc_hd__maj3_1)
   0.2588    4.1424 v core/FpPipeline/fpu_exe_unit/FPUUnit/fpu/dfma/fma/mulAddRecFNToRaw_preMul/_1177_/X (sky130_fd_sc_hd__o2111a_1)
   0.1835    4.3259 v core/FpPipeline/fpu_exe_unit/FPUUnit/fpu/dfma/fma/mulAddRecFNToRaw_preMul/_1178_/X (sky130_fd_sc_hd__clkbuf_1)
   0.1411    4.4670 ^ core/FpPipeline/fpu_exe_unit/FPUUnit/fpu/dfma/fma/mulAddRecFNToRaw_preMul/_1203_/Y (sky130_fd_sc_hd__nand4_1)
   0.3339    4.8008 ^ core/FpPipeline/fpu_exe_unit/FPUUnit/fpu/dfma/fma/mulAddRecFNToRaw_preMul/_1204_/X (sky130_fd_sc_hd__lpflow_clkbufkapwr_1)
   0.3198    5.1206 ^ core/FpPipeline/fpu_exe_unit/FPUUnit/fpu/dfma/fma/mulAddRecFNToRaw_preMul/_1307_/X (sky130_fd_sc_hd__buf_2)
   0.4406    5.5612 ^ core/FpPipeline/fpu_exe_unit/FPUUnit/fpu/dfma/fma/mulAddRecFNToRaw_preMul/_1308_/X (sky130_fd_sc_hd__lpflow_clkbufkapwr_1)
   0.4049    5.9661 v core/FpPipeline/fpu_exe_unit/FPUUnit/fpu/dfma/fma/mulAddRecFNToRaw_preMul/_1618_/X (sky130_fd_sc_hd__mux2_2)
   0.1693    6.1354 ^ core/FpPipeline/fpu_exe_unit/FPUUnit/fpu/dfma/fma/mulAddRecFNToRaw_preMul/_1760_/Y (sky130_fd_sc_hd__mux2i_1)
   0.0586    6.1940 v core/FpPipeline/fpu_exe_unit/FPUUnit/fpu/dfma/fma/mulAddRecFNToRaw_preMul/_1761_/Y (sky130_fd_sc_hd__nor2_1)
   0.1499    6.3440 ^ core/FpPipeline/fpu_exe_unit/FPUUnit/fpu/dfma/fma/mulAddRecFNToRaw_preMul/_1762_/Y (sky130_fd_sc_hd__a21oi_1)
   0.1072    6.4511 v core/FpPipeline/fpu_exe_unit/FPUUnit/fpu/dfma/fma/mulAddRecFNToRaw_preMul/_1763_/Y (sky130_fd_sc_hd__mux2i_1)
   0.2246    6.6758 ^ core/FpPipeline/fpu_exe_unit/FPUUnit/fpu/dfma/fma/mulAddRecFNToRaw_preMul/_1764_/Y (sky130_fd_sc_hd__a21oi_1)
   0.0630    6.7388 v core/FpPipeline/fpu_exe_unit/FPUUnit/fpu/dfma/fma/mulAddRecFNToRaw_preMul/_1765_/Y (sky130_fd_sc_hd__nor2_1)
   0.1979    6.9367 v core/FpPipeline/fpu_exe_unit/FPUUnit/fpu/dfma/fma/mulAddRecFNToRaw_preMul/_1766_/X (sky130_fd_sc_hd__o22a_1)
   0.3822    7.3188 v core/FpPipeline/fpu_exe_unit/FPUUnit/fpu/dfma/fma/_15620_/X (sky130_fd_sc_hd__xnor3_1)
   0.3965    7.7153 v core/FpPipeline/fpu_exe_unit/FPUUnit/fpu/dfma/fma/_15633_/X (sky130_fd_sc_hd__maj3_1)
   0.3777    8.0930 v core/FpPipeline/fpu_exe_unit/FPUUnit/fpu/dfma/fma/_15654_/X (sky130_fd_sc_hd__maj3_1)
   0.3929    8.4859 v core/FpPipeline/fpu_exe_unit/FPUUnit/fpu/dfma/fma/_15683_/X (sky130_fd_sc_hd__maj3_1)
   0.3979    8.8837 v core/FpPipeline/fpu_exe_unit/FPUUnit/fpu/dfma/fma/_15706_/X (sky130_fd_sc_hd__xor3_1)
   0.1695    9.0532 ^ core/FpPipeline/fpu_exe_unit/FPUUnit/fpu/dfma/fma/_15717_/Y (sky130_fd_sc_hd__nor2_1)
   0.2705    9.3237 ^ core/FpPipeline/fpu_exe_unit/FPUUnit/fpu/dfma/fma/_15755_/X (sky130_fd_sc_hd__xor3_1)
   0.1383    9.4620 v core/FpPipeline/fpu_exe_unit/FPUUnit/fpu/dfma/fma/_15756_/Y (sky130_fd_sc_hd__nand4bb_1)
   0.3515    9.8135 v core/FpPipeline/fpu_exe_unit/FPUUnit/fpu/dfma/fma/_15806_/X (sky130_fd_sc_hd__or2_2)
   0.3724   10.1859 v core/FpPipeline/fpu_exe_unit/FPUUnit/fpu/dfma/fma/_15860_/X (sky130_fd_sc_hd__maj3_1)
   0.3772   10.5631 v core/FpPipeline/fpu_exe_unit/FPUUnit/fpu/dfma/fma/_15917_/X (sky130_fd_sc_hd__maj3_1)
   0.3659   10.9290 v core/FpPipeline/fpu_exe_unit/FPUUnit/fpu/dfma/fma/_15983_/X (sky130_fd_sc_hd__maj3_1)
   0.3689   11.2979 v core/FpPipeline/fpu_exe_unit/FPUUnit/fpu/dfma/fma/_16051_/X (sky130_fd_sc_hd__maj3_1)
   0.3764   11.6743 v core/FpPipeline/fpu_exe_unit/FPUUnit/fpu/dfma/fma/_16118_/X (sky130_fd_sc_hd__maj3_1)
   0.3716   12.0459 v core/FpPipeline/fpu_exe_unit/FPUUnit/fpu/dfma/fma/_16205_/X (sky130_fd_sc_hd__maj3_1)
   0.3696   12.4155 v core/FpPipeline/fpu_exe_unit/FPUUnit/fpu/dfma/fma/_16303_/X (sky130_fd_sc_hd__maj3_1)
   0.2276   12.6431 ^ core/FpPipeline/fpu_exe_unit/FPUUnit/fpu/dfma/fma/_16397_/Y (sky130_fd_sc_hd__o22ai_1)
   0.1101   12.7532 v core/FpPipeline/fpu_exe_unit/FPUUnit/fpu/dfma/fma/_16924_/Y (sky130_fd_sc_hd__a211oi_1)
   0.3411   13.0942 ^ core/FpPipeline/fpu_exe_unit/FPUUnit/fpu/dfma/fma/_16925_/Y (sky130_fd_sc_hd__o311ai_0)
   0.1916   13.2859 v core/FpPipeline/fpu_exe_unit/FPUUnit/fpu/dfma/fma/_17063_/Y (sky130_fd_sc_hd__nand4_1)
   0.2608   13.5467 ^ core/FpPipeline/fpu_exe_unit/FPUUnit/fpu/dfma/fma/_17356_/Y (sky130_fd_sc_hd__a211oi_1)
   0.2232   13.7699 v core/FpPipeline/fpu_exe_unit/FPUUnit/fpu/dfma/fma/_17676_/Y (sky130_fd_sc_hd__o311ai_0)
   0.3464   14.1163 ^ core/FpPipeline/fpu_exe_unit/FPUUnit/fpu/dfma/fma/_17985_/Y (sky130_fd_sc_hd__a211oi_1)
   0.1544   14.2707 v core/FpPipeline/fpu_exe_unit/FPUUnit/fpu/dfma/fma/_18286_/Y (sky130_fd_sc_hd__o211ai_1)
   0.4838   14.7545 ^ core/FpPipeline/fpu_exe_unit/FPUUnit/fpu/dfma/fma/_19008_/Y (sky130_fd_sc_hd__a2111oi_0)
   0.2138   14.9683 v core/FpPipeline/fpu_exe_unit/FPUUnit/fpu/dfma/fma/_19804_/Y (sky130_fd_sc_hd__a21oi_1)
   0.3577   15.3260 v core/FpPipeline/fpu_exe_unit/FPUUnit/fpu/dfma/fma/_21792_/X (sky130_fd_sc_hd__o31a_1)
   0.3666   15.6926 ^ core/FpPipeline/fpu_exe_unit/FPUUnit/fpu/dfma/fma/_22055_/Y (sky130_fd_sc_hd__o31ai_1)
   0.2541   15.9466 ^ core/FpPipeline/fpu_exe_unit/FPUUnit/fpu/dfma/fma/_22585_/X (sky130_fd_sc_hd__a221o_1)
   0.1319   16.0785 v core/FpPipeline/fpu_exe_unit/FPUUnit/fpu/dfma/fma/_23138_/Y (sky130_fd_sc_hd__a31oi_1)
   0.3718   16.4503 ^ core/FpPipeline/fpu_exe_unit/FPUUnit/fpu/dfma/fma/_23671_/Y (sky130_fd_sc_hd__o21ai_0)
   0.2962   16.7465 ^ core/FpPipeline/fpu_exe_unit/FPUUnit/fpu/dfma/fma/_25679_/X (sky130_fd_sc_hd__and4b_1)
   0.2439   16.9904 ^ core/FpPipeline/fpu_exe_unit/FPUUnit/fpu/dfma/fma/_26580_/X (sky130_fd_sc_hd__o2111a_1)
   0.1495   17.1399 v core/FpPipeline/fpu_exe_unit/FPUUnit/fpu/dfma/fma/_28099_/Y (sky130_fd_sc_hd__o2111ai_1)
   0.3197   17.4597 ^ core/FpPipeline/fpu_exe_unit/FPUUnit/fpu/dfma/fma/_28721_/Y (sky130_fd_sc_hd__o2111ai_1)
   0.1877   17.6474 v core/FpPipeline/fpu_exe_unit/FPUUnit/fpu/dfma/fma/_29003_/Y (sky130_fd_sc_hd__a31oi_1)
   0.2882   17.9355 ^ core/FpPipeline/fpu_exe_unit/FPUUnit/fpu/dfma/fma/_29260_/Y (sky130_fd_sc_hd__o221ai_1)
   0.1789   18.1144 v core/FpPipeline/fpu_exe_unit/FPUUnit/fpu/dfma/fma/_29513_/Y (sky130_fd_sc_hd__a22oi_1)
   0.4165   18.5309 v core/FpPipeline/fpu_exe_unit/FPUUnit/fpu/dfma/fma/_29739_/X (sky130_fd_sc_hd__o311a_1)
   0.3505   18.8814 ^ core/FpPipeline/fpu_exe_unit/FPUUnit/fpu/dfma/fma/_30424_/Y (sky130_fd_sc_hd__nor4b_1)
   0.1849   19.0664 v core/FpPipeline/fpu_exe_unit/FPUUnit/fpu/dfma/fma/_30544_/Y (sky130_fd_sc_hd__o211ai_1)
   0.2818   19.3482 ^ core/FpPipeline/fpu_exe_unit/FPUUnit/fpu/dfma/fma/_30638_/Y (sky130_fd_sc_hd__a211oi_1)
   0.2067   19.5549 ^ core/FpPipeline/fpu_exe_unit/FPUUnit/fpu/dfma/fma/_30673_/X (sky130_fd_sc_hd__o31a_1)
   0.2562   19.8111 v core/FpPipeline/fpu_exe_unit/FPUUnit/fpu/dfma/fma/_30736_/Y (sky130_fd_sc_hd__o311ai_0)
   0.4182   20.2293 ^ core/FpPipeline/fpu_exe_unit/FPUUnit/fpu/dfma/fma/_30773_/Y (sky130_fd_sc_hd__a311oi_1)
   0.1529   20.3822 v core/FpPipeline/fpu_exe_unit/FPUUnit/fpu/dfma/fma/_30787_/Y (sky130_fd_sc_hd__o21ai_0)
   0.2569   20.6391 v core/FpPipeline/fpu_exe_unit/FPUUnit/fpu/dfma/fma/_30789_/X (sky130_fd_sc_hd__a31o_2)
   0.0035   20.6426 v core/FpPipeline/fpu_exe_unit/FPUUnit/fpu/dfma/fma/_31079_/D (sky130_fd_sc_hd__dfxtp_1)
            20.6426   data arrival time

  20.0000   20.0000   clock clock (rise edge)
   0.0000   20.0000   clock network delay (ideal)
   0.0000   20.0000   clock reconvergence pessimism
            20.0000 ^ core/FpPipeline/fpu_exe_unit/FPUUnit/fpu/dfma/fma/_31079_/CLK (sky130_fd_sc_hd__dfxtp_1)
  -0.1168   19.8832   library setup time
            19.8832   data required time
-------------------------------------------------------------
            19.8832   data required time
           -20.6426   data arrival time
-------------------------------------------------------------
            -0.7594   slack (VIOLATED)


Startpoint: core/FpPipeline/fpu_exe_unit/FPUUnit/fpu/dfma/_1310_
            (rising edge-triggered flip-flop clocked by clock)
Endpoint: core/FpPipeline/fpu_exe_unit/FPUUnit/fpu/dfma/fma/_31080_
          (rising edge-triggered flip-flop clocked by clock)
Path Group: clock
Path Type: max

    Delay      Time   Description
-------------------------------------------------------------
   0.0000    0.0000   clock clock (rise edge)
   0.0000    0.0000   clock network delay (ideal)
   0.0000    0.0000 ^ core/FpPipeline/fpu_exe_unit/FPUUnit/fpu/dfma/_1310_/CLK (sky130_fd_sc_hd__dfxtp_1)
   0.2995    0.2995 v core/FpPipeline/fpu_exe_unit/FPUUnit/fpu/dfma/_1310_/Q (sky130_fd_sc_hd__dfxtp_1)
   0.1614    0.4609 v core/FpPipeline/fpu_exe_unit/FPUUnit/fpu/dfma/fma/mulAddRecFNToRaw_preMul/_1092_/Y (sky130_fd_sc_hd__xnor2_1)
   0.3226    0.7835 ^ core/FpPipeline/fpu_exe_unit/FPUUnit/fpu/dfma/fma/mulAddRecFNToRaw_preMul/_1094_/Y (sky130_fd_sc_hd__o21ai_0)
   0.1761    0.9596 v core/FpPipeline/fpu_exe_unit/FPUUnit/fpu/dfma/fma/mulAddRecFNToRaw_preMul/_1097_/Y (sky130_fd_sc_hd__a31oi_1)
   0.4045    1.3640 v core/FpPipeline/fpu_exe_unit/FPUUnit/fpu/dfma/fma/mulAddRecFNToRaw_preMul/_1098_/X (sky130_fd_sc_hd__maj3_1)
   0.3959    1.7600 v core/FpPipeline/fpu_exe_unit/FPUUnit/fpu/dfma/fma/mulAddRecFNToRaw_preMul/_1099_/X (sky130_fd_sc_hd__maj3_1)
   0.3973    2.1573 v core/FpPipeline/fpu_exe_unit/FPUUnit/fpu/dfma/fma/mulAddRecFNToRaw_preMul/_1100_/X (sky130_fd_sc_hd__maj3_1)
   0.4055    2.5628 v core/FpPipeline/fpu_exe_unit/FPUUnit/fpu/dfma/fma/mulAddRecFNToRaw_preMul/_1101_/X (sky130_fd_sc_hd__maj3_1)
   0.3551    2.9179 v core/FpPipeline/fpu_exe_unit/FPUUnit/fpu/dfma/fma/mulAddRecFNToRaw_preMul/_1121_/X (sky130_fd_sc_hd__maj3_1)
   0.2007    3.1186 v core/FpPipeline/fpu_exe_unit/FPUUnit/fpu/dfma/fma/mulAddRecFNToRaw_preMul/_1122_/X (sky130_fd_sc_hd__xor2_1)
   0.1942    3.3128 ^ core/FpPipeline/fpu_exe_unit/FPUUnit/fpu/dfma/fma/mulAddRecFNToRaw_preMul/_1152_/Y (sky130_fd_sc_hd__o221ai_1)
   0.1518    3.4647 v core/FpPipeline/fpu_exe_unit/FPUUnit/fpu/dfma/fma/mulAddRecFNToRaw_preMul/_1158_/Y (sky130_fd_sc_hd__a32oi_1)
   0.4189    3.8835 v core/FpPipeline/fpu_exe_unit/FPUUnit/fpu/dfma/fma/mulAddRecFNToRaw_preMul/_1159_/X (sky130_fd_sc_hd__maj3_1)
   0.2588    4.1424 v core/FpPipeline/fpu_exe_unit/FPUUnit/fpu/dfma/fma/mulAddRecFNToRaw_preMul/_1177_/X (sky130_fd_sc_hd__o2111a_1)
   0.1835    4.3259 v core/FpPipeline/fpu_exe_unit/FPUUnit/fpu/dfma/fma/mulAddRecFNToRaw_preMul/_1178_/X (sky130_fd_sc_hd__clkbuf_1)
   0.1411    4.4670 ^ core/FpPipeline/fpu_exe_unit/FPUUnit/fpu/dfma/fma/mulAddRecFNToRaw_preMul/_1203_/Y (sky130_fd_sc_hd__nand4_1)
   0.3339    4.8008 ^ core/FpPipeline/fpu_exe_unit/FPUUnit/fpu/dfma/fma/mulAddRecFNToRaw_preMul/_1204_/X (sky130_fd_sc_hd__lpflow_clkbufkapwr_1)
   0.3198    5.1206 ^ core/FpPipeline/fpu_exe_unit/FPUUnit/fpu/dfma/fma/mulAddRecFNToRaw_preMul/_1307_/X (sky130_fd_sc_hd__buf_2)
   0.4406    5.5612 ^ core/FpPipeline/fpu_exe_unit/FPUUnit/fpu/dfma/fma/mulAddRecFNToRaw_preMul/_1308_/X (sky130_fd_sc_hd__lpflow_clkbufkapwr_1)
   0.4049    5.9661 v core/FpPipeline/fpu_exe_unit/FPUUnit/fpu/dfma/fma/mulAddRecFNToRaw_preMul/_1618_/X (sky130_fd_sc_hd__mux2_2)
   0.1693    6.1354 ^ core/FpPipeline/fpu_exe_unit/FPUUnit/fpu/dfma/fma/mulAddRecFNToRaw_preMul/_1760_/Y (sky130_fd_sc_hd__mux2i_1)
   0.0586    6.1940 v core/FpPipeline/fpu_exe_unit/FPUUnit/fpu/dfma/fma/mulAddRecFNToRaw_preMul/_1761_/Y (sky130_fd_sc_hd__nor2_1)
   0.1499    6.3440 ^ core/FpPipeline/fpu_exe_unit/FPUUnit/fpu/dfma/fma/mulAddRecFNToRaw_preMul/_1762_/Y (sky130_fd_sc_hd__a21oi_1)
   0.1072    6.4511 v core/FpPipeline/fpu_exe_unit/FPUUnit/fpu/dfma/fma/mulAddRecFNToRaw_preMul/_1763_/Y (sky130_fd_sc_hd__mux2i_1)
   0.2246    6.6758 ^ core/FpPipeline/fpu_exe_unit/FPUUnit/fpu/dfma/fma/mulAddRecFNToRaw_preMul/_1764_/Y (sky130_fd_sc_hd__a21oi_1)
   0.0630    6.7388 v core/FpPipeline/fpu_exe_unit/FPUUnit/fpu/dfma/fma/mulAddRecFNToRaw_preMul/_1765_/Y (sky130_fd_sc_hd__nor2_1)
   0.1979    6.9367 v core/FpPipeline/fpu_exe_unit/FPUUnit/fpu/dfma/fma/mulAddRecFNToRaw_preMul/_1766_/X (sky130_fd_sc_hd__o22a_1)
   0.3822    7.3188 v core/FpPipeline/fpu_exe_unit/FPUUnit/fpu/dfma/fma/_15620_/X (sky130_fd_sc_hd__xnor3_1)
   0.3965    7.7153 v core/FpPipeline/fpu_exe_unit/FPUUnit/fpu/dfma/fma/_15633_/X (sky130_fd_sc_hd__maj3_1)
   0.3777    8.0930 v core/FpPipeline/fpu_exe_unit/FPUUnit/fpu/dfma/fma/_15654_/X (sky130_fd_sc_hd__maj3_1)
   0.3929    8.4859 v core/FpPipeline/fpu_exe_unit/FPUUnit/fpu/dfma/fma/_15683_/X (sky130_fd_sc_hd__maj3_1)
   0.3979    8.8837 v core/FpPipeline/fpu_exe_unit/FPUUnit/fpu/dfma/fma/_15706_/X (sky130_fd_sc_hd__xor3_1)
   0.1695    9.0532 ^ core/FpPipeline/fpu_exe_unit/FPUUnit/fpu/dfma/fma/_15717_/Y (sky130_fd_sc_hd__nor2_1)
   0.2705    9.3237 ^ core/FpPipeline/fpu_exe_unit/FPUUnit/fpu/dfma/fma/_15755_/X (sky130_fd_sc_hd__xor3_1)
   0.1383    9.4620 v core/FpPipeline/fpu_exe_unit/FPUUnit/fpu/dfma/fma/_15756_/Y (sky130_fd_sc_hd__nand4bb_1)
   0.3515    9.8135 v core/FpPipeline/fpu_exe_unit/FPUUnit/fpu/dfma/fma/_15806_/X (sky130_fd_sc_hd__or2_2)
   0.3724   10.1859 v core/FpPipeline/fpu_exe_unit/FPUUnit/fpu/dfma/fma/_15860_/X (sky130_fd_sc_hd__maj3_1)
   0.3772   10.5631 v core/FpPipeline/fpu_exe_unit/FPUUnit/fpu/dfma/fma/_15917_/X (sky130_fd_sc_hd__maj3_1)
   0.3659   10.9290 v core/FpPipeline/fpu_exe_unit/FPUUnit/fpu/dfma/fma/_15983_/X (sky130_fd_sc_hd__maj3_1)
   0.3689   11.2979 v core/FpPipeline/fpu_exe_unit/FPUUnit/fpu/dfma/fma/_16051_/X (sky130_fd_sc_hd__maj3_1)
   0.3764   11.6743 v core/FpPipeline/fpu_exe_unit/FPUUnit/fpu/dfma/fma/_16118_/X (sky130_fd_sc_hd__maj3_1)
   0.3716   12.0459 v core/FpPipeline/fpu_exe_unit/FPUUnit/fpu/dfma/fma/_16205_/X (sky130_fd_sc_hd__maj3_1)
   0.3696   12.4155 v core/FpPipeline/fpu_exe_unit/FPUUnit/fpu/dfma/fma/_16303_/X (sky130_fd_sc_hd__maj3_1)
   0.2276   12.6431 ^ core/FpPipeline/fpu_exe_unit/FPUUnit/fpu/dfma/fma/_16397_/Y (sky130_fd_sc_hd__o22ai_1)
   0.1101   12.7532 v core/FpPipeline/fpu_exe_unit/FPUUnit/fpu/dfma/fma/_16924_/Y (sky130_fd_sc_hd__a211oi_1)
   0.3411   13.0942 ^ core/FpPipeline/fpu_exe_unit/FPUUnit/fpu/dfma/fma/_16925_/Y (sky130_fd_sc_hd__o311ai_0)
   0.1916   13.2859 v core/FpPipeline/fpu_exe_unit/FPUUnit/fpu/dfma/fma/_17063_/Y (sky130_fd_sc_hd__nand4_1)
   0.2608   13.5467 ^ core/FpPipeline/fpu_exe_unit/FPUUnit/fpu/dfma/fma/_17356_/Y (sky130_fd_sc_hd__a211oi_1)
   0.2232   13.7699 v core/FpPipeline/fpu_exe_unit/FPUUnit/fpu/dfma/fma/_17676_/Y (sky130_fd_sc_hd__o311ai_0)
   0.3464   14.1163 ^ core/FpPipeline/fpu_exe_unit/FPUUnit/fpu/dfma/fma/_17985_/Y (sky130_fd_sc_hd__a211oi_1)
   0.1544   14.2707 v core/FpPipeline/fpu_exe_unit/FPUUnit/fpu/dfma/fma/_18286_/Y (sky130_fd_sc_hd__o211ai_1)
   0.4838   14.7545 ^ core/FpPipeline/fpu_exe_unit/FPUUnit/fpu/dfma/fma/_19008_/Y (sky130_fd_sc_hd__a2111oi_0)
   0.2138   14.9683 v core/FpPipeline/fpu_exe_unit/FPUUnit/fpu/dfma/fma/_19804_/Y (sky130_fd_sc_hd__a21oi_1)
   0.3577   15.3260 v core/FpPipeline/fpu_exe_unit/FPUUnit/fpu/dfma/fma/_21792_/X (sky130_fd_sc_hd__o31a_1)
   0.3666   15.6926 ^ core/FpPipeline/fpu_exe_unit/FPUUnit/fpu/dfma/fma/_22055_/Y (sky130_fd_sc_hd__o31ai_1)
   0.2541   15.9466 ^ core/FpPipeline/fpu_exe_unit/FPUUnit/fpu/dfma/fma/_22585_/X (sky130_fd_sc_hd__a221o_1)
   0.1319   16.0785 v core/FpPipeline/fpu_exe_unit/FPUUnit/fpu/dfma/fma/_23138_/Y (sky130_fd_sc_hd__a31oi_1)
   0.3718   16.4503 ^ core/FpPipeline/fpu_exe_unit/FPUUnit/fpu/dfma/fma/_23671_/Y (sky130_fd_sc_hd__o21ai_0)
   0.2962   16.7465 ^ core/FpPipeline/fpu_exe_unit/FPUUnit/fpu/dfma/fma/_25679_/X (sky130_fd_sc_hd__and4b_1)
   0.2439   16.9904 ^ core/FpPipeline/fpu_exe_unit/FPUUnit/fpu/dfma/fma/_26580_/X (sky130_fd_sc_hd__o2111a_1)
   0.1495   17.1399 v core/FpPipeline/fpu_exe_unit/FPUUnit/fpu/dfma/fma/_28099_/Y (sky130_fd_sc_hd__o2111ai_1)
   0.3197   17.4597 ^ core/FpPipeline/fpu_exe_unit/FPUUnit/fpu/dfma/fma/_28721_/Y (sky130_fd_sc_hd__o2111ai_1)
   0.1877   17.6474 v core/FpPipeline/fpu_exe_unit/FPUUnit/fpu/dfma/fma/_29003_/Y (sky130_fd_sc_hd__a31oi_1)
   0.2882   17.9355 ^ core/FpPipeline/fpu_exe_unit/FPUUnit/fpu/dfma/fma/_29260_/Y (sky130_fd_sc_hd__o221ai_1)
   0.1789   18.1144 v core/FpPipeline/fpu_exe_unit/FPUUnit/fpu/dfma/fma/_29513_/Y (sky130_fd_sc_hd__a22oi_1)
   0.4165   18.5309 v core/FpPipeline/fpu_exe_unit/FPUUnit/fpu/dfma/fma/_29739_/X (sky130_fd_sc_hd__o311a_1)
   0.3505   18.8814 ^ core/FpPipeline/fpu_exe_unit/FPUUnit/fpu/dfma/fma/_30424_/Y (sky130_fd_sc_hd__nor4b_1)
   0.1849   19.0664 v core/FpPipeline/fpu_exe_unit/FPUUnit/fpu/dfma/fma/_30544_/Y (sky130_fd_sc_hd__o211ai_1)
   0.2818   19.3482 ^ core/FpPipeline/fpu_exe_unit/FPUUnit/fpu/dfma/fma/_30638_/Y (sky130_fd_sc_hd__a211oi_1)
   0.2067   19.5549 ^ core/FpPipeline/fpu_exe_unit/FPUUnit/fpu/dfma/fma/_30673_/X (sky130_fd_sc_hd__o31a_1)
   0.2562   19.8111 v core/FpPipeline/fpu_exe_unit/FPUUnit/fpu/dfma/fma/_30736_/Y (sky130_fd_sc_hd__o311ai_0)
   0.4182   20.2293 ^ core/FpPipeline/fpu_exe_unit/FPUUnit/fpu/dfma/fma/_30773_/Y (sky130_fd_sc_hd__a311oi_1)
   0.1529   20.3822 v core/FpPipeline/fpu_exe_unit/FPUUnit/fpu/dfma/fma/_30787_/Y (sky130_fd_sc_hd__o21ai_0)
   0.1842   20.5664 ^ core/FpPipeline/fpu_exe_unit/FPUUnit/fpu/dfma/fma/_30795_/Y (sky130_fd_sc_hd__a41oi_1)
   0.0035   20.5699 ^ core/FpPipeline/fpu_exe_unit/FPUUnit/fpu/dfma/fma/_31080_/D (sky130_fd_sc_hd__dfxtp_1)
            20.5699   data arrival time

  20.0000   20.0000   clock clock (rise edge)
   0.0000   20.0000   clock network delay (ideal)
   0.0000   20.0000   clock reconvergence pessimism
            20.0000 ^ core/FpPipeline/fpu_exe_unit/FPUUnit/fpu/dfma/fma/_31080_/CLK (sky130_fd_sc_hd__dfxtp_1)
  -0.0821   19.9179   library setup time
            19.9179   data required time
-------------------------------------------------------------
            19.9179   data required time
           -20.5699   data arrival time
-------------------------------------------------------------
            -0.6520   slack (VIOLATED)


Startpoint: core/FpPipeline/fpu_exe_unit/FPUUnit/fpu/dfma/_1310_
            (rising edge-triggered flip-flop clocked by clock)
Endpoint: core/FpPipeline/fpu_exe_unit/FPUUnit/fpu/dfma/fma/_31078_
          (rising edge-triggered flip-flop clocked by clock)
Path Group: clock
Path Type: max

    Delay      Time   Description
-------------------------------------------------------------
   0.0000    0.0000   clock clock (rise edge)
   0.0000    0.0000   clock network delay (ideal)
   0.0000    0.0000 ^ core/FpPipeline/fpu_exe_unit/FPUUnit/fpu/dfma/_1310_/CLK (sky130_fd_sc_hd__dfxtp_1)
   0.2995    0.2995 v core/FpPipeline/fpu_exe_unit/FPUUnit/fpu/dfma/_1310_/Q (sky130_fd_sc_hd__dfxtp_1)
   0.1614    0.4609 v core/FpPipeline/fpu_exe_unit/FPUUnit/fpu/dfma/fma/mulAddRecFNToRaw_preMul/_1092_/Y (sky130_fd_sc_hd__xnor2_1)
   0.3226    0.7835 ^ core/FpPipeline/fpu_exe_unit/FPUUnit/fpu/dfma/fma/mulAddRecFNToRaw_preMul/_1094_/Y (sky130_fd_sc_hd__o21ai_0)
   0.1761    0.9596 v core/FpPipeline/fpu_exe_unit/FPUUnit/fpu/dfma/fma/mulAddRecFNToRaw_preMul/_1097_/Y (sky130_fd_sc_hd__a31oi_1)
   0.4045    1.3640 v core/FpPipeline/fpu_exe_unit/FPUUnit/fpu/dfma/fma/mulAddRecFNToRaw_preMul/_1098_/X (sky130_fd_sc_hd__maj3_1)
   0.3959    1.7600 v core/FpPipeline/fpu_exe_unit/FPUUnit/fpu/dfma/fma/mulAddRecFNToRaw_preMul/_1099_/X (sky130_fd_sc_hd__maj3_1)
   0.3973    2.1573 v core/FpPipeline/fpu_exe_unit/FPUUnit/fpu/dfma/fma/mulAddRecFNToRaw_preMul/_1100_/X (sky130_fd_sc_hd__maj3_1)
   0.4055    2.5628 v core/FpPipeline/fpu_exe_unit/FPUUnit/fpu/dfma/fma/mulAddRecFNToRaw_preMul/_1101_/X (sky130_fd_sc_hd__maj3_1)
   0.3551    2.9179 v core/FpPipeline/fpu_exe_unit/FPUUnit/fpu/dfma/fma/mulAddRecFNToRaw_preMul/_1121_/X (sky130_fd_sc_hd__maj3_1)
   0.2007    3.1186 v core/FpPipeline/fpu_exe_unit/FPUUnit/fpu/dfma/fma/mulAddRecFNToRaw_preMul/_1122_/X (sky130_fd_sc_hd__xor2_1)
   0.1942    3.3128 ^ core/FpPipeline/fpu_exe_unit/FPUUnit/fpu/dfma/fma/mulAddRecFNToRaw_preMul/_1152_/Y (sky130_fd_sc_hd__o221ai_1)
   0.1518    3.4647 v core/FpPipeline/fpu_exe_unit/FPUUnit/fpu/dfma/fma/mulAddRecFNToRaw_preMul/_1158_/Y (sky130_fd_sc_hd__a32oi_1)
   0.4189    3.8835 v core/FpPipeline/fpu_exe_unit/FPUUnit/fpu/dfma/fma/mulAddRecFNToRaw_preMul/_1159_/X (sky130_fd_sc_hd__maj3_1)
   0.2588    4.1424 v core/FpPipeline/fpu_exe_unit/FPUUnit/fpu/dfma/fma/mulAddRecFNToRaw_preMul/_1177_/X (sky130_fd_sc_hd__o2111a_1)
   0.1835    4.3259 v core/FpPipeline/fpu_exe_unit/FPUUnit/fpu/dfma/fma/mulAddRecFNToRaw_preMul/_1178_/X (sky130_fd_sc_hd__clkbuf_1)
   0.1411    4.4670 ^ core/FpPipeline/fpu_exe_unit/FPUUnit/fpu/dfma/fma/mulAddRecFNToRaw_preMul/_1203_/Y (sky130_fd_sc_hd__nand4_1)
   0.3339    4.8008 ^ core/FpPipeline/fpu_exe_unit/FPUUnit/fpu/dfma/fma/mulAddRecFNToRaw_preMul/_1204_/X (sky130_fd_sc_hd__lpflow_clkbufkapwr_1)
   0.3198    5.1206 ^ core/FpPipeline/fpu_exe_unit/FPUUnit/fpu/dfma/fma/mulAddRecFNToRaw_preMul/_1307_/X (sky130_fd_sc_hd__buf_2)
   0.4406    5.5612 ^ core/FpPipeline/fpu_exe_unit/FPUUnit/fpu/dfma/fma/mulAddRecFNToRaw_preMul/_1308_/X (sky130_fd_sc_hd__lpflow_clkbufkapwr_1)
   0.4049    5.9661 v core/FpPipeline/fpu_exe_unit/FPUUnit/fpu/dfma/fma/mulAddRecFNToRaw_preMul/_1618_/X (sky130_fd_sc_hd__mux2_2)
   0.1693    6.1354 ^ core/FpPipeline/fpu_exe_unit/FPUUnit/fpu/dfma/fma/mulAddRecFNToRaw_preMul/_1760_/Y (sky130_fd_sc_hd__mux2i_1)
   0.0586    6.1940 v core/FpPipeline/fpu_exe_unit/FPUUnit/fpu/dfma/fma/mulAddRecFNToRaw_preMul/_1761_/Y (sky130_fd_sc_hd__nor2_1)
   0.1499    6.3440 ^ core/FpPipeline/fpu_exe_unit/FPUUnit/fpu/dfma/fma/mulAddRecFNToRaw_preMul/_1762_/Y (sky130_fd_sc_hd__a21oi_1)
   0.1072    6.4511 v core/FpPipeline/fpu_exe_unit/FPUUnit/fpu/dfma/fma/mulAddRecFNToRaw_preMul/_1763_/Y (sky130_fd_sc_hd__mux2i_1)
   0.2246    6.6758 ^ core/FpPipeline/fpu_exe_unit/FPUUnit/fpu/dfma/fma/mulAddRecFNToRaw_preMul/_1764_/Y (sky130_fd_sc_hd__a21oi_1)
   0.0630    6.7388 v core/FpPipeline/fpu_exe_unit/FPUUnit/fpu/dfma/fma/mulAddRecFNToRaw_preMul/_1765_/Y (sky130_fd_sc_hd__nor2_1)
   0.1979    6.9367 v core/FpPipeline/fpu_exe_unit/FPUUnit/fpu/dfma/fma/mulAddRecFNToRaw_preMul/_1766_/X (sky130_fd_sc_hd__o22a_1)
   0.3822    7.3188 v core/FpPipeline/fpu_exe_unit/FPUUnit/fpu/dfma/fma/_15620_/X (sky130_fd_sc_hd__xnor3_1)
   0.3965    7.7153 v core/FpPipeline/fpu_exe_unit/FPUUnit/fpu/dfma/fma/_15633_/X (sky130_fd_sc_hd__maj3_1)
   0.3777    8.0930 v core/FpPipeline/fpu_exe_unit/FPUUnit/fpu/dfma/fma/_15654_/X (sky130_fd_sc_hd__maj3_1)
   0.3929    8.4859 v core/FpPipeline/fpu_exe_unit/FPUUnit/fpu/dfma/fma/_15683_/X (sky130_fd_sc_hd__maj3_1)
   0.3979    8.8837 v core/FpPipeline/fpu_exe_unit/FPUUnit/fpu/dfma/fma/_15706_/X (sky130_fd_sc_hd__xor3_1)
   0.1695    9.0532 ^ core/FpPipeline/fpu_exe_unit/FPUUnit/fpu/dfma/fma/_15717_/Y (sky130_fd_sc_hd__nor2_1)
   0.2705    9.3237 ^ core/FpPipeline/fpu_exe_unit/FPUUnit/fpu/dfma/fma/_15755_/X (sky130_fd_sc_hd__xor3_1)
   0.1383    9.4620 v core/FpPipeline/fpu_exe_unit/FPUUnit/fpu/dfma/fma/_15756_/Y (sky130_fd_sc_hd__nand4bb_1)
   0.3515    9.8135 v core/FpPipeline/fpu_exe_unit/FPUUnit/fpu/dfma/fma/_15806_/X (sky130_fd_sc_hd__or2_2)
   0.3724   10.1859 v core/FpPipeline/fpu_exe_unit/FPUUnit/fpu/dfma/fma/_15860_/X (sky130_fd_sc_hd__maj3_1)
   0.3772   10.5631 v core/FpPipeline/fpu_exe_unit/FPUUnit/fpu/dfma/fma/_15917_/X (sky130_fd_sc_hd__maj3_1)
   0.3659   10.9290 v core/FpPipeline/fpu_exe_unit/FPUUnit/fpu/dfma/fma/_15983_/X (sky130_fd_sc_hd__maj3_1)
   0.3689   11.2979 v core/FpPipeline/fpu_exe_unit/FPUUnit/fpu/dfma/fma/_16051_/X (sky130_fd_sc_hd__maj3_1)
   0.3764   11.6743 v core/FpPipeline/fpu_exe_unit/FPUUnit/fpu/dfma/fma/_16118_/X (sky130_fd_sc_hd__maj3_1)
   0.3716   12.0459 v core/FpPipeline/fpu_exe_unit/FPUUnit/fpu/dfma/fma/_16205_/X (sky130_fd_sc_hd__maj3_1)
   0.3696   12.4155 v core/FpPipeline/fpu_exe_unit/FPUUnit/fpu/dfma/fma/_16303_/X (sky130_fd_sc_hd__maj3_1)
   0.2276   12.6431 ^ core/FpPipeline/fpu_exe_unit/FPUUnit/fpu/dfma/fma/_16397_/Y (sky130_fd_sc_hd__o22ai_1)
   0.1101   12.7532 v core/FpPipeline/fpu_exe_unit/FPUUnit/fpu/dfma/fma/_16924_/Y (sky130_fd_sc_hd__a211oi_1)
   0.3411   13.0942 ^ core/FpPipeline/fpu_exe_unit/FPUUnit/fpu/dfma/fma/_16925_/Y (sky130_fd_sc_hd__o311ai_0)
   0.1916   13.2859 v core/FpPipeline/fpu_exe_unit/FPUUnit/fpu/dfma/fma/_17063_/Y (sky130_fd_sc_hd__nand4_1)
   0.2608   13.5467 ^ core/FpPipeline/fpu_exe_unit/FPUUnit/fpu/dfma/fma/_17356_/Y (sky130_fd_sc_hd__a211oi_1)
   0.2232   13.7699 v core/FpPipeline/fpu_exe_unit/FPUUnit/fpu/dfma/fma/_17676_/Y (sky130_fd_sc_hd__o311ai_0)
   0.3464   14.1163 ^ core/FpPipeline/fpu_exe_unit/FPUUnit/fpu/dfma/fma/_17985_/Y (sky130_fd_sc_hd__a211oi_1)
   0.1544   14.2707 v core/FpPipeline/fpu_exe_unit/FPUUnit/fpu/dfma/fma/_18286_/Y (sky130_fd_sc_hd__o211ai_1)
   0.4838   14.7545 ^ core/FpPipeline/fpu_exe_unit/FPUUnit/fpu/dfma/fma/_19008_/Y (sky130_fd_sc_hd__a2111oi_0)
   0.2138   14.9683 v core/FpPipeline/fpu_exe_unit/FPUUnit/fpu/dfma/fma/_19804_/Y (sky130_fd_sc_hd__a21oi_1)
   0.3577   15.3260 v core/FpPipeline/fpu_exe_unit/FPUUnit/fpu/dfma/fma/_21792_/X (sky130_fd_sc_hd__o31a_1)
   0.3666   15.6926 ^ core/FpPipeline/fpu_exe_unit/FPUUnit/fpu/dfma/fma/_22055_/Y (sky130_fd_sc_hd__o31ai_1)
   0.2541   15.9466 ^ core/FpPipeline/fpu_exe_unit/FPUUnit/fpu/dfma/fma/_22585_/X (sky130_fd_sc_hd__a221o_1)
   0.1319   16.0785 v core/FpPipeline/fpu_exe_unit/FPUUnit/fpu/dfma/fma/_23138_/Y (sky130_fd_sc_hd__a31oi_1)
   0.3718   16.4503 ^ core/FpPipeline/fpu_exe_unit/FPUUnit/fpu/dfma/fma/_23671_/Y (sky130_fd_sc_hd__o21ai_0)
   0.2962   16.7465 ^ core/FpPipeline/fpu_exe_unit/FPUUnit/fpu/dfma/fma/_25679_/X (sky130_fd_sc_hd__and4b_1)
   0.2439   16.9904 ^ core/FpPipeline/fpu_exe_unit/FPUUnit/fpu/dfma/fma/_26580_/X (sky130_fd_sc_hd__o2111a_1)
   0.1495   17.1399 v core/FpPipeline/fpu_exe_unit/FPUUnit/fpu/dfma/fma/_28099_/Y (sky130_fd_sc_hd__o2111ai_1)
   0.3197   17.4597 ^ core/FpPipeline/fpu_exe_unit/FPUUnit/fpu/dfma/fma/_28721_/Y (sky130_fd_sc_hd__o2111ai_1)
   0.1877   17.6474 v core/FpPipeline/fpu_exe_unit/FPUUnit/fpu/dfma/fma/_29003_/Y (sky130_fd_sc_hd__a31oi_1)
   0.2882   17.9355 ^ core/FpPipeline/fpu_exe_unit/FPUUnit/fpu/dfma/fma/_29260_/Y (sky130_fd_sc_hd__o221ai_1)
   0.1789   18.1144 v core/FpPipeline/fpu_exe_unit/FPUUnit/fpu/dfma/fma/_29513_/Y (sky130_fd_sc_hd__a22oi_1)
   0.4165   18.5309 v core/FpPipeline/fpu_exe_unit/FPUUnit/fpu/dfma/fma/_29739_/X (sky130_fd_sc_hd__o311a_1)
   0.3505   18.8814 ^ core/FpPipeline/fpu_exe_unit/FPUUnit/fpu/dfma/fma/_30424_/Y (sky130_fd_sc_hd__nor4b_1)
   0.1849   19.0664 v core/FpPipeline/fpu_exe_unit/FPUUnit/fpu/dfma/fma/_30544_/Y (sky130_fd_sc_hd__o211ai_1)
   0.2818   19.3482 ^ core/FpPipeline/fpu_exe_unit/FPUUnit/fpu/dfma/fma/_30638_/Y (sky130_fd_sc_hd__a211oi_1)
   0.2067   19.5549 ^ core/FpPipeline/fpu_exe_unit/FPUUnit/fpu/dfma/fma/_30673_/X (sky130_fd_sc_hd__o31a_1)
   0.2562   19.8111 v core/FpPipeline/fpu_exe_unit/FPUUnit/fpu/dfma/fma/_30736_/Y (sky130_fd_sc_hd__o311ai_0)
   0.4182   20.2293 ^ core/FpPipeline/fpu_exe_unit/FPUUnit/fpu/dfma/fma/_30773_/Y (sky130_fd_sc_hd__a311oi_1)
   0.1123   20.3417 v core/FpPipeline/fpu_exe_unit/FPUUnit/fpu/dfma/fma/_30776_/Y (sky130_fd_sc_hd__o2bb2ai_1)
   0.0035   20.3451 v core/FpPipeline/fpu_exe_unit/FPUUnit/fpu/dfma/fma/_31078_/D (sky130_fd_sc_hd__dfxtp_1)
            20.3451   data arrival time

  20.0000   20.0000   clock clock (rise edge)
   0.0000   20.0000   clock network delay (ideal)
   0.0000   20.0000   clock reconvergence pessimism
            20.0000 ^ core/FpPipeline/fpu_exe_unit/FPUUnit/fpu/dfma/fma/_31078_/CLK (sky130_fd_sc_hd__dfxtp_1)
  -0.1292   19.8708   library setup time
            19.8708   data required time
-------------------------------------------------------------
            19.8708   data required time
           -20.3451   data arrival time
-------------------------------------------------------------
            -0.4743   slack (VIOLATED)


Startpoint: core/FpPipeline/fpu_exe_unit/FPUUnit/fpu/dfma/_1310_
            (rising edge-triggered flip-flop clocked by clock)
Endpoint: core/FpPipeline/fpu_exe_unit/FPUUnit/fpu/dfma/fma/_31077_
          (rising edge-triggered flip-flop clocked by clock)
Path Group: clock
Path Type: max

    Delay      Time   Description
-------------------------------------------------------------
   0.0000    0.0000   clock clock (rise edge)
   0.0000    0.0000   clock network delay (ideal)
   0.0000    0.0000 ^ core/FpPipeline/fpu_exe_unit/FPUUnit/fpu/dfma/_1310_/CLK (sky130_fd_sc_hd__dfxtp_1)
   0.2995    0.2995 v core/FpPipeline/fpu_exe_unit/FPUUnit/fpu/dfma/_1310_/Q (sky130_fd_sc_hd__dfxtp_1)
   0.1614    0.4609 v core/FpPipeline/fpu_exe_unit/FPUUnit/fpu/dfma/fma/mulAddRecFNToRaw_preMul/_1092_/Y (sky130_fd_sc_hd__xnor2_1)
   0.3226    0.7835 ^ core/FpPipeline/fpu_exe_unit/FPUUnit/fpu/dfma/fma/mulAddRecFNToRaw_preMul/_1094_/Y (sky130_fd_sc_hd__o21ai_0)
   0.1761    0.9596 v core/FpPipeline/fpu_exe_unit/FPUUnit/fpu/dfma/fma/mulAddRecFNToRaw_preMul/_1097_/Y (sky130_fd_sc_hd__a31oi_1)
   0.4045    1.3640 v core/FpPipeline/fpu_exe_unit/FPUUnit/fpu/dfma/fma/mulAddRecFNToRaw_preMul/_1098_/X (sky130_fd_sc_hd__maj3_1)
   0.3959    1.7600 v core/FpPipeline/fpu_exe_unit/FPUUnit/fpu/dfma/fma/mulAddRecFNToRaw_preMul/_1099_/X (sky130_fd_sc_hd__maj3_1)
   0.3973    2.1573 v core/FpPipeline/fpu_exe_unit/FPUUnit/fpu/dfma/fma/mulAddRecFNToRaw_preMul/_1100_/X (sky130_fd_sc_hd__maj3_1)
   0.4055    2.5628 v core/FpPipeline/fpu_exe_unit/FPUUnit/fpu/dfma/fma/mulAddRecFNToRaw_preMul/_1101_/X (sky130_fd_sc_hd__maj3_1)
   0.3551    2.9179 v core/FpPipeline/fpu_exe_unit/FPUUnit/fpu/dfma/fma/mulAddRecFNToRaw_preMul/_1121_/X (sky130_fd_sc_hd__maj3_1)
   0.2007    3.1186 v core/FpPipeline/fpu_exe_unit/FPUUnit/fpu/dfma/fma/mulAddRecFNToRaw_preMul/_1122_/X (sky130_fd_sc_hd__xor2_1)
   0.1942    3.3128 ^ core/FpPipeline/fpu_exe_unit/FPUUnit/fpu/dfma/fma/mulAddRecFNToRaw_preMul/_1152_/Y (sky130_fd_sc_hd__o221ai_1)
   0.1518    3.4647 v core/FpPipeline/fpu_exe_unit/FPUUnit/fpu/dfma/fma/mulAddRecFNToRaw_preMul/_1158_/Y (sky130_fd_sc_hd__a32oi_1)
   0.4189    3.8835 v core/FpPipeline/fpu_exe_unit/FPUUnit/fpu/dfma/fma/mulAddRecFNToRaw_preMul/_1159_/X (sky130_fd_sc_hd__maj3_1)
   0.2588    4.1424 v core/FpPipeline/fpu_exe_unit/FPUUnit/fpu/dfma/fma/mulAddRecFNToRaw_preMul/_1177_/X (sky130_fd_sc_hd__o2111a_1)
   0.1835    4.3259 v core/FpPipeline/fpu_exe_unit/FPUUnit/fpu/dfma/fma/mulAddRecFNToRaw_preMul/_1178_/X (sky130_fd_sc_hd__clkbuf_1)
   0.1411    4.4670 ^ core/FpPipeline/fpu_exe_unit/FPUUnit/fpu/dfma/fma/mulAddRecFNToRaw_preMul/_1203_/Y (sky130_fd_sc_hd__nand4_1)
   0.3339    4.8008 ^ core/FpPipeline/fpu_exe_unit/FPUUnit/fpu/dfma/fma/mulAddRecFNToRaw_preMul/_1204_/X (sky130_fd_sc_hd__lpflow_clkbufkapwr_1)
   0.3198    5.1206 ^ core/FpPipeline/fpu_exe_unit/FPUUnit/fpu/dfma/fma/mulAddRecFNToRaw_preMul/_1307_/X (sky130_fd_sc_hd__buf_2)
   0.4406    5.5612 ^ core/FpPipeline/fpu_exe_unit/FPUUnit/fpu/dfma/fma/mulAddRecFNToRaw_preMul/_1308_/X (sky130_fd_sc_hd__lpflow_clkbufkapwr_1)
   0.4049    5.9661 v core/FpPipeline/fpu_exe_unit/FPUUnit/fpu/dfma/fma/mulAddRecFNToRaw_preMul/_1618_/X (sky130_fd_sc_hd__mux2_2)
   0.1693    6.1354 ^ core/FpPipeline/fpu_exe_unit/FPUUnit/fpu/dfma/fma/mulAddRecFNToRaw_preMul/_1760_/Y (sky130_fd_sc_hd__mux2i_1)
   0.0586    6.1940 v core/FpPipeline/fpu_exe_unit/FPUUnit/fpu/dfma/fma/mulAddRecFNToRaw_preMul/_1761_/Y (sky130_fd_sc_hd__nor2_1)
   0.1499    6.3440 ^ core/FpPipeline/fpu_exe_unit/FPUUnit/fpu/dfma/fma/mulAddRecFNToRaw_preMul/_1762_/Y (sky130_fd_sc_hd__a21oi_1)
   0.1072    6.4511 v core/FpPipeline/fpu_exe_unit/FPUUnit/fpu/dfma/fma/mulAddRecFNToRaw_preMul/_1763_/Y (sky130_fd_sc_hd__mux2i_1)
   0.2246    6.6758 ^ core/FpPipeline/fpu_exe_unit/FPUUnit/fpu/dfma/fma/mulAddRecFNToRaw_preMul/_1764_/Y (sky130_fd_sc_hd__a21oi_1)
   0.0630    6.7388 v core/FpPipeline/fpu_exe_unit/FPUUnit/fpu/dfma/fma/mulAddRecFNToRaw_preMul/_1765_/Y (sky130_fd_sc_hd__nor2_1)
   0.1979    6.9367 v core/FpPipeline/fpu_exe_unit/FPUUnit/fpu/dfma/fma/mulAddRecFNToRaw_preMul/_1766_/X (sky130_fd_sc_hd__o22a_1)
   0.3822    7.3188 v core/FpPipeline/fpu_exe_unit/FPUUnit/fpu/dfma/fma/_15620_/X (sky130_fd_sc_hd__xnor3_1)
   0.3965    7.7153 v core/FpPipeline/fpu_exe_unit/FPUUnit/fpu/dfma/fma/_15633_/X (sky130_fd_sc_hd__maj3_1)
   0.3777    8.0930 v core/FpPipeline/fpu_exe_unit/FPUUnit/fpu/dfma/fma/_15654_/X (sky130_fd_sc_hd__maj3_1)
   0.3929    8.4859 v core/FpPipeline/fpu_exe_unit/FPUUnit/fpu/dfma/fma/_15683_/X (sky130_fd_sc_hd__maj3_1)
   0.3979    8.8837 v core/FpPipeline/fpu_exe_unit/FPUUnit/fpu/dfma/fma/_15706_/X (sky130_fd_sc_hd__xor3_1)
   0.1695    9.0532 ^ core/FpPipeline/fpu_exe_unit/FPUUnit/fpu/dfma/fma/_15717_/Y (sky130_fd_sc_hd__nor2_1)
   0.2705    9.3237 ^ core/FpPipeline/fpu_exe_unit/FPUUnit/fpu/dfma/fma/_15755_/X (sky130_fd_sc_hd__xor3_1)
   0.1383    9.4620 v core/FpPipeline/fpu_exe_unit/FPUUnit/fpu/dfma/fma/_15756_/Y (sky130_fd_sc_hd__nand4bb_1)
   0.3515    9.8135 v core/FpPipeline/fpu_exe_unit/FPUUnit/fpu/dfma/fma/_15806_/X (sky130_fd_sc_hd__or2_2)
   0.3724   10.1859 v core/FpPipeline/fpu_exe_unit/FPUUnit/fpu/dfma/fma/_15860_/X (sky130_fd_sc_hd__maj3_1)
   0.3772   10.5631 v core/FpPipeline/fpu_exe_unit/FPUUnit/fpu/dfma/fma/_15917_/X (sky130_fd_sc_hd__maj3_1)
   0.3659   10.9290 v core/FpPipeline/fpu_exe_unit/FPUUnit/fpu/dfma/fma/_15983_/X (sky130_fd_sc_hd__maj3_1)
   0.3689   11.2979 v core/FpPipeline/fpu_exe_unit/FPUUnit/fpu/dfma/fma/_16051_/X (sky130_fd_sc_hd__maj3_1)
   0.3764   11.6743 v core/FpPipeline/fpu_exe_unit/FPUUnit/fpu/dfma/fma/_16118_/X (sky130_fd_sc_hd__maj3_1)
   0.3716   12.0459 v core/FpPipeline/fpu_exe_unit/FPUUnit/fpu/dfma/fma/_16205_/X (sky130_fd_sc_hd__maj3_1)
   0.3696   12.4155 v core/FpPipeline/fpu_exe_unit/FPUUnit/fpu/dfma/fma/_16303_/X (sky130_fd_sc_hd__maj3_1)
   0.2276   12.6431 ^ core/FpPipeline/fpu_exe_unit/FPUUnit/fpu/dfma/fma/_16397_/Y (sky130_fd_sc_hd__o22ai_1)
   0.1101   12.7532 v core/FpPipeline/fpu_exe_unit/FPUUnit/fpu/dfma/fma/_16924_/Y (sky130_fd_sc_hd__a211oi_1)
   0.3411   13.0942 ^ core/FpPipeline/fpu_exe_unit/FPUUnit/fpu/dfma/fma/_16925_/Y (sky130_fd_sc_hd__o311ai_0)
   0.1916   13.2859 v core/FpPipeline/fpu_exe_unit/FPUUnit/fpu/dfma/fma/_17063_/Y (sky130_fd_sc_hd__nand4_1)
   0.2608   13.5467 ^ core/FpPipeline/fpu_exe_unit/FPUUnit/fpu/dfma/fma/_17356_/Y (sky130_fd_sc_hd__a211oi_1)
   0.2232   13.7699 v core/FpPipeline/fpu_exe_unit/FPUUnit/fpu/dfma/fma/_17676_/Y (sky130_fd_sc_hd__o311ai_0)
   0.3464   14.1163 ^ core/FpPipeline/fpu_exe_unit/FPUUnit/fpu/dfma/fma/_17985_/Y (sky130_fd_sc_hd__a211oi_1)
   0.1544   14.2707 v core/FpPipeline/fpu_exe_unit/FPUUnit/fpu/dfma/fma/_18286_/Y (sky130_fd_sc_hd__o211ai_1)
   0.4838   14.7545 ^ core/FpPipeline/fpu_exe_unit/FPUUnit/fpu/dfma/fma/_19008_/Y (sky130_fd_sc_hd__a2111oi_0)
   0.2138   14.9683 v core/FpPipeline/fpu_exe_unit/FPUUnit/fpu/dfma/fma/_19804_/Y (sky130_fd_sc_hd__a21oi_1)
   0.3577   15.3260 v core/FpPipeline/fpu_exe_unit/FPUUnit/fpu/dfma/fma/_21792_/X (sky130_fd_sc_hd__o31a_1)
   0.3666   15.6926 ^ core/FpPipeline/fpu_exe_unit/FPUUnit/fpu/dfma/fma/_22055_/Y (sky130_fd_sc_hd__o31ai_1)
   0.2541   15.9466 ^ core/FpPipeline/fpu_exe_unit/FPUUnit/fpu/dfma/fma/_22585_/X (sky130_fd_sc_hd__a221o_1)
   0.1319   16.0785 v core/FpPipeline/fpu_exe_unit/FPUUnit/fpu/dfma/fma/_23138_/Y (sky130_fd_sc_hd__a31oi_1)
   0.3718   16.4503 ^ core/FpPipeline/fpu_exe_unit/FPUUnit/fpu/dfma/fma/_23671_/Y (sky130_fd_sc_hd__o21ai_0)
   0.2962   16.7465 ^ core/FpPipeline/fpu_exe_unit/FPUUnit/fpu/dfma/fma/_25679_/X (sky130_fd_sc_hd__and4b_1)
   0.2439   16.9904 ^ core/FpPipeline/fpu_exe_unit/FPUUnit/fpu/dfma/fma/_26580_/X (sky130_fd_sc_hd__o2111a_1)
   0.1495   17.1399 v core/FpPipeline/fpu_exe_unit/FPUUnit/fpu/dfma/fma/_28099_/Y (sky130_fd_sc_hd__o2111ai_1)
   0.3197   17.4597 ^ core/FpPipeline/fpu_exe_unit/FPUUnit/fpu/dfma/fma/_28721_/Y (sky130_fd_sc_hd__o2111ai_1)
   0.1877   17.6474 v core/FpPipeline/fpu_exe_unit/FPUUnit/fpu/dfma/fma/_29003_/Y (sky130_fd_sc_hd__a31oi_1)
   0.2882   17.9355 ^ core/FpPipeline/fpu_exe_unit/FPUUnit/fpu/dfma/fma/_29260_/Y (sky130_fd_sc_hd__o221ai_1)
   0.1789   18.1144 v core/FpPipeline/fpu_exe_unit/FPUUnit/fpu/dfma/fma/_29513_/Y (sky130_fd_sc_hd__a22oi_1)
   0.4165   18.5309 v core/FpPipeline/fpu_exe_unit/FPUUnit/fpu/dfma/fma/_29739_/X (sky130_fd_sc_hd__o311a_1)
   0.3505   18.8814 ^ core/FpPipeline/fpu_exe_unit/FPUUnit/fpu/dfma/fma/_30424_/Y (sky130_fd_sc_hd__nor4b_1)
   0.1849   19.0664 v core/FpPipeline/fpu_exe_unit/FPUUnit/fpu/dfma/fma/_30544_/Y (sky130_fd_sc_hd__o211ai_1)
   0.2818   19.3482 ^ core/FpPipeline/fpu_exe_unit/FPUUnit/fpu/dfma/fma/_30638_/Y (sky130_fd_sc_hd__a211oi_1)
   0.2067   19.5549 ^ core/FpPipeline/fpu_exe_unit/FPUUnit/fpu/dfma/fma/_30673_/X (sky130_fd_sc_hd__o31a_1)
   0.2562   19.8111 v core/FpPipeline/fpu_exe_unit/FPUUnit/fpu/dfma/fma/_30736_/Y (sky130_fd_sc_hd__o311ai_0)
   0.1685   19.9796 ^ core/FpPipeline/fpu_exe_unit/FPUUnit/fpu/dfma/fma/_30760_/Y (sky130_fd_sc_hd__nand3_1)
   0.0627   20.0423 v core/FpPipeline/fpu_exe_unit/FPUUnit/fpu/dfma/fma/_30761_/Y (sky130_fd_sc_hd__nand2_1)
   0.1210   20.1633 ^ core/FpPipeline/fpu_exe_unit/FPUUnit/fpu/dfma/fma/_30762_/Y (sky130_fd_sc_hd__o2bb2ai_1)
   0.0035   20.1667 ^ core/FpPipeline/fpu_exe_unit/FPUUnit/fpu/dfma/fma/_31077_/D (sky130_fd_sc_hd__dfxtp_1)
            20.1667   data arrival time

  20.0000   20.0000   clock clock (rise edge)
   0.0000   20.0000   clock network delay (ideal)
   0.0000   20.0000   clock reconvergence pessimism
            20.0000 ^ core/FpPipeline/fpu_exe_unit/FPUUnit/fpu/dfma/fma/_31077_/CLK (sky130_fd_sc_hd__dfxtp_1)
  -0.0715   19.9285   library setup time
            19.9285   data required time
-------------------------------------------------------------
            19.9285   data required time
           -20.1667   data arrival time
-------------------------------------------------------------
            -0.2382   slack (VIOLATED)


Startpoint: core/FpPipeline/fpu_exe_unit/FPUUnit/fpu/dfma/_1310_
            (rising edge-triggered flip-flop clocked by clock)
Endpoint: core/FpPipeline/fpu_exe_unit/FPUUnit/fpu/dfma/fma/_31076_
          (rising edge-triggered flip-flop clocked by clock)
Path Group: clock
Path Type: max

    Delay      Time   Description
-------------------------------------------------------------
   0.0000    0.0000   clock clock (rise edge)
   0.0000    0.0000   clock network delay (ideal)
   0.0000    0.0000 ^ core/FpPipeline/fpu_exe_unit/FPUUnit/fpu/dfma/_1310_/CLK (sky130_fd_sc_hd__dfxtp_1)
   0.2995    0.2995 v core/FpPipeline/fpu_exe_unit/FPUUnit/fpu/dfma/_1310_/Q (sky130_fd_sc_hd__dfxtp_1)
   0.1614    0.4609 v core/FpPipeline/fpu_exe_unit/FPUUnit/fpu/dfma/fma/mulAddRecFNToRaw_preMul/_1092_/Y (sky130_fd_sc_hd__xnor2_1)
   0.3226    0.7835 ^ core/FpPipeline/fpu_exe_unit/FPUUnit/fpu/dfma/fma/mulAddRecFNToRaw_preMul/_1094_/Y (sky130_fd_sc_hd__o21ai_0)
   0.1761    0.9596 v core/FpPipeline/fpu_exe_unit/FPUUnit/fpu/dfma/fma/mulAddRecFNToRaw_preMul/_1097_/Y (sky130_fd_sc_hd__a31oi_1)
   0.4045    1.3640 v core/FpPipeline/fpu_exe_unit/FPUUnit/fpu/dfma/fma/mulAddRecFNToRaw_preMul/_1098_/X (sky130_fd_sc_hd__maj3_1)
   0.3959    1.7600 v core/FpPipeline/fpu_exe_unit/FPUUnit/fpu/dfma/fma/mulAddRecFNToRaw_preMul/_1099_/X (sky130_fd_sc_hd__maj3_1)
   0.3973    2.1573 v core/FpPipeline/fpu_exe_unit/FPUUnit/fpu/dfma/fma/mulAddRecFNToRaw_preMul/_1100_/X (sky130_fd_sc_hd__maj3_1)
   0.4055    2.5628 v core/FpPipeline/fpu_exe_unit/FPUUnit/fpu/dfma/fma/mulAddRecFNToRaw_preMul/_1101_/X (sky130_fd_sc_hd__maj3_1)
   0.3551    2.9179 v core/FpPipeline/fpu_exe_unit/FPUUnit/fpu/dfma/fma/mulAddRecFNToRaw_preMul/_1121_/X (sky130_fd_sc_hd__maj3_1)
   0.2007    3.1186 v core/FpPipeline/fpu_exe_unit/FPUUnit/fpu/dfma/fma/mulAddRecFNToRaw_preMul/_1122_/X (sky130_fd_sc_hd__xor2_1)
   0.1942    3.3128 ^ core/FpPipeline/fpu_exe_unit/FPUUnit/fpu/dfma/fma/mulAddRecFNToRaw_preMul/_1152_/Y (sky130_fd_sc_hd__o221ai_1)
   0.1518    3.4647 v core/FpPipeline/fpu_exe_unit/FPUUnit/fpu/dfma/fma/mulAddRecFNToRaw_preMul/_1158_/Y (sky130_fd_sc_hd__a32oi_1)
   0.4189    3.8835 v core/FpPipeline/fpu_exe_unit/FPUUnit/fpu/dfma/fma/mulAddRecFNToRaw_preMul/_1159_/X (sky130_fd_sc_hd__maj3_1)
   0.2588    4.1424 v core/FpPipeline/fpu_exe_unit/FPUUnit/fpu/dfma/fma/mulAddRecFNToRaw_preMul/_1177_/X (sky130_fd_sc_hd__o2111a_1)
   0.1835    4.3259 v core/FpPipeline/fpu_exe_unit/FPUUnit/fpu/dfma/fma/mulAddRecFNToRaw_preMul/_1178_/X (sky130_fd_sc_hd__clkbuf_1)
   0.1411    4.4670 ^ core/FpPipeline/fpu_exe_unit/FPUUnit/fpu/dfma/fma/mulAddRecFNToRaw_preMul/_1203_/Y (sky130_fd_sc_hd__nand4_1)
   0.3339    4.8008 ^ core/FpPipeline/fpu_exe_unit/FPUUnit/fpu/dfma/fma/mulAddRecFNToRaw_preMul/_1204_/X (sky130_fd_sc_hd__lpflow_clkbufkapwr_1)
   0.3198    5.1206 ^ core/FpPipeline/fpu_exe_unit/FPUUnit/fpu/dfma/fma/mulAddRecFNToRaw_preMul/_1307_/X (sky130_fd_sc_hd__buf_2)
   0.4406    5.5612 ^ core/FpPipeline/fpu_exe_unit/FPUUnit/fpu/dfma/fma/mulAddRecFNToRaw_preMul/_1308_/X (sky130_fd_sc_hd__lpflow_clkbufkapwr_1)
   0.4049    5.9661 v core/FpPipeline/fpu_exe_unit/FPUUnit/fpu/dfma/fma/mulAddRecFNToRaw_preMul/_1618_/X (sky130_fd_sc_hd__mux2_2)
   0.1693    6.1354 ^ core/FpPipeline/fpu_exe_unit/FPUUnit/fpu/dfma/fma/mulAddRecFNToRaw_preMul/_1760_/Y (sky130_fd_sc_hd__mux2i_1)
   0.0586    6.1940 v core/FpPipeline/fpu_exe_unit/FPUUnit/fpu/dfma/fma/mulAddRecFNToRaw_preMul/_1761_/Y (sky130_fd_sc_hd__nor2_1)
   0.1499    6.3440 ^ core/FpPipeline/fpu_exe_unit/FPUUnit/fpu/dfma/fma/mulAddRecFNToRaw_preMul/_1762_/Y (sky130_fd_sc_hd__a21oi_1)
   0.1072    6.4511 v core/FpPipeline/fpu_exe_unit/FPUUnit/fpu/dfma/fma/mulAddRecFNToRaw_preMul/_1763_/Y (sky130_fd_sc_hd__mux2i_1)
   0.2246    6.6758 ^ core/FpPipeline/fpu_exe_unit/FPUUnit/fpu/dfma/fma/mulAddRecFNToRaw_preMul/_1764_/Y (sky130_fd_sc_hd__a21oi_1)
   0.0630    6.7388 v core/FpPipeline/fpu_exe_unit/FPUUnit/fpu/dfma/fma/mulAddRecFNToRaw_preMul/_1765_/Y (sky130_fd_sc_hd__nor2_1)
   0.1979    6.9367 v core/FpPipeline/fpu_exe_unit/FPUUnit/fpu/dfma/fma/mulAddRecFNToRaw_preMul/_1766_/X (sky130_fd_sc_hd__o22a_1)
   0.3822    7.3188 v core/FpPipeline/fpu_exe_unit/FPUUnit/fpu/dfma/fma/_15620_/X (sky130_fd_sc_hd__xnor3_1)
   0.3965    7.7153 v core/FpPipeline/fpu_exe_unit/FPUUnit/fpu/dfma/fma/_15633_/X (sky130_fd_sc_hd__maj3_1)
   0.3777    8.0930 v core/FpPipeline/fpu_exe_unit/FPUUnit/fpu/dfma/fma/_15654_/X (sky130_fd_sc_hd__maj3_1)
   0.3929    8.4859 v core/FpPipeline/fpu_exe_unit/FPUUnit/fpu/dfma/fma/_15683_/X (sky130_fd_sc_hd__maj3_1)
   0.3979    8.8837 v core/FpPipeline/fpu_exe_unit/FPUUnit/fpu/dfma/fma/_15706_/X (sky130_fd_sc_hd__xor3_1)
   0.1695    9.0532 ^ core/FpPipeline/fpu_exe_unit/FPUUnit/fpu/dfma/fma/_15717_/Y (sky130_fd_sc_hd__nor2_1)
   0.2705    9.3237 ^ core/FpPipeline/fpu_exe_unit/FPUUnit/fpu/dfma/fma/_15755_/X (sky130_fd_sc_hd__xor3_1)
   0.1383    9.4620 v core/FpPipeline/fpu_exe_unit/FPUUnit/fpu/dfma/fma/_15756_/Y (sky130_fd_sc_hd__nand4bb_1)
   0.3515    9.8135 v core/FpPipeline/fpu_exe_unit/FPUUnit/fpu/dfma/fma/_15806_/X (sky130_fd_sc_hd__or2_2)
   0.3724   10.1859 v core/FpPipeline/fpu_exe_unit/FPUUnit/fpu/dfma/fma/_15860_/X (sky130_fd_sc_hd__maj3_1)
   0.3772   10.5631 v core/FpPipeline/fpu_exe_unit/FPUUnit/fpu/dfma/fma/_15917_/X (sky130_fd_sc_hd__maj3_1)
   0.3659   10.9290 v core/FpPipeline/fpu_exe_unit/FPUUnit/fpu/dfma/fma/_15983_/X (sky130_fd_sc_hd__maj3_1)
   0.3689   11.2979 v core/FpPipeline/fpu_exe_unit/FPUUnit/fpu/dfma/fma/_16051_/X (sky130_fd_sc_hd__maj3_1)
   0.3764   11.6743 v core/FpPipeline/fpu_exe_unit/FPUUnit/fpu/dfma/fma/_16118_/X (sky130_fd_sc_hd__maj3_1)
   0.3716   12.0459 v core/FpPipeline/fpu_exe_unit/FPUUnit/fpu/dfma/fma/_16205_/X (sky130_fd_sc_hd__maj3_1)
   0.3696   12.4155 v core/FpPipeline/fpu_exe_unit/FPUUnit/fpu/dfma/fma/_16303_/X (sky130_fd_sc_hd__maj3_1)
   0.2276   12.6431 ^ core/FpPipeline/fpu_exe_unit/FPUUnit/fpu/dfma/fma/_16397_/Y (sky130_fd_sc_hd__o22ai_1)
   0.1101   12.7532 v core/FpPipeline/fpu_exe_unit/FPUUnit/fpu/dfma/fma/_16924_/Y (sky130_fd_sc_hd__a211oi_1)
   0.3411   13.0942 ^ core/FpPipeline/fpu_exe_unit/FPUUnit/fpu/dfma/fma/_16925_/Y (sky130_fd_sc_hd__o311ai_0)
   0.1916   13.2859 v core/FpPipeline/fpu_exe_unit/FPUUnit/fpu/dfma/fma/_17063_/Y (sky130_fd_sc_hd__nand4_1)
   0.2608   13.5467 ^ core/FpPipeline/fpu_exe_unit/FPUUnit/fpu/dfma/fma/_17356_/Y (sky130_fd_sc_hd__a211oi_1)
   0.2232   13.7699 v core/FpPipeline/fpu_exe_unit/FPUUnit/fpu/dfma/fma/_17676_/Y (sky130_fd_sc_hd__o311ai_0)
   0.3464   14.1163 ^ core/FpPipeline/fpu_exe_unit/FPUUnit/fpu/dfma/fma/_17985_/Y (sky130_fd_sc_hd__a211oi_1)
   0.1544   14.2707 v core/FpPipeline/fpu_exe_unit/FPUUnit/fpu/dfma/fma/_18286_/Y (sky130_fd_sc_hd__o211ai_1)
   0.4838   14.7545 ^ core/FpPipeline/fpu_exe_unit/FPUUnit/fpu/dfma/fma/_19008_/Y (sky130_fd_sc_hd__a2111oi_0)
   0.2138   14.9683 v core/FpPipeline/fpu_exe_unit/FPUUnit/fpu/dfma/fma/_19804_/Y (sky130_fd_sc_hd__a21oi_1)
   0.3577   15.3260 v core/FpPipeline/fpu_exe_unit/FPUUnit/fpu/dfma/fma/_21792_/X (sky130_fd_sc_hd__o31a_1)
   0.3666   15.6926 ^ core/FpPipeline/fpu_exe_unit/FPUUnit/fpu/dfma/fma/_22055_/Y (sky130_fd_sc_hd__o31ai_1)
   0.2541   15.9466 ^ core/FpPipeline/fpu_exe_unit/FPUUnit/fpu/dfma/fma/_22585_/X (sky130_fd_sc_hd__a221o_1)
   0.1319   16.0785 v core/FpPipeline/fpu_exe_unit/FPUUnit/fpu/dfma/fma/_23138_/Y (sky130_fd_sc_hd__a31oi_1)
   0.3718   16.4503 ^ core/FpPipeline/fpu_exe_unit/FPUUnit/fpu/dfma/fma/_23671_/Y (sky130_fd_sc_hd__o21ai_0)
   0.2962   16.7465 ^ core/FpPipeline/fpu_exe_unit/FPUUnit/fpu/dfma/fma/_25679_/X (sky130_fd_sc_hd__and4b_1)
   0.2439   16.9904 ^ core/FpPipeline/fpu_exe_unit/FPUUnit/fpu/dfma/fma/_26580_/X (sky130_fd_sc_hd__o2111a_1)
   0.1495   17.1399 v core/FpPipeline/fpu_exe_unit/FPUUnit/fpu/dfma/fma/_28099_/Y (sky130_fd_sc_hd__o2111ai_1)
   0.3197   17.4597 ^ core/FpPipeline/fpu_exe_unit/FPUUnit/fpu/dfma/fma/_28721_/Y (sky130_fd_sc_hd__o2111ai_1)
   0.1877   17.6474 v core/FpPipeline/fpu_exe_unit/FPUUnit/fpu/dfma/fma/_29003_/Y (sky130_fd_sc_hd__a31oi_1)
   0.2882   17.9355 ^ core/FpPipeline/fpu_exe_unit/FPUUnit/fpu/dfma/fma/_29260_/Y (sky130_fd_sc_hd__o221ai_1)
   0.1789   18.1144 v core/FpPipeline/fpu_exe_unit/FPUUnit/fpu/dfma/fma/_29513_/Y (sky130_fd_sc_hd__a22oi_1)
   0.4165   18.5309 v core/FpPipeline/fpu_exe_unit/FPUUnit/fpu/dfma/fma/_29739_/X (sky130_fd_sc_hd__o311a_1)
   0.3505   18.8814 ^ core/FpPipeline/fpu_exe_unit/FPUUnit/fpu/dfma/fma/_30424_/Y (sky130_fd_sc_hd__nor4b_1)
   0.1849   19.0664 v core/FpPipeline/fpu_exe_unit/FPUUnit/fpu/dfma/fma/_30544_/Y (sky130_fd_sc_hd__o211ai_1)
   0.2818   19.3482 ^ core/FpPipeline/fpu_exe_unit/FPUUnit/fpu/dfma/fma/_30638_/Y (sky130_fd_sc_hd__a211oi_1)
   0.2067   19.5549 ^ core/FpPipeline/fpu_exe_unit/FPUUnit/fpu/dfma/fma/_30673_/X (sky130_fd_sc_hd__o31a_1)
   0.2562   19.8111 v core/FpPipeline/fpu_exe_unit/FPUUnit/fpu/dfma/fma/_30736_/Y (sky130_fd_sc_hd__o311ai_0)
   0.2561   20.0671 v core/FpPipeline/fpu_exe_unit/FPUUnit/fpu/dfma/fma/_30739_/X (sky130_fd_sc_hd__a22o_1)
   0.0035   20.0706 v core/FpPipeline/fpu_exe_unit/FPUUnit/fpu/dfma/fma/_31076_/D (sky130_fd_sc_hd__dfxtp_1)
            20.0706   data arrival time

  20.0000   20.0000   clock clock (rise edge)
   0.0000   20.0000   clock network delay (ideal)
   0.0000   20.0000   clock reconvergence pessimism
            20.0000 ^ core/FpPipeline/fpu_exe_unit/FPUUnit/fpu/dfma/fma/_31076_/CLK (sky130_fd_sc_hd__dfxtp_1)
  -0.1177   19.8823   library setup time
            19.8823   data required time
-------------------------------------------------------------
            19.8823   data required time
           -20.0706   data arrival time
-------------------------------------------------------------
            -0.1883   slack (VIOLATED)


Startpoint: core/FpPipeline/fpu_exe_unit/FPUUnit/fpu/dfma/_1310_
            (rising edge-triggered flip-flop clocked by clock)
Endpoint: core/FpPipeline/fpu_exe_unit/FPUUnit/fpu/dfma/fma/_31075_
          (rising edge-triggered flip-flop clocked by clock)
Path Group: clock
Path Type: max

    Delay      Time   Description
-------------------------------------------------------------
   0.0000    0.0000   clock clock (rise edge)
   0.0000    0.0000   clock network delay (ideal)
   0.0000    0.0000 ^ core/FpPipeline/fpu_exe_unit/FPUUnit/fpu/dfma/_1310_/CLK (sky130_fd_sc_hd__dfxtp_1)
   0.2995    0.2995 v core/FpPipeline/fpu_exe_unit/FPUUnit/fpu/dfma/_1310_/Q (sky130_fd_sc_hd__dfxtp_1)
   0.1614    0.4609 v core/FpPipeline/fpu_exe_unit/FPUUnit/fpu/dfma/fma/mulAddRecFNToRaw_preMul/_1092_/Y (sky130_fd_sc_hd__xnor2_1)
   0.3226    0.7835 ^ core/FpPipeline/fpu_exe_unit/FPUUnit/fpu/dfma/fma/mulAddRecFNToRaw_preMul/_1094_/Y (sky130_fd_sc_hd__o21ai_0)
   0.1761    0.9596 v core/FpPipeline/fpu_exe_unit/FPUUnit/fpu/dfma/fma/mulAddRecFNToRaw_preMul/_1097_/Y (sky130_fd_sc_hd__a31oi_1)
   0.4045    1.3640 v core/FpPipeline/fpu_exe_unit/FPUUnit/fpu/dfma/fma/mulAddRecFNToRaw_preMul/_1098_/X (sky130_fd_sc_hd__maj3_1)
   0.3959    1.7600 v core/FpPipeline/fpu_exe_unit/FPUUnit/fpu/dfma/fma/mulAddRecFNToRaw_preMul/_1099_/X (sky130_fd_sc_hd__maj3_1)
   0.3973    2.1573 v core/FpPipeline/fpu_exe_unit/FPUUnit/fpu/dfma/fma/mulAddRecFNToRaw_preMul/_1100_/X (sky130_fd_sc_hd__maj3_1)
   0.4055    2.5628 v core/FpPipeline/fpu_exe_unit/FPUUnit/fpu/dfma/fma/mulAddRecFNToRaw_preMul/_1101_/X (sky130_fd_sc_hd__maj3_1)
   0.3551    2.9179 v core/FpPipeline/fpu_exe_unit/FPUUnit/fpu/dfma/fma/mulAddRecFNToRaw_preMul/_1121_/X (sky130_fd_sc_hd__maj3_1)
   0.2007    3.1186 v core/FpPipeline/fpu_exe_unit/FPUUnit/fpu/dfma/fma/mulAddRecFNToRaw_preMul/_1122_/X (sky130_fd_sc_hd__xor2_1)
   0.1942    3.3128 ^ core/FpPipeline/fpu_exe_unit/FPUUnit/fpu/dfma/fma/mulAddRecFNToRaw_preMul/_1152_/Y (sky130_fd_sc_hd__o221ai_1)
   0.1518    3.4647 v core/FpPipeline/fpu_exe_unit/FPUUnit/fpu/dfma/fma/mulAddRecFNToRaw_preMul/_1158_/Y (sky130_fd_sc_hd__a32oi_1)
   0.4189    3.8835 v core/FpPipeline/fpu_exe_unit/FPUUnit/fpu/dfma/fma/mulAddRecFNToRaw_preMul/_1159_/X (sky130_fd_sc_hd__maj3_1)
   0.2588    4.1424 v core/FpPipeline/fpu_exe_unit/FPUUnit/fpu/dfma/fma/mulAddRecFNToRaw_preMul/_1177_/X (sky130_fd_sc_hd__o2111a_1)
   0.1835    4.3259 v core/FpPipeline/fpu_exe_unit/FPUUnit/fpu/dfma/fma/mulAddRecFNToRaw_preMul/_1178_/X (sky130_fd_sc_hd__clkbuf_1)
   0.1411    4.4670 ^ core/FpPipeline/fpu_exe_unit/FPUUnit/fpu/dfma/fma/mulAddRecFNToRaw_preMul/_1203_/Y (sky130_fd_sc_hd__nand4_1)
   0.3339    4.8008 ^ core/FpPipeline/fpu_exe_unit/FPUUnit/fpu/dfma/fma/mulAddRecFNToRaw_preMul/_1204_/X (sky130_fd_sc_hd__lpflow_clkbufkapwr_1)
   0.3198    5.1206 ^ core/FpPipeline/fpu_exe_unit/FPUUnit/fpu/dfma/fma/mulAddRecFNToRaw_preMul/_1307_/X (sky130_fd_sc_hd__buf_2)
   0.4406    5.5612 ^ core/FpPipeline/fpu_exe_unit/FPUUnit/fpu/dfma/fma/mulAddRecFNToRaw_preMul/_1308_/X (sky130_fd_sc_hd__lpflow_clkbufkapwr_1)
   0.4049    5.9661 v core/FpPipeline/fpu_exe_unit/FPUUnit/fpu/dfma/fma/mulAddRecFNToRaw_preMul/_1618_/X (sky130_fd_sc_hd__mux2_2)
   0.1693    6.1354 ^ core/FpPipeline/fpu_exe_unit/FPUUnit/fpu/dfma/fma/mulAddRecFNToRaw_preMul/_1760_/Y (sky130_fd_sc_hd__mux2i_1)
   0.0586    6.1940 v core/FpPipeline/fpu_exe_unit/FPUUnit/fpu/dfma/fma/mulAddRecFNToRaw_preMul/_1761_/Y (sky130_fd_sc_hd__nor2_1)
   0.1499    6.3440 ^ core/FpPipeline/fpu_exe_unit/FPUUnit/fpu/dfma/fma/mulAddRecFNToRaw_preMul/_1762_/Y (sky130_fd_sc_hd__a21oi_1)
   0.1072    6.4511 v core/FpPipeline/fpu_exe_unit/FPUUnit/fpu/dfma/fma/mulAddRecFNToRaw_preMul/_1763_/Y (sky130_fd_sc_hd__mux2i_1)
   0.2246    6.6758 ^ core/FpPipeline/fpu_exe_unit/FPUUnit/fpu/dfma/fma/mulAddRecFNToRaw_preMul/_1764_/Y (sky130_fd_sc_hd__a21oi_1)
   0.0630    6.7388 v core/FpPipeline/fpu_exe_unit/FPUUnit/fpu/dfma/fma/mulAddRecFNToRaw_preMul/_1765_/Y (sky130_fd_sc_hd__nor2_1)
   0.1979    6.9367 v core/FpPipeline/fpu_exe_unit/FPUUnit/fpu/dfma/fma/mulAddRecFNToRaw_preMul/_1766_/X (sky130_fd_sc_hd__o22a_1)
   0.3822    7.3188 v core/FpPipeline/fpu_exe_unit/FPUUnit/fpu/dfma/fma/_15620_/X (sky130_fd_sc_hd__xnor3_1)
   0.3965    7.7153 v core/FpPipeline/fpu_exe_unit/FPUUnit/fpu/dfma/fma/_15633_/X (sky130_fd_sc_hd__maj3_1)
   0.3777    8.0930 v core/FpPipeline/fpu_exe_unit/FPUUnit/fpu/dfma/fma/_15654_/X (sky130_fd_sc_hd__maj3_1)
   0.3929    8.4859 v core/FpPipeline/fpu_exe_unit/FPUUnit/fpu/dfma/fma/_15683_/X (sky130_fd_sc_hd__maj3_1)
   0.3979    8.8837 v core/FpPipeline/fpu_exe_unit/FPUUnit/fpu/dfma/fma/_15706_/X (sky130_fd_sc_hd__xor3_1)
   0.1695    9.0532 ^ core/FpPipeline/fpu_exe_unit/FPUUnit/fpu/dfma/fma/_15717_/Y (sky130_fd_sc_hd__nor2_1)
   0.2705    9.3237 ^ core/FpPipeline/fpu_exe_unit/FPUUnit/fpu/dfma/fma/_15755_/X (sky130_fd_sc_hd__xor3_1)
   0.1383    9.4620 v core/FpPipeline/fpu_exe_unit/FPUUnit/fpu/dfma/fma/_15756_/Y (sky130_fd_sc_hd__nand4bb_1)
   0.3515    9.8135 v core/FpPipeline/fpu_exe_unit/FPUUnit/fpu/dfma/fma/_15806_/X (sky130_fd_sc_hd__or2_2)
   0.3724   10.1859 v core/FpPipeline/fpu_exe_unit/FPUUnit/fpu/dfma/fma/_15860_/X (sky130_fd_sc_hd__maj3_1)
   0.3772   10.5631 v core/FpPipeline/fpu_exe_unit/FPUUnit/fpu/dfma/fma/_15917_/X (sky130_fd_sc_hd__maj3_1)
   0.3659   10.9290 v core/FpPipeline/fpu_exe_unit/FPUUnit/fpu/dfma/fma/_15983_/X (sky130_fd_sc_hd__maj3_1)
   0.3689   11.2979 v core/FpPipeline/fpu_exe_unit/FPUUnit/fpu/dfma/fma/_16051_/X (sky130_fd_sc_hd__maj3_1)
   0.3764   11.6743 v core/FpPipeline/fpu_exe_unit/FPUUnit/fpu/dfma/fma/_16118_/X (sky130_fd_sc_hd__maj3_1)
   0.3716   12.0459 v core/FpPipeline/fpu_exe_unit/FPUUnit/fpu/dfma/fma/_16205_/X (sky130_fd_sc_hd__maj3_1)
   0.3696   12.4155 v core/FpPipeline/fpu_exe_unit/FPUUnit/fpu/dfma/fma/_16303_/X (sky130_fd_sc_hd__maj3_1)
   0.2276   12.6431 ^ core/FpPipeline/fpu_exe_unit/FPUUnit/fpu/dfma/fma/_16397_/Y (sky130_fd_sc_hd__o22ai_1)
   0.1101   12.7532 v core/FpPipeline/fpu_exe_unit/FPUUnit/fpu/dfma/fma/_16924_/Y (sky130_fd_sc_hd__a211oi_1)
   0.3411   13.0942 ^ core/FpPipeline/fpu_exe_unit/FPUUnit/fpu/dfma/fma/_16925_/Y (sky130_fd_sc_hd__o311ai_0)
   0.1916   13.2859 v core/FpPipeline/fpu_exe_unit/FPUUnit/fpu/dfma/fma/_17063_/Y (sky130_fd_sc_hd__nand4_1)
   0.2608   13.5467 ^ core/FpPipeline/fpu_exe_unit/FPUUnit/fpu/dfma/fma/_17356_/Y (sky130_fd_sc_hd__a211oi_1)
   0.2232   13.7699 v core/FpPipeline/fpu_exe_unit/FPUUnit/fpu/dfma/fma/_17676_/Y (sky130_fd_sc_hd__o311ai_0)
   0.3464   14.1163 ^ core/FpPipeline/fpu_exe_unit/FPUUnit/fpu/dfma/fma/_17985_/Y (sky130_fd_sc_hd__a211oi_1)
   0.1544   14.2707 v core/FpPipeline/fpu_exe_unit/FPUUnit/fpu/dfma/fma/_18286_/Y (sky130_fd_sc_hd__o211ai_1)
   0.4838   14.7545 ^ core/FpPipeline/fpu_exe_unit/FPUUnit/fpu/dfma/fma/_19008_/Y (sky130_fd_sc_hd__a2111oi_0)
   0.2138   14.9683 v core/FpPipeline/fpu_exe_unit/FPUUnit/fpu/dfma/fma/_19804_/Y (sky130_fd_sc_hd__a21oi_1)
   0.3577   15.3260 v core/FpPipeline/fpu_exe_unit/FPUUnit/fpu/dfma/fma/_21792_/X (sky130_fd_sc_hd__o31a_1)
   0.3666   15.6926 ^ core/FpPipeline/fpu_exe_unit/FPUUnit/fpu/dfma/fma/_22055_/Y (sky130_fd_sc_hd__o31ai_1)
   0.2541   15.9466 ^ core/FpPipeline/fpu_exe_unit/FPUUnit/fpu/dfma/fma/_22585_/X (sky130_fd_sc_hd__a221o_1)
   0.1319   16.0785 v core/FpPipeline/fpu_exe_unit/FPUUnit/fpu/dfma/fma/_23138_/Y (sky130_fd_sc_hd__a31oi_1)
   0.3718   16.4503 ^ core/FpPipeline/fpu_exe_unit/FPUUnit/fpu/dfma/fma/_23671_/Y (sky130_fd_sc_hd__o21ai_0)
   0.2962   16.7465 ^ core/FpPipeline/fpu_exe_unit/FPUUnit/fpu/dfma/fma/_25679_/X (sky130_fd_sc_hd__and4b_1)
   0.2439   16.9904 ^ core/FpPipeline/fpu_exe_unit/FPUUnit/fpu/dfma/fma/_26580_/X (sky130_fd_sc_hd__o2111a_1)
   0.1495   17.1399 v core/FpPipeline/fpu_exe_unit/FPUUnit/fpu/dfma/fma/_28099_/Y (sky130_fd_sc_hd__o2111ai_1)
   0.3197   17.4597 ^ core/FpPipeline/fpu_exe_unit/FPUUnit/fpu/dfma/fma/_28721_/Y (sky130_fd_sc_hd__o2111ai_1)
   0.1877   17.6474 v core/FpPipeline/fpu_exe_unit/FPUUnit/fpu/dfma/fma/_29003_/Y (sky130_fd_sc_hd__a31oi_1)
   0.2882   17.9355 ^ core/FpPipeline/fpu_exe_unit/FPUUnit/fpu/dfma/fma/_29260_/Y (sky130_fd_sc_hd__o221ai_1)
   0.1789   18.1144 v core/FpPipeline/fpu_exe_unit/FPUUnit/fpu/dfma/fma/_29513_/Y (sky130_fd_sc_hd__a22oi_1)
   0.4165   18.5309 v core/FpPipeline/fpu_exe_unit/FPUUnit/fpu/dfma/fma/_29739_/X (sky130_fd_sc_hd__o311a_1)
   0.3505   18.8814 ^ core/FpPipeline/fpu_exe_unit/FPUUnit/fpu/dfma/fma/_30424_/Y (sky130_fd_sc_hd__nor4b_1)
   0.1849   19.0664 v core/FpPipeline/fpu_exe_unit/FPUUnit/fpu/dfma/fma/_30544_/Y (sky130_fd_sc_hd__o211ai_1)
   0.2818   19.3482 ^ core/FpPipeline/fpu_exe_unit/FPUUnit/fpu/dfma/fma/_30638_/Y (sky130_fd_sc_hd__a211oi_1)
   0.2067   19.5549 ^ core/FpPipeline/fpu_exe_unit/FPUUnit/fpu/dfma/fma/_30673_/X (sky130_fd_sc_hd__o31a_1)
   0.0676   19.6225 v core/FpPipeline/fpu_exe_unit/FPUUnit/fpu/dfma/fma/_30678_/Y (sky130_fd_sc_hd__nor2_1)
   0.1516   19.7741 ^ core/FpPipeline/fpu_exe_unit/FPUUnit/fpu/dfma/fma/_30709_/Y (sky130_fd_sc_hd__xnor2_1)
   0.0787   19.8528 v core/FpPipeline/fpu_exe_unit/FPUUnit/fpu/dfma/fma/_30711_/Y (sky130_fd_sc_hd__a21oi_1)
   0.0035   19.8563 v core/FpPipeline/fpu_exe_unit/FPUUnit/fpu/dfma/fma/_31075_/D (sky130_fd_sc_hd__dfxtp_1)
            19.8563   data arrival time

  20.0000   20.0000   clock clock (rise edge)
   0.0000   20.0000   clock network delay (ideal)
   0.0000   20.0000   clock reconvergence pessimism
            20.0000 ^ core/FpPipeline/fpu_exe_unit/FPUUnit/fpu/dfma/fma/_31075_/CLK (sky130_fd_sc_hd__dfxtp_1)
  -0.1344   19.8656   library setup time
            19.8656   data required time
-------------------------------------------------------------
            19.8656   data required time
           -19.8563   data arrival time
-------------------------------------------------------------
             0.0094   slack (MET)


Startpoint: core/FpPipeline/fpu_exe_unit/FPUUnit/fpu/dfma/_1310_
            (rising edge-triggered flip-flop clocked by clock)
Endpoint: core/FpPipeline/fpu_exe_unit/FPUUnit/fpu/dfma/fma/_31074_
          (rising edge-triggered flip-flop clocked by clock)
Path Group: clock
Path Type: max

    Delay      Time   Description
-------------------------------------------------------------
   0.0000    0.0000   clock clock (rise edge)
   0.0000    0.0000   clock network delay (ideal)
   0.0000    0.0000 ^ core/FpPipeline/fpu_exe_unit/FPUUnit/fpu/dfma/_1310_/CLK (sky130_fd_sc_hd__dfxtp_1)
   0.2995    0.2995 v core/FpPipeline/fpu_exe_unit/FPUUnit/fpu/dfma/_1310_/Q (sky130_fd_sc_hd__dfxtp_1)
   0.1614    0.4609 v core/FpPipeline/fpu_exe_unit/FPUUnit/fpu/dfma/fma/mulAddRecFNToRaw_preMul/_1092_/Y (sky130_fd_sc_hd__xnor2_1)
   0.3226    0.7835 ^ core/FpPipeline/fpu_exe_unit/FPUUnit/fpu/dfma/fma/mulAddRecFNToRaw_preMul/_1094_/Y (sky130_fd_sc_hd__o21ai_0)
   0.1761    0.9596 v core/FpPipeline/fpu_exe_unit/FPUUnit/fpu/dfma/fma/mulAddRecFNToRaw_preMul/_1097_/Y (sky130_fd_sc_hd__a31oi_1)
   0.4045    1.3640 v core/FpPipeline/fpu_exe_unit/FPUUnit/fpu/dfma/fma/mulAddRecFNToRaw_preMul/_1098_/X (sky130_fd_sc_hd__maj3_1)
   0.3959    1.7600 v core/FpPipeline/fpu_exe_unit/FPUUnit/fpu/dfma/fma/mulAddRecFNToRaw_preMul/_1099_/X (sky130_fd_sc_hd__maj3_1)
   0.3973    2.1573 v core/FpPipeline/fpu_exe_unit/FPUUnit/fpu/dfma/fma/mulAddRecFNToRaw_preMul/_1100_/X (sky130_fd_sc_hd__maj3_1)
   0.4055    2.5628 v core/FpPipeline/fpu_exe_unit/FPUUnit/fpu/dfma/fma/mulAddRecFNToRaw_preMul/_1101_/X (sky130_fd_sc_hd__maj3_1)
   0.3551    2.9179 v core/FpPipeline/fpu_exe_unit/FPUUnit/fpu/dfma/fma/mulAddRecFNToRaw_preMul/_1121_/X (sky130_fd_sc_hd__maj3_1)
   0.2007    3.1186 v core/FpPipeline/fpu_exe_unit/FPUUnit/fpu/dfma/fma/mulAddRecFNToRaw_preMul/_1122_/X (sky130_fd_sc_hd__xor2_1)
   0.1942    3.3128 ^ core/FpPipeline/fpu_exe_unit/FPUUnit/fpu/dfma/fma/mulAddRecFNToRaw_preMul/_1152_/Y (sky130_fd_sc_hd__o221ai_1)
   0.1518    3.4647 v core/FpPipeline/fpu_exe_unit/FPUUnit/fpu/dfma/fma/mulAddRecFNToRaw_preMul/_1158_/Y (sky130_fd_sc_hd__a32oi_1)
   0.4189    3.8835 v core/FpPipeline/fpu_exe_unit/FPUUnit/fpu/dfma/fma/mulAddRecFNToRaw_preMul/_1159_/X (sky130_fd_sc_hd__maj3_1)
   0.2588    4.1424 v core/FpPipeline/fpu_exe_unit/FPUUnit/fpu/dfma/fma/mulAddRecFNToRaw_preMul/_1177_/X (sky130_fd_sc_hd__o2111a_1)
   0.1835    4.3259 v core/FpPipeline/fpu_exe_unit/FPUUnit/fpu/dfma/fma/mulAddRecFNToRaw_preMul/_1178_/X (sky130_fd_sc_hd__clkbuf_1)
   0.1411    4.4670 ^ core/FpPipeline/fpu_exe_unit/FPUUnit/fpu/dfma/fma/mulAddRecFNToRaw_preMul/_1203_/Y (sky130_fd_sc_hd__nand4_1)
   0.3339    4.8008 ^ core/FpPipeline/fpu_exe_unit/FPUUnit/fpu/dfma/fma/mulAddRecFNToRaw_preMul/_1204_/X (sky130_fd_sc_hd__lpflow_clkbufkapwr_1)
   0.3198    5.1206 ^ core/FpPipeline/fpu_exe_unit/FPUUnit/fpu/dfma/fma/mulAddRecFNToRaw_preMul/_1307_/X (sky130_fd_sc_hd__buf_2)
   0.4406    5.5612 ^ core/FpPipeline/fpu_exe_unit/FPUUnit/fpu/dfma/fma/mulAddRecFNToRaw_preMul/_1308_/X (sky130_fd_sc_hd__lpflow_clkbufkapwr_1)
   0.4049    5.9661 v core/FpPipeline/fpu_exe_unit/FPUUnit/fpu/dfma/fma/mulAddRecFNToRaw_preMul/_1618_/X (sky130_fd_sc_hd__mux2_2)
   0.1693    6.1354 ^ core/FpPipeline/fpu_exe_unit/FPUUnit/fpu/dfma/fma/mulAddRecFNToRaw_preMul/_1760_/Y (sky130_fd_sc_hd__mux2i_1)
   0.0586    6.1940 v core/FpPipeline/fpu_exe_unit/FPUUnit/fpu/dfma/fma/mulAddRecFNToRaw_preMul/_1761_/Y (sky130_fd_sc_hd__nor2_1)
   0.1499    6.3440 ^ core/FpPipeline/fpu_exe_unit/FPUUnit/fpu/dfma/fma/mulAddRecFNToRaw_preMul/_1762_/Y (sky130_fd_sc_hd__a21oi_1)
   0.1072    6.4511 v core/FpPipeline/fpu_exe_unit/FPUUnit/fpu/dfma/fma/mulAddRecFNToRaw_preMul/_1763_/Y (sky130_fd_sc_hd__mux2i_1)
   0.2246    6.6758 ^ core/FpPipeline/fpu_exe_unit/FPUUnit/fpu/dfma/fma/mulAddRecFNToRaw_preMul/_1764_/Y (sky130_fd_sc_hd__a21oi_1)
   0.0630    6.7388 v core/FpPipeline/fpu_exe_unit/FPUUnit/fpu/dfma/fma/mulAddRecFNToRaw_preMul/_1765_/Y (sky130_fd_sc_hd__nor2_1)
   0.1979    6.9367 v core/FpPipeline/fpu_exe_unit/FPUUnit/fpu/dfma/fma/mulAddRecFNToRaw_preMul/_1766_/X (sky130_fd_sc_hd__o22a_1)
   0.3822    7.3188 v core/FpPipeline/fpu_exe_unit/FPUUnit/fpu/dfma/fma/_15620_/X (sky130_fd_sc_hd__xnor3_1)
   0.3965    7.7153 v core/FpPipeline/fpu_exe_unit/FPUUnit/fpu/dfma/fma/_15633_/X (sky130_fd_sc_hd__maj3_1)
   0.3777    8.0930 v core/FpPipeline/fpu_exe_unit/FPUUnit/fpu/dfma/fma/_15654_/X (sky130_fd_sc_hd__maj3_1)
   0.3929    8.4859 v core/FpPipeline/fpu_exe_unit/FPUUnit/fpu/dfma/fma/_15683_/X (sky130_fd_sc_hd__maj3_1)
   0.3979    8.8837 v core/FpPipeline/fpu_exe_unit/FPUUnit/fpu/dfma/fma/_15706_/X (sky130_fd_sc_hd__xor3_1)
   0.1695    9.0532 ^ core/FpPipeline/fpu_exe_unit/FPUUnit/fpu/dfma/fma/_15717_/Y (sky130_fd_sc_hd__nor2_1)
   0.2705    9.3237 ^ core/FpPipeline/fpu_exe_unit/FPUUnit/fpu/dfma/fma/_15755_/X (sky130_fd_sc_hd__xor3_1)
   0.1383    9.4620 v core/FpPipeline/fpu_exe_unit/FPUUnit/fpu/dfma/fma/_15756_/Y (sky130_fd_sc_hd__nand4bb_1)
   0.3515    9.8135 v core/FpPipeline/fpu_exe_unit/FPUUnit/fpu/dfma/fma/_15806_/X (sky130_fd_sc_hd__or2_2)
   0.3724   10.1859 v core/FpPipeline/fpu_exe_unit/FPUUnit/fpu/dfma/fma/_15860_/X (sky130_fd_sc_hd__maj3_1)
   0.3772   10.5631 v core/FpPipeline/fpu_exe_unit/FPUUnit/fpu/dfma/fma/_15917_/X (sky130_fd_sc_hd__maj3_1)
   0.3659   10.9290 v core/FpPipeline/fpu_exe_unit/FPUUnit/fpu/dfma/fma/_15983_/X (sky130_fd_sc_hd__maj3_1)
   0.3689   11.2979 v core/FpPipeline/fpu_exe_unit/FPUUnit/fpu/dfma/fma/_16051_/X (sky130_fd_sc_hd__maj3_1)
   0.3764   11.6743 v core/FpPipeline/fpu_exe_unit/FPUUnit/fpu/dfma/fma/_16118_/X (sky130_fd_sc_hd__maj3_1)
   0.3716   12.0459 v core/FpPipeline/fpu_exe_unit/FPUUnit/fpu/dfma/fma/_16205_/X (sky130_fd_sc_hd__maj3_1)
   0.3696   12.4155 v core/FpPipeline/fpu_exe_unit/FPUUnit/fpu/dfma/fma/_16303_/X (sky130_fd_sc_hd__maj3_1)
   0.2276   12.6431 ^ core/FpPipeline/fpu_exe_unit/FPUUnit/fpu/dfma/fma/_16397_/Y (sky130_fd_sc_hd__o22ai_1)
   0.1101   12.7532 v core/FpPipeline/fpu_exe_unit/FPUUnit/fpu/dfma/fma/_16924_/Y (sky130_fd_sc_hd__a211oi_1)
   0.3411   13.0942 ^ core/FpPipeline/fpu_exe_unit/FPUUnit/fpu/dfma/fma/_16925_/Y (sky130_fd_sc_hd__o311ai_0)
   0.1916   13.2859 v core/FpPipeline/fpu_exe_unit/FPUUnit/fpu/dfma/fma/_17063_/Y (sky130_fd_sc_hd__nand4_1)
   0.2608   13.5467 ^ core/FpPipeline/fpu_exe_unit/FPUUnit/fpu/dfma/fma/_17356_/Y (sky130_fd_sc_hd__a211oi_1)
   0.2232   13.7699 v core/FpPipeline/fpu_exe_unit/FPUUnit/fpu/dfma/fma/_17676_/Y (sky130_fd_sc_hd__o311ai_0)
   0.3464   14.1163 ^ core/FpPipeline/fpu_exe_unit/FPUUnit/fpu/dfma/fma/_17985_/Y (sky130_fd_sc_hd__a211oi_1)
   0.1544   14.2707 v core/FpPipeline/fpu_exe_unit/FPUUnit/fpu/dfma/fma/_18286_/Y (sky130_fd_sc_hd__o211ai_1)
   0.4838   14.7545 ^ core/FpPipeline/fpu_exe_unit/FPUUnit/fpu/dfma/fma/_19008_/Y (sky130_fd_sc_hd__a2111oi_0)
   0.2138   14.9683 v core/FpPipeline/fpu_exe_unit/FPUUnit/fpu/dfma/fma/_19804_/Y (sky130_fd_sc_hd__a21oi_1)
   0.3577   15.3260 v core/FpPipeline/fpu_exe_unit/FPUUnit/fpu/dfma/fma/_21792_/X (sky130_fd_sc_hd__o31a_1)
   0.3666   15.6926 ^ core/FpPipeline/fpu_exe_unit/FPUUnit/fpu/dfma/fma/_22055_/Y (sky130_fd_sc_hd__o31ai_1)
   0.2541   15.9466 ^ core/FpPipeline/fpu_exe_unit/FPUUnit/fpu/dfma/fma/_22585_/X (sky130_fd_sc_hd__a221o_1)
   0.1319   16.0785 v core/FpPipeline/fpu_exe_unit/FPUUnit/fpu/dfma/fma/_23138_/Y (sky130_fd_sc_hd__a31oi_1)
   0.3718   16.4503 ^ core/FpPipeline/fpu_exe_unit/FPUUnit/fpu/dfma/fma/_23671_/Y (sky130_fd_sc_hd__o21ai_0)
   0.2962   16.7465 ^ core/FpPipeline/fpu_exe_unit/FPUUnit/fpu/dfma/fma/_25679_/X (sky130_fd_sc_hd__and4b_1)
   0.2439   16.9904 ^ core/FpPipeline/fpu_exe_unit/FPUUnit/fpu/dfma/fma/_26580_/X (sky130_fd_sc_hd__o2111a_1)
   0.1495   17.1399 v core/FpPipeline/fpu_exe_unit/FPUUnit/fpu/dfma/fma/_28099_/Y (sky130_fd_sc_hd__o2111ai_1)
   0.3197   17.4597 ^ core/FpPipeline/fpu_exe_unit/FPUUnit/fpu/dfma/fma/_28721_/Y (sky130_fd_sc_hd__o2111ai_1)
   0.1877   17.6474 v core/FpPipeline/fpu_exe_unit/FPUUnit/fpu/dfma/fma/_29003_/Y (sky130_fd_sc_hd__a31oi_1)
   0.2882   17.9355 ^ core/FpPipeline/fpu_exe_unit/FPUUnit/fpu/dfma/fma/_29260_/Y (sky130_fd_sc_hd__o221ai_1)
   0.1789   18.1144 v core/FpPipeline/fpu_exe_unit/FPUUnit/fpu/dfma/fma/_29513_/Y (sky130_fd_sc_hd__a22oi_1)
   0.4165   18.5309 v core/FpPipeline/fpu_exe_unit/FPUUnit/fpu/dfma/fma/_29739_/X (sky130_fd_sc_hd__o311a_1)
   0.3505   18.8814 ^ core/FpPipeline/fpu_exe_unit/FPUUnit/fpu/dfma/fma/_30424_/Y (sky130_fd_sc_hd__nor4b_1)
   0.1849   19.0664 v core/FpPipeline/fpu_exe_unit/FPUUnit/fpu/dfma/fma/_30544_/Y (sky130_fd_sc_hd__o211ai_1)
   0.2818   19.3482 ^ core/FpPipeline/fpu_exe_unit/FPUUnit/fpu/dfma/fma/_30638_/Y (sky130_fd_sc_hd__a211oi_1)
   0.2067   19.5549 ^ core/FpPipeline/fpu_exe_unit/FPUUnit/fpu/dfma/fma/_30673_/X (sky130_fd_sc_hd__o31a_1)
   0.0600   19.6149 v core/FpPipeline/fpu_exe_unit/FPUUnit/fpu/dfma/fma/_30675_/Y (sky130_fd_sc_hd__nor3_1)
   0.1586   19.7735 v core/FpPipeline/fpu_exe_unit/FPUUnit/fpu/dfma/fma/_30676_/X (sky130_fd_sc_hd__a21o_1)
   0.0035   19.7769 v core/FpPipeline/fpu_exe_unit/FPUUnit/fpu/dfma/fma/_31074_/D (sky130_fd_sc_hd__dfxtp_1)
            19.7769   data arrival time

  20.0000   20.0000   clock clock (rise edge)
   0.0000   20.0000   clock network delay (ideal)
   0.0000   20.0000   clock reconvergence pessimism
            20.0000 ^ core/FpPipeline/fpu_exe_unit/FPUUnit/fpu/dfma/fma/_31074_/CLK (sky130_fd_sc_hd__dfxtp_1)
  -0.1149   19.8851   library setup time
            19.8851   data required time
-------------------------------------------------------------
            19.8851   data required time
           -19.7769   data arrival time
-------------------------------------------------------------
             0.1082   slack (MET)


Startpoint: core/FpPipeline/fpu_exe_unit/FPUUnit/fpu/dfma/_1310_
            (rising edge-triggered flip-flop clocked by clock)
Endpoint: core/FpPipeline/fpu_exe_unit/FPUUnit/fpu/dfma/fma/_31073_
          (rising edge-triggered flip-flop clocked by clock)
Path Group: clock
Path Type: max

    Delay      Time   Description
-------------------------------------------------------------
   0.0000    0.0000   clock clock (rise edge)
   0.0000    0.0000   clock network delay (ideal)
   0.0000    0.0000 ^ core/FpPipeline/fpu_exe_unit/FPUUnit/fpu/dfma/_1310_/CLK (sky130_fd_sc_hd__dfxtp_1)
   0.2995    0.2995 v core/FpPipeline/fpu_exe_unit/FPUUnit/fpu/dfma/_1310_/Q (sky130_fd_sc_hd__dfxtp_1)
   0.1614    0.4609 v core/FpPipeline/fpu_exe_unit/FPUUnit/fpu/dfma/fma/mulAddRecFNToRaw_preMul/_1092_/Y (sky130_fd_sc_hd__xnor2_1)
   0.3226    0.7835 ^ core/FpPipeline/fpu_exe_unit/FPUUnit/fpu/dfma/fma/mulAddRecFNToRaw_preMul/_1094_/Y (sky130_fd_sc_hd__o21ai_0)
   0.1761    0.9596 v core/FpPipeline/fpu_exe_unit/FPUUnit/fpu/dfma/fma/mulAddRecFNToRaw_preMul/_1097_/Y (sky130_fd_sc_hd__a31oi_1)
   0.4045    1.3640 v core/FpPipeline/fpu_exe_unit/FPUUnit/fpu/dfma/fma/mulAddRecFNToRaw_preMul/_1098_/X (sky130_fd_sc_hd__maj3_1)
   0.3959    1.7600 v core/FpPipeline/fpu_exe_unit/FPUUnit/fpu/dfma/fma/mulAddRecFNToRaw_preMul/_1099_/X (sky130_fd_sc_hd__maj3_1)
   0.3973    2.1573 v core/FpPipeline/fpu_exe_unit/FPUUnit/fpu/dfma/fma/mulAddRecFNToRaw_preMul/_1100_/X (sky130_fd_sc_hd__maj3_1)
   0.4055    2.5628 v core/FpPipeline/fpu_exe_unit/FPUUnit/fpu/dfma/fma/mulAddRecFNToRaw_preMul/_1101_/X (sky130_fd_sc_hd__maj3_1)
   0.3551    2.9179 v core/FpPipeline/fpu_exe_unit/FPUUnit/fpu/dfma/fma/mulAddRecFNToRaw_preMul/_1121_/X (sky130_fd_sc_hd__maj3_1)
   0.2007    3.1186 v core/FpPipeline/fpu_exe_unit/FPUUnit/fpu/dfma/fma/mulAddRecFNToRaw_preMul/_1122_/X (sky130_fd_sc_hd__xor2_1)
   0.1942    3.3128 ^ core/FpPipeline/fpu_exe_unit/FPUUnit/fpu/dfma/fma/mulAddRecFNToRaw_preMul/_1152_/Y (sky130_fd_sc_hd__o221ai_1)
   0.1518    3.4647 v core/FpPipeline/fpu_exe_unit/FPUUnit/fpu/dfma/fma/mulAddRecFNToRaw_preMul/_1158_/Y (sky130_fd_sc_hd__a32oi_1)
   0.4189    3.8835 v core/FpPipeline/fpu_exe_unit/FPUUnit/fpu/dfma/fma/mulAddRecFNToRaw_preMul/_1159_/X (sky130_fd_sc_hd__maj3_1)
   0.2588    4.1424 v core/FpPipeline/fpu_exe_unit/FPUUnit/fpu/dfma/fma/mulAddRecFNToRaw_preMul/_1177_/X (sky130_fd_sc_hd__o2111a_1)
   0.1835    4.3259 v core/FpPipeline/fpu_exe_unit/FPUUnit/fpu/dfma/fma/mulAddRecFNToRaw_preMul/_1178_/X (sky130_fd_sc_hd__clkbuf_1)
   0.1411    4.4670 ^ core/FpPipeline/fpu_exe_unit/FPUUnit/fpu/dfma/fma/mulAddRecFNToRaw_preMul/_1203_/Y (sky130_fd_sc_hd__nand4_1)
   0.3339    4.8008 ^ core/FpPipeline/fpu_exe_unit/FPUUnit/fpu/dfma/fma/mulAddRecFNToRaw_preMul/_1204_/X (sky130_fd_sc_hd__lpflow_clkbufkapwr_1)
   0.3198    5.1206 ^ core/FpPipeline/fpu_exe_unit/FPUUnit/fpu/dfma/fma/mulAddRecFNToRaw_preMul/_1307_/X (sky130_fd_sc_hd__buf_2)
   0.4406    5.5612 ^ core/FpPipeline/fpu_exe_unit/FPUUnit/fpu/dfma/fma/mulAddRecFNToRaw_preMul/_1308_/X (sky130_fd_sc_hd__lpflow_clkbufkapwr_1)
   0.4049    5.9661 v core/FpPipeline/fpu_exe_unit/FPUUnit/fpu/dfma/fma/mulAddRecFNToRaw_preMul/_1618_/X (sky130_fd_sc_hd__mux2_2)
   0.1693    6.1354 ^ core/FpPipeline/fpu_exe_unit/FPUUnit/fpu/dfma/fma/mulAddRecFNToRaw_preMul/_1760_/Y (sky130_fd_sc_hd__mux2i_1)
   0.0586    6.1940 v core/FpPipeline/fpu_exe_unit/FPUUnit/fpu/dfma/fma/mulAddRecFNToRaw_preMul/_1761_/Y (sky130_fd_sc_hd__nor2_1)
   0.1499    6.3440 ^ core/FpPipeline/fpu_exe_unit/FPUUnit/fpu/dfma/fma/mulAddRecFNToRaw_preMul/_1762_/Y (sky130_fd_sc_hd__a21oi_1)
   0.1072    6.4511 v core/FpPipeline/fpu_exe_unit/FPUUnit/fpu/dfma/fma/mulAddRecFNToRaw_preMul/_1763_/Y (sky130_fd_sc_hd__mux2i_1)
   0.2246    6.6758 ^ core/FpPipeline/fpu_exe_unit/FPUUnit/fpu/dfma/fma/mulAddRecFNToRaw_preMul/_1764_/Y (sky130_fd_sc_hd__a21oi_1)
   0.0630    6.7388 v core/FpPipeline/fpu_exe_unit/FPUUnit/fpu/dfma/fma/mulAddRecFNToRaw_preMul/_1765_/Y (sky130_fd_sc_hd__nor2_1)
   0.1979    6.9367 v core/FpPipeline/fpu_exe_unit/FPUUnit/fpu/dfma/fma/mulAddRecFNToRaw_preMul/_1766_/X (sky130_fd_sc_hd__o22a_1)
   0.3822    7.3188 v core/FpPipeline/fpu_exe_unit/FPUUnit/fpu/dfma/fma/_15620_/X (sky130_fd_sc_hd__xnor3_1)
   0.3965    7.7153 v core/FpPipeline/fpu_exe_unit/FPUUnit/fpu/dfma/fma/_15633_/X (sky130_fd_sc_hd__maj3_1)
   0.3777    8.0930 v core/FpPipeline/fpu_exe_unit/FPUUnit/fpu/dfma/fma/_15654_/X (sky130_fd_sc_hd__maj3_1)
   0.3929    8.4859 v core/FpPipeline/fpu_exe_unit/FPUUnit/fpu/dfma/fma/_15683_/X (sky130_fd_sc_hd__maj3_1)
   0.3979    8.8837 v core/FpPipeline/fpu_exe_unit/FPUUnit/fpu/dfma/fma/_15706_/X (sky130_fd_sc_hd__xor3_1)
   0.1695    9.0532 ^ core/FpPipeline/fpu_exe_unit/FPUUnit/fpu/dfma/fma/_15717_/Y (sky130_fd_sc_hd__nor2_1)
   0.2705    9.3237 ^ core/FpPipeline/fpu_exe_unit/FPUUnit/fpu/dfma/fma/_15755_/X (sky130_fd_sc_hd__xor3_1)
   0.1383    9.4620 v core/FpPipeline/fpu_exe_unit/FPUUnit/fpu/dfma/fma/_15756_/Y (sky130_fd_sc_hd__nand4bb_1)
   0.3515    9.8135 v core/FpPipeline/fpu_exe_unit/FPUUnit/fpu/dfma/fma/_15806_/X (sky130_fd_sc_hd__or2_2)
   0.3724   10.1859 v core/FpPipeline/fpu_exe_unit/FPUUnit/fpu/dfma/fma/_15860_/X (sky130_fd_sc_hd__maj3_1)
   0.3772   10.5631 v core/FpPipeline/fpu_exe_unit/FPUUnit/fpu/dfma/fma/_15917_/X (sky130_fd_sc_hd__maj3_1)
   0.3659   10.9290 v core/FpPipeline/fpu_exe_unit/FPUUnit/fpu/dfma/fma/_15983_/X (sky130_fd_sc_hd__maj3_1)
   0.3689   11.2979 v core/FpPipeline/fpu_exe_unit/FPUUnit/fpu/dfma/fma/_16051_/X (sky130_fd_sc_hd__maj3_1)
   0.3764   11.6743 v core/FpPipeline/fpu_exe_unit/FPUUnit/fpu/dfma/fma/_16118_/X (sky130_fd_sc_hd__maj3_1)
   0.3716   12.0459 v core/FpPipeline/fpu_exe_unit/FPUUnit/fpu/dfma/fma/_16205_/X (sky130_fd_sc_hd__maj3_1)
   0.3696   12.4155 v core/FpPipeline/fpu_exe_unit/FPUUnit/fpu/dfma/fma/_16303_/X (sky130_fd_sc_hd__maj3_1)
   0.2276   12.6431 ^ core/FpPipeline/fpu_exe_unit/FPUUnit/fpu/dfma/fma/_16397_/Y (sky130_fd_sc_hd__o22ai_1)
   0.1101   12.7532 v core/FpPipeline/fpu_exe_unit/FPUUnit/fpu/dfma/fma/_16924_/Y (sky130_fd_sc_hd__a211oi_1)
   0.3411   13.0942 ^ core/FpPipeline/fpu_exe_unit/FPUUnit/fpu/dfma/fma/_16925_/Y (sky130_fd_sc_hd__o311ai_0)
   0.1916   13.2859 v core/FpPipeline/fpu_exe_unit/FPUUnit/fpu/dfma/fma/_17063_/Y (sky130_fd_sc_hd__nand4_1)
   0.2608   13.5467 ^ core/FpPipeline/fpu_exe_unit/FPUUnit/fpu/dfma/fma/_17356_/Y (sky130_fd_sc_hd__a211oi_1)
   0.2232   13.7699 v core/FpPipeline/fpu_exe_unit/FPUUnit/fpu/dfma/fma/_17676_/Y (sky130_fd_sc_hd__o311ai_0)
   0.3464   14.1163 ^ core/FpPipeline/fpu_exe_unit/FPUUnit/fpu/dfma/fma/_17985_/Y (sky130_fd_sc_hd__a211oi_1)
   0.1544   14.2707 v core/FpPipeline/fpu_exe_unit/FPUUnit/fpu/dfma/fma/_18286_/Y (sky130_fd_sc_hd__o211ai_1)
   0.4838   14.7545 ^ core/FpPipeline/fpu_exe_unit/FPUUnit/fpu/dfma/fma/_19008_/Y (sky130_fd_sc_hd__a2111oi_0)
   0.2138   14.9683 v core/FpPipeline/fpu_exe_unit/FPUUnit/fpu/dfma/fma/_19804_/Y (sky130_fd_sc_hd__a21oi_1)
   0.3577   15.3260 v core/FpPipeline/fpu_exe_unit/FPUUnit/fpu/dfma/fma/_21792_/X (sky130_fd_sc_hd__o31a_1)
   0.3666   15.6926 ^ core/FpPipeline/fpu_exe_unit/FPUUnit/fpu/dfma/fma/_22055_/Y (sky130_fd_sc_hd__o31ai_1)
   0.2541   15.9466 ^ core/FpPipeline/fpu_exe_unit/FPUUnit/fpu/dfma/fma/_22585_/X (sky130_fd_sc_hd__a221o_1)
   0.1319   16.0785 v core/FpPipeline/fpu_exe_unit/FPUUnit/fpu/dfma/fma/_23138_/Y (sky130_fd_sc_hd__a31oi_1)
   0.3718   16.4503 ^ core/FpPipeline/fpu_exe_unit/FPUUnit/fpu/dfma/fma/_23671_/Y (sky130_fd_sc_hd__o21ai_0)
   0.2962   16.7465 ^ core/FpPipeline/fpu_exe_unit/FPUUnit/fpu/dfma/fma/_25679_/X (sky130_fd_sc_hd__and4b_1)
   0.2439   16.9904 ^ core/FpPipeline/fpu_exe_unit/FPUUnit/fpu/dfma/fma/_26580_/X (sky130_fd_sc_hd__o2111a_1)
   0.1495   17.1399 v core/FpPipeline/fpu_exe_unit/FPUUnit/fpu/dfma/fma/_28099_/Y (sky130_fd_sc_hd__o2111ai_1)
   0.3197   17.4597 ^ core/FpPipeline/fpu_exe_unit/FPUUnit/fpu/dfma/fma/_28721_/Y (sky130_fd_sc_hd__o2111ai_1)
   0.1877   17.6474 v core/FpPipeline/fpu_exe_unit/FPUUnit/fpu/dfma/fma/_29003_/Y (sky130_fd_sc_hd__a31oi_1)
   0.2882   17.9355 ^ core/FpPipeline/fpu_exe_unit/FPUUnit/fpu/dfma/fma/_29260_/Y (sky130_fd_sc_hd__o221ai_1)
   0.1789   18.1144 v core/FpPipeline/fpu_exe_unit/FPUUnit/fpu/dfma/fma/_29513_/Y (sky130_fd_sc_hd__a22oi_1)
   0.4165   18.5309 v core/FpPipeline/fpu_exe_unit/FPUUnit/fpu/dfma/fma/_29739_/X (sky130_fd_sc_hd__o311a_1)
   0.3505   18.8814 ^ core/FpPipeline/fpu_exe_unit/FPUUnit/fpu/dfma/fma/_30424_/Y (sky130_fd_sc_hd__nor4b_1)
   0.1849   19.0664 v core/FpPipeline/fpu_exe_unit/FPUUnit/fpu/dfma/fma/_30544_/Y (sky130_fd_sc_hd__o211ai_1)
   0.1874   19.2538 ^ core/FpPipeline/fpu_exe_unit/FPUUnit/fpu/dfma/fma/_30585_/Y (sky130_fd_sc_hd__a21oi_1)
   0.0700   19.3238 v core/FpPipeline/fpu_exe_unit/FPUUnit/fpu/dfma/fma/_30590_/Y (sky130_fd_sc_hd__nor2_1)
   0.1547   19.4785 ^ core/FpPipeline/fpu_exe_unit/FPUUnit/fpu/dfma/fma/_30635_/Y (sky130_fd_sc_hd__xnor2_1)
   0.0787   19.5571 v core/FpPipeline/fpu_exe_unit/FPUUnit/fpu/dfma/fma/_30637_/Y (sky130_fd_sc_hd__a21oi_1)
   0.0035   19.5606 v core/FpPipeline/fpu_exe_unit/FPUUnit/fpu/dfma/fma/_31073_/D (sky130_fd_sc_hd__dfxtp_1)
            19.5606   data arrival time

  20.0000   20.0000   clock clock (rise edge)
   0.0000   20.0000   clock network delay (ideal)
   0.0000   20.0000   clock reconvergence pessimism
            20.0000 ^ core/FpPipeline/fpu_exe_unit/FPUUnit/fpu/dfma/fma/_31073_/CLK (sky130_fd_sc_hd__dfxtp_1)
  -0.1344   19.8656   library setup time
            19.8656   data required time
-------------------------------------------------------------
            19.8656   data required time
           -19.5606   data arrival time
-------------------------------------------------------------
             0.3050   slack (MET)


Startpoint: core/FpPipeline/fpu_exe_unit/FPUUnit/fpu/dfma/_1310_
            (rising edge-triggered flip-flop clocked by clock)
Endpoint: core/FpPipeline/fpu_exe_unit/FPUUnit/fpu/dfma/fma/_31069_
          (rising edge-triggered flip-flop clocked by clock)
Path Group: clock
Path Type: max

    Delay      Time   Description
-------------------------------------------------------------
   0.0000    0.0000   clock clock (rise edge)
   0.0000    0.0000   clock network delay (ideal)
   0.0000    0.0000 ^ core/FpPipeline/fpu_exe_unit/FPUUnit/fpu/dfma/_1310_/CLK (sky130_fd_sc_hd__dfxtp_1)
   0.2995    0.2995 v core/FpPipeline/fpu_exe_unit/FPUUnit/fpu/dfma/_1310_/Q (sky130_fd_sc_hd__dfxtp_1)
   0.1614    0.4609 v core/FpPipeline/fpu_exe_unit/FPUUnit/fpu/dfma/fma/mulAddRecFNToRaw_preMul/_1092_/Y (sky130_fd_sc_hd__xnor2_1)
   0.3226    0.7835 ^ core/FpPipeline/fpu_exe_unit/FPUUnit/fpu/dfma/fma/mulAddRecFNToRaw_preMul/_1094_/Y (sky130_fd_sc_hd__o21ai_0)
   0.1761    0.9596 v core/FpPipeline/fpu_exe_unit/FPUUnit/fpu/dfma/fma/mulAddRecFNToRaw_preMul/_1097_/Y (sky130_fd_sc_hd__a31oi_1)
   0.4045    1.3640 v core/FpPipeline/fpu_exe_unit/FPUUnit/fpu/dfma/fma/mulAddRecFNToRaw_preMul/_1098_/X (sky130_fd_sc_hd__maj3_1)
   0.3959    1.7600 v core/FpPipeline/fpu_exe_unit/FPUUnit/fpu/dfma/fma/mulAddRecFNToRaw_preMul/_1099_/X (sky130_fd_sc_hd__maj3_1)
   0.3973    2.1573 v core/FpPipeline/fpu_exe_unit/FPUUnit/fpu/dfma/fma/mulAddRecFNToRaw_preMul/_1100_/X (sky130_fd_sc_hd__maj3_1)
   0.4055    2.5628 v core/FpPipeline/fpu_exe_unit/FPUUnit/fpu/dfma/fma/mulAddRecFNToRaw_preMul/_1101_/X (sky130_fd_sc_hd__maj3_1)
   0.3551    2.9179 v core/FpPipeline/fpu_exe_unit/FPUUnit/fpu/dfma/fma/mulAddRecFNToRaw_preMul/_1121_/X (sky130_fd_sc_hd__maj3_1)
   0.2007    3.1186 v core/FpPipeline/fpu_exe_unit/FPUUnit/fpu/dfma/fma/mulAddRecFNToRaw_preMul/_1122_/X (sky130_fd_sc_hd__xor2_1)
   0.1942    3.3128 ^ core/FpPipeline/fpu_exe_unit/FPUUnit/fpu/dfma/fma/mulAddRecFNToRaw_preMul/_1152_/Y (sky130_fd_sc_hd__o221ai_1)
   0.1518    3.4647 v core/FpPipeline/fpu_exe_unit/FPUUnit/fpu/dfma/fma/mulAddRecFNToRaw_preMul/_1158_/Y (sky130_fd_sc_hd__a32oi_1)
   0.4189    3.8835 v core/FpPipeline/fpu_exe_unit/FPUUnit/fpu/dfma/fma/mulAddRecFNToRaw_preMul/_1159_/X (sky130_fd_sc_hd__maj3_1)
   0.2588    4.1424 v core/FpPipeline/fpu_exe_unit/FPUUnit/fpu/dfma/fma/mulAddRecFNToRaw_preMul/_1177_/X (sky130_fd_sc_hd__o2111a_1)
   0.1835    4.3259 v core/FpPipeline/fpu_exe_unit/FPUUnit/fpu/dfma/fma/mulAddRecFNToRaw_preMul/_1178_/X (sky130_fd_sc_hd__clkbuf_1)
   0.1411    4.4670 ^ core/FpPipeline/fpu_exe_unit/FPUUnit/fpu/dfma/fma/mulAddRecFNToRaw_preMul/_1203_/Y (sky130_fd_sc_hd__nand4_1)
   0.3339    4.8008 ^ core/FpPipeline/fpu_exe_unit/FPUUnit/fpu/dfma/fma/mulAddRecFNToRaw_preMul/_1204_/X (sky130_fd_sc_hd__lpflow_clkbufkapwr_1)
   0.3198    5.1206 ^ core/FpPipeline/fpu_exe_unit/FPUUnit/fpu/dfma/fma/mulAddRecFNToRaw_preMul/_1307_/X (sky130_fd_sc_hd__buf_2)
   0.4406    5.5612 ^ core/FpPipeline/fpu_exe_unit/FPUUnit/fpu/dfma/fma/mulAddRecFNToRaw_preMul/_1308_/X (sky130_fd_sc_hd__lpflow_clkbufkapwr_1)
   0.4049    5.9661 v core/FpPipeline/fpu_exe_unit/FPUUnit/fpu/dfma/fma/mulAddRecFNToRaw_preMul/_1618_/X (sky130_fd_sc_hd__mux2_2)
   0.1693    6.1354 ^ core/FpPipeline/fpu_exe_unit/FPUUnit/fpu/dfma/fma/mulAddRecFNToRaw_preMul/_1760_/Y (sky130_fd_sc_hd__mux2i_1)
   0.0586    6.1940 v core/FpPipeline/fpu_exe_unit/FPUUnit/fpu/dfma/fma/mulAddRecFNToRaw_preMul/_1761_/Y (sky130_fd_sc_hd__nor2_1)
   0.1499    6.3440 ^ core/FpPipeline/fpu_exe_unit/FPUUnit/fpu/dfma/fma/mulAddRecFNToRaw_preMul/_1762_/Y (sky130_fd_sc_hd__a21oi_1)
   0.1072    6.4511 v core/FpPipeline/fpu_exe_unit/FPUUnit/fpu/dfma/fma/mulAddRecFNToRaw_preMul/_1763_/Y (sky130_fd_sc_hd__mux2i_1)
   0.2246    6.6758 ^ core/FpPipeline/fpu_exe_unit/FPUUnit/fpu/dfma/fma/mulAddRecFNToRaw_preMul/_1764_/Y (sky130_fd_sc_hd__a21oi_1)
   0.0630    6.7388 v core/FpPipeline/fpu_exe_unit/FPUUnit/fpu/dfma/fma/mulAddRecFNToRaw_preMul/_1765_/Y (sky130_fd_sc_hd__nor2_1)
   0.1979    6.9367 v core/FpPipeline/fpu_exe_unit/FPUUnit/fpu/dfma/fma/mulAddRecFNToRaw_preMul/_1766_/X (sky130_fd_sc_hd__o22a_1)
   0.3822    7.3188 v core/FpPipeline/fpu_exe_unit/FPUUnit/fpu/dfma/fma/_15620_/X (sky130_fd_sc_hd__xnor3_1)
   0.3965    7.7153 v core/FpPipeline/fpu_exe_unit/FPUUnit/fpu/dfma/fma/_15633_/X (sky130_fd_sc_hd__maj3_1)
   0.3777    8.0930 v core/FpPipeline/fpu_exe_unit/FPUUnit/fpu/dfma/fma/_15654_/X (sky130_fd_sc_hd__maj3_1)
   0.3929    8.4859 v core/FpPipeline/fpu_exe_unit/FPUUnit/fpu/dfma/fma/_15683_/X (sky130_fd_sc_hd__maj3_1)
   0.3979    8.8837 v core/FpPipeline/fpu_exe_unit/FPUUnit/fpu/dfma/fma/_15706_/X (sky130_fd_sc_hd__xor3_1)
   0.1695    9.0532 ^ core/FpPipeline/fpu_exe_unit/FPUUnit/fpu/dfma/fma/_15717_/Y (sky130_fd_sc_hd__nor2_1)
   0.2705    9.3237 ^ core/FpPipeline/fpu_exe_unit/FPUUnit/fpu/dfma/fma/_15755_/X (sky130_fd_sc_hd__xor3_1)
   0.1383    9.4620 v core/FpPipeline/fpu_exe_unit/FPUUnit/fpu/dfma/fma/_15756_/Y (sky130_fd_sc_hd__nand4bb_1)
   0.3515    9.8135 v core/FpPipeline/fpu_exe_unit/FPUUnit/fpu/dfma/fma/_15806_/X (sky130_fd_sc_hd__or2_2)
   0.3724   10.1859 v core/FpPipeline/fpu_exe_unit/FPUUnit/fpu/dfma/fma/_15860_/X (sky130_fd_sc_hd__maj3_1)
   0.3772   10.5631 v core/FpPipeline/fpu_exe_unit/FPUUnit/fpu/dfma/fma/_15917_/X (sky130_fd_sc_hd__maj3_1)
   0.3659   10.9290 v core/FpPipeline/fpu_exe_unit/FPUUnit/fpu/dfma/fma/_15983_/X (sky130_fd_sc_hd__maj3_1)
   0.3689   11.2979 v core/FpPipeline/fpu_exe_unit/FPUUnit/fpu/dfma/fma/_16051_/X (sky130_fd_sc_hd__maj3_1)
   0.3764   11.6743 v core/FpPipeline/fpu_exe_unit/FPUUnit/fpu/dfma/fma/_16118_/X (sky130_fd_sc_hd__maj3_1)
   0.3716   12.0459 v core/FpPipeline/fpu_exe_unit/FPUUnit/fpu/dfma/fma/_16205_/X (sky130_fd_sc_hd__maj3_1)
   0.3696   12.4155 v core/FpPipeline/fpu_exe_unit/FPUUnit/fpu/dfma/fma/_16303_/X (sky130_fd_sc_hd__maj3_1)
   0.2276   12.6431 ^ core/FpPipeline/fpu_exe_unit/FPUUnit/fpu/dfma/fma/_16397_/Y (sky130_fd_sc_hd__o22ai_1)
   0.1101   12.7532 v core/FpPipeline/fpu_exe_unit/FPUUnit/fpu/dfma/fma/_16924_/Y (sky130_fd_sc_hd__a211oi_1)
   0.3411   13.0942 ^ core/FpPipeline/fpu_exe_unit/FPUUnit/fpu/dfma/fma/_16925_/Y (sky130_fd_sc_hd__o311ai_0)
   0.1916   13.2859 v core/FpPipeline/fpu_exe_unit/FPUUnit/fpu/dfma/fma/_17063_/Y (sky130_fd_sc_hd__nand4_1)
   0.2608   13.5467 ^ core/FpPipeline/fpu_exe_unit/FPUUnit/fpu/dfma/fma/_17356_/Y (sky130_fd_sc_hd__a211oi_1)
   0.2232   13.7699 v core/FpPipeline/fpu_exe_unit/FPUUnit/fpu/dfma/fma/_17676_/Y (sky130_fd_sc_hd__o311ai_0)
   0.3464   14.1163 ^ core/FpPipeline/fpu_exe_unit/FPUUnit/fpu/dfma/fma/_17985_/Y (sky130_fd_sc_hd__a211oi_1)
   0.1544   14.2707 v core/FpPipeline/fpu_exe_unit/FPUUnit/fpu/dfma/fma/_18286_/Y (sky130_fd_sc_hd__o211ai_1)
   0.4838   14.7545 ^ core/FpPipeline/fpu_exe_unit/FPUUnit/fpu/dfma/fma/_19008_/Y (sky130_fd_sc_hd__a2111oi_0)
   0.2138   14.9683 v core/FpPipeline/fpu_exe_unit/FPUUnit/fpu/dfma/fma/_19804_/Y (sky130_fd_sc_hd__a21oi_1)
   0.3577   15.3260 v core/FpPipeline/fpu_exe_unit/FPUUnit/fpu/dfma/fma/_21792_/X (sky130_fd_sc_hd__o31a_1)
   0.3666   15.6926 ^ core/FpPipeline/fpu_exe_unit/FPUUnit/fpu/dfma/fma/_22055_/Y (sky130_fd_sc_hd__o31ai_1)
   0.2541   15.9466 ^ core/FpPipeline/fpu_exe_unit/FPUUnit/fpu/dfma/fma/_22585_/X (sky130_fd_sc_hd__a221o_1)
   0.1319   16.0785 v core/FpPipeline/fpu_exe_unit/FPUUnit/fpu/dfma/fma/_23138_/Y (sky130_fd_sc_hd__a31oi_1)
   0.3718   16.4503 ^ core/FpPipeline/fpu_exe_unit/FPUUnit/fpu/dfma/fma/_23671_/Y (sky130_fd_sc_hd__o21ai_0)
   0.2962   16.7465 ^ core/FpPipeline/fpu_exe_unit/FPUUnit/fpu/dfma/fma/_25679_/X (sky130_fd_sc_hd__and4b_1)
   0.2439   16.9904 ^ core/FpPipeline/fpu_exe_unit/FPUUnit/fpu/dfma/fma/_26580_/X (sky130_fd_sc_hd__o2111a_1)
   0.1495   17.1399 v core/FpPipeline/fpu_exe_unit/FPUUnit/fpu/dfma/fma/_28099_/Y (sky130_fd_sc_hd__o2111ai_1)
   0.3197   17.4597 ^ core/FpPipeline/fpu_exe_unit/FPUUnit/fpu/dfma/fma/_28721_/Y (sky130_fd_sc_hd__o2111ai_1)
   0.1877   17.6474 v core/FpPipeline/fpu_exe_unit/FPUUnit/fpu/dfma/fma/_29003_/Y (sky130_fd_sc_hd__a31oi_1)
   0.2882   17.9355 ^ core/FpPipeline/fpu_exe_unit/FPUUnit/fpu/dfma/fma/_29260_/Y (sky130_fd_sc_hd__o221ai_1)
   0.1789   18.1144 v core/FpPipeline/fpu_exe_unit/FPUUnit/fpu/dfma/fma/_29513_/Y (sky130_fd_sc_hd__a22oi_1)
   0.4165   18.5309 v core/FpPipeline/fpu_exe_unit/FPUUnit/fpu/dfma/fma/_29739_/X (sky130_fd_sc_hd__o311a_1)
   0.1708   18.7017 ^ core/FpPipeline/fpu_exe_unit/FPUUnit/fpu/dfma/fma/_29945_/Y (sky130_fd_sc_hd__nor2_1)
   0.1994   18.9010 ^ core/FpPipeline/fpu_exe_unit/FPUUnit/fpu/dfma/fma/_30126_/X (sky130_fd_sc_hd__a31o_2)
   0.0688   18.9698 v core/FpPipeline/fpu_exe_unit/FPUUnit/fpu/dfma/fma/_30291_/Y (sky130_fd_sc_hd__nand3_1)
   0.1040   19.0738 ^ core/FpPipeline/fpu_exe_unit/FPUUnit/fpu/dfma/fma/_30292_/Y (sky130_fd_sc_hd__nand2_1)
   0.0551   19.1289 v core/FpPipeline/fpu_exe_unit/FPUUnit/fpu/dfma/fma/_30359_/Y (sky130_fd_sc_hd__nand2_1)
   0.0808   19.2097 ^ core/FpPipeline/fpu_exe_unit/FPUUnit/fpu/dfma/fma/_30360_/Y (sky130_fd_sc_hd__nand2_1)
   0.1392   19.3489 ^ core/FpPipeline/fpu_exe_unit/FPUUnit/fpu/dfma/fma/_30418_/X (sky130_fd_sc_hd__xor2_1)
   0.0775   19.4264 v core/FpPipeline/fpu_exe_unit/FPUUnit/fpu/dfma/fma/_30420_/Y (sky130_fd_sc_hd__a21oi_1)
   0.0035   19.4299 v core/FpPipeline/fpu_exe_unit/FPUUnit/fpu/dfma/fma/_31069_/D (sky130_fd_sc_hd__dfxtp_1)
            19.4299   data arrival time

  20.0000   20.0000   clock clock (rise edge)
   0.0000   20.0000   clock network delay (ideal)
   0.0000   20.0000   clock reconvergence pessimism
            20.0000 ^ core/FpPipeline/fpu_exe_unit/FPUUnit/fpu/dfma/fma/_31069_/CLK (sky130_fd_sc_hd__dfxtp_1)
  -0.1344   19.8656   library setup time
            19.8656   data required time
-------------------------------------------------------------
            19.8656   data required time
           -19.4299   data arrival time
-------------------------------------------------------------
             0.4358   slack (MET)


Startpoint: core/FpPipeline/fpu_exe_unit/FPUUnit/fpu/dfma/_1310_
            (rising edge-triggered flip-flop clocked by clock)
Endpoint: core/FpPipeline/fpu_exe_unit/FPUUnit/fpu/dfma/fma/_31071_
          (rising edge-triggered flip-flop clocked by clock)
Path Group: clock
Path Type: max

    Delay      Time   Description
-------------------------------------------------------------
   0.0000    0.0000   clock clock (rise edge)
   0.0000    0.0000   clock network delay (ideal)
   0.0000    0.0000 ^ core/FpPipeline/fpu_exe_unit/FPUUnit/fpu/dfma/_1310_/CLK (sky130_fd_sc_hd__dfxtp_1)
   0.2995    0.2995 v core/FpPipeline/fpu_exe_unit/FPUUnit/fpu/dfma/_1310_/Q (sky130_fd_sc_hd__dfxtp_1)
   0.1614    0.4609 v core/FpPipeline/fpu_exe_unit/FPUUnit/fpu/dfma/fma/mulAddRecFNToRaw_preMul/_1092_/Y (sky130_fd_sc_hd__xnor2_1)
   0.3226    0.7835 ^ core/FpPipeline/fpu_exe_unit/FPUUnit/fpu/dfma/fma/mulAddRecFNToRaw_preMul/_1094_/Y (sky130_fd_sc_hd__o21ai_0)
   0.1761    0.9596 v core/FpPipeline/fpu_exe_unit/FPUUnit/fpu/dfma/fma/mulAddRecFNToRaw_preMul/_1097_/Y (sky130_fd_sc_hd__a31oi_1)
   0.4045    1.3640 v core/FpPipeline/fpu_exe_unit/FPUUnit/fpu/dfma/fma/mulAddRecFNToRaw_preMul/_1098_/X (sky130_fd_sc_hd__maj3_1)
   0.3959    1.7600 v core/FpPipeline/fpu_exe_unit/FPUUnit/fpu/dfma/fma/mulAddRecFNToRaw_preMul/_1099_/X (sky130_fd_sc_hd__maj3_1)
   0.3973    2.1573 v core/FpPipeline/fpu_exe_unit/FPUUnit/fpu/dfma/fma/mulAddRecFNToRaw_preMul/_1100_/X (sky130_fd_sc_hd__maj3_1)
   0.4055    2.5628 v core/FpPipeline/fpu_exe_unit/FPUUnit/fpu/dfma/fma/mulAddRecFNToRaw_preMul/_1101_/X (sky130_fd_sc_hd__maj3_1)
   0.3551    2.9179 v core/FpPipeline/fpu_exe_unit/FPUUnit/fpu/dfma/fma/mulAddRecFNToRaw_preMul/_1121_/X (sky130_fd_sc_hd__maj3_1)
   0.2007    3.1186 v core/FpPipeline/fpu_exe_unit/FPUUnit/fpu/dfma/fma/mulAddRecFNToRaw_preMul/_1122_/X (sky130_fd_sc_hd__xor2_1)
   0.1942    3.3128 ^ core/FpPipeline/fpu_exe_unit/FPUUnit/fpu/dfma/fma/mulAddRecFNToRaw_preMul/_1152_/Y (sky130_fd_sc_hd__o221ai_1)
   0.1518    3.4647 v core/FpPipeline/fpu_exe_unit/FPUUnit/fpu/dfma/fma/mulAddRecFNToRaw_preMul/_1158_/Y (sky130_fd_sc_hd__a32oi_1)
   0.4189    3.8835 v core/FpPipeline/fpu_exe_unit/FPUUnit/fpu/dfma/fma/mulAddRecFNToRaw_preMul/_1159_/X (sky130_fd_sc_hd__maj3_1)
   0.2588    4.1424 v core/FpPipeline/fpu_exe_unit/FPUUnit/fpu/dfma/fma/mulAddRecFNToRaw_preMul/_1177_/X (sky130_fd_sc_hd__o2111a_1)
   0.1835    4.3259 v core/FpPipeline/fpu_exe_unit/FPUUnit/fpu/dfma/fma/mulAddRecFNToRaw_preMul/_1178_/X (sky130_fd_sc_hd__clkbuf_1)
   0.1411    4.4670 ^ core/FpPipeline/fpu_exe_unit/FPUUnit/fpu/dfma/fma/mulAddRecFNToRaw_preMul/_1203_/Y (sky130_fd_sc_hd__nand4_1)
   0.3339    4.8008 ^ core/FpPipeline/fpu_exe_unit/FPUUnit/fpu/dfma/fma/mulAddRecFNToRaw_preMul/_1204_/X (sky130_fd_sc_hd__lpflow_clkbufkapwr_1)
   0.3198    5.1206 ^ core/FpPipeline/fpu_exe_unit/FPUUnit/fpu/dfma/fma/mulAddRecFNToRaw_preMul/_1307_/X (sky130_fd_sc_hd__buf_2)
   0.4406    5.5612 ^ core/FpPipeline/fpu_exe_unit/FPUUnit/fpu/dfma/fma/mulAddRecFNToRaw_preMul/_1308_/X (sky130_fd_sc_hd__lpflow_clkbufkapwr_1)
   0.4049    5.9661 v core/FpPipeline/fpu_exe_unit/FPUUnit/fpu/dfma/fma/mulAddRecFNToRaw_preMul/_1618_/X (sky130_fd_sc_hd__mux2_2)
   0.1693    6.1354 ^ core/FpPipeline/fpu_exe_unit/FPUUnit/fpu/dfma/fma/mulAddRecFNToRaw_preMul/_1760_/Y (sky130_fd_sc_hd__mux2i_1)
   0.0586    6.1940 v core/FpPipeline/fpu_exe_unit/FPUUnit/fpu/dfma/fma/mulAddRecFNToRaw_preMul/_1761_/Y (sky130_fd_sc_hd__nor2_1)
   0.1499    6.3440 ^ core/FpPipeline/fpu_exe_unit/FPUUnit/fpu/dfma/fma/mulAddRecFNToRaw_preMul/_1762_/Y (sky130_fd_sc_hd__a21oi_1)
   0.1072    6.4511 v core/FpPipeline/fpu_exe_unit/FPUUnit/fpu/dfma/fma/mulAddRecFNToRaw_preMul/_1763_/Y (sky130_fd_sc_hd__mux2i_1)
   0.2246    6.6758 ^ core/FpPipeline/fpu_exe_unit/FPUUnit/fpu/dfma/fma/mulAddRecFNToRaw_preMul/_1764_/Y (sky130_fd_sc_hd__a21oi_1)
   0.0630    6.7388 v core/FpPipeline/fpu_exe_unit/FPUUnit/fpu/dfma/fma/mulAddRecFNToRaw_preMul/_1765_/Y (sky130_fd_sc_hd__nor2_1)
   0.1979    6.9367 v core/FpPipeline/fpu_exe_unit/FPUUnit/fpu/dfma/fma/mulAddRecFNToRaw_preMul/_1766_/X (sky130_fd_sc_hd__o22a_1)
   0.3822    7.3188 v core/FpPipeline/fpu_exe_unit/FPUUnit/fpu/dfma/fma/_15620_/X (sky130_fd_sc_hd__xnor3_1)
   0.3965    7.7153 v core/FpPipeline/fpu_exe_unit/FPUUnit/fpu/dfma/fma/_15633_/X (sky130_fd_sc_hd__maj3_1)
   0.3777    8.0930 v core/FpPipeline/fpu_exe_unit/FPUUnit/fpu/dfma/fma/_15654_/X (sky130_fd_sc_hd__maj3_1)
   0.3929    8.4859 v core/FpPipeline/fpu_exe_unit/FPUUnit/fpu/dfma/fma/_15683_/X (sky130_fd_sc_hd__maj3_1)
   0.3979    8.8837 v core/FpPipeline/fpu_exe_unit/FPUUnit/fpu/dfma/fma/_15706_/X (sky130_fd_sc_hd__xor3_1)
   0.1695    9.0532 ^ core/FpPipeline/fpu_exe_unit/FPUUnit/fpu/dfma/fma/_15717_/Y (sky130_fd_sc_hd__nor2_1)
   0.2705    9.3237 ^ core/FpPipeline/fpu_exe_unit/FPUUnit/fpu/dfma/fma/_15755_/X (sky130_fd_sc_hd__xor3_1)
   0.1383    9.4620 v core/FpPipeline/fpu_exe_unit/FPUUnit/fpu/dfma/fma/_15756_/Y (sky130_fd_sc_hd__nand4bb_1)
   0.3515    9.8135 v core/FpPipeline/fpu_exe_unit/FPUUnit/fpu/dfma/fma/_15806_/X (sky130_fd_sc_hd__or2_2)
   0.3724   10.1859 v core/FpPipeline/fpu_exe_unit/FPUUnit/fpu/dfma/fma/_15860_/X (sky130_fd_sc_hd__maj3_1)
   0.3772   10.5631 v core/FpPipeline/fpu_exe_unit/FPUUnit/fpu/dfma/fma/_15917_/X (sky130_fd_sc_hd__maj3_1)
   0.3659   10.9290 v core/FpPipeline/fpu_exe_unit/FPUUnit/fpu/dfma/fma/_15983_/X (sky130_fd_sc_hd__maj3_1)
   0.3689   11.2979 v core/FpPipeline/fpu_exe_unit/FPUUnit/fpu/dfma/fma/_16051_/X (sky130_fd_sc_hd__maj3_1)
   0.3764   11.6743 v core/FpPipeline/fpu_exe_unit/FPUUnit/fpu/dfma/fma/_16118_/X (sky130_fd_sc_hd__maj3_1)
   0.3716   12.0459 v core/FpPipeline/fpu_exe_unit/FPUUnit/fpu/dfma/fma/_16205_/X (sky130_fd_sc_hd__maj3_1)
   0.3696   12.4155 v core/FpPipeline/fpu_exe_unit/FPUUnit/fpu/dfma/fma/_16303_/X (sky130_fd_sc_hd__maj3_1)
   0.2276   12.6431 ^ core/FpPipeline/fpu_exe_unit/FPUUnit/fpu/dfma/fma/_16397_/Y (sky130_fd_sc_hd__o22ai_1)
   0.1101   12.7532 v core/FpPipeline/fpu_exe_unit/FPUUnit/fpu/dfma/fma/_16924_/Y (sky130_fd_sc_hd__a211oi_1)
   0.3411   13.0942 ^ core/FpPipeline/fpu_exe_unit/FPUUnit/fpu/dfma/fma/_16925_/Y (sky130_fd_sc_hd__o311ai_0)
   0.1916   13.2859 v core/FpPipeline/fpu_exe_unit/FPUUnit/fpu/dfma/fma/_17063_/Y (sky130_fd_sc_hd__nand4_1)
   0.2608   13.5467 ^ core/FpPipeline/fpu_exe_unit/FPUUnit/fpu/dfma/fma/_17356_/Y (sky130_fd_sc_hd__a211oi_1)
   0.2232   13.7699 v core/FpPipeline/fpu_exe_unit/FPUUnit/fpu/dfma/fma/_17676_/Y (sky130_fd_sc_hd__o311ai_0)
   0.3464   14.1163 ^ core/FpPipeline/fpu_exe_unit/FPUUnit/fpu/dfma/fma/_17985_/Y (sky130_fd_sc_hd__a211oi_1)
   0.1544   14.2707 v core/FpPipeline/fpu_exe_unit/FPUUnit/fpu/dfma/fma/_18286_/Y (sky130_fd_sc_hd__o211ai_1)
   0.4838   14.7545 ^ core/FpPipeline/fpu_exe_unit/FPUUnit/fpu/dfma/fma/_19008_/Y (sky130_fd_sc_hd__a2111oi_0)
   0.2138   14.9683 v core/FpPipeline/fpu_exe_unit/FPUUnit/fpu/dfma/fma/_19804_/Y (sky130_fd_sc_hd__a21oi_1)
   0.3577   15.3260 v core/FpPipeline/fpu_exe_unit/FPUUnit/fpu/dfma/fma/_21792_/X (sky130_fd_sc_hd__o31a_1)
   0.3666   15.6926 ^ core/FpPipeline/fpu_exe_unit/FPUUnit/fpu/dfma/fma/_22055_/Y (sky130_fd_sc_hd__o31ai_1)
   0.2541   15.9466 ^ core/FpPipeline/fpu_exe_unit/FPUUnit/fpu/dfma/fma/_22585_/X (sky130_fd_sc_hd__a221o_1)
   0.1319   16.0785 v core/FpPipeline/fpu_exe_unit/FPUUnit/fpu/dfma/fma/_23138_/Y (sky130_fd_sc_hd__a31oi_1)
   0.3718   16.4503 ^ core/FpPipeline/fpu_exe_unit/FPUUnit/fpu/dfma/fma/_23671_/Y (sky130_fd_sc_hd__o21ai_0)
   0.2962   16.7465 ^ core/FpPipeline/fpu_exe_unit/FPUUnit/fpu/dfma/fma/_25679_/X (sky130_fd_sc_hd__and4b_1)
   0.2439   16.9904 ^ core/FpPipeline/fpu_exe_unit/FPUUnit/fpu/dfma/fma/_26580_/X (sky130_fd_sc_hd__o2111a_1)
   0.1495   17.1399 v core/FpPipeline/fpu_exe_unit/FPUUnit/fpu/dfma/fma/_28099_/Y (sky130_fd_sc_hd__o2111ai_1)
   0.3197   17.4597 ^ core/FpPipeline/fpu_exe_unit/FPUUnit/fpu/dfma/fma/_28721_/Y (sky130_fd_sc_hd__o2111ai_1)
   0.1877   17.6474 v core/FpPipeline/fpu_exe_unit/FPUUnit/fpu/dfma/fma/_29003_/Y (sky130_fd_sc_hd__a31oi_1)
   0.2882   17.9355 ^ core/FpPipeline/fpu_exe_unit/FPUUnit/fpu/dfma/fma/_29260_/Y (sky130_fd_sc_hd__o221ai_1)
   0.1789   18.1144 v core/FpPipeline/fpu_exe_unit/FPUUnit/fpu/dfma/fma/_29513_/Y (sky130_fd_sc_hd__a22oi_1)
   0.4165   18.5309 v core/FpPipeline/fpu_exe_unit/FPUUnit/fpu/dfma/fma/_29739_/X (sky130_fd_sc_hd__o311a_1)
   0.3505   18.8814 ^ core/FpPipeline/fpu_exe_unit/FPUUnit/fpu/dfma/fma/_30424_/Y (sky130_fd_sc_hd__nor4b_1)
   0.1818   19.0632 ^ core/FpPipeline/fpu_exe_unit/FPUUnit/fpu/dfma/fma/_30429_/X (sky130_fd_sc_hd__or2_2)
   0.0580   19.1212 v core/FpPipeline/fpu_exe_unit/FPUUnit/fpu/dfma/fma/_30487_/Y (sky130_fd_sc_hd__nand2_1)
   0.0849   19.2061 ^ core/FpPipeline/fpu_exe_unit/FPUUnit/fpu/dfma/fma/_30492_/Y (sky130_fd_sc_hd__nand2_1)
   0.1194   19.3255 ^ core/FpPipeline/fpu_exe_unit/FPUUnit/fpu/dfma/fma/_30541_/Y (sky130_fd_sc_hd__xnor2_1)
   0.0787   19.4042 v core/FpPipeline/fpu_exe_unit/FPUUnit/fpu/dfma/fma/_30543_/Y (sky130_fd_sc_hd__a21oi_1)
   0.0035   19.4076 v core/FpPipeline/fpu_exe_unit/FPUUnit/fpu/dfma/fma/_31071_/D (sky130_fd_sc_hd__dfxtp_1)
            19.4076   data arrival time

  20.0000   20.0000   clock clock (rise edge)
   0.0000   20.0000   clock network delay (ideal)
   0.0000   20.0000   clock reconvergence pessimism
            20.0000 ^ core/FpPipeline/fpu_exe_unit/FPUUnit/fpu/dfma/fma/_31071_/CLK (sky130_fd_sc_hd__dfxtp_1)
  -0.1344   19.8656   library setup time
            19.8656   data required time
-------------------------------------------------------------
            19.8656   data required time
           -19.4076   data arrival time
-------------------------------------------------------------
             0.4580   slack (MET)


Startpoint: core/FpPipeline/fpu_exe_unit/FPUUnit/fpu/dfma/_1310_
            (rising edge-triggered flip-flop clocked by clock)
Endpoint: core/FpPipeline/fpu_exe_unit/FPUUnit/fpu/dfma/fma/_31072_
          (rising edge-triggered flip-flop clocked by clock)
Path Group: clock
Path Type: max

    Delay      Time   Description
-------------------------------------------------------------
   0.0000    0.0000   clock clock (rise edge)
   0.0000    0.0000   clock network delay (ideal)
   0.0000    0.0000 ^ core/FpPipeline/fpu_exe_unit/FPUUnit/fpu/dfma/_1310_/CLK (sky130_fd_sc_hd__dfxtp_1)
   0.2995    0.2995 v core/FpPipeline/fpu_exe_unit/FPUUnit/fpu/dfma/_1310_/Q (sky130_fd_sc_hd__dfxtp_1)
   0.1614    0.4609 v core/FpPipeline/fpu_exe_unit/FPUUnit/fpu/dfma/fma/mulAddRecFNToRaw_preMul/_1092_/Y (sky130_fd_sc_hd__xnor2_1)
   0.3226    0.7835 ^ core/FpPipeline/fpu_exe_unit/FPUUnit/fpu/dfma/fma/mulAddRecFNToRaw_preMul/_1094_/Y (sky130_fd_sc_hd__o21ai_0)
   0.1761    0.9596 v core/FpPipeline/fpu_exe_unit/FPUUnit/fpu/dfma/fma/mulAddRecFNToRaw_preMul/_1097_/Y (sky130_fd_sc_hd__a31oi_1)
   0.4045    1.3640 v core/FpPipeline/fpu_exe_unit/FPUUnit/fpu/dfma/fma/mulAddRecFNToRaw_preMul/_1098_/X (sky130_fd_sc_hd__maj3_1)
   0.3959    1.7600 v core/FpPipeline/fpu_exe_unit/FPUUnit/fpu/dfma/fma/mulAddRecFNToRaw_preMul/_1099_/X (sky130_fd_sc_hd__maj3_1)
   0.3973    2.1573 v core/FpPipeline/fpu_exe_unit/FPUUnit/fpu/dfma/fma/mulAddRecFNToRaw_preMul/_1100_/X (sky130_fd_sc_hd__maj3_1)
   0.4055    2.5628 v core/FpPipeline/fpu_exe_unit/FPUUnit/fpu/dfma/fma/mulAddRecFNToRaw_preMul/_1101_/X (sky130_fd_sc_hd__maj3_1)
   0.3551    2.9179 v core/FpPipeline/fpu_exe_unit/FPUUnit/fpu/dfma/fma/mulAddRecFNToRaw_preMul/_1121_/X (sky130_fd_sc_hd__maj3_1)
   0.2007    3.1186 v core/FpPipeline/fpu_exe_unit/FPUUnit/fpu/dfma/fma/mulAddRecFNToRaw_preMul/_1122_/X (sky130_fd_sc_hd__xor2_1)
   0.1942    3.3128 ^ core/FpPipeline/fpu_exe_unit/FPUUnit/fpu/dfma/fma/mulAddRecFNToRaw_preMul/_1152_/Y (sky130_fd_sc_hd__o221ai_1)
   0.1518    3.4647 v core/FpPipeline/fpu_exe_unit/FPUUnit/fpu/dfma/fma/mulAddRecFNToRaw_preMul/_1158_/Y (sky130_fd_sc_hd__a32oi_1)
   0.4189    3.8835 v core/FpPipeline/fpu_exe_unit/FPUUnit/fpu/dfma/fma/mulAddRecFNToRaw_preMul/_1159_/X (sky130_fd_sc_hd__maj3_1)
   0.2588    4.1424 v core/FpPipeline/fpu_exe_unit/FPUUnit/fpu/dfma/fma/mulAddRecFNToRaw_preMul/_1177_/X (sky130_fd_sc_hd__o2111a_1)
   0.1835    4.3259 v core/FpPipeline/fpu_exe_unit/FPUUnit/fpu/dfma/fma/mulAddRecFNToRaw_preMul/_1178_/X (sky130_fd_sc_hd__clkbuf_1)
   0.1411    4.4670 ^ core/FpPipeline/fpu_exe_unit/FPUUnit/fpu/dfma/fma/mulAddRecFNToRaw_preMul/_1203_/Y (sky130_fd_sc_hd__nand4_1)
   0.3339    4.8008 ^ core/FpPipeline/fpu_exe_unit/FPUUnit/fpu/dfma/fma/mulAddRecFNToRaw_preMul/_1204_/X (sky130_fd_sc_hd__lpflow_clkbufkapwr_1)
   0.3198    5.1206 ^ core/FpPipeline/fpu_exe_unit/FPUUnit/fpu/dfma/fma/mulAddRecFNToRaw_preMul/_1307_/X (sky130_fd_sc_hd__buf_2)
   0.4406    5.5612 ^ core/FpPipeline/fpu_exe_unit/FPUUnit/fpu/dfma/fma/mulAddRecFNToRaw_preMul/_1308_/X (sky130_fd_sc_hd__lpflow_clkbufkapwr_1)
   0.4049    5.9661 v core/FpPipeline/fpu_exe_unit/FPUUnit/fpu/dfma/fma/mulAddRecFNToRaw_preMul/_1618_/X (sky130_fd_sc_hd__mux2_2)
   0.1693    6.1354 ^ core/FpPipeline/fpu_exe_unit/FPUUnit/fpu/dfma/fma/mulAddRecFNToRaw_preMul/_1760_/Y (sky130_fd_sc_hd__mux2i_1)
   0.0586    6.1940 v core/FpPipeline/fpu_exe_unit/FPUUnit/fpu/dfma/fma/mulAddRecFNToRaw_preMul/_1761_/Y (sky130_fd_sc_hd__nor2_1)
   0.1499    6.3440 ^ core/FpPipeline/fpu_exe_unit/FPUUnit/fpu/dfma/fma/mulAddRecFNToRaw_preMul/_1762_/Y (sky130_fd_sc_hd__a21oi_1)
   0.1072    6.4511 v core/FpPipeline/fpu_exe_unit/FPUUnit/fpu/dfma/fma/mulAddRecFNToRaw_preMul/_1763_/Y (sky130_fd_sc_hd__mux2i_1)
   0.2246    6.6758 ^ core/FpPipeline/fpu_exe_unit/FPUUnit/fpu/dfma/fma/mulAddRecFNToRaw_preMul/_1764_/Y (sky130_fd_sc_hd__a21oi_1)
   0.0630    6.7388 v core/FpPipeline/fpu_exe_unit/FPUUnit/fpu/dfma/fma/mulAddRecFNToRaw_preMul/_1765_/Y (sky130_fd_sc_hd__nor2_1)
   0.1979    6.9367 v core/FpPipeline/fpu_exe_unit/FPUUnit/fpu/dfma/fma/mulAddRecFNToRaw_preMul/_1766_/X (sky130_fd_sc_hd__o22a_1)
   0.3822    7.3188 v core/FpPipeline/fpu_exe_unit/FPUUnit/fpu/dfma/fma/_15620_/X (sky130_fd_sc_hd__xnor3_1)
   0.3965    7.7153 v core/FpPipeline/fpu_exe_unit/FPUUnit/fpu/dfma/fma/_15633_/X (sky130_fd_sc_hd__maj3_1)
   0.3777    8.0930 v core/FpPipeline/fpu_exe_unit/FPUUnit/fpu/dfma/fma/_15654_/X (sky130_fd_sc_hd__maj3_1)
   0.3929    8.4859 v core/FpPipeline/fpu_exe_unit/FPUUnit/fpu/dfma/fma/_15683_/X (sky130_fd_sc_hd__maj3_1)
   0.3979    8.8837 v core/FpPipeline/fpu_exe_unit/FPUUnit/fpu/dfma/fma/_15706_/X (sky130_fd_sc_hd__xor3_1)
   0.1695    9.0532 ^ core/FpPipeline/fpu_exe_unit/FPUUnit/fpu/dfma/fma/_15717_/Y (sky130_fd_sc_hd__nor2_1)
   0.2705    9.3237 ^ core/FpPipeline/fpu_exe_unit/FPUUnit/fpu/dfma/fma/_15755_/X (sky130_fd_sc_hd__xor3_1)
   0.1383    9.4620 v core/FpPipeline/fpu_exe_unit/FPUUnit/fpu/dfma/fma/_15756_/Y (sky130_fd_sc_hd__nand4bb_1)
   0.3515    9.8135 v core/FpPipeline/fpu_exe_unit/FPUUnit/fpu/dfma/fma/_15806_/X (sky130_fd_sc_hd__or2_2)
   0.3724   10.1859 v core/FpPipeline/fpu_exe_unit/FPUUnit/fpu/dfma/fma/_15860_/X (sky130_fd_sc_hd__maj3_1)
   0.3772   10.5631 v core/FpPipeline/fpu_exe_unit/FPUUnit/fpu/dfma/fma/_15917_/X (sky130_fd_sc_hd__maj3_1)
   0.3659   10.9290 v core/FpPipeline/fpu_exe_unit/FPUUnit/fpu/dfma/fma/_15983_/X (sky130_fd_sc_hd__maj3_1)
   0.3689   11.2979 v core/FpPipeline/fpu_exe_unit/FPUUnit/fpu/dfma/fma/_16051_/X (sky130_fd_sc_hd__maj3_1)
   0.3764   11.6743 v core/FpPipeline/fpu_exe_unit/FPUUnit/fpu/dfma/fma/_16118_/X (sky130_fd_sc_hd__maj3_1)
   0.3716   12.0459 v core/FpPipeline/fpu_exe_unit/FPUUnit/fpu/dfma/fma/_16205_/X (sky130_fd_sc_hd__maj3_1)
   0.3696   12.4155 v core/FpPipeline/fpu_exe_unit/FPUUnit/fpu/dfma/fma/_16303_/X (sky130_fd_sc_hd__maj3_1)
   0.2276   12.6431 ^ core/FpPipeline/fpu_exe_unit/FPUUnit/fpu/dfma/fma/_16397_/Y (sky130_fd_sc_hd__o22ai_1)
   0.1101   12.7532 v core/FpPipeline/fpu_exe_unit/FPUUnit/fpu/dfma/fma/_16924_/Y (sky130_fd_sc_hd__a211oi_1)
   0.3411   13.0942 ^ core/FpPipeline/fpu_exe_unit/FPUUnit/fpu/dfma/fma/_16925_/Y (sky130_fd_sc_hd__o311ai_0)
   0.1916   13.2859 v core/FpPipeline/fpu_exe_unit/FPUUnit/fpu/dfma/fma/_17063_/Y (sky130_fd_sc_hd__nand4_1)
   0.2608   13.5467 ^ core/FpPipeline/fpu_exe_unit/FPUUnit/fpu/dfma/fma/_17356_/Y (sky130_fd_sc_hd__a211oi_1)
   0.2232   13.7699 v core/FpPipeline/fpu_exe_unit/FPUUnit/fpu/dfma/fma/_17676_/Y (sky130_fd_sc_hd__o311ai_0)
   0.3464   14.1163 ^ core/FpPipeline/fpu_exe_unit/FPUUnit/fpu/dfma/fma/_17985_/Y (sky130_fd_sc_hd__a211oi_1)
   0.1544   14.2707 v core/FpPipeline/fpu_exe_unit/FPUUnit/fpu/dfma/fma/_18286_/Y (sky130_fd_sc_hd__o211ai_1)
   0.4838   14.7545 ^ core/FpPipeline/fpu_exe_unit/FPUUnit/fpu/dfma/fma/_19008_/Y (sky130_fd_sc_hd__a2111oi_0)
   0.2138   14.9683 v core/FpPipeline/fpu_exe_unit/FPUUnit/fpu/dfma/fma/_19804_/Y (sky130_fd_sc_hd__a21oi_1)
   0.3577   15.3260 v core/FpPipeline/fpu_exe_unit/FPUUnit/fpu/dfma/fma/_21792_/X (sky130_fd_sc_hd__o31a_1)
   0.3666   15.6926 ^ core/FpPipeline/fpu_exe_unit/FPUUnit/fpu/dfma/fma/_22055_/Y (sky130_fd_sc_hd__o31ai_1)
   0.2541   15.9466 ^ core/FpPipeline/fpu_exe_unit/FPUUnit/fpu/dfma/fma/_22585_/X (sky130_fd_sc_hd__a221o_1)
   0.1319   16.0785 v core/FpPipeline/fpu_exe_unit/FPUUnit/fpu/dfma/fma/_23138_/Y (sky130_fd_sc_hd__a31oi_1)
   0.3718   16.4503 ^ core/FpPipeline/fpu_exe_unit/FPUUnit/fpu/dfma/fma/_23671_/Y (sky130_fd_sc_hd__o21ai_0)
   0.2962   16.7465 ^ core/FpPipeline/fpu_exe_unit/FPUUnit/fpu/dfma/fma/_25679_/X (sky130_fd_sc_hd__and4b_1)
   0.2439   16.9904 ^ core/FpPipeline/fpu_exe_unit/FPUUnit/fpu/dfma/fma/_26580_/X (sky130_fd_sc_hd__o2111a_1)
   0.1495   17.1399 v core/FpPipeline/fpu_exe_unit/FPUUnit/fpu/dfma/fma/_28099_/Y (sky130_fd_sc_hd__o2111ai_1)
   0.3197   17.4597 ^ core/FpPipeline/fpu_exe_unit/FPUUnit/fpu/dfma/fma/_28721_/Y (sky130_fd_sc_hd__o2111ai_1)
   0.1877   17.6474 v core/FpPipeline/fpu_exe_unit/FPUUnit/fpu/dfma/fma/_29003_/Y (sky130_fd_sc_hd__a31oi_1)
   0.2882   17.9355 ^ core/FpPipeline/fpu_exe_unit/FPUUnit/fpu/dfma/fma/_29260_/Y (sky130_fd_sc_hd__o221ai_1)
   0.1789   18.1144 v core/FpPipeline/fpu_exe_unit/FPUUnit/fpu/dfma/fma/_29513_/Y (sky130_fd_sc_hd__a22oi_1)
   0.4165   18.5309 v core/FpPipeline/fpu_exe_unit/FPUUnit/fpu/dfma/fma/_29739_/X (sky130_fd_sc_hd__o311a_1)
   0.3505   18.8814 ^ core/FpPipeline/fpu_exe_unit/FPUUnit/fpu/dfma/fma/_30424_/Y (sky130_fd_sc_hd__nor4b_1)
   0.1849   19.0664 v core/FpPipeline/fpu_exe_unit/FPUUnit/fpu/dfma/fma/_30544_/Y (sky130_fd_sc_hd__o211ai_1)
   0.1874   19.2538 ^ core/FpPipeline/fpu_exe_unit/FPUUnit/fpu/dfma/fma/_30585_/Y (sky130_fd_sc_hd__a21oi_1)
   0.0874   19.3412 v core/FpPipeline/fpu_exe_unit/FPUUnit/fpu/dfma/fma/_30588_/Y (sky130_fd_sc_hd__o2bb2ai_1)
   0.0035   19.3447 v core/FpPipeline/fpu_exe_unit/FPUUnit/fpu/dfma/fma/_31072_/D (sky130_fd_sc_hd__dfxtp_1)
            19.3447   data arrival time

  20.0000   20.0000   clock clock (rise edge)
   0.0000   20.0000   clock network delay (ideal)
   0.0000   20.0000   clock reconvergence pessimism
            20.0000 ^ core/FpPipeline/fpu_exe_unit/FPUUnit/fpu/dfma/fma/_31072_/CLK (sky130_fd_sc_hd__dfxtp_1)
  -0.1213   19.8787   library setup time
            19.8787   data required time
-------------------------------------------------------------
            19.8787   data required time
           -19.3447   data arrival time
-------------------------------------------------------------
             0.5340   slack (MET)


Startpoint: core/FpPipeline/fpu_exe_unit/FPUUnit/fpu/dfma/_1310_
            (rising edge-triggered flip-flop clocked by clock)
Endpoint: core/FpPipeline/fpu_exe_unit/FPUUnit/fpu/dfma/fma/_31070_
          (rising edge-triggered flip-flop clocked by clock)
Path Group: clock
Path Type: max

    Delay      Time   Description
-------------------------------------------------------------
   0.0000    0.0000   clock clock (rise edge)
   0.0000    0.0000   clock network delay (ideal)
   0.0000    0.0000 ^ core/FpPipeline/fpu_exe_unit/FPUUnit/fpu/dfma/_1310_/CLK (sky130_fd_sc_hd__dfxtp_1)
   0.2995    0.2995 v core/FpPipeline/fpu_exe_unit/FPUUnit/fpu/dfma/_1310_/Q (sky130_fd_sc_hd__dfxtp_1)
   0.1614    0.4609 v core/FpPipeline/fpu_exe_unit/FPUUnit/fpu/dfma/fma/mulAddRecFNToRaw_preMul/_1092_/Y (sky130_fd_sc_hd__xnor2_1)
   0.3226    0.7835 ^ core/FpPipeline/fpu_exe_unit/FPUUnit/fpu/dfma/fma/mulAddRecFNToRaw_preMul/_1094_/Y (sky130_fd_sc_hd__o21ai_0)
   0.1761    0.9596 v core/FpPipeline/fpu_exe_unit/FPUUnit/fpu/dfma/fma/mulAddRecFNToRaw_preMul/_1097_/Y (sky130_fd_sc_hd__a31oi_1)
   0.4045    1.3640 v core/FpPipeline/fpu_exe_unit/FPUUnit/fpu/dfma/fma/mulAddRecFNToRaw_preMul/_1098_/X (sky130_fd_sc_hd__maj3_1)
   0.3959    1.7600 v core/FpPipeline/fpu_exe_unit/FPUUnit/fpu/dfma/fma/mulAddRecFNToRaw_preMul/_1099_/X (sky130_fd_sc_hd__maj3_1)
   0.3973    2.1573 v core/FpPipeline/fpu_exe_unit/FPUUnit/fpu/dfma/fma/mulAddRecFNToRaw_preMul/_1100_/X (sky130_fd_sc_hd__maj3_1)
   0.4055    2.5628 v core/FpPipeline/fpu_exe_unit/FPUUnit/fpu/dfma/fma/mulAddRecFNToRaw_preMul/_1101_/X (sky130_fd_sc_hd__maj3_1)
   0.3551    2.9179 v core/FpPipeline/fpu_exe_unit/FPUUnit/fpu/dfma/fma/mulAddRecFNToRaw_preMul/_1121_/X (sky130_fd_sc_hd__maj3_1)
   0.2007    3.1186 v core/FpPipeline/fpu_exe_unit/FPUUnit/fpu/dfma/fma/mulAddRecFNToRaw_preMul/_1122_/X (sky130_fd_sc_hd__xor2_1)
   0.1942    3.3128 ^ core/FpPipeline/fpu_exe_unit/FPUUnit/fpu/dfma/fma/mulAddRecFNToRaw_preMul/_1152_/Y (sky130_fd_sc_hd__o221ai_1)
   0.1518    3.4647 v core/FpPipeline/fpu_exe_unit/FPUUnit/fpu/dfma/fma/mulAddRecFNToRaw_preMul/_1158_/Y (sky130_fd_sc_hd__a32oi_1)
   0.4189    3.8835 v core/FpPipeline/fpu_exe_unit/FPUUnit/fpu/dfma/fma/mulAddRecFNToRaw_preMul/_1159_/X (sky130_fd_sc_hd__maj3_1)
   0.2588    4.1424 v core/FpPipeline/fpu_exe_unit/FPUUnit/fpu/dfma/fma/mulAddRecFNToRaw_preMul/_1177_/X (sky130_fd_sc_hd__o2111a_1)
   0.1835    4.3259 v core/FpPipeline/fpu_exe_unit/FPUUnit/fpu/dfma/fma/mulAddRecFNToRaw_preMul/_1178_/X (sky130_fd_sc_hd__clkbuf_1)
   0.1411    4.4670 ^ core/FpPipeline/fpu_exe_unit/FPUUnit/fpu/dfma/fma/mulAddRecFNToRaw_preMul/_1203_/Y (sky130_fd_sc_hd__nand4_1)
   0.3339    4.8008 ^ core/FpPipeline/fpu_exe_unit/FPUUnit/fpu/dfma/fma/mulAddRecFNToRaw_preMul/_1204_/X (sky130_fd_sc_hd__lpflow_clkbufkapwr_1)
   0.3198    5.1206 ^ core/FpPipeline/fpu_exe_unit/FPUUnit/fpu/dfma/fma/mulAddRecFNToRaw_preMul/_1307_/X (sky130_fd_sc_hd__buf_2)
   0.4406    5.5612 ^ core/FpPipeline/fpu_exe_unit/FPUUnit/fpu/dfma/fma/mulAddRecFNToRaw_preMul/_1308_/X (sky130_fd_sc_hd__lpflow_clkbufkapwr_1)
   0.4049    5.9661 v core/FpPipeline/fpu_exe_unit/FPUUnit/fpu/dfma/fma/mulAddRecFNToRaw_preMul/_1618_/X (sky130_fd_sc_hd__mux2_2)
   0.1693    6.1354 ^ core/FpPipeline/fpu_exe_unit/FPUUnit/fpu/dfma/fma/mulAddRecFNToRaw_preMul/_1760_/Y (sky130_fd_sc_hd__mux2i_1)
   0.0586    6.1940 v core/FpPipeline/fpu_exe_unit/FPUUnit/fpu/dfma/fma/mulAddRecFNToRaw_preMul/_1761_/Y (sky130_fd_sc_hd__nor2_1)
   0.1499    6.3440 ^ core/FpPipeline/fpu_exe_unit/FPUUnit/fpu/dfma/fma/mulAddRecFNToRaw_preMul/_1762_/Y (sky130_fd_sc_hd__a21oi_1)
   0.1072    6.4511 v core/FpPipeline/fpu_exe_unit/FPUUnit/fpu/dfma/fma/mulAddRecFNToRaw_preMul/_1763_/Y (sky130_fd_sc_hd__mux2i_1)
   0.2246    6.6758 ^ core/FpPipeline/fpu_exe_unit/FPUUnit/fpu/dfma/fma/mulAddRecFNToRaw_preMul/_1764_/Y (sky130_fd_sc_hd__a21oi_1)
   0.0630    6.7388 v core/FpPipeline/fpu_exe_unit/FPUUnit/fpu/dfma/fma/mulAddRecFNToRaw_preMul/_1765_/Y (sky130_fd_sc_hd__nor2_1)
   0.1979    6.9367 v core/FpPipeline/fpu_exe_unit/FPUUnit/fpu/dfma/fma/mulAddRecFNToRaw_preMul/_1766_/X (sky130_fd_sc_hd__o22a_1)
   0.3822    7.3188 v core/FpPipeline/fpu_exe_unit/FPUUnit/fpu/dfma/fma/_15620_/X (sky130_fd_sc_hd__xnor3_1)
   0.3965    7.7153 v core/FpPipeline/fpu_exe_unit/FPUUnit/fpu/dfma/fma/_15633_/X (sky130_fd_sc_hd__maj3_1)
   0.3777    8.0930 v core/FpPipeline/fpu_exe_unit/FPUUnit/fpu/dfma/fma/_15654_/X (sky130_fd_sc_hd__maj3_1)
   0.3929    8.4859 v core/FpPipeline/fpu_exe_unit/FPUUnit/fpu/dfma/fma/_15683_/X (sky130_fd_sc_hd__maj3_1)
   0.3979    8.8837 v core/FpPipeline/fpu_exe_unit/FPUUnit/fpu/dfma/fma/_15706_/X (sky130_fd_sc_hd__xor3_1)
   0.1695    9.0532 ^ core/FpPipeline/fpu_exe_unit/FPUUnit/fpu/dfma/fma/_15717_/Y (sky130_fd_sc_hd__nor2_1)
   0.2705    9.3237 ^ core/FpPipeline/fpu_exe_unit/FPUUnit/fpu/dfma/fma/_15755_/X (sky130_fd_sc_hd__xor3_1)
   0.1383    9.4620 v core/FpPipeline/fpu_exe_unit/FPUUnit/fpu/dfma/fma/_15756_/Y (sky130_fd_sc_hd__nand4bb_1)
   0.3515    9.8135 v core/FpPipeline/fpu_exe_unit/FPUUnit/fpu/dfma/fma/_15806_/X (sky130_fd_sc_hd__or2_2)
   0.3724   10.1859 v core/FpPipeline/fpu_exe_unit/FPUUnit/fpu/dfma/fma/_15860_/X (sky130_fd_sc_hd__maj3_1)
   0.3772   10.5631 v core/FpPipeline/fpu_exe_unit/FPUUnit/fpu/dfma/fma/_15917_/X (sky130_fd_sc_hd__maj3_1)
   0.3659   10.9290 v core/FpPipeline/fpu_exe_unit/FPUUnit/fpu/dfma/fma/_15983_/X (sky130_fd_sc_hd__maj3_1)
   0.3689   11.2979 v core/FpPipeline/fpu_exe_unit/FPUUnit/fpu/dfma/fma/_16051_/X (sky130_fd_sc_hd__maj3_1)
   0.3764   11.6743 v core/FpPipeline/fpu_exe_unit/FPUUnit/fpu/dfma/fma/_16118_/X (sky130_fd_sc_hd__maj3_1)
   0.3716   12.0459 v core/FpPipeline/fpu_exe_unit/FPUUnit/fpu/dfma/fma/_16205_/X (sky130_fd_sc_hd__maj3_1)
   0.3696   12.4155 v core/FpPipeline/fpu_exe_unit/FPUUnit/fpu/dfma/fma/_16303_/X (sky130_fd_sc_hd__maj3_1)
   0.2276   12.6431 ^ core/FpPipeline/fpu_exe_unit/FPUUnit/fpu/dfma/fma/_16397_/Y (sky130_fd_sc_hd__o22ai_1)
   0.1101   12.7532 v core/FpPipeline/fpu_exe_unit/FPUUnit/fpu/dfma/fma/_16924_/Y (sky130_fd_sc_hd__a211oi_1)
   0.3411   13.0942 ^ core/FpPipeline/fpu_exe_unit/FPUUnit/fpu/dfma/fma/_16925_/Y (sky130_fd_sc_hd__o311ai_0)
   0.1916   13.2859 v core/FpPipeline/fpu_exe_unit/FPUUnit/fpu/dfma/fma/_17063_/Y (sky130_fd_sc_hd__nand4_1)
   0.2608   13.5467 ^ core/FpPipeline/fpu_exe_unit/FPUUnit/fpu/dfma/fma/_17356_/Y (sky130_fd_sc_hd__a211oi_1)
   0.2232   13.7699 v core/FpPipeline/fpu_exe_unit/FPUUnit/fpu/dfma/fma/_17676_/Y (sky130_fd_sc_hd__o311ai_0)
   0.3464   14.1163 ^ core/FpPipeline/fpu_exe_unit/FPUUnit/fpu/dfma/fma/_17985_/Y (sky130_fd_sc_hd__a211oi_1)
   0.1544   14.2707 v core/FpPipeline/fpu_exe_unit/FPUUnit/fpu/dfma/fma/_18286_/Y (sky130_fd_sc_hd__o211ai_1)
   0.4838   14.7545 ^ core/FpPipeline/fpu_exe_unit/FPUUnit/fpu/dfma/fma/_19008_/Y (sky130_fd_sc_hd__a2111oi_0)
   0.2138   14.9683 v core/FpPipeline/fpu_exe_unit/FPUUnit/fpu/dfma/fma/_19804_/Y (sky130_fd_sc_hd__a21oi_1)
   0.3577   15.3260 v core/FpPipeline/fpu_exe_unit/FPUUnit/fpu/dfma/fma/_21792_/X (sky130_fd_sc_hd__o31a_1)
   0.3666   15.6926 ^ core/FpPipeline/fpu_exe_unit/FPUUnit/fpu/dfma/fma/_22055_/Y (sky130_fd_sc_hd__o31ai_1)
   0.2541   15.9466 ^ core/FpPipeline/fpu_exe_unit/FPUUnit/fpu/dfma/fma/_22585_/X (sky130_fd_sc_hd__a221o_1)
   0.1319   16.0785 v core/FpPipeline/fpu_exe_unit/FPUUnit/fpu/dfma/fma/_23138_/Y (sky130_fd_sc_hd__a31oi_1)
   0.3718   16.4503 ^ core/FpPipeline/fpu_exe_unit/FPUUnit/fpu/dfma/fma/_23671_/Y (sky130_fd_sc_hd__o21ai_0)
   0.2962   16.7465 ^ core/FpPipeline/fpu_exe_unit/FPUUnit/fpu/dfma/fma/_25679_/X (sky130_fd_sc_hd__and4b_1)
   0.2439   16.9904 ^ core/FpPipeline/fpu_exe_unit/FPUUnit/fpu/dfma/fma/_26580_/X (sky130_fd_sc_hd__o2111a_1)
   0.1495   17.1399 v core/FpPipeline/fpu_exe_unit/FPUUnit/fpu/dfma/fma/_28099_/Y (sky130_fd_sc_hd__o2111ai_1)
   0.3197   17.4597 ^ core/FpPipeline/fpu_exe_unit/FPUUnit/fpu/dfma/fma/_28721_/Y (sky130_fd_sc_hd__o2111ai_1)
   0.1877   17.6474 v core/FpPipeline/fpu_exe_unit/FPUUnit/fpu/dfma/fma/_29003_/Y (sky130_fd_sc_hd__a31oi_1)
   0.2882   17.9355 ^ core/FpPipeline/fpu_exe_unit/FPUUnit/fpu/dfma/fma/_29260_/Y (sky130_fd_sc_hd__o221ai_1)
   0.1789   18.1144 v core/FpPipeline/fpu_exe_unit/FPUUnit/fpu/dfma/fma/_29513_/Y (sky130_fd_sc_hd__a22oi_1)
   0.4165   18.5309 v core/FpPipeline/fpu_exe_unit/FPUUnit/fpu/dfma/fma/_29739_/X (sky130_fd_sc_hd__o311a_1)
   0.3505   18.8814 ^ core/FpPipeline/fpu_exe_unit/FPUUnit/fpu/dfma/fma/_30424_/Y (sky130_fd_sc_hd__nor4b_1)
   0.1818   19.0632 ^ core/FpPipeline/fpu_exe_unit/FPUUnit/fpu/dfma/fma/_30429_/X (sky130_fd_sc_hd__or2_2)
   0.0580   19.1212 v core/FpPipeline/fpu_exe_unit/FPUUnit/fpu/dfma/fma/_30487_/Y (sky130_fd_sc_hd__nand2_1)
   0.1769   19.2982 v core/FpPipeline/fpu_exe_unit/FPUUnit/fpu/dfma/fma/_30490_/X (sky130_fd_sc_hd__a22o_1)
   0.0035   19.3016 v core/FpPipeline/fpu_exe_unit/FPUUnit/fpu/dfma/fma/_31070_/D (sky130_fd_sc_hd__dfxtp_1)
            19.3016   data arrival time

  20.0000   20.0000   clock clock (rise edge)
   0.0000   20.0000   clock network delay (ideal)
   0.0000   20.0000   clock reconvergence pessimism
            20.0000 ^ core/FpPipeline/fpu_exe_unit/FPUUnit/fpu/dfma/fma/_31070_/CLK (sky130_fd_sc_hd__dfxtp_1)
  -0.1177   19.8823   library setup time
            19.8823   data required time
-------------------------------------------------------------
            19.8823   data required time
           -19.3016   data arrival time
-------------------------------------------------------------
             0.5807   slack (MET)


Startpoint: core/FpPipeline/fpu_exe_unit/FPUUnit/fpu/dfma/_1310_
            (rising edge-triggered flip-flop clocked by clock)
Endpoint: core/FpPipeline/fpu_exe_unit/FPUUnit/fpu/dfma/fma/_31068_
          (rising edge-triggered flip-flop clocked by clock)
Path Group: clock
Path Type: max

    Delay      Time   Description
-------------------------------------------------------------
   0.0000    0.0000   clock clock (rise edge)
   0.0000    0.0000   clock network delay (ideal)
   0.0000    0.0000 ^ core/FpPipeline/fpu_exe_unit/FPUUnit/fpu/dfma/_1310_/CLK (sky130_fd_sc_hd__dfxtp_1)
   0.2995    0.2995 v core/FpPipeline/fpu_exe_unit/FPUUnit/fpu/dfma/_1310_/Q (sky130_fd_sc_hd__dfxtp_1)
   0.1614    0.4609 v core/FpPipeline/fpu_exe_unit/FPUUnit/fpu/dfma/fma/mulAddRecFNToRaw_preMul/_1092_/Y (sky130_fd_sc_hd__xnor2_1)
   0.3226    0.7835 ^ core/FpPipeline/fpu_exe_unit/FPUUnit/fpu/dfma/fma/mulAddRecFNToRaw_preMul/_1094_/Y (sky130_fd_sc_hd__o21ai_0)
   0.1761    0.9596 v core/FpPipeline/fpu_exe_unit/FPUUnit/fpu/dfma/fma/mulAddRecFNToRaw_preMul/_1097_/Y (sky130_fd_sc_hd__a31oi_1)
   0.4045    1.3640 v core/FpPipeline/fpu_exe_unit/FPUUnit/fpu/dfma/fma/mulAddRecFNToRaw_preMul/_1098_/X (sky130_fd_sc_hd__maj3_1)
   0.3959    1.7600 v core/FpPipeline/fpu_exe_unit/FPUUnit/fpu/dfma/fma/mulAddRecFNToRaw_preMul/_1099_/X (sky130_fd_sc_hd__maj3_1)
   0.3973    2.1573 v core/FpPipeline/fpu_exe_unit/FPUUnit/fpu/dfma/fma/mulAddRecFNToRaw_preMul/_1100_/X (sky130_fd_sc_hd__maj3_1)
   0.4055    2.5628 v core/FpPipeline/fpu_exe_unit/FPUUnit/fpu/dfma/fma/mulAddRecFNToRaw_preMul/_1101_/X (sky130_fd_sc_hd__maj3_1)
   0.3551    2.9179 v core/FpPipeline/fpu_exe_unit/FPUUnit/fpu/dfma/fma/mulAddRecFNToRaw_preMul/_1121_/X (sky130_fd_sc_hd__maj3_1)
   0.2007    3.1186 v core/FpPipeline/fpu_exe_unit/FPUUnit/fpu/dfma/fma/mulAddRecFNToRaw_preMul/_1122_/X (sky130_fd_sc_hd__xor2_1)
   0.1942    3.3128 ^ core/FpPipeline/fpu_exe_unit/FPUUnit/fpu/dfma/fma/mulAddRecFNToRaw_preMul/_1152_/Y (sky130_fd_sc_hd__o221ai_1)
   0.1518    3.4647 v core/FpPipeline/fpu_exe_unit/FPUUnit/fpu/dfma/fma/mulAddRecFNToRaw_preMul/_1158_/Y (sky130_fd_sc_hd__a32oi_1)
   0.4189    3.8835 v core/FpPipeline/fpu_exe_unit/FPUUnit/fpu/dfma/fma/mulAddRecFNToRaw_preMul/_1159_/X (sky130_fd_sc_hd__maj3_1)
   0.2588    4.1424 v core/FpPipeline/fpu_exe_unit/FPUUnit/fpu/dfma/fma/mulAddRecFNToRaw_preMul/_1177_/X (sky130_fd_sc_hd__o2111a_1)
   0.1835    4.3259 v core/FpPipeline/fpu_exe_unit/FPUUnit/fpu/dfma/fma/mulAddRecFNToRaw_preMul/_1178_/X (sky130_fd_sc_hd__clkbuf_1)
   0.1411    4.4670 ^ core/FpPipeline/fpu_exe_unit/FPUUnit/fpu/dfma/fma/mulAddRecFNToRaw_preMul/_1203_/Y (sky130_fd_sc_hd__nand4_1)
   0.3339    4.8008 ^ core/FpPipeline/fpu_exe_unit/FPUUnit/fpu/dfma/fma/mulAddRecFNToRaw_preMul/_1204_/X (sky130_fd_sc_hd__lpflow_clkbufkapwr_1)
   0.3198    5.1206 ^ core/FpPipeline/fpu_exe_unit/FPUUnit/fpu/dfma/fma/mulAddRecFNToRaw_preMul/_1307_/X (sky130_fd_sc_hd__buf_2)
   0.4406    5.5612 ^ core/FpPipeline/fpu_exe_unit/FPUUnit/fpu/dfma/fma/mulAddRecFNToRaw_preMul/_1308_/X (sky130_fd_sc_hd__lpflow_clkbufkapwr_1)
   0.4049    5.9661 v core/FpPipeline/fpu_exe_unit/FPUUnit/fpu/dfma/fma/mulAddRecFNToRaw_preMul/_1618_/X (sky130_fd_sc_hd__mux2_2)
   0.1693    6.1354 ^ core/FpPipeline/fpu_exe_unit/FPUUnit/fpu/dfma/fma/mulAddRecFNToRaw_preMul/_1760_/Y (sky130_fd_sc_hd__mux2i_1)
   0.0586    6.1940 v core/FpPipeline/fpu_exe_unit/FPUUnit/fpu/dfma/fma/mulAddRecFNToRaw_preMul/_1761_/Y (sky130_fd_sc_hd__nor2_1)
   0.1499    6.3440 ^ core/FpPipeline/fpu_exe_unit/FPUUnit/fpu/dfma/fma/mulAddRecFNToRaw_preMul/_1762_/Y (sky130_fd_sc_hd__a21oi_1)
   0.1072    6.4511 v core/FpPipeline/fpu_exe_unit/FPUUnit/fpu/dfma/fma/mulAddRecFNToRaw_preMul/_1763_/Y (sky130_fd_sc_hd__mux2i_1)
   0.2246    6.6758 ^ core/FpPipeline/fpu_exe_unit/FPUUnit/fpu/dfma/fma/mulAddRecFNToRaw_preMul/_1764_/Y (sky130_fd_sc_hd__a21oi_1)
   0.0630    6.7388 v core/FpPipeline/fpu_exe_unit/FPUUnit/fpu/dfma/fma/mulAddRecFNToRaw_preMul/_1765_/Y (sky130_fd_sc_hd__nor2_1)
   0.1979    6.9367 v core/FpPipeline/fpu_exe_unit/FPUUnit/fpu/dfma/fma/mulAddRecFNToRaw_preMul/_1766_/X (sky130_fd_sc_hd__o22a_1)
   0.3822    7.3188 v core/FpPipeline/fpu_exe_unit/FPUUnit/fpu/dfma/fma/_15620_/X (sky130_fd_sc_hd__xnor3_1)
   0.3965    7.7153 v core/FpPipeline/fpu_exe_unit/FPUUnit/fpu/dfma/fma/_15633_/X (sky130_fd_sc_hd__maj3_1)
   0.3777    8.0930 v core/FpPipeline/fpu_exe_unit/FPUUnit/fpu/dfma/fma/_15654_/X (sky130_fd_sc_hd__maj3_1)
   0.3929    8.4859 v core/FpPipeline/fpu_exe_unit/FPUUnit/fpu/dfma/fma/_15683_/X (sky130_fd_sc_hd__maj3_1)
   0.3979    8.8837 v core/FpPipeline/fpu_exe_unit/FPUUnit/fpu/dfma/fma/_15706_/X (sky130_fd_sc_hd__xor3_1)
   0.1695    9.0532 ^ core/FpPipeline/fpu_exe_unit/FPUUnit/fpu/dfma/fma/_15717_/Y (sky130_fd_sc_hd__nor2_1)
   0.2705    9.3237 ^ core/FpPipeline/fpu_exe_unit/FPUUnit/fpu/dfma/fma/_15755_/X (sky130_fd_sc_hd__xor3_1)
   0.1383    9.4620 v core/FpPipeline/fpu_exe_unit/FPUUnit/fpu/dfma/fma/_15756_/Y (sky130_fd_sc_hd__nand4bb_1)
   0.3515    9.8135 v core/FpPipeline/fpu_exe_unit/FPUUnit/fpu/dfma/fma/_15806_/X (sky130_fd_sc_hd__or2_2)
   0.3724   10.1859 v core/FpPipeline/fpu_exe_unit/FPUUnit/fpu/dfma/fma/_15860_/X (sky130_fd_sc_hd__maj3_1)
   0.3772   10.5631 v core/FpPipeline/fpu_exe_unit/FPUUnit/fpu/dfma/fma/_15917_/X (sky130_fd_sc_hd__maj3_1)
   0.3659   10.9290 v core/FpPipeline/fpu_exe_unit/FPUUnit/fpu/dfma/fma/_15983_/X (sky130_fd_sc_hd__maj3_1)
   0.3689   11.2979 v core/FpPipeline/fpu_exe_unit/FPUUnit/fpu/dfma/fma/_16051_/X (sky130_fd_sc_hd__maj3_1)
   0.3764   11.6743 v core/FpPipeline/fpu_exe_unit/FPUUnit/fpu/dfma/fma/_16118_/X (sky130_fd_sc_hd__maj3_1)
   0.3716   12.0459 v core/FpPipeline/fpu_exe_unit/FPUUnit/fpu/dfma/fma/_16205_/X (sky130_fd_sc_hd__maj3_1)
   0.3696   12.4155 v core/FpPipeline/fpu_exe_unit/FPUUnit/fpu/dfma/fma/_16303_/X (sky130_fd_sc_hd__maj3_1)
   0.2276   12.6431 ^ core/FpPipeline/fpu_exe_unit/FPUUnit/fpu/dfma/fma/_16397_/Y (sky130_fd_sc_hd__o22ai_1)
   0.1101   12.7532 v core/FpPipeline/fpu_exe_unit/FPUUnit/fpu/dfma/fma/_16924_/Y (sky130_fd_sc_hd__a211oi_1)
   0.3411   13.0942 ^ core/FpPipeline/fpu_exe_unit/FPUUnit/fpu/dfma/fma/_16925_/Y (sky130_fd_sc_hd__o311ai_0)
   0.1916   13.2859 v core/FpPipeline/fpu_exe_unit/FPUUnit/fpu/dfma/fma/_17063_/Y (sky130_fd_sc_hd__nand4_1)
   0.2608   13.5467 ^ core/FpPipeline/fpu_exe_unit/FPUUnit/fpu/dfma/fma/_17356_/Y (sky130_fd_sc_hd__a211oi_1)
   0.2232   13.7699 v core/FpPipeline/fpu_exe_unit/FPUUnit/fpu/dfma/fma/_17676_/Y (sky130_fd_sc_hd__o311ai_0)
   0.3464   14.1163 ^ core/FpPipeline/fpu_exe_unit/FPUUnit/fpu/dfma/fma/_17985_/Y (sky130_fd_sc_hd__a211oi_1)
   0.1544   14.2707 v core/FpPipeline/fpu_exe_unit/FPUUnit/fpu/dfma/fma/_18286_/Y (sky130_fd_sc_hd__o211ai_1)
   0.4838   14.7545 ^ core/FpPipeline/fpu_exe_unit/FPUUnit/fpu/dfma/fma/_19008_/Y (sky130_fd_sc_hd__a2111oi_0)
   0.2138   14.9683 v core/FpPipeline/fpu_exe_unit/FPUUnit/fpu/dfma/fma/_19804_/Y (sky130_fd_sc_hd__a21oi_1)
   0.3577   15.3260 v core/FpPipeline/fpu_exe_unit/FPUUnit/fpu/dfma/fma/_21792_/X (sky130_fd_sc_hd__o31a_1)
   0.3666   15.6926 ^ core/FpPipeline/fpu_exe_unit/FPUUnit/fpu/dfma/fma/_22055_/Y (sky130_fd_sc_hd__o31ai_1)
   0.2541   15.9466 ^ core/FpPipeline/fpu_exe_unit/FPUUnit/fpu/dfma/fma/_22585_/X (sky130_fd_sc_hd__a221o_1)
   0.1319   16.0785 v core/FpPipeline/fpu_exe_unit/FPUUnit/fpu/dfma/fma/_23138_/Y (sky130_fd_sc_hd__a31oi_1)
   0.3718   16.4503 ^ core/FpPipeline/fpu_exe_unit/FPUUnit/fpu/dfma/fma/_23671_/Y (sky130_fd_sc_hd__o21ai_0)
   0.2962   16.7465 ^ core/FpPipeline/fpu_exe_unit/FPUUnit/fpu/dfma/fma/_25679_/X (sky130_fd_sc_hd__and4b_1)
   0.2439   16.9904 ^ core/FpPipeline/fpu_exe_unit/FPUUnit/fpu/dfma/fma/_26580_/X (sky130_fd_sc_hd__o2111a_1)
   0.1495   17.1399 v core/FpPipeline/fpu_exe_unit/FPUUnit/fpu/dfma/fma/_28099_/Y (sky130_fd_sc_hd__o2111ai_1)
   0.3197   17.4597 ^ core/FpPipeline/fpu_exe_unit/FPUUnit/fpu/dfma/fma/_28721_/Y (sky130_fd_sc_hd__o2111ai_1)
   0.1877   17.6474 v core/FpPipeline/fpu_exe_unit/FPUUnit/fpu/dfma/fma/_29003_/Y (sky130_fd_sc_hd__a31oi_1)
   0.2882   17.9355 ^ core/FpPipeline/fpu_exe_unit/FPUUnit/fpu/dfma/fma/_29260_/Y (sky130_fd_sc_hd__o221ai_1)
   0.1789   18.1144 v core/FpPipeline/fpu_exe_unit/FPUUnit/fpu/dfma/fma/_29513_/Y (sky130_fd_sc_hd__a22oi_1)
   0.4165   18.5309 v core/FpPipeline/fpu_exe_unit/FPUUnit/fpu/dfma/fma/_29739_/X (sky130_fd_sc_hd__o311a_1)
   0.1708   18.7017 ^ core/FpPipeline/fpu_exe_unit/FPUUnit/fpu/dfma/fma/_29945_/Y (sky130_fd_sc_hd__nor2_1)
   0.1994   18.9010 ^ core/FpPipeline/fpu_exe_unit/FPUUnit/fpu/dfma/fma/_30126_/X (sky130_fd_sc_hd__a31o_2)
   0.0688   18.9698 v core/FpPipeline/fpu_exe_unit/FPUUnit/fpu/dfma/fma/_30291_/Y (sky130_fd_sc_hd__nand3_1)
   0.1040   19.0738 ^ core/FpPipeline/fpu_exe_unit/FPUUnit/fpu/dfma/fma/_30292_/Y (sky130_fd_sc_hd__nand2_1)
   0.1211   19.1949 ^ core/FpPipeline/fpu_exe_unit/FPUUnit/fpu/dfma/fma/_30355_/Y (sky130_fd_sc_hd__xnor2_1)
   0.0787   19.2736 v core/FpPipeline/fpu_exe_unit/FPUUnit/fpu/dfma/fma/_30357_/Y (sky130_fd_sc_hd__a21oi_1)
   0.0035   19.2771 v core/FpPipeline/fpu_exe_unit/FPUUnit/fpu/dfma/fma/_31068_/D (sky130_fd_sc_hd__dfxtp_1)
            19.2771   data arrival time

  20.0000   20.0000   clock clock (rise edge)
   0.0000   20.0000   clock network delay (ideal)
   0.0000   20.0000   clock reconvergence pessimism
            20.0000 ^ core/FpPipeline/fpu_exe_unit/FPUUnit/fpu/dfma/fma/_31068_/CLK (sky130_fd_sc_hd__dfxtp_1)
  -0.1344   19.8656   library setup time
            19.8656   data required time
-------------------------------------------------------------
            19.8656   data required time
           -19.2771   data arrival time
-------------------------------------------------------------
             0.5885   slack (MET)


Startpoint: core/FpPipeline/fpu_exe_unit/FPUUnit/fpu/dfma/_1310_
            (rising edge-triggered flip-flop clocked by clock)
Endpoint: core/FpPipeline/fpu_exe_unit/FPUUnit/fpu/dfma/fma/_31067_
          (rising edge-triggered flip-flop clocked by clock)
Path Group: clock
Path Type: max

    Delay      Time   Description
-------------------------------------------------------------
   0.0000    0.0000   clock clock (rise edge)
   0.0000    0.0000   clock network delay (ideal)
   0.0000    0.0000 ^ core/FpPipeline/fpu_exe_unit/FPUUnit/fpu/dfma/_1310_/CLK (sky130_fd_sc_hd__dfxtp_1)
   0.2995    0.2995 v core/FpPipeline/fpu_exe_unit/FPUUnit/fpu/dfma/_1310_/Q (sky130_fd_sc_hd__dfxtp_1)
   0.1614    0.4609 v core/FpPipeline/fpu_exe_unit/FPUUnit/fpu/dfma/fma/mulAddRecFNToRaw_preMul/_1092_/Y (sky130_fd_sc_hd__xnor2_1)
   0.3226    0.7835 ^ core/FpPipeline/fpu_exe_unit/FPUUnit/fpu/dfma/fma/mulAddRecFNToRaw_preMul/_1094_/Y (sky130_fd_sc_hd__o21ai_0)
   0.1761    0.9596 v core/FpPipeline/fpu_exe_unit/FPUUnit/fpu/dfma/fma/mulAddRecFNToRaw_preMul/_1097_/Y (sky130_fd_sc_hd__a31oi_1)
   0.4045    1.3640 v core/FpPipeline/fpu_exe_unit/FPUUnit/fpu/dfma/fma/mulAddRecFNToRaw_preMul/_1098_/X (sky130_fd_sc_hd__maj3_1)
   0.3959    1.7600 v core/FpPipeline/fpu_exe_unit/FPUUnit/fpu/dfma/fma/mulAddRecFNToRaw_preMul/_1099_/X (sky130_fd_sc_hd__maj3_1)
   0.3973    2.1573 v core/FpPipeline/fpu_exe_unit/FPUUnit/fpu/dfma/fma/mulAddRecFNToRaw_preMul/_1100_/X (sky130_fd_sc_hd__maj3_1)
   0.4055    2.5628 v core/FpPipeline/fpu_exe_unit/FPUUnit/fpu/dfma/fma/mulAddRecFNToRaw_preMul/_1101_/X (sky130_fd_sc_hd__maj3_1)
   0.3551    2.9179 v core/FpPipeline/fpu_exe_unit/FPUUnit/fpu/dfma/fma/mulAddRecFNToRaw_preMul/_1121_/X (sky130_fd_sc_hd__maj3_1)
   0.2007    3.1186 v core/FpPipeline/fpu_exe_unit/FPUUnit/fpu/dfma/fma/mulAddRecFNToRaw_preMul/_1122_/X (sky130_fd_sc_hd__xor2_1)
   0.1942    3.3128 ^ core/FpPipeline/fpu_exe_unit/FPUUnit/fpu/dfma/fma/mulAddRecFNToRaw_preMul/_1152_/Y (sky130_fd_sc_hd__o221ai_1)
   0.1518    3.4647 v core/FpPipeline/fpu_exe_unit/FPUUnit/fpu/dfma/fma/mulAddRecFNToRaw_preMul/_1158_/Y (sky130_fd_sc_hd__a32oi_1)
   0.4189    3.8835 v core/FpPipeline/fpu_exe_unit/FPUUnit/fpu/dfma/fma/mulAddRecFNToRaw_preMul/_1159_/X (sky130_fd_sc_hd__maj3_1)
   0.2588    4.1424 v core/FpPipeline/fpu_exe_unit/FPUUnit/fpu/dfma/fma/mulAddRecFNToRaw_preMul/_1177_/X (sky130_fd_sc_hd__o2111a_1)
   0.1835    4.3259 v core/FpPipeline/fpu_exe_unit/FPUUnit/fpu/dfma/fma/mulAddRecFNToRaw_preMul/_1178_/X (sky130_fd_sc_hd__clkbuf_1)
   0.1411    4.4670 ^ core/FpPipeline/fpu_exe_unit/FPUUnit/fpu/dfma/fma/mulAddRecFNToRaw_preMul/_1203_/Y (sky130_fd_sc_hd__nand4_1)
   0.3339    4.8008 ^ core/FpPipeline/fpu_exe_unit/FPUUnit/fpu/dfma/fma/mulAddRecFNToRaw_preMul/_1204_/X (sky130_fd_sc_hd__lpflow_clkbufkapwr_1)
   0.3198    5.1206 ^ core/FpPipeline/fpu_exe_unit/FPUUnit/fpu/dfma/fma/mulAddRecFNToRaw_preMul/_1307_/X (sky130_fd_sc_hd__buf_2)
   0.4406    5.5612 ^ core/FpPipeline/fpu_exe_unit/FPUUnit/fpu/dfma/fma/mulAddRecFNToRaw_preMul/_1308_/X (sky130_fd_sc_hd__lpflow_clkbufkapwr_1)
   0.4049    5.9661 v core/FpPipeline/fpu_exe_unit/FPUUnit/fpu/dfma/fma/mulAddRecFNToRaw_preMul/_1618_/X (sky130_fd_sc_hd__mux2_2)
   0.1693    6.1354 ^ core/FpPipeline/fpu_exe_unit/FPUUnit/fpu/dfma/fma/mulAddRecFNToRaw_preMul/_1760_/Y (sky130_fd_sc_hd__mux2i_1)
   0.0586    6.1940 v core/FpPipeline/fpu_exe_unit/FPUUnit/fpu/dfma/fma/mulAddRecFNToRaw_preMul/_1761_/Y (sky130_fd_sc_hd__nor2_1)
   0.1499    6.3440 ^ core/FpPipeline/fpu_exe_unit/FPUUnit/fpu/dfma/fma/mulAddRecFNToRaw_preMul/_1762_/Y (sky130_fd_sc_hd__a21oi_1)
   0.1072    6.4511 v core/FpPipeline/fpu_exe_unit/FPUUnit/fpu/dfma/fma/mulAddRecFNToRaw_preMul/_1763_/Y (sky130_fd_sc_hd__mux2i_1)
   0.2246    6.6758 ^ core/FpPipeline/fpu_exe_unit/FPUUnit/fpu/dfma/fma/mulAddRecFNToRaw_preMul/_1764_/Y (sky130_fd_sc_hd__a21oi_1)
   0.0630    6.7388 v core/FpPipeline/fpu_exe_unit/FPUUnit/fpu/dfma/fma/mulAddRecFNToRaw_preMul/_1765_/Y (sky130_fd_sc_hd__nor2_1)
   0.1979    6.9367 v core/FpPipeline/fpu_exe_unit/FPUUnit/fpu/dfma/fma/mulAddRecFNToRaw_preMul/_1766_/X (sky130_fd_sc_hd__o22a_1)
   0.3822    7.3188 v core/FpPipeline/fpu_exe_unit/FPUUnit/fpu/dfma/fma/_15620_/X (sky130_fd_sc_hd__xnor3_1)
   0.3965    7.7153 v core/FpPipeline/fpu_exe_unit/FPUUnit/fpu/dfma/fma/_15633_/X (sky130_fd_sc_hd__maj3_1)
   0.3777    8.0930 v core/FpPipeline/fpu_exe_unit/FPUUnit/fpu/dfma/fma/_15654_/X (sky130_fd_sc_hd__maj3_1)
   0.3929    8.4859 v core/FpPipeline/fpu_exe_unit/FPUUnit/fpu/dfma/fma/_15683_/X (sky130_fd_sc_hd__maj3_1)
   0.3979    8.8837 v core/FpPipeline/fpu_exe_unit/FPUUnit/fpu/dfma/fma/_15706_/X (sky130_fd_sc_hd__xor3_1)
   0.1695    9.0532 ^ core/FpPipeline/fpu_exe_unit/FPUUnit/fpu/dfma/fma/_15717_/Y (sky130_fd_sc_hd__nor2_1)
   0.2705    9.3237 ^ core/FpPipeline/fpu_exe_unit/FPUUnit/fpu/dfma/fma/_15755_/X (sky130_fd_sc_hd__xor3_1)
   0.1383    9.4620 v core/FpPipeline/fpu_exe_unit/FPUUnit/fpu/dfma/fma/_15756_/Y (sky130_fd_sc_hd__nand4bb_1)
   0.3515    9.8135 v core/FpPipeline/fpu_exe_unit/FPUUnit/fpu/dfma/fma/_15806_/X (sky130_fd_sc_hd__or2_2)
   0.3724   10.1859 v core/FpPipeline/fpu_exe_unit/FPUUnit/fpu/dfma/fma/_15860_/X (sky130_fd_sc_hd__maj3_1)
   0.3772   10.5631 v core/FpPipeline/fpu_exe_unit/FPUUnit/fpu/dfma/fma/_15917_/X (sky130_fd_sc_hd__maj3_1)
   0.3659   10.9290 v core/FpPipeline/fpu_exe_unit/FPUUnit/fpu/dfma/fma/_15983_/X (sky130_fd_sc_hd__maj3_1)
   0.3689   11.2979 v core/FpPipeline/fpu_exe_unit/FPUUnit/fpu/dfma/fma/_16051_/X (sky130_fd_sc_hd__maj3_1)
   0.3764   11.6743 v core/FpPipeline/fpu_exe_unit/FPUUnit/fpu/dfma/fma/_16118_/X (sky130_fd_sc_hd__maj3_1)
   0.3716   12.0459 v core/FpPipeline/fpu_exe_unit/FPUUnit/fpu/dfma/fma/_16205_/X (sky130_fd_sc_hd__maj3_1)
   0.3696   12.4155 v core/FpPipeline/fpu_exe_unit/FPUUnit/fpu/dfma/fma/_16303_/X (sky130_fd_sc_hd__maj3_1)
   0.2276   12.6431 ^ core/FpPipeline/fpu_exe_unit/FPUUnit/fpu/dfma/fma/_16397_/Y (sky130_fd_sc_hd__o22ai_1)
   0.1101   12.7532 v core/FpPipeline/fpu_exe_unit/FPUUnit/fpu/dfma/fma/_16924_/Y (sky130_fd_sc_hd__a211oi_1)
   0.3411   13.0942 ^ core/FpPipeline/fpu_exe_unit/FPUUnit/fpu/dfma/fma/_16925_/Y (sky130_fd_sc_hd__o311ai_0)
   0.1916   13.2859 v core/FpPipeline/fpu_exe_unit/FPUUnit/fpu/dfma/fma/_17063_/Y (sky130_fd_sc_hd__nand4_1)
   0.2608   13.5467 ^ core/FpPipeline/fpu_exe_unit/FPUUnit/fpu/dfma/fma/_17356_/Y (sky130_fd_sc_hd__a211oi_1)
   0.2232   13.7699 v core/FpPipeline/fpu_exe_unit/FPUUnit/fpu/dfma/fma/_17676_/Y (sky130_fd_sc_hd__o311ai_0)
   0.3464   14.1163 ^ core/FpPipeline/fpu_exe_unit/FPUUnit/fpu/dfma/fma/_17985_/Y (sky130_fd_sc_hd__a211oi_1)
   0.1544   14.2707 v core/FpPipeline/fpu_exe_unit/FPUUnit/fpu/dfma/fma/_18286_/Y (sky130_fd_sc_hd__o211ai_1)
   0.4838   14.7545 ^ core/FpPipeline/fpu_exe_unit/FPUUnit/fpu/dfma/fma/_19008_/Y (sky130_fd_sc_hd__a2111oi_0)
   0.2138   14.9683 v core/FpPipeline/fpu_exe_unit/FPUUnit/fpu/dfma/fma/_19804_/Y (sky130_fd_sc_hd__a21oi_1)
   0.3577   15.3260 v core/FpPipeline/fpu_exe_unit/FPUUnit/fpu/dfma/fma/_21792_/X (sky130_fd_sc_hd__o31a_1)
   0.3666   15.6926 ^ core/FpPipeline/fpu_exe_unit/FPUUnit/fpu/dfma/fma/_22055_/Y (sky130_fd_sc_hd__o31ai_1)
   0.2541   15.9466 ^ core/FpPipeline/fpu_exe_unit/FPUUnit/fpu/dfma/fma/_22585_/X (sky130_fd_sc_hd__a221o_1)
   0.1319   16.0785 v core/FpPipeline/fpu_exe_unit/FPUUnit/fpu/dfma/fma/_23138_/Y (sky130_fd_sc_hd__a31oi_1)
   0.3718   16.4503 ^ core/FpPipeline/fpu_exe_unit/FPUUnit/fpu/dfma/fma/_23671_/Y (sky130_fd_sc_hd__o21ai_0)
   0.2962   16.7465 ^ core/FpPipeline/fpu_exe_unit/FPUUnit/fpu/dfma/fma/_25679_/X (sky130_fd_sc_hd__and4b_1)
   0.2439   16.9904 ^ core/FpPipeline/fpu_exe_unit/FPUUnit/fpu/dfma/fma/_26580_/X (sky130_fd_sc_hd__o2111a_1)
   0.1495   17.1399 v core/FpPipeline/fpu_exe_unit/FPUUnit/fpu/dfma/fma/_28099_/Y (sky130_fd_sc_hd__o2111ai_1)
   0.3197   17.4597 ^ core/FpPipeline/fpu_exe_unit/FPUUnit/fpu/dfma/fma/_28721_/Y (sky130_fd_sc_hd__o2111ai_1)
   0.1877   17.6474 v core/FpPipeline/fpu_exe_unit/FPUUnit/fpu/dfma/fma/_29003_/Y (sky130_fd_sc_hd__a31oi_1)
   0.2882   17.9355 ^ core/FpPipeline/fpu_exe_unit/FPUUnit/fpu/dfma/fma/_29260_/Y (sky130_fd_sc_hd__o221ai_1)
   0.1789   18.1144 v core/FpPipeline/fpu_exe_unit/FPUUnit/fpu/dfma/fma/_29513_/Y (sky130_fd_sc_hd__a22oi_1)
   0.4165   18.5309 v core/FpPipeline/fpu_exe_unit/FPUUnit/fpu/dfma/fma/_29739_/X (sky130_fd_sc_hd__o311a_1)
   0.1708   18.7017 ^ core/FpPipeline/fpu_exe_unit/FPUUnit/fpu/dfma/fma/_29945_/Y (sky130_fd_sc_hd__nor2_1)
   0.1994   18.9010 ^ core/FpPipeline/fpu_exe_unit/FPUUnit/fpu/dfma/fma/_30126_/X (sky130_fd_sc_hd__a31o_2)
   0.0757   18.9767 v core/FpPipeline/fpu_exe_unit/FPUUnit/fpu/dfma/fma/_30211_/Y (sky130_fd_sc_hd__a21oi_1)
   0.1708   19.1475 v core/FpPipeline/fpu_exe_unit/FPUUnit/fpu/dfma/fma/_30287_/X (sky130_fd_sc_hd__xor2_1)
   0.1359   19.2834 ^ core/FpPipeline/fpu_exe_unit/FPUUnit/fpu/dfma/fma/_30289_/Y (sky130_fd_sc_hd__a21oi_1)
   0.0035   19.2869 ^ core/FpPipeline/fpu_exe_unit/FPUUnit/fpu/dfma/fma/_31067_/D (sky130_fd_sc_hd__dfxtp_1)
            19.2869   data arrival time

  20.0000   20.0000   clock clock (rise edge)
   0.0000   20.0000   clock network delay (ideal)
   0.0000   20.0000   clock reconvergence pessimism
            20.0000 ^ core/FpPipeline/fpu_exe_unit/FPUUnit/fpu/dfma/fma/_31067_/CLK (sky130_fd_sc_hd__dfxtp_1)
  -0.0711   19.9289   library setup time
            19.9289   data required time
-------------------------------------------------------------
            19.9289   data required time
           -19.2869   data arrival time
-------------------------------------------------------------
             0.6420   slack (MET)


Startpoint: core/FpPipeline/fpu_exe_unit/FPUUnit/fpu/dfma/_1310_
            (rising edge-triggered flip-flop clocked by clock)
Endpoint: core/FpPipeline/fpu_exe_unit/FPUUnit/fpu/dfma/fma/_31065_
          (rising edge-triggered flip-flop clocked by clock)
Path Group: clock
Path Type: max

    Delay      Time   Description
-------------------------------------------------------------
   0.0000    0.0000   clock clock (rise edge)
   0.0000    0.0000   clock network delay (ideal)
   0.0000    0.0000 ^ core/FpPipeline/fpu_exe_unit/FPUUnit/fpu/dfma/_1310_/CLK (sky130_fd_sc_hd__dfxtp_1)
   0.2995    0.2995 v core/FpPipeline/fpu_exe_unit/FPUUnit/fpu/dfma/_1310_/Q (sky130_fd_sc_hd__dfxtp_1)
   0.1614    0.4609 v core/FpPipeline/fpu_exe_unit/FPUUnit/fpu/dfma/fma/mulAddRecFNToRaw_preMul/_1092_/Y (sky130_fd_sc_hd__xnor2_1)
   0.3226    0.7835 ^ core/FpPipeline/fpu_exe_unit/FPUUnit/fpu/dfma/fma/mulAddRecFNToRaw_preMul/_1094_/Y (sky130_fd_sc_hd__o21ai_0)
   0.1761    0.9596 v core/FpPipeline/fpu_exe_unit/FPUUnit/fpu/dfma/fma/mulAddRecFNToRaw_preMul/_1097_/Y (sky130_fd_sc_hd__a31oi_1)
   0.4045    1.3640 v core/FpPipeline/fpu_exe_unit/FPUUnit/fpu/dfma/fma/mulAddRecFNToRaw_preMul/_1098_/X (sky130_fd_sc_hd__maj3_1)
   0.3959    1.7600 v core/FpPipeline/fpu_exe_unit/FPUUnit/fpu/dfma/fma/mulAddRecFNToRaw_preMul/_1099_/X (sky130_fd_sc_hd__maj3_1)
   0.3973    2.1573 v core/FpPipeline/fpu_exe_unit/FPUUnit/fpu/dfma/fma/mulAddRecFNToRaw_preMul/_1100_/X (sky130_fd_sc_hd__maj3_1)
   0.4055    2.5628 v core/FpPipeline/fpu_exe_unit/FPUUnit/fpu/dfma/fma/mulAddRecFNToRaw_preMul/_1101_/X (sky130_fd_sc_hd__maj3_1)
   0.3551    2.9179 v core/FpPipeline/fpu_exe_unit/FPUUnit/fpu/dfma/fma/mulAddRecFNToRaw_preMul/_1121_/X (sky130_fd_sc_hd__maj3_1)
   0.2007    3.1186 v core/FpPipeline/fpu_exe_unit/FPUUnit/fpu/dfma/fma/mulAddRecFNToRaw_preMul/_1122_/X (sky130_fd_sc_hd__xor2_1)
   0.1942    3.3128 ^ core/FpPipeline/fpu_exe_unit/FPUUnit/fpu/dfma/fma/mulAddRecFNToRaw_preMul/_1152_/Y (sky130_fd_sc_hd__o221ai_1)
   0.1518    3.4647 v core/FpPipeline/fpu_exe_unit/FPUUnit/fpu/dfma/fma/mulAddRecFNToRaw_preMul/_1158_/Y (sky130_fd_sc_hd__a32oi_1)
   0.4189    3.8835 v core/FpPipeline/fpu_exe_unit/FPUUnit/fpu/dfma/fma/mulAddRecFNToRaw_preMul/_1159_/X (sky130_fd_sc_hd__maj3_1)
   0.2588    4.1424 v core/FpPipeline/fpu_exe_unit/FPUUnit/fpu/dfma/fma/mulAddRecFNToRaw_preMul/_1177_/X (sky130_fd_sc_hd__o2111a_1)
   0.1835    4.3259 v core/FpPipeline/fpu_exe_unit/FPUUnit/fpu/dfma/fma/mulAddRecFNToRaw_preMul/_1178_/X (sky130_fd_sc_hd__clkbuf_1)
   0.1411    4.4670 ^ core/FpPipeline/fpu_exe_unit/FPUUnit/fpu/dfma/fma/mulAddRecFNToRaw_preMul/_1203_/Y (sky130_fd_sc_hd__nand4_1)
   0.3339    4.8008 ^ core/FpPipeline/fpu_exe_unit/FPUUnit/fpu/dfma/fma/mulAddRecFNToRaw_preMul/_1204_/X (sky130_fd_sc_hd__lpflow_clkbufkapwr_1)
   0.3198    5.1206 ^ core/FpPipeline/fpu_exe_unit/FPUUnit/fpu/dfma/fma/mulAddRecFNToRaw_preMul/_1307_/X (sky130_fd_sc_hd__buf_2)
   0.4406    5.5612 ^ core/FpPipeline/fpu_exe_unit/FPUUnit/fpu/dfma/fma/mulAddRecFNToRaw_preMul/_1308_/X (sky130_fd_sc_hd__lpflow_clkbufkapwr_1)
   0.4049    5.9661 v core/FpPipeline/fpu_exe_unit/FPUUnit/fpu/dfma/fma/mulAddRecFNToRaw_preMul/_1618_/X (sky130_fd_sc_hd__mux2_2)
   0.1693    6.1354 ^ core/FpPipeline/fpu_exe_unit/FPUUnit/fpu/dfma/fma/mulAddRecFNToRaw_preMul/_1760_/Y (sky130_fd_sc_hd__mux2i_1)
   0.0586    6.1940 v core/FpPipeline/fpu_exe_unit/FPUUnit/fpu/dfma/fma/mulAddRecFNToRaw_preMul/_1761_/Y (sky130_fd_sc_hd__nor2_1)
   0.1499    6.3440 ^ core/FpPipeline/fpu_exe_unit/FPUUnit/fpu/dfma/fma/mulAddRecFNToRaw_preMul/_1762_/Y (sky130_fd_sc_hd__a21oi_1)
   0.1072    6.4511 v core/FpPipeline/fpu_exe_unit/FPUUnit/fpu/dfma/fma/mulAddRecFNToRaw_preMul/_1763_/Y (sky130_fd_sc_hd__mux2i_1)
   0.2246    6.6758 ^ core/FpPipeline/fpu_exe_unit/FPUUnit/fpu/dfma/fma/mulAddRecFNToRaw_preMul/_1764_/Y (sky130_fd_sc_hd__a21oi_1)
   0.0630    6.7388 v core/FpPipeline/fpu_exe_unit/FPUUnit/fpu/dfma/fma/mulAddRecFNToRaw_preMul/_1765_/Y (sky130_fd_sc_hd__nor2_1)
   0.1979    6.9367 v core/FpPipeline/fpu_exe_unit/FPUUnit/fpu/dfma/fma/mulAddRecFNToRaw_preMul/_1766_/X (sky130_fd_sc_hd__o22a_1)
   0.3822    7.3188 v core/FpPipeline/fpu_exe_unit/FPUUnit/fpu/dfma/fma/_15620_/X (sky130_fd_sc_hd__xnor3_1)
   0.3965    7.7153 v core/FpPipeline/fpu_exe_unit/FPUUnit/fpu/dfma/fma/_15633_/X (sky130_fd_sc_hd__maj3_1)
   0.3777    8.0930 v core/FpPipeline/fpu_exe_unit/FPUUnit/fpu/dfma/fma/_15654_/X (sky130_fd_sc_hd__maj3_1)
   0.3929    8.4859 v core/FpPipeline/fpu_exe_unit/FPUUnit/fpu/dfma/fma/_15683_/X (sky130_fd_sc_hd__maj3_1)
   0.3979    8.8837 v core/FpPipeline/fpu_exe_unit/FPUUnit/fpu/dfma/fma/_15706_/X (sky130_fd_sc_hd__xor3_1)
   0.1695    9.0532 ^ core/FpPipeline/fpu_exe_unit/FPUUnit/fpu/dfma/fma/_15717_/Y (sky130_fd_sc_hd__nor2_1)
   0.2705    9.3237 ^ core/FpPipeline/fpu_exe_unit/FPUUnit/fpu/dfma/fma/_15755_/X (sky130_fd_sc_hd__xor3_1)
   0.1383    9.4620 v core/FpPipeline/fpu_exe_unit/FPUUnit/fpu/dfma/fma/_15756_/Y (sky130_fd_sc_hd__nand4bb_1)
   0.3515    9.8135 v core/FpPipeline/fpu_exe_unit/FPUUnit/fpu/dfma/fma/_15806_/X (sky130_fd_sc_hd__or2_2)
   0.3724   10.1859 v core/FpPipeline/fpu_exe_unit/FPUUnit/fpu/dfma/fma/_15860_/X (sky130_fd_sc_hd__maj3_1)
   0.3772   10.5631 v core/FpPipeline/fpu_exe_unit/FPUUnit/fpu/dfma/fma/_15917_/X (sky130_fd_sc_hd__maj3_1)
   0.3659   10.9290 v core/FpPipeline/fpu_exe_unit/FPUUnit/fpu/dfma/fma/_15983_/X (sky130_fd_sc_hd__maj3_1)
   0.3689   11.2979 v core/FpPipeline/fpu_exe_unit/FPUUnit/fpu/dfma/fma/_16051_/X (sky130_fd_sc_hd__maj3_1)
   0.3764   11.6743 v core/FpPipeline/fpu_exe_unit/FPUUnit/fpu/dfma/fma/_16118_/X (sky130_fd_sc_hd__maj3_1)
   0.3716   12.0459 v core/FpPipeline/fpu_exe_unit/FPUUnit/fpu/dfma/fma/_16205_/X (sky130_fd_sc_hd__maj3_1)
   0.3696   12.4155 v core/FpPipeline/fpu_exe_unit/FPUUnit/fpu/dfma/fma/_16303_/X (sky130_fd_sc_hd__maj3_1)
   0.2276   12.6431 ^ core/FpPipeline/fpu_exe_unit/FPUUnit/fpu/dfma/fma/_16397_/Y (sky130_fd_sc_hd__o22ai_1)
   0.1101   12.7532 v core/FpPipeline/fpu_exe_unit/FPUUnit/fpu/dfma/fma/_16924_/Y (sky130_fd_sc_hd__a211oi_1)
   0.3411   13.0942 ^ core/FpPipeline/fpu_exe_unit/FPUUnit/fpu/dfma/fma/_16925_/Y (sky130_fd_sc_hd__o311ai_0)
   0.1916   13.2859 v core/FpPipeline/fpu_exe_unit/FPUUnit/fpu/dfma/fma/_17063_/Y (sky130_fd_sc_hd__nand4_1)
   0.2608   13.5467 ^ core/FpPipeline/fpu_exe_unit/FPUUnit/fpu/dfma/fma/_17356_/Y (sky130_fd_sc_hd__a211oi_1)
   0.2232   13.7699 v core/FpPipeline/fpu_exe_unit/FPUUnit/fpu/dfma/fma/_17676_/Y (sky130_fd_sc_hd__o311ai_0)
   0.3464   14.1163 ^ core/FpPipeline/fpu_exe_unit/FPUUnit/fpu/dfma/fma/_17985_/Y (sky130_fd_sc_hd__a211oi_1)
   0.1544   14.2707 v core/FpPipeline/fpu_exe_unit/FPUUnit/fpu/dfma/fma/_18286_/Y (sky130_fd_sc_hd__o211ai_1)
   0.4838   14.7545 ^ core/FpPipeline/fpu_exe_unit/FPUUnit/fpu/dfma/fma/_19008_/Y (sky130_fd_sc_hd__a2111oi_0)
   0.2138   14.9683 v core/FpPipeline/fpu_exe_unit/FPUUnit/fpu/dfma/fma/_19804_/Y (sky130_fd_sc_hd__a21oi_1)
   0.3577   15.3260 v core/FpPipeline/fpu_exe_unit/FPUUnit/fpu/dfma/fma/_21792_/X (sky130_fd_sc_hd__o31a_1)
   0.3666   15.6926 ^ core/FpPipeline/fpu_exe_unit/FPUUnit/fpu/dfma/fma/_22055_/Y (sky130_fd_sc_hd__o31ai_1)
   0.2541   15.9466 ^ core/FpPipeline/fpu_exe_unit/FPUUnit/fpu/dfma/fma/_22585_/X (sky130_fd_sc_hd__a221o_1)
   0.1319   16.0785 v core/FpPipeline/fpu_exe_unit/FPUUnit/fpu/dfma/fma/_23138_/Y (sky130_fd_sc_hd__a31oi_1)
   0.3718   16.4503 ^ core/FpPipeline/fpu_exe_unit/FPUUnit/fpu/dfma/fma/_23671_/Y (sky130_fd_sc_hd__o21ai_0)
   0.2962   16.7465 ^ core/FpPipeline/fpu_exe_unit/FPUUnit/fpu/dfma/fma/_25679_/X (sky130_fd_sc_hd__and4b_1)
   0.2439   16.9904 ^ core/FpPipeline/fpu_exe_unit/FPUUnit/fpu/dfma/fma/_26580_/X (sky130_fd_sc_hd__o2111a_1)
   0.1495   17.1399 v core/FpPipeline/fpu_exe_unit/FPUUnit/fpu/dfma/fma/_28099_/Y (sky130_fd_sc_hd__o2111ai_1)
   0.3197   17.4597 ^ core/FpPipeline/fpu_exe_unit/FPUUnit/fpu/dfma/fma/_28721_/Y (sky130_fd_sc_hd__o2111ai_1)
   0.1877   17.6474 v core/FpPipeline/fpu_exe_unit/FPUUnit/fpu/dfma/fma/_29003_/Y (sky130_fd_sc_hd__a31oi_1)
   0.2882   17.9355 ^ core/FpPipeline/fpu_exe_unit/FPUUnit/fpu/dfma/fma/_29260_/Y (sky130_fd_sc_hd__o221ai_1)
   0.1789   18.1144 v core/FpPipeline/fpu_exe_unit/FPUUnit/fpu/dfma/fma/_29513_/Y (sky130_fd_sc_hd__a22oi_1)
   0.4165   18.5309 v core/FpPipeline/fpu_exe_unit/FPUUnit/fpu/dfma/fma/_29739_/X (sky130_fd_sc_hd__o311a_1)
   0.1708   18.7017 ^ core/FpPipeline/fpu_exe_unit/FPUUnit/fpu/dfma/fma/_29945_/Y (sky130_fd_sc_hd__nor2_1)
   0.1327   18.8344 v core/FpPipeline/fpu_exe_unit/FPUUnit/fpu/dfma/fma/_30029_/Y (sky130_fd_sc_hd__o21ai_0)
   0.1108   18.9452 ^ core/FpPipeline/fpu_exe_unit/FPUUnit/fpu/dfma/fma/_30033_/Y (sky130_fd_sc_hd__nand2b_1)
   0.1219   19.0671 ^ core/FpPipeline/fpu_exe_unit/FPUUnit/fpu/dfma/fma/_30120_/Y (sky130_fd_sc_hd__xnor2_1)
   0.0787   19.1458 v core/FpPipeline/fpu_exe_unit/FPUUnit/fpu/dfma/fma/_30122_/Y (sky130_fd_sc_hd__a21oi_1)
   0.0035   19.1493 v core/FpPipeline/fpu_exe_unit/FPUUnit/fpu/dfma/fma/_31065_/D (sky130_fd_sc_hd__dfxtp_1)
            19.1493   data arrival time

  20.0000   20.0000   clock clock (rise edge)
   0.0000   20.0000   clock network delay (ideal)
   0.0000   20.0000   clock reconvergence pessimism
            20.0000 ^ core/FpPipeline/fpu_exe_unit/FPUUnit/fpu/dfma/fma/_31065_/CLK (sky130_fd_sc_hd__dfxtp_1)
  -0.1344   19.8656   library setup time
            19.8656   data required time
-------------------------------------------------------------
            19.8656   data required time
           -19.1493   data arrival time
-------------------------------------------------------------
             0.7164   slack (MET)


Startpoint: core/FpPipeline/fpu_exe_unit/FPUUnit/fpu/dfma/_1310_
            (rising edge-triggered flip-flop clocked by clock)
Endpoint: core/FpPipeline/fpu_exe_unit/FPUUnit/fpu/dfma/fma/_31066_
          (rising edge-triggered flip-flop clocked by clock)
Path Group: clock
Path Type: max

    Delay      Time   Description
-------------------------------------------------------------
   0.0000    0.0000   clock clock (rise edge)
   0.0000    0.0000   clock network delay (ideal)
   0.0000    0.0000 ^ core/FpPipeline/fpu_exe_unit/FPUUnit/fpu/dfma/_1310_/CLK (sky130_fd_sc_hd__dfxtp_1)
   0.2995    0.2995 v core/FpPipeline/fpu_exe_unit/FPUUnit/fpu/dfma/_1310_/Q (sky130_fd_sc_hd__dfxtp_1)
   0.1614    0.4609 v core/FpPipeline/fpu_exe_unit/FPUUnit/fpu/dfma/fma/mulAddRecFNToRaw_preMul/_1092_/Y (sky130_fd_sc_hd__xnor2_1)
   0.3226    0.7835 ^ core/FpPipeline/fpu_exe_unit/FPUUnit/fpu/dfma/fma/mulAddRecFNToRaw_preMul/_1094_/Y (sky130_fd_sc_hd__o21ai_0)
   0.1761    0.9596 v core/FpPipeline/fpu_exe_unit/FPUUnit/fpu/dfma/fma/mulAddRecFNToRaw_preMul/_1097_/Y (sky130_fd_sc_hd__a31oi_1)
   0.4045    1.3640 v core/FpPipeline/fpu_exe_unit/FPUUnit/fpu/dfma/fma/mulAddRecFNToRaw_preMul/_1098_/X (sky130_fd_sc_hd__maj3_1)
   0.3959    1.7600 v core/FpPipeline/fpu_exe_unit/FPUUnit/fpu/dfma/fma/mulAddRecFNToRaw_preMul/_1099_/X (sky130_fd_sc_hd__maj3_1)
   0.3973    2.1573 v core/FpPipeline/fpu_exe_unit/FPUUnit/fpu/dfma/fma/mulAddRecFNToRaw_preMul/_1100_/X (sky130_fd_sc_hd__maj3_1)
   0.4055    2.5628 v core/FpPipeline/fpu_exe_unit/FPUUnit/fpu/dfma/fma/mulAddRecFNToRaw_preMul/_1101_/X (sky130_fd_sc_hd__maj3_1)
   0.3551    2.9179 v core/FpPipeline/fpu_exe_unit/FPUUnit/fpu/dfma/fma/mulAddRecFNToRaw_preMul/_1121_/X (sky130_fd_sc_hd__maj3_1)
   0.2007    3.1186 v core/FpPipeline/fpu_exe_unit/FPUUnit/fpu/dfma/fma/mulAddRecFNToRaw_preMul/_1122_/X (sky130_fd_sc_hd__xor2_1)
   0.1942    3.3128 ^ core/FpPipeline/fpu_exe_unit/FPUUnit/fpu/dfma/fma/mulAddRecFNToRaw_preMul/_1152_/Y (sky130_fd_sc_hd__o221ai_1)
   0.1518    3.4647 v core/FpPipeline/fpu_exe_unit/FPUUnit/fpu/dfma/fma/mulAddRecFNToRaw_preMul/_1158_/Y (sky130_fd_sc_hd__a32oi_1)
   0.4189    3.8835 v core/FpPipeline/fpu_exe_unit/FPUUnit/fpu/dfma/fma/mulAddRecFNToRaw_preMul/_1159_/X (sky130_fd_sc_hd__maj3_1)
   0.2588    4.1424 v core/FpPipeline/fpu_exe_unit/FPUUnit/fpu/dfma/fma/mulAddRecFNToRaw_preMul/_1177_/X (sky130_fd_sc_hd__o2111a_1)
   0.1835    4.3259 v core/FpPipeline/fpu_exe_unit/FPUUnit/fpu/dfma/fma/mulAddRecFNToRaw_preMul/_1178_/X (sky130_fd_sc_hd__clkbuf_1)
   0.1411    4.4670 ^ core/FpPipeline/fpu_exe_unit/FPUUnit/fpu/dfma/fma/mulAddRecFNToRaw_preMul/_1203_/Y (sky130_fd_sc_hd__nand4_1)
   0.3339    4.8008 ^ core/FpPipeline/fpu_exe_unit/FPUUnit/fpu/dfma/fma/mulAddRecFNToRaw_preMul/_1204_/X (sky130_fd_sc_hd__lpflow_clkbufkapwr_1)
   0.3198    5.1206 ^ core/FpPipeline/fpu_exe_unit/FPUUnit/fpu/dfma/fma/mulAddRecFNToRaw_preMul/_1307_/X (sky130_fd_sc_hd__buf_2)
   0.4406    5.5612 ^ core/FpPipeline/fpu_exe_unit/FPUUnit/fpu/dfma/fma/mulAddRecFNToRaw_preMul/_1308_/X (sky130_fd_sc_hd__lpflow_clkbufkapwr_1)
   0.4049    5.9661 v core/FpPipeline/fpu_exe_unit/FPUUnit/fpu/dfma/fma/mulAddRecFNToRaw_preMul/_1618_/X (sky130_fd_sc_hd__mux2_2)
   0.1693    6.1354 ^ core/FpPipeline/fpu_exe_unit/FPUUnit/fpu/dfma/fma/mulAddRecFNToRaw_preMul/_1760_/Y (sky130_fd_sc_hd__mux2i_1)
   0.0586    6.1940 v core/FpPipeline/fpu_exe_unit/FPUUnit/fpu/dfma/fma/mulAddRecFNToRaw_preMul/_1761_/Y (sky130_fd_sc_hd__nor2_1)
   0.1499    6.3440 ^ core/FpPipeline/fpu_exe_unit/FPUUnit/fpu/dfma/fma/mulAddRecFNToRaw_preMul/_1762_/Y (sky130_fd_sc_hd__a21oi_1)
   0.1072    6.4511 v core/FpPipeline/fpu_exe_unit/FPUUnit/fpu/dfma/fma/mulAddRecFNToRaw_preMul/_1763_/Y (sky130_fd_sc_hd__mux2i_1)
   0.2246    6.6758 ^ core/FpPipeline/fpu_exe_unit/FPUUnit/fpu/dfma/fma/mulAddRecFNToRaw_preMul/_1764_/Y (sky130_fd_sc_hd__a21oi_1)
   0.0630    6.7388 v core/FpPipeline/fpu_exe_unit/FPUUnit/fpu/dfma/fma/mulAddRecFNToRaw_preMul/_1765_/Y (sky130_fd_sc_hd__nor2_1)
   0.1979    6.9367 v core/FpPipeline/fpu_exe_unit/FPUUnit/fpu/dfma/fma/mulAddRecFNToRaw_preMul/_1766_/X (sky130_fd_sc_hd__o22a_1)
   0.3822    7.3188 v core/FpPipeline/fpu_exe_unit/FPUUnit/fpu/dfma/fma/_15620_/X (sky130_fd_sc_hd__xnor3_1)
   0.3965    7.7153 v core/FpPipeline/fpu_exe_unit/FPUUnit/fpu/dfma/fma/_15633_/X (sky130_fd_sc_hd__maj3_1)
   0.3777    8.0930 v core/FpPipeline/fpu_exe_unit/FPUUnit/fpu/dfma/fma/_15654_/X (sky130_fd_sc_hd__maj3_1)
   0.3929    8.4859 v core/FpPipeline/fpu_exe_unit/FPUUnit/fpu/dfma/fma/_15683_/X (sky130_fd_sc_hd__maj3_1)
   0.3979    8.8837 v core/FpPipeline/fpu_exe_unit/FPUUnit/fpu/dfma/fma/_15706_/X (sky130_fd_sc_hd__xor3_1)
   0.1695    9.0532 ^ core/FpPipeline/fpu_exe_unit/FPUUnit/fpu/dfma/fma/_15717_/Y (sky130_fd_sc_hd__nor2_1)
   0.2705    9.3237 ^ core/FpPipeline/fpu_exe_unit/FPUUnit/fpu/dfma/fma/_15755_/X (sky130_fd_sc_hd__xor3_1)
   0.1383    9.4620 v core/FpPipeline/fpu_exe_unit/FPUUnit/fpu/dfma/fma/_15756_/Y (sky130_fd_sc_hd__nand4bb_1)
   0.3515    9.8135 v core/FpPipeline/fpu_exe_unit/FPUUnit/fpu/dfma/fma/_15806_/X (sky130_fd_sc_hd__or2_2)
   0.3724   10.1859 v core/FpPipeline/fpu_exe_unit/FPUUnit/fpu/dfma/fma/_15860_/X (sky130_fd_sc_hd__maj3_1)
   0.3772   10.5631 v core/FpPipeline/fpu_exe_unit/FPUUnit/fpu/dfma/fma/_15917_/X (sky130_fd_sc_hd__maj3_1)
   0.3659   10.9290 v core/FpPipeline/fpu_exe_unit/FPUUnit/fpu/dfma/fma/_15983_/X (sky130_fd_sc_hd__maj3_1)
   0.3689   11.2979 v core/FpPipeline/fpu_exe_unit/FPUUnit/fpu/dfma/fma/_16051_/X (sky130_fd_sc_hd__maj3_1)
   0.3764   11.6743 v core/FpPipeline/fpu_exe_unit/FPUUnit/fpu/dfma/fma/_16118_/X (sky130_fd_sc_hd__maj3_1)
   0.3716   12.0459 v core/FpPipeline/fpu_exe_unit/FPUUnit/fpu/dfma/fma/_16205_/X (sky130_fd_sc_hd__maj3_1)
   0.3696   12.4155 v core/FpPipeline/fpu_exe_unit/FPUUnit/fpu/dfma/fma/_16303_/X (sky130_fd_sc_hd__maj3_1)
   0.2276   12.6431 ^ core/FpPipeline/fpu_exe_unit/FPUUnit/fpu/dfma/fma/_16397_/Y (sky130_fd_sc_hd__o22ai_1)
   0.1101   12.7532 v core/FpPipeline/fpu_exe_unit/FPUUnit/fpu/dfma/fma/_16924_/Y (sky130_fd_sc_hd__a211oi_1)
   0.3411   13.0942 ^ core/FpPipeline/fpu_exe_unit/FPUUnit/fpu/dfma/fma/_16925_/Y (sky130_fd_sc_hd__o311ai_0)
   0.1916   13.2859 v core/FpPipeline/fpu_exe_unit/FPUUnit/fpu/dfma/fma/_17063_/Y (sky130_fd_sc_hd__nand4_1)
   0.2608   13.5467 ^ core/FpPipeline/fpu_exe_unit/FPUUnit/fpu/dfma/fma/_17356_/Y (sky130_fd_sc_hd__a211oi_1)
   0.2232   13.7699 v core/FpPipeline/fpu_exe_unit/FPUUnit/fpu/dfma/fma/_17676_/Y (sky130_fd_sc_hd__o311ai_0)
   0.3464   14.1163 ^ core/FpPipeline/fpu_exe_unit/FPUUnit/fpu/dfma/fma/_17985_/Y (sky130_fd_sc_hd__a211oi_1)
   0.1544   14.2707 v core/FpPipeline/fpu_exe_unit/FPUUnit/fpu/dfma/fma/_18286_/Y (sky130_fd_sc_hd__o211ai_1)
   0.4838   14.7545 ^ core/FpPipeline/fpu_exe_unit/FPUUnit/fpu/dfma/fma/_19008_/Y (sky130_fd_sc_hd__a2111oi_0)
   0.2138   14.9683 v core/FpPipeline/fpu_exe_unit/FPUUnit/fpu/dfma/fma/_19804_/Y (sky130_fd_sc_hd__a21oi_1)
   0.3577   15.3260 v core/FpPipeline/fpu_exe_unit/FPUUnit/fpu/dfma/fma/_21792_/X (sky130_fd_sc_hd__o31a_1)
   0.3666   15.6926 ^ core/FpPipeline/fpu_exe_unit/FPUUnit/fpu/dfma/fma/_22055_/Y (sky130_fd_sc_hd__o31ai_1)
   0.2541   15.9466 ^ core/FpPipeline/fpu_exe_unit/FPUUnit/fpu/dfma/fma/_22585_/X (sky130_fd_sc_hd__a221o_1)
   0.1319   16.0785 v core/FpPipeline/fpu_exe_unit/FPUUnit/fpu/dfma/fma/_23138_/Y (sky130_fd_sc_hd__a31oi_1)
   0.3718   16.4503 ^ core/FpPipeline/fpu_exe_unit/FPUUnit/fpu/dfma/fma/_23671_/Y (sky130_fd_sc_hd__o21ai_0)
   0.2962   16.7465 ^ core/FpPipeline/fpu_exe_unit/FPUUnit/fpu/dfma/fma/_25679_/X (sky130_fd_sc_hd__and4b_1)
   0.2439   16.9904 ^ core/FpPipeline/fpu_exe_unit/FPUUnit/fpu/dfma/fma/_26580_/X (sky130_fd_sc_hd__o2111a_1)
   0.1495   17.1399 v core/FpPipeline/fpu_exe_unit/FPUUnit/fpu/dfma/fma/_28099_/Y (sky130_fd_sc_hd__o2111ai_1)
   0.3197   17.4597 ^ core/FpPipeline/fpu_exe_unit/FPUUnit/fpu/dfma/fma/_28721_/Y (sky130_fd_sc_hd__o2111ai_1)
   0.1877   17.6474 v core/FpPipeline/fpu_exe_unit/FPUUnit/fpu/dfma/fma/_29003_/Y (sky130_fd_sc_hd__a31oi_1)
   0.2882   17.9355 ^ core/FpPipeline/fpu_exe_unit/FPUUnit/fpu/dfma/fma/_29260_/Y (sky130_fd_sc_hd__o221ai_1)
   0.1789   18.1144 v core/FpPipeline/fpu_exe_unit/FPUUnit/fpu/dfma/fma/_29513_/Y (sky130_fd_sc_hd__a22oi_1)
   0.4165   18.5309 v core/FpPipeline/fpu_exe_unit/FPUUnit/fpu/dfma/fma/_29739_/X (sky130_fd_sc_hd__o311a_1)
   0.1708   18.7017 ^ core/FpPipeline/fpu_exe_unit/FPUUnit/fpu/dfma/fma/_29945_/Y (sky130_fd_sc_hd__nor2_1)
   0.1994   18.9010 ^ core/FpPipeline/fpu_exe_unit/FPUUnit/fpu/dfma/fma/_30126_/X (sky130_fd_sc_hd__a31o_2)
   0.1192   19.0202 ^ core/FpPipeline/fpu_exe_unit/FPUUnit/fpu/dfma/fma/_30208_/Y (sky130_fd_sc_hd__xnor2_1)
   0.0787   19.0989 v core/FpPipeline/fpu_exe_unit/FPUUnit/fpu/dfma/fma/_30210_/Y (sky130_fd_sc_hd__a21oi_1)
   0.0035   19.1024 v core/FpPipeline/fpu_exe_unit/FPUUnit/fpu/dfma/fma/_31066_/D (sky130_fd_sc_hd__dfxtp_1)
            19.1024   data arrival time

  20.0000   20.0000   clock clock (rise edge)
   0.0000   20.0000   clock network delay (ideal)
   0.0000   20.0000   clock reconvergence pessimism
            20.0000 ^ core/FpPipeline/fpu_exe_unit/FPUUnit/fpu/dfma/fma/_31066_/CLK (sky130_fd_sc_hd__dfxtp_1)
  -0.1344   19.8656   library setup time
            19.8656   data required time
-------------------------------------------------------------
            19.8656   data required time
           -19.1024   data arrival time
-------------------------------------------------------------
             0.7632   slack (MET)


Startpoint: core/_4046_ (rising edge-triggered flip-flop clocked by clock)
Endpoint: core/rename_stage/busytable/_2545_
          (rising edge-triggered flip-flop clocked by clock)
Path Group: clock
Path Type: max

    Delay      Time   Description
-------------------------------------------------------------
   0.0000    0.0000   clock clock (rise edge)
   0.0000    0.0000   clock network delay (ideal)
   0.0000    0.0000 ^ core/_4046_/CLK (sky130_fd_sc_hd__dfxtp_1)
   0.3440    0.3440 ^ core/_4046_/Q (sky130_fd_sc_hd__dfxtp_1)
   0.0813    0.4254 v core/_1916_/Y (sky130_fd_sc_hd__nand2_1)
   0.2362    0.6616 ^ core/_1917_/Y (sky130_fd_sc_hd__nor3_1)
   0.1018    0.7634 v core/_1918_/Y (sky130_fd_sc_hd__nand2_1)
   5.2893    6.0527 ^ core/_1923_/Y (sky130_fd_sc_hd__o21ai_0)
   0.8225    6.8752 ^ lsu/_66665_/X (sky130_fd_sc_hd__buf_4)
   0.1442    7.0193 v dcache/_3048_/Y (sky130_fd_sc_hd__a222oi_1)
   0.0861    7.1054 ^ dcache/_3049_/Y (sky130_fd_sc_hd__nand2_1)
   0.0450    7.1504 v dcache/_3050_/Y (sky130_fd_sc_hd__a221oi_1)
   0.2248    7.3753 v dcache/_3051_/X (sky130_fd_sc_hd__and4_1)
   0.0821    7.4574 ^ dcache/_3052_/Y (sky130_fd_sc_hd__nand2_1)
   0.0501    7.5075 v dcache/_3054_/Y (sky130_fd_sc_hd__nor4_1)
   0.2122    7.7196 v dcache/_3055_/X (sky130_fd_sc_hd__and3_1)
   0.0725    7.7922 ^ dcache/mshrs/_0615_/Y (sky130_fd_sc_hd__inv_1)
   0.0576    7.8498 v dcache/mshrs/_0616_/Y (sky130_fd_sc_hd__nor2_1)
   0.1500    7.9997 v dcache/mshrs/_0617_/Y (sky130_fd_sc_hd__a21boi_0)
   0.2412    8.2409 v dcache/mshrs/_0618_/X (sky130_fd_sc_hd__lpflow_inputiso0n_1)
   0.1858    8.4266 ^ dcache/mshrs/_0752_/Y (sky130_fd_sc_hd__a31oi_1)
   0.0689    8.4955 v dcache/mshrs/_0755_/Y (sky130_fd_sc_hd__nand2_1)
   0.2016    8.6972 v dcache/mshrs/_0756_/X (sky130_fd_sc_hd__a22o_1)
   0.1247    8.8219 v dcache/_3057_/X (sky130_fd_sc_hd__lpflow_isobufsrc_1)
   0.1863    9.0082 ^ dcache/_3059_/Y (sky130_fd_sc_hd__nor3b_1)
   0.2445    9.2527 ^ dcache/_3062_/X (sky130_fd_sc_hd__o31a_1)
   0.1380    9.3907 v dcache/_3065_/Y (sky130_fd_sc_hd__nor3_1)
   0.1212    9.5119 ^ dcache/_3066_/Y (sky130_fd_sc_hd__inv_1)
   0.3554    9.8673 ^ dcache/_3614_/X (sky130_fd_sc_hd__lpflow_clkbufkapwr_1)
   0.4437   10.3109 v dcache/_3618_/X (sky130_fd_sc_hd__mux2_2)
   0.1400   10.4509 ^ lsu/_33460_/Y (sky130_fd_sc_hd__nand2b_1)
   0.0821   10.5330 v lsu/_33469_/Y (sky130_fd_sc_hd__nor3_1)
   0.1833   10.7163 v lsu/_33470_/X (sky130_fd_sc_hd__clkbuf_1)
   0.3555   11.0718 ^ lsu/_33474_/Y (sky130_fd_sc_hd__a222oi_1)
   0.1643   11.2360 v lsu/_33475_/Y (sky130_fd_sc_hd__nand4_1)
   0.2337   11.4698 ^ lsu/_33490_/Y (sky130_fd_sc_hd__o21ai_0)
   0.0933   11.5631 v lsu/_33503_/Y (sky130_fd_sc_hd__nand3b_1)
   0.1307   11.6937 ^ lsu/_33504_/Y (sky130_fd_sc_hd__o21ai_0)
   0.1745   11.8682 ^ core/memExeUnit/_195_/X (sky130_fd_sc_hd__buf_4)
   0.2807   12.1488 ^ core/ll_wbarb/_009_/X (sky130_fd_sc_hd__clkbuf_1)
   0.3857   12.5345 ^ core/ll_wbarb/_018_/X (sky130_fd_sc_hd__lpflow_clkbufkapwr_1)
   0.3834   12.9179 v core/ll_wbarb/_028_/X (sky130_fd_sc_hd__mux2_2)
   4.4771   17.3951 ^ core/_3820_/Y (sky130_fd_sc_hd__nor3b_1)
   0.7389   18.1339 v core/rename_stage/busytable/_2117_/Y (sky130_fd_sc_hd__nand3b_1)
   0.3960   18.5300 v core/rename_stage/busytable/_2118_/X (sky130_fd_sc_hd__clkbuf_1)
   0.1568   18.6868 ^ core/rename_stage/busytable/_2162_/Y (sky130_fd_sc_hd__o22ai_1)
   0.0828   18.7695 v core/rename_stage/busytable/_2164_/Y (sky130_fd_sc_hd__nor3_1)
   0.2107   18.9802 ^ core/rename_stage/busytable/_2165_/Y (sky130_fd_sc_hd__a221oi_1)
   0.0620   19.0421 v core/rename_stage/busytable/_2166_/Y (sky130_fd_sc_hd__nor2_1)
   0.0035   19.0456 v core/rename_stage/busytable/_2545_/D (sky130_fd_sc_hd__dfxtp_1)
            19.0456   data arrival time

  20.0000   20.0000   clock clock (rise edge)
   0.0000   20.0000   clock network delay (ideal)
   0.0000   20.0000   clock reconvergence pessimism
            20.0000 ^ core/rename_stage/busytable/_2545_/CLK (sky130_fd_sc_hd__dfxtp_1)
  -0.1293   19.8707   library setup time
            19.8707   data required time
-------------------------------------------------------------
            19.8707   data required time
           -19.0456   data arrival time
-------------------------------------------------------------
             0.8251   slack (MET)


Startpoint: core/FpPipeline/fpu_exe_unit/FPUUnit/fpu/dfma/_1310_
            (rising edge-triggered flip-flop clocked by clock)
Endpoint: core/FpPipeline/fpu_exe_unit/FPUUnit/fpu/dfma/fma/_31064_
          (rising edge-triggered flip-flop clocked by clock)
Path Group: clock
Path Type: max

    Delay      Time   Description
-------------------------------------------------------------
   0.0000    0.0000   clock clock (rise edge)
   0.0000    0.0000   clock network delay (ideal)
   0.0000    0.0000 ^ core/FpPipeline/fpu_exe_unit/FPUUnit/fpu/dfma/_1310_/CLK (sky130_fd_sc_hd__dfxtp_1)
   0.2995    0.2995 v core/FpPipeline/fpu_exe_unit/FPUUnit/fpu/dfma/_1310_/Q (sky130_fd_sc_hd__dfxtp_1)
   0.1614    0.4609 v core/FpPipeline/fpu_exe_unit/FPUUnit/fpu/dfma/fma/mulAddRecFNToRaw_preMul/_1092_/Y (sky130_fd_sc_hd__xnor2_1)
   0.3226    0.7835 ^ core/FpPipeline/fpu_exe_unit/FPUUnit/fpu/dfma/fma/mulAddRecFNToRaw_preMul/_1094_/Y (sky130_fd_sc_hd__o21ai_0)
   0.1761    0.9596 v core/FpPipeline/fpu_exe_unit/FPUUnit/fpu/dfma/fma/mulAddRecFNToRaw_preMul/_1097_/Y (sky130_fd_sc_hd__a31oi_1)
   0.4045    1.3640 v core/FpPipeline/fpu_exe_unit/FPUUnit/fpu/dfma/fma/mulAddRecFNToRaw_preMul/_1098_/X (sky130_fd_sc_hd__maj3_1)
   0.3959    1.7600 v core/FpPipeline/fpu_exe_unit/FPUUnit/fpu/dfma/fma/mulAddRecFNToRaw_preMul/_1099_/X (sky130_fd_sc_hd__maj3_1)
   0.3973    2.1573 v core/FpPipeline/fpu_exe_unit/FPUUnit/fpu/dfma/fma/mulAddRecFNToRaw_preMul/_1100_/X (sky130_fd_sc_hd__maj3_1)
   0.4055    2.5628 v core/FpPipeline/fpu_exe_unit/FPUUnit/fpu/dfma/fma/mulAddRecFNToRaw_preMul/_1101_/X (sky130_fd_sc_hd__maj3_1)
   0.3551    2.9179 v core/FpPipeline/fpu_exe_unit/FPUUnit/fpu/dfma/fma/mulAddRecFNToRaw_preMul/_1121_/X (sky130_fd_sc_hd__maj3_1)
   0.2007    3.1186 v core/FpPipeline/fpu_exe_unit/FPUUnit/fpu/dfma/fma/mulAddRecFNToRaw_preMul/_1122_/X (sky130_fd_sc_hd__xor2_1)
   0.1942    3.3128 ^ core/FpPipeline/fpu_exe_unit/FPUUnit/fpu/dfma/fma/mulAddRecFNToRaw_preMul/_1152_/Y (sky130_fd_sc_hd__o221ai_1)
   0.1518    3.4647 v core/FpPipeline/fpu_exe_unit/FPUUnit/fpu/dfma/fma/mulAddRecFNToRaw_preMul/_1158_/Y (sky130_fd_sc_hd__a32oi_1)
   0.4189    3.8835 v core/FpPipeline/fpu_exe_unit/FPUUnit/fpu/dfma/fma/mulAddRecFNToRaw_preMul/_1159_/X (sky130_fd_sc_hd__maj3_1)
   0.2588    4.1424 v core/FpPipeline/fpu_exe_unit/FPUUnit/fpu/dfma/fma/mulAddRecFNToRaw_preMul/_1177_/X (sky130_fd_sc_hd__o2111a_1)
   0.1835    4.3259 v core/FpPipeline/fpu_exe_unit/FPUUnit/fpu/dfma/fma/mulAddRecFNToRaw_preMul/_1178_/X (sky130_fd_sc_hd__clkbuf_1)
   0.1411    4.4670 ^ core/FpPipeline/fpu_exe_unit/FPUUnit/fpu/dfma/fma/mulAddRecFNToRaw_preMul/_1203_/Y (sky130_fd_sc_hd__nand4_1)
   0.3339    4.8008 ^ core/FpPipeline/fpu_exe_unit/FPUUnit/fpu/dfma/fma/mulAddRecFNToRaw_preMul/_1204_/X (sky130_fd_sc_hd__lpflow_clkbufkapwr_1)
   0.3198    5.1206 ^ core/FpPipeline/fpu_exe_unit/FPUUnit/fpu/dfma/fma/mulAddRecFNToRaw_preMul/_1307_/X (sky130_fd_sc_hd__buf_2)
   0.4406    5.5612 ^ core/FpPipeline/fpu_exe_unit/FPUUnit/fpu/dfma/fma/mulAddRecFNToRaw_preMul/_1308_/X (sky130_fd_sc_hd__lpflow_clkbufkapwr_1)
   0.4049    5.9661 v core/FpPipeline/fpu_exe_unit/FPUUnit/fpu/dfma/fma/mulAddRecFNToRaw_preMul/_1618_/X (sky130_fd_sc_hd__mux2_2)
   0.1693    6.1354 ^ core/FpPipeline/fpu_exe_unit/FPUUnit/fpu/dfma/fma/mulAddRecFNToRaw_preMul/_1760_/Y (sky130_fd_sc_hd__mux2i_1)
   0.0586    6.1940 v core/FpPipeline/fpu_exe_unit/FPUUnit/fpu/dfma/fma/mulAddRecFNToRaw_preMul/_1761_/Y (sky130_fd_sc_hd__nor2_1)
   0.1499    6.3440 ^ core/FpPipeline/fpu_exe_unit/FPUUnit/fpu/dfma/fma/mulAddRecFNToRaw_preMul/_1762_/Y (sky130_fd_sc_hd__a21oi_1)
   0.1072    6.4511 v core/FpPipeline/fpu_exe_unit/FPUUnit/fpu/dfma/fma/mulAddRecFNToRaw_preMul/_1763_/Y (sky130_fd_sc_hd__mux2i_1)
   0.2246    6.6758 ^ core/FpPipeline/fpu_exe_unit/FPUUnit/fpu/dfma/fma/mulAddRecFNToRaw_preMul/_1764_/Y (sky130_fd_sc_hd__a21oi_1)
   0.0630    6.7388 v core/FpPipeline/fpu_exe_unit/FPUUnit/fpu/dfma/fma/mulAddRecFNToRaw_preMul/_1765_/Y (sky130_fd_sc_hd__nor2_1)
   0.1979    6.9367 v core/FpPipeline/fpu_exe_unit/FPUUnit/fpu/dfma/fma/mulAddRecFNToRaw_preMul/_1766_/X (sky130_fd_sc_hd__o22a_1)
   0.3822    7.3188 v core/FpPipeline/fpu_exe_unit/FPUUnit/fpu/dfma/fma/_15620_/X (sky130_fd_sc_hd__xnor3_1)
   0.3965    7.7153 v core/FpPipeline/fpu_exe_unit/FPUUnit/fpu/dfma/fma/_15633_/X (sky130_fd_sc_hd__maj3_1)
   0.3777    8.0930 v core/FpPipeline/fpu_exe_unit/FPUUnit/fpu/dfma/fma/_15654_/X (sky130_fd_sc_hd__maj3_1)
   0.3929    8.4859 v core/FpPipeline/fpu_exe_unit/FPUUnit/fpu/dfma/fma/_15683_/X (sky130_fd_sc_hd__maj3_1)
   0.3979    8.8837 v core/FpPipeline/fpu_exe_unit/FPUUnit/fpu/dfma/fma/_15706_/X (sky130_fd_sc_hd__xor3_1)
   0.1695    9.0532 ^ core/FpPipeline/fpu_exe_unit/FPUUnit/fpu/dfma/fma/_15717_/Y (sky130_fd_sc_hd__nor2_1)
   0.2705    9.3237 ^ core/FpPipeline/fpu_exe_unit/FPUUnit/fpu/dfma/fma/_15755_/X (sky130_fd_sc_hd__xor3_1)
   0.1383    9.4620 v core/FpPipeline/fpu_exe_unit/FPUUnit/fpu/dfma/fma/_15756_/Y (sky130_fd_sc_hd__nand4bb_1)
   0.3515    9.8135 v core/FpPipeline/fpu_exe_unit/FPUUnit/fpu/dfma/fma/_15806_/X (sky130_fd_sc_hd__or2_2)
   0.3724   10.1859 v core/FpPipeline/fpu_exe_unit/FPUUnit/fpu/dfma/fma/_15860_/X (sky130_fd_sc_hd__maj3_1)
   0.3772   10.5631 v core/FpPipeline/fpu_exe_unit/FPUUnit/fpu/dfma/fma/_15917_/X (sky130_fd_sc_hd__maj3_1)
   0.3659   10.9290 v core/FpPipeline/fpu_exe_unit/FPUUnit/fpu/dfma/fma/_15983_/X (sky130_fd_sc_hd__maj3_1)
   0.3689   11.2979 v core/FpPipeline/fpu_exe_unit/FPUUnit/fpu/dfma/fma/_16051_/X (sky130_fd_sc_hd__maj3_1)
   0.3764   11.6743 v core/FpPipeline/fpu_exe_unit/FPUUnit/fpu/dfma/fma/_16118_/X (sky130_fd_sc_hd__maj3_1)
   0.3716   12.0459 v core/FpPipeline/fpu_exe_unit/FPUUnit/fpu/dfma/fma/_16205_/X (sky130_fd_sc_hd__maj3_1)
   0.3696   12.4155 v core/FpPipeline/fpu_exe_unit/FPUUnit/fpu/dfma/fma/_16303_/X (sky130_fd_sc_hd__maj3_1)
   0.2276   12.6431 ^ core/FpPipeline/fpu_exe_unit/FPUUnit/fpu/dfma/fma/_16397_/Y (sky130_fd_sc_hd__o22ai_1)
   0.1101   12.7532 v core/FpPipeline/fpu_exe_unit/FPUUnit/fpu/dfma/fma/_16924_/Y (sky130_fd_sc_hd__a211oi_1)
   0.3411   13.0942 ^ core/FpPipeline/fpu_exe_unit/FPUUnit/fpu/dfma/fma/_16925_/Y (sky130_fd_sc_hd__o311ai_0)
   0.1916   13.2859 v core/FpPipeline/fpu_exe_unit/FPUUnit/fpu/dfma/fma/_17063_/Y (sky130_fd_sc_hd__nand4_1)
   0.2608   13.5467 ^ core/FpPipeline/fpu_exe_unit/FPUUnit/fpu/dfma/fma/_17356_/Y (sky130_fd_sc_hd__a211oi_1)
   0.2232   13.7699 v core/FpPipeline/fpu_exe_unit/FPUUnit/fpu/dfma/fma/_17676_/Y (sky130_fd_sc_hd__o311ai_0)
   0.3464   14.1163 ^ core/FpPipeline/fpu_exe_unit/FPUUnit/fpu/dfma/fma/_17985_/Y (sky130_fd_sc_hd__a211oi_1)
   0.1544   14.2707 v core/FpPipeline/fpu_exe_unit/FPUUnit/fpu/dfma/fma/_18286_/Y (sky130_fd_sc_hd__o211ai_1)
   0.4838   14.7545 ^ core/FpPipeline/fpu_exe_unit/FPUUnit/fpu/dfma/fma/_19008_/Y (sky130_fd_sc_hd__a2111oi_0)
   0.2138   14.9683 v core/FpPipeline/fpu_exe_unit/FPUUnit/fpu/dfma/fma/_19804_/Y (sky130_fd_sc_hd__a21oi_1)
   0.3577   15.3260 v core/FpPipeline/fpu_exe_unit/FPUUnit/fpu/dfma/fma/_21792_/X (sky130_fd_sc_hd__o31a_1)
   0.3666   15.6926 ^ core/FpPipeline/fpu_exe_unit/FPUUnit/fpu/dfma/fma/_22055_/Y (sky130_fd_sc_hd__o31ai_1)
   0.2541   15.9466 ^ core/FpPipeline/fpu_exe_unit/FPUUnit/fpu/dfma/fma/_22585_/X (sky130_fd_sc_hd__a221o_1)
   0.1319   16.0785 v core/FpPipeline/fpu_exe_unit/FPUUnit/fpu/dfma/fma/_23138_/Y (sky130_fd_sc_hd__a31oi_1)
   0.3718   16.4503 ^ core/FpPipeline/fpu_exe_unit/FPUUnit/fpu/dfma/fma/_23671_/Y (sky130_fd_sc_hd__o21ai_0)
   0.2962   16.7465 ^ core/FpPipeline/fpu_exe_unit/FPUUnit/fpu/dfma/fma/_25679_/X (sky130_fd_sc_hd__and4b_1)
   0.2439   16.9904 ^ core/FpPipeline/fpu_exe_unit/FPUUnit/fpu/dfma/fma/_26580_/X (sky130_fd_sc_hd__o2111a_1)
   0.1495   17.1399 v core/FpPipeline/fpu_exe_unit/FPUUnit/fpu/dfma/fma/_28099_/Y (sky130_fd_sc_hd__o2111ai_1)
   0.3197   17.4597 ^ core/FpPipeline/fpu_exe_unit/FPUUnit/fpu/dfma/fma/_28721_/Y (sky130_fd_sc_hd__o2111ai_1)
   0.1877   17.6474 v core/FpPipeline/fpu_exe_unit/FPUUnit/fpu/dfma/fma/_29003_/Y (sky130_fd_sc_hd__a31oi_1)
   0.2882   17.9355 ^ core/FpPipeline/fpu_exe_unit/FPUUnit/fpu/dfma/fma/_29260_/Y (sky130_fd_sc_hd__o221ai_1)
   0.1789   18.1144 v core/FpPipeline/fpu_exe_unit/FPUUnit/fpu/dfma/fma/_29513_/Y (sky130_fd_sc_hd__a22oi_1)
   0.4165   18.5309 v core/FpPipeline/fpu_exe_unit/FPUUnit/fpu/dfma/fma/_29739_/X (sky130_fd_sc_hd__o311a_1)
   0.1708   18.7017 ^ core/FpPipeline/fpu_exe_unit/FPUUnit/fpu/dfma/fma/_29945_/Y (sky130_fd_sc_hd__nor2_1)
   0.1327   18.8344 v core/FpPipeline/fpu_exe_unit/FPUUnit/fpu/dfma/fma/_30029_/Y (sky130_fd_sc_hd__o21ai_0)
   0.1942   19.0286 v core/FpPipeline/fpu_exe_unit/FPUUnit/fpu/dfma/fma/_30032_/X (sky130_fd_sc_hd__a22o_1)
   0.0035   19.0321 v core/FpPipeline/fpu_exe_unit/FPUUnit/fpu/dfma/fma/_31064_/D (sky130_fd_sc_hd__dfxtp_1)
            19.0321   data arrival time

  20.0000   20.0000   clock clock (rise edge)
   0.0000   20.0000   clock network delay (ideal)
   0.0000   20.0000   clock reconvergence pessimism
            20.0000 ^ core/FpPipeline/fpu_exe_unit/FPUUnit/fpu/dfma/fma/_31064_/CLK (sky130_fd_sc_hd__dfxtp_1)
  -0.1177   19.8823   library setup time
            19.8823   data required time
-------------------------------------------------------------
            19.8823   data required time
           -19.0321   data arrival time
-------------------------------------------------------------
             0.8503   slack (MET)


Startpoint: core/_4046_ (rising edge-triggered flip-flop clocked by clock)
Endpoint: core/rename_stage/busytable/_2573_
          (rising edge-triggered flip-flop clocked by clock)
Path Group: clock
Path Type: max

    Delay      Time   Description
-------------------------------------------------------------
   0.0000    0.0000   clock clock (rise edge)
   0.0000    0.0000   clock network delay (ideal)
   0.0000    0.0000 ^ core/_4046_/CLK (sky130_fd_sc_hd__dfxtp_1)
   0.3440    0.3440 ^ core/_4046_/Q (sky130_fd_sc_hd__dfxtp_1)
   0.0813    0.4254 v core/_1916_/Y (sky130_fd_sc_hd__nand2_1)
   0.2362    0.6616 ^ core/_1917_/Y (sky130_fd_sc_hd__nor3_1)
   0.1018    0.7634 v core/_1918_/Y (sky130_fd_sc_hd__nand2_1)
   5.2893    6.0527 ^ core/_1923_/Y (sky130_fd_sc_hd__o21ai_0)
   0.8225    6.8752 ^ lsu/_66665_/X (sky130_fd_sc_hd__buf_4)
   0.1442    7.0193 v dcache/_3048_/Y (sky130_fd_sc_hd__a222oi_1)
   0.0861    7.1054 ^ dcache/_3049_/Y (sky130_fd_sc_hd__nand2_1)
   0.0450    7.1504 v dcache/_3050_/Y (sky130_fd_sc_hd__a221oi_1)
   0.2248    7.3753 v dcache/_3051_/X (sky130_fd_sc_hd__and4_1)
   0.0821    7.4574 ^ dcache/_3052_/Y (sky130_fd_sc_hd__nand2_1)
   0.0501    7.5075 v dcache/_3054_/Y (sky130_fd_sc_hd__nor4_1)
   0.2122    7.7196 v dcache/_3055_/X (sky130_fd_sc_hd__and3_1)
   0.0725    7.7922 ^ dcache/mshrs/_0615_/Y (sky130_fd_sc_hd__inv_1)
   0.0576    7.8498 v dcache/mshrs/_0616_/Y (sky130_fd_sc_hd__nor2_1)
   0.1500    7.9997 v dcache/mshrs/_0617_/Y (sky130_fd_sc_hd__a21boi_0)
   0.2412    8.2409 v dcache/mshrs/_0618_/X (sky130_fd_sc_hd__lpflow_inputiso0n_1)
   0.1858    8.4266 ^ dcache/mshrs/_0752_/Y (sky130_fd_sc_hd__a31oi_1)
   0.0689    8.4955 v dcache/mshrs/_0755_/Y (sky130_fd_sc_hd__nand2_1)
   0.2016    8.6972 v dcache/mshrs/_0756_/X (sky130_fd_sc_hd__a22o_1)
   0.1247    8.8219 v dcache/_3057_/X (sky130_fd_sc_hd__lpflow_isobufsrc_1)
   0.1863    9.0082 ^ dcache/_3059_/Y (sky130_fd_sc_hd__nor3b_1)
   0.2445    9.2527 ^ dcache/_3062_/X (sky130_fd_sc_hd__o31a_1)
   0.1380    9.3907 v dcache/_3065_/Y (sky130_fd_sc_hd__nor3_1)
   0.1212    9.5119 ^ dcache/_3066_/Y (sky130_fd_sc_hd__inv_1)
   0.3554    9.8673 ^ dcache/_3614_/X (sky130_fd_sc_hd__lpflow_clkbufkapwr_1)
   0.4437   10.3109 v dcache/_3618_/X (sky130_fd_sc_hd__mux2_2)
   0.1400   10.4509 ^ lsu/_33460_/Y (sky130_fd_sc_hd__nand2b_1)
   0.0821   10.5330 v lsu/_33469_/Y (sky130_fd_sc_hd__nor3_1)
   0.1833   10.7163 v lsu/_33470_/X (sky130_fd_sc_hd__clkbuf_1)
   0.3555   11.0718 ^ lsu/_33474_/Y (sky130_fd_sc_hd__a222oi_1)
   0.1643   11.2360 v lsu/_33475_/Y (sky130_fd_sc_hd__nand4_1)
   0.2337   11.4698 ^ lsu/_33490_/Y (sky130_fd_sc_hd__o21ai_0)
   0.0933   11.5631 v lsu/_33503_/Y (sky130_fd_sc_hd__nand3b_1)
   0.1307   11.6937 ^ lsu/_33504_/Y (sky130_fd_sc_hd__o21ai_0)
   0.1745   11.8682 ^ core/memExeUnit/_195_/X (sky130_fd_sc_hd__buf_4)
   0.2807   12.1488 ^ core/ll_wbarb/_009_/X (sky130_fd_sc_hd__clkbuf_1)
   0.3857   12.5345 ^ core/ll_wbarb/_018_/X (sky130_fd_sc_hd__lpflow_clkbufkapwr_1)
   0.3834   12.9179 v core/ll_wbarb/_028_/X (sky130_fd_sc_hd__mux2_2)
   4.4771   17.3951 ^ core/_3820_/Y (sky130_fd_sc_hd__nor3b_1)
   0.7389   18.1339 v core/rename_stage/busytable/_2117_/Y (sky130_fd_sc_hd__nand3b_1)
   0.3960   18.5300 v core/rename_stage/busytable/_2118_/X (sky130_fd_sc_hd__clkbuf_1)
   0.3144   18.8444 v core/rename_stage/busytable/_2379_/X (sky130_fd_sc_hd__o32a_1)
   0.0824   18.9268 ^ core/rename_stage/busytable/_2380_/Y (sky130_fd_sc_hd__nand3_1)
   0.0588   18.9856 v core/rename_stage/busytable/_2382_/Y (sky130_fd_sc_hd__a21oi_1)
   0.0035   18.9891 v core/rename_stage/busytable/_2573_/D (sky130_fd_sc_hd__dfxtp_1)
            18.9891   data arrival time

  20.0000   20.0000   clock clock (rise edge)
   0.0000   20.0000   clock network delay (ideal)
   0.0000   20.0000   clock reconvergence pessimism
            20.0000 ^ core/rename_stage/busytable/_2573_/CLK (sky130_fd_sc_hd__dfxtp_1)
  -0.1339   19.8661   library setup time
            19.8661   data required time
-------------------------------------------------------------
            19.8661   data required time
           -18.9891   data arrival time
-------------------------------------------------------------
             0.8770   slack (MET)


Startpoint: core/FpPipeline/fpu_exe_unit/FPUUnit/fpu/dfma/_1310_
            (rising edge-triggered flip-flop clocked by clock)
Endpoint: core/FpPipeline/fpu_exe_unit/FPUUnit/fpu/dfma/fma/_31063_
          (rising edge-triggered flip-flop clocked by clock)
Path Group: clock
Path Type: max

    Delay      Time   Description
-------------------------------------------------------------
   0.0000    0.0000   clock clock (rise edge)
   0.0000    0.0000   clock network delay (ideal)
   0.0000    0.0000 ^ core/FpPipeline/fpu_exe_unit/FPUUnit/fpu/dfma/_1310_/CLK (sky130_fd_sc_hd__dfxtp_1)
   0.2995    0.2995 v core/FpPipeline/fpu_exe_unit/FPUUnit/fpu/dfma/_1310_/Q (sky130_fd_sc_hd__dfxtp_1)
   0.1614    0.4609 v core/FpPipeline/fpu_exe_unit/FPUUnit/fpu/dfma/fma/mulAddRecFNToRaw_preMul/_1092_/Y (sky130_fd_sc_hd__xnor2_1)
   0.3226    0.7835 ^ core/FpPipeline/fpu_exe_unit/FPUUnit/fpu/dfma/fma/mulAddRecFNToRaw_preMul/_1094_/Y (sky130_fd_sc_hd__o21ai_0)
   0.1761    0.9596 v core/FpPipeline/fpu_exe_unit/FPUUnit/fpu/dfma/fma/mulAddRecFNToRaw_preMul/_1097_/Y (sky130_fd_sc_hd__a31oi_1)
   0.4045    1.3640 v core/FpPipeline/fpu_exe_unit/FPUUnit/fpu/dfma/fma/mulAddRecFNToRaw_preMul/_1098_/X (sky130_fd_sc_hd__maj3_1)
   0.3959    1.7600 v core/FpPipeline/fpu_exe_unit/FPUUnit/fpu/dfma/fma/mulAddRecFNToRaw_preMul/_1099_/X (sky130_fd_sc_hd__maj3_1)
   0.3973    2.1573 v core/FpPipeline/fpu_exe_unit/FPUUnit/fpu/dfma/fma/mulAddRecFNToRaw_preMul/_1100_/X (sky130_fd_sc_hd__maj3_1)
   0.4055    2.5628 v core/FpPipeline/fpu_exe_unit/FPUUnit/fpu/dfma/fma/mulAddRecFNToRaw_preMul/_1101_/X (sky130_fd_sc_hd__maj3_1)
   0.3551    2.9179 v core/FpPipeline/fpu_exe_unit/FPUUnit/fpu/dfma/fma/mulAddRecFNToRaw_preMul/_1121_/X (sky130_fd_sc_hd__maj3_1)
   0.2007    3.1186 v core/FpPipeline/fpu_exe_unit/FPUUnit/fpu/dfma/fma/mulAddRecFNToRaw_preMul/_1122_/X (sky130_fd_sc_hd__xor2_1)
   0.1942    3.3128 ^ core/FpPipeline/fpu_exe_unit/FPUUnit/fpu/dfma/fma/mulAddRecFNToRaw_preMul/_1152_/Y (sky130_fd_sc_hd__o221ai_1)
   0.1518    3.4647 v core/FpPipeline/fpu_exe_unit/FPUUnit/fpu/dfma/fma/mulAddRecFNToRaw_preMul/_1158_/Y (sky130_fd_sc_hd__a32oi_1)
   0.4189    3.8835 v core/FpPipeline/fpu_exe_unit/FPUUnit/fpu/dfma/fma/mulAddRecFNToRaw_preMul/_1159_/X (sky130_fd_sc_hd__maj3_1)
   0.2588    4.1424 v core/FpPipeline/fpu_exe_unit/FPUUnit/fpu/dfma/fma/mulAddRecFNToRaw_preMul/_1177_/X (sky130_fd_sc_hd__o2111a_1)
   0.1835    4.3259 v core/FpPipeline/fpu_exe_unit/FPUUnit/fpu/dfma/fma/mulAddRecFNToRaw_preMul/_1178_/X (sky130_fd_sc_hd__clkbuf_1)
   0.1411    4.4670 ^ core/FpPipeline/fpu_exe_unit/FPUUnit/fpu/dfma/fma/mulAddRecFNToRaw_preMul/_1203_/Y (sky130_fd_sc_hd__nand4_1)
   0.3339    4.8008 ^ core/FpPipeline/fpu_exe_unit/FPUUnit/fpu/dfma/fma/mulAddRecFNToRaw_preMul/_1204_/X (sky130_fd_sc_hd__lpflow_clkbufkapwr_1)
   0.3198    5.1206 ^ core/FpPipeline/fpu_exe_unit/FPUUnit/fpu/dfma/fma/mulAddRecFNToRaw_preMul/_1307_/X (sky130_fd_sc_hd__buf_2)
   0.4406    5.5612 ^ core/FpPipeline/fpu_exe_unit/FPUUnit/fpu/dfma/fma/mulAddRecFNToRaw_preMul/_1308_/X (sky130_fd_sc_hd__lpflow_clkbufkapwr_1)
   0.4049    5.9661 v core/FpPipeline/fpu_exe_unit/FPUUnit/fpu/dfma/fma/mulAddRecFNToRaw_preMul/_1618_/X (sky130_fd_sc_hd__mux2_2)
   0.1693    6.1354 ^ core/FpPipeline/fpu_exe_unit/FPUUnit/fpu/dfma/fma/mulAddRecFNToRaw_preMul/_1760_/Y (sky130_fd_sc_hd__mux2i_1)
   0.0586    6.1940 v core/FpPipeline/fpu_exe_unit/FPUUnit/fpu/dfma/fma/mulAddRecFNToRaw_preMul/_1761_/Y (sky130_fd_sc_hd__nor2_1)
   0.1499    6.3440 ^ core/FpPipeline/fpu_exe_unit/FPUUnit/fpu/dfma/fma/mulAddRecFNToRaw_preMul/_1762_/Y (sky130_fd_sc_hd__a21oi_1)
   0.1072    6.4511 v core/FpPipeline/fpu_exe_unit/FPUUnit/fpu/dfma/fma/mulAddRecFNToRaw_preMul/_1763_/Y (sky130_fd_sc_hd__mux2i_1)
   0.2246    6.6758 ^ core/FpPipeline/fpu_exe_unit/FPUUnit/fpu/dfma/fma/mulAddRecFNToRaw_preMul/_1764_/Y (sky130_fd_sc_hd__a21oi_1)
   0.0630    6.7388 v core/FpPipeline/fpu_exe_unit/FPUUnit/fpu/dfma/fma/mulAddRecFNToRaw_preMul/_1765_/Y (sky130_fd_sc_hd__nor2_1)
   0.1979    6.9367 v core/FpPipeline/fpu_exe_unit/FPUUnit/fpu/dfma/fma/mulAddRecFNToRaw_preMul/_1766_/X (sky130_fd_sc_hd__o22a_1)
   0.3822    7.3188 v core/FpPipeline/fpu_exe_unit/FPUUnit/fpu/dfma/fma/_15620_/X (sky130_fd_sc_hd__xnor3_1)
   0.3965    7.7153 v core/FpPipeline/fpu_exe_unit/FPUUnit/fpu/dfma/fma/_15633_/X (sky130_fd_sc_hd__maj3_1)
   0.3777    8.0930 v core/FpPipeline/fpu_exe_unit/FPUUnit/fpu/dfma/fma/_15654_/X (sky130_fd_sc_hd__maj3_1)
   0.3929    8.4859 v core/FpPipeline/fpu_exe_unit/FPUUnit/fpu/dfma/fma/_15683_/X (sky130_fd_sc_hd__maj3_1)
   0.3979    8.8837 v core/FpPipeline/fpu_exe_unit/FPUUnit/fpu/dfma/fma/_15706_/X (sky130_fd_sc_hd__xor3_1)
   0.1695    9.0532 ^ core/FpPipeline/fpu_exe_unit/FPUUnit/fpu/dfma/fma/_15717_/Y (sky130_fd_sc_hd__nor2_1)
   0.2705    9.3237 ^ core/FpPipeline/fpu_exe_unit/FPUUnit/fpu/dfma/fma/_15755_/X (sky130_fd_sc_hd__xor3_1)
   0.1383    9.4620 v core/FpPipeline/fpu_exe_unit/FPUUnit/fpu/dfma/fma/_15756_/Y (sky130_fd_sc_hd__nand4bb_1)
   0.3515    9.8135 v core/FpPipeline/fpu_exe_unit/FPUUnit/fpu/dfma/fma/_15806_/X (sky130_fd_sc_hd__or2_2)
   0.3724   10.1859 v core/FpPipeline/fpu_exe_unit/FPUUnit/fpu/dfma/fma/_15860_/X (sky130_fd_sc_hd__maj3_1)
   0.3772   10.5631 v core/FpPipeline/fpu_exe_unit/FPUUnit/fpu/dfma/fma/_15917_/X (sky130_fd_sc_hd__maj3_1)
   0.3659   10.9290 v core/FpPipeline/fpu_exe_unit/FPUUnit/fpu/dfma/fma/_15983_/X (sky130_fd_sc_hd__maj3_1)
   0.3689   11.2979 v core/FpPipeline/fpu_exe_unit/FPUUnit/fpu/dfma/fma/_16051_/X (sky130_fd_sc_hd__maj3_1)
   0.3764   11.6743 v core/FpPipeline/fpu_exe_unit/FPUUnit/fpu/dfma/fma/_16118_/X (sky130_fd_sc_hd__maj3_1)
   0.3716   12.0459 v core/FpPipeline/fpu_exe_unit/FPUUnit/fpu/dfma/fma/_16205_/X (sky130_fd_sc_hd__maj3_1)
   0.3696   12.4155 v core/FpPipeline/fpu_exe_unit/FPUUnit/fpu/dfma/fma/_16303_/X (sky130_fd_sc_hd__maj3_1)
   0.2276   12.6431 ^ core/FpPipeline/fpu_exe_unit/FPUUnit/fpu/dfma/fma/_16397_/Y (sky130_fd_sc_hd__o22ai_1)
   0.1101   12.7532 v core/FpPipeline/fpu_exe_unit/FPUUnit/fpu/dfma/fma/_16924_/Y (sky130_fd_sc_hd__a211oi_1)
   0.3411   13.0942 ^ core/FpPipeline/fpu_exe_unit/FPUUnit/fpu/dfma/fma/_16925_/Y (sky130_fd_sc_hd__o311ai_0)
   0.1916   13.2859 v core/FpPipeline/fpu_exe_unit/FPUUnit/fpu/dfma/fma/_17063_/Y (sky130_fd_sc_hd__nand4_1)
   0.2608   13.5467 ^ core/FpPipeline/fpu_exe_unit/FPUUnit/fpu/dfma/fma/_17356_/Y (sky130_fd_sc_hd__a211oi_1)
   0.2232   13.7699 v core/FpPipeline/fpu_exe_unit/FPUUnit/fpu/dfma/fma/_17676_/Y (sky130_fd_sc_hd__o311ai_0)
   0.3464   14.1163 ^ core/FpPipeline/fpu_exe_unit/FPUUnit/fpu/dfma/fma/_17985_/Y (sky130_fd_sc_hd__a211oi_1)
   0.1544   14.2707 v core/FpPipeline/fpu_exe_unit/FPUUnit/fpu/dfma/fma/_18286_/Y (sky130_fd_sc_hd__o211ai_1)
   0.4838   14.7545 ^ core/FpPipeline/fpu_exe_unit/FPUUnit/fpu/dfma/fma/_19008_/Y (sky130_fd_sc_hd__a2111oi_0)
   0.2138   14.9683 v core/FpPipeline/fpu_exe_unit/FPUUnit/fpu/dfma/fma/_19804_/Y (sky130_fd_sc_hd__a21oi_1)
   0.3577   15.3260 v core/FpPipeline/fpu_exe_unit/FPUUnit/fpu/dfma/fma/_21792_/X (sky130_fd_sc_hd__o31a_1)
   0.3666   15.6926 ^ core/FpPipeline/fpu_exe_unit/FPUUnit/fpu/dfma/fma/_22055_/Y (sky130_fd_sc_hd__o31ai_1)
   0.2541   15.9466 ^ core/FpPipeline/fpu_exe_unit/FPUUnit/fpu/dfma/fma/_22585_/X (sky130_fd_sc_hd__a221o_1)
   0.1319   16.0785 v core/FpPipeline/fpu_exe_unit/FPUUnit/fpu/dfma/fma/_23138_/Y (sky130_fd_sc_hd__a31oi_1)
   0.3718   16.4503 ^ core/FpPipeline/fpu_exe_unit/FPUUnit/fpu/dfma/fma/_23671_/Y (sky130_fd_sc_hd__o21ai_0)
   0.2962   16.7465 ^ core/FpPipeline/fpu_exe_unit/FPUUnit/fpu/dfma/fma/_25679_/X (sky130_fd_sc_hd__and4b_1)
   0.2439   16.9904 ^ core/FpPipeline/fpu_exe_unit/FPUUnit/fpu/dfma/fma/_26580_/X (sky130_fd_sc_hd__o2111a_1)
   0.1495   17.1399 v core/FpPipeline/fpu_exe_unit/FPUUnit/fpu/dfma/fma/_28099_/Y (sky130_fd_sc_hd__o2111ai_1)
   0.3197   17.4597 ^ core/FpPipeline/fpu_exe_unit/FPUUnit/fpu/dfma/fma/_28721_/Y (sky130_fd_sc_hd__o2111ai_1)
   0.1877   17.6474 v core/FpPipeline/fpu_exe_unit/FPUUnit/fpu/dfma/fma/_29003_/Y (sky130_fd_sc_hd__a31oi_1)
   0.2882   17.9355 ^ core/FpPipeline/fpu_exe_unit/FPUUnit/fpu/dfma/fma/_29260_/Y (sky130_fd_sc_hd__o221ai_1)
   0.1789   18.1144 v core/FpPipeline/fpu_exe_unit/FPUUnit/fpu/dfma/fma/_29513_/Y (sky130_fd_sc_hd__a22oi_1)
   0.4165   18.5309 v core/FpPipeline/fpu_exe_unit/FPUUnit/fpu/dfma/fma/_29739_/X (sky130_fd_sc_hd__o311a_1)
   0.1458   18.6767 ^ core/FpPipeline/fpu_exe_unit/FPUUnit/fpu/dfma/fma/_29837_/Y (sky130_fd_sc_hd__nor2_1)
   0.0644   18.7412 v core/FpPipeline/fpu_exe_unit/FPUUnit/fpu/dfma/fma/_29843_/Y (sky130_fd_sc_hd__nor2_1)
   0.1631   18.9043 v core/FpPipeline/fpu_exe_unit/FPUUnit/fpu/dfma/fma/_29941_/X (sky130_fd_sc_hd__xor2_1)
   0.1338   19.0381 ^ core/FpPipeline/fpu_exe_unit/FPUUnit/fpu/dfma/fma/_29943_/Y (sky130_fd_sc_hd__a21oi_1)
   0.0035   19.0416 ^ core/FpPipeline/fpu_exe_unit/FPUUnit/fpu/dfma/fma/_31063_/D (sky130_fd_sc_hd__dfxtp_1)
            19.0416   data arrival time

  20.0000   20.0000   clock clock (rise edge)
   0.0000   20.0000   clock network delay (ideal)
   0.0000   20.0000   clock reconvergence pessimism
            20.0000 ^ core/FpPipeline/fpu_exe_unit/FPUUnit/fpu/dfma/fma/_31063_/CLK (sky130_fd_sc_hd__dfxtp_1)
  -0.0711   19.9289   library setup time
            19.9289   data required time
-------------------------------------------------------------
            19.9289   data required time
           -19.0416   data arrival time
-------------------------------------------------------------
             0.8873   slack (MET)


Startpoint: core/_4046_ (rising edge-triggered flip-flop clocked by clock)
Endpoint: core/rename_stage/busytable/_2563_
          (rising edge-triggered flip-flop clocked by clock)
Path Group: clock
Path Type: max

    Delay      Time   Description
-------------------------------------------------------------
   0.0000    0.0000   clock clock (rise edge)
   0.0000    0.0000   clock network delay (ideal)
   0.0000    0.0000 ^ core/_4046_/CLK (sky130_fd_sc_hd__dfxtp_1)
   0.3440    0.3440 ^ core/_4046_/Q (sky130_fd_sc_hd__dfxtp_1)
   0.0813    0.4254 v core/_1916_/Y (sky130_fd_sc_hd__nand2_1)
   0.2362    0.6616 ^ core/_1917_/Y (sky130_fd_sc_hd__nor3_1)
   0.1018    0.7634 v core/_1918_/Y (sky130_fd_sc_hd__nand2_1)
   5.2893    6.0527 ^ core/_1923_/Y (sky130_fd_sc_hd__o21ai_0)
   0.8225    6.8752 ^ lsu/_66665_/X (sky130_fd_sc_hd__buf_4)
   0.1442    7.0193 v dcache/_3048_/Y (sky130_fd_sc_hd__a222oi_1)
   0.0861    7.1054 ^ dcache/_3049_/Y (sky130_fd_sc_hd__nand2_1)
   0.0450    7.1504 v dcache/_3050_/Y (sky130_fd_sc_hd__a221oi_1)
   0.2248    7.3753 v dcache/_3051_/X (sky130_fd_sc_hd__and4_1)
   0.0821    7.4574 ^ dcache/_3052_/Y (sky130_fd_sc_hd__nand2_1)
   0.0501    7.5075 v dcache/_3054_/Y (sky130_fd_sc_hd__nor4_1)
   0.2122    7.7196 v dcache/_3055_/X (sky130_fd_sc_hd__and3_1)
   0.0725    7.7922 ^ dcache/mshrs/_0615_/Y (sky130_fd_sc_hd__inv_1)
   0.0576    7.8498 v dcache/mshrs/_0616_/Y (sky130_fd_sc_hd__nor2_1)
   0.1500    7.9997 v dcache/mshrs/_0617_/Y (sky130_fd_sc_hd__a21boi_0)
   0.2412    8.2409 v dcache/mshrs/_0618_/X (sky130_fd_sc_hd__lpflow_inputiso0n_1)
   0.1858    8.4266 ^ dcache/mshrs/_0752_/Y (sky130_fd_sc_hd__a31oi_1)
   0.0689    8.4955 v dcache/mshrs/_0755_/Y (sky130_fd_sc_hd__nand2_1)
   0.2016    8.6972 v dcache/mshrs/_0756_/X (sky130_fd_sc_hd__a22o_1)
   0.1247    8.8219 v dcache/_3057_/X (sky130_fd_sc_hd__lpflow_isobufsrc_1)
   0.1863    9.0082 ^ dcache/_3059_/Y (sky130_fd_sc_hd__nor3b_1)
   0.2445    9.2527 ^ dcache/_3062_/X (sky130_fd_sc_hd__o31a_1)
   0.1380    9.3907 v dcache/_3065_/Y (sky130_fd_sc_hd__nor3_1)
   0.1212    9.5119 ^ dcache/_3066_/Y (sky130_fd_sc_hd__inv_1)
   0.3554    9.8673 ^ dcache/_3614_/X (sky130_fd_sc_hd__lpflow_clkbufkapwr_1)
   0.4437   10.3109 v dcache/_3618_/X (sky130_fd_sc_hd__mux2_2)
   0.1400   10.4509 ^ lsu/_33460_/Y (sky130_fd_sc_hd__nand2b_1)
   0.0821   10.5330 v lsu/_33469_/Y (sky130_fd_sc_hd__nor3_1)
   0.1833   10.7163 v lsu/_33470_/X (sky130_fd_sc_hd__clkbuf_1)
   0.3555   11.0718 ^ lsu/_33474_/Y (sky130_fd_sc_hd__a222oi_1)
   0.1643   11.2360 v lsu/_33475_/Y (sky130_fd_sc_hd__nand4_1)
   0.2337   11.4698 ^ lsu/_33490_/Y (sky130_fd_sc_hd__o21ai_0)
   0.0933   11.5631 v lsu/_33503_/Y (sky130_fd_sc_hd__nand3b_1)
   0.1307   11.6937 ^ lsu/_33504_/Y (sky130_fd_sc_hd__o21ai_0)
   0.1745   11.8682 ^ core/memExeUnit/_195_/X (sky130_fd_sc_hd__buf_4)
   0.2807   12.1488 ^ core/ll_wbarb/_009_/X (sky130_fd_sc_hd__clkbuf_1)
   0.3857   12.5345 ^ core/ll_wbarb/_018_/X (sky130_fd_sc_hd__lpflow_clkbufkapwr_1)
   0.3834   12.9179 v core/ll_wbarb/_028_/X (sky130_fd_sc_hd__mux2_2)
   4.4771   17.3951 ^ core/_3820_/Y (sky130_fd_sc_hd__nor3b_1)
   0.7389   18.1339 v core/rename_stage/busytable/_2117_/Y (sky130_fd_sc_hd__nand3b_1)
   0.3960   18.5300 v core/rename_stage/busytable/_2118_/X (sky130_fd_sc_hd__clkbuf_1)
   0.1953   18.7253 ^ core/rename_stage/busytable/_2298_/Y (sky130_fd_sc_hd__nor4_1)
   0.0681   18.7933 v core/rename_stage/busytable/_2299_/Y (sky130_fd_sc_hd__a31oi_1)
   0.1061   18.8994 ^ core/rename_stage/busytable/_2300_/Y (sky130_fd_sc_hd__nand4_1)
   0.0718   18.9713 v core/rename_stage/busytable/_2303_/Y (sky130_fd_sc_hd__a31oi_1)
   0.0035   18.9748 v core/rename_stage/busytable/_2563_/D (sky130_fd_sc_hd__dfxtp_1)
            18.9748   data arrival time

  20.0000   20.0000   clock clock (rise edge)
   0.0000   20.0000   clock network delay (ideal)
   0.0000   20.0000   clock reconvergence pessimism
            20.0000 ^ core/rename_stage/busytable/_2563_/CLK (sky130_fd_sc_hd__dfxtp_1)
  -0.1341   19.8659   library setup time
            19.8659   data required time
-------------------------------------------------------------
            19.8659   data required time
           -18.9748   data arrival time
-------------------------------------------------------------
             0.8912   slack (MET)


Startpoint: core/alu_exe_unit/PipelinedMulUnit/imul/_56534_
            (rising edge-triggered flip-flop clocked by clock)
Endpoint: core/alu_exe_unit/PipelinedMulUnit/imul/_56664_
          (rising edge-triggered flip-flop clocked by clock)
Path Group: clock
Path Type: max

    Delay      Time   Description
-------------------------------------------------------------
   0.0000    0.0000   clock clock (rise edge)
   0.0000    0.0000   clock network delay (ideal)
   0.0000    0.0000 ^ core/alu_exe_unit/PipelinedMulUnit/imul/_56534_/CLK (sky130_fd_sc_hd__dfxtp_1)
   0.3800    0.3800 ^ core/alu_exe_unit/PipelinedMulUnit/imul/_56534_/Q (sky130_fd_sc_hd__dfxtp_1)
   0.2608    0.6408 ^ core/alu_exe_unit/PipelinedMulUnit/imul/_28773_/X (sky130_fd_sc_hd__clkbuf_1)
   0.1282    0.7691 v core/alu_exe_unit/PipelinedMulUnit/imul/_38772_/Y (sky130_fd_sc_hd__nand2_1)
   0.4064    1.1755 v core/alu_exe_unit/PipelinedMulUnit/imul/_38820_/X (sky130_fd_sc_hd__xor3_1)
   0.3651    1.5405 v core/alu_exe_unit/PipelinedMulUnit/imul/_38822_/X (sky130_fd_sc_hd__maj3_1)
   0.2861    1.8266 ^ core/alu_exe_unit/PipelinedMulUnit/imul/_38824_/X (sky130_fd_sc_hd__xor2_1)
   0.1517    1.9783 v core/alu_exe_unit/PipelinedMulUnit/imul/_38826_/Y (sky130_fd_sc_hd__o21ai_0)
   0.3985    2.3767 v core/alu_exe_unit/PipelinedMulUnit/imul/_38829_/X (sky130_fd_sc_hd__maj3_1)
   0.3902    2.7670 v core/alu_exe_unit/PipelinedMulUnit/imul/_38866_/X (sky130_fd_sc_hd__xor3_1)
   0.2564    3.0233 ^ core/alu_exe_unit/PipelinedMulUnit/imul/_38903_/Y (sky130_fd_sc_hd__xnor2_1)
   0.6499    3.6732 v core/alu_exe_unit/PipelinedMulUnit/imul/_38936_/X (sky130_fd_sc_hd__or4b_2)
   0.3847    4.0579 v core/alu_exe_unit/PipelinedMulUnit/imul/_38942_/X (sky130_fd_sc_hd__maj3_1)
   0.2658    4.3237 ^ core/alu_exe_unit/PipelinedMulUnit/imul/_38943_/X (sky130_fd_sc_hd__xor2_1)
   0.1583    4.4819 v core/alu_exe_unit/PipelinedMulUnit/imul/_38974_/Y (sky130_fd_sc_hd__o21ai_0)
   0.1784    4.6604 v core/alu_exe_unit/PipelinedMulUnit/imul/_38975_/X (sky130_fd_sc_hd__xor2_1)
   0.1870    4.8474 ^ core/alu_exe_unit/PipelinedMulUnit/imul/_38999_/Y (sky130_fd_sc_hd__a22oi_1)
   0.1607    5.0081 ^ core/alu_exe_unit/PipelinedMulUnit/imul/_39001_/X (sky130_fd_sc_hd__o21ba_2)
   0.0992    5.1073 v core/alu_exe_unit/PipelinedMulUnit/imul/_39003_/Y (sky130_fd_sc_hd__o21ai_0)
   0.2119    5.3192 ^ core/alu_exe_unit/PipelinedMulUnit/imul/_39006_/Y (sky130_fd_sc_hd__a31oi_1)
   0.1118    5.4310 v core/alu_exe_unit/PipelinedMulUnit/imul/_39008_/Y (sky130_fd_sc_hd__o21ai_0)
   0.1895    5.6205 ^ core/alu_exe_unit/PipelinedMulUnit/imul/_39011_/Y (sky130_fd_sc_hd__a21oi_1)
   0.0998    5.7203 v core/alu_exe_unit/PipelinedMulUnit/imul/_39014_/Y (sky130_fd_sc_hd__o211ai_1)
   0.2480    5.9682 ^ core/alu_exe_unit/PipelinedMulUnit/imul/_39015_/Y (sky130_fd_sc_hd__a32oi_1)
   0.1803    6.1485 v core/alu_exe_unit/PipelinedMulUnit/imul/_39020_/Y (sky130_fd_sc_hd__o21ai_0)
   0.1960    6.3445 ^ core/alu_exe_unit/PipelinedMulUnit/imul/_39025_/Y (sky130_fd_sc_hd__a31oi_1)
   0.1017    6.4462 v core/alu_exe_unit/PipelinedMulUnit/imul/_39030_/Y (sky130_fd_sc_hd__o31ai_1)
   0.2593    6.7055 ^ core/alu_exe_unit/PipelinedMulUnit/imul/_39033_/Y (sky130_fd_sc_hd__a211oi_1)
   0.1869    6.8924 ^ core/alu_exe_unit/PipelinedMulUnit/imul/_39034_/X (sky130_fd_sc_hd__or3_1)
   0.1488    7.0412 v core/alu_exe_unit/PipelinedMulUnit/imul/_39039_/Y (sky130_fd_sc_hd__a311oi_1)
   0.6040    7.6452 ^ core/alu_exe_unit/PipelinedMulUnit/imul/_39046_/Y (sky130_fd_sc_hd__o311ai_0)
   0.3034    7.9486 ^ core/alu_exe_unit/PipelinedMulUnit/imul/_39050_/X (sky130_fd_sc_hd__a311o_1)
   0.2368    8.1855 ^ core/alu_exe_unit/PipelinedMulUnit/imul/_39053_/X (sky130_fd_sc_hd__a311o_1)
   0.1096    8.2951 v core/alu_exe_unit/PipelinedMulUnit/imul/_39058_/Y (sky130_fd_sc_hd__a211oi_1)
   0.2851    8.5801 v core/alu_exe_unit/PipelinedMulUnit/imul/_39061_/X (sky130_fd_sc_hd__o311a_1)
   0.5404    9.1205 ^ core/alu_exe_unit/PipelinedMulUnit/imul/_39065_/Y (sky130_fd_sc_hd__o311ai_0)
   0.2582    9.3788 ^ core/alu_exe_unit/PipelinedMulUnit/imul/_39071_/X (sky130_fd_sc_hd__a311o_1)
   0.2073    9.5861 ^ core/alu_exe_unit/PipelinedMulUnit/imul/_39077_/X (sky130_fd_sc_hd__a311o_1)
   0.2364    9.8225 ^ core/alu_exe_unit/PipelinedMulUnit/imul/_39082_/X (sky130_fd_sc_hd__a311o_1)
   0.1407    9.9632 v core/alu_exe_unit/PipelinedMulUnit/imul/_39086_/Y (sky130_fd_sc_hd__a311oi_1)
   0.3195   10.2827 v core/alu_exe_unit/PipelinedMulUnit/imul/_39298_/X (sky130_fd_sc_hd__o311a_1)
   0.2549   10.5376 ^ core/alu_exe_unit/PipelinedMulUnit/imul/_39443_/Y (sky130_fd_sc_hd__a21oi_1)
   0.1690   10.7066 ^ core/alu_exe_unit/PipelinedMulUnit/imul/_39667_/Y (sky130_fd_sc_hd__nand4b_1)
   0.1095   10.8161 v core/alu_exe_unit/PipelinedMulUnit/imul/_40064_/Y (sky130_fd_sc_hd__a2111oi_0)
   0.3511   11.1672 v core/alu_exe_unit/PipelinedMulUnit/imul/_40737_/X (sky130_fd_sc_hd__o311a_1)
   0.2478   11.4150 ^ core/alu_exe_unit/PipelinedMulUnit/imul/_41070_/Y (sky130_fd_sc_hd__o21ai_0)
   0.2421   11.6571 ^ core/alu_exe_unit/PipelinedMulUnit/imul/_41755_/X (sky130_fd_sc_hd__a311o_1)
   0.1259   11.7830 v core/alu_exe_unit/PipelinedMulUnit/imul/_42422_/Y (sky130_fd_sc_hd__a311oi_1)
   0.5945   12.3775 ^ core/alu_exe_unit/PipelinedMulUnit/imul/_43094_/Y (sky130_fd_sc_hd__o311ai_0)
   0.2362   12.6137 v core/alu_exe_unit/PipelinedMulUnit/imul/_43747_/Y (sky130_fd_sc_hd__a311oi_1)
   0.6182   13.2319 ^ core/alu_exe_unit/PipelinedMulUnit/imul/_44418_/Y (sky130_fd_sc_hd__o311ai_0)
   0.2245   13.4563 v core/alu_exe_unit/PipelinedMulUnit/imul/_45071_/Y (sky130_fd_sc_hd__a311oi_1)
   0.2064   13.6628 v core/alu_exe_unit/PipelinedMulUnit/imul/_47260_/X (sky130_fd_sc_hd__and4_1)
   0.2108   13.8735 ^ core/alu_exe_unit/PipelinedMulUnit/imul/_49521_/Y (sky130_fd_sc_hd__o2111ai_1)
   0.1194   13.9929 v core/alu_exe_unit/PipelinedMulUnit/imul/_49782_/Y (sky130_fd_sc_hd__a21oi_1)
   0.2635   14.2564 ^ core/alu_exe_unit/PipelinedMulUnit/imul/_50316_/Y (sky130_fd_sc_hd__o21ai_0)
   0.1305   14.3870 v core/alu_exe_unit/PipelinedMulUnit/imul/_50858_/Y (sky130_fd_sc_hd__a21oi_1)
   0.3658   14.7528 v core/alu_exe_unit/PipelinedMulUnit/imul/_50871_/X (sky130_fd_sc_hd__o311a_1)
   0.3555   15.1083 v core/alu_exe_unit/PipelinedMulUnit/imul/_51630_/X (sky130_fd_sc_hd__o311a_1)
   0.2574   15.3657 v core/alu_exe_unit/PipelinedMulUnit/imul/_52120_/X (sky130_fd_sc_hd__o211a_1)
   0.3951   15.7608 v core/alu_exe_unit/PipelinedMulUnit/imul/_52797_/X (sky130_fd_sc_hd__o311a_1)
   0.3693   16.1301 v core/alu_exe_unit/PipelinedMulUnit/imul/_53467_/X (sky130_fd_sc_hd__o311a_1)
   0.2403   16.3704 ^ core/alu_exe_unit/PipelinedMulUnit/imul/_53881_/Y (sky130_fd_sc_hd__o211ai_1)
   0.1188   16.4892 v core/alu_exe_unit/PipelinedMulUnit/imul/_54311_/Y (sky130_fd_sc_hd__a211oi_1)
   0.3489   16.8381 v core/alu_exe_unit/PipelinedMulUnit/imul/_54711_/X (sky130_fd_sc_hd__o311a_1)
   0.3770   17.2151 ^ core/alu_exe_unit/PipelinedMulUnit/imul/_55083_/Y (sky130_fd_sc_hd__o311ai_0)
   0.1854   17.4004 v core/alu_exe_unit/PipelinedMulUnit/imul/_55256_/Y (sky130_fd_sc_hd__a21boi_0)
   0.2691   17.6695 ^ core/alu_exe_unit/PipelinedMulUnit/imul/_55416_/Y (sky130_fd_sc_hd__o21ai_0)
   0.1409   17.8105 v core/alu_exe_unit/PipelinedMulUnit/imul/_55595_/Y (sky130_fd_sc_hd__a21boi_0)
   0.2489   18.0593 ^ core/alu_exe_unit/PipelinedMulUnit/imul/_55748_/Y (sky130_fd_sc_hd__o21ai_0)
   0.1554   18.2147 v core/alu_exe_unit/PipelinedMulUnit/imul/_55916_/Y (sky130_fd_sc_hd__a21boi_0)
   0.2066   18.4213 v core/alu_exe_unit/PipelinedMulUnit/imul/_56071_/X (sky130_fd_sc_hd__o21a_1)
   0.1853   18.6066 v core/alu_exe_unit/PipelinedMulUnit/imul/_56237_/X (sky130_fd_sc_hd__o21a_1)
   0.2225   18.8291 ^ core/alu_exe_unit/PipelinedMulUnit/imul/_56369_/Y (sky130_fd_sc_hd__o31ai_1)
   0.0736   18.9028 v core/alu_exe_unit/PipelinedMulUnit/imul/_56370_/X (sky130_fd_sc_hd__lpflow_isobufsrc_1)
   0.1134   19.0161 ^ core/alu_exe_unit/PipelinedMulUnit/imul/_56375_/Y (sky130_fd_sc_hd__o22ai_1)
   0.0035   19.0196 ^ core/alu_exe_unit/PipelinedMulUnit/imul/_56664_/D (sky130_fd_sc_hd__dfxtp_1)
            19.0196   data arrival time

  20.0000   20.0000   clock clock (rise edge)
   0.0000   20.0000   clock network delay (ideal)
   0.0000   20.0000   clock reconvergence pessimism
            20.0000 ^ core/alu_exe_unit/PipelinedMulUnit/imul/_56664_/CLK (sky130_fd_sc_hd__dfxtp_1)
  -0.0762   19.9238   library setup time
            19.9238   data required time
-------------------------------------------------------------
            19.9238   data required time
           -19.0196   data arrival time
-------------------------------------------------------------
             0.9042   slack (MET)


Startpoint: core/_4046_ (rising edge-triggered flip-flop clocked by clock)
Endpoint: core/rename_stage/busytable/_2562_
          (rising edge-triggered flip-flop clocked by clock)
Path Group: clock
Path Type: max

    Delay      Time   Description
-------------------------------------------------------------
   0.0000    0.0000   clock clock (rise edge)
   0.0000    0.0000   clock network delay (ideal)
   0.0000    0.0000 ^ core/_4046_/CLK (sky130_fd_sc_hd__dfxtp_1)
   0.3440    0.3440 ^ core/_4046_/Q (sky130_fd_sc_hd__dfxtp_1)
   0.0813    0.4254 v core/_1916_/Y (sky130_fd_sc_hd__nand2_1)
   0.2362    0.6616 ^ core/_1917_/Y (sky130_fd_sc_hd__nor3_1)
   0.1018    0.7634 v core/_1918_/Y (sky130_fd_sc_hd__nand2_1)
   5.2893    6.0527 ^ core/_1923_/Y (sky130_fd_sc_hd__o21ai_0)
   0.8225    6.8752 ^ lsu/_66665_/X (sky130_fd_sc_hd__buf_4)
   0.1442    7.0193 v dcache/_3048_/Y (sky130_fd_sc_hd__a222oi_1)
   0.0861    7.1054 ^ dcache/_3049_/Y (sky130_fd_sc_hd__nand2_1)
   0.0450    7.1504 v dcache/_3050_/Y (sky130_fd_sc_hd__a221oi_1)
   0.2248    7.3753 v dcache/_3051_/X (sky130_fd_sc_hd__and4_1)
   0.0821    7.4574 ^ dcache/_3052_/Y (sky130_fd_sc_hd__nand2_1)
   0.0501    7.5075 v dcache/_3054_/Y (sky130_fd_sc_hd__nor4_1)
   0.2122    7.7196 v dcache/_3055_/X (sky130_fd_sc_hd__and3_1)
   0.0725    7.7922 ^ dcache/mshrs/_0615_/Y (sky130_fd_sc_hd__inv_1)
   0.0576    7.8498 v dcache/mshrs/_0616_/Y (sky130_fd_sc_hd__nor2_1)
   0.1500    7.9997 v dcache/mshrs/_0617_/Y (sky130_fd_sc_hd__a21boi_0)
   0.2412    8.2409 v dcache/mshrs/_0618_/X (sky130_fd_sc_hd__lpflow_inputiso0n_1)
   0.1858    8.4266 ^ dcache/mshrs/_0752_/Y (sky130_fd_sc_hd__a31oi_1)
   0.0689    8.4955 v dcache/mshrs/_0755_/Y (sky130_fd_sc_hd__nand2_1)
   0.2016    8.6972 v dcache/mshrs/_0756_/X (sky130_fd_sc_hd__a22o_1)
   0.1247    8.8219 v dcache/_3057_/X (sky130_fd_sc_hd__lpflow_isobufsrc_1)
   0.1863    9.0082 ^ dcache/_3059_/Y (sky130_fd_sc_hd__nor3b_1)
   0.2445    9.2527 ^ dcache/_3062_/X (sky130_fd_sc_hd__o31a_1)
   0.1380    9.3907 v dcache/_3065_/Y (sky130_fd_sc_hd__nor3_1)
   0.1212    9.5119 ^ dcache/_3066_/Y (sky130_fd_sc_hd__inv_1)
   0.3554    9.8673 ^ dcache/_3614_/X (sky130_fd_sc_hd__lpflow_clkbufkapwr_1)
   0.4437   10.3109 v dcache/_3618_/X (sky130_fd_sc_hd__mux2_2)
   0.1400   10.4509 ^ lsu/_33460_/Y (sky130_fd_sc_hd__nand2b_1)
   0.0821   10.5330 v lsu/_33469_/Y (sky130_fd_sc_hd__nor3_1)
   0.1833   10.7163 v lsu/_33470_/X (sky130_fd_sc_hd__clkbuf_1)
   0.3555   11.0718 ^ lsu/_33474_/Y (sky130_fd_sc_hd__a222oi_1)
   0.1643   11.2360 v lsu/_33475_/Y (sky130_fd_sc_hd__nand4_1)
   0.2337   11.4698 ^ lsu/_33490_/Y (sky130_fd_sc_hd__o21ai_0)
   0.0933   11.5631 v lsu/_33503_/Y (sky130_fd_sc_hd__nand3b_1)
   0.1307   11.6937 ^ lsu/_33504_/Y (sky130_fd_sc_hd__o21ai_0)
   0.1745   11.8682 ^ core/memExeUnit/_195_/X (sky130_fd_sc_hd__buf_4)
   0.2807   12.1488 ^ core/ll_wbarb/_009_/X (sky130_fd_sc_hd__clkbuf_1)
   0.3857   12.5345 ^ core/ll_wbarb/_018_/X (sky130_fd_sc_hd__lpflow_clkbufkapwr_1)
   0.3834   12.9179 v core/ll_wbarb/_028_/X (sky130_fd_sc_hd__mux2_2)
   4.4771   17.3951 ^ core/_3820_/Y (sky130_fd_sc_hd__nor3b_1)
   0.7389   18.1339 v core/rename_stage/busytable/_2117_/Y (sky130_fd_sc_hd__nand3b_1)
   0.3960   18.5300 v core/rename_stage/busytable/_2118_/X (sky130_fd_sc_hd__clkbuf_1)
   0.1794   18.7094 ^ core/rename_stage/busytable/_2289_/Y (sky130_fd_sc_hd__o21ai_0)
   0.0590   18.7684 v core/rename_stage/busytable/_2290_/Y (sky130_fd_sc_hd__a31oi_1)
   0.1098   18.8782 ^ core/rename_stage/busytable/_2291_/Y (sky130_fd_sc_hd__nand4_1)
   0.0743   18.9524 v core/rename_stage/busytable/_2294_/Y (sky130_fd_sc_hd__a31oi_1)
   0.0035   18.9559 v core/rename_stage/busytable/_2562_/D (sky130_fd_sc_hd__dfxtp_1)
            18.9559   data arrival time

  20.0000   20.0000   clock clock (rise edge)
   0.0000   20.0000   clock network delay (ideal)
   0.0000   20.0000   clock reconvergence pessimism
            20.0000 ^ core/rename_stage/busytable/_2562_/CLK (sky130_fd_sc_hd__dfxtp_1)
  -0.1341   19.8659   library setup time
            19.8659   data required time
-------------------------------------------------------------
            19.8659   data required time
           -18.9559   data arrival time
-------------------------------------------------------------
             0.9100   slack (MET)


Startpoint: core/_4046_ (rising edge-triggered flip-flop clocked by clock)
Endpoint: core/rename_stage/busytable/_2556_
          (rising edge-triggered flip-flop clocked by clock)
Path Group: clock
Path Type: max

    Delay      Time   Description
-------------------------------------------------------------
   0.0000    0.0000   clock clock (rise edge)
   0.0000    0.0000   clock network delay (ideal)
   0.0000    0.0000 ^ core/_4046_/CLK (sky130_fd_sc_hd__dfxtp_1)
   0.3440    0.3440 ^ core/_4046_/Q (sky130_fd_sc_hd__dfxtp_1)
   0.0813    0.4254 v core/_1916_/Y (sky130_fd_sc_hd__nand2_1)
   0.2362    0.6616 ^ core/_1917_/Y (sky130_fd_sc_hd__nor3_1)
   0.1018    0.7634 v core/_1918_/Y (sky130_fd_sc_hd__nand2_1)
   5.2893    6.0527 ^ core/_1923_/Y (sky130_fd_sc_hd__o21ai_0)
   0.8225    6.8752 ^ lsu/_66665_/X (sky130_fd_sc_hd__buf_4)
   0.1442    7.0193 v dcache/_3048_/Y (sky130_fd_sc_hd__a222oi_1)
   0.0861    7.1054 ^ dcache/_3049_/Y (sky130_fd_sc_hd__nand2_1)
   0.0450    7.1504 v dcache/_3050_/Y (sky130_fd_sc_hd__a221oi_1)
   0.2248    7.3753 v dcache/_3051_/X (sky130_fd_sc_hd__and4_1)
   0.0821    7.4574 ^ dcache/_3052_/Y (sky130_fd_sc_hd__nand2_1)
   0.0501    7.5075 v dcache/_3054_/Y (sky130_fd_sc_hd__nor4_1)
   0.2122    7.7196 v dcache/_3055_/X (sky130_fd_sc_hd__and3_1)
   0.0725    7.7922 ^ dcache/mshrs/_0615_/Y (sky130_fd_sc_hd__inv_1)
   0.0576    7.8498 v dcache/mshrs/_0616_/Y (sky130_fd_sc_hd__nor2_1)
   0.1500    7.9997 v dcache/mshrs/_0617_/Y (sky130_fd_sc_hd__a21boi_0)
   0.2412    8.2409 v dcache/mshrs/_0618_/X (sky130_fd_sc_hd__lpflow_inputiso0n_1)
   0.1858    8.4266 ^ dcache/mshrs/_0752_/Y (sky130_fd_sc_hd__a31oi_1)
   0.0689    8.4955 v dcache/mshrs/_0755_/Y (sky130_fd_sc_hd__nand2_1)
   0.2016    8.6972 v dcache/mshrs/_0756_/X (sky130_fd_sc_hd__a22o_1)
   0.1247    8.8219 v dcache/_3057_/X (sky130_fd_sc_hd__lpflow_isobufsrc_1)
   0.1863    9.0082 ^ dcache/_3059_/Y (sky130_fd_sc_hd__nor3b_1)
   0.2445    9.2527 ^ dcache/_3062_/X (sky130_fd_sc_hd__o31a_1)
   0.1380    9.3907 v dcache/_3065_/Y (sky130_fd_sc_hd__nor3_1)
   0.1212    9.5119 ^ dcache/_3066_/Y (sky130_fd_sc_hd__inv_1)
   0.3554    9.8673 ^ dcache/_3614_/X (sky130_fd_sc_hd__lpflow_clkbufkapwr_1)
   0.4437   10.3109 v dcache/_3618_/X (sky130_fd_sc_hd__mux2_2)
   0.1400   10.4509 ^ lsu/_33460_/Y (sky130_fd_sc_hd__nand2b_1)
   0.0821   10.5330 v lsu/_33469_/Y (sky130_fd_sc_hd__nor3_1)
   0.1833   10.7163 v lsu/_33470_/X (sky130_fd_sc_hd__clkbuf_1)
   0.3555   11.0718 ^ lsu/_33474_/Y (sky130_fd_sc_hd__a222oi_1)
   0.1643   11.2360 v lsu/_33475_/Y (sky130_fd_sc_hd__nand4_1)
   0.2337   11.4698 ^ lsu/_33490_/Y (sky130_fd_sc_hd__o21ai_0)
   0.0933   11.5631 v lsu/_33503_/Y (sky130_fd_sc_hd__nand3b_1)
   0.1307   11.6937 ^ lsu/_33504_/Y (sky130_fd_sc_hd__o21ai_0)
   0.1745   11.8682 ^ core/memExeUnit/_195_/X (sky130_fd_sc_hd__buf_4)
   0.2807   12.1488 ^ core/ll_wbarb/_009_/X (sky130_fd_sc_hd__clkbuf_1)
   0.3857   12.5345 ^ core/ll_wbarb/_018_/X (sky130_fd_sc_hd__lpflow_clkbufkapwr_1)
   0.3834   12.9179 v core/ll_wbarb/_028_/X (sky130_fd_sc_hd__mux2_2)
   4.4771   17.3951 ^ core/_3820_/Y (sky130_fd_sc_hd__nor3b_1)
   0.7389   18.1339 v core/rename_stage/busytable/_2117_/Y (sky130_fd_sc_hd__nand3b_1)
   0.5290   18.6629 ^ core/rename_stage/busytable/_2238_/Y (sky130_fd_sc_hd__o32ai_1)
   0.0898   18.7527 v core/rename_stage/busytable/_2239_/Y (sky130_fd_sc_hd__a221oi_1)
   0.1159   18.8686 ^ core/rename_stage/busytable/_2240_/Y (sky130_fd_sc_hd__o211ai_1)
   0.0810   18.9496 v core/rename_stage/busytable/_2243_/Y (sky130_fd_sc_hd__a21oi_1)
   0.0035   18.9531 v core/rename_stage/busytable/_2556_/D (sky130_fd_sc_hd__dfxtp_1)
            18.9531   data arrival time

  20.0000   20.0000   clock clock (rise edge)
   0.0000   20.0000   clock network delay (ideal)
   0.0000   20.0000   clock reconvergence pessimism
            20.0000 ^ core/rename_stage/busytable/_2556_/CLK (sky130_fd_sc_hd__dfxtp_1)
  -0.1339   19.8661   library setup time
            19.8661   data required time
-------------------------------------------------------------
            19.8661   data required time
           -18.9531   data arrival time
-------------------------------------------------------------
             0.9130   slack (MET)


Startpoint: core/_4046_ (rising edge-triggered flip-flop clocked by clock)
Endpoint: core/rename_stage/busytable/_2554_
          (rising edge-triggered flip-flop clocked by clock)
Path Group: clock
Path Type: max

    Delay      Time   Description
-------------------------------------------------------------
   0.0000    0.0000   clock clock (rise edge)
   0.0000    0.0000   clock network delay (ideal)
   0.0000    0.0000 ^ core/_4046_/CLK (sky130_fd_sc_hd__dfxtp_1)
   0.3440    0.3440 ^ core/_4046_/Q (sky130_fd_sc_hd__dfxtp_1)
   0.0813    0.4254 v core/_1916_/Y (sky130_fd_sc_hd__nand2_1)
   0.2362    0.6616 ^ core/_1917_/Y (sky130_fd_sc_hd__nor3_1)
   0.1018    0.7634 v core/_1918_/Y (sky130_fd_sc_hd__nand2_1)
   5.2893    6.0527 ^ core/_1923_/Y (sky130_fd_sc_hd__o21ai_0)
   0.8225    6.8752 ^ lsu/_66665_/X (sky130_fd_sc_hd__buf_4)
   0.1442    7.0193 v dcache/_3048_/Y (sky130_fd_sc_hd__a222oi_1)
   0.0861    7.1054 ^ dcache/_3049_/Y (sky130_fd_sc_hd__nand2_1)
   0.0450    7.1504 v dcache/_3050_/Y (sky130_fd_sc_hd__a221oi_1)
   0.2248    7.3753 v dcache/_3051_/X (sky130_fd_sc_hd__and4_1)
   0.0821    7.4574 ^ dcache/_3052_/Y (sky130_fd_sc_hd__nand2_1)
   0.0501    7.5075 v dcache/_3054_/Y (sky130_fd_sc_hd__nor4_1)
   0.2122    7.7196 v dcache/_3055_/X (sky130_fd_sc_hd__and3_1)
   0.0725    7.7922 ^ dcache/mshrs/_0615_/Y (sky130_fd_sc_hd__inv_1)
   0.0576    7.8498 v dcache/mshrs/_0616_/Y (sky130_fd_sc_hd__nor2_1)
   0.1500    7.9997 v dcache/mshrs/_0617_/Y (sky130_fd_sc_hd__a21boi_0)
   0.2412    8.2409 v dcache/mshrs/_0618_/X (sky130_fd_sc_hd__lpflow_inputiso0n_1)
   0.1858    8.4266 ^ dcache/mshrs/_0752_/Y (sky130_fd_sc_hd__a31oi_1)
   0.0689    8.4955 v dcache/mshrs/_0755_/Y (sky130_fd_sc_hd__nand2_1)
   0.2016    8.6972 v dcache/mshrs/_0756_/X (sky130_fd_sc_hd__a22o_1)
   0.1247    8.8219 v dcache/_3057_/X (sky130_fd_sc_hd__lpflow_isobufsrc_1)
   0.1863    9.0082 ^ dcache/_3059_/Y (sky130_fd_sc_hd__nor3b_1)
   0.2445    9.2527 ^ dcache/_3062_/X (sky130_fd_sc_hd__o31a_1)
   0.1380    9.3907 v dcache/_3065_/Y (sky130_fd_sc_hd__nor3_1)
   0.1212    9.5119 ^ dcache/_3066_/Y (sky130_fd_sc_hd__inv_1)
   0.3554    9.8673 ^ dcache/_3614_/X (sky130_fd_sc_hd__lpflow_clkbufkapwr_1)
   0.4437   10.3109 v dcache/_3618_/X (sky130_fd_sc_hd__mux2_2)
   0.1400   10.4509 ^ lsu/_33460_/Y (sky130_fd_sc_hd__nand2b_1)
   0.0821   10.5330 v lsu/_33469_/Y (sky130_fd_sc_hd__nor3_1)
   0.1833   10.7163 v lsu/_33470_/X (sky130_fd_sc_hd__clkbuf_1)
   0.3555   11.0718 ^ lsu/_33474_/Y (sky130_fd_sc_hd__a222oi_1)
   0.1643   11.2360 v lsu/_33475_/Y (sky130_fd_sc_hd__nand4_1)
   0.2337   11.4698 ^ lsu/_33490_/Y (sky130_fd_sc_hd__o21ai_0)
   0.0933   11.5631 v lsu/_33503_/Y (sky130_fd_sc_hd__nand3b_1)
   0.1307   11.6937 ^ lsu/_33504_/Y (sky130_fd_sc_hd__o21ai_0)
   0.1745   11.8682 ^ core/memExeUnit/_195_/X (sky130_fd_sc_hd__buf_4)
   0.2807   12.1488 ^ core/ll_wbarb/_009_/X (sky130_fd_sc_hd__clkbuf_1)
   0.3857   12.5345 ^ core/ll_wbarb/_018_/X (sky130_fd_sc_hd__lpflow_clkbufkapwr_1)
   0.3834   12.9179 v core/ll_wbarb/_028_/X (sky130_fd_sc_hd__mux2_2)
   4.4771   17.3951 ^ core/_3820_/Y (sky130_fd_sc_hd__nor3b_1)
   0.7389   18.1339 v core/rename_stage/busytable/_2117_/Y (sky130_fd_sc_hd__nand3b_1)
   0.3960   18.5300 v core/rename_stage/busytable/_2118_/X (sky130_fd_sc_hd__clkbuf_1)
   0.1822   18.7122 ^ core/rename_stage/busytable/_2223_/Y (sky130_fd_sc_hd__o22ai_1)
   0.0596   18.7718 v core/rename_stage/busytable/_2224_/Y (sky130_fd_sc_hd__a211oi_1)
   0.0840   18.8558 ^ core/rename_stage/busytable/_2225_/Y (sky130_fd_sc_hd__o21ai_0)
   0.0792   18.9350 v core/rename_stage/busytable/_2227_/Y (sky130_fd_sc_hd__a21oi_1)
   0.0035   18.9385 v core/rename_stage/busytable/_2554_/D (sky130_fd_sc_hd__dfxtp_1)
            18.9385   data arrival time

  20.0000   20.0000   clock clock (rise edge)
   0.0000   20.0000   clock network delay (ideal)
   0.0000   20.0000   clock reconvergence pessimism
            20.0000 ^ core/rename_stage/busytable/_2554_/CLK (sky130_fd_sc_hd__dfxtp_1)
  -0.1339   19.8661   library setup time
            19.8661   data required time
-------------------------------------------------------------
            19.8661   data required time
           -18.9385   data arrival time
-------------------------------------------------------------
             0.9276   slack (MET)


Startpoint: core/_4046_ (rising edge-triggered flip-flop clocked by clock)
Endpoint: core/rename_stage/busytable/_2552_
          (rising edge-triggered flip-flop clocked by clock)
Path Group: clock
Path Type: max

    Delay      Time   Description
-------------------------------------------------------------
   0.0000    0.0000   clock clock (rise edge)
   0.0000    0.0000   clock network delay (ideal)
   0.0000    0.0000 ^ core/_4046_/CLK (sky130_fd_sc_hd__dfxtp_1)
   0.3440    0.3440 ^ core/_4046_/Q (sky130_fd_sc_hd__dfxtp_1)
   0.0813    0.4254 v core/_1916_/Y (sky130_fd_sc_hd__nand2_1)
   0.2362    0.6616 ^ core/_1917_/Y (sky130_fd_sc_hd__nor3_1)
   0.1018    0.7634 v core/_1918_/Y (sky130_fd_sc_hd__nand2_1)
   5.2893    6.0527 ^ core/_1923_/Y (sky130_fd_sc_hd__o21ai_0)
   0.8225    6.8752 ^ lsu/_66665_/X (sky130_fd_sc_hd__buf_4)
   0.1442    7.0193 v dcache/_3048_/Y (sky130_fd_sc_hd__a222oi_1)
   0.0861    7.1054 ^ dcache/_3049_/Y (sky130_fd_sc_hd__nand2_1)
   0.0450    7.1504 v dcache/_3050_/Y (sky130_fd_sc_hd__a221oi_1)
   0.2248    7.3753 v dcache/_3051_/X (sky130_fd_sc_hd__and4_1)
   0.0821    7.4574 ^ dcache/_3052_/Y (sky130_fd_sc_hd__nand2_1)
   0.0501    7.5075 v dcache/_3054_/Y (sky130_fd_sc_hd__nor4_1)
   0.2122    7.7196 v dcache/_3055_/X (sky130_fd_sc_hd__and3_1)
   0.0725    7.7922 ^ dcache/mshrs/_0615_/Y (sky130_fd_sc_hd__inv_1)
   0.0576    7.8498 v dcache/mshrs/_0616_/Y (sky130_fd_sc_hd__nor2_1)
   0.1500    7.9997 v dcache/mshrs/_0617_/Y (sky130_fd_sc_hd__a21boi_0)
   0.2412    8.2409 v dcache/mshrs/_0618_/X (sky130_fd_sc_hd__lpflow_inputiso0n_1)
   0.1858    8.4266 ^ dcache/mshrs/_0752_/Y (sky130_fd_sc_hd__a31oi_1)
   0.0689    8.4955 v dcache/mshrs/_0755_/Y (sky130_fd_sc_hd__nand2_1)
   0.2016    8.6972 v dcache/mshrs/_0756_/X (sky130_fd_sc_hd__a22o_1)
   0.1247    8.8219 v dcache/_3057_/X (sky130_fd_sc_hd__lpflow_isobufsrc_1)
   0.1863    9.0082 ^ dcache/_3059_/Y (sky130_fd_sc_hd__nor3b_1)
   0.2445    9.2527 ^ dcache/_3062_/X (sky130_fd_sc_hd__o31a_1)
   0.1380    9.3907 v dcache/_3065_/Y (sky130_fd_sc_hd__nor3_1)
   0.1212    9.5119 ^ dcache/_3066_/Y (sky130_fd_sc_hd__inv_1)
   0.3554    9.8673 ^ dcache/_3614_/X (sky130_fd_sc_hd__lpflow_clkbufkapwr_1)
   0.4437   10.3109 v dcache/_3618_/X (sky130_fd_sc_hd__mux2_2)
   0.1400   10.4509 ^ lsu/_33460_/Y (sky130_fd_sc_hd__nand2b_1)
   0.0821   10.5330 v lsu/_33469_/Y (sky130_fd_sc_hd__nor3_1)
   0.1833   10.7163 v lsu/_33470_/X (sky130_fd_sc_hd__clkbuf_1)
   0.3555   11.0718 ^ lsu/_33474_/Y (sky130_fd_sc_hd__a222oi_1)
   0.1643   11.2360 v lsu/_33475_/Y (sky130_fd_sc_hd__nand4_1)
   0.2337   11.4698 ^ lsu/_33490_/Y (sky130_fd_sc_hd__o21ai_0)
   0.0933   11.5631 v lsu/_33503_/Y (sky130_fd_sc_hd__nand3b_1)
   0.1307   11.6937 ^ lsu/_33504_/Y (sky130_fd_sc_hd__o21ai_0)
   0.1745   11.8682 ^ core/memExeUnit/_195_/X (sky130_fd_sc_hd__buf_4)
   0.2807   12.1488 ^ core/ll_wbarb/_009_/X (sky130_fd_sc_hd__clkbuf_1)
   0.3857   12.5345 ^ core/ll_wbarb/_018_/X (sky130_fd_sc_hd__lpflow_clkbufkapwr_1)
   0.3834   12.9179 v core/ll_wbarb/_028_/X (sky130_fd_sc_hd__mux2_2)
   4.4771   17.3951 ^ core/_3820_/Y (sky130_fd_sc_hd__nor3b_1)
   0.7389   18.1339 v core/rename_stage/busytable/_2117_/Y (sky130_fd_sc_hd__nand3b_1)
   0.3960   18.5300 v core/rename_stage/busytable/_2118_/X (sky130_fd_sc_hd__clkbuf_1)
   0.1822   18.7122 ^ core/rename_stage/busytable/_2210_/Y (sky130_fd_sc_hd__o22ai_1)
   0.0594   18.7715 v core/rename_stage/busytable/_2211_/Y (sky130_fd_sc_hd__a211oi_1)
   0.0840   18.8555 ^ core/rename_stage/busytable/_2212_/Y (sky130_fd_sc_hd__o21ai_0)
   0.0792   18.9347 v core/rename_stage/busytable/_2214_/Y (sky130_fd_sc_hd__a21oi_1)
   0.0035   18.9382 v core/rename_stage/busytable/_2552_/D (sky130_fd_sc_hd__dfxtp_1)
            18.9382   data arrival time

  20.0000   20.0000   clock clock (rise edge)
   0.0000   20.0000   clock network delay (ideal)
   0.0000   20.0000   clock reconvergence pessimism
            20.0000 ^ core/rename_stage/busytable/_2552_/CLK (sky130_fd_sc_hd__dfxtp_1)
  -0.1339   19.8661   library setup time
            19.8661   data required time
-------------------------------------------------------------
            19.8661   data required time
           -18.9382   data arrival time
-------------------------------------------------------------
             0.9279   slack (MET)


Startpoint: core/_4046_ (rising edge-triggered flip-flop clocked by clock)
Endpoint: core/rename_stage/busytable/_2548_
          (rising edge-triggered flip-flop clocked by clock)
Path Group: clock
Path Type: max

    Delay      Time   Description
-------------------------------------------------------------
   0.0000    0.0000   clock clock (rise edge)
   0.0000    0.0000   clock network delay (ideal)
   0.0000    0.0000 ^ core/_4046_/CLK (sky130_fd_sc_hd__dfxtp_1)
   0.3440    0.3440 ^ core/_4046_/Q (sky130_fd_sc_hd__dfxtp_1)
   0.0813    0.4254 v core/_1916_/Y (sky130_fd_sc_hd__nand2_1)
   0.2362    0.6616 ^ core/_1917_/Y (sky130_fd_sc_hd__nor3_1)
   0.1018    0.7634 v core/_1918_/Y (sky130_fd_sc_hd__nand2_1)
   5.2893    6.0527 ^ core/_1923_/Y (sky130_fd_sc_hd__o21ai_0)
   0.8225    6.8752 ^ lsu/_66665_/X (sky130_fd_sc_hd__buf_4)
   0.1442    7.0193 v dcache/_3048_/Y (sky130_fd_sc_hd__a222oi_1)
   0.0861    7.1054 ^ dcache/_3049_/Y (sky130_fd_sc_hd__nand2_1)
   0.0450    7.1504 v dcache/_3050_/Y (sky130_fd_sc_hd__a221oi_1)
   0.2248    7.3753 v dcache/_3051_/X (sky130_fd_sc_hd__and4_1)
   0.0821    7.4574 ^ dcache/_3052_/Y (sky130_fd_sc_hd__nand2_1)
   0.0501    7.5075 v dcache/_3054_/Y (sky130_fd_sc_hd__nor4_1)
   0.2122    7.7196 v dcache/_3055_/X (sky130_fd_sc_hd__and3_1)
   0.0725    7.7922 ^ dcache/mshrs/_0615_/Y (sky130_fd_sc_hd__inv_1)
   0.0576    7.8498 v dcache/mshrs/_0616_/Y (sky130_fd_sc_hd__nor2_1)
   0.1500    7.9997 v dcache/mshrs/_0617_/Y (sky130_fd_sc_hd__a21boi_0)
   0.2412    8.2409 v dcache/mshrs/_0618_/X (sky130_fd_sc_hd__lpflow_inputiso0n_1)
   0.1858    8.4266 ^ dcache/mshrs/_0752_/Y (sky130_fd_sc_hd__a31oi_1)
   0.0689    8.4955 v dcache/mshrs/_0755_/Y (sky130_fd_sc_hd__nand2_1)
   0.2016    8.6972 v dcache/mshrs/_0756_/X (sky130_fd_sc_hd__a22o_1)
   0.1247    8.8219 v dcache/_3057_/X (sky130_fd_sc_hd__lpflow_isobufsrc_1)
   0.1863    9.0082 ^ dcache/_3059_/Y (sky130_fd_sc_hd__nor3b_1)
   0.2445    9.2527 ^ dcache/_3062_/X (sky130_fd_sc_hd__o31a_1)
   0.1380    9.3907 v dcache/_3065_/Y (sky130_fd_sc_hd__nor3_1)
   0.1212    9.5119 ^ dcache/_3066_/Y (sky130_fd_sc_hd__inv_1)
   0.3554    9.8673 ^ dcache/_3614_/X (sky130_fd_sc_hd__lpflow_clkbufkapwr_1)
   0.4437   10.3109 v dcache/_3618_/X (sky130_fd_sc_hd__mux2_2)
   0.1400   10.4509 ^ lsu/_33460_/Y (sky130_fd_sc_hd__nand2b_1)
   0.0821   10.5330 v lsu/_33469_/Y (sky130_fd_sc_hd__nor3_1)
   0.1833   10.7163 v lsu/_33470_/X (sky130_fd_sc_hd__clkbuf_1)
   0.3555   11.0718 ^ lsu/_33474_/Y (sky130_fd_sc_hd__a222oi_1)
   0.1643   11.2360 v lsu/_33475_/Y (sky130_fd_sc_hd__nand4_1)
   0.2337   11.4698 ^ lsu/_33490_/Y (sky130_fd_sc_hd__o21ai_0)
   0.0933   11.5631 v lsu/_33503_/Y (sky130_fd_sc_hd__nand3b_1)
   0.1307   11.6937 ^ lsu/_33504_/Y (sky130_fd_sc_hd__o21ai_0)
   0.1745   11.8682 ^ core/memExeUnit/_195_/X (sky130_fd_sc_hd__buf_4)
   0.2807   12.1488 ^ core/ll_wbarb/_009_/X (sky130_fd_sc_hd__clkbuf_1)
   0.3857   12.5345 ^ core/ll_wbarb/_018_/X (sky130_fd_sc_hd__lpflow_clkbufkapwr_1)
   0.3834   12.9179 v core/ll_wbarb/_028_/X (sky130_fd_sc_hd__mux2_2)
   4.4771   17.3951 ^ core/_3820_/Y (sky130_fd_sc_hd__nor3b_1)
   0.7389   18.1339 v core/rename_stage/busytable/_2117_/Y (sky130_fd_sc_hd__nand3b_1)
   0.3960   18.5300 v core/rename_stage/busytable/_2118_/X (sky130_fd_sc_hd__clkbuf_1)
   0.1572   18.6872 ^ core/rename_stage/busytable/_2182_/Y (sky130_fd_sc_hd__o22ai_1)
   0.0793   18.7665 v core/rename_stage/busytable/_2184_/Y (sky130_fd_sc_hd__a211oi_1)
   0.0872   18.8537 ^ core/rename_stage/busytable/_2185_/Y (sky130_fd_sc_hd__o21ai_0)
   0.0793   18.9330 v core/rename_stage/busytable/_2187_/Y (sky130_fd_sc_hd__a21oi_1)
   0.0035   18.9365 v core/rename_stage/busytable/_2548_/D (sky130_fd_sc_hd__dfxtp_1)
            18.9365   data arrival time

  20.0000   20.0000   clock clock (rise edge)
   0.0000   20.0000   clock network delay (ideal)
   0.0000   20.0000   clock reconvergence pessimism
            20.0000 ^ core/rename_stage/busytable/_2548_/CLK (sky130_fd_sc_hd__dfxtp_1)
  -0.1339   19.8661   library setup time
            19.8661   data required time
-------------------------------------------------------------
            19.8661   data required time
           -18.9365   data arrival time
-------------------------------------------------------------
             0.9296   slack (MET)


Startpoint: core/_4046_ (rising edge-triggered flip-flop clocked by clock)
Endpoint: core/rename_stage/busytable/_2543_
          (rising edge-triggered flip-flop clocked by clock)
Path Group: clock
Path Type: max

    Delay      Time   Description
-------------------------------------------------------------
   0.0000    0.0000   clock clock (rise edge)
   0.0000    0.0000   clock network delay (ideal)
   0.0000    0.0000 ^ core/_4046_/CLK (sky130_fd_sc_hd__dfxtp_1)
   0.3440    0.3440 ^ core/_4046_/Q (sky130_fd_sc_hd__dfxtp_1)
   0.0813    0.4254 v core/_1916_/Y (sky130_fd_sc_hd__nand2_1)
   0.2362    0.6616 ^ core/_1917_/Y (sky130_fd_sc_hd__nor3_1)
   0.1018    0.7634 v core/_1918_/Y (sky130_fd_sc_hd__nand2_1)
   5.2893    6.0527 ^ core/_1923_/Y (sky130_fd_sc_hd__o21ai_0)
   0.8225    6.8752 ^ lsu/_66665_/X (sky130_fd_sc_hd__buf_4)
   0.1442    7.0193 v dcache/_3048_/Y (sky130_fd_sc_hd__a222oi_1)
   0.0861    7.1054 ^ dcache/_3049_/Y (sky130_fd_sc_hd__nand2_1)
   0.0450    7.1504 v dcache/_3050_/Y (sky130_fd_sc_hd__a221oi_1)
   0.2248    7.3753 v dcache/_3051_/X (sky130_fd_sc_hd__and4_1)
   0.0821    7.4574 ^ dcache/_3052_/Y (sky130_fd_sc_hd__nand2_1)
   0.0501    7.5075 v dcache/_3054_/Y (sky130_fd_sc_hd__nor4_1)
   0.2122    7.7196 v dcache/_3055_/X (sky130_fd_sc_hd__and3_1)
   0.0725    7.7922 ^ dcache/mshrs/_0615_/Y (sky130_fd_sc_hd__inv_1)
   0.0576    7.8498 v dcache/mshrs/_0616_/Y (sky130_fd_sc_hd__nor2_1)
   0.1500    7.9997 v dcache/mshrs/_0617_/Y (sky130_fd_sc_hd__a21boi_0)
   0.2412    8.2409 v dcache/mshrs/_0618_/X (sky130_fd_sc_hd__lpflow_inputiso0n_1)
   0.1858    8.4266 ^ dcache/mshrs/_0752_/Y (sky130_fd_sc_hd__a31oi_1)
   0.0689    8.4955 v dcache/mshrs/_0755_/Y (sky130_fd_sc_hd__nand2_1)
   0.2016    8.6972 v dcache/mshrs/_0756_/X (sky130_fd_sc_hd__a22o_1)
   0.1247    8.8219 v dcache/_3057_/X (sky130_fd_sc_hd__lpflow_isobufsrc_1)
   0.1863    9.0082 ^ dcache/_3059_/Y (sky130_fd_sc_hd__nor3b_1)
   0.2445    9.2527 ^ dcache/_3062_/X (sky130_fd_sc_hd__o31a_1)
   0.1380    9.3907 v dcache/_3065_/Y (sky130_fd_sc_hd__nor3_1)
   0.1212    9.5119 ^ dcache/_3066_/Y (sky130_fd_sc_hd__inv_1)
   0.3554    9.8673 ^ dcache/_3614_/X (sky130_fd_sc_hd__lpflow_clkbufkapwr_1)
   0.4437   10.3109 v dcache/_3618_/X (sky130_fd_sc_hd__mux2_2)
   0.1400   10.4509 ^ lsu/_33460_/Y (sky130_fd_sc_hd__nand2b_1)
   0.0821   10.5330 v lsu/_33469_/Y (sky130_fd_sc_hd__nor3_1)
   0.1833   10.7163 v lsu/_33470_/X (sky130_fd_sc_hd__clkbuf_1)
   0.3555   11.0718 ^ lsu/_33474_/Y (sky130_fd_sc_hd__a222oi_1)
   0.1643   11.2360 v lsu/_33475_/Y (sky130_fd_sc_hd__nand4_1)
   0.2337   11.4698 ^ lsu/_33490_/Y (sky130_fd_sc_hd__o21ai_0)
   0.0933   11.5631 v lsu/_33503_/Y (sky130_fd_sc_hd__nand3b_1)
   0.1307   11.6937 ^ lsu/_33504_/Y (sky130_fd_sc_hd__o21ai_0)
   0.1745   11.8682 ^ core/memExeUnit/_195_/X (sky130_fd_sc_hd__buf_4)
   0.2807   12.1488 ^ core/ll_wbarb/_009_/X (sky130_fd_sc_hd__clkbuf_1)
   0.3857   12.5345 ^ core/ll_wbarb/_018_/X (sky130_fd_sc_hd__lpflow_clkbufkapwr_1)
   0.3834   12.9179 v core/ll_wbarb/_028_/X (sky130_fd_sc_hd__mux2_2)
   4.4771   17.3951 ^ core/_3820_/Y (sky130_fd_sc_hd__nor3b_1)
   0.7389   18.1339 v core/rename_stage/busytable/_2117_/Y (sky130_fd_sc_hd__nand3b_1)
   0.4263   18.5602 ^ core/rename_stage/busytable/_2138_/Y (sky130_fd_sc_hd__o21ai_0)
   0.0977   18.6579 v core/rename_stage/busytable/_2145_/Y (sky130_fd_sc_hd__nor3_1)
   0.2136   18.8715 ^ core/rename_stage/busytable/_2146_/Y (sky130_fd_sc_hd__a221oi_1)
   0.0620   18.9335 v core/rename_stage/busytable/_2147_/Y (sky130_fd_sc_hd__nor2_1)
   0.0035   18.9370 v core/rename_stage/busytable/_2543_/D (sky130_fd_sc_hd__dfxtp_1)
            18.9370   data arrival time

  20.0000   20.0000   clock clock (rise edge)
   0.0000   20.0000   clock network delay (ideal)
   0.0000   20.0000   clock reconvergence pessimism
            20.0000 ^ core/rename_stage/busytable/_2543_/CLK (sky130_fd_sc_hd__dfxtp_1)
  -0.1293   19.8707   library setup time
            19.8707   data required time
-------------------------------------------------------------
            19.8707   data required time
           -18.9370   data arrival time
-------------------------------------------------------------
             0.9337   slack (MET)


Startpoint: core/_4046_ (rising edge-triggered flip-flop clocked by clock)
Endpoint: core/rename_stage/busytable/_2551_
          (rising edge-triggered flip-flop clocked by clock)
Path Group: clock
Path Type: max

    Delay      Time   Description
-------------------------------------------------------------
   0.0000    0.0000   clock clock (rise edge)
   0.0000    0.0000   clock network delay (ideal)
   0.0000    0.0000 ^ core/_4046_/CLK (sky130_fd_sc_hd__dfxtp_1)
   0.3440    0.3440 ^ core/_4046_/Q (sky130_fd_sc_hd__dfxtp_1)
   0.0813    0.4254 v core/_1916_/Y (sky130_fd_sc_hd__nand2_1)
   0.2362    0.6616 ^ core/_1917_/Y (sky130_fd_sc_hd__nor3_1)
   0.1018    0.7634 v core/_1918_/Y (sky130_fd_sc_hd__nand2_1)
   5.2893    6.0527 ^ core/_1923_/Y (sky130_fd_sc_hd__o21ai_0)
   0.8225    6.8752 ^ lsu/_66665_/X (sky130_fd_sc_hd__buf_4)
   0.1442    7.0193 v dcache/_3048_/Y (sky130_fd_sc_hd__a222oi_1)
   0.0861    7.1054 ^ dcache/_3049_/Y (sky130_fd_sc_hd__nand2_1)
   0.0450    7.1504 v dcache/_3050_/Y (sky130_fd_sc_hd__a221oi_1)
   0.2248    7.3753 v dcache/_3051_/X (sky130_fd_sc_hd__and4_1)
   0.0821    7.4574 ^ dcache/_3052_/Y (sky130_fd_sc_hd__nand2_1)
   0.0501    7.5075 v dcache/_3054_/Y (sky130_fd_sc_hd__nor4_1)
   0.2122    7.7196 v dcache/_3055_/X (sky130_fd_sc_hd__and3_1)
   0.0725    7.7922 ^ dcache/mshrs/_0615_/Y (sky130_fd_sc_hd__inv_1)
   0.0576    7.8498 v dcache/mshrs/_0616_/Y (sky130_fd_sc_hd__nor2_1)
   0.1500    7.9997 v dcache/mshrs/_0617_/Y (sky130_fd_sc_hd__a21boi_0)
   0.2412    8.2409 v dcache/mshrs/_0618_/X (sky130_fd_sc_hd__lpflow_inputiso0n_1)
   0.1858    8.4266 ^ dcache/mshrs/_0752_/Y (sky130_fd_sc_hd__a31oi_1)
   0.0689    8.4955 v dcache/mshrs/_0755_/Y (sky130_fd_sc_hd__nand2_1)
   0.2016    8.6972 v dcache/mshrs/_0756_/X (sky130_fd_sc_hd__a22o_1)
   0.1247    8.8219 v dcache/_3057_/X (sky130_fd_sc_hd__lpflow_isobufsrc_1)
   0.1863    9.0082 ^ dcache/_3059_/Y (sky130_fd_sc_hd__nor3b_1)
   0.2445    9.2527 ^ dcache/_3062_/X (sky130_fd_sc_hd__o31a_1)
   0.1380    9.3907 v dcache/_3065_/Y (sky130_fd_sc_hd__nor3_1)
   0.1212    9.5119 ^ dcache/_3066_/Y (sky130_fd_sc_hd__inv_1)
   0.3554    9.8673 ^ dcache/_3614_/X (sky130_fd_sc_hd__lpflow_clkbufkapwr_1)
   0.4437   10.3109 v dcache/_3618_/X (sky130_fd_sc_hd__mux2_2)
   0.1400   10.4509 ^ lsu/_33460_/Y (sky130_fd_sc_hd__nand2b_1)
   0.0821   10.5330 v lsu/_33469_/Y (sky130_fd_sc_hd__nor3_1)
   0.1833   10.7163 v lsu/_33470_/X (sky130_fd_sc_hd__clkbuf_1)
   0.3555   11.0718 ^ lsu/_33474_/Y (sky130_fd_sc_hd__a222oi_1)
   0.1643   11.2360 v lsu/_33475_/Y (sky130_fd_sc_hd__nand4_1)
   0.2337   11.4698 ^ lsu/_33490_/Y (sky130_fd_sc_hd__o21ai_0)
   0.0933   11.5631 v lsu/_33503_/Y (sky130_fd_sc_hd__nand3b_1)
   0.1307   11.6937 ^ lsu/_33504_/Y (sky130_fd_sc_hd__o21ai_0)
   0.1745   11.8682 ^ core/memExeUnit/_195_/X (sky130_fd_sc_hd__buf_4)
   0.2807   12.1488 ^ core/ll_wbarb/_009_/X (sky130_fd_sc_hd__clkbuf_1)
   0.3857   12.5345 ^ core/ll_wbarb/_018_/X (sky130_fd_sc_hd__lpflow_clkbufkapwr_1)
   0.3834   12.9179 v core/ll_wbarb/_028_/X (sky130_fd_sc_hd__mux2_2)
   4.4771   17.3951 ^ core/_3820_/Y (sky130_fd_sc_hd__nor3b_1)
   0.7389   18.1339 v core/rename_stage/busytable/_2117_/Y (sky130_fd_sc_hd__nand3b_1)
   0.4263   18.5602 ^ core/rename_stage/busytable/_2203_/Y (sky130_fd_sc_hd__o21ai_0)
   0.0977   18.6579 v core/rename_stage/busytable/_2206_/Y (sky130_fd_sc_hd__nor3_1)
   0.2136   18.8715 ^ core/rename_stage/busytable/_2207_/Y (sky130_fd_sc_hd__a221oi_1)
   0.0620   18.9335 v core/rename_stage/busytable/_2208_/Y (sky130_fd_sc_hd__nor2_1)
   0.0035   18.9370 v core/rename_stage/busytable/_2551_/D (sky130_fd_sc_hd__dfxtp_1)
            18.9370   data arrival time

  20.0000   20.0000   clock clock (rise edge)
   0.0000   20.0000   clock network delay (ideal)
   0.0000   20.0000   clock reconvergence pessimism
            20.0000 ^ core/rename_stage/busytable/_2551_/CLK (sky130_fd_sc_hd__dfxtp_1)
  -0.1293   19.8707   library setup time
            19.8707   data required time
-------------------------------------------------------------
            19.8707   data required time
           -18.9370   data arrival time
-------------------------------------------------------------
             0.9337   slack (MET)


Startpoint: core/_4046_ (rising edge-triggered flip-flop clocked by clock)
Endpoint: core/rename_stage/busytable/_2550_
          (rising edge-triggered flip-flop clocked by clock)
Path Group: clock
Path Type: max

    Delay      Time   Description
-------------------------------------------------------------
   0.0000    0.0000   clock clock (rise edge)
   0.0000    0.0000   clock network delay (ideal)
   0.0000    0.0000 ^ core/_4046_/CLK (sky130_fd_sc_hd__dfxtp_1)
   0.3440    0.3440 ^ core/_4046_/Q (sky130_fd_sc_hd__dfxtp_1)
   0.0813    0.4254 v core/_1916_/Y (sky130_fd_sc_hd__nand2_1)
   0.2362    0.6616 ^ core/_1917_/Y (sky130_fd_sc_hd__nor3_1)
   0.1018    0.7634 v core/_1918_/Y (sky130_fd_sc_hd__nand2_1)
   5.2893    6.0527 ^ core/_1923_/Y (sky130_fd_sc_hd__o21ai_0)
   0.8225    6.8752 ^ lsu/_66665_/X (sky130_fd_sc_hd__buf_4)
   0.1442    7.0193 v dcache/_3048_/Y (sky130_fd_sc_hd__a222oi_1)
   0.0861    7.1054 ^ dcache/_3049_/Y (sky130_fd_sc_hd__nand2_1)
   0.0450    7.1504 v dcache/_3050_/Y (sky130_fd_sc_hd__a221oi_1)
   0.2248    7.3753 v dcache/_3051_/X (sky130_fd_sc_hd__and4_1)
   0.0821    7.4574 ^ dcache/_3052_/Y (sky130_fd_sc_hd__nand2_1)
   0.0501    7.5075 v dcache/_3054_/Y (sky130_fd_sc_hd__nor4_1)
   0.2122    7.7196 v dcache/_3055_/X (sky130_fd_sc_hd__and3_1)
   0.0725    7.7922 ^ dcache/mshrs/_0615_/Y (sky130_fd_sc_hd__inv_1)
   0.0576    7.8498 v dcache/mshrs/_0616_/Y (sky130_fd_sc_hd__nor2_1)
   0.1500    7.9997 v dcache/mshrs/_0617_/Y (sky130_fd_sc_hd__a21boi_0)
   0.2412    8.2409 v dcache/mshrs/_0618_/X (sky130_fd_sc_hd__lpflow_inputiso0n_1)
   0.1858    8.4266 ^ dcache/mshrs/_0752_/Y (sky130_fd_sc_hd__a31oi_1)
   0.0689    8.4955 v dcache/mshrs/_0755_/Y (sky130_fd_sc_hd__nand2_1)
   0.2016    8.6972 v dcache/mshrs/_0756_/X (sky130_fd_sc_hd__a22o_1)
   0.1247    8.8219 v dcache/_3057_/X (sky130_fd_sc_hd__lpflow_isobufsrc_1)
   0.1863    9.0082 ^ dcache/_3059_/Y (sky130_fd_sc_hd__nor3b_1)
   0.2445    9.2527 ^ dcache/_3062_/X (sky130_fd_sc_hd__o31a_1)
   0.1380    9.3907 v dcache/_3065_/Y (sky130_fd_sc_hd__nor3_1)
   0.1212    9.5119 ^ dcache/_3066_/Y (sky130_fd_sc_hd__inv_1)
   0.3554    9.8673 ^ dcache/_3614_/X (sky130_fd_sc_hd__lpflow_clkbufkapwr_1)
   0.4437   10.3109 v dcache/_3618_/X (sky130_fd_sc_hd__mux2_2)
   0.1400   10.4509 ^ lsu/_33460_/Y (sky130_fd_sc_hd__nand2b_1)
   0.0821   10.5330 v lsu/_33469_/Y (sky130_fd_sc_hd__nor3_1)
   0.1833   10.7163 v lsu/_33470_/X (sky130_fd_sc_hd__clkbuf_1)
   0.3555   11.0718 ^ lsu/_33474_/Y (sky130_fd_sc_hd__a222oi_1)
   0.1643   11.2360 v lsu/_33475_/Y (sky130_fd_sc_hd__nand4_1)
   0.2337   11.4698 ^ lsu/_33490_/Y (sky130_fd_sc_hd__o21ai_0)
   0.0933   11.5631 v lsu/_33503_/Y (sky130_fd_sc_hd__nand3b_1)
   0.1307   11.6937 ^ lsu/_33504_/Y (sky130_fd_sc_hd__o21ai_0)
   0.1745   11.8682 ^ core/memExeUnit/_195_/X (sky130_fd_sc_hd__buf_4)
   0.2807   12.1488 ^ core/ll_wbarb/_009_/X (sky130_fd_sc_hd__clkbuf_1)
   0.3857   12.5345 ^ core/ll_wbarb/_018_/X (sky130_fd_sc_hd__lpflow_clkbufkapwr_1)
   0.3834   12.9179 v core/ll_wbarb/_028_/X (sky130_fd_sc_hd__mux2_2)
   4.4771   17.3951 ^ core/_3820_/Y (sky130_fd_sc_hd__nor3b_1)
   0.7389   18.1339 v core/rename_stage/busytable/_2117_/Y (sky130_fd_sc_hd__nand3b_1)
   0.4380   18.5719 ^ core/rename_stage/busytable/_2199_/Y (sky130_fd_sc_hd__o22ai_1)
   0.0759   18.6478 v core/rename_stage/busytable/_2200_/Y (sky130_fd_sc_hd__a211oi_1)
   0.1950   18.8428 ^ core/rename_stage/busytable/_2201_/Y (sky130_fd_sc_hd__a32oi_1)
   0.0839   18.9267 v core/rename_stage/busytable/_2202_/Y (sky130_fd_sc_hd__a21oi_1)
   0.0035   18.9302 v core/rename_stage/busytable/_2550_/D (sky130_fd_sc_hd__dfxtp_1)
            18.9302   data arrival time

  20.0000   20.0000   clock clock (rise edge)
   0.0000   20.0000   clock network delay (ideal)
   0.0000   20.0000   clock reconvergence pessimism
            20.0000 ^ core/rename_stage/busytable/_2550_/CLK (sky130_fd_sc_hd__dfxtp_1)
  -0.1339   19.8661   library setup time
            19.8661   data required time
-------------------------------------------------------------
            19.8661   data required time
           -18.9302   data arrival time
-------------------------------------------------------------
             0.9359   slack (MET)


Startpoint: core/_4046_ (rising edge-triggered flip-flop clocked by clock)
Endpoint: core/rename_stage/busytable/_2569_
          (rising edge-triggered flip-flop clocked by clock)
Path Group: clock
Path Type: max

    Delay      Time   Description
-------------------------------------------------------------
   0.0000    0.0000   clock clock (rise edge)
   0.0000    0.0000   clock network delay (ideal)
   0.0000    0.0000 ^ core/_4046_/CLK (sky130_fd_sc_hd__dfxtp_1)
   0.3440    0.3440 ^ core/_4046_/Q (sky130_fd_sc_hd__dfxtp_1)
   0.0813    0.4254 v core/_1916_/Y (sky130_fd_sc_hd__nand2_1)
   0.2362    0.6616 ^ core/_1917_/Y (sky130_fd_sc_hd__nor3_1)
   0.1018    0.7634 v core/_1918_/Y (sky130_fd_sc_hd__nand2_1)
   5.2893    6.0527 ^ core/_1923_/Y (sky130_fd_sc_hd__o21ai_0)
   0.8225    6.8752 ^ lsu/_66665_/X (sky130_fd_sc_hd__buf_4)
   0.1442    7.0193 v dcache/_3048_/Y (sky130_fd_sc_hd__a222oi_1)
   0.0861    7.1054 ^ dcache/_3049_/Y (sky130_fd_sc_hd__nand2_1)
   0.0450    7.1504 v dcache/_3050_/Y (sky130_fd_sc_hd__a221oi_1)
   0.2248    7.3753 v dcache/_3051_/X (sky130_fd_sc_hd__and4_1)
   0.0821    7.4574 ^ dcache/_3052_/Y (sky130_fd_sc_hd__nand2_1)
   0.0501    7.5075 v dcache/_3054_/Y (sky130_fd_sc_hd__nor4_1)
   0.2122    7.7196 v dcache/_3055_/X (sky130_fd_sc_hd__and3_1)
   0.0725    7.7922 ^ dcache/mshrs/_0615_/Y (sky130_fd_sc_hd__inv_1)
   0.0576    7.8498 v dcache/mshrs/_0616_/Y (sky130_fd_sc_hd__nor2_1)
   0.1500    7.9997 v dcache/mshrs/_0617_/Y (sky130_fd_sc_hd__a21boi_0)
   0.2412    8.2409 v dcache/mshrs/_0618_/X (sky130_fd_sc_hd__lpflow_inputiso0n_1)
   0.1858    8.4266 ^ dcache/mshrs/_0752_/Y (sky130_fd_sc_hd__a31oi_1)
   0.0689    8.4955 v dcache/mshrs/_0755_/Y (sky130_fd_sc_hd__nand2_1)
   0.2016    8.6972 v dcache/mshrs/_0756_/X (sky130_fd_sc_hd__a22o_1)
   0.1247    8.8219 v dcache/_3057_/X (sky130_fd_sc_hd__lpflow_isobufsrc_1)
   0.1863    9.0082 ^ dcache/_3059_/Y (sky130_fd_sc_hd__nor3b_1)
   0.2445    9.2527 ^ dcache/_3062_/X (sky130_fd_sc_hd__o31a_1)
   0.1380    9.3907 v dcache/_3065_/Y (sky130_fd_sc_hd__nor3_1)
   0.1212    9.5119 ^ dcache/_3066_/Y (sky130_fd_sc_hd__inv_1)
   0.3554    9.8673 ^ dcache/_3614_/X (sky130_fd_sc_hd__lpflow_clkbufkapwr_1)
   0.4437   10.3109 v dcache/_3618_/X (sky130_fd_sc_hd__mux2_2)
   0.1400   10.4509 ^ lsu/_33460_/Y (sky130_fd_sc_hd__nand2b_1)
   0.0821   10.5330 v lsu/_33469_/Y (sky130_fd_sc_hd__nor3_1)
   0.1833   10.7163 v lsu/_33470_/X (sky130_fd_sc_hd__clkbuf_1)
   0.3555   11.0718 ^ lsu/_33474_/Y (sky130_fd_sc_hd__a222oi_1)
   0.1643   11.2360 v lsu/_33475_/Y (sky130_fd_sc_hd__nand4_1)
   0.2337   11.4698 ^ lsu/_33490_/Y (sky130_fd_sc_hd__o21ai_0)
   0.0933   11.5631 v lsu/_33503_/Y (sky130_fd_sc_hd__nand3b_1)
   0.1307   11.6937 ^ lsu/_33504_/Y (sky130_fd_sc_hd__o21ai_0)
   0.1745   11.8682 ^ core/memExeUnit/_195_/X (sky130_fd_sc_hd__buf_4)
   0.2807   12.1488 ^ core/ll_wbarb/_009_/X (sky130_fd_sc_hd__clkbuf_1)
   0.3857   12.5345 ^ core/ll_wbarb/_018_/X (sky130_fd_sc_hd__lpflow_clkbufkapwr_1)
   0.3834   12.9179 v core/ll_wbarb/_028_/X (sky130_fd_sc_hd__mux2_2)
   4.4771   17.3951 ^ core/_3820_/Y (sky130_fd_sc_hd__nor3b_1)
   0.7389   18.1339 v core/rename_stage/busytable/_2117_/Y (sky130_fd_sc_hd__nand3b_1)
   0.3960   18.5300 v core/rename_stage/busytable/_2118_/X (sky130_fd_sc_hd__clkbuf_1)
   0.1633   18.6933 ^ core/rename_stage/busytable/_2348_/Y (sky130_fd_sc_hd__nor3_1)
   0.0599   18.7532 v core/rename_stage/busytable/_2349_/Y (sky130_fd_sc_hd__a21oi_1)
   0.0972   18.8504 ^ core/rename_stage/busytable/_2350_/Y (sky130_fd_sc_hd__nand4_1)
   0.0623   18.9127 v core/rename_stage/busytable/_2352_/Y (sky130_fd_sc_hd__a21oi_1)
   0.0035   18.9162 v core/rename_stage/busytable/_2569_/D (sky130_fd_sc_hd__dfxtp_1)
            18.9162   data arrival time

  20.0000   20.0000   clock clock (rise edge)
   0.0000   20.0000   clock network delay (ideal)
   0.0000   20.0000   clock reconvergence pessimism
            20.0000 ^ core/rename_stage/busytable/_2569_/CLK (sky130_fd_sc_hd__dfxtp_1)
  -0.1339   19.8661   library setup time
            19.8661   data required time
-------------------------------------------------------------
            19.8661   data required time
           -18.9162   data arrival time
-------------------------------------------------------------
             0.9499   slack (MET)


Startpoint: core/_4046_ (rising edge-triggered flip-flop clocked by clock)
Endpoint: core/rename_stage/busytable/_2542_
          (rising edge-triggered flip-flop clocked by clock)
Path Group: clock
Path Type: max

    Delay      Time   Description
-------------------------------------------------------------
   0.0000    0.0000   clock clock (rise edge)
   0.0000    0.0000   clock network delay (ideal)
   0.0000    0.0000 ^ core/_4046_/CLK (sky130_fd_sc_hd__dfxtp_1)
   0.3440    0.3440 ^ core/_4046_/Q (sky130_fd_sc_hd__dfxtp_1)
   0.0813    0.4254 v core/_1916_/Y (sky130_fd_sc_hd__nand2_1)
   0.2362    0.6616 ^ core/_1917_/Y (sky130_fd_sc_hd__nor3_1)
   0.1018    0.7634 v core/_1918_/Y (sky130_fd_sc_hd__nand2_1)
   5.2893    6.0527 ^ core/_1923_/Y (sky130_fd_sc_hd__o21ai_0)
   0.8225    6.8752 ^ lsu/_66665_/X (sky130_fd_sc_hd__buf_4)
   0.1442    7.0193 v dcache/_3048_/Y (sky130_fd_sc_hd__a222oi_1)
   0.0861    7.1054 ^ dcache/_3049_/Y (sky130_fd_sc_hd__nand2_1)
   0.0450    7.1504 v dcache/_3050_/Y (sky130_fd_sc_hd__a221oi_1)
   0.2248    7.3753 v dcache/_3051_/X (sky130_fd_sc_hd__and4_1)
   0.0821    7.4574 ^ dcache/_3052_/Y (sky130_fd_sc_hd__nand2_1)
   0.0501    7.5075 v dcache/_3054_/Y (sky130_fd_sc_hd__nor4_1)
   0.2122    7.7196 v dcache/_3055_/X (sky130_fd_sc_hd__and3_1)
   0.0725    7.7922 ^ dcache/mshrs/_0615_/Y (sky130_fd_sc_hd__inv_1)
   0.0576    7.8498 v dcache/mshrs/_0616_/Y (sky130_fd_sc_hd__nor2_1)
   0.1500    7.9997 v dcache/mshrs/_0617_/Y (sky130_fd_sc_hd__a21boi_0)
   0.2412    8.2409 v dcache/mshrs/_0618_/X (sky130_fd_sc_hd__lpflow_inputiso0n_1)
   0.1858    8.4266 ^ dcache/mshrs/_0752_/Y (sky130_fd_sc_hd__a31oi_1)
   0.0689    8.4955 v dcache/mshrs/_0755_/Y (sky130_fd_sc_hd__nand2_1)
   0.2016    8.6972 v dcache/mshrs/_0756_/X (sky130_fd_sc_hd__a22o_1)
   0.1247    8.8219 v dcache/_3057_/X (sky130_fd_sc_hd__lpflow_isobufsrc_1)
   0.1863    9.0082 ^ dcache/_3059_/Y (sky130_fd_sc_hd__nor3b_1)
   0.2445    9.2527 ^ dcache/_3062_/X (sky130_fd_sc_hd__o31a_1)
   0.1380    9.3907 v dcache/_3065_/Y (sky130_fd_sc_hd__nor3_1)
   0.1212    9.5119 ^ dcache/_3066_/Y (sky130_fd_sc_hd__inv_1)
   0.3554    9.8673 ^ dcache/_3614_/X (sky130_fd_sc_hd__lpflow_clkbufkapwr_1)
   0.4437   10.3109 v dcache/_3618_/X (sky130_fd_sc_hd__mux2_2)
   0.1400   10.4509 ^ lsu/_33460_/Y (sky130_fd_sc_hd__nand2b_1)
   0.0821   10.5330 v lsu/_33469_/Y (sky130_fd_sc_hd__nor3_1)
   0.1833   10.7163 v lsu/_33470_/X (sky130_fd_sc_hd__clkbuf_1)
   0.3555   11.0718 ^ lsu/_33474_/Y (sky130_fd_sc_hd__a222oi_1)
   0.1643   11.2360 v lsu/_33475_/Y (sky130_fd_sc_hd__nand4_1)
   0.2337   11.4698 ^ lsu/_33490_/Y (sky130_fd_sc_hd__o21ai_0)
   0.0933   11.5631 v lsu/_33503_/Y (sky130_fd_sc_hd__nand3b_1)
   0.1307   11.6937 ^ lsu/_33504_/Y (sky130_fd_sc_hd__o21ai_0)
   0.1745   11.8682 ^ core/memExeUnit/_195_/X (sky130_fd_sc_hd__buf_4)
   0.2807   12.1488 ^ core/ll_wbarb/_009_/X (sky130_fd_sc_hd__clkbuf_1)
   0.3857   12.5345 ^ core/ll_wbarb/_018_/X (sky130_fd_sc_hd__lpflow_clkbufkapwr_1)
   0.3834   12.9179 v core/ll_wbarb/_028_/X (sky130_fd_sc_hd__mux2_2)
   4.4771   17.3951 ^ core/_3820_/Y (sky130_fd_sc_hd__nor3b_1)
   0.7389   18.1339 v core/rename_stage/busytable/_2117_/Y (sky130_fd_sc_hd__nand3b_1)
   0.3960   18.5300 v core/rename_stage/busytable/_2118_/X (sky130_fd_sc_hd__clkbuf_1)
   0.1559   18.6858 ^ core/rename_stage/busytable/_2119_/Y (sky130_fd_sc_hd__o22ai_1)
   0.0805   18.7664 v core/rename_stage/busytable/_2125_/Y (sky130_fd_sc_hd__nor2_1)
   0.0841   18.8505 ^ core/rename_stage/busytable/_2126_/Y (sky130_fd_sc_hd__nand3_1)
   0.0589   18.9094 v core/rename_stage/busytable/_2135_/Y (sky130_fd_sc_hd__a21oi_1)
   0.0035   18.9129 v core/rename_stage/busytable/_2542_/D (sky130_fd_sc_hd__dfxtp_1)
            18.9129   data arrival time

  20.0000   20.0000   clock clock (rise edge)
   0.0000   20.0000   clock network delay (ideal)
   0.0000   20.0000   clock reconvergence pessimism
            20.0000 ^ core/rename_stage/busytable/_2542_/CLK (sky130_fd_sc_hd__dfxtp_1)
  -0.1339   19.8661   library setup time
            19.8661   data required time
-------------------------------------------------------------
            19.8661   data required time
           -18.9129   data arrival time
-------------------------------------------------------------
             0.9532   slack (MET)


Startpoint: core/alu_exe_unit/PipelinedMulUnit/imul/_56534_
            (rising edge-triggered flip-flop clocked by clock)
Endpoint: core/alu_exe_unit/PipelinedMulUnit/imul/_56663_
          (rising edge-triggered flip-flop clocked by clock)
Path Group: clock
Path Type: max

    Delay      Time   Description
-------------------------------------------------------------
   0.0000    0.0000   clock clock (rise edge)
   0.0000    0.0000   clock network delay (ideal)
   0.0000    0.0000 ^ core/alu_exe_unit/PipelinedMulUnit/imul/_56534_/CLK (sky130_fd_sc_hd__dfxtp_1)
   0.3800    0.3800 ^ core/alu_exe_unit/PipelinedMulUnit/imul/_56534_/Q (sky130_fd_sc_hd__dfxtp_1)
   0.2608    0.6408 ^ core/alu_exe_unit/PipelinedMulUnit/imul/_28773_/X (sky130_fd_sc_hd__clkbuf_1)
   0.1282    0.7691 v core/alu_exe_unit/PipelinedMulUnit/imul/_38772_/Y (sky130_fd_sc_hd__nand2_1)
   0.4064    1.1755 v core/alu_exe_unit/PipelinedMulUnit/imul/_38820_/X (sky130_fd_sc_hd__xor3_1)
   0.3651    1.5405 v core/alu_exe_unit/PipelinedMulUnit/imul/_38822_/X (sky130_fd_sc_hd__maj3_1)
   0.2861    1.8266 ^ core/alu_exe_unit/PipelinedMulUnit/imul/_38824_/X (sky130_fd_sc_hd__xor2_1)
   0.1517    1.9783 v core/alu_exe_unit/PipelinedMulUnit/imul/_38826_/Y (sky130_fd_sc_hd__o21ai_0)
   0.3985    2.3767 v core/alu_exe_unit/PipelinedMulUnit/imul/_38829_/X (sky130_fd_sc_hd__maj3_1)
   0.3902    2.7670 v core/alu_exe_unit/PipelinedMulUnit/imul/_38866_/X (sky130_fd_sc_hd__xor3_1)
   0.2564    3.0233 ^ core/alu_exe_unit/PipelinedMulUnit/imul/_38903_/Y (sky130_fd_sc_hd__xnor2_1)
   0.6499    3.6732 v core/alu_exe_unit/PipelinedMulUnit/imul/_38936_/X (sky130_fd_sc_hd__or4b_2)
   0.3847    4.0579 v core/alu_exe_unit/PipelinedMulUnit/imul/_38942_/X (sky130_fd_sc_hd__maj3_1)
   0.2658    4.3237 ^ core/alu_exe_unit/PipelinedMulUnit/imul/_38943_/X (sky130_fd_sc_hd__xor2_1)
   0.1583    4.4819 v core/alu_exe_unit/PipelinedMulUnit/imul/_38974_/Y (sky130_fd_sc_hd__o21ai_0)
   0.1784    4.6604 v core/alu_exe_unit/PipelinedMulUnit/imul/_38975_/X (sky130_fd_sc_hd__xor2_1)
   0.1870    4.8474 ^ core/alu_exe_unit/PipelinedMulUnit/imul/_38999_/Y (sky130_fd_sc_hd__a22oi_1)
   0.1607    5.0081 ^ core/alu_exe_unit/PipelinedMulUnit/imul/_39001_/X (sky130_fd_sc_hd__o21ba_2)
   0.0992    5.1073 v core/alu_exe_unit/PipelinedMulUnit/imul/_39003_/Y (sky130_fd_sc_hd__o21ai_0)
   0.2119    5.3192 ^ core/alu_exe_unit/PipelinedMulUnit/imul/_39006_/Y (sky130_fd_sc_hd__a31oi_1)
   0.1118    5.4310 v core/alu_exe_unit/PipelinedMulUnit/imul/_39008_/Y (sky130_fd_sc_hd__o21ai_0)
   0.1895    5.6205 ^ core/alu_exe_unit/PipelinedMulUnit/imul/_39011_/Y (sky130_fd_sc_hd__a21oi_1)
   0.0998    5.7203 v core/alu_exe_unit/PipelinedMulUnit/imul/_39014_/Y (sky130_fd_sc_hd__o211ai_1)
   0.2480    5.9682 ^ core/alu_exe_unit/PipelinedMulUnit/imul/_39015_/Y (sky130_fd_sc_hd__a32oi_1)
   0.1803    6.1485 v core/alu_exe_unit/PipelinedMulUnit/imul/_39020_/Y (sky130_fd_sc_hd__o21ai_0)
   0.1960    6.3445 ^ core/alu_exe_unit/PipelinedMulUnit/imul/_39025_/Y (sky130_fd_sc_hd__a31oi_1)
   0.1017    6.4462 v core/alu_exe_unit/PipelinedMulUnit/imul/_39030_/Y (sky130_fd_sc_hd__o31ai_1)
   0.2593    6.7055 ^ core/alu_exe_unit/PipelinedMulUnit/imul/_39033_/Y (sky130_fd_sc_hd__a211oi_1)
   0.1869    6.8924 ^ core/alu_exe_unit/PipelinedMulUnit/imul/_39034_/X (sky130_fd_sc_hd__or3_1)
   0.1488    7.0412 v core/alu_exe_unit/PipelinedMulUnit/imul/_39039_/Y (sky130_fd_sc_hd__a311oi_1)
   0.6040    7.6452 ^ core/alu_exe_unit/PipelinedMulUnit/imul/_39046_/Y (sky130_fd_sc_hd__o311ai_0)
   0.3034    7.9486 ^ core/alu_exe_unit/PipelinedMulUnit/imul/_39050_/X (sky130_fd_sc_hd__a311o_1)
   0.2368    8.1855 ^ core/alu_exe_unit/PipelinedMulUnit/imul/_39053_/X (sky130_fd_sc_hd__a311o_1)
   0.1096    8.2951 v core/alu_exe_unit/PipelinedMulUnit/imul/_39058_/Y (sky130_fd_sc_hd__a211oi_1)
   0.2851    8.5801 v core/alu_exe_unit/PipelinedMulUnit/imul/_39061_/X (sky130_fd_sc_hd__o311a_1)
   0.5404    9.1205 ^ core/alu_exe_unit/PipelinedMulUnit/imul/_39065_/Y (sky130_fd_sc_hd__o311ai_0)
   0.2582    9.3788 ^ core/alu_exe_unit/PipelinedMulUnit/imul/_39071_/X (sky130_fd_sc_hd__a311o_1)
   0.2073    9.5861 ^ core/alu_exe_unit/PipelinedMulUnit/imul/_39077_/X (sky130_fd_sc_hd__a311o_1)
   0.2364    9.8225 ^ core/alu_exe_unit/PipelinedMulUnit/imul/_39082_/X (sky130_fd_sc_hd__a311o_1)
   0.1407    9.9632 v core/alu_exe_unit/PipelinedMulUnit/imul/_39086_/Y (sky130_fd_sc_hd__a311oi_1)
   0.3195   10.2827 v core/alu_exe_unit/PipelinedMulUnit/imul/_39298_/X (sky130_fd_sc_hd__o311a_1)
   0.2549   10.5376 ^ core/alu_exe_unit/PipelinedMulUnit/imul/_39443_/Y (sky130_fd_sc_hd__a21oi_1)
   0.1690   10.7066 ^ core/alu_exe_unit/PipelinedMulUnit/imul/_39667_/Y (sky130_fd_sc_hd__nand4b_1)
   0.1095   10.8161 v core/alu_exe_unit/PipelinedMulUnit/imul/_40064_/Y (sky130_fd_sc_hd__a2111oi_0)
   0.3511   11.1672 v core/alu_exe_unit/PipelinedMulUnit/imul/_40737_/X (sky130_fd_sc_hd__o311a_1)
   0.2478   11.4150 ^ core/alu_exe_unit/PipelinedMulUnit/imul/_41070_/Y (sky130_fd_sc_hd__o21ai_0)
   0.2421   11.6571 ^ core/alu_exe_unit/PipelinedMulUnit/imul/_41755_/X (sky130_fd_sc_hd__a311o_1)
   0.1259   11.7830 v core/alu_exe_unit/PipelinedMulUnit/imul/_42422_/Y (sky130_fd_sc_hd__a311oi_1)
   0.5945   12.3775 ^ core/alu_exe_unit/PipelinedMulUnit/imul/_43094_/Y (sky130_fd_sc_hd__o311ai_0)
   0.2362   12.6137 v core/alu_exe_unit/PipelinedMulUnit/imul/_43747_/Y (sky130_fd_sc_hd__a311oi_1)
   0.6182   13.2319 ^ core/alu_exe_unit/PipelinedMulUnit/imul/_44418_/Y (sky130_fd_sc_hd__o311ai_0)
   0.2245   13.4563 v core/alu_exe_unit/PipelinedMulUnit/imul/_45071_/Y (sky130_fd_sc_hd__a311oi_1)
   0.2064   13.6628 v core/alu_exe_unit/PipelinedMulUnit/imul/_47260_/X (sky130_fd_sc_hd__and4_1)
   0.2108   13.8735 ^ core/alu_exe_unit/PipelinedMulUnit/imul/_49521_/Y (sky130_fd_sc_hd__o2111ai_1)
   0.1194   13.9929 v core/alu_exe_unit/PipelinedMulUnit/imul/_49782_/Y (sky130_fd_sc_hd__a21oi_1)
   0.2635   14.2564 ^ core/alu_exe_unit/PipelinedMulUnit/imul/_50316_/Y (sky130_fd_sc_hd__o21ai_0)
   0.1305   14.3870 v core/alu_exe_unit/PipelinedMulUnit/imul/_50858_/Y (sky130_fd_sc_hd__a21oi_1)
   0.3658   14.7528 v core/alu_exe_unit/PipelinedMulUnit/imul/_50871_/X (sky130_fd_sc_hd__o311a_1)
   0.3555   15.1083 v core/alu_exe_unit/PipelinedMulUnit/imul/_51630_/X (sky130_fd_sc_hd__o311a_1)
   0.2574   15.3657 v core/alu_exe_unit/PipelinedMulUnit/imul/_52120_/X (sky130_fd_sc_hd__o211a_1)
   0.3951   15.7608 v core/alu_exe_unit/PipelinedMulUnit/imul/_52797_/X (sky130_fd_sc_hd__o311a_1)
   0.3693   16.1301 v core/alu_exe_unit/PipelinedMulUnit/imul/_53467_/X (sky130_fd_sc_hd__o311a_1)
   0.2403   16.3704 ^ core/alu_exe_unit/PipelinedMulUnit/imul/_53881_/Y (sky130_fd_sc_hd__o211ai_1)
   0.1188   16.4892 v core/alu_exe_unit/PipelinedMulUnit/imul/_54311_/Y (sky130_fd_sc_hd__a211oi_1)
   0.3489   16.8381 v core/alu_exe_unit/PipelinedMulUnit/imul/_54711_/X (sky130_fd_sc_hd__o311a_1)
   0.3770   17.2151 ^ core/alu_exe_unit/PipelinedMulUnit/imul/_55083_/Y (sky130_fd_sc_hd__o311ai_0)
   0.1854   17.4004 v core/alu_exe_unit/PipelinedMulUnit/imul/_55256_/Y (sky130_fd_sc_hd__a21boi_0)
   0.2691   17.6695 ^ core/alu_exe_unit/PipelinedMulUnit/imul/_55416_/Y (sky130_fd_sc_hd__o21ai_0)
   0.1409   17.8105 v core/alu_exe_unit/PipelinedMulUnit/imul/_55595_/Y (sky130_fd_sc_hd__a21boi_0)
   0.2489   18.0593 ^ core/alu_exe_unit/PipelinedMulUnit/imul/_55748_/Y (sky130_fd_sc_hd__o21ai_0)
   0.1554   18.2147 v core/alu_exe_unit/PipelinedMulUnit/imul/_55916_/Y (sky130_fd_sc_hd__a21boi_0)
   0.2066   18.4213 v core/alu_exe_unit/PipelinedMulUnit/imul/_56071_/X (sky130_fd_sc_hd__o21a_1)
   0.1540   18.5753 ^ core/alu_exe_unit/PipelinedMulUnit/imul/_56236_/Y (sky130_fd_sc_hd__nor3_1)
   0.1042   18.6795 v core/alu_exe_unit/PipelinedMulUnit/imul/_56238_/Y (sky130_fd_sc_hd__o21ai_0)
   0.1900   18.8696 v core/alu_exe_unit/PipelinedMulUnit/imul/_56243_/X (sky130_fd_sc_hd__a22o_1)
   0.0035   18.8730 v core/alu_exe_unit/PipelinedMulUnit/imul/_56663_/D (sky130_fd_sc_hd__dfxtp_1)
            18.8730   data arrival time

  20.0000   20.0000   clock clock (rise edge)
   0.0000   20.0000   clock network delay (ideal)
   0.0000   20.0000   clock reconvergence pessimism
            20.0000 ^ core/alu_exe_unit/PipelinedMulUnit/imul/_56663_/CLK (sky130_fd_sc_hd__dfxtp_1)
  -0.1177   19.8823   library setup time
            19.8823   data required time
-------------------------------------------------------------
            19.8823   data required time
           -18.8730   data arrival time
-------------------------------------------------------------
             1.0093   slack (MET)


Startpoint: core/_4046_ (rising edge-triggered flip-flop clocked by clock)
Endpoint: core/rename_stage/busytable/_2586_
          (rising edge-triggered flip-flop clocked by clock)
Path Group: clock
Path Type: max

    Delay      Time   Description
-------------------------------------------------------------
   0.0000    0.0000   clock clock (rise edge)
   0.0000    0.0000   clock network delay (ideal)
   0.0000    0.0000 ^ core/_4046_/CLK (sky130_fd_sc_hd__dfxtp_1)
   0.3440    0.3440 ^ core/_4046_/Q (sky130_fd_sc_hd__dfxtp_1)
   0.0813    0.4254 v core/_1916_/Y (sky130_fd_sc_hd__nand2_1)
   0.2362    0.6616 ^ core/_1917_/Y (sky130_fd_sc_hd__nor3_1)
   0.1018    0.7634 v core/_1918_/Y (sky130_fd_sc_hd__nand2_1)
   5.2893    6.0527 ^ core/_1923_/Y (sky130_fd_sc_hd__o21ai_0)
   0.8225    6.8752 ^ lsu/_66665_/X (sky130_fd_sc_hd__buf_4)
   0.1442    7.0193 v dcache/_3048_/Y (sky130_fd_sc_hd__a222oi_1)
   0.0861    7.1054 ^ dcache/_3049_/Y (sky130_fd_sc_hd__nand2_1)
   0.0450    7.1504 v dcache/_3050_/Y (sky130_fd_sc_hd__a221oi_1)
   0.2248    7.3753 v dcache/_3051_/X (sky130_fd_sc_hd__and4_1)
   0.0821    7.4574 ^ dcache/_3052_/Y (sky130_fd_sc_hd__nand2_1)
   0.0501    7.5075 v dcache/_3054_/Y (sky130_fd_sc_hd__nor4_1)
   0.2122    7.7196 v dcache/_3055_/X (sky130_fd_sc_hd__and3_1)
   0.0725    7.7922 ^ dcache/mshrs/_0615_/Y (sky130_fd_sc_hd__inv_1)
   0.0576    7.8498 v dcache/mshrs/_0616_/Y (sky130_fd_sc_hd__nor2_1)
   0.1500    7.9997 v dcache/mshrs/_0617_/Y (sky130_fd_sc_hd__a21boi_0)
   0.2412    8.2409 v dcache/mshrs/_0618_/X (sky130_fd_sc_hd__lpflow_inputiso0n_1)
   0.1858    8.4266 ^ dcache/mshrs/_0752_/Y (sky130_fd_sc_hd__a31oi_1)
   0.0689    8.4955 v dcache/mshrs/_0755_/Y (sky130_fd_sc_hd__nand2_1)
   0.2016    8.6972 v dcache/mshrs/_0756_/X (sky130_fd_sc_hd__a22o_1)
   0.1247    8.8219 v dcache/_3057_/X (sky130_fd_sc_hd__lpflow_isobufsrc_1)
   0.1863    9.0082 ^ dcache/_3059_/Y (sky130_fd_sc_hd__nor3b_1)
   0.2445    9.2527 ^ dcache/_3062_/X (sky130_fd_sc_hd__o31a_1)
   0.1380    9.3907 v dcache/_3065_/Y (sky130_fd_sc_hd__nor3_1)
   0.1212    9.5119 ^ dcache/_3066_/Y (sky130_fd_sc_hd__inv_1)
   0.3554    9.8673 ^ dcache/_3614_/X (sky130_fd_sc_hd__lpflow_clkbufkapwr_1)
   0.4437   10.3109 v dcache/_3618_/X (sky130_fd_sc_hd__mux2_2)
   0.1400   10.4509 ^ lsu/_33460_/Y (sky130_fd_sc_hd__nand2b_1)
   0.0821   10.5330 v lsu/_33469_/Y (sky130_fd_sc_hd__nor3_1)
   0.1833   10.7163 v lsu/_33470_/X (sky130_fd_sc_hd__clkbuf_1)
   0.3555   11.0718 ^ lsu/_33474_/Y (sky130_fd_sc_hd__a222oi_1)
   0.1643   11.2360 v lsu/_33475_/Y (sky130_fd_sc_hd__nand4_1)
   0.2337   11.4698 ^ lsu/_33490_/Y (sky130_fd_sc_hd__o21ai_0)
   0.0933   11.5631 v lsu/_33503_/Y (sky130_fd_sc_hd__nand3b_1)
   0.1307   11.6937 ^ lsu/_33504_/Y (sky130_fd_sc_hd__o21ai_0)
   0.1745   11.8682 ^ core/memExeUnit/_195_/X (sky130_fd_sc_hd__buf_4)
   0.2807   12.1488 ^ core/ll_wbarb/_009_/X (sky130_fd_sc_hd__clkbuf_1)
   0.3857   12.5345 ^ core/ll_wbarb/_018_/X (sky130_fd_sc_hd__lpflow_clkbufkapwr_1)
   0.3834   12.9179 v core/ll_wbarb/_028_/X (sky130_fd_sc_hd__mux2_2)
   4.4771   17.3951 ^ core/_3820_/Y (sky130_fd_sc_hd__nor3b_1)
   0.2477   17.6428 v core/rename_stage/busytable/_2390_/Y (sky130_fd_sc_hd__nand2_1)
   0.4968   18.1396 v core/rename_stage/busytable/_2391_/X (sky130_fd_sc_hd__or2_2)
   0.1855   18.3251 v core/rename_stage/busytable/_2392_/X (sky130_fd_sc_hd__lpflow_clkbufkapwr_1)
   0.1769   18.5020 ^ core/rename_stage/busytable/_2482_/Y (sky130_fd_sc_hd__o21ai_0)
   0.0763   18.5783 v core/rename_stage/busytable/_2485_/Y (sky130_fd_sc_hd__nor3_1)
   0.2108   18.7891 ^ core/rename_stage/busytable/_2486_/Y (sky130_fd_sc_hd__a221oi_1)
   0.0620   18.8511 v core/rename_stage/busytable/_2487_/Y (sky130_fd_sc_hd__nor2_1)
   0.0035   18.8546 v core/rename_stage/busytable/_2586_/D (sky130_fd_sc_hd__dfxtp_1)
            18.8546   data arrival time

  20.0000   20.0000   clock clock (rise edge)
   0.0000   20.0000   clock network delay (ideal)
   0.0000   20.0000   clock reconvergence pessimism
            20.0000 ^ core/rename_stage/busytable/_2586_/CLK (sky130_fd_sc_hd__dfxtp_1)
  -0.1293   19.8707   library setup time
            19.8707   data required time
-------------------------------------------------------------
            19.8707   data required time
           -18.8546   data arrival time
-------------------------------------------------------------
             1.0161   slack (MET)


Startpoint: core/_4046_ (rising edge-triggered flip-flop clocked by clock)
Endpoint: core/rename_stage/busytable/_2577_
          (rising edge-triggered flip-flop clocked by clock)
Path Group: clock
Path Type: max

    Delay      Time   Description
-------------------------------------------------------------
   0.0000    0.0000   clock clock (rise edge)
   0.0000    0.0000   clock network delay (ideal)
   0.0000    0.0000 ^ core/_4046_/CLK (sky130_fd_sc_hd__dfxtp_1)
   0.3440    0.3440 ^ core/_4046_/Q (sky130_fd_sc_hd__dfxtp_1)
   0.0813    0.4254 v core/_1916_/Y (sky130_fd_sc_hd__nand2_1)
   0.2362    0.6616 ^ core/_1917_/Y (sky130_fd_sc_hd__nor3_1)
   0.1018    0.7634 v core/_1918_/Y (sky130_fd_sc_hd__nand2_1)
   5.2893    6.0527 ^ core/_1923_/Y (sky130_fd_sc_hd__o21ai_0)
   0.8225    6.8752 ^ lsu/_66665_/X (sky130_fd_sc_hd__buf_4)
   0.1442    7.0193 v dcache/_3048_/Y (sky130_fd_sc_hd__a222oi_1)
   0.0861    7.1054 ^ dcache/_3049_/Y (sky130_fd_sc_hd__nand2_1)
   0.0450    7.1504 v dcache/_3050_/Y (sky130_fd_sc_hd__a221oi_1)
   0.2248    7.3753 v dcache/_3051_/X (sky130_fd_sc_hd__and4_1)
   0.0821    7.4574 ^ dcache/_3052_/Y (sky130_fd_sc_hd__nand2_1)
   0.0501    7.5075 v dcache/_3054_/Y (sky130_fd_sc_hd__nor4_1)
   0.2122    7.7196 v dcache/_3055_/X (sky130_fd_sc_hd__and3_1)
   0.0725    7.7922 ^ dcache/mshrs/_0615_/Y (sky130_fd_sc_hd__inv_1)
   0.0576    7.8498 v dcache/mshrs/_0616_/Y (sky130_fd_sc_hd__nor2_1)
   0.1500    7.9997 v dcache/mshrs/_0617_/Y (sky130_fd_sc_hd__a21boi_0)
   0.2412    8.2409 v dcache/mshrs/_0618_/X (sky130_fd_sc_hd__lpflow_inputiso0n_1)
   0.1858    8.4266 ^ dcache/mshrs/_0752_/Y (sky130_fd_sc_hd__a31oi_1)
   0.0689    8.4955 v dcache/mshrs/_0755_/Y (sky130_fd_sc_hd__nand2_1)
   0.2016    8.6972 v dcache/mshrs/_0756_/X (sky130_fd_sc_hd__a22o_1)
   0.1247    8.8219 v dcache/_3057_/X (sky130_fd_sc_hd__lpflow_isobufsrc_1)
   0.1863    9.0082 ^ dcache/_3059_/Y (sky130_fd_sc_hd__nor3b_1)
   0.2445    9.2527 ^ dcache/_3062_/X (sky130_fd_sc_hd__o31a_1)
   0.1380    9.3907 v dcache/_3065_/Y (sky130_fd_sc_hd__nor3_1)
   0.1212    9.5119 ^ dcache/_3066_/Y (sky130_fd_sc_hd__inv_1)
   0.3554    9.8673 ^ dcache/_3614_/X (sky130_fd_sc_hd__lpflow_clkbufkapwr_1)
   0.4437   10.3109 v dcache/_3618_/X (sky130_fd_sc_hd__mux2_2)
   0.1400   10.4509 ^ lsu/_33460_/Y (sky130_fd_sc_hd__nand2b_1)
   0.0821   10.5330 v lsu/_33469_/Y (sky130_fd_sc_hd__nor3_1)
   0.1833   10.7163 v lsu/_33470_/X (sky130_fd_sc_hd__clkbuf_1)
   0.3555   11.0718 ^ lsu/_33474_/Y (sky130_fd_sc_hd__a222oi_1)
   0.1643   11.2360 v lsu/_33475_/Y (sky130_fd_sc_hd__nand4_1)
   0.2337   11.4698 ^ lsu/_33490_/Y (sky130_fd_sc_hd__o21ai_0)
   0.0933   11.5631 v lsu/_33503_/Y (sky130_fd_sc_hd__nand3b_1)
   0.1307   11.6937 ^ lsu/_33504_/Y (sky130_fd_sc_hd__o21ai_0)
   0.1745   11.8682 ^ core/memExeUnit/_195_/X (sky130_fd_sc_hd__buf_4)
   0.2807   12.1488 ^ core/ll_wbarb/_009_/X (sky130_fd_sc_hd__clkbuf_1)
   0.3857   12.5345 ^ core/ll_wbarb/_018_/X (sky130_fd_sc_hd__lpflow_clkbufkapwr_1)
   0.3834   12.9179 v core/ll_wbarb/_028_/X (sky130_fd_sc_hd__mux2_2)
   4.4771   17.3951 ^ core/_3820_/Y (sky130_fd_sc_hd__nor3b_1)
   0.2477   17.6428 v core/rename_stage/busytable/_2390_/Y (sky130_fd_sc_hd__nand2_1)
   0.4968   18.1396 v core/rename_stage/busytable/_2391_/X (sky130_fd_sc_hd__or2_2)
   0.1855   18.3251 v core/rename_stage/busytable/_2392_/X (sky130_fd_sc_hd__lpflow_clkbufkapwr_1)
   0.1764   18.5016 ^ core/rename_stage/busytable/_2426_/Y (sky130_fd_sc_hd__o21ai_0)
   0.0706   18.5722 v core/rename_stage/busytable/_2428_/Y (sky130_fd_sc_hd__nor3_1)
   0.2073   18.7795 ^ core/rename_stage/busytable/_2429_/Y (sky130_fd_sc_hd__a221oi_1)
   0.0620   18.8415 v core/rename_stage/busytable/_2430_/Y (sky130_fd_sc_hd__nor2_1)
   0.0035   18.8449 v core/rename_stage/busytable/_2577_/D (sky130_fd_sc_hd__dfxtp_1)
            18.8449   data arrival time

  20.0000   20.0000   clock clock (rise edge)
   0.0000   20.0000   clock network delay (ideal)
   0.0000   20.0000   clock reconvergence pessimism
            20.0000 ^ core/rename_stage/busytable/_2577_/CLK (sky130_fd_sc_hd__dfxtp_1)
  -0.1293   19.8707   library setup time
            19.8707   data required time
-------------------------------------------------------------
            19.8707   data required time
           -18.8449   data arrival time
-------------------------------------------------------------
             1.0258   slack (MET)


Startpoint: core/_4046_ (rising edge-triggered flip-flop clocked by clock)
Endpoint: core/rename_stage/busytable/_2583_
          (rising edge-triggered flip-flop clocked by clock)
Path Group: clock
Path Type: max

    Delay      Time   Description
-------------------------------------------------------------
   0.0000    0.0000   clock clock (rise edge)
   0.0000    0.0000   clock network delay (ideal)
   0.0000    0.0000 ^ core/_4046_/CLK (sky130_fd_sc_hd__dfxtp_1)
   0.3440    0.3440 ^ core/_4046_/Q (sky130_fd_sc_hd__dfxtp_1)
   0.0813    0.4254 v core/_1916_/Y (sky130_fd_sc_hd__nand2_1)
   0.2362    0.6616 ^ core/_1917_/Y (sky130_fd_sc_hd__nor3_1)
   0.1018    0.7634 v core/_1918_/Y (sky130_fd_sc_hd__nand2_1)
   5.2893    6.0527 ^ core/_1923_/Y (sky130_fd_sc_hd__o21ai_0)
   0.8225    6.8752 ^ lsu/_66665_/X (sky130_fd_sc_hd__buf_4)
   0.1442    7.0193 v dcache/_3048_/Y (sky130_fd_sc_hd__a222oi_1)
   0.0861    7.1054 ^ dcache/_3049_/Y (sky130_fd_sc_hd__nand2_1)
   0.0450    7.1504 v dcache/_3050_/Y (sky130_fd_sc_hd__a221oi_1)
   0.2248    7.3753 v dcache/_3051_/X (sky130_fd_sc_hd__and4_1)
   0.0821    7.4574 ^ dcache/_3052_/Y (sky130_fd_sc_hd__nand2_1)
   0.0501    7.5075 v dcache/_3054_/Y (sky130_fd_sc_hd__nor4_1)
   0.2122    7.7196 v dcache/_3055_/X (sky130_fd_sc_hd__and3_1)
   0.0725    7.7922 ^ dcache/mshrs/_0615_/Y (sky130_fd_sc_hd__inv_1)
   0.0576    7.8498 v dcache/mshrs/_0616_/Y (sky130_fd_sc_hd__nor2_1)
   0.1500    7.9997 v dcache/mshrs/_0617_/Y (sky130_fd_sc_hd__a21boi_0)
   0.2412    8.2409 v dcache/mshrs/_0618_/X (sky130_fd_sc_hd__lpflow_inputiso0n_1)
   0.1858    8.4266 ^ dcache/mshrs/_0752_/Y (sky130_fd_sc_hd__a31oi_1)
   0.0689    8.4955 v dcache/mshrs/_0755_/Y (sky130_fd_sc_hd__nand2_1)
   0.2016    8.6972 v dcache/mshrs/_0756_/X (sky130_fd_sc_hd__a22o_1)
   0.1247    8.8219 v dcache/_3057_/X (sky130_fd_sc_hd__lpflow_isobufsrc_1)
   0.1863    9.0082 ^ dcache/_3059_/Y (sky130_fd_sc_hd__nor3b_1)
   0.2445    9.2527 ^ dcache/_3062_/X (sky130_fd_sc_hd__o31a_1)
   0.1380    9.3907 v dcache/_3065_/Y (sky130_fd_sc_hd__nor3_1)
   0.1212    9.5119 ^ dcache/_3066_/Y (sky130_fd_sc_hd__inv_1)
   0.3554    9.8673 ^ dcache/_3614_/X (sky130_fd_sc_hd__lpflow_clkbufkapwr_1)
   0.4437   10.3109 v dcache/_3618_/X (sky130_fd_sc_hd__mux2_2)
   0.1400   10.4509 ^ lsu/_33460_/Y (sky130_fd_sc_hd__nand2b_1)
   0.0821   10.5330 v lsu/_33469_/Y (sky130_fd_sc_hd__nor3_1)
   0.1833   10.7163 v lsu/_33470_/X (sky130_fd_sc_hd__clkbuf_1)
   0.3555   11.0718 ^ lsu/_33474_/Y (sky130_fd_sc_hd__a222oi_1)
   0.1643   11.2360 v lsu/_33475_/Y (sky130_fd_sc_hd__nand4_1)
   0.2337   11.4698 ^ lsu/_33490_/Y (sky130_fd_sc_hd__o21ai_0)
   0.0933   11.5631 v lsu/_33503_/Y (sky130_fd_sc_hd__nand3b_1)
   0.1307   11.6937 ^ lsu/_33504_/Y (sky130_fd_sc_hd__o21ai_0)
   0.1745   11.8682 ^ core/memExeUnit/_195_/X (sky130_fd_sc_hd__buf_4)
   0.2807   12.1488 ^ core/ll_wbarb/_009_/X (sky130_fd_sc_hd__clkbuf_1)
   0.3857   12.5345 ^ core/ll_wbarb/_018_/X (sky130_fd_sc_hd__lpflow_clkbufkapwr_1)
   0.3834   12.9179 v core/ll_wbarb/_028_/X (sky130_fd_sc_hd__mux2_2)
   4.4771   17.3951 ^ core/_3820_/Y (sky130_fd_sc_hd__nor3b_1)
   0.2477   17.6428 v core/rename_stage/busytable/_2390_/Y (sky130_fd_sc_hd__nand2_1)
   0.4968   18.1396 v core/rename_stage/busytable/_2391_/X (sky130_fd_sc_hd__or2_2)
   0.1855   18.3251 v core/rename_stage/busytable/_2392_/X (sky130_fd_sc_hd__lpflow_clkbufkapwr_1)
   0.1534   18.4785 ^ core/rename_stage/busytable/_2465_/Y (sky130_fd_sc_hd__o22ai_1)
   0.0868   18.5653 v core/rename_stage/busytable/_2468_/Y (sky130_fd_sc_hd__nor3_1)
   0.2104   18.7757 ^ core/rename_stage/busytable/_2469_/Y (sky130_fd_sc_hd__a221oi_1)
   0.0620   18.8377 v core/rename_stage/busytable/_2470_/Y (sky130_fd_sc_hd__nor2_1)
   0.0035   18.8412 v core/rename_stage/busytable/_2583_/D (sky130_fd_sc_hd__dfxtp_1)
            18.8412   data arrival time

  20.0000   20.0000   clock clock (rise edge)
   0.0000   20.0000   clock network delay (ideal)
   0.0000   20.0000   clock reconvergence pessimism
            20.0000 ^ core/rename_stage/busytable/_2583_/CLK (sky130_fd_sc_hd__dfxtp_1)
  -0.1293   19.8707   library setup time
            19.8707   data required time
-------------------------------------------------------------
            19.8707   data required time
           -18.8412   data arrival time
-------------------------------------------------------------
             1.0295   slack (MET)


Startpoint: core/_4046_ (rising edge-triggered flip-flop clocked by clock)
Endpoint: core/rename_stage/busytable/_2511_
          (rising edge-triggered flip-flop clocked by clock)
Path Group: clock
Path Type: max

    Delay      Time   Description
-------------------------------------------------------------
   0.0000    0.0000   clock clock (rise edge)
   0.0000    0.0000   clock network delay (ideal)
   0.0000    0.0000 ^ core/_4046_/CLK (sky130_fd_sc_hd__dfxtp_1)
   0.3440    0.3440 ^ core/_4046_/Q (sky130_fd_sc_hd__dfxtp_1)
   0.0813    0.4254 v core/_1916_/Y (sky130_fd_sc_hd__nand2_1)
   0.2362    0.6616 ^ core/_1917_/Y (sky130_fd_sc_hd__nor3_1)
   0.1018    0.7634 v core/_1918_/Y (sky130_fd_sc_hd__nand2_1)
   5.2893    6.0527 ^ core/_1923_/Y (sky130_fd_sc_hd__o21ai_0)
   0.8225    6.8752 ^ lsu/_66665_/X (sky130_fd_sc_hd__buf_4)
   0.1442    7.0193 v dcache/_3048_/Y (sky130_fd_sc_hd__a222oi_1)
   0.0861    7.1054 ^ dcache/_3049_/Y (sky130_fd_sc_hd__nand2_1)
   0.0450    7.1504 v dcache/_3050_/Y (sky130_fd_sc_hd__a221oi_1)
   0.2248    7.3753 v dcache/_3051_/X (sky130_fd_sc_hd__and4_1)
   0.0821    7.4574 ^ dcache/_3052_/Y (sky130_fd_sc_hd__nand2_1)
   0.0501    7.5075 v dcache/_3054_/Y (sky130_fd_sc_hd__nor4_1)
   0.2122    7.7196 v dcache/_3055_/X (sky130_fd_sc_hd__and3_1)
   0.0725    7.7922 ^ dcache/mshrs/_0615_/Y (sky130_fd_sc_hd__inv_1)
   0.0576    7.8498 v dcache/mshrs/_0616_/Y (sky130_fd_sc_hd__nor2_1)
   0.1500    7.9997 v dcache/mshrs/_0617_/Y (sky130_fd_sc_hd__a21boi_0)
   0.2412    8.2409 v dcache/mshrs/_0618_/X (sky130_fd_sc_hd__lpflow_inputiso0n_1)
   0.1858    8.4266 ^ dcache/mshrs/_0752_/Y (sky130_fd_sc_hd__a31oi_1)
   0.0689    8.4955 v dcache/mshrs/_0755_/Y (sky130_fd_sc_hd__nand2_1)
   0.2016    8.6972 v dcache/mshrs/_0756_/X (sky130_fd_sc_hd__a22o_1)
   0.1247    8.8219 v dcache/_3057_/X (sky130_fd_sc_hd__lpflow_isobufsrc_1)
   0.1863    9.0082 ^ dcache/_3059_/Y (sky130_fd_sc_hd__nor3b_1)
   0.2445    9.2527 ^ dcache/_3062_/X (sky130_fd_sc_hd__o31a_1)
   0.1380    9.3907 v dcache/_3065_/Y (sky130_fd_sc_hd__nor3_1)
   0.1212    9.5119 ^ dcache/_3066_/Y (sky130_fd_sc_hd__inv_1)
   0.3554    9.8673 ^ dcache/_3614_/X (sky130_fd_sc_hd__lpflow_clkbufkapwr_1)
   0.4437   10.3109 v dcache/_3618_/X (sky130_fd_sc_hd__mux2_2)
   0.1400   10.4509 ^ lsu/_33460_/Y (sky130_fd_sc_hd__nand2b_1)
   0.0821   10.5330 v lsu/_33469_/Y (sky130_fd_sc_hd__nor3_1)
   0.1833   10.7163 v lsu/_33470_/X (sky130_fd_sc_hd__clkbuf_1)
   0.3555   11.0718 ^ lsu/_33474_/Y (sky130_fd_sc_hd__a222oi_1)
   0.1643   11.2360 v lsu/_33475_/Y (sky130_fd_sc_hd__nand4_1)
   0.2337   11.4698 ^ lsu/_33490_/Y (sky130_fd_sc_hd__o21ai_0)
   0.0933   11.5631 v lsu/_33503_/Y (sky130_fd_sc_hd__nand3b_1)
   0.1307   11.6937 ^ lsu/_33504_/Y (sky130_fd_sc_hd__o21ai_0)
   0.1745   11.8682 ^ core/memExeUnit/_195_/X (sky130_fd_sc_hd__buf_4)
   0.2807   12.1488 ^ core/ll_wbarb/_009_/X (sky130_fd_sc_hd__clkbuf_1)
   0.3857   12.5345 ^ core/ll_wbarb/_018_/X (sky130_fd_sc_hd__lpflow_clkbufkapwr_1)
   0.3834   12.9179 v core/ll_wbarb/_028_/X (sky130_fd_sc_hd__mux2_2)
   4.4771   17.3951 ^ core/_3820_/Y (sky130_fd_sc_hd__nor3b_1)
   0.5647   17.9598 v core/rename_stage/busytable/_1525_/X (sky130_fd_sc_hd__or3b_2)
   0.1530   18.1128 v core/rename_stage/busytable/_1526_/X (sky130_fd_sc_hd__clkbuf_1)
   0.1987   18.3115 v core/rename_stage/busytable/_1527_/X (sky130_fd_sc_hd__clkbuf_1)
   0.1933   18.5048 ^ core/rename_stage/busytable/_1582_/Y (sky130_fd_sc_hd__o22ai_1)
   0.0623   18.5671 v core/rename_stage/busytable/_1583_/Y (sky130_fd_sc_hd__nor3_1)
   0.2076   18.7748 ^ core/rename_stage/busytable/_1584_/Y (sky130_fd_sc_hd__a221oi_1)
   0.0620   18.8368 v core/rename_stage/busytable/_1585_/Y (sky130_fd_sc_hd__nor2_1)
   0.0035   18.8402 v core/rename_stage/busytable/_2511_/D (sky130_fd_sc_hd__dfxtp_1)
            18.8402   data arrival time

  20.0000   20.0000   clock clock (rise edge)
   0.0000   20.0000   clock network delay (ideal)
   0.0000   20.0000   clock reconvergence pessimism
            20.0000 ^ core/rename_stage/busytable/_2511_/CLK (sky130_fd_sc_hd__dfxtp_1)
  -0.1293   19.8707   library setup time
            19.8707   data required time
-------------------------------------------------------------
            19.8707   data required time
           -18.8402   data arrival time
-------------------------------------------------------------
             1.0305   slack (MET)


Startpoint: core/_4046_ (rising edge-triggered flip-flop clocked by clock)
Endpoint: core/rename_stage/busytable/_2516_
          (rising edge-triggered flip-flop clocked by clock)
Path Group: clock
Path Type: max

    Delay      Time   Description
-------------------------------------------------------------
   0.0000    0.0000   clock clock (rise edge)
   0.0000    0.0000   clock network delay (ideal)
   0.0000    0.0000 ^ core/_4046_/CLK (sky130_fd_sc_hd__dfxtp_1)
   0.3440    0.3440 ^ core/_4046_/Q (sky130_fd_sc_hd__dfxtp_1)
   0.0813    0.4254 v core/_1916_/Y (sky130_fd_sc_hd__nand2_1)
   0.2362    0.6616 ^ core/_1917_/Y (sky130_fd_sc_hd__nor3_1)
   0.1018    0.7634 v core/_1918_/Y (sky130_fd_sc_hd__nand2_1)
   5.2893    6.0527 ^ core/_1923_/Y (sky130_fd_sc_hd__o21ai_0)
   0.8225    6.8752 ^ lsu/_66665_/X (sky130_fd_sc_hd__buf_4)
   0.1442    7.0193 v dcache/_3048_/Y (sky130_fd_sc_hd__a222oi_1)
   0.0861    7.1054 ^ dcache/_3049_/Y (sky130_fd_sc_hd__nand2_1)
   0.0450    7.1504 v dcache/_3050_/Y (sky130_fd_sc_hd__a221oi_1)
   0.2248    7.3753 v dcache/_3051_/X (sky130_fd_sc_hd__and4_1)
   0.0821    7.4574 ^ dcache/_3052_/Y (sky130_fd_sc_hd__nand2_1)
   0.0501    7.5075 v dcache/_3054_/Y (sky130_fd_sc_hd__nor4_1)
   0.2122    7.7196 v dcache/_3055_/X (sky130_fd_sc_hd__and3_1)
   0.0725    7.7922 ^ dcache/mshrs/_0615_/Y (sky130_fd_sc_hd__inv_1)
   0.0576    7.8498 v dcache/mshrs/_0616_/Y (sky130_fd_sc_hd__nor2_1)
   0.1500    7.9997 v dcache/mshrs/_0617_/Y (sky130_fd_sc_hd__a21boi_0)
   0.2412    8.2409 v dcache/mshrs/_0618_/X (sky130_fd_sc_hd__lpflow_inputiso0n_1)
   0.1858    8.4266 ^ dcache/mshrs/_0752_/Y (sky130_fd_sc_hd__a31oi_1)
   0.0689    8.4955 v dcache/mshrs/_0755_/Y (sky130_fd_sc_hd__nand2_1)
   0.2016    8.6972 v dcache/mshrs/_0756_/X (sky130_fd_sc_hd__a22o_1)
   0.1247    8.8219 v dcache/_3057_/X (sky130_fd_sc_hd__lpflow_isobufsrc_1)
   0.1863    9.0082 ^ dcache/_3059_/Y (sky130_fd_sc_hd__nor3b_1)
   0.2445    9.2527 ^ dcache/_3062_/X (sky130_fd_sc_hd__o31a_1)
   0.1380    9.3907 v dcache/_3065_/Y (sky130_fd_sc_hd__nor3_1)
   0.1212    9.5119 ^ dcache/_3066_/Y (sky130_fd_sc_hd__inv_1)
   0.3554    9.8673 ^ dcache/_3614_/X (sky130_fd_sc_hd__lpflow_clkbufkapwr_1)
   0.4437   10.3109 v dcache/_3618_/X (sky130_fd_sc_hd__mux2_2)
   0.1400   10.4509 ^ lsu/_33460_/Y (sky130_fd_sc_hd__nand2b_1)
   0.0821   10.5330 v lsu/_33469_/Y (sky130_fd_sc_hd__nor3_1)
   0.1833   10.7163 v lsu/_33470_/X (sky130_fd_sc_hd__clkbuf_1)
   0.3555   11.0718 ^ lsu/_33474_/Y (sky130_fd_sc_hd__a222oi_1)
   0.1643   11.2360 v lsu/_33475_/Y (sky130_fd_sc_hd__nand4_1)
   0.2337   11.4698 ^ lsu/_33490_/Y (sky130_fd_sc_hd__o21ai_0)
   0.0933   11.5631 v lsu/_33503_/Y (sky130_fd_sc_hd__nand3b_1)
   0.1307   11.6937 ^ lsu/_33504_/Y (sky130_fd_sc_hd__o21ai_0)
   0.1745   11.8682 ^ core/memExeUnit/_195_/X (sky130_fd_sc_hd__buf_4)
   0.2807   12.1488 ^ core/ll_wbarb/_009_/X (sky130_fd_sc_hd__clkbuf_1)
   0.3857   12.5345 ^ core/ll_wbarb/_018_/X (sky130_fd_sc_hd__lpflow_clkbufkapwr_1)
   0.3834   12.9179 v core/ll_wbarb/_028_/X (sky130_fd_sc_hd__mux2_2)
   4.4771   17.3951 ^ core/_3820_/Y (sky130_fd_sc_hd__nor3b_1)
   0.5647   17.9598 v core/rename_stage/busytable/_1525_/X (sky130_fd_sc_hd__or3b_2)
   0.1530   18.1128 v core/rename_stage/busytable/_1526_/X (sky130_fd_sc_hd__clkbuf_1)
   0.1987   18.3115 v core/rename_stage/busytable/_1527_/X (sky130_fd_sc_hd__clkbuf_1)
   0.1933   18.5048 ^ core/rename_stage/busytable/_1701_/Y (sky130_fd_sc_hd__o22ai_1)
   0.0623   18.5672 v core/rename_stage/busytable/_1702_/Y (sky130_fd_sc_hd__nor3_1)
   0.2076   18.7747 ^ core/rename_stage/busytable/_1703_/Y (sky130_fd_sc_hd__a221oi_1)
   0.0620   18.8367 v core/rename_stage/busytable/_1704_/Y (sky130_fd_sc_hd__nor2_1)
   0.0035   18.8402 v core/rename_stage/busytable/_2516_/D (sky130_fd_sc_hd__dfxtp_1)
            18.8402   data arrival time

  20.0000   20.0000   clock clock (rise edge)
   0.0000   20.0000   clock network delay (ideal)
   0.0000   20.0000   clock reconvergence pessimism
            20.0000 ^ core/rename_stage/busytable/_2516_/CLK (sky130_fd_sc_hd__dfxtp_1)
  -0.1293   19.8707   library setup time
            19.8707   data required time
-------------------------------------------------------------
            19.8707   data required time
           -18.8402   data arrival time
-------------------------------------------------------------
             1.0305   slack (MET)


Startpoint: core/_4046_ (rising edge-triggered flip-flop clocked by clock)
Endpoint: core/rename_stage/busytable/_2588_
          (rising edge-triggered flip-flop clocked by clock)
Path Group: clock
Path Type: max

    Delay      Time   Description
-------------------------------------------------------------
   0.0000    0.0000   clock clock (rise edge)
   0.0000    0.0000   clock network delay (ideal)
   0.0000    0.0000 ^ core/_4046_/CLK (sky130_fd_sc_hd__dfxtp_1)
   0.3440    0.3440 ^ core/_4046_/Q (sky130_fd_sc_hd__dfxtp_1)
   0.0813    0.4254 v core/_1916_/Y (sky130_fd_sc_hd__nand2_1)
   0.2362    0.6616 ^ core/_1917_/Y (sky130_fd_sc_hd__nor3_1)
   0.1018    0.7634 v core/_1918_/Y (sky130_fd_sc_hd__nand2_1)
   5.2893    6.0527 ^ core/_1923_/Y (sky130_fd_sc_hd__o21ai_0)
   0.8225    6.8752 ^ lsu/_66665_/X (sky130_fd_sc_hd__buf_4)
   0.1442    7.0193 v dcache/_3048_/Y (sky130_fd_sc_hd__a222oi_1)
   0.0861    7.1054 ^ dcache/_3049_/Y (sky130_fd_sc_hd__nand2_1)
   0.0450    7.1504 v dcache/_3050_/Y (sky130_fd_sc_hd__a221oi_1)
   0.2248    7.3753 v dcache/_3051_/X (sky130_fd_sc_hd__and4_1)
   0.0821    7.4574 ^ dcache/_3052_/Y (sky130_fd_sc_hd__nand2_1)
   0.0501    7.5075 v dcache/_3054_/Y (sky130_fd_sc_hd__nor4_1)
   0.2122    7.7196 v dcache/_3055_/X (sky130_fd_sc_hd__and3_1)
   0.0725    7.7922 ^ dcache/mshrs/_0615_/Y (sky130_fd_sc_hd__inv_1)
   0.0576    7.8498 v dcache/mshrs/_0616_/Y (sky130_fd_sc_hd__nor2_1)
   0.1500    7.9997 v dcache/mshrs/_0617_/Y (sky130_fd_sc_hd__a21boi_0)
   0.2412    8.2409 v dcache/mshrs/_0618_/X (sky130_fd_sc_hd__lpflow_inputiso0n_1)
   0.1858    8.4266 ^ dcache/mshrs/_0752_/Y (sky130_fd_sc_hd__a31oi_1)
   0.0689    8.4955 v dcache/mshrs/_0755_/Y (sky130_fd_sc_hd__nand2_1)
   0.2016    8.6972 v dcache/mshrs/_0756_/X (sky130_fd_sc_hd__a22o_1)
   0.1247    8.8219 v dcache/_3057_/X (sky130_fd_sc_hd__lpflow_isobufsrc_1)
   0.1863    9.0082 ^ dcache/_3059_/Y (sky130_fd_sc_hd__nor3b_1)
   0.2445    9.2527 ^ dcache/_3062_/X (sky130_fd_sc_hd__o31a_1)
   0.1380    9.3907 v dcache/_3065_/Y (sky130_fd_sc_hd__nor3_1)
   0.1212    9.5119 ^ dcache/_3066_/Y (sky130_fd_sc_hd__inv_1)
   0.3554    9.8673 ^ dcache/_3614_/X (sky130_fd_sc_hd__lpflow_clkbufkapwr_1)
   0.4437   10.3109 v dcache/_3618_/X (sky130_fd_sc_hd__mux2_2)
   0.1400   10.4509 ^ lsu/_33460_/Y (sky130_fd_sc_hd__nand2b_1)
   0.0821   10.5330 v lsu/_33469_/Y (sky130_fd_sc_hd__nor3_1)
   0.1833   10.7163 v lsu/_33470_/X (sky130_fd_sc_hd__clkbuf_1)
   0.3555   11.0718 ^ lsu/_33474_/Y (sky130_fd_sc_hd__a222oi_1)
   0.1643   11.2360 v lsu/_33475_/Y (sky130_fd_sc_hd__nand4_1)
   0.2337   11.4698 ^ lsu/_33490_/Y (sky130_fd_sc_hd__o21ai_0)
   0.0933   11.5631 v lsu/_33503_/Y (sky130_fd_sc_hd__nand3b_1)
   0.1307   11.6937 ^ lsu/_33504_/Y (sky130_fd_sc_hd__o21ai_0)
   0.1745   11.8682 ^ core/memExeUnit/_195_/X (sky130_fd_sc_hd__buf_4)
   0.2807   12.1488 ^ core/ll_wbarb/_009_/X (sky130_fd_sc_hd__clkbuf_1)
   0.3857   12.5345 ^ core/ll_wbarb/_018_/X (sky130_fd_sc_hd__lpflow_clkbufkapwr_1)
   0.3834   12.9179 v core/ll_wbarb/_028_/X (sky130_fd_sc_hd__mux2_2)
   4.4771   17.3951 ^ core/_3820_/Y (sky130_fd_sc_hd__nor3b_1)
   0.2477   17.6428 v core/rename_stage/busytable/_2390_/Y (sky130_fd_sc_hd__nand2_1)
   0.4968   18.1396 v core/rename_stage/busytable/_2391_/X (sky130_fd_sc_hd__or2_2)
   0.1855   18.3251 v core/rename_stage/busytable/_2392_/X (sky130_fd_sc_hd__lpflow_clkbufkapwr_1)
   0.1612   18.4864 ^ core/rename_stage/busytable/_2497_/Y (sky130_fd_sc_hd__nor3_1)
   0.0732   18.5596 v core/rename_stage/busytable/_2499_/Y (sky130_fd_sc_hd__nor4_1)
   0.2148   18.7744 ^ core/rename_stage/busytable/_2500_/Y (sky130_fd_sc_hd__a221oi_1)
   0.0620   18.8364 v core/rename_stage/busytable/_2501_/Y (sky130_fd_sc_hd__nor2_1)
   0.0035   18.8399 v core/rename_stage/busytable/_2588_/D (sky130_fd_sc_hd__dfxtp_1)
            18.8399   data arrival time

  20.0000   20.0000   clock clock (rise edge)
   0.0000   20.0000   clock network delay (ideal)
   0.0000   20.0000   clock reconvergence pessimism
            20.0000 ^ core/rename_stage/busytable/_2588_/CLK (sky130_fd_sc_hd__dfxtp_1)
  -0.1293   19.8707   library setup time
            19.8707   data required time
-------------------------------------------------------------
            19.8707   data required time
           -18.8399   data arrival time
-------------------------------------------------------------
             1.0308   slack (MET)


Startpoint: core/_4046_ (rising edge-triggered flip-flop clocked by clock)
Endpoint: core/rename_stage/busytable/_2528_
          (rising edge-triggered flip-flop clocked by clock)
Path Group: clock
Path Type: max

    Delay      Time   Description
-------------------------------------------------------------
   0.0000    0.0000   clock clock (rise edge)
   0.0000    0.0000   clock network delay (ideal)
   0.0000    0.0000 ^ core/_4046_/CLK (sky130_fd_sc_hd__dfxtp_1)
   0.3440    0.3440 ^ core/_4046_/Q (sky130_fd_sc_hd__dfxtp_1)
   0.0813    0.4254 v core/_1916_/Y (sky130_fd_sc_hd__nand2_1)
   0.2362    0.6616 ^ core/_1917_/Y (sky130_fd_sc_hd__nor3_1)
   0.1018    0.7634 v core/_1918_/Y (sky130_fd_sc_hd__nand2_1)
   5.2893    6.0527 ^ core/_1923_/Y (sky130_fd_sc_hd__o21ai_0)
   0.8225    6.8752 ^ lsu/_66665_/X (sky130_fd_sc_hd__buf_4)
   0.1442    7.0193 v dcache/_3048_/Y (sky130_fd_sc_hd__a222oi_1)
   0.0861    7.1054 ^ dcache/_3049_/Y (sky130_fd_sc_hd__nand2_1)
   0.0450    7.1504 v dcache/_3050_/Y (sky130_fd_sc_hd__a221oi_1)
   0.2248    7.3753 v dcache/_3051_/X (sky130_fd_sc_hd__and4_1)
   0.0821    7.4574 ^ dcache/_3052_/Y (sky130_fd_sc_hd__nand2_1)
   0.0501    7.5075 v dcache/_3054_/Y (sky130_fd_sc_hd__nor4_1)
   0.2122    7.7196 v dcache/_3055_/X (sky130_fd_sc_hd__and3_1)
   0.0725    7.7922 ^ dcache/mshrs/_0615_/Y (sky130_fd_sc_hd__inv_1)
   0.0576    7.8498 v dcache/mshrs/_0616_/Y (sky130_fd_sc_hd__nor2_1)
   0.1500    7.9997 v dcache/mshrs/_0617_/Y (sky130_fd_sc_hd__a21boi_0)
   0.2412    8.2409 v dcache/mshrs/_0618_/X (sky130_fd_sc_hd__lpflow_inputiso0n_1)
   0.1858    8.4266 ^ dcache/mshrs/_0752_/Y (sky130_fd_sc_hd__a31oi_1)
   0.0689    8.4955 v dcache/mshrs/_0755_/Y (sky130_fd_sc_hd__nand2_1)
   0.2016    8.6972 v dcache/mshrs/_0756_/X (sky130_fd_sc_hd__a22o_1)
   0.1247    8.8219 v dcache/_3057_/X (sky130_fd_sc_hd__lpflow_isobufsrc_1)
   0.1863    9.0082 ^ dcache/_3059_/Y (sky130_fd_sc_hd__nor3b_1)
   0.2445    9.2527 ^ dcache/_3062_/X (sky130_fd_sc_hd__o31a_1)
   0.1380    9.3907 v dcache/_3065_/Y (sky130_fd_sc_hd__nor3_1)
   0.1212    9.5119 ^ dcache/_3066_/Y (sky130_fd_sc_hd__inv_1)
   0.3554    9.8673 ^ dcache/_3614_/X (sky130_fd_sc_hd__lpflow_clkbufkapwr_1)
   0.4437   10.3109 v dcache/_3618_/X (sky130_fd_sc_hd__mux2_2)
   0.1400   10.4509 ^ lsu/_33460_/Y (sky130_fd_sc_hd__nand2b_1)
   0.0821   10.5330 v lsu/_33469_/Y (sky130_fd_sc_hd__nor3_1)
   0.1833   10.7163 v lsu/_33470_/X (sky130_fd_sc_hd__clkbuf_1)
   0.3555   11.0718 ^ lsu/_33474_/Y (sky130_fd_sc_hd__a222oi_1)
   0.1643   11.2360 v lsu/_33475_/Y (sky130_fd_sc_hd__nand4_1)
   0.2337   11.4698 ^ lsu/_33490_/Y (sky130_fd_sc_hd__o21ai_0)
   0.0933   11.5631 v lsu/_33503_/Y (sky130_fd_sc_hd__nand3b_1)
   0.1307   11.6937 ^ lsu/_33504_/Y (sky130_fd_sc_hd__o21ai_0)
   0.1745   11.8682 ^ core/memExeUnit/_195_/X (sky130_fd_sc_hd__buf_4)
   0.2807   12.1488 ^ core/ll_wbarb/_009_/X (sky130_fd_sc_hd__clkbuf_1)
   0.3857   12.5345 ^ core/ll_wbarb/_018_/X (sky130_fd_sc_hd__lpflow_clkbufkapwr_1)
   0.3834   12.9179 v core/ll_wbarb/_028_/X (sky130_fd_sc_hd__mux2_2)
   4.4771   17.3951 ^ core/_3820_/Y (sky130_fd_sc_hd__nor3b_1)
   0.7803   18.1754 ^ core/rename_stage/busytable/_1605_/Y (sky130_fd_sc_hd__nor3b_1)
   0.3381   18.5134 ^ core/rename_stage/busytable/_1606_/X (sky130_fd_sc_hd__clkbuf_1)
   0.1305   18.6439 v core/rename_stage/busytable/_1942_/Y (sky130_fd_sc_hd__a31oi_1)
   0.1060   18.7499 ^ core/rename_stage/busytable/_1943_/Y (sky130_fd_sc_hd__nand4_1)
   0.0718   18.8218 v core/rename_stage/busytable/_1948_/Y (sky130_fd_sc_hd__a31oi_1)
   0.0035   18.8252 v core/rename_stage/busytable/_2528_/D (sky130_fd_sc_hd__dfxtp_1)
            18.8252   data arrival time

  20.0000   20.0000   clock clock (rise edge)
   0.0000   20.0000   clock network delay (ideal)
   0.0000   20.0000   clock reconvergence pessimism
            20.0000 ^ core/rename_stage/busytable/_2528_/CLK (sky130_fd_sc_hd__dfxtp_1)
  -0.1341   19.8659   library setup time
            19.8659   data required time
-------------------------------------------------------------
            19.8659   data required time
           -18.8252   data arrival time
-------------------------------------------------------------
             1.0407   slack (MET)


Startpoint: core/_4046_ (rising edge-triggered flip-flop clocked by clock)
Endpoint: core/rename_stage/busytable/_2567_
          (rising edge-triggered flip-flop clocked by clock)
Path Group: clock
Path Type: max

    Delay      Time   Description
-------------------------------------------------------------
   0.0000    0.0000   clock clock (rise edge)
   0.0000    0.0000   clock network delay (ideal)
   0.0000    0.0000 ^ core/_4046_/CLK (sky130_fd_sc_hd__dfxtp_1)
   0.3440    0.3440 ^ core/_4046_/Q (sky130_fd_sc_hd__dfxtp_1)
   0.0813    0.4254 v core/_1916_/Y (sky130_fd_sc_hd__nand2_1)
   0.2362    0.6616 ^ core/_1917_/Y (sky130_fd_sc_hd__nor3_1)
   0.1018    0.7634 v core/_1918_/Y (sky130_fd_sc_hd__nand2_1)
   5.2893    6.0527 ^ core/_1923_/Y (sky130_fd_sc_hd__o21ai_0)
   0.8225    6.8752 ^ lsu/_66665_/X (sky130_fd_sc_hd__buf_4)
   0.1442    7.0193 v dcache/_3048_/Y (sky130_fd_sc_hd__a222oi_1)
   0.0861    7.1054 ^ dcache/_3049_/Y (sky130_fd_sc_hd__nand2_1)
   0.0450    7.1504 v dcache/_3050_/Y (sky130_fd_sc_hd__a221oi_1)
   0.2248    7.3753 v dcache/_3051_/X (sky130_fd_sc_hd__and4_1)
   0.0821    7.4574 ^ dcache/_3052_/Y (sky130_fd_sc_hd__nand2_1)
   0.0501    7.5075 v dcache/_3054_/Y (sky130_fd_sc_hd__nor4_1)
   0.2122    7.7196 v dcache/_3055_/X (sky130_fd_sc_hd__and3_1)
   0.0725    7.7922 ^ dcache/mshrs/_0615_/Y (sky130_fd_sc_hd__inv_1)
   0.0576    7.8498 v dcache/mshrs/_0616_/Y (sky130_fd_sc_hd__nor2_1)
   0.1500    7.9997 v dcache/mshrs/_0617_/Y (sky130_fd_sc_hd__a21boi_0)
   0.2412    8.2409 v dcache/mshrs/_0618_/X (sky130_fd_sc_hd__lpflow_inputiso0n_1)
   0.1858    8.4266 ^ dcache/mshrs/_0752_/Y (sky130_fd_sc_hd__a31oi_1)
   0.0689    8.4955 v dcache/mshrs/_0755_/Y (sky130_fd_sc_hd__nand2_1)
   0.2016    8.6972 v dcache/mshrs/_0756_/X (sky130_fd_sc_hd__a22o_1)
   0.1247    8.8219 v dcache/_3057_/X (sky130_fd_sc_hd__lpflow_isobufsrc_1)
   0.1863    9.0082 ^ dcache/_3059_/Y (sky130_fd_sc_hd__nor3b_1)
   0.2445    9.2527 ^ dcache/_3062_/X (sky130_fd_sc_hd__o31a_1)
   0.1380    9.3907 v dcache/_3065_/Y (sky130_fd_sc_hd__nor3_1)
   0.1212    9.5119 ^ dcache/_3066_/Y (sky130_fd_sc_hd__inv_1)
   0.3554    9.8673 ^ dcache/_3614_/X (sky130_fd_sc_hd__lpflow_clkbufkapwr_1)
   0.4437   10.3109 v dcache/_3618_/X (sky130_fd_sc_hd__mux2_2)
   0.1400   10.4509 ^ lsu/_33460_/Y (sky130_fd_sc_hd__nand2b_1)
   0.0821   10.5330 v lsu/_33469_/Y (sky130_fd_sc_hd__nor3_1)
   0.1833   10.7163 v lsu/_33470_/X (sky130_fd_sc_hd__clkbuf_1)
   0.3555   11.0718 ^ lsu/_33474_/Y (sky130_fd_sc_hd__a222oi_1)
   0.1643   11.2360 v lsu/_33475_/Y (sky130_fd_sc_hd__nand4_1)
   0.2337   11.4698 ^ lsu/_33490_/Y (sky130_fd_sc_hd__o21ai_0)
   0.0933   11.5631 v lsu/_33503_/Y (sky130_fd_sc_hd__nand3b_1)
   0.1307   11.6937 ^ lsu/_33504_/Y (sky130_fd_sc_hd__o21ai_0)
   0.1745   11.8682 ^ core/memExeUnit/_195_/X (sky130_fd_sc_hd__buf_4)
   0.2807   12.1488 ^ core/ll_wbarb/_009_/X (sky130_fd_sc_hd__clkbuf_1)
   0.3857   12.5345 ^ core/ll_wbarb/_018_/X (sky130_fd_sc_hd__lpflow_clkbufkapwr_1)
   0.3834   12.9179 v core/ll_wbarb/_028_/X (sky130_fd_sc_hd__mux2_2)
   4.4771   17.3951 ^ core/_3820_/Y (sky130_fd_sc_hd__nor3b_1)
   0.5566   17.9517 ^ core/rename_stage/busytable/_2152_/X (sky130_fd_sc_hd__and3b_1)
   0.2480   18.1997 ^ core/rename_stage/busytable/_2153_/X (sky130_fd_sc_hd__clkbuf_1)
   0.3054   18.5051 ^ core/rename_stage/busytable/_2215_/X (sky130_fd_sc_hd__clkbuf_1)
   0.1276   18.6326 v core/rename_stage/busytable/_2332_/Y (sky130_fd_sc_hd__a31oi_1)
   0.1107   18.7433 ^ core/rename_stage/busytable/_2333_/Y (sky130_fd_sc_hd__nand4_1)
   0.0730   18.8163 v core/rename_stage/busytable/_2336_/Y (sky130_fd_sc_hd__a31oi_1)
   0.0035   18.8198 v core/rename_stage/busytable/_2567_/D (sky130_fd_sc_hd__dfxtp_1)
            18.8198   data arrival time

  20.0000   20.0000   clock clock (rise edge)
   0.0000   20.0000   clock network delay (ideal)
   0.0000   20.0000   clock reconvergence pessimism
            20.0000 ^ core/rename_stage/busytable/_2567_/CLK (sky130_fd_sc_hd__dfxtp_1)
  -0.1341   19.8659   library setup time
            19.8659   data required time
-------------------------------------------------------------
            19.8659   data required time
           -18.8198   data arrival time
-------------------------------------------------------------
             1.0461   slack (MET)


Startpoint: core/_4046_ (rising edge-triggered flip-flop clocked by clock)
Endpoint: core/rename_stage/busytable/_2529_
          (rising edge-triggered flip-flop clocked by clock)
Path Group: clock
Path Type: max

    Delay      Time   Description
-------------------------------------------------------------
   0.0000    0.0000   clock clock (rise edge)
   0.0000    0.0000   clock network delay (ideal)
   0.0000    0.0000 ^ core/_4046_/CLK (sky130_fd_sc_hd__dfxtp_1)
   0.3440    0.3440 ^ core/_4046_/Q (sky130_fd_sc_hd__dfxtp_1)
   0.0813    0.4254 v core/_1916_/Y (sky130_fd_sc_hd__nand2_1)
   0.2362    0.6616 ^ core/_1917_/Y (sky130_fd_sc_hd__nor3_1)
   0.1018    0.7634 v core/_1918_/Y (sky130_fd_sc_hd__nand2_1)
   5.2893    6.0527 ^ core/_1923_/Y (sky130_fd_sc_hd__o21ai_0)
   0.8225    6.8752 ^ lsu/_66665_/X (sky130_fd_sc_hd__buf_4)
   0.1442    7.0193 v dcache/_3048_/Y (sky130_fd_sc_hd__a222oi_1)
   0.0861    7.1054 ^ dcache/_3049_/Y (sky130_fd_sc_hd__nand2_1)
   0.0450    7.1504 v dcache/_3050_/Y (sky130_fd_sc_hd__a221oi_1)
   0.2248    7.3753 v dcache/_3051_/X (sky130_fd_sc_hd__and4_1)
   0.0821    7.4574 ^ dcache/_3052_/Y (sky130_fd_sc_hd__nand2_1)
   0.0501    7.5075 v dcache/_3054_/Y (sky130_fd_sc_hd__nor4_1)
   0.2122    7.7196 v dcache/_3055_/X (sky130_fd_sc_hd__and3_1)
   0.0725    7.7922 ^ dcache/mshrs/_0615_/Y (sky130_fd_sc_hd__inv_1)
   0.0576    7.8498 v dcache/mshrs/_0616_/Y (sky130_fd_sc_hd__nor2_1)
   0.1500    7.9997 v dcache/mshrs/_0617_/Y (sky130_fd_sc_hd__a21boi_0)
   0.2412    8.2409 v dcache/mshrs/_0618_/X (sky130_fd_sc_hd__lpflow_inputiso0n_1)
   0.1858    8.4266 ^ dcache/mshrs/_0752_/Y (sky130_fd_sc_hd__a31oi_1)
   0.0689    8.4955 v dcache/mshrs/_0755_/Y (sky130_fd_sc_hd__nand2_1)
   0.2016    8.6972 v dcache/mshrs/_0756_/X (sky130_fd_sc_hd__a22o_1)
   0.1247    8.8219 v dcache/_3057_/X (sky130_fd_sc_hd__lpflow_isobufsrc_1)
   0.1863    9.0082 ^ dcache/_3059_/Y (sky130_fd_sc_hd__nor3b_1)
   0.2445    9.2527 ^ dcache/_3062_/X (sky130_fd_sc_hd__o31a_1)
   0.1380    9.3907 v dcache/_3065_/Y (sky130_fd_sc_hd__nor3_1)
   0.1212    9.5119 ^ dcache/_3066_/Y (sky130_fd_sc_hd__inv_1)
   0.3554    9.8673 ^ dcache/_3614_/X (sky130_fd_sc_hd__lpflow_clkbufkapwr_1)
   0.4437   10.3109 v dcache/_3618_/X (sky130_fd_sc_hd__mux2_2)
   0.1400   10.4509 ^ lsu/_33460_/Y (sky130_fd_sc_hd__nand2b_1)
   0.0821   10.5330 v lsu/_33469_/Y (sky130_fd_sc_hd__nor3_1)
   0.1833   10.7163 v lsu/_33470_/X (sky130_fd_sc_hd__clkbuf_1)
   0.3555   11.0718 ^ lsu/_33474_/Y (sky130_fd_sc_hd__a222oi_1)
   0.1643   11.2360 v lsu/_33475_/Y (sky130_fd_sc_hd__nand4_1)
   0.2337   11.4698 ^ lsu/_33490_/Y (sky130_fd_sc_hd__o21ai_0)
   0.0933   11.5631 v lsu/_33503_/Y (sky130_fd_sc_hd__nand3b_1)
   0.1307   11.6937 ^ lsu/_33504_/Y (sky130_fd_sc_hd__o21ai_0)
   0.1745   11.8682 ^ core/memExeUnit/_195_/X (sky130_fd_sc_hd__buf_4)
   0.2807   12.1488 ^ core/ll_wbarb/_009_/X (sky130_fd_sc_hd__clkbuf_1)
   0.3857   12.5345 ^ core/ll_wbarb/_018_/X (sky130_fd_sc_hd__lpflow_clkbufkapwr_1)
   0.3834   12.9179 v core/ll_wbarb/_028_/X (sky130_fd_sc_hd__mux2_2)
   4.4771   17.3951 ^ core/_3820_/Y (sky130_fd_sc_hd__nor3b_1)
   0.7803   18.1754 ^ core/rename_stage/busytable/_1605_/Y (sky130_fd_sc_hd__nor3b_1)
   0.3381   18.5134 ^ core/rename_stage/busytable/_1606_/X (sky130_fd_sc_hd__clkbuf_1)
   0.1166   18.6301 v core/rename_stage/busytable/_1955_/Y (sky130_fd_sc_hd__nand3_1)
   0.1095   18.7395 ^ core/rename_stage/busytable/_1960_/Y (sky130_fd_sc_hd__nand4_1)
   0.0718   18.8114 v core/rename_stage/busytable/_1965_/Y (sky130_fd_sc_hd__a31oi_1)
   0.0035   18.8149 v core/rename_stage/busytable/_2529_/D (sky130_fd_sc_hd__dfxtp_1)
            18.8149   data arrival time

  20.0000   20.0000   clock clock (rise edge)
   0.0000   20.0000   clock network delay (ideal)
   0.0000   20.0000   clock reconvergence pessimism
            20.0000 ^ core/rename_stage/busytable/_2529_/CLK (sky130_fd_sc_hd__dfxtp_1)
  -0.1341   19.8659   library setup time
            19.8659   data required time
-------------------------------------------------------------
            19.8659   data required time
           -18.8149   data arrival time
-------------------------------------------------------------
             1.0511   slack (MET)


Startpoint: core/_4046_ (rising edge-triggered flip-flop clocked by clock)
Endpoint: core/rename_stage/busytable/_2561_
          (rising edge-triggered flip-flop clocked by clock)
Path Group: clock
Path Type: max

    Delay      Time   Description
-------------------------------------------------------------
   0.0000    0.0000   clock clock (rise edge)
   0.0000    0.0000   clock network delay (ideal)
   0.0000    0.0000 ^ core/_4046_/CLK (sky130_fd_sc_hd__dfxtp_1)
   0.3440    0.3440 ^ core/_4046_/Q (sky130_fd_sc_hd__dfxtp_1)
   0.0813    0.4254 v core/_1916_/Y (sky130_fd_sc_hd__nand2_1)
   0.2362    0.6616 ^ core/_1917_/Y (sky130_fd_sc_hd__nor3_1)
   0.1018    0.7634 v core/_1918_/Y (sky130_fd_sc_hd__nand2_1)
   5.2893    6.0527 ^ core/_1923_/Y (sky130_fd_sc_hd__o21ai_0)
   0.8225    6.8752 ^ lsu/_66665_/X (sky130_fd_sc_hd__buf_4)
   0.1442    7.0193 v dcache/_3048_/Y (sky130_fd_sc_hd__a222oi_1)
   0.0861    7.1054 ^ dcache/_3049_/Y (sky130_fd_sc_hd__nand2_1)
   0.0450    7.1504 v dcache/_3050_/Y (sky130_fd_sc_hd__a221oi_1)
   0.2248    7.3753 v dcache/_3051_/X (sky130_fd_sc_hd__and4_1)
   0.0821    7.4574 ^ dcache/_3052_/Y (sky130_fd_sc_hd__nand2_1)
   0.0501    7.5075 v dcache/_3054_/Y (sky130_fd_sc_hd__nor4_1)
   0.2122    7.7196 v dcache/_3055_/X (sky130_fd_sc_hd__and3_1)
   0.0725    7.7922 ^ dcache/mshrs/_0615_/Y (sky130_fd_sc_hd__inv_1)
   0.0576    7.8498 v dcache/mshrs/_0616_/Y (sky130_fd_sc_hd__nor2_1)
   0.1500    7.9997 v dcache/mshrs/_0617_/Y (sky130_fd_sc_hd__a21boi_0)
   0.2412    8.2409 v dcache/mshrs/_0618_/X (sky130_fd_sc_hd__lpflow_inputiso0n_1)
   0.1858    8.4266 ^ dcache/mshrs/_0752_/Y (sky130_fd_sc_hd__a31oi_1)
   0.0689    8.4955 v dcache/mshrs/_0755_/Y (sky130_fd_sc_hd__nand2_1)
   0.2016    8.6972 v dcache/mshrs/_0756_/X (sky130_fd_sc_hd__a22o_1)
   0.1247    8.8219 v dcache/_3057_/X (sky130_fd_sc_hd__lpflow_isobufsrc_1)
   0.1863    9.0082 ^ dcache/_3059_/Y (sky130_fd_sc_hd__nor3b_1)
   0.2445    9.2527 ^ dcache/_3062_/X (sky130_fd_sc_hd__o31a_1)
   0.1380    9.3907 v dcache/_3065_/Y (sky130_fd_sc_hd__nor3_1)
   0.1212    9.5119 ^ dcache/_3066_/Y (sky130_fd_sc_hd__inv_1)
   0.3554    9.8673 ^ dcache/_3614_/X (sky130_fd_sc_hd__lpflow_clkbufkapwr_1)
   0.4437   10.3109 v dcache/_3618_/X (sky130_fd_sc_hd__mux2_2)
   0.1400   10.4509 ^ lsu/_33460_/Y (sky130_fd_sc_hd__nand2b_1)
   0.0821   10.5330 v lsu/_33469_/Y (sky130_fd_sc_hd__nor3_1)
   0.1833   10.7163 v lsu/_33470_/X (sky130_fd_sc_hd__clkbuf_1)
   0.3555   11.0718 ^ lsu/_33474_/Y (sky130_fd_sc_hd__a222oi_1)
   0.1643   11.2360 v lsu/_33475_/Y (sky130_fd_sc_hd__nand4_1)
   0.2337   11.4698 ^ lsu/_33490_/Y (sky130_fd_sc_hd__o21ai_0)
   0.0933   11.5631 v lsu/_33503_/Y (sky130_fd_sc_hd__nand3b_1)
   0.1307   11.6937 ^ lsu/_33504_/Y (sky130_fd_sc_hd__o21ai_0)
   0.1745   11.8682 ^ core/memExeUnit/_195_/X (sky130_fd_sc_hd__buf_4)
   0.2807   12.1488 ^ core/ll_wbarb/_009_/X (sky130_fd_sc_hd__clkbuf_1)
   0.3857   12.5345 ^ core/ll_wbarb/_018_/X (sky130_fd_sc_hd__lpflow_clkbufkapwr_1)
   0.3834   12.9179 v core/ll_wbarb/_028_/X (sky130_fd_sc_hd__mux2_2)
   4.4771   17.3951 ^ core/_3820_/Y (sky130_fd_sc_hd__nor3b_1)
   0.5566   17.9517 ^ core/rename_stage/busytable/_2152_/X (sky130_fd_sc_hd__and3b_1)
   0.2480   18.1997 ^ core/rename_stage/busytable/_2153_/X (sky130_fd_sc_hd__clkbuf_1)
   0.3054   18.5051 ^ core/rename_stage/busytable/_2215_/X (sky130_fd_sc_hd__clkbuf_1)
   0.1276   18.6326 v core/rename_stage/busytable/_2281_/Y (sky130_fd_sc_hd__a31oi_1)
   0.1065   18.7392 ^ core/rename_stage/busytable/_2282_/Y (sky130_fd_sc_hd__nand4_1)
   0.0718   18.8110 v core/rename_stage/busytable/_2285_/Y (sky130_fd_sc_hd__a31oi_1)
   0.0035   18.8145 v core/rename_stage/busytable/_2561_/D (sky130_fd_sc_hd__dfxtp_1)
            18.8145   data arrival time

  20.0000   20.0000   clock clock (rise edge)
   0.0000   20.0000   clock network delay (ideal)
   0.0000   20.0000   clock reconvergence pessimism
            20.0000 ^ core/rename_stage/busytable/_2561_/CLK (sky130_fd_sc_hd__dfxtp_1)
  -0.1341   19.8659   library setup time
            19.8659   data required time
-------------------------------------------------------------
            19.8659   data required time
           -18.8145   data arrival time
-------------------------------------------------------------
             1.0514   slack (MET)


Startpoint: core/_4046_ (rising edge-triggered flip-flop clocked by clock)
Endpoint: core/rename_stage/busytable/_2564_
          (rising edge-triggered flip-flop clocked by clock)
Path Group: clock
Path Type: max

    Delay      Time   Description
-------------------------------------------------------------
   0.0000    0.0000   clock clock (rise edge)
   0.0000    0.0000   clock network delay (ideal)
   0.0000    0.0000 ^ core/_4046_/CLK (sky130_fd_sc_hd__dfxtp_1)
   0.3440    0.3440 ^ core/_4046_/Q (sky130_fd_sc_hd__dfxtp_1)
   0.0813    0.4254 v core/_1916_/Y (sky130_fd_sc_hd__nand2_1)
   0.2362    0.6616 ^ core/_1917_/Y (sky130_fd_sc_hd__nor3_1)
   0.1018    0.7634 v core/_1918_/Y (sky130_fd_sc_hd__nand2_1)
   5.2893    6.0527 ^ core/_1923_/Y (sky130_fd_sc_hd__o21ai_0)
   0.8225    6.8752 ^ lsu/_66665_/X (sky130_fd_sc_hd__buf_4)
   0.1442    7.0193 v dcache/_3048_/Y (sky130_fd_sc_hd__a222oi_1)
   0.0861    7.1054 ^ dcache/_3049_/Y (sky130_fd_sc_hd__nand2_1)
   0.0450    7.1504 v dcache/_3050_/Y (sky130_fd_sc_hd__a221oi_1)
   0.2248    7.3753 v dcache/_3051_/X (sky130_fd_sc_hd__and4_1)
   0.0821    7.4574 ^ dcache/_3052_/Y (sky130_fd_sc_hd__nand2_1)
   0.0501    7.5075 v dcache/_3054_/Y (sky130_fd_sc_hd__nor4_1)
   0.2122    7.7196 v dcache/_3055_/X (sky130_fd_sc_hd__and3_1)
   0.0725    7.7922 ^ dcache/mshrs/_0615_/Y (sky130_fd_sc_hd__inv_1)
   0.0576    7.8498 v dcache/mshrs/_0616_/Y (sky130_fd_sc_hd__nor2_1)
   0.1500    7.9997 v dcache/mshrs/_0617_/Y (sky130_fd_sc_hd__a21boi_0)
   0.2412    8.2409 v dcache/mshrs/_0618_/X (sky130_fd_sc_hd__lpflow_inputiso0n_1)
   0.1858    8.4266 ^ dcache/mshrs/_0752_/Y (sky130_fd_sc_hd__a31oi_1)
   0.0689    8.4955 v dcache/mshrs/_0755_/Y (sky130_fd_sc_hd__nand2_1)
   0.2016    8.6972 v dcache/mshrs/_0756_/X (sky130_fd_sc_hd__a22o_1)
   0.1247    8.8219 v dcache/_3057_/X (sky130_fd_sc_hd__lpflow_isobufsrc_1)
   0.1863    9.0082 ^ dcache/_3059_/Y (sky130_fd_sc_hd__nor3b_1)
   0.2445    9.2527 ^ dcache/_3062_/X (sky130_fd_sc_hd__o31a_1)
   0.1380    9.3907 v dcache/_3065_/Y (sky130_fd_sc_hd__nor3_1)
   0.1212    9.5119 ^ dcache/_3066_/Y (sky130_fd_sc_hd__inv_1)
   0.3554    9.8673 ^ dcache/_3614_/X (sky130_fd_sc_hd__lpflow_clkbufkapwr_1)
   0.4437   10.3109 v dcache/_3618_/X (sky130_fd_sc_hd__mux2_2)
   0.1400   10.4509 ^ lsu/_33460_/Y (sky130_fd_sc_hd__nand2b_1)
   0.0821   10.5330 v lsu/_33469_/Y (sky130_fd_sc_hd__nor3_1)
   0.1833   10.7163 v lsu/_33470_/X (sky130_fd_sc_hd__clkbuf_1)
   0.3555   11.0718 ^ lsu/_33474_/Y (sky130_fd_sc_hd__a222oi_1)
   0.1643   11.2360 v lsu/_33475_/Y (sky130_fd_sc_hd__nand4_1)
   0.2337   11.4698 ^ lsu/_33490_/Y (sky130_fd_sc_hd__o21ai_0)
   0.0933   11.5631 v lsu/_33503_/Y (sky130_fd_sc_hd__nand3b_1)
   0.1307   11.6937 ^ lsu/_33504_/Y (sky130_fd_sc_hd__o21ai_0)
   0.1745   11.8682 ^ core/memExeUnit/_195_/X (sky130_fd_sc_hd__buf_4)
   0.2807   12.1488 ^ core/ll_wbarb/_009_/X (sky130_fd_sc_hd__clkbuf_1)
   0.3857   12.5345 ^ core/ll_wbarb/_018_/X (sky130_fd_sc_hd__lpflow_clkbufkapwr_1)
   0.3834   12.9179 v core/ll_wbarb/_028_/X (sky130_fd_sc_hd__mux2_2)
   4.4771   17.3951 ^ core/_3820_/Y (sky130_fd_sc_hd__nor3b_1)
   0.5566   17.9517 ^ core/rename_stage/busytable/_2152_/X (sky130_fd_sc_hd__and3b_1)
   0.2480   18.1997 ^ core/rename_stage/busytable/_2153_/X (sky130_fd_sc_hd__clkbuf_1)
   0.3054   18.5051 ^ core/rename_stage/busytable/_2215_/X (sky130_fd_sc_hd__clkbuf_1)
   0.1276   18.6326 v core/rename_stage/busytable/_2308_/Y (sky130_fd_sc_hd__a31oi_1)
   0.1065   18.7392 ^ core/rename_stage/busytable/_2309_/Y (sky130_fd_sc_hd__nand4_1)
   0.0718   18.8110 v core/rename_stage/busytable/_2312_/Y (sky130_fd_sc_hd__a31oi_1)
   0.0035   18.8145 v core/rename_stage/busytable/_2564_/D (sky130_fd_sc_hd__dfxtp_1)
            18.8145   data arrival time

  20.0000   20.0000   clock clock (rise edge)
   0.0000   20.0000   clock network delay (ideal)
   0.0000   20.0000   clock reconvergence pessimism
            20.0000 ^ core/rename_stage/busytable/_2564_/CLK (sky130_fd_sc_hd__dfxtp_1)
  -0.1341   19.8659   library setup time
            19.8659   data required time
-------------------------------------------------------------
            19.8659   data required time
           -18.8145   data arrival time
-------------------------------------------------------------
             1.0514   slack (MET)


Startpoint: core/_4046_ (rising edge-triggered flip-flop clocked by clock)
Endpoint: core/rename_stage/busytable/_2575_
          (rising edge-triggered flip-flop clocked by clock)
Path Group: clock
Path Type: max

    Delay      Time   Description
-------------------------------------------------------------
   0.0000    0.0000   clock clock (rise edge)
   0.0000    0.0000   clock network delay (ideal)
   0.0000    0.0000 ^ core/_4046_/CLK (sky130_fd_sc_hd__dfxtp_1)
   0.3440    0.3440 ^ core/_4046_/Q (sky130_fd_sc_hd__dfxtp_1)
   0.0813    0.4254 v core/_1916_/Y (sky130_fd_sc_hd__nand2_1)
   0.2362    0.6616 ^ core/_1917_/Y (sky130_fd_sc_hd__nor3_1)
   0.1018    0.7634 v core/_1918_/Y (sky130_fd_sc_hd__nand2_1)
   5.2893    6.0527 ^ core/_1923_/Y (sky130_fd_sc_hd__o21ai_0)
   0.8225    6.8752 ^ lsu/_66665_/X (sky130_fd_sc_hd__buf_4)
   0.1442    7.0193 v dcache/_3048_/Y (sky130_fd_sc_hd__a222oi_1)
   0.0861    7.1054 ^ dcache/_3049_/Y (sky130_fd_sc_hd__nand2_1)
   0.0450    7.1504 v dcache/_3050_/Y (sky130_fd_sc_hd__a221oi_1)
   0.2248    7.3753 v dcache/_3051_/X (sky130_fd_sc_hd__and4_1)
   0.0821    7.4574 ^ dcache/_3052_/Y (sky130_fd_sc_hd__nand2_1)
   0.0501    7.5075 v dcache/_3054_/Y (sky130_fd_sc_hd__nor4_1)
   0.2122    7.7196 v dcache/_3055_/X (sky130_fd_sc_hd__and3_1)
   0.0725    7.7922 ^ dcache/mshrs/_0615_/Y (sky130_fd_sc_hd__inv_1)
   0.0576    7.8498 v dcache/mshrs/_0616_/Y (sky130_fd_sc_hd__nor2_1)
   0.1500    7.9997 v dcache/mshrs/_0617_/Y (sky130_fd_sc_hd__a21boi_0)
   0.2412    8.2409 v dcache/mshrs/_0618_/X (sky130_fd_sc_hd__lpflow_inputiso0n_1)
   0.1858    8.4266 ^ dcache/mshrs/_0752_/Y (sky130_fd_sc_hd__a31oi_1)
   0.0689    8.4955 v dcache/mshrs/_0755_/Y (sky130_fd_sc_hd__nand2_1)
   0.2016    8.6972 v dcache/mshrs/_0756_/X (sky130_fd_sc_hd__a22o_1)
   0.1247    8.8219 v dcache/_3057_/X (sky130_fd_sc_hd__lpflow_isobufsrc_1)
   0.1863    9.0082 ^ dcache/_3059_/Y (sky130_fd_sc_hd__nor3b_1)
   0.2445    9.2527 ^ dcache/_3062_/X (sky130_fd_sc_hd__o31a_1)
   0.1380    9.3907 v dcache/_3065_/Y (sky130_fd_sc_hd__nor3_1)
   0.1212    9.5119 ^ dcache/_3066_/Y (sky130_fd_sc_hd__inv_1)
   0.3554    9.8673 ^ dcache/_3614_/X (sky130_fd_sc_hd__lpflow_clkbufkapwr_1)
   0.4437   10.3109 v dcache/_3618_/X (sky130_fd_sc_hd__mux2_2)
   0.1400   10.4509 ^ lsu/_33460_/Y (sky130_fd_sc_hd__nand2b_1)
   0.0821   10.5330 v lsu/_33469_/Y (sky130_fd_sc_hd__nor3_1)
   0.1833   10.7163 v lsu/_33470_/X (sky130_fd_sc_hd__clkbuf_1)
   0.3555   11.0718 ^ lsu/_33474_/Y (sky130_fd_sc_hd__a222oi_1)
   0.1643   11.2360 v lsu/_33475_/Y (sky130_fd_sc_hd__nand4_1)
   0.2337   11.4698 ^ lsu/_33490_/Y (sky130_fd_sc_hd__o21ai_0)
   0.0933   11.5631 v lsu/_33503_/Y (sky130_fd_sc_hd__nand3b_1)
   0.1307   11.6937 ^ lsu/_33504_/Y (sky130_fd_sc_hd__o21ai_0)
   0.1745   11.8682 ^ core/memExeUnit/_195_/X (sky130_fd_sc_hd__buf_4)
   0.2807   12.1488 ^ core/ll_wbarb/_009_/X (sky130_fd_sc_hd__clkbuf_1)
   0.3857   12.5345 ^ core/ll_wbarb/_018_/X (sky130_fd_sc_hd__lpflow_clkbufkapwr_1)
   0.3834   12.9179 v core/ll_wbarb/_028_/X (sky130_fd_sc_hd__mux2_2)
   4.4771   17.3951 ^ core/_3820_/Y (sky130_fd_sc_hd__nor3b_1)
   0.2477   17.6428 v core/rename_stage/busytable/_2390_/Y (sky130_fd_sc_hd__nand2_1)
   0.4968   18.1396 v core/rename_stage/busytable/_2391_/X (sky130_fd_sc_hd__or2_2)
   0.1855   18.3251 v core/rename_stage/busytable/_2392_/X (sky130_fd_sc_hd__lpflow_clkbufkapwr_1)
   0.1526   18.4777 ^ core/rename_stage/busytable/_2411_/Y (sky130_fd_sc_hd__o22ai_1)
   0.0621   18.5398 v core/rename_stage/busytable/_2412_/Y (sky130_fd_sc_hd__nor3_1)
   0.2114   18.7512 ^ core/rename_stage/busytable/_2413_/Y (sky130_fd_sc_hd__a221oi_1)
   0.0620   18.8132 v core/rename_stage/busytable/_2414_/Y (sky130_fd_sc_hd__nor2_1)
   0.0035   18.8167 v core/rename_stage/busytable/_2575_/D (sky130_fd_sc_hd__dfxtp_1)
            18.8167   data arrival time

  20.0000   20.0000   clock clock (rise edge)
   0.0000   20.0000   clock network delay (ideal)
   0.0000   20.0000   clock reconvergence pessimism
            20.0000 ^ core/rename_stage/busytable/_2575_/CLK (sky130_fd_sc_hd__dfxtp_1)
  -0.1293   19.8707   library setup time
            19.8707   data required time
-------------------------------------------------------------
            19.8707   data required time
           -18.8167   data arrival time
-------------------------------------------------------------
             1.0540   slack (MET)


Startpoint: core/_4046_ (rising edge-triggered flip-flop clocked by clock)
Endpoint: core/rename_stage/busytable/_2559_
          (rising edge-triggered flip-flop clocked by clock)
Path Group: clock
Path Type: max

    Delay      Time   Description
-------------------------------------------------------------
   0.0000    0.0000   clock clock (rise edge)
   0.0000    0.0000   clock network delay (ideal)
   0.0000    0.0000 ^ core/_4046_/CLK (sky130_fd_sc_hd__dfxtp_1)
   0.3440    0.3440 ^ core/_4046_/Q (sky130_fd_sc_hd__dfxtp_1)
   0.0813    0.4254 v core/_1916_/Y (sky130_fd_sc_hd__nand2_1)
   0.2362    0.6616 ^ core/_1917_/Y (sky130_fd_sc_hd__nor3_1)
   0.1018    0.7634 v core/_1918_/Y (sky130_fd_sc_hd__nand2_1)
   5.2893    6.0527 ^ core/_1923_/Y (sky130_fd_sc_hd__o21ai_0)
   0.8225    6.8752 ^ lsu/_66665_/X (sky130_fd_sc_hd__buf_4)
   0.1442    7.0193 v dcache/_3048_/Y (sky130_fd_sc_hd__a222oi_1)
   0.0861    7.1054 ^ dcache/_3049_/Y (sky130_fd_sc_hd__nand2_1)
   0.0450    7.1504 v dcache/_3050_/Y (sky130_fd_sc_hd__a221oi_1)
   0.2248    7.3753 v dcache/_3051_/X (sky130_fd_sc_hd__and4_1)
   0.0821    7.4574 ^ dcache/_3052_/Y (sky130_fd_sc_hd__nand2_1)
   0.0501    7.5075 v dcache/_3054_/Y (sky130_fd_sc_hd__nor4_1)
   0.2122    7.7196 v dcache/_3055_/X (sky130_fd_sc_hd__and3_1)
   0.0725    7.7922 ^ dcache/mshrs/_0615_/Y (sky130_fd_sc_hd__inv_1)
   0.0576    7.8498 v dcache/mshrs/_0616_/Y (sky130_fd_sc_hd__nor2_1)
   0.1500    7.9997 v dcache/mshrs/_0617_/Y (sky130_fd_sc_hd__a21boi_0)
   0.2412    8.2409 v dcache/mshrs/_0618_/X (sky130_fd_sc_hd__lpflow_inputiso0n_1)
   0.1858    8.4266 ^ dcache/mshrs/_0752_/Y (sky130_fd_sc_hd__a31oi_1)
   0.0689    8.4955 v dcache/mshrs/_0755_/Y (sky130_fd_sc_hd__nand2_1)
   0.2016    8.6972 v dcache/mshrs/_0756_/X (sky130_fd_sc_hd__a22o_1)
   0.1247    8.8219 v dcache/_3057_/X (sky130_fd_sc_hd__lpflow_isobufsrc_1)
   0.1863    9.0082 ^ dcache/_3059_/Y (sky130_fd_sc_hd__nor3b_1)
   0.2445    9.2527 ^ dcache/_3062_/X (sky130_fd_sc_hd__o31a_1)
   0.1380    9.3907 v dcache/_3065_/Y (sky130_fd_sc_hd__nor3_1)
   0.1212    9.5119 ^ dcache/_3066_/Y (sky130_fd_sc_hd__inv_1)
   0.3554    9.8673 ^ dcache/_3614_/X (sky130_fd_sc_hd__lpflow_clkbufkapwr_1)
   0.4437   10.3109 v dcache/_3618_/X (sky130_fd_sc_hd__mux2_2)
   0.1400   10.4509 ^ lsu/_33460_/Y (sky130_fd_sc_hd__nand2b_1)
   0.0821   10.5330 v lsu/_33469_/Y (sky130_fd_sc_hd__nor3_1)
   0.1833   10.7163 v lsu/_33470_/X (sky130_fd_sc_hd__clkbuf_1)
   0.3555   11.0718 ^ lsu/_33474_/Y (sky130_fd_sc_hd__a222oi_1)
   0.1643   11.2360 v lsu/_33475_/Y (sky130_fd_sc_hd__nand4_1)
   0.2337   11.4698 ^ lsu/_33490_/Y (sky130_fd_sc_hd__o21ai_0)
   0.0933   11.5631 v lsu/_33503_/Y (sky130_fd_sc_hd__nand3b_1)
   0.1307   11.6937 ^ lsu/_33504_/Y (sky130_fd_sc_hd__o21ai_0)
   0.1745   11.8682 ^ core/memExeUnit/_195_/X (sky130_fd_sc_hd__buf_4)
   0.2807   12.1488 ^ core/ll_wbarb/_009_/X (sky130_fd_sc_hd__clkbuf_1)
   0.3857   12.5345 ^ core/ll_wbarb/_018_/X (sky130_fd_sc_hd__lpflow_clkbufkapwr_1)
   0.3834   12.9179 v core/ll_wbarb/_028_/X (sky130_fd_sc_hd__mux2_2)
   4.4771   17.3951 ^ core/_3820_/Y (sky130_fd_sc_hd__nor3b_1)
   0.5566   17.9517 ^ core/rename_stage/busytable/_2152_/X (sky130_fd_sc_hd__and3b_1)
   0.2480   18.1997 ^ core/rename_stage/busytable/_2153_/X (sky130_fd_sc_hd__clkbuf_1)
   0.3054   18.5051 ^ core/rename_stage/busytable/_2215_/X (sky130_fd_sc_hd__clkbuf_1)
   0.1176   18.6227 v core/rename_stage/busytable/_2260_/Y (sky130_fd_sc_hd__nand3_1)
   0.1096   18.7323 ^ core/rename_stage/busytable/_2264_/Y (sky130_fd_sc_hd__nand4_1)
   0.0736   18.8059 v core/rename_stage/busytable/_2268_/Y (sky130_fd_sc_hd__a31oi_1)
   0.0035   18.8094 v core/rename_stage/busytable/_2559_/D (sky130_fd_sc_hd__dfxtp_1)
            18.8094   data arrival time

  20.0000   20.0000   clock clock (rise edge)
   0.0000   20.0000   clock network delay (ideal)
   0.0000   20.0000   clock reconvergence pessimism
            20.0000 ^ core/rename_stage/busytable/_2559_/CLK (sky130_fd_sc_hd__dfxtp_1)
  -0.1341   19.8659   library setup time
            19.8659   data required time
-------------------------------------------------------------
            19.8659   data required time
           -18.8094   data arrival time
-------------------------------------------------------------
             1.0565   slack (MET)


Startpoint: core/_4046_ (rising edge-triggered flip-flop clocked by clock)
Endpoint: core/rename_stage/busytable/_2535_
          (rising edge-triggered flip-flop clocked by clock)
Path Group: clock
Path Type: max

    Delay      Time   Description
-------------------------------------------------------------
   0.0000    0.0000   clock clock (rise edge)
   0.0000    0.0000   clock network delay (ideal)
   0.0000    0.0000 ^ core/_4046_/CLK (sky130_fd_sc_hd__dfxtp_1)
   0.3440    0.3440 ^ core/_4046_/Q (sky130_fd_sc_hd__dfxtp_1)
   0.0813    0.4254 v core/_1916_/Y (sky130_fd_sc_hd__nand2_1)
   0.2362    0.6616 ^ core/_1917_/Y (sky130_fd_sc_hd__nor3_1)
   0.1018    0.7634 v core/_1918_/Y (sky130_fd_sc_hd__nand2_1)
   5.2893    6.0527 ^ core/_1923_/Y (sky130_fd_sc_hd__o21ai_0)
   0.8225    6.8752 ^ lsu/_66665_/X (sky130_fd_sc_hd__buf_4)
   0.1442    7.0193 v dcache/_3048_/Y (sky130_fd_sc_hd__a222oi_1)
   0.0861    7.1054 ^ dcache/_3049_/Y (sky130_fd_sc_hd__nand2_1)
   0.0450    7.1504 v dcache/_3050_/Y (sky130_fd_sc_hd__a221oi_1)
   0.2248    7.3753 v dcache/_3051_/X (sky130_fd_sc_hd__and4_1)
   0.0821    7.4574 ^ dcache/_3052_/Y (sky130_fd_sc_hd__nand2_1)
   0.0501    7.5075 v dcache/_3054_/Y (sky130_fd_sc_hd__nor4_1)
   0.2122    7.7196 v dcache/_3055_/X (sky130_fd_sc_hd__and3_1)
   0.0725    7.7922 ^ dcache/mshrs/_0615_/Y (sky130_fd_sc_hd__inv_1)
   0.0576    7.8498 v dcache/mshrs/_0616_/Y (sky130_fd_sc_hd__nor2_1)
   0.1500    7.9997 v dcache/mshrs/_0617_/Y (sky130_fd_sc_hd__a21boi_0)
   0.2412    8.2409 v dcache/mshrs/_0618_/X (sky130_fd_sc_hd__lpflow_inputiso0n_1)
   0.1858    8.4266 ^ dcache/mshrs/_0752_/Y (sky130_fd_sc_hd__a31oi_1)
   0.0689    8.4955 v dcache/mshrs/_0755_/Y (sky130_fd_sc_hd__nand2_1)
   0.2016    8.6972 v dcache/mshrs/_0756_/X (sky130_fd_sc_hd__a22o_1)
   0.1247    8.8219 v dcache/_3057_/X (sky130_fd_sc_hd__lpflow_isobufsrc_1)
   0.1863    9.0082 ^ dcache/_3059_/Y (sky130_fd_sc_hd__nor3b_1)
   0.2445    9.2527 ^ dcache/_3062_/X (sky130_fd_sc_hd__o31a_1)
   0.1380    9.3907 v dcache/_3065_/Y (sky130_fd_sc_hd__nor3_1)
   0.1212    9.5119 ^ dcache/_3066_/Y (sky130_fd_sc_hd__inv_1)
   0.3554    9.8673 ^ dcache/_3614_/X (sky130_fd_sc_hd__lpflow_clkbufkapwr_1)
   0.4437   10.3109 v dcache/_3618_/X (sky130_fd_sc_hd__mux2_2)
   0.1400   10.4509 ^ lsu/_33460_/Y (sky130_fd_sc_hd__nand2b_1)
   0.0821   10.5330 v lsu/_33469_/Y (sky130_fd_sc_hd__nor3_1)
   0.1833   10.7163 v lsu/_33470_/X (sky130_fd_sc_hd__clkbuf_1)
   0.3555   11.0718 ^ lsu/_33474_/Y (sky130_fd_sc_hd__a222oi_1)
   0.1643   11.2360 v lsu/_33475_/Y (sky130_fd_sc_hd__nand4_1)
   0.2337   11.4698 ^ lsu/_33490_/Y (sky130_fd_sc_hd__o21ai_0)
   0.0933   11.5631 v lsu/_33503_/Y (sky130_fd_sc_hd__nand3b_1)
   0.1307   11.6937 ^ lsu/_33504_/Y (sky130_fd_sc_hd__o21ai_0)
   0.1745   11.8682 ^ core/memExeUnit/_195_/X (sky130_fd_sc_hd__buf_4)
   0.2807   12.1488 ^ core/ll_wbarb/_009_/X (sky130_fd_sc_hd__clkbuf_1)
   0.3857   12.5345 ^ core/ll_wbarb/_018_/X (sky130_fd_sc_hd__lpflow_clkbufkapwr_1)
   0.3834   12.9179 v core/ll_wbarb/_028_/X (sky130_fd_sc_hd__mux2_2)
   4.4771   17.3951 ^ core/_3820_/Y (sky130_fd_sc_hd__nor3b_1)
   0.7803   18.1754 ^ core/rename_stage/busytable/_1605_/Y (sky130_fd_sc_hd__nor3b_1)
   0.3381   18.5134 ^ core/rename_stage/busytable/_1606_/X (sky130_fd_sc_hd__clkbuf_1)
   0.1174   18.6308 v core/rename_stage/busytable/_2030_/Y (sky130_fd_sc_hd__nand3_1)
   0.1029   18.7337 ^ core/rename_stage/busytable/_2036_/Y (sky130_fd_sc_hd__nand4_1)
   0.0721   18.8058 v core/rename_stage/busytable/_2039_/Y (sky130_fd_sc_hd__a31oi_1)
   0.0035   18.8093 v core/rename_stage/busytable/_2535_/D (sky130_fd_sc_hd__dfxtp_1)
            18.8093   data arrival time

  20.0000   20.0000   clock clock (rise edge)
   0.0000   20.0000   clock network delay (ideal)
   0.0000   20.0000   clock reconvergence pessimism
            20.0000 ^ core/rename_stage/busytable/_2535_/CLK (sky130_fd_sc_hd__dfxtp_1)
  -0.1341   19.8659   library setup time
            19.8659   data required time
-------------------------------------------------------------
            19.8659   data required time
           -18.8093   data arrival time
-------------------------------------------------------------
             1.0566   slack (MET)


Startpoint: core/_4046_ (rising edge-triggered flip-flop clocked by clock)
Endpoint: core/rename_stage/busytable/_2538_
          (rising edge-triggered flip-flop clocked by clock)
Path Group: clock
Path Type: max

    Delay      Time   Description
-------------------------------------------------------------
   0.0000    0.0000   clock clock (rise edge)
   0.0000    0.0000   clock network delay (ideal)
   0.0000    0.0000 ^ core/_4046_/CLK (sky130_fd_sc_hd__dfxtp_1)
   0.3440    0.3440 ^ core/_4046_/Q (sky130_fd_sc_hd__dfxtp_1)
   0.0813    0.4254 v core/_1916_/Y (sky130_fd_sc_hd__nand2_1)
   0.2362    0.6616 ^ core/_1917_/Y (sky130_fd_sc_hd__nor3_1)
   0.1018    0.7634 v core/_1918_/Y (sky130_fd_sc_hd__nand2_1)
   5.2893    6.0527 ^ core/_1923_/Y (sky130_fd_sc_hd__o21ai_0)
   0.8225    6.8752 ^ lsu/_66665_/X (sky130_fd_sc_hd__buf_4)
   0.1442    7.0193 v dcache/_3048_/Y (sky130_fd_sc_hd__a222oi_1)
   0.0861    7.1054 ^ dcache/_3049_/Y (sky130_fd_sc_hd__nand2_1)
   0.0450    7.1504 v dcache/_3050_/Y (sky130_fd_sc_hd__a221oi_1)
   0.2248    7.3753 v dcache/_3051_/X (sky130_fd_sc_hd__and4_1)
   0.0821    7.4574 ^ dcache/_3052_/Y (sky130_fd_sc_hd__nand2_1)
   0.0501    7.5075 v dcache/_3054_/Y (sky130_fd_sc_hd__nor4_1)
   0.2122    7.7196 v dcache/_3055_/X (sky130_fd_sc_hd__and3_1)
   0.0725    7.7922 ^ dcache/mshrs/_0615_/Y (sky130_fd_sc_hd__inv_1)
   0.0576    7.8498 v dcache/mshrs/_0616_/Y (sky130_fd_sc_hd__nor2_1)
   0.1500    7.9997 v dcache/mshrs/_0617_/Y (sky130_fd_sc_hd__a21boi_0)
   0.2412    8.2409 v dcache/mshrs/_0618_/X (sky130_fd_sc_hd__lpflow_inputiso0n_1)
   0.1858    8.4266 ^ dcache/mshrs/_0752_/Y (sky130_fd_sc_hd__a31oi_1)
   0.0689    8.4955 v dcache/mshrs/_0755_/Y (sky130_fd_sc_hd__nand2_1)
   0.2016    8.6972 v dcache/mshrs/_0756_/X (sky130_fd_sc_hd__a22o_1)
   0.1247    8.8219 v dcache/_3057_/X (sky130_fd_sc_hd__lpflow_isobufsrc_1)
   0.1863    9.0082 ^ dcache/_3059_/Y (sky130_fd_sc_hd__nor3b_1)
   0.2445    9.2527 ^ dcache/_3062_/X (sky130_fd_sc_hd__o31a_1)
   0.1380    9.3907 v dcache/_3065_/Y (sky130_fd_sc_hd__nor3_1)
   0.1212    9.5119 ^ dcache/_3066_/Y (sky130_fd_sc_hd__inv_1)
   0.3554    9.8673 ^ dcache/_3614_/X (sky130_fd_sc_hd__lpflow_clkbufkapwr_1)
   0.4437   10.3109 v dcache/_3618_/X (sky130_fd_sc_hd__mux2_2)
   0.1400   10.4509 ^ lsu/_33460_/Y (sky130_fd_sc_hd__nand2b_1)
   0.0821   10.5330 v lsu/_33469_/Y (sky130_fd_sc_hd__nor3_1)
   0.1833   10.7163 v lsu/_33470_/X (sky130_fd_sc_hd__clkbuf_1)
   0.3555   11.0718 ^ lsu/_33474_/Y (sky130_fd_sc_hd__a222oi_1)
   0.1643   11.2360 v lsu/_33475_/Y (sky130_fd_sc_hd__nand4_1)
   0.2337   11.4698 ^ lsu/_33490_/Y (sky130_fd_sc_hd__o21ai_0)
   0.0933   11.5631 v lsu/_33503_/Y (sky130_fd_sc_hd__nand3b_1)
   0.1307   11.6937 ^ lsu/_33504_/Y (sky130_fd_sc_hd__o21ai_0)
   0.1745   11.8682 ^ core/memExeUnit/_195_/X (sky130_fd_sc_hd__buf_4)
   0.2807   12.1488 ^ core/ll_wbarb/_009_/X (sky130_fd_sc_hd__clkbuf_1)
   0.3857   12.5345 ^ core/ll_wbarb/_018_/X (sky130_fd_sc_hd__lpflow_clkbufkapwr_1)
   0.3834   12.9179 v core/ll_wbarb/_028_/X (sky130_fd_sc_hd__mux2_2)
   4.4771   17.3951 ^ core/_3820_/Y (sky130_fd_sc_hd__nor3b_1)
   0.7803   18.1754 ^ core/rename_stage/busytable/_1605_/Y (sky130_fd_sc_hd__nor3b_1)
   0.3381   18.5134 ^ core/rename_stage/busytable/_1606_/X (sky130_fd_sc_hd__clkbuf_1)
   0.1174   18.6308 v core/rename_stage/busytable/_2063_/Y (sky130_fd_sc_hd__nand3_1)
   0.1029   18.7337 ^ core/rename_stage/busytable/_2072_/Y (sky130_fd_sc_hd__nand4_1)
   0.0720   18.8058 v core/rename_stage/busytable/_2076_/Y (sky130_fd_sc_hd__a31oi_1)
   0.0035   18.8092 v core/rename_stage/busytable/_2538_/D (sky130_fd_sc_hd__dfxtp_1)
            18.8092   data arrival time

  20.0000   20.0000   clock clock (rise edge)
   0.0000   20.0000   clock network delay (ideal)
   0.0000   20.0000   clock reconvergence pessimism
            20.0000 ^ core/rename_stage/busytable/_2538_/CLK (sky130_fd_sc_hd__dfxtp_1)
  -0.1341   19.8659   library setup time
            19.8659   data required time
-------------------------------------------------------------
            19.8659   data required time
           -18.8092   data arrival time
-------------------------------------------------------------
             1.0567   slack (MET)


Startpoint: core/_4046_ (rising edge-triggered flip-flop clocked by clock)
Endpoint: core/rename_stage/busytable/_2532_
          (rising edge-triggered flip-flop clocked by clock)
Path Group: clock
Path Type: max

    Delay      Time   Description
-------------------------------------------------------------
   0.0000    0.0000   clock clock (rise edge)
   0.0000    0.0000   clock network delay (ideal)
   0.0000    0.0000 ^ core/_4046_/CLK (sky130_fd_sc_hd__dfxtp_1)
   0.3440    0.3440 ^ core/_4046_/Q (sky130_fd_sc_hd__dfxtp_1)
   0.0813    0.4254 v core/_1916_/Y (sky130_fd_sc_hd__nand2_1)
   0.2362    0.6616 ^ core/_1917_/Y (sky130_fd_sc_hd__nor3_1)
   0.1018    0.7634 v core/_1918_/Y (sky130_fd_sc_hd__nand2_1)
   5.2893    6.0527 ^ core/_1923_/Y (sky130_fd_sc_hd__o21ai_0)
   0.8225    6.8752 ^ lsu/_66665_/X (sky130_fd_sc_hd__buf_4)
   0.1442    7.0193 v dcache/_3048_/Y (sky130_fd_sc_hd__a222oi_1)
   0.0861    7.1054 ^ dcache/_3049_/Y (sky130_fd_sc_hd__nand2_1)
   0.0450    7.1504 v dcache/_3050_/Y (sky130_fd_sc_hd__a221oi_1)
   0.2248    7.3753 v dcache/_3051_/X (sky130_fd_sc_hd__and4_1)
   0.0821    7.4574 ^ dcache/_3052_/Y (sky130_fd_sc_hd__nand2_1)
   0.0501    7.5075 v dcache/_3054_/Y (sky130_fd_sc_hd__nor4_1)
   0.2122    7.7196 v dcache/_3055_/X (sky130_fd_sc_hd__and3_1)
   0.0725    7.7922 ^ dcache/mshrs/_0615_/Y (sky130_fd_sc_hd__inv_1)
   0.0576    7.8498 v dcache/mshrs/_0616_/Y (sky130_fd_sc_hd__nor2_1)
   0.1500    7.9997 v dcache/mshrs/_0617_/Y (sky130_fd_sc_hd__a21boi_0)
   0.2412    8.2409 v dcache/mshrs/_0618_/X (sky130_fd_sc_hd__lpflow_inputiso0n_1)
   0.1858    8.4266 ^ dcache/mshrs/_0752_/Y (sky130_fd_sc_hd__a31oi_1)
   0.0689    8.4955 v dcache/mshrs/_0755_/Y (sky130_fd_sc_hd__nand2_1)
   0.2016    8.6972 v dcache/mshrs/_0756_/X (sky130_fd_sc_hd__a22o_1)
   0.1247    8.8219 v dcache/_3057_/X (sky130_fd_sc_hd__lpflow_isobufsrc_1)
   0.1863    9.0082 ^ dcache/_3059_/Y (sky130_fd_sc_hd__nor3b_1)
   0.2445    9.2527 ^ dcache/_3062_/X (sky130_fd_sc_hd__o31a_1)
   0.1380    9.3907 v dcache/_3065_/Y (sky130_fd_sc_hd__nor3_1)
   0.1212    9.5119 ^ dcache/_3066_/Y (sky130_fd_sc_hd__inv_1)
   0.3554    9.8673 ^ dcache/_3614_/X (sky130_fd_sc_hd__lpflow_clkbufkapwr_1)
   0.4437   10.3109 v dcache/_3618_/X (sky130_fd_sc_hd__mux2_2)
   0.1400   10.4509 ^ lsu/_33460_/Y (sky130_fd_sc_hd__nand2b_1)
   0.0821   10.5330 v lsu/_33469_/Y (sky130_fd_sc_hd__nor3_1)
   0.1833   10.7163 v lsu/_33470_/X (sky130_fd_sc_hd__clkbuf_1)
   0.3555   11.0718 ^ lsu/_33474_/Y (sky130_fd_sc_hd__a222oi_1)
   0.1643   11.2360 v lsu/_33475_/Y (sky130_fd_sc_hd__nand4_1)
   0.2337   11.4698 ^ lsu/_33490_/Y (sky130_fd_sc_hd__o21ai_0)
   0.0933   11.5631 v lsu/_33503_/Y (sky130_fd_sc_hd__nand3b_1)
   0.1307   11.6937 ^ lsu/_33504_/Y (sky130_fd_sc_hd__o21ai_0)
   0.1745   11.8682 ^ core/memExeUnit/_195_/X (sky130_fd_sc_hd__buf_4)
   0.2807   12.1488 ^ core/ll_wbarb/_009_/X (sky130_fd_sc_hd__clkbuf_1)
   0.3857   12.5345 ^ core/ll_wbarb/_018_/X (sky130_fd_sc_hd__lpflow_clkbufkapwr_1)
   0.3834   12.9179 v core/ll_wbarb/_028_/X (sky130_fd_sc_hd__mux2_2)
   4.4771   17.3951 ^ core/_3820_/Y (sky130_fd_sc_hd__nor3b_1)
   0.7803   18.1754 ^ core/rename_stage/busytable/_1605_/Y (sky130_fd_sc_hd__nor3b_1)
   0.3381   18.5134 ^ core/rename_stage/busytable/_1606_/X (sky130_fd_sc_hd__clkbuf_1)
   0.1174   18.6308 v core/rename_stage/busytable/_1992_/Y (sky130_fd_sc_hd__nand3_1)
   0.1029   18.7337 ^ core/rename_stage/busytable/_2000_/Y (sky130_fd_sc_hd__nand4_1)
   0.0718   18.8055 v core/rename_stage/busytable/_2005_/Y (sky130_fd_sc_hd__a31oi_1)
   0.0035   18.8090 v core/rename_stage/busytable/_2532_/D (sky130_fd_sc_hd__dfxtp_1)
            18.8090   data arrival time

  20.0000   20.0000   clock clock (rise edge)
   0.0000   20.0000   clock network delay (ideal)
   0.0000   20.0000   clock reconvergence pessimism
            20.0000 ^ core/rename_stage/busytable/_2532_/CLK (sky130_fd_sc_hd__dfxtp_1)
  -0.1341   19.8659   library setup time
            19.8659   data required time
-------------------------------------------------------------
            19.8659   data required time
           -18.8090   data arrival time
-------------------------------------------------------------
             1.0569   slack (MET)


Startpoint: core/_4046_ (rising edge-triggered flip-flop clocked by clock)
Endpoint: core/rename_stage/busytable/_2546_
          (rising edge-triggered flip-flop clocked by clock)
Path Group: clock
Path Type: max

    Delay      Time   Description
-------------------------------------------------------------
   0.0000    0.0000   clock clock (rise edge)
   0.0000    0.0000   clock network delay (ideal)
   0.0000    0.0000 ^ core/_4046_/CLK (sky130_fd_sc_hd__dfxtp_1)
   0.3440    0.3440 ^ core/_4046_/Q (sky130_fd_sc_hd__dfxtp_1)
   0.0813    0.4254 v core/_1916_/Y (sky130_fd_sc_hd__nand2_1)
   0.2362    0.6616 ^ core/_1917_/Y (sky130_fd_sc_hd__nor3_1)
   0.1018    0.7634 v core/_1918_/Y (sky130_fd_sc_hd__nand2_1)
   5.2893    6.0527 ^ core/_1923_/Y (sky130_fd_sc_hd__o21ai_0)
   0.8225    6.8752 ^ lsu/_66665_/X (sky130_fd_sc_hd__buf_4)
   0.1442    7.0193 v dcache/_3048_/Y (sky130_fd_sc_hd__a222oi_1)
   0.0861    7.1054 ^ dcache/_3049_/Y (sky130_fd_sc_hd__nand2_1)
   0.0450    7.1504 v dcache/_3050_/Y (sky130_fd_sc_hd__a221oi_1)
   0.2248    7.3753 v dcache/_3051_/X (sky130_fd_sc_hd__and4_1)
   0.0821    7.4574 ^ dcache/_3052_/Y (sky130_fd_sc_hd__nand2_1)
   0.0501    7.5075 v dcache/_3054_/Y (sky130_fd_sc_hd__nor4_1)
   0.2122    7.7196 v dcache/_3055_/X (sky130_fd_sc_hd__and3_1)
   0.0725    7.7922 ^ dcache/mshrs/_0615_/Y (sky130_fd_sc_hd__inv_1)
   0.0576    7.8498 v dcache/mshrs/_0616_/Y (sky130_fd_sc_hd__nor2_1)
   0.1500    7.9997 v dcache/mshrs/_0617_/Y (sky130_fd_sc_hd__a21boi_0)
   0.2412    8.2409 v dcache/mshrs/_0618_/X (sky130_fd_sc_hd__lpflow_inputiso0n_1)
   0.1858    8.4266 ^ dcache/mshrs/_0752_/Y (sky130_fd_sc_hd__a31oi_1)
   0.0689    8.4955 v dcache/mshrs/_0755_/Y (sky130_fd_sc_hd__nand2_1)
   0.2016    8.6972 v dcache/mshrs/_0756_/X (sky130_fd_sc_hd__a22o_1)
   0.1247    8.8219 v dcache/_3057_/X (sky130_fd_sc_hd__lpflow_isobufsrc_1)
   0.1863    9.0082 ^ dcache/_3059_/Y (sky130_fd_sc_hd__nor3b_1)
   0.2445    9.2527 ^ dcache/_3062_/X (sky130_fd_sc_hd__o31a_1)
   0.1380    9.3907 v dcache/_3065_/Y (sky130_fd_sc_hd__nor3_1)
   0.1212    9.5119 ^ dcache/_3066_/Y (sky130_fd_sc_hd__inv_1)
   0.3554    9.8673 ^ dcache/_3614_/X (sky130_fd_sc_hd__lpflow_clkbufkapwr_1)
   0.4437   10.3109 v dcache/_3618_/X (sky130_fd_sc_hd__mux2_2)
   0.1400   10.4509 ^ lsu/_33460_/Y (sky130_fd_sc_hd__nand2b_1)
   0.0821   10.5330 v lsu/_33469_/Y (sky130_fd_sc_hd__nor3_1)
   0.1833   10.7163 v lsu/_33470_/X (sky130_fd_sc_hd__clkbuf_1)
   0.3555   11.0718 ^ lsu/_33474_/Y (sky130_fd_sc_hd__a222oi_1)
   0.1643   11.2360 v lsu/_33475_/Y (sky130_fd_sc_hd__nand4_1)
   0.2337   11.4698 ^ lsu/_33490_/Y (sky130_fd_sc_hd__o21ai_0)
   0.0933   11.5631 v lsu/_33503_/Y (sky130_fd_sc_hd__nand3b_1)
   0.1307   11.6937 ^ lsu/_33504_/Y (sky130_fd_sc_hd__o21ai_0)
   0.1745   11.8682 ^ core/memExeUnit/_195_/X (sky130_fd_sc_hd__buf_4)
   0.2807   12.1488 ^ core/ll_wbarb/_009_/X (sky130_fd_sc_hd__clkbuf_1)
   0.3857   12.5345 ^ core/ll_wbarb/_018_/X (sky130_fd_sc_hd__lpflow_clkbufkapwr_1)
   0.3834   12.9179 v core/ll_wbarb/_028_/X (sky130_fd_sc_hd__mux2_2)
   4.4771   17.3951 ^ core/_3820_/Y (sky130_fd_sc_hd__nor3b_1)
   0.7389   18.1339 v core/rename_stage/busytable/_2117_/Y (sky130_fd_sc_hd__nand3b_1)
   0.3960   18.5300 v core/rename_stage/busytable/_2118_/X (sky130_fd_sc_hd__clkbuf_1)
   0.1926   18.7226 ^ core/rename_stage/busytable/_2173_/Y (sky130_fd_sc_hd__o211ai_1)
   0.0811   18.8037 v core/rename_stage/busytable/_2175_/Y (sky130_fd_sc_hd__a21oi_1)
   0.0035   18.8072 v core/rename_stage/busytable/_2546_/D (sky130_fd_sc_hd__dfxtp_1)
            18.8072   data arrival time

  20.0000   20.0000   clock clock (rise edge)
   0.0000   20.0000   clock network delay (ideal)
   0.0000   20.0000   clock reconvergence pessimism
            20.0000 ^ core/rename_stage/busytable/_2546_/CLK (sky130_fd_sc_hd__dfxtp_1)
  -0.1339   19.8661   library setup time
            19.8661   data required time
-------------------------------------------------------------
            19.8661   data required time
           -18.8072   data arrival time
-------------------------------------------------------------
             1.0589   slack (MET)


Startpoint: core/_4046_ (rising edge-triggered flip-flop clocked by clock)
Endpoint: core/rename_stage/busytable/_2533_
          (rising edge-triggered flip-flop clocked by clock)
Path Group: clock
Path Type: max

    Delay      Time   Description
-------------------------------------------------------------
   0.0000    0.0000   clock clock (rise edge)
   0.0000    0.0000   clock network delay (ideal)
   0.0000    0.0000 ^ core/_4046_/CLK (sky130_fd_sc_hd__dfxtp_1)
   0.3440    0.3440 ^ core/_4046_/Q (sky130_fd_sc_hd__dfxtp_1)
   0.0813    0.4254 v core/_1916_/Y (sky130_fd_sc_hd__nand2_1)
   0.2362    0.6616 ^ core/_1917_/Y (sky130_fd_sc_hd__nor3_1)
   0.1018    0.7634 v core/_1918_/Y (sky130_fd_sc_hd__nand2_1)
   5.2893    6.0527 ^ core/_1923_/Y (sky130_fd_sc_hd__o21ai_0)
   0.8225    6.8752 ^ lsu/_66665_/X (sky130_fd_sc_hd__buf_4)
   0.1442    7.0193 v dcache/_3048_/Y (sky130_fd_sc_hd__a222oi_1)
   0.0861    7.1054 ^ dcache/_3049_/Y (sky130_fd_sc_hd__nand2_1)
   0.0450    7.1504 v dcache/_3050_/Y (sky130_fd_sc_hd__a221oi_1)
   0.2248    7.3753 v dcache/_3051_/X (sky130_fd_sc_hd__and4_1)
   0.0821    7.4574 ^ dcache/_3052_/Y (sky130_fd_sc_hd__nand2_1)
   0.0501    7.5075 v dcache/_3054_/Y (sky130_fd_sc_hd__nor4_1)
   0.2122    7.7196 v dcache/_3055_/X (sky130_fd_sc_hd__and3_1)
   0.0725    7.7922 ^ dcache/mshrs/_0615_/Y (sky130_fd_sc_hd__inv_1)
   0.0576    7.8498 v dcache/mshrs/_0616_/Y (sky130_fd_sc_hd__nor2_1)
   0.1500    7.9997 v dcache/mshrs/_0617_/Y (sky130_fd_sc_hd__a21boi_0)
   0.2412    8.2409 v dcache/mshrs/_0618_/X (sky130_fd_sc_hd__lpflow_inputiso0n_1)
   0.1858    8.4266 ^ dcache/mshrs/_0752_/Y (sky130_fd_sc_hd__a31oi_1)
   0.0689    8.4955 v dcache/mshrs/_0755_/Y (sky130_fd_sc_hd__nand2_1)
   0.2016    8.6972 v dcache/mshrs/_0756_/X (sky130_fd_sc_hd__a22o_1)
   0.1247    8.8219 v dcache/_3057_/X (sky130_fd_sc_hd__lpflow_isobufsrc_1)
   0.1863    9.0082 ^ dcache/_3059_/Y (sky130_fd_sc_hd__nor3b_1)
   0.2445    9.2527 ^ dcache/_3062_/X (sky130_fd_sc_hd__o31a_1)
   0.1380    9.3907 v dcache/_3065_/Y (sky130_fd_sc_hd__nor3_1)
   0.1212    9.5119 ^ dcache/_3066_/Y (sky130_fd_sc_hd__inv_1)
   0.3554    9.8673 ^ dcache/_3614_/X (sky130_fd_sc_hd__lpflow_clkbufkapwr_1)
   0.4437   10.3109 v dcache/_3618_/X (sky130_fd_sc_hd__mux2_2)
   0.1400   10.4509 ^ lsu/_33460_/Y (sky130_fd_sc_hd__nand2b_1)
   0.0821   10.5330 v lsu/_33469_/Y (sky130_fd_sc_hd__nor3_1)
   0.1833   10.7163 v lsu/_33470_/X (sky130_fd_sc_hd__clkbuf_1)
   0.3555   11.0718 ^ lsu/_33474_/Y (sky130_fd_sc_hd__a222oi_1)
   0.1643   11.2360 v lsu/_33475_/Y (sky130_fd_sc_hd__nand4_1)
   0.2337   11.4698 ^ lsu/_33490_/Y (sky130_fd_sc_hd__o21ai_0)
   0.0933   11.5631 v lsu/_33503_/Y (sky130_fd_sc_hd__nand3b_1)
   0.1307   11.6937 ^ lsu/_33504_/Y (sky130_fd_sc_hd__o21ai_0)
   0.1745   11.8682 ^ core/memExeUnit/_195_/X (sky130_fd_sc_hd__buf_4)
   0.2807   12.1488 ^ core/ll_wbarb/_009_/X (sky130_fd_sc_hd__clkbuf_1)
   0.3857   12.5345 ^ core/ll_wbarb/_018_/X (sky130_fd_sc_hd__lpflow_clkbufkapwr_1)
   0.3834   12.9179 v core/ll_wbarb/_028_/X (sky130_fd_sc_hd__mux2_2)
   4.4771   17.3951 ^ core/_3820_/Y (sky130_fd_sc_hd__nor3b_1)
   0.7803   18.1754 ^ core/rename_stage/busytable/_1605_/Y (sky130_fd_sc_hd__nor3b_1)
   0.3381   18.5134 ^ core/rename_stage/busytable/_1606_/X (sky130_fd_sc_hd__clkbuf_1)
   0.1166   18.6301 v core/rename_stage/busytable/_2010_/Y (sky130_fd_sc_hd__nand3_1)
   0.1099   18.7400 ^ core/rename_stage/busytable/_2014_/Y (sky130_fd_sc_hd__nand4_1)
   0.0629   18.8029 v core/rename_stage/busytable/_2018_/Y (sky130_fd_sc_hd__a21oi_1)
   0.0035   18.8063 v core/rename_stage/busytable/_2533_/D (sky130_fd_sc_hd__dfxtp_1)
            18.8063   data arrival time

  20.0000   20.0000   clock clock (rise edge)
   0.0000   20.0000   clock network delay (ideal)
   0.0000   20.0000   clock reconvergence pessimism
            20.0000 ^ core/rename_stage/busytable/_2533_/CLK (sky130_fd_sc_hd__dfxtp_1)
  -0.1339   19.8661   library setup time
            19.8661   data required time
-------------------------------------------------------------
            19.8661   data required time
           -18.8063   data arrival time
-------------------------------------------------------------
             1.0598   slack (MET)


Startpoint: core/_4046_ (rising edge-triggered flip-flop clocked by clock)
Endpoint: core/rename_stage/busytable/_2520_
          (rising edge-triggered flip-flop clocked by clock)
Path Group: clock
Path Type: max

    Delay      Time   Description
-------------------------------------------------------------
   0.0000    0.0000   clock clock (rise edge)
   0.0000    0.0000   clock network delay (ideal)
   0.0000    0.0000 ^ core/_4046_/CLK (sky130_fd_sc_hd__dfxtp_1)
   0.3440    0.3440 ^ core/_4046_/Q (sky130_fd_sc_hd__dfxtp_1)
   0.0813    0.4254 v core/_1916_/Y (sky130_fd_sc_hd__nand2_1)
   0.2362    0.6616 ^ core/_1917_/Y (sky130_fd_sc_hd__nor3_1)
   0.1018    0.7634 v core/_1918_/Y (sky130_fd_sc_hd__nand2_1)
   5.2893    6.0527 ^ core/_1923_/Y (sky130_fd_sc_hd__o21ai_0)
   0.8225    6.8752 ^ lsu/_66665_/X (sky130_fd_sc_hd__buf_4)
   0.1442    7.0193 v dcache/_3048_/Y (sky130_fd_sc_hd__a222oi_1)
   0.0861    7.1054 ^ dcache/_3049_/Y (sky130_fd_sc_hd__nand2_1)
   0.0450    7.1504 v dcache/_3050_/Y (sky130_fd_sc_hd__a221oi_1)
   0.2248    7.3753 v dcache/_3051_/X (sky130_fd_sc_hd__and4_1)
   0.0821    7.4574 ^ dcache/_3052_/Y (sky130_fd_sc_hd__nand2_1)
   0.0501    7.5075 v dcache/_3054_/Y (sky130_fd_sc_hd__nor4_1)
   0.2122    7.7196 v dcache/_3055_/X (sky130_fd_sc_hd__and3_1)
   0.0725    7.7922 ^ dcache/mshrs/_0615_/Y (sky130_fd_sc_hd__inv_1)
   0.0576    7.8498 v dcache/mshrs/_0616_/Y (sky130_fd_sc_hd__nor2_1)
   0.1500    7.9997 v dcache/mshrs/_0617_/Y (sky130_fd_sc_hd__a21boi_0)
   0.2412    8.2409 v dcache/mshrs/_0618_/X (sky130_fd_sc_hd__lpflow_inputiso0n_1)
   0.1858    8.4266 ^ dcache/mshrs/_0752_/Y (sky130_fd_sc_hd__a31oi_1)
   0.0689    8.4955 v dcache/mshrs/_0755_/Y (sky130_fd_sc_hd__nand2_1)
   0.2016    8.6972 v dcache/mshrs/_0756_/X (sky130_fd_sc_hd__a22o_1)
   0.1247    8.8219 v dcache/_3057_/X (sky130_fd_sc_hd__lpflow_isobufsrc_1)
   0.1863    9.0082 ^ dcache/_3059_/Y (sky130_fd_sc_hd__nor3b_1)
   0.2445    9.2527 ^ dcache/_3062_/X (sky130_fd_sc_hd__o31a_1)
   0.1380    9.3907 v dcache/_3065_/Y (sky130_fd_sc_hd__nor3_1)
   0.1212    9.5119 ^ dcache/_3066_/Y (sky130_fd_sc_hd__inv_1)
   0.3554    9.8673 ^ dcache/_3614_/X (sky130_fd_sc_hd__lpflow_clkbufkapwr_1)
   0.4437   10.3109 v dcache/_3618_/X (sky130_fd_sc_hd__mux2_2)
   0.1400   10.4509 ^ lsu/_33460_/Y (sky130_fd_sc_hd__nand2b_1)
   0.0821   10.5330 v lsu/_33469_/Y (sky130_fd_sc_hd__nor3_1)
   0.1833   10.7163 v lsu/_33470_/X (sky130_fd_sc_hd__clkbuf_1)
   0.3555   11.0718 ^ lsu/_33474_/Y (sky130_fd_sc_hd__a222oi_1)
   0.1643   11.2360 v lsu/_33475_/Y (sky130_fd_sc_hd__nand4_1)
   0.2337   11.4698 ^ lsu/_33490_/Y (sky130_fd_sc_hd__o21ai_0)
   0.0933   11.5631 v lsu/_33503_/Y (sky130_fd_sc_hd__nand3b_1)
   0.1307   11.6937 ^ lsu/_33504_/Y (sky130_fd_sc_hd__o21ai_0)
   0.1745   11.8682 ^ core/memExeUnit/_195_/X (sky130_fd_sc_hd__buf_4)
   0.2807   12.1488 ^ core/ll_wbarb/_009_/X (sky130_fd_sc_hd__clkbuf_1)
   0.3857   12.5345 ^ core/ll_wbarb/_018_/X (sky130_fd_sc_hd__lpflow_clkbufkapwr_1)
   0.3834   12.9179 v core/ll_wbarb/_028_/X (sky130_fd_sc_hd__mux2_2)
   4.4771   17.3951 ^ core/_3820_/Y (sky130_fd_sc_hd__nor3b_1)
   0.5647   17.9598 v core/rename_stage/busytable/_1525_/X (sky130_fd_sc_hd__or3b_2)
   0.1530   18.1128 v core/rename_stage/busytable/_1526_/X (sky130_fd_sc_hd__clkbuf_1)
   0.1987   18.3115 v core/rename_stage/busytable/_1527_/X (sky130_fd_sc_hd__clkbuf_1)
   0.1424   18.4539 ^ core/rename_stage/busytable/_1786_/Y (sky130_fd_sc_hd__o22ai_1)
   0.0697   18.5236 v core/rename_stage/busytable/_1792_/Y (sky130_fd_sc_hd__a211oi_1)
   0.2211   18.7447 ^ core/rename_stage/busytable/_1793_/Y (sky130_fd_sc_hd__a221oi_1)
   0.0620   18.8067 v core/rename_stage/busytable/_1794_/Y (sky130_fd_sc_hd__nor2_1)
   0.0035   18.8102 v core/rename_stage/busytable/_2520_/D (sky130_fd_sc_hd__dfxtp_1)
            18.8102   data arrival time

  20.0000   20.0000   clock clock (rise edge)
   0.0000   20.0000   clock network delay (ideal)
   0.0000   20.0000   clock reconvergence pessimism
            20.0000 ^ core/rename_stage/busytable/_2520_/CLK (sky130_fd_sc_hd__dfxtp_1)
  -0.1293   19.8707   library setup time
            19.8707   data required time
-------------------------------------------------------------
            19.8707   data required time
           -18.8102   data arrival time
-------------------------------------------------------------
             1.0605   slack (MET)


Startpoint: core/_4046_ (rising edge-triggered flip-flop clocked by clock)
Endpoint: core/rename_stage/busytable/_2570_
          (rising edge-triggered flip-flop clocked by clock)
Path Group: clock
Path Type: max

    Delay      Time   Description
-------------------------------------------------------------
   0.0000    0.0000   clock clock (rise edge)
   0.0000    0.0000   clock network delay (ideal)
   0.0000    0.0000 ^ core/_4046_/CLK (sky130_fd_sc_hd__dfxtp_1)
   0.3440    0.3440 ^ core/_4046_/Q (sky130_fd_sc_hd__dfxtp_1)
   0.0813    0.4254 v core/_1916_/Y (sky130_fd_sc_hd__nand2_1)
   0.2362    0.6616 ^ core/_1917_/Y (sky130_fd_sc_hd__nor3_1)
   0.1018    0.7634 v core/_1918_/Y (sky130_fd_sc_hd__nand2_1)
   5.2893    6.0527 ^ core/_1923_/Y (sky130_fd_sc_hd__o21ai_0)
   0.8225    6.8752 ^ lsu/_66665_/X (sky130_fd_sc_hd__buf_4)
   0.1442    7.0193 v dcache/_3048_/Y (sky130_fd_sc_hd__a222oi_1)
   0.0861    7.1054 ^ dcache/_3049_/Y (sky130_fd_sc_hd__nand2_1)
   0.0450    7.1504 v dcache/_3050_/Y (sky130_fd_sc_hd__a221oi_1)
   0.2248    7.3753 v dcache/_3051_/X (sky130_fd_sc_hd__and4_1)
   0.0821    7.4574 ^ dcache/_3052_/Y (sky130_fd_sc_hd__nand2_1)
   0.0501    7.5075 v dcache/_3054_/Y (sky130_fd_sc_hd__nor4_1)
   0.2122    7.7196 v dcache/_3055_/X (sky130_fd_sc_hd__and3_1)
   0.0725    7.7922 ^ dcache/mshrs/_0615_/Y (sky130_fd_sc_hd__inv_1)
   0.0576    7.8498 v dcache/mshrs/_0616_/Y (sky130_fd_sc_hd__nor2_1)
   0.1500    7.9997 v dcache/mshrs/_0617_/Y (sky130_fd_sc_hd__a21boi_0)
   0.2412    8.2409 v dcache/mshrs/_0618_/X (sky130_fd_sc_hd__lpflow_inputiso0n_1)
   0.1858    8.4266 ^ dcache/mshrs/_0752_/Y (sky130_fd_sc_hd__a31oi_1)
   0.0689    8.4955 v dcache/mshrs/_0755_/Y (sky130_fd_sc_hd__nand2_1)
   0.2016    8.6972 v dcache/mshrs/_0756_/X (sky130_fd_sc_hd__a22o_1)
   0.1247    8.8219 v dcache/_3057_/X (sky130_fd_sc_hd__lpflow_isobufsrc_1)
   0.1863    9.0082 ^ dcache/_3059_/Y (sky130_fd_sc_hd__nor3b_1)
   0.2445    9.2527 ^ dcache/_3062_/X (sky130_fd_sc_hd__o31a_1)
   0.1380    9.3907 v dcache/_3065_/Y (sky130_fd_sc_hd__nor3_1)
   0.1212    9.5119 ^ dcache/_3066_/Y (sky130_fd_sc_hd__inv_1)
   0.3554    9.8673 ^ dcache/_3614_/X (sky130_fd_sc_hd__lpflow_clkbufkapwr_1)
   0.4437   10.3109 v dcache/_3618_/X (sky130_fd_sc_hd__mux2_2)
   0.1400   10.4509 ^ lsu/_33460_/Y (sky130_fd_sc_hd__nand2b_1)
   0.0821   10.5330 v lsu/_33469_/Y (sky130_fd_sc_hd__nor3_1)
   0.1833   10.7163 v lsu/_33470_/X (sky130_fd_sc_hd__clkbuf_1)
   0.3555   11.0718 ^ lsu/_33474_/Y (sky130_fd_sc_hd__a222oi_1)
   0.1643   11.2360 v lsu/_33475_/Y (sky130_fd_sc_hd__nand4_1)
   0.2337   11.4698 ^ lsu/_33490_/Y (sky130_fd_sc_hd__o21ai_0)
   0.0933   11.5631 v lsu/_33503_/Y (sky130_fd_sc_hd__nand3b_1)
   0.1307   11.6937 ^ lsu/_33504_/Y (sky130_fd_sc_hd__o21ai_0)
   0.1745   11.8682 ^ core/memExeUnit/_195_/X (sky130_fd_sc_hd__buf_4)
   0.2807   12.1488 ^ core/ll_wbarb/_009_/X (sky130_fd_sc_hd__clkbuf_1)
   0.3857   12.5345 ^ core/ll_wbarb/_018_/X (sky130_fd_sc_hd__lpflow_clkbufkapwr_1)
   0.3834   12.9179 v core/ll_wbarb/_028_/X (sky130_fd_sc_hd__mux2_2)
   4.4771   17.3951 ^ core/_3820_/Y (sky130_fd_sc_hd__nor3b_1)
   0.5566   17.9517 ^ core/rename_stage/busytable/_2152_/X (sky130_fd_sc_hd__and3b_1)
   0.2480   18.1997 ^ core/rename_stage/busytable/_2153_/X (sky130_fd_sc_hd__clkbuf_1)
   0.3054   18.5051 ^ core/rename_stage/busytable/_2215_/X (sky130_fd_sc_hd__clkbuf_1)
   0.1176   18.6227 v core/rename_stage/busytable/_2353_/Y (sky130_fd_sc_hd__nand3_1)
   0.1029   18.7256 ^ core/rename_stage/busytable/_2358_/Y (sky130_fd_sc_hd__nand4_1)
   0.0718   18.7975 v core/rename_stage/busytable/_2361_/Y (sky130_fd_sc_hd__a31oi_1)
   0.0035   18.8009 v core/rename_stage/busytable/_2570_/D (sky130_fd_sc_hd__dfxtp_1)
            18.8009   data arrival time

  20.0000   20.0000   clock clock (rise edge)
   0.0000   20.0000   clock network delay (ideal)
   0.0000   20.0000   clock reconvergence pessimism
            20.0000 ^ core/rename_stage/busytable/_2570_/CLK (sky130_fd_sc_hd__dfxtp_1)
  -0.1341   19.8659   library setup time
            19.8659   data required time
-------------------------------------------------------------
            19.8659   data required time
           -18.8009   data arrival time
-------------------------------------------------------------
             1.0650   slack (MET)


Startpoint: core/_4046_ (rising edge-triggered flip-flop clocked by clock)
Endpoint: core/rename_stage/busytable/_2568_
          (rising edge-triggered flip-flop clocked by clock)
Path Group: clock
Path Type: max

    Delay      Time   Description
-------------------------------------------------------------
   0.0000    0.0000   clock clock (rise edge)
   0.0000    0.0000   clock network delay (ideal)
   0.0000    0.0000 ^ core/_4046_/CLK (sky130_fd_sc_hd__dfxtp_1)
   0.3440    0.3440 ^ core/_4046_/Q (sky130_fd_sc_hd__dfxtp_1)
   0.0813    0.4254 v core/_1916_/Y (sky130_fd_sc_hd__nand2_1)
   0.2362    0.6616 ^ core/_1917_/Y (sky130_fd_sc_hd__nor3_1)
   0.1018    0.7634 v core/_1918_/Y (sky130_fd_sc_hd__nand2_1)
   5.2893    6.0527 ^ core/_1923_/Y (sky130_fd_sc_hd__o21ai_0)
   0.8225    6.8752 ^ lsu/_66665_/X (sky130_fd_sc_hd__buf_4)
   0.1442    7.0193 v dcache/_3048_/Y (sky130_fd_sc_hd__a222oi_1)
   0.0861    7.1054 ^ dcache/_3049_/Y (sky130_fd_sc_hd__nand2_1)
   0.0450    7.1504 v dcache/_3050_/Y (sky130_fd_sc_hd__a221oi_1)
   0.2248    7.3753 v dcache/_3051_/X (sky130_fd_sc_hd__and4_1)
   0.0821    7.4574 ^ dcache/_3052_/Y (sky130_fd_sc_hd__nand2_1)
   0.0501    7.5075 v dcache/_3054_/Y (sky130_fd_sc_hd__nor4_1)
   0.2122    7.7196 v dcache/_3055_/X (sky130_fd_sc_hd__and3_1)
   0.0725    7.7922 ^ dcache/mshrs/_0615_/Y (sky130_fd_sc_hd__inv_1)
   0.0576    7.8498 v dcache/mshrs/_0616_/Y (sky130_fd_sc_hd__nor2_1)
   0.1500    7.9997 v dcache/mshrs/_0617_/Y (sky130_fd_sc_hd__a21boi_0)
   0.2412    8.2409 v dcache/mshrs/_0618_/X (sky130_fd_sc_hd__lpflow_inputiso0n_1)
   0.1858    8.4266 ^ dcache/mshrs/_0752_/Y (sky130_fd_sc_hd__a31oi_1)
   0.0689    8.4955 v dcache/mshrs/_0755_/Y (sky130_fd_sc_hd__nand2_1)
   0.2016    8.6972 v dcache/mshrs/_0756_/X (sky130_fd_sc_hd__a22o_1)
   0.1247    8.8219 v dcache/_3057_/X (sky130_fd_sc_hd__lpflow_isobufsrc_1)
   0.1863    9.0082 ^ dcache/_3059_/Y (sky130_fd_sc_hd__nor3b_1)
   0.2445    9.2527 ^ dcache/_3062_/X (sky130_fd_sc_hd__o31a_1)
   0.1380    9.3907 v dcache/_3065_/Y (sky130_fd_sc_hd__nor3_1)
   0.1212    9.5119 ^ dcache/_3066_/Y (sky130_fd_sc_hd__inv_1)
   0.3554    9.8673 ^ dcache/_3614_/X (sky130_fd_sc_hd__lpflow_clkbufkapwr_1)
   0.4437   10.3109 v dcache/_3618_/X (sky130_fd_sc_hd__mux2_2)
   0.1400   10.4509 ^ lsu/_33460_/Y (sky130_fd_sc_hd__nand2b_1)
   0.0821   10.5330 v lsu/_33469_/Y (sky130_fd_sc_hd__nor3_1)
   0.1833   10.7163 v lsu/_33470_/X (sky130_fd_sc_hd__clkbuf_1)
   0.3555   11.0718 ^ lsu/_33474_/Y (sky130_fd_sc_hd__a222oi_1)
   0.1643   11.2360 v lsu/_33475_/Y (sky130_fd_sc_hd__nand4_1)
   0.2337   11.4698 ^ lsu/_33490_/Y (sky130_fd_sc_hd__o21ai_0)
   0.0933   11.5631 v lsu/_33503_/Y (sky130_fd_sc_hd__nand3b_1)
   0.1307   11.6937 ^ lsu/_33504_/Y (sky130_fd_sc_hd__o21ai_0)
   0.1745   11.8682 ^ core/memExeUnit/_195_/X (sky130_fd_sc_hd__buf_4)
   0.2807   12.1488 ^ core/ll_wbarb/_009_/X (sky130_fd_sc_hd__clkbuf_1)
   0.3857   12.5345 ^ core/ll_wbarb/_018_/X (sky130_fd_sc_hd__lpflow_clkbufkapwr_1)
   0.3834   12.9179 v core/ll_wbarb/_028_/X (sky130_fd_sc_hd__mux2_2)
   4.4771   17.3951 ^ core/_3820_/Y (sky130_fd_sc_hd__nor3b_1)
   0.5566   17.9517 ^ core/rename_stage/busytable/_2152_/X (sky130_fd_sc_hd__and3b_1)
   0.2480   18.1997 ^ core/rename_stage/busytable/_2153_/X (sky130_fd_sc_hd__clkbuf_1)
   0.3054   18.5051 ^ core/rename_stage/busytable/_2215_/X (sky130_fd_sc_hd__clkbuf_1)
   0.1175   18.6226 v core/rename_stage/busytable/_2337_/Y (sky130_fd_sc_hd__nand3_1)
   0.1039   18.7265 ^ core/rename_stage/busytable/_2341_/Y (sky130_fd_sc_hd__nand3_1)
   0.0698   18.7963 v core/rename_stage/busytable/_2344_/Y (sky130_fd_sc_hd__a31oi_1)
   0.0035   18.7998 v core/rename_stage/busytable/_2568_/D (sky130_fd_sc_hd__dfxtp_1)
            18.7998   data arrival time

  20.0000   20.0000   clock clock (rise edge)
   0.0000   20.0000   clock network delay (ideal)
   0.0000   20.0000   clock reconvergence pessimism
            20.0000 ^ core/rename_stage/busytable/_2568_/CLK (sky130_fd_sc_hd__dfxtp_1)
  -0.1341   19.8659   library setup time
            19.8659   data required time
-------------------------------------------------------------
            19.8659   data required time
           -18.7998   data arrival time
-------------------------------------------------------------
             1.0662   slack (MET)


Startpoint: core/_4046_ (rising edge-triggered flip-flop clocked by clock)
Endpoint: core/rename_stage/busytable/_2547_
          (rising edge-triggered flip-flop clocked by clock)
Path Group: clock
Path Type: max

    Delay      Time   Description
-------------------------------------------------------------
   0.0000    0.0000   clock clock (rise edge)
   0.0000    0.0000   clock network delay (ideal)
   0.0000    0.0000 ^ core/_4046_/CLK (sky130_fd_sc_hd__dfxtp_1)
   0.3440    0.3440 ^ core/_4046_/Q (sky130_fd_sc_hd__dfxtp_1)
   0.0813    0.4254 v core/_1916_/Y (sky130_fd_sc_hd__nand2_1)
   0.2362    0.6616 ^ core/_1917_/Y (sky130_fd_sc_hd__nor3_1)
   0.1018    0.7634 v core/_1918_/Y (sky130_fd_sc_hd__nand2_1)
   5.2893    6.0527 ^ core/_1923_/Y (sky130_fd_sc_hd__o21ai_0)
   0.8225    6.8752 ^ lsu/_66665_/X (sky130_fd_sc_hd__buf_4)
   0.1442    7.0193 v dcache/_3048_/Y (sky130_fd_sc_hd__a222oi_1)
   0.0861    7.1054 ^ dcache/_3049_/Y (sky130_fd_sc_hd__nand2_1)
   0.0450    7.1504 v dcache/_3050_/Y (sky130_fd_sc_hd__a221oi_1)
   0.2248    7.3753 v dcache/_3051_/X (sky130_fd_sc_hd__and4_1)
   0.0821    7.4574 ^ dcache/_3052_/Y (sky130_fd_sc_hd__nand2_1)
   0.0501    7.5075 v dcache/_3054_/Y (sky130_fd_sc_hd__nor4_1)
   0.2122    7.7196 v dcache/_3055_/X (sky130_fd_sc_hd__and3_1)
   0.0725    7.7922 ^ dcache/mshrs/_0615_/Y (sky130_fd_sc_hd__inv_1)
   0.0576    7.8498 v dcache/mshrs/_0616_/Y (sky130_fd_sc_hd__nor2_1)
   0.1500    7.9997 v dcache/mshrs/_0617_/Y (sky130_fd_sc_hd__a21boi_0)
   0.2412    8.2409 v dcache/mshrs/_0618_/X (sky130_fd_sc_hd__lpflow_inputiso0n_1)
   0.1858    8.4266 ^ dcache/mshrs/_0752_/Y (sky130_fd_sc_hd__a31oi_1)
   0.0689    8.4955 v dcache/mshrs/_0755_/Y (sky130_fd_sc_hd__nand2_1)
   0.2016    8.6972 v dcache/mshrs/_0756_/X (sky130_fd_sc_hd__a22o_1)
   0.1247    8.8219 v dcache/_3057_/X (sky130_fd_sc_hd__lpflow_isobufsrc_1)
   0.1863    9.0082 ^ dcache/_3059_/Y (sky130_fd_sc_hd__nor3b_1)
   0.2445    9.2527 ^ dcache/_3062_/X (sky130_fd_sc_hd__o31a_1)
   0.1380    9.3907 v dcache/_3065_/Y (sky130_fd_sc_hd__nor3_1)
   0.1212    9.5119 ^ dcache/_3066_/Y (sky130_fd_sc_hd__inv_1)
   0.3554    9.8673 ^ dcache/_3614_/X (sky130_fd_sc_hd__lpflow_clkbufkapwr_1)
   0.4437   10.3109 v dcache/_3618_/X (sky130_fd_sc_hd__mux2_2)
   0.1400   10.4509 ^ lsu/_33460_/Y (sky130_fd_sc_hd__nand2b_1)
   0.0821   10.5330 v lsu/_33469_/Y (sky130_fd_sc_hd__nor3_1)
   0.1833   10.7163 v lsu/_33470_/X (sky130_fd_sc_hd__clkbuf_1)
   0.3555   11.0718 ^ lsu/_33474_/Y (sky130_fd_sc_hd__a222oi_1)
   0.1643   11.2360 v lsu/_33475_/Y (sky130_fd_sc_hd__nand4_1)
   0.2337   11.4698 ^ lsu/_33490_/Y (sky130_fd_sc_hd__o21ai_0)
   0.0933   11.5631 v lsu/_33503_/Y (sky130_fd_sc_hd__nand3b_1)
   0.1307   11.6937 ^ lsu/_33504_/Y (sky130_fd_sc_hd__o21ai_0)
   0.1745   11.8682 ^ core/memExeUnit/_195_/X (sky130_fd_sc_hd__buf_4)
   0.2807   12.1488 ^ core/ll_wbarb/_009_/X (sky130_fd_sc_hd__clkbuf_1)
   0.3857   12.5345 ^ core/ll_wbarb/_018_/X (sky130_fd_sc_hd__lpflow_clkbufkapwr_1)
   0.3834   12.9179 v core/ll_wbarb/_028_/X (sky130_fd_sc_hd__mux2_2)
   4.4771   17.3951 ^ core/_3820_/Y (sky130_fd_sc_hd__nor3b_1)
   0.7389   18.1339 v core/rename_stage/busytable/_2117_/Y (sky130_fd_sc_hd__nand3b_1)
   0.3395   18.4734 ^ core/rename_stage/busytable/_2177_/Y (sky130_fd_sc_hd__o22ai_1)
   0.0843   18.5577 v core/rename_stage/busytable/_2179_/Y (sky130_fd_sc_hd__a211oi_1)
   0.1476   18.7053 ^ core/rename_stage/busytable/_2180_/Y (sky130_fd_sc_hd__a22oi_1)
   0.0850   18.7903 v core/rename_stage/busytable/_2181_/Y (sky130_fd_sc_hd__a21oi_1)
   0.0035   18.7938 v core/rename_stage/busytable/_2547_/D (sky130_fd_sc_hd__dfxtp_1)
            18.7938   data arrival time

  20.0000   20.0000   clock clock (rise edge)
   0.0000   20.0000   clock network delay (ideal)
   0.0000   20.0000   clock reconvergence pessimism
            20.0000 ^ core/rename_stage/busytable/_2547_/CLK (sky130_fd_sc_hd__dfxtp_1)
  -0.1339   19.8661   library setup time
            19.8661   data required time
-------------------------------------------------------------
            19.8661   data required time
           -18.7938   data arrival time
-------------------------------------------------------------
             1.0723   slack (MET)


Startpoint: core/_4046_ (rising edge-triggered flip-flop clocked by clock)
Endpoint: core/rename_stage/busytable/_2512_
          (rising edge-triggered flip-flop clocked by clock)
Path Group: clock
Path Type: max

    Delay      Time   Description
-------------------------------------------------------------
   0.0000    0.0000   clock clock (rise edge)
   0.0000    0.0000   clock network delay (ideal)
   0.0000    0.0000 ^ core/_4046_/CLK (sky130_fd_sc_hd__dfxtp_1)
   0.3440    0.3440 ^ core/_4046_/Q (sky130_fd_sc_hd__dfxtp_1)
   0.0813    0.4254 v core/_1916_/Y (sky130_fd_sc_hd__nand2_1)
   0.2362    0.6616 ^ core/_1917_/Y (sky130_fd_sc_hd__nor3_1)
   0.1018    0.7634 v core/_1918_/Y (sky130_fd_sc_hd__nand2_1)
   5.2893    6.0527 ^ core/_1923_/Y (sky130_fd_sc_hd__o21ai_0)
   0.8225    6.8752 ^ lsu/_66665_/X (sky130_fd_sc_hd__buf_4)
   0.1442    7.0193 v dcache/_3048_/Y (sky130_fd_sc_hd__a222oi_1)
   0.0861    7.1054 ^ dcache/_3049_/Y (sky130_fd_sc_hd__nand2_1)
   0.0450    7.1504 v dcache/_3050_/Y (sky130_fd_sc_hd__a221oi_1)
   0.2248    7.3753 v dcache/_3051_/X (sky130_fd_sc_hd__and4_1)
   0.0821    7.4574 ^ dcache/_3052_/Y (sky130_fd_sc_hd__nand2_1)
   0.0501    7.5075 v dcache/_3054_/Y (sky130_fd_sc_hd__nor4_1)
   0.2122    7.7196 v dcache/_3055_/X (sky130_fd_sc_hd__and3_1)
   0.0725    7.7922 ^ dcache/mshrs/_0615_/Y (sky130_fd_sc_hd__inv_1)
   0.0576    7.8498 v dcache/mshrs/_0616_/Y (sky130_fd_sc_hd__nor2_1)
   0.1500    7.9997 v dcache/mshrs/_0617_/Y (sky130_fd_sc_hd__a21boi_0)
   0.2412    8.2409 v dcache/mshrs/_0618_/X (sky130_fd_sc_hd__lpflow_inputiso0n_1)
   0.1858    8.4266 ^ dcache/mshrs/_0752_/Y (sky130_fd_sc_hd__a31oi_1)
   0.0689    8.4955 v dcache/mshrs/_0755_/Y (sky130_fd_sc_hd__nand2_1)
   0.2016    8.6972 v dcache/mshrs/_0756_/X (sky130_fd_sc_hd__a22o_1)
   0.1247    8.8219 v dcache/_3057_/X (sky130_fd_sc_hd__lpflow_isobufsrc_1)
   0.1863    9.0082 ^ dcache/_3059_/Y (sky130_fd_sc_hd__nor3b_1)
   0.2445    9.2527 ^ dcache/_3062_/X (sky130_fd_sc_hd__o31a_1)
   0.1380    9.3907 v dcache/_3065_/Y (sky130_fd_sc_hd__nor3_1)
   0.1212    9.5119 ^ dcache/_3066_/Y (sky130_fd_sc_hd__inv_1)
   0.3554    9.8673 ^ dcache/_3614_/X (sky130_fd_sc_hd__lpflow_clkbufkapwr_1)
   0.4437   10.3109 v dcache/_3618_/X (sky130_fd_sc_hd__mux2_2)
   0.1400   10.4509 ^ lsu/_33460_/Y (sky130_fd_sc_hd__nand2b_1)
   0.0821   10.5330 v lsu/_33469_/Y (sky130_fd_sc_hd__nor3_1)
   0.1833   10.7163 v lsu/_33470_/X (sky130_fd_sc_hd__clkbuf_1)
   0.3555   11.0718 ^ lsu/_33474_/Y (sky130_fd_sc_hd__a222oi_1)
   0.1643   11.2360 v lsu/_33475_/Y (sky130_fd_sc_hd__nand4_1)
   0.2337   11.4698 ^ lsu/_33490_/Y (sky130_fd_sc_hd__o21ai_0)
   0.0933   11.5631 v lsu/_33503_/Y (sky130_fd_sc_hd__nand3b_1)
   0.1307   11.6937 ^ lsu/_33504_/Y (sky130_fd_sc_hd__o21ai_0)
   0.1745   11.8682 ^ core/memExeUnit/_195_/X (sky130_fd_sc_hd__buf_4)
   0.2807   12.1488 ^ core/ll_wbarb/_009_/X (sky130_fd_sc_hd__clkbuf_1)
   0.3857   12.5345 ^ core/ll_wbarb/_018_/X (sky130_fd_sc_hd__lpflow_clkbufkapwr_1)
   0.3834   12.9179 v core/ll_wbarb/_028_/X (sky130_fd_sc_hd__mux2_2)
   4.4771   17.3951 ^ core/_3820_/Y (sky130_fd_sc_hd__nor3b_1)
   0.7803   18.1754 ^ core/rename_stage/busytable/_1605_/Y (sky130_fd_sc_hd__nor3b_1)
   0.3381   18.5134 ^ core/rename_stage/busytable/_1606_/X (sky130_fd_sc_hd__clkbuf_1)
   0.1122   18.6256 v core/rename_stage/busytable/_1607_/Y (sky130_fd_sc_hd__a22oi_1)
   0.1021   18.7277 ^ core/rename_stage/busytable/_1608_/Y (sky130_fd_sc_hd__nand3_1)
   0.0610   18.7888 v core/rename_stage/busytable/_1615_/Y (sky130_fd_sc_hd__a21oi_1)
   0.0035   18.7922 v core/rename_stage/busytable/_2512_/D (sky130_fd_sc_hd__dfxtp_1)
            18.7922   data arrival time

  20.0000   20.0000   clock clock (rise edge)
   0.0000   20.0000   clock network delay (ideal)
   0.0000   20.0000   clock reconvergence pessimism
            20.0000 ^ core/rename_stage/busytable/_2512_/CLK (sky130_fd_sc_hd__dfxtp_1)
  -0.1339   19.8661   library setup time
            19.8661   data required time
-------------------------------------------------------------
            19.8661   data required time
           -18.7922   data arrival time
-------------------------------------------------------------
             1.0739   slack (MET)


Startpoint: core/_4046_ (rising edge-triggered flip-flop clocked by clock)
Endpoint: core/rename_stage/busytable/_2519_
          (rising edge-triggered flip-flop clocked by clock)
Path Group: clock
Path Type: max

    Delay      Time   Description
-------------------------------------------------------------
   0.0000    0.0000   clock clock (rise edge)
   0.0000    0.0000   clock network delay (ideal)
   0.0000    0.0000 ^ core/_4046_/CLK (sky130_fd_sc_hd__dfxtp_1)
   0.3440    0.3440 ^ core/_4046_/Q (sky130_fd_sc_hd__dfxtp_1)
   0.0813    0.4254 v core/_1916_/Y (sky130_fd_sc_hd__nand2_1)
   0.2362    0.6616 ^ core/_1917_/Y (sky130_fd_sc_hd__nor3_1)
   0.1018    0.7634 v core/_1918_/Y (sky130_fd_sc_hd__nand2_1)
   5.2893    6.0527 ^ core/_1923_/Y (sky130_fd_sc_hd__o21ai_0)
   0.8225    6.8752 ^ lsu/_66665_/X (sky130_fd_sc_hd__buf_4)
   0.1442    7.0193 v dcache/_3048_/Y (sky130_fd_sc_hd__a222oi_1)
   0.0861    7.1054 ^ dcache/_3049_/Y (sky130_fd_sc_hd__nand2_1)
   0.0450    7.1504 v dcache/_3050_/Y (sky130_fd_sc_hd__a221oi_1)
   0.2248    7.3753 v dcache/_3051_/X (sky130_fd_sc_hd__and4_1)
   0.0821    7.4574 ^ dcache/_3052_/Y (sky130_fd_sc_hd__nand2_1)
   0.0501    7.5075 v dcache/_3054_/Y (sky130_fd_sc_hd__nor4_1)
   0.2122    7.7196 v dcache/_3055_/X (sky130_fd_sc_hd__and3_1)
   0.0725    7.7922 ^ dcache/mshrs/_0615_/Y (sky130_fd_sc_hd__inv_1)
   0.0576    7.8498 v dcache/mshrs/_0616_/Y (sky130_fd_sc_hd__nor2_1)
   0.1500    7.9997 v dcache/mshrs/_0617_/Y (sky130_fd_sc_hd__a21boi_0)
   0.2412    8.2409 v dcache/mshrs/_0618_/X (sky130_fd_sc_hd__lpflow_inputiso0n_1)
   0.1858    8.4266 ^ dcache/mshrs/_0752_/Y (sky130_fd_sc_hd__a31oi_1)
   0.0689    8.4955 v dcache/mshrs/_0755_/Y (sky130_fd_sc_hd__nand2_1)
   0.2016    8.6972 v dcache/mshrs/_0756_/X (sky130_fd_sc_hd__a22o_1)
   0.1247    8.8219 v dcache/_3057_/X (sky130_fd_sc_hd__lpflow_isobufsrc_1)
   0.1863    9.0082 ^ dcache/_3059_/Y (sky130_fd_sc_hd__nor3b_1)
   0.2445    9.2527 ^ dcache/_3062_/X (sky130_fd_sc_hd__o31a_1)
   0.1380    9.3907 v dcache/_3065_/Y (sky130_fd_sc_hd__nor3_1)
   0.1212    9.5119 ^ dcache/_3066_/Y (sky130_fd_sc_hd__inv_1)
   0.3554    9.8673 ^ dcache/_3614_/X (sky130_fd_sc_hd__lpflow_clkbufkapwr_1)
   0.4437   10.3109 v dcache/_3618_/X (sky130_fd_sc_hd__mux2_2)
   0.1400   10.4509 ^ lsu/_33460_/Y (sky130_fd_sc_hd__nand2b_1)
   0.0821   10.5330 v lsu/_33469_/Y (sky130_fd_sc_hd__nor3_1)
   0.1833   10.7163 v lsu/_33470_/X (sky130_fd_sc_hd__clkbuf_1)
   0.3555   11.0718 ^ lsu/_33474_/Y (sky130_fd_sc_hd__a222oi_1)
   0.1643   11.2360 v lsu/_33475_/Y (sky130_fd_sc_hd__nand4_1)
   0.2337   11.4698 ^ lsu/_33490_/Y (sky130_fd_sc_hd__o21ai_0)
   0.0933   11.5631 v lsu/_33503_/Y (sky130_fd_sc_hd__nand3b_1)
   0.1307   11.6937 ^ lsu/_33504_/Y (sky130_fd_sc_hd__o21ai_0)
   0.1745   11.8682 ^ core/memExeUnit/_195_/X (sky130_fd_sc_hd__buf_4)
   0.2807   12.1488 ^ core/ll_wbarb/_009_/X (sky130_fd_sc_hd__clkbuf_1)
   0.3857   12.5345 ^ core/ll_wbarb/_018_/X (sky130_fd_sc_hd__lpflow_clkbufkapwr_1)
   0.3834   12.9179 v core/ll_wbarb/_028_/X (sky130_fd_sc_hd__mux2_2)
   4.4771   17.3951 ^ core/_3820_/Y (sky130_fd_sc_hd__nor3b_1)
   0.5647   17.9598 v core/rename_stage/busytable/_1525_/X (sky130_fd_sc_hd__or3b_2)
   0.1530   18.1128 v core/rename_stage/busytable/_1526_/X (sky130_fd_sc_hd__clkbuf_1)
   0.1987   18.3115 v core/rename_stage/busytable/_1527_/X (sky130_fd_sc_hd__clkbuf_1)
   0.1419   18.4535 ^ core/rename_stage/busytable/_1767_/Y (sky130_fd_sc_hd__o22ai_1)
   0.0701   18.5235 v core/rename_stage/busytable/_1773_/Y (sky130_fd_sc_hd__nor3_1)
   0.2077   18.7313 ^ core/rename_stage/busytable/_1774_/Y (sky130_fd_sc_hd__a221oi_1)
   0.0620   18.7932 v core/rename_stage/busytable/_1775_/Y (sky130_fd_sc_hd__nor2_1)
   0.0035   18.7967 v core/rename_stage/busytable/_2519_/D (sky130_fd_sc_hd__dfxtp_1)
            18.7967   data arrival time

  20.0000   20.0000   clock clock (rise edge)
   0.0000   20.0000   clock network delay (ideal)
   0.0000   20.0000   clock reconvergence pessimism
            20.0000 ^ core/rename_stage/busytable/_2519_/CLK (sky130_fd_sc_hd__dfxtp_1)
  -0.1293   19.8707   library setup time
            19.8707   data required time
-------------------------------------------------------------
            19.8707   data required time
           -18.7967   data arrival time
-------------------------------------------------------------
             1.0740   slack (MET)


Startpoint: core/_4046_ (rising edge-triggered flip-flop clocked by clock)
Endpoint: core/rename_stage/busytable/_2557_
          (rising edge-triggered flip-flop clocked by clock)
Path Group: clock
Path Type: max

    Delay      Time   Description
-------------------------------------------------------------
   0.0000    0.0000   clock clock (rise edge)
   0.0000    0.0000   clock network delay (ideal)
   0.0000    0.0000 ^ core/_4046_/CLK (sky130_fd_sc_hd__dfxtp_1)
   0.3440    0.3440 ^ core/_4046_/Q (sky130_fd_sc_hd__dfxtp_1)
   0.0813    0.4254 v core/_1916_/Y (sky130_fd_sc_hd__nand2_1)
   0.2362    0.6616 ^ core/_1917_/Y (sky130_fd_sc_hd__nor3_1)
   0.1018    0.7634 v core/_1918_/Y (sky130_fd_sc_hd__nand2_1)
   5.2893    6.0527 ^ core/_1923_/Y (sky130_fd_sc_hd__o21ai_0)
   0.8225    6.8752 ^ lsu/_66665_/X (sky130_fd_sc_hd__buf_4)
   0.1442    7.0193 v dcache/_3048_/Y (sky130_fd_sc_hd__a222oi_1)
   0.0861    7.1054 ^ dcache/_3049_/Y (sky130_fd_sc_hd__nand2_1)
   0.0450    7.1504 v dcache/_3050_/Y (sky130_fd_sc_hd__a221oi_1)
   0.2248    7.3753 v dcache/_3051_/X (sky130_fd_sc_hd__and4_1)
   0.0821    7.4574 ^ dcache/_3052_/Y (sky130_fd_sc_hd__nand2_1)
   0.0501    7.5075 v dcache/_3054_/Y (sky130_fd_sc_hd__nor4_1)
   0.2122    7.7196 v dcache/_3055_/X (sky130_fd_sc_hd__and3_1)
   0.0725    7.7922 ^ dcache/mshrs/_0615_/Y (sky130_fd_sc_hd__inv_1)
   0.0576    7.8498 v dcache/mshrs/_0616_/Y (sky130_fd_sc_hd__nor2_1)
   0.1500    7.9997 v dcache/mshrs/_0617_/Y (sky130_fd_sc_hd__a21boi_0)
   0.2412    8.2409 v dcache/mshrs/_0618_/X (sky130_fd_sc_hd__lpflow_inputiso0n_1)
   0.1858    8.4266 ^ dcache/mshrs/_0752_/Y (sky130_fd_sc_hd__a31oi_1)
   0.0689    8.4955 v dcache/mshrs/_0755_/Y (sky130_fd_sc_hd__nand2_1)
   0.2016    8.6972 v dcache/mshrs/_0756_/X (sky130_fd_sc_hd__a22o_1)
   0.1247    8.8219 v dcache/_3057_/X (sky130_fd_sc_hd__lpflow_isobufsrc_1)
   0.1863    9.0082 ^ dcache/_3059_/Y (sky130_fd_sc_hd__nor3b_1)
   0.2445    9.2527 ^ dcache/_3062_/X (sky130_fd_sc_hd__o31a_1)
   0.1380    9.3907 v dcache/_3065_/Y (sky130_fd_sc_hd__nor3_1)
   0.1212    9.5119 ^ dcache/_3066_/Y (sky130_fd_sc_hd__inv_1)
   0.3554    9.8673 ^ dcache/_3614_/X (sky130_fd_sc_hd__lpflow_clkbufkapwr_1)
   0.4437   10.3109 v dcache/_3618_/X (sky130_fd_sc_hd__mux2_2)
   0.1400   10.4509 ^ lsu/_33460_/Y (sky130_fd_sc_hd__nand2b_1)
   0.0821   10.5330 v lsu/_33469_/Y (sky130_fd_sc_hd__nor3_1)
   0.1833   10.7163 v lsu/_33470_/X (sky130_fd_sc_hd__clkbuf_1)
   0.3555   11.0718 ^ lsu/_33474_/Y (sky130_fd_sc_hd__a222oi_1)
   0.1643   11.2360 v lsu/_33475_/Y (sky130_fd_sc_hd__nand4_1)
   0.2337   11.4698 ^ lsu/_33490_/Y (sky130_fd_sc_hd__o21ai_0)
   0.0933   11.5631 v lsu/_33503_/Y (sky130_fd_sc_hd__nand3b_1)
   0.1307   11.6937 ^ lsu/_33504_/Y (sky130_fd_sc_hd__o21ai_0)
   0.1745   11.8682 ^ core/memExeUnit/_195_/X (sky130_fd_sc_hd__buf_4)
   0.2807   12.1488 ^ core/ll_wbarb/_009_/X (sky130_fd_sc_hd__clkbuf_1)
   0.3857   12.5345 ^ core/ll_wbarb/_018_/X (sky130_fd_sc_hd__lpflow_clkbufkapwr_1)
   0.3834   12.9179 v core/ll_wbarb/_028_/X (sky130_fd_sc_hd__mux2_2)
   4.4771   17.3951 ^ core/_3820_/Y (sky130_fd_sc_hd__nor3b_1)
   0.5566   17.9517 ^ core/rename_stage/busytable/_2152_/X (sky130_fd_sc_hd__and3b_1)
   0.2480   18.1997 ^ core/rename_stage/busytable/_2153_/X (sky130_fd_sc_hd__clkbuf_1)
   0.3054   18.5051 ^ core/rename_stage/busytable/_2215_/X (sky130_fd_sc_hd__clkbuf_1)
   0.1142   18.6192 v core/rename_stage/busytable/_2248_/Y (sky130_fd_sc_hd__a21oi_1)
   0.0972   18.7164 ^ core/rename_stage/busytable/_2249_/Y (sky130_fd_sc_hd__nand4_1)
   0.0618   18.7783 v core/rename_stage/busytable/_2251_/Y (sky130_fd_sc_hd__a21oi_1)
   0.0035   18.7818 v core/rename_stage/busytable/_2557_/D (sky130_fd_sc_hd__dfxtp_1)
            18.7818   data arrival time

  20.0000   20.0000   clock clock (rise edge)
   0.0000   20.0000   clock network delay (ideal)
   0.0000   20.0000   clock reconvergence pessimism
            20.0000 ^ core/rename_stage/busytable/_2557_/CLK (sky130_fd_sc_hd__dfxtp_1)
  -0.1339   19.8661   library setup time
            19.8661   data required time
-------------------------------------------------------------
            19.8661   data required time
           -18.7818   data arrival time
-------------------------------------------------------------
             1.0844   slack (MET)


Startpoint: core/_4046_ (rising edge-triggered flip-flop clocked by clock)
Endpoint: core/rename_stage/busytable/_2539_
          (rising edge-triggered flip-flop clocked by clock)
Path Group: clock
Path Type: max

    Delay      Time   Description
-------------------------------------------------------------
   0.0000    0.0000   clock clock (rise edge)
   0.0000    0.0000   clock network delay (ideal)
   0.0000    0.0000 ^ core/_4046_/CLK (sky130_fd_sc_hd__dfxtp_1)
   0.3440    0.3440 ^ core/_4046_/Q (sky130_fd_sc_hd__dfxtp_1)
   0.0813    0.4254 v core/_1916_/Y (sky130_fd_sc_hd__nand2_1)
   0.2362    0.6616 ^ core/_1917_/Y (sky130_fd_sc_hd__nor3_1)
   0.1018    0.7634 v core/_1918_/Y (sky130_fd_sc_hd__nand2_1)
   5.2893    6.0527 ^ core/_1923_/Y (sky130_fd_sc_hd__o21ai_0)
   0.8225    6.8752 ^ lsu/_66665_/X (sky130_fd_sc_hd__buf_4)
   0.1442    7.0193 v dcache/_3048_/Y (sky130_fd_sc_hd__a222oi_1)
   0.0861    7.1054 ^ dcache/_3049_/Y (sky130_fd_sc_hd__nand2_1)
   0.0450    7.1504 v dcache/_3050_/Y (sky130_fd_sc_hd__a221oi_1)
   0.2248    7.3753 v dcache/_3051_/X (sky130_fd_sc_hd__and4_1)
   0.0821    7.4574 ^ dcache/_3052_/Y (sky130_fd_sc_hd__nand2_1)
   0.0501    7.5075 v dcache/_3054_/Y (sky130_fd_sc_hd__nor4_1)
   0.2122    7.7196 v dcache/_3055_/X (sky130_fd_sc_hd__and3_1)
   0.0725    7.7922 ^ dcache/mshrs/_0615_/Y (sky130_fd_sc_hd__inv_1)
   0.0576    7.8498 v dcache/mshrs/_0616_/Y (sky130_fd_sc_hd__nor2_1)
   0.1500    7.9997 v dcache/mshrs/_0617_/Y (sky130_fd_sc_hd__a21boi_0)
   0.2412    8.2409 v dcache/mshrs/_0618_/X (sky130_fd_sc_hd__lpflow_inputiso0n_1)
   0.1858    8.4266 ^ dcache/mshrs/_0752_/Y (sky130_fd_sc_hd__a31oi_1)
   0.0689    8.4955 v dcache/mshrs/_0755_/Y (sky130_fd_sc_hd__nand2_1)
   0.2016    8.6972 v dcache/mshrs/_0756_/X (sky130_fd_sc_hd__a22o_1)
   0.1247    8.8219 v dcache/_3057_/X (sky130_fd_sc_hd__lpflow_isobufsrc_1)
   0.1863    9.0082 ^ dcache/_3059_/Y (sky130_fd_sc_hd__nor3b_1)
   0.2445    9.2527 ^ dcache/_3062_/X (sky130_fd_sc_hd__o31a_1)
   0.1380    9.3907 v dcache/_3065_/Y (sky130_fd_sc_hd__nor3_1)
   0.1212    9.5119 ^ dcache/_3066_/Y (sky130_fd_sc_hd__inv_1)
   0.3554    9.8673 ^ dcache/_3614_/X (sky130_fd_sc_hd__lpflow_clkbufkapwr_1)
   0.4437   10.3109 v dcache/_3618_/X (sky130_fd_sc_hd__mux2_2)
   0.1400   10.4509 ^ lsu/_33460_/Y (sky130_fd_sc_hd__nand2b_1)
   0.0821   10.5330 v lsu/_33469_/Y (sky130_fd_sc_hd__nor3_1)
   0.1833   10.7163 v lsu/_33470_/X (sky130_fd_sc_hd__clkbuf_1)
   0.3555   11.0718 ^ lsu/_33474_/Y (sky130_fd_sc_hd__a222oi_1)
   0.1643   11.2360 v lsu/_33475_/Y (sky130_fd_sc_hd__nand4_1)
   0.2337   11.4698 ^ lsu/_33490_/Y (sky130_fd_sc_hd__o21ai_0)
   0.0933   11.5631 v lsu/_33503_/Y (sky130_fd_sc_hd__nand3b_1)
   0.1307   11.6937 ^ lsu/_33504_/Y (sky130_fd_sc_hd__o21ai_0)
   0.1745   11.8682 ^ core/memExeUnit/_195_/X (sky130_fd_sc_hd__buf_4)
   0.2807   12.1488 ^ core/ll_wbarb/_009_/X (sky130_fd_sc_hd__clkbuf_1)
   0.3857   12.5345 ^ core/ll_wbarb/_018_/X (sky130_fd_sc_hd__lpflow_clkbufkapwr_1)
   0.3834   12.9179 v core/ll_wbarb/_028_/X (sky130_fd_sc_hd__mux2_2)
   4.4771   17.3951 ^ core/_3820_/Y (sky130_fd_sc_hd__nor3b_1)
   0.7803   18.1754 ^ core/rename_stage/busytable/_1605_/Y (sky130_fd_sc_hd__nor3b_1)
   0.3381   18.5134 ^ core/rename_stage/busytable/_1606_/X (sky130_fd_sc_hd__clkbuf_1)
   0.0855   18.5990 v core/rename_stage/busytable/_2081_/Y (sky130_fd_sc_hd__nand2_1)
   0.1022   18.7012 ^ core/rename_stage/busytable/_2085_/Y (sky130_fd_sc_hd__nand4_1)
   0.0619   18.7631 v core/rename_stage/busytable/_2089_/Y (sky130_fd_sc_hd__a21oi_1)
   0.0035   18.7666 v core/rename_stage/busytable/_2539_/D (sky130_fd_sc_hd__dfxtp_1)
            18.7666   data arrival time

  20.0000   20.0000   clock clock (rise edge)
   0.0000   20.0000   clock network delay (ideal)
   0.0000   20.0000   clock reconvergence pessimism
            20.0000 ^ core/rename_stage/busytable/_2539_/CLK (sky130_fd_sc_hd__dfxtp_1)
  -0.1339   19.8661   library setup time
            19.8661   data required time
-------------------------------------------------------------
            19.8661   data required time
           -18.7666   data arrival time
-------------------------------------------------------------
             1.0995   slack (MET)


Startpoint: core/_4046_ (rising edge-triggered flip-flop clocked by clock)
Endpoint: core/rename_stage/busytable/_2521_
          (rising edge-triggered flip-flop clocked by clock)
Path Group: clock
Path Type: max

    Delay      Time   Description
-------------------------------------------------------------
   0.0000    0.0000   clock clock (rise edge)
   0.0000    0.0000   clock network delay (ideal)
   0.0000    0.0000 ^ core/_4046_/CLK (sky130_fd_sc_hd__dfxtp_1)
   0.3440    0.3440 ^ core/_4046_/Q (sky130_fd_sc_hd__dfxtp_1)
   0.0813    0.4254 v core/_1916_/Y (sky130_fd_sc_hd__nand2_1)
   0.2362    0.6616 ^ core/_1917_/Y (sky130_fd_sc_hd__nor3_1)
   0.1018    0.7634 v core/_1918_/Y (sky130_fd_sc_hd__nand2_1)
   5.2893    6.0527 ^ core/_1923_/Y (sky130_fd_sc_hd__o21ai_0)
   0.8225    6.8752 ^ lsu/_66665_/X (sky130_fd_sc_hd__buf_4)
   0.1442    7.0193 v dcache/_3048_/Y (sky130_fd_sc_hd__a222oi_1)
   0.0861    7.1054 ^ dcache/_3049_/Y (sky130_fd_sc_hd__nand2_1)
   0.0450    7.1504 v dcache/_3050_/Y (sky130_fd_sc_hd__a221oi_1)
   0.2248    7.3753 v dcache/_3051_/X (sky130_fd_sc_hd__and4_1)
   0.0821    7.4574 ^ dcache/_3052_/Y (sky130_fd_sc_hd__nand2_1)
   0.0501    7.5075 v dcache/_3054_/Y (sky130_fd_sc_hd__nor4_1)
   0.2122    7.7196 v dcache/_3055_/X (sky130_fd_sc_hd__and3_1)
   0.0725    7.7922 ^ dcache/mshrs/_0615_/Y (sky130_fd_sc_hd__inv_1)
   0.0576    7.8498 v dcache/mshrs/_0616_/Y (sky130_fd_sc_hd__nor2_1)
   0.1500    7.9997 v dcache/mshrs/_0617_/Y (sky130_fd_sc_hd__a21boi_0)
   0.2412    8.2409 v dcache/mshrs/_0618_/X (sky130_fd_sc_hd__lpflow_inputiso0n_1)
   0.1858    8.4266 ^ dcache/mshrs/_0752_/Y (sky130_fd_sc_hd__a31oi_1)
   0.0689    8.4955 v dcache/mshrs/_0755_/Y (sky130_fd_sc_hd__nand2_1)
   0.2016    8.6972 v dcache/mshrs/_0756_/X (sky130_fd_sc_hd__a22o_1)
   0.1247    8.8219 v dcache/_3057_/X (sky130_fd_sc_hd__lpflow_isobufsrc_1)
   0.1863    9.0082 ^ dcache/_3059_/Y (sky130_fd_sc_hd__nor3b_1)
   0.2445    9.2527 ^ dcache/_3062_/X (sky130_fd_sc_hd__o31a_1)
   0.1380    9.3907 v dcache/_3065_/Y (sky130_fd_sc_hd__nor3_1)
   0.1212    9.5119 ^ dcache/_3066_/Y (sky130_fd_sc_hd__inv_1)
   0.3554    9.8673 ^ dcache/_3614_/X (sky130_fd_sc_hd__lpflow_clkbufkapwr_1)
   0.4437   10.3109 v dcache/_3618_/X (sky130_fd_sc_hd__mux2_2)
   0.1400   10.4509 ^ lsu/_33460_/Y (sky130_fd_sc_hd__nand2b_1)
   0.0821   10.5330 v lsu/_33469_/Y (sky130_fd_sc_hd__nor3_1)
   0.1833   10.7163 v lsu/_33470_/X (sky130_fd_sc_hd__clkbuf_1)
   0.3555   11.0718 ^ lsu/_33474_/Y (sky130_fd_sc_hd__a222oi_1)
   0.1643   11.2360 v lsu/_33475_/Y (sky130_fd_sc_hd__nand4_1)
   0.2337   11.4698 ^ lsu/_33490_/Y (sky130_fd_sc_hd__o21ai_0)
   0.0933   11.5631 v lsu/_33503_/Y (sky130_fd_sc_hd__nand3b_1)
   0.1307   11.6937 ^ lsu/_33504_/Y (sky130_fd_sc_hd__o21ai_0)
   0.1745   11.8682 ^ core/memExeUnit/_195_/X (sky130_fd_sc_hd__buf_4)
   0.2807   12.1488 ^ core/ll_wbarb/_009_/X (sky130_fd_sc_hd__clkbuf_1)
   0.3857   12.5345 ^ core/ll_wbarb/_018_/X (sky130_fd_sc_hd__lpflow_clkbufkapwr_1)
   0.3834   12.9179 v core/ll_wbarb/_028_/X (sky130_fd_sc_hd__mux2_2)
   4.4771   17.3951 ^ core/_3820_/Y (sky130_fd_sc_hd__nor3b_1)
   0.7803   18.1754 ^ core/rename_stage/busytable/_1605_/Y (sky130_fd_sc_hd__nor3b_1)
   0.3381   18.5134 ^ core/rename_stage/busytable/_1606_/X (sky130_fd_sc_hd__clkbuf_1)
   0.0863   18.5997 v core/rename_stage/busytable/_1797_/Y (sky130_fd_sc_hd__nand2_1)
   0.0957   18.6954 ^ core/rename_stage/busytable/_1809_/Y (sky130_fd_sc_hd__nand4_1)
   0.0620   18.7574 v core/rename_stage/busytable/_1817_/Y (sky130_fd_sc_hd__a21oi_1)
   0.0035   18.7609 v core/rename_stage/busytable/_2521_/D (sky130_fd_sc_hd__dfxtp_1)
            18.7609   data arrival time

  20.0000   20.0000   clock clock (rise edge)
   0.0000   20.0000   clock network delay (ideal)
   0.0000   20.0000   clock reconvergence pessimism
            20.0000 ^ core/rename_stage/busytable/_2521_/CLK (sky130_fd_sc_hd__dfxtp_1)
  -0.1339   19.8661   library setup time
            19.8661   data required time
-------------------------------------------------------------
            19.8661   data required time
           -18.7609   data arrival time
-------------------------------------------------------------
             1.1052   slack (MET)


Startpoint: core/_4046_ (rising edge-triggered flip-flop clocked by clock)
Endpoint: core/rename_stage/busytable/_2571_
          (rising edge-triggered flip-flop clocked by clock)
Path Group: clock
Path Type: max

    Delay      Time   Description
-------------------------------------------------------------
   0.0000    0.0000   clock clock (rise edge)
   0.0000    0.0000   clock network delay (ideal)
   0.0000    0.0000 ^ core/_4046_/CLK (sky130_fd_sc_hd__dfxtp_1)
   0.3440    0.3440 ^ core/_4046_/Q (sky130_fd_sc_hd__dfxtp_1)
   0.0813    0.4254 v core/_1916_/Y (sky130_fd_sc_hd__nand2_1)
   0.2362    0.6616 ^ core/_1917_/Y (sky130_fd_sc_hd__nor3_1)
   0.1018    0.7634 v core/_1918_/Y (sky130_fd_sc_hd__nand2_1)
   5.2893    6.0527 ^ core/_1923_/Y (sky130_fd_sc_hd__o21ai_0)
   0.8225    6.8752 ^ lsu/_66665_/X (sky130_fd_sc_hd__buf_4)
   0.1442    7.0193 v dcache/_3048_/Y (sky130_fd_sc_hd__a222oi_1)
   0.0861    7.1054 ^ dcache/_3049_/Y (sky130_fd_sc_hd__nand2_1)
   0.0450    7.1504 v dcache/_3050_/Y (sky130_fd_sc_hd__a221oi_1)
   0.2248    7.3753 v dcache/_3051_/X (sky130_fd_sc_hd__and4_1)
   0.0821    7.4574 ^ dcache/_3052_/Y (sky130_fd_sc_hd__nand2_1)
   0.0501    7.5075 v dcache/_3054_/Y (sky130_fd_sc_hd__nor4_1)
   0.2122    7.7196 v dcache/_3055_/X (sky130_fd_sc_hd__and3_1)
   0.0725    7.7922 ^ dcache/mshrs/_0615_/Y (sky130_fd_sc_hd__inv_1)
   0.0576    7.8498 v dcache/mshrs/_0616_/Y (sky130_fd_sc_hd__nor2_1)
   0.1500    7.9997 v dcache/mshrs/_0617_/Y (sky130_fd_sc_hd__a21boi_0)
   0.2412    8.2409 v dcache/mshrs/_0618_/X (sky130_fd_sc_hd__lpflow_inputiso0n_1)
   0.1858    8.4266 ^ dcache/mshrs/_0752_/Y (sky130_fd_sc_hd__a31oi_1)
   0.0689    8.4955 v dcache/mshrs/_0755_/Y (sky130_fd_sc_hd__nand2_1)
   0.2016    8.6972 v dcache/mshrs/_0756_/X (sky130_fd_sc_hd__a22o_1)
   0.1247    8.8219 v dcache/_3057_/X (sky130_fd_sc_hd__lpflow_isobufsrc_1)
   0.1863    9.0082 ^ dcache/_3059_/Y (sky130_fd_sc_hd__nor3b_1)
   0.2445    9.2527 ^ dcache/_3062_/X (sky130_fd_sc_hd__o31a_1)
   0.1380    9.3907 v dcache/_3065_/Y (sky130_fd_sc_hd__nor3_1)
   0.1212    9.5119 ^ dcache/_3066_/Y (sky130_fd_sc_hd__inv_1)
   0.3554    9.8673 ^ dcache/_3614_/X (sky130_fd_sc_hd__lpflow_clkbufkapwr_1)
   0.4437   10.3109 v dcache/_3618_/X (sky130_fd_sc_hd__mux2_2)
   0.1400   10.4509 ^ lsu/_33460_/Y (sky130_fd_sc_hd__nand2b_1)
   0.0821   10.5330 v lsu/_33469_/Y (sky130_fd_sc_hd__nor3_1)
   0.1833   10.7163 v lsu/_33470_/X (sky130_fd_sc_hd__clkbuf_1)
   0.3555   11.0718 ^ lsu/_33474_/Y (sky130_fd_sc_hd__a222oi_1)
   0.1643   11.2360 v lsu/_33475_/Y (sky130_fd_sc_hd__nand4_1)
   0.2337   11.4698 ^ lsu/_33490_/Y (sky130_fd_sc_hd__o21ai_0)
   0.0933   11.5631 v lsu/_33503_/Y (sky130_fd_sc_hd__nand3b_1)
   0.1307   11.6937 ^ lsu/_33504_/Y (sky130_fd_sc_hd__o21ai_0)
   0.1745   11.8682 ^ core/memExeUnit/_195_/X (sky130_fd_sc_hd__buf_4)
   0.2807   12.1488 ^ core/ll_wbarb/_009_/X (sky130_fd_sc_hd__clkbuf_1)
   0.3857   12.5345 ^ core/ll_wbarb/_018_/X (sky130_fd_sc_hd__lpflow_clkbufkapwr_1)
   0.3834   12.9179 v core/ll_wbarb/_028_/X (sky130_fd_sc_hd__mux2_2)
   4.4771   17.3951 ^ core/_3820_/Y (sky130_fd_sc_hd__nor3b_1)
   0.5566   17.9517 ^ core/rename_stage/busytable/_2152_/X (sky130_fd_sc_hd__and3b_1)
   0.2480   18.1997 ^ core/rename_stage/busytable/_2153_/X (sky130_fd_sc_hd__clkbuf_1)
   0.3054   18.5051 ^ core/rename_stage/busytable/_2215_/X (sky130_fd_sc_hd__clkbuf_1)
   0.0911   18.5962 v core/rename_stage/busytable/_2363_/Y (sky130_fd_sc_hd__nand2_1)
   0.0971   18.6932 ^ core/rename_stage/busytable/_2366_/Y (sky130_fd_sc_hd__nand4_1)
   0.0618   18.7550 v core/rename_stage/busytable/_2368_/Y (sky130_fd_sc_hd__a21oi_1)
   0.0035   18.7585 v core/rename_stage/busytable/_2571_/D (sky130_fd_sc_hd__dfxtp_1)
            18.7585   data arrival time

  20.0000   20.0000   clock clock (rise edge)
   0.0000   20.0000   clock network delay (ideal)
   0.0000   20.0000   clock reconvergence pessimism
            20.0000 ^ core/rename_stage/busytable/_2571_/CLK (sky130_fd_sc_hd__dfxtp_1)
  -0.1339   19.8661   library setup time
            19.8661   data required time
-------------------------------------------------------------
            19.8661   data required time
           -18.7585   data arrival time
-------------------------------------------------------------
             1.1076   slack (MET)


Startpoint: core/_4046_ (rising edge-triggered flip-flop clocked by clock)
Endpoint: core/rename_stage/busytable/_2523_
          (rising edge-triggered flip-flop clocked by clock)
Path Group: clock
Path Type: max

    Delay      Time   Description
-------------------------------------------------------------
   0.0000    0.0000   clock clock (rise edge)
   0.0000    0.0000   clock network delay (ideal)
   0.0000    0.0000 ^ core/_4046_/CLK (sky130_fd_sc_hd__dfxtp_1)
   0.3440    0.3440 ^ core/_4046_/Q (sky130_fd_sc_hd__dfxtp_1)
   0.0813    0.4254 v core/_1916_/Y (sky130_fd_sc_hd__nand2_1)
   0.2362    0.6616 ^ core/_1917_/Y (sky130_fd_sc_hd__nor3_1)
   0.1018    0.7634 v core/_1918_/Y (sky130_fd_sc_hd__nand2_1)
   5.2893    6.0527 ^ core/_1923_/Y (sky130_fd_sc_hd__o21ai_0)
   0.8225    6.8752 ^ lsu/_66665_/X (sky130_fd_sc_hd__buf_4)
   0.1442    7.0193 v dcache/_3048_/Y (sky130_fd_sc_hd__a222oi_1)
   0.0861    7.1054 ^ dcache/_3049_/Y (sky130_fd_sc_hd__nand2_1)
   0.0450    7.1504 v dcache/_3050_/Y (sky130_fd_sc_hd__a221oi_1)
   0.2248    7.3753 v dcache/_3051_/X (sky130_fd_sc_hd__and4_1)
   0.0821    7.4574 ^ dcache/_3052_/Y (sky130_fd_sc_hd__nand2_1)
   0.0501    7.5075 v dcache/_3054_/Y (sky130_fd_sc_hd__nor4_1)
   0.2122    7.7196 v dcache/_3055_/X (sky130_fd_sc_hd__and3_1)
   0.0725    7.7922 ^ dcache/mshrs/_0615_/Y (sky130_fd_sc_hd__inv_1)
   0.0576    7.8498 v dcache/mshrs/_0616_/Y (sky130_fd_sc_hd__nor2_1)
   0.1500    7.9997 v dcache/mshrs/_0617_/Y (sky130_fd_sc_hd__a21boi_0)
   0.2412    8.2409 v dcache/mshrs/_0618_/X (sky130_fd_sc_hd__lpflow_inputiso0n_1)
   0.1858    8.4266 ^ dcache/mshrs/_0752_/Y (sky130_fd_sc_hd__a31oi_1)
   0.0689    8.4955 v dcache/mshrs/_0755_/Y (sky130_fd_sc_hd__nand2_1)
   0.2016    8.6972 v dcache/mshrs/_0756_/X (sky130_fd_sc_hd__a22o_1)
   0.1247    8.8219 v dcache/_3057_/X (sky130_fd_sc_hd__lpflow_isobufsrc_1)
   0.1863    9.0082 ^ dcache/_3059_/Y (sky130_fd_sc_hd__nor3b_1)
   0.2445    9.2527 ^ dcache/_3062_/X (sky130_fd_sc_hd__o31a_1)
   0.1380    9.3907 v dcache/_3065_/Y (sky130_fd_sc_hd__nor3_1)
   0.1212    9.5119 ^ dcache/_3066_/Y (sky130_fd_sc_hd__inv_1)
   0.3554    9.8673 ^ dcache/_3614_/X (sky130_fd_sc_hd__lpflow_clkbufkapwr_1)
   0.4437   10.3109 v dcache/_3618_/X (sky130_fd_sc_hd__mux2_2)
   0.1400   10.4509 ^ lsu/_33460_/Y (sky130_fd_sc_hd__nand2b_1)
   0.0821   10.5330 v lsu/_33469_/Y (sky130_fd_sc_hd__nor3_1)
   0.1833   10.7163 v lsu/_33470_/X (sky130_fd_sc_hd__clkbuf_1)
   0.3555   11.0718 ^ lsu/_33474_/Y (sky130_fd_sc_hd__a222oi_1)
   0.1643   11.2360 v lsu/_33475_/Y (sky130_fd_sc_hd__nand4_1)
   0.2337   11.4698 ^ lsu/_33490_/Y (sky130_fd_sc_hd__o21ai_0)
   0.0933   11.5631 v lsu/_33503_/Y (sky130_fd_sc_hd__nand3b_1)
   0.1307   11.6937 ^ lsu/_33504_/Y (sky130_fd_sc_hd__o21ai_0)
   0.1745   11.8682 ^ core/memExeUnit/_195_/X (sky130_fd_sc_hd__buf_4)
   0.2807   12.1488 ^ core/ll_wbarb/_009_/X (sky130_fd_sc_hd__clkbuf_1)
   0.3857   12.5345 ^ core/ll_wbarb/_018_/X (sky130_fd_sc_hd__lpflow_clkbufkapwr_1)
   0.3834   12.9179 v core/ll_wbarb/_028_/X (sky130_fd_sc_hd__mux2_2)
   4.4771   17.3951 ^ core/_3820_/Y (sky130_fd_sc_hd__nor3b_1)
   0.7803   18.1754 ^ core/rename_stage/busytable/_1605_/Y (sky130_fd_sc_hd__nor3b_1)
   0.3381   18.5134 ^ core/rename_stage/busytable/_1606_/X (sky130_fd_sc_hd__clkbuf_1)
   0.0861   18.5996 v core/rename_stage/busytable/_1842_/Y (sky130_fd_sc_hd__nand2_1)
   0.0924   18.6920 ^ core/rename_stage/busytable/_1856_/Y (sky130_fd_sc_hd__nand3_1)
   0.0628   18.7548 v core/rename_stage/busytable/_1862_/Y (sky130_fd_sc_hd__a21oi_1)
   0.0035   18.7583 v core/rename_stage/busytable/_2523_/D (sky130_fd_sc_hd__dfxtp_1)
            18.7583   data arrival time

  20.0000   20.0000   clock clock (rise edge)
   0.0000   20.0000   clock network delay (ideal)
   0.0000   20.0000   clock reconvergence pessimism
            20.0000 ^ core/rename_stage/busytable/_2523_/CLK (sky130_fd_sc_hd__dfxtp_1)
  -0.1339   19.8661   library setup time
            19.8661   data required time
-------------------------------------------------------------
            19.8661   data required time
           -18.7583   data arrival time
-------------------------------------------------------------
             1.1078   slack (MET)


Startpoint: core/_4046_ (rising edge-triggered flip-flop clocked by clock)
Endpoint: core/rename_stage/busytable/_2531_
          (rising edge-triggered flip-flop clocked by clock)
Path Group: clock
Path Type: max

    Delay      Time   Description
-------------------------------------------------------------
   0.0000    0.0000   clock clock (rise edge)
   0.0000    0.0000   clock network delay (ideal)
   0.0000    0.0000 ^ core/_4046_/CLK (sky130_fd_sc_hd__dfxtp_1)
   0.3440    0.3440 ^ core/_4046_/Q (sky130_fd_sc_hd__dfxtp_1)
   0.0813    0.4254 v core/_1916_/Y (sky130_fd_sc_hd__nand2_1)
   0.2362    0.6616 ^ core/_1917_/Y (sky130_fd_sc_hd__nor3_1)
   0.1018    0.7634 v core/_1918_/Y (sky130_fd_sc_hd__nand2_1)
   5.2893    6.0527 ^ core/_1923_/Y (sky130_fd_sc_hd__o21ai_0)
   0.8225    6.8752 ^ lsu/_66665_/X (sky130_fd_sc_hd__buf_4)
   0.1442    7.0193 v dcache/_3048_/Y (sky130_fd_sc_hd__a222oi_1)
   0.0861    7.1054 ^ dcache/_3049_/Y (sky130_fd_sc_hd__nand2_1)
   0.0450    7.1504 v dcache/_3050_/Y (sky130_fd_sc_hd__a221oi_1)
   0.2248    7.3753 v dcache/_3051_/X (sky130_fd_sc_hd__and4_1)
   0.0821    7.4574 ^ dcache/_3052_/Y (sky130_fd_sc_hd__nand2_1)
   0.0501    7.5075 v dcache/_3054_/Y (sky130_fd_sc_hd__nor4_1)
   0.2122    7.7196 v dcache/_3055_/X (sky130_fd_sc_hd__and3_1)
   0.0725    7.7922 ^ dcache/mshrs/_0615_/Y (sky130_fd_sc_hd__inv_1)
   0.0576    7.8498 v dcache/mshrs/_0616_/Y (sky130_fd_sc_hd__nor2_1)
   0.1500    7.9997 v dcache/mshrs/_0617_/Y (sky130_fd_sc_hd__a21boi_0)
   0.2412    8.2409 v dcache/mshrs/_0618_/X (sky130_fd_sc_hd__lpflow_inputiso0n_1)
   0.1858    8.4266 ^ dcache/mshrs/_0752_/Y (sky130_fd_sc_hd__a31oi_1)
   0.0689    8.4955 v dcache/mshrs/_0755_/Y (sky130_fd_sc_hd__nand2_1)
   0.2016    8.6972 v dcache/mshrs/_0756_/X (sky130_fd_sc_hd__a22o_1)
   0.1247    8.8219 v dcache/_3057_/X (sky130_fd_sc_hd__lpflow_isobufsrc_1)
   0.1863    9.0082 ^ dcache/_3059_/Y (sky130_fd_sc_hd__nor3b_1)
   0.2445    9.2527 ^ dcache/_3062_/X (sky130_fd_sc_hd__o31a_1)
   0.1380    9.3907 v dcache/_3065_/Y (sky130_fd_sc_hd__nor3_1)
   0.1212    9.5119 ^ dcache/_3066_/Y (sky130_fd_sc_hd__inv_1)
   0.3554    9.8673 ^ dcache/_3614_/X (sky130_fd_sc_hd__lpflow_clkbufkapwr_1)
   0.4437   10.3109 v dcache/_3618_/X (sky130_fd_sc_hd__mux2_2)
   0.1400   10.4509 ^ lsu/_33460_/Y (sky130_fd_sc_hd__nand2b_1)
   0.0821   10.5330 v lsu/_33469_/Y (sky130_fd_sc_hd__nor3_1)
   0.1833   10.7163 v lsu/_33470_/X (sky130_fd_sc_hd__clkbuf_1)
   0.3555   11.0718 ^ lsu/_33474_/Y (sky130_fd_sc_hd__a222oi_1)
   0.1643   11.2360 v lsu/_33475_/Y (sky130_fd_sc_hd__nand4_1)
   0.2337   11.4698 ^ lsu/_33490_/Y (sky130_fd_sc_hd__o21ai_0)
   0.0933   11.5631 v lsu/_33503_/Y (sky130_fd_sc_hd__nand3b_1)
   0.1307   11.6937 ^ lsu/_33504_/Y (sky130_fd_sc_hd__o21ai_0)
   0.1745   11.8682 ^ core/memExeUnit/_195_/X (sky130_fd_sc_hd__buf_4)
   0.2807   12.1488 ^ core/ll_wbarb/_009_/X (sky130_fd_sc_hd__clkbuf_1)
   0.3857   12.5345 ^ core/ll_wbarb/_018_/X (sky130_fd_sc_hd__lpflow_clkbufkapwr_1)
   0.3834   12.9179 v core/ll_wbarb/_028_/X (sky130_fd_sc_hd__mux2_2)
   4.4771   17.3951 ^ core/_3820_/Y (sky130_fd_sc_hd__nor3b_1)
   0.5647   17.9598 v core/rename_stage/busytable/_1525_/X (sky130_fd_sc_hd__or3b_2)
   0.1530   18.1128 v core/rename_stage/busytable/_1526_/X (sky130_fd_sc_hd__clkbuf_1)
   0.4709   18.5837 v core/rename_stage/busytable/_1978_/X (sky130_fd_sc_hd__or4_1)
   0.0985   18.6823 ^ core/rename_stage/busytable/_1985_/Y (sky130_fd_sc_hd__nand4_1)
   0.0716   18.7538 v core/rename_stage/busytable/_1990_/Y (sky130_fd_sc_hd__a31oi_1)
   0.0035   18.7573 v core/rename_stage/busytable/_2531_/D (sky130_fd_sc_hd__dfxtp_1)
            18.7573   data arrival time

  20.0000   20.0000   clock clock (rise edge)
   0.0000   20.0000   clock network delay (ideal)
   0.0000   20.0000   clock reconvergence pessimism
            20.0000 ^ core/rename_stage/busytable/_2531_/CLK (sky130_fd_sc_hd__dfxtp_1)
  -0.1341   19.8659   library setup time
            19.8659   data required time
-------------------------------------------------------------
            19.8659   data required time
           -18.7573   data arrival time
-------------------------------------------------------------
             1.1086   slack (MET)


Startpoint: core/_4046_ (rising edge-triggered flip-flop clocked by clock)
Endpoint: core/rename_stage/busytable/_2555_
          (rising edge-triggered flip-flop clocked by clock)
Path Group: clock
Path Type: max

    Delay      Time   Description
-------------------------------------------------------------
   0.0000    0.0000   clock clock (rise edge)
   0.0000    0.0000   clock network delay (ideal)
   0.0000    0.0000 ^ core/_4046_/CLK (sky130_fd_sc_hd__dfxtp_1)
   0.3440    0.3440 ^ core/_4046_/Q (sky130_fd_sc_hd__dfxtp_1)
   0.0813    0.4254 v core/_1916_/Y (sky130_fd_sc_hd__nand2_1)
   0.2362    0.6616 ^ core/_1917_/Y (sky130_fd_sc_hd__nor3_1)
   0.1018    0.7634 v core/_1918_/Y (sky130_fd_sc_hd__nand2_1)
   5.2893    6.0527 ^ core/_1923_/Y (sky130_fd_sc_hd__o21ai_0)
   0.8225    6.8752 ^ lsu/_66665_/X (sky130_fd_sc_hd__buf_4)
   0.1442    7.0193 v dcache/_3048_/Y (sky130_fd_sc_hd__a222oi_1)
   0.0861    7.1054 ^ dcache/_3049_/Y (sky130_fd_sc_hd__nand2_1)
   0.0450    7.1504 v dcache/_3050_/Y (sky130_fd_sc_hd__a221oi_1)
   0.2248    7.3753 v dcache/_3051_/X (sky130_fd_sc_hd__and4_1)
   0.0821    7.4574 ^ dcache/_3052_/Y (sky130_fd_sc_hd__nand2_1)
   0.0501    7.5075 v dcache/_3054_/Y (sky130_fd_sc_hd__nor4_1)
   0.2122    7.7196 v dcache/_3055_/X (sky130_fd_sc_hd__and3_1)
   0.0725    7.7922 ^ dcache/mshrs/_0615_/Y (sky130_fd_sc_hd__inv_1)
   0.0576    7.8498 v dcache/mshrs/_0616_/Y (sky130_fd_sc_hd__nor2_1)
   0.1500    7.9997 v dcache/mshrs/_0617_/Y (sky130_fd_sc_hd__a21boi_0)
   0.2412    8.2409 v dcache/mshrs/_0618_/X (sky130_fd_sc_hd__lpflow_inputiso0n_1)
   0.1858    8.4266 ^ dcache/mshrs/_0752_/Y (sky130_fd_sc_hd__a31oi_1)
   0.0689    8.4955 v dcache/mshrs/_0755_/Y (sky130_fd_sc_hd__nand2_1)
   0.2016    8.6972 v dcache/mshrs/_0756_/X (sky130_fd_sc_hd__a22o_1)
   0.1247    8.8219 v dcache/_3057_/X (sky130_fd_sc_hd__lpflow_isobufsrc_1)
   0.1863    9.0082 ^ dcache/_3059_/Y (sky130_fd_sc_hd__nor3b_1)
   0.2445    9.2527 ^ dcache/_3062_/X (sky130_fd_sc_hd__o31a_1)
   0.1380    9.3907 v dcache/_3065_/Y (sky130_fd_sc_hd__nor3_1)
   0.1212    9.5119 ^ dcache/_3066_/Y (sky130_fd_sc_hd__inv_1)
   0.3554    9.8673 ^ dcache/_3614_/X (sky130_fd_sc_hd__lpflow_clkbufkapwr_1)
   0.4437   10.3109 v dcache/_3618_/X (sky130_fd_sc_hd__mux2_2)
   0.1400   10.4509 ^ lsu/_33460_/Y (sky130_fd_sc_hd__nand2b_1)
   0.0821   10.5330 v lsu/_33469_/Y (sky130_fd_sc_hd__nor3_1)
   0.1833   10.7163 v lsu/_33470_/X (sky130_fd_sc_hd__clkbuf_1)
   0.3555   11.0718 ^ lsu/_33474_/Y (sky130_fd_sc_hd__a222oi_1)
   0.1643   11.2360 v lsu/_33475_/Y (sky130_fd_sc_hd__nand4_1)
   0.2337   11.4698 ^ lsu/_33490_/Y (sky130_fd_sc_hd__o21ai_0)
   0.0933   11.5631 v lsu/_33503_/Y (sky130_fd_sc_hd__nand3b_1)
   0.1307   11.6937 ^ lsu/_33504_/Y (sky130_fd_sc_hd__o21ai_0)
   0.1745   11.8682 ^ core/memExeUnit/_195_/X (sky130_fd_sc_hd__buf_4)
   0.2807   12.1488 ^ core/ll_wbarb/_009_/X (sky130_fd_sc_hd__clkbuf_1)
   0.3857   12.5345 ^ core/ll_wbarb/_018_/X (sky130_fd_sc_hd__lpflow_clkbufkapwr_1)
   0.3834   12.9179 v core/ll_wbarb/_028_/X (sky130_fd_sc_hd__mux2_2)
   4.4771   17.3951 ^ core/_3820_/Y (sky130_fd_sc_hd__nor3b_1)
   0.5566   17.9517 ^ core/rename_stage/busytable/_2152_/X (sky130_fd_sc_hd__and3b_1)
   0.2480   18.1997 ^ core/rename_stage/busytable/_2153_/X (sky130_fd_sc_hd__clkbuf_1)
   0.3054   18.5051 ^ core/rename_stage/busytable/_2215_/X (sky130_fd_sc_hd__clkbuf_1)
   0.1145   18.6196 v core/rename_stage/busytable/_2233_/Y (sky130_fd_sc_hd__a21oi_1)
   0.0765   18.6960 ^ core/rename_stage/busytable/_2234_/Y (sky130_fd_sc_hd__nand2_1)
   0.0547   18.7508 v core/rename_stage/busytable/_2237_/Y (sky130_fd_sc_hd__a21oi_1)
   0.0035   18.7543 v core/rename_stage/busytable/_2555_/D (sky130_fd_sc_hd__dfxtp_1)
            18.7543   data arrival time

  20.0000   20.0000   clock clock (rise edge)
   0.0000   20.0000   clock network delay (ideal)
   0.0000   20.0000   clock reconvergence pessimism
            20.0000 ^ core/rename_stage/busytable/_2555_/CLK (sky130_fd_sc_hd__dfxtp_1)
  -0.1339   19.8661   library setup time
            19.8661   data required time
-------------------------------------------------------------
            19.8661   data required time
           -18.7543   data arrival time
-------------------------------------------------------------
             1.1119   slack (MET)


Startpoint: core/_4046_ (rising edge-triggered flip-flop clocked by clock)
Endpoint: core/rename_stage/busytable/_2558_
          (rising edge-triggered flip-flop clocked by clock)
Path Group: clock
Path Type: max

    Delay      Time   Description
-------------------------------------------------------------
   0.0000    0.0000   clock clock (rise edge)
   0.0000    0.0000   clock network delay (ideal)
   0.0000    0.0000 ^ core/_4046_/CLK (sky130_fd_sc_hd__dfxtp_1)
   0.3440    0.3440 ^ core/_4046_/Q (sky130_fd_sc_hd__dfxtp_1)
   0.0813    0.4254 v core/_1916_/Y (sky130_fd_sc_hd__nand2_1)
   0.2362    0.6616 ^ core/_1917_/Y (sky130_fd_sc_hd__nor3_1)
   0.1018    0.7634 v core/_1918_/Y (sky130_fd_sc_hd__nand2_1)
   5.2893    6.0527 ^ core/_1923_/Y (sky130_fd_sc_hd__o21ai_0)
   0.8225    6.8752 ^ lsu/_66665_/X (sky130_fd_sc_hd__buf_4)
   0.1442    7.0193 v dcache/_3048_/Y (sky130_fd_sc_hd__a222oi_1)
   0.0861    7.1054 ^ dcache/_3049_/Y (sky130_fd_sc_hd__nand2_1)
   0.0450    7.1504 v dcache/_3050_/Y (sky130_fd_sc_hd__a221oi_1)
   0.2248    7.3753 v dcache/_3051_/X (sky130_fd_sc_hd__and4_1)
   0.0821    7.4574 ^ dcache/_3052_/Y (sky130_fd_sc_hd__nand2_1)
   0.0501    7.5075 v dcache/_3054_/Y (sky130_fd_sc_hd__nor4_1)
   0.2122    7.7196 v dcache/_3055_/X (sky130_fd_sc_hd__and3_1)
   0.0725    7.7922 ^ dcache/mshrs/_0615_/Y (sky130_fd_sc_hd__inv_1)
   0.0576    7.8498 v dcache/mshrs/_0616_/Y (sky130_fd_sc_hd__nor2_1)
   0.1500    7.9997 v dcache/mshrs/_0617_/Y (sky130_fd_sc_hd__a21boi_0)
   0.2412    8.2409 v dcache/mshrs/_0618_/X (sky130_fd_sc_hd__lpflow_inputiso0n_1)
   0.1858    8.4266 ^ dcache/mshrs/_0752_/Y (sky130_fd_sc_hd__a31oi_1)
   0.0689    8.4955 v dcache/mshrs/_0755_/Y (sky130_fd_sc_hd__nand2_1)
   0.2016    8.6972 v dcache/mshrs/_0756_/X (sky130_fd_sc_hd__a22o_1)
   0.1247    8.8219 v dcache/_3057_/X (sky130_fd_sc_hd__lpflow_isobufsrc_1)
   0.1863    9.0082 ^ dcache/_3059_/Y (sky130_fd_sc_hd__nor3b_1)
   0.2445    9.2527 ^ dcache/_3062_/X (sky130_fd_sc_hd__o31a_1)
   0.1380    9.3907 v dcache/_3065_/Y (sky130_fd_sc_hd__nor3_1)
   0.1212    9.5119 ^ dcache/_3066_/Y (sky130_fd_sc_hd__inv_1)
   0.3554    9.8673 ^ dcache/_3614_/X (sky130_fd_sc_hd__lpflow_clkbufkapwr_1)
   0.4437   10.3109 v dcache/_3618_/X (sky130_fd_sc_hd__mux2_2)
   0.1400   10.4509 ^ lsu/_33460_/Y (sky130_fd_sc_hd__nand2b_1)
   0.0821   10.5330 v lsu/_33469_/Y (sky130_fd_sc_hd__nor3_1)
   0.1833   10.7163 v lsu/_33470_/X (sky130_fd_sc_hd__clkbuf_1)
   0.3555   11.0718 ^ lsu/_33474_/Y (sky130_fd_sc_hd__a222oi_1)
   0.1643   11.2360 v lsu/_33475_/Y (sky130_fd_sc_hd__nand4_1)
   0.2337   11.4698 ^ lsu/_33490_/Y (sky130_fd_sc_hd__o21ai_0)
   0.0933   11.5631 v lsu/_33503_/Y (sky130_fd_sc_hd__nand3b_1)
   0.1307   11.6937 ^ lsu/_33504_/Y (sky130_fd_sc_hd__o21ai_0)
   0.1745   11.8682 ^ core/memExeUnit/_195_/X (sky130_fd_sc_hd__buf_4)
   0.2807   12.1488 ^ core/ll_wbarb/_009_/X (sky130_fd_sc_hd__clkbuf_1)
   0.3857   12.5345 ^ core/ll_wbarb/_018_/X (sky130_fd_sc_hd__lpflow_clkbufkapwr_1)
   0.3834   12.9179 v core/ll_wbarb/_028_/X (sky130_fd_sc_hd__mux2_2)
   4.4771   17.3951 ^ core/_3820_/Y (sky130_fd_sc_hd__nor3b_1)
   0.5566   17.9517 ^ core/rename_stage/busytable/_2152_/X (sky130_fd_sc_hd__and3b_1)
   0.2480   18.1997 ^ core/rename_stage/busytable/_2153_/X (sky130_fd_sc_hd__clkbuf_1)
   0.1024   18.3020 v core/rename_stage/busytable/_2253_/Y (sky130_fd_sc_hd__nand3_1)
   0.0906   18.3926 ^ core/rename_stage/busytable/_2254_/Y (sky130_fd_sc_hd__o21ai_0)
   0.0814   18.4740 v core/rename_stage/busytable/_2257_/Y (sky130_fd_sc_hd__a311oi_1)
   0.1888   18.6628 ^ core/rename_stage/busytable/_2258_/Y (sky130_fd_sc_hd__a32oi_1)
   0.0837   18.7465 v core/rename_stage/busytable/_2259_/Y (sky130_fd_sc_hd__a21oi_1)
   0.0035   18.7499 v core/rename_stage/busytable/_2558_/D (sky130_fd_sc_hd__dfxtp_1)
            18.7499   data arrival time

  20.0000   20.0000   clock clock (rise edge)
   0.0000   20.0000   clock network delay (ideal)
   0.0000   20.0000   clock reconvergence pessimism
            20.0000 ^ core/rename_stage/busytable/_2558_/CLK (sky130_fd_sc_hd__dfxtp_1)
  -0.1339   19.8661   library setup time
            19.8661   data required time
-------------------------------------------------------------
            19.8661   data required time
           -18.7499   data arrival time
-------------------------------------------------------------
             1.1162   slack (MET)


Startpoint: core/_4046_ (rising edge-triggered flip-flop clocked by clock)
Endpoint: core/rename_stage/busytable/_2524_
          (rising edge-triggered flip-flop clocked by clock)
Path Group: clock
Path Type: max

    Delay      Time   Description
-------------------------------------------------------------
   0.0000    0.0000   clock clock (rise edge)
   0.0000    0.0000   clock network delay (ideal)
   0.0000    0.0000 ^ core/_4046_/CLK (sky130_fd_sc_hd__dfxtp_1)
   0.3440    0.3440 ^ core/_4046_/Q (sky130_fd_sc_hd__dfxtp_1)
   0.0813    0.4254 v core/_1916_/Y (sky130_fd_sc_hd__nand2_1)
   0.2362    0.6616 ^ core/_1917_/Y (sky130_fd_sc_hd__nor3_1)
   0.1018    0.7634 v core/_1918_/Y (sky130_fd_sc_hd__nand2_1)
   5.2893    6.0527 ^ core/_1923_/Y (sky130_fd_sc_hd__o21ai_0)
   0.8225    6.8752 ^ lsu/_66665_/X (sky130_fd_sc_hd__buf_4)
   0.1442    7.0193 v dcache/_3048_/Y (sky130_fd_sc_hd__a222oi_1)
   0.0861    7.1054 ^ dcache/_3049_/Y (sky130_fd_sc_hd__nand2_1)
   0.0450    7.1504 v dcache/_3050_/Y (sky130_fd_sc_hd__a221oi_1)
   0.2248    7.3753 v dcache/_3051_/X (sky130_fd_sc_hd__and4_1)
   0.0821    7.4574 ^ dcache/_3052_/Y (sky130_fd_sc_hd__nand2_1)
   0.0501    7.5075 v dcache/_3054_/Y (sky130_fd_sc_hd__nor4_1)
   0.2122    7.7196 v dcache/_3055_/X (sky130_fd_sc_hd__and3_1)
   0.0725    7.7922 ^ dcache/mshrs/_0615_/Y (sky130_fd_sc_hd__inv_1)
   0.0576    7.8498 v dcache/mshrs/_0616_/Y (sky130_fd_sc_hd__nor2_1)
   0.1500    7.9997 v dcache/mshrs/_0617_/Y (sky130_fd_sc_hd__a21boi_0)
   0.2412    8.2409 v dcache/mshrs/_0618_/X (sky130_fd_sc_hd__lpflow_inputiso0n_1)
   0.1858    8.4266 ^ dcache/mshrs/_0752_/Y (sky130_fd_sc_hd__a31oi_1)
   0.0689    8.4955 v dcache/mshrs/_0755_/Y (sky130_fd_sc_hd__nand2_1)
   0.2016    8.6972 v dcache/mshrs/_0756_/X (sky130_fd_sc_hd__a22o_1)
   0.1247    8.8219 v dcache/_3057_/X (sky130_fd_sc_hd__lpflow_isobufsrc_1)
   0.1863    9.0082 ^ dcache/_3059_/Y (sky130_fd_sc_hd__nor3b_1)
   0.2445    9.2527 ^ dcache/_3062_/X (sky130_fd_sc_hd__o31a_1)
   0.1380    9.3907 v dcache/_3065_/Y (sky130_fd_sc_hd__nor3_1)
   0.1212    9.5119 ^ dcache/_3066_/Y (sky130_fd_sc_hd__inv_1)
   0.3554    9.8673 ^ dcache/_3614_/X (sky130_fd_sc_hd__lpflow_clkbufkapwr_1)
   0.4437   10.3109 v dcache/_3618_/X (sky130_fd_sc_hd__mux2_2)
   0.1400   10.4509 ^ lsu/_33460_/Y (sky130_fd_sc_hd__nand2b_1)
   0.0821   10.5330 v lsu/_33469_/Y (sky130_fd_sc_hd__nor3_1)
   0.1833   10.7163 v lsu/_33470_/X (sky130_fd_sc_hd__clkbuf_1)
   0.3555   11.0718 ^ lsu/_33474_/Y (sky130_fd_sc_hd__a222oi_1)
   0.1643   11.2360 v lsu/_33475_/Y (sky130_fd_sc_hd__nand4_1)
   0.2337   11.4698 ^ lsu/_33490_/Y (sky130_fd_sc_hd__o21ai_0)
   0.0933   11.5631 v lsu/_33503_/Y (sky130_fd_sc_hd__nand3b_1)
   0.1307   11.6937 ^ lsu/_33504_/Y (sky130_fd_sc_hd__o21ai_0)
   0.1745   11.8682 ^ core/memExeUnit/_195_/X (sky130_fd_sc_hd__buf_4)
   0.2807   12.1488 ^ core/ll_wbarb/_009_/X (sky130_fd_sc_hd__clkbuf_1)
   0.3857   12.5345 ^ core/ll_wbarb/_018_/X (sky130_fd_sc_hd__lpflow_clkbufkapwr_1)
   0.3834   12.9179 v core/ll_wbarb/_028_/X (sky130_fd_sc_hd__mux2_2)
   4.4771   17.3951 ^ core/_3820_/Y (sky130_fd_sc_hd__nor3b_1)
   0.5647   17.9598 v core/rename_stage/busytable/_1525_/X (sky130_fd_sc_hd__or3b_2)
   0.1530   18.1128 v core/rename_stage/busytable/_1526_/X (sky130_fd_sc_hd__clkbuf_1)
   0.1987   18.3115 v core/rename_stage/busytable/_1527_/X (sky130_fd_sc_hd__clkbuf_1)
   0.1977   18.5092 ^ core/rename_stage/busytable/_1870_/Y (sky130_fd_sc_hd__nor3_1)
   0.0710   18.5802 v core/rename_stage/busytable/_1871_/Y (sky130_fd_sc_hd__a221oi_1)
   0.1051   18.6853 ^ core/rename_stage/busytable/_1877_/Y (sky130_fd_sc_hd__nand3_1)
   0.0596   18.7450 v core/rename_stage/busytable/_1883_/Y (sky130_fd_sc_hd__a21oi_1)
   0.0035   18.7484 v core/rename_stage/busytable/_2524_/D (sky130_fd_sc_hd__dfxtp_1)
            18.7484   data arrival time

  20.0000   20.0000   clock clock (rise edge)
   0.0000   20.0000   clock network delay (ideal)
   0.0000   20.0000   clock reconvergence pessimism
            20.0000 ^ core/rename_stage/busytable/_2524_/CLK (sky130_fd_sc_hd__dfxtp_1)
  -0.1339   19.8661   library setup time
            19.8661   data required time
-------------------------------------------------------------
            19.8661   data required time
           -18.7484   data arrival time
-------------------------------------------------------------
             1.1177   slack (MET)


Startpoint: core/FpPipeline/fpu_exe_unit/FPUUnit/fpu/dfma/_1310_
            (rising edge-triggered flip-flop clocked by clock)
Endpoint: core/FpPipeline/fpu_exe_unit/FPUUnit/fpu/dfma/fma/_31062_
          (rising edge-triggered flip-flop clocked by clock)
Path Group: clock
Path Type: max

    Delay      Time   Description
-------------------------------------------------------------
   0.0000    0.0000   clock clock (rise edge)
   0.0000    0.0000   clock network delay (ideal)
   0.0000    0.0000 ^ core/FpPipeline/fpu_exe_unit/FPUUnit/fpu/dfma/_1310_/CLK (sky130_fd_sc_hd__dfxtp_1)
   0.2995    0.2995 v core/FpPipeline/fpu_exe_unit/FPUUnit/fpu/dfma/_1310_/Q (sky130_fd_sc_hd__dfxtp_1)
   0.1614    0.4609 v core/FpPipeline/fpu_exe_unit/FPUUnit/fpu/dfma/fma/mulAddRecFNToRaw_preMul/_1092_/Y (sky130_fd_sc_hd__xnor2_1)
   0.3226    0.7835 ^ core/FpPipeline/fpu_exe_unit/FPUUnit/fpu/dfma/fma/mulAddRecFNToRaw_preMul/_1094_/Y (sky130_fd_sc_hd__o21ai_0)
   0.1761    0.9596 v core/FpPipeline/fpu_exe_unit/FPUUnit/fpu/dfma/fma/mulAddRecFNToRaw_preMul/_1097_/Y (sky130_fd_sc_hd__a31oi_1)
   0.4045    1.3640 v core/FpPipeline/fpu_exe_unit/FPUUnit/fpu/dfma/fma/mulAddRecFNToRaw_preMul/_1098_/X (sky130_fd_sc_hd__maj3_1)
   0.3959    1.7600 v core/FpPipeline/fpu_exe_unit/FPUUnit/fpu/dfma/fma/mulAddRecFNToRaw_preMul/_1099_/X (sky130_fd_sc_hd__maj3_1)
   0.3973    2.1573 v core/FpPipeline/fpu_exe_unit/FPUUnit/fpu/dfma/fma/mulAddRecFNToRaw_preMul/_1100_/X (sky130_fd_sc_hd__maj3_1)
   0.4055    2.5628 v core/FpPipeline/fpu_exe_unit/FPUUnit/fpu/dfma/fma/mulAddRecFNToRaw_preMul/_1101_/X (sky130_fd_sc_hd__maj3_1)
   0.3551    2.9179 v core/FpPipeline/fpu_exe_unit/FPUUnit/fpu/dfma/fma/mulAddRecFNToRaw_preMul/_1121_/X (sky130_fd_sc_hd__maj3_1)
   0.2007    3.1186 v core/FpPipeline/fpu_exe_unit/FPUUnit/fpu/dfma/fma/mulAddRecFNToRaw_preMul/_1122_/X (sky130_fd_sc_hd__xor2_1)
   0.1942    3.3128 ^ core/FpPipeline/fpu_exe_unit/FPUUnit/fpu/dfma/fma/mulAddRecFNToRaw_preMul/_1152_/Y (sky130_fd_sc_hd__o221ai_1)
   0.1518    3.4647 v core/FpPipeline/fpu_exe_unit/FPUUnit/fpu/dfma/fma/mulAddRecFNToRaw_preMul/_1158_/Y (sky130_fd_sc_hd__a32oi_1)
   0.4189    3.8835 v core/FpPipeline/fpu_exe_unit/FPUUnit/fpu/dfma/fma/mulAddRecFNToRaw_preMul/_1159_/X (sky130_fd_sc_hd__maj3_1)
   0.2588    4.1424 v core/FpPipeline/fpu_exe_unit/FPUUnit/fpu/dfma/fma/mulAddRecFNToRaw_preMul/_1177_/X (sky130_fd_sc_hd__o2111a_1)
   0.1835    4.3259 v core/FpPipeline/fpu_exe_unit/FPUUnit/fpu/dfma/fma/mulAddRecFNToRaw_preMul/_1178_/X (sky130_fd_sc_hd__clkbuf_1)
   0.1411    4.4670 ^ core/FpPipeline/fpu_exe_unit/FPUUnit/fpu/dfma/fma/mulAddRecFNToRaw_preMul/_1203_/Y (sky130_fd_sc_hd__nand4_1)
   0.3339    4.8008 ^ core/FpPipeline/fpu_exe_unit/FPUUnit/fpu/dfma/fma/mulAddRecFNToRaw_preMul/_1204_/X (sky130_fd_sc_hd__lpflow_clkbufkapwr_1)
   0.3198    5.1206 ^ core/FpPipeline/fpu_exe_unit/FPUUnit/fpu/dfma/fma/mulAddRecFNToRaw_preMul/_1307_/X (sky130_fd_sc_hd__buf_2)
   0.4406    5.5612 ^ core/FpPipeline/fpu_exe_unit/FPUUnit/fpu/dfma/fma/mulAddRecFNToRaw_preMul/_1308_/X (sky130_fd_sc_hd__lpflow_clkbufkapwr_1)
   0.4049    5.9661 v core/FpPipeline/fpu_exe_unit/FPUUnit/fpu/dfma/fma/mulAddRecFNToRaw_preMul/_1618_/X (sky130_fd_sc_hd__mux2_2)
   0.1693    6.1354 ^ core/FpPipeline/fpu_exe_unit/FPUUnit/fpu/dfma/fma/mulAddRecFNToRaw_preMul/_1760_/Y (sky130_fd_sc_hd__mux2i_1)
   0.0586    6.1940 v core/FpPipeline/fpu_exe_unit/FPUUnit/fpu/dfma/fma/mulAddRecFNToRaw_preMul/_1761_/Y (sky130_fd_sc_hd__nor2_1)
   0.1499    6.3440 ^ core/FpPipeline/fpu_exe_unit/FPUUnit/fpu/dfma/fma/mulAddRecFNToRaw_preMul/_1762_/Y (sky130_fd_sc_hd__a21oi_1)
   0.1072    6.4511 v core/FpPipeline/fpu_exe_unit/FPUUnit/fpu/dfma/fma/mulAddRecFNToRaw_preMul/_1763_/Y (sky130_fd_sc_hd__mux2i_1)
   0.2246    6.6758 ^ core/FpPipeline/fpu_exe_unit/FPUUnit/fpu/dfma/fma/mulAddRecFNToRaw_preMul/_1764_/Y (sky130_fd_sc_hd__a21oi_1)
   0.0630    6.7388 v core/FpPipeline/fpu_exe_unit/FPUUnit/fpu/dfma/fma/mulAddRecFNToRaw_preMul/_1765_/Y (sky130_fd_sc_hd__nor2_1)
   0.1979    6.9367 v core/FpPipeline/fpu_exe_unit/FPUUnit/fpu/dfma/fma/mulAddRecFNToRaw_preMul/_1766_/X (sky130_fd_sc_hd__o22a_1)
   0.3822    7.3188 v core/FpPipeline/fpu_exe_unit/FPUUnit/fpu/dfma/fma/_15620_/X (sky130_fd_sc_hd__xnor3_1)
   0.3965    7.7153 v core/FpPipeline/fpu_exe_unit/FPUUnit/fpu/dfma/fma/_15633_/X (sky130_fd_sc_hd__maj3_1)
   0.3777    8.0930 v core/FpPipeline/fpu_exe_unit/FPUUnit/fpu/dfma/fma/_15654_/X (sky130_fd_sc_hd__maj3_1)
   0.3929    8.4859 v core/FpPipeline/fpu_exe_unit/FPUUnit/fpu/dfma/fma/_15683_/X (sky130_fd_sc_hd__maj3_1)
   0.3979    8.8837 v core/FpPipeline/fpu_exe_unit/FPUUnit/fpu/dfma/fma/_15706_/X (sky130_fd_sc_hd__xor3_1)
   0.1695    9.0532 ^ core/FpPipeline/fpu_exe_unit/FPUUnit/fpu/dfma/fma/_15717_/Y (sky130_fd_sc_hd__nor2_1)
   0.2705    9.3237 ^ core/FpPipeline/fpu_exe_unit/FPUUnit/fpu/dfma/fma/_15755_/X (sky130_fd_sc_hd__xor3_1)
   0.1383    9.4620 v core/FpPipeline/fpu_exe_unit/FPUUnit/fpu/dfma/fma/_15756_/Y (sky130_fd_sc_hd__nand4bb_1)
   0.3515    9.8135 v core/FpPipeline/fpu_exe_unit/FPUUnit/fpu/dfma/fma/_15806_/X (sky130_fd_sc_hd__or2_2)
   0.3724   10.1859 v core/FpPipeline/fpu_exe_unit/FPUUnit/fpu/dfma/fma/_15860_/X (sky130_fd_sc_hd__maj3_1)
   0.3772   10.5631 v core/FpPipeline/fpu_exe_unit/FPUUnit/fpu/dfma/fma/_15917_/X (sky130_fd_sc_hd__maj3_1)
   0.3659   10.9290 v core/FpPipeline/fpu_exe_unit/FPUUnit/fpu/dfma/fma/_15983_/X (sky130_fd_sc_hd__maj3_1)
   0.3689   11.2979 v core/FpPipeline/fpu_exe_unit/FPUUnit/fpu/dfma/fma/_16051_/X (sky130_fd_sc_hd__maj3_1)
   0.3764   11.6743 v core/FpPipeline/fpu_exe_unit/FPUUnit/fpu/dfma/fma/_16118_/X (sky130_fd_sc_hd__maj3_1)
   0.3716   12.0459 v core/FpPipeline/fpu_exe_unit/FPUUnit/fpu/dfma/fma/_16205_/X (sky130_fd_sc_hd__maj3_1)
   0.3696   12.4155 v core/FpPipeline/fpu_exe_unit/FPUUnit/fpu/dfma/fma/_16303_/X (sky130_fd_sc_hd__maj3_1)
   0.2276   12.6431 ^ core/FpPipeline/fpu_exe_unit/FPUUnit/fpu/dfma/fma/_16397_/Y (sky130_fd_sc_hd__o22ai_1)
   0.1101   12.7532 v core/FpPipeline/fpu_exe_unit/FPUUnit/fpu/dfma/fma/_16924_/Y (sky130_fd_sc_hd__a211oi_1)
   0.3411   13.0942 ^ core/FpPipeline/fpu_exe_unit/FPUUnit/fpu/dfma/fma/_16925_/Y (sky130_fd_sc_hd__o311ai_0)
   0.1916   13.2859 v core/FpPipeline/fpu_exe_unit/FPUUnit/fpu/dfma/fma/_17063_/Y (sky130_fd_sc_hd__nand4_1)
   0.2608   13.5467 ^ core/FpPipeline/fpu_exe_unit/FPUUnit/fpu/dfma/fma/_17356_/Y (sky130_fd_sc_hd__a211oi_1)
   0.2232   13.7699 v core/FpPipeline/fpu_exe_unit/FPUUnit/fpu/dfma/fma/_17676_/Y (sky130_fd_sc_hd__o311ai_0)
   0.3464   14.1163 ^ core/FpPipeline/fpu_exe_unit/FPUUnit/fpu/dfma/fma/_17985_/Y (sky130_fd_sc_hd__a211oi_1)
   0.1544   14.2707 v core/FpPipeline/fpu_exe_unit/FPUUnit/fpu/dfma/fma/_18286_/Y (sky130_fd_sc_hd__o211ai_1)
   0.4838   14.7545 ^ core/FpPipeline/fpu_exe_unit/FPUUnit/fpu/dfma/fma/_19008_/Y (sky130_fd_sc_hd__a2111oi_0)
   0.2138   14.9683 v core/FpPipeline/fpu_exe_unit/FPUUnit/fpu/dfma/fma/_19804_/Y (sky130_fd_sc_hd__a21oi_1)
   0.3577   15.3260 v core/FpPipeline/fpu_exe_unit/FPUUnit/fpu/dfma/fma/_21792_/X (sky130_fd_sc_hd__o31a_1)
   0.3666   15.6926 ^ core/FpPipeline/fpu_exe_unit/FPUUnit/fpu/dfma/fma/_22055_/Y (sky130_fd_sc_hd__o31ai_1)
   0.2541   15.9466 ^ core/FpPipeline/fpu_exe_unit/FPUUnit/fpu/dfma/fma/_22585_/X (sky130_fd_sc_hd__a221o_1)
   0.1319   16.0785 v core/FpPipeline/fpu_exe_unit/FPUUnit/fpu/dfma/fma/_23138_/Y (sky130_fd_sc_hd__a31oi_1)
   0.3718   16.4503 ^ core/FpPipeline/fpu_exe_unit/FPUUnit/fpu/dfma/fma/_23671_/Y (sky130_fd_sc_hd__o21ai_0)
   0.2962   16.7465 ^ core/FpPipeline/fpu_exe_unit/FPUUnit/fpu/dfma/fma/_25679_/X (sky130_fd_sc_hd__and4b_1)
   0.2439   16.9904 ^ core/FpPipeline/fpu_exe_unit/FPUUnit/fpu/dfma/fma/_26580_/X (sky130_fd_sc_hd__o2111a_1)
   0.1495   17.1399 v core/FpPipeline/fpu_exe_unit/FPUUnit/fpu/dfma/fma/_28099_/Y (sky130_fd_sc_hd__o2111ai_1)
   0.3197   17.4597 ^ core/FpPipeline/fpu_exe_unit/FPUUnit/fpu/dfma/fma/_28721_/Y (sky130_fd_sc_hd__o2111ai_1)
   0.1877   17.6474 v core/FpPipeline/fpu_exe_unit/FPUUnit/fpu/dfma/fma/_29003_/Y (sky130_fd_sc_hd__a31oi_1)
   0.2882   17.9355 ^ core/FpPipeline/fpu_exe_unit/FPUUnit/fpu/dfma/fma/_29260_/Y (sky130_fd_sc_hd__o221ai_1)
   0.1789   18.1144 v core/FpPipeline/fpu_exe_unit/FPUUnit/fpu/dfma/fma/_29513_/Y (sky130_fd_sc_hd__a22oi_1)
   0.4165   18.5309 v core/FpPipeline/fpu_exe_unit/FPUUnit/fpu/dfma/fma/_29739_/X (sky130_fd_sc_hd__o311a_1)
   0.1458   18.6767 ^ core/FpPipeline/fpu_exe_unit/FPUUnit/fpu/dfma/fma/_29837_/Y (sky130_fd_sc_hd__nor2_1)
   0.0816   18.7584 v core/FpPipeline/fpu_exe_unit/FPUUnit/fpu/dfma/fma/_29840_/Y (sky130_fd_sc_hd__o2bb2ai_1)
   0.0035   18.7618 v core/FpPipeline/fpu_exe_unit/FPUUnit/fpu/dfma/fma/_31062_/D (sky130_fd_sc_hd__dfxtp_1)
            18.7618   data arrival time

  20.0000   20.0000   clock clock (rise edge)
   0.0000   20.0000   clock network delay (ideal)
   0.0000   20.0000   clock reconvergence pessimism
            20.0000 ^ core/FpPipeline/fpu_exe_unit/FPUUnit/fpu/dfma/fma/_31062_/CLK (sky130_fd_sc_hd__dfxtp_1)
  -0.1197   19.8803   library setup time
            19.8803   data required time
-------------------------------------------------------------
            19.8803   data required time
           -18.7618   data arrival time
-------------------------------------------------------------
             1.1185   slack (MET)


Startpoint: core/_4046_ (rising edge-triggered flip-flop clocked by clock)
Endpoint: core/rename_stage/busytable/_2553_
          (rising edge-triggered flip-flop clocked by clock)
Path Group: clock
Path Type: max

    Delay      Time   Description
-------------------------------------------------------------
   0.0000    0.0000   clock clock (rise edge)
   0.0000    0.0000   clock network delay (ideal)
   0.0000    0.0000 ^ core/_4046_/CLK (sky130_fd_sc_hd__dfxtp_1)
   0.3440    0.3440 ^ core/_4046_/Q (sky130_fd_sc_hd__dfxtp_1)
   0.0813    0.4254 v core/_1916_/Y (sky130_fd_sc_hd__nand2_1)
   0.2362    0.6616 ^ core/_1917_/Y (sky130_fd_sc_hd__nor3_1)
   0.1018    0.7634 v core/_1918_/Y (sky130_fd_sc_hd__nand2_1)
   5.2893    6.0527 ^ core/_1923_/Y (sky130_fd_sc_hd__o21ai_0)
   0.8225    6.8752 ^ lsu/_66665_/X (sky130_fd_sc_hd__buf_4)
   0.1442    7.0193 v dcache/_3048_/Y (sky130_fd_sc_hd__a222oi_1)
   0.0861    7.1054 ^ dcache/_3049_/Y (sky130_fd_sc_hd__nand2_1)
   0.0450    7.1504 v dcache/_3050_/Y (sky130_fd_sc_hd__a221oi_1)
   0.2248    7.3753 v dcache/_3051_/X (sky130_fd_sc_hd__and4_1)
   0.0821    7.4574 ^ dcache/_3052_/Y (sky130_fd_sc_hd__nand2_1)
   0.0501    7.5075 v dcache/_3054_/Y (sky130_fd_sc_hd__nor4_1)
   0.2122    7.7196 v dcache/_3055_/X (sky130_fd_sc_hd__and3_1)
   0.0725    7.7922 ^ dcache/mshrs/_0615_/Y (sky130_fd_sc_hd__inv_1)
   0.0576    7.8498 v dcache/mshrs/_0616_/Y (sky130_fd_sc_hd__nor2_1)
   0.1500    7.9997 v dcache/mshrs/_0617_/Y (sky130_fd_sc_hd__a21boi_0)
   0.2412    8.2409 v dcache/mshrs/_0618_/X (sky130_fd_sc_hd__lpflow_inputiso0n_1)
   0.1858    8.4266 ^ dcache/mshrs/_0752_/Y (sky130_fd_sc_hd__a31oi_1)
   0.0689    8.4955 v dcache/mshrs/_0755_/Y (sky130_fd_sc_hd__nand2_1)
   0.2016    8.6972 v dcache/mshrs/_0756_/X (sky130_fd_sc_hd__a22o_1)
   0.1247    8.8219 v dcache/_3057_/X (sky130_fd_sc_hd__lpflow_isobufsrc_1)
   0.1863    9.0082 ^ dcache/_3059_/Y (sky130_fd_sc_hd__nor3b_1)
   0.2445    9.2527 ^ dcache/_3062_/X (sky130_fd_sc_hd__o31a_1)
   0.1380    9.3907 v dcache/_3065_/Y (sky130_fd_sc_hd__nor3_1)
   0.1212    9.5119 ^ dcache/_3066_/Y (sky130_fd_sc_hd__inv_1)
   0.3554    9.8673 ^ dcache/_3614_/X (sky130_fd_sc_hd__lpflow_clkbufkapwr_1)
   0.4437   10.3109 v dcache/_3618_/X (sky130_fd_sc_hd__mux2_2)
   0.1400   10.4509 ^ lsu/_33460_/Y (sky130_fd_sc_hd__nand2b_1)
   0.0821   10.5330 v lsu/_33469_/Y (sky130_fd_sc_hd__nor3_1)
   0.1833   10.7163 v lsu/_33470_/X (sky130_fd_sc_hd__clkbuf_1)
   0.3555   11.0718 ^ lsu/_33474_/Y (sky130_fd_sc_hd__a222oi_1)
   0.1643   11.2360 v lsu/_33475_/Y (sky130_fd_sc_hd__nand4_1)
   0.2337   11.4698 ^ lsu/_33490_/Y (sky130_fd_sc_hd__o21ai_0)
   0.0933   11.5631 v lsu/_33503_/Y (sky130_fd_sc_hd__nand3b_1)
   0.1307   11.6937 ^ lsu/_33504_/Y (sky130_fd_sc_hd__o21ai_0)
   0.1745   11.8682 ^ core/memExeUnit/_195_/X (sky130_fd_sc_hd__buf_4)
   0.2807   12.1488 ^ core/ll_wbarb/_009_/X (sky130_fd_sc_hd__clkbuf_1)
   0.3857   12.5345 ^ core/ll_wbarb/_018_/X (sky130_fd_sc_hd__lpflow_clkbufkapwr_1)
   0.3834   12.9179 v core/ll_wbarb/_028_/X (sky130_fd_sc_hd__mux2_2)
   4.4771   17.3951 ^ core/_3820_/Y (sky130_fd_sc_hd__nor3b_1)
   0.5566   17.9517 ^ core/rename_stage/busytable/_2152_/X (sky130_fd_sc_hd__and3b_1)
   0.2480   18.1997 ^ core/rename_stage/busytable/_2153_/X (sky130_fd_sc_hd__clkbuf_1)
   0.3054   18.5051 ^ core/rename_stage/busytable/_2215_/X (sky130_fd_sc_hd__clkbuf_1)
   0.0916   18.5967 v core/rename_stage/busytable/_2216_/Y (sky130_fd_sc_hd__nand2_1)
   0.0874   18.6840 ^ core/rename_stage/busytable/_2219_/Y (sky130_fd_sc_hd__nand3_1)
   0.0599   18.7439 v core/rename_stage/busytable/_2221_/Y (sky130_fd_sc_hd__a21oi_1)
   0.0035   18.7474 v core/rename_stage/busytable/_2553_/D (sky130_fd_sc_hd__dfxtp_1)
            18.7474   data arrival time

  20.0000   20.0000   clock clock (rise edge)
   0.0000   20.0000   clock network delay (ideal)
   0.0000   20.0000   clock reconvergence pessimism
            20.0000 ^ core/rename_stage/busytable/_2553_/CLK (sky130_fd_sc_hd__dfxtp_1)
  -0.1339   19.8661   library setup time
            19.8661   data required time
-------------------------------------------------------------
            19.8661   data required time
           -18.7474   data arrival time
-------------------------------------------------------------
             1.1187   slack (MET)


Startpoint: core/_4046_ (rising edge-triggered flip-flop clocked by clock)
Endpoint: core/rename_stage/busytable/_2574_
          (rising edge-triggered flip-flop clocked by clock)
Path Group: clock
Path Type: max

    Delay      Time   Description
-------------------------------------------------------------
   0.0000    0.0000   clock clock (rise edge)
   0.0000    0.0000   clock network delay (ideal)
   0.0000    0.0000 ^ core/_4046_/CLK (sky130_fd_sc_hd__dfxtp_1)
   0.3440    0.3440 ^ core/_4046_/Q (sky130_fd_sc_hd__dfxtp_1)
   0.0813    0.4254 v core/_1916_/Y (sky130_fd_sc_hd__nand2_1)
   0.2362    0.6616 ^ core/_1917_/Y (sky130_fd_sc_hd__nor3_1)
   0.1018    0.7634 v core/_1918_/Y (sky130_fd_sc_hd__nand2_1)
   5.2893    6.0527 ^ core/_1923_/Y (sky130_fd_sc_hd__o21ai_0)
   0.8225    6.8752 ^ lsu/_66665_/X (sky130_fd_sc_hd__buf_4)
   0.1442    7.0193 v dcache/_3048_/Y (sky130_fd_sc_hd__a222oi_1)
   0.0861    7.1054 ^ dcache/_3049_/Y (sky130_fd_sc_hd__nand2_1)
   0.0450    7.1504 v dcache/_3050_/Y (sky130_fd_sc_hd__a221oi_1)
   0.2248    7.3753 v dcache/_3051_/X (sky130_fd_sc_hd__and4_1)
   0.0821    7.4574 ^ dcache/_3052_/Y (sky130_fd_sc_hd__nand2_1)
   0.0501    7.5075 v dcache/_3054_/Y (sky130_fd_sc_hd__nor4_1)
   0.2122    7.7196 v dcache/_3055_/X (sky130_fd_sc_hd__and3_1)
   0.0725    7.7922 ^ dcache/mshrs/_0615_/Y (sky130_fd_sc_hd__inv_1)
   0.0576    7.8498 v dcache/mshrs/_0616_/Y (sky130_fd_sc_hd__nor2_1)
   0.1500    7.9997 v dcache/mshrs/_0617_/Y (sky130_fd_sc_hd__a21boi_0)
   0.2412    8.2409 v dcache/mshrs/_0618_/X (sky130_fd_sc_hd__lpflow_inputiso0n_1)
   0.1858    8.4266 ^ dcache/mshrs/_0752_/Y (sky130_fd_sc_hd__a31oi_1)
   0.0689    8.4955 v dcache/mshrs/_0755_/Y (sky130_fd_sc_hd__nand2_1)
   0.2016    8.6972 v dcache/mshrs/_0756_/X (sky130_fd_sc_hd__a22o_1)
   0.1247    8.8219 v dcache/_3057_/X (sky130_fd_sc_hd__lpflow_isobufsrc_1)
   0.1863    9.0082 ^ dcache/_3059_/Y (sky130_fd_sc_hd__nor3b_1)
   0.2445    9.2527 ^ dcache/_3062_/X (sky130_fd_sc_hd__o31a_1)
   0.1380    9.3907 v dcache/_3065_/Y (sky130_fd_sc_hd__nor3_1)
   0.1212    9.5119 ^ dcache/_3066_/Y (sky130_fd_sc_hd__inv_1)
   0.3554    9.8673 ^ dcache/_3614_/X (sky130_fd_sc_hd__lpflow_clkbufkapwr_1)
   0.4437   10.3109 v dcache/_3618_/X (sky130_fd_sc_hd__mux2_2)
   0.1400   10.4509 ^ lsu/_33460_/Y (sky130_fd_sc_hd__nand2b_1)
   0.0821   10.5330 v lsu/_33469_/Y (sky130_fd_sc_hd__nor3_1)
   0.1833   10.7163 v lsu/_33470_/X (sky130_fd_sc_hd__clkbuf_1)
   0.3555   11.0718 ^ lsu/_33474_/Y (sky130_fd_sc_hd__a222oi_1)
   0.1643   11.2360 v lsu/_33475_/Y (sky130_fd_sc_hd__nand4_1)
   0.2337   11.4698 ^ lsu/_33490_/Y (sky130_fd_sc_hd__o21ai_0)
   0.0933   11.5631 v lsu/_33503_/Y (sky130_fd_sc_hd__nand3b_1)
   0.1307   11.6937 ^ lsu/_33504_/Y (sky130_fd_sc_hd__o21ai_0)
   0.1745   11.8682 ^ core/memExeUnit/_195_/X (sky130_fd_sc_hd__buf_4)
   0.2807   12.1488 ^ core/ll_wbarb/_009_/X (sky130_fd_sc_hd__clkbuf_1)
   0.3857   12.5345 ^ core/ll_wbarb/_018_/X (sky130_fd_sc_hd__lpflow_clkbufkapwr_1)
   0.3834   12.9179 v core/ll_wbarb/_028_/X (sky130_fd_sc_hd__mux2_2)
   4.4771   17.3951 ^ core/_3820_/Y (sky130_fd_sc_hd__nor3b_1)
   0.2477   17.6428 v core/rename_stage/busytable/_2390_/Y (sky130_fd_sc_hd__nand2_1)
   0.4968   18.1396 v core/rename_stage/busytable/_2391_/X (sky130_fd_sc_hd__or2_2)
   0.1855   18.3251 v core/rename_stage/busytable/_2392_/X (sky130_fd_sc_hd__lpflow_clkbufkapwr_1)
   0.1535   18.4786 ^ core/rename_stage/busytable/_2393_/Y (sky130_fd_sc_hd__o22ai_1)
   0.0704   18.5490 v core/rename_stage/busytable/_2397_/Y (sky130_fd_sc_hd__a211oi_1)
   0.1099   18.6589 ^ core/rename_stage/busytable/_2398_/Y (sky130_fd_sc_hd__o211ai_1)
   0.0811   18.7400 v core/rename_stage/busytable/_2406_/Y (sky130_fd_sc_hd__a21oi_1)
   0.0035   18.7435 v core/rename_stage/busytable/_2574_/D (sky130_fd_sc_hd__dfxtp_1)
            18.7435   data arrival time

  20.0000   20.0000   clock clock (rise edge)
   0.0000   20.0000   clock network delay (ideal)
   0.0000   20.0000   clock reconvergence pessimism
            20.0000 ^ core/rename_stage/busytable/_2574_/CLK (sky130_fd_sc_hd__dfxtp_1)
  -0.1339   19.8661   library setup time
            19.8661   data required time
-------------------------------------------------------------
            19.8661   data required time
           -18.7435   data arrival time
-------------------------------------------------------------
             1.1226   slack (MET)


Startpoint: core/_4046_ (rising edge-triggered flip-flop clocked by clock)
Endpoint: core/rename_stage/busytable/_2510_
          (rising edge-triggered flip-flop clocked by clock)
Path Group: clock
Path Type: max

    Delay      Time   Description
-------------------------------------------------------------
   0.0000    0.0000   clock clock (rise edge)
   0.0000    0.0000   clock network delay (ideal)
   0.0000    0.0000 ^ core/_4046_/CLK (sky130_fd_sc_hd__dfxtp_1)
   0.3440    0.3440 ^ core/_4046_/Q (sky130_fd_sc_hd__dfxtp_1)
   0.0813    0.4254 v core/_1916_/Y (sky130_fd_sc_hd__nand2_1)
   0.2362    0.6616 ^ core/_1917_/Y (sky130_fd_sc_hd__nor3_1)
   0.1018    0.7634 v core/_1918_/Y (sky130_fd_sc_hd__nand2_1)
   5.2893    6.0527 ^ core/_1923_/Y (sky130_fd_sc_hd__o21ai_0)
   0.8225    6.8752 ^ lsu/_66665_/X (sky130_fd_sc_hd__buf_4)
   0.1442    7.0193 v dcache/_3048_/Y (sky130_fd_sc_hd__a222oi_1)
   0.0861    7.1054 ^ dcache/_3049_/Y (sky130_fd_sc_hd__nand2_1)
   0.0450    7.1504 v dcache/_3050_/Y (sky130_fd_sc_hd__a221oi_1)
   0.2248    7.3753 v dcache/_3051_/X (sky130_fd_sc_hd__and4_1)
   0.0821    7.4574 ^ dcache/_3052_/Y (sky130_fd_sc_hd__nand2_1)
   0.0501    7.5075 v dcache/_3054_/Y (sky130_fd_sc_hd__nor4_1)
   0.2122    7.7196 v dcache/_3055_/X (sky130_fd_sc_hd__and3_1)
   0.0725    7.7922 ^ dcache/mshrs/_0615_/Y (sky130_fd_sc_hd__inv_1)
   0.0576    7.8498 v dcache/mshrs/_0616_/Y (sky130_fd_sc_hd__nor2_1)
   0.1500    7.9997 v dcache/mshrs/_0617_/Y (sky130_fd_sc_hd__a21boi_0)
   0.2412    8.2409 v dcache/mshrs/_0618_/X (sky130_fd_sc_hd__lpflow_inputiso0n_1)
   0.1858    8.4266 ^ dcache/mshrs/_0752_/Y (sky130_fd_sc_hd__a31oi_1)
   0.0689    8.4955 v dcache/mshrs/_0755_/Y (sky130_fd_sc_hd__nand2_1)
   0.2016    8.6972 v dcache/mshrs/_0756_/X (sky130_fd_sc_hd__a22o_1)
   0.1247    8.8219 v dcache/_3057_/X (sky130_fd_sc_hd__lpflow_isobufsrc_1)
   0.1863    9.0082 ^ dcache/_3059_/Y (sky130_fd_sc_hd__nor3b_1)
   0.2445    9.2527 ^ dcache/_3062_/X (sky130_fd_sc_hd__o31a_1)
   0.1380    9.3907 v dcache/_3065_/Y (sky130_fd_sc_hd__nor3_1)
   0.1212    9.5119 ^ dcache/_3066_/Y (sky130_fd_sc_hd__inv_1)
   0.3554    9.8673 ^ dcache/_3614_/X (sky130_fd_sc_hd__lpflow_clkbufkapwr_1)
   0.4437   10.3109 v dcache/_3618_/X (sky130_fd_sc_hd__mux2_2)
   0.1400   10.4509 ^ lsu/_33460_/Y (sky130_fd_sc_hd__nand2b_1)
   0.0821   10.5330 v lsu/_33469_/Y (sky130_fd_sc_hd__nor3_1)
   0.1833   10.7163 v lsu/_33470_/X (sky130_fd_sc_hd__clkbuf_1)
   0.3555   11.0718 ^ lsu/_33474_/Y (sky130_fd_sc_hd__a222oi_1)
   0.1643   11.2360 v lsu/_33475_/Y (sky130_fd_sc_hd__nand4_1)
   0.2337   11.4698 ^ lsu/_33490_/Y (sky130_fd_sc_hd__o21ai_0)
   0.0933   11.5631 v lsu/_33503_/Y (sky130_fd_sc_hd__nand3b_1)
   0.1307   11.6937 ^ lsu/_33504_/Y (sky130_fd_sc_hd__o21ai_0)
   0.1745   11.8682 ^ core/memExeUnit/_195_/X (sky130_fd_sc_hd__buf_4)
   0.2807   12.1488 ^ core/ll_wbarb/_009_/X (sky130_fd_sc_hd__clkbuf_1)
   0.3857   12.5345 ^ core/ll_wbarb/_018_/X (sky130_fd_sc_hd__lpflow_clkbufkapwr_1)
   0.3834   12.9179 v core/ll_wbarb/_028_/X (sky130_fd_sc_hd__mux2_2)
   4.4771   17.3951 ^ core/_3820_/Y (sky130_fd_sc_hd__nor3b_1)
   0.5647   17.9598 v core/rename_stage/busytable/_1525_/X (sky130_fd_sc_hd__or3b_2)
   0.1530   18.1128 v core/rename_stage/busytable/_1526_/X (sky130_fd_sc_hd__clkbuf_1)
   0.1987   18.3115 v core/rename_stage/busytable/_1527_/X (sky130_fd_sc_hd__clkbuf_1)
   0.1420   18.4536 ^ core/rename_stage/busytable/_1528_/Y (sky130_fd_sc_hd__o22ai_1)
   0.0635   18.5171 v core/rename_stage/busytable/_1529_/Y (sky130_fd_sc_hd__a211oi_1)
   0.1238   18.6409 ^ core/rename_stage/busytable/_1530_/Y (sky130_fd_sc_hd__o211ai_1)
   0.0811   18.7220 v core/rename_stage/busytable/_1548_/Y (sky130_fd_sc_hd__a21oi_1)
   0.0035   18.7254 v core/rename_stage/busytable/_2510_/D (sky130_fd_sc_hd__dfxtp_1)
            18.7254   data arrival time

  20.0000   20.0000   clock clock (rise edge)
   0.0000   20.0000   clock network delay (ideal)
   0.0000   20.0000   clock reconvergence pessimism
            20.0000 ^ core/rename_stage/busytable/_2510_/CLK (sky130_fd_sc_hd__dfxtp_1)
  -0.1339   19.8661   library setup time
            19.8661   data required time
-------------------------------------------------------------
            19.8661   data required time
           -18.7254   data arrival time
-------------------------------------------------------------
             1.1407   slack (MET)


Startpoint: core/_4046_ (rising edge-triggered flip-flop clocked by clock)
Endpoint: core/rename_stage/busytable/_2515_
          (rising edge-triggered flip-flop clocked by clock)
Path Group: clock
Path Type: max

    Delay      Time   Description
-------------------------------------------------------------
   0.0000    0.0000   clock clock (rise edge)
   0.0000    0.0000   clock network delay (ideal)
   0.0000    0.0000 ^ core/_4046_/CLK (sky130_fd_sc_hd__dfxtp_1)
   0.3440    0.3440 ^ core/_4046_/Q (sky130_fd_sc_hd__dfxtp_1)
   0.0813    0.4254 v core/_1916_/Y (sky130_fd_sc_hd__nand2_1)
   0.2362    0.6616 ^ core/_1917_/Y (sky130_fd_sc_hd__nor3_1)
   0.1018    0.7634 v core/_1918_/Y (sky130_fd_sc_hd__nand2_1)
   5.2893    6.0527 ^ core/_1923_/Y (sky130_fd_sc_hd__o21ai_0)
   0.8225    6.8752 ^ lsu/_66665_/X (sky130_fd_sc_hd__buf_4)
   0.1442    7.0193 v dcache/_3048_/Y (sky130_fd_sc_hd__a222oi_1)
   0.0861    7.1054 ^ dcache/_3049_/Y (sky130_fd_sc_hd__nand2_1)
   0.0450    7.1504 v dcache/_3050_/Y (sky130_fd_sc_hd__a221oi_1)
   0.2248    7.3753 v dcache/_3051_/X (sky130_fd_sc_hd__and4_1)
   0.0821    7.4574 ^ dcache/_3052_/Y (sky130_fd_sc_hd__nand2_1)
   0.0501    7.5075 v dcache/_3054_/Y (sky130_fd_sc_hd__nor4_1)
   0.2122    7.7196 v dcache/_3055_/X (sky130_fd_sc_hd__and3_1)
   0.0725    7.7922 ^ dcache/mshrs/_0615_/Y (sky130_fd_sc_hd__inv_1)
   0.0576    7.8498 v dcache/mshrs/_0616_/Y (sky130_fd_sc_hd__nor2_1)
   0.1500    7.9997 v dcache/mshrs/_0617_/Y (sky130_fd_sc_hd__a21boi_0)
   0.2412    8.2409 v dcache/mshrs/_0618_/X (sky130_fd_sc_hd__lpflow_inputiso0n_1)
   0.1858    8.4266 ^ dcache/mshrs/_0752_/Y (sky130_fd_sc_hd__a31oi_1)
   0.0689    8.4955 v dcache/mshrs/_0755_/Y (sky130_fd_sc_hd__nand2_1)
   0.2016    8.6972 v dcache/mshrs/_0756_/X (sky130_fd_sc_hd__a22o_1)
   0.1247    8.8219 v dcache/_3057_/X (sky130_fd_sc_hd__lpflow_isobufsrc_1)
   0.1863    9.0082 ^ dcache/_3059_/Y (sky130_fd_sc_hd__nor3b_1)
   0.2445    9.2527 ^ dcache/_3062_/X (sky130_fd_sc_hd__o31a_1)
   0.1380    9.3907 v dcache/_3065_/Y (sky130_fd_sc_hd__nor3_1)
   0.1212    9.5119 ^ dcache/_3066_/Y (sky130_fd_sc_hd__inv_1)
   0.3554    9.8673 ^ dcache/_3614_/X (sky130_fd_sc_hd__lpflow_clkbufkapwr_1)
   0.4437   10.3109 v dcache/_3618_/X (sky130_fd_sc_hd__mux2_2)
   0.1400   10.4509 ^ lsu/_33460_/Y (sky130_fd_sc_hd__nand2b_1)
   0.0821   10.5330 v lsu/_33469_/Y (sky130_fd_sc_hd__nor3_1)
   0.1833   10.7163 v lsu/_33470_/X (sky130_fd_sc_hd__clkbuf_1)
   0.3555   11.0718 ^ lsu/_33474_/Y (sky130_fd_sc_hd__a222oi_1)
   0.1643   11.2360 v lsu/_33475_/Y (sky130_fd_sc_hd__nand4_1)
   0.2337   11.4698 ^ lsu/_33490_/Y (sky130_fd_sc_hd__o21ai_0)
   0.0933   11.5631 v lsu/_33503_/Y (sky130_fd_sc_hd__nand3b_1)
   0.1307   11.6937 ^ lsu/_33504_/Y (sky130_fd_sc_hd__o21ai_0)
   0.1745   11.8682 ^ core/memExeUnit/_195_/X (sky130_fd_sc_hd__buf_4)
   0.2807   12.1488 ^ core/ll_wbarb/_009_/X (sky130_fd_sc_hd__clkbuf_1)
   0.3857   12.5345 ^ core/ll_wbarb/_018_/X (sky130_fd_sc_hd__lpflow_clkbufkapwr_1)
   0.3834   12.9179 v core/ll_wbarb/_028_/X (sky130_fd_sc_hd__mux2_2)
   4.4771   17.3951 ^ core/_3820_/Y (sky130_fd_sc_hd__nor3b_1)
   0.5647   17.9598 v core/rename_stage/busytable/_1525_/X (sky130_fd_sc_hd__or3b_2)
   0.1530   18.1128 v core/rename_stage/busytable/_1526_/X (sky130_fd_sc_hd__clkbuf_1)
   0.1987   18.3115 v core/rename_stage/busytable/_1527_/X (sky130_fd_sc_hd__clkbuf_1)
   0.1929   18.5044 ^ core/rename_stage/busytable/_1669_/Y (sky130_fd_sc_hd__o22ai_1)
   0.0666   18.5711 v core/rename_stage/busytable/_1675_/Y (sky130_fd_sc_hd__nor2_1)
   0.0775   18.6486 ^ core/rename_stage/busytable/_1676_/Y (sky130_fd_sc_hd__nand3_1)
   0.0589   18.7075 v core/rename_stage/busytable/_1683_/Y (sky130_fd_sc_hd__a21oi_1)
   0.0035   18.7110 v core/rename_stage/busytable/_2515_/D (sky130_fd_sc_hd__dfxtp_1)
            18.7110   data arrival time

  20.0000   20.0000   clock clock (rise edge)
   0.0000   20.0000   clock network delay (ideal)
   0.0000   20.0000   clock reconvergence pessimism
            20.0000 ^ core/rename_stage/busytable/_2515_/CLK (sky130_fd_sc_hd__dfxtp_1)
  -0.1339   19.8661   library setup time
            19.8661   data required time
-------------------------------------------------------------
            19.8661   data required time
           -18.7110   data arrival time
-------------------------------------------------------------
             1.1551   slack (MET)


Startpoint: core/_4046_ (rising edge-triggered flip-flop clocked by clock)
Endpoint: core/rename_stage/busytable/_2578_
          (rising edge-triggered flip-flop clocked by clock)
Path Group: clock
Path Type: max

    Delay      Time   Description
-------------------------------------------------------------
   0.0000    0.0000   clock clock (rise edge)
   0.0000    0.0000   clock network delay (ideal)
   0.0000    0.0000 ^ core/_4046_/CLK (sky130_fd_sc_hd__dfxtp_1)
   0.3440    0.3440 ^ core/_4046_/Q (sky130_fd_sc_hd__dfxtp_1)
   0.0813    0.4254 v core/_1916_/Y (sky130_fd_sc_hd__nand2_1)
   0.2362    0.6616 ^ core/_1917_/Y (sky130_fd_sc_hd__nor3_1)
   0.1018    0.7634 v core/_1918_/Y (sky130_fd_sc_hd__nand2_1)
   5.2893    6.0527 ^ core/_1923_/Y (sky130_fd_sc_hd__o21ai_0)
   0.8225    6.8752 ^ lsu/_66665_/X (sky130_fd_sc_hd__buf_4)
   0.1442    7.0193 v dcache/_3048_/Y (sky130_fd_sc_hd__a222oi_1)
   0.0861    7.1054 ^ dcache/_3049_/Y (sky130_fd_sc_hd__nand2_1)
   0.0450    7.1504 v dcache/_3050_/Y (sky130_fd_sc_hd__a221oi_1)
   0.2248    7.3753 v dcache/_3051_/X (sky130_fd_sc_hd__and4_1)
   0.0821    7.4574 ^ dcache/_3052_/Y (sky130_fd_sc_hd__nand2_1)
   0.0501    7.5075 v dcache/_3054_/Y (sky130_fd_sc_hd__nor4_1)
   0.2122    7.7196 v dcache/_3055_/X (sky130_fd_sc_hd__and3_1)
   0.0725    7.7922 ^ dcache/mshrs/_0615_/Y (sky130_fd_sc_hd__inv_1)
   0.0576    7.8498 v dcache/mshrs/_0616_/Y (sky130_fd_sc_hd__nor2_1)
   0.1500    7.9997 v dcache/mshrs/_0617_/Y (sky130_fd_sc_hd__a21boi_0)
   0.2412    8.2409 v dcache/mshrs/_0618_/X (sky130_fd_sc_hd__lpflow_inputiso0n_1)
   0.1858    8.4266 ^ dcache/mshrs/_0752_/Y (sky130_fd_sc_hd__a31oi_1)
   0.0689    8.4955 v dcache/mshrs/_0755_/Y (sky130_fd_sc_hd__nand2_1)
   0.2016    8.6972 v dcache/mshrs/_0756_/X (sky130_fd_sc_hd__a22o_1)
   0.1247    8.8219 v dcache/_3057_/X (sky130_fd_sc_hd__lpflow_isobufsrc_1)
   0.1863    9.0082 ^ dcache/_3059_/Y (sky130_fd_sc_hd__nor3b_1)
   0.2445    9.2527 ^ dcache/_3062_/X (sky130_fd_sc_hd__o31a_1)
   0.1380    9.3907 v dcache/_3065_/Y (sky130_fd_sc_hd__nor3_1)
   0.1212    9.5119 ^ dcache/_3066_/Y (sky130_fd_sc_hd__inv_1)
   0.3554    9.8673 ^ dcache/_3614_/X (sky130_fd_sc_hd__lpflow_clkbufkapwr_1)
   0.4437   10.3109 v dcache/_3618_/X (sky130_fd_sc_hd__mux2_2)
   0.1400   10.4509 ^ lsu/_33460_/Y (sky130_fd_sc_hd__nand2b_1)
   0.0821   10.5330 v lsu/_33469_/Y (sky130_fd_sc_hd__nor3_1)
   0.1833   10.7163 v lsu/_33470_/X (sky130_fd_sc_hd__clkbuf_1)
   0.3555   11.0718 ^ lsu/_33474_/Y (sky130_fd_sc_hd__a222oi_1)
   0.1643   11.2360 v lsu/_33475_/Y (sky130_fd_sc_hd__nand4_1)
   0.2337   11.4698 ^ lsu/_33490_/Y (sky130_fd_sc_hd__o21ai_0)
   0.0933   11.5631 v lsu/_33503_/Y (sky130_fd_sc_hd__nand3b_1)
   0.1307   11.6937 ^ lsu/_33504_/Y (sky130_fd_sc_hd__o21ai_0)
   0.1745   11.8682 ^ core/memExeUnit/_195_/X (sky130_fd_sc_hd__buf_4)
   0.2807   12.1488 ^ core/ll_wbarb/_009_/X (sky130_fd_sc_hd__clkbuf_1)
   0.3857   12.5345 ^ core/ll_wbarb/_018_/X (sky130_fd_sc_hd__lpflow_clkbufkapwr_1)
   0.3834   12.9179 v core/ll_wbarb/_028_/X (sky130_fd_sc_hd__mux2_2)
   4.4771   17.3951 ^ core/_3820_/Y (sky130_fd_sc_hd__nor3b_1)
   0.2477   17.6428 v core/rename_stage/busytable/_2390_/Y (sky130_fd_sc_hd__nand2_1)
   0.4968   18.1396 v core/rename_stage/busytable/_2391_/X (sky130_fd_sc_hd__or2_2)
   0.1855   18.3251 v core/rename_stage/busytable/_2392_/X (sky130_fd_sc_hd__lpflow_clkbufkapwr_1)
   0.1527   18.4778 ^ core/rename_stage/busytable/_2432_/Y (sky130_fd_sc_hd__o22ai_1)
   0.0576   18.5354 v core/rename_stage/busytable/_2433_/Y (sky130_fd_sc_hd__nor2_1)
   0.0877   18.6231 ^ core/rename_stage/busytable/_2434_/Y (sky130_fd_sc_hd__o211ai_1)
   0.0811   18.7042 v core/rename_stage/busytable/_2436_/Y (sky130_fd_sc_hd__a21oi_1)
   0.0035   18.7077 v core/rename_stage/busytable/_2578_/D (sky130_fd_sc_hd__dfxtp_1)
            18.7077   data arrival time

  20.0000   20.0000   clock clock (rise edge)
   0.0000   20.0000   clock network delay (ideal)
   0.0000   20.0000   clock reconvergence pessimism
            20.0000 ^ core/rename_stage/busytable/_2578_/CLK (sky130_fd_sc_hd__dfxtp_1)
  -0.1339   19.8661   library setup time
            19.8661   data required time
-------------------------------------------------------------
            19.8661   data required time
           -18.7077   data arrival time
-------------------------------------------------------------
             1.1584   slack (MET)


Startpoint: core/_4046_ (rising edge-triggered flip-flop clocked by clock)
Endpoint: core/int_issue_unit/slots_5/_1039_
          (rising edge-triggered flip-flop clocked by clock)
Path Group: clock
Path Type: max

    Delay      Time   Description
-------------------------------------------------------------
   0.0000    0.0000   clock clock (rise edge)
   0.0000    0.0000   clock network delay (ideal)
   0.0000    0.0000 ^ core/_4046_/CLK (sky130_fd_sc_hd__dfxtp_1)
   0.3440    0.3440 ^ core/_4046_/Q (sky130_fd_sc_hd__dfxtp_1)
   0.0813    0.4254 v core/_1916_/Y (sky130_fd_sc_hd__nand2_1)
   0.2362    0.6616 ^ core/_1917_/Y (sky130_fd_sc_hd__nor3_1)
   0.1018    0.7634 v core/_1918_/Y (sky130_fd_sc_hd__nand2_1)
   5.2893    6.0527 ^ core/_1923_/Y (sky130_fd_sc_hd__o21ai_0)
   0.8225    6.8752 ^ lsu/_66665_/X (sky130_fd_sc_hd__buf_4)
   0.1442    7.0193 v dcache/_3048_/Y (sky130_fd_sc_hd__a222oi_1)
   0.0861    7.1054 ^ dcache/_3049_/Y (sky130_fd_sc_hd__nand2_1)
   0.0450    7.1504 v dcache/_3050_/Y (sky130_fd_sc_hd__a221oi_1)
   0.2248    7.3753 v dcache/_3051_/X (sky130_fd_sc_hd__and4_1)
   0.0821    7.4574 ^ dcache/_3052_/Y (sky130_fd_sc_hd__nand2_1)
   0.0501    7.5075 v dcache/_3054_/Y (sky130_fd_sc_hd__nor4_1)
   0.2122    7.7196 v dcache/_3055_/X (sky130_fd_sc_hd__and3_1)
   0.0725    7.7922 ^ dcache/mshrs/_0615_/Y (sky130_fd_sc_hd__inv_1)
   0.0576    7.8498 v dcache/mshrs/_0616_/Y (sky130_fd_sc_hd__nor2_1)
   0.1500    7.9997 v dcache/mshrs/_0617_/Y (sky130_fd_sc_hd__a21boi_0)
   0.2412    8.2409 v dcache/mshrs/_0618_/X (sky130_fd_sc_hd__lpflow_inputiso0n_1)
   0.1858    8.4266 ^ dcache/mshrs/_0752_/Y (sky130_fd_sc_hd__a31oi_1)
   0.0689    8.4955 v dcache/mshrs/_0755_/Y (sky130_fd_sc_hd__nand2_1)
   0.2016    8.6972 v dcache/mshrs/_0756_/X (sky130_fd_sc_hd__a22o_1)
   0.1247    8.8219 v dcache/_3057_/X (sky130_fd_sc_hd__lpflow_isobufsrc_1)
   0.1863    9.0082 ^ dcache/_3059_/Y (sky130_fd_sc_hd__nor3b_1)
   0.2445    9.2527 ^ dcache/_3062_/X (sky130_fd_sc_hd__o31a_1)
   0.1380    9.3907 v dcache/_3065_/Y (sky130_fd_sc_hd__nor3_1)
   0.1212    9.5119 ^ dcache/_3066_/Y (sky130_fd_sc_hd__inv_1)
   0.3554    9.8673 ^ dcache/_3614_/X (sky130_fd_sc_hd__lpflow_clkbufkapwr_1)
   0.4437   10.3109 v dcache/_3618_/X (sky130_fd_sc_hd__mux2_2)
   0.1400   10.4509 ^ lsu/_33460_/Y (sky130_fd_sc_hd__nand2b_1)
   0.0821   10.5330 v lsu/_33469_/Y (sky130_fd_sc_hd__nor3_1)
   0.3411   10.8740 v lsu/_48005_/X (sky130_fd_sc_hd__a221o_1)
   0.2063   11.0803 ^ lsu/_48006_/Y (sky130_fd_sc_hd__a221oi_1)
   0.1221   11.2024 v lsu/_48007_/Y (sky130_fd_sc_hd__nand4_1)
   0.2141   11.4165 ^ lsu/_48008_/Y (sky130_fd_sc_hd__a221oi_1)
   0.0839   11.5004 v lsu/_48009_/Y (sky130_fd_sc_hd__nand2_1)
   0.0935   11.5939 ^ lsu/_48010_/Y (sky130_fd_sc_hd__o211ai_1)
   0.0946   11.6886 v lsu/_48011_/Y (sky130_fd_sc_hd__o21ai_0)
   0.1936   11.8822 ^ lsu/_48022_/Y (sky130_fd_sc_hd__o21ai_0)
   0.0971   11.9793 v lsu/_48023_/X (sky130_fd_sc_hd__xor2_1)
   0.0746   12.0539 ^ lsu/_48024_/Y (sky130_fd_sc_hd__nand2_1)
   2.8809   14.9348 ^ lsu/_48025_/X (sky130_fd_sc_hd__o41a_1)
   0.5168   15.4516 v core/int_issue_unit/slots_6/_0519_/Y (sky130_fd_sc_hd__o21ai_0)
   0.2136   15.6652 ^ core/int_issue_unit/slots_6/_0525_/Y (sky130_fd_sc_hd__nand2_1)
   0.1594   15.8246 ^ core/int_issue_unit/slots_6/_0628_/X (sky130_fd_sc_hd__lpflow_inputiso0n_1)
   0.0529   15.8775 v core/int_issue_unit/_13833_/Y (sky130_fd_sc_hd__inv_1)
   0.4232   16.3008 v core/int_issue_unit/_13835_/X (sky130_fd_sc_hd__o41a_1)
   0.0596   16.3604 ^ core/int_issue_unit/_13836_/Y (sky130_fd_sc_hd__inv_1)
   0.2479   16.6083 ^ core/int_issue_unit/slots_5/_0487_/X (sky130_fd_sc_hd__clkbuf_1)
   0.3236   16.9319 ^ core/int_issue_unit/slots_5/_0575_/X (sky130_fd_sc_hd__buf_2)
   0.5714   17.5033 ^ core/int_issue_unit/slots_5/_0578_/Y (sky130_fd_sc_hd__mux2i_1)
   0.1649   17.6681 v core/int_issue_unit/slots_5/_0940_/Y (sky130_fd_sc_hd__o22ai_1)
   0.3013   17.9694 ^ core/int_issue_unit/slots_5/_0941_/Y (sky130_fd_sc_hd__a221oi_1)
   0.1513   18.1207 v core/int_issue_unit/slots_5/_0944_/Y (sky130_fd_sc_hd__o2111ai_1)
   0.4448   18.5656 v core/int_issue_unit/slots_5/_0950_/X (sky130_fd_sc_hd__or2_2)
   0.1871   18.7527 ^ core/int_issue_unit/slots_5/_0973_/Y (sky130_fd_sc_hd__a41oi_1)
   0.0035   18.7562 ^ core/int_issue_unit/slots_5/_1039_/D (sky130_fd_sc_hd__dfxtp_1)
            18.7562   data arrival time

  20.0000   20.0000   clock clock (rise edge)
   0.0000   20.0000   clock network delay (ideal)
   0.0000   20.0000   clock reconvergence pessimism
            20.0000 ^ core/int_issue_unit/slots_5/_1039_/CLK (sky130_fd_sc_hd__dfxtp_1)
  -0.0821   19.9179   library setup time
            19.9179   data required time
-------------------------------------------------------------
            19.9179   data required time
           -18.7562   data arrival time
-------------------------------------------------------------
             1.1617   slack (MET)


Startpoint: core/alu_exe_unit/PipelinedMulUnit/imul/_56534_
            (rising edge-triggered flip-flop clocked by clock)
Endpoint: core/alu_exe_unit/PipelinedMulUnit/imul/_56662_
          (rising edge-triggered flip-flop clocked by clock)
Path Group: clock
Path Type: max

    Delay      Time   Description
-------------------------------------------------------------
   0.0000    0.0000   clock clock (rise edge)
   0.0000    0.0000   clock network delay (ideal)
   0.0000    0.0000 ^ core/alu_exe_unit/PipelinedMulUnit/imul/_56534_/CLK (sky130_fd_sc_hd__dfxtp_1)
   0.3800    0.3800 ^ core/alu_exe_unit/PipelinedMulUnit/imul/_56534_/Q (sky130_fd_sc_hd__dfxtp_1)
   0.2608    0.6408 ^ core/alu_exe_unit/PipelinedMulUnit/imul/_28773_/X (sky130_fd_sc_hd__clkbuf_1)
   0.1282    0.7691 v core/alu_exe_unit/PipelinedMulUnit/imul/_38772_/Y (sky130_fd_sc_hd__nand2_1)
   0.4064    1.1755 v core/alu_exe_unit/PipelinedMulUnit/imul/_38820_/X (sky130_fd_sc_hd__xor3_1)
   0.3651    1.5405 v core/alu_exe_unit/PipelinedMulUnit/imul/_38822_/X (sky130_fd_sc_hd__maj3_1)
   0.2861    1.8266 ^ core/alu_exe_unit/PipelinedMulUnit/imul/_38824_/X (sky130_fd_sc_hd__xor2_1)
   0.1517    1.9783 v core/alu_exe_unit/PipelinedMulUnit/imul/_38826_/Y (sky130_fd_sc_hd__o21ai_0)
   0.3985    2.3767 v core/alu_exe_unit/PipelinedMulUnit/imul/_38829_/X (sky130_fd_sc_hd__maj3_1)
   0.3902    2.7670 v core/alu_exe_unit/PipelinedMulUnit/imul/_38866_/X (sky130_fd_sc_hd__xor3_1)
   0.2564    3.0233 ^ core/alu_exe_unit/PipelinedMulUnit/imul/_38903_/Y (sky130_fd_sc_hd__xnor2_1)
   0.6499    3.6732 v core/alu_exe_unit/PipelinedMulUnit/imul/_38936_/X (sky130_fd_sc_hd__or4b_2)
   0.3847    4.0579 v core/alu_exe_unit/PipelinedMulUnit/imul/_38942_/X (sky130_fd_sc_hd__maj3_1)
   0.1892    4.2471 v core/alu_exe_unit/PipelinedMulUnit/imul/_38943_/X (sky130_fd_sc_hd__xor2_1)
   0.2183    4.4654 ^ core/alu_exe_unit/PipelinedMulUnit/imul/_38974_/Y (sky130_fd_sc_hd__o21ai_0)
   0.2184    4.6838 ^ core/alu_exe_unit/PipelinedMulUnit/imul/_38975_/X (sky130_fd_sc_hd__xor2_1)
   0.1069    4.7907 v core/alu_exe_unit/PipelinedMulUnit/imul/_38999_/Y (sky130_fd_sc_hd__a22oi_1)
   0.2202    5.0109 v core/alu_exe_unit/PipelinedMulUnit/imul/_39001_/X (sky130_fd_sc_hd__o21ba_2)
   0.2250    5.2359 ^ core/alu_exe_unit/PipelinedMulUnit/imul/_39003_/Y (sky130_fd_sc_hd__o21ai_0)
   0.1331    5.3690 v core/alu_exe_unit/PipelinedMulUnit/imul/_39006_/Y (sky130_fd_sc_hd__a31oi_1)
   0.1981    5.5671 ^ core/alu_exe_unit/PipelinedMulUnit/imul/_39008_/Y (sky130_fd_sc_hd__o21ai_0)
   0.1093    5.6764 v core/alu_exe_unit/PipelinedMulUnit/imul/_39011_/Y (sky130_fd_sc_hd__a21oi_1)
   0.1624    5.8388 ^ core/alu_exe_unit/PipelinedMulUnit/imul/_39014_/Y (sky130_fd_sc_hd__o211ai_1)
   0.1411    5.9799 v core/alu_exe_unit/PipelinedMulUnit/imul/_39015_/Y (sky130_fd_sc_hd__a32oi_1)
   0.3068    6.2867 ^ core/alu_exe_unit/PipelinedMulUnit/imul/_39020_/Y (sky130_fd_sc_hd__o21ai_0)
   0.1290    6.4157 v core/alu_exe_unit/PipelinedMulUnit/imul/_39025_/Y (sky130_fd_sc_hd__a31oi_1)
   0.2818    6.6975 ^ core/alu_exe_unit/PipelinedMulUnit/imul/_39030_/Y (sky130_fd_sc_hd__o31ai_1)
   0.1290    6.8265 v core/alu_exe_unit/PipelinedMulUnit/imul/_39033_/Y (sky130_fd_sc_hd__a211oi_1)
   0.3674    7.1939 v core/alu_exe_unit/PipelinedMulUnit/imul/_39034_/X (sky130_fd_sc_hd__or3_1)
   0.4485    7.6424 ^ core/alu_exe_unit/PipelinedMulUnit/imul/_39039_/Y (sky130_fd_sc_hd__a311oi_1)
   0.2929    7.9354 v core/alu_exe_unit/PipelinedMulUnit/imul/_39046_/Y (sky130_fd_sc_hd__o311ai_0)
   0.4416    8.3769 v core/alu_exe_unit/PipelinedMulUnit/imul/_39050_/X (sky130_fd_sc_hd__a311o_1)
   0.4018    8.7788 v core/alu_exe_unit/PipelinedMulUnit/imul/_39053_/X (sky130_fd_sc_hd__a311o_1)
   0.3261    9.1048 ^ core/alu_exe_unit/PipelinedMulUnit/imul/_39058_/Y (sky130_fd_sc_hd__a211oi_1)
   0.1802    9.2850 ^ core/alu_exe_unit/PipelinedMulUnit/imul/_39061_/X (sky130_fd_sc_hd__o311a_1)
   0.1879    9.4729 v core/alu_exe_unit/PipelinedMulUnit/imul/_39065_/Y (sky130_fd_sc_hd__o311ai_0)
   0.4067    9.8795 v core/alu_exe_unit/PipelinedMulUnit/imul/_39071_/X (sky130_fd_sc_hd__a311o_1)
   0.3788   10.2583 v core/alu_exe_unit/PipelinedMulUnit/imul/_39077_/X (sky130_fd_sc_hd__a311o_1)
   0.4016   10.6599 v core/alu_exe_unit/PipelinedMulUnit/imul/_39082_/X (sky130_fd_sc_hd__a311o_1)
   0.3965   11.0564 ^ core/alu_exe_unit/PipelinedMulUnit/imul/_39086_/Y (sky130_fd_sc_hd__a311oi_1)
   0.2135   11.2699 ^ core/alu_exe_unit/PipelinedMulUnit/imul/_39298_/X (sky130_fd_sc_hd__o311a_1)
   0.1079   11.3777 v core/alu_exe_unit/PipelinedMulUnit/imul/_39443_/Y (sky130_fd_sc_hd__a21oi_1)
   0.2058   11.5836 v core/alu_exe_unit/PipelinedMulUnit/imul/_39667_/Y (sky130_fd_sc_hd__nand4b_1)
   0.4430   12.0266 ^ core/alu_exe_unit/PipelinedMulUnit/imul/_40064_/Y (sky130_fd_sc_hd__a2111oi_0)
   0.2368   12.2634 ^ core/alu_exe_unit/PipelinedMulUnit/imul/_40737_/X (sky130_fd_sc_hd__o311a_1)
   0.1218   12.3852 v core/alu_exe_unit/PipelinedMulUnit/imul/_41070_/Y (sky130_fd_sc_hd__o21ai_0)
   0.3555   12.7407 v core/alu_exe_unit/PipelinedMulUnit/imul/_41755_/X (sky130_fd_sc_hd__a311o_1)
   0.3717   13.1123 ^ core/alu_exe_unit/PipelinedMulUnit/imul/_42422_/Y (sky130_fd_sc_hd__a311oi_1)
   0.2787   13.3910 v core/alu_exe_unit/PipelinedMulUnit/imul/_43094_/Y (sky130_fd_sc_hd__o311ai_0)
   0.4261   13.8172 ^ core/alu_exe_unit/PipelinedMulUnit/imul/_43747_/Y (sky130_fd_sc_hd__a311oi_1)
   0.2789   14.0960 v core/alu_exe_unit/PipelinedMulUnit/imul/_44418_/Y (sky130_fd_sc_hd__o311ai_0)
   0.3923   14.4883 ^ core/alu_exe_unit/PipelinedMulUnit/imul/_45071_/Y (sky130_fd_sc_hd__a311oi_1)
   0.2533   14.7417 ^ core/alu_exe_unit/PipelinedMulUnit/imul/_47260_/X (sky130_fd_sc_hd__and4_1)
   0.1376   14.8793 v core/alu_exe_unit/PipelinedMulUnit/imul/_49521_/Y (sky130_fd_sc_hd__o2111ai_1)
   0.2181   15.0974 ^ core/alu_exe_unit/PipelinedMulUnit/imul/_49782_/Y (sky130_fd_sc_hd__a21oi_1)
   0.1502   15.2476 v core/alu_exe_unit/PipelinedMulUnit/imul/_50316_/Y (sky130_fd_sc_hd__o21ai_0)
   0.2060   15.4535 ^ core/alu_exe_unit/PipelinedMulUnit/imul/_50858_/Y (sky130_fd_sc_hd__a21oi_1)
   0.2219   15.6754 ^ core/alu_exe_unit/PipelinedMulUnit/imul/_50871_/X (sky130_fd_sc_hd__o311a_1)
   0.1970   15.8724 ^ core/alu_exe_unit/PipelinedMulUnit/imul/_51630_/X (sky130_fd_sc_hd__o311a_1)
   0.1995   16.0718 ^ core/alu_exe_unit/PipelinedMulUnit/imul/_52120_/X (sky130_fd_sc_hd__o211a_1)
   0.2333   16.3052 ^ core/alu_exe_unit/PipelinedMulUnit/imul/_52797_/X (sky130_fd_sc_hd__o311a_1)
   0.2151   16.5203 ^ core/alu_exe_unit/PipelinedMulUnit/imul/_53467_/X (sky130_fd_sc_hd__o311a_1)
   0.1338   16.6541 v core/alu_exe_unit/PipelinedMulUnit/imul/_53881_/Y (sky130_fd_sc_hd__o211ai_1)
   0.2615   16.9156 ^ core/alu_exe_unit/PipelinedMulUnit/imul/_54311_/Y (sky130_fd_sc_hd__a211oi_1)
   0.2108   17.1265 ^ core/alu_exe_unit/PipelinedMulUnit/imul/_54711_/X (sky130_fd_sc_hd__o311a_1)
   0.1486   17.2751 v core/alu_exe_unit/PipelinedMulUnit/imul/_55083_/Y (sky130_fd_sc_hd__o311ai_0)
   0.2539   17.5290 ^ core/alu_exe_unit/PipelinedMulUnit/imul/_55256_/Y (sky130_fd_sc_hd__a21boi_0)
   0.1540   17.6831 v core/alu_exe_unit/PipelinedMulUnit/imul/_55416_/Y (sky130_fd_sc_hd__o21ai_0)
   0.2153   17.8984 ^ core/alu_exe_unit/PipelinedMulUnit/imul/_55595_/Y (sky130_fd_sc_hd__a21boi_0)
   0.1388   18.0372 v core/alu_exe_unit/PipelinedMulUnit/imul/_55748_/Y (sky130_fd_sc_hd__o21ai_0)
   0.2472   18.2844 ^ core/alu_exe_unit/PipelinedMulUnit/imul/_55916_/Y (sky130_fd_sc_hd__a21boi_0)
   0.1715   18.4559 ^ core/alu_exe_unit/PipelinedMulUnit/imul/_56071_/X (sky130_fd_sc_hd__o21a_1)
   0.0780   18.5339 v core/alu_exe_unit/PipelinedMulUnit/imul/_56072_/Y (sky130_fd_sc_hd__o21ai_0)
   0.0962   18.6301 ^ core/alu_exe_unit/PipelinedMulUnit/imul/_56076_/Y (sky130_fd_sc_hd__nand3_1)
   0.0706   18.7008 v core/alu_exe_unit/PipelinedMulUnit/imul/_56077_/Y (sky130_fd_sc_hd__o21ai_0)
   0.0035   18.7043 v core/alu_exe_unit/PipelinedMulUnit/imul/_56662_/D (sky130_fd_sc_hd__dfxtp_1)
            18.7043   data arrival time

  20.0000   20.0000   clock clock (rise edge)
   0.0000   20.0000   clock network delay (ideal)
   0.0000   20.0000   clock reconvergence pessimism
            20.0000 ^ core/alu_exe_unit/PipelinedMulUnit/imul/_56662_/CLK (sky130_fd_sc_hd__dfxtp_1)
  -0.1306   19.8694   library setup time
            19.8694   data required time
-------------------------------------------------------------
            19.8694   data required time
           -18.7043   data arrival time
-------------------------------------------------------------
             1.1652   slack (MET)


Startpoint: core/_4046_ (rising edge-triggered flip-flop clocked by clock)
Endpoint: core/rename_stage/busytable/_2514_
          (rising edge-triggered flip-flop clocked by clock)
Path Group: clock
Path Type: max

    Delay      Time   Description
-------------------------------------------------------------
   0.0000    0.0000   clock clock (rise edge)
   0.0000    0.0000   clock network delay (ideal)
   0.0000    0.0000 ^ core/_4046_/CLK (sky130_fd_sc_hd__dfxtp_1)
   0.3440    0.3440 ^ core/_4046_/Q (sky130_fd_sc_hd__dfxtp_1)
   0.0813    0.4254 v core/_1916_/Y (sky130_fd_sc_hd__nand2_1)
   0.2362    0.6616 ^ core/_1917_/Y (sky130_fd_sc_hd__nor3_1)
   0.1018    0.7634 v core/_1918_/Y (sky130_fd_sc_hd__nand2_1)
   5.2893    6.0527 ^ core/_1923_/Y (sky130_fd_sc_hd__o21ai_0)
   0.8225    6.8752 ^ lsu/_66665_/X (sky130_fd_sc_hd__buf_4)
   0.1442    7.0193 v dcache/_3048_/Y (sky130_fd_sc_hd__a222oi_1)
   0.0861    7.1054 ^ dcache/_3049_/Y (sky130_fd_sc_hd__nand2_1)
   0.0450    7.1504 v dcache/_3050_/Y (sky130_fd_sc_hd__a221oi_1)
   0.2248    7.3753 v dcache/_3051_/X (sky130_fd_sc_hd__and4_1)
   0.0821    7.4574 ^ dcache/_3052_/Y (sky130_fd_sc_hd__nand2_1)
   0.0501    7.5075 v dcache/_3054_/Y (sky130_fd_sc_hd__nor4_1)
   0.2122    7.7196 v dcache/_3055_/X (sky130_fd_sc_hd__and3_1)
   0.0725    7.7922 ^ dcache/mshrs/_0615_/Y (sky130_fd_sc_hd__inv_1)
   0.0576    7.8498 v dcache/mshrs/_0616_/Y (sky130_fd_sc_hd__nor2_1)
   0.1500    7.9997 v dcache/mshrs/_0617_/Y (sky130_fd_sc_hd__a21boi_0)
   0.2412    8.2409 v dcache/mshrs/_0618_/X (sky130_fd_sc_hd__lpflow_inputiso0n_1)
   0.1858    8.4266 ^ dcache/mshrs/_0752_/Y (sky130_fd_sc_hd__a31oi_1)
   0.0689    8.4955 v dcache/mshrs/_0755_/Y (sky130_fd_sc_hd__nand2_1)
   0.2016    8.6972 v dcache/mshrs/_0756_/X (sky130_fd_sc_hd__a22o_1)
   0.1247    8.8219 v dcache/_3057_/X (sky130_fd_sc_hd__lpflow_isobufsrc_1)
   0.1863    9.0082 ^ dcache/_3059_/Y (sky130_fd_sc_hd__nor3b_1)
   0.2445    9.2527 ^ dcache/_3062_/X (sky130_fd_sc_hd__o31a_1)
   0.1380    9.3907 v dcache/_3065_/Y (sky130_fd_sc_hd__nor3_1)
   0.1212    9.5119 ^ dcache/_3066_/Y (sky130_fd_sc_hd__inv_1)
   0.3554    9.8673 ^ dcache/_3614_/X (sky130_fd_sc_hd__lpflow_clkbufkapwr_1)
   0.4437   10.3109 v dcache/_3618_/X (sky130_fd_sc_hd__mux2_2)
   0.1400   10.4509 ^ lsu/_33460_/Y (sky130_fd_sc_hd__nand2b_1)
   0.0821   10.5330 v lsu/_33469_/Y (sky130_fd_sc_hd__nor3_1)
   0.1833   10.7163 v lsu/_33470_/X (sky130_fd_sc_hd__clkbuf_1)
   0.3555   11.0718 ^ lsu/_33474_/Y (sky130_fd_sc_hd__a222oi_1)
   0.1643   11.2360 v lsu/_33475_/Y (sky130_fd_sc_hd__nand4_1)
   0.2337   11.4698 ^ lsu/_33490_/Y (sky130_fd_sc_hd__o21ai_0)
   0.0933   11.5631 v lsu/_33503_/Y (sky130_fd_sc_hd__nand3b_1)
   0.1307   11.6937 ^ lsu/_33504_/Y (sky130_fd_sc_hd__o21ai_0)
   0.1745   11.8682 ^ core/memExeUnit/_195_/X (sky130_fd_sc_hd__buf_4)
   0.2807   12.1488 ^ core/ll_wbarb/_009_/X (sky130_fd_sc_hd__clkbuf_1)
   0.3857   12.5345 ^ core/ll_wbarb/_018_/X (sky130_fd_sc_hd__lpflow_clkbufkapwr_1)
   0.3834   12.9179 v core/ll_wbarb/_028_/X (sky130_fd_sc_hd__mux2_2)
   4.4771   17.3951 ^ core/_3820_/Y (sky130_fd_sc_hd__nor3b_1)
   0.5647   17.9598 v core/rename_stage/busytable/_1525_/X (sky130_fd_sc_hd__or3b_2)
   0.1530   18.1128 v core/rename_stage/busytable/_1526_/X (sky130_fd_sc_hd__clkbuf_1)
   0.1987   18.3115 v core/rename_stage/busytable/_1527_/X (sky130_fd_sc_hd__clkbuf_1)
   0.1410   18.4526 ^ core/rename_stage/busytable/_1643_/Y (sky130_fd_sc_hd__o22ai_1)
   0.0669   18.5195 v core/rename_stage/busytable/_1649_/Y (sky130_fd_sc_hd__nor2_1)
   0.0879   18.6074 ^ core/rename_stage/busytable/_1650_/Y (sky130_fd_sc_hd__o211ai_1)
   0.0811   18.6885 v core/rename_stage/busytable/_1659_/Y (sky130_fd_sc_hd__a21oi_1)
   0.0035   18.6920 v core/rename_stage/busytable/_2514_/D (sky130_fd_sc_hd__dfxtp_1)
            18.6920   data arrival time

  20.0000   20.0000   clock clock (rise edge)
   0.0000   20.0000   clock network delay (ideal)
   0.0000   20.0000   clock reconvergence pessimism
            20.0000 ^ core/rename_stage/busytable/_2514_/CLK (sky130_fd_sc_hd__dfxtp_1)
  -0.1339   19.8661   library setup time
            19.8661   data required time
-------------------------------------------------------------
            19.8661   data required time
           -18.6920   data arrival time
-------------------------------------------------------------
             1.1741   slack (MET)


Startpoint: core/_4046_ (rising edge-triggered flip-flop clocked by clock)
Endpoint: core/rename_stage/busytable/_2580_
          (rising edge-triggered flip-flop clocked by clock)
Path Group: clock
Path Type: max

    Delay      Time   Description
-------------------------------------------------------------
   0.0000    0.0000   clock clock (rise edge)
   0.0000    0.0000   clock network delay (ideal)
   0.0000    0.0000 ^ core/_4046_/CLK (sky130_fd_sc_hd__dfxtp_1)
   0.3440    0.3440 ^ core/_4046_/Q (sky130_fd_sc_hd__dfxtp_1)
   0.0813    0.4254 v core/_1916_/Y (sky130_fd_sc_hd__nand2_1)
   0.2362    0.6616 ^ core/_1917_/Y (sky130_fd_sc_hd__nor3_1)
   0.1018    0.7634 v core/_1918_/Y (sky130_fd_sc_hd__nand2_1)
   5.2893    6.0527 ^ core/_1923_/Y (sky130_fd_sc_hd__o21ai_0)
   0.8225    6.8752 ^ lsu/_66665_/X (sky130_fd_sc_hd__buf_4)
   0.1442    7.0193 v dcache/_3048_/Y (sky130_fd_sc_hd__a222oi_1)
   0.0861    7.1054 ^ dcache/_3049_/Y (sky130_fd_sc_hd__nand2_1)
   0.0450    7.1504 v dcache/_3050_/Y (sky130_fd_sc_hd__a221oi_1)
   0.2248    7.3753 v dcache/_3051_/X (sky130_fd_sc_hd__and4_1)
   0.0821    7.4574 ^ dcache/_3052_/Y (sky130_fd_sc_hd__nand2_1)
   0.0501    7.5075 v dcache/_3054_/Y (sky130_fd_sc_hd__nor4_1)
   0.2122    7.7196 v dcache/_3055_/X (sky130_fd_sc_hd__and3_1)
   0.0725    7.7922 ^ dcache/mshrs/_0615_/Y (sky130_fd_sc_hd__inv_1)
   0.0576    7.8498 v dcache/mshrs/_0616_/Y (sky130_fd_sc_hd__nor2_1)
   0.1500    7.9997 v dcache/mshrs/_0617_/Y (sky130_fd_sc_hd__a21boi_0)
   0.2412    8.2409 v dcache/mshrs/_0618_/X (sky130_fd_sc_hd__lpflow_inputiso0n_1)
   0.1858    8.4266 ^ dcache/mshrs/_0752_/Y (sky130_fd_sc_hd__a31oi_1)
   0.0689    8.4955 v dcache/mshrs/_0755_/Y (sky130_fd_sc_hd__nand2_1)
   0.2016    8.6972 v dcache/mshrs/_0756_/X (sky130_fd_sc_hd__a22o_1)
   0.1247    8.8219 v dcache/_3057_/X (sky130_fd_sc_hd__lpflow_isobufsrc_1)
   0.1863    9.0082 ^ dcache/_3059_/Y (sky130_fd_sc_hd__nor3b_1)
   0.2445    9.2527 ^ dcache/_3062_/X (sky130_fd_sc_hd__o31a_1)
   0.1380    9.3907 v dcache/_3065_/Y (sky130_fd_sc_hd__nor3_1)
   0.1212    9.5119 ^ dcache/_3066_/Y (sky130_fd_sc_hd__inv_1)
   0.3554    9.8673 ^ dcache/_3614_/X (sky130_fd_sc_hd__lpflow_clkbufkapwr_1)
   0.4437   10.3109 v dcache/_3618_/X (sky130_fd_sc_hd__mux2_2)
   0.1400   10.4509 ^ lsu/_33460_/Y (sky130_fd_sc_hd__nand2b_1)
   0.0821   10.5330 v lsu/_33469_/Y (sky130_fd_sc_hd__nor3_1)
   0.1833   10.7163 v lsu/_33470_/X (sky130_fd_sc_hd__clkbuf_1)
   0.3555   11.0718 ^ lsu/_33474_/Y (sky130_fd_sc_hd__a222oi_1)
   0.1643   11.2360 v lsu/_33475_/Y (sky130_fd_sc_hd__nand4_1)
   0.2337   11.4698 ^ lsu/_33490_/Y (sky130_fd_sc_hd__o21ai_0)
   0.0933   11.5631 v lsu/_33503_/Y (sky130_fd_sc_hd__nand3b_1)
   0.1307   11.6937 ^ lsu/_33504_/Y (sky130_fd_sc_hd__o21ai_0)
   0.1745   11.8682 ^ core/memExeUnit/_195_/X (sky130_fd_sc_hd__buf_4)
   0.2807   12.1488 ^ core/ll_wbarb/_009_/X (sky130_fd_sc_hd__clkbuf_1)
   0.3857   12.5345 ^ core/ll_wbarb/_018_/X (sky130_fd_sc_hd__lpflow_clkbufkapwr_1)
   0.3834   12.9179 v core/ll_wbarb/_028_/X (sky130_fd_sc_hd__mux2_2)
   4.4771   17.3951 ^ core/_3820_/Y (sky130_fd_sc_hd__nor3b_1)
   0.2477   17.6428 v core/rename_stage/busytable/_2390_/Y (sky130_fd_sc_hd__nand2_1)
   0.4968   18.1396 v core/rename_stage/busytable/_2391_/X (sky130_fd_sc_hd__or2_2)
   0.1855   18.3251 v core/rename_stage/busytable/_2392_/X (sky130_fd_sc_hd__lpflow_clkbufkapwr_1)
   0.1527   18.4778 ^ core/rename_stage/busytable/_2446_/Y (sky130_fd_sc_hd__o22ai_1)
   0.0575   18.5352 v core/rename_stage/busytable/_2447_/Y (sky130_fd_sc_hd__nor2_1)
   0.0774   18.6126 ^ core/rename_stage/busytable/_2448_/Y (sky130_fd_sc_hd__nand3_1)
   0.0588   18.6715 v core/rename_stage/busytable/_2450_/Y (sky130_fd_sc_hd__a21oi_1)
   0.0035   18.6749 v core/rename_stage/busytable/_2580_/D (sky130_fd_sc_hd__dfxtp_1)
            18.6749   data arrival time

  20.0000   20.0000   clock clock (rise edge)
   0.0000   20.0000   clock network delay (ideal)
   0.0000   20.0000   clock reconvergence pessimism
            20.0000 ^ core/rename_stage/busytable/_2580_/CLK (sky130_fd_sc_hd__dfxtp_1)
  -0.1339   19.8661   library setup time
            19.8661   data required time
-------------------------------------------------------------
            19.8661   data required time
           -18.6749   data arrival time
-------------------------------------------------------------
             1.1912   slack (MET)


Startpoint: core/_4046_ (rising edge-triggered flip-flop clocked by clock)
Endpoint: core/rename_stage/busytable/_2518_
          (rising edge-triggered flip-flop clocked by clock)
Path Group: clock
Path Type: max

    Delay      Time   Description
-------------------------------------------------------------
   0.0000    0.0000   clock clock (rise edge)
   0.0000    0.0000   clock network delay (ideal)
   0.0000    0.0000 ^ core/_4046_/CLK (sky130_fd_sc_hd__dfxtp_1)
   0.3440    0.3440 ^ core/_4046_/Q (sky130_fd_sc_hd__dfxtp_1)
   0.0813    0.4254 v core/_1916_/Y (sky130_fd_sc_hd__nand2_1)
   0.2362    0.6616 ^ core/_1917_/Y (sky130_fd_sc_hd__nor3_1)
   0.1018    0.7634 v core/_1918_/Y (sky130_fd_sc_hd__nand2_1)
   5.2893    6.0527 ^ core/_1923_/Y (sky130_fd_sc_hd__o21ai_0)
   0.8225    6.8752 ^ lsu/_66665_/X (sky130_fd_sc_hd__buf_4)
   0.1442    7.0193 v dcache/_3048_/Y (sky130_fd_sc_hd__a222oi_1)
   0.0861    7.1054 ^ dcache/_3049_/Y (sky130_fd_sc_hd__nand2_1)
   0.0450    7.1504 v dcache/_3050_/Y (sky130_fd_sc_hd__a221oi_1)
   0.2248    7.3753 v dcache/_3051_/X (sky130_fd_sc_hd__and4_1)
   0.0821    7.4574 ^ dcache/_3052_/Y (sky130_fd_sc_hd__nand2_1)
   0.0501    7.5075 v dcache/_3054_/Y (sky130_fd_sc_hd__nor4_1)
   0.2122    7.7196 v dcache/_3055_/X (sky130_fd_sc_hd__and3_1)
   0.0725    7.7922 ^ dcache/mshrs/_0615_/Y (sky130_fd_sc_hd__inv_1)
   0.0576    7.8498 v dcache/mshrs/_0616_/Y (sky130_fd_sc_hd__nor2_1)
   0.1500    7.9997 v dcache/mshrs/_0617_/Y (sky130_fd_sc_hd__a21boi_0)
   0.2412    8.2409 v dcache/mshrs/_0618_/X (sky130_fd_sc_hd__lpflow_inputiso0n_1)
   0.1858    8.4266 ^ dcache/mshrs/_0752_/Y (sky130_fd_sc_hd__a31oi_1)
   0.0689    8.4955 v dcache/mshrs/_0755_/Y (sky130_fd_sc_hd__nand2_1)
   0.2016    8.6972 v dcache/mshrs/_0756_/X (sky130_fd_sc_hd__a22o_1)
   0.1247    8.8219 v dcache/_3057_/X (sky130_fd_sc_hd__lpflow_isobufsrc_1)
   0.1863    9.0082 ^ dcache/_3059_/Y (sky130_fd_sc_hd__nor3b_1)
   0.2445    9.2527 ^ dcache/_3062_/X (sky130_fd_sc_hd__o31a_1)
   0.1380    9.3907 v dcache/_3065_/Y (sky130_fd_sc_hd__nor3_1)
   0.1212    9.5119 ^ dcache/_3066_/Y (sky130_fd_sc_hd__inv_1)
   0.3554    9.8673 ^ dcache/_3614_/X (sky130_fd_sc_hd__lpflow_clkbufkapwr_1)
   0.4437   10.3109 v dcache/_3618_/X (sky130_fd_sc_hd__mux2_2)
   0.1400   10.4509 ^ lsu/_33460_/Y (sky130_fd_sc_hd__nand2b_1)
   0.0821   10.5330 v lsu/_33469_/Y (sky130_fd_sc_hd__nor3_1)
   0.1833   10.7163 v lsu/_33470_/X (sky130_fd_sc_hd__clkbuf_1)
   0.3555   11.0718 ^ lsu/_33474_/Y (sky130_fd_sc_hd__a222oi_1)
   0.1643   11.2360 v lsu/_33475_/Y (sky130_fd_sc_hd__nand4_1)
   0.2337   11.4698 ^ lsu/_33490_/Y (sky130_fd_sc_hd__o21ai_0)
   0.0933   11.5631 v lsu/_33503_/Y (sky130_fd_sc_hd__nand3b_1)
   0.1307   11.6937 ^ lsu/_33504_/Y (sky130_fd_sc_hd__o21ai_0)
   0.1745   11.8682 ^ core/memExeUnit/_195_/X (sky130_fd_sc_hd__buf_4)
   0.2807   12.1488 ^ core/ll_wbarb/_009_/X (sky130_fd_sc_hd__clkbuf_1)
   0.3857   12.5345 ^ core/ll_wbarb/_018_/X (sky130_fd_sc_hd__lpflow_clkbufkapwr_1)
   0.3834   12.9179 v core/ll_wbarb/_028_/X (sky130_fd_sc_hd__mux2_2)
   4.4771   17.3951 ^ core/_3820_/Y (sky130_fd_sc_hd__nor3b_1)
   0.5647   17.9598 v core/rename_stage/busytable/_1525_/X (sky130_fd_sc_hd__or3b_2)
   0.1530   18.1128 v core/rename_stage/busytable/_1526_/X (sky130_fd_sc_hd__clkbuf_1)
   0.1987   18.3115 v core/rename_stage/busytable/_1527_/X (sky130_fd_sc_hd__clkbuf_1)
   0.1412   18.4527 ^ core/rename_stage/busytable/_1743_/Y (sky130_fd_sc_hd__o22ai_1)
   0.0587   18.5113 v core/rename_stage/busytable/_1744_/Y (sky130_fd_sc_hd__a21oi_1)
   0.0956   18.6070 ^ core/rename_stage/busytable/_1745_/Y (sky130_fd_sc_hd__nand3_1)
   0.0594   18.6663 v core/rename_stage/busytable/_1755_/Y (sky130_fd_sc_hd__a21oi_1)
   0.0035   18.6698 v core/rename_stage/busytable/_2518_/D (sky130_fd_sc_hd__dfxtp_1)
            18.6698   data arrival time

  20.0000   20.0000   clock clock (rise edge)
   0.0000   20.0000   clock network delay (ideal)
   0.0000   20.0000   clock reconvergence pessimism
            20.0000 ^ core/rename_stage/busytable/_2518_/CLK (sky130_fd_sc_hd__dfxtp_1)
  -0.1339   19.8661   library setup time
            19.8661   data required time
-------------------------------------------------------------
            19.8661   data required time
           -18.6698   data arrival time
-------------------------------------------------------------
             1.1963   slack (MET)


Startpoint: core/_4046_ (rising edge-triggered flip-flop clocked by clock)
Endpoint: core/rename_stage/busytable/_2541_
          (rising edge-triggered flip-flop clocked by clock)
Path Group: clock
Path Type: max

    Delay      Time   Description
-------------------------------------------------------------
   0.0000    0.0000   clock clock (rise edge)
   0.0000    0.0000   clock network delay (ideal)
   0.0000    0.0000 ^ core/_4046_/CLK (sky130_fd_sc_hd__dfxtp_1)
   0.3440    0.3440 ^ core/_4046_/Q (sky130_fd_sc_hd__dfxtp_1)
   0.0813    0.4254 v core/_1916_/Y (sky130_fd_sc_hd__nand2_1)
   0.2362    0.6616 ^ core/_1917_/Y (sky130_fd_sc_hd__nor3_1)
   0.1018    0.7634 v core/_1918_/Y (sky130_fd_sc_hd__nand2_1)
   5.2893    6.0527 ^ core/_1923_/Y (sky130_fd_sc_hd__o21ai_0)
   0.8225    6.8752 ^ lsu/_66665_/X (sky130_fd_sc_hd__buf_4)
   0.1442    7.0193 v dcache/_3048_/Y (sky130_fd_sc_hd__a222oi_1)
   0.0861    7.1054 ^ dcache/_3049_/Y (sky130_fd_sc_hd__nand2_1)
   0.0450    7.1504 v dcache/_3050_/Y (sky130_fd_sc_hd__a221oi_1)
   0.2248    7.3753 v dcache/_3051_/X (sky130_fd_sc_hd__and4_1)
   0.0821    7.4574 ^ dcache/_3052_/Y (sky130_fd_sc_hd__nand2_1)
   0.0501    7.5075 v dcache/_3054_/Y (sky130_fd_sc_hd__nor4_1)
   0.2122    7.7196 v dcache/_3055_/X (sky130_fd_sc_hd__and3_1)
   0.0725    7.7922 ^ dcache/mshrs/_0615_/Y (sky130_fd_sc_hd__inv_1)
   0.0576    7.8498 v dcache/mshrs/_0616_/Y (sky130_fd_sc_hd__nor2_1)
   0.1500    7.9997 v dcache/mshrs/_0617_/Y (sky130_fd_sc_hd__a21boi_0)
   0.2412    8.2409 v dcache/mshrs/_0618_/X (sky130_fd_sc_hd__lpflow_inputiso0n_1)
   0.1858    8.4266 ^ dcache/mshrs/_0752_/Y (sky130_fd_sc_hd__a31oi_1)
   0.0689    8.4955 v dcache/mshrs/_0755_/Y (sky130_fd_sc_hd__nand2_1)
   0.2016    8.6972 v dcache/mshrs/_0756_/X (sky130_fd_sc_hd__a22o_1)
   0.1247    8.8219 v dcache/_3057_/X (sky130_fd_sc_hd__lpflow_isobufsrc_1)
   0.1863    9.0082 ^ dcache/_3059_/Y (sky130_fd_sc_hd__nor3b_1)
   0.2445    9.2527 ^ dcache/_3062_/X (sky130_fd_sc_hd__o31a_1)
   0.1380    9.3907 v dcache/_3065_/Y (sky130_fd_sc_hd__nor3_1)
   0.1212    9.5119 ^ dcache/_3066_/Y (sky130_fd_sc_hd__inv_1)
   0.3554    9.8673 ^ dcache/_3614_/X (sky130_fd_sc_hd__lpflow_clkbufkapwr_1)
   0.4437   10.3109 v dcache/_3618_/X (sky130_fd_sc_hd__mux2_2)
   0.1400   10.4509 ^ lsu/_33460_/Y (sky130_fd_sc_hd__nand2b_1)
   0.0821   10.5330 v lsu/_33469_/Y (sky130_fd_sc_hd__nor3_1)
   0.1833   10.7163 v lsu/_33470_/X (sky130_fd_sc_hd__clkbuf_1)
   0.3555   11.0718 ^ lsu/_33474_/Y (sky130_fd_sc_hd__a222oi_1)
   0.1643   11.2360 v lsu/_33475_/Y (sky130_fd_sc_hd__nand4_1)
   0.2337   11.4698 ^ lsu/_33490_/Y (sky130_fd_sc_hd__o21ai_0)
   0.0933   11.5631 v lsu/_33503_/Y (sky130_fd_sc_hd__nand3b_1)
   0.1307   11.6937 ^ lsu/_33504_/Y (sky130_fd_sc_hd__o21ai_0)
   0.1745   11.8682 ^ core/memExeUnit/_195_/X (sky130_fd_sc_hd__buf_4)
   0.2807   12.1488 ^ core/ll_wbarb/_009_/X (sky130_fd_sc_hd__clkbuf_1)
   0.3857   12.5345 ^ core/ll_wbarb/_018_/X (sky130_fd_sc_hd__lpflow_clkbufkapwr_1)
   0.3834   12.9179 v core/ll_wbarb/_028_/X (sky130_fd_sc_hd__mux2_2)
   4.4771   17.3951 ^ core/_3820_/Y (sky130_fd_sc_hd__nor3b_1)
   0.5647   17.9598 v core/rename_stage/busytable/_1525_/X (sky130_fd_sc_hd__or3b_2)
   0.1530   18.1128 v core/rename_stage/busytable/_1526_/X (sky130_fd_sc_hd__clkbuf_1)
   0.2689   18.3817 ^ core/rename_stage/busytable/_2104_/Y (sky130_fd_sc_hd__o32ai_1)
   0.0822   18.4639 v core/rename_stage/busytable/_2106_/Y (sky130_fd_sc_hd__a211oi_1)
   0.1104   18.5744 ^ core/rename_stage/busytable/_2107_/Y (sky130_fd_sc_hd__o211ai_1)
   0.0810   18.6554 v core/rename_stage/busytable/_2111_/Y (sky130_fd_sc_hd__a21oi_1)
   0.0035   18.6589 v core/rename_stage/busytable/_2541_/D (sky130_fd_sc_hd__dfxtp_1)
            18.6589   data arrival time

  20.0000   20.0000   clock clock (rise edge)
   0.0000   20.0000   clock network delay (ideal)
   0.0000   20.0000   clock reconvergence pessimism
            20.0000 ^ core/rename_stage/busytable/_2541_/CLK (sky130_fd_sc_hd__dfxtp_1)
  -0.1339   19.8661   library setup time
            19.8661   data required time
-------------------------------------------------------------
            19.8661   data required time
           -18.6589   data arrival time
-------------------------------------------------------------
             1.2072   slack (MET)


Startpoint: core/_4046_ (rising edge-triggered flip-flop clocked by clock)
Endpoint: core/rename_stage/busytable/_2534_
          (rising edge-triggered flip-flop clocked by clock)
Path Group: clock
Path Type: max

    Delay      Time   Description
-------------------------------------------------------------
   0.0000    0.0000   clock clock (rise edge)
   0.0000    0.0000   clock network delay (ideal)
   0.0000    0.0000 ^ core/_4046_/CLK (sky130_fd_sc_hd__dfxtp_1)
   0.3440    0.3440 ^ core/_4046_/Q (sky130_fd_sc_hd__dfxtp_1)
   0.0813    0.4254 v core/_1916_/Y (sky130_fd_sc_hd__nand2_1)
   0.2362    0.6616 ^ core/_1917_/Y (sky130_fd_sc_hd__nor3_1)
   0.1018    0.7634 v core/_1918_/Y (sky130_fd_sc_hd__nand2_1)
   5.2893    6.0527 ^ core/_1923_/Y (sky130_fd_sc_hd__o21ai_0)
   0.8225    6.8752 ^ lsu/_66665_/X (sky130_fd_sc_hd__buf_4)
   0.1442    7.0193 v dcache/_3048_/Y (sky130_fd_sc_hd__a222oi_1)
   0.0861    7.1054 ^ dcache/_3049_/Y (sky130_fd_sc_hd__nand2_1)
   0.0450    7.1504 v dcache/_3050_/Y (sky130_fd_sc_hd__a221oi_1)
   0.2248    7.3753 v dcache/_3051_/X (sky130_fd_sc_hd__and4_1)
   0.0821    7.4574 ^ dcache/_3052_/Y (sky130_fd_sc_hd__nand2_1)
   0.0501    7.5075 v dcache/_3054_/Y (sky130_fd_sc_hd__nor4_1)
   0.2122    7.7196 v dcache/_3055_/X (sky130_fd_sc_hd__and3_1)
   0.0725    7.7922 ^ dcache/mshrs/_0615_/Y (sky130_fd_sc_hd__inv_1)
   0.0576    7.8498 v dcache/mshrs/_0616_/Y (sky130_fd_sc_hd__nor2_1)
   0.1500    7.9997 v dcache/mshrs/_0617_/Y (sky130_fd_sc_hd__a21boi_0)
   0.2412    8.2409 v dcache/mshrs/_0618_/X (sky130_fd_sc_hd__lpflow_inputiso0n_1)
   0.1858    8.4266 ^ dcache/mshrs/_0752_/Y (sky130_fd_sc_hd__a31oi_1)
   0.0689    8.4955 v dcache/mshrs/_0755_/Y (sky130_fd_sc_hd__nand2_1)
   0.2016    8.6972 v dcache/mshrs/_0756_/X (sky130_fd_sc_hd__a22o_1)
   0.1247    8.8219 v dcache/_3057_/X (sky130_fd_sc_hd__lpflow_isobufsrc_1)
   0.1863    9.0082 ^ dcache/_3059_/Y (sky130_fd_sc_hd__nor3b_1)
   0.2445    9.2527 ^ dcache/_3062_/X (sky130_fd_sc_hd__o31a_1)
   0.1380    9.3907 v dcache/_3065_/Y (sky130_fd_sc_hd__nor3_1)
   0.1212    9.5119 ^ dcache/_3066_/Y (sky130_fd_sc_hd__inv_1)
   0.3554    9.8673 ^ dcache/_3614_/X (sky130_fd_sc_hd__lpflow_clkbufkapwr_1)
   0.4437   10.3109 v dcache/_3618_/X (sky130_fd_sc_hd__mux2_2)
   0.1400   10.4509 ^ lsu/_33460_/Y (sky130_fd_sc_hd__nand2b_1)
   0.0821   10.5330 v lsu/_33469_/Y (sky130_fd_sc_hd__nor3_1)
   0.1833   10.7163 v lsu/_33470_/X (sky130_fd_sc_hd__clkbuf_1)
   0.3555   11.0718 ^ lsu/_33474_/Y (sky130_fd_sc_hd__a222oi_1)
   0.1643   11.2360 v lsu/_33475_/Y (sky130_fd_sc_hd__nand4_1)
   0.2337   11.4698 ^ lsu/_33490_/Y (sky130_fd_sc_hd__o21ai_0)
   0.0933   11.5631 v lsu/_33503_/Y (sky130_fd_sc_hd__nand3b_1)
   0.1307   11.6937 ^ lsu/_33504_/Y (sky130_fd_sc_hd__o21ai_0)
   0.1745   11.8682 ^ core/memExeUnit/_195_/X (sky130_fd_sc_hd__buf_4)
   0.2807   12.1488 ^ core/ll_wbarb/_009_/X (sky130_fd_sc_hd__clkbuf_1)
   0.3857   12.5345 ^ core/ll_wbarb/_018_/X (sky130_fd_sc_hd__lpflow_clkbufkapwr_1)
   0.3834   12.9179 v core/ll_wbarb/_028_/X (sky130_fd_sc_hd__mux2_2)
   4.4771   17.3951 ^ core/_3820_/Y (sky130_fd_sc_hd__nor3b_1)
   0.7803   18.1754 ^ core/rename_stage/busytable/_1605_/Y (sky130_fd_sc_hd__nor3b_1)
   0.1652   18.3406 v core/rename_stage/busytable/_2023_/Y (sky130_fd_sc_hd__nand4_1)
   0.1470   18.4876 v core/rename_stage/busytable/_2024_/X (sky130_fd_sc_hd__o2111a_1)
   0.0779   18.5655 ^ core/rename_stage/busytable/_2025_/Y (sky130_fd_sc_hd__nand3_1)
   0.0693   18.6347 v core/rename_stage/busytable/_2029_/Y (sky130_fd_sc_hd__a31oi_1)
   0.0035   18.6382 v core/rename_stage/busytable/_2534_/D (sky130_fd_sc_hd__dfxtp_1)
            18.6382   data arrival time

  20.0000   20.0000   clock clock (rise edge)
   0.0000   20.0000   clock network delay (ideal)
   0.0000   20.0000   clock reconvergence pessimism
            20.0000 ^ core/rename_stage/busytable/_2534_/CLK (sky130_fd_sc_hd__dfxtp_1)
  -0.1341   19.8659   library setup time
            19.8659   data required time
-------------------------------------------------------------
            19.8659   data required time
           -18.6382   data arrival time
-------------------------------------------------------------
             1.2277   slack (MET)


Startpoint: core/_4046_ (rising edge-triggered flip-flop clocked by clock)
Endpoint: core/int_issue_unit/slots_5/_1037_
          (rising edge-triggered flip-flop clocked by clock)
Path Group: clock
Path Type: max

    Delay      Time   Description
-------------------------------------------------------------
   0.0000    0.0000   clock clock (rise edge)
   0.0000    0.0000   clock network delay (ideal)
   0.0000    0.0000 ^ core/_4046_/CLK (sky130_fd_sc_hd__dfxtp_1)
   0.3440    0.3440 ^ core/_4046_/Q (sky130_fd_sc_hd__dfxtp_1)
   0.0813    0.4254 v core/_1916_/Y (sky130_fd_sc_hd__nand2_1)
   0.2362    0.6616 ^ core/_1917_/Y (sky130_fd_sc_hd__nor3_1)
   0.1018    0.7634 v core/_1918_/Y (sky130_fd_sc_hd__nand2_1)
   5.2893    6.0527 ^ core/_1923_/Y (sky130_fd_sc_hd__o21ai_0)
   0.8225    6.8752 ^ lsu/_66665_/X (sky130_fd_sc_hd__buf_4)
   0.1442    7.0193 v dcache/_3048_/Y (sky130_fd_sc_hd__a222oi_1)
   0.0861    7.1054 ^ dcache/_3049_/Y (sky130_fd_sc_hd__nand2_1)
   0.0450    7.1504 v dcache/_3050_/Y (sky130_fd_sc_hd__a221oi_1)
   0.2248    7.3753 v dcache/_3051_/X (sky130_fd_sc_hd__and4_1)
   0.0821    7.4574 ^ dcache/_3052_/Y (sky130_fd_sc_hd__nand2_1)
   0.0501    7.5075 v dcache/_3054_/Y (sky130_fd_sc_hd__nor4_1)
   0.2122    7.7196 v dcache/_3055_/X (sky130_fd_sc_hd__and3_1)
   0.0725    7.7922 ^ dcache/mshrs/_0615_/Y (sky130_fd_sc_hd__inv_1)
   0.0576    7.8498 v dcache/mshrs/_0616_/Y (sky130_fd_sc_hd__nor2_1)
   0.1500    7.9997 v dcache/mshrs/_0617_/Y (sky130_fd_sc_hd__a21boi_0)
   0.2412    8.2409 v dcache/mshrs/_0618_/X (sky130_fd_sc_hd__lpflow_inputiso0n_1)
   0.1858    8.4266 ^ dcache/mshrs/_0752_/Y (sky130_fd_sc_hd__a31oi_1)
   0.0689    8.4955 v dcache/mshrs/_0755_/Y (sky130_fd_sc_hd__nand2_1)
   0.2016    8.6972 v dcache/mshrs/_0756_/X (sky130_fd_sc_hd__a22o_1)
   0.1247    8.8219 v dcache/_3057_/X (sky130_fd_sc_hd__lpflow_isobufsrc_1)
   0.1863    9.0082 ^ dcache/_3059_/Y (sky130_fd_sc_hd__nor3b_1)
   0.2445    9.2527 ^ dcache/_3062_/X (sky130_fd_sc_hd__o31a_1)
   0.1380    9.3907 v dcache/_3065_/Y (sky130_fd_sc_hd__nor3_1)
   0.1212    9.5119 ^ dcache/_3066_/Y (sky130_fd_sc_hd__inv_1)
   0.3554    9.8673 ^ dcache/_3614_/X (sky130_fd_sc_hd__lpflow_clkbufkapwr_1)
   0.4437   10.3109 v dcache/_3618_/X (sky130_fd_sc_hd__mux2_2)
   0.1400   10.4509 ^ lsu/_33460_/Y (sky130_fd_sc_hd__nand2b_1)
   0.0821   10.5330 v lsu/_33469_/Y (sky130_fd_sc_hd__nor3_1)
   0.3411   10.8740 v lsu/_48005_/X (sky130_fd_sc_hd__a221o_1)
   0.2063   11.0803 ^ lsu/_48006_/Y (sky130_fd_sc_hd__a221oi_1)
   0.1221   11.2024 v lsu/_48007_/Y (sky130_fd_sc_hd__nand4_1)
   0.2141   11.4165 ^ lsu/_48008_/Y (sky130_fd_sc_hd__a221oi_1)
   0.0839   11.5004 v lsu/_48009_/Y (sky130_fd_sc_hd__nand2_1)
   0.0935   11.5939 ^ lsu/_48010_/Y (sky130_fd_sc_hd__o211ai_1)
   0.0946   11.6886 v lsu/_48011_/Y (sky130_fd_sc_hd__o21ai_0)
   0.1936   11.8822 ^ lsu/_48022_/Y (sky130_fd_sc_hd__o21ai_0)
   0.0971   11.9793 v lsu/_48023_/X (sky130_fd_sc_hd__xor2_1)
   0.0746   12.0539 ^ lsu/_48024_/Y (sky130_fd_sc_hd__nand2_1)
   2.8809   14.9348 ^ lsu/_48025_/X (sky130_fd_sc_hd__o41a_1)
   0.5168   15.4516 v core/int_issue_unit/slots_6/_0519_/Y (sky130_fd_sc_hd__o21ai_0)
   0.2136   15.6652 ^ core/int_issue_unit/slots_6/_0525_/Y (sky130_fd_sc_hd__nand2_1)
   0.1594   15.8246 ^ core/int_issue_unit/slots_6/_0628_/X (sky130_fd_sc_hd__lpflow_inputiso0n_1)
   0.0529   15.8775 v core/int_issue_unit/_13833_/Y (sky130_fd_sc_hd__inv_1)
   0.4232   16.3008 v core/int_issue_unit/_13835_/X (sky130_fd_sc_hd__o41a_1)
   0.0596   16.3604 ^ core/int_issue_unit/_13836_/Y (sky130_fd_sc_hd__inv_1)
   0.2479   16.6083 ^ core/int_issue_unit/slots_5/_0487_/X (sky130_fd_sc_hd__clkbuf_1)
   0.3236   16.9319 ^ core/int_issue_unit/slots_5/_0575_/X (sky130_fd_sc_hd__buf_2)
   0.2807   17.2126 ^ core/int_issue_unit/slots_5/_0599_/Y (sky130_fd_sc_hd__mux2i_1)
   0.3132   17.5258 ^ core/int_issue_unit/slots_5/_0600_/X (sky130_fd_sc_hd__lpflow_clkbufkapwr_1)
   0.1364   17.6622 v core/int_issue_unit/slots_5/_0853_/Y (sky130_fd_sc_hd__o22ai_1)
   0.3515   18.0137 ^ core/int_issue_unit/slots_5/_0854_/Y (sky130_fd_sc_hd__a211oi_1)
   0.1600   18.1737 v core/int_issue_unit/slots_5/_0857_/Y (sky130_fd_sc_hd__o2111ai_1)
   0.3169   18.4906 v core/int_issue_unit/slots_5/_0863_/Y (sky130_fd_sc_hd__nand3b_1)
   0.1942   18.6848 ^ core/int_issue_unit/slots_5/_0910_/Y (sky130_fd_sc_hd__a41oi_1)
   0.0035   18.6883 ^ core/int_issue_unit/slots_5/_1037_/D (sky130_fd_sc_hd__dfxtp_1)
            18.6883   data arrival time

  20.0000   20.0000   clock clock (rise edge)
   0.0000   20.0000   clock network delay (ideal)
   0.0000   20.0000   clock reconvergence pessimism
            20.0000 ^ core/int_issue_unit/slots_5/_1037_/CLK (sky130_fd_sc_hd__dfxtp_1)
  -0.0821   19.9179   library setup time
            19.9179   data required time
-------------------------------------------------------------
            19.9179   data required time
           -18.6883   data arrival time
-------------------------------------------------------------
             1.2296   slack (MET)


Startpoint: core/_4046_ (rising edge-triggered flip-flop clocked by clock)
Endpoint: core/rename_stage/busytable/_2540_
          (rising edge-triggered flip-flop clocked by clock)
Path Group: clock
Path Type: max

    Delay      Time   Description
-------------------------------------------------------------
   0.0000    0.0000   clock clock (rise edge)
   0.0000    0.0000   clock network delay (ideal)
   0.0000    0.0000 ^ core/_4046_/CLK (sky130_fd_sc_hd__dfxtp_1)
   0.3440    0.3440 ^ core/_4046_/Q (sky130_fd_sc_hd__dfxtp_1)
   0.0813    0.4254 v core/_1916_/Y (sky130_fd_sc_hd__nand2_1)
   0.2362    0.6616 ^ core/_1917_/Y (sky130_fd_sc_hd__nor3_1)
   0.1018    0.7634 v core/_1918_/Y (sky130_fd_sc_hd__nand2_1)
   5.2893    6.0527 ^ core/_1923_/Y (sky130_fd_sc_hd__o21ai_0)
   0.8225    6.8752 ^ lsu/_66665_/X (sky130_fd_sc_hd__buf_4)
   0.1442    7.0193 v dcache/_3048_/Y (sky130_fd_sc_hd__a222oi_1)
   0.0861    7.1054 ^ dcache/_3049_/Y (sky130_fd_sc_hd__nand2_1)
   0.0450    7.1504 v dcache/_3050_/Y (sky130_fd_sc_hd__a221oi_1)
   0.2248    7.3753 v dcache/_3051_/X (sky130_fd_sc_hd__and4_1)
   0.0821    7.4574 ^ dcache/_3052_/Y (sky130_fd_sc_hd__nand2_1)
   0.0501    7.5075 v dcache/_3054_/Y (sky130_fd_sc_hd__nor4_1)
   0.2122    7.7196 v dcache/_3055_/X (sky130_fd_sc_hd__and3_1)
   0.0725    7.7922 ^ dcache/mshrs/_0615_/Y (sky130_fd_sc_hd__inv_1)
   0.0576    7.8498 v dcache/mshrs/_0616_/Y (sky130_fd_sc_hd__nor2_1)
   0.1500    7.9997 v dcache/mshrs/_0617_/Y (sky130_fd_sc_hd__a21boi_0)
   0.2412    8.2409 v dcache/mshrs/_0618_/X (sky130_fd_sc_hd__lpflow_inputiso0n_1)
   0.1858    8.4266 ^ dcache/mshrs/_0752_/Y (sky130_fd_sc_hd__a31oi_1)
   0.0689    8.4955 v dcache/mshrs/_0755_/Y (sky130_fd_sc_hd__nand2_1)
   0.2016    8.6972 v dcache/mshrs/_0756_/X (sky130_fd_sc_hd__a22o_1)
   0.1247    8.8219 v dcache/_3057_/X (sky130_fd_sc_hd__lpflow_isobufsrc_1)
   0.1863    9.0082 ^ dcache/_3059_/Y (sky130_fd_sc_hd__nor3b_1)
   0.2445    9.2527 ^ dcache/_3062_/X (sky130_fd_sc_hd__o31a_1)
   0.1380    9.3907 v dcache/_3065_/Y (sky130_fd_sc_hd__nor3_1)
   0.1212    9.5119 ^ dcache/_3066_/Y (sky130_fd_sc_hd__inv_1)
   0.3554    9.8673 ^ dcache/_3614_/X (sky130_fd_sc_hd__lpflow_clkbufkapwr_1)
   0.4437   10.3109 v dcache/_3618_/X (sky130_fd_sc_hd__mux2_2)
   0.1400   10.4509 ^ lsu/_33460_/Y (sky130_fd_sc_hd__nand2b_1)
   0.0821   10.5330 v lsu/_33469_/Y (sky130_fd_sc_hd__nor3_1)
   0.1833   10.7163 v lsu/_33470_/X (sky130_fd_sc_hd__clkbuf_1)
   0.3555   11.0718 ^ lsu/_33474_/Y (sky130_fd_sc_hd__a222oi_1)
   0.1643   11.2360 v lsu/_33475_/Y (sky130_fd_sc_hd__nand4_1)
   0.2337   11.4698 ^ lsu/_33490_/Y (sky130_fd_sc_hd__o21ai_0)
   0.0933   11.5631 v lsu/_33503_/Y (sky130_fd_sc_hd__nand3b_1)
   0.1307   11.6937 ^ lsu/_33504_/Y (sky130_fd_sc_hd__o21ai_0)
   0.1745   11.8682 ^ core/memExeUnit/_195_/X (sky130_fd_sc_hd__buf_4)
   0.2807   12.1488 ^ core/ll_wbarb/_009_/X (sky130_fd_sc_hd__clkbuf_1)
   0.3857   12.5345 ^ core/ll_wbarb/_018_/X (sky130_fd_sc_hd__lpflow_clkbufkapwr_1)
   0.3834   12.9179 v core/ll_wbarb/_028_/X (sky130_fd_sc_hd__mux2_2)
   4.4771   17.3951 ^ core/_3820_/Y (sky130_fd_sc_hd__nor3b_1)
   0.7803   18.1754 ^ core/rename_stage/busytable/_1605_/Y (sky130_fd_sc_hd__nor3b_1)
   0.1244   18.2998 v core/rename_stage/busytable/_2094_/Y (sky130_fd_sc_hd__a21oi_1)
   0.1326   18.4324 ^ core/rename_stage/busytable/_2095_/Y (sky130_fd_sc_hd__o311ai_0)
   0.1456   18.5780 ^ core/rename_stage/busytable/_2096_/X (sky130_fd_sc_hd__a211o_1)
   0.0538   18.6317 v core/rename_stage/busytable/_2100_/Y (sky130_fd_sc_hd__a21oi_1)
   0.0035   18.6352 v core/rename_stage/busytable/_2540_/D (sky130_fd_sc_hd__dfxtp_1)
            18.6352   data arrival time

  20.0000   20.0000   clock clock (rise edge)
   0.0000   20.0000   clock network delay (ideal)
   0.0000   20.0000   clock reconvergence pessimism
            20.0000 ^ core/rename_stage/busytable/_2540_/CLK (sky130_fd_sc_hd__dfxtp_1)
  -0.1339   19.8661   library setup time
            19.8661   data required time
-------------------------------------------------------------
            19.8661   data required time
           -18.6352   data arrival time
-------------------------------------------------------------
             1.2309   slack (MET)


Startpoint: core/_4046_ (rising edge-triggered flip-flop clocked by clock)
Endpoint: core/rename_stage/busytable/_2527_
          (rising edge-triggered flip-flop clocked by clock)
Path Group: clock
Path Type: max

    Delay      Time   Description
-------------------------------------------------------------
   0.0000    0.0000   clock clock (rise edge)
   0.0000    0.0000   clock network delay (ideal)
   0.0000    0.0000 ^ core/_4046_/CLK (sky130_fd_sc_hd__dfxtp_1)
   0.3440    0.3440 ^ core/_4046_/Q (sky130_fd_sc_hd__dfxtp_1)
   0.0813    0.4254 v core/_1916_/Y (sky130_fd_sc_hd__nand2_1)
   0.2362    0.6616 ^ core/_1917_/Y (sky130_fd_sc_hd__nor3_1)
   0.1018    0.7634 v core/_1918_/Y (sky130_fd_sc_hd__nand2_1)
   5.2893    6.0527 ^ core/_1923_/Y (sky130_fd_sc_hd__o21ai_0)
   0.8225    6.8752 ^ lsu/_66665_/X (sky130_fd_sc_hd__buf_4)
   0.1442    7.0193 v dcache/_3048_/Y (sky130_fd_sc_hd__a222oi_1)
   0.0861    7.1054 ^ dcache/_3049_/Y (sky130_fd_sc_hd__nand2_1)
   0.0450    7.1504 v dcache/_3050_/Y (sky130_fd_sc_hd__a221oi_1)
   0.2248    7.3753 v dcache/_3051_/X (sky130_fd_sc_hd__and4_1)
   0.0821    7.4574 ^ dcache/_3052_/Y (sky130_fd_sc_hd__nand2_1)
   0.0501    7.5075 v dcache/_3054_/Y (sky130_fd_sc_hd__nor4_1)
   0.2122    7.7196 v dcache/_3055_/X (sky130_fd_sc_hd__and3_1)
   0.0725    7.7922 ^ dcache/mshrs/_0615_/Y (sky130_fd_sc_hd__inv_1)
   0.0576    7.8498 v dcache/mshrs/_0616_/Y (sky130_fd_sc_hd__nor2_1)
   0.1500    7.9997 v dcache/mshrs/_0617_/Y (sky130_fd_sc_hd__a21boi_0)
   0.2412    8.2409 v dcache/mshrs/_0618_/X (sky130_fd_sc_hd__lpflow_inputiso0n_1)
   0.1858    8.4266 ^ dcache/mshrs/_0752_/Y (sky130_fd_sc_hd__a31oi_1)
   0.0689    8.4955 v dcache/mshrs/_0755_/Y (sky130_fd_sc_hd__nand2_1)
   0.2016    8.6972 v dcache/mshrs/_0756_/X (sky130_fd_sc_hd__a22o_1)
   0.1247    8.8219 v dcache/_3057_/X (sky130_fd_sc_hd__lpflow_isobufsrc_1)
   0.1863    9.0082 ^ dcache/_3059_/Y (sky130_fd_sc_hd__nor3b_1)
   0.2445    9.2527 ^ dcache/_3062_/X (sky130_fd_sc_hd__o31a_1)
   0.1380    9.3907 v dcache/_3065_/Y (sky130_fd_sc_hd__nor3_1)
   0.1212    9.5119 ^ dcache/_3066_/Y (sky130_fd_sc_hd__inv_1)
   0.3554    9.8673 ^ dcache/_3614_/X (sky130_fd_sc_hd__lpflow_clkbufkapwr_1)
   0.4437   10.3109 v dcache/_3618_/X (sky130_fd_sc_hd__mux2_2)
   0.1400   10.4509 ^ lsu/_33460_/Y (sky130_fd_sc_hd__nand2b_1)
   0.0821   10.5330 v lsu/_33469_/Y (sky130_fd_sc_hd__nor3_1)
   0.1833   10.7163 v lsu/_33470_/X (sky130_fd_sc_hd__clkbuf_1)
   0.3555   11.0718 ^ lsu/_33474_/Y (sky130_fd_sc_hd__a222oi_1)
   0.1643   11.2360 v lsu/_33475_/Y (sky130_fd_sc_hd__nand4_1)
   0.2337   11.4698 ^ lsu/_33490_/Y (sky130_fd_sc_hd__o21ai_0)
   0.0933   11.5631 v lsu/_33503_/Y (sky130_fd_sc_hd__nand3b_1)
   0.1307   11.6937 ^ lsu/_33504_/Y (sky130_fd_sc_hd__o21ai_0)
   0.1745   11.8682 ^ core/memExeUnit/_195_/X (sky130_fd_sc_hd__buf_4)
   0.2807   12.1488 ^ core/ll_wbarb/_009_/X (sky130_fd_sc_hd__clkbuf_1)
   0.3857   12.5345 ^ core/ll_wbarb/_018_/X (sky130_fd_sc_hd__lpflow_clkbufkapwr_1)
   0.3834   12.9179 v core/ll_wbarb/_028_/X (sky130_fd_sc_hd__mux2_2)
   4.4771   17.3951 ^ core/_3820_/Y (sky130_fd_sc_hd__nor3b_1)
   0.7803   18.1754 ^ core/rename_stage/busytable/_1605_/Y (sky130_fd_sc_hd__nor3b_1)
   0.1889   18.3643 v core/rename_stage/busytable/_1932_/Y (sky130_fd_sc_hd__a311oi_1)
   0.1808   18.5450 ^ core/rename_stage/busytable/_1933_/Y (sky130_fd_sc_hd__a32oi_1)
   0.0837   18.6287 v core/rename_stage/busytable/_1934_/Y (sky130_fd_sc_hd__a21oi_1)
   0.0035   18.6322 v core/rename_stage/busytable/_2527_/D (sky130_fd_sc_hd__dfxtp_1)
            18.6322   data arrival time

  20.0000   20.0000   clock clock (rise edge)
   0.0000   20.0000   clock network delay (ideal)
   0.0000   20.0000   clock reconvergence pessimism
            20.0000 ^ core/rename_stage/busytable/_2527_/CLK (sky130_fd_sc_hd__dfxtp_1)
  -0.1339   19.8661   library setup time
            19.8661   data required time
-------------------------------------------------------------
            19.8661   data required time
           -18.6322   data arrival time
-------------------------------------------------------------
             1.2339   slack (MET)


Startpoint: core/_4046_ (rising edge-triggered flip-flop clocked by clock)
Endpoint: core/rename_stage/busytable/_2513_
          (rising edge-triggered flip-flop clocked by clock)
Path Group: clock
Path Type: max

    Delay      Time   Description
-------------------------------------------------------------
   0.0000    0.0000   clock clock (rise edge)
   0.0000    0.0000   clock network delay (ideal)
   0.0000    0.0000 ^ core/_4046_/CLK (sky130_fd_sc_hd__dfxtp_1)
   0.3440    0.3440 ^ core/_4046_/Q (sky130_fd_sc_hd__dfxtp_1)
   0.0813    0.4254 v core/_1916_/Y (sky130_fd_sc_hd__nand2_1)
   0.2362    0.6616 ^ core/_1917_/Y (sky130_fd_sc_hd__nor3_1)
   0.1018    0.7634 v core/_1918_/Y (sky130_fd_sc_hd__nand2_1)
   5.2893    6.0527 ^ core/_1923_/Y (sky130_fd_sc_hd__o21ai_0)
   0.8225    6.8752 ^ lsu/_66665_/X (sky130_fd_sc_hd__buf_4)
   0.1442    7.0193 v dcache/_3048_/Y (sky130_fd_sc_hd__a222oi_1)
   0.0861    7.1054 ^ dcache/_3049_/Y (sky130_fd_sc_hd__nand2_1)
   0.0450    7.1504 v dcache/_3050_/Y (sky130_fd_sc_hd__a221oi_1)
   0.2248    7.3753 v dcache/_3051_/X (sky130_fd_sc_hd__and4_1)
   0.0821    7.4574 ^ dcache/_3052_/Y (sky130_fd_sc_hd__nand2_1)
   0.0501    7.5075 v dcache/_3054_/Y (sky130_fd_sc_hd__nor4_1)
   0.2122    7.7196 v dcache/_3055_/X (sky130_fd_sc_hd__and3_1)
   0.0725    7.7922 ^ dcache/mshrs/_0615_/Y (sky130_fd_sc_hd__inv_1)
   0.0576    7.8498 v dcache/mshrs/_0616_/Y (sky130_fd_sc_hd__nor2_1)
   0.1500    7.9997 v dcache/mshrs/_0617_/Y (sky130_fd_sc_hd__a21boi_0)
   0.2412    8.2409 v dcache/mshrs/_0618_/X (sky130_fd_sc_hd__lpflow_inputiso0n_1)
   0.1858    8.4266 ^ dcache/mshrs/_0752_/Y (sky130_fd_sc_hd__a31oi_1)
   0.0689    8.4955 v dcache/mshrs/_0755_/Y (sky130_fd_sc_hd__nand2_1)
   0.2016    8.6972 v dcache/mshrs/_0756_/X (sky130_fd_sc_hd__a22o_1)
   0.1247    8.8219 v dcache/_3057_/X (sky130_fd_sc_hd__lpflow_isobufsrc_1)
   0.1863    9.0082 ^ dcache/_3059_/Y (sky130_fd_sc_hd__nor3b_1)
   0.2445    9.2527 ^ dcache/_3062_/X (sky130_fd_sc_hd__o31a_1)
   0.1380    9.3907 v dcache/_3065_/Y (sky130_fd_sc_hd__nor3_1)
   0.1212    9.5119 ^ dcache/_3066_/Y (sky130_fd_sc_hd__inv_1)
   0.3554    9.8673 ^ dcache/_3614_/X (sky130_fd_sc_hd__lpflow_clkbufkapwr_1)
   0.4437   10.3109 v dcache/_3618_/X (sky130_fd_sc_hd__mux2_2)
   0.1400   10.4509 ^ lsu/_33460_/Y (sky130_fd_sc_hd__nand2b_1)
   0.0821   10.5330 v lsu/_33469_/Y (sky130_fd_sc_hd__nor3_1)
   0.1833   10.7163 v lsu/_33470_/X (sky130_fd_sc_hd__clkbuf_1)
   0.3555   11.0718 ^ lsu/_33474_/Y (sky130_fd_sc_hd__a222oi_1)
   0.1643   11.2360 v lsu/_33475_/Y (sky130_fd_sc_hd__nand4_1)
   0.2337   11.4698 ^ lsu/_33490_/Y (sky130_fd_sc_hd__o21ai_0)
   0.0933   11.5631 v lsu/_33503_/Y (sky130_fd_sc_hd__nand3b_1)
   0.1307   11.6937 ^ lsu/_33504_/Y (sky130_fd_sc_hd__o21ai_0)
   0.1745   11.8682 ^ core/memExeUnit/_195_/X (sky130_fd_sc_hd__buf_4)
   0.2807   12.1488 ^ core/ll_wbarb/_009_/X (sky130_fd_sc_hd__clkbuf_1)
   0.3857   12.5345 ^ core/ll_wbarb/_018_/X (sky130_fd_sc_hd__lpflow_clkbufkapwr_1)
   0.3834   12.9179 v core/ll_wbarb/_028_/X (sky130_fd_sc_hd__mux2_2)
   4.4771   17.3951 ^ core/_3820_/Y (sky130_fd_sc_hd__nor3b_1)
   0.5647   17.9598 v core/rename_stage/busytable/_1525_/X (sky130_fd_sc_hd__or3b_2)
   0.1530   18.1128 v core/rename_stage/busytable/_1526_/X (sky130_fd_sc_hd__clkbuf_1)
   0.1724   18.2852 ^ core/rename_stage/busytable/_1627_/Y (sky130_fd_sc_hd__o22ai_1)
   0.0700   18.3552 v core/rename_stage/busytable/_1634_/Y (sky130_fd_sc_hd__nor3_1)
   0.2077   18.5629 ^ core/rename_stage/busytable/_1635_/Y (sky130_fd_sc_hd__a221oi_1)
   0.0620   18.6249 v core/rename_stage/busytable/_1636_/Y (sky130_fd_sc_hd__nor2_1)
   0.0035   18.6284 v core/rename_stage/busytable/_2513_/D (sky130_fd_sc_hd__dfxtp_1)
            18.6284   data arrival time

  20.0000   20.0000   clock clock (rise edge)
   0.0000   20.0000   clock network delay (ideal)
   0.0000   20.0000   clock reconvergence pessimism
            20.0000 ^ core/rename_stage/busytable/_2513_/CLK (sky130_fd_sc_hd__dfxtp_1)
  -0.1293   19.8707   library setup time
            19.8707   data required time
-------------------------------------------------------------
            19.8707   data required time
           -18.6284   data arrival time
-------------------------------------------------------------
             1.2423   slack (MET)


Startpoint: core/_4046_ (rising edge-triggered flip-flop clocked by clock)
Endpoint: core/rename_stage/busytable/_2566_
          (rising edge-triggered flip-flop clocked by clock)
Path Group: clock
Path Type: max

    Delay      Time   Description
-------------------------------------------------------------
   0.0000    0.0000   clock clock (rise edge)
   0.0000    0.0000   clock network delay (ideal)
   0.0000    0.0000 ^ core/_4046_/CLK (sky130_fd_sc_hd__dfxtp_1)
   0.3440    0.3440 ^ core/_4046_/Q (sky130_fd_sc_hd__dfxtp_1)
   0.0813    0.4254 v core/_1916_/Y (sky130_fd_sc_hd__nand2_1)
   0.2362    0.6616 ^ core/_1917_/Y (sky130_fd_sc_hd__nor3_1)
   0.1018    0.7634 v core/_1918_/Y (sky130_fd_sc_hd__nand2_1)
   5.2893    6.0527 ^ core/_1923_/Y (sky130_fd_sc_hd__o21ai_0)
   0.8225    6.8752 ^ lsu/_66665_/X (sky130_fd_sc_hd__buf_4)
   0.1442    7.0193 v dcache/_3048_/Y (sky130_fd_sc_hd__a222oi_1)
   0.0861    7.1054 ^ dcache/_3049_/Y (sky130_fd_sc_hd__nand2_1)
   0.0450    7.1504 v dcache/_3050_/Y (sky130_fd_sc_hd__a221oi_1)
   0.2248    7.3753 v dcache/_3051_/X (sky130_fd_sc_hd__and4_1)
   0.0821    7.4574 ^ dcache/_3052_/Y (sky130_fd_sc_hd__nand2_1)
   0.0501    7.5075 v dcache/_3054_/Y (sky130_fd_sc_hd__nor4_1)
   0.2122    7.7196 v dcache/_3055_/X (sky130_fd_sc_hd__and3_1)
   0.0725    7.7922 ^ dcache/mshrs/_0615_/Y (sky130_fd_sc_hd__inv_1)
   0.0576    7.8498 v dcache/mshrs/_0616_/Y (sky130_fd_sc_hd__nor2_1)
   0.1500    7.9997 v dcache/mshrs/_0617_/Y (sky130_fd_sc_hd__a21boi_0)
   0.2412    8.2409 v dcache/mshrs/_0618_/X (sky130_fd_sc_hd__lpflow_inputiso0n_1)
   0.1858    8.4266 ^ dcache/mshrs/_0752_/Y (sky130_fd_sc_hd__a31oi_1)
   0.0689    8.4955 v dcache/mshrs/_0755_/Y (sky130_fd_sc_hd__nand2_1)
   0.2016    8.6972 v dcache/mshrs/_0756_/X (sky130_fd_sc_hd__a22o_1)
   0.1247    8.8219 v dcache/_3057_/X (sky130_fd_sc_hd__lpflow_isobufsrc_1)
   0.1863    9.0082 ^ dcache/_3059_/Y (sky130_fd_sc_hd__nor3b_1)
   0.2445    9.2527 ^ dcache/_3062_/X (sky130_fd_sc_hd__o31a_1)
   0.1380    9.3907 v dcache/_3065_/Y (sky130_fd_sc_hd__nor3_1)
   0.1212    9.5119 ^ dcache/_3066_/Y (sky130_fd_sc_hd__inv_1)
   0.3554    9.8673 ^ dcache/_3614_/X (sky130_fd_sc_hd__lpflow_clkbufkapwr_1)
   0.4437   10.3109 v dcache/_3618_/X (sky130_fd_sc_hd__mux2_2)
   0.1400   10.4509 ^ lsu/_33460_/Y (sky130_fd_sc_hd__nand2b_1)
   0.0821   10.5330 v lsu/_33469_/Y (sky130_fd_sc_hd__nor3_1)
   0.1833   10.7163 v lsu/_33470_/X (sky130_fd_sc_hd__clkbuf_1)
   0.3555   11.0718 ^ lsu/_33474_/Y (sky130_fd_sc_hd__a222oi_1)
   0.1643   11.2360 v lsu/_33475_/Y (sky130_fd_sc_hd__nand4_1)
   0.2337   11.4698 ^ lsu/_33490_/Y (sky130_fd_sc_hd__o21ai_0)
   0.0933   11.5631 v lsu/_33503_/Y (sky130_fd_sc_hd__nand3b_1)
   0.1307   11.6937 ^ lsu/_33504_/Y (sky130_fd_sc_hd__o21ai_0)
   0.1745   11.8682 ^ core/memExeUnit/_195_/X (sky130_fd_sc_hd__buf_4)
   0.2807   12.1488 ^ core/ll_wbarb/_009_/X (sky130_fd_sc_hd__clkbuf_1)
   0.3857   12.5345 ^ core/ll_wbarb/_018_/X (sky130_fd_sc_hd__lpflow_clkbufkapwr_1)
   0.3834   12.9179 v core/ll_wbarb/_028_/X (sky130_fd_sc_hd__mux2_2)
   4.4771   17.3951 ^ core/_3820_/Y (sky130_fd_sc_hd__nor3b_1)
   0.5566   17.9517 ^ core/rename_stage/busytable/_2152_/X (sky130_fd_sc_hd__and3b_1)
   0.2480   18.1997 ^ core/rename_stage/busytable/_2153_/X (sky130_fd_sc_hd__clkbuf_1)
   0.1248   18.3245 v core/rename_stage/busytable/_2322_/Y (sky130_fd_sc_hd__nand4_1)
   0.1395   18.4640 v core/rename_stage/busytable/_2323_/X (sky130_fd_sc_hd__o2111a_1)
   0.0779   18.5418 ^ core/rename_stage/busytable/_2324_/Y (sky130_fd_sc_hd__nand3_1)
   0.0694   18.6112 v core/rename_stage/busytable/_2327_/Y (sky130_fd_sc_hd__a31oi_1)
   0.0035   18.6147 v core/rename_stage/busytable/_2566_/D (sky130_fd_sc_hd__dfxtp_1)
            18.6147   data arrival time

  20.0000   20.0000   clock clock (rise edge)
   0.0000   20.0000   clock network delay (ideal)
   0.0000   20.0000   clock reconvergence pessimism
            20.0000 ^ core/rename_stage/busytable/_2566_/CLK (sky130_fd_sc_hd__dfxtp_1)
  -0.1341   19.8659   library setup time
            19.8659   data required time
-------------------------------------------------------------
            19.8659   data required time
           -18.6147   data arrival time
-------------------------------------------------------------
             1.2512   slack (MET)


Startpoint: core/_4046_ (rising edge-triggered flip-flop clocked by clock)
Endpoint: core/rename_stage/busytable/_2522_
          (rising edge-triggered flip-flop clocked by clock)
Path Group: clock
Path Type: max

    Delay      Time   Description
-------------------------------------------------------------
   0.0000    0.0000   clock clock (rise edge)
   0.0000    0.0000   clock network delay (ideal)
   0.0000    0.0000 ^ core/_4046_/CLK (sky130_fd_sc_hd__dfxtp_1)
   0.3440    0.3440 ^ core/_4046_/Q (sky130_fd_sc_hd__dfxtp_1)
   0.0813    0.4254 v core/_1916_/Y (sky130_fd_sc_hd__nand2_1)
   0.2362    0.6616 ^ core/_1917_/Y (sky130_fd_sc_hd__nor3_1)
   0.1018    0.7634 v core/_1918_/Y (sky130_fd_sc_hd__nand2_1)
   5.2893    6.0527 ^ core/_1923_/Y (sky130_fd_sc_hd__o21ai_0)
   0.8225    6.8752 ^ lsu/_66665_/X (sky130_fd_sc_hd__buf_4)
   0.1442    7.0193 v dcache/_3048_/Y (sky130_fd_sc_hd__a222oi_1)
   0.0861    7.1054 ^ dcache/_3049_/Y (sky130_fd_sc_hd__nand2_1)
   0.0450    7.1504 v dcache/_3050_/Y (sky130_fd_sc_hd__a221oi_1)
   0.2248    7.3753 v dcache/_3051_/X (sky130_fd_sc_hd__and4_1)
   0.0821    7.4574 ^ dcache/_3052_/Y (sky130_fd_sc_hd__nand2_1)
   0.0501    7.5075 v dcache/_3054_/Y (sky130_fd_sc_hd__nor4_1)
   0.2122    7.7196 v dcache/_3055_/X (sky130_fd_sc_hd__and3_1)
   0.0725    7.7922 ^ dcache/mshrs/_0615_/Y (sky130_fd_sc_hd__inv_1)
   0.0576    7.8498 v dcache/mshrs/_0616_/Y (sky130_fd_sc_hd__nor2_1)
   0.1500    7.9997 v dcache/mshrs/_0617_/Y (sky130_fd_sc_hd__a21boi_0)
   0.2412    8.2409 v dcache/mshrs/_0618_/X (sky130_fd_sc_hd__lpflow_inputiso0n_1)
   0.1858    8.4266 ^ dcache/mshrs/_0752_/Y (sky130_fd_sc_hd__a31oi_1)
   0.0689    8.4955 v dcache/mshrs/_0755_/Y (sky130_fd_sc_hd__nand2_1)
   0.2016    8.6972 v dcache/mshrs/_0756_/X (sky130_fd_sc_hd__a22o_1)
   0.1247    8.8219 v dcache/_3057_/X (sky130_fd_sc_hd__lpflow_isobufsrc_1)
   0.1863    9.0082 ^ dcache/_3059_/Y (sky130_fd_sc_hd__nor3b_1)
   0.2445    9.2527 ^ dcache/_3062_/X (sky130_fd_sc_hd__o31a_1)
   0.1380    9.3907 v dcache/_3065_/Y (sky130_fd_sc_hd__nor3_1)
   0.1212    9.5119 ^ dcache/_3066_/Y (sky130_fd_sc_hd__inv_1)
   0.3554    9.8673 ^ dcache/_3614_/X (sky130_fd_sc_hd__lpflow_clkbufkapwr_1)
   0.4437   10.3109 v dcache/_3618_/X (sky130_fd_sc_hd__mux2_2)
   0.1400   10.4509 ^ lsu/_33460_/Y (sky130_fd_sc_hd__nand2b_1)
   0.0821   10.5330 v lsu/_33469_/Y (sky130_fd_sc_hd__nor3_1)
   0.1833   10.7163 v lsu/_33470_/X (sky130_fd_sc_hd__clkbuf_1)
   0.3555   11.0718 ^ lsu/_33474_/Y (sky130_fd_sc_hd__a222oi_1)
   0.1643   11.2360 v lsu/_33475_/Y (sky130_fd_sc_hd__nand4_1)
   0.2337   11.4698 ^ lsu/_33490_/Y (sky130_fd_sc_hd__o21ai_0)
   0.0933   11.5631 v lsu/_33503_/Y (sky130_fd_sc_hd__nand3b_1)
   0.1307   11.6937 ^ lsu/_33504_/Y (sky130_fd_sc_hd__o21ai_0)
   0.1745   11.8682 ^ core/memExeUnit/_195_/X (sky130_fd_sc_hd__buf_4)
   0.2807   12.1488 ^ core/ll_wbarb/_009_/X (sky130_fd_sc_hd__clkbuf_1)
   0.3857   12.5345 ^ core/ll_wbarb/_018_/X (sky130_fd_sc_hd__lpflow_clkbufkapwr_1)
   0.3834   12.9179 v core/ll_wbarb/_028_/X (sky130_fd_sc_hd__mux2_2)
   4.4771   17.3951 ^ core/_3820_/Y (sky130_fd_sc_hd__nor3b_1)
   0.5647   17.9598 v core/rename_stage/busytable/_1525_/X (sky130_fd_sc_hd__or3b_2)
   0.1530   18.1128 v core/rename_stage/busytable/_1526_/X (sky130_fd_sc_hd__clkbuf_1)
   0.1987   18.3115 v core/rename_stage/busytable/_1527_/X (sky130_fd_sc_hd__clkbuf_1)
   0.2047   18.5163 ^ core/rename_stage/busytable/_1832_/Y (sky130_fd_sc_hd__o211ai_1)
   0.0810   18.5973 v core/rename_stage/busytable/_1839_/Y (sky130_fd_sc_hd__a21oi_1)
   0.0035   18.6008 v core/rename_stage/busytable/_2522_/D (sky130_fd_sc_hd__dfxtp_1)
            18.6008   data arrival time

  20.0000   20.0000   clock clock (rise edge)
   0.0000   20.0000   clock network delay (ideal)
   0.0000   20.0000   clock reconvergence pessimism
            20.0000 ^ core/rename_stage/busytable/_2522_/CLK (sky130_fd_sc_hd__dfxtp_1)
  -0.1339   19.8661   library setup time
            19.8661   data required time
-------------------------------------------------------------
            19.8661   data required time
           -18.6008   data arrival time
-------------------------------------------------------------
             1.2654   slack (MET)


Startpoint: core/_4046_ (rising edge-triggered flip-flop clocked by clock)
Endpoint: core/rename_stage/busytable/_2584_
          (rising edge-triggered flip-flop clocked by clock)
Path Group: clock
Path Type: max

    Delay      Time   Description
-------------------------------------------------------------
   0.0000    0.0000   clock clock (rise edge)
   0.0000    0.0000   clock network delay (ideal)
   0.0000    0.0000 ^ core/_4046_/CLK (sky130_fd_sc_hd__dfxtp_1)
   0.3440    0.3440 ^ core/_4046_/Q (sky130_fd_sc_hd__dfxtp_1)
   0.0813    0.4254 v core/_1916_/Y (sky130_fd_sc_hd__nand2_1)
   0.2362    0.6616 ^ core/_1917_/Y (sky130_fd_sc_hd__nor3_1)
   0.1018    0.7634 v core/_1918_/Y (sky130_fd_sc_hd__nand2_1)
   5.2893    6.0527 ^ core/_1923_/Y (sky130_fd_sc_hd__o21ai_0)
   0.8225    6.8752 ^ lsu/_66665_/X (sky130_fd_sc_hd__buf_4)
   0.1442    7.0193 v dcache/_3048_/Y (sky130_fd_sc_hd__a222oi_1)
   0.0861    7.1054 ^ dcache/_3049_/Y (sky130_fd_sc_hd__nand2_1)
   0.0450    7.1504 v dcache/_3050_/Y (sky130_fd_sc_hd__a221oi_1)
   0.2248    7.3753 v dcache/_3051_/X (sky130_fd_sc_hd__and4_1)
   0.0821    7.4574 ^ dcache/_3052_/Y (sky130_fd_sc_hd__nand2_1)
   0.0501    7.5075 v dcache/_3054_/Y (sky130_fd_sc_hd__nor4_1)
   0.2122    7.7196 v dcache/_3055_/X (sky130_fd_sc_hd__and3_1)
   0.0725    7.7922 ^ dcache/mshrs/_0615_/Y (sky130_fd_sc_hd__inv_1)
   0.0576    7.8498 v dcache/mshrs/_0616_/Y (sky130_fd_sc_hd__nor2_1)
   0.1500    7.9997 v dcache/mshrs/_0617_/Y (sky130_fd_sc_hd__a21boi_0)
   0.2412    8.2409 v dcache/mshrs/_0618_/X (sky130_fd_sc_hd__lpflow_inputiso0n_1)
   0.1858    8.4266 ^ dcache/mshrs/_0752_/Y (sky130_fd_sc_hd__a31oi_1)
   0.0689    8.4955 v dcache/mshrs/_0755_/Y (sky130_fd_sc_hd__nand2_1)
   0.2016    8.6972 v dcache/mshrs/_0756_/X (sky130_fd_sc_hd__a22o_1)
   0.1247    8.8219 v dcache/_3057_/X (sky130_fd_sc_hd__lpflow_isobufsrc_1)
   0.1863    9.0082 ^ dcache/_3059_/Y (sky130_fd_sc_hd__nor3b_1)
   0.2445    9.2527 ^ dcache/_3062_/X (sky130_fd_sc_hd__o31a_1)
   0.1380    9.3907 v dcache/_3065_/Y (sky130_fd_sc_hd__nor3_1)
   0.1212    9.5119 ^ dcache/_3066_/Y (sky130_fd_sc_hd__inv_1)
   0.3554    9.8673 ^ dcache/_3614_/X (sky130_fd_sc_hd__lpflow_clkbufkapwr_1)
   0.4437   10.3109 v dcache/_3618_/X (sky130_fd_sc_hd__mux2_2)
   0.1400   10.4509 ^ lsu/_33460_/Y (sky130_fd_sc_hd__nand2b_1)
   0.0821   10.5330 v lsu/_33469_/Y (sky130_fd_sc_hd__nor3_1)
   0.1833   10.7163 v lsu/_33470_/X (sky130_fd_sc_hd__clkbuf_1)
   0.3555   11.0718 ^ lsu/_33474_/Y (sky130_fd_sc_hd__a222oi_1)
   0.1643   11.2360 v lsu/_33475_/Y (sky130_fd_sc_hd__nand4_1)
   0.2337   11.4698 ^ lsu/_33490_/Y (sky130_fd_sc_hd__o21ai_0)
   0.0933   11.5631 v lsu/_33503_/Y (sky130_fd_sc_hd__nand3b_1)
   0.1307   11.6937 ^ lsu/_33504_/Y (sky130_fd_sc_hd__o21ai_0)
   0.1745   11.8682 ^ core/memExeUnit/_195_/X (sky130_fd_sc_hd__buf_4)
   0.2807   12.1488 ^ core/ll_wbarb/_009_/X (sky130_fd_sc_hd__clkbuf_1)
   0.3857   12.5345 ^ core/ll_wbarb/_018_/X (sky130_fd_sc_hd__lpflow_clkbufkapwr_1)
   0.3834   12.9179 v core/ll_wbarb/_028_/X (sky130_fd_sc_hd__mux2_2)
   4.4771   17.3951 ^ core/_3820_/Y (sky130_fd_sc_hd__nor3b_1)
   0.2477   17.6428 v core/rename_stage/busytable/_2390_/Y (sky130_fd_sc_hd__nand2_1)
   0.4968   18.1396 v core/rename_stage/busytable/_2391_/X (sky130_fd_sc_hd__or2_2)
   0.1855   18.3251 v core/rename_stage/busytable/_2392_/X (sky130_fd_sc_hd__lpflow_clkbufkapwr_1)
   0.1878   18.5129 ^ core/rename_stage/busytable/_2474_/Y (sky130_fd_sc_hd__o211ai_1)
   0.0810   18.5939 v core/rename_stage/busytable/_2476_/Y (sky130_fd_sc_hd__a21oi_1)
   0.0035   18.5974 v core/rename_stage/busytable/_2584_/D (sky130_fd_sc_hd__dfxtp_1)
            18.5974   data arrival time

  20.0000   20.0000   clock clock (rise edge)
   0.0000   20.0000   clock network delay (ideal)
   0.0000   20.0000   clock reconvergence pessimism
            20.0000 ^ core/rename_stage/busytable/_2584_/CLK (sky130_fd_sc_hd__dfxtp_1)
  -0.1339   19.8661   library setup time
            19.8661   data required time
-------------------------------------------------------------
            19.8661   data required time
           -18.5974   data arrival time
-------------------------------------------------------------
             1.2687   slack (MET)


Startpoint: core/alu_exe_unit/PipelinedMulUnit/imul/_56534_
            (rising edge-triggered flip-flop clocked by clock)
Endpoint: core/alu_exe_unit/PipelinedMulUnit/imul/_56661_
          (rising edge-triggered flip-flop clocked by clock)
Path Group: clock
Path Type: max

    Delay      Time   Description
-------------------------------------------------------------
   0.0000    0.0000   clock clock (rise edge)
   0.0000    0.0000   clock network delay (ideal)
   0.0000    0.0000 ^ core/alu_exe_unit/PipelinedMulUnit/imul/_56534_/CLK (sky130_fd_sc_hd__dfxtp_1)
   0.3800    0.3800 ^ core/alu_exe_unit/PipelinedMulUnit/imul/_56534_/Q (sky130_fd_sc_hd__dfxtp_1)
   0.2608    0.6408 ^ core/alu_exe_unit/PipelinedMulUnit/imul/_28773_/X (sky130_fd_sc_hd__clkbuf_1)
   0.1282    0.7691 v core/alu_exe_unit/PipelinedMulUnit/imul/_38772_/Y (sky130_fd_sc_hd__nand2_1)
   0.4064    1.1755 v core/alu_exe_unit/PipelinedMulUnit/imul/_38820_/X (sky130_fd_sc_hd__xor3_1)
   0.3651    1.5405 v core/alu_exe_unit/PipelinedMulUnit/imul/_38822_/X (sky130_fd_sc_hd__maj3_1)
   0.2861    1.8266 ^ core/alu_exe_unit/PipelinedMulUnit/imul/_38824_/X (sky130_fd_sc_hd__xor2_1)
   0.1517    1.9783 v core/alu_exe_unit/PipelinedMulUnit/imul/_38826_/Y (sky130_fd_sc_hd__o21ai_0)
   0.3985    2.3767 v core/alu_exe_unit/PipelinedMulUnit/imul/_38829_/X (sky130_fd_sc_hd__maj3_1)
   0.3902    2.7670 v core/alu_exe_unit/PipelinedMulUnit/imul/_38866_/X (sky130_fd_sc_hd__xor3_1)
   0.2564    3.0233 ^ core/alu_exe_unit/PipelinedMulUnit/imul/_38903_/Y (sky130_fd_sc_hd__xnor2_1)
   0.6499    3.6732 v core/alu_exe_unit/PipelinedMulUnit/imul/_38936_/X (sky130_fd_sc_hd__or4b_2)
   0.3847    4.0579 v core/alu_exe_unit/PipelinedMulUnit/imul/_38942_/X (sky130_fd_sc_hd__maj3_1)
   0.2658    4.3237 ^ core/alu_exe_unit/PipelinedMulUnit/imul/_38943_/X (sky130_fd_sc_hd__xor2_1)
   0.1583    4.4819 v core/alu_exe_unit/PipelinedMulUnit/imul/_38974_/Y (sky130_fd_sc_hd__o21ai_0)
   0.1784    4.6604 v core/alu_exe_unit/PipelinedMulUnit/imul/_38975_/X (sky130_fd_sc_hd__xor2_1)
   0.1870    4.8474 ^ core/alu_exe_unit/PipelinedMulUnit/imul/_38999_/Y (sky130_fd_sc_hd__a22oi_1)
   0.1607    5.0081 ^ core/alu_exe_unit/PipelinedMulUnit/imul/_39001_/X (sky130_fd_sc_hd__o21ba_2)
   0.0992    5.1073 v core/alu_exe_unit/PipelinedMulUnit/imul/_39003_/Y (sky130_fd_sc_hd__o21ai_0)
   0.2119    5.3192 ^ core/alu_exe_unit/PipelinedMulUnit/imul/_39006_/Y (sky130_fd_sc_hd__a31oi_1)
   0.1118    5.4310 v core/alu_exe_unit/PipelinedMulUnit/imul/_39008_/Y (sky130_fd_sc_hd__o21ai_0)
   0.1895    5.6205 ^ core/alu_exe_unit/PipelinedMulUnit/imul/_39011_/Y (sky130_fd_sc_hd__a21oi_1)
   0.0998    5.7203 v core/alu_exe_unit/PipelinedMulUnit/imul/_39014_/Y (sky130_fd_sc_hd__o211ai_1)
   0.2480    5.9682 ^ core/alu_exe_unit/PipelinedMulUnit/imul/_39015_/Y (sky130_fd_sc_hd__a32oi_1)
   0.1803    6.1485 v core/alu_exe_unit/PipelinedMulUnit/imul/_39020_/Y (sky130_fd_sc_hd__o21ai_0)
   0.1960    6.3445 ^ core/alu_exe_unit/PipelinedMulUnit/imul/_39025_/Y (sky130_fd_sc_hd__a31oi_1)
   0.1017    6.4462 v core/alu_exe_unit/PipelinedMulUnit/imul/_39030_/Y (sky130_fd_sc_hd__o31ai_1)
   0.2593    6.7055 ^ core/alu_exe_unit/PipelinedMulUnit/imul/_39033_/Y (sky130_fd_sc_hd__a211oi_1)
   0.1869    6.8924 ^ core/alu_exe_unit/PipelinedMulUnit/imul/_39034_/X (sky130_fd_sc_hd__or3_1)
   0.1488    7.0412 v core/alu_exe_unit/PipelinedMulUnit/imul/_39039_/Y (sky130_fd_sc_hd__a311oi_1)
   0.6040    7.6452 ^ core/alu_exe_unit/PipelinedMulUnit/imul/_39046_/Y (sky130_fd_sc_hd__o311ai_0)
   0.3034    7.9486 ^ core/alu_exe_unit/PipelinedMulUnit/imul/_39050_/X (sky130_fd_sc_hd__a311o_1)
   0.2368    8.1855 ^ core/alu_exe_unit/PipelinedMulUnit/imul/_39053_/X (sky130_fd_sc_hd__a311o_1)
   0.1096    8.2951 v core/alu_exe_unit/PipelinedMulUnit/imul/_39058_/Y (sky130_fd_sc_hd__a211oi_1)
   0.2851    8.5801 v core/alu_exe_unit/PipelinedMulUnit/imul/_39061_/X (sky130_fd_sc_hd__o311a_1)
   0.5404    9.1205 ^ core/alu_exe_unit/PipelinedMulUnit/imul/_39065_/Y (sky130_fd_sc_hd__o311ai_0)
   0.2582    9.3788 ^ core/alu_exe_unit/PipelinedMulUnit/imul/_39071_/X (sky130_fd_sc_hd__a311o_1)
   0.2073    9.5861 ^ core/alu_exe_unit/PipelinedMulUnit/imul/_39077_/X (sky130_fd_sc_hd__a311o_1)
   0.2364    9.8225 ^ core/alu_exe_unit/PipelinedMulUnit/imul/_39082_/X (sky130_fd_sc_hd__a311o_1)
   0.1407    9.9632 v core/alu_exe_unit/PipelinedMulUnit/imul/_39086_/Y (sky130_fd_sc_hd__a311oi_1)
   0.3195   10.2827 v core/alu_exe_unit/PipelinedMulUnit/imul/_39298_/X (sky130_fd_sc_hd__o311a_1)
   0.2549   10.5376 ^ core/alu_exe_unit/PipelinedMulUnit/imul/_39443_/Y (sky130_fd_sc_hd__a21oi_1)
   0.1690   10.7066 ^ core/alu_exe_unit/PipelinedMulUnit/imul/_39667_/Y (sky130_fd_sc_hd__nand4b_1)
   0.1095   10.8161 v core/alu_exe_unit/PipelinedMulUnit/imul/_40064_/Y (sky130_fd_sc_hd__a2111oi_0)
   0.3511   11.1672 v core/alu_exe_unit/PipelinedMulUnit/imul/_40737_/X (sky130_fd_sc_hd__o311a_1)
   0.2478   11.4150 ^ core/alu_exe_unit/PipelinedMulUnit/imul/_41070_/Y (sky130_fd_sc_hd__o21ai_0)
   0.2421   11.6571 ^ core/alu_exe_unit/PipelinedMulUnit/imul/_41755_/X (sky130_fd_sc_hd__a311o_1)
   0.1259   11.7830 v core/alu_exe_unit/PipelinedMulUnit/imul/_42422_/Y (sky130_fd_sc_hd__a311oi_1)
   0.5945   12.3775 ^ core/alu_exe_unit/PipelinedMulUnit/imul/_43094_/Y (sky130_fd_sc_hd__o311ai_0)
   0.2362   12.6137 v core/alu_exe_unit/PipelinedMulUnit/imul/_43747_/Y (sky130_fd_sc_hd__a311oi_1)
   0.6182   13.2319 ^ core/alu_exe_unit/PipelinedMulUnit/imul/_44418_/Y (sky130_fd_sc_hd__o311ai_0)
   0.2245   13.4563 v core/alu_exe_unit/PipelinedMulUnit/imul/_45071_/Y (sky130_fd_sc_hd__a311oi_1)
   0.2064   13.6628 v core/alu_exe_unit/PipelinedMulUnit/imul/_47260_/X (sky130_fd_sc_hd__and4_1)
   0.2108   13.8735 ^ core/alu_exe_unit/PipelinedMulUnit/imul/_49521_/Y (sky130_fd_sc_hd__o2111ai_1)
   0.1194   13.9929 v core/alu_exe_unit/PipelinedMulUnit/imul/_49782_/Y (sky130_fd_sc_hd__a21oi_1)
   0.2635   14.2564 ^ core/alu_exe_unit/PipelinedMulUnit/imul/_50316_/Y (sky130_fd_sc_hd__o21ai_0)
   0.1305   14.3870 v core/alu_exe_unit/PipelinedMulUnit/imul/_50858_/Y (sky130_fd_sc_hd__a21oi_1)
   0.3658   14.7528 v core/alu_exe_unit/PipelinedMulUnit/imul/_50871_/X (sky130_fd_sc_hd__o311a_1)
   0.3555   15.1083 v core/alu_exe_unit/PipelinedMulUnit/imul/_51630_/X (sky130_fd_sc_hd__o311a_1)
   0.2574   15.3657 v core/alu_exe_unit/PipelinedMulUnit/imul/_52120_/X (sky130_fd_sc_hd__o211a_1)
   0.3951   15.7608 v core/alu_exe_unit/PipelinedMulUnit/imul/_52797_/X (sky130_fd_sc_hd__o311a_1)
   0.3693   16.1301 v core/alu_exe_unit/PipelinedMulUnit/imul/_53467_/X (sky130_fd_sc_hd__o311a_1)
   0.2403   16.3704 ^ core/alu_exe_unit/PipelinedMulUnit/imul/_53881_/Y (sky130_fd_sc_hd__o211ai_1)
   0.1188   16.4892 v core/alu_exe_unit/PipelinedMulUnit/imul/_54311_/Y (sky130_fd_sc_hd__a211oi_1)
   0.3489   16.8381 v core/alu_exe_unit/PipelinedMulUnit/imul/_54711_/X (sky130_fd_sc_hd__o311a_1)
   0.3770   17.2151 ^ core/alu_exe_unit/PipelinedMulUnit/imul/_55083_/Y (sky130_fd_sc_hd__o311ai_0)
   0.1854   17.4004 v core/alu_exe_unit/PipelinedMulUnit/imul/_55256_/Y (sky130_fd_sc_hd__a21boi_0)
   0.2691   17.6695 ^ core/alu_exe_unit/PipelinedMulUnit/imul/_55416_/Y (sky130_fd_sc_hd__o21ai_0)
   0.1409   17.8105 v core/alu_exe_unit/PipelinedMulUnit/imul/_55595_/Y (sky130_fd_sc_hd__a21boi_0)
   0.2489   18.0593 ^ core/alu_exe_unit/PipelinedMulUnit/imul/_55748_/Y (sky130_fd_sc_hd__o21ai_0)
   0.1040   18.1633 v core/alu_exe_unit/PipelinedMulUnit/imul/_55758_/Y (sky130_fd_sc_hd__nand2_1)
   0.1378   18.3011 v core/alu_exe_unit/PipelinedMulUnit/imul/_55907_/Y (sky130_fd_sc_hd__xnor2_1)
   0.2817   18.5828 v core/alu_exe_unit/PipelinedMulUnit/imul/_55912_/X (sky130_fd_sc_hd__a211o_1)
   0.0623   18.6450 ^ core/alu_exe_unit/PipelinedMulUnit/imul/_55913_/Y (sky130_fd_sc_hd__o21ai_0)
   0.0035   18.6485 ^ core/alu_exe_unit/PipelinedMulUnit/imul/_56661_/D (sky130_fd_sc_hd__dfxtp_1)
            18.6485   data arrival time

  20.0000   20.0000   clock clock (rise edge)
   0.0000   20.0000   clock network delay (ideal)
   0.0000   20.0000   clock reconvergence pessimism
            20.0000 ^ core/alu_exe_unit/PipelinedMulUnit/imul/_56661_/CLK (sky130_fd_sc_hd__dfxtp_1)
  -0.0760   19.9240   library setup time
            19.9240   data required time
-------------------------------------------------------------
            19.9240   data required time
           -18.6485   data arrival time
-------------------------------------------------------------
             1.2755   slack (MET)


Startpoint: core/_4046_ (rising edge-triggered flip-flop clocked by clock)
Endpoint: core/rename_stage/busytable/_2582_
          (rising edge-triggered flip-flop clocked by clock)
Path Group: clock
Path Type: max

    Delay      Time   Description
-------------------------------------------------------------
   0.0000    0.0000   clock clock (rise edge)
   0.0000    0.0000   clock network delay (ideal)
   0.0000    0.0000 ^ core/_4046_/CLK (sky130_fd_sc_hd__dfxtp_1)
   0.3440    0.3440 ^ core/_4046_/Q (sky130_fd_sc_hd__dfxtp_1)
   0.0813    0.4254 v core/_1916_/Y (sky130_fd_sc_hd__nand2_1)
   0.2362    0.6616 ^ core/_1917_/Y (sky130_fd_sc_hd__nor3_1)
   0.1018    0.7634 v core/_1918_/Y (sky130_fd_sc_hd__nand2_1)
   5.2893    6.0527 ^ core/_1923_/Y (sky130_fd_sc_hd__o21ai_0)
   0.8225    6.8752 ^ lsu/_66665_/X (sky130_fd_sc_hd__buf_4)
   0.1442    7.0193 v dcache/_3048_/Y (sky130_fd_sc_hd__a222oi_1)
   0.0861    7.1054 ^ dcache/_3049_/Y (sky130_fd_sc_hd__nand2_1)
   0.0450    7.1504 v dcache/_3050_/Y (sky130_fd_sc_hd__a221oi_1)
   0.2248    7.3753 v dcache/_3051_/X (sky130_fd_sc_hd__and4_1)
   0.0821    7.4574 ^ dcache/_3052_/Y (sky130_fd_sc_hd__nand2_1)
   0.0501    7.5075 v dcache/_3054_/Y (sky130_fd_sc_hd__nor4_1)
   0.2122    7.7196 v dcache/_3055_/X (sky130_fd_sc_hd__and3_1)
   0.0725    7.7922 ^ dcache/mshrs/_0615_/Y (sky130_fd_sc_hd__inv_1)
   0.0576    7.8498 v dcache/mshrs/_0616_/Y (sky130_fd_sc_hd__nor2_1)
   0.1500    7.9997 v dcache/mshrs/_0617_/Y (sky130_fd_sc_hd__a21boi_0)
   0.2412    8.2409 v dcache/mshrs/_0618_/X (sky130_fd_sc_hd__lpflow_inputiso0n_1)
   0.1858    8.4266 ^ dcache/mshrs/_0752_/Y (sky130_fd_sc_hd__a31oi_1)
   0.0689    8.4955 v dcache/mshrs/_0755_/Y (sky130_fd_sc_hd__nand2_1)
   0.2016    8.6972 v dcache/mshrs/_0756_/X (sky130_fd_sc_hd__a22o_1)
   0.1247    8.8219 v dcache/_3057_/X (sky130_fd_sc_hd__lpflow_isobufsrc_1)
   0.1863    9.0082 ^ dcache/_3059_/Y (sky130_fd_sc_hd__nor3b_1)
   0.2445    9.2527 ^ dcache/_3062_/X (sky130_fd_sc_hd__o31a_1)
   0.1380    9.3907 v dcache/_3065_/Y (sky130_fd_sc_hd__nor3_1)
   0.1212    9.5119 ^ dcache/_3066_/Y (sky130_fd_sc_hd__inv_1)
   0.3554    9.8673 ^ dcache/_3614_/X (sky130_fd_sc_hd__lpflow_clkbufkapwr_1)
   0.4437   10.3109 v dcache/_3618_/X (sky130_fd_sc_hd__mux2_2)
   0.1400   10.4509 ^ lsu/_33460_/Y (sky130_fd_sc_hd__nand2b_1)
   0.0821   10.5330 v lsu/_33469_/Y (sky130_fd_sc_hd__nor3_1)
   0.1833   10.7163 v lsu/_33470_/X (sky130_fd_sc_hd__clkbuf_1)
   0.3555   11.0718 ^ lsu/_33474_/Y (sky130_fd_sc_hd__a222oi_1)
   0.1643   11.2360 v lsu/_33475_/Y (sky130_fd_sc_hd__nand4_1)
   0.2337   11.4698 ^ lsu/_33490_/Y (sky130_fd_sc_hd__o21ai_0)
   0.0933   11.5631 v lsu/_33503_/Y (sky130_fd_sc_hd__nand3b_1)
   0.1307   11.6937 ^ lsu/_33504_/Y (sky130_fd_sc_hd__o21ai_0)
   0.1745   11.8682 ^ core/memExeUnit/_195_/X (sky130_fd_sc_hd__buf_4)
   0.2807   12.1488 ^ core/ll_wbarb/_009_/X (sky130_fd_sc_hd__clkbuf_1)
   0.3857   12.5345 ^ core/ll_wbarb/_018_/X (sky130_fd_sc_hd__lpflow_clkbufkapwr_1)
   0.3834   12.9179 v core/ll_wbarb/_028_/X (sky130_fd_sc_hd__mux2_2)
   4.4771   17.3951 ^ core/_3820_/Y (sky130_fd_sc_hd__nor3b_1)
   0.2477   17.6428 v core/rename_stage/busytable/_2390_/Y (sky130_fd_sc_hd__nand2_1)
   0.4968   18.1396 v core/rename_stage/busytable/_2391_/X (sky130_fd_sc_hd__or2_2)
   0.1855   18.3251 v core/rename_stage/busytable/_2392_/X (sky130_fd_sc_hd__lpflow_clkbufkapwr_1)
   0.1743   18.4994 ^ core/rename_stage/busytable/_2462_/Y (sky130_fd_sc_hd__o21ai_0)
   0.0791   18.5786 v core/rename_stage/busytable/_2464_/Y (sky130_fd_sc_hd__a21oi_1)
   0.0035   18.5820 v core/rename_stage/busytable/_2582_/D (sky130_fd_sc_hd__dfxtp_1)
            18.5820   data arrival time

  20.0000   20.0000   clock clock (rise edge)
   0.0000   20.0000   clock network delay (ideal)
   0.0000   20.0000   clock reconvergence pessimism
            20.0000 ^ core/rename_stage/busytable/_2582_/CLK (sky130_fd_sc_hd__dfxtp_1)
  -0.1339   19.8661   library setup time
            19.8661   data required time
-------------------------------------------------------------
            19.8661   data required time
           -18.5820   data arrival time
-------------------------------------------------------------
             1.2841   slack (MET)


Startpoint: core/_4046_ (rising edge-triggered flip-flop clocked by clock)
Endpoint: core/int_issue_unit/slots_5/_1036_
          (rising edge-triggered flip-flop clocked by clock)
Path Group: clock
Path Type: max

    Delay      Time   Description
-------------------------------------------------------------
   0.0000    0.0000   clock clock (rise edge)
   0.0000    0.0000   clock network delay (ideal)
   0.0000    0.0000 ^ core/_4046_/CLK (sky130_fd_sc_hd__dfxtp_1)
   0.3440    0.3440 ^ core/_4046_/Q (sky130_fd_sc_hd__dfxtp_1)
   0.0813    0.4254 v core/_1916_/Y (sky130_fd_sc_hd__nand2_1)
   0.2362    0.6616 ^ core/_1917_/Y (sky130_fd_sc_hd__nor3_1)
   0.1018    0.7634 v core/_1918_/Y (sky130_fd_sc_hd__nand2_1)
   5.2893    6.0527 ^ core/_1923_/Y (sky130_fd_sc_hd__o21ai_0)
   0.8225    6.8752 ^ lsu/_66665_/X (sky130_fd_sc_hd__buf_4)
   0.1442    7.0193 v dcache/_3048_/Y (sky130_fd_sc_hd__a222oi_1)
   0.0861    7.1054 ^ dcache/_3049_/Y (sky130_fd_sc_hd__nand2_1)
   0.0450    7.1504 v dcache/_3050_/Y (sky130_fd_sc_hd__a221oi_1)
   0.2248    7.3753 v dcache/_3051_/X (sky130_fd_sc_hd__and4_1)
   0.0821    7.4574 ^ dcache/_3052_/Y (sky130_fd_sc_hd__nand2_1)
   0.0501    7.5075 v dcache/_3054_/Y (sky130_fd_sc_hd__nor4_1)
   0.2122    7.7196 v dcache/_3055_/X (sky130_fd_sc_hd__and3_1)
   0.0725    7.7922 ^ dcache/mshrs/_0615_/Y (sky130_fd_sc_hd__inv_1)
   0.0576    7.8498 v dcache/mshrs/_0616_/Y (sky130_fd_sc_hd__nor2_1)
   0.1500    7.9997 v dcache/mshrs/_0617_/Y (sky130_fd_sc_hd__a21boi_0)
   0.2412    8.2409 v dcache/mshrs/_0618_/X (sky130_fd_sc_hd__lpflow_inputiso0n_1)
   0.1858    8.4266 ^ dcache/mshrs/_0752_/Y (sky130_fd_sc_hd__a31oi_1)
   0.0689    8.4955 v dcache/mshrs/_0755_/Y (sky130_fd_sc_hd__nand2_1)
   0.2016    8.6972 v dcache/mshrs/_0756_/X (sky130_fd_sc_hd__a22o_1)
   0.1247    8.8219 v dcache/_3057_/X (sky130_fd_sc_hd__lpflow_isobufsrc_1)
   0.1863    9.0082 ^ dcache/_3059_/Y (sky130_fd_sc_hd__nor3b_1)
   0.2445    9.2527 ^ dcache/_3062_/X (sky130_fd_sc_hd__o31a_1)
   0.1380    9.3907 v dcache/_3065_/Y (sky130_fd_sc_hd__nor3_1)
   0.1212    9.5119 ^ dcache/_3066_/Y (sky130_fd_sc_hd__inv_1)
   0.3554    9.8673 ^ dcache/_3614_/X (sky130_fd_sc_hd__lpflow_clkbufkapwr_1)
   0.4437   10.3109 v dcache/_3618_/X (sky130_fd_sc_hd__mux2_2)
   0.1400   10.4509 ^ lsu/_33460_/Y (sky130_fd_sc_hd__nand2b_1)
   0.0821   10.5330 v lsu/_33469_/Y (sky130_fd_sc_hd__nor3_1)
   0.3411   10.8740 v lsu/_48005_/X (sky130_fd_sc_hd__a221o_1)
   0.2063   11.0803 ^ lsu/_48006_/Y (sky130_fd_sc_hd__a221oi_1)
   0.1221   11.2024 v lsu/_48007_/Y (sky130_fd_sc_hd__nand4_1)
   0.2141   11.4165 ^ lsu/_48008_/Y (sky130_fd_sc_hd__a221oi_1)
   0.0839   11.5004 v lsu/_48009_/Y (sky130_fd_sc_hd__nand2_1)
   0.0935   11.5939 ^ lsu/_48010_/Y (sky130_fd_sc_hd__o211ai_1)
   0.0946   11.6886 v lsu/_48011_/Y (sky130_fd_sc_hd__o21ai_0)
   0.1936   11.8822 ^ lsu/_48022_/Y (sky130_fd_sc_hd__o21ai_0)
   0.0971   11.9793 v lsu/_48023_/X (sky130_fd_sc_hd__xor2_1)
   0.0746   12.0539 ^ lsu/_48024_/Y (sky130_fd_sc_hd__nand2_1)
   2.8809   14.9348 ^ lsu/_48025_/X (sky130_fd_sc_hd__o41a_1)
   0.5168   15.4516 v core/int_issue_unit/slots_6/_0519_/Y (sky130_fd_sc_hd__o21ai_0)
   0.2136   15.6652 ^ core/int_issue_unit/slots_6/_0525_/Y (sky130_fd_sc_hd__nand2_1)
   0.1594   15.8246 ^ core/int_issue_unit/slots_6/_0628_/X (sky130_fd_sc_hd__lpflow_inputiso0n_1)
   0.0529   15.8775 v core/int_issue_unit/_13833_/Y (sky130_fd_sc_hd__inv_1)
   0.4232   16.3008 v core/int_issue_unit/_13835_/X (sky130_fd_sc_hd__o41a_1)
   0.0596   16.3604 ^ core/int_issue_unit/_13836_/Y (sky130_fd_sc_hd__inv_1)
   0.2479   16.6083 ^ core/int_issue_unit/slots_5/_0487_/X (sky130_fd_sc_hd__clkbuf_1)
   0.3236   16.9319 ^ core/int_issue_unit/slots_5/_0575_/X (sky130_fd_sc_hd__buf_2)
   0.6441   17.5759 ^ core/int_issue_unit/slots_5/_0618_/Y (sky130_fd_sc_hd__mux2i_1)
   0.1681   17.7440 v core/int_issue_unit/slots_5/_0831_/Y (sky130_fd_sc_hd__o22ai_1)
   0.5121   18.2561 ^ core/int_issue_unit/slots_5/_0835_/Y (sky130_fd_sc_hd__a2111oi_0)
   0.1392   18.3953 v core/int_issue_unit/slots_5/_0836_/Y (sky130_fd_sc_hd__a22oi_1)
   0.2312   18.6265 ^ core/int_issue_unit/slots_5/_0837_/Y (sky130_fd_sc_hd__a41oi_1)
   0.0035   18.6300 ^ core/int_issue_unit/slots_5/_1036_/D (sky130_fd_sc_hd__dfxtp_1)
            18.6300   data arrival time

  20.0000   20.0000   clock clock (rise edge)
   0.0000   20.0000   clock network delay (ideal)
   0.0000   20.0000   clock reconvergence pessimism
            20.0000 ^ core/int_issue_unit/slots_5/_1036_/CLK (sky130_fd_sc_hd__dfxtp_1)
  -0.0822   19.9178   library setup time
            19.9178   data required time
-------------------------------------------------------------
            19.9178   data required time
           -18.6300   data arrival time
-------------------------------------------------------------
             1.2878   slack (MET)


Startpoint: core/FpPipeline/fpu_exe_unit/FPUUnit/fpu/dfma/_1310_
            (rising edge-triggered flip-flop clocked by clock)
Endpoint: core/FpPipeline/fpu_exe_unit/FPUUnit/fpu/dfma/fma/_31061_
          (rising edge-triggered flip-flop clocked by clock)
Path Group: clock
Path Type: max

    Delay      Time   Description
-------------------------------------------------------------
   0.0000    0.0000   clock clock (rise edge)
   0.0000    0.0000   clock network delay (ideal)
   0.0000    0.0000 ^ core/FpPipeline/fpu_exe_unit/FPUUnit/fpu/dfma/_1310_/CLK (sky130_fd_sc_hd__dfxtp_1)
   0.2995    0.2995 v core/FpPipeline/fpu_exe_unit/FPUUnit/fpu/dfma/_1310_/Q (sky130_fd_sc_hd__dfxtp_1)
   0.1614    0.4609 v core/FpPipeline/fpu_exe_unit/FPUUnit/fpu/dfma/fma/mulAddRecFNToRaw_preMul/_1092_/Y (sky130_fd_sc_hd__xnor2_1)
   0.3226    0.7835 ^ core/FpPipeline/fpu_exe_unit/FPUUnit/fpu/dfma/fma/mulAddRecFNToRaw_preMul/_1094_/Y (sky130_fd_sc_hd__o21ai_0)
   0.1761    0.9596 v core/FpPipeline/fpu_exe_unit/FPUUnit/fpu/dfma/fma/mulAddRecFNToRaw_preMul/_1097_/Y (sky130_fd_sc_hd__a31oi_1)
   0.4045    1.3640 v core/FpPipeline/fpu_exe_unit/FPUUnit/fpu/dfma/fma/mulAddRecFNToRaw_preMul/_1098_/X (sky130_fd_sc_hd__maj3_1)
   0.3959    1.7600 v core/FpPipeline/fpu_exe_unit/FPUUnit/fpu/dfma/fma/mulAddRecFNToRaw_preMul/_1099_/X (sky130_fd_sc_hd__maj3_1)
   0.3973    2.1573 v core/FpPipeline/fpu_exe_unit/FPUUnit/fpu/dfma/fma/mulAddRecFNToRaw_preMul/_1100_/X (sky130_fd_sc_hd__maj3_1)
   0.4055    2.5628 v core/FpPipeline/fpu_exe_unit/FPUUnit/fpu/dfma/fma/mulAddRecFNToRaw_preMul/_1101_/X (sky130_fd_sc_hd__maj3_1)
   0.3551    2.9179 v core/FpPipeline/fpu_exe_unit/FPUUnit/fpu/dfma/fma/mulAddRecFNToRaw_preMul/_1121_/X (sky130_fd_sc_hd__maj3_1)
   0.2007    3.1186 v core/FpPipeline/fpu_exe_unit/FPUUnit/fpu/dfma/fma/mulAddRecFNToRaw_preMul/_1122_/X (sky130_fd_sc_hd__xor2_1)
   0.1942    3.3128 ^ core/FpPipeline/fpu_exe_unit/FPUUnit/fpu/dfma/fma/mulAddRecFNToRaw_preMul/_1152_/Y (sky130_fd_sc_hd__o221ai_1)
   0.1518    3.4647 v core/FpPipeline/fpu_exe_unit/FPUUnit/fpu/dfma/fma/mulAddRecFNToRaw_preMul/_1158_/Y (sky130_fd_sc_hd__a32oi_1)
   0.4189    3.8835 v core/FpPipeline/fpu_exe_unit/FPUUnit/fpu/dfma/fma/mulAddRecFNToRaw_preMul/_1159_/X (sky130_fd_sc_hd__maj3_1)
   0.2588    4.1424 v core/FpPipeline/fpu_exe_unit/FPUUnit/fpu/dfma/fma/mulAddRecFNToRaw_preMul/_1177_/X (sky130_fd_sc_hd__o2111a_1)
   0.1835    4.3259 v core/FpPipeline/fpu_exe_unit/FPUUnit/fpu/dfma/fma/mulAddRecFNToRaw_preMul/_1178_/X (sky130_fd_sc_hd__clkbuf_1)
   0.1411    4.4670 ^ core/FpPipeline/fpu_exe_unit/FPUUnit/fpu/dfma/fma/mulAddRecFNToRaw_preMul/_1203_/Y (sky130_fd_sc_hd__nand4_1)
   0.3339    4.8008 ^ core/FpPipeline/fpu_exe_unit/FPUUnit/fpu/dfma/fma/mulAddRecFNToRaw_preMul/_1204_/X (sky130_fd_sc_hd__lpflow_clkbufkapwr_1)
   0.3198    5.1206 ^ core/FpPipeline/fpu_exe_unit/FPUUnit/fpu/dfma/fma/mulAddRecFNToRaw_preMul/_1307_/X (sky130_fd_sc_hd__buf_2)
   0.4406    5.5612 ^ core/FpPipeline/fpu_exe_unit/FPUUnit/fpu/dfma/fma/mulAddRecFNToRaw_preMul/_1308_/X (sky130_fd_sc_hd__lpflow_clkbufkapwr_1)
   0.4049    5.9661 v core/FpPipeline/fpu_exe_unit/FPUUnit/fpu/dfma/fma/mulAddRecFNToRaw_preMul/_1618_/X (sky130_fd_sc_hd__mux2_2)
   0.1693    6.1354 ^ core/FpPipeline/fpu_exe_unit/FPUUnit/fpu/dfma/fma/mulAddRecFNToRaw_preMul/_1760_/Y (sky130_fd_sc_hd__mux2i_1)
   0.0586    6.1940 v core/FpPipeline/fpu_exe_unit/FPUUnit/fpu/dfma/fma/mulAddRecFNToRaw_preMul/_1761_/Y (sky130_fd_sc_hd__nor2_1)
   0.1499    6.3440 ^ core/FpPipeline/fpu_exe_unit/FPUUnit/fpu/dfma/fma/mulAddRecFNToRaw_preMul/_1762_/Y (sky130_fd_sc_hd__a21oi_1)
   0.1072    6.4511 v core/FpPipeline/fpu_exe_unit/FPUUnit/fpu/dfma/fma/mulAddRecFNToRaw_preMul/_1763_/Y (sky130_fd_sc_hd__mux2i_1)
   0.2246    6.6758 ^ core/FpPipeline/fpu_exe_unit/FPUUnit/fpu/dfma/fma/mulAddRecFNToRaw_preMul/_1764_/Y (sky130_fd_sc_hd__a21oi_1)
   0.0630    6.7388 v core/FpPipeline/fpu_exe_unit/FPUUnit/fpu/dfma/fma/mulAddRecFNToRaw_preMul/_1765_/Y (sky130_fd_sc_hd__nor2_1)
   0.1979    6.9367 v core/FpPipeline/fpu_exe_unit/FPUUnit/fpu/dfma/fma/mulAddRecFNToRaw_preMul/_1766_/X (sky130_fd_sc_hd__o22a_1)
   0.3822    7.3188 v core/FpPipeline/fpu_exe_unit/FPUUnit/fpu/dfma/fma/_15620_/X (sky130_fd_sc_hd__xnor3_1)
   0.3965    7.7153 v core/FpPipeline/fpu_exe_unit/FPUUnit/fpu/dfma/fma/_15633_/X (sky130_fd_sc_hd__maj3_1)
   0.3777    8.0930 v core/FpPipeline/fpu_exe_unit/FPUUnit/fpu/dfma/fma/_15654_/X (sky130_fd_sc_hd__maj3_1)
   0.3929    8.4859 v core/FpPipeline/fpu_exe_unit/FPUUnit/fpu/dfma/fma/_15683_/X (sky130_fd_sc_hd__maj3_1)
   0.3979    8.8837 v core/FpPipeline/fpu_exe_unit/FPUUnit/fpu/dfma/fma/_15706_/X (sky130_fd_sc_hd__xor3_1)
   0.1695    9.0532 ^ core/FpPipeline/fpu_exe_unit/FPUUnit/fpu/dfma/fma/_15717_/Y (sky130_fd_sc_hd__nor2_1)
   0.2705    9.3237 ^ core/FpPipeline/fpu_exe_unit/FPUUnit/fpu/dfma/fma/_15755_/X (sky130_fd_sc_hd__xor3_1)
   0.1383    9.4620 v core/FpPipeline/fpu_exe_unit/FPUUnit/fpu/dfma/fma/_15756_/Y (sky130_fd_sc_hd__nand4bb_1)
   0.3515    9.8135 v core/FpPipeline/fpu_exe_unit/FPUUnit/fpu/dfma/fma/_15806_/X (sky130_fd_sc_hd__or2_2)
   0.3724   10.1859 v core/FpPipeline/fpu_exe_unit/FPUUnit/fpu/dfma/fma/_15860_/X (sky130_fd_sc_hd__maj3_1)
   0.3772   10.5631 v core/FpPipeline/fpu_exe_unit/FPUUnit/fpu/dfma/fma/_15917_/X (sky130_fd_sc_hd__maj3_1)
   0.3659   10.9290 v core/FpPipeline/fpu_exe_unit/FPUUnit/fpu/dfma/fma/_15983_/X (sky130_fd_sc_hd__maj3_1)
   0.3689   11.2979 v core/FpPipeline/fpu_exe_unit/FPUUnit/fpu/dfma/fma/_16051_/X (sky130_fd_sc_hd__maj3_1)
   0.3764   11.6743 v core/FpPipeline/fpu_exe_unit/FPUUnit/fpu/dfma/fma/_16118_/X (sky130_fd_sc_hd__maj3_1)
   0.3716   12.0459 v core/FpPipeline/fpu_exe_unit/FPUUnit/fpu/dfma/fma/_16205_/X (sky130_fd_sc_hd__maj3_1)
   0.3696   12.4155 v core/FpPipeline/fpu_exe_unit/FPUUnit/fpu/dfma/fma/_16303_/X (sky130_fd_sc_hd__maj3_1)
   0.2276   12.6431 ^ core/FpPipeline/fpu_exe_unit/FPUUnit/fpu/dfma/fma/_16397_/Y (sky130_fd_sc_hd__o22ai_1)
   0.1101   12.7532 v core/FpPipeline/fpu_exe_unit/FPUUnit/fpu/dfma/fma/_16924_/Y (sky130_fd_sc_hd__a211oi_1)
   0.3411   13.0942 ^ core/FpPipeline/fpu_exe_unit/FPUUnit/fpu/dfma/fma/_16925_/Y (sky130_fd_sc_hd__o311ai_0)
   0.1916   13.2859 v core/FpPipeline/fpu_exe_unit/FPUUnit/fpu/dfma/fma/_17063_/Y (sky130_fd_sc_hd__nand4_1)
   0.2608   13.5467 ^ core/FpPipeline/fpu_exe_unit/FPUUnit/fpu/dfma/fma/_17356_/Y (sky130_fd_sc_hd__a211oi_1)
   0.2232   13.7699 v core/FpPipeline/fpu_exe_unit/FPUUnit/fpu/dfma/fma/_17676_/Y (sky130_fd_sc_hd__o311ai_0)
   0.3464   14.1163 ^ core/FpPipeline/fpu_exe_unit/FPUUnit/fpu/dfma/fma/_17985_/Y (sky130_fd_sc_hd__a211oi_1)
   0.1544   14.2707 v core/FpPipeline/fpu_exe_unit/FPUUnit/fpu/dfma/fma/_18286_/Y (sky130_fd_sc_hd__o211ai_1)
   0.4838   14.7545 ^ core/FpPipeline/fpu_exe_unit/FPUUnit/fpu/dfma/fma/_19008_/Y (sky130_fd_sc_hd__a2111oi_0)
   0.2138   14.9683 v core/FpPipeline/fpu_exe_unit/FPUUnit/fpu/dfma/fma/_19804_/Y (sky130_fd_sc_hd__a21oi_1)
   0.3577   15.3260 v core/FpPipeline/fpu_exe_unit/FPUUnit/fpu/dfma/fma/_21792_/X (sky130_fd_sc_hd__o31a_1)
   0.3666   15.6926 ^ core/FpPipeline/fpu_exe_unit/FPUUnit/fpu/dfma/fma/_22055_/Y (sky130_fd_sc_hd__o31ai_1)
   0.2541   15.9466 ^ core/FpPipeline/fpu_exe_unit/FPUUnit/fpu/dfma/fma/_22585_/X (sky130_fd_sc_hd__a221o_1)
   0.1319   16.0785 v core/FpPipeline/fpu_exe_unit/FPUUnit/fpu/dfma/fma/_23138_/Y (sky130_fd_sc_hd__a31oi_1)
   0.3718   16.4503 ^ core/FpPipeline/fpu_exe_unit/FPUUnit/fpu/dfma/fma/_23671_/Y (sky130_fd_sc_hd__o21ai_0)
   0.2962   16.7465 ^ core/FpPipeline/fpu_exe_unit/FPUUnit/fpu/dfma/fma/_25679_/X (sky130_fd_sc_hd__and4b_1)
   0.2439   16.9904 ^ core/FpPipeline/fpu_exe_unit/FPUUnit/fpu/dfma/fma/_26580_/X (sky130_fd_sc_hd__o2111a_1)
   0.1495   17.1399 v core/FpPipeline/fpu_exe_unit/FPUUnit/fpu/dfma/fma/_28099_/Y (sky130_fd_sc_hd__o2111ai_1)
   0.3197   17.4597 ^ core/FpPipeline/fpu_exe_unit/FPUUnit/fpu/dfma/fma/_28721_/Y (sky130_fd_sc_hd__o2111ai_1)
   0.1877   17.6474 v core/FpPipeline/fpu_exe_unit/FPUUnit/fpu/dfma/fma/_29003_/Y (sky130_fd_sc_hd__a31oi_1)
   0.2882   17.9355 ^ core/FpPipeline/fpu_exe_unit/FPUUnit/fpu/dfma/fma/_29260_/Y (sky130_fd_sc_hd__o221ai_1)
   0.1789   18.1144 v core/FpPipeline/fpu_exe_unit/FPUUnit/fpu/dfma/fma/_29513_/Y (sky130_fd_sc_hd__a22oi_1)
   0.1591   18.2734 ^ core/FpPipeline/fpu_exe_unit/FPUUnit/fpu/dfma/fma/_29621_/Y (sky130_fd_sc_hd__nor2_1)
   0.0651   18.3385 v core/FpPipeline/fpu_exe_unit/FPUUnit/fpu/dfma/fma/_29626_/Y (sky130_fd_sc_hd__nor2_1)
   0.1524   18.4909 ^ core/FpPipeline/fpu_exe_unit/FPUUnit/fpu/dfma/fma/_29734_/Y (sky130_fd_sc_hd__xnor2_1)
   0.0787   18.5696 v core/FpPipeline/fpu_exe_unit/FPUUnit/fpu/dfma/fma/_29737_/Y (sky130_fd_sc_hd__a21oi_1)
   0.0035   18.5731 v core/FpPipeline/fpu_exe_unit/FPUUnit/fpu/dfma/fma/_31061_/D (sky130_fd_sc_hd__dfxtp_1)
            18.5731   data arrival time

  20.0000   20.0000   clock clock (rise edge)
   0.0000   20.0000   clock network delay (ideal)
   0.0000   20.0000   clock reconvergence pessimism
            20.0000 ^ core/FpPipeline/fpu_exe_unit/FPUUnit/fpu/dfma/fma/_31061_/CLK (sky130_fd_sc_hd__dfxtp_1)
  -0.1345   19.8655   library setup time
            19.8655   data required time
-------------------------------------------------------------
            19.8655   data required time
           -18.5731   data arrival time
-------------------------------------------------------------
             1.2925   slack (MET)


Startpoint: core/_4046_ (rising edge-triggered flip-flop clocked by clock)
Endpoint: core/int_issue_unit/slots_13/_1039_
          (rising edge-triggered flip-flop clocked by clock)
Path Group: clock
Path Type: max

    Delay      Time   Description
-------------------------------------------------------------
   0.0000    0.0000   clock clock (rise edge)
   0.0000    0.0000   clock network delay (ideal)
   0.0000    0.0000 ^ core/_4046_/CLK (sky130_fd_sc_hd__dfxtp_1)
   0.3440    0.3440 ^ core/_4046_/Q (sky130_fd_sc_hd__dfxtp_1)
   0.0813    0.4254 v core/_1916_/Y (sky130_fd_sc_hd__nand2_1)
   0.2362    0.6616 ^ core/_1917_/Y (sky130_fd_sc_hd__nor3_1)
   0.1018    0.7634 v core/_1918_/Y (sky130_fd_sc_hd__nand2_1)
   5.2893    6.0527 ^ core/_1923_/Y (sky130_fd_sc_hd__o21ai_0)
   0.8225    6.8752 ^ lsu/_66665_/X (sky130_fd_sc_hd__buf_4)
   0.1442    7.0193 v dcache/_3048_/Y (sky130_fd_sc_hd__a222oi_1)
   0.0861    7.1054 ^ dcache/_3049_/Y (sky130_fd_sc_hd__nand2_1)
   0.0450    7.1504 v dcache/_3050_/Y (sky130_fd_sc_hd__a221oi_1)
   0.2248    7.3753 v dcache/_3051_/X (sky130_fd_sc_hd__and4_1)
   0.0821    7.4574 ^ dcache/_3052_/Y (sky130_fd_sc_hd__nand2_1)
   0.0501    7.5075 v dcache/_3054_/Y (sky130_fd_sc_hd__nor4_1)
   0.2122    7.7196 v dcache/_3055_/X (sky130_fd_sc_hd__and3_1)
   0.0725    7.7922 ^ dcache/mshrs/_0615_/Y (sky130_fd_sc_hd__inv_1)
   0.0576    7.8498 v dcache/mshrs/_0616_/Y (sky130_fd_sc_hd__nor2_1)
   0.1500    7.9997 v dcache/mshrs/_0617_/Y (sky130_fd_sc_hd__a21boi_0)
   0.2412    8.2409 v dcache/mshrs/_0618_/X (sky130_fd_sc_hd__lpflow_inputiso0n_1)
   0.1858    8.4266 ^ dcache/mshrs/_0752_/Y (sky130_fd_sc_hd__a31oi_1)
   0.0689    8.4955 v dcache/mshrs/_0755_/Y (sky130_fd_sc_hd__nand2_1)
   0.2016    8.6972 v dcache/mshrs/_0756_/X (sky130_fd_sc_hd__a22o_1)
   0.1247    8.8219 v dcache/_3057_/X (sky130_fd_sc_hd__lpflow_isobufsrc_1)
   0.1863    9.0082 ^ dcache/_3059_/Y (sky130_fd_sc_hd__nor3b_1)
   0.2445    9.2527 ^ dcache/_3062_/X (sky130_fd_sc_hd__o31a_1)
   0.1380    9.3907 v dcache/_3065_/Y (sky130_fd_sc_hd__nor3_1)
   0.1212    9.5119 ^ dcache/_3066_/Y (sky130_fd_sc_hd__inv_1)
   0.3554    9.8673 ^ dcache/_3614_/X (sky130_fd_sc_hd__lpflow_clkbufkapwr_1)
   0.4437   10.3109 v dcache/_3618_/X (sky130_fd_sc_hd__mux2_2)
   0.1400   10.4509 ^ lsu/_33460_/Y (sky130_fd_sc_hd__nand2b_1)
   0.0821   10.5330 v lsu/_33469_/Y (sky130_fd_sc_hd__nor3_1)
   0.3411   10.8740 v lsu/_48005_/X (sky130_fd_sc_hd__a221o_1)
   0.2063   11.0803 ^ lsu/_48006_/Y (sky130_fd_sc_hd__a221oi_1)
   0.1221   11.2024 v lsu/_48007_/Y (sky130_fd_sc_hd__nand4_1)
   0.2141   11.4165 ^ lsu/_48008_/Y (sky130_fd_sc_hd__a221oi_1)
   0.0839   11.5004 v lsu/_48009_/Y (sky130_fd_sc_hd__nand2_1)
   0.0935   11.5939 ^ lsu/_48010_/Y (sky130_fd_sc_hd__o211ai_1)
   0.0946   11.6886 v lsu/_48011_/Y (sky130_fd_sc_hd__o21ai_0)
   0.1936   11.8822 ^ lsu/_48022_/Y (sky130_fd_sc_hd__o21ai_0)
   0.0971   11.9793 v lsu/_48023_/X (sky130_fd_sc_hd__xor2_1)
   0.0746   12.0539 ^ lsu/_48024_/Y (sky130_fd_sc_hd__nand2_1)
   2.8809   14.9348 ^ lsu/_48025_/X (sky130_fd_sc_hd__o41a_1)
   0.5168   15.4516 v core/int_issue_unit/slots_14/_0519_/Y (sky130_fd_sc_hd__o21ai_0)
   0.2136   15.6652 ^ core/int_issue_unit/slots_14/_0525_/Y (sky130_fd_sc_hd__nand2_1)
   0.1786   15.8438 ^ core/int_issue_unit/slots_14/_0628_/X (sky130_fd_sc_hd__lpflow_inputiso0n_1)
   0.0471   15.8909 v core/int_issue_unit/_13858_/Y (sky130_fd_sc_hd__inv_1)
   0.2801   16.1711 ^ core/int_issue_unit/_13860_/Y (sky130_fd_sc_hd__o31ai_1)
   0.2898   16.4608 ^ core/int_issue_unit/slots_13/_0487_/X (sky130_fd_sc_hd__clkbuf_1)
   0.3235   16.7843 ^ core/int_issue_unit/slots_13/_0575_/X (sky130_fd_sc_hd__buf_2)
   0.5714   17.3557 ^ core/int_issue_unit/slots_13/_0578_/Y (sky130_fd_sc_hd__mux2i_1)
   0.1649   17.5206 v core/int_issue_unit/slots_13/_0940_/Y (sky130_fd_sc_hd__o22ai_1)
   0.3013   17.8218 ^ core/int_issue_unit/slots_13/_0941_/Y (sky130_fd_sc_hd__a221oi_1)
   0.1513   17.9732 v core/int_issue_unit/slots_13/_0944_/Y (sky130_fd_sc_hd__o2111ai_1)
   0.4448   18.4180 v core/int_issue_unit/slots_13/_0950_/X (sky130_fd_sc_hd__or2_2)
   0.1871   18.6051 ^ core/int_issue_unit/slots_13/_0973_/Y (sky130_fd_sc_hd__a41oi_1)
   0.0035   18.6086 ^ core/int_issue_unit/slots_13/_1039_/D (sky130_fd_sc_hd__dfxtp_1)
            18.6086   data arrival time

  20.0000   20.0000   clock clock (rise edge)
   0.0000   20.0000   clock network delay (ideal)
   0.0000   20.0000   clock reconvergence pessimism
            20.0000 ^ core/int_issue_unit/slots_13/_1039_/CLK (sky130_fd_sc_hd__dfxtp_1)
  -0.0821   19.9179   library setup time
            19.9179   data required time
-------------------------------------------------------------
            19.9179   data required time
           -18.6086   data arrival time
-------------------------------------------------------------
             1.3093   slack (MET)


Startpoint: core/_4046_ (rising edge-triggered flip-flop clocked by clock)
Endpoint: core/rename_stage/busytable/_2517_
          (rising edge-triggered flip-flop clocked by clock)
Path Group: clock
Path Type: max

    Delay      Time   Description
-------------------------------------------------------------
   0.0000    0.0000   clock clock (rise edge)
   0.0000    0.0000   clock network delay (ideal)
   0.0000    0.0000 ^ core/_4046_/CLK (sky130_fd_sc_hd__dfxtp_1)
   0.3440    0.3440 ^ core/_4046_/Q (sky130_fd_sc_hd__dfxtp_1)
   0.0813    0.4254 v core/_1916_/Y (sky130_fd_sc_hd__nand2_1)
   0.2362    0.6616 ^ core/_1917_/Y (sky130_fd_sc_hd__nor3_1)
   0.1018    0.7634 v core/_1918_/Y (sky130_fd_sc_hd__nand2_1)
   5.2893    6.0527 ^ core/_1923_/Y (sky130_fd_sc_hd__o21ai_0)
   0.8225    6.8752 ^ lsu/_66665_/X (sky130_fd_sc_hd__buf_4)
   0.1442    7.0193 v dcache/_3048_/Y (sky130_fd_sc_hd__a222oi_1)
   0.0861    7.1054 ^ dcache/_3049_/Y (sky130_fd_sc_hd__nand2_1)
   0.0450    7.1504 v dcache/_3050_/Y (sky130_fd_sc_hd__a221oi_1)
   0.2248    7.3753 v dcache/_3051_/X (sky130_fd_sc_hd__and4_1)
   0.0821    7.4574 ^ dcache/_3052_/Y (sky130_fd_sc_hd__nand2_1)
   0.0501    7.5075 v dcache/_3054_/Y (sky130_fd_sc_hd__nor4_1)
   0.2122    7.7196 v dcache/_3055_/X (sky130_fd_sc_hd__and3_1)
   0.0725    7.7922 ^ dcache/mshrs/_0615_/Y (sky130_fd_sc_hd__inv_1)
   0.0576    7.8498 v dcache/mshrs/_0616_/Y (sky130_fd_sc_hd__nor2_1)
   0.1500    7.9997 v dcache/mshrs/_0617_/Y (sky130_fd_sc_hd__a21boi_0)
   0.2412    8.2409 v dcache/mshrs/_0618_/X (sky130_fd_sc_hd__lpflow_inputiso0n_1)
   0.1858    8.4266 ^ dcache/mshrs/_0752_/Y (sky130_fd_sc_hd__a31oi_1)
   0.0689    8.4955 v dcache/mshrs/_0755_/Y (sky130_fd_sc_hd__nand2_1)
   0.2016    8.6972 v dcache/mshrs/_0756_/X (sky130_fd_sc_hd__a22o_1)
   0.1247    8.8219 v dcache/_3057_/X (sky130_fd_sc_hd__lpflow_isobufsrc_1)
   0.1863    9.0082 ^ dcache/_3059_/Y (sky130_fd_sc_hd__nor3b_1)
   0.2445    9.2527 ^ dcache/_3062_/X (sky130_fd_sc_hd__o31a_1)
   0.1380    9.3907 v dcache/_3065_/Y (sky130_fd_sc_hd__nor3_1)
   0.1212    9.5119 ^ dcache/_3066_/Y (sky130_fd_sc_hd__inv_1)
   0.3554    9.8673 ^ dcache/_3614_/X (sky130_fd_sc_hd__lpflow_clkbufkapwr_1)
   0.4437   10.3109 v dcache/_3618_/X (sky130_fd_sc_hd__mux2_2)
   0.1400   10.4509 ^ lsu/_33460_/Y (sky130_fd_sc_hd__nand2b_1)
   0.0821   10.5330 v lsu/_33469_/Y (sky130_fd_sc_hd__nor3_1)
   0.1833   10.7163 v lsu/_33470_/X (sky130_fd_sc_hd__clkbuf_1)
   0.3555   11.0718 ^ lsu/_33474_/Y (sky130_fd_sc_hd__a222oi_1)
   0.1643   11.2360 v lsu/_33475_/Y (sky130_fd_sc_hd__nand4_1)
   0.2337   11.4698 ^ lsu/_33490_/Y (sky130_fd_sc_hd__o21ai_0)
   0.0933   11.5631 v lsu/_33503_/Y (sky130_fd_sc_hd__nand3b_1)
   0.1307   11.6937 ^ lsu/_33504_/Y (sky130_fd_sc_hd__o21ai_0)
   0.1745   11.8682 ^ core/memExeUnit/_195_/X (sky130_fd_sc_hd__buf_4)
   0.2807   12.1488 ^ core/ll_wbarb/_009_/X (sky130_fd_sc_hd__clkbuf_1)
   0.3857   12.5345 ^ core/ll_wbarb/_018_/X (sky130_fd_sc_hd__lpflow_clkbufkapwr_1)
   0.3834   12.9179 v core/ll_wbarb/_028_/X (sky130_fd_sc_hd__mux2_2)
   4.4771   17.3951 ^ core/_3820_/Y (sky130_fd_sc_hd__nor3b_1)
   0.7803   18.1754 ^ core/rename_stage/busytable/_1605_/Y (sky130_fd_sc_hd__nor3b_1)
   0.1624   18.3378 v core/rename_stage/busytable/_1720_/Y (sky130_fd_sc_hd__a221oi_1)
   0.1321   18.4699 ^ core/rename_stage/busytable/_1721_/Y (sky130_fd_sc_hd__o211ai_1)
   0.0810   18.5509 v core/rename_stage/busytable/_1727_/Y (sky130_fd_sc_hd__a21oi_1)
   0.0035   18.5544 v core/rename_stage/busytable/_2517_/D (sky130_fd_sc_hd__dfxtp_1)
            18.5544   data arrival time

  20.0000   20.0000   clock clock (rise edge)
   0.0000   20.0000   clock network delay (ideal)
   0.0000   20.0000   clock reconvergence pessimism
            20.0000 ^ core/rename_stage/busytable/_2517_/CLK (sky130_fd_sc_hd__dfxtp_1)
  -0.1339   19.8661   library setup time
            19.8661   data required time
-------------------------------------------------------------
            19.8661   data required time
           -18.5544   data arrival time
-------------------------------------------------------------
             1.3117   slack (MET)


Startpoint: core/_4046_ (rising edge-triggered flip-flop clocked by clock)
Endpoint: core/mem_issue_unit/slots_8/_1039_
          (rising edge-triggered flip-flop clocked by clock)
Path Group: clock
Path Type: max

    Delay      Time   Description
-------------------------------------------------------------
   0.0000    0.0000   clock clock (rise edge)
   0.0000    0.0000   clock network delay (ideal)
   0.0000    0.0000 ^ core/_4046_/CLK (sky130_fd_sc_hd__dfxtp_1)
   0.3440    0.3440 ^ core/_4046_/Q (sky130_fd_sc_hd__dfxtp_1)
   0.0813    0.4254 v core/_1916_/Y (sky130_fd_sc_hd__nand2_1)
   0.2362    0.6616 ^ core/_1917_/Y (sky130_fd_sc_hd__nor3_1)
   0.1018    0.7634 v core/_1918_/Y (sky130_fd_sc_hd__nand2_1)
   5.2893    6.0527 ^ core/_1923_/Y (sky130_fd_sc_hd__o21ai_0)
   0.8225    6.8752 ^ lsu/_66665_/X (sky130_fd_sc_hd__buf_4)
   0.1442    7.0193 v dcache/_3048_/Y (sky130_fd_sc_hd__a222oi_1)
   0.0861    7.1054 ^ dcache/_3049_/Y (sky130_fd_sc_hd__nand2_1)
   0.0450    7.1504 v dcache/_3050_/Y (sky130_fd_sc_hd__a221oi_1)
   0.2248    7.3753 v dcache/_3051_/X (sky130_fd_sc_hd__and4_1)
   0.0821    7.4574 ^ dcache/_3052_/Y (sky130_fd_sc_hd__nand2_1)
   0.0501    7.5075 v dcache/_3054_/Y (sky130_fd_sc_hd__nor4_1)
   0.2122    7.7196 v dcache/_3055_/X (sky130_fd_sc_hd__and3_1)
   0.0725    7.7922 ^ dcache/mshrs/_0615_/Y (sky130_fd_sc_hd__inv_1)
   0.0576    7.8498 v dcache/mshrs/_0616_/Y (sky130_fd_sc_hd__nor2_1)
   0.1500    7.9997 v dcache/mshrs/_0617_/Y (sky130_fd_sc_hd__a21boi_0)
   0.2412    8.2409 v dcache/mshrs/_0618_/X (sky130_fd_sc_hd__lpflow_inputiso0n_1)
   0.1858    8.4266 ^ dcache/mshrs/_0752_/Y (sky130_fd_sc_hd__a31oi_1)
   0.0689    8.4955 v dcache/mshrs/_0755_/Y (sky130_fd_sc_hd__nand2_1)
   0.2016    8.6972 v dcache/mshrs/_0756_/X (sky130_fd_sc_hd__a22o_1)
   0.1247    8.8219 v dcache/_3057_/X (sky130_fd_sc_hd__lpflow_isobufsrc_1)
   0.1863    9.0082 ^ dcache/_3059_/Y (sky130_fd_sc_hd__nor3b_1)
   0.2445    9.2527 ^ dcache/_3062_/X (sky130_fd_sc_hd__o31a_1)
   0.1380    9.3907 v dcache/_3065_/Y (sky130_fd_sc_hd__nor3_1)
   0.1212    9.5119 ^ dcache/_3066_/Y (sky130_fd_sc_hd__inv_1)
   0.3554    9.8673 ^ dcache/_3614_/X (sky130_fd_sc_hd__lpflow_clkbufkapwr_1)
   0.4437   10.3109 v dcache/_3618_/X (sky130_fd_sc_hd__mux2_2)
   0.1400   10.4509 ^ lsu/_33460_/Y (sky130_fd_sc_hd__nand2b_1)
   0.0821   10.5330 v lsu/_33469_/Y (sky130_fd_sc_hd__nor3_1)
   0.3411   10.8740 v lsu/_48005_/X (sky130_fd_sc_hd__a221o_1)
   0.2063   11.0803 ^ lsu/_48006_/Y (sky130_fd_sc_hd__a221oi_1)
   0.1221   11.2024 v lsu/_48007_/Y (sky130_fd_sc_hd__nand4_1)
   0.2141   11.4165 ^ lsu/_48008_/Y (sky130_fd_sc_hd__a221oi_1)
   0.0839   11.5004 v lsu/_48009_/Y (sky130_fd_sc_hd__nand2_1)
   0.0935   11.5939 ^ lsu/_48010_/Y (sky130_fd_sc_hd__o211ai_1)
   0.0946   11.6886 v lsu/_48011_/Y (sky130_fd_sc_hd__o21ai_0)
   0.1936   11.8822 ^ lsu/_48022_/Y (sky130_fd_sc_hd__o21ai_0)
   0.0971   11.9793 v lsu/_48023_/X (sky130_fd_sc_hd__xor2_1)
   0.0746   12.0539 ^ lsu/_48024_/Y (sky130_fd_sc_hd__nand2_1)
   2.8809   14.9348 ^ lsu/_48025_/X (sky130_fd_sc_hd__o41a_1)
   0.5168   15.4516 v core/mem_issue_unit/slots_10/_0519_/Y (sky130_fd_sc_hd__o21ai_0)
   0.2136   15.6652 ^ core/mem_issue_unit/slots_10/_0525_/Y (sky130_fd_sc_hd__nand2_1)
   0.1790   15.8442 ^ core/mem_issue_unit/slots_10/_0628_/X (sky130_fd_sc_hd__lpflow_inputiso0n_1)
   0.0564   15.9006 v core/mem_issue_unit/_05681_/Y (sky130_fd_sc_hd__nor2_1)
   0.2687   16.1693 ^ core/mem_issue_unit/_05682_/Y (sky130_fd_sc_hd__a211oi_1)
   0.2885   16.4578 ^ core/mem_issue_unit/slots_8/_0487_/X (sky130_fd_sc_hd__clkbuf_1)
   0.3235   16.7813 ^ core/mem_issue_unit/slots_8/_0575_/X (sky130_fd_sc_hd__buf_2)
   0.5714   17.3527 ^ core/mem_issue_unit/slots_8/_0578_/Y (sky130_fd_sc_hd__mux2i_1)
   0.1649   17.5176 v core/mem_issue_unit/slots_8/_0940_/Y (sky130_fd_sc_hd__o22ai_1)
   0.3013   17.8188 ^ core/mem_issue_unit/slots_8/_0941_/Y (sky130_fd_sc_hd__a221oi_1)
   0.1513   17.9702 v core/mem_issue_unit/slots_8/_0944_/Y (sky130_fd_sc_hd__o2111ai_1)
   0.4448   18.4150 v core/mem_issue_unit/slots_8/_0950_/X (sky130_fd_sc_hd__or2_2)
   0.1871   18.6021 ^ core/mem_issue_unit/slots_8/_0973_/Y (sky130_fd_sc_hd__a41oi_1)
   0.0035   18.6056 ^ core/mem_issue_unit/slots_8/_1039_/D (sky130_fd_sc_hd__dfxtp_1)
            18.6056   data arrival time

  20.0000   20.0000   clock clock (rise edge)
   0.0000   20.0000   clock network delay (ideal)
   0.0000   20.0000   clock reconvergence pessimism
            20.0000 ^ core/mem_issue_unit/slots_8/_1039_/CLK (sky130_fd_sc_hd__dfxtp_1)
  -0.0821   19.9179   library setup time
            19.9179   data required time
-------------------------------------------------------------
            19.9179   data required time
           -18.6056   data arrival time
-------------------------------------------------------------
             1.3123   slack (MET)


Startpoint: core/_4046_ (rising edge-triggered flip-flop clocked by clock)
Endpoint: core/rename_stage/busytable/_2530_
          (rising edge-triggered flip-flop clocked by clock)
Path Group: clock
Path Type: max

    Delay      Time   Description
-------------------------------------------------------------
   0.0000    0.0000   clock clock (rise edge)
   0.0000    0.0000   clock network delay (ideal)
   0.0000    0.0000 ^ core/_4046_/CLK (sky130_fd_sc_hd__dfxtp_1)
   0.3440    0.3440 ^ core/_4046_/Q (sky130_fd_sc_hd__dfxtp_1)
   0.0813    0.4254 v core/_1916_/Y (sky130_fd_sc_hd__nand2_1)
   0.2362    0.6616 ^ core/_1917_/Y (sky130_fd_sc_hd__nor3_1)
   0.1018    0.7634 v core/_1918_/Y (sky130_fd_sc_hd__nand2_1)
   5.2893    6.0527 ^ core/_1923_/Y (sky130_fd_sc_hd__o21ai_0)
   0.8225    6.8752 ^ lsu/_66665_/X (sky130_fd_sc_hd__buf_4)
   0.1442    7.0193 v dcache/_3048_/Y (sky130_fd_sc_hd__a222oi_1)
   0.0861    7.1054 ^ dcache/_3049_/Y (sky130_fd_sc_hd__nand2_1)
   0.0450    7.1504 v dcache/_3050_/Y (sky130_fd_sc_hd__a221oi_1)
   0.2248    7.3753 v dcache/_3051_/X (sky130_fd_sc_hd__and4_1)
   0.0821    7.4574 ^ dcache/_3052_/Y (sky130_fd_sc_hd__nand2_1)
   0.0501    7.5075 v dcache/_3054_/Y (sky130_fd_sc_hd__nor4_1)
   0.2122    7.7196 v dcache/_3055_/X (sky130_fd_sc_hd__and3_1)
   0.0725    7.7922 ^ dcache/mshrs/_0615_/Y (sky130_fd_sc_hd__inv_1)
   0.0576    7.8498 v dcache/mshrs/_0616_/Y (sky130_fd_sc_hd__nor2_1)
   0.1500    7.9997 v dcache/mshrs/_0617_/Y (sky130_fd_sc_hd__a21boi_0)
   0.2412    8.2409 v dcache/mshrs/_0618_/X (sky130_fd_sc_hd__lpflow_inputiso0n_1)
   0.1858    8.4266 ^ dcache/mshrs/_0752_/Y (sky130_fd_sc_hd__a31oi_1)
   0.0689    8.4955 v dcache/mshrs/_0755_/Y (sky130_fd_sc_hd__nand2_1)
   0.2016    8.6972 v dcache/mshrs/_0756_/X (sky130_fd_sc_hd__a22o_1)
   0.1247    8.8219 v dcache/_3057_/X (sky130_fd_sc_hd__lpflow_isobufsrc_1)
   0.1863    9.0082 ^ dcache/_3059_/Y (sky130_fd_sc_hd__nor3b_1)
   0.2445    9.2527 ^ dcache/_3062_/X (sky130_fd_sc_hd__o31a_1)
   0.1380    9.3907 v dcache/_3065_/Y (sky130_fd_sc_hd__nor3_1)
   0.1212    9.5119 ^ dcache/_3066_/Y (sky130_fd_sc_hd__inv_1)
   0.3554    9.8673 ^ dcache/_3614_/X (sky130_fd_sc_hd__lpflow_clkbufkapwr_1)
   0.4437   10.3109 v dcache/_3618_/X (sky130_fd_sc_hd__mux2_2)
   0.1400   10.4509 ^ lsu/_33460_/Y (sky130_fd_sc_hd__nand2b_1)
   0.0821   10.5330 v lsu/_33469_/Y (sky130_fd_sc_hd__nor3_1)
   0.1833   10.7163 v lsu/_33470_/X (sky130_fd_sc_hd__clkbuf_1)
   0.3555   11.0718 ^ lsu/_33474_/Y (sky130_fd_sc_hd__a222oi_1)
   0.1643   11.2360 v lsu/_33475_/Y (sky130_fd_sc_hd__nand4_1)
   0.2337   11.4698 ^ lsu/_33490_/Y (sky130_fd_sc_hd__o21ai_0)
   0.0933   11.5631 v lsu/_33503_/Y (sky130_fd_sc_hd__nand3b_1)
   0.1307   11.6937 ^ lsu/_33504_/Y (sky130_fd_sc_hd__o21ai_0)
   0.1745   11.8682 ^ core/memExeUnit/_195_/X (sky130_fd_sc_hd__buf_4)
   0.2807   12.1488 ^ core/ll_wbarb/_009_/X (sky130_fd_sc_hd__clkbuf_1)
   0.3857   12.5345 ^ core/ll_wbarb/_018_/X (sky130_fd_sc_hd__lpflow_clkbufkapwr_1)
   0.3834   12.9179 v core/ll_wbarb/_028_/X (sky130_fd_sc_hd__mux2_2)
   4.4771   17.3951 ^ core/_3820_/Y (sky130_fd_sc_hd__nor3b_1)
   0.5647   17.9598 v core/rename_stage/busytable/_1525_/X (sky130_fd_sc_hd__or3b_2)
   0.1530   18.1128 v core/rename_stage/busytable/_1526_/X (sky130_fd_sc_hd__clkbuf_1)
   0.2011   18.3139 ^ core/rename_stage/busytable/_1970_/Y (sky130_fd_sc_hd__o2111ai_1)
   0.0616   18.3754 v core/rename_stage/busytable/_1971_/Y (sky130_fd_sc_hd__a31oi_1)
   0.1023   18.4777 ^ core/rename_stage/busytable/_1972_/Y (sky130_fd_sc_hd__nand2_1)
   0.0674   18.5452 v core/rename_stage/busytable/_1977_/Y (sky130_fd_sc_hd__a31oi_1)
   0.0035   18.5486 v core/rename_stage/busytable/_2530_/D (sky130_fd_sc_hd__dfxtp_1)
            18.5486   data arrival time

  20.0000   20.0000   clock clock (rise edge)
   0.0000   20.0000   clock network delay (ideal)
   0.0000   20.0000   clock reconvergence pessimism
            20.0000 ^ core/rename_stage/busytable/_2530_/CLK (sky130_fd_sc_hd__dfxtp_1)
  -0.1341   19.8659   library setup time
            19.8659   data required time
-------------------------------------------------------------
            19.8659   data required time
           -18.5486   data arrival time
-------------------------------------------------------------
             1.3173   slack (MET)


Startpoint: core/_4046_ (rising edge-triggered flip-flop clocked by clock)
Endpoint: core/rename_stage/busytable/_2537_
          (rising edge-triggered flip-flop clocked by clock)
Path Group: clock
Path Type: max

    Delay      Time   Description
-------------------------------------------------------------
   0.0000    0.0000   clock clock (rise edge)
   0.0000    0.0000   clock network delay (ideal)
   0.0000    0.0000 ^ core/_4046_/CLK (sky130_fd_sc_hd__dfxtp_1)
   0.3440    0.3440 ^ core/_4046_/Q (sky130_fd_sc_hd__dfxtp_1)
   0.0813    0.4254 v core/_1916_/Y (sky130_fd_sc_hd__nand2_1)
   0.2362    0.6616 ^ core/_1917_/Y (sky130_fd_sc_hd__nor3_1)
   0.1018    0.7634 v core/_1918_/Y (sky130_fd_sc_hd__nand2_1)
   5.2893    6.0527 ^ core/_1923_/Y (sky130_fd_sc_hd__o21ai_0)
   0.8225    6.8752 ^ lsu/_66665_/X (sky130_fd_sc_hd__buf_4)
   0.1442    7.0193 v dcache/_3048_/Y (sky130_fd_sc_hd__a222oi_1)
   0.0861    7.1054 ^ dcache/_3049_/Y (sky130_fd_sc_hd__nand2_1)
   0.0450    7.1504 v dcache/_3050_/Y (sky130_fd_sc_hd__a221oi_1)
   0.2248    7.3753 v dcache/_3051_/X (sky130_fd_sc_hd__and4_1)
   0.0821    7.4574 ^ dcache/_3052_/Y (sky130_fd_sc_hd__nand2_1)
   0.0501    7.5075 v dcache/_3054_/Y (sky130_fd_sc_hd__nor4_1)
   0.2122    7.7196 v dcache/_3055_/X (sky130_fd_sc_hd__and3_1)
   0.0725    7.7922 ^ dcache/mshrs/_0615_/Y (sky130_fd_sc_hd__inv_1)
   0.0576    7.8498 v dcache/mshrs/_0616_/Y (sky130_fd_sc_hd__nor2_1)
   0.1500    7.9997 v dcache/mshrs/_0617_/Y (sky130_fd_sc_hd__a21boi_0)
   0.2412    8.2409 v dcache/mshrs/_0618_/X (sky130_fd_sc_hd__lpflow_inputiso0n_1)
   0.1858    8.4266 ^ dcache/mshrs/_0752_/Y (sky130_fd_sc_hd__a31oi_1)
   0.0689    8.4955 v dcache/mshrs/_0755_/Y (sky130_fd_sc_hd__nand2_1)
   0.2016    8.6972 v dcache/mshrs/_0756_/X (sky130_fd_sc_hd__a22o_1)
   0.1247    8.8219 v dcache/_3057_/X (sky130_fd_sc_hd__lpflow_isobufsrc_1)
   0.1863    9.0082 ^ dcache/_3059_/Y (sky130_fd_sc_hd__nor3b_1)
   0.2445    9.2527 ^ dcache/_3062_/X (sky130_fd_sc_hd__o31a_1)
   0.1380    9.3907 v dcache/_3065_/Y (sky130_fd_sc_hd__nor3_1)
   0.1212    9.5119 ^ dcache/_3066_/Y (sky130_fd_sc_hd__inv_1)
   0.3554    9.8673 ^ dcache/_3614_/X (sky130_fd_sc_hd__lpflow_clkbufkapwr_1)
   0.4437   10.3109 v dcache/_3618_/X (sky130_fd_sc_hd__mux2_2)
   0.1400   10.4509 ^ lsu/_33460_/Y (sky130_fd_sc_hd__nand2b_1)
   0.0821   10.5330 v lsu/_33469_/Y (sky130_fd_sc_hd__nor3_1)
   0.1833   10.7163 v lsu/_33470_/X (sky130_fd_sc_hd__clkbuf_1)
   0.3555   11.0718 ^ lsu/_33474_/Y (sky130_fd_sc_hd__a222oi_1)
   0.1643   11.2360 v lsu/_33475_/Y (sky130_fd_sc_hd__nand4_1)
   0.2337   11.4698 ^ lsu/_33490_/Y (sky130_fd_sc_hd__o21ai_0)
   0.0933   11.5631 v lsu/_33503_/Y (sky130_fd_sc_hd__nand3b_1)
   0.1307   11.6937 ^ lsu/_33504_/Y (sky130_fd_sc_hd__o21ai_0)
   0.1745   11.8682 ^ core/memExeUnit/_195_/X (sky130_fd_sc_hd__buf_4)
   0.2807   12.1488 ^ core/ll_wbarb/_009_/X (sky130_fd_sc_hd__clkbuf_1)
   0.3857   12.5345 ^ core/ll_wbarb/_018_/X (sky130_fd_sc_hd__lpflow_clkbufkapwr_1)
   0.3834   12.9179 v core/ll_wbarb/_028_/X (sky130_fd_sc_hd__mux2_2)
   4.4771   17.3951 ^ core/_3820_/Y (sky130_fd_sc_hd__nor3b_1)
   0.5647   17.9598 v core/rename_stage/busytable/_1525_/X (sky130_fd_sc_hd__or3b_2)
   0.1530   18.1128 v core/rename_stage/busytable/_1526_/X (sky130_fd_sc_hd__clkbuf_1)
   0.1766   18.2894 ^ core/rename_stage/busytable/_2052_/Y (sky130_fd_sc_hd__nor3_1)
   0.0706   18.3600 v core/rename_stage/busytable/_2053_/Y (sky130_fd_sc_hd__a221oi_1)
   0.1182   18.4782 ^ core/rename_stage/busytable/_2057_/Y (sky130_fd_sc_hd__nand3_1)
   0.0608   18.5390 v core/rename_stage/busytable/_2061_/Y (sky130_fd_sc_hd__a21oi_1)
   0.0035   18.5424 v core/rename_stage/busytable/_2537_/D (sky130_fd_sc_hd__dfxtp_1)
            18.5424   data arrival time

  20.0000   20.0000   clock clock (rise edge)
   0.0000   20.0000   clock network delay (ideal)
   0.0000   20.0000   clock reconvergence pessimism
            20.0000 ^ core/rename_stage/busytable/_2537_/CLK (sky130_fd_sc_hd__dfxtp_1)
  -0.1339   19.8661   library setup time
            19.8661   data required time
-------------------------------------------------------------
            19.8661   data required time
           -18.5424   data arrival time
-------------------------------------------------------------
             1.3237   slack (MET)


Startpoint: core/_4046_ (rising edge-triggered flip-flop clocked by clock)
Endpoint: core/rename_stage/busytable/_2536_
          (rising edge-triggered flip-flop clocked by clock)
Path Group: clock
Path Type: max

    Delay      Time   Description
-------------------------------------------------------------
   0.0000    0.0000   clock clock (rise edge)
   0.0000    0.0000   clock network delay (ideal)
   0.0000    0.0000 ^ core/_4046_/CLK (sky130_fd_sc_hd__dfxtp_1)
   0.3440    0.3440 ^ core/_4046_/Q (sky130_fd_sc_hd__dfxtp_1)
   0.0813    0.4254 v core/_1916_/Y (sky130_fd_sc_hd__nand2_1)
   0.2362    0.6616 ^ core/_1917_/Y (sky130_fd_sc_hd__nor3_1)
   0.1018    0.7634 v core/_1918_/Y (sky130_fd_sc_hd__nand2_1)
   5.2893    6.0527 ^ core/_1923_/Y (sky130_fd_sc_hd__o21ai_0)
   0.8225    6.8752 ^ lsu/_66665_/X (sky130_fd_sc_hd__buf_4)
   0.1442    7.0193 v dcache/_3048_/Y (sky130_fd_sc_hd__a222oi_1)
   0.0861    7.1054 ^ dcache/_3049_/Y (sky130_fd_sc_hd__nand2_1)
   0.0450    7.1504 v dcache/_3050_/Y (sky130_fd_sc_hd__a221oi_1)
   0.2248    7.3753 v dcache/_3051_/X (sky130_fd_sc_hd__and4_1)
   0.0821    7.4574 ^ dcache/_3052_/Y (sky130_fd_sc_hd__nand2_1)
   0.0501    7.5075 v dcache/_3054_/Y (sky130_fd_sc_hd__nor4_1)
   0.2122    7.7196 v dcache/_3055_/X (sky130_fd_sc_hd__and3_1)
   0.0725    7.7922 ^ dcache/mshrs/_0615_/Y (sky130_fd_sc_hd__inv_1)
   0.0576    7.8498 v dcache/mshrs/_0616_/Y (sky130_fd_sc_hd__nor2_1)
   0.1500    7.9997 v dcache/mshrs/_0617_/Y (sky130_fd_sc_hd__a21boi_0)
   0.2412    8.2409 v dcache/mshrs/_0618_/X (sky130_fd_sc_hd__lpflow_inputiso0n_1)
   0.1858    8.4266 ^ dcache/mshrs/_0752_/Y (sky130_fd_sc_hd__a31oi_1)
   0.0689    8.4955 v dcache/mshrs/_0755_/Y (sky130_fd_sc_hd__nand2_1)
   0.2016    8.6972 v dcache/mshrs/_0756_/X (sky130_fd_sc_hd__a22o_1)
   0.1247    8.8219 v dcache/_3057_/X (sky130_fd_sc_hd__lpflow_isobufsrc_1)
   0.1863    9.0082 ^ dcache/_3059_/Y (sky130_fd_sc_hd__nor3b_1)
   0.2445    9.2527 ^ dcache/_3062_/X (sky130_fd_sc_hd__o31a_1)
   0.1380    9.3907 v dcache/_3065_/Y (sky130_fd_sc_hd__nor3_1)
   0.1212    9.5119 ^ dcache/_3066_/Y (sky130_fd_sc_hd__inv_1)
   0.3554    9.8673 ^ dcache/_3614_/X (sky130_fd_sc_hd__lpflow_clkbufkapwr_1)
   0.4437   10.3109 v dcache/_3618_/X (sky130_fd_sc_hd__mux2_2)
   0.1400   10.4509 ^ lsu/_33460_/Y (sky130_fd_sc_hd__nand2b_1)
   0.0821   10.5330 v lsu/_33469_/Y (sky130_fd_sc_hd__nor3_1)
   0.1833   10.7163 v lsu/_33470_/X (sky130_fd_sc_hd__clkbuf_1)
   0.3555   11.0718 ^ lsu/_33474_/Y (sky130_fd_sc_hd__a222oi_1)
   0.1643   11.2360 v lsu/_33475_/Y (sky130_fd_sc_hd__nand4_1)
   0.2337   11.4698 ^ lsu/_33490_/Y (sky130_fd_sc_hd__o21ai_0)
   0.0933   11.5631 v lsu/_33503_/Y (sky130_fd_sc_hd__nand3b_1)
   0.1307   11.6937 ^ lsu/_33504_/Y (sky130_fd_sc_hd__o21ai_0)
   0.1745   11.8682 ^ core/memExeUnit/_195_/X (sky130_fd_sc_hd__buf_4)
   0.2807   12.1488 ^ core/ll_wbarb/_009_/X (sky130_fd_sc_hd__clkbuf_1)
   0.3857   12.5345 ^ core/ll_wbarb/_018_/X (sky130_fd_sc_hd__lpflow_clkbufkapwr_1)
   0.3834   12.9179 v core/ll_wbarb/_028_/X (sky130_fd_sc_hd__mux2_2)
   4.4771   17.3951 ^ core/_3820_/Y (sky130_fd_sc_hd__nor3b_1)
   0.7803   18.1754 ^ core/rename_stage/busytable/_1605_/Y (sky130_fd_sc_hd__nor3b_1)
   0.1663   18.3417 v core/rename_stage/busytable/_2045_/Y (sky130_fd_sc_hd__a31oi_1)
   0.1238   18.4655 ^ core/rename_stage/busytable/_2046_/Y (sky130_fd_sc_hd__nand4_1)
   0.0725   18.5379 v core/rename_stage/busytable/_2049_/Y (sky130_fd_sc_hd__a31oi_1)
   0.0035   18.5414 v core/rename_stage/busytable/_2536_/D (sky130_fd_sc_hd__dfxtp_1)
            18.5414   data arrival time

  20.0000   20.0000   clock clock (rise edge)
   0.0000   20.0000   clock network delay (ideal)
   0.0000   20.0000   clock reconvergence pessimism
            20.0000 ^ core/rename_stage/busytable/_2536_/CLK (sky130_fd_sc_hd__dfxtp_1)
  -0.1341   19.8659   library setup time
            19.8659   data required time
-------------------------------------------------------------
            19.8659   data required time
           -18.5414   data arrival time
-------------------------------------------------------------
             1.3245   slack (MET)


Startpoint: core/_4046_ (rising edge-triggered flip-flop clocked by clock)
Endpoint: core/mem_issue_unit/slots_4/_1039_
          (rising edge-triggered flip-flop clocked by clock)
Path Group: clock
Path Type: max

    Delay      Time   Description
-------------------------------------------------------------
   0.0000    0.0000   clock clock (rise edge)
   0.0000    0.0000   clock network delay (ideal)
   0.0000    0.0000 ^ core/_4046_/CLK (sky130_fd_sc_hd__dfxtp_1)
   0.3440    0.3440 ^ core/_4046_/Q (sky130_fd_sc_hd__dfxtp_1)
   0.0813    0.4254 v core/_1916_/Y (sky130_fd_sc_hd__nand2_1)
   0.2362    0.6616 ^ core/_1917_/Y (sky130_fd_sc_hd__nor3_1)
   0.1018    0.7634 v core/_1918_/Y (sky130_fd_sc_hd__nand2_1)
   5.2893    6.0527 ^ core/_1923_/Y (sky130_fd_sc_hd__o21ai_0)
   0.8225    6.8752 ^ lsu/_66665_/X (sky130_fd_sc_hd__buf_4)
   0.1442    7.0193 v dcache/_3048_/Y (sky130_fd_sc_hd__a222oi_1)
   0.0861    7.1054 ^ dcache/_3049_/Y (sky130_fd_sc_hd__nand2_1)
   0.0450    7.1504 v dcache/_3050_/Y (sky130_fd_sc_hd__a221oi_1)
   0.2248    7.3753 v dcache/_3051_/X (sky130_fd_sc_hd__and4_1)
   0.0821    7.4574 ^ dcache/_3052_/Y (sky130_fd_sc_hd__nand2_1)
   0.0501    7.5075 v dcache/_3054_/Y (sky130_fd_sc_hd__nor4_1)
   0.2122    7.7196 v dcache/_3055_/X (sky130_fd_sc_hd__and3_1)
   0.0725    7.7922 ^ dcache/mshrs/_0615_/Y (sky130_fd_sc_hd__inv_1)
   0.0576    7.8498 v dcache/mshrs/_0616_/Y (sky130_fd_sc_hd__nor2_1)
   0.1500    7.9997 v dcache/mshrs/_0617_/Y (sky130_fd_sc_hd__a21boi_0)
   0.2412    8.2409 v dcache/mshrs/_0618_/X (sky130_fd_sc_hd__lpflow_inputiso0n_1)
   0.1858    8.4266 ^ dcache/mshrs/_0752_/Y (sky130_fd_sc_hd__a31oi_1)
   0.0689    8.4955 v dcache/mshrs/_0755_/Y (sky130_fd_sc_hd__nand2_1)
   0.2016    8.6972 v dcache/mshrs/_0756_/X (sky130_fd_sc_hd__a22o_1)
   0.1247    8.8219 v dcache/_3057_/X (sky130_fd_sc_hd__lpflow_isobufsrc_1)
   0.1863    9.0082 ^ dcache/_3059_/Y (sky130_fd_sc_hd__nor3b_1)
   0.2445    9.2527 ^ dcache/_3062_/X (sky130_fd_sc_hd__o31a_1)
   0.1380    9.3907 v dcache/_3065_/Y (sky130_fd_sc_hd__nor3_1)
   0.1212    9.5119 ^ dcache/_3066_/Y (sky130_fd_sc_hd__inv_1)
   0.3554    9.8673 ^ dcache/_3614_/X (sky130_fd_sc_hd__lpflow_clkbufkapwr_1)
   0.4437   10.3109 v dcache/_3618_/X (sky130_fd_sc_hd__mux2_2)
   0.1400   10.4509 ^ lsu/_33460_/Y (sky130_fd_sc_hd__nand2b_1)
   0.0821   10.5330 v lsu/_33469_/Y (sky130_fd_sc_hd__nor3_1)
   0.3411   10.8740 v lsu/_48005_/X (sky130_fd_sc_hd__a221o_1)
   0.2063   11.0803 ^ lsu/_48006_/Y (sky130_fd_sc_hd__a221oi_1)
   0.1221   11.2024 v lsu/_48007_/Y (sky130_fd_sc_hd__nand4_1)
   0.2141   11.4165 ^ lsu/_48008_/Y (sky130_fd_sc_hd__a221oi_1)
   0.0839   11.5004 v lsu/_48009_/Y (sky130_fd_sc_hd__nand2_1)
   0.0935   11.5939 ^ lsu/_48010_/Y (sky130_fd_sc_hd__o211ai_1)
   0.0946   11.6886 v lsu/_48011_/Y (sky130_fd_sc_hd__o21ai_0)
   0.1936   11.8822 ^ lsu/_48022_/Y (sky130_fd_sc_hd__o21ai_0)
   0.0971   11.9793 v lsu/_48023_/X (sky130_fd_sc_hd__xor2_1)
   0.0746   12.0539 ^ lsu/_48024_/Y (sky130_fd_sc_hd__nand2_1)
   2.8809   14.9348 ^ lsu/_48025_/X (sky130_fd_sc_hd__o41a_1)
   0.5168   15.4516 v core/mem_issue_unit/slots_6/_0519_/Y (sky130_fd_sc_hd__o21ai_0)
   0.2136   15.6652 ^ core/mem_issue_unit/slots_6/_0525_/Y (sky130_fd_sc_hd__nand2_1)
   0.1773   15.8424 ^ core/mem_issue_unit/slots_6/_0628_/X (sky130_fd_sc_hd__lpflow_inputiso0n_1)
   0.0466   15.8890 v core/mem_issue_unit/_05683_/Y (sky130_fd_sc_hd__inv_1)
   0.1085   15.9975 ^ core/mem_issue_unit/_05684_/Y (sky130_fd_sc_hd__a21oi_1)
   0.0545   16.0520 v core/mem_issue_unit/_05685_/Y (sky130_fd_sc_hd__a31oi_1)
   0.1221   16.1741 ^ core/mem_issue_unit/_05686_/Y (sky130_fd_sc_hd__nor2_1)
   0.2690   16.4431 ^ core/mem_issue_unit/slots_4/_0487_/X (sky130_fd_sc_hd__clkbuf_1)
   0.3237   16.7669 ^ core/mem_issue_unit/slots_4/_0575_/X (sky130_fd_sc_hd__buf_2)
   0.5714   17.3383 ^ core/mem_issue_unit/slots_4/_0578_/Y (sky130_fd_sc_hd__mux2i_1)
   0.1649   17.5031 v core/mem_issue_unit/slots_4/_0940_/Y (sky130_fd_sc_hd__o22ai_1)
   0.3013   17.8044 ^ core/mem_issue_unit/slots_4/_0941_/Y (sky130_fd_sc_hd__a221oi_1)
   0.1513   17.9557 v core/mem_issue_unit/slots_4/_0944_/Y (sky130_fd_sc_hd__o2111ai_1)
   0.4448   18.4005 v core/mem_issue_unit/slots_4/_0950_/X (sky130_fd_sc_hd__or2_2)
   0.1871   18.5877 ^ core/mem_issue_unit/slots_4/_0973_/Y (sky130_fd_sc_hd__a41oi_1)
   0.0035   18.5911 ^ core/mem_issue_unit/slots_4/_1039_/D (sky130_fd_sc_hd__dfxtp_1)
            18.5911   data arrival time

  20.0000   20.0000   clock clock (rise edge)
   0.0000   20.0000   clock network delay (ideal)
   0.0000   20.0000   clock reconvergence pessimism
            20.0000 ^ core/mem_issue_unit/slots_4/_1039_/CLK (sky130_fd_sc_hd__dfxtp_1)
  -0.0821   19.9179   library setup time
            19.9179   data required time
-------------------------------------------------------------
            19.9179   data required time
           -18.5911   data arrival time
-------------------------------------------------------------
             1.3267   slack (MET)


Startpoint: core/_4046_ (rising edge-triggered flip-flop clocked by clock)
Endpoint: core/rename_stage/busytable/_2526_
          (rising edge-triggered flip-flop clocked by clock)
Path Group: clock
Path Type: max

    Delay      Time   Description
-------------------------------------------------------------
   0.0000    0.0000   clock clock (rise edge)
   0.0000    0.0000   clock network delay (ideal)
   0.0000    0.0000 ^ core/_4046_/CLK (sky130_fd_sc_hd__dfxtp_1)
   0.3440    0.3440 ^ core/_4046_/Q (sky130_fd_sc_hd__dfxtp_1)
   0.0813    0.4254 v core/_1916_/Y (sky130_fd_sc_hd__nand2_1)
   0.2362    0.6616 ^ core/_1917_/Y (sky130_fd_sc_hd__nor3_1)
   0.1018    0.7634 v core/_1918_/Y (sky130_fd_sc_hd__nand2_1)
   5.2893    6.0527 ^ core/_1923_/Y (sky130_fd_sc_hd__o21ai_0)
   0.8225    6.8752 ^ lsu/_66665_/X (sky130_fd_sc_hd__buf_4)
   0.1442    7.0193 v dcache/_3048_/Y (sky130_fd_sc_hd__a222oi_1)
   0.0861    7.1054 ^ dcache/_3049_/Y (sky130_fd_sc_hd__nand2_1)
   0.0450    7.1504 v dcache/_3050_/Y (sky130_fd_sc_hd__a221oi_1)
   0.2248    7.3753 v dcache/_3051_/X (sky130_fd_sc_hd__and4_1)
   0.0821    7.4574 ^ dcache/_3052_/Y (sky130_fd_sc_hd__nand2_1)
   0.0501    7.5075 v dcache/_3054_/Y (sky130_fd_sc_hd__nor4_1)
   0.2122    7.7196 v dcache/_3055_/X (sky130_fd_sc_hd__and3_1)
   0.0725    7.7922 ^ dcache/mshrs/_0615_/Y (sky130_fd_sc_hd__inv_1)
   0.0576    7.8498 v dcache/mshrs/_0616_/Y (sky130_fd_sc_hd__nor2_1)
   0.1500    7.9997 v dcache/mshrs/_0617_/Y (sky130_fd_sc_hd__a21boi_0)
   0.2412    8.2409 v dcache/mshrs/_0618_/X (sky130_fd_sc_hd__lpflow_inputiso0n_1)
   0.1858    8.4266 ^ dcache/mshrs/_0752_/Y (sky130_fd_sc_hd__a31oi_1)
   0.0689    8.4955 v dcache/mshrs/_0755_/Y (sky130_fd_sc_hd__nand2_1)
   0.2016    8.6972 v dcache/mshrs/_0756_/X (sky130_fd_sc_hd__a22o_1)
   0.1247    8.8219 v dcache/_3057_/X (sky130_fd_sc_hd__lpflow_isobufsrc_1)
   0.1863    9.0082 ^ dcache/_3059_/Y (sky130_fd_sc_hd__nor3b_1)
   0.2445    9.2527 ^ dcache/_3062_/X (sky130_fd_sc_hd__o31a_1)
   0.1380    9.3907 v dcache/_3065_/Y (sky130_fd_sc_hd__nor3_1)
   0.1212    9.5119 ^ dcache/_3066_/Y (sky130_fd_sc_hd__inv_1)
   0.3554    9.8673 ^ dcache/_3614_/X (sky130_fd_sc_hd__lpflow_clkbufkapwr_1)
   0.4437   10.3109 v dcache/_3618_/X (sky130_fd_sc_hd__mux2_2)
   0.1400   10.4509 ^ lsu/_33460_/Y (sky130_fd_sc_hd__nand2b_1)
   0.0821   10.5330 v lsu/_33469_/Y (sky130_fd_sc_hd__nor3_1)
   0.1833   10.7163 v lsu/_33470_/X (sky130_fd_sc_hd__clkbuf_1)
   0.3555   11.0718 ^ lsu/_33474_/Y (sky130_fd_sc_hd__a222oi_1)
   0.1643   11.2360 v lsu/_33475_/Y (sky130_fd_sc_hd__nand4_1)
   0.2337   11.4698 ^ lsu/_33490_/Y (sky130_fd_sc_hd__o21ai_0)
   0.0933   11.5631 v lsu/_33503_/Y (sky130_fd_sc_hd__nand3b_1)
   0.1307   11.6937 ^ lsu/_33504_/Y (sky130_fd_sc_hd__o21ai_0)
   0.1745   11.8682 ^ core/memExeUnit/_195_/X (sky130_fd_sc_hd__buf_4)
   0.2807   12.1488 ^ core/ll_wbarb/_009_/X (sky130_fd_sc_hd__clkbuf_1)
   0.3857   12.5345 ^ core/ll_wbarb/_018_/X (sky130_fd_sc_hd__lpflow_clkbufkapwr_1)
   0.3834   12.9179 v core/ll_wbarb/_028_/X (sky130_fd_sc_hd__mux2_2)
   4.4771   17.3951 ^ core/_3820_/Y (sky130_fd_sc_hd__nor3b_1)
   0.7803   18.1754 ^ core/rename_stage/busytable/_1605_/Y (sky130_fd_sc_hd__nor3b_1)
   0.1647   18.3401 v core/rename_stage/busytable/_1914_/Y (sky130_fd_sc_hd__a31oi_1)
   0.1180   18.4581 ^ core/rename_stage/busytable/_1915_/Y (sky130_fd_sc_hd__nand4_1)
   0.0738   18.5318 v core/rename_stage/busytable/_1922_/Y (sky130_fd_sc_hd__a31oi_1)
   0.0035   18.5353 v core/rename_stage/busytable/_2526_/D (sky130_fd_sc_hd__dfxtp_1)
            18.5353   data arrival time

  20.0000   20.0000   clock clock (rise edge)
   0.0000   20.0000   clock network delay (ideal)
   0.0000   20.0000   clock reconvergence pessimism
            20.0000 ^ core/rename_stage/busytable/_2526_/CLK (sky130_fd_sc_hd__dfxtp_1)
  -0.1341   19.8659   library setup time
            19.8659   data required time
-------------------------------------------------------------
            19.8659   data required time
           -18.5353   data arrival time
-------------------------------------------------------------
             1.3306   slack (MET)


Startpoint: core/_4046_ (rising edge-triggered flip-flop clocked by clock)
Endpoint: core/int_issue_unit/slots_0/_1039_
          (rising edge-triggered flip-flop clocked by clock)
Path Group: clock
Path Type: max

    Delay      Time   Description
-------------------------------------------------------------
   0.0000    0.0000   clock clock (rise edge)
   0.0000    0.0000   clock network delay (ideal)
   0.0000    0.0000 ^ core/_4046_/CLK (sky130_fd_sc_hd__dfxtp_1)
   0.3440    0.3440 ^ core/_4046_/Q (sky130_fd_sc_hd__dfxtp_1)
   0.0813    0.4254 v core/_1916_/Y (sky130_fd_sc_hd__nand2_1)
   0.2362    0.6616 ^ core/_1917_/Y (sky130_fd_sc_hd__nor3_1)
   0.1018    0.7634 v core/_1918_/Y (sky130_fd_sc_hd__nand2_1)
   5.2893    6.0527 ^ core/_1923_/Y (sky130_fd_sc_hd__o21ai_0)
   0.8225    6.8752 ^ lsu/_66665_/X (sky130_fd_sc_hd__buf_4)
   0.1442    7.0193 v dcache/_3048_/Y (sky130_fd_sc_hd__a222oi_1)
   0.0861    7.1054 ^ dcache/_3049_/Y (sky130_fd_sc_hd__nand2_1)
   0.0450    7.1504 v dcache/_3050_/Y (sky130_fd_sc_hd__a221oi_1)
   0.2248    7.3753 v dcache/_3051_/X (sky130_fd_sc_hd__and4_1)
   0.0821    7.4574 ^ dcache/_3052_/Y (sky130_fd_sc_hd__nand2_1)
   0.0501    7.5075 v dcache/_3054_/Y (sky130_fd_sc_hd__nor4_1)
   0.2122    7.7196 v dcache/_3055_/X (sky130_fd_sc_hd__and3_1)
   0.0725    7.7922 ^ dcache/mshrs/_0615_/Y (sky130_fd_sc_hd__inv_1)
   0.0576    7.8498 v dcache/mshrs/_0616_/Y (sky130_fd_sc_hd__nor2_1)
   0.1500    7.9997 v dcache/mshrs/_0617_/Y (sky130_fd_sc_hd__a21boi_0)
   0.2412    8.2409 v dcache/mshrs/_0618_/X (sky130_fd_sc_hd__lpflow_inputiso0n_1)
   0.1858    8.4266 ^ dcache/mshrs/_0752_/Y (sky130_fd_sc_hd__a31oi_1)
   0.0689    8.4955 v dcache/mshrs/_0755_/Y (sky130_fd_sc_hd__nand2_1)
   0.2016    8.6972 v dcache/mshrs/_0756_/X (sky130_fd_sc_hd__a22o_1)
   0.1247    8.8219 v dcache/_3057_/X (sky130_fd_sc_hd__lpflow_isobufsrc_1)
   0.1863    9.0082 ^ dcache/_3059_/Y (sky130_fd_sc_hd__nor3b_1)
   0.2445    9.2527 ^ dcache/_3062_/X (sky130_fd_sc_hd__o31a_1)
   0.1380    9.3907 v dcache/_3065_/Y (sky130_fd_sc_hd__nor3_1)
   0.1212    9.5119 ^ dcache/_3066_/Y (sky130_fd_sc_hd__inv_1)
   0.3554    9.8673 ^ dcache/_3614_/X (sky130_fd_sc_hd__lpflow_clkbufkapwr_1)
   0.4437   10.3109 v dcache/_3618_/X (sky130_fd_sc_hd__mux2_2)
   0.1400   10.4509 ^ lsu/_33460_/Y (sky130_fd_sc_hd__nand2b_1)
   0.0821   10.5330 v lsu/_33469_/Y (sky130_fd_sc_hd__nor3_1)
   0.1833   10.7163 v lsu/_33470_/X (sky130_fd_sc_hd__clkbuf_1)
   0.3555   11.0718 ^ lsu/_33474_/Y (sky130_fd_sc_hd__a222oi_1)
   0.1643   11.2360 v lsu/_33475_/Y (sky130_fd_sc_hd__nand4_1)
   0.2337   11.4698 ^ lsu/_33490_/Y (sky130_fd_sc_hd__o21ai_0)
   0.0933   11.5631 v lsu/_33503_/Y (sky130_fd_sc_hd__nand3b_1)
   0.1307   11.6937 ^ lsu/_33504_/Y (sky130_fd_sc_hd__o21ai_0)
   0.1745   11.8682 ^ core/memExeUnit/_195_/X (sky130_fd_sc_hd__buf_4)
   0.2807   12.1488 ^ core/ll_wbarb/_009_/X (sky130_fd_sc_hd__clkbuf_1)
   0.3857   12.5345 ^ core/ll_wbarb/_018_/X (sky130_fd_sc_hd__lpflow_clkbufkapwr_1)
   0.3834   12.9179 v core/ll_wbarb/_028_/X (sky130_fd_sc_hd__mux2_2)
   4.4771   17.3951 ^ core/_3820_/Y (sky130_fd_sc_hd__nor3b_1)
   0.3989   17.7940 v core/int_issue_unit/slots_0/_0917_/Y (sky130_fd_sc_hd__o2111ai_1)
   0.5131   18.3071 ^ core/int_issue_unit/slots_0/_0918_/Y (sky130_fd_sc_hd__a2111oi_0)
   0.1157   18.4228 v core/int_issue_unit/slots_0/_0927_/Y (sky130_fd_sc_hd__a21oi_1)
   0.1550   18.5778 ^ core/int_issue_unit/slots_0/_0973_/Y (sky130_fd_sc_hd__a41oi_1)
   0.0035   18.5813 ^ core/int_issue_unit/slots_0/_1039_/D (sky130_fd_sc_hd__dfxtp_1)
            18.5813   data arrival time

  20.0000   20.0000   clock clock (rise edge)
   0.0000   20.0000   clock network delay (ideal)
   0.0000   20.0000   clock reconvergence pessimism
            20.0000 ^ core/int_issue_unit/slots_0/_1039_/CLK (sky130_fd_sc_hd__dfxtp_1)
  -0.0821   19.9179   library setup time
            19.9179   data required time
-------------------------------------------------------------
            19.9179   data required time
           -18.5813   data arrival time
-------------------------------------------------------------
             1.3365   slack (MET)


Startpoint: core/_4046_ (rising edge-triggered flip-flop clocked by clock)
Endpoint: core/int_issue_unit/slots_1/_1039_
          (rising edge-triggered flip-flop clocked by clock)
Path Group: clock
Path Type: max

    Delay      Time   Description
-------------------------------------------------------------
   0.0000    0.0000   clock clock (rise edge)
   0.0000    0.0000   clock network delay (ideal)
   0.0000    0.0000 ^ core/_4046_/CLK (sky130_fd_sc_hd__dfxtp_1)
   0.3440    0.3440 ^ core/_4046_/Q (sky130_fd_sc_hd__dfxtp_1)
   0.0813    0.4254 v core/_1916_/Y (sky130_fd_sc_hd__nand2_1)
   0.2362    0.6616 ^ core/_1917_/Y (sky130_fd_sc_hd__nor3_1)
   0.1018    0.7634 v core/_1918_/Y (sky130_fd_sc_hd__nand2_1)
   5.2893    6.0527 ^ core/_1923_/Y (sky130_fd_sc_hd__o21ai_0)
   0.8225    6.8752 ^ lsu/_66665_/X (sky130_fd_sc_hd__buf_4)
   0.1442    7.0193 v dcache/_3048_/Y (sky130_fd_sc_hd__a222oi_1)
   0.0861    7.1054 ^ dcache/_3049_/Y (sky130_fd_sc_hd__nand2_1)
   0.0450    7.1504 v dcache/_3050_/Y (sky130_fd_sc_hd__a221oi_1)
   0.2248    7.3753 v dcache/_3051_/X (sky130_fd_sc_hd__and4_1)
   0.0821    7.4574 ^ dcache/_3052_/Y (sky130_fd_sc_hd__nand2_1)
   0.0501    7.5075 v dcache/_3054_/Y (sky130_fd_sc_hd__nor4_1)
   0.2122    7.7196 v dcache/_3055_/X (sky130_fd_sc_hd__and3_1)
   0.0725    7.7922 ^ dcache/mshrs/_0615_/Y (sky130_fd_sc_hd__inv_1)
   0.0576    7.8498 v dcache/mshrs/_0616_/Y (sky130_fd_sc_hd__nor2_1)
   0.1500    7.9997 v dcache/mshrs/_0617_/Y (sky130_fd_sc_hd__a21boi_0)
   0.2412    8.2409 v dcache/mshrs/_0618_/X (sky130_fd_sc_hd__lpflow_inputiso0n_1)
   0.1858    8.4266 ^ dcache/mshrs/_0752_/Y (sky130_fd_sc_hd__a31oi_1)
   0.0689    8.4955 v dcache/mshrs/_0755_/Y (sky130_fd_sc_hd__nand2_1)
   0.2016    8.6972 v dcache/mshrs/_0756_/X (sky130_fd_sc_hd__a22o_1)
   0.1247    8.8219 v dcache/_3057_/X (sky130_fd_sc_hd__lpflow_isobufsrc_1)
   0.1863    9.0082 ^ dcache/_3059_/Y (sky130_fd_sc_hd__nor3b_1)
   0.2445    9.2527 ^ dcache/_3062_/X (sky130_fd_sc_hd__o31a_1)
   0.1380    9.3907 v dcache/_3065_/Y (sky130_fd_sc_hd__nor3_1)
   0.1212    9.5119 ^ dcache/_3066_/Y (sky130_fd_sc_hd__inv_1)
   0.3554    9.8673 ^ dcache/_3614_/X (sky130_fd_sc_hd__lpflow_clkbufkapwr_1)
   0.4437   10.3109 v dcache/_3618_/X (sky130_fd_sc_hd__mux2_2)
   0.1400   10.4509 ^ lsu/_33460_/Y (sky130_fd_sc_hd__nand2b_1)
   0.0821   10.5330 v lsu/_33469_/Y (sky130_fd_sc_hd__nor3_1)
   0.1833   10.7163 v lsu/_33470_/X (sky130_fd_sc_hd__clkbuf_1)
   0.3555   11.0718 ^ lsu/_33474_/Y (sky130_fd_sc_hd__a222oi_1)
   0.1643   11.2360 v lsu/_33475_/Y (sky130_fd_sc_hd__nand4_1)
   0.2337   11.4698 ^ lsu/_33490_/Y (sky130_fd_sc_hd__o21ai_0)
   0.0933   11.5631 v lsu/_33503_/Y (sky130_fd_sc_hd__nand3b_1)
   0.1307   11.6937 ^ lsu/_33504_/Y (sky130_fd_sc_hd__o21ai_0)
   0.1745   11.8682 ^ core/memExeUnit/_195_/X (sky130_fd_sc_hd__buf_4)
   0.2807   12.1488 ^ core/ll_wbarb/_009_/X (sky130_fd_sc_hd__clkbuf_1)
   0.3857   12.5345 ^ core/ll_wbarb/_018_/X (sky130_fd_sc_hd__lpflow_clkbufkapwr_1)
   0.3834   12.9179 v core/ll_wbarb/_028_/X (sky130_fd_sc_hd__mux2_2)
   4.4771   17.3951 ^ core/_3820_/Y (sky130_fd_sc_hd__nor3b_1)
   0.3989   17.7940 v core/int_issue_unit/slots_1/_0917_/Y (sky130_fd_sc_hd__o2111ai_1)
   0.5131   18.3071 ^ core/int_issue_unit/slots_1/_0918_/Y (sky130_fd_sc_hd__a2111oi_0)
   0.1157   18.4228 v core/int_issue_unit/slots_1/_0927_/Y (sky130_fd_sc_hd__a21oi_1)
   0.1550   18.5778 ^ core/int_issue_unit/slots_1/_0973_/Y (sky130_fd_sc_hd__a41oi_1)
   0.0035   18.5813 ^ core/int_issue_unit/slots_1/_1039_/D (sky130_fd_sc_hd__dfxtp_1)
            18.5813   data arrival time

  20.0000   20.0000   clock clock (rise edge)
   0.0000   20.0000   clock network delay (ideal)
   0.0000   20.0000   clock reconvergence pessimism
            20.0000 ^ core/int_issue_unit/slots_1/_1039_/CLK (sky130_fd_sc_hd__dfxtp_1)
  -0.0821   19.9179   library setup time
            19.9179   data required time
-------------------------------------------------------------
            19.9179   data required time
           -18.5813   data arrival time
-------------------------------------------------------------
             1.3365   slack (MET)


