Warning: /scratch/perf_area_eff/experiment_bc2d54ae/syn_obj/syn-rundir/BoomTile.mapped.v line 2104127, module $assert not found. Creating black box for assert__assert_29.
CHIA_METRIC setup_slack
worst slack -0.7594
CHIA_METRIC hold_slack
worst slack 0.1596
CHIA_METRIC min_period
clock period_min = 20.76 fmax = 48.17
CHIA_METRIC critical_paths
Startpoint: core/FpPipeline/fpu_exe_unit/FPUUnit/fpu/dfma/_1310_
            (rising edge-triggered flip-flop clocked by clock)
Endpoint: core/FpPipeline/fpu_exe_unit/FPUUnit/fpu/dfma/fma/_31079_
          (rising edge-triggered flip-flop clocked by clock)
Path Group: clock
Path Type: max

    Delay      Time   Description
-------------------------------------------------------------
   0.0000    0.0000   clock clock (rise edge)
   0.0000    0.0000   clock network delay (ideal)
   0.0000    0.0000 ^ core/FpPipeline/fpu_exe_unit/FPUUnit/fpu/dfma/_1310_/CLK (sky130_fd_sc_hd__dfxtp_1)
   0.2995    0.2995 v core/FpPipeline/fpu_exe_unit/FPUUnit/fpu/dfma/_1310_/Q (sky130_fd_sc_hd__dfxtp_1)
   0.1614    0.4609 v core/FpPipeline/fpu_exe_unit/FPUUnit/fpu/dfma/fma/mulAddRecFNToRaw_preMul/_1092_/Y (sky130_fd_sc_hd__xnor2_1)
   0.3226    0.7835 ^ core/FpPipeline/fpu_exe_unit/FPUUnit/fpu/dfma/fma/mulAddRecFNToRaw_preMul/_1094_/Y (sky130_fd_sc_hd__o21ai_0)
   0.1761    0.9596 v core/FpPipeline/fpu_exe_unit/FPUUnit/fpu/dfma/fma/mulAddRecFNToRaw_preMul/_1097_/Y (sky130_fd_sc_hd__a31oi_1)
   0.4045    1.3640 v core/FpPipeline/fpu_exe_unit/FPUUnit/fpu/dfma/fma/mulAddRecFNToRaw_preMul/_1098_/X (sky130_fd_sc_hd__maj3_1)
   0.3959    1.7600 v core/FpPipeline/fpu_exe_unit/FPUUnit/fpu/dfma/fma/mulAddRecFNToRaw_preMul/_1099_/X (sky130_fd_sc_hd__maj3_1)
   0.3973    2.1573 v core/FpPipeline/fpu_exe_unit/FPUUnit/fpu/dfma/fma/mulAddRecFNToRaw_preMul/_1100_/X (sky130_fd_sc_hd__maj3_1)
   0.4055    2.5628 v core/FpPipeline/fpu_exe_unit/FPUUnit/fpu/dfma/fma/mulAddRecFNToRaw_preMul/_1101_/X (sky130_fd_sc_hd__maj3_1)
   0.3551    2.9179 v core/FpPipeline/fpu_exe_unit/FPUUnit/fpu/dfma/fma/mulAddRecFNToRaw_preMul/_1121_/X (sky130_fd_sc_hd__maj3_1)
   0.2007    3.1186 v core/FpPipeline/fpu_exe_unit/FPUUnit/fpu/dfma/fma/mulAddRecFNToRaw_preMul/_1122_/X (sky130_fd_sc_hd__xor2_1)
   0.1942    3.3128 ^ core/FpPipeline/fpu_exe_unit/FPUUnit/fpu/dfma/fma/mulAddRecFNToRaw_preMul/_1152_/Y (sky130_fd_sc_hd__o221ai_1)
   0.1518    3.4647 v core/FpPipeline/fpu_exe_unit/FPUUnit/fpu/dfma/fma/mulAddRecFNToRaw_preMul/_1158_/Y (sky130_fd_sc_hd__a32oi_1)
   0.4189    3.8835 v core/FpPipeline/fpu_exe_unit/FPUUnit/fpu/dfma/fma/mulAddRecFNToRaw_preMul/_1159_/X (sky130_fd_sc_hd__maj3_1)
   0.2588    4.1424 v core/FpPipeline/fpu_exe_unit/FPUUnit/fpu/dfma/fma/mulAddRecFNToRaw_preMul/_1177_/X (sky130_fd_sc_hd__o2111a_1)
   0.1835    4.3259 v core/FpPipeline/fpu_exe_unit/FPUUnit/fpu/dfma/fma/mulAddRecFNToRaw_preMul/_1178_/X (sky130_fd_sc_hd__clkbuf_1)
   0.1411    4.4670 ^ core/FpPipeline/fpu_exe_unit/FPUUnit/fpu/dfma/fma/mulAddRecFNToRaw_preMul/_1203_/Y (sky130_fd_sc_hd__nand4_1)
   0.3339    4.8008 ^ core/FpPipeline/fpu_exe_unit/FPUUnit/fpu/dfma/fma/mulAddRecFNToRaw_preMul/_1204_/X (sky130_fd_sc_hd__lpflow_clkbufkapwr_1)
   0.3198    5.1206 ^ core/FpPipeline/fpu_exe_unit/FPUUnit/fpu/dfma/fma/mulAddRecFNToRaw_preMul/_1307_/X (sky130_fd_sc_hd__buf_2)
   0.4406    5.5612 ^ core/FpPipeline/fpu_exe_unit/FPUUnit/fpu/dfma/fma/mulAddRecFNToRaw_preMul/_1308_/X (sky130_fd_sc_hd__lpflow_clkbufkapwr_1)
   0.4049    5.9661 v core/FpPipeline/fpu_exe_unit/FPUUnit/fpu/dfma/fma/mulAddRecFNToRaw_preMul/_1618_/X (sky130_fd_sc_hd__mux2_2)
   0.1693    6.1354 ^ core/FpPipeline/fpu_exe_unit/FPUUnit/fpu/dfma/fma/mulAddRecFNToRaw_preMul/_1760_/Y (sky130_fd_sc_hd__mux2i_1)
   0.0586    6.1940 v core/FpPipeline/fpu_exe_unit/FPUUnit/fpu/dfma/fma/mulAddRecFNToRaw_preMul/_1761_/Y (sky130_fd_sc_hd__nor2_1)
   0.1499    6.3440 ^ core/FpPipeline/fpu_exe_unit/FPUUnit/fpu/dfma/fma/mulAddRecFNToRaw_preMul/_1762_/Y (sky130_fd_sc_hd__a21oi_1)
   0.1072    6.4511 v core/FpPipeline/fpu_exe_unit/FPUUnit/fpu/dfma/fma/mulAddRecFNToRaw_preMul/_1763_/Y (sky130_fd_sc_hd__mux2i_1)
   0.2246    6.6758 ^ core/FpPipeline/fpu_exe_unit/FPUUnit/fpu/dfma/fma/mulAddRecFNToRaw_preMul/_1764_/Y (sky130_fd_sc_hd__a21oi_1)
   0.0630    6.7388 v core/FpPipeline/fpu_exe_unit/FPUUnit/fpu/dfma/fma/mulAddRecFNToRaw_preMul/_1765_/Y (sky130_fd_sc_hd__nor2_1)
   0.1979    6.9367 v core/FpPipeline/fpu_exe_unit/FPUUnit/fpu/dfma/fma/mulAddRecFNToRaw_preMul/_1766_/X (sky130_fd_sc_hd__o22a_1)
   0.3822    7.3188 v core/FpPipeline/fpu_exe_unit/FPUUnit/fpu/dfma/fma/_15620_/X (sky130_fd_sc_hd__xnor3_1)
   0.3965    7.7153 v core/FpPipeline/fpu_exe_unit/FPUUnit/fpu/dfma/fma/_15633_/X (sky130_fd_sc_hd__maj3_1)
   0.3777    8.0930 v core/FpPipeline/fpu_exe_unit/FPUUnit/fpu/dfma/fma/_15654_/X (sky130_fd_sc_hd__maj3_1)
   0.3929    8.4859 v core/FpPipeline/fpu_exe_unit/FPUUnit/fpu/dfma/fma/_15683_/X (sky130_fd_sc_hd__maj3_1)
   0.3979    8.8837 v core/FpPipeline/fpu_exe_unit/FPUUnit/fpu/dfma/fma/_15706_/X (sky130_fd_sc_hd__xor3_1)
   0.1695    9.0532 ^ core/FpPipeline/fpu_exe_unit/FPUUnit/fpu/dfma/fma/_15717_/Y (sky130_fd_sc_hd__nor2_1)
   0.2705    9.3237 ^ core/FpPipeline/fpu_exe_unit/FPUUnit/fpu/dfma/fma/_15755_/X (sky130_fd_sc_hd__xor3_1)
   0.1383    9.4620 v core/FpPipeline/fpu_exe_unit/FPUUnit/fpu/dfma/fma/_15756_/Y (sky130_fd_sc_hd__nand4bb_1)
   0.3515    9.8135 v core/FpPipeline/fpu_exe_unit/FPUUnit/fpu/dfma/fma/_15806_/X (sky130_fd_sc_hd__or2_2)
   0.3724   10.1859 v core/FpPipeline/fpu_exe_unit/FPUUnit/fpu/dfma/fma/_15860_/X (sky130_fd_sc_hd__maj3_1)
   0.3772   10.5631 v core/FpPipeline/fpu_exe_unit/FPUUnit/fpu/dfma/fma/_15917_/X (sky130_fd_sc_hd__maj3_1)
   0.3659   10.9290 v core/FpPipeline/fpu_exe_unit/FPUUnit/fpu/dfma/fma/_15983_/X (sky130_fd_sc_hd__maj3_1)
   0.3689   11.2979 v core/FpPipeline/fpu_exe_unit/FPUUnit/fpu/dfma/fma/_16051_/X (sky130_fd_sc_hd__maj3_1)
   0.3764   11.6743 v core/FpPipeline/fpu_exe_unit/FPUUnit/fpu/dfma/fma/_16118_/X (sky130_fd_sc_hd__maj3_1)
   0.3716   12.0459 v core/FpPipeline/fpu_exe_unit/FPUUnit/fpu/dfma/fma/_16205_/X (sky130_fd_sc_hd__maj3_1)
   0.3696   12.4155 v core/FpPipeline/fpu_exe_unit/FPUUnit/fpu/dfma/fma/_16303_/X (sky130_fd_sc_hd__maj3_1)
   0.2276   12.6431 ^ core/FpPipeline/fpu_exe_unit/FPUUnit/fpu/dfma/fma/_16397_/Y (sky130_fd_sc_hd__o22ai_1)
   0.1101   12.7532 v core/FpPipeline/fpu_exe_unit/FPUUnit/fpu/dfma/fma/_16924_/Y (sky130_fd_sc_hd__a211oi_1)
   0.3411   13.0942 ^ core/FpPipeline/fpu_exe_unit/FPUUnit/fpu/dfma/fma/_16925_/Y (sky130_fd_sc_hd__o311ai_0)
   0.1916   13.2859 v core/FpPipeline/fpu_exe_unit/FPUUnit/fpu/dfma/fma/_17063_/Y (sky130_fd_sc_hd__nand4_1)
   0.2608   13.5467 ^ core/FpPipeline/fpu_exe_unit/FPUUnit/fpu/dfma/fma/_17356_/Y (sky130_fd_sc_hd__a211oi_1)
   0.2232   13.7699 v core/FpPipeline/fpu_exe_unit/FPUUnit/fpu/dfma/fma/_17676_/Y (sky130_fd_sc_hd__o311ai_0)
   0.3464   14.1163 ^ core/FpPipeline/fpu_exe_unit/FPUUnit/fpu/dfma/fma/_17985_/Y (sky130_fd_sc_hd__a211oi_1)
   0.1544   14.2707 v core/FpPipeline/fpu_exe_unit/FPUUnit/fpu/dfma/fma/_18286_/Y (sky130_fd_sc_hd__o211ai_1)
   0.4838   14.7545 ^ core/FpPipeline/fpu_exe_unit/FPUUnit/fpu/dfma/fma/_19008_/Y (sky130_fd_sc_hd__a2111oi_0)
   0.2138   14.9683 v core/FpPipeline/fpu_exe_unit/FPUUnit/fpu/dfma/fma/_19804_/Y (sky130_fd_sc_hd__a21oi_1)
   0.3577   15.3260 v core/FpPipeline/fpu_exe_unit/FPUUnit/fpu/dfma/fma/_21792_/X (sky130_fd_sc_hd__o31a_1)
   0.3666   15.6926 ^ core/FpPipeline/fpu_exe_unit/FPUUnit/fpu/dfma/fma/_22055_/Y (sky130_fd_sc_hd__o31ai_1)
   0.2541   15.9466 ^ core/FpPipeline/fpu_exe_unit/FPUUnit/fpu/dfma/fma/_22585_/X (sky130_fd_sc_hd__a221o_1)
   0.1319   16.0785 v core/FpPipeline/fpu_exe_unit/FPUUnit/fpu/dfma/fma/_23138_/Y (sky130_fd_sc_hd__a31oi_1)
   0.3718   16.4503 ^ core/FpPipeline/fpu_exe_unit/FPUUnit/fpu/dfma/fma/_23671_/Y (sky130_fd_sc_hd__o21ai_0)
   0.2962   16.7465 ^ core/FpPipeline/fpu_exe_unit/FPUUnit/fpu/dfma/fma/_25679_/X (sky130_fd_sc_hd__and4b_1)
   0.2439   16.9904 ^ core/FpPipeline/fpu_exe_unit/FPUUnit/fpu/dfma/fma/_26580_/X (sky130_fd_sc_hd__o2111a_1)
   0.1495   17.1399 v core/FpPipeline/fpu_exe_unit/FPUUnit/fpu/dfma/fma/_28099_/Y (sky130_fd_sc_hd__o2111ai_1)
   0.3197   17.4597 ^ core/FpPipeline/fpu_exe_unit/FPUUnit/fpu/dfma/fma/_28721_/Y (sky130_fd_sc_hd__o2111ai_1)
   0.1877   17.6474 v core/FpPipeline/fpu_exe_unit/FPUUnit/fpu/dfma/fma/_29003_/Y (sky130_fd_sc_hd__a31oi_1)
   0.2882   17.9355 ^ core/FpPipeline/fpu_exe_unit/FPUUnit/fpu/dfma/fma/_29260_/Y (sky130_fd_sc_hd__o221ai_1)
   0.1789   18.1144 v core/FpPipeline/fpu_exe_unit/FPUUnit/fpu/dfma/fma/_29513_/Y (sky130_fd_sc_hd__a22oi_1)
   0.4165   18.5309 v core/FpPipeline/fpu_exe_unit/FPUUnit/fpu/dfma/fma/_29739_/X (sky130_fd_sc_hd__o311a_1)
   0.3505   18.8814 ^ core/FpPipeline/fpu_exe_unit/FPUUnit/fpu/dfma/fma/_30424_/Y (sky130_fd_sc_hd__nor4b_1)
   0.1849   19.0664 v core/FpPipeline/fpu_exe_unit/FPUUnit/fpu/dfma/fma/_30544_/Y (sky130_fd_sc_hd__o211ai_1)
   0.2818   19.3482 ^ core/FpPipeline/fpu_exe_unit/FPUUnit/fpu/dfma/fma/_30638_/Y (sky130_fd_sc_hd__a211oi_1)
   0.2067   19.5549 ^ core/FpPipeline/fpu_exe_unit/FPUUnit/fpu/dfma/fma/_30673_/X (sky130_fd_sc_hd__o31a_1)
   0.2562   19.8111 v core/FpPipeline/fpu_exe_unit/FPUUnit/fpu/dfma/fma/_30736_/Y (sky130_fd_sc_hd__o311ai_0)
   0.4182   20.2293 ^ core/FpPipeline/fpu_exe_unit/FPUUnit/fpu/dfma/fma/_30773_/Y (sky130_fd_sc_hd__a311oi_1)
   0.1529   20.3822 v core/FpPipeline/fpu_exe_unit/FPUUnit/fpu/dfma/fma/_30787_/Y (sky130_fd_sc_hd__o21ai_0)
   0.2569   20.6391 v core/FpPipeline/fpu_exe_unit/FPUUnit/fpu/dfma/fma/_30789_/X (sky130_fd_sc_hd__a31o_2)
   0.0035   20.6426 v core/FpPipeline/fpu_exe_unit/FPUUnit/fpu/dfma/fma/_31079_/D (sky130_fd_sc_hd__dfxtp_1)
            20.6426   data arrival time

  20.0000   20.0000   clock clock (rise edge)
   0.0000   20.0000   clock network delay (ideal)
   0.0000   20.0000   clock reconvergence pessimism
            20.0000 ^ core/FpPipeline/fpu_exe_unit/FPUUnit/fpu/dfma/fma/_31079_/CLK (sky130_fd_sc_hd__dfxtp_1)
  -0.1168   19.8832   library setup time
            19.8832   data required time
-------------------------------------------------------------
            19.8832   data required time
           -20.6426   data arrival time
-------------------------------------------------------------
            -0.7594   slack (VIOLATED)


Startpoint: core/FpPipeline/fpu_exe_unit/FPUUnit/fpu/dfma/_1310_
            (rising edge-triggered flip-flop clocked by clock)
Endpoint: core/FpPipeline/fpu_exe_unit/FPUUnit/fpu/dfma/fma/_31080_
          (rising edge-triggered flip-flop clocked by clock)
Path Group: clock
Path Type: max

    Delay      Time   Description
-------------------------------------------------------------
   0.0000    0.0000   clock clock (rise edge)
   0.0000    0.0000   clock network delay (ideal)
   0.0000    0.0000 ^ core/FpPipeline/fpu_exe_unit/FPUUnit/fpu/dfma/_1310_/CLK (sky130_fd_sc_hd__dfxtp_1)
   0.2995    0.2995 v core/FpPipeline/fpu_exe_unit/FPUUnit/fpu/dfma/_1310_/Q (sky130_fd_sc_hd__dfxtp_1)
   0.1614    0.4609 v core/FpPipeline/fpu_exe_unit/FPUUnit/fpu/dfma/fma/mulAddRecFNToRaw_preMul/_1092_/Y (sky130_fd_sc_hd__xnor2_1)
   0.3226    0.7835 ^ core/FpPipeline/fpu_exe_unit/FPUUnit/fpu/dfma/fma/mulAddRecFNToRaw_preMul/_1094_/Y (sky130_fd_sc_hd__o21ai_0)
   0.1761    0.9596 v core/FpPipeline/fpu_exe_unit/FPUUnit/fpu/dfma/fma/mulAddRecFNToRaw_preMul/_1097_/Y (sky130_fd_sc_hd__a31oi_1)
   0.4045    1.3640 v core/FpPipeline/fpu_exe_unit/FPUUnit/fpu/dfma/fma/mulAddRecFNToRaw_preMul/_1098_/X (sky130_fd_sc_hd__maj3_1)
   0.3959    1.7600 v core/FpPipeline/fpu_exe_unit/FPUUnit/fpu/dfma/fma/mulAddRecFNToRaw_preMul/_1099_/X (sky130_fd_sc_hd__maj3_1)
   0.3973    2.1573 v core/FpPipeline/fpu_exe_unit/FPUUnit/fpu/dfma/fma/mulAddRecFNToRaw_preMul/_1100_/X (sky130_fd_sc_hd__maj3_1)
   0.4055    2.5628 v core/FpPipeline/fpu_exe_unit/FPUUnit/fpu/dfma/fma/mulAddRecFNToRaw_preMul/_1101_/X (sky130_fd_sc_hd__maj3_1)
   0.3551    2.9179 v core/FpPipeline/fpu_exe_unit/FPUUnit/fpu/dfma/fma/mulAddRecFNToRaw_preMul/_1121_/X (sky130_fd_sc_hd__maj3_1)
   0.2007    3.1186 v core/FpPipeline/fpu_exe_unit/FPUUnit/fpu/dfma/fma/mulAddRecFNToRaw_preMul/_1122_/X (sky130_fd_sc_hd__xor2_1)
   0.1942    3.3128 ^ core/FpPipeline/fpu_exe_unit/FPUUnit/fpu/dfma/fma/mulAddRecFNToRaw_preMul/_1152_/Y (sky130_fd_sc_hd__o221ai_1)
   0.1518    3.4647 v core/FpPipeline/fpu_exe_unit/FPUUnit/fpu/dfma/fma/mulAddRecFNToRaw_preMul/_1158_/Y (sky130_fd_sc_hd__a32oi_1)
   0.4189    3.8835 v core/FpPipeline/fpu_exe_unit/FPUUnit/fpu/dfma/fma/mulAddRecFNToRaw_preMul/_1159_/X (sky130_fd_sc_hd__maj3_1)
   0.2588    4.1424 v core/FpPipeline/fpu_exe_unit/FPUUnit/fpu/dfma/fma/mulAddRecFNToRaw_preMul/_1177_/X (sky130_fd_sc_hd__o2111a_1)
   0.1835    4.3259 v core/FpPipeline/fpu_exe_unit/FPUUnit/fpu/dfma/fma/mulAddRecFNToRaw_preMul/_1178_/X (sky130_fd_sc_hd__clkbuf_1)
   0.1411    4.4670 ^ core/FpPipeline/fpu_exe_unit/FPUUnit/fpu/dfma/fma/mulAddRecFNToRaw_preMul/_1203_/Y (sky130_fd_sc_hd__nand4_1)
   0.3339    4.8008 ^ core/FpPipeline/fpu_exe_unit/FPUUnit/fpu/dfma/fma/mulAddRecFNToRaw_preMul/_1204_/X (sky130_fd_sc_hd__lpflow_clkbufkapwr_1)
   0.3198    5.1206 ^ core/FpPipeline/fpu_exe_unit/FPUUnit/fpu/dfma/fma/mulAddRecFNToRaw_preMul/_1307_/X (sky130_fd_sc_hd__buf_2)
   0.4406    5.5612 ^ core/FpPipeline/fpu_exe_unit/FPUUnit/fpu/dfma/fma/mulAddRecFNToRaw_preMul/_1308_/X (sky130_fd_sc_hd__lpflow_clkbufkapwr_1)
   0.4049    5.9661 v core/FpPipeline/fpu_exe_unit/FPUUnit/fpu/dfma/fma/mulAddRecFNToRaw_preMul/_1618_/X (sky130_fd_sc_hd__mux2_2)
   0.1693    6.1354 ^ core/FpPipeline/fpu_exe_unit/FPUUnit/fpu/dfma/fma/mulAddRecFNToRaw_preMul/_1760_/Y (sky130_fd_sc_hd__mux2i_1)
   0.0586    6.1940 v core/FpPipeline/fpu_exe_unit/FPUUnit/fpu/dfma/fma/mulAddRecFNToRaw_preMul/_1761_/Y (sky130_fd_sc_hd__nor2_1)
   0.1499    6.3440 ^ core/FpPipeline/fpu_exe_unit/FPUUnit/fpu/dfma/fma/mulAddRecFNToRaw_preMul/_1762_/Y (sky130_fd_sc_hd__a21oi_1)
   0.1072    6.4511 v core/FpPipeline/fpu_exe_unit/FPUUnit/fpu/dfma/fma/mulAddRecFNToRaw_preMul/_1763_/Y (sky130_fd_sc_hd__mux2i_1)
   0.2246    6.6758 ^ core/FpPipeline/fpu_exe_unit/FPUUnit/fpu/dfma/fma/mulAddRecFNToRaw_preMul/_1764_/Y (sky130_fd_sc_hd__a21oi_1)
   0.0630    6.7388 v core/FpPipeline/fpu_exe_unit/FPUUnit/fpu/dfma/fma/mulAddRecFNToRaw_preMul/_1765_/Y (sky130_fd_sc_hd__nor2_1)
   0.1979    6.9367 v core/FpPipeline/fpu_exe_unit/FPUUnit/fpu/dfma/fma/mulAddRecFNToRaw_preMul/_1766_/X (sky130_fd_sc_hd__o22a_1)
   0.3822    7.3188 v core/FpPipeline/fpu_exe_unit/FPUUnit/fpu/dfma/fma/_15620_/X (sky130_fd_sc_hd__xnor3_1)
   0.3965    7.7153 v core/FpPipeline/fpu_exe_unit/FPUUnit/fpu/dfma/fma/_15633_/X (sky130_fd_sc_hd__maj3_1)
   0.3777    8.0930 v core/FpPipeline/fpu_exe_unit/FPUUnit/fpu/dfma/fma/_15654_/X (sky130_fd_sc_hd__maj3_1)
   0.3929    8.4859 v core/FpPipeline/fpu_exe_unit/FPUUnit/fpu/dfma/fma/_15683_/X (sky130_fd_sc_hd__maj3_1)
   0.3979    8.8837 v core/FpPipeline/fpu_exe_unit/FPUUnit/fpu/dfma/fma/_15706_/X (sky130_fd_sc_hd__xor3_1)
   0.1695    9.0532 ^ core/FpPipeline/fpu_exe_unit/FPUUnit/fpu/dfma/fma/_15717_/Y (sky130_fd_sc_hd__nor2_1)
   0.2705    9.3237 ^ core/FpPipeline/fpu_exe_unit/FPUUnit/fpu/dfma/fma/_15755_/X (sky130_fd_sc_hd__xor3_1)
   0.1383    9.4620 v core/FpPipeline/fpu_exe_unit/FPUUnit/fpu/dfma/fma/_15756_/Y (sky130_fd_sc_hd__nand4bb_1)
   0.3515    9.8135 v core/FpPipeline/fpu_exe_unit/FPUUnit/fpu/dfma/fma/_15806_/X (sky130_fd_sc_hd__or2_2)
   0.3724   10.1859 v core/FpPipeline/fpu_exe_unit/FPUUnit/fpu/dfma/fma/_15860_/X (sky130_fd_sc_hd__maj3_1)
   0.3772   10.5631 v core/FpPipeline/fpu_exe_unit/FPUUnit/fpu/dfma/fma/_15917_/X (sky130_fd_sc_hd__maj3_1)
   0.3659   10.9290 v core/FpPipeline/fpu_exe_unit/FPUUnit/fpu/dfma/fma/_15983_/X (sky130_fd_sc_hd__maj3_1)
   0.3689   11.2979 v core/FpPipeline/fpu_exe_unit/FPUUnit/fpu/dfma/fma/_16051_/X (sky130_fd_sc_hd__maj3_1)
   0.3764   11.6743 v core/FpPipeline/fpu_exe_unit/FPUUnit/fpu/dfma/fma/_16118_/X (sky130_fd_sc_hd__maj3_1)
   0.3716   12.0459 v core/FpPipeline/fpu_exe_unit/FPUUnit/fpu/dfma/fma/_16205_/X (sky130_fd_sc_hd__maj3_1)
   0.3696   12.4155 v core/FpPipeline/fpu_exe_unit/FPUUnit/fpu/dfma/fma/_16303_/X (sky130_fd_sc_hd__maj3_1)
   0.2276   12.6431 ^ core/FpPipeline/fpu_exe_unit/FPUUnit/fpu/dfma/fma/_16397_/Y (sky130_fd_sc_hd__o22ai_1)
   0.1101   12.7532 v core/FpPipeline/fpu_exe_unit/FPUUnit/fpu/dfma/fma/_16924_/Y (sky130_fd_sc_hd__a211oi_1)
   0.3411   13.0942 ^ core/FpPipeline/fpu_exe_unit/FPUUnit/fpu/dfma/fma/_16925_/Y (sky130_fd_sc_hd__o311ai_0)
   0.1916   13.2859 v core/FpPipeline/fpu_exe_unit/FPUUnit/fpu/dfma/fma/_17063_/Y (sky130_fd_sc_hd__nand4_1)
   0.2608   13.5467 ^ core/FpPipeline/fpu_exe_unit/FPUUnit/fpu/dfma/fma/_17356_/Y (sky130_fd_sc_hd__a211oi_1)
   0.2232   13.7699 v core/FpPipeline/fpu_exe_unit/FPUUnit/fpu/dfma/fma/_17676_/Y (sky130_fd_sc_hd__o311ai_0)
   0.3464   14.1163 ^ core/FpPipeline/fpu_exe_unit/FPUUnit/fpu/dfma/fma/_17985_/Y (sky130_fd_sc_hd__a211oi_1)
   0.1544   14.2707 v core/FpPipeline/fpu_exe_unit/FPUUnit/fpu/dfma/fma/_18286_/Y (sky130_fd_sc_hd__o211ai_1)
   0.4838   14.7545 ^ core/FpPipeline/fpu_exe_unit/FPUUnit/fpu/dfma/fma/_19008_/Y (sky130_fd_sc_hd__a2111oi_0)
   0.2138   14.9683 v core/FpPipeline/fpu_exe_unit/FPUUnit/fpu/dfma/fma/_19804_/Y (sky130_fd_sc_hd__a21oi_1)
   0.3577   15.3260 v core/FpPipeline/fpu_exe_unit/FPUUnit/fpu/dfma/fma/_21792_/X (sky130_fd_sc_hd__o31a_1)
   0.3666   15.6926 ^ core/FpPipeline/fpu_exe_unit/FPUUnit/fpu/dfma/fma/_22055_/Y (sky130_fd_sc_hd__o31ai_1)
   0.2541   15.9466 ^ core/FpPipeline/fpu_exe_unit/FPUUnit/fpu/dfma/fma/_22585_/X (sky130_fd_sc_hd__a221o_1)
   0.1319   16.0785 v core/FpPipeline/fpu_exe_unit/FPUUnit/fpu/dfma/fma/_23138_/Y (sky130_fd_sc_hd__a31oi_1)
   0.3718   16.4503 ^ core/FpPipeline/fpu_exe_unit/FPUUnit/fpu/dfma/fma/_23671_/Y (sky130_fd_sc_hd__o21ai_0)
   0.2962   16.7465 ^ core/FpPipeline/fpu_exe_unit/FPUUnit/fpu/dfma/fma/_25679_/X (sky130_fd_sc_hd__and4b_1)
   0.2439   16.9904 ^ core/FpPipeline/fpu_exe_unit/FPUUnit/fpu/dfma/fma/_26580_/X (sky130_fd_sc_hd__o2111a_1)
   0.1495   17.1399 v core/FpPipeline/fpu_exe_unit/FPUUnit/fpu/dfma/fma/_28099_/Y (sky130_fd_sc_hd__o2111ai_1)
   0.3197   17.4597 ^ core/FpPipeline/fpu_exe_unit/FPUUnit/fpu/dfma/fma/_28721_/Y (sky130_fd_sc_hd__o2111ai_1)
   0.1877   17.6474 v core/FpPipeline/fpu_exe_unit/FPUUnit/fpu/dfma/fma/_29003_/Y (sky130_fd_sc_hd__a31oi_1)
   0.2882   17.9355 ^ core/FpPipeline/fpu_exe_unit/FPUUnit/fpu/dfma/fma/_29260_/Y (sky130_fd_sc_hd__o221ai_1)
   0.1789   18.1144 v core/FpPipeline/fpu_exe_unit/FPUUnit/fpu/dfma/fma/_29513_/Y (sky130_fd_sc_hd__a22oi_1)
   0.4165   18.5309 v core/FpPipeline/fpu_exe_unit/FPUUnit/fpu/dfma/fma/_29739_/X (sky130_fd_sc_hd__o311a_1)
   0.3505   18.8814 ^ core/FpPipeline/fpu_exe_unit/FPUUnit/fpu/dfma/fma/_30424_/Y (sky130_fd_sc_hd__nor4b_1)
   0.1849   19.0664 v core/FpPipeline/fpu_exe_unit/FPUUnit/fpu/dfma/fma/_30544_/Y (sky130_fd_sc_hd__o211ai_1)
   0.2818   19.3482 ^ core/FpPipeline/fpu_exe_unit/FPUUnit/fpu/dfma/fma/_30638_/Y (sky130_fd_sc_hd__a211oi_1)
   0.2067   19.5549 ^ core/FpPipeline/fpu_exe_unit/FPUUnit/fpu/dfma/fma/_30673_/X (sky130_fd_sc_hd__o31a_1)
   0.2562   19.8111 v core/FpPipeline/fpu_exe_unit/FPUUnit/fpu/dfma/fma/_30736_/Y (sky130_fd_sc_hd__o311ai_0)
   0.4182   20.2293 ^ core/FpPipeline/fpu_exe_unit/FPUUnit/fpu/dfma/fma/_30773_/Y (sky130_fd_sc_hd__a311oi_1)
   0.1529   20.3822 v core/FpPipeline/fpu_exe_unit/FPUUnit/fpu/dfma/fma/_30787_/Y (sky130_fd_sc_hd__o21ai_0)
   0.1842   20.5664 ^ core/FpPipeline/fpu_exe_unit/FPUUnit/fpu/dfma/fma/_30795_/Y (sky130_fd_sc_hd__a41oi_1)
   0.0035   20.5699 ^ core/FpPipeline/fpu_exe_unit/FPUUnit/fpu/dfma/fma/_31080_/D (sky130_fd_sc_hd__dfxtp_1)
            20.5699   data arrival time

  20.0000   20.0000   clock clock (rise edge)
   0.0000   20.0000   clock network delay (ideal)
   0.0000   20.0000   clock reconvergence pessimism
            20.0000 ^ core/FpPipeline/fpu_exe_unit/FPUUnit/fpu/dfma/fma/_31080_/CLK (sky130_fd_sc_hd__dfxtp_1)
  -0.0821   19.9179   library setup time
            19.9179   data required time
-------------------------------------------------------------
            19.9179   data required time
           -20.5699   data arrival time
-------------------------------------------------------------
            -0.6520   slack (VIOLATED)


Startpoint: core/FpPipeline/fpu_exe_unit/FPUUnit/fpu/dfma/_1310_
            (rising edge-triggered flip-flop clocked by clock)
Endpoint: core/FpPipeline/fpu_exe_unit/FPUUnit/fpu/dfma/fma/_31078_
          (rising edge-triggered flip-flop clocked by clock)
Path Group: clock
Path Type: max

    Delay      Time   Description
-------------------------------------------------------------
   0.0000    0.0000   clock clock (rise edge)
   0.0000    0.0000   clock network delay (ideal)
   0.0000    0.0000 ^ core/FpPipeline/fpu_exe_unit/FPUUnit/fpu/dfma/_1310_/CLK (sky130_fd_sc_hd__dfxtp_1)
   0.2995    0.2995 v core/FpPipeline/fpu_exe_unit/FPUUnit/fpu/dfma/_1310_/Q (sky130_fd_sc_hd__dfxtp_1)
   0.1614    0.4609 v core/FpPipeline/fpu_exe_unit/FPUUnit/fpu/dfma/fma/mulAddRecFNToRaw_preMul/_1092_/Y (sky130_fd_sc_hd__xnor2_1)
   0.3226    0.7835 ^ core/FpPipeline/fpu_exe_unit/FPUUnit/fpu/dfma/fma/mulAddRecFNToRaw_preMul/_1094_/Y (sky130_fd_sc_hd__o21ai_0)
   0.1761    0.9596 v core/FpPipeline/fpu_exe_unit/FPUUnit/fpu/dfma/fma/mulAddRecFNToRaw_preMul/_1097_/Y (sky130_fd_sc_hd__a31oi_1)
   0.4045    1.3640 v core/FpPipeline/fpu_exe_unit/FPUUnit/fpu/dfma/fma/mulAddRecFNToRaw_preMul/_1098_/X (sky130_fd_sc_hd__maj3_1)
   0.3959    1.7600 v core/FpPipeline/fpu_exe_unit/FPUUnit/fpu/dfma/fma/mulAddRecFNToRaw_preMul/_1099_/X (sky130_fd_sc_hd__maj3_1)
   0.3973    2.1573 v core/FpPipeline/fpu_exe_unit/FPUUnit/fpu/dfma/fma/mulAddRecFNToRaw_preMul/_1100_/X (sky130_fd_sc_hd__maj3_1)
   0.4055    2.5628 v core/FpPipeline/fpu_exe_unit/FPUUnit/fpu/dfma/fma/mulAddRecFNToRaw_preMul/_1101_/X (sky130_fd_sc_hd__maj3_1)
   0.3551    2.9179 v core/FpPipeline/fpu_exe_unit/FPUUnit/fpu/dfma/fma/mulAddRecFNToRaw_preMul/_1121_/X (sky130_fd_sc_hd__maj3_1)
   0.2007    3.1186 v core/FpPipeline/fpu_exe_unit/FPUUnit/fpu/dfma/fma/mulAddRecFNToRaw_preMul/_1122_/X (sky130_fd_sc_hd__xor2_1)
   0.1942    3.3128 ^ core/FpPipeline/fpu_exe_unit/FPUUnit/fpu/dfma/fma/mulAddRecFNToRaw_preMul/_1152_/Y (sky130_fd_sc_hd__o221ai_1)
   0.1518    3.4647 v core/FpPipeline/fpu_exe_unit/FPUUnit/fpu/dfma/fma/mulAddRecFNToRaw_preMul/_1158_/Y (sky130_fd_sc_hd__a32oi_1)
   0.4189    3.8835 v core/FpPipeline/fpu_exe_unit/FPUUnit/fpu/dfma/fma/mulAddRecFNToRaw_preMul/_1159_/X (sky130_fd_sc_hd__maj3_1)
   0.2588    4.1424 v core/FpPipeline/fpu_exe_unit/FPUUnit/fpu/dfma/fma/mulAddRecFNToRaw_preMul/_1177_/X (sky130_fd_sc_hd__o2111a_1)
   0.1835    4.3259 v core/FpPipeline/fpu_exe_unit/FPUUnit/fpu/dfma/fma/mulAddRecFNToRaw_preMul/_1178_/X (sky130_fd_sc_hd__clkbuf_1)
   0.1411    4.4670 ^ core/FpPipeline/fpu_exe_unit/FPUUnit/fpu/dfma/fma/mulAddRecFNToRaw_preMul/_1203_/Y (sky130_fd_sc_hd__nand4_1)
   0.3339    4.8008 ^ core/FpPipeline/fpu_exe_unit/FPUUnit/fpu/dfma/fma/mulAddRecFNToRaw_preMul/_1204_/X (sky130_fd_sc_hd__lpflow_clkbufkapwr_1)
   0.3198    5.1206 ^ core/FpPipeline/fpu_exe_unit/FPUUnit/fpu/dfma/fma/mulAddRecFNToRaw_preMul/_1307_/X (sky130_fd_sc_hd__buf_2)
   0.4406    5.5612 ^ core/FpPipeline/fpu_exe_unit/FPUUnit/fpu/dfma/fma/mulAddRecFNToRaw_preMul/_1308_/X (sky130_fd_sc_hd__lpflow_clkbufkapwr_1)
   0.4049    5.9661 v core/FpPipeline/fpu_exe_unit/FPUUnit/fpu/dfma/fma/mulAddRecFNToRaw_preMul/_1618_/X (sky130_fd_sc_hd__mux2_2)
   0.1693    6.1354 ^ core/FpPipeline/fpu_exe_unit/FPUUnit/fpu/dfma/fma/mulAddRecFNToRaw_preMul/_1760_/Y (sky130_fd_sc_hd__mux2i_1)
   0.0586    6.1940 v core/FpPipeline/fpu_exe_unit/FPUUnit/fpu/dfma/fma/mulAddRecFNToRaw_preMul/_1761_/Y (sky130_fd_sc_hd__nor2_1)
   0.1499    6.3440 ^ core/FpPipeline/fpu_exe_unit/FPUUnit/fpu/dfma/fma/mulAddRecFNToRaw_preMul/_1762_/Y (sky130_fd_sc_hd__a21oi_1)
   0.1072    6.4511 v core/FpPipeline/fpu_exe_unit/FPUUnit/fpu/dfma/fma/mulAddRecFNToRaw_preMul/_1763_/Y (sky130_fd_sc_hd__mux2i_1)
   0.2246    6.6758 ^ core/FpPipeline/fpu_exe_unit/FPUUnit/fpu/dfma/fma/mulAddRecFNToRaw_preMul/_1764_/Y (sky130_fd_sc_hd__a21oi_1)
   0.0630    6.7388 v core/FpPipeline/fpu_exe_unit/FPUUnit/fpu/dfma/fma/mulAddRecFNToRaw_preMul/_1765_/Y (sky130_fd_sc_hd__nor2_1)
   0.1979    6.9367 v core/FpPipeline/fpu_exe_unit/FPUUnit/fpu/dfma/fma/mulAddRecFNToRaw_preMul/_1766_/X (sky130_fd_sc_hd__o22a_1)
   0.3822    7.3188 v core/FpPipeline/fpu_exe_unit/FPUUnit/fpu/dfma/fma/_15620_/X (sky130_fd_sc_hd__xnor3_1)
   0.3965    7.7153 v core/FpPipeline/fpu_exe_unit/FPUUnit/fpu/dfma/fma/_15633_/X (sky130_fd_sc_hd__maj3_1)
   0.3777    8.0930 v core/FpPipeline/fpu_exe_unit/FPUUnit/fpu/dfma/fma/_15654_/X (sky130_fd_sc_hd__maj3_1)
   0.3929    8.4859 v core/FpPipeline/fpu_exe_unit/FPUUnit/fpu/dfma/fma/_15683_/X (sky130_fd_sc_hd__maj3_1)
   0.3979    8.8837 v core/FpPipeline/fpu_exe_unit/FPUUnit/fpu/dfma/fma/_15706_/X (sky130_fd_sc_hd__xor3_1)
   0.1695    9.0532 ^ core/FpPipeline/fpu_exe_unit/FPUUnit/fpu/dfma/fma/_15717_/Y (sky130_fd_sc_hd__nor2_1)
   0.2705    9.3237 ^ core/FpPipeline/fpu_exe_unit/FPUUnit/fpu/dfma/fma/_15755_/X (sky130_fd_sc_hd__xor3_1)
   0.1383    9.4620 v core/FpPipeline/fpu_exe_unit/FPUUnit/fpu/dfma/fma/_15756_/Y (sky130_fd_sc_hd__nand4bb_1)
   0.3515    9.8135 v core/FpPipeline/fpu_exe_unit/FPUUnit/fpu/dfma/fma/_15806_/X (sky130_fd_sc_hd__or2_2)
   0.3724   10.1859 v core/FpPipeline/fpu_exe_unit/FPUUnit/fpu/dfma/fma/_15860_/X (sky130_fd_sc_hd__maj3_1)
   0.3772   10.5631 v core/FpPipeline/fpu_exe_unit/FPUUnit/fpu/dfma/fma/_15917_/X (sky130_fd_sc_hd__maj3_1)
   0.3659   10.9290 v core/FpPipeline/fpu_exe_unit/FPUUnit/fpu/dfma/fma/_15983_/X (sky130_fd_sc_hd__maj3_1)
   0.3689   11.2979 v core/FpPipeline/fpu_exe_unit/FPUUnit/fpu/dfma/fma/_16051_/X (sky130_fd_sc_hd__maj3_1)
   0.3764   11.6743 v core/FpPipeline/fpu_exe_unit/FPUUnit/fpu/dfma/fma/_16118_/X (sky130_fd_sc_hd__maj3_1)
   0.3716   12.0459 v core/FpPipeline/fpu_exe_unit/FPUUnit/fpu/dfma/fma/_16205_/X (sky130_fd_sc_hd__maj3_1)
   0.3696   12.4155 v core/FpPipeline/fpu_exe_unit/FPUUnit/fpu/dfma/fma/_16303_/X (sky130_fd_sc_hd__maj3_1)
   0.2276   12.6431 ^ core/FpPipeline/fpu_exe_unit/FPUUnit/fpu/dfma/fma/_16397_/Y (sky130_fd_sc_hd__o22ai_1)
   0.1101   12.7532 v core/FpPipeline/fpu_exe_unit/FPUUnit/fpu/dfma/fma/_16924_/Y (sky130_fd_sc_hd__a211oi_1)
   0.3411   13.0942 ^ core/FpPipeline/fpu_exe_unit/FPUUnit/fpu/dfma/fma/_16925_/Y (sky130_fd_sc_hd__o311ai_0)
   0.1916   13.2859 v core/FpPipeline/fpu_exe_unit/FPUUnit/fpu/dfma/fma/_17063_/Y (sky130_fd_sc_hd__nand4_1)
   0.2608   13.5467 ^ core/FpPipeline/fpu_exe_unit/FPUUnit/fpu/dfma/fma/_17356_/Y (sky130_fd_sc_hd__a211oi_1)
   0.2232   13.7699 v core/FpPipeline/fpu_exe_unit/FPUUnit/fpu/dfma/fma/_17676_/Y (sky130_fd_sc_hd__o311ai_0)
   0.3464   14.1163 ^ core/FpPipeline/fpu_exe_unit/FPUUnit/fpu/dfma/fma/_17985_/Y (sky130_fd_sc_hd__a211oi_1)
   0.1544   14.2707 v core/FpPipeline/fpu_exe_unit/FPUUnit/fpu/dfma/fma/_18286_/Y (sky130_fd_sc_hd__o211ai_1)
   0.4838   14.7545 ^ core/FpPipeline/fpu_exe_unit/FPUUnit/fpu/dfma/fma/_19008_/Y (sky130_fd_sc_hd__a2111oi_0)
   0.2138   14.9683 v core/FpPipeline/fpu_exe_unit/FPUUnit/fpu/dfma/fma/_19804_/Y (sky130_fd_sc_hd__a21oi_1)
   0.3577   15.3260 v core/FpPipeline/fpu_exe_unit/FPUUnit/fpu/dfma/fma/_21792_/X (sky130_fd_sc_hd__o31a_1)
   0.3666   15.6926 ^ core/FpPipeline/fpu_exe_unit/FPUUnit/fpu/dfma/fma/_22055_/Y (sky130_fd_sc_hd__o31ai_1)
   0.2541   15.9466 ^ core/FpPipeline/fpu_exe_unit/FPUUnit/fpu/dfma/fma/_22585_/X (sky130_fd_sc_hd__a221o_1)
   0.1319   16.0785 v core/FpPipeline/fpu_exe_unit/FPUUnit/fpu/dfma/fma/_23138_/Y (sky130_fd_sc_hd__a31oi_1)
   0.3718   16.4503 ^ core/FpPipeline/fpu_exe_unit/FPUUnit/fpu/dfma/fma/_23671_/Y (sky130_fd_sc_hd__o21ai_0)
   0.2962   16.7465 ^ core/FpPipeline/fpu_exe_unit/FPUUnit/fpu/dfma/fma/_25679_/X (sky130_fd_sc_hd__and4b_1)
   0.2439   16.9904 ^ core/FpPipeline/fpu_exe_unit/FPUUnit/fpu/dfma/fma/_26580_/X (sky130_fd_sc_hd__o2111a_1)
   0.1495   17.1399 v core/FpPipeline/fpu_exe_unit/FPUUnit/fpu/dfma/fma/_28099_/Y (sky130_fd_sc_hd__o2111ai_1)
   0.3197   17.4597 ^ core/FpPipeline/fpu_exe_unit/FPUUnit/fpu/dfma/fma/_28721_/Y (sky130_fd_sc_hd__o2111ai_1)
   0.1877   17.6474 v core/FpPipeline/fpu_exe_unit/FPUUnit/fpu/dfma/fma/_29003_/Y (sky130_fd_sc_hd__a31oi_1)
   0.2882   17.9355 ^ core/FpPipeline/fpu_exe_unit/FPUUnit/fpu/dfma/fma/_29260_/Y (sky130_fd_sc_hd__o221ai_1)
   0.1789   18.1144 v core/FpPipeline/fpu_exe_unit/FPUUnit/fpu/dfma/fma/_29513_/Y (sky130_fd_sc_hd__a22oi_1)
   0.4165   18.5309 v core/FpPipeline/fpu_exe_unit/FPUUnit/fpu/dfma/fma/_29739_/X (sky130_fd_sc_hd__o311a_1)
   0.3505   18.8814 ^ core/FpPipeline/fpu_exe_unit/FPUUnit/fpu/dfma/fma/_30424_/Y (sky130_fd_sc_hd__nor4b_1)
   0.1849   19.0664 v core/FpPipeline/fpu_exe_unit/FPUUnit/fpu/dfma/fma/_30544_/Y (sky130_fd_sc_hd__o211ai_1)
   0.2818   19.3482 ^ core/FpPipeline/fpu_exe_unit/FPUUnit/fpu/dfma/fma/_30638_/Y (sky130_fd_sc_hd__a211oi_1)
   0.2067   19.5549 ^ core/FpPipeline/fpu_exe_unit/FPUUnit/fpu/dfma/fma/_30673_/X (sky130_fd_sc_hd__o31a_1)
   0.2562   19.8111 v core/FpPipeline/fpu_exe_unit/FPUUnit/fpu/dfma/fma/_30736_/Y (sky130_fd_sc_hd__o311ai_0)
   0.4182   20.2293 ^ core/FpPipeline/fpu_exe_unit/FPUUnit/fpu/dfma/fma/_30773_/Y (sky130_fd_sc_hd__a311oi_1)
   0.1123   20.3417 v core/FpPipeline/fpu_exe_unit/FPUUnit/fpu/dfma/fma/_30776_/Y (sky130_fd_sc_hd__o2bb2ai_1)
   0.0035   20.3451 v core/FpPipeline/fpu_exe_unit/FPUUnit/fpu/dfma/fma/_31078_/D (sky130_fd_sc_hd__dfxtp_1)
            20.3451   data arrival time

  20.0000   20.0000   clock clock (rise edge)
   0.0000   20.0000   clock network delay (ideal)
   0.0000   20.0000   clock reconvergence pessimism
            20.0000 ^ core/FpPipeline/fpu_exe_unit/FPUUnit/fpu/dfma/fma/_31078_/CLK (sky130_fd_sc_hd__dfxtp_1)
  -0.1292   19.8708   library setup time
            19.8708   data required time
-------------------------------------------------------------
            19.8708   data required time
           -20.3451   data arrival time
-------------------------------------------------------------
            -0.4743   slack (VIOLATED)


Startpoint: core/FpPipeline/fpu_exe_unit/FPUUnit/fpu/dfma/_1310_
            (rising edge-triggered flip-flop clocked by clock)
Endpoint: core/FpPipeline/fpu_exe_unit/FPUUnit/fpu/dfma/fma/_31077_
          (rising edge-triggered flip-flop clocked by clock)
Path Group: clock
Path Type: max

    Delay      Time   Description
-------------------------------------------------------------
   0.0000    0.0000   clock clock (rise edge)
   0.0000    0.0000   clock network delay (ideal)
   0.0000    0.0000 ^ core/FpPipeline/fpu_exe_unit/FPUUnit/fpu/dfma/_1310_/CLK (sky130_fd_sc_hd__dfxtp_1)
   0.2995    0.2995 v core/FpPipeline/fpu_exe_unit/FPUUnit/fpu/dfma/_1310_/Q (sky130_fd_sc_hd__dfxtp_1)
   0.1614    0.4609 v core/FpPipeline/fpu_exe_unit/FPUUnit/fpu/dfma/fma/mulAddRecFNToRaw_preMul/_1092_/Y (sky130_fd_sc_hd__xnor2_1)
   0.3226    0.7835 ^ core/FpPipeline/fpu_exe_unit/FPUUnit/fpu/dfma/fma/mulAddRecFNToRaw_preMul/_1094_/Y (sky130_fd_sc_hd__o21ai_0)
   0.1761    0.9596 v core/FpPipeline/fpu_exe_unit/FPUUnit/fpu/dfma/fma/mulAddRecFNToRaw_preMul/_1097_/Y (sky130_fd_sc_hd__a31oi_1)
   0.4045    1.3640 v core/FpPipeline/fpu_exe_unit/FPUUnit/fpu/dfma/fma/mulAddRecFNToRaw_preMul/_1098_/X (sky130_fd_sc_hd__maj3_1)
   0.3959    1.7600 v core/FpPipeline/fpu_exe_unit/FPUUnit/fpu/dfma/fma/mulAddRecFNToRaw_preMul/_1099_/X (sky130_fd_sc_hd__maj3_1)
   0.3973    2.1573 v core/FpPipeline/fpu_exe_unit/FPUUnit/fpu/dfma/fma/mulAddRecFNToRaw_preMul/_1100_/X (sky130_fd_sc_hd__maj3_1)
   0.4055    2.5628 v core/FpPipeline/fpu_exe_unit/FPUUnit/fpu/dfma/fma/mulAddRecFNToRaw_preMul/_1101_/X (sky130_fd_sc_hd__maj3_1)
   0.3551    2.9179 v core/FpPipeline/fpu_exe_unit/FPUUnit/fpu/dfma/fma/mulAddRecFNToRaw_preMul/_1121_/X (sky130_fd_sc_hd__maj3_1)
   0.2007    3.1186 v core/FpPipeline/fpu_exe_unit/FPUUnit/fpu/dfma/fma/mulAddRecFNToRaw_preMul/_1122_/X (sky130_fd_sc_hd__xor2_1)
   0.1942    3.3128 ^ core/FpPipeline/fpu_exe_unit/FPUUnit/fpu/dfma/fma/mulAddRecFNToRaw_preMul/_1152_/Y (sky130_fd_sc_hd__o221ai_1)
   0.1518    3.4647 v core/FpPipeline/fpu_exe_unit/FPUUnit/fpu/dfma/fma/mulAddRecFNToRaw_preMul/_1158_/Y (sky130_fd_sc_hd__a32oi_1)
   0.4189    3.8835 v core/FpPipeline/fpu_exe_unit/FPUUnit/fpu/dfma/fma/mulAddRecFNToRaw_preMul/_1159_/X (sky130_fd_sc_hd__maj3_1)
   0.2588    4.1424 v core/FpPipeline/fpu_exe_unit/FPUUnit/fpu/dfma/fma/mulAddRecFNToRaw_preMul/_1177_/X (sky130_fd_sc_hd__o2111a_1)
   0.1835    4.3259 v core/FpPipeline/fpu_exe_unit/FPUUnit/fpu/dfma/fma/mulAddRecFNToRaw_preMul/_1178_/X (sky130_fd_sc_hd__clkbuf_1)
   0.1411    4.4670 ^ core/FpPipeline/fpu_exe_unit/FPUUnit/fpu/dfma/fma/mulAddRecFNToRaw_preMul/_1203_/Y (sky130_fd_sc_hd__nand4_1)
   0.3339    4.8008 ^ core/FpPipeline/fpu_exe_unit/FPUUnit/fpu/dfma/fma/mulAddRecFNToRaw_preMul/_1204_/X (sky130_fd_sc_hd__lpflow_clkbufkapwr_1)
   0.3198    5.1206 ^ core/FpPipeline/fpu_exe_unit/FPUUnit/fpu/dfma/fma/mulAddRecFNToRaw_preMul/_1307_/X (sky130_fd_sc_hd__buf_2)
   0.4406    5.5612 ^ core/FpPipeline/fpu_exe_unit/FPUUnit/fpu/dfma/fma/mulAddRecFNToRaw_preMul/_1308_/X (sky130_fd_sc_hd__lpflow_clkbufkapwr_1)
   0.4049    5.9661 v core/FpPipeline/fpu_exe_unit/FPUUnit/fpu/dfma/fma/mulAddRecFNToRaw_preMul/_1618_/X (sky130_fd_sc_hd__mux2_2)
   0.1693    6.1354 ^ core/FpPipeline/fpu_exe_unit/FPUUnit/fpu/dfma/fma/mulAddRecFNToRaw_preMul/_1760_/Y (sky130_fd_sc_hd__mux2i_1)
   0.0586    6.1940 v core/FpPipeline/fpu_exe_unit/FPUUnit/fpu/dfma/fma/mulAddRecFNToRaw_preMul/_1761_/Y (sky130_fd_sc_hd__nor2_1)
   0.1499    6.3440 ^ core/FpPipeline/fpu_exe_unit/FPUUnit/fpu/dfma/fma/mulAddRecFNToRaw_preMul/_1762_/Y (sky130_fd_sc_hd__a21oi_1)
   0.1072    6.4511 v core/FpPipeline/fpu_exe_unit/FPUUnit/fpu/dfma/fma/mulAddRecFNToRaw_preMul/_1763_/Y (sky130_fd_sc_hd__mux2i_1)
   0.2246    6.6758 ^ core/FpPipeline/fpu_exe_unit/FPUUnit/fpu/dfma/fma/mulAddRecFNToRaw_preMul/_1764_/Y (sky130_fd_sc_hd__a21oi_1)
   0.0630    6.7388 v core/FpPipeline/fpu_exe_unit/FPUUnit/fpu/dfma/fma/mulAddRecFNToRaw_preMul/_1765_/Y (sky130_fd_sc_hd__nor2_1)
   0.1979    6.9367 v core/FpPipeline/fpu_exe_unit/FPUUnit/fpu/dfma/fma/mulAddRecFNToRaw_preMul/_1766_/X (sky130_fd_sc_hd__o22a_1)
   0.3822    7.3188 v core/FpPipeline/fpu_exe_unit/FPUUnit/fpu/dfma/fma/_15620_/X (sky130_fd_sc_hd__xnor3_1)
   0.3965    7.7153 v core/FpPipeline/fpu_exe_unit/FPUUnit/fpu/dfma/fma/_15633_/X (sky130_fd_sc_hd__maj3_1)
   0.3777    8.0930 v core/FpPipeline/fpu_exe_unit/FPUUnit/fpu/dfma/fma/_15654_/X (sky130_fd_sc_hd__maj3_1)
   0.3929    8.4859 v core/FpPipeline/fpu_exe_unit/FPUUnit/fpu/dfma/fma/_15683_/X (sky130_fd_sc_hd__maj3_1)
   0.3979    8.8837 v core/FpPipeline/fpu_exe_unit/FPUUnit/fpu/dfma/fma/_15706_/X (sky130_fd_sc_hd__xor3_1)
   0.1695    9.0532 ^ core/FpPipeline/fpu_exe_unit/FPUUnit/fpu/dfma/fma/_15717_/Y (sky130_fd_sc_hd__nor2_1)
   0.2705    9.3237 ^ core/FpPipeline/fpu_exe_unit/FPUUnit/fpu/dfma/fma/_15755_/X (sky130_fd_sc_hd__xor3_1)
   0.1383    9.4620 v core/FpPipeline/fpu_exe_unit/FPUUnit/fpu/dfma/fma/_15756_/Y (sky130_fd_sc_hd__nand4bb_1)
   0.3515    9.8135 v core/FpPipeline/fpu_exe_unit/FPUUnit/fpu/dfma/fma/_15806_/X (sky130_fd_sc_hd__or2_2)
   0.3724   10.1859 v core/FpPipeline/fpu_exe_unit/FPUUnit/fpu/dfma/fma/_15860_/X (sky130_fd_sc_hd__maj3_1)
   0.3772   10.5631 v core/FpPipeline/fpu_exe_unit/FPUUnit/fpu/dfma/fma/_15917_/X (sky130_fd_sc_hd__maj3_1)
   0.3659   10.9290 v core/FpPipeline/fpu_exe_unit/FPUUnit/fpu/dfma/fma/_15983_/X (sky130_fd_sc_hd__maj3_1)
   0.3689   11.2979 v core/FpPipeline/fpu_exe_unit/FPUUnit/fpu/dfma/fma/_16051_/X (sky130_fd_sc_hd__maj3_1)
   0.3764   11.6743 v core/FpPipeline/fpu_exe_unit/FPUUnit/fpu/dfma/fma/_16118_/X (sky130_fd_sc_hd__maj3_1)
   0.3716   12.0459 v core/FpPipeline/fpu_exe_unit/FPUUnit/fpu/dfma/fma/_16205_/X (sky130_fd_sc_hd__maj3_1)
   0.3696   12.4155 v core/FpPipeline/fpu_exe_unit/FPUUnit/fpu/dfma/fma/_16303_/X (sky130_fd_sc_hd__maj3_1)
   0.2276   12.6431 ^ core/FpPipeline/fpu_exe_unit/FPUUnit/fpu/dfma/fma/_16397_/Y (sky130_fd_sc_hd__o22ai_1)
   0.1101   12.7532 v core/FpPipeline/fpu_exe_unit/FPUUnit/fpu/dfma/fma/_16924_/Y (sky130_fd_sc_hd__a211oi_1)
   0.3411   13.0942 ^ core/FpPipeline/fpu_exe_unit/FPUUnit/fpu/dfma/fma/_16925_/Y (sky130_fd_sc_hd__o311ai_0)
   0.1916   13.2859 v core/FpPipeline/fpu_exe_unit/FPUUnit/fpu/dfma/fma/_17063_/Y (sky130_fd_sc_hd__nand4_1)
   0.2608   13.5467 ^ core/FpPipeline/fpu_exe_unit/FPUUnit/fpu/dfma/fma/_17356_/Y (sky130_fd_sc_hd__a211oi_1)
   0.2232   13.7699 v core/FpPipeline/fpu_exe_unit/FPUUnit/fpu/dfma/fma/_17676_/Y (sky130_fd_sc_hd__o311ai_0)
   0.3464   14.1163 ^ core/FpPipeline/fpu_exe_unit/FPUUnit/fpu/dfma/fma/_17985_/Y (sky130_fd_sc_hd__a211oi_1)
   0.1544   14.2707 v core/FpPipeline/fpu_exe_unit/FPUUnit/fpu/dfma/fma/_18286_/Y (sky130_fd_sc_hd__o211ai_1)
   0.4838   14.7545 ^ core/FpPipeline/fpu_exe_unit/FPUUnit/fpu/dfma/fma/_19008_/Y (sky130_fd_sc_hd__a2111oi_0)
   0.2138   14.9683 v core/FpPipeline/fpu_exe_unit/FPUUnit/fpu/dfma/fma/_19804_/Y (sky130_fd_sc_hd__a21oi_1)
   0.3577   15.3260 v core/FpPipeline/fpu_exe_unit/FPUUnit/fpu/dfma/fma/_21792_/X (sky130_fd_sc_hd__o31a_1)
   0.3666   15.6926 ^ core/FpPipeline/fpu_exe_unit/FPUUnit/fpu/dfma/fma/_22055_/Y (sky130_fd_sc_hd__o31ai_1)
   0.2541   15.9466 ^ core/FpPipeline/fpu_exe_unit/FPUUnit/fpu/dfma/fma/_22585_/X (sky130_fd_sc_hd__a221o_1)
   0.1319   16.0785 v core/FpPipeline/fpu_exe_unit/FPUUnit/fpu/dfma/fma/_23138_/Y (sky130_fd_sc_hd__a31oi_1)
   0.3718   16.4503 ^ core/FpPipeline/fpu_exe_unit/FPUUnit/fpu/dfma/fma/_23671_/Y (sky130_fd_sc_hd__o21ai_0)
   0.2962   16.7465 ^ core/FpPipeline/fpu_exe_unit/FPUUnit/fpu/dfma/fma/_25679_/X (sky130_fd_sc_hd__and4b_1)
   0.2439   16.9904 ^ core/FpPipeline/fpu_exe_unit/FPUUnit/fpu/dfma/fma/_26580_/X (sky130_fd_sc_hd__o2111a_1)
   0.1495   17.1399 v core/FpPipeline/fpu_exe_unit/FPUUnit/fpu/dfma/fma/_28099_/Y (sky130_fd_sc_hd__o2111ai_1)
   0.3197   17.4597 ^ core/FpPipeline/fpu_exe_unit/FPUUnit/fpu/dfma/fma/_28721_/Y (sky130_fd_sc_hd__o2111ai_1)
   0.1877   17.6474 v core/FpPipeline/fpu_exe_unit/FPUUnit/fpu/dfma/fma/_29003_/Y (sky130_fd_sc_hd__a31oi_1)
   0.2882   17.9355 ^ core/FpPipeline/fpu_exe_unit/FPUUnit/fpu/dfma/fma/_29260_/Y (sky130_fd_sc_hd__o221ai_1)
   0.1789   18.1144 v core/FpPipeline/fpu_exe_unit/FPUUnit/fpu/dfma/fma/_29513_/Y (sky130_fd_sc_hd__a22oi_1)
   0.4165   18.5309 v core/FpPipeline/fpu_exe_unit/FPUUnit/fpu/dfma/fma/_29739_/X (sky130_fd_sc_hd__o311a_1)
   0.3505   18.8814 ^ core/FpPipeline/fpu_exe_unit/FPUUnit/fpu/dfma/fma/_30424_/Y (sky130_fd_sc_hd__nor4b_1)
   0.1849   19.0664 v core/FpPipeline/fpu_exe_unit/FPUUnit/fpu/dfma/fma/_30544_/Y (sky130_fd_sc_hd__o211ai_1)
   0.2818   19.3482 ^ core/FpPipeline/fpu_exe_unit/FPUUnit/fpu/dfma/fma/_30638_/Y (sky130_fd_sc_hd__a211oi_1)
   0.2067   19.5549 ^ core/FpPipeline/fpu_exe_unit/FPUUnit/fpu/dfma/fma/_30673_/X (sky130_fd_sc_hd__o31a_1)
   0.2562   19.8111 v core/FpPipeline/fpu_exe_unit/FPUUnit/fpu/dfma/fma/_30736_/Y (sky130_fd_sc_hd__o311ai_0)
   0.1685   19.9796 ^ core/FpPipeline/fpu_exe_unit/FPUUnit/fpu/dfma/fma/_30760_/Y (sky130_fd_sc_hd__nand3_1)
   0.0627   20.0423 v core/FpPipeline/fpu_exe_unit/FPUUnit/fpu/dfma/fma/_30761_/Y (sky130_fd_sc_hd__nand2_1)
   0.1210   20.1633 ^ core/FpPipeline/fpu_exe_unit/FPUUnit/fpu/dfma/fma/_30762_/Y (sky130_fd_sc_hd__o2bb2ai_1)
   0.0035   20.1667 ^ core/FpPipeline/fpu_exe_unit/FPUUnit/fpu/dfma/fma/_31077_/D (sky130_fd_sc_hd__dfxtp_1)
            20.1667   data arrival time

  20.0000   20.0000   clock clock (rise edge)
   0.0000   20.0000   clock network delay (ideal)
   0.0000   20.0000   clock reconvergence pessimism
            20.0000 ^ core/FpPipeline/fpu_exe_unit/FPUUnit/fpu/dfma/fma/_31077_/CLK (sky130_fd_sc_hd__dfxtp_1)
  -0.0715   19.9285   library setup time
            19.9285   data required time
-------------------------------------------------------------
            19.9285   data required time
           -20.1667   data arrival time
-------------------------------------------------------------
            -0.2382   slack (VIOLATED)


Startpoint: core/FpPipeline/fpu_exe_unit/FPUUnit/fpu/dfma/_1310_
            (rising edge-triggered flip-flop clocked by clock)
Endpoint: core/FpPipeline/fpu_exe_unit/FPUUnit/fpu/dfma/fma/_31076_
          (rising edge-triggered flip-flop clocked by clock)
Path Group: clock
Path Type: max

    Delay      Time   Description
-------------------------------------------------------------
   0.0000    0.0000   clock clock (rise edge)
   0.0000    0.0000   clock network delay (ideal)
   0.0000    0.0000 ^ core/FpPipeline/fpu_exe_unit/FPUUnit/fpu/dfma/_1310_/CLK (sky130_fd_sc_hd__dfxtp_1)
   0.2995    0.2995 v core/FpPipeline/fpu_exe_unit/FPUUnit/fpu/dfma/_1310_/Q (sky130_fd_sc_hd__dfxtp_1)
   0.1614    0.4609 v core/FpPipeline/fpu_exe_unit/FPUUnit/fpu/dfma/fma/mulAddRecFNToRaw_preMul/_1092_/Y (sky130_fd_sc_hd__xnor2_1)
   0.3226    0.7835 ^ core/FpPipeline/fpu_exe_unit/FPUUnit/fpu/dfma/fma/mulAddRecFNToRaw_preMul/_1094_/Y (sky130_fd_sc_hd__o21ai_0)
   0.1761    0.9596 v core/FpPipeline/fpu_exe_unit/FPUUnit/fpu/dfma/fma/mulAddRecFNToRaw_preMul/_1097_/Y (sky130_fd_sc_hd__a31oi_1)
   0.4045    1.3640 v core/FpPipeline/fpu_exe_unit/FPUUnit/fpu/dfma/fma/mulAddRecFNToRaw_preMul/_1098_/X (sky130_fd_sc_hd__maj3_1)
   0.3959    1.7600 v core/FpPipeline/fpu_exe_unit/FPUUnit/fpu/dfma/fma/mulAddRecFNToRaw_preMul/_1099_/X (sky130_fd_sc_hd__maj3_1)
   0.3973    2.1573 v core/FpPipeline/fpu_exe_unit/FPUUnit/fpu/dfma/fma/mulAddRecFNToRaw_preMul/_1100_/X (sky130_fd_sc_hd__maj3_1)
   0.4055    2.5628 v core/FpPipeline/fpu_exe_unit/FPUUnit/fpu/dfma/fma/mulAddRecFNToRaw_preMul/_1101_/X (sky130_fd_sc_hd__maj3_1)
   0.3551    2.9179 v core/FpPipeline/fpu_exe_unit/FPUUnit/fpu/dfma/fma/mulAddRecFNToRaw_preMul/_1121_/X (sky130_fd_sc_hd__maj3_1)
   0.2007    3.1186 v core/FpPipeline/fpu_exe_unit/FPUUnit/fpu/dfma/fma/mulAddRecFNToRaw_preMul/_1122_/X (sky130_fd_sc_hd__xor2_1)
   0.1942    3.3128 ^ core/FpPipeline/fpu_exe_unit/FPUUnit/fpu/dfma/fma/mulAddRecFNToRaw_preMul/_1152_/Y (sky130_fd_sc_hd__o221ai_1)
   0.1518    3.4647 v core/FpPipeline/fpu_exe_unit/FPUUnit/fpu/dfma/fma/mulAddRecFNToRaw_preMul/_1158_/Y (sky130_fd_sc_hd__a32oi_1)
   0.4189    3.8835 v core/FpPipeline/fpu_exe_unit/FPUUnit/fpu/dfma/fma/mulAddRecFNToRaw_preMul/_1159_/X (sky130_fd_sc_hd__maj3_1)
   0.2588    4.1424 v core/FpPipeline/fpu_exe_unit/FPUUnit/fpu/dfma/fma/mulAddRecFNToRaw_preMul/_1177_/X (sky130_fd_sc_hd__o2111a_1)
   0.1835    4.3259 v core/FpPipeline/fpu_exe_unit/FPUUnit/fpu/dfma/fma/mulAddRecFNToRaw_preMul/_1178_/X (sky130_fd_sc_hd__clkbuf_1)
   0.1411    4.4670 ^ core/FpPipeline/fpu_exe_unit/FPUUnit/fpu/dfma/fma/mulAddRecFNToRaw_preMul/_1203_/Y (sky130_fd_sc_hd__nand4_1)
   0.3339    4.8008 ^ core/FpPipeline/fpu_exe_unit/FPUUnit/fpu/dfma/fma/mulAddRecFNToRaw_preMul/_1204_/X (sky130_fd_sc_hd__lpflow_clkbufkapwr_1)
   0.3198    5.1206 ^ core/FpPipeline/fpu_exe_unit/FPUUnit/fpu/dfma/fma/mulAddRecFNToRaw_preMul/_1307_/X (sky130_fd_sc_hd__buf_2)
   0.4406    5.5612 ^ core/FpPipeline/fpu_exe_unit/FPUUnit/fpu/dfma/fma/mulAddRecFNToRaw_preMul/_1308_/X (sky130_fd_sc_hd__lpflow_clkbufkapwr_1)
   0.4049    5.9661 v core/FpPipeline/fpu_exe_unit/FPUUnit/fpu/dfma/fma/mulAddRecFNToRaw_preMul/_1618_/X (sky130_fd_sc_hd__mux2_2)
   0.1693    6.1354 ^ core/FpPipeline/fpu_exe_unit/FPUUnit/fpu/dfma/fma/mulAddRecFNToRaw_preMul/_1760_/Y (sky130_fd_sc_hd__mux2i_1)
   0.0586    6.1940 v core/FpPipeline/fpu_exe_unit/FPUUnit/fpu/dfma/fma/mulAddRecFNToRaw_preMul/_1761_/Y (sky130_fd_sc_hd__nor2_1)
   0.1499    6.3440 ^ core/FpPipeline/fpu_exe_unit/FPUUnit/fpu/dfma/fma/mulAddRecFNToRaw_preMul/_1762_/Y (sky130_fd_sc_hd__a21oi_1)
   0.1072    6.4511 v core/FpPipeline/fpu_exe_unit/FPUUnit/fpu/dfma/fma/mulAddRecFNToRaw_preMul/_1763_/Y (sky130_fd_sc_hd__mux2i_1)
   0.2246    6.6758 ^ core/FpPipeline/fpu_exe_unit/FPUUnit/fpu/dfma/fma/mulAddRecFNToRaw_preMul/_1764_/Y (sky130_fd_sc_hd__a21oi_1)
   0.0630    6.7388 v core/FpPipeline/fpu_exe_unit/FPUUnit/fpu/dfma/fma/mulAddRecFNToRaw_preMul/_1765_/Y (sky130_fd_sc_hd__nor2_1)
   0.1979    6.9367 v core/FpPipeline/fpu_exe_unit/FPUUnit/fpu/dfma/fma/mulAddRecFNToRaw_preMul/_1766_/X (sky130_fd_sc_hd__o22a_1)
   0.3822    7.3188 v core/FpPipeline/fpu_exe_unit/FPUUnit/fpu/dfma/fma/_15620_/X (sky130_fd_sc_hd__xnor3_1)
   0.3965    7.7153 v core/FpPipeline/fpu_exe_unit/FPUUnit/fpu/dfma/fma/_15633_/X (sky130_fd_sc_hd__maj3_1)
   0.3777    8.0930 v core/FpPipeline/fpu_exe_unit/FPUUnit/fpu/dfma/fma/_15654_/X (sky130_fd_sc_hd__maj3_1)
   0.3929    8.4859 v core/FpPipeline/fpu_exe_unit/FPUUnit/fpu/dfma/fma/_15683_/X (sky130_fd_sc_hd__maj3_1)
   0.3979    8.8837 v core/FpPipeline/fpu_exe_unit/FPUUnit/fpu/dfma/fma/_15706_/X (sky130_fd_sc_hd__xor3_1)
   0.1695    9.0532 ^ core/FpPipeline/fpu_exe_unit/FPUUnit/fpu/dfma/fma/_15717_/Y (sky130_fd_sc_hd__nor2_1)
   0.2705    9.3237 ^ core/FpPipeline/fpu_exe_unit/FPUUnit/fpu/dfma/fma/_15755_/X (sky130_fd_sc_hd__xor3_1)
   0.1383    9.4620 v core/FpPipeline/fpu_exe_unit/FPUUnit/fpu/dfma/fma/_15756_/Y (sky130_fd_sc_hd__nand4bb_1)
   0.3515    9.8135 v core/FpPipeline/fpu_exe_unit/FPUUnit/fpu/dfma/fma/_15806_/X (sky130_fd_sc_hd__or2_2)
   0.3724   10.1859 v core/FpPipeline/fpu_exe_unit/FPUUnit/fpu/dfma/fma/_15860_/X (sky130_fd_sc_hd__maj3_1)
   0.3772   10.5631 v core/FpPipeline/fpu_exe_unit/FPUUnit/fpu/dfma/fma/_15917_/X (sky130_fd_sc_hd__maj3_1)
   0.3659   10.9290 v core/FpPipeline/fpu_exe_unit/FPUUnit/fpu/dfma/fma/_15983_/X (sky130_fd_sc_hd__maj3_1)
   0.3689   11.2979 v core/FpPipeline/fpu_exe_unit/FPUUnit/fpu/dfma/fma/_16051_/X (sky130_fd_sc_hd__maj3_1)
   0.3764   11.6743 v core/FpPipeline/fpu_exe_unit/FPUUnit/fpu/dfma/fma/_16118_/X (sky130_fd_sc_hd__maj3_1)
   0.3716   12.0459 v core/FpPipeline/fpu_exe_unit/FPUUnit/fpu/dfma/fma/_16205_/X (sky130_fd_sc_hd__maj3_1)
   0.3696   12.4155 v core/FpPipeline/fpu_exe_unit/FPUUnit/fpu/dfma/fma/_16303_/X (sky130_fd_sc_hd__maj3_1)
   0.2276   12.6431 ^ core/FpPipeline/fpu_exe_unit/FPUUnit/fpu/dfma/fma/_16397_/Y (sky130_fd_sc_hd__o22ai_1)
   0.1101   12.7532 v core/FpPipeline/fpu_exe_unit/FPUUnit/fpu/dfma/fma/_16924_/Y (sky130_fd_sc_hd__a211oi_1)
   0.3411   13.0942 ^ core/FpPipeline/fpu_exe_unit/FPUUnit/fpu/dfma/fma/_16925_/Y (sky130_fd_sc_hd__o311ai_0)
   0.1916   13.2859 v core/FpPipeline/fpu_exe_unit/FPUUnit/fpu/dfma/fma/_17063_/Y (sky130_fd_sc_hd__nand4_1)
   0.2608   13.5467 ^ core/FpPipeline/fpu_exe_unit/FPUUnit/fpu/dfma/fma/_17356_/Y (sky130_fd_sc_hd__a211oi_1)
   0.2232   13.7699 v core/FpPipeline/fpu_exe_unit/FPUUnit/fpu/dfma/fma/_17676_/Y (sky130_fd_sc_hd__o311ai_0)
   0.3464   14.1163 ^ core/FpPipeline/fpu_exe_unit/FPUUnit/fpu/dfma/fma/_17985_/Y (sky130_fd_sc_hd__a211oi_1)
   0.1544   14.2707 v core/FpPipeline/fpu_exe_unit/FPUUnit/fpu/dfma/fma/_18286_/Y (sky130_fd_sc_hd__o211ai_1)
   0.4838   14.7545 ^ core/FpPipeline/fpu_exe_unit/FPUUnit/fpu/dfma/fma/_19008_/Y (sky130_fd_sc_hd__a2111oi_0)
   0.2138   14.9683 v core/FpPipeline/fpu_exe_unit/FPUUnit/fpu/dfma/fma/_19804_/Y (sky130_fd_sc_hd__a21oi_1)
   0.3577   15.3260 v core/FpPipeline/fpu_exe_unit/FPUUnit/fpu/dfma/fma/_21792_/X (sky130_fd_sc_hd__o31a_1)
   0.3666   15.6926 ^ core/FpPipeline/fpu_exe_unit/FPUUnit/fpu/dfma/fma/_22055_/Y (sky130_fd_sc_hd__o31ai_1)
   0.2541   15.9466 ^ core/FpPipeline/fpu_exe_unit/FPUUnit/fpu/dfma/fma/_22585_/X (sky130_fd_sc_hd__a221o_1)
   0.1319   16.0785 v core/FpPipeline/fpu_exe_unit/FPUUnit/fpu/dfma/fma/_23138_/Y (sky130_fd_sc_hd__a31oi_1)
   0.3718   16.4503 ^ core/FpPipeline/fpu_exe_unit/FPUUnit/fpu/dfma/fma/_23671_/Y (sky130_fd_sc_hd__o21ai_0)
   0.2962   16.7465 ^ core/FpPipeline/fpu_exe_unit/FPUUnit/fpu/dfma/fma/_25679_/X (sky130_fd_sc_hd__and4b_1)
   0.2439   16.9904 ^ core/FpPipeline/fpu_exe_unit/FPUUnit/fpu/dfma/fma/_26580_/X (sky130_fd_sc_hd__o2111a_1)
   0.1495   17.1399 v core/FpPipeline/fpu_exe_unit/FPUUnit/fpu/dfma/fma/_28099_/Y (sky130_fd_sc_hd__o2111ai_1)
   0.3197   17.4597 ^ core/FpPipeline/fpu_exe_unit/FPUUnit/fpu/dfma/fma/_28721_/Y (sky130_fd_sc_hd__o2111ai_1)
   0.1877   17.6474 v core/FpPipeline/fpu_exe_unit/FPUUnit/fpu/dfma/fma/_29003_/Y (sky130_fd_sc_hd__a31oi_1)
   0.2882   17.9355 ^ core/FpPipeline/fpu_exe_unit/FPUUnit/fpu/dfma/fma/_29260_/Y (sky130_fd_sc_hd__o221ai_1)
   0.1789   18.1144 v core/FpPipeline/fpu_exe_unit/FPUUnit/fpu/dfma/fma/_29513_/Y (sky130_fd_sc_hd__a22oi_1)
   0.4165   18.5309 v core/FpPipeline/fpu_exe_unit/FPUUnit/fpu/dfma/fma/_29739_/X (sky130_fd_sc_hd__o311a_1)
   0.3505   18.8814 ^ core/FpPipeline/fpu_exe_unit/FPUUnit/fpu/dfma/fma/_30424_/Y (sky130_fd_sc_hd__nor4b_1)
   0.1849   19.0664 v core/FpPipeline/fpu_exe_unit/FPUUnit/fpu/dfma/fma/_30544_/Y (sky130_fd_sc_hd__o211ai_1)
   0.2818   19.3482 ^ core/FpPipeline/fpu_exe_unit/FPUUnit/fpu/dfma/fma/_30638_/Y (sky130_fd_sc_hd__a211oi_1)
   0.2067   19.5549 ^ core/FpPipeline/fpu_exe_unit/FPUUnit/fpu/dfma/fma/_30673_/X (sky130_fd_sc_hd__o31a_1)
   0.2562   19.8111 v core/FpPipeline/fpu_exe_unit/FPUUnit/fpu/dfma/fma/_30736_/Y (sky130_fd_sc_hd__o311ai_0)
   0.2561   20.0671 v core/FpPipeline/fpu_exe_unit/FPUUnit/fpu/dfma/fma/_30739_/X (sky130_fd_sc_hd__a22o_1)
   0.0035   20.0706 v core/FpPipeline/fpu_exe_unit/FPUUnit/fpu/dfma/fma/_31076_/D (sky130_fd_sc_hd__dfxtp_1)
            20.0706   data arrival time

  20.0000   20.0000   clock clock (rise edge)
   0.0000   20.0000   clock network delay (ideal)
   0.0000   20.0000   clock reconvergence pessimism
            20.0000 ^ core/FpPipeline/fpu_exe_unit/FPUUnit/fpu/dfma/fma/_31076_/CLK (sky130_fd_sc_hd__dfxtp_1)
  -0.1177   19.8823   library setup time
            19.8823   data required time
-------------------------------------------------------------
            19.8823   data required time
           -20.0706   data arrival time
-------------------------------------------------------------
            -0.1883   slack (VIOLATED)


Startpoint: core/FpPipeline/fpu_exe_unit/FPUUnit/fpu/dfma/_1310_
            (rising edge-triggered flip-flop clocked by clock)
Endpoint: core/FpPipeline/fpu_exe_unit/FPUUnit/fpu/dfma/fma/_31075_
          (rising edge-triggered flip-flop clocked by clock)
Path Group: clock
Path Type: max

    Delay      Time   Description
-------------------------------------------------------------
   0.0000    0.0000   clock clock (rise edge)
   0.0000    0.0000   clock network delay (ideal)
   0.0000    0.0000 ^ core/FpPipeline/fpu_exe_unit/FPUUnit/fpu/dfma/_1310_/CLK (sky130_fd_sc_hd__dfxtp_1)
   0.2995    0.2995 v core/FpPipeline/fpu_exe_unit/FPUUnit/fpu/dfma/_1310_/Q (sky130_fd_sc_hd__dfxtp_1)
   0.1614    0.4609 v core/FpPipeline/fpu_exe_unit/FPUUnit/fpu/dfma/fma/mulAddRecFNToRaw_preMul/_1092_/Y (sky130_fd_sc_hd__xnor2_1)
   0.3226    0.7835 ^ core/FpPipeline/fpu_exe_unit/FPUUnit/fpu/dfma/fma/mulAddRecFNToRaw_preMul/_1094_/Y (sky130_fd_sc_hd__o21ai_0)
   0.1761    0.9596 v core/FpPipeline/fpu_exe_unit/FPUUnit/fpu/dfma/fma/mulAddRecFNToRaw_preMul/_1097_/Y (sky130_fd_sc_hd__a31oi_1)
   0.4045    1.3640 v core/FpPipeline/fpu_exe_unit/FPUUnit/fpu/dfma/fma/mulAddRecFNToRaw_preMul/_1098_/X (sky130_fd_sc_hd__maj3_1)
   0.3959    1.7600 v core/FpPipeline/fpu_exe_unit/FPUUnit/fpu/dfma/fma/mulAddRecFNToRaw_preMul/_1099_/X (sky130_fd_sc_hd__maj3_1)
   0.3973    2.1573 v core/FpPipeline/fpu_exe_unit/FPUUnit/fpu/dfma/fma/mulAddRecFNToRaw_preMul/_1100_/X (sky130_fd_sc_hd__maj3_1)
   0.4055    2.5628 v core/FpPipeline/fpu_exe_unit/FPUUnit/fpu/dfma/fma/mulAddRecFNToRaw_preMul/_1101_/X (sky130_fd_sc_hd__maj3_1)
   0.3551    2.9179 v core/FpPipeline/fpu_exe_unit/FPUUnit/fpu/dfma/fma/mulAddRecFNToRaw_preMul/_1121_/X (sky130_fd_sc_hd__maj3_1)
   0.2007    3.1186 v core/FpPipeline/fpu_exe_unit/FPUUnit/fpu/dfma/fma/mulAddRecFNToRaw_preMul/_1122_/X (sky130_fd_sc_hd__xor2_1)
   0.1942    3.3128 ^ core/FpPipeline/fpu_exe_unit/FPUUnit/fpu/dfma/fma/mulAddRecFNToRaw_preMul/_1152_/Y (sky130_fd_sc_hd__o221ai_1)
   0.1518    3.4647 v core/FpPipeline/fpu_exe_unit/FPUUnit/fpu/dfma/fma/mulAddRecFNToRaw_preMul/_1158_/Y (sky130_fd_sc_hd__a32oi_1)
   0.4189    3.8835 v core/FpPipeline/fpu_exe_unit/FPUUnit/fpu/dfma/fma/mulAddRecFNToRaw_preMul/_1159_/X (sky130_fd_sc_hd__maj3_1)
   0.2588    4.1424 v core/FpPipeline/fpu_exe_unit/FPUUnit/fpu/dfma/fma/mulAddRecFNToRaw_preMul/_1177_/X (sky130_fd_sc_hd__o2111a_1)
   0.1835    4.3259 v core/FpPipeline/fpu_exe_unit/FPUUnit/fpu/dfma/fma/mulAddRecFNToRaw_preMul/_1178_/X (sky130_fd_sc_hd__clkbuf_1)
   0.1411    4.4670 ^ core/FpPipeline/fpu_exe_unit/FPUUnit/fpu/dfma/fma/mulAddRecFNToRaw_preMul/_1203_/Y (sky130_fd_sc_hd__nand4_1)
   0.3339    4.8008 ^ core/FpPipeline/fpu_exe_unit/FPUUnit/fpu/dfma/fma/mulAddRecFNToRaw_preMul/_1204_/X (sky130_fd_sc_hd__lpflow_clkbufkapwr_1)
   0.3198    5.1206 ^ core/FpPipeline/fpu_exe_unit/FPUUnit/fpu/dfma/fma/mulAddRecFNToRaw_preMul/_1307_/X (sky130_fd_sc_hd__buf_2)
   0.4406    5.5612 ^ core/FpPipeline/fpu_exe_unit/FPUUnit/fpu/dfma/fma/mulAddRecFNToRaw_preMul/_1308_/X (sky130_fd_sc_hd__lpflow_clkbufkapwr_1)
   0.4049    5.9661 v core/FpPipeline/fpu_exe_unit/FPUUnit/fpu/dfma/fma/mulAddRecFNToRaw_preMul/_1618_/X (sky130_fd_sc_hd__mux2_2)
   0.1693    6.1354 ^ core/FpPipeline/fpu_exe_unit/FPUUnit/fpu/dfma/fma/mulAddRecFNToRaw_preMul/_1760_/Y (sky130_fd_sc_hd__mux2i_1)
   0.0586    6.1940 v core/FpPipeline/fpu_exe_unit/FPUUnit/fpu/dfma/fma/mulAddRecFNToRaw_preMul/_1761_/Y (sky130_fd_sc_hd__nor2_1)
   0.1499    6.3440 ^ core/FpPipeline/fpu_exe_unit/FPUUnit/fpu/dfma/fma/mulAddRecFNToRaw_preMul/_1762_/Y (sky130_fd_sc_hd__a21oi_1)
   0.1072    6.4511 v core/FpPipeline/fpu_exe_unit/FPUUnit/fpu/dfma/fma/mulAddRecFNToRaw_preMul/_1763_/Y (sky130_fd_sc_hd__mux2i_1)
   0.2246    6.6758 ^ core/FpPipeline/fpu_exe_unit/FPUUnit/fpu/dfma/fma/mulAddRecFNToRaw_preMul/_1764_/Y (sky130_fd_sc_hd__a21oi_1)
   0.0630    6.7388 v core/FpPipeline/fpu_exe_unit/FPUUnit/fpu/dfma/fma/mulAddRecFNToRaw_preMul/_1765_/Y (sky130_fd_sc_hd__nor2_1)
   0.1979    6.9367 v core/FpPipeline/fpu_exe_unit/FPUUnit/fpu/dfma/fma/mulAddRecFNToRaw_preMul/_1766_/X (sky130_fd_sc_hd__o22a_1)
   0.3822    7.3188 v core/FpPipeline/fpu_exe_unit/FPUUnit/fpu/dfma/fma/_15620_/X (sky130_fd_sc_hd__xnor3_1)
   0.3965    7.7153 v core/FpPipeline/fpu_exe_unit/FPUUnit/fpu/dfma/fma/_15633_/X (sky130_fd_sc_hd__maj3_1)
   0.3777    8.0930 v core/FpPipeline/fpu_exe_unit/FPUUnit/fpu/dfma/fma/_15654_/X (sky130_fd_sc_hd__maj3_1)
   0.3929    8.4859 v core/FpPipeline/fpu_exe_unit/FPUUnit/fpu/dfma/fma/_15683_/X (sky130_fd_sc_hd__maj3_1)
   0.3979    8.8837 v core/FpPipeline/fpu_exe_unit/FPUUnit/fpu/dfma/fma/_15706_/X (sky130_fd_sc_hd__xor3_1)
   0.1695    9.0532 ^ core/FpPipeline/fpu_exe_unit/FPUUnit/fpu/dfma/fma/_15717_/Y (sky130_fd_sc_hd__nor2_1)
   0.2705    9.3237 ^ core/FpPipeline/fpu_exe_unit/FPUUnit/fpu/dfma/fma/_15755_/X (sky130_fd_sc_hd__xor3_1)
   0.1383    9.4620 v core/FpPipeline/fpu_exe_unit/FPUUnit/fpu/dfma/fma/_15756_/Y (sky130_fd_sc_hd__nand4bb_1)
   0.3515    9.8135 v core/FpPipeline/fpu_exe_unit/FPUUnit/fpu/dfma/fma/_15806_/X (sky130_fd_sc_hd__or2_2)
   0.3724   10.1859 v core/FpPipeline/fpu_exe_unit/FPUUnit/fpu/dfma/fma/_15860_/X (sky130_fd_sc_hd__maj3_1)
   0.3772   10.5631 v core/FpPipeline/fpu_exe_unit/FPUUnit/fpu/dfma/fma/_15917_/X (sky130_fd_sc_hd__maj3_1)
   0.3659   10.9290 v core/FpPipeline/fpu_exe_unit/FPUUnit/fpu/dfma/fma/_15983_/X (sky130_fd_sc_hd__maj3_1)
   0.3689   11.2979 v core/FpPipeline/fpu_exe_unit/FPUUnit/fpu/dfma/fma/_16051_/X (sky130_fd_sc_hd__maj3_1)
   0.3764   11.6743 v core/FpPipeline/fpu_exe_unit/FPUUnit/fpu/dfma/fma/_16118_/X (sky130_fd_sc_hd__maj3_1)
   0.3716   12.0459 v core/FpPipeline/fpu_exe_unit/FPUUnit/fpu/dfma/fma/_16205_/X (sky130_fd_sc_hd__maj3_1)
   0.3696   12.4155 v core/FpPipeline/fpu_exe_unit/FPUUnit/fpu/dfma/fma/_16303_/X (sky130_fd_sc_hd__maj3_1)
   0.2276   12.6431 ^ core/FpPipeline/fpu_exe_unit/FPUUnit/fpu/dfma/fma/_16397_/Y (sky130_fd_sc_hd__o22ai_1)
   0.1101   12.7532 v core/FpPipeline/fpu_exe_unit/FPUUnit/fpu/dfma/fma/_16924_/Y (sky130_fd_sc_hd__a211oi_1)
   0.3411   13.0942 ^ core/FpPipeline/fpu_exe_unit/FPUUnit/fpu/dfma/fma/_16925_/Y (sky130_fd_sc_hd__o311ai_0)
   0.1916   13.2859 v core/FpPipeline/fpu_exe_unit/FPUUnit/fpu/dfma/fma/_17063_/Y (sky130_fd_sc_hd__nand4_1)
   0.2608   13.5467 ^ core/FpPipeline/fpu_exe_unit/FPUUnit/fpu/dfma/fma/_17356_/Y (sky130_fd_sc_hd__a211oi_1)
   0.2232   13.7699 v core/FpPipeline/fpu_exe_unit/FPUUnit/fpu/dfma/fma/_17676_/Y (sky130_fd_sc_hd__o311ai_0)
   0.3464   14.1163 ^ core/FpPipeline/fpu_exe_unit/FPUUnit/fpu/dfma/fma/_17985_/Y (sky130_fd_sc_hd__a211oi_1)
   0.1544   14.2707 v core/FpPipeline/fpu_exe_unit/FPUUnit/fpu/dfma/fma/_18286_/Y (sky130_fd_sc_hd__o211ai_1)
   0.4838   14.7545 ^ core/FpPipeline/fpu_exe_unit/FPUUnit/fpu/dfma/fma/_19008_/Y (sky130_fd_sc_hd__a2111oi_0)
   0.2138   14.9683 v core/FpPipeline/fpu_exe_unit/FPUUnit/fpu/dfma/fma/_19804_/Y (sky130_fd_sc_hd__a21oi_1)
   0.3577   15.3260 v core/FpPipeline/fpu_exe_unit/FPUUnit/fpu/dfma/fma/_21792_/X (sky130_fd_sc_hd__o31a_1)
   0.3666   15.6926 ^ core/FpPipeline/fpu_exe_unit/FPUUnit/fpu/dfma/fma/_22055_/Y (sky130_fd_sc_hd__o31ai_1)
   0.2541   15.9466 ^ core/FpPipeline/fpu_exe_unit/FPUUnit/fpu/dfma/fma/_22585_/X (sky130_fd_sc_hd__a221o_1)
   0.1319   16.0785 v core/FpPipeline/fpu_exe_unit/FPUUnit/fpu/dfma/fma/_23138_/Y (sky130_fd_sc_hd__a31oi_1)
   0.3718   16.4503 ^ core/FpPipeline/fpu_exe_unit/FPUUnit/fpu/dfma/fma/_23671_/Y (sky130_fd_sc_hd__o21ai_0)
   0.2962   16.7465 ^ core/FpPipeline/fpu_exe_unit/FPUUnit/fpu/dfma/fma/_25679_/X (sky130_fd_sc_hd__and4b_1)
   0.2439   16.9904 ^ core/FpPipeline/fpu_exe_unit/FPUUnit/fpu/dfma/fma/_26580_/X (sky130_fd_sc_hd__o2111a_1)
   0.1495   17.1399 v core/FpPipeline/fpu_exe_unit/FPUUnit/fpu/dfma/fma/_28099_/Y (sky130_fd_sc_hd__o2111ai_1)
   0.3197   17.4597 ^ core/FpPipeline/fpu_exe_unit/FPUUnit/fpu/dfma/fma/_28721_/Y (sky130_fd_sc_hd__o2111ai_1)
   0.1877   17.6474 v core/FpPipeline/fpu_exe_unit/FPUUnit/fpu/dfma/fma/_29003_/Y (sky130_fd_sc_hd__a31oi_1)
   0.2882   17.9355 ^ core/FpPipeline/fpu_exe_unit/FPUUnit/fpu/dfma/fma/_29260_/Y (sky130_fd_sc_hd__o221ai_1)
   0.1789   18.1144 v core/FpPipeline/fpu_exe_unit/FPUUnit/fpu/dfma/fma/_29513_/Y (sky130_fd_sc_hd__a22oi_1)
   0.4165   18.5309 v core/FpPipeline/fpu_exe_unit/FPUUnit/fpu/dfma/fma/_29739_/X (sky130_fd_sc_hd__o311a_1)
   0.3505   18.8814 ^ core/FpPipeline/fpu_exe_unit/FPUUnit/fpu/dfma/fma/_30424_/Y (sky130_fd_sc_hd__nor4b_1)
   0.1849   19.0664 v core/FpPipeline/fpu_exe_unit/FPUUnit/fpu/dfma/fma/_30544_/Y (sky130_fd_sc_hd__o211ai_1)
   0.2818   19.3482 ^ core/FpPipeline/fpu_exe_unit/FPUUnit/fpu/dfma/fma/_30638_/Y (sky130_fd_sc_hd__a211oi_1)
   0.2067   19.5549 ^ core/FpPipeline/fpu_exe_unit/FPUUnit/fpu/dfma/fma/_30673_/X (sky130_fd_sc_hd__o31a_1)
   0.0676   19.6225 v core/FpPipeline/fpu_exe_unit/FPUUnit/fpu/dfma/fma/_30678_/Y (sky130_fd_sc_hd__nor2_1)
   0.1516   19.7741 ^ core/FpPipeline/fpu_exe_unit/FPUUnit/fpu/dfma/fma/_30709_/Y (sky130_fd_sc_hd__xnor2_1)
   0.0787   19.8528 v core/FpPipeline/fpu_exe_unit/FPUUnit/fpu/dfma/fma/_30711_/Y (sky130_fd_sc_hd__a21oi_1)
   0.0035   19.8563 v core/FpPipeline/fpu_exe_unit/FPUUnit/fpu/dfma/fma/_31075_/D (sky130_fd_sc_hd__dfxtp_1)
            19.8563   data arrival time

  20.0000   20.0000   clock clock (rise edge)
   0.0000   20.0000   clock network delay (ideal)
   0.0000   20.0000   clock reconvergence pessimism
            20.0000 ^ core/FpPipeline/fpu_exe_unit/FPUUnit/fpu/dfma/fma/_31075_/CLK (sky130_fd_sc_hd__dfxtp_1)
  -0.1344   19.8656   library setup time
            19.8656   data required time
-------------------------------------------------------------
            19.8656   data required time
           -19.8563   data arrival time
-------------------------------------------------------------
             0.0094   slack (MET)


Startpoint: core/FpPipeline/fpu_exe_unit/FPUUnit/fpu/dfma/_1310_
            (rising edge-triggered flip-flop clocked by clock)
Endpoint: core/FpPipeline/fpu_exe_unit/FPUUnit/fpu/dfma/fma/_31074_
          (rising edge-triggered flip-flop clocked by clock)
Path Group: clock
Path Type: max

    Delay      Time   Description
-------------------------------------------------------------
   0.0000    0.0000   clock clock (rise edge)
   0.0000    0.0000   clock network delay (ideal)
   0.0000    0.0000 ^ core/FpPipeline/fpu_exe_unit/FPUUnit/fpu/dfma/_1310_/CLK (sky130_fd_sc_hd__dfxtp_1)
   0.2995    0.2995 v core/FpPipeline/fpu_exe_unit/FPUUnit/fpu/dfma/_1310_/Q (sky130_fd_sc_hd__dfxtp_1)
   0.1614    0.4609 v core/FpPipeline/fpu_exe_unit/FPUUnit/fpu/dfma/fma/mulAddRecFNToRaw_preMul/_1092_/Y (sky130_fd_sc_hd__xnor2_1)
   0.3226    0.7835 ^ core/FpPipeline/fpu_exe_unit/FPUUnit/fpu/dfma/fma/mulAddRecFNToRaw_preMul/_1094_/Y (sky130_fd_sc_hd__o21ai_0)
   0.1761    0.9596 v core/FpPipeline/fpu_exe_unit/FPUUnit/fpu/dfma/fma/mulAddRecFNToRaw_preMul/_1097_/Y (sky130_fd_sc_hd__a31oi_1)
   0.4045    1.3640 v core/FpPipeline/fpu_exe_unit/FPUUnit/fpu/dfma/fma/mulAddRecFNToRaw_preMul/_1098_/X (sky130_fd_sc_hd__maj3_1)
   0.3959    1.7600 v core/FpPipeline/fpu_exe_unit/FPUUnit/fpu/dfma/fma/mulAddRecFNToRaw_preMul/_1099_/X (sky130_fd_sc_hd__maj3_1)
   0.3973    2.1573 v core/FpPipeline/fpu_exe_unit/FPUUnit/fpu/dfma/fma/mulAddRecFNToRaw_preMul/_1100_/X (sky130_fd_sc_hd__maj3_1)
   0.4055    2.5628 v core/FpPipeline/fpu_exe_unit/FPUUnit/fpu/dfma/fma/mulAddRecFNToRaw_preMul/_1101_/X (sky130_fd_sc_hd__maj3_1)
   0.3551    2.9179 v core/FpPipeline/fpu_exe_unit/FPUUnit/fpu/dfma/fma/mulAddRecFNToRaw_preMul/_1121_/X (sky130_fd_sc_hd__maj3_1)
   0.2007    3.1186 v core/FpPipeline/fpu_exe_unit/FPUUnit/fpu/dfma/fma/mulAddRecFNToRaw_preMul/_1122_/X (sky130_fd_sc_hd__xor2_1)
   0.1942    3.3128 ^ core/FpPipeline/fpu_exe_unit/FPUUnit/fpu/dfma/fma/mulAddRecFNToRaw_preMul/_1152_/Y (sky130_fd_sc_hd__o221ai_1)
   0.1518    3.4647 v core/FpPipeline/fpu_exe_unit/FPUUnit/fpu/dfma/fma/mulAddRecFNToRaw_preMul/_1158_/Y (sky130_fd_sc_hd__a32oi_1)
   0.4189    3.8835 v core/FpPipeline/fpu_exe_unit/FPUUnit/fpu/dfma/fma/mulAddRecFNToRaw_preMul/_1159_/X (sky130_fd_sc_hd__maj3_1)
   0.2588    4.1424 v core/FpPipeline/fpu_exe_unit/FPUUnit/fpu/dfma/fma/mulAddRecFNToRaw_preMul/_1177_/X (sky130_fd_sc_hd__o2111a_1)
   0.1835    4.3259 v core/FpPipeline/fpu_exe_unit/FPUUnit/fpu/dfma/fma/mulAddRecFNToRaw_preMul/_1178_/X (sky130_fd_sc_hd__clkbuf_1)
   0.1411    4.4670 ^ core/FpPipeline/fpu_exe_unit/FPUUnit/fpu/dfma/fma/mulAddRecFNToRaw_preMul/_1203_/Y (sky130_fd_sc_hd__nand4_1)
   0.3339    4.8008 ^ core/FpPipeline/fpu_exe_unit/FPUUnit/fpu/dfma/fma/mulAddRecFNToRaw_preMul/_1204_/X (sky130_fd_sc_hd__lpflow_clkbufkapwr_1)
   0.3198    5.1206 ^ core/FpPipeline/fpu_exe_unit/FPUUnit/fpu/dfma/fma/mulAddRecFNToRaw_preMul/_1307_/X (sky130_fd_sc_hd__buf_2)
   0.4406    5.5612 ^ core/FpPipeline/fpu_exe_unit/FPUUnit/fpu/dfma/fma/mulAddRecFNToRaw_preMul/_1308_/X (sky130_fd_sc_hd__lpflow_clkbufkapwr_1)
   0.4049    5.9661 v core/FpPipeline/fpu_exe_unit/FPUUnit/fpu/dfma/fma/mulAddRecFNToRaw_preMul/_1618_/X (sky130_fd_sc_hd__mux2_2)
   0.1693    6.1354 ^ core/FpPipeline/fpu_exe_unit/FPUUnit/fpu/dfma/fma/mulAddRecFNToRaw_preMul/_1760_/Y (sky130_fd_sc_hd__mux2i_1)
   0.0586    6.1940 v core/FpPipeline/fpu_exe_unit/FPUUnit/fpu/dfma/fma/mulAddRecFNToRaw_preMul/_1761_/Y (sky130_fd_sc_hd__nor2_1)
   0.1499    6.3440 ^ core/FpPipeline/fpu_exe_unit/FPUUnit/fpu/dfma/fma/mulAddRecFNToRaw_preMul/_1762_/Y (sky130_fd_sc_hd__a21oi_1)
   0.1072    6.4511 v core/FpPipeline/fpu_exe_unit/FPUUnit/fpu/dfma/fma/mulAddRecFNToRaw_preMul/_1763_/Y (sky130_fd_sc_hd__mux2i_1)
   0.2246    6.6758 ^ core/FpPipeline/fpu_exe_unit/FPUUnit/fpu/dfma/fma/mulAddRecFNToRaw_preMul/_1764_/Y (sky130_fd_sc_hd__a21oi_1)
   0.0630    6.7388 v core/FpPipeline/fpu_exe_unit/FPUUnit/fpu/dfma/fma/mulAddRecFNToRaw_preMul/_1765_/Y (sky130_fd_sc_hd__nor2_1)
   0.1979    6.9367 v core/FpPipeline/fpu_exe_unit/FPUUnit/fpu/dfma/fma/mulAddRecFNToRaw_preMul/_1766_/X (sky130_fd_sc_hd__o22a_1)
   0.3822    7.3188 v core/FpPipeline/fpu_exe_unit/FPUUnit/fpu/dfma/fma/_15620_/X (sky130_fd_sc_hd__xnor3_1)
   0.3965    7.7153 v core/FpPipeline/fpu_exe_unit/FPUUnit/fpu/dfma/fma/_15633_/X (sky130_fd_sc_hd__maj3_1)
   0.3777    8.0930 v core/FpPipeline/fpu_exe_unit/FPUUnit/fpu/dfma/fma/_15654_/X (sky130_fd_sc_hd__maj3_1)
   0.3929    8.4859 v core/FpPipeline/fpu_exe_unit/FPUUnit/fpu/dfma/fma/_15683_/X (sky130_fd_sc_hd__maj3_1)
   0.3979    8.8837 v core/FpPipeline/fpu_exe_unit/FPUUnit/fpu/dfma/fma/_15706_/X (sky130_fd_sc_hd__xor3_1)
   0.1695    9.0532 ^ core/FpPipeline/fpu_exe_unit/FPUUnit/fpu/dfma/fma/_15717_/Y (sky130_fd_sc_hd__nor2_1)
   0.2705    9.3237 ^ core/FpPipeline/fpu_exe_unit/FPUUnit/fpu/dfma/fma/_15755_/X (sky130_fd_sc_hd__xor3_1)
   0.1383    9.4620 v core/FpPipeline/fpu_exe_unit/FPUUnit/fpu/dfma/fma/_15756_/Y (sky130_fd_sc_hd__nand4bb_1)
   0.3515    9.8135 v core/FpPipeline/fpu_exe_unit/FPUUnit/fpu/dfma/fma/_15806_/X (sky130_fd_sc_hd__or2_2)
   0.3724   10.1859 v core/FpPipeline/fpu_exe_unit/FPUUnit/fpu/dfma/fma/_15860_/X (sky130_fd_sc_hd__maj3_1)
   0.3772   10.5631 v core/FpPipeline/fpu_exe_unit/FPUUnit/fpu/dfma/fma/_15917_/X (sky130_fd_sc_hd__maj3_1)
   0.3659   10.9290 v core/FpPipeline/fpu_exe_unit/FPUUnit/fpu/dfma/fma/_15983_/X (sky130_fd_sc_hd__maj3_1)
   0.3689   11.2979 v core/FpPipeline/fpu_exe_unit/FPUUnit/fpu/dfma/fma/_16051_/X (sky130_fd_sc_hd__maj3_1)
   0.3764   11.6743 v core/FpPipeline/fpu_exe_unit/FPUUnit/fpu/dfma/fma/_16118_/X (sky130_fd_sc_hd__maj3_1)
   0.3716   12.0459 v core/FpPipeline/fpu_exe_unit/FPUUnit/fpu/dfma/fma/_16205_/X (sky130_fd_sc_hd__maj3_1)
   0.3696   12.4155 v core/FpPipeline/fpu_exe_unit/FPUUnit/fpu/dfma/fma/_16303_/X (sky130_fd_sc_hd__maj3_1)
   0.2276   12.6431 ^ core/FpPipeline/fpu_exe_unit/FPUUnit/fpu/dfma/fma/_16397_/Y (sky130_fd_sc_hd__o22ai_1)
   0.1101   12.7532 v core/FpPipeline/fpu_exe_unit/FPUUnit/fpu/dfma/fma/_16924_/Y (sky130_fd_sc_hd__a211oi_1)
   0.3411   13.0942 ^ core/FpPipeline/fpu_exe_unit/FPUUnit/fpu/dfma/fma/_16925_/Y (sky130_fd_sc_hd__o311ai_0)
   0.1916   13.2859 v core/FpPipeline/fpu_exe_unit/FPUUnit/fpu/dfma/fma/_17063_/Y (sky130_fd_sc_hd__nand4_1)
   0.2608   13.5467 ^ core/FpPipeline/fpu_exe_unit/FPUUnit/fpu/dfma/fma/_17356_/Y (sky130_fd_sc_hd__a211oi_1)
   0.2232   13.7699 v core/FpPipeline/fpu_exe_unit/FPUUnit/fpu/dfma/fma/_17676_/Y (sky130_fd_sc_hd__o311ai_0)
   0.3464   14.1163 ^ core/FpPipeline/fpu_exe_unit/FPUUnit/fpu/dfma/fma/_17985_/Y (sky130_fd_sc_hd__a211oi_1)
   0.1544   14.2707 v core/FpPipeline/fpu_exe_unit/FPUUnit/fpu/dfma/fma/_18286_/Y (sky130_fd_sc_hd__o211ai_1)
   0.4838   14.7545 ^ core/FpPipeline/fpu_exe_unit/FPUUnit/fpu/dfma/fma/_19008_/Y (sky130_fd_sc_hd__a2111oi_0)
   0.2138   14.9683 v core/FpPipeline/fpu_exe_unit/FPUUnit/fpu/dfma/fma/_19804_/Y (sky130_fd_sc_hd__a21oi_1)
   0.3577   15.3260 v core/FpPipeline/fpu_exe_unit/FPUUnit/fpu/dfma/fma/_21792_/X (sky130_fd_sc_hd__o31a_1)
   0.3666   15.6926 ^ core/FpPipeline/fpu_exe_unit/FPUUnit/fpu/dfma/fma/_22055_/Y (sky130_fd_sc_hd__o31ai_1)
   0.2541   15.9466 ^ core/FpPipeline/fpu_exe_unit/FPUUnit/fpu/dfma/fma/_22585_/X (sky130_fd_sc_hd__a221o_1)
   0.1319   16.0785 v core/FpPipeline/fpu_exe_unit/FPUUnit/fpu/dfma/fma/_23138_/Y (sky130_fd_sc_hd__a31oi_1)
   0.3718   16.4503 ^ core/FpPipeline/fpu_exe_unit/FPUUnit/fpu/dfma/fma/_23671_/Y (sky130_fd_sc_hd__o21ai_0)
   0.2962   16.7465 ^ core/FpPipeline/fpu_exe_unit/FPUUnit/fpu/dfma/fma/_25679_/X (sky130_fd_sc_hd__and4b_1)
   0.2439   16.9904 ^ core/FpPipeline/fpu_exe_unit/FPUUnit/fpu/dfma/fma/_26580_/X (sky130_fd_sc_hd__o2111a_1)
   0.1495   17.1399 v core/FpPipeline/fpu_exe_unit/FPUUnit/fpu/dfma/fma/_28099_/Y (sky130_fd_sc_hd__o2111ai_1)
   0.3197   17.4597 ^ core/FpPipeline/fpu_exe_unit/FPUUnit/fpu/dfma/fma/_28721_/Y (sky130_fd_sc_hd__o2111ai_1)
   0.1877   17.6474 v core/FpPipeline/fpu_exe_unit/FPUUnit/fpu/dfma/fma/_29003_/Y (sky130_fd_sc_hd__a31oi_1)
   0.2882   17.9355 ^ core/FpPipeline/fpu_exe_unit/FPUUnit/fpu/dfma/fma/_29260_/Y (sky130_fd_sc_hd__o221ai_1)
   0.1789   18.1144 v core/FpPipeline/fpu_exe_unit/FPUUnit/fpu/dfma/fma/_29513_/Y (sky130_fd_sc_hd__a22oi_1)
   0.4165   18.5309 v core/FpPipeline/fpu_exe_unit/FPUUnit/fpu/dfma/fma/_29739_/X (sky130_fd_sc_hd__o311a_1)
   0.3505   18.8814 ^ core/FpPipeline/fpu_exe_unit/FPUUnit/fpu/dfma/fma/_30424_/Y (sky130_fd_sc_hd__nor4b_1)
   0.1849   19.0664 v core/FpPipeline/fpu_exe_unit/FPUUnit/fpu/dfma/fma/_30544_/Y (sky130_fd_sc_hd__o211ai_1)
   0.2818   19.3482 ^ core/FpPipeline/fpu_exe_unit/FPUUnit/fpu/dfma/fma/_30638_/Y (sky130_fd_sc_hd__a211oi_1)
   0.2067   19.5549 ^ core/FpPipeline/fpu_exe_unit/FPUUnit/fpu/dfma/fma/_30673_/X (sky130_fd_sc_hd__o31a_1)
   0.0600   19.6149 v core/FpPipeline/fpu_exe_unit/FPUUnit/fpu/dfma/fma/_30675_/Y (sky130_fd_sc_hd__nor3_1)
   0.1586   19.7735 v core/FpPipeline/fpu_exe_unit/FPUUnit/fpu/dfma/fma/_30676_/X (sky130_fd_sc_hd__a21o_1)
   0.0035   19.7769 v core/FpPipeline/fpu_exe_unit/FPUUnit/fpu/dfma/fma/_31074_/D (sky130_fd_sc_hd__dfxtp_1)
            19.7769   data arrival time

  20.0000   20.0000   clock clock (rise edge)
   0.0000   20.0000   clock network delay (ideal)
   0.0000   20.0000   clock reconvergence pessimism
            20.0000 ^ core/FpPipeline/fpu_exe_unit/FPUUnit/fpu/dfma/fma/_31074_/CLK (sky130_fd_sc_hd__dfxtp_1)
  -0.1149   19.8851   library setup time
            19.8851   data required time
-------------------------------------------------------------
            19.8851   data required time
           -19.7769   data arrival time
-------------------------------------------------------------
             0.1082   slack (MET)


Startpoint: core/FpPipeline/fpu_exe_unit/FPUUnit/fpu/dfma/_1310_
            (rising edge-triggered flip-flop clocked by clock)
Endpoint: core/FpPipeline/fpu_exe_unit/FPUUnit/fpu/dfma/fma/_31073_
          (rising edge-triggered flip-flop clocked by clock)
Path Group: clock
Path Type: max

    Delay      Time   Description
-------------------------------------------------------------
   0.0000    0.0000   clock clock (rise edge)
   0.0000    0.0000   clock network delay (ideal)
   0.0000    0.0000 ^ core/FpPipeline/fpu_exe_unit/FPUUnit/fpu/dfma/_1310_/CLK (sky130_fd_sc_hd__dfxtp_1)
   0.2995    0.2995 v core/FpPipeline/fpu_exe_unit/FPUUnit/fpu/dfma/_1310_/Q (sky130_fd_sc_hd__dfxtp_1)
   0.1614    0.4609 v core/FpPipeline/fpu_exe_unit/FPUUnit/fpu/dfma/fma/mulAddRecFNToRaw_preMul/_1092_/Y (sky130_fd_sc_hd__xnor2_1)
   0.3226    0.7835 ^ core/FpPipeline/fpu_exe_unit/FPUUnit/fpu/dfma/fma/mulAddRecFNToRaw_preMul/_1094_/Y (sky130_fd_sc_hd__o21ai_0)
   0.1761    0.9596 v core/FpPipeline/fpu_exe_unit/FPUUnit/fpu/dfma/fma/mulAddRecFNToRaw_preMul/_1097_/Y (sky130_fd_sc_hd__a31oi_1)
   0.4045    1.3640 v core/FpPipeline/fpu_exe_unit/FPUUnit/fpu/dfma/fma/mulAddRecFNToRaw_preMul/_1098_/X (sky130_fd_sc_hd__maj3_1)
   0.3959    1.7600 v core/FpPipeline/fpu_exe_unit/FPUUnit/fpu/dfma/fma/mulAddRecFNToRaw_preMul/_1099_/X (sky130_fd_sc_hd__maj3_1)
   0.3973    2.1573 v core/FpPipeline/fpu_exe_unit/FPUUnit/fpu/dfma/fma/mulAddRecFNToRaw_preMul/_1100_/X (sky130_fd_sc_hd__maj3_1)
   0.4055    2.5628 v core/FpPipeline/fpu_exe_unit/FPUUnit/fpu/dfma/fma/mulAddRecFNToRaw_preMul/_1101_/X (sky130_fd_sc_hd__maj3_1)
   0.3551    2.9179 v core/FpPipeline/fpu_exe_unit/FPUUnit/fpu/dfma/fma/mulAddRecFNToRaw_preMul/_1121_/X (sky130_fd_sc_hd__maj3_1)
   0.2007    3.1186 v core/FpPipeline/fpu_exe_unit/FPUUnit/fpu/dfma/fma/mulAddRecFNToRaw_preMul/_1122_/X (sky130_fd_sc_hd__xor2_1)
   0.1942    3.3128 ^ core/FpPipeline/fpu_exe_unit/FPUUnit/fpu/dfma/fma/mulAddRecFNToRaw_preMul/_1152_/Y (sky130_fd_sc_hd__o221ai_1)
   0.1518    3.4647 v core/FpPipeline/fpu_exe_unit/FPUUnit/fpu/dfma/fma/mulAddRecFNToRaw_preMul/_1158_/Y (sky130_fd_sc_hd__a32oi_1)
   0.4189    3.8835 v core/FpPipeline/fpu_exe_unit/FPUUnit/fpu/dfma/fma/mulAddRecFNToRaw_preMul/_1159_/X (sky130_fd_sc_hd__maj3_1)
   0.2588    4.1424 v core/FpPipeline/fpu_exe_unit/FPUUnit/fpu/dfma/fma/mulAddRecFNToRaw_preMul/_1177_/X (sky130_fd_sc_hd__o2111a_1)
   0.1835    4.3259 v core/FpPipeline/fpu_exe_unit/FPUUnit/fpu/dfma/fma/mulAddRecFNToRaw_preMul/_1178_/X (sky130_fd_sc_hd__clkbuf_1)
   0.1411    4.4670 ^ core/FpPipeline/fpu_exe_unit/FPUUnit/fpu/dfma/fma/mulAddRecFNToRaw_preMul/_1203_/Y (sky130_fd_sc_hd__nand4_1)
   0.3339    4.8008 ^ core/FpPipeline/fpu_exe_unit/FPUUnit/fpu/dfma/fma/mulAddRecFNToRaw_preMul/_1204_/X (sky130_fd_sc_hd__lpflow_clkbufkapwr_1)
   0.3198    5.1206 ^ core/FpPipeline/fpu_exe_unit/FPUUnit/fpu/dfma/fma/mulAddRecFNToRaw_preMul/_1307_/X (sky130_fd_sc_hd__buf_2)
   0.4406    5.5612 ^ core/FpPipeline/fpu_exe_unit/FPUUnit/fpu/dfma/fma/mulAddRecFNToRaw_preMul/_1308_/X (sky130_fd_sc_hd__lpflow_clkbufkapwr_1)
   0.4049    5.9661 v core/FpPipeline/fpu_exe_unit/FPUUnit/fpu/dfma/fma/mulAddRecFNToRaw_preMul/_1618_/X (sky130_fd_sc_hd__mux2_2)
   0.1693    6.1354 ^ core/FpPipeline/fpu_exe_unit/FPUUnit/fpu/dfma/fma/mulAddRecFNToRaw_preMul/_1760_/Y (sky130_fd_sc_hd__mux2i_1)
   0.0586    6.1940 v core/FpPipeline/fpu_exe_unit/FPUUnit/fpu/dfma/fma/mulAddRecFNToRaw_preMul/_1761_/Y (sky130_fd_sc_hd__nor2_1)
   0.1499    6.3440 ^ core/FpPipeline/fpu_exe_unit/FPUUnit/fpu/dfma/fma/mulAddRecFNToRaw_preMul/_1762_/Y (sky130_fd_sc_hd__a21oi_1)
   0.1072    6.4511 v core/FpPipeline/fpu_exe_unit/FPUUnit/fpu/dfma/fma/mulAddRecFNToRaw_preMul/_1763_/Y (sky130_fd_sc_hd__mux2i_1)
   0.2246    6.6758 ^ core/FpPipeline/fpu_exe_unit/FPUUnit/fpu/dfma/fma/mulAddRecFNToRaw_preMul/_1764_/Y (sky130_fd_sc_hd__a21oi_1)
   0.0630    6.7388 v core/FpPipeline/fpu_exe_unit/FPUUnit/fpu/dfma/fma/mulAddRecFNToRaw_preMul/_1765_/Y (sky130_fd_sc_hd__nor2_1)
   0.1979    6.9367 v core/FpPipeline/fpu_exe_unit/FPUUnit/fpu/dfma/fma/mulAddRecFNToRaw_preMul/_1766_/X (sky130_fd_sc_hd__o22a_1)
   0.3822    7.3188 v core/FpPipeline/fpu_exe_unit/FPUUnit/fpu/dfma/fma/_15620_/X (sky130_fd_sc_hd__xnor3_1)
   0.3965    7.7153 v core/FpPipeline/fpu_exe_unit/FPUUnit/fpu/dfma/fma/_15633_/X (sky130_fd_sc_hd__maj3_1)
   0.3777    8.0930 v core/FpPipeline/fpu_exe_unit/FPUUnit/fpu/dfma/fma/_15654_/X (sky130_fd_sc_hd__maj3_1)
   0.3929    8.4859 v core/FpPipeline/fpu_exe_unit/FPUUnit/fpu/dfma/fma/_15683_/X (sky130_fd_sc_hd__maj3_1)
   0.3979    8.8837 v core/FpPipeline/fpu_exe_unit/FPUUnit/fpu/dfma/fma/_15706_/X (sky130_fd_sc_hd__xor3_1)
   0.1695    9.0532 ^ core/FpPipeline/fpu_exe_unit/FPUUnit/fpu/dfma/fma/_15717_/Y (sky130_fd_sc_hd__nor2_1)
   0.2705    9.3237 ^ core/FpPipeline/fpu_exe_unit/FPUUnit/fpu/dfma/fma/_15755_/X (sky130_fd_sc_hd__xor3_1)
   0.1383    9.4620 v core/FpPipeline/fpu_exe_unit/FPUUnit/fpu/dfma/fma/_15756_/Y (sky130_fd_sc_hd__nand4bb_1)
   0.3515    9.8135 v core/FpPipeline/fpu_exe_unit/FPUUnit/fpu/dfma/fma/_15806_/X (sky130_fd_sc_hd__or2_2)
   0.3724   10.1859 v core/FpPipeline/fpu_exe_unit/FPUUnit/fpu/dfma/fma/_15860_/X (sky130_fd_sc_hd__maj3_1)
   0.3772   10.5631 v core/FpPipeline/fpu_exe_unit/FPUUnit/fpu/dfma/fma/_15917_/X (sky130_fd_sc_hd__maj3_1)
   0.3659   10.9290 v core/FpPipeline/fpu_exe_unit/FPUUnit/fpu/dfma/fma/_15983_/X (sky130_fd_sc_hd__maj3_1)
   0.3689   11.2979 v core/FpPipeline/fpu_exe_unit/FPUUnit/fpu/dfma/fma/_16051_/X (sky130_fd_sc_hd__maj3_1)
   0.3764   11.6743 v core/FpPipeline/fpu_exe_unit/FPUUnit/fpu/dfma/fma/_16118_/X (sky130_fd_sc_hd__maj3_1)
   0.3716   12.0459 v core/FpPipeline/fpu_exe_unit/FPUUnit/fpu/dfma/fma/_16205_/X (sky130_fd_sc_hd__maj3_1)
   0.3696   12.4155 v core/FpPipeline/fpu_exe_unit/FPUUnit/fpu/dfma/fma/_16303_/X (sky130_fd_sc_hd__maj3_1)
   0.2276   12.6431 ^ core/FpPipeline/fpu_exe_unit/FPUUnit/fpu/dfma/fma/_16397_/Y (sky130_fd_sc_hd__o22ai_1)
   0.1101   12.7532 v core/FpPipeline/fpu_exe_unit/FPUUnit/fpu/dfma/fma/_16924_/Y (sky130_fd_sc_hd__a211oi_1)
   0.3411   13.0942 ^ core/FpPipeline/fpu_exe_unit/FPUUnit/fpu/dfma/fma/_16925_/Y (sky130_fd_sc_hd__o311ai_0)
   0.1916   13.2859 v core/FpPipeline/fpu_exe_unit/FPUUnit/fpu/dfma/fma/_17063_/Y (sky130_fd_sc_hd__nand4_1)
   0.2608   13.5467 ^ core/FpPipeline/fpu_exe_unit/FPUUnit/fpu/dfma/fma/_17356_/Y (sky130_fd_sc_hd__a211oi_1)
   0.2232   13.7699 v core/FpPipeline/fpu_exe_unit/FPUUnit/fpu/dfma/fma/_17676_/Y (sky130_fd_sc_hd__o311ai_0)
   0.3464   14.1163 ^ core/FpPipeline/fpu_exe_unit/FPUUnit/fpu/dfma/fma/_17985_/Y (sky130_fd_sc_hd__a211oi_1)
   0.1544   14.2707 v core/FpPipeline/fpu_exe_unit/FPUUnit/fpu/dfma/fma/_18286_/Y (sky130_fd_sc_hd__o211ai_1)
   0.4838   14.7545 ^ core/FpPipeline/fpu_exe_unit/FPUUnit/fpu/dfma/fma/_19008_/Y (sky130_fd_sc_hd__a2111oi_0)
   0.2138   14.9683 v core/FpPipeline/fpu_exe_unit/FPUUnit/fpu/dfma/fma/_19804_/Y (sky130_fd_sc_hd__a21oi_1)
   0.3577   15.3260 v core/FpPipeline/fpu_exe_unit/FPUUnit/fpu/dfma/fma/_21792_/X (sky130_fd_sc_hd__o31a_1)
   0.3666   15.6926 ^ core/FpPipeline/fpu_exe_unit/FPUUnit/fpu/dfma/fma/_22055_/Y (sky130_fd_sc_hd__o31ai_1)
   0.2541   15.9466 ^ core/FpPipeline/fpu_exe_unit/FPUUnit/fpu/dfma/fma/_22585_/X (sky130_fd_sc_hd__a221o_1)
   0.1319   16.0785 v core/FpPipeline/fpu_exe_unit/FPUUnit/fpu/dfma/fma/_23138_/Y (sky130_fd_sc_hd__a31oi_1)
   0.3718   16.4503 ^ core/FpPipeline/fpu_exe_unit/FPUUnit/fpu/dfma/fma/_23671_/Y (sky130_fd_sc_hd__o21ai_0)
   0.2962   16.7465 ^ core/FpPipeline/fpu_exe_unit/FPUUnit/fpu/dfma/fma/_25679_/X (sky130_fd_sc_hd__and4b_1)
   0.2439   16.9904 ^ core/FpPipeline/fpu_exe_unit/FPUUnit/fpu/dfma/fma/_26580_/X (sky130_fd_sc_hd__o2111a_1)
   0.1495   17.1399 v core/FpPipeline/fpu_exe_unit/FPUUnit/fpu/dfma/fma/_28099_/Y (sky130_fd_sc_hd__o2111ai_1)
   0.3197   17.4597 ^ core/FpPipeline/fpu_exe_unit/FPUUnit/fpu/dfma/fma/_28721_/Y (sky130_fd_sc_hd__o2111ai_1)
   0.1877   17.6474 v core/FpPipeline/fpu_exe_unit/FPUUnit/fpu/dfma/fma/_29003_/Y (sky130_fd_sc_hd__a31oi_1)
   0.2882   17.9355 ^ core/FpPipeline/fpu_exe_unit/FPUUnit/fpu/dfma/fma/_29260_/Y (sky130_fd_sc_hd__o221ai_1)
   0.1789   18.1144 v core/FpPipeline/fpu_exe_unit/FPUUnit/fpu/dfma/fma/_29513_/Y (sky130_fd_sc_hd__a22oi_1)
   0.4165   18.5309 v core/FpPipeline/fpu_exe_unit/FPUUnit/fpu/dfma/fma/_29739_/X (sky130_fd_sc_hd__o311a_1)
   0.3505   18.8814 ^ core/FpPipeline/fpu_exe_unit/FPUUnit/fpu/dfma/fma/_30424_/Y (sky130_fd_sc_hd__nor4b_1)
   0.1849   19.0664 v core/FpPipeline/fpu_exe_unit/FPUUnit/fpu/dfma/fma/_30544_/Y (sky130_fd_sc_hd__o211ai_1)
   0.1874   19.2538 ^ core/FpPipeline/fpu_exe_unit/FPUUnit/fpu/dfma/fma/_30585_/Y (sky130_fd_sc_hd__a21oi_1)
   0.0700   19.3238 v core/FpPipeline/fpu_exe_unit/FPUUnit/fpu/dfma/fma/_30590_/Y (sky130_fd_sc_hd__nor2_1)
   0.1547   19.4785 ^ core/FpPipeline/fpu_exe_unit/FPUUnit/fpu/dfma/fma/_30635_/Y (sky130_fd_sc_hd__xnor2_1)
   0.0787   19.5571 v core/FpPipeline/fpu_exe_unit/FPUUnit/fpu/dfma/fma/_30637_/Y (sky130_fd_sc_hd__a21oi_1)
   0.0035   19.5606 v core/FpPipeline/fpu_exe_unit/FPUUnit/fpu/dfma/fma/_31073_/D (sky130_fd_sc_hd__dfxtp_1)
            19.5606   data arrival time

  20.0000   20.0000   clock clock (rise edge)
   0.0000   20.0000   clock network delay (ideal)
   0.0000   20.0000   clock reconvergence pessimism
            20.0000 ^ core/FpPipeline/fpu_exe_unit/FPUUnit/fpu/dfma/fma/_31073_/CLK (sky130_fd_sc_hd__dfxtp_1)
  -0.1344   19.8656   library setup time
            19.8656   data required time
-------------------------------------------------------------
            19.8656   data required time
           -19.5606   data arrival time
-------------------------------------------------------------
             0.3050   slack (MET)


Startpoint: core/FpPipeline/fpu_exe_unit/FPUUnit/fpu/dfma/_1310_
            (rising edge-triggered flip-flop clocked by clock)
Endpoint: core/FpPipeline/fpu_exe_unit/FPUUnit/fpu/dfma/fma/_31069_
          (rising edge-triggered flip-flop clocked by clock)
Path Group: clock
Path Type: max

    Delay      Time   Description
-------------------------------------------------------------
   0.0000    0.0000   clock clock (rise edge)
   0.0000    0.0000   clock network delay (ideal)
   0.0000    0.0000 ^ core/FpPipeline/fpu_exe_unit/FPUUnit/fpu/dfma/_1310_/CLK (sky130_fd_sc_hd__dfxtp_1)
   0.2995    0.2995 v core/FpPipeline/fpu_exe_unit/FPUUnit/fpu/dfma/_1310_/Q (sky130_fd_sc_hd__dfxtp_1)
   0.1614    0.4609 v core/FpPipeline/fpu_exe_unit/FPUUnit/fpu/dfma/fma/mulAddRecFNToRaw_preMul/_1092_/Y (sky130_fd_sc_hd__xnor2_1)
   0.3226    0.7835 ^ core/FpPipeline/fpu_exe_unit/FPUUnit/fpu/dfma/fma/mulAddRecFNToRaw_preMul/_1094_/Y (sky130_fd_sc_hd__o21ai_0)
   0.1761    0.9596 v core/FpPipeline/fpu_exe_unit/FPUUnit/fpu/dfma/fma/mulAddRecFNToRaw_preMul/_1097_/Y (sky130_fd_sc_hd__a31oi_1)
   0.4045    1.3640 v core/FpPipeline/fpu_exe_unit/FPUUnit/fpu/dfma/fma/mulAddRecFNToRaw_preMul/_1098_/X (sky130_fd_sc_hd__maj3_1)
   0.3959    1.7600 v core/FpPipeline/fpu_exe_unit/FPUUnit/fpu/dfma/fma/mulAddRecFNToRaw_preMul/_1099_/X (sky130_fd_sc_hd__maj3_1)
   0.3973    2.1573 v core/FpPipeline/fpu_exe_unit/FPUUnit/fpu/dfma/fma/mulAddRecFNToRaw_preMul/_1100_/X (sky130_fd_sc_hd__maj3_1)
   0.4055    2.5628 v core/FpPipeline/fpu_exe_unit/FPUUnit/fpu/dfma/fma/mulAddRecFNToRaw_preMul/_1101_/X (sky130_fd_sc_hd__maj3_1)
   0.3551    2.9179 v core/FpPipeline/fpu_exe_unit/FPUUnit/fpu/dfma/fma/mulAddRecFNToRaw_preMul/_1121_/X (sky130_fd_sc_hd__maj3_1)
   0.2007    3.1186 v core/FpPipeline/fpu_exe_unit/FPUUnit/fpu/dfma/fma/mulAddRecFNToRaw_preMul/_1122_/X (sky130_fd_sc_hd__xor2_1)
   0.1942    3.3128 ^ core/FpPipeline/fpu_exe_unit/FPUUnit/fpu/dfma/fma/mulAddRecFNToRaw_preMul/_1152_/Y (sky130_fd_sc_hd__o221ai_1)
   0.1518    3.4647 v core/FpPipeline/fpu_exe_unit/FPUUnit/fpu/dfma/fma/mulAddRecFNToRaw_preMul/_1158_/Y (sky130_fd_sc_hd__a32oi_1)
   0.4189    3.8835 v core/FpPipeline/fpu_exe_unit/FPUUnit/fpu/dfma/fma/mulAddRecFNToRaw_preMul/_1159_/X (sky130_fd_sc_hd__maj3_1)
   0.2588    4.1424 v core/FpPipeline/fpu_exe_unit/FPUUnit/fpu/dfma/fma/mulAddRecFNToRaw_preMul/_1177_/X (sky130_fd_sc_hd__o2111a_1)
   0.1835    4.3259 v core/FpPipeline/fpu_exe_unit/FPUUnit/fpu/dfma/fma/mulAddRecFNToRaw_preMul/_1178_/X (sky130_fd_sc_hd__clkbuf_1)
   0.1411    4.4670 ^ core/FpPipeline/fpu_exe_unit/FPUUnit/fpu/dfma/fma/mulAddRecFNToRaw_preMul/_1203_/Y (sky130_fd_sc_hd__nand4_1)
   0.3339    4.8008 ^ core/FpPipeline/fpu_exe_unit/FPUUnit/fpu/dfma/fma/mulAddRecFNToRaw_preMul/_1204_/X (sky130_fd_sc_hd__lpflow_clkbufkapwr_1)
   0.3198    5.1206 ^ core/FpPipeline/fpu_exe_unit/FPUUnit/fpu/dfma/fma/mulAddRecFNToRaw_preMul/_1307_/X (sky130_fd_sc_hd__buf_2)
   0.4406    5.5612 ^ core/FpPipeline/fpu_exe_unit/FPUUnit/fpu/dfma/fma/mulAddRecFNToRaw_preMul/_1308_/X (sky130_fd_sc_hd__lpflow_clkbufkapwr_1)
   0.4049    5.9661 v core/FpPipeline/fpu_exe_unit/FPUUnit/fpu/dfma/fma/mulAddRecFNToRaw_preMul/_1618_/X (sky130_fd_sc_hd__mux2_2)
   0.1693    6.1354 ^ core/FpPipeline/fpu_exe_unit/FPUUnit/fpu/dfma/fma/mulAddRecFNToRaw_preMul/_1760_/Y (sky130_fd_sc_hd__mux2i_1)
   0.0586    6.1940 v core/FpPipeline/fpu_exe_unit/FPUUnit/fpu/dfma/fma/mulAddRecFNToRaw_preMul/_1761_/Y (sky130_fd_sc_hd__nor2_1)
   0.1499    6.3440 ^ core/FpPipeline/fpu_exe_unit/FPUUnit/fpu/dfma/fma/mulAddRecFNToRaw_preMul/_1762_/Y (sky130_fd_sc_hd__a21oi_1)
   0.1072    6.4511 v core/FpPipeline/fpu_exe_unit/FPUUnit/fpu/dfma/fma/mulAddRecFNToRaw_preMul/_1763_/Y (sky130_fd_sc_hd__mux2i_1)
   0.2246    6.6758 ^ core/FpPipeline/fpu_exe_unit/FPUUnit/fpu/dfma/fma/mulAddRecFNToRaw_preMul/_1764_/Y (sky130_fd_sc_hd__a21oi_1)
   0.0630    6.7388 v core/FpPipeline/fpu_exe_unit/FPUUnit/fpu/dfma/fma/mulAddRecFNToRaw_preMul/_1765_/Y (sky130_fd_sc_hd__nor2_1)
   0.1979    6.9367 v core/FpPipeline/fpu_exe_unit/FPUUnit/fpu/dfma/fma/mulAddRecFNToRaw_preMul/_1766_/X (sky130_fd_sc_hd__o22a_1)
   0.3822    7.3188 v core/FpPipeline/fpu_exe_unit/FPUUnit/fpu/dfma/fma/_15620_/X (sky130_fd_sc_hd__xnor3_1)
   0.3965    7.7153 v core/FpPipeline/fpu_exe_unit/FPUUnit/fpu/dfma/fma/_15633_/X (sky130_fd_sc_hd__maj3_1)
   0.3777    8.0930 v core/FpPipeline/fpu_exe_unit/FPUUnit/fpu/dfma/fma/_15654_/X (sky130_fd_sc_hd__maj3_1)
   0.3929    8.4859 v core/FpPipeline/fpu_exe_unit/FPUUnit/fpu/dfma/fma/_15683_/X (sky130_fd_sc_hd__maj3_1)
   0.3979    8.8837 v core/FpPipeline/fpu_exe_unit/FPUUnit/fpu/dfma/fma/_15706_/X (sky130_fd_sc_hd__xor3_1)
   0.1695    9.0532 ^ core/FpPipeline/fpu_exe_unit/FPUUnit/fpu/dfma/fma/_15717_/Y (sky130_fd_sc_hd__nor2_1)
   0.2705    9.3237 ^ core/FpPipeline/fpu_exe_unit/FPUUnit/fpu/dfma/fma/_15755_/X (sky130_fd_sc_hd__xor3_1)
   0.1383    9.4620 v core/FpPipeline/fpu_exe_unit/FPUUnit/fpu/dfma/fma/_15756_/Y (sky130_fd_sc_hd__nand4bb_1)
   0.3515    9.8135 v core/FpPipeline/fpu_exe_unit/FPUUnit/fpu/dfma/fma/_15806_/X (sky130_fd_sc_hd__or2_2)
   0.3724   10.1859 v core/FpPipeline/fpu_exe_unit/FPUUnit/fpu/dfma/fma/_15860_/X (sky130_fd_sc_hd__maj3_1)
   0.3772   10.5631 v core/FpPipeline/fpu_exe_unit/FPUUnit/fpu/dfma/fma/_15917_/X (sky130_fd_sc_hd__maj3_1)
   0.3659   10.9290 v core/FpPipeline/fpu_exe_unit/FPUUnit/fpu/dfma/fma/_15983_/X (sky130_fd_sc_hd__maj3_1)
   0.3689   11.2979 v core/FpPipeline/fpu_exe_unit/FPUUnit/fpu/dfma/fma/_16051_/X (sky130_fd_sc_hd__maj3_1)
   0.3764   11.6743 v core/FpPipeline/fpu_exe_unit/FPUUnit/fpu/dfma/fma/_16118_/X (sky130_fd_sc_hd__maj3_1)
   0.3716   12.0459 v core/FpPipeline/fpu_exe_unit/FPUUnit/fpu/dfma/fma/_16205_/X (sky130_fd_sc_hd__maj3_1)
   0.3696   12.4155 v core/FpPipeline/fpu_exe_unit/FPUUnit/fpu/dfma/fma/_16303_/X (sky130_fd_sc_hd__maj3_1)
   0.2276   12.6431 ^ core/FpPipeline/fpu_exe_unit/FPUUnit/fpu/dfma/fma/_16397_/Y (sky130_fd_sc_hd__o22ai_1)
   0.1101   12.7532 v core/FpPipeline/fpu_exe_unit/FPUUnit/fpu/dfma/fma/_16924_/Y (sky130_fd_sc_hd__a211oi_1)
   0.3411   13.0942 ^ core/FpPipeline/fpu_exe_unit/FPUUnit/fpu/dfma/fma/_16925_/Y (sky130_fd_sc_hd__o311ai_0)
   0.1916   13.2859 v core/FpPipeline/fpu_exe_unit/FPUUnit/fpu/dfma/fma/_17063_/Y (sky130_fd_sc_hd__nand4_1)
   0.2608   13.5467 ^ core/FpPipeline/fpu_exe_unit/FPUUnit/fpu/dfma/fma/_17356_/Y (sky130_fd_sc_hd__a211oi_1)
   0.2232   13.7699 v core/FpPipeline/fpu_exe_unit/FPUUnit/fpu/dfma/fma/_17676_/Y (sky130_fd_sc_hd__o311ai_0)
   0.3464   14.1163 ^ core/FpPipeline/fpu_exe_unit/FPUUnit/fpu/dfma/fma/_17985_/Y (sky130_fd_sc_hd__a211oi_1)
   0.1544   14.2707 v core/FpPipeline/fpu_exe_unit/FPUUnit/fpu/dfma/fma/_18286_/Y (sky130_fd_sc_hd__o211ai_1)
   0.4838   14.7545 ^ core/FpPipeline/fpu_exe_unit/FPUUnit/fpu/dfma/fma/_19008_/Y (sky130_fd_sc_hd__a2111oi_0)
   0.2138   14.9683 v core/FpPipeline/fpu_exe_unit/FPUUnit/fpu/dfma/fma/_19804_/Y (sky130_fd_sc_hd__a21oi_1)
   0.3577   15.3260 v core/FpPipeline/fpu_exe_unit/FPUUnit/fpu/dfma/fma/_21792_/X (sky130_fd_sc_hd__o31a_1)
   0.3666   15.6926 ^ core/FpPipeline/fpu_exe_unit/FPUUnit/fpu/dfma/fma/_22055_/Y (sky130_fd_sc_hd__o31ai_1)
   0.2541   15.9466 ^ core/FpPipeline/fpu_exe_unit/FPUUnit/fpu/dfma/fma/_22585_/X (sky130_fd_sc_hd__a221o_1)
   0.1319   16.0785 v core/FpPipeline/fpu_exe_unit/FPUUnit/fpu/dfma/fma/_23138_/Y (sky130_fd_sc_hd__a31oi_1)
   0.3718   16.4503 ^ core/FpPipeline/fpu_exe_unit/FPUUnit/fpu/dfma/fma/_23671_/Y (sky130_fd_sc_hd__o21ai_0)
   0.2962   16.7465 ^ core/FpPipeline/fpu_exe_unit/FPUUnit/fpu/dfma/fma/_25679_/X (sky130_fd_sc_hd__and4b_1)
   0.2439   16.9904 ^ core/FpPipeline/fpu_exe_unit/FPUUnit/fpu/dfma/fma/_26580_/X (sky130_fd_sc_hd__o2111a_1)
   0.1495   17.1399 v core/FpPipeline/fpu_exe_unit/FPUUnit/fpu/dfma/fma/_28099_/Y (sky130_fd_sc_hd__o2111ai_1)
   0.3197   17.4597 ^ core/FpPipeline/fpu_exe_unit/FPUUnit/fpu/dfma/fma/_28721_/Y (sky130_fd_sc_hd__o2111ai_1)
   0.1877   17.6474 v core/FpPipeline/fpu_exe_unit/FPUUnit/fpu/dfma/fma/_29003_/Y (sky130_fd_sc_hd__a31oi_1)
   0.2882   17.9355 ^ core/FpPipeline/fpu_exe_unit/FPUUnit/fpu/dfma/fma/_29260_/Y (sky130_fd_sc_hd__o221ai_1)
   0.1789   18.1144 v core/FpPipeline/fpu_exe_unit/FPUUnit/fpu/dfma/fma/_29513_/Y (sky130_fd_sc_hd__a22oi_1)
   0.4165   18.5309 v core/FpPipeline/fpu_exe_unit/FPUUnit/fpu/dfma/fma/_29739_/X (sky130_fd_sc_hd__o311a_1)
   0.1708   18.7017 ^ core/FpPipeline/fpu_exe_unit/FPUUnit/fpu/dfma/fma/_29945_/Y (sky130_fd_sc_hd__nor2_1)
   0.1994   18.9010 ^ core/FpPipeline/fpu_exe_unit/FPUUnit/fpu/dfma/fma/_30126_/X (sky130_fd_sc_hd__a31o_2)
   0.0688   18.9698 v core/FpPipeline/fpu_exe_unit/FPUUnit/fpu/dfma/fma/_30291_/Y (sky130_fd_sc_hd__nand3_1)
   0.1040   19.0738 ^ core/FpPipeline/fpu_exe_unit/FPUUnit/fpu/dfma/fma/_30292_/Y (sky130_fd_sc_hd__nand2_1)
   0.0551   19.1289 v core/FpPipeline/fpu_exe_unit/FPUUnit/fpu/dfma/fma/_30359_/Y (sky130_fd_sc_hd__nand2_1)
   0.0808   19.2097 ^ core/FpPipeline/fpu_exe_unit/FPUUnit/fpu/dfma/fma/_30360_/Y (sky130_fd_sc_hd__nand2_1)
   0.1392   19.3489 ^ core/FpPipeline/fpu_exe_unit/FPUUnit/fpu/dfma/fma/_30418_/X (sky130_fd_sc_hd__xor2_1)
   0.0775   19.4264 v core/FpPipeline/fpu_exe_unit/FPUUnit/fpu/dfma/fma/_30420_/Y (sky130_fd_sc_hd__a21oi_1)
   0.0035   19.4299 v core/FpPipeline/fpu_exe_unit/FPUUnit/fpu/dfma/fma/_31069_/D (sky130_fd_sc_hd__dfxtp_1)
            19.4299   data arrival time

  20.0000   20.0000   clock clock (rise edge)
   0.0000   20.0000   clock network delay (ideal)
   0.0000   20.0000   clock reconvergence pessimism
            20.0000 ^ core/FpPipeline/fpu_exe_unit/FPUUnit/fpu/dfma/fma/_31069_/CLK (sky130_fd_sc_hd__dfxtp_1)
  -0.1344   19.8656   library setup time
            19.8656   data required time
-------------------------------------------------------------
            19.8656   data required time
           -19.4299   data arrival time
-------------------------------------------------------------
             0.4358   slack (MET)


Startpoint: core/FpPipeline/fpu_exe_unit/FPUUnit/fpu/dfma/_1310_
            (rising edge-triggered flip-flop clocked by clock)
Endpoint: core/FpPipeline/fpu_exe_unit/FPUUnit/fpu/dfma/fma/_31071_
          (rising edge-triggered flip-flop clocked by clock)
Path Group: clock
Path Type: max

    Delay      Time   Description
-------------------------------------------------------------
   0.0000    0.0000   clock clock (rise edge)
   0.0000    0.0000   clock network delay (ideal)
   0.0000    0.0000 ^ core/FpPipeline/fpu_exe_unit/FPUUnit/fpu/dfma/_1310_/CLK (sky130_fd_sc_hd__dfxtp_1)
   0.2995    0.2995 v core/FpPipeline/fpu_exe_unit/FPUUnit/fpu/dfma/_1310_/Q (sky130_fd_sc_hd__dfxtp_1)
   0.1614    0.4609 v core/FpPipeline/fpu_exe_unit/FPUUnit/fpu/dfma/fma/mulAddRecFNToRaw_preMul/_1092_/Y (sky130_fd_sc_hd__xnor2_1)
   0.3226    0.7835 ^ core/FpPipeline/fpu_exe_unit/FPUUnit/fpu/dfma/fma/mulAddRecFNToRaw_preMul/_1094_/Y (sky130_fd_sc_hd__o21ai_0)
   0.1761    0.9596 v core/FpPipeline/fpu_exe_unit/FPUUnit/fpu/dfma/fma/mulAddRecFNToRaw_preMul/_1097_/Y (sky130_fd_sc_hd__a31oi_1)
   0.4045    1.3640 v core/FpPipeline/fpu_exe_unit/FPUUnit/fpu/dfma/fma/mulAddRecFNToRaw_preMul/_1098_/X (sky130_fd_sc_hd__maj3_1)
   0.3959    1.7600 v core/FpPipeline/fpu_exe_unit/FPUUnit/fpu/dfma/fma/mulAddRecFNToRaw_preMul/_1099_/X (sky130_fd_sc_hd__maj3_1)
   0.3973    2.1573 v core/FpPipeline/fpu_exe_unit/FPUUnit/fpu/dfma/fma/mulAddRecFNToRaw_preMul/_1100_/X (sky130_fd_sc_hd__maj3_1)
   0.4055    2.5628 v core/FpPipeline/fpu_exe_unit/FPUUnit/fpu/dfma/fma/mulAddRecFNToRaw_preMul/_1101_/X (sky130_fd_sc_hd__maj3_1)
   0.3551    2.9179 v core/FpPipeline/fpu_exe_unit/FPUUnit/fpu/dfma/fma/mulAddRecFNToRaw_preMul/_1121_/X (sky130_fd_sc_hd__maj3_1)
   0.2007    3.1186 v core/FpPipeline/fpu_exe_unit/FPUUnit/fpu/dfma/fma/mulAddRecFNToRaw_preMul/_1122_/X (sky130_fd_sc_hd__xor2_1)
   0.1942    3.3128 ^ core/FpPipeline/fpu_exe_unit/FPUUnit/fpu/dfma/fma/mulAddRecFNToRaw_preMul/_1152_/Y (sky130_fd_sc_hd__o221ai_1)
   0.1518    3.4647 v core/FpPipeline/fpu_exe_unit/FPUUnit/fpu/dfma/fma/mulAddRecFNToRaw_preMul/_1158_/Y (sky130_fd_sc_hd__a32oi_1)
   0.4189    3.8835 v core/FpPipeline/fpu_exe_unit/FPUUnit/fpu/dfma/fma/mulAddRecFNToRaw_preMul/_1159_/X (sky130_fd_sc_hd__maj3_1)
   0.2588    4.1424 v core/FpPipeline/fpu_exe_unit/FPUUnit/fpu/dfma/fma/mulAddRecFNToRaw_preMul/_1177_/X (sky130_fd_sc_hd__o2111a_1)
   0.1835    4.3259 v core/FpPipeline/fpu_exe_unit/FPUUnit/fpu/dfma/fma/mulAddRecFNToRaw_preMul/_1178_/X (sky130_fd_sc_hd__clkbuf_1)
   0.1411    4.4670 ^ core/FpPipeline/fpu_exe_unit/FPUUnit/fpu/dfma/fma/mulAddRecFNToRaw_preMul/_1203_/Y (sky130_fd_sc_hd__nand4_1)
   0.3339    4.8008 ^ core/FpPipeline/fpu_exe_unit/FPUUnit/fpu/dfma/fma/mulAddRecFNToRaw_preMul/_1204_/X (sky130_fd_sc_hd__lpflow_clkbufkapwr_1)
   0.3198    5.1206 ^ core/FpPipeline/fpu_exe_unit/FPUUnit/fpu/dfma/fma/mulAddRecFNToRaw_preMul/_1307_/X (sky130_fd_sc_hd__buf_2)
   0.4406    5.5612 ^ core/FpPipeline/fpu_exe_unit/FPUUnit/fpu/dfma/fma/mulAddRecFNToRaw_preMul/_1308_/X (sky130_fd_sc_hd__lpflow_clkbufkapwr_1)
   0.4049    5.9661 v core/FpPipeline/fpu_exe_unit/FPUUnit/fpu/dfma/fma/mulAddRecFNToRaw_preMul/_1618_/X (sky130_fd_sc_hd__mux2_2)
   0.1693    6.1354 ^ core/FpPipeline/fpu_exe_unit/FPUUnit/fpu/dfma/fma/mulAddRecFNToRaw_preMul/_1760_/Y (sky130_fd_sc_hd__mux2i_1)
   0.0586    6.1940 v core/FpPipeline/fpu_exe_unit/FPUUnit/fpu/dfma/fma/mulAddRecFNToRaw_preMul/_1761_/Y (sky130_fd_sc_hd__nor2_1)
   0.1499    6.3440 ^ core/FpPipeline/fpu_exe_unit/FPUUnit/fpu/dfma/fma/mulAddRecFNToRaw_preMul/_1762_/Y (sky130_fd_sc_hd__a21oi_1)
   0.1072    6.4511 v core/FpPipeline/fpu_exe_unit/FPUUnit/fpu/dfma/fma/mulAddRecFNToRaw_preMul/_1763_/Y (sky130_fd_sc_hd__mux2i_1)
   0.2246    6.6758 ^ core/FpPipeline/fpu_exe_unit/FPUUnit/fpu/dfma/fma/mulAddRecFNToRaw_preMul/_1764_/Y (sky130_fd_sc_hd__a21oi_1)
   0.0630    6.7388 v core/FpPipeline/fpu_exe_unit/FPUUnit/fpu/dfma/fma/mulAddRecFNToRaw_preMul/_1765_/Y (sky130_fd_sc_hd__nor2_1)
   0.1979    6.9367 v core/FpPipeline/fpu_exe_unit/FPUUnit/fpu/dfma/fma/mulAddRecFNToRaw_preMul/_1766_/X (sky130_fd_sc_hd__o22a_1)
   0.3822    7.3188 v core/FpPipeline/fpu_exe_unit/FPUUnit/fpu/dfma/fma/_15620_/X (sky130_fd_sc_hd__xnor3_1)
   0.3965    7.7153 v core/FpPipeline/fpu_exe_unit/FPUUnit/fpu/dfma/fma/_15633_/X (sky130_fd_sc_hd__maj3_1)
   0.3777    8.0930 v core/FpPipeline/fpu_exe_unit/FPUUnit/fpu/dfma/fma/_15654_/X (sky130_fd_sc_hd__maj3_1)
   0.3929    8.4859 v core/FpPipeline/fpu_exe_unit/FPUUnit/fpu/dfma/fma/_15683_/X (sky130_fd_sc_hd__maj3_1)
   0.3979    8.8837 v core/FpPipeline/fpu_exe_unit/FPUUnit/fpu/dfma/fma/_15706_/X (sky130_fd_sc_hd__xor3_1)
   0.1695    9.0532 ^ core/FpPipeline/fpu_exe_unit/FPUUnit/fpu/dfma/fma/_15717_/Y (sky130_fd_sc_hd__nor2_1)
   0.2705    9.3237 ^ core/FpPipeline/fpu_exe_unit/FPUUnit/fpu/dfma/fma/_15755_/X (sky130_fd_sc_hd__xor3_1)
   0.1383    9.4620 v core/FpPipeline/fpu_exe_unit/FPUUnit/fpu/dfma/fma/_15756_/Y (sky130_fd_sc_hd__nand4bb_1)
   0.3515    9.8135 v core/FpPipeline/fpu_exe_unit/FPUUnit/fpu/dfma/fma/_15806_/X (sky130_fd_sc_hd__or2_2)
   0.3724   10.1859 v core/FpPipeline/fpu_exe_unit/FPUUnit/fpu/dfma/fma/_15860_/X (sky130_fd_sc_hd__maj3_1)
   0.3772   10.5631 v core/FpPipeline/fpu_exe_unit/FPUUnit/fpu/dfma/fma/_15917_/X (sky130_fd_sc_hd__maj3_1)
   0.3659   10.9290 v core/FpPipeline/fpu_exe_unit/FPUUnit/fpu/dfma/fma/_15983_/X (sky130_fd_sc_hd__maj3_1)
   0.3689   11.2979 v core/FpPipeline/fpu_exe_unit/FPUUnit/fpu/dfma/fma/_16051_/X (sky130_fd_sc_hd__maj3_1)
   0.3764   11.6743 v core/FpPipeline/fpu_exe_unit/FPUUnit/fpu/dfma/fma/_16118_/X (sky130_fd_sc_hd__maj3_1)
   0.3716   12.0459 v core/FpPipeline/fpu_exe_unit/FPUUnit/fpu/dfma/fma/_16205_/X (sky130_fd_sc_hd__maj3_1)
   0.3696   12.4155 v core/FpPipeline/fpu_exe_unit/FPUUnit/fpu/dfma/fma/_16303_/X (sky130_fd_sc_hd__maj3_1)
   0.2276   12.6431 ^ core/FpPipeline/fpu_exe_unit/FPUUnit/fpu/dfma/fma/_16397_/Y (sky130_fd_sc_hd__o22ai_1)
   0.1101   12.7532 v core/FpPipeline/fpu_exe_unit/FPUUnit/fpu/dfma/fma/_16924_/Y (sky130_fd_sc_hd__a211oi_1)
   0.3411   13.0942 ^ core/FpPipeline/fpu_exe_unit/FPUUnit/fpu/dfma/fma/_16925_/Y (sky130_fd_sc_hd__o311ai_0)
   0.1916   13.2859 v core/FpPipeline/fpu_exe_unit/FPUUnit/fpu/dfma/fma/_17063_/Y (sky130_fd_sc_hd__nand4_1)
   0.2608   13.5467 ^ core/FpPipeline/fpu_exe_unit/FPUUnit/fpu/dfma/fma/_17356_/Y (sky130_fd_sc_hd__a211oi_1)
   0.2232   13.7699 v core/FpPipeline/fpu_exe_unit/FPUUnit/fpu/dfma/fma/_17676_/Y (sky130_fd_sc_hd__o311ai_0)
   0.3464   14.1163 ^ core/FpPipeline/fpu_exe_unit/FPUUnit/fpu/dfma/fma/_17985_/Y (sky130_fd_sc_hd__a211oi_1)
   0.1544   14.2707 v core/FpPipeline/fpu_exe_unit/FPUUnit/fpu/dfma/fma/_18286_/Y (sky130_fd_sc_hd__o211ai_1)
   0.4838   14.7545 ^ core/FpPipeline/fpu_exe_unit/FPUUnit/fpu/dfma/fma/_19008_/Y (sky130_fd_sc_hd__a2111oi_0)
   0.2138   14.9683 v core/FpPipeline/fpu_exe_unit/FPUUnit/fpu/dfma/fma/_19804_/Y (sky130_fd_sc_hd__a21oi_1)
   0.3577   15.3260 v core/FpPipeline/fpu_exe_unit/FPUUnit/fpu/dfma/fma/_21792_/X (sky130_fd_sc_hd__o31a_1)
   0.3666   15.6926 ^ core/FpPipeline/fpu_exe_unit/FPUUnit/fpu/dfma/fma/_22055_/Y (sky130_fd_sc_hd__o31ai_1)
   0.2541   15.9466 ^ core/FpPipeline/fpu_exe_unit/FPUUnit/fpu/dfma/fma/_22585_/X (sky130_fd_sc_hd__a221o_1)
   0.1319   16.0785 v core/FpPipeline/fpu_exe_unit/FPUUnit/fpu/dfma/fma/_23138_/Y (sky130_fd_sc_hd__a31oi_1)
   0.3718   16.4503 ^ core/FpPipeline/fpu_exe_unit/FPUUnit/fpu/dfma/fma/_23671_/Y (sky130_fd_sc_hd__o21ai_0)
   0.2962   16.7465 ^ core/FpPipeline/fpu_exe_unit/FPUUnit/fpu/dfma/fma/_25679_/X (sky130_fd_sc_hd__and4b_1)
   0.2439   16.9904 ^ core/FpPipeline/fpu_exe_unit/FPUUnit/fpu/dfma/fma/_26580_/X (sky130_fd_sc_hd__o2111a_1)
   0.1495   17.1399 v core/FpPipeline/fpu_exe_unit/FPUUnit/fpu/dfma/fma/_28099_/Y (sky130_fd_sc_hd__o2111ai_1)
   0.3197   17.4597 ^ core/FpPipeline/fpu_exe_unit/FPUUnit/fpu/dfma/fma/_28721_/Y (sky130_fd_sc_hd__o2111ai_1)
   0.1877   17.6474 v core/FpPipeline/fpu_exe_unit/FPUUnit/fpu/dfma/fma/_29003_/Y (sky130_fd_sc_hd__a31oi_1)
   0.2882   17.9355 ^ core/FpPipeline/fpu_exe_unit/FPUUnit/fpu/dfma/fma/_29260_/Y (sky130_fd_sc_hd__o221ai_1)
   0.1789   18.1144 v core/FpPipeline/fpu_exe_unit/FPUUnit/fpu/dfma/fma/_29513_/Y (sky130_fd_sc_hd__a22oi_1)
   0.4165   18.5309 v core/FpPipeline/fpu_exe_unit/FPUUnit/fpu/dfma/fma/_29739_/X (sky130_fd_sc_hd__o311a_1)
   0.3505   18.8814 ^ core/FpPipeline/fpu_exe_unit/FPUUnit/fpu/dfma/fma/_30424_/Y (sky130_fd_sc_hd__nor4b_1)
   0.1818   19.0632 ^ core/FpPipeline/fpu_exe_unit/FPUUnit/fpu/dfma/fma/_30429_/X (sky130_fd_sc_hd__or2_2)
   0.0580   19.1212 v core/FpPipeline/fpu_exe_unit/FPUUnit/fpu/dfma/fma/_30487_/Y (sky130_fd_sc_hd__nand2_1)
   0.0849   19.2061 ^ core/FpPipeline/fpu_exe_unit/FPUUnit/fpu/dfma/fma/_30492_/Y (sky130_fd_sc_hd__nand2_1)
   0.1194   19.3255 ^ core/FpPipeline/fpu_exe_unit/FPUUnit/fpu/dfma/fma/_30541_/Y (sky130_fd_sc_hd__xnor2_1)
   0.0787   19.4042 v core/FpPipeline/fpu_exe_unit/FPUUnit/fpu/dfma/fma/_30543_/Y (sky130_fd_sc_hd__a21oi_1)
   0.0035   19.4076 v core/FpPipeline/fpu_exe_unit/FPUUnit/fpu/dfma/fma/_31071_/D (sky130_fd_sc_hd__dfxtp_1)
            19.4076   data arrival time

  20.0000   20.0000   clock clock (rise edge)
   0.0000   20.0000   clock network delay (ideal)
   0.0000   20.0000   clock reconvergence pessimism
            20.0000 ^ core/FpPipeline/fpu_exe_unit/FPUUnit/fpu/dfma/fma/_31071_/CLK (sky130_fd_sc_hd__dfxtp_1)
  -0.1344   19.8656   library setup time
            19.8656   data required time
-------------------------------------------------------------
            19.8656   data required time
           -19.4076   data arrival time
-------------------------------------------------------------
             0.4580   slack (MET)


Startpoint: core/FpPipeline/fpu_exe_unit/FPUUnit/fpu/dfma/_1310_
            (rising edge-triggered flip-flop clocked by clock)
Endpoint: core/FpPipeline/fpu_exe_unit/FPUUnit/fpu/dfma/fma/_31072_
          (rising edge-triggered flip-flop clocked by clock)
Path Group: clock
Path Type: max

    Delay      Time   Description
-------------------------------------------------------------
   0.0000    0.0000   clock clock (rise edge)
   0.0000    0.0000   clock network delay (ideal)
   0.0000    0.0000 ^ core/FpPipeline/fpu_exe_unit/FPUUnit/fpu/dfma/_1310_/CLK (sky130_fd_sc_hd__dfxtp_1)
   0.2995    0.2995 v core/FpPipeline/fpu_exe_unit/FPUUnit/fpu/dfma/_1310_/Q (sky130_fd_sc_hd__dfxtp_1)
   0.1614    0.4609 v core/FpPipeline/fpu_exe_unit/FPUUnit/fpu/dfma/fma/mulAddRecFNToRaw_preMul/_1092_/Y (sky130_fd_sc_hd__xnor2_1)
   0.3226    0.7835 ^ core/FpPipeline/fpu_exe_unit/FPUUnit/fpu/dfma/fma/mulAddRecFNToRaw_preMul/_1094_/Y (sky130_fd_sc_hd__o21ai_0)
   0.1761    0.9596 v core/FpPipeline/fpu_exe_unit/FPUUnit/fpu/dfma/fma/mulAddRecFNToRaw_preMul/_1097_/Y (sky130_fd_sc_hd__a31oi_1)
   0.4045    1.3640 v core/FpPipeline/fpu_exe_unit/FPUUnit/fpu/dfma/fma/mulAddRecFNToRaw_preMul/_1098_/X (sky130_fd_sc_hd__maj3_1)
   0.3959    1.7600 v core/FpPipeline/fpu_exe_unit/FPUUnit/fpu/dfma/fma/mulAddRecFNToRaw_preMul/_1099_/X (sky130_fd_sc_hd__maj3_1)
   0.3973    2.1573 v core/FpPipeline/fpu_exe_unit/FPUUnit/fpu/dfma/fma/mulAddRecFNToRaw_preMul/_1100_/X (sky130_fd_sc_hd__maj3_1)
   0.4055    2.5628 v core/FpPipeline/fpu_exe_unit/FPUUnit/fpu/dfma/fma/mulAddRecFNToRaw_preMul/_1101_/X (sky130_fd_sc_hd__maj3_1)
   0.3551    2.9179 v core/FpPipeline/fpu_exe_unit/FPUUnit/fpu/dfma/fma/mulAddRecFNToRaw_preMul/_1121_/X (sky130_fd_sc_hd__maj3_1)
   0.2007    3.1186 v core/FpPipeline/fpu_exe_unit/FPUUnit/fpu/dfma/fma/mulAddRecFNToRaw_preMul/_1122_/X (sky130_fd_sc_hd__xor2_1)
   0.1942    3.3128 ^ core/FpPipeline/fpu_exe_unit/FPUUnit/fpu/dfma/fma/mulAddRecFNToRaw_preMul/_1152_/Y (sky130_fd_sc_hd__o221ai_1)
   0.1518    3.4647 v core/FpPipeline/fpu_exe_unit/FPUUnit/fpu/dfma/fma/mulAddRecFNToRaw_preMul/_1158_/Y (sky130_fd_sc_hd__a32oi_1)
   0.4189    3.8835 v core/FpPipeline/fpu_exe_unit/FPUUnit/fpu/dfma/fma/mulAddRecFNToRaw_preMul/_1159_/X (sky130_fd_sc_hd__maj3_1)
   0.2588    4.1424 v core/FpPipeline/fpu_exe_unit/FPUUnit/fpu/dfma/fma/mulAddRecFNToRaw_preMul/_1177_/X (sky130_fd_sc_hd__o2111a_1)
   0.1835    4.3259 v core/FpPipeline/fpu_exe_unit/FPUUnit/fpu/dfma/fma/mulAddRecFNToRaw_preMul/_1178_/X (sky130_fd_sc_hd__clkbuf_1)
   0.1411    4.4670 ^ core/FpPipeline/fpu_exe_unit/FPUUnit/fpu/dfma/fma/mulAddRecFNToRaw_preMul/_1203_/Y (sky130_fd_sc_hd__nand4_1)
   0.3339    4.8008 ^ core/FpPipeline/fpu_exe_unit/FPUUnit/fpu/dfma/fma/mulAddRecFNToRaw_preMul/_1204_/X (sky130_fd_sc_hd__lpflow_clkbufkapwr_1)
   0.3198    5.1206 ^ core/FpPipeline/fpu_exe_unit/FPUUnit/fpu/dfma/fma/mulAddRecFNToRaw_preMul/_1307_/X (sky130_fd_sc_hd__buf_2)
   0.4406    5.5612 ^ core/FpPipeline/fpu_exe_unit/FPUUnit/fpu/dfma/fma/mulAddRecFNToRaw_preMul/_1308_/X (sky130_fd_sc_hd__lpflow_clkbufkapwr_1)
   0.4049    5.9661 v core/FpPipeline/fpu_exe_unit/FPUUnit/fpu/dfma/fma/mulAddRecFNToRaw_preMul/_1618_/X (sky130_fd_sc_hd__mux2_2)
   0.1693    6.1354 ^ core/FpPipeline/fpu_exe_unit/FPUUnit/fpu/dfma/fma/mulAddRecFNToRaw_preMul/_1760_/Y (sky130_fd_sc_hd__mux2i_1)
   0.0586    6.1940 v core/FpPipeline/fpu_exe_unit/FPUUnit/fpu/dfma/fma/mulAddRecFNToRaw_preMul/_1761_/Y (sky130_fd_sc_hd__nor2_1)
   0.1499    6.3440 ^ core/FpPipeline/fpu_exe_unit/FPUUnit/fpu/dfma/fma/mulAddRecFNToRaw_preMul/_1762_/Y (sky130_fd_sc_hd__a21oi_1)
   0.1072    6.4511 v core/FpPipeline/fpu_exe_unit/FPUUnit/fpu/dfma/fma/mulAddRecFNToRaw_preMul/_1763_/Y (sky130_fd_sc_hd__mux2i_1)
   0.2246    6.6758 ^ core/FpPipeline/fpu_exe_unit/FPUUnit/fpu/dfma/fma/mulAddRecFNToRaw_preMul/_1764_/Y (sky130_fd_sc_hd__a21oi_1)
   0.0630    6.7388 v core/FpPipeline/fpu_exe_unit/FPUUnit/fpu/dfma/fma/mulAddRecFNToRaw_preMul/_1765_/Y (sky130_fd_sc_hd__nor2_1)
   0.1979    6.9367 v core/FpPipeline/fpu_exe_unit/FPUUnit/fpu/dfma/fma/mulAddRecFNToRaw_preMul/_1766_/X (sky130_fd_sc_hd__o22a_1)
   0.3822    7.3188 v core/FpPipeline/fpu_exe_unit/FPUUnit/fpu/dfma/fma/_15620_/X (sky130_fd_sc_hd__xnor3_1)
   0.3965    7.7153 v core/FpPipeline/fpu_exe_unit/FPUUnit/fpu/dfma/fma/_15633_/X (sky130_fd_sc_hd__maj3_1)
   0.3777    8.0930 v core/FpPipeline/fpu_exe_unit/FPUUnit/fpu/dfma/fma/_15654_/X (sky130_fd_sc_hd__maj3_1)
   0.3929    8.4859 v core/FpPipeline/fpu_exe_unit/FPUUnit/fpu/dfma/fma/_15683_/X (sky130_fd_sc_hd__maj3_1)
   0.3979    8.8837 v core/FpPipeline/fpu_exe_unit/FPUUnit/fpu/dfma/fma/_15706_/X (sky130_fd_sc_hd__xor3_1)
   0.1695    9.0532 ^ core/FpPipeline/fpu_exe_unit/FPUUnit/fpu/dfma/fma/_15717_/Y (sky130_fd_sc_hd__nor2_1)
   0.2705    9.3237 ^ core/FpPipeline/fpu_exe_unit/FPUUnit/fpu/dfma/fma/_15755_/X (sky130_fd_sc_hd__xor3_1)
   0.1383    9.4620 v core/FpPipeline/fpu_exe_unit/FPUUnit/fpu/dfma/fma/_15756_/Y (sky130_fd_sc_hd__nand4bb_1)
   0.3515    9.8135 v core/FpPipeline/fpu_exe_unit/FPUUnit/fpu/dfma/fma/_15806_/X (sky130_fd_sc_hd__or2_2)
   0.3724   10.1859 v core/FpPipeline/fpu_exe_unit/FPUUnit/fpu/dfma/fma/_15860_/X (sky130_fd_sc_hd__maj3_1)
   0.3772   10.5631 v core/FpPipeline/fpu_exe_unit/FPUUnit/fpu/dfma/fma/_15917_/X (sky130_fd_sc_hd__maj3_1)
   0.3659   10.9290 v core/FpPipeline/fpu_exe_unit/FPUUnit/fpu/dfma/fma/_15983_/X (sky130_fd_sc_hd__maj3_1)
   0.3689   11.2979 v core/FpPipeline/fpu_exe_unit/FPUUnit/fpu/dfma/fma/_16051_/X (sky130_fd_sc_hd__maj3_1)
   0.3764   11.6743 v core/FpPipeline/fpu_exe_unit/FPUUnit/fpu/dfma/fma/_16118_/X (sky130_fd_sc_hd__maj3_1)
   0.3716   12.0459 v core/FpPipeline/fpu_exe_unit/FPUUnit/fpu/dfma/fma/_16205_/X (sky130_fd_sc_hd__maj3_1)
   0.3696   12.4155 v core/FpPipeline/fpu_exe_unit/FPUUnit/fpu/dfma/fma/_16303_/X (sky130_fd_sc_hd__maj3_1)
   0.2276   12.6431 ^ core/FpPipeline/fpu_exe_unit/FPUUnit/fpu/dfma/fma/_16397_/Y (sky130_fd_sc_hd__o22ai_1)
   0.1101   12.7532 v core/FpPipeline/fpu_exe_unit/FPUUnit/fpu/dfma/fma/_16924_/Y (sky130_fd_sc_hd__a211oi_1)
   0.3411   13.0942 ^ core/FpPipeline/fpu_exe_unit/FPUUnit/fpu/dfma/fma/_16925_/Y (sky130_fd_sc_hd__o311ai_0)
   0.1916   13.2859 v core/FpPipeline/fpu_exe_unit/FPUUnit/fpu/dfma/fma/_17063_/Y (sky130_fd_sc_hd__nand4_1)
   0.2608   13.5467 ^ core/FpPipeline/fpu_exe_unit/FPUUnit/fpu/dfma/fma/_17356_/Y (sky130_fd_sc_hd__a211oi_1)
   0.2232   13.7699 v core/FpPipeline/fpu_exe_unit/FPUUnit/fpu/dfma/fma/_17676_/Y (sky130_fd_sc_hd__o311ai_0)
   0.3464   14.1163 ^ core/FpPipeline/fpu_exe_unit/FPUUnit/fpu/dfma/fma/_17985_/Y (sky130_fd_sc_hd__a211oi_1)
   0.1544   14.2707 v core/FpPipeline/fpu_exe_unit/FPUUnit/fpu/dfma/fma/_18286_/Y (sky130_fd_sc_hd__o211ai_1)
   0.4838   14.7545 ^ core/FpPipeline/fpu_exe_unit/FPUUnit/fpu/dfma/fma/_19008_/Y (sky130_fd_sc_hd__a2111oi_0)
   0.2138   14.9683 v core/FpPipeline/fpu_exe_unit/FPUUnit/fpu/dfma/fma/_19804_/Y (sky130_fd_sc_hd__a21oi_1)
   0.3577   15.3260 v core/FpPipeline/fpu_exe_unit/FPUUnit/fpu/dfma/fma/_21792_/X (sky130_fd_sc_hd__o31a_1)
   0.3666   15.6926 ^ core/FpPipeline/fpu_exe_unit/FPUUnit/fpu/dfma/fma/_22055_/Y (sky130_fd_sc_hd__o31ai_1)
   0.2541   15.9466 ^ core/FpPipeline/fpu_exe_unit/FPUUnit/fpu/dfma/fma/_22585_/X (sky130_fd_sc_hd__a221o_1)
   0.1319   16.0785 v core/FpPipeline/fpu_exe_unit/FPUUnit/fpu/dfma/fma/_23138_/Y (sky130_fd_sc_hd__a31oi_1)
   0.3718   16.4503 ^ core/FpPipeline/fpu_exe_unit/FPUUnit/fpu/dfma/fma/_23671_/Y (sky130_fd_sc_hd__o21ai_0)
   0.2962   16.7465 ^ core/FpPipeline/fpu_exe_unit/FPUUnit/fpu/dfma/fma/_25679_/X (sky130_fd_sc_hd__and4b_1)
   0.2439   16.9904 ^ core/FpPipeline/fpu_exe_unit/FPUUnit/fpu/dfma/fma/_26580_/X (sky130_fd_sc_hd__o2111a_1)
   0.1495   17.1399 v core/FpPipeline/fpu_exe_unit/FPUUnit/fpu/dfma/fma/_28099_/Y (sky130_fd_sc_hd__o2111ai_1)
   0.3197   17.4597 ^ core/FpPipeline/fpu_exe_unit/FPUUnit/fpu/dfma/fma/_28721_/Y (sky130_fd_sc_hd__o2111ai_1)
   0.1877   17.6474 v core/FpPipeline/fpu_exe_unit/FPUUnit/fpu/dfma/fma/_29003_/Y (sky130_fd_sc_hd__a31oi_1)
   0.2882   17.9355 ^ core/FpPipeline/fpu_exe_unit/FPUUnit/fpu/dfma/fma/_29260_/Y (sky130_fd_sc_hd__o221ai_1)
   0.1789   18.1144 v core/FpPipeline/fpu_exe_unit/FPUUnit/fpu/dfma/fma/_29513_/Y (sky130_fd_sc_hd__a22oi_1)
   0.4165   18.5309 v core/FpPipeline/fpu_exe_unit/FPUUnit/fpu/dfma/fma/_29739_/X (sky130_fd_sc_hd__o311a_1)
   0.3505   18.8814 ^ core/FpPipeline/fpu_exe_unit/FPUUnit/fpu/dfma/fma/_30424_/Y (sky130_fd_sc_hd__nor4b_1)
   0.1849   19.0664 v core/FpPipeline/fpu_exe_unit/FPUUnit/fpu/dfma/fma/_30544_/Y (sky130_fd_sc_hd__o211ai_1)
   0.1874   19.2538 ^ core/FpPipeline/fpu_exe_unit/FPUUnit/fpu/dfma/fma/_30585_/Y (sky130_fd_sc_hd__a21oi_1)
   0.0874   19.3412 v core/FpPipeline/fpu_exe_unit/FPUUnit/fpu/dfma/fma/_30588_/Y (sky130_fd_sc_hd__o2bb2ai_1)
   0.0035   19.3447 v core/FpPipeline/fpu_exe_unit/FPUUnit/fpu/dfma/fma/_31072_/D (sky130_fd_sc_hd__dfxtp_1)
            19.3447   data arrival time

  20.0000   20.0000   clock clock (rise edge)
   0.0000   20.0000   clock network delay (ideal)
   0.0000   20.0000   clock reconvergence pessimism
            20.0000 ^ core/FpPipeline/fpu_exe_unit/FPUUnit/fpu/dfma/fma/_31072_/CLK (sky130_fd_sc_hd__dfxtp_1)
  -0.1213   19.8787   library setup time
            19.8787   data required time
-------------------------------------------------------------
            19.8787   data required time
           -19.3447   data arrival time
-------------------------------------------------------------
             0.5340   slack (MET)


Startpoint: core/FpPipeline/fpu_exe_unit/FPUUnit/fpu/dfma/_1310_
            (rising edge-triggered flip-flop clocked by clock)
Endpoint: core/FpPipeline/fpu_exe_unit/FPUUnit/fpu/dfma/fma/_31070_
          (rising edge-triggered flip-flop clocked by clock)
Path Group: clock
Path Type: max

    Delay      Time   Description
-------------------------------------------------------------
   0.0000    0.0000   clock clock (rise edge)
   0.0000    0.0000   clock network delay (ideal)
   0.0000    0.0000 ^ core/FpPipeline/fpu_exe_unit/FPUUnit/fpu/dfma/_1310_/CLK (sky130_fd_sc_hd__dfxtp_1)
   0.2995    0.2995 v core/FpPipeline/fpu_exe_unit/FPUUnit/fpu/dfma/_1310_/Q (sky130_fd_sc_hd__dfxtp_1)
   0.1614    0.4609 v core/FpPipeline/fpu_exe_unit/FPUUnit/fpu/dfma/fma/mulAddRecFNToRaw_preMul/_1092_/Y (sky130_fd_sc_hd__xnor2_1)
   0.3226    0.7835 ^ core/FpPipeline/fpu_exe_unit/FPUUnit/fpu/dfma/fma/mulAddRecFNToRaw_preMul/_1094_/Y (sky130_fd_sc_hd__o21ai_0)
   0.1761    0.9596 v core/FpPipeline/fpu_exe_unit/FPUUnit/fpu/dfma/fma/mulAddRecFNToRaw_preMul/_1097_/Y (sky130_fd_sc_hd__a31oi_1)
   0.4045    1.3640 v core/FpPipeline/fpu_exe_unit/FPUUnit/fpu/dfma/fma/mulAddRecFNToRaw_preMul/_1098_/X (sky130_fd_sc_hd__maj3_1)
   0.3959    1.7600 v core/FpPipeline/fpu_exe_unit/FPUUnit/fpu/dfma/fma/mulAddRecFNToRaw_preMul/_1099_/X (sky130_fd_sc_hd__maj3_1)
   0.3973    2.1573 v core/FpPipeline/fpu_exe_unit/FPUUnit/fpu/dfma/fma/mulAddRecFNToRaw_preMul/_1100_/X (sky130_fd_sc_hd__maj3_1)
   0.4055    2.5628 v core/FpPipeline/fpu_exe_unit/FPUUnit/fpu/dfma/fma/mulAddRecFNToRaw_preMul/_1101_/X (sky130_fd_sc_hd__maj3_1)
   0.3551    2.9179 v core/FpPipeline/fpu_exe_unit/FPUUnit/fpu/dfma/fma/mulAddRecFNToRaw_preMul/_1121_/X (sky130_fd_sc_hd__maj3_1)
   0.2007    3.1186 v core/FpPipeline/fpu_exe_unit/FPUUnit/fpu/dfma/fma/mulAddRecFNToRaw_preMul/_1122_/X (sky130_fd_sc_hd__xor2_1)
   0.1942    3.3128 ^ core/FpPipeline/fpu_exe_unit/FPUUnit/fpu/dfma/fma/mulAddRecFNToRaw_preMul/_1152_/Y (sky130_fd_sc_hd__o221ai_1)
   0.1518    3.4647 v core/FpPipeline/fpu_exe_unit/FPUUnit/fpu/dfma/fma/mulAddRecFNToRaw_preMul/_1158_/Y (sky130_fd_sc_hd__a32oi_1)
   0.4189    3.8835 v core/FpPipeline/fpu_exe_unit/FPUUnit/fpu/dfma/fma/mulAddRecFNToRaw_preMul/_1159_/X (sky130_fd_sc_hd__maj3_1)
   0.2588    4.1424 v core/FpPipeline/fpu_exe_unit/FPUUnit/fpu/dfma/fma/mulAddRecFNToRaw_preMul/_1177_/X (sky130_fd_sc_hd__o2111a_1)
   0.1835    4.3259 v core/FpPipeline/fpu_exe_unit/FPUUnit/fpu/dfma/fma/mulAddRecFNToRaw_preMul/_1178_/X (sky130_fd_sc_hd__clkbuf_1)
   0.1411    4.4670 ^ core/FpPipeline/fpu_exe_unit/FPUUnit/fpu/dfma/fma/mulAddRecFNToRaw_preMul/_1203_/Y (sky130_fd_sc_hd__nand4_1)
   0.3339    4.8008 ^ core/FpPipeline/fpu_exe_unit/FPUUnit/fpu/dfma/fma/mulAddRecFNToRaw_preMul/_1204_/X (sky130_fd_sc_hd__lpflow_clkbufkapwr_1)
   0.3198    5.1206 ^ core/FpPipeline/fpu_exe_unit/FPUUnit/fpu/dfma/fma/mulAddRecFNToRaw_preMul/_1307_/X (sky130_fd_sc_hd__buf_2)
   0.4406    5.5612 ^ core/FpPipeline/fpu_exe_unit/FPUUnit/fpu/dfma/fma/mulAddRecFNToRaw_preMul/_1308_/X (sky130_fd_sc_hd__lpflow_clkbufkapwr_1)
   0.4049    5.9661 v core/FpPipeline/fpu_exe_unit/FPUUnit/fpu/dfma/fma/mulAddRecFNToRaw_preMul/_1618_/X (sky130_fd_sc_hd__mux2_2)
   0.1693    6.1354 ^ core/FpPipeline/fpu_exe_unit/FPUUnit/fpu/dfma/fma/mulAddRecFNToRaw_preMul/_1760_/Y (sky130_fd_sc_hd__mux2i_1)
   0.0586    6.1940 v core/FpPipeline/fpu_exe_unit/FPUUnit/fpu/dfma/fma/mulAddRecFNToRaw_preMul/_1761_/Y (sky130_fd_sc_hd__nor2_1)
   0.1499    6.3440 ^ core/FpPipeline/fpu_exe_unit/FPUUnit/fpu/dfma/fma/mulAddRecFNToRaw_preMul/_1762_/Y (sky130_fd_sc_hd__a21oi_1)
   0.1072    6.4511 v core/FpPipeline/fpu_exe_unit/FPUUnit/fpu/dfma/fma/mulAddRecFNToRaw_preMul/_1763_/Y (sky130_fd_sc_hd__mux2i_1)
   0.2246    6.6758 ^ core/FpPipeline/fpu_exe_unit/FPUUnit/fpu/dfma/fma/mulAddRecFNToRaw_preMul/_1764_/Y (sky130_fd_sc_hd__a21oi_1)
   0.0630    6.7388 v core/FpPipeline/fpu_exe_unit/FPUUnit/fpu/dfma/fma/mulAddRecFNToRaw_preMul/_1765_/Y (sky130_fd_sc_hd__nor2_1)
   0.1979    6.9367 v core/FpPipeline/fpu_exe_unit/FPUUnit/fpu/dfma/fma/mulAddRecFNToRaw_preMul/_1766_/X (sky130_fd_sc_hd__o22a_1)
   0.3822    7.3188 v core/FpPipeline/fpu_exe_unit/FPUUnit/fpu/dfma/fma/_15620_/X (sky130_fd_sc_hd__xnor3_1)
   0.3965    7.7153 v core/FpPipeline/fpu_exe_unit/FPUUnit/fpu/dfma/fma/_15633_/X (sky130_fd_sc_hd__maj3_1)
   0.3777    8.0930 v core/FpPipeline/fpu_exe_unit/FPUUnit/fpu/dfma/fma/_15654_/X (sky130_fd_sc_hd__maj3_1)
   0.3929    8.4859 v core/FpPipeline/fpu_exe_unit/FPUUnit/fpu/dfma/fma/_15683_/X (sky130_fd_sc_hd__maj3_1)
   0.3979    8.8837 v core/FpPipeline/fpu_exe_unit/FPUUnit/fpu/dfma/fma/_15706_/X (sky130_fd_sc_hd__xor3_1)
   0.1695    9.0532 ^ core/FpPipeline/fpu_exe_unit/FPUUnit/fpu/dfma/fma/_15717_/Y (sky130_fd_sc_hd__nor2_1)
   0.2705    9.3237 ^ core/FpPipeline/fpu_exe_unit/FPUUnit/fpu/dfma/fma/_15755_/X (sky130_fd_sc_hd__xor3_1)
   0.1383    9.4620 v core/FpPipeline/fpu_exe_unit/FPUUnit/fpu/dfma/fma/_15756_/Y (sky130_fd_sc_hd__nand4bb_1)
   0.3515    9.8135 v core/FpPipeline/fpu_exe_unit/FPUUnit/fpu/dfma/fma/_15806_/X (sky130_fd_sc_hd__or2_2)
   0.3724   10.1859 v core/FpPipeline/fpu_exe_unit/FPUUnit/fpu/dfma/fma/_15860_/X (sky130_fd_sc_hd__maj3_1)
   0.3772   10.5631 v core/FpPipeline/fpu_exe_unit/FPUUnit/fpu/dfma/fma/_15917_/X (sky130_fd_sc_hd__maj3_1)
   0.3659   10.9290 v core/FpPipeline/fpu_exe_unit/FPUUnit/fpu/dfma/fma/_15983_/X (sky130_fd_sc_hd__maj3_1)
   0.3689   11.2979 v core/FpPipeline/fpu_exe_unit/FPUUnit/fpu/dfma/fma/_16051_/X (sky130_fd_sc_hd__maj3_1)
   0.3764   11.6743 v core/FpPipeline/fpu_exe_unit/FPUUnit/fpu/dfma/fma/_16118_/X (sky130_fd_sc_hd__maj3_1)
   0.3716   12.0459 v core/FpPipeline/fpu_exe_unit/FPUUnit/fpu/dfma/fma/_16205_/X (sky130_fd_sc_hd__maj3_1)
   0.3696   12.4155 v core/FpPipeline/fpu_exe_unit/FPUUnit/fpu/dfma/fma/_16303_/X (sky130_fd_sc_hd__maj3_1)
   0.2276   12.6431 ^ core/FpPipeline/fpu_exe_unit/FPUUnit/fpu/dfma/fma/_16397_/Y (sky130_fd_sc_hd__o22ai_1)
   0.1101   12.7532 v core/FpPipeline/fpu_exe_unit/FPUUnit/fpu/dfma/fma/_16924_/Y (sky130_fd_sc_hd__a211oi_1)
   0.3411   13.0942 ^ core/FpPipeline/fpu_exe_unit/FPUUnit/fpu/dfma/fma/_16925_/Y (sky130_fd_sc_hd__o311ai_0)
   0.1916   13.2859 v core/FpPipeline/fpu_exe_unit/FPUUnit/fpu/dfma/fma/_17063_/Y (sky130_fd_sc_hd__nand4_1)
   0.2608   13.5467 ^ core/FpPipeline/fpu_exe_unit/FPUUnit/fpu/dfma/fma/_17356_/Y (sky130_fd_sc_hd__a211oi_1)
   0.2232   13.7699 v core/FpPipeline/fpu_exe_unit/FPUUnit/fpu/dfma/fma/_17676_/Y (sky130_fd_sc_hd__o311ai_0)
   0.3464   14.1163 ^ core/FpPipeline/fpu_exe_unit/FPUUnit/fpu/dfma/fma/_17985_/Y (sky130_fd_sc_hd__a211oi_1)
   0.1544   14.2707 v core/FpPipeline/fpu_exe_unit/FPUUnit/fpu/dfma/fma/_18286_/Y (sky130_fd_sc_hd__o211ai_1)
   0.4838   14.7545 ^ core/FpPipeline/fpu_exe_unit/FPUUnit/fpu/dfma/fma/_19008_/Y (sky130_fd_sc_hd__a2111oi_0)
   0.2138   14.9683 v core/FpPipeline/fpu_exe_unit/FPUUnit/fpu/dfma/fma/_19804_/Y (sky130_fd_sc_hd__a21oi_1)
   0.3577   15.3260 v core/FpPipeline/fpu_exe_unit/FPUUnit/fpu/dfma/fma/_21792_/X (sky130_fd_sc_hd__o31a_1)
   0.3666   15.6926 ^ core/FpPipeline/fpu_exe_unit/FPUUnit/fpu/dfma/fma/_22055_/Y (sky130_fd_sc_hd__o31ai_1)
   0.2541   15.9466 ^ core/FpPipeline/fpu_exe_unit/FPUUnit/fpu/dfma/fma/_22585_/X (sky130_fd_sc_hd__a221o_1)
   0.1319   16.0785 v core/FpPipeline/fpu_exe_unit/FPUUnit/fpu/dfma/fma/_23138_/Y (sky130_fd_sc_hd__a31oi_1)
   0.3718   16.4503 ^ core/FpPipeline/fpu_exe_unit/FPUUnit/fpu/dfma/fma/_23671_/Y (sky130_fd_sc_hd__o21ai_0)
   0.2962   16.7465 ^ core/FpPipeline/fpu_exe_unit/FPUUnit/fpu/dfma/fma/_25679_/X (sky130_fd_sc_hd__and4b_1)
   0.2439   16.9904 ^ core/FpPipeline/fpu_exe_unit/FPUUnit/fpu/dfma/fma/_26580_/X (sky130_fd_sc_hd__o2111a_1)
   0.1495   17.1399 v core/FpPipeline/fpu_exe_unit/FPUUnit/fpu/dfma/fma/_28099_/Y (sky130_fd_sc_hd__o2111ai_1)
   0.3197   17.4597 ^ core/FpPipeline/fpu_exe_unit/FPUUnit/fpu/dfma/fma/_28721_/Y (sky130_fd_sc_hd__o2111ai_1)
   0.1877   17.6474 v core/FpPipeline/fpu_exe_unit/FPUUnit/fpu/dfma/fma/_29003_/Y (sky130_fd_sc_hd__a31oi_1)
   0.2882   17.9355 ^ core/FpPipeline/fpu_exe_unit/FPUUnit/fpu/dfma/fma/_29260_/Y (sky130_fd_sc_hd__o221ai_1)
   0.1789   18.1144 v core/FpPipeline/fpu_exe_unit/FPUUnit/fpu/dfma/fma/_29513_/Y (sky130_fd_sc_hd__a22oi_1)
   0.4165   18.5309 v core/FpPipeline/fpu_exe_unit/FPUUnit/fpu/dfma/fma/_29739_/X (sky130_fd_sc_hd__o311a_1)
   0.3505   18.8814 ^ core/FpPipeline/fpu_exe_unit/FPUUnit/fpu/dfma/fma/_30424_/Y (sky130_fd_sc_hd__nor4b_1)
   0.1818   19.0632 ^ core/FpPipeline/fpu_exe_unit/FPUUnit/fpu/dfma/fma/_30429_/X (sky130_fd_sc_hd__or2_2)
   0.0580   19.1212 v core/FpPipeline/fpu_exe_unit/FPUUnit/fpu/dfma/fma/_30487_/Y (sky130_fd_sc_hd__nand2_1)
   0.1769   19.2982 v core/FpPipeline/fpu_exe_unit/FPUUnit/fpu/dfma/fma/_30490_/X (sky130_fd_sc_hd__a22o_1)
   0.0035   19.3016 v core/FpPipeline/fpu_exe_unit/FPUUnit/fpu/dfma/fma/_31070_/D (sky130_fd_sc_hd__dfxtp_1)
            19.3016   data arrival time

  20.0000   20.0000   clock clock (rise edge)
   0.0000   20.0000   clock network delay (ideal)
   0.0000   20.0000   clock reconvergence pessimism
            20.0000 ^ core/FpPipeline/fpu_exe_unit/FPUUnit/fpu/dfma/fma/_31070_/CLK (sky130_fd_sc_hd__dfxtp_1)
  -0.1177   19.8823   library setup time
            19.8823   data required time
-------------------------------------------------------------
            19.8823   data required time
           -19.3016   data arrival time
-------------------------------------------------------------
             0.5807   slack (MET)


Startpoint: core/FpPipeline/fpu_exe_unit/FPUUnit/fpu/dfma/_1310_
            (rising edge-triggered flip-flop clocked by clock)
Endpoint: core/FpPipeline/fpu_exe_unit/FPUUnit/fpu/dfma/fma/_31068_
          (rising edge-triggered flip-flop clocked by clock)
Path Group: clock
Path Type: max

    Delay      Time   Description
-------------------------------------------------------------
   0.0000    0.0000   clock clock (rise edge)
   0.0000    0.0000   clock network delay (ideal)
   0.0000    0.0000 ^ core/FpPipeline/fpu_exe_unit/FPUUnit/fpu/dfma/_1310_/CLK (sky130_fd_sc_hd__dfxtp_1)
   0.2995    0.2995 v core/FpPipeline/fpu_exe_unit/FPUUnit/fpu/dfma/_1310_/Q (sky130_fd_sc_hd__dfxtp_1)
   0.1614    0.4609 v core/FpPipeline/fpu_exe_unit/FPUUnit/fpu/dfma/fma/mulAddRecFNToRaw_preMul/_1092_/Y (sky130_fd_sc_hd__xnor2_1)
   0.3226    0.7835 ^ core/FpPipeline/fpu_exe_unit/FPUUnit/fpu/dfma/fma/mulAddRecFNToRaw_preMul/_1094_/Y (sky130_fd_sc_hd__o21ai_0)
   0.1761    0.9596 v core/FpPipeline/fpu_exe_unit/FPUUnit/fpu/dfma/fma/mulAddRecFNToRaw_preMul/_1097_/Y (sky130_fd_sc_hd__a31oi_1)
   0.4045    1.3640 v core/FpPipeline/fpu_exe_unit/FPUUnit/fpu/dfma/fma/mulAddRecFNToRaw_preMul/_1098_/X (sky130_fd_sc_hd__maj3_1)
   0.3959    1.7600 v core/FpPipeline/fpu_exe_unit/FPUUnit/fpu/dfma/fma/mulAddRecFNToRaw_preMul/_1099_/X (sky130_fd_sc_hd__maj3_1)
   0.3973    2.1573 v core/FpPipeline/fpu_exe_unit/FPUUnit/fpu/dfma/fma/mulAddRecFNToRaw_preMul/_1100_/X (sky130_fd_sc_hd__maj3_1)
   0.4055    2.5628 v core/FpPipeline/fpu_exe_unit/FPUUnit/fpu/dfma/fma/mulAddRecFNToRaw_preMul/_1101_/X (sky130_fd_sc_hd__maj3_1)
   0.3551    2.9179 v core/FpPipeline/fpu_exe_unit/FPUUnit/fpu/dfma/fma/mulAddRecFNToRaw_preMul/_1121_/X (sky130_fd_sc_hd__maj3_1)
   0.2007    3.1186 v core/FpPipeline/fpu_exe_unit/FPUUnit/fpu/dfma/fma/mulAddRecFNToRaw_preMul/_1122_/X (sky130_fd_sc_hd__xor2_1)
   0.1942    3.3128 ^ core/FpPipeline/fpu_exe_unit/FPUUnit/fpu/dfma/fma/mulAddRecFNToRaw_preMul/_1152_/Y (sky130_fd_sc_hd__o221ai_1)
   0.1518    3.4647 v core/FpPipeline/fpu_exe_unit/FPUUnit/fpu/dfma/fma/mulAddRecFNToRaw_preMul/_1158_/Y (sky130_fd_sc_hd__a32oi_1)
   0.4189    3.8835 v core/FpPipeline/fpu_exe_unit/FPUUnit/fpu/dfma/fma/mulAddRecFNToRaw_preMul/_1159_/X (sky130_fd_sc_hd__maj3_1)
   0.2588    4.1424 v core/FpPipeline/fpu_exe_unit/FPUUnit/fpu/dfma/fma/mulAddRecFNToRaw_preMul/_1177_/X (sky130_fd_sc_hd__o2111a_1)
   0.1835    4.3259 v core/FpPipeline/fpu_exe_unit/FPUUnit/fpu/dfma/fma/mulAddRecFNToRaw_preMul/_1178_/X (sky130_fd_sc_hd__clkbuf_1)
   0.1411    4.4670 ^ core/FpPipeline/fpu_exe_unit/FPUUnit/fpu/dfma/fma/mulAddRecFNToRaw_preMul/_1203_/Y (sky130_fd_sc_hd__nand4_1)
   0.3339    4.8008 ^ core/FpPipeline/fpu_exe_unit/FPUUnit/fpu/dfma/fma/mulAddRecFNToRaw_preMul/_1204_/X (sky130_fd_sc_hd__lpflow_clkbufkapwr_1)
   0.3198    5.1206 ^ core/FpPipeline/fpu_exe_unit/FPUUnit/fpu/dfma/fma/mulAddRecFNToRaw_preMul/_1307_/X (sky130_fd_sc_hd__buf_2)
   0.4406    5.5612 ^ core/FpPipeline/fpu_exe_unit/FPUUnit/fpu/dfma/fma/mulAddRecFNToRaw_preMul/_1308_/X (sky130_fd_sc_hd__lpflow_clkbufkapwr_1)
   0.4049    5.9661 v core/FpPipeline/fpu_exe_unit/FPUUnit/fpu/dfma/fma/mulAddRecFNToRaw_preMul/_1618_/X (sky130_fd_sc_hd__mux2_2)
   0.1693    6.1354 ^ core/FpPipeline/fpu_exe_unit/FPUUnit/fpu/dfma/fma/mulAddRecFNToRaw_preMul/_1760_/Y (sky130_fd_sc_hd__mux2i_1)
   0.0586    6.1940 v core/FpPipeline/fpu_exe_unit/FPUUnit/fpu/dfma/fma/mulAddRecFNToRaw_preMul/_1761_/Y (sky130_fd_sc_hd__nor2_1)
   0.1499    6.3440 ^ core/FpPipeline/fpu_exe_unit/FPUUnit/fpu/dfma/fma/mulAddRecFNToRaw_preMul/_1762_/Y (sky130_fd_sc_hd__a21oi_1)
   0.1072    6.4511 v core/FpPipeline/fpu_exe_unit/FPUUnit/fpu/dfma/fma/mulAddRecFNToRaw_preMul/_1763_/Y (sky130_fd_sc_hd__mux2i_1)
   0.2246    6.6758 ^ core/FpPipeline/fpu_exe_unit/FPUUnit/fpu/dfma/fma/mulAddRecFNToRaw_preMul/_1764_/Y (sky130_fd_sc_hd__a21oi_1)
   0.0630    6.7388 v core/FpPipeline/fpu_exe_unit/FPUUnit/fpu/dfma/fma/mulAddRecFNToRaw_preMul/_1765_/Y (sky130_fd_sc_hd__nor2_1)
   0.1979    6.9367 v core/FpPipeline/fpu_exe_unit/FPUUnit/fpu/dfma/fma/mulAddRecFNToRaw_preMul/_1766_/X (sky130_fd_sc_hd__o22a_1)
   0.3822    7.3188 v core/FpPipeline/fpu_exe_unit/FPUUnit/fpu/dfma/fma/_15620_/X (sky130_fd_sc_hd__xnor3_1)
   0.3965    7.7153 v core/FpPipeline/fpu_exe_unit/FPUUnit/fpu/dfma/fma/_15633_/X (sky130_fd_sc_hd__maj3_1)
   0.3777    8.0930 v core/FpPipeline/fpu_exe_unit/FPUUnit/fpu/dfma/fma/_15654_/X (sky130_fd_sc_hd__maj3_1)
   0.3929    8.4859 v core/FpPipeline/fpu_exe_unit/FPUUnit/fpu/dfma/fma/_15683_/X (sky130_fd_sc_hd__maj3_1)
   0.3979    8.8837 v core/FpPipeline/fpu_exe_unit/FPUUnit/fpu/dfma/fma/_15706_/X (sky130_fd_sc_hd__xor3_1)
   0.1695    9.0532 ^ core/FpPipeline/fpu_exe_unit/FPUUnit/fpu/dfma/fma/_15717_/Y (sky130_fd_sc_hd__nor2_1)
   0.2705    9.3237 ^ core/FpPipeline/fpu_exe_unit/FPUUnit/fpu/dfma/fma/_15755_/X (sky130_fd_sc_hd__xor3_1)
   0.1383    9.4620 v core/FpPipeline/fpu_exe_unit/FPUUnit/fpu/dfma/fma/_15756_/Y (sky130_fd_sc_hd__nand4bb_1)
   0.3515    9.8135 v core/FpPipeline/fpu_exe_unit/FPUUnit/fpu/dfma/fma/_15806_/X (sky130_fd_sc_hd__or2_2)
   0.3724   10.1859 v core/FpPipeline/fpu_exe_unit/FPUUnit/fpu/dfma/fma/_15860_/X (sky130_fd_sc_hd__maj3_1)
   0.3772   10.5631 v core/FpPipeline/fpu_exe_unit/FPUUnit/fpu/dfma/fma/_15917_/X (sky130_fd_sc_hd__maj3_1)
   0.3659   10.9290 v core/FpPipeline/fpu_exe_unit/FPUUnit/fpu/dfma/fma/_15983_/X (sky130_fd_sc_hd__maj3_1)
   0.3689   11.2979 v core/FpPipeline/fpu_exe_unit/FPUUnit/fpu/dfma/fma/_16051_/X (sky130_fd_sc_hd__maj3_1)
   0.3764   11.6743 v core/FpPipeline/fpu_exe_unit/FPUUnit/fpu/dfma/fma/_16118_/X (sky130_fd_sc_hd__maj3_1)
   0.3716   12.0459 v core/FpPipeline/fpu_exe_unit/FPUUnit/fpu/dfma/fma/_16205_/X (sky130_fd_sc_hd__maj3_1)
   0.3696   12.4155 v core/FpPipeline/fpu_exe_unit/FPUUnit/fpu/dfma/fma/_16303_/X (sky130_fd_sc_hd__maj3_1)
   0.2276   12.6431 ^ core/FpPipeline/fpu_exe_unit/FPUUnit/fpu/dfma/fma/_16397_/Y (sky130_fd_sc_hd__o22ai_1)
   0.1101   12.7532 v core/FpPipeline/fpu_exe_unit/FPUUnit/fpu/dfma/fma/_16924_/Y (sky130_fd_sc_hd__a211oi_1)
   0.3411   13.0942 ^ core/FpPipeline/fpu_exe_unit/FPUUnit/fpu/dfma/fma/_16925_/Y (sky130_fd_sc_hd__o311ai_0)
   0.1916   13.2859 v core/FpPipeline/fpu_exe_unit/FPUUnit/fpu/dfma/fma/_17063_/Y (sky130_fd_sc_hd__nand4_1)
   0.2608   13.5467 ^ core/FpPipeline/fpu_exe_unit/FPUUnit/fpu/dfma/fma/_17356_/Y (sky130_fd_sc_hd__a211oi_1)
   0.2232   13.7699 v core/FpPipeline/fpu_exe_unit/FPUUnit/fpu/dfma/fma/_17676_/Y (sky130_fd_sc_hd__o311ai_0)
   0.3464   14.1163 ^ core/FpPipeline/fpu_exe_unit/FPUUnit/fpu/dfma/fma/_17985_/Y (sky130_fd_sc_hd__a211oi_1)
   0.1544   14.2707 v core/FpPipeline/fpu_exe_unit/FPUUnit/fpu/dfma/fma/_18286_/Y (sky130_fd_sc_hd__o211ai_1)
   0.4838   14.7545 ^ core/FpPipeline/fpu_exe_unit/FPUUnit/fpu/dfma/fma/_19008_/Y (sky130_fd_sc_hd__a2111oi_0)
   0.2138   14.9683 v core/FpPipeline/fpu_exe_unit/FPUUnit/fpu/dfma/fma/_19804_/Y (sky130_fd_sc_hd__a21oi_1)
   0.3577   15.3260 v core/FpPipeline/fpu_exe_unit/FPUUnit/fpu/dfma/fma/_21792_/X (sky130_fd_sc_hd__o31a_1)
   0.3666   15.6926 ^ core/FpPipeline/fpu_exe_unit/FPUUnit/fpu/dfma/fma/_22055_/Y (sky130_fd_sc_hd__o31ai_1)
   0.2541   15.9466 ^ core/FpPipeline/fpu_exe_unit/FPUUnit/fpu/dfma/fma/_22585_/X (sky130_fd_sc_hd__a221o_1)
   0.1319   16.0785 v core/FpPipeline/fpu_exe_unit/FPUUnit/fpu/dfma/fma/_23138_/Y (sky130_fd_sc_hd__a31oi_1)
   0.3718   16.4503 ^ core/FpPipeline/fpu_exe_unit/FPUUnit/fpu/dfma/fma/_23671_/Y (sky130_fd_sc_hd__o21ai_0)
   0.2962   16.7465 ^ core/FpPipeline/fpu_exe_unit/FPUUnit/fpu/dfma/fma/_25679_/X (sky130_fd_sc_hd__and4b_1)
   0.2439   16.9904 ^ core/FpPipeline/fpu_exe_unit/FPUUnit/fpu/dfma/fma/_26580_/X (sky130_fd_sc_hd__o2111a_1)
   0.1495   17.1399 v core/FpPipeline/fpu_exe_unit/FPUUnit/fpu/dfma/fma/_28099_/Y (sky130_fd_sc_hd__o2111ai_1)
   0.3197   17.4597 ^ core/FpPipeline/fpu_exe_unit/FPUUnit/fpu/dfma/fma/_28721_/Y (sky130_fd_sc_hd__o2111ai_1)
   0.1877   17.6474 v core/FpPipeline/fpu_exe_unit/FPUUnit/fpu/dfma/fma/_29003_/Y (sky130_fd_sc_hd__a31oi_1)
   0.2882   17.9355 ^ core/FpPipeline/fpu_exe_unit/FPUUnit/fpu/dfma/fma/_29260_/Y (sky130_fd_sc_hd__o221ai_1)
   0.1789   18.1144 v core/FpPipeline/fpu_exe_unit/FPUUnit/fpu/dfma/fma/_29513_/Y (sky130_fd_sc_hd__a22oi_1)
   0.4165   18.5309 v core/FpPipeline/fpu_exe_unit/FPUUnit/fpu/dfma/fma/_29739_/X (sky130_fd_sc_hd__o311a_1)
   0.1708   18.7017 ^ core/FpPipeline/fpu_exe_unit/FPUUnit/fpu/dfma/fma/_29945_/Y (sky130_fd_sc_hd__nor2_1)
   0.1994   18.9010 ^ core/FpPipeline/fpu_exe_unit/FPUUnit/fpu/dfma/fma/_30126_/X (sky130_fd_sc_hd__a31o_2)
   0.0688   18.9698 v core/FpPipeline/fpu_exe_unit/FPUUnit/fpu/dfma/fma/_30291_/Y (sky130_fd_sc_hd__nand3_1)
   0.1040   19.0738 ^ core/FpPipeline/fpu_exe_unit/FPUUnit/fpu/dfma/fma/_30292_/Y (sky130_fd_sc_hd__nand2_1)
   0.1211   19.1949 ^ core/FpPipeline/fpu_exe_unit/FPUUnit/fpu/dfma/fma/_30355_/Y (sky130_fd_sc_hd__xnor2_1)
   0.0787   19.2736 v core/FpPipeline/fpu_exe_unit/FPUUnit/fpu/dfma/fma/_30357_/Y (sky130_fd_sc_hd__a21oi_1)
   0.0035   19.2771 v core/FpPipeline/fpu_exe_unit/FPUUnit/fpu/dfma/fma/_31068_/D (sky130_fd_sc_hd__dfxtp_1)
            19.2771   data arrival time

  20.0000   20.0000   clock clock (rise edge)
   0.0000   20.0000   clock network delay (ideal)
   0.0000   20.0000   clock reconvergence pessimism
            20.0000 ^ core/FpPipeline/fpu_exe_unit/FPUUnit/fpu/dfma/fma/_31068_/CLK (sky130_fd_sc_hd__dfxtp_1)
  -0.1344   19.8656   library setup time
            19.8656   data required time
-------------------------------------------------------------
            19.8656   data required time
           -19.2771   data arrival time
-------------------------------------------------------------
             0.5885   slack (MET)


Startpoint: core/FpPipeline/fpu_exe_unit/FPUUnit/fpu/dfma/_1310_
            (rising edge-triggered flip-flop clocked by clock)
Endpoint: core/FpPipeline/fpu_exe_unit/FPUUnit/fpu/dfma/fma/_31067_
          (rising edge-triggered flip-flop clocked by clock)
Path Group: clock
Path Type: max

    Delay      Time   Description
-------------------------------------------------------------
   0.0000    0.0000   clock clock (rise edge)
   0.0000    0.0000   clock network delay (ideal)
   0.0000    0.0000 ^ core/FpPipeline/fpu_exe_unit/FPUUnit/fpu/dfma/_1310_/CLK (sky130_fd_sc_hd__dfxtp_1)
   0.2995    0.2995 v core/FpPipeline/fpu_exe_unit/FPUUnit/fpu/dfma/_1310_/Q (sky130_fd_sc_hd__dfxtp_1)
   0.1614    0.4609 v core/FpPipeline/fpu_exe_unit/FPUUnit/fpu/dfma/fma/mulAddRecFNToRaw_preMul/_1092_/Y (sky130_fd_sc_hd__xnor2_1)
   0.3226    0.7835 ^ core/FpPipeline/fpu_exe_unit/FPUUnit/fpu/dfma/fma/mulAddRecFNToRaw_preMul/_1094_/Y (sky130_fd_sc_hd__o21ai_0)
   0.1761    0.9596 v core/FpPipeline/fpu_exe_unit/FPUUnit/fpu/dfma/fma/mulAddRecFNToRaw_preMul/_1097_/Y (sky130_fd_sc_hd__a31oi_1)
   0.4045    1.3640 v core/FpPipeline/fpu_exe_unit/FPUUnit/fpu/dfma/fma/mulAddRecFNToRaw_preMul/_1098_/X (sky130_fd_sc_hd__maj3_1)
   0.3959    1.7600 v core/FpPipeline/fpu_exe_unit/FPUUnit/fpu/dfma/fma/mulAddRecFNToRaw_preMul/_1099_/X (sky130_fd_sc_hd__maj3_1)
   0.3973    2.1573 v core/FpPipeline/fpu_exe_unit/FPUUnit/fpu/dfma/fma/mulAddRecFNToRaw_preMul/_1100_/X (sky130_fd_sc_hd__maj3_1)
   0.4055    2.5628 v core/FpPipeline/fpu_exe_unit/FPUUnit/fpu/dfma/fma/mulAddRecFNToRaw_preMul/_1101_/X (sky130_fd_sc_hd__maj3_1)
   0.3551    2.9179 v core/FpPipeline/fpu_exe_unit/FPUUnit/fpu/dfma/fma/mulAddRecFNToRaw_preMul/_1121_/X (sky130_fd_sc_hd__maj3_1)
   0.2007    3.1186 v core/FpPipeline/fpu_exe_unit/FPUUnit/fpu/dfma/fma/mulAddRecFNToRaw_preMul/_1122_/X (sky130_fd_sc_hd__xor2_1)
   0.1942    3.3128 ^ core/FpPipeline/fpu_exe_unit/FPUUnit/fpu/dfma/fma/mulAddRecFNToRaw_preMul/_1152_/Y (sky130_fd_sc_hd__o221ai_1)
   0.1518    3.4647 v core/FpPipeline/fpu_exe_unit/FPUUnit/fpu/dfma/fma/mulAddRecFNToRaw_preMul/_1158_/Y (sky130_fd_sc_hd__a32oi_1)
   0.4189    3.8835 v core/FpPipeline/fpu_exe_unit/FPUUnit/fpu/dfma/fma/mulAddRecFNToRaw_preMul/_1159_/X (sky130_fd_sc_hd__maj3_1)
   0.2588    4.1424 v core/FpPipeline/fpu_exe_unit/FPUUnit/fpu/dfma/fma/mulAddRecFNToRaw_preMul/_1177_/X (sky130_fd_sc_hd__o2111a_1)
   0.1835    4.3259 v core/FpPipeline/fpu_exe_unit/FPUUnit/fpu/dfma/fma/mulAddRecFNToRaw_preMul/_1178_/X (sky130_fd_sc_hd__clkbuf_1)
   0.1411    4.4670 ^ core/FpPipeline/fpu_exe_unit/FPUUnit/fpu/dfma/fma/mulAddRecFNToRaw_preMul/_1203_/Y (sky130_fd_sc_hd__nand4_1)
   0.3339    4.8008 ^ core/FpPipeline/fpu_exe_unit/FPUUnit/fpu/dfma/fma/mulAddRecFNToRaw_preMul/_1204_/X (sky130_fd_sc_hd__lpflow_clkbufkapwr_1)
   0.3198    5.1206 ^ core/FpPipeline/fpu_exe_unit/FPUUnit/fpu/dfma/fma/mulAddRecFNToRaw_preMul/_1307_/X (sky130_fd_sc_hd__buf_2)
   0.4406    5.5612 ^ core/FpPipeline/fpu_exe_unit/FPUUnit/fpu/dfma/fma/mulAddRecFNToRaw_preMul/_1308_/X (sky130_fd_sc_hd__lpflow_clkbufkapwr_1)
   0.4049    5.9661 v core/FpPipeline/fpu_exe_unit/FPUUnit/fpu/dfma/fma/mulAddRecFNToRaw_preMul/_1618_/X (sky130_fd_sc_hd__mux2_2)
   0.1693    6.1354 ^ core/FpPipeline/fpu_exe_unit/FPUUnit/fpu/dfma/fma/mulAddRecFNToRaw_preMul/_1760_/Y (sky130_fd_sc_hd__mux2i_1)
   0.0586    6.1940 v core/FpPipeline/fpu_exe_unit/FPUUnit/fpu/dfma/fma/mulAddRecFNToRaw_preMul/_1761_/Y (sky130_fd_sc_hd__nor2_1)
   0.1499    6.3440 ^ core/FpPipeline/fpu_exe_unit/FPUUnit/fpu/dfma/fma/mulAddRecFNToRaw_preMul/_1762_/Y (sky130_fd_sc_hd__a21oi_1)
   0.1072    6.4511 v core/FpPipeline/fpu_exe_unit/FPUUnit/fpu/dfma/fma/mulAddRecFNToRaw_preMul/_1763_/Y (sky130_fd_sc_hd__mux2i_1)
   0.2246    6.6758 ^ core/FpPipeline/fpu_exe_unit/FPUUnit/fpu/dfma/fma/mulAddRecFNToRaw_preMul/_1764_/Y (sky130_fd_sc_hd__a21oi_1)
   0.0630    6.7388 v core/FpPipeline/fpu_exe_unit/FPUUnit/fpu/dfma/fma/mulAddRecFNToRaw_preMul/_1765_/Y (sky130_fd_sc_hd__nor2_1)
   0.1979    6.9367 v core/FpPipeline/fpu_exe_unit/FPUUnit/fpu/dfma/fma/mulAddRecFNToRaw_preMul/_1766_/X (sky130_fd_sc_hd__o22a_1)
   0.3822    7.3188 v core/FpPipeline/fpu_exe_unit/FPUUnit/fpu/dfma/fma/_15620_/X (sky130_fd_sc_hd__xnor3_1)
   0.3965    7.7153 v core/FpPipeline/fpu_exe_unit/FPUUnit/fpu/dfma/fma/_15633_/X (sky130_fd_sc_hd__maj3_1)
   0.3777    8.0930 v core/FpPipeline/fpu_exe_unit/FPUUnit/fpu/dfma/fma/_15654_/X (sky130_fd_sc_hd__maj3_1)
   0.3929    8.4859 v core/FpPipeline/fpu_exe_unit/FPUUnit/fpu/dfma/fma/_15683_/X (sky130_fd_sc_hd__maj3_1)
   0.3979    8.8837 v core/FpPipeline/fpu_exe_unit/FPUUnit/fpu/dfma/fma/_15706_/X (sky130_fd_sc_hd__xor3_1)
   0.1695    9.0532 ^ core/FpPipeline/fpu_exe_unit/FPUUnit/fpu/dfma/fma/_15717_/Y (sky130_fd_sc_hd__nor2_1)
   0.2705    9.3237 ^ core/FpPipeline/fpu_exe_unit/FPUUnit/fpu/dfma/fma/_15755_/X (sky130_fd_sc_hd__xor3_1)
   0.1383    9.4620 v core/FpPipeline/fpu_exe_unit/FPUUnit/fpu/dfma/fma/_15756_/Y (sky130_fd_sc_hd__nand4bb_1)
   0.3515    9.8135 v core/FpPipeline/fpu_exe_unit/FPUUnit/fpu/dfma/fma/_15806_/X (sky130_fd_sc_hd__or2_2)
   0.3724   10.1859 v core/FpPipeline/fpu_exe_unit/FPUUnit/fpu/dfma/fma/_15860_/X (sky130_fd_sc_hd__maj3_1)
   0.3772   10.5631 v core/FpPipeline/fpu_exe_unit/FPUUnit/fpu/dfma/fma/_15917_/X (sky130_fd_sc_hd__maj3_1)
   0.3659   10.9290 v core/FpPipeline/fpu_exe_unit/FPUUnit/fpu/dfma/fma/_15983_/X (sky130_fd_sc_hd__maj3_1)
   0.3689   11.2979 v core/FpPipeline/fpu_exe_unit/FPUUnit/fpu/dfma/fma/_16051_/X (sky130_fd_sc_hd__maj3_1)
   0.3764   11.6743 v core/FpPipeline/fpu_exe_unit/FPUUnit/fpu/dfma/fma/_16118_/X (sky130_fd_sc_hd__maj3_1)
   0.3716   12.0459 v core/FpPipeline/fpu_exe_unit/FPUUnit/fpu/dfma/fma/_16205_/X (sky130_fd_sc_hd__maj3_1)
   0.3696   12.4155 v core/FpPipeline/fpu_exe_unit/FPUUnit/fpu/dfma/fma/_16303_/X (sky130_fd_sc_hd__maj3_1)
   0.2276   12.6431 ^ core/FpPipeline/fpu_exe_unit/FPUUnit/fpu/dfma/fma/_16397_/Y (sky130_fd_sc_hd__o22ai_1)
   0.1101   12.7532 v core/FpPipeline/fpu_exe_unit/FPUUnit/fpu/dfma/fma/_16924_/Y (sky130_fd_sc_hd__a211oi_1)
   0.3411   13.0942 ^ core/FpPipeline/fpu_exe_unit/FPUUnit/fpu/dfma/fma/_16925_/Y (sky130_fd_sc_hd__o311ai_0)
   0.1916   13.2859 v core/FpPipeline/fpu_exe_unit/FPUUnit/fpu/dfma/fma/_17063_/Y (sky130_fd_sc_hd__nand4_1)
   0.2608   13.5467 ^ core/FpPipeline/fpu_exe_unit/FPUUnit/fpu/dfma/fma/_17356_/Y (sky130_fd_sc_hd__a211oi_1)
   0.2232   13.7699 v core/FpPipeline/fpu_exe_unit/FPUUnit/fpu/dfma/fma/_17676_/Y (sky130_fd_sc_hd__o311ai_0)
   0.3464   14.1163 ^ core/FpPipeline/fpu_exe_unit/FPUUnit/fpu/dfma/fma/_17985_/Y (sky130_fd_sc_hd__a211oi_1)
   0.1544   14.2707 v core/FpPipeline/fpu_exe_unit/FPUUnit/fpu/dfma/fma/_18286_/Y (sky130_fd_sc_hd__o211ai_1)
   0.4838   14.7545 ^ core/FpPipeline/fpu_exe_unit/FPUUnit/fpu/dfma/fma/_19008_/Y (sky130_fd_sc_hd__a2111oi_0)
   0.2138   14.9683 v core/FpPipeline/fpu_exe_unit/FPUUnit/fpu/dfma/fma/_19804_/Y (sky130_fd_sc_hd__a21oi_1)
   0.3577   15.3260 v core/FpPipeline/fpu_exe_unit/FPUUnit/fpu/dfma/fma/_21792_/X (sky130_fd_sc_hd__o31a_1)
   0.3666   15.6926 ^ core/FpPipeline/fpu_exe_unit/FPUUnit/fpu/dfma/fma/_22055_/Y (sky130_fd_sc_hd__o31ai_1)
   0.2541   15.9466 ^ core/FpPipeline/fpu_exe_unit/FPUUnit/fpu/dfma/fma/_22585_/X (sky130_fd_sc_hd__a221o_1)
   0.1319   16.0785 v core/FpPipeline/fpu_exe_unit/FPUUnit/fpu/dfma/fma/_23138_/Y (sky130_fd_sc_hd__a31oi_1)
   0.3718   16.4503 ^ core/FpPipeline/fpu_exe_unit/FPUUnit/fpu/dfma/fma/_23671_/Y (sky130_fd_sc_hd__o21ai_0)
   0.2962   16.7465 ^ core/FpPipeline/fpu_exe_unit/FPUUnit/fpu/dfma/fma/_25679_/X (sky130_fd_sc_hd__and4b_1)
   0.2439   16.9904 ^ core/FpPipeline/fpu_exe_unit/FPUUnit/fpu/dfma/fma/_26580_/X (sky130_fd_sc_hd__o2111a_1)
   0.1495   17.1399 v core/FpPipeline/fpu_exe_unit/FPUUnit/fpu/dfma/fma/_28099_/Y (sky130_fd_sc_hd__o2111ai_1)
   0.3197   17.4597 ^ core/FpPipeline/fpu_exe_unit/FPUUnit/fpu/dfma/fma/_28721_/Y (sky130_fd_sc_hd__o2111ai_1)
   0.1877   17.6474 v core/FpPipeline/fpu_exe_unit/FPUUnit/fpu/dfma/fma/_29003_/Y (sky130_fd_sc_hd__a31oi_1)
   0.2882   17.9355 ^ core/FpPipeline/fpu_exe_unit/FPUUnit/fpu/dfma/fma/_29260_/Y (sky130_fd_sc_hd__o221ai_1)
   0.1789   18.1144 v core/FpPipeline/fpu_exe_unit/FPUUnit/fpu/dfma/fma/_29513_/Y (sky130_fd_sc_hd__a22oi_1)
   0.4165   18.5309 v core/FpPipeline/fpu_exe_unit/FPUUnit/fpu/dfma/fma/_29739_/X (sky130_fd_sc_hd__o311a_1)
   0.1708   18.7017 ^ core/FpPipeline/fpu_exe_unit/FPUUnit/fpu/dfma/fma/_29945_/Y (sky130_fd_sc_hd__nor2_1)
   0.1994   18.9010 ^ core/FpPipeline/fpu_exe_unit/FPUUnit/fpu/dfma/fma/_30126_/X (sky130_fd_sc_hd__a31o_2)
   0.0757   18.9767 v core/FpPipeline/fpu_exe_unit/FPUUnit/fpu/dfma/fma/_30211_/Y (sky130_fd_sc_hd__a21oi_1)
   0.1708   19.1475 v core/FpPipeline/fpu_exe_unit/FPUUnit/fpu/dfma/fma/_30287_/X (sky130_fd_sc_hd__xor2_1)
   0.1359   19.2834 ^ core/FpPipeline/fpu_exe_unit/FPUUnit/fpu/dfma/fma/_30289_/Y (sky130_fd_sc_hd__a21oi_1)
   0.0035   19.2869 ^ core/FpPipeline/fpu_exe_unit/FPUUnit/fpu/dfma/fma/_31067_/D (sky130_fd_sc_hd__dfxtp_1)
            19.2869   data arrival time

  20.0000   20.0000   clock clock (rise edge)
   0.0000   20.0000   clock network delay (ideal)
   0.0000   20.0000   clock reconvergence pessimism
            20.0000 ^ core/FpPipeline/fpu_exe_unit/FPUUnit/fpu/dfma/fma/_31067_/CLK (sky130_fd_sc_hd__dfxtp_1)
  -0.0711   19.9289   library setup time
            19.9289   data required time
-------------------------------------------------------------
            19.9289   data required time
           -19.2869   data arrival time
-------------------------------------------------------------
             0.6420   slack (MET)


Startpoint: core/FpPipeline/fpu_exe_unit/FPUUnit/fpu/dfma/_1310_
            (rising edge-triggered flip-flop clocked by clock)
Endpoint: core/FpPipeline/fpu_exe_unit/FPUUnit/fpu/dfma/fma/_31065_
          (rising edge-triggered flip-flop clocked by clock)
Path Group: clock
Path Type: max

    Delay      Time   Description
-------------------------------------------------------------
   0.0000    0.0000   clock clock (rise edge)
   0.0000    0.0000   clock network delay (ideal)
   0.0000    0.0000 ^ core/FpPipeline/fpu_exe_unit/FPUUnit/fpu/dfma/_1310_/CLK (sky130_fd_sc_hd__dfxtp_1)
   0.2995    0.2995 v core/FpPipeline/fpu_exe_unit/FPUUnit/fpu/dfma/_1310_/Q (sky130_fd_sc_hd__dfxtp_1)
   0.1614    0.4609 v core/FpPipeline/fpu_exe_unit/FPUUnit/fpu/dfma/fma/mulAddRecFNToRaw_preMul/_1092_/Y (sky130_fd_sc_hd__xnor2_1)
   0.3226    0.7835 ^ core/FpPipeline/fpu_exe_unit/FPUUnit/fpu/dfma/fma/mulAddRecFNToRaw_preMul/_1094_/Y (sky130_fd_sc_hd__o21ai_0)
   0.1761    0.9596 v core/FpPipeline/fpu_exe_unit/FPUUnit/fpu/dfma/fma/mulAddRecFNToRaw_preMul/_1097_/Y (sky130_fd_sc_hd__a31oi_1)
   0.4045    1.3640 v core/FpPipeline/fpu_exe_unit/FPUUnit/fpu/dfma/fma/mulAddRecFNToRaw_preMul/_1098_/X (sky130_fd_sc_hd__maj3_1)
   0.3959    1.7600 v core/FpPipeline/fpu_exe_unit/FPUUnit/fpu/dfma/fma/mulAddRecFNToRaw_preMul/_1099_/X (sky130_fd_sc_hd__maj3_1)
   0.3973    2.1573 v core/FpPipeline/fpu_exe_unit/FPUUnit/fpu/dfma/fma/mulAddRecFNToRaw_preMul/_1100_/X (sky130_fd_sc_hd__maj3_1)
   0.4055    2.5628 v core/FpPipeline/fpu_exe_unit/FPUUnit/fpu/dfma/fma/mulAddRecFNToRaw_preMul/_1101_/X (sky130_fd_sc_hd__maj3_1)
   0.3551    2.9179 v core/FpPipeline/fpu_exe_unit/FPUUnit/fpu/dfma/fma/mulAddRecFNToRaw_preMul/_1121_/X (sky130_fd_sc_hd__maj3_1)
   0.2007    3.1186 v core/FpPipeline/fpu_exe_unit/FPUUnit/fpu/dfma/fma/mulAddRecFNToRaw_preMul/_1122_/X (sky130_fd_sc_hd__xor2_1)
   0.1942    3.3128 ^ core/FpPipeline/fpu_exe_unit/FPUUnit/fpu/dfma/fma/mulAddRecFNToRaw_preMul/_1152_/Y (sky130_fd_sc_hd__o221ai_1)
   0.1518    3.4647 v core/FpPipeline/fpu_exe_unit/FPUUnit/fpu/dfma/fma/mulAddRecFNToRaw_preMul/_1158_/Y (sky130_fd_sc_hd__a32oi_1)
   0.4189    3.8835 v core/FpPipeline/fpu_exe_unit/FPUUnit/fpu/dfma/fma/mulAddRecFNToRaw_preMul/_1159_/X (sky130_fd_sc_hd__maj3_1)
   0.2588    4.1424 v core/FpPipeline/fpu_exe_unit/FPUUnit/fpu/dfma/fma/mulAddRecFNToRaw_preMul/_1177_/X (sky130_fd_sc_hd__o2111a_1)
   0.1835    4.3259 v core/FpPipeline/fpu_exe_unit/FPUUnit/fpu/dfma/fma/mulAddRecFNToRaw_preMul/_1178_/X (sky130_fd_sc_hd__clkbuf_1)
   0.1411    4.4670 ^ core/FpPipeline/fpu_exe_unit/FPUUnit/fpu/dfma/fma/mulAddRecFNToRaw_preMul/_1203_/Y (sky130_fd_sc_hd__nand4_1)
   0.3339    4.8008 ^ core/FpPipeline/fpu_exe_unit/FPUUnit/fpu/dfma/fma/mulAddRecFNToRaw_preMul/_1204_/X (sky130_fd_sc_hd__lpflow_clkbufkapwr_1)
   0.3198    5.1206 ^ core/FpPipeline/fpu_exe_unit/FPUUnit/fpu/dfma/fma/mulAddRecFNToRaw_preMul/_1307_/X (sky130_fd_sc_hd__buf_2)
   0.4406    5.5612 ^ core/FpPipeline/fpu_exe_unit/FPUUnit/fpu/dfma/fma/mulAddRecFNToRaw_preMul/_1308_/X (sky130_fd_sc_hd__lpflow_clkbufkapwr_1)
   0.4049    5.9661 v core/FpPipeline/fpu_exe_unit/FPUUnit/fpu/dfma/fma/mulAddRecFNToRaw_preMul/_1618_/X (sky130_fd_sc_hd__mux2_2)
   0.1693    6.1354 ^ core/FpPipeline/fpu_exe_unit/FPUUnit/fpu/dfma/fma/mulAddRecFNToRaw_preMul/_1760_/Y (sky130_fd_sc_hd__mux2i_1)
   0.0586    6.1940 v core/FpPipeline/fpu_exe_unit/FPUUnit/fpu/dfma/fma/mulAddRecFNToRaw_preMul/_1761_/Y (sky130_fd_sc_hd__nor2_1)
   0.1499    6.3440 ^ core/FpPipeline/fpu_exe_unit/FPUUnit/fpu/dfma/fma/mulAddRecFNToRaw_preMul/_1762_/Y (sky130_fd_sc_hd__a21oi_1)
   0.1072    6.4511 v core/FpPipeline/fpu_exe_unit/FPUUnit/fpu/dfma/fma/mulAddRecFNToRaw_preMul/_1763_/Y (sky130_fd_sc_hd__mux2i_1)
   0.2246    6.6758 ^ core/FpPipeline/fpu_exe_unit/FPUUnit/fpu/dfma/fma/mulAddRecFNToRaw_preMul/_1764_/Y (sky130_fd_sc_hd__a21oi_1)
   0.0630    6.7388 v core/FpPipeline/fpu_exe_unit/FPUUnit/fpu/dfma/fma/mulAddRecFNToRaw_preMul/_1765_/Y (sky130_fd_sc_hd__nor2_1)
   0.1979    6.9367 v core/FpPipeline/fpu_exe_unit/FPUUnit/fpu/dfma/fma/mulAddRecFNToRaw_preMul/_1766_/X (sky130_fd_sc_hd__o22a_1)
   0.3822    7.3188 v core/FpPipeline/fpu_exe_unit/FPUUnit/fpu/dfma/fma/_15620_/X (sky130_fd_sc_hd__xnor3_1)
   0.3965    7.7153 v core/FpPipeline/fpu_exe_unit/FPUUnit/fpu/dfma/fma/_15633_/X (sky130_fd_sc_hd__maj3_1)
   0.3777    8.0930 v core/FpPipeline/fpu_exe_unit/FPUUnit/fpu/dfma/fma/_15654_/X (sky130_fd_sc_hd__maj3_1)
   0.3929    8.4859 v core/FpPipeline/fpu_exe_unit/FPUUnit/fpu/dfma/fma/_15683_/X (sky130_fd_sc_hd__maj3_1)
   0.3979    8.8837 v core/FpPipeline/fpu_exe_unit/FPUUnit/fpu/dfma/fma/_15706_/X (sky130_fd_sc_hd__xor3_1)
   0.1695    9.0532 ^ core/FpPipeline/fpu_exe_unit/FPUUnit/fpu/dfma/fma/_15717_/Y (sky130_fd_sc_hd__nor2_1)
   0.2705    9.3237 ^ core/FpPipeline/fpu_exe_unit/FPUUnit/fpu/dfma/fma/_15755_/X (sky130_fd_sc_hd__xor3_1)
   0.1383    9.4620 v core/FpPipeline/fpu_exe_unit/FPUUnit/fpu/dfma/fma/_15756_/Y (sky130_fd_sc_hd__nand4bb_1)
   0.3515    9.8135 v core/FpPipeline/fpu_exe_unit/FPUUnit/fpu/dfma/fma/_15806_/X (sky130_fd_sc_hd__or2_2)
   0.3724   10.1859 v core/FpPipeline/fpu_exe_unit/FPUUnit/fpu/dfma/fma/_15860_/X (sky130_fd_sc_hd__maj3_1)
   0.3772   10.5631 v core/FpPipeline/fpu_exe_unit/FPUUnit/fpu/dfma/fma/_15917_/X (sky130_fd_sc_hd__maj3_1)
   0.3659   10.9290 v core/FpPipeline/fpu_exe_unit/FPUUnit/fpu/dfma/fma/_15983_/X (sky130_fd_sc_hd__maj3_1)
   0.3689   11.2979 v core/FpPipeline/fpu_exe_unit/FPUUnit/fpu/dfma/fma/_16051_/X (sky130_fd_sc_hd__maj3_1)
   0.3764   11.6743 v core/FpPipeline/fpu_exe_unit/FPUUnit/fpu/dfma/fma/_16118_/X (sky130_fd_sc_hd__maj3_1)
   0.3716   12.0459 v core/FpPipeline/fpu_exe_unit/FPUUnit/fpu/dfma/fma/_16205_/X (sky130_fd_sc_hd__maj3_1)
   0.3696   12.4155 v core/FpPipeline/fpu_exe_unit/FPUUnit/fpu/dfma/fma/_16303_/X (sky130_fd_sc_hd__maj3_1)
   0.2276   12.6431 ^ core/FpPipeline/fpu_exe_unit/FPUUnit/fpu/dfma/fma/_16397_/Y (sky130_fd_sc_hd__o22ai_1)
   0.1101   12.7532 v core/FpPipeline/fpu_exe_unit/FPUUnit/fpu/dfma/fma/_16924_/Y (sky130_fd_sc_hd__a211oi_1)
   0.3411   13.0942 ^ core/FpPipeline/fpu_exe_unit/FPUUnit/fpu/dfma/fma/_16925_/Y (sky130_fd_sc_hd__o311ai_0)
   0.1916   13.2859 v core/FpPipeline/fpu_exe_unit/FPUUnit/fpu/dfma/fma/_17063_/Y (sky130_fd_sc_hd__nand4_1)
   0.2608   13.5467 ^ core/FpPipeline/fpu_exe_unit/FPUUnit/fpu/dfma/fma/_17356_/Y (sky130_fd_sc_hd__a211oi_1)
   0.2232   13.7699 v core/FpPipeline/fpu_exe_unit/FPUUnit/fpu/dfma/fma/_17676_/Y (sky130_fd_sc_hd__o311ai_0)
   0.3464   14.1163 ^ core/FpPipeline/fpu_exe_unit/FPUUnit/fpu/dfma/fma/_17985_/Y (sky130_fd_sc_hd__a211oi_1)
   0.1544   14.2707 v core/FpPipeline/fpu_exe_unit/FPUUnit/fpu/dfma/fma/_18286_/Y (sky130_fd_sc_hd__o211ai_1)
   0.4838   14.7545 ^ core/FpPipeline/fpu_exe_unit/FPUUnit/fpu/dfma/fma/_19008_/Y (sky130_fd_sc_hd__a2111oi_0)
   0.2138   14.9683 v core/FpPipeline/fpu_exe_unit/FPUUnit/fpu/dfma/fma/_19804_/Y (sky130_fd_sc_hd__a21oi_1)
   0.3577   15.3260 v core/FpPipeline/fpu_exe_unit/FPUUnit/fpu/dfma/fma/_21792_/X (sky130_fd_sc_hd__o31a_1)
   0.3666   15.6926 ^ core/FpPipeline/fpu_exe_unit/FPUUnit/fpu/dfma/fma/_22055_/Y (sky130_fd_sc_hd__o31ai_1)
   0.2541   15.9466 ^ core/FpPipeline/fpu_exe_unit/FPUUnit/fpu/dfma/fma/_22585_/X (sky130_fd_sc_hd__a221o_1)
   0.1319   16.0785 v core/FpPipeline/fpu_exe_unit/FPUUnit/fpu/dfma/fma/_23138_/Y (sky130_fd_sc_hd__a31oi_1)
   0.3718   16.4503 ^ core/FpPipeline/fpu_exe_unit/FPUUnit/fpu/dfma/fma/_23671_/Y (sky130_fd_sc_hd__o21ai_0)
   0.2962   16.7465 ^ core/FpPipeline/fpu_exe_unit/FPUUnit/fpu/dfma/fma/_25679_/X (sky130_fd_sc_hd__and4b_1)
   0.2439   16.9904 ^ core/FpPipeline/fpu_exe_unit/FPUUnit/fpu/dfma/fma/_26580_/X (sky130_fd_sc_hd__o2111a_1)
   0.1495   17.1399 v core/FpPipeline/fpu_exe_unit/FPUUnit/fpu/dfma/fma/_28099_/Y (sky130_fd_sc_hd__o2111ai_1)
   0.3197   17.4597 ^ core/FpPipeline/fpu_exe_unit/FPUUnit/fpu/dfma/fma/_28721_/Y (sky130_fd_sc_hd__o2111ai_1)
   0.1877   17.6474 v core/FpPipeline/fpu_exe_unit/FPUUnit/fpu/dfma/fma/_29003_/Y (sky130_fd_sc_hd__a31oi_1)
   0.2882   17.9355 ^ core/FpPipeline/fpu_exe_unit/FPUUnit/fpu/dfma/fma/_29260_/Y (sky130_fd_sc_hd__o221ai_1)
   0.1789   18.1144 v core/FpPipeline/fpu_exe_unit/FPUUnit/fpu/dfma/fma/_29513_/Y (sky130_fd_sc_hd__a22oi_1)
   0.4165   18.5309 v core/FpPipeline/fpu_exe_unit/FPUUnit/fpu/dfma/fma/_29739_/X (sky130_fd_sc_hd__o311a_1)
   0.1708   18.7017 ^ core/FpPipeline/fpu_exe_unit/FPUUnit/fpu/dfma/fma/_29945_/Y (sky130_fd_sc_hd__nor2_1)
   0.1327   18.8344 v core/FpPipeline/fpu_exe_unit/FPUUnit/fpu/dfma/fma/_30029_/Y (sky130_fd_sc_hd__o21ai_0)
   0.1108   18.9452 ^ core/FpPipeline/fpu_exe_unit/FPUUnit/fpu/dfma/fma/_30033_/Y (sky130_fd_sc_hd__nand2b_1)
   0.1219   19.0671 ^ core/FpPipeline/fpu_exe_unit/FPUUnit/fpu/dfma/fma/_30120_/Y (sky130_fd_sc_hd__xnor2_1)
   0.0787   19.1458 v core/FpPipeline/fpu_exe_unit/FPUUnit/fpu/dfma/fma/_30122_/Y (sky130_fd_sc_hd__a21oi_1)
   0.0035   19.1493 v core/FpPipeline/fpu_exe_unit/FPUUnit/fpu/dfma/fma/_31065_/D (sky130_fd_sc_hd__dfxtp_1)
            19.1493   data arrival time

  20.0000   20.0000   clock clock (rise edge)
   0.0000   20.0000   clock network delay (ideal)
   0.0000   20.0000   clock reconvergence pessimism
            20.0000 ^ core/FpPipeline/fpu_exe_unit/FPUUnit/fpu/dfma/fma/_31065_/CLK (sky130_fd_sc_hd__dfxtp_1)
  -0.1344   19.8656   library setup time
            19.8656   data required time
-------------------------------------------------------------
            19.8656   data required time
           -19.1493   data arrival time
-------------------------------------------------------------
             0.7164   slack (MET)


Startpoint: core/FpPipeline/fpu_exe_unit/FPUUnit/fpu/dfma/_1310_
            (rising edge-triggered flip-flop clocked by clock)
Endpoint: core/FpPipeline/fpu_exe_unit/FPUUnit/fpu/dfma/fma/_31066_
          (rising edge-triggered flip-flop clocked by clock)
Path Group: clock
Path Type: max

    Delay      Time   Description
-------------------------------------------------------------
   0.0000    0.0000   clock clock (rise edge)
   0.0000    0.0000   clock network delay (ideal)
   0.0000    0.0000 ^ core/FpPipeline/fpu_exe_unit/FPUUnit/fpu/dfma/_1310_/CLK (sky130_fd_sc_hd__dfxtp_1)
   0.2995    0.2995 v core/FpPipeline/fpu_exe_unit/FPUUnit/fpu/dfma/_1310_/Q (sky130_fd_sc_hd__dfxtp_1)
   0.1614    0.4609 v core/FpPipeline/fpu_exe_unit/FPUUnit/fpu/dfma/fma/mulAddRecFNToRaw_preMul/_1092_/Y (sky130_fd_sc_hd__xnor2_1)
   0.3226    0.7835 ^ core/FpPipeline/fpu_exe_unit/FPUUnit/fpu/dfma/fma/mulAddRecFNToRaw_preMul/_1094_/Y (sky130_fd_sc_hd__o21ai_0)
   0.1761    0.9596 v core/FpPipeline/fpu_exe_unit/FPUUnit/fpu/dfma/fma/mulAddRecFNToRaw_preMul/_1097_/Y (sky130_fd_sc_hd__a31oi_1)
   0.4045    1.3640 v core/FpPipeline/fpu_exe_unit/FPUUnit/fpu/dfma/fma/mulAddRecFNToRaw_preMul/_1098_/X (sky130_fd_sc_hd__maj3_1)
   0.3959    1.7600 v core/FpPipeline/fpu_exe_unit/FPUUnit/fpu/dfma/fma/mulAddRecFNToRaw_preMul/_1099_/X (sky130_fd_sc_hd__maj3_1)
   0.3973    2.1573 v core/FpPipeline/fpu_exe_unit/FPUUnit/fpu/dfma/fma/mulAddRecFNToRaw_preMul/_1100_/X (sky130_fd_sc_hd__maj3_1)
   0.4055    2.5628 v core/FpPipeline/fpu_exe_unit/FPUUnit/fpu/dfma/fma/mulAddRecFNToRaw_preMul/_1101_/X (sky130_fd_sc_hd__maj3_1)
   0.3551    2.9179 v core/FpPipeline/fpu_exe_unit/FPUUnit/fpu/dfma/fma/mulAddRecFNToRaw_preMul/_1121_/X (sky130_fd_sc_hd__maj3_1)
   0.2007    3.1186 v core/FpPipeline/fpu_exe_unit/FPUUnit/fpu/dfma/fma/mulAddRecFNToRaw_preMul/_1122_/X (sky130_fd_sc_hd__xor2_1)
   0.1942    3.3128 ^ core/FpPipeline/fpu_exe_unit/FPUUnit/fpu/dfma/fma/mulAddRecFNToRaw_preMul/_1152_/Y (sky130_fd_sc_hd__o221ai_1)
   0.1518    3.4647 v core/FpPipeline/fpu_exe_unit/FPUUnit/fpu/dfma/fma/mulAddRecFNToRaw_preMul/_1158_/Y (sky130_fd_sc_hd__a32oi_1)
   0.4189    3.8835 v core/FpPipeline/fpu_exe_unit/FPUUnit/fpu/dfma/fma/mulAddRecFNToRaw_preMul/_1159_/X (sky130_fd_sc_hd__maj3_1)
   0.2588    4.1424 v core/FpPipeline/fpu_exe_unit/FPUUnit/fpu/dfma/fma/mulAddRecFNToRaw_preMul/_1177_/X (sky130_fd_sc_hd__o2111a_1)
   0.1835    4.3259 v core/FpPipeline/fpu_exe_unit/FPUUnit/fpu/dfma/fma/mulAddRecFNToRaw_preMul/_1178_/X (sky130_fd_sc_hd__clkbuf_1)
   0.1411    4.4670 ^ core/FpPipeline/fpu_exe_unit/FPUUnit/fpu/dfma/fma/mulAddRecFNToRaw_preMul/_1203_/Y (sky130_fd_sc_hd__nand4_1)
   0.3339    4.8008 ^ core/FpPipeline/fpu_exe_unit/FPUUnit/fpu/dfma/fma/mulAddRecFNToRaw_preMul/_1204_/X (sky130_fd_sc_hd__lpflow_clkbufkapwr_1)
   0.3198    5.1206 ^ core/FpPipeline/fpu_exe_unit/FPUUnit/fpu/dfma/fma/mulAddRecFNToRaw_preMul/_1307_/X (sky130_fd_sc_hd__buf_2)
   0.4406    5.5612 ^ core/FpPipeline/fpu_exe_unit/FPUUnit/fpu/dfma/fma/mulAddRecFNToRaw_preMul/_1308_/X (sky130_fd_sc_hd__lpflow_clkbufkapwr_1)
   0.4049    5.9661 v core/FpPipeline/fpu_exe_unit/FPUUnit/fpu/dfma/fma/mulAddRecFNToRaw_preMul/_1618_/X (sky130_fd_sc_hd__mux2_2)
   0.1693    6.1354 ^ core/FpPipeline/fpu_exe_unit/FPUUnit/fpu/dfma/fma/mulAddRecFNToRaw_preMul/_1760_/Y (sky130_fd_sc_hd__mux2i_1)
   0.0586    6.1940 v core/FpPipeline/fpu_exe_unit/FPUUnit/fpu/dfma/fma/mulAddRecFNToRaw_preMul/_1761_/Y (sky130_fd_sc_hd__nor2_1)
   0.1499    6.3440 ^ core/FpPipeline/fpu_exe_unit/FPUUnit/fpu/dfma/fma/mulAddRecFNToRaw_preMul/_1762_/Y (sky130_fd_sc_hd__a21oi_1)
   0.1072    6.4511 v core/FpPipeline/fpu_exe_unit/FPUUnit/fpu/dfma/fma/mulAddRecFNToRaw_preMul/_1763_/Y (sky130_fd_sc_hd__mux2i_1)
   0.2246    6.6758 ^ core/FpPipeline/fpu_exe_unit/FPUUnit/fpu/dfma/fma/mulAddRecFNToRaw_preMul/_1764_/Y (sky130_fd_sc_hd__a21oi_1)
   0.0630    6.7388 v core/FpPipeline/fpu_exe_unit/FPUUnit/fpu/dfma/fma/mulAddRecFNToRaw_preMul/_1765_/Y (sky130_fd_sc_hd__nor2_1)
   0.1979    6.9367 v core/FpPipeline/fpu_exe_unit/FPUUnit/fpu/dfma/fma/mulAddRecFNToRaw_preMul/_1766_/X (sky130_fd_sc_hd__o22a_1)
   0.3822    7.3188 v core/FpPipeline/fpu_exe_unit/FPUUnit/fpu/dfma/fma/_15620_/X (sky130_fd_sc_hd__xnor3_1)
   0.3965    7.7153 v core/FpPipeline/fpu_exe_unit/FPUUnit/fpu/dfma/fma/_15633_/X (sky130_fd_sc_hd__maj3_1)
   0.3777    8.0930 v core/FpPipeline/fpu_exe_unit/FPUUnit/fpu/dfma/fma/_15654_/X (sky130_fd_sc_hd__maj3_1)
   0.3929    8.4859 v core/FpPipeline/fpu_exe_unit/FPUUnit/fpu/dfma/fma/_15683_/X (sky130_fd_sc_hd__maj3_1)
   0.3979    8.8837 v core/FpPipeline/fpu_exe_unit/FPUUnit/fpu/dfma/fma/_15706_/X (sky130_fd_sc_hd__xor3_1)
   0.1695    9.0532 ^ core/FpPipeline/fpu_exe_unit/FPUUnit/fpu/dfma/fma/_15717_/Y (sky130_fd_sc_hd__nor2_1)
   0.2705    9.3237 ^ core/FpPipeline/fpu_exe_unit/FPUUnit/fpu/dfma/fma/_15755_/X (sky130_fd_sc_hd__xor3_1)
   0.1383    9.4620 v core/FpPipeline/fpu_exe_unit/FPUUnit/fpu/dfma/fma/_15756_/Y (sky130_fd_sc_hd__nand4bb_1)
   0.3515    9.8135 v core/FpPipeline/fpu_exe_unit/FPUUnit/fpu/dfma/fma/_15806_/X (sky130_fd_sc_hd__or2_2)
   0.3724   10.1859 v core/FpPipeline/fpu_exe_unit/FPUUnit/fpu/dfma/fma/_15860_/X (sky130_fd_sc_hd__maj3_1)
   0.3772   10.5631 v core/FpPipeline/fpu_exe_unit/FPUUnit/fpu/dfma/fma/_15917_/X (sky130_fd_sc_hd__maj3_1)
   0.3659   10.9290 v core/FpPipeline/fpu_exe_unit/FPUUnit/fpu/dfma/fma/_15983_/X (sky130_fd_sc_hd__maj3_1)
   0.3689   11.2979 v core/FpPipeline/fpu_exe_unit/FPUUnit/fpu/dfma/fma/_16051_/X (sky130_fd_sc_hd__maj3_1)
   0.3764   11.6743 v core/FpPipeline/fpu_exe_unit/FPUUnit/fpu/dfma/fma/_16118_/X (sky130_fd_sc_hd__maj3_1)
   0.3716   12.0459 v core/FpPipeline/fpu_exe_unit/FPUUnit/fpu/dfma/fma/_16205_/X (sky130_fd_sc_hd__maj3_1)
   0.3696   12.4155 v core/FpPipeline/fpu_exe_unit/FPUUnit/fpu/dfma/fma/_16303_/X (sky130_fd_sc_hd__maj3_1)
   0.2276   12.6431 ^ core/FpPipeline/fpu_exe_unit/FPUUnit/fpu/dfma/fma/_16397_/Y (sky130_fd_sc_hd__o22ai_1)
   0.1101   12.7532 v core/FpPipeline/fpu_exe_unit/FPUUnit/fpu/dfma/fma/_16924_/Y (sky130_fd_sc_hd__a211oi_1)
   0.3411   13.0942 ^ core/FpPipeline/fpu_exe_unit/FPUUnit/fpu/dfma/fma/_16925_/Y (sky130_fd_sc_hd__o311ai_0)
   0.1916   13.2859 v core/FpPipeline/fpu_exe_unit/FPUUnit/fpu/dfma/fma/_17063_/Y (sky130_fd_sc_hd__nand4_1)
   0.2608   13.5467 ^ core/FpPipeline/fpu_exe_unit/FPUUnit/fpu/dfma/fma/_17356_/Y (sky130_fd_sc_hd__a211oi_1)
   0.2232   13.7699 v core/FpPipeline/fpu_exe_unit/FPUUnit/fpu/dfma/fma/_17676_/Y (sky130_fd_sc_hd__o311ai_0)
   0.3464   14.1163 ^ core/FpPipeline/fpu_exe_unit/FPUUnit/fpu/dfma/fma/_17985_/Y (sky130_fd_sc_hd__a211oi_1)
   0.1544   14.2707 v core/FpPipeline/fpu_exe_unit/FPUUnit/fpu/dfma/fma/_18286_/Y (sky130_fd_sc_hd__o211ai_1)
   0.4838   14.7545 ^ core/FpPipeline/fpu_exe_unit/FPUUnit/fpu/dfma/fma/_19008_/Y (sky130_fd_sc_hd__a2111oi_0)
   0.2138   14.9683 v core/FpPipeline/fpu_exe_unit/FPUUnit/fpu/dfma/fma/_19804_/Y (sky130_fd_sc_hd__a21oi_1)
   0.3577   15.3260 v core/FpPipeline/fpu_exe_unit/FPUUnit/fpu/dfma/fma/_21792_/X (sky130_fd_sc_hd__o31a_1)
   0.3666   15.6926 ^ core/FpPipeline/fpu_exe_unit/FPUUnit/fpu/dfma/fma/_22055_/Y (sky130_fd_sc_hd__o31ai_1)
   0.2541   15.9466 ^ core/FpPipeline/fpu_exe_unit/FPUUnit/fpu/dfma/fma/_22585_/X (sky130_fd_sc_hd__a221o_1)
   0.1319   16.0785 v core/FpPipeline/fpu_exe_unit/FPUUnit/fpu/dfma/fma/_23138_/Y (sky130_fd_sc_hd__a31oi_1)
   0.3718   16.4503 ^ core/FpPipeline/fpu_exe_unit/FPUUnit/fpu/dfma/fma/_23671_/Y (sky130_fd_sc_hd__o21ai_0)
   0.2962   16.7465 ^ core/FpPipeline/fpu_exe_unit/FPUUnit/fpu/dfma/fma/_25679_/X (sky130_fd_sc_hd__and4b_1)
   0.2439   16.9904 ^ core/FpPipeline/fpu_exe_unit/FPUUnit/fpu/dfma/fma/_26580_/X (sky130_fd_sc_hd__o2111a_1)
   0.1495   17.1399 v core/FpPipeline/fpu_exe_unit/FPUUnit/fpu/dfma/fma/_28099_/Y (sky130_fd_sc_hd__o2111ai_1)
   0.3197   17.4597 ^ core/FpPipeline/fpu_exe_unit/FPUUnit/fpu/dfma/fma/_28721_/Y (sky130_fd_sc_hd__o2111ai_1)
   0.1877   17.6474 v core/FpPipeline/fpu_exe_unit/FPUUnit/fpu/dfma/fma/_29003_/Y (sky130_fd_sc_hd__a31oi_1)
   0.2882   17.9355 ^ core/FpPipeline/fpu_exe_unit/FPUUnit/fpu/dfma/fma/_29260_/Y (sky130_fd_sc_hd__o221ai_1)
   0.1789   18.1144 v core/FpPipeline/fpu_exe_unit/FPUUnit/fpu/dfma/fma/_29513_/Y (sky130_fd_sc_hd__a22oi_1)
   0.4165   18.5309 v core/FpPipeline/fpu_exe_unit/FPUUnit/fpu/dfma/fma/_29739_/X (sky130_fd_sc_hd__o311a_1)
   0.1708   18.7017 ^ core/FpPipeline/fpu_exe_unit/FPUUnit/fpu/dfma/fma/_29945_/Y (sky130_fd_sc_hd__nor2_1)
   0.1994   18.9010 ^ core/FpPipeline/fpu_exe_unit/FPUUnit/fpu/dfma/fma/_30126_/X (sky130_fd_sc_hd__a31o_2)
   0.1192   19.0202 ^ core/FpPipeline/fpu_exe_unit/FPUUnit/fpu/dfma/fma/_30208_/Y (sky130_fd_sc_hd__xnor2_1)
   0.0787   19.0989 v core/FpPipeline/fpu_exe_unit/FPUUnit/fpu/dfma/fma/_30210_/Y (sky130_fd_sc_hd__a21oi_1)
   0.0035   19.1024 v core/FpPipeline/fpu_exe_unit/FPUUnit/fpu/dfma/fma/_31066_/D (sky130_fd_sc_hd__dfxtp_1)
            19.1024   data arrival time

  20.0000   20.0000   clock clock (rise edge)
   0.0000   20.0000   clock network delay (ideal)
   0.0000   20.0000   clock reconvergence pessimism
            20.0000 ^ core/FpPipeline/fpu_exe_unit/FPUUnit/fpu/dfma/fma/_31066_/CLK (sky130_fd_sc_hd__dfxtp_1)
  -0.1344   19.8656   library setup time
            19.8656   data required time
-------------------------------------------------------------
            19.8656   data required time
           -19.1024   data arrival time
-------------------------------------------------------------
             0.7632   slack (MET)


Startpoint: core/FpPipeline/fpu_exe_unit/FPUUnit/fpu/dfma/_1310_
            (rising edge-triggered flip-flop clocked by clock)
Endpoint: core/FpPipeline/fpu_exe_unit/FPUUnit/fpu/dfma/fma/_31064_
          (rising edge-triggered flip-flop clocked by clock)
Path Group: clock
Path Type: max

    Delay      Time   Description
-------------------------------------------------------------
   0.0000    0.0000   clock clock (rise edge)
   0.0000    0.0000   clock network delay (ideal)
   0.0000    0.0000 ^ core/FpPipeline/fpu_exe_unit/FPUUnit/fpu/dfma/_1310_/CLK (sky130_fd_sc_hd__dfxtp_1)
   0.2995    0.2995 v core/FpPipeline/fpu_exe_unit/FPUUnit/fpu/dfma/_1310_/Q (sky130_fd_sc_hd__dfxtp_1)
   0.1614    0.4609 v core/FpPipeline/fpu_exe_unit/FPUUnit/fpu/dfma/fma/mulAddRecFNToRaw_preMul/_1092_/Y (sky130_fd_sc_hd__xnor2_1)
   0.3226    0.7835 ^ core/FpPipeline/fpu_exe_unit/FPUUnit/fpu/dfma/fma/mulAddRecFNToRaw_preMul/_1094_/Y (sky130_fd_sc_hd__o21ai_0)
   0.1761    0.9596 v core/FpPipeline/fpu_exe_unit/FPUUnit/fpu/dfma/fma/mulAddRecFNToRaw_preMul/_1097_/Y (sky130_fd_sc_hd__a31oi_1)
   0.4045    1.3640 v core/FpPipeline/fpu_exe_unit/FPUUnit/fpu/dfma/fma/mulAddRecFNToRaw_preMul/_1098_/X (sky130_fd_sc_hd__maj3_1)
   0.3959    1.7600 v core/FpPipeline/fpu_exe_unit/FPUUnit/fpu/dfma/fma/mulAddRecFNToRaw_preMul/_1099_/X (sky130_fd_sc_hd__maj3_1)
   0.3973    2.1573 v core/FpPipeline/fpu_exe_unit/FPUUnit/fpu/dfma/fma/mulAddRecFNToRaw_preMul/_1100_/X (sky130_fd_sc_hd__maj3_1)
   0.4055    2.5628 v core/FpPipeline/fpu_exe_unit/FPUUnit/fpu/dfma/fma/mulAddRecFNToRaw_preMul/_1101_/X (sky130_fd_sc_hd__maj3_1)
   0.3551    2.9179 v core/FpPipeline/fpu_exe_unit/FPUUnit/fpu/dfma/fma/mulAddRecFNToRaw_preMul/_1121_/X (sky130_fd_sc_hd__maj3_1)
   0.2007    3.1186 v core/FpPipeline/fpu_exe_unit/FPUUnit/fpu/dfma/fma/mulAddRecFNToRaw_preMul/_1122_/X (sky130_fd_sc_hd__xor2_1)
   0.1942    3.3128 ^ core/FpPipeline/fpu_exe_unit/FPUUnit/fpu/dfma/fma/mulAddRecFNToRaw_preMul/_1152_/Y (sky130_fd_sc_hd__o221ai_1)
   0.1518    3.4647 v core/FpPipeline/fpu_exe_unit/FPUUnit/fpu/dfma/fma/mulAddRecFNToRaw_preMul/_1158_/Y (sky130_fd_sc_hd__a32oi_1)
   0.4189    3.8835 v core/FpPipeline/fpu_exe_unit/FPUUnit/fpu/dfma/fma/mulAddRecFNToRaw_preMul/_1159_/X (sky130_fd_sc_hd__maj3_1)
   0.2588    4.1424 v core/FpPipeline/fpu_exe_unit/FPUUnit/fpu/dfma/fma/mulAddRecFNToRaw_preMul/_1177_/X (sky130_fd_sc_hd__o2111a_1)
   0.1835    4.3259 v core/FpPipeline/fpu_exe_unit/FPUUnit/fpu/dfma/fma/mulAddRecFNToRaw_preMul/_1178_/X (sky130_fd_sc_hd__clkbuf_1)
   0.1411    4.4670 ^ core/FpPipeline/fpu_exe_unit/FPUUnit/fpu/dfma/fma/mulAddRecFNToRaw_preMul/_1203_/Y (sky130_fd_sc_hd__nand4_1)
   0.3339    4.8008 ^ core/FpPipeline/fpu_exe_unit/FPUUnit/fpu/dfma/fma/mulAddRecFNToRaw_preMul/_1204_/X (sky130_fd_sc_hd__lpflow_clkbufkapwr_1)
   0.3198    5.1206 ^ core/FpPipeline/fpu_exe_unit/FPUUnit/fpu/dfma/fma/mulAddRecFNToRaw_preMul/_1307_/X (sky130_fd_sc_hd__buf_2)
   0.4406    5.5612 ^ core/FpPipeline/fpu_exe_unit/FPUUnit/fpu/dfma/fma/mulAddRecFNToRaw_preMul/_1308_/X (sky130_fd_sc_hd__lpflow_clkbufkapwr_1)
   0.4049    5.9661 v core/FpPipeline/fpu_exe_unit/FPUUnit/fpu/dfma/fma/mulAddRecFNToRaw_preMul/_1618_/X (sky130_fd_sc_hd__mux2_2)
   0.1693    6.1354 ^ core/FpPipeline/fpu_exe_unit/FPUUnit/fpu/dfma/fma/mulAddRecFNToRaw_preMul/_1760_/Y (sky130_fd_sc_hd__mux2i_1)
   0.0586    6.1940 v core/FpPipeline/fpu_exe_unit/FPUUnit/fpu/dfma/fma/mulAddRecFNToRaw_preMul/_1761_/Y (sky130_fd_sc_hd__nor2_1)
   0.1499    6.3440 ^ core/FpPipeline/fpu_exe_unit/FPUUnit/fpu/dfma/fma/mulAddRecFNToRaw_preMul/_1762_/Y (sky130_fd_sc_hd__a21oi_1)
   0.1072    6.4511 v core/FpPipeline/fpu_exe_unit/FPUUnit/fpu/dfma/fma/mulAddRecFNToRaw_preMul/_1763_/Y (sky130_fd_sc_hd__mux2i_1)
   0.2246    6.6758 ^ core/FpPipeline/fpu_exe_unit/FPUUnit/fpu/dfma/fma/mulAddRecFNToRaw_preMul/_1764_/Y (sky130_fd_sc_hd__a21oi_1)
   0.0630    6.7388 v core/FpPipeline/fpu_exe_unit/FPUUnit/fpu/dfma/fma/mulAddRecFNToRaw_preMul/_1765_/Y (sky130_fd_sc_hd__nor2_1)
   0.1979    6.9367 v core/FpPipeline/fpu_exe_unit/FPUUnit/fpu/dfma/fma/mulAddRecFNToRaw_preMul/_1766_/X (sky130_fd_sc_hd__o22a_1)
   0.3822    7.3188 v core/FpPipeline/fpu_exe_unit/FPUUnit/fpu/dfma/fma/_15620_/X (sky130_fd_sc_hd__xnor3_1)
   0.3965    7.7153 v core/FpPipeline/fpu_exe_unit/FPUUnit/fpu/dfma/fma/_15633_/X (sky130_fd_sc_hd__maj3_1)
   0.3777    8.0930 v core/FpPipeline/fpu_exe_unit/FPUUnit/fpu/dfma/fma/_15654_/X (sky130_fd_sc_hd__maj3_1)
   0.3929    8.4859 v core/FpPipeline/fpu_exe_unit/FPUUnit/fpu/dfma/fma/_15683_/X (sky130_fd_sc_hd__maj3_1)
   0.3979    8.8837 v core/FpPipeline/fpu_exe_unit/FPUUnit/fpu/dfma/fma/_15706_/X (sky130_fd_sc_hd__xor3_1)
   0.1695    9.0532 ^ core/FpPipeline/fpu_exe_unit/FPUUnit/fpu/dfma/fma/_15717_/Y (sky130_fd_sc_hd__nor2_1)
   0.2705    9.3237 ^ core/FpPipeline/fpu_exe_unit/FPUUnit/fpu/dfma/fma/_15755_/X (sky130_fd_sc_hd__xor3_1)
   0.1383    9.4620 v core/FpPipeline/fpu_exe_unit/FPUUnit/fpu/dfma/fma/_15756_/Y (sky130_fd_sc_hd__nand4bb_1)
   0.3515    9.8135 v core/FpPipeline/fpu_exe_unit/FPUUnit/fpu/dfma/fma/_15806_/X (sky130_fd_sc_hd__or2_2)
   0.3724   10.1859 v core/FpPipeline/fpu_exe_unit/FPUUnit/fpu/dfma/fma/_15860_/X (sky130_fd_sc_hd__maj3_1)
   0.3772   10.5631 v core/FpPipeline/fpu_exe_unit/FPUUnit/fpu/dfma/fma/_15917_/X (sky130_fd_sc_hd__maj3_1)
   0.3659   10.9290 v core/FpPipeline/fpu_exe_unit/FPUUnit/fpu/dfma/fma/_15983_/X (sky130_fd_sc_hd__maj3_1)
   0.3689   11.2979 v core/FpPipeline/fpu_exe_unit/FPUUnit/fpu/dfma/fma/_16051_/X (sky130_fd_sc_hd__maj3_1)
   0.3764   11.6743 v core/FpPipeline/fpu_exe_unit/FPUUnit/fpu/dfma/fma/_16118_/X (sky130_fd_sc_hd__maj3_1)
   0.3716   12.0459 v core/FpPipeline/fpu_exe_unit/FPUUnit/fpu/dfma/fma/_16205_/X (sky130_fd_sc_hd__maj3_1)
   0.3696   12.4155 v core/FpPipeline/fpu_exe_unit/FPUUnit/fpu/dfma/fma/_16303_/X (sky130_fd_sc_hd__maj3_1)
   0.2276   12.6431 ^ core/FpPipeline/fpu_exe_unit/FPUUnit/fpu/dfma/fma/_16397_/Y (sky130_fd_sc_hd__o22ai_1)
   0.1101   12.7532 v core/FpPipeline/fpu_exe_unit/FPUUnit/fpu/dfma/fma/_16924_/Y (sky130_fd_sc_hd__a211oi_1)
   0.3411   13.0942 ^ core/FpPipeline/fpu_exe_unit/FPUUnit/fpu/dfma/fma/_16925_/Y (sky130_fd_sc_hd__o311ai_0)
   0.1916   13.2859 v core/FpPipeline/fpu_exe_unit/FPUUnit/fpu/dfma/fma/_17063_/Y (sky130_fd_sc_hd__nand4_1)
   0.2608   13.5467 ^ core/FpPipeline/fpu_exe_unit/FPUUnit/fpu/dfma/fma/_17356_/Y (sky130_fd_sc_hd__a211oi_1)
   0.2232   13.7699 v core/FpPipeline/fpu_exe_unit/FPUUnit/fpu/dfma/fma/_17676_/Y (sky130_fd_sc_hd__o311ai_0)
   0.3464   14.1163 ^ core/FpPipeline/fpu_exe_unit/FPUUnit/fpu/dfma/fma/_17985_/Y (sky130_fd_sc_hd__a211oi_1)
   0.1544   14.2707 v core/FpPipeline/fpu_exe_unit/FPUUnit/fpu/dfma/fma/_18286_/Y (sky130_fd_sc_hd__o211ai_1)
   0.4838   14.7545 ^ core/FpPipeline/fpu_exe_unit/FPUUnit/fpu/dfma/fma/_19008_/Y (sky130_fd_sc_hd__a2111oi_0)
   0.2138   14.9683 v core/FpPipeline/fpu_exe_unit/FPUUnit/fpu/dfma/fma/_19804_/Y (sky130_fd_sc_hd__a21oi_1)
   0.3577   15.3260 v core/FpPipeline/fpu_exe_unit/FPUUnit/fpu/dfma/fma/_21792_/X (sky130_fd_sc_hd__o31a_1)
   0.3666   15.6926 ^ core/FpPipeline/fpu_exe_unit/FPUUnit/fpu/dfma/fma/_22055_/Y (sky130_fd_sc_hd__o31ai_1)
   0.2541   15.9466 ^ core/FpPipeline/fpu_exe_unit/FPUUnit/fpu/dfma/fma/_22585_/X (sky130_fd_sc_hd__a221o_1)
   0.1319   16.0785 v core/FpPipeline/fpu_exe_unit/FPUUnit/fpu/dfma/fma/_23138_/Y (sky130_fd_sc_hd__a31oi_1)
   0.3718   16.4503 ^ core/FpPipeline/fpu_exe_unit/FPUUnit/fpu/dfma/fma/_23671_/Y (sky130_fd_sc_hd__o21ai_0)
   0.2962   16.7465 ^ core/FpPipeline/fpu_exe_unit/FPUUnit/fpu/dfma/fma/_25679_/X (sky130_fd_sc_hd__and4b_1)
   0.2439   16.9904 ^ core/FpPipeline/fpu_exe_unit/FPUUnit/fpu/dfma/fma/_26580_/X (sky130_fd_sc_hd__o2111a_1)
   0.1495   17.1399 v core/FpPipeline/fpu_exe_unit/FPUUnit/fpu/dfma/fma/_28099_/Y (sky130_fd_sc_hd__o2111ai_1)
   0.3197   17.4597 ^ core/FpPipeline/fpu_exe_unit/FPUUnit/fpu/dfma/fma/_28721_/Y (sky130_fd_sc_hd__o2111ai_1)
   0.1877   17.6474 v core/FpPipeline/fpu_exe_unit/FPUUnit/fpu/dfma/fma/_29003_/Y (sky130_fd_sc_hd__a31oi_1)
   0.2882   17.9355 ^ core/FpPipeline/fpu_exe_unit/FPUUnit/fpu/dfma/fma/_29260_/Y (sky130_fd_sc_hd__o221ai_1)
   0.1789   18.1144 v core/FpPipeline/fpu_exe_unit/FPUUnit/fpu/dfma/fma/_29513_/Y (sky130_fd_sc_hd__a22oi_1)
   0.4165   18.5309 v core/FpPipeline/fpu_exe_unit/FPUUnit/fpu/dfma/fma/_29739_/X (sky130_fd_sc_hd__o311a_1)
   0.1708   18.7017 ^ core/FpPipeline/fpu_exe_unit/FPUUnit/fpu/dfma/fma/_29945_/Y (sky130_fd_sc_hd__nor2_1)
   0.1327   18.8344 v core/FpPipeline/fpu_exe_unit/FPUUnit/fpu/dfma/fma/_30029_/Y (sky130_fd_sc_hd__o21ai_0)
   0.1942   19.0286 v core/FpPipeline/fpu_exe_unit/FPUUnit/fpu/dfma/fma/_30032_/X (sky130_fd_sc_hd__a22o_1)
   0.0035   19.0321 v core/FpPipeline/fpu_exe_unit/FPUUnit/fpu/dfma/fma/_31064_/D (sky130_fd_sc_hd__dfxtp_1)
            19.0321   data arrival time

  20.0000   20.0000   clock clock (rise edge)
   0.0000   20.0000   clock network delay (ideal)
   0.0000   20.0000   clock reconvergence pessimism
            20.0000 ^ core/FpPipeline/fpu_exe_unit/FPUUnit/fpu/dfma/fma/_31064_/CLK (sky130_fd_sc_hd__dfxtp_1)
  -0.1177   19.8823   library setup time
            19.8823   data required time
-------------------------------------------------------------
            19.8823   data required time
           -19.0321   data arrival time
-------------------------------------------------------------
             0.8503   slack (MET)


Startpoint: core/_3979_ (rising edge-triggered flip-flop clocked by clock)
Endpoint: core/rename_stage/busytable/_2545_
          (rising edge-triggered flip-flop clocked by clock)
Path Group: clock
Path Type: max

    Delay      Time   Description
-------------------------------------------------------------
   0.0000    0.0000   clock clock (rise edge)
   0.0000    0.0000   clock network delay (ideal)
   0.0000    0.0000 ^ core/_3979_/CLK (sky130_fd_sc_hd__dfxtp_1)
   0.3332    0.3332 ^ core/_3979_/Q (sky130_fd_sc_hd__dfxtp_1)
   0.3006    0.6338 ^ core/_1880_/Y (sky130_fd_sc_hd__nor3b_1)
   0.1036    0.7374 v core/_1881_/Y (sky130_fd_sc_hd__nand2_1)
   5.0797    5.8171 ^ core/_1906_/Y (sky130_fd_sc_hd__o21ai_0)
   0.7998    6.6169 ^ lsu/_64414_/X (sky130_fd_sc_hd__buf_4)
   0.1206    6.7376 v dcache/_2795_/Y (sky130_fd_sc_hd__a22oi_1)
   0.2232    6.9607 v dcache/_2796_/X (sky130_fd_sc_hd__and4_1)
   0.0821    7.0429 ^ dcache/_2797_/Y (sky130_fd_sc_hd__nand2_1)
   0.0867    7.1296 v dcache/_2803_/Y (sky130_fd_sc_hd__nor4_1)
   0.0795    7.2091 ^ dcache/mshrs/_0615_/Y (sky130_fd_sc_hd__inv_1)
   0.0587    7.2678 v dcache/mshrs/_0616_/Y (sky130_fd_sc_hd__nor2_1)
   0.1498    7.4177 v dcache/mshrs/_0617_/Y (sky130_fd_sc_hd__a21boi_0)
   0.2381    7.6557 v dcache/mshrs/_0618_/X (sky130_fd_sc_hd__lpflow_inputiso0n_1)
   0.1857    7.8415 ^ dcache/mshrs/_0752_/Y (sky130_fd_sc_hd__a31oi_1)
   0.0689    7.9104 v dcache/mshrs/_0755_/Y (sky130_fd_sc_hd__nand2_1)
   0.2141    8.1244 v dcache/mshrs/_0756_/X (sky130_fd_sc_hd__a22o_1)
   0.1258    8.2503 v dcache/_2807_/X (sky130_fd_sc_hd__lpflow_isobufsrc_1)
   0.3604    8.6107 ^ dcache/_2808_/Y (sky130_fd_sc_hd__a2111oi_0)
   0.1294    8.7400 v dcache/_2809_/Y (sky130_fd_sc_hd__a311oi_1)
   0.1535    8.8935 ^ dcache/_2810_/X (sky130_fd_sc_hd__lpflow_isobufsrc_1)
   0.0805    8.9740 v dcache/_2812_/Y (sky130_fd_sc_hd__nor3_1)
   0.2226    9.1966 v dcache/_3359_/X (sky130_fd_sc_hd__lpflow_clkbufkapwr_1)
   0.3193    9.5159 v dcache/_3361_/X (sky130_fd_sc_hd__mux2_2)
   0.1608    9.6766 v lsu/_33285_/X (sky130_fd_sc_hd__clkbuf_1)
   0.8519   10.5285 ^ lsu/_33304_/Y (sky130_fd_sc_hd__nor4_1)
   0.1470   10.6755 v lsu/_33305_/Y (sky130_fd_sc_hd__a222oi_1)
   0.1060   10.7815 ^ lsu/_33311_/Y (sky130_fd_sc_hd__nand2_1)
   0.0657   10.8472 v lsu/_33321_/Y (sky130_fd_sc_hd__nor3_1)
   0.2807   11.1279 v lsu/_33539_/X (sky130_fd_sc_hd__or2_2)
   0.0670   11.1949 ^ lsu/_33540_/Y (sky130_fd_sc_hd__nand2_1)
   0.1031   11.2980 v lsu/_33545_/Y (sky130_fd_sc_hd__o21ai_0)
   0.1640   11.4620 v core/memExeUnit/_191_/X (sky130_fd_sc_hd__buf_4)
   0.1818   11.6438 v core/ll_wbarb/_009_/X (sky130_fd_sc_hd__clkbuf_1)
   0.2456   11.8895 v core/ll_wbarb/_010_/X (sky130_fd_sc_hd__clkbuf_1)
   0.0813   11.9708 ^ core/ll_wbarb/_099_/Y (sky130_fd_sc_hd__inv_1)
   0.1445   12.1153 ^ core/FpPipeline/_2061_/X (sky130_fd_sc_hd__lpflow_inputiso0n_1)
   0.0722   12.1876 v core/FpPipeline/_2071_/Y (sky130_fd_sc_hd__nand2_1)
   0.0986   12.2861 ^ core/FpPipeline/_2073_/Y (sky130_fd_sc_hd__a21oi_1)
   0.1152   12.4013 ^ core/ll_wbarb/_100_/X (sky130_fd_sc_hd__or2_2)
   4.8833   17.2846 ^ core/_3767_/Y (sky130_fd_sc_hd__nor3b_1)
   0.7911   18.0757 v core/rename_stage/busytable/_2117_/Y (sky130_fd_sc_hd__nand3b_1)
   0.4088   18.4845 v core/rename_stage/busytable/_2118_/X (sky130_fd_sc_hd__clkbuf_1)
   0.1570   18.6415 ^ core/rename_stage/busytable/_2162_/Y (sky130_fd_sc_hd__o22ai_1)
   0.0796   18.7212 v core/rename_stage/busytable/_2164_/Y (sky130_fd_sc_hd__nor3_1)
   0.2096   18.9308 ^ core/rename_stage/busytable/_2165_/Y (sky130_fd_sc_hd__a221oi_1)
   0.0620   18.9927 v core/rename_stage/busytable/_2166_/Y (sky130_fd_sc_hd__nor2_1)
   0.0035   18.9962 v core/rename_stage/busytable/_2545_/D (sky130_fd_sc_hd__dfxtp_1)
            18.9962   data arrival time

  20.0000   20.0000   clock clock (rise edge)
   0.0000   20.0000   clock network delay (ideal)
   0.0000   20.0000   clock reconvergence pessimism
            20.0000 ^ core/rename_stage/busytable/_2545_/CLK (sky130_fd_sc_hd__dfxtp_1)
  -0.1293   19.8707   library setup time
            19.8707   data required time
-------------------------------------------------------------
            19.8707   data required time
           -18.9962   data arrival time
-------------------------------------------------------------
             0.8745   slack (MET)


Startpoint: core/FpPipeline/fpu_exe_unit/FPUUnit/fpu/dfma/_1310_
            (rising edge-triggered flip-flop clocked by clock)
Endpoint: core/FpPipeline/fpu_exe_unit/FPUUnit/fpu/dfma/fma/_31063_
          (rising edge-triggered flip-flop clocked by clock)
Path Group: clock
Path Type: max

    Delay      Time   Description
-------------------------------------------------------------
   0.0000    0.0000   clock clock (rise edge)
   0.0000    0.0000   clock network delay (ideal)
   0.0000    0.0000 ^ core/FpPipeline/fpu_exe_unit/FPUUnit/fpu/dfma/_1310_/CLK (sky130_fd_sc_hd__dfxtp_1)
   0.2995    0.2995 v core/FpPipeline/fpu_exe_unit/FPUUnit/fpu/dfma/_1310_/Q (sky130_fd_sc_hd__dfxtp_1)
   0.1614    0.4609 v core/FpPipeline/fpu_exe_unit/FPUUnit/fpu/dfma/fma/mulAddRecFNToRaw_preMul/_1092_/Y (sky130_fd_sc_hd__xnor2_1)
   0.3226    0.7835 ^ core/FpPipeline/fpu_exe_unit/FPUUnit/fpu/dfma/fma/mulAddRecFNToRaw_preMul/_1094_/Y (sky130_fd_sc_hd__o21ai_0)
   0.1761    0.9596 v core/FpPipeline/fpu_exe_unit/FPUUnit/fpu/dfma/fma/mulAddRecFNToRaw_preMul/_1097_/Y (sky130_fd_sc_hd__a31oi_1)
   0.4045    1.3640 v core/FpPipeline/fpu_exe_unit/FPUUnit/fpu/dfma/fma/mulAddRecFNToRaw_preMul/_1098_/X (sky130_fd_sc_hd__maj3_1)
   0.3959    1.7600 v core/FpPipeline/fpu_exe_unit/FPUUnit/fpu/dfma/fma/mulAddRecFNToRaw_preMul/_1099_/X (sky130_fd_sc_hd__maj3_1)
   0.3973    2.1573 v core/FpPipeline/fpu_exe_unit/FPUUnit/fpu/dfma/fma/mulAddRecFNToRaw_preMul/_1100_/X (sky130_fd_sc_hd__maj3_1)
   0.4055    2.5628 v core/FpPipeline/fpu_exe_unit/FPUUnit/fpu/dfma/fma/mulAddRecFNToRaw_preMul/_1101_/X (sky130_fd_sc_hd__maj3_1)
   0.3551    2.9179 v core/FpPipeline/fpu_exe_unit/FPUUnit/fpu/dfma/fma/mulAddRecFNToRaw_preMul/_1121_/X (sky130_fd_sc_hd__maj3_1)
   0.2007    3.1186 v core/FpPipeline/fpu_exe_unit/FPUUnit/fpu/dfma/fma/mulAddRecFNToRaw_preMul/_1122_/X (sky130_fd_sc_hd__xor2_1)
   0.1942    3.3128 ^ core/FpPipeline/fpu_exe_unit/FPUUnit/fpu/dfma/fma/mulAddRecFNToRaw_preMul/_1152_/Y (sky130_fd_sc_hd__o221ai_1)
   0.1518    3.4647 v core/FpPipeline/fpu_exe_unit/FPUUnit/fpu/dfma/fma/mulAddRecFNToRaw_preMul/_1158_/Y (sky130_fd_sc_hd__a32oi_1)
   0.4189    3.8835 v core/FpPipeline/fpu_exe_unit/FPUUnit/fpu/dfma/fma/mulAddRecFNToRaw_preMul/_1159_/X (sky130_fd_sc_hd__maj3_1)
   0.2588    4.1424 v core/FpPipeline/fpu_exe_unit/FPUUnit/fpu/dfma/fma/mulAddRecFNToRaw_preMul/_1177_/X (sky130_fd_sc_hd__o2111a_1)
   0.1835    4.3259 v core/FpPipeline/fpu_exe_unit/FPUUnit/fpu/dfma/fma/mulAddRecFNToRaw_preMul/_1178_/X (sky130_fd_sc_hd__clkbuf_1)
   0.1411    4.4670 ^ core/FpPipeline/fpu_exe_unit/FPUUnit/fpu/dfma/fma/mulAddRecFNToRaw_preMul/_1203_/Y (sky130_fd_sc_hd__nand4_1)
   0.3339    4.8008 ^ core/FpPipeline/fpu_exe_unit/FPUUnit/fpu/dfma/fma/mulAddRecFNToRaw_preMul/_1204_/X (sky130_fd_sc_hd__lpflow_clkbufkapwr_1)
   0.3198    5.1206 ^ core/FpPipeline/fpu_exe_unit/FPUUnit/fpu/dfma/fma/mulAddRecFNToRaw_preMul/_1307_/X (sky130_fd_sc_hd__buf_2)
   0.4406    5.5612 ^ core/FpPipeline/fpu_exe_unit/FPUUnit/fpu/dfma/fma/mulAddRecFNToRaw_preMul/_1308_/X (sky130_fd_sc_hd__lpflow_clkbufkapwr_1)
   0.4049    5.9661 v core/FpPipeline/fpu_exe_unit/FPUUnit/fpu/dfma/fma/mulAddRecFNToRaw_preMul/_1618_/X (sky130_fd_sc_hd__mux2_2)
   0.1693    6.1354 ^ core/FpPipeline/fpu_exe_unit/FPUUnit/fpu/dfma/fma/mulAddRecFNToRaw_preMul/_1760_/Y (sky130_fd_sc_hd__mux2i_1)
   0.0586    6.1940 v core/FpPipeline/fpu_exe_unit/FPUUnit/fpu/dfma/fma/mulAddRecFNToRaw_preMul/_1761_/Y (sky130_fd_sc_hd__nor2_1)
   0.1499    6.3440 ^ core/FpPipeline/fpu_exe_unit/FPUUnit/fpu/dfma/fma/mulAddRecFNToRaw_preMul/_1762_/Y (sky130_fd_sc_hd__a21oi_1)
   0.1072    6.4511 v core/FpPipeline/fpu_exe_unit/FPUUnit/fpu/dfma/fma/mulAddRecFNToRaw_preMul/_1763_/Y (sky130_fd_sc_hd__mux2i_1)
   0.2246    6.6758 ^ core/FpPipeline/fpu_exe_unit/FPUUnit/fpu/dfma/fma/mulAddRecFNToRaw_preMul/_1764_/Y (sky130_fd_sc_hd__a21oi_1)
   0.0630    6.7388 v core/FpPipeline/fpu_exe_unit/FPUUnit/fpu/dfma/fma/mulAddRecFNToRaw_preMul/_1765_/Y (sky130_fd_sc_hd__nor2_1)
   0.1979    6.9367 v core/FpPipeline/fpu_exe_unit/FPUUnit/fpu/dfma/fma/mulAddRecFNToRaw_preMul/_1766_/X (sky130_fd_sc_hd__o22a_1)
   0.3822    7.3188 v core/FpPipeline/fpu_exe_unit/FPUUnit/fpu/dfma/fma/_15620_/X (sky130_fd_sc_hd__xnor3_1)
   0.3965    7.7153 v core/FpPipeline/fpu_exe_unit/FPUUnit/fpu/dfma/fma/_15633_/X (sky130_fd_sc_hd__maj3_1)
   0.3777    8.0930 v core/FpPipeline/fpu_exe_unit/FPUUnit/fpu/dfma/fma/_15654_/X (sky130_fd_sc_hd__maj3_1)
   0.3929    8.4859 v core/FpPipeline/fpu_exe_unit/FPUUnit/fpu/dfma/fma/_15683_/X (sky130_fd_sc_hd__maj3_1)
   0.3979    8.8837 v core/FpPipeline/fpu_exe_unit/FPUUnit/fpu/dfma/fma/_15706_/X (sky130_fd_sc_hd__xor3_1)
   0.1695    9.0532 ^ core/FpPipeline/fpu_exe_unit/FPUUnit/fpu/dfma/fma/_15717_/Y (sky130_fd_sc_hd__nor2_1)
   0.2705    9.3237 ^ core/FpPipeline/fpu_exe_unit/FPUUnit/fpu/dfma/fma/_15755_/X (sky130_fd_sc_hd__xor3_1)
   0.1383    9.4620 v core/FpPipeline/fpu_exe_unit/FPUUnit/fpu/dfma/fma/_15756_/Y (sky130_fd_sc_hd__nand4bb_1)
   0.3515    9.8135 v core/FpPipeline/fpu_exe_unit/FPUUnit/fpu/dfma/fma/_15806_/X (sky130_fd_sc_hd__or2_2)
   0.3724   10.1859 v core/FpPipeline/fpu_exe_unit/FPUUnit/fpu/dfma/fma/_15860_/X (sky130_fd_sc_hd__maj3_1)
   0.3772   10.5631 v core/FpPipeline/fpu_exe_unit/FPUUnit/fpu/dfma/fma/_15917_/X (sky130_fd_sc_hd__maj3_1)
   0.3659   10.9290 v core/FpPipeline/fpu_exe_unit/FPUUnit/fpu/dfma/fma/_15983_/X (sky130_fd_sc_hd__maj3_1)
   0.3689   11.2979 v core/FpPipeline/fpu_exe_unit/FPUUnit/fpu/dfma/fma/_16051_/X (sky130_fd_sc_hd__maj3_1)
   0.3764   11.6743 v core/FpPipeline/fpu_exe_unit/FPUUnit/fpu/dfma/fma/_16118_/X (sky130_fd_sc_hd__maj3_1)
   0.3716   12.0459 v core/FpPipeline/fpu_exe_unit/FPUUnit/fpu/dfma/fma/_16205_/X (sky130_fd_sc_hd__maj3_1)
   0.3696   12.4155 v core/FpPipeline/fpu_exe_unit/FPUUnit/fpu/dfma/fma/_16303_/X (sky130_fd_sc_hd__maj3_1)
   0.2276   12.6431 ^ core/FpPipeline/fpu_exe_unit/FPUUnit/fpu/dfma/fma/_16397_/Y (sky130_fd_sc_hd__o22ai_1)
   0.1101   12.7532 v core/FpPipeline/fpu_exe_unit/FPUUnit/fpu/dfma/fma/_16924_/Y (sky130_fd_sc_hd__a211oi_1)
   0.3411   13.0942 ^ core/FpPipeline/fpu_exe_unit/FPUUnit/fpu/dfma/fma/_16925_/Y (sky130_fd_sc_hd__o311ai_0)
   0.1916   13.2859 v core/FpPipeline/fpu_exe_unit/FPUUnit/fpu/dfma/fma/_17063_/Y (sky130_fd_sc_hd__nand4_1)
   0.2608   13.5467 ^ core/FpPipeline/fpu_exe_unit/FPUUnit/fpu/dfma/fma/_17356_/Y (sky130_fd_sc_hd__a211oi_1)
   0.2232   13.7699 v core/FpPipeline/fpu_exe_unit/FPUUnit/fpu/dfma/fma/_17676_/Y (sky130_fd_sc_hd__o311ai_0)
   0.3464   14.1163 ^ core/FpPipeline/fpu_exe_unit/FPUUnit/fpu/dfma/fma/_17985_/Y (sky130_fd_sc_hd__a211oi_1)
   0.1544   14.2707 v core/FpPipeline/fpu_exe_unit/FPUUnit/fpu/dfma/fma/_18286_/Y (sky130_fd_sc_hd__o211ai_1)
   0.4838   14.7545 ^ core/FpPipeline/fpu_exe_unit/FPUUnit/fpu/dfma/fma/_19008_/Y (sky130_fd_sc_hd__a2111oi_0)
   0.2138   14.9683 v core/FpPipeline/fpu_exe_unit/FPUUnit/fpu/dfma/fma/_19804_/Y (sky130_fd_sc_hd__a21oi_1)
   0.3577   15.3260 v core/FpPipeline/fpu_exe_unit/FPUUnit/fpu/dfma/fma/_21792_/X (sky130_fd_sc_hd__o31a_1)
   0.3666   15.6926 ^ core/FpPipeline/fpu_exe_unit/FPUUnit/fpu/dfma/fma/_22055_/Y (sky130_fd_sc_hd__o31ai_1)
   0.2541   15.9466 ^ core/FpPipeline/fpu_exe_unit/FPUUnit/fpu/dfma/fma/_22585_/X (sky130_fd_sc_hd__a221o_1)
   0.1319   16.0785 v core/FpPipeline/fpu_exe_unit/FPUUnit/fpu/dfma/fma/_23138_/Y (sky130_fd_sc_hd__a31oi_1)
   0.3718   16.4503 ^ core/FpPipeline/fpu_exe_unit/FPUUnit/fpu/dfma/fma/_23671_/Y (sky130_fd_sc_hd__o21ai_0)
   0.2962   16.7465 ^ core/FpPipeline/fpu_exe_unit/FPUUnit/fpu/dfma/fma/_25679_/X (sky130_fd_sc_hd__and4b_1)
   0.2439   16.9904 ^ core/FpPipeline/fpu_exe_unit/FPUUnit/fpu/dfma/fma/_26580_/X (sky130_fd_sc_hd__o2111a_1)
   0.1495   17.1399 v core/FpPipeline/fpu_exe_unit/FPUUnit/fpu/dfma/fma/_28099_/Y (sky130_fd_sc_hd__o2111ai_1)
   0.3197   17.4597 ^ core/FpPipeline/fpu_exe_unit/FPUUnit/fpu/dfma/fma/_28721_/Y (sky130_fd_sc_hd__o2111ai_1)
   0.1877   17.6474 v core/FpPipeline/fpu_exe_unit/FPUUnit/fpu/dfma/fma/_29003_/Y (sky130_fd_sc_hd__a31oi_1)
   0.2882   17.9355 ^ core/FpPipeline/fpu_exe_unit/FPUUnit/fpu/dfma/fma/_29260_/Y (sky130_fd_sc_hd__o221ai_1)
   0.1789   18.1144 v core/FpPipeline/fpu_exe_unit/FPUUnit/fpu/dfma/fma/_29513_/Y (sky130_fd_sc_hd__a22oi_1)
   0.4165   18.5309 v core/FpPipeline/fpu_exe_unit/FPUUnit/fpu/dfma/fma/_29739_/X (sky130_fd_sc_hd__o311a_1)
   0.1458   18.6767 ^ core/FpPipeline/fpu_exe_unit/FPUUnit/fpu/dfma/fma/_29837_/Y (sky130_fd_sc_hd__nor2_1)
   0.0644   18.7412 v core/FpPipeline/fpu_exe_unit/FPUUnit/fpu/dfma/fma/_29843_/Y (sky130_fd_sc_hd__nor2_1)
   0.1631   18.9043 v core/FpPipeline/fpu_exe_unit/FPUUnit/fpu/dfma/fma/_29941_/X (sky130_fd_sc_hd__xor2_1)
   0.1338   19.0381 ^ core/FpPipeline/fpu_exe_unit/FPUUnit/fpu/dfma/fma/_29943_/Y (sky130_fd_sc_hd__a21oi_1)
   0.0035   19.0416 ^ core/FpPipeline/fpu_exe_unit/FPUUnit/fpu/dfma/fma/_31063_/D (sky130_fd_sc_hd__dfxtp_1)
            19.0416   data arrival time

  20.0000   20.0000   clock clock (rise edge)
   0.0000   20.0000   clock network delay (ideal)
   0.0000   20.0000   clock reconvergence pessimism
            20.0000 ^ core/FpPipeline/fpu_exe_unit/FPUUnit/fpu/dfma/fma/_31063_/CLK (sky130_fd_sc_hd__dfxtp_1)
  -0.0711   19.9289   library setup time
            19.9289   data required time
-------------------------------------------------------------
            19.9289   data required time
           -19.0416   data arrival time
-------------------------------------------------------------
             0.8873   slack (MET)


Startpoint: core/alu_exe_unit/PipelinedMulUnit/imul/_56534_
            (rising edge-triggered flip-flop clocked by clock)
Endpoint: core/alu_exe_unit/PipelinedMulUnit/imul/_56664_
          (rising edge-triggered flip-flop clocked by clock)
Path Group: clock
Path Type: max

    Delay      Time   Description
-------------------------------------------------------------
   0.0000    0.0000   clock clock (rise edge)
   0.0000    0.0000   clock network delay (ideal)
   0.0000    0.0000 ^ core/alu_exe_unit/PipelinedMulUnit/imul/_56534_/CLK (sky130_fd_sc_hd__dfxtp_1)
   0.3800    0.3800 ^ core/alu_exe_unit/PipelinedMulUnit/imul/_56534_/Q (sky130_fd_sc_hd__dfxtp_1)
   0.2608    0.6408 ^ core/alu_exe_unit/PipelinedMulUnit/imul/_28773_/X (sky130_fd_sc_hd__clkbuf_1)
   0.1282    0.7691 v core/alu_exe_unit/PipelinedMulUnit/imul/_38772_/Y (sky130_fd_sc_hd__nand2_1)
   0.4064    1.1755 v core/alu_exe_unit/PipelinedMulUnit/imul/_38820_/X (sky130_fd_sc_hd__xor3_1)
   0.3651    1.5405 v core/alu_exe_unit/PipelinedMulUnit/imul/_38822_/X (sky130_fd_sc_hd__maj3_1)
   0.2861    1.8266 ^ core/alu_exe_unit/PipelinedMulUnit/imul/_38824_/X (sky130_fd_sc_hd__xor2_1)
   0.1517    1.9783 v core/alu_exe_unit/PipelinedMulUnit/imul/_38826_/Y (sky130_fd_sc_hd__o21ai_0)
   0.3985    2.3767 v core/alu_exe_unit/PipelinedMulUnit/imul/_38829_/X (sky130_fd_sc_hd__maj3_1)
   0.3902    2.7670 v core/alu_exe_unit/PipelinedMulUnit/imul/_38866_/X (sky130_fd_sc_hd__xor3_1)
   0.2564    3.0233 ^ core/alu_exe_unit/PipelinedMulUnit/imul/_38903_/Y (sky130_fd_sc_hd__xnor2_1)
   0.6499    3.6732 v core/alu_exe_unit/PipelinedMulUnit/imul/_38936_/X (sky130_fd_sc_hd__or4b_2)
   0.3847    4.0579 v core/alu_exe_unit/PipelinedMulUnit/imul/_38942_/X (sky130_fd_sc_hd__maj3_1)
   0.2658    4.3237 ^ core/alu_exe_unit/PipelinedMulUnit/imul/_38943_/X (sky130_fd_sc_hd__xor2_1)
   0.1583    4.4819 v core/alu_exe_unit/PipelinedMulUnit/imul/_38974_/Y (sky130_fd_sc_hd__o21ai_0)
   0.1784    4.6604 v core/alu_exe_unit/PipelinedMulUnit/imul/_38975_/X (sky130_fd_sc_hd__xor2_1)
   0.1870    4.8474 ^ core/alu_exe_unit/PipelinedMulUnit/imul/_38999_/Y (sky130_fd_sc_hd__a22oi_1)
   0.1607    5.0081 ^ core/alu_exe_unit/PipelinedMulUnit/imul/_39001_/X (sky130_fd_sc_hd__o21ba_2)
   0.0992    5.1073 v core/alu_exe_unit/PipelinedMulUnit/imul/_39003_/Y (sky130_fd_sc_hd__o21ai_0)
   0.2119    5.3192 ^ core/alu_exe_unit/PipelinedMulUnit/imul/_39006_/Y (sky130_fd_sc_hd__a31oi_1)
   0.1118    5.4310 v core/alu_exe_unit/PipelinedMulUnit/imul/_39008_/Y (sky130_fd_sc_hd__o21ai_0)
   0.1895    5.6205 ^ core/alu_exe_unit/PipelinedMulUnit/imul/_39011_/Y (sky130_fd_sc_hd__a21oi_1)
   0.0998    5.7203 v core/alu_exe_unit/PipelinedMulUnit/imul/_39014_/Y (sky130_fd_sc_hd__o211ai_1)
   0.2480    5.9682 ^ core/alu_exe_unit/PipelinedMulUnit/imul/_39015_/Y (sky130_fd_sc_hd__a32oi_1)
   0.1803    6.1485 v core/alu_exe_unit/PipelinedMulUnit/imul/_39020_/Y (sky130_fd_sc_hd__o21ai_0)
   0.1960    6.3445 ^ core/alu_exe_unit/PipelinedMulUnit/imul/_39025_/Y (sky130_fd_sc_hd__a31oi_1)
   0.1017    6.4462 v core/alu_exe_unit/PipelinedMulUnit/imul/_39030_/Y (sky130_fd_sc_hd__o31ai_1)
   0.2593    6.7055 ^ core/alu_exe_unit/PipelinedMulUnit/imul/_39033_/Y (sky130_fd_sc_hd__a211oi_1)
   0.1869    6.8924 ^ core/alu_exe_unit/PipelinedMulUnit/imul/_39034_/X (sky130_fd_sc_hd__or3_1)
   0.1488    7.0412 v core/alu_exe_unit/PipelinedMulUnit/imul/_39039_/Y (sky130_fd_sc_hd__a311oi_1)
   0.6040    7.6452 ^ core/alu_exe_unit/PipelinedMulUnit/imul/_39046_/Y (sky130_fd_sc_hd__o311ai_0)
   0.3034    7.9486 ^ core/alu_exe_unit/PipelinedMulUnit/imul/_39050_/X (sky130_fd_sc_hd__a311o_1)
   0.2368    8.1855 ^ core/alu_exe_unit/PipelinedMulUnit/imul/_39053_/X (sky130_fd_sc_hd__a311o_1)
   0.1096    8.2951 v core/alu_exe_unit/PipelinedMulUnit/imul/_39058_/Y (sky130_fd_sc_hd__a211oi_1)
   0.2851    8.5801 v core/alu_exe_unit/PipelinedMulUnit/imul/_39061_/X (sky130_fd_sc_hd__o311a_1)
   0.5404    9.1205 ^ core/alu_exe_unit/PipelinedMulUnit/imul/_39065_/Y (sky130_fd_sc_hd__o311ai_0)
   0.2582    9.3788 ^ core/alu_exe_unit/PipelinedMulUnit/imul/_39071_/X (sky130_fd_sc_hd__a311o_1)
   0.2073    9.5861 ^ core/alu_exe_unit/PipelinedMulUnit/imul/_39077_/X (sky130_fd_sc_hd__a311o_1)
   0.2364    9.8225 ^ core/alu_exe_unit/PipelinedMulUnit/imul/_39082_/X (sky130_fd_sc_hd__a311o_1)
   0.1407    9.9632 v core/alu_exe_unit/PipelinedMulUnit/imul/_39086_/Y (sky130_fd_sc_hd__a311oi_1)
   0.3195   10.2827 v core/alu_exe_unit/PipelinedMulUnit/imul/_39298_/X (sky130_fd_sc_hd__o311a_1)
   0.2549   10.5376 ^ core/alu_exe_unit/PipelinedMulUnit/imul/_39443_/Y (sky130_fd_sc_hd__a21oi_1)
   0.1690   10.7066 ^ core/alu_exe_unit/PipelinedMulUnit/imul/_39667_/Y (sky130_fd_sc_hd__nand4b_1)
   0.1095   10.8161 v core/alu_exe_unit/PipelinedMulUnit/imul/_40064_/Y (sky130_fd_sc_hd__a2111oi_0)
   0.3511   11.1672 v core/alu_exe_unit/PipelinedMulUnit/imul/_40737_/X (sky130_fd_sc_hd__o311a_1)
   0.2478   11.4150 ^ core/alu_exe_unit/PipelinedMulUnit/imul/_41070_/Y (sky130_fd_sc_hd__o21ai_0)
   0.2421   11.6571 ^ core/alu_exe_unit/PipelinedMulUnit/imul/_41755_/X (sky130_fd_sc_hd__a311o_1)
   0.1259   11.7830 v core/alu_exe_unit/PipelinedMulUnit/imul/_42422_/Y (sky130_fd_sc_hd__a311oi_1)
   0.5945   12.3775 ^ core/alu_exe_unit/PipelinedMulUnit/imul/_43094_/Y (sky130_fd_sc_hd__o311ai_0)
   0.2362   12.6137 v core/alu_exe_unit/PipelinedMulUnit/imul/_43747_/Y (sky130_fd_sc_hd__a311oi_1)
   0.6182   13.2319 ^ core/alu_exe_unit/PipelinedMulUnit/imul/_44418_/Y (sky130_fd_sc_hd__o311ai_0)
   0.2245   13.4563 v core/alu_exe_unit/PipelinedMulUnit/imul/_45071_/Y (sky130_fd_sc_hd__a311oi_1)
   0.2064   13.6628 v core/alu_exe_unit/PipelinedMulUnit/imul/_47260_/X (sky130_fd_sc_hd__and4_1)
   0.2108   13.8735 ^ core/alu_exe_unit/PipelinedMulUnit/imul/_49521_/Y (sky130_fd_sc_hd__o2111ai_1)
   0.1194   13.9929 v core/alu_exe_unit/PipelinedMulUnit/imul/_49782_/Y (sky130_fd_sc_hd__a21oi_1)
   0.2635   14.2564 ^ core/alu_exe_unit/PipelinedMulUnit/imul/_50316_/Y (sky130_fd_sc_hd__o21ai_0)
   0.1305   14.3870 v core/alu_exe_unit/PipelinedMulUnit/imul/_50858_/Y (sky130_fd_sc_hd__a21oi_1)
   0.3658   14.7528 v core/alu_exe_unit/PipelinedMulUnit/imul/_50871_/X (sky130_fd_sc_hd__o311a_1)
   0.3555   15.1083 v core/alu_exe_unit/PipelinedMulUnit/imul/_51630_/X (sky130_fd_sc_hd__o311a_1)
   0.2574   15.3657 v core/alu_exe_unit/PipelinedMulUnit/imul/_52120_/X (sky130_fd_sc_hd__o211a_1)
   0.3951   15.7608 v core/alu_exe_unit/PipelinedMulUnit/imul/_52797_/X (sky130_fd_sc_hd__o311a_1)
   0.3693   16.1301 v core/alu_exe_unit/PipelinedMulUnit/imul/_53467_/X (sky130_fd_sc_hd__o311a_1)
   0.2403   16.3704 ^ core/alu_exe_unit/PipelinedMulUnit/imul/_53881_/Y (sky130_fd_sc_hd__o211ai_1)
   0.1188   16.4892 v core/alu_exe_unit/PipelinedMulUnit/imul/_54311_/Y (sky130_fd_sc_hd__a211oi_1)
   0.3489   16.8381 v core/alu_exe_unit/PipelinedMulUnit/imul/_54711_/X (sky130_fd_sc_hd__o311a_1)
   0.3770   17.2151 ^ core/alu_exe_unit/PipelinedMulUnit/imul/_55083_/Y (sky130_fd_sc_hd__o311ai_0)
   0.1854   17.4004 v core/alu_exe_unit/PipelinedMulUnit/imul/_55256_/Y (sky130_fd_sc_hd__a21boi_0)
   0.2691   17.6695 ^ core/alu_exe_unit/PipelinedMulUnit/imul/_55416_/Y (sky130_fd_sc_hd__o21ai_0)
   0.1409   17.8105 v core/alu_exe_unit/PipelinedMulUnit/imul/_55595_/Y (sky130_fd_sc_hd__a21boi_0)
   0.2489   18.0593 ^ core/alu_exe_unit/PipelinedMulUnit/imul/_55748_/Y (sky130_fd_sc_hd__o21ai_0)
   0.1554   18.2147 v core/alu_exe_unit/PipelinedMulUnit/imul/_55916_/Y (sky130_fd_sc_hd__a21boi_0)
   0.2066   18.4213 v core/alu_exe_unit/PipelinedMulUnit/imul/_56071_/X (sky130_fd_sc_hd__o21a_1)
   0.1853   18.6066 v core/alu_exe_unit/PipelinedMulUnit/imul/_56237_/X (sky130_fd_sc_hd__o21a_1)
   0.2225   18.8291 ^ core/alu_exe_unit/PipelinedMulUnit/imul/_56369_/Y (sky130_fd_sc_hd__o31ai_1)
   0.0736   18.9028 v core/alu_exe_unit/PipelinedMulUnit/imul/_56370_/X (sky130_fd_sc_hd__lpflow_isobufsrc_1)
   0.1134   19.0161 ^ core/alu_exe_unit/PipelinedMulUnit/imul/_56375_/Y (sky130_fd_sc_hd__o22ai_1)
   0.0035   19.0196 ^ core/alu_exe_unit/PipelinedMulUnit/imul/_56664_/D (sky130_fd_sc_hd__dfxtp_1)
            19.0196   data arrival time

  20.0000   20.0000   clock clock (rise edge)
   0.0000   20.0000   clock network delay (ideal)
   0.0000   20.0000   clock reconvergence pessimism
            20.0000 ^ core/alu_exe_unit/PipelinedMulUnit/imul/_56664_/CLK (sky130_fd_sc_hd__dfxtp_1)
  -0.0762   19.9238   library setup time
            19.9238   data required time
-------------------------------------------------------------
            19.9238   data required time
           -19.0196   data arrival time
-------------------------------------------------------------
             0.9042   slack (MET)


Startpoint: core/_3979_ (rising edge-triggered flip-flop clocked by clock)
Endpoint: core/rename_stage/busytable/_2573_
          (rising edge-triggered flip-flop clocked by clock)
Path Group: clock
Path Type: max

    Delay      Time   Description
-------------------------------------------------------------
   0.0000    0.0000   clock clock (rise edge)
   0.0000    0.0000   clock network delay (ideal)
   0.0000    0.0000 ^ core/_3979_/CLK (sky130_fd_sc_hd__dfxtp_1)
   0.3332    0.3332 ^ core/_3979_/Q (sky130_fd_sc_hd__dfxtp_1)
   0.3006    0.6338 ^ core/_1880_/Y (sky130_fd_sc_hd__nor3b_1)
   0.1036    0.7374 v core/_1881_/Y (sky130_fd_sc_hd__nand2_1)
   5.0797    5.8171 ^ core/_1906_/Y (sky130_fd_sc_hd__o21ai_0)
   0.7998    6.6169 ^ lsu/_64414_/X (sky130_fd_sc_hd__buf_4)
   0.1206    6.7376 v dcache/_2795_/Y (sky130_fd_sc_hd__a22oi_1)
   0.2232    6.9607 v dcache/_2796_/X (sky130_fd_sc_hd__and4_1)
   0.0821    7.0429 ^ dcache/_2797_/Y (sky130_fd_sc_hd__nand2_1)
   0.0867    7.1296 v dcache/_2803_/Y (sky130_fd_sc_hd__nor4_1)
   0.0795    7.2091 ^ dcache/mshrs/_0615_/Y (sky130_fd_sc_hd__inv_1)
   0.0587    7.2678 v dcache/mshrs/_0616_/Y (sky130_fd_sc_hd__nor2_1)
   0.1498    7.4177 v dcache/mshrs/_0617_/Y (sky130_fd_sc_hd__a21boi_0)
   0.2381    7.6557 v dcache/mshrs/_0618_/X (sky130_fd_sc_hd__lpflow_inputiso0n_1)
   0.1857    7.8415 ^ dcache/mshrs/_0752_/Y (sky130_fd_sc_hd__a31oi_1)
   0.0689    7.9104 v dcache/mshrs/_0755_/Y (sky130_fd_sc_hd__nand2_1)
   0.2141    8.1244 v dcache/mshrs/_0756_/X (sky130_fd_sc_hd__a22o_1)
   0.1258    8.2503 v dcache/_2807_/X (sky130_fd_sc_hd__lpflow_isobufsrc_1)
   0.3604    8.6107 ^ dcache/_2808_/Y (sky130_fd_sc_hd__a2111oi_0)
   0.1294    8.7400 v dcache/_2809_/Y (sky130_fd_sc_hd__a311oi_1)
   0.1535    8.8935 ^ dcache/_2810_/X (sky130_fd_sc_hd__lpflow_isobufsrc_1)
   0.0805    8.9740 v dcache/_2812_/Y (sky130_fd_sc_hd__nor3_1)
   0.2226    9.1966 v dcache/_3359_/X (sky130_fd_sc_hd__lpflow_clkbufkapwr_1)
   0.3193    9.5159 v dcache/_3361_/X (sky130_fd_sc_hd__mux2_2)
   0.1608    9.6766 v lsu/_33285_/X (sky130_fd_sc_hd__clkbuf_1)
   0.8519   10.5285 ^ lsu/_33304_/Y (sky130_fd_sc_hd__nor4_1)
   0.1470   10.6755 v lsu/_33305_/Y (sky130_fd_sc_hd__a222oi_1)
   0.1060   10.7815 ^ lsu/_33311_/Y (sky130_fd_sc_hd__nand2_1)
   0.0657   10.8472 v lsu/_33321_/Y (sky130_fd_sc_hd__nor3_1)
   0.2807   11.1279 v lsu/_33539_/X (sky130_fd_sc_hd__or2_2)
   0.0670   11.1949 ^ lsu/_33540_/Y (sky130_fd_sc_hd__nand2_1)
   0.1031   11.2980 v lsu/_33545_/Y (sky130_fd_sc_hd__o21ai_0)
   0.1640   11.4620 v core/memExeUnit/_191_/X (sky130_fd_sc_hd__buf_4)
   0.1818   11.6438 v core/ll_wbarb/_009_/X (sky130_fd_sc_hd__clkbuf_1)
   0.2456   11.8895 v core/ll_wbarb/_010_/X (sky130_fd_sc_hd__clkbuf_1)
   0.0813   11.9708 ^ core/ll_wbarb/_099_/Y (sky130_fd_sc_hd__inv_1)
   0.1445   12.1153 ^ core/FpPipeline/_2061_/X (sky130_fd_sc_hd__lpflow_inputiso0n_1)
   0.0722   12.1876 v core/FpPipeline/_2071_/Y (sky130_fd_sc_hd__nand2_1)
   0.0986   12.2861 ^ core/FpPipeline/_2073_/Y (sky130_fd_sc_hd__a21oi_1)
   0.1152   12.4013 ^ core/ll_wbarb/_100_/X (sky130_fd_sc_hd__or2_2)
   4.8833   17.2846 ^ core/_3767_/Y (sky130_fd_sc_hd__nor3b_1)
   0.7911   18.0757 v core/rename_stage/busytable/_2117_/Y (sky130_fd_sc_hd__nand3b_1)
   0.4088   18.4845 v core/rename_stage/busytable/_2118_/X (sky130_fd_sc_hd__clkbuf_1)
   0.3147   18.7992 v core/rename_stage/busytable/_2379_/X (sky130_fd_sc_hd__o32a_1)
   0.0824   18.8816 ^ core/rename_stage/busytable/_2380_/Y (sky130_fd_sc_hd__nand3_1)
   0.0588   18.9404 v core/rename_stage/busytable/_2382_/Y (sky130_fd_sc_hd__a21oi_1)
   0.0035   18.9439 v core/rename_stage/busytable/_2573_/D (sky130_fd_sc_hd__dfxtp_1)
            18.9439   data arrival time

  20.0000   20.0000   clock clock (rise edge)
   0.0000   20.0000   clock network delay (ideal)
   0.0000   20.0000   clock reconvergence pessimism
            20.0000 ^ core/rename_stage/busytable/_2573_/CLK (sky130_fd_sc_hd__dfxtp_1)
  -0.1339   19.8661   library setup time
            19.8661   data required time
-------------------------------------------------------------
            19.8661   data required time
           -18.9439   data arrival time
-------------------------------------------------------------
             0.9222   slack (MET)


Startpoint: core/_3979_ (rising edge-triggered flip-flop clocked by clock)
Endpoint: core/rename_stage/busytable/_2563_
          (rising edge-triggered flip-flop clocked by clock)
Path Group: clock
Path Type: max

    Delay      Time   Description
-------------------------------------------------------------
   0.0000    0.0000   clock clock (rise edge)
   0.0000    0.0000   clock network delay (ideal)
   0.0000    0.0000 ^ core/_3979_/CLK (sky130_fd_sc_hd__dfxtp_1)
   0.3332    0.3332 ^ core/_3979_/Q (sky130_fd_sc_hd__dfxtp_1)
   0.3006    0.6338 ^ core/_1880_/Y (sky130_fd_sc_hd__nor3b_1)
   0.1036    0.7374 v core/_1881_/Y (sky130_fd_sc_hd__nand2_1)
   5.0797    5.8171 ^ core/_1906_/Y (sky130_fd_sc_hd__o21ai_0)
   0.7998    6.6169 ^ lsu/_64414_/X (sky130_fd_sc_hd__buf_4)
   0.1206    6.7376 v dcache/_2795_/Y (sky130_fd_sc_hd__a22oi_1)
   0.2232    6.9607 v dcache/_2796_/X (sky130_fd_sc_hd__and4_1)
   0.0821    7.0429 ^ dcache/_2797_/Y (sky130_fd_sc_hd__nand2_1)
   0.0867    7.1296 v dcache/_2803_/Y (sky130_fd_sc_hd__nor4_1)
   0.0795    7.2091 ^ dcache/mshrs/_0615_/Y (sky130_fd_sc_hd__inv_1)
   0.0587    7.2678 v dcache/mshrs/_0616_/Y (sky130_fd_sc_hd__nor2_1)
   0.1498    7.4177 v dcache/mshrs/_0617_/Y (sky130_fd_sc_hd__a21boi_0)
   0.2381    7.6557 v dcache/mshrs/_0618_/X (sky130_fd_sc_hd__lpflow_inputiso0n_1)
   0.1857    7.8415 ^ dcache/mshrs/_0752_/Y (sky130_fd_sc_hd__a31oi_1)
   0.0689    7.9104 v dcache/mshrs/_0755_/Y (sky130_fd_sc_hd__nand2_1)
   0.2141    8.1244 v dcache/mshrs/_0756_/X (sky130_fd_sc_hd__a22o_1)
   0.1258    8.2503 v dcache/_2807_/X (sky130_fd_sc_hd__lpflow_isobufsrc_1)
   0.3604    8.6107 ^ dcache/_2808_/Y (sky130_fd_sc_hd__a2111oi_0)
   0.1294    8.7400 v dcache/_2809_/Y (sky130_fd_sc_hd__a311oi_1)
   0.1535    8.8935 ^ dcache/_2810_/X (sky130_fd_sc_hd__lpflow_isobufsrc_1)
   0.0805    8.9740 v dcache/_2812_/Y (sky130_fd_sc_hd__nor3_1)
   0.2226    9.1966 v dcache/_3359_/X (sky130_fd_sc_hd__lpflow_clkbufkapwr_1)
   0.3193    9.5159 v dcache/_3361_/X (sky130_fd_sc_hd__mux2_2)
   0.1608    9.6766 v lsu/_33285_/X (sky130_fd_sc_hd__clkbuf_1)
   0.8519   10.5285 ^ lsu/_33304_/Y (sky130_fd_sc_hd__nor4_1)
   0.1470   10.6755 v lsu/_33305_/Y (sky130_fd_sc_hd__a222oi_1)
   0.1060   10.7815 ^ lsu/_33311_/Y (sky130_fd_sc_hd__nand2_1)
   0.0657   10.8472 v lsu/_33321_/Y (sky130_fd_sc_hd__nor3_1)
   0.2807   11.1279 v lsu/_33539_/X (sky130_fd_sc_hd__or2_2)
   0.0670   11.1949 ^ lsu/_33540_/Y (sky130_fd_sc_hd__nand2_1)
   0.1031   11.2980 v lsu/_33545_/Y (sky130_fd_sc_hd__o21ai_0)
   0.1640   11.4620 v core/memExeUnit/_191_/X (sky130_fd_sc_hd__buf_4)
   0.1818   11.6438 v core/ll_wbarb/_009_/X (sky130_fd_sc_hd__clkbuf_1)
   0.2456   11.8895 v core/ll_wbarb/_010_/X (sky130_fd_sc_hd__clkbuf_1)
   0.0813   11.9708 ^ core/ll_wbarb/_099_/Y (sky130_fd_sc_hd__inv_1)
   0.1445   12.1153 ^ core/FpPipeline/_2061_/X (sky130_fd_sc_hd__lpflow_inputiso0n_1)
   0.0722   12.1876 v core/FpPipeline/_2071_/Y (sky130_fd_sc_hd__nand2_1)
   0.0986   12.2861 ^ core/FpPipeline/_2073_/Y (sky130_fd_sc_hd__a21oi_1)
   0.1152   12.4013 ^ core/ll_wbarb/_100_/X (sky130_fd_sc_hd__or2_2)
   4.8833   17.2846 ^ core/_3767_/Y (sky130_fd_sc_hd__nor3b_1)
   0.7911   18.0757 v core/rename_stage/busytable/_2117_/Y (sky130_fd_sc_hd__nand3b_1)
   0.4088   18.4845 v core/rename_stage/busytable/_2118_/X (sky130_fd_sc_hd__clkbuf_1)
   0.1956   18.6801 ^ core/rename_stage/busytable/_2298_/Y (sky130_fd_sc_hd__nor4_1)
   0.0682   18.7483 v core/rename_stage/busytable/_2299_/Y (sky130_fd_sc_hd__a31oi_1)
   0.1061   18.8544 ^ core/rename_stage/busytable/_2300_/Y (sky130_fd_sc_hd__nand4_1)
   0.0718   18.9262 v core/rename_stage/busytable/_2303_/Y (sky130_fd_sc_hd__a31oi_1)
   0.0035   18.9297 v core/rename_stage/busytable/_2563_/D (sky130_fd_sc_hd__dfxtp_1)
            18.9297   data arrival time

  20.0000   20.0000   clock clock (rise edge)
   0.0000   20.0000   clock network delay (ideal)
   0.0000   20.0000   clock reconvergence pessimism
            20.0000 ^ core/rename_stage/busytable/_2563_/CLK (sky130_fd_sc_hd__dfxtp_1)
  -0.1341   19.8659   library setup time
            19.8659   data required time
-------------------------------------------------------------
            19.8659   data required time
           -18.9297   data arrival time
-------------------------------------------------------------
             0.9362   slack (MET)


Startpoint: core/_3979_ (rising edge-triggered flip-flop clocked by clock)
Endpoint: core/rename_stage/busytable/_2556_
          (rising edge-triggered flip-flop clocked by clock)
Path Group: clock
Path Type: max

    Delay      Time   Description
-------------------------------------------------------------
   0.0000    0.0000   clock clock (rise edge)
   0.0000    0.0000   clock network delay (ideal)
   0.0000    0.0000 ^ core/_3979_/CLK (sky130_fd_sc_hd__dfxtp_1)
   0.3332    0.3332 ^ core/_3979_/Q (sky130_fd_sc_hd__dfxtp_1)
   0.3006    0.6338 ^ core/_1880_/Y (sky130_fd_sc_hd__nor3b_1)
   0.1036    0.7374 v core/_1881_/Y (sky130_fd_sc_hd__nand2_1)
   5.0797    5.8171 ^ core/_1906_/Y (sky130_fd_sc_hd__o21ai_0)
   0.7998    6.6169 ^ lsu/_64414_/X (sky130_fd_sc_hd__buf_4)
   0.1206    6.7376 v dcache/_2795_/Y (sky130_fd_sc_hd__a22oi_1)
   0.2232    6.9607 v dcache/_2796_/X (sky130_fd_sc_hd__and4_1)
   0.0821    7.0429 ^ dcache/_2797_/Y (sky130_fd_sc_hd__nand2_1)
   0.0867    7.1296 v dcache/_2803_/Y (sky130_fd_sc_hd__nor4_1)
   0.0795    7.2091 ^ dcache/mshrs/_0615_/Y (sky130_fd_sc_hd__inv_1)
   0.0587    7.2678 v dcache/mshrs/_0616_/Y (sky130_fd_sc_hd__nor2_1)
   0.1498    7.4177 v dcache/mshrs/_0617_/Y (sky130_fd_sc_hd__a21boi_0)
   0.2381    7.6557 v dcache/mshrs/_0618_/X (sky130_fd_sc_hd__lpflow_inputiso0n_1)
   0.1857    7.8415 ^ dcache/mshrs/_0752_/Y (sky130_fd_sc_hd__a31oi_1)
   0.0689    7.9104 v dcache/mshrs/_0755_/Y (sky130_fd_sc_hd__nand2_1)
   0.2141    8.1244 v dcache/mshrs/_0756_/X (sky130_fd_sc_hd__a22o_1)
   0.1258    8.2503 v dcache/_2807_/X (sky130_fd_sc_hd__lpflow_isobufsrc_1)
   0.3604    8.6107 ^ dcache/_2808_/Y (sky130_fd_sc_hd__a2111oi_0)
   0.1294    8.7400 v dcache/_2809_/Y (sky130_fd_sc_hd__a311oi_1)
   0.1535    8.8935 ^ dcache/_2810_/X (sky130_fd_sc_hd__lpflow_isobufsrc_1)
   0.0805    8.9740 v dcache/_2812_/Y (sky130_fd_sc_hd__nor3_1)
   0.2226    9.1966 v dcache/_3359_/X (sky130_fd_sc_hd__lpflow_clkbufkapwr_1)
   0.3193    9.5159 v dcache/_3361_/X (sky130_fd_sc_hd__mux2_2)
   0.1608    9.6766 v lsu/_33285_/X (sky130_fd_sc_hd__clkbuf_1)
   0.8519   10.5285 ^ lsu/_33304_/Y (sky130_fd_sc_hd__nor4_1)
   0.1470   10.6755 v lsu/_33305_/Y (sky130_fd_sc_hd__a222oi_1)
   0.1060   10.7815 ^ lsu/_33311_/Y (sky130_fd_sc_hd__nand2_1)
   0.0657   10.8472 v lsu/_33321_/Y (sky130_fd_sc_hd__nor3_1)
   0.2807   11.1279 v lsu/_33539_/X (sky130_fd_sc_hd__or2_2)
   0.0670   11.1949 ^ lsu/_33540_/Y (sky130_fd_sc_hd__nand2_1)
   0.1031   11.2980 v lsu/_33545_/Y (sky130_fd_sc_hd__o21ai_0)
   0.1640   11.4620 v core/memExeUnit/_191_/X (sky130_fd_sc_hd__buf_4)
   0.1818   11.6438 v core/ll_wbarb/_009_/X (sky130_fd_sc_hd__clkbuf_1)
   0.2456   11.8895 v core/ll_wbarb/_010_/X (sky130_fd_sc_hd__clkbuf_1)
   0.0813   11.9708 ^ core/ll_wbarb/_099_/Y (sky130_fd_sc_hd__inv_1)
   0.1445   12.1153 ^ core/FpPipeline/_2061_/X (sky130_fd_sc_hd__lpflow_inputiso0n_1)
   0.0722   12.1876 v core/FpPipeline/_2071_/Y (sky130_fd_sc_hd__nand2_1)
   0.0986   12.2861 ^ core/FpPipeline/_2073_/Y (sky130_fd_sc_hd__a21oi_1)
   0.1152   12.4013 ^ core/ll_wbarb/_100_/X (sky130_fd_sc_hd__or2_2)
   4.8833   17.2846 ^ core/_3767_/Y (sky130_fd_sc_hd__nor3b_1)
   0.7911   18.0757 v core/rename_stage/busytable/_2117_/Y (sky130_fd_sc_hd__nand3b_1)
   0.5521   18.6279 ^ core/rename_stage/busytable/_2238_/Y (sky130_fd_sc_hd__o32ai_1)
   0.0903   18.7182 v core/rename_stage/busytable/_2239_/Y (sky130_fd_sc_hd__a221oi_1)
   0.1159   18.8341 ^ core/rename_stage/busytable/_2240_/Y (sky130_fd_sc_hd__o211ai_1)
   0.0810   18.9151 v core/rename_stage/busytable/_2243_/Y (sky130_fd_sc_hd__a21oi_1)
   0.0035   18.9186 v core/rename_stage/busytable/_2556_/D (sky130_fd_sc_hd__dfxtp_1)
            18.9186   data arrival time

  20.0000   20.0000   clock clock (rise edge)
   0.0000   20.0000   clock network delay (ideal)
   0.0000   20.0000   clock reconvergence pessimism
            20.0000 ^ core/rename_stage/busytable/_2556_/CLK (sky130_fd_sc_hd__dfxtp_1)
  -0.1339   19.8661   library setup time
            19.8661   data required time
-------------------------------------------------------------
            19.8661   data required time
           -18.9186   data arrival time
-------------------------------------------------------------
             0.9476   slack (MET)


Startpoint: core/_3979_ (rising edge-triggered flip-flop clocked by clock)
Endpoint: core/rename_stage/busytable/_2562_
          (rising edge-triggered flip-flop clocked by clock)
Path Group: clock
Path Type: max

    Delay      Time   Description
-------------------------------------------------------------
   0.0000    0.0000   clock clock (rise edge)
   0.0000    0.0000   clock network delay (ideal)
   0.0000    0.0000 ^ core/_3979_/CLK (sky130_fd_sc_hd__dfxtp_1)
   0.3332    0.3332 ^ core/_3979_/Q (sky130_fd_sc_hd__dfxtp_1)
   0.3006    0.6338 ^ core/_1880_/Y (sky130_fd_sc_hd__nor3b_1)
   0.1036    0.7374 v core/_1881_/Y (sky130_fd_sc_hd__nand2_1)
   5.0797    5.8171 ^ core/_1906_/Y (sky130_fd_sc_hd__o21ai_0)
   0.7998    6.6169 ^ lsu/_64414_/X (sky130_fd_sc_hd__buf_4)
   0.1206    6.7376 v dcache/_2795_/Y (sky130_fd_sc_hd__a22oi_1)
   0.2232    6.9607 v dcache/_2796_/X (sky130_fd_sc_hd__and4_1)
   0.0821    7.0429 ^ dcache/_2797_/Y (sky130_fd_sc_hd__nand2_1)
   0.0867    7.1296 v dcache/_2803_/Y (sky130_fd_sc_hd__nor4_1)
   0.0795    7.2091 ^ dcache/mshrs/_0615_/Y (sky130_fd_sc_hd__inv_1)
   0.0587    7.2678 v dcache/mshrs/_0616_/Y (sky130_fd_sc_hd__nor2_1)
   0.1498    7.4177 v dcache/mshrs/_0617_/Y (sky130_fd_sc_hd__a21boi_0)
   0.2381    7.6557 v dcache/mshrs/_0618_/X (sky130_fd_sc_hd__lpflow_inputiso0n_1)
   0.1857    7.8415 ^ dcache/mshrs/_0752_/Y (sky130_fd_sc_hd__a31oi_1)
   0.0689    7.9104 v dcache/mshrs/_0755_/Y (sky130_fd_sc_hd__nand2_1)
   0.2141    8.1244 v dcache/mshrs/_0756_/X (sky130_fd_sc_hd__a22o_1)
   0.1258    8.2503 v dcache/_2807_/X (sky130_fd_sc_hd__lpflow_isobufsrc_1)
   0.3604    8.6107 ^ dcache/_2808_/Y (sky130_fd_sc_hd__a2111oi_0)
   0.1294    8.7400 v dcache/_2809_/Y (sky130_fd_sc_hd__a311oi_1)
   0.1535    8.8935 ^ dcache/_2810_/X (sky130_fd_sc_hd__lpflow_isobufsrc_1)
   0.0805    8.9740 v dcache/_2812_/Y (sky130_fd_sc_hd__nor3_1)
   0.2226    9.1966 v dcache/_3359_/X (sky130_fd_sc_hd__lpflow_clkbufkapwr_1)
   0.3193    9.5159 v dcache/_3361_/X (sky130_fd_sc_hd__mux2_2)
   0.1608    9.6766 v lsu/_33285_/X (sky130_fd_sc_hd__clkbuf_1)
   0.8519   10.5285 ^ lsu/_33304_/Y (sky130_fd_sc_hd__nor4_1)
   0.1470   10.6755 v lsu/_33305_/Y (sky130_fd_sc_hd__a222oi_1)
   0.1060   10.7815 ^ lsu/_33311_/Y (sky130_fd_sc_hd__nand2_1)
   0.0657   10.8472 v lsu/_33321_/Y (sky130_fd_sc_hd__nor3_1)
   0.2807   11.1279 v lsu/_33539_/X (sky130_fd_sc_hd__or2_2)
   0.0670   11.1949 ^ lsu/_33540_/Y (sky130_fd_sc_hd__nand2_1)
   0.1031   11.2980 v lsu/_33545_/Y (sky130_fd_sc_hd__o21ai_0)
   0.1640   11.4620 v core/memExeUnit/_191_/X (sky130_fd_sc_hd__buf_4)
   0.1818   11.6438 v core/ll_wbarb/_009_/X (sky130_fd_sc_hd__clkbuf_1)
   0.2456   11.8895 v core/ll_wbarb/_010_/X (sky130_fd_sc_hd__clkbuf_1)
   0.0813   11.9708 ^ core/ll_wbarb/_099_/Y (sky130_fd_sc_hd__inv_1)
   0.1445   12.1153 ^ core/FpPipeline/_2061_/X (sky130_fd_sc_hd__lpflow_inputiso0n_1)
   0.0722   12.1876 v core/FpPipeline/_2071_/Y (sky130_fd_sc_hd__nand2_1)
   0.0986   12.2861 ^ core/FpPipeline/_2073_/Y (sky130_fd_sc_hd__a21oi_1)
   0.1152   12.4013 ^ core/ll_wbarb/_100_/X (sky130_fd_sc_hd__or2_2)
   4.8833   17.2846 ^ core/_3767_/Y (sky130_fd_sc_hd__nor3b_1)
   0.7911   18.0757 v core/rename_stage/busytable/_2117_/Y (sky130_fd_sc_hd__nand3b_1)
   0.4088   18.4845 v core/rename_stage/busytable/_2118_/X (sky130_fd_sc_hd__clkbuf_1)
   0.1797   18.6642 ^ core/rename_stage/busytable/_2289_/Y (sky130_fd_sc_hd__o21ai_0)
   0.0590   18.7233 v core/rename_stage/busytable/_2290_/Y (sky130_fd_sc_hd__a31oi_1)
   0.1098   18.8330 ^ core/rename_stage/busytable/_2291_/Y (sky130_fd_sc_hd__nand4_1)
   0.0740   18.9070 v core/rename_stage/busytable/_2294_/Y (sky130_fd_sc_hd__a31oi_1)
   0.0035   18.9105 v core/rename_stage/busytable/_2562_/D (sky130_fd_sc_hd__dfxtp_1)
            18.9105   data arrival time

  20.0000   20.0000   clock clock (rise edge)
   0.0000   20.0000   clock network delay (ideal)
   0.0000   20.0000   clock reconvergence pessimism
            20.0000 ^ core/rename_stage/busytable/_2562_/CLK (sky130_fd_sc_hd__dfxtp_1)
  -0.1341   19.8659   library setup time
            19.8659   data required time
-------------------------------------------------------------
            19.8659   data required time
           -18.9105   data arrival time
-------------------------------------------------------------
             0.9554   slack (MET)


Startpoint: core/_3979_ (rising edge-triggered flip-flop clocked by clock)
Endpoint: core/rename_stage/busytable/_2543_
          (rising edge-triggered flip-flop clocked by clock)
Path Group: clock
Path Type: max

    Delay      Time   Description
-------------------------------------------------------------
   0.0000    0.0000   clock clock (rise edge)
   0.0000    0.0000   clock network delay (ideal)
   0.0000    0.0000 ^ core/_3979_/CLK (sky130_fd_sc_hd__dfxtp_1)
   0.3332    0.3332 ^ core/_3979_/Q (sky130_fd_sc_hd__dfxtp_1)
   0.3006    0.6338 ^ core/_1880_/Y (sky130_fd_sc_hd__nor3b_1)
   0.1036    0.7374 v core/_1881_/Y (sky130_fd_sc_hd__nand2_1)
   5.0797    5.8171 ^ core/_1906_/Y (sky130_fd_sc_hd__o21ai_0)
   0.7998    6.6169 ^ lsu/_64414_/X (sky130_fd_sc_hd__buf_4)
   0.1206    6.7376 v dcache/_2795_/Y (sky130_fd_sc_hd__a22oi_1)
   0.2232    6.9607 v dcache/_2796_/X (sky130_fd_sc_hd__and4_1)
   0.0821    7.0429 ^ dcache/_2797_/Y (sky130_fd_sc_hd__nand2_1)
   0.0867    7.1296 v dcache/_2803_/Y (sky130_fd_sc_hd__nor4_1)
   0.0795    7.2091 ^ dcache/mshrs/_0615_/Y (sky130_fd_sc_hd__inv_1)
   0.0587    7.2678 v dcache/mshrs/_0616_/Y (sky130_fd_sc_hd__nor2_1)
   0.1498    7.4177 v dcache/mshrs/_0617_/Y (sky130_fd_sc_hd__a21boi_0)
   0.2381    7.6557 v dcache/mshrs/_0618_/X (sky130_fd_sc_hd__lpflow_inputiso0n_1)
   0.1857    7.8415 ^ dcache/mshrs/_0752_/Y (sky130_fd_sc_hd__a31oi_1)
   0.0689    7.9104 v dcache/mshrs/_0755_/Y (sky130_fd_sc_hd__nand2_1)
   0.2141    8.1244 v dcache/mshrs/_0756_/X (sky130_fd_sc_hd__a22o_1)
   0.1258    8.2503 v dcache/_2807_/X (sky130_fd_sc_hd__lpflow_isobufsrc_1)
   0.3604    8.6107 ^ dcache/_2808_/Y (sky130_fd_sc_hd__a2111oi_0)
   0.1294    8.7400 v dcache/_2809_/Y (sky130_fd_sc_hd__a311oi_1)
   0.1535    8.8935 ^ dcache/_2810_/X (sky130_fd_sc_hd__lpflow_isobufsrc_1)
   0.0805    8.9740 v dcache/_2812_/Y (sky130_fd_sc_hd__nor3_1)
   0.2226    9.1966 v dcache/_3359_/X (sky130_fd_sc_hd__lpflow_clkbufkapwr_1)
   0.3193    9.5159 v dcache/_3361_/X (sky130_fd_sc_hd__mux2_2)
   0.1608    9.6766 v lsu/_33285_/X (sky130_fd_sc_hd__clkbuf_1)
   0.8519   10.5285 ^ lsu/_33304_/Y (sky130_fd_sc_hd__nor4_1)
   0.1470   10.6755 v lsu/_33305_/Y (sky130_fd_sc_hd__a222oi_1)
   0.1060   10.7815 ^ lsu/_33311_/Y (sky130_fd_sc_hd__nand2_1)
   0.0657   10.8472 v lsu/_33321_/Y (sky130_fd_sc_hd__nor3_1)
   0.2807   11.1279 v lsu/_33539_/X (sky130_fd_sc_hd__or2_2)
   0.0670   11.1949 ^ lsu/_33540_/Y (sky130_fd_sc_hd__nand2_1)
   0.1031   11.2980 v lsu/_33545_/Y (sky130_fd_sc_hd__o21ai_0)
   0.1640   11.4620 v core/memExeUnit/_191_/X (sky130_fd_sc_hd__buf_4)
   0.1818   11.6438 v core/ll_wbarb/_009_/X (sky130_fd_sc_hd__clkbuf_1)
   0.2456   11.8895 v core/ll_wbarb/_010_/X (sky130_fd_sc_hd__clkbuf_1)
   0.0813   11.9708 ^ core/ll_wbarb/_099_/Y (sky130_fd_sc_hd__inv_1)
   0.1445   12.1153 ^ core/FpPipeline/_2061_/X (sky130_fd_sc_hd__lpflow_inputiso0n_1)
   0.0722   12.1876 v core/FpPipeline/_2071_/Y (sky130_fd_sc_hd__nand2_1)
   0.0986   12.2861 ^ core/FpPipeline/_2073_/Y (sky130_fd_sc_hd__a21oi_1)
   0.1152   12.4013 ^ core/ll_wbarb/_100_/X (sky130_fd_sc_hd__or2_2)
   4.8833   17.2846 ^ core/_3767_/Y (sky130_fd_sc_hd__nor3b_1)
   0.7911   18.0757 v core/rename_stage/busytable/_2117_/Y (sky130_fd_sc_hd__nand3b_1)
   0.4445   18.5203 ^ core/rename_stage/busytable/_2138_/Y (sky130_fd_sc_hd__o21ai_0)
   0.0996   18.6199 v core/rename_stage/busytable/_2145_/Y (sky130_fd_sc_hd__nor3_1)
   0.2142   18.8341 ^ core/rename_stage/busytable/_2146_/Y (sky130_fd_sc_hd__a221oi_1)
   0.0620   18.8961 v core/rename_stage/busytable/_2147_/Y (sky130_fd_sc_hd__nor2_1)
   0.0035   18.8996 v core/rename_stage/busytable/_2543_/D (sky130_fd_sc_hd__dfxtp_1)
            18.8996   data arrival time

  20.0000   20.0000   clock clock (rise edge)
   0.0000   20.0000   clock network delay (ideal)
   0.0000   20.0000   clock reconvergence pessimism
            20.0000 ^ core/rename_stage/busytable/_2543_/CLK (sky130_fd_sc_hd__dfxtp_1)
  -0.1293   19.8707   library setup time
            19.8707   data required time
-------------------------------------------------------------
            19.8707   data required time
           -18.8996   data arrival time
-------------------------------------------------------------
             0.9711   slack (MET)


Startpoint: core/_3979_ (rising edge-triggered flip-flop clocked by clock)
Endpoint: core/rename_stage/busytable/_2551_
          (rising edge-triggered flip-flop clocked by clock)
Path Group: clock
Path Type: max

    Delay      Time   Description
-------------------------------------------------------------
   0.0000    0.0000   clock clock (rise edge)
   0.0000    0.0000   clock network delay (ideal)
   0.0000    0.0000 ^ core/_3979_/CLK (sky130_fd_sc_hd__dfxtp_1)
   0.3332    0.3332 ^ core/_3979_/Q (sky130_fd_sc_hd__dfxtp_1)
   0.3006    0.6338 ^ core/_1880_/Y (sky130_fd_sc_hd__nor3b_1)
   0.1036    0.7374 v core/_1881_/Y (sky130_fd_sc_hd__nand2_1)
   5.0797    5.8171 ^ core/_1906_/Y (sky130_fd_sc_hd__o21ai_0)
   0.7998    6.6169 ^ lsu/_64414_/X (sky130_fd_sc_hd__buf_4)
   0.1206    6.7376 v dcache/_2795_/Y (sky130_fd_sc_hd__a22oi_1)
   0.2232    6.9607 v dcache/_2796_/X (sky130_fd_sc_hd__and4_1)
   0.0821    7.0429 ^ dcache/_2797_/Y (sky130_fd_sc_hd__nand2_1)
   0.0867    7.1296 v dcache/_2803_/Y (sky130_fd_sc_hd__nor4_1)
   0.0795    7.2091 ^ dcache/mshrs/_0615_/Y (sky130_fd_sc_hd__inv_1)
   0.0587    7.2678 v dcache/mshrs/_0616_/Y (sky130_fd_sc_hd__nor2_1)
   0.1498    7.4177 v dcache/mshrs/_0617_/Y (sky130_fd_sc_hd__a21boi_0)
   0.2381    7.6557 v dcache/mshrs/_0618_/X (sky130_fd_sc_hd__lpflow_inputiso0n_1)
   0.1857    7.8415 ^ dcache/mshrs/_0752_/Y (sky130_fd_sc_hd__a31oi_1)
   0.0689    7.9104 v dcache/mshrs/_0755_/Y (sky130_fd_sc_hd__nand2_1)
   0.2141    8.1244 v dcache/mshrs/_0756_/X (sky130_fd_sc_hd__a22o_1)
   0.1258    8.2503 v dcache/_2807_/X (sky130_fd_sc_hd__lpflow_isobufsrc_1)
   0.3604    8.6107 ^ dcache/_2808_/Y (sky130_fd_sc_hd__a2111oi_0)
   0.1294    8.7400 v dcache/_2809_/Y (sky130_fd_sc_hd__a311oi_1)
   0.1535    8.8935 ^ dcache/_2810_/X (sky130_fd_sc_hd__lpflow_isobufsrc_1)
   0.0805    8.9740 v dcache/_2812_/Y (sky130_fd_sc_hd__nor3_1)
   0.2226    9.1966 v dcache/_3359_/X (sky130_fd_sc_hd__lpflow_clkbufkapwr_1)
   0.3193    9.5159 v dcache/_3361_/X (sky130_fd_sc_hd__mux2_2)
   0.1608    9.6766 v lsu/_33285_/X (sky130_fd_sc_hd__clkbuf_1)
   0.8519   10.5285 ^ lsu/_33304_/Y (sky130_fd_sc_hd__nor4_1)
   0.1470   10.6755 v lsu/_33305_/Y (sky130_fd_sc_hd__a222oi_1)
   0.1060   10.7815 ^ lsu/_33311_/Y (sky130_fd_sc_hd__nand2_1)
   0.0657   10.8472 v lsu/_33321_/Y (sky130_fd_sc_hd__nor3_1)
   0.2807   11.1279 v lsu/_33539_/X (sky130_fd_sc_hd__or2_2)
   0.0670   11.1949 ^ lsu/_33540_/Y (sky130_fd_sc_hd__nand2_1)
   0.1031   11.2980 v lsu/_33545_/Y (sky130_fd_sc_hd__o21ai_0)
   0.1640   11.4620 v core/memExeUnit/_191_/X (sky130_fd_sc_hd__buf_4)
   0.1818   11.6438 v core/ll_wbarb/_009_/X (sky130_fd_sc_hd__clkbuf_1)
   0.2456   11.8895 v core/ll_wbarb/_010_/X (sky130_fd_sc_hd__clkbuf_1)
   0.0813   11.9708 ^ core/ll_wbarb/_099_/Y (sky130_fd_sc_hd__inv_1)
   0.1445   12.1153 ^ core/FpPipeline/_2061_/X (sky130_fd_sc_hd__lpflow_inputiso0n_1)
   0.0722   12.1876 v core/FpPipeline/_2071_/Y (sky130_fd_sc_hd__nand2_1)
   0.0986   12.2861 ^ core/FpPipeline/_2073_/Y (sky130_fd_sc_hd__a21oi_1)
   0.1152   12.4013 ^ core/ll_wbarb/_100_/X (sky130_fd_sc_hd__or2_2)
   4.8833   17.2846 ^ core/_3767_/Y (sky130_fd_sc_hd__nor3b_1)
   0.7911   18.0757 v core/rename_stage/busytable/_2117_/Y (sky130_fd_sc_hd__nand3b_1)
   0.4445   18.5203 ^ core/rename_stage/busytable/_2203_/Y (sky130_fd_sc_hd__o21ai_0)
   0.0996   18.6199 v core/rename_stage/busytable/_2206_/Y (sky130_fd_sc_hd__nor3_1)
   0.2142   18.8341 ^ core/rename_stage/busytable/_2207_/Y (sky130_fd_sc_hd__a221oi_1)
   0.0620   18.8961 v core/rename_stage/busytable/_2208_/Y (sky130_fd_sc_hd__nor2_1)
   0.0035   18.8996 v core/rename_stage/busytable/_2551_/D (sky130_fd_sc_hd__dfxtp_1)
            18.8996   data arrival time

  20.0000   20.0000   clock clock (rise edge)
   0.0000   20.0000   clock network delay (ideal)
   0.0000   20.0000   clock reconvergence pessimism
            20.0000 ^ core/rename_stage/busytable/_2551_/CLK (sky130_fd_sc_hd__dfxtp_1)
  -0.1293   19.8707   library setup time
            19.8707   data required time
-------------------------------------------------------------
            19.8707   data required time
           -18.8996   data arrival time
-------------------------------------------------------------
             0.9711   slack (MET)


Startpoint: core/_3979_ (rising edge-triggered flip-flop clocked by clock)
Endpoint: core/rename_stage/busytable/_2554_
          (rising edge-triggered flip-flop clocked by clock)
Path Group: clock
Path Type: max

    Delay      Time   Description
-------------------------------------------------------------
   0.0000    0.0000   clock clock (rise edge)
   0.0000    0.0000   clock network delay (ideal)
   0.0000    0.0000 ^ core/_3979_/CLK (sky130_fd_sc_hd__dfxtp_1)
   0.3332    0.3332 ^ core/_3979_/Q (sky130_fd_sc_hd__dfxtp_1)
   0.3006    0.6338 ^ core/_1880_/Y (sky130_fd_sc_hd__nor3b_1)
   0.1036    0.7374 v core/_1881_/Y (sky130_fd_sc_hd__nand2_1)
   5.0797    5.8171 ^ core/_1906_/Y (sky130_fd_sc_hd__o21ai_0)
   0.7998    6.6169 ^ lsu/_64414_/X (sky130_fd_sc_hd__buf_4)
   0.1206    6.7376 v dcache/_2795_/Y (sky130_fd_sc_hd__a22oi_1)
   0.2232    6.9607 v dcache/_2796_/X (sky130_fd_sc_hd__and4_1)
   0.0821    7.0429 ^ dcache/_2797_/Y (sky130_fd_sc_hd__nand2_1)
   0.0867    7.1296 v dcache/_2803_/Y (sky130_fd_sc_hd__nor4_1)
   0.0795    7.2091 ^ dcache/mshrs/_0615_/Y (sky130_fd_sc_hd__inv_1)
   0.0587    7.2678 v dcache/mshrs/_0616_/Y (sky130_fd_sc_hd__nor2_1)
   0.1498    7.4177 v dcache/mshrs/_0617_/Y (sky130_fd_sc_hd__a21boi_0)
   0.2381    7.6557 v dcache/mshrs/_0618_/X (sky130_fd_sc_hd__lpflow_inputiso0n_1)
   0.1857    7.8415 ^ dcache/mshrs/_0752_/Y (sky130_fd_sc_hd__a31oi_1)
   0.0689    7.9104 v dcache/mshrs/_0755_/Y (sky130_fd_sc_hd__nand2_1)
   0.2141    8.1244 v dcache/mshrs/_0756_/X (sky130_fd_sc_hd__a22o_1)
   0.1258    8.2503 v dcache/_2807_/X (sky130_fd_sc_hd__lpflow_isobufsrc_1)
   0.3604    8.6107 ^ dcache/_2808_/Y (sky130_fd_sc_hd__a2111oi_0)
   0.1294    8.7400 v dcache/_2809_/Y (sky130_fd_sc_hd__a311oi_1)
   0.1535    8.8935 ^ dcache/_2810_/X (sky130_fd_sc_hd__lpflow_isobufsrc_1)
   0.0805    8.9740 v dcache/_2812_/Y (sky130_fd_sc_hd__nor3_1)
   0.2226    9.1966 v dcache/_3359_/X (sky130_fd_sc_hd__lpflow_clkbufkapwr_1)
   0.3193    9.5159 v dcache/_3361_/X (sky130_fd_sc_hd__mux2_2)
   0.1608    9.6766 v lsu/_33285_/X (sky130_fd_sc_hd__clkbuf_1)
   0.8519   10.5285 ^ lsu/_33304_/Y (sky130_fd_sc_hd__nor4_1)
   0.1470   10.6755 v lsu/_33305_/Y (sky130_fd_sc_hd__a222oi_1)
   0.1060   10.7815 ^ lsu/_33311_/Y (sky130_fd_sc_hd__nand2_1)
   0.0657   10.8472 v lsu/_33321_/Y (sky130_fd_sc_hd__nor3_1)
   0.2807   11.1279 v lsu/_33539_/X (sky130_fd_sc_hd__or2_2)
   0.0670   11.1949 ^ lsu/_33540_/Y (sky130_fd_sc_hd__nand2_1)
   0.1031   11.2980 v lsu/_33545_/Y (sky130_fd_sc_hd__o21ai_0)
   0.1640   11.4620 v core/memExeUnit/_191_/X (sky130_fd_sc_hd__buf_4)
   0.1818   11.6438 v core/ll_wbarb/_009_/X (sky130_fd_sc_hd__clkbuf_1)
   0.2456   11.8895 v core/ll_wbarb/_010_/X (sky130_fd_sc_hd__clkbuf_1)
   0.0813   11.9708 ^ core/ll_wbarb/_099_/Y (sky130_fd_sc_hd__inv_1)
   0.1445   12.1153 ^ core/FpPipeline/_2061_/X (sky130_fd_sc_hd__lpflow_inputiso0n_1)
   0.0722   12.1876 v core/FpPipeline/_2071_/Y (sky130_fd_sc_hd__nand2_1)
   0.0986   12.2861 ^ core/FpPipeline/_2073_/Y (sky130_fd_sc_hd__a21oi_1)
   0.1152   12.4013 ^ core/ll_wbarb/_100_/X (sky130_fd_sc_hd__or2_2)
   4.8833   17.2846 ^ core/_3767_/Y (sky130_fd_sc_hd__nor3b_1)
   0.7911   18.0757 v core/rename_stage/busytable/_2117_/Y (sky130_fd_sc_hd__nand3b_1)
   0.4088   18.4845 v core/rename_stage/busytable/_2118_/X (sky130_fd_sc_hd__clkbuf_1)
   0.1825   18.6670 ^ core/rename_stage/busytable/_2223_/Y (sky130_fd_sc_hd__o22ai_1)
   0.0596   18.7267 v core/rename_stage/busytable/_2224_/Y (sky130_fd_sc_hd__a211oi_1)
   0.0840   18.8107 ^ core/rename_stage/busytable/_2225_/Y (sky130_fd_sc_hd__o21ai_0)
   0.0792   18.8899 v core/rename_stage/busytable/_2227_/Y (sky130_fd_sc_hd__a21oi_1)
   0.0035   18.8934 v core/rename_stage/busytable/_2554_/D (sky130_fd_sc_hd__dfxtp_1)
            18.8934   data arrival time

  20.0000   20.0000   clock clock (rise edge)
   0.0000   20.0000   clock network delay (ideal)
   0.0000   20.0000   clock reconvergence pessimism
            20.0000 ^ core/rename_stage/busytable/_2554_/CLK (sky130_fd_sc_hd__dfxtp_1)
  -0.1339   19.8661   library setup time
            19.8661   data required time
-------------------------------------------------------------
            19.8661   data required time
           -18.8934   data arrival time
-------------------------------------------------------------
             0.9728   slack (MET)


Startpoint: core/_3979_ (rising edge-triggered flip-flop clocked by clock)
Endpoint: core/rename_stage/busytable/_2550_
          (rising edge-triggered flip-flop clocked by clock)
Path Group: clock
Path Type: max

    Delay      Time   Description
-------------------------------------------------------------
   0.0000    0.0000   clock clock (rise edge)
   0.0000    0.0000   clock network delay (ideal)
   0.0000    0.0000 ^ core/_3979_/CLK (sky130_fd_sc_hd__dfxtp_1)
   0.3332    0.3332 ^ core/_3979_/Q (sky130_fd_sc_hd__dfxtp_1)
   0.3006    0.6338 ^ core/_1880_/Y (sky130_fd_sc_hd__nor3b_1)
   0.1036    0.7374 v core/_1881_/Y (sky130_fd_sc_hd__nand2_1)
   5.0797    5.8171 ^ core/_1906_/Y (sky130_fd_sc_hd__o21ai_0)
   0.7998    6.6169 ^ lsu/_64414_/X (sky130_fd_sc_hd__buf_4)
   0.1206    6.7376 v dcache/_2795_/Y (sky130_fd_sc_hd__a22oi_1)
   0.2232    6.9607 v dcache/_2796_/X (sky130_fd_sc_hd__and4_1)
   0.0821    7.0429 ^ dcache/_2797_/Y (sky130_fd_sc_hd__nand2_1)
   0.0867    7.1296 v dcache/_2803_/Y (sky130_fd_sc_hd__nor4_1)
   0.0795    7.2091 ^ dcache/mshrs/_0615_/Y (sky130_fd_sc_hd__inv_1)
   0.0587    7.2678 v dcache/mshrs/_0616_/Y (sky130_fd_sc_hd__nor2_1)
   0.1498    7.4177 v dcache/mshrs/_0617_/Y (sky130_fd_sc_hd__a21boi_0)
   0.2381    7.6557 v dcache/mshrs/_0618_/X (sky130_fd_sc_hd__lpflow_inputiso0n_1)
   0.1857    7.8415 ^ dcache/mshrs/_0752_/Y (sky130_fd_sc_hd__a31oi_1)
   0.0689    7.9104 v dcache/mshrs/_0755_/Y (sky130_fd_sc_hd__nand2_1)
   0.2141    8.1244 v dcache/mshrs/_0756_/X (sky130_fd_sc_hd__a22o_1)
   0.1258    8.2503 v dcache/_2807_/X (sky130_fd_sc_hd__lpflow_isobufsrc_1)
   0.3604    8.6107 ^ dcache/_2808_/Y (sky130_fd_sc_hd__a2111oi_0)
   0.1294    8.7400 v dcache/_2809_/Y (sky130_fd_sc_hd__a311oi_1)
   0.1535    8.8935 ^ dcache/_2810_/X (sky130_fd_sc_hd__lpflow_isobufsrc_1)
   0.0805    8.9740 v dcache/_2812_/Y (sky130_fd_sc_hd__nor3_1)
   0.2226    9.1966 v dcache/_3359_/X (sky130_fd_sc_hd__lpflow_clkbufkapwr_1)
   0.3193    9.5159 v dcache/_3361_/X (sky130_fd_sc_hd__mux2_2)
   0.1608    9.6766 v lsu/_33285_/X (sky130_fd_sc_hd__clkbuf_1)
   0.8519   10.5285 ^ lsu/_33304_/Y (sky130_fd_sc_hd__nor4_1)
   0.1470   10.6755 v lsu/_33305_/Y (sky130_fd_sc_hd__a222oi_1)
   0.1060   10.7815 ^ lsu/_33311_/Y (sky130_fd_sc_hd__nand2_1)
   0.0657   10.8472 v lsu/_33321_/Y (sky130_fd_sc_hd__nor3_1)
   0.2807   11.1279 v lsu/_33539_/X (sky130_fd_sc_hd__or2_2)
   0.0670   11.1949 ^ lsu/_33540_/Y (sky130_fd_sc_hd__nand2_1)
   0.1031   11.2980 v lsu/_33545_/Y (sky130_fd_sc_hd__o21ai_0)
   0.1640   11.4620 v core/memExeUnit/_191_/X (sky130_fd_sc_hd__buf_4)
   0.1818   11.6438 v core/ll_wbarb/_009_/X (sky130_fd_sc_hd__clkbuf_1)
   0.2456   11.8895 v core/ll_wbarb/_010_/X (sky130_fd_sc_hd__clkbuf_1)
   0.0813   11.9708 ^ core/ll_wbarb/_099_/Y (sky130_fd_sc_hd__inv_1)
   0.1445   12.1153 ^ core/FpPipeline/_2061_/X (sky130_fd_sc_hd__lpflow_inputiso0n_1)
   0.0722   12.1876 v core/FpPipeline/_2071_/Y (sky130_fd_sc_hd__nand2_1)
   0.0986   12.2861 ^ core/FpPipeline/_2073_/Y (sky130_fd_sc_hd__a21oi_1)
   0.1152   12.4013 ^ core/ll_wbarb/_100_/X (sky130_fd_sc_hd__or2_2)
   4.8833   17.2846 ^ core/_3767_/Y (sky130_fd_sc_hd__nor3b_1)
   0.7911   18.0757 v core/rename_stage/busytable/_2117_/Y (sky130_fd_sc_hd__nand3b_1)
   0.4573   18.5331 ^ core/rename_stage/busytable/_2199_/Y (sky130_fd_sc_hd__o22ai_1)
   0.0771   18.6101 v core/rename_stage/busytable/_2200_/Y (sky130_fd_sc_hd__a211oi_1)
   0.1958   18.8059 ^ core/rename_stage/busytable/_2201_/Y (sky130_fd_sc_hd__a32oi_1)
   0.0839   18.8898 v core/rename_stage/busytable/_2202_/Y (sky130_fd_sc_hd__a21oi_1)
   0.0035   18.8933 v core/rename_stage/busytable/_2550_/D (sky130_fd_sc_hd__dfxtp_1)
            18.8933   data arrival time

  20.0000   20.0000   clock clock (rise edge)
   0.0000   20.0000   clock network delay (ideal)
   0.0000   20.0000   clock reconvergence pessimism
            20.0000 ^ core/rename_stage/busytable/_2550_/CLK (sky130_fd_sc_hd__dfxtp_1)
  -0.1339   19.8661   library setup time
            19.8661   data required time
-------------------------------------------------------------
            19.8661   data required time
           -18.8933   data arrival time
-------------------------------------------------------------
             0.9728   slack (MET)


Startpoint: core/_3979_ (rising edge-triggered flip-flop clocked by clock)
Endpoint: core/rename_stage/busytable/_2552_
          (rising edge-triggered flip-flop clocked by clock)
Path Group: clock
Path Type: max

    Delay      Time   Description
-------------------------------------------------------------
   0.0000    0.0000   clock clock (rise edge)
   0.0000    0.0000   clock network delay (ideal)
   0.0000    0.0000 ^ core/_3979_/CLK (sky130_fd_sc_hd__dfxtp_1)
   0.3332    0.3332 ^ core/_3979_/Q (sky130_fd_sc_hd__dfxtp_1)
   0.3006    0.6338 ^ core/_1880_/Y (sky130_fd_sc_hd__nor3b_1)
   0.1036    0.7374 v core/_1881_/Y (sky130_fd_sc_hd__nand2_1)
   5.0797    5.8171 ^ core/_1906_/Y (sky130_fd_sc_hd__o21ai_0)
   0.7998    6.6169 ^ lsu/_64414_/X (sky130_fd_sc_hd__buf_4)
   0.1206    6.7376 v dcache/_2795_/Y (sky130_fd_sc_hd__a22oi_1)
   0.2232    6.9607 v dcache/_2796_/X (sky130_fd_sc_hd__and4_1)
   0.0821    7.0429 ^ dcache/_2797_/Y (sky130_fd_sc_hd__nand2_1)
   0.0867    7.1296 v dcache/_2803_/Y (sky130_fd_sc_hd__nor4_1)
   0.0795    7.2091 ^ dcache/mshrs/_0615_/Y (sky130_fd_sc_hd__inv_1)
   0.0587    7.2678 v dcache/mshrs/_0616_/Y (sky130_fd_sc_hd__nor2_1)
   0.1498    7.4177 v dcache/mshrs/_0617_/Y (sky130_fd_sc_hd__a21boi_0)
   0.2381    7.6557 v dcache/mshrs/_0618_/X (sky130_fd_sc_hd__lpflow_inputiso0n_1)
   0.1857    7.8415 ^ dcache/mshrs/_0752_/Y (sky130_fd_sc_hd__a31oi_1)
   0.0689    7.9104 v dcache/mshrs/_0755_/Y (sky130_fd_sc_hd__nand2_1)
   0.2141    8.1244 v dcache/mshrs/_0756_/X (sky130_fd_sc_hd__a22o_1)
   0.1258    8.2503 v dcache/_2807_/X (sky130_fd_sc_hd__lpflow_isobufsrc_1)
   0.3604    8.6107 ^ dcache/_2808_/Y (sky130_fd_sc_hd__a2111oi_0)
   0.1294    8.7400 v dcache/_2809_/Y (sky130_fd_sc_hd__a311oi_1)
   0.1535    8.8935 ^ dcache/_2810_/X (sky130_fd_sc_hd__lpflow_isobufsrc_1)
   0.0805    8.9740 v dcache/_2812_/Y (sky130_fd_sc_hd__nor3_1)
   0.2226    9.1966 v dcache/_3359_/X (sky130_fd_sc_hd__lpflow_clkbufkapwr_1)
   0.3193    9.5159 v dcache/_3361_/X (sky130_fd_sc_hd__mux2_2)
   0.1608    9.6766 v lsu/_33285_/X (sky130_fd_sc_hd__clkbuf_1)
   0.8519   10.5285 ^ lsu/_33304_/Y (sky130_fd_sc_hd__nor4_1)
   0.1470   10.6755 v lsu/_33305_/Y (sky130_fd_sc_hd__a222oi_1)
   0.1060   10.7815 ^ lsu/_33311_/Y (sky130_fd_sc_hd__nand2_1)
   0.0657   10.8472 v lsu/_33321_/Y (sky130_fd_sc_hd__nor3_1)
   0.2807   11.1279 v lsu/_33539_/X (sky130_fd_sc_hd__or2_2)
   0.0670   11.1949 ^ lsu/_33540_/Y (sky130_fd_sc_hd__nand2_1)
   0.1031   11.2980 v lsu/_33545_/Y (sky130_fd_sc_hd__o21ai_0)
   0.1640   11.4620 v core/memExeUnit/_191_/X (sky130_fd_sc_hd__buf_4)
   0.1818   11.6438 v core/ll_wbarb/_009_/X (sky130_fd_sc_hd__clkbuf_1)
   0.2456   11.8895 v core/ll_wbarb/_010_/X (sky130_fd_sc_hd__clkbuf_1)
   0.0813   11.9708 ^ core/ll_wbarb/_099_/Y (sky130_fd_sc_hd__inv_1)
   0.1445   12.1153 ^ core/FpPipeline/_2061_/X (sky130_fd_sc_hd__lpflow_inputiso0n_1)
   0.0722   12.1876 v core/FpPipeline/_2071_/Y (sky130_fd_sc_hd__nand2_1)
   0.0986   12.2861 ^ core/FpPipeline/_2073_/Y (sky130_fd_sc_hd__a21oi_1)
   0.1152   12.4013 ^ core/ll_wbarb/_100_/X (sky130_fd_sc_hd__or2_2)
   4.8833   17.2846 ^ core/_3767_/Y (sky130_fd_sc_hd__nor3b_1)
   0.7911   18.0757 v core/rename_stage/busytable/_2117_/Y (sky130_fd_sc_hd__nand3b_1)
   0.4088   18.4845 v core/rename_stage/busytable/_2118_/X (sky130_fd_sc_hd__clkbuf_1)
   0.1825   18.6670 ^ core/rename_stage/busytable/_2210_/Y (sky130_fd_sc_hd__o22ai_1)
   0.0594   18.7264 v core/rename_stage/busytable/_2211_/Y (sky130_fd_sc_hd__a211oi_1)
   0.0840   18.8104 ^ core/rename_stage/busytable/_2212_/Y (sky130_fd_sc_hd__o21ai_0)
   0.0792   18.8896 v core/rename_stage/busytable/_2214_/Y (sky130_fd_sc_hd__a21oi_1)
   0.0035   18.8931 v core/rename_stage/busytable/_2552_/D (sky130_fd_sc_hd__dfxtp_1)
            18.8931   data arrival time

  20.0000   20.0000   clock clock (rise edge)
   0.0000   20.0000   clock network delay (ideal)
   0.0000   20.0000   clock reconvergence pessimism
            20.0000 ^ core/rename_stage/busytable/_2552_/CLK (sky130_fd_sc_hd__dfxtp_1)
  -0.1339   19.8661   library setup time
            19.8661   data required time
-------------------------------------------------------------
            19.8661   data required time
           -18.8931   data arrival time
-------------------------------------------------------------
             0.9730   slack (MET)


Startpoint: core/_3979_ (rising edge-triggered flip-flop clocked by clock)
Endpoint: core/rename_stage/busytable/_2548_
          (rising edge-triggered flip-flop clocked by clock)
Path Group: clock
Path Type: max

    Delay      Time   Description
-------------------------------------------------------------
   0.0000    0.0000   clock clock (rise edge)
   0.0000    0.0000   clock network delay (ideal)
   0.0000    0.0000 ^ core/_3979_/CLK (sky130_fd_sc_hd__dfxtp_1)
   0.3332    0.3332 ^ core/_3979_/Q (sky130_fd_sc_hd__dfxtp_1)
   0.3006    0.6338 ^ core/_1880_/Y (sky130_fd_sc_hd__nor3b_1)
   0.1036    0.7374 v core/_1881_/Y (sky130_fd_sc_hd__nand2_1)
   5.0797    5.8171 ^ core/_1906_/Y (sky130_fd_sc_hd__o21ai_0)
   0.7998    6.6169 ^ lsu/_64414_/X (sky130_fd_sc_hd__buf_4)
   0.1206    6.7376 v dcache/_2795_/Y (sky130_fd_sc_hd__a22oi_1)
   0.2232    6.9607 v dcache/_2796_/X (sky130_fd_sc_hd__and4_1)
   0.0821    7.0429 ^ dcache/_2797_/Y (sky130_fd_sc_hd__nand2_1)
   0.0867    7.1296 v dcache/_2803_/Y (sky130_fd_sc_hd__nor4_1)
   0.0795    7.2091 ^ dcache/mshrs/_0615_/Y (sky130_fd_sc_hd__inv_1)
   0.0587    7.2678 v dcache/mshrs/_0616_/Y (sky130_fd_sc_hd__nor2_1)
   0.1498    7.4177 v dcache/mshrs/_0617_/Y (sky130_fd_sc_hd__a21boi_0)
   0.2381    7.6557 v dcache/mshrs/_0618_/X (sky130_fd_sc_hd__lpflow_inputiso0n_1)
   0.1857    7.8415 ^ dcache/mshrs/_0752_/Y (sky130_fd_sc_hd__a31oi_1)
   0.0689    7.9104 v dcache/mshrs/_0755_/Y (sky130_fd_sc_hd__nand2_1)
   0.2141    8.1244 v dcache/mshrs/_0756_/X (sky130_fd_sc_hd__a22o_1)
   0.1258    8.2503 v dcache/_2807_/X (sky130_fd_sc_hd__lpflow_isobufsrc_1)
   0.3604    8.6107 ^ dcache/_2808_/Y (sky130_fd_sc_hd__a2111oi_0)
   0.1294    8.7400 v dcache/_2809_/Y (sky130_fd_sc_hd__a311oi_1)
   0.1535    8.8935 ^ dcache/_2810_/X (sky130_fd_sc_hd__lpflow_isobufsrc_1)
   0.0805    8.9740 v dcache/_2812_/Y (sky130_fd_sc_hd__nor3_1)
   0.2226    9.1966 v dcache/_3359_/X (sky130_fd_sc_hd__lpflow_clkbufkapwr_1)
   0.3193    9.5159 v dcache/_3361_/X (sky130_fd_sc_hd__mux2_2)
   0.1608    9.6766 v lsu/_33285_/X (sky130_fd_sc_hd__clkbuf_1)
   0.8519   10.5285 ^ lsu/_33304_/Y (sky130_fd_sc_hd__nor4_1)
   0.1470   10.6755 v lsu/_33305_/Y (sky130_fd_sc_hd__a222oi_1)
   0.1060   10.7815 ^ lsu/_33311_/Y (sky130_fd_sc_hd__nand2_1)
   0.0657   10.8472 v lsu/_33321_/Y (sky130_fd_sc_hd__nor3_1)
   0.2807   11.1279 v lsu/_33539_/X (sky130_fd_sc_hd__or2_2)
   0.0670   11.1949 ^ lsu/_33540_/Y (sky130_fd_sc_hd__nand2_1)
   0.1031   11.2980 v lsu/_33545_/Y (sky130_fd_sc_hd__o21ai_0)
   0.1640   11.4620 v core/memExeUnit/_191_/X (sky130_fd_sc_hd__buf_4)
   0.1818   11.6438 v core/ll_wbarb/_009_/X (sky130_fd_sc_hd__clkbuf_1)
   0.2456   11.8895 v core/ll_wbarb/_010_/X (sky130_fd_sc_hd__clkbuf_1)
   0.0813   11.9708 ^ core/ll_wbarb/_099_/Y (sky130_fd_sc_hd__inv_1)
   0.1445   12.1153 ^ core/FpPipeline/_2061_/X (sky130_fd_sc_hd__lpflow_inputiso0n_1)
   0.0722   12.1876 v core/FpPipeline/_2071_/Y (sky130_fd_sc_hd__nand2_1)
   0.0986   12.2861 ^ core/FpPipeline/_2073_/Y (sky130_fd_sc_hd__a21oi_1)
   0.1152   12.4013 ^ core/ll_wbarb/_100_/X (sky130_fd_sc_hd__or2_2)
   4.8833   17.2846 ^ core/_3767_/Y (sky130_fd_sc_hd__nor3b_1)
   0.7911   18.0757 v core/rename_stage/busytable/_2117_/Y (sky130_fd_sc_hd__nand3b_1)
   0.4088   18.4845 v core/rename_stage/busytable/_2118_/X (sky130_fd_sc_hd__clkbuf_1)
   0.1574   18.6420 ^ core/rename_stage/busytable/_2182_/Y (sky130_fd_sc_hd__o22ai_1)
   0.0785   18.7205 v core/rename_stage/busytable/_2184_/Y (sky130_fd_sc_hd__a211oi_1)
   0.0872   18.8077 ^ core/rename_stage/busytable/_2185_/Y (sky130_fd_sc_hd__o21ai_0)
   0.0793   18.8870 v core/rename_stage/busytable/_2187_/Y (sky130_fd_sc_hd__a21oi_1)
   0.0035   18.8905 v core/rename_stage/busytable/_2548_/D (sky130_fd_sc_hd__dfxtp_1)
            18.8905   data arrival time

  20.0000   20.0000   clock clock (rise edge)
   0.0000   20.0000   clock network delay (ideal)
   0.0000   20.0000   clock reconvergence pessimism
            20.0000 ^ core/rename_stage/busytable/_2548_/CLK (sky130_fd_sc_hd__dfxtp_1)
  -0.1339   19.8661   library setup time
            19.8661   data required time
-------------------------------------------------------------
            19.8661   data required time
           -18.8905   data arrival time
-------------------------------------------------------------
             0.9756   slack (MET)


Startpoint: core/_3979_ (rising edge-triggered flip-flop clocked by clock)
Endpoint: core/rename_stage/busytable/_2569_
          (rising edge-triggered flip-flop clocked by clock)
Path Group: clock
Path Type: max

    Delay      Time   Description
-------------------------------------------------------------
   0.0000    0.0000   clock clock (rise edge)
   0.0000    0.0000   clock network delay (ideal)
   0.0000    0.0000 ^ core/_3979_/CLK (sky130_fd_sc_hd__dfxtp_1)
   0.3332    0.3332 ^ core/_3979_/Q (sky130_fd_sc_hd__dfxtp_1)
   0.3006    0.6338 ^ core/_1880_/Y (sky130_fd_sc_hd__nor3b_1)
   0.1036    0.7374 v core/_1881_/Y (sky130_fd_sc_hd__nand2_1)
   5.0797    5.8171 ^ core/_1906_/Y (sky130_fd_sc_hd__o21ai_0)
   0.7998    6.6169 ^ lsu/_64414_/X (sky130_fd_sc_hd__buf_4)
   0.1206    6.7376 v dcache/_2795_/Y (sky130_fd_sc_hd__a22oi_1)
   0.2232    6.9607 v dcache/_2796_/X (sky130_fd_sc_hd__and4_1)
   0.0821    7.0429 ^ dcache/_2797_/Y (sky130_fd_sc_hd__nand2_1)
   0.0867    7.1296 v dcache/_2803_/Y (sky130_fd_sc_hd__nor4_1)
   0.0795    7.2091 ^ dcache/mshrs/_0615_/Y (sky130_fd_sc_hd__inv_1)
   0.0587    7.2678 v dcache/mshrs/_0616_/Y (sky130_fd_sc_hd__nor2_1)
   0.1498    7.4177 v dcache/mshrs/_0617_/Y (sky130_fd_sc_hd__a21boi_0)
   0.2381    7.6557 v dcache/mshrs/_0618_/X (sky130_fd_sc_hd__lpflow_inputiso0n_1)
   0.1857    7.8415 ^ dcache/mshrs/_0752_/Y (sky130_fd_sc_hd__a31oi_1)
   0.0689    7.9104 v dcache/mshrs/_0755_/Y (sky130_fd_sc_hd__nand2_1)
   0.2141    8.1244 v dcache/mshrs/_0756_/X (sky130_fd_sc_hd__a22o_1)
   0.1258    8.2503 v dcache/_2807_/X (sky130_fd_sc_hd__lpflow_isobufsrc_1)
   0.3604    8.6107 ^ dcache/_2808_/Y (sky130_fd_sc_hd__a2111oi_0)
   0.1294    8.7400 v dcache/_2809_/Y (sky130_fd_sc_hd__a311oi_1)
   0.1535    8.8935 ^ dcache/_2810_/X (sky130_fd_sc_hd__lpflow_isobufsrc_1)
   0.0805    8.9740 v dcache/_2812_/Y (sky130_fd_sc_hd__nor3_1)
   0.2226    9.1966 v dcache/_3359_/X (sky130_fd_sc_hd__lpflow_clkbufkapwr_1)
   0.3193    9.5159 v dcache/_3361_/X (sky130_fd_sc_hd__mux2_2)
   0.1608    9.6766 v lsu/_33285_/X (sky130_fd_sc_hd__clkbuf_1)
   0.8519   10.5285 ^ lsu/_33304_/Y (sky130_fd_sc_hd__nor4_1)
   0.1470   10.6755 v lsu/_33305_/Y (sky130_fd_sc_hd__a222oi_1)
   0.1060   10.7815 ^ lsu/_33311_/Y (sky130_fd_sc_hd__nand2_1)
   0.0657   10.8472 v lsu/_33321_/Y (sky130_fd_sc_hd__nor3_1)
   0.2807   11.1279 v lsu/_33539_/X (sky130_fd_sc_hd__or2_2)
   0.0670   11.1949 ^ lsu/_33540_/Y (sky130_fd_sc_hd__nand2_1)
   0.1031   11.2980 v lsu/_33545_/Y (sky130_fd_sc_hd__o21ai_0)
   0.1640   11.4620 v core/memExeUnit/_191_/X (sky130_fd_sc_hd__buf_4)
   0.1818   11.6438 v core/ll_wbarb/_009_/X (sky130_fd_sc_hd__clkbuf_1)
   0.2456   11.8895 v core/ll_wbarb/_010_/X (sky130_fd_sc_hd__clkbuf_1)
   0.0813   11.9708 ^ core/ll_wbarb/_099_/Y (sky130_fd_sc_hd__inv_1)
   0.1445   12.1153 ^ core/FpPipeline/_2061_/X (sky130_fd_sc_hd__lpflow_inputiso0n_1)
   0.0722   12.1876 v core/FpPipeline/_2071_/Y (sky130_fd_sc_hd__nand2_1)
   0.0986   12.2861 ^ core/FpPipeline/_2073_/Y (sky130_fd_sc_hd__a21oi_1)
   0.1152   12.4013 ^ core/ll_wbarb/_100_/X (sky130_fd_sc_hd__or2_2)
   4.8833   17.2846 ^ core/_3767_/Y (sky130_fd_sc_hd__nor3b_1)
   0.7911   18.0757 v core/rename_stage/busytable/_2117_/Y (sky130_fd_sc_hd__nand3b_1)
   0.4088   18.4845 v core/rename_stage/busytable/_2118_/X (sky130_fd_sc_hd__clkbuf_1)
   0.1636   18.6482 ^ core/rename_stage/busytable/_2348_/Y (sky130_fd_sc_hd__nor3_1)
   0.0599   18.7081 v core/rename_stage/busytable/_2349_/Y (sky130_fd_sc_hd__a21oi_1)
   0.0972   18.8053 ^ core/rename_stage/busytable/_2350_/Y (sky130_fd_sc_hd__nand4_1)
   0.0623   18.8675 v core/rename_stage/busytable/_2352_/Y (sky130_fd_sc_hd__a21oi_1)
   0.0035   18.8710 v core/rename_stage/busytable/_2569_/D (sky130_fd_sc_hd__dfxtp_1)
            18.8710   data arrival time

  20.0000   20.0000   clock clock (rise edge)
   0.0000   20.0000   clock network delay (ideal)
   0.0000   20.0000   clock reconvergence pessimism
            20.0000 ^ core/rename_stage/busytable/_2569_/CLK (sky130_fd_sc_hd__dfxtp_1)
  -0.1339   19.8661   library setup time
            19.8661   data required time
-------------------------------------------------------------
            19.8661   data required time
           -18.8710   data arrival time
-------------------------------------------------------------
             0.9951   slack (MET)


Startpoint: core/_3979_ (rising edge-triggered flip-flop clocked by clock)
Endpoint: core/rename_stage/busytable/_2542_
          (rising edge-triggered flip-flop clocked by clock)
Path Group: clock
Path Type: max

    Delay      Time   Description
-------------------------------------------------------------
   0.0000    0.0000   clock clock (rise edge)
   0.0000    0.0000   clock network delay (ideal)
   0.0000    0.0000 ^ core/_3979_/CLK (sky130_fd_sc_hd__dfxtp_1)
   0.3332    0.3332 ^ core/_3979_/Q (sky130_fd_sc_hd__dfxtp_1)
   0.3006    0.6338 ^ core/_1880_/Y (sky130_fd_sc_hd__nor3b_1)
   0.1036    0.7374 v core/_1881_/Y (sky130_fd_sc_hd__nand2_1)
   5.0797    5.8171 ^ core/_1906_/Y (sky130_fd_sc_hd__o21ai_0)
   0.7998    6.6169 ^ lsu/_64414_/X (sky130_fd_sc_hd__buf_4)
   0.1206    6.7376 v dcache/_2795_/Y (sky130_fd_sc_hd__a22oi_1)
   0.2232    6.9607 v dcache/_2796_/X (sky130_fd_sc_hd__and4_1)
   0.0821    7.0429 ^ dcache/_2797_/Y (sky130_fd_sc_hd__nand2_1)
   0.0867    7.1296 v dcache/_2803_/Y (sky130_fd_sc_hd__nor4_1)
   0.0795    7.2091 ^ dcache/mshrs/_0615_/Y (sky130_fd_sc_hd__inv_1)
   0.0587    7.2678 v dcache/mshrs/_0616_/Y (sky130_fd_sc_hd__nor2_1)
   0.1498    7.4177 v dcache/mshrs/_0617_/Y (sky130_fd_sc_hd__a21boi_0)
   0.2381    7.6557 v dcache/mshrs/_0618_/X (sky130_fd_sc_hd__lpflow_inputiso0n_1)
   0.1857    7.8415 ^ dcache/mshrs/_0752_/Y (sky130_fd_sc_hd__a31oi_1)
   0.0689    7.9104 v dcache/mshrs/_0755_/Y (sky130_fd_sc_hd__nand2_1)
   0.2141    8.1244 v dcache/mshrs/_0756_/X (sky130_fd_sc_hd__a22o_1)
   0.1258    8.2503 v dcache/_2807_/X (sky130_fd_sc_hd__lpflow_isobufsrc_1)
   0.3604    8.6107 ^ dcache/_2808_/Y (sky130_fd_sc_hd__a2111oi_0)
   0.1294    8.7400 v dcache/_2809_/Y (sky130_fd_sc_hd__a311oi_1)
   0.1535    8.8935 ^ dcache/_2810_/X (sky130_fd_sc_hd__lpflow_isobufsrc_1)
   0.0805    8.9740 v dcache/_2812_/Y (sky130_fd_sc_hd__nor3_1)
   0.2226    9.1966 v dcache/_3359_/X (sky130_fd_sc_hd__lpflow_clkbufkapwr_1)
   0.3193    9.5159 v dcache/_3361_/X (sky130_fd_sc_hd__mux2_2)
   0.1608    9.6766 v lsu/_33285_/X (sky130_fd_sc_hd__clkbuf_1)
   0.8519   10.5285 ^ lsu/_33304_/Y (sky130_fd_sc_hd__nor4_1)
   0.1470   10.6755 v lsu/_33305_/Y (sky130_fd_sc_hd__a222oi_1)
   0.1060   10.7815 ^ lsu/_33311_/Y (sky130_fd_sc_hd__nand2_1)
   0.0657   10.8472 v lsu/_33321_/Y (sky130_fd_sc_hd__nor3_1)
   0.2807   11.1279 v lsu/_33539_/X (sky130_fd_sc_hd__or2_2)
   0.0670   11.1949 ^ lsu/_33540_/Y (sky130_fd_sc_hd__nand2_1)
   0.1031   11.2980 v lsu/_33545_/Y (sky130_fd_sc_hd__o21ai_0)
   0.1640   11.4620 v core/memExeUnit/_191_/X (sky130_fd_sc_hd__buf_4)
   0.1818   11.6438 v core/ll_wbarb/_009_/X (sky130_fd_sc_hd__clkbuf_1)
   0.2456   11.8895 v core/ll_wbarb/_010_/X (sky130_fd_sc_hd__clkbuf_1)
   0.0813   11.9708 ^ core/ll_wbarb/_099_/Y (sky130_fd_sc_hd__inv_1)
   0.1445   12.1153 ^ core/FpPipeline/_2061_/X (sky130_fd_sc_hd__lpflow_inputiso0n_1)
   0.0722   12.1876 v core/FpPipeline/_2071_/Y (sky130_fd_sc_hd__nand2_1)
   0.0986   12.2861 ^ core/FpPipeline/_2073_/Y (sky130_fd_sc_hd__a21oi_1)
   0.1152   12.4013 ^ core/ll_wbarb/_100_/X (sky130_fd_sc_hd__or2_2)
   4.8833   17.2846 ^ core/_3767_/Y (sky130_fd_sc_hd__nor3b_1)
   0.7911   18.0757 v core/rename_stage/busytable/_2117_/Y (sky130_fd_sc_hd__nand3b_1)
   0.4088   18.4845 v core/rename_stage/busytable/_2118_/X (sky130_fd_sc_hd__clkbuf_1)
   0.1561   18.6406 ^ core/rename_stage/busytable/_2119_/Y (sky130_fd_sc_hd__o22ai_1)
   0.0796   18.7202 v core/rename_stage/busytable/_2125_/Y (sky130_fd_sc_hd__nor2_1)
   0.0837   18.8039 ^ core/rename_stage/busytable/_2126_/Y (sky130_fd_sc_hd__nand3_1)
   0.0589   18.8628 v core/rename_stage/busytable/_2135_/Y (sky130_fd_sc_hd__a21oi_1)
   0.0035   18.8663 v core/rename_stage/busytable/_2542_/D (sky130_fd_sc_hd__dfxtp_1)
            18.8663   data arrival time

  20.0000   20.0000   clock clock (rise edge)
   0.0000   20.0000   clock network delay (ideal)
   0.0000   20.0000   clock reconvergence pessimism
            20.0000 ^ core/rename_stage/busytable/_2542_/CLK (sky130_fd_sc_hd__dfxtp_1)
  -0.1339   19.8661   library setup time
            19.8661   data required time
-------------------------------------------------------------
            19.8661   data required time
           -18.8663   data arrival time
-------------------------------------------------------------
             0.9998   slack (MET)


Startpoint: core/alu_exe_unit/PipelinedMulUnit/imul/_56534_
            (rising edge-triggered flip-flop clocked by clock)
Endpoint: core/alu_exe_unit/PipelinedMulUnit/imul/_56663_
          (rising edge-triggered flip-flop clocked by clock)
Path Group: clock
Path Type: max

    Delay      Time   Description
-------------------------------------------------------------
   0.0000    0.0000   clock clock (rise edge)
   0.0000    0.0000   clock network delay (ideal)
   0.0000    0.0000 ^ core/alu_exe_unit/PipelinedMulUnit/imul/_56534_/CLK (sky130_fd_sc_hd__dfxtp_1)
   0.3800    0.3800 ^ core/alu_exe_unit/PipelinedMulUnit/imul/_56534_/Q (sky130_fd_sc_hd__dfxtp_1)
   0.2608    0.6408 ^ core/alu_exe_unit/PipelinedMulUnit/imul/_28773_/X (sky130_fd_sc_hd__clkbuf_1)
   0.1282    0.7691 v core/alu_exe_unit/PipelinedMulUnit/imul/_38772_/Y (sky130_fd_sc_hd__nand2_1)
   0.4064    1.1755 v core/alu_exe_unit/PipelinedMulUnit/imul/_38820_/X (sky130_fd_sc_hd__xor3_1)
   0.3651    1.5405 v core/alu_exe_unit/PipelinedMulUnit/imul/_38822_/X (sky130_fd_sc_hd__maj3_1)
   0.2861    1.8266 ^ core/alu_exe_unit/PipelinedMulUnit/imul/_38824_/X (sky130_fd_sc_hd__xor2_1)
   0.1517    1.9783 v core/alu_exe_unit/PipelinedMulUnit/imul/_38826_/Y (sky130_fd_sc_hd__o21ai_0)
   0.3985    2.3767 v core/alu_exe_unit/PipelinedMulUnit/imul/_38829_/X (sky130_fd_sc_hd__maj3_1)
   0.3902    2.7670 v core/alu_exe_unit/PipelinedMulUnit/imul/_38866_/X (sky130_fd_sc_hd__xor3_1)
   0.2564    3.0233 ^ core/alu_exe_unit/PipelinedMulUnit/imul/_38903_/Y (sky130_fd_sc_hd__xnor2_1)
   0.6499    3.6732 v core/alu_exe_unit/PipelinedMulUnit/imul/_38936_/X (sky130_fd_sc_hd__or4b_2)
   0.3847    4.0579 v core/alu_exe_unit/PipelinedMulUnit/imul/_38942_/X (sky130_fd_sc_hd__maj3_1)
   0.2658    4.3237 ^ core/alu_exe_unit/PipelinedMulUnit/imul/_38943_/X (sky130_fd_sc_hd__xor2_1)
   0.1583    4.4819 v core/alu_exe_unit/PipelinedMulUnit/imul/_38974_/Y (sky130_fd_sc_hd__o21ai_0)
   0.1784    4.6604 v core/alu_exe_unit/PipelinedMulUnit/imul/_38975_/X (sky130_fd_sc_hd__xor2_1)
   0.1870    4.8474 ^ core/alu_exe_unit/PipelinedMulUnit/imul/_38999_/Y (sky130_fd_sc_hd__a22oi_1)
   0.1607    5.0081 ^ core/alu_exe_unit/PipelinedMulUnit/imul/_39001_/X (sky130_fd_sc_hd__o21ba_2)
   0.0992    5.1073 v core/alu_exe_unit/PipelinedMulUnit/imul/_39003_/Y (sky130_fd_sc_hd__o21ai_0)
   0.2119    5.3192 ^ core/alu_exe_unit/PipelinedMulUnit/imul/_39006_/Y (sky130_fd_sc_hd__a31oi_1)
   0.1118    5.4310 v core/alu_exe_unit/PipelinedMulUnit/imul/_39008_/Y (sky130_fd_sc_hd__o21ai_0)
   0.1895    5.6205 ^ core/alu_exe_unit/PipelinedMulUnit/imul/_39011_/Y (sky130_fd_sc_hd__a21oi_1)
   0.0998    5.7203 v core/alu_exe_unit/PipelinedMulUnit/imul/_39014_/Y (sky130_fd_sc_hd__o211ai_1)
   0.2480    5.9682 ^ core/alu_exe_unit/PipelinedMulUnit/imul/_39015_/Y (sky130_fd_sc_hd__a32oi_1)
   0.1803    6.1485 v core/alu_exe_unit/PipelinedMulUnit/imul/_39020_/Y (sky130_fd_sc_hd__o21ai_0)
   0.1960    6.3445 ^ core/alu_exe_unit/PipelinedMulUnit/imul/_39025_/Y (sky130_fd_sc_hd__a31oi_1)
   0.1017    6.4462 v core/alu_exe_unit/PipelinedMulUnit/imul/_39030_/Y (sky130_fd_sc_hd__o31ai_1)
   0.2593    6.7055 ^ core/alu_exe_unit/PipelinedMulUnit/imul/_39033_/Y (sky130_fd_sc_hd__a211oi_1)
   0.1869    6.8924 ^ core/alu_exe_unit/PipelinedMulUnit/imul/_39034_/X (sky130_fd_sc_hd__or3_1)
   0.1488    7.0412 v core/alu_exe_unit/PipelinedMulUnit/imul/_39039_/Y (sky130_fd_sc_hd__a311oi_1)
   0.6040    7.6452 ^ core/alu_exe_unit/PipelinedMulUnit/imul/_39046_/Y (sky130_fd_sc_hd__o311ai_0)
   0.3034    7.9486 ^ core/alu_exe_unit/PipelinedMulUnit/imul/_39050_/X (sky130_fd_sc_hd__a311o_1)
   0.2368    8.1855 ^ core/alu_exe_unit/PipelinedMulUnit/imul/_39053_/X (sky130_fd_sc_hd__a311o_1)
   0.1096    8.2951 v core/alu_exe_unit/PipelinedMulUnit/imul/_39058_/Y (sky130_fd_sc_hd__a211oi_1)
   0.2851    8.5801 v core/alu_exe_unit/PipelinedMulUnit/imul/_39061_/X (sky130_fd_sc_hd__o311a_1)
   0.5404    9.1205 ^ core/alu_exe_unit/PipelinedMulUnit/imul/_39065_/Y (sky130_fd_sc_hd__o311ai_0)
   0.2582    9.3788 ^ core/alu_exe_unit/PipelinedMulUnit/imul/_39071_/X (sky130_fd_sc_hd__a311o_1)
   0.2073    9.5861 ^ core/alu_exe_unit/PipelinedMulUnit/imul/_39077_/X (sky130_fd_sc_hd__a311o_1)
   0.2364    9.8225 ^ core/alu_exe_unit/PipelinedMulUnit/imul/_39082_/X (sky130_fd_sc_hd__a311o_1)
   0.1407    9.9632 v core/alu_exe_unit/PipelinedMulUnit/imul/_39086_/Y (sky130_fd_sc_hd__a311oi_1)
   0.3195   10.2827 v core/alu_exe_unit/PipelinedMulUnit/imul/_39298_/X (sky130_fd_sc_hd__o311a_1)
   0.2549   10.5376 ^ core/alu_exe_unit/PipelinedMulUnit/imul/_39443_/Y (sky130_fd_sc_hd__a21oi_1)
   0.1690   10.7066 ^ core/alu_exe_unit/PipelinedMulUnit/imul/_39667_/Y (sky130_fd_sc_hd__nand4b_1)
   0.1095   10.8161 v core/alu_exe_unit/PipelinedMulUnit/imul/_40064_/Y (sky130_fd_sc_hd__a2111oi_0)
   0.3511   11.1672 v core/alu_exe_unit/PipelinedMulUnit/imul/_40737_/X (sky130_fd_sc_hd__o311a_1)
   0.2478   11.4150 ^ core/alu_exe_unit/PipelinedMulUnit/imul/_41070_/Y (sky130_fd_sc_hd__o21ai_0)
   0.2421   11.6571 ^ core/alu_exe_unit/PipelinedMulUnit/imul/_41755_/X (sky130_fd_sc_hd__a311o_1)
   0.1259   11.7830 v core/alu_exe_unit/PipelinedMulUnit/imul/_42422_/Y (sky130_fd_sc_hd__a311oi_1)
   0.5945   12.3775 ^ core/alu_exe_unit/PipelinedMulUnit/imul/_43094_/Y (sky130_fd_sc_hd__o311ai_0)
   0.2362   12.6137 v core/alu_exe_unit/PipelinedMulUnit/imul/_43747_/Y (sky130_fd_sc_hd__a311oi_1)
   0.6182   13.2319 ^ core/alu_exe_unit/PipelinedMulUnit/imul/_44418_/Y (sky130_fd_sc_hd__o311ai_0)
   0.2245   13.4563 v core/alu_exe_unit/PipelinedMulUnit/imul/_45071_/Y (sky130_fd_sc_hd__a311oi_1)
   0.2064   13.6628 v core/alu_exe_unit/PipelinedMulUnit/imul/_47260_/X (sky130_fd_sc_hd__and4_1)
   0.2108   13.8735 ^ core/alu_exe_unit/PipelinedMulUnit/imul/_49521_/Y (sky130_fd_sc_hd__o2111ai_1)
   0.1194   13.9929 v core/alu_exe_unit/PipelinedMulUnit/imul/_49782_/Y (sky130_fd_sc_hd__a21oi_1)
   0.2635   14.2564 ^ core/alu_exe_unit/PipelinedMulUnit/imul/_50316_/Y (sky130_fd_sc_hd__o21ai_0)
   0.1305   14.3870 v core/alu_exe_unit/PipelinedMulUnit/imul/_50858_/Y (sky130_fd_sc_hd__a21oi_1)
   0.3658   14.7528 v core/alu_exe_unit/PipelinedMulUnit/imul/_50871_/X (sky130_fd_sc_hd__o311a_1)
   0.3555   15.1083 v core/alu_exe_unit/PipelinedMulUnit/imul/_51630_/X (sky130_fd_sc_hd__o311a_1)
   0.2574   15.3657 v core/alu_exe_unit/PipelinedMulUnit/imul/_52120_/X (sky130_fd_sc_hd__o211a_1)
   0.3951   15.7608 v core/alu_exe_unit/PipelinedMulUnit/imul/_52797_/X (sky130_fd_sc_hd__o311a_1)
   0.3693   16.1301 v core/alu_exe_unit/PipelinedMulUnit/imul/_53467_/X (sky130_fd_sc_hd__o311a_1)
   0.2403   16.3704 ^ core/alu_exe_unit/PipelinedMulUnit/imul/_53881_/Y (sky130_fd_sc_hd__o211ai_1)
   0.1188   16.4892 v core/alu_exe_unit/PipelinedMulUnit/imul/_54311_/Y (sky130_fd_sc_hd__a211oi_1)
   0.3489   16.8381 v core/alu_exe_unit/PipelinedMulUnit/imul/_54711_/X (sky130_fd_sc_hd__o311a_1)
   0.3770   17.2151 ^ core/alu_exe_unit/PipelinedMulUnit/imul/_55083_/Y (sky130_fd_sc_hd__o311ai_0)
   0.1854   17.4004 v core/alu_exe_unit/PipelinedMulUnit/imul/_55256_/Y (sky130_fd_sc_hd__a21boi_0)
   0.2691   17.6695 ^ core/alu_exe_unit/PipelinedMulUnit/imul/_55416_/Y (sky130_fd_sc_hd__o21ai_0)
   0.1409   17.8105 v core/alu_exe_unit/PipelinedMulUnit/imul/_55595_/Y (sky130_fd_sc_hd__a21boi_0)
   0.2489   18.0593 ^ core/alu_exe_unit/PipelinedMulUnit/imul/_55748_/Y (sky130_fd_sc_hd__o21ai_0)
   0.1554   18.2147 v core/alu_exe_unit/PipelinedMulUnit/imul/_55916_/Y (sky130_fd_sc_hd__a21boi_0)
   0.2066   18.4213 v core/alu_exe_unit/PipelinedMulUnit/imul/_56071_/X (sky130_fd_sc_hd__o21a_1)
   0.1540   18.5753 ^ core/alu_exe_unit/PipelinedMulUnit/imul/_56236_/Y (sky130_fd_sc_hd__nor3_1)
   0.1042   18.6795 v core/alu_exe_unit/PipelinedMulUnit/imul/_56238_/Y (sky130_fd_sc_hd__o21ai_0)
   0.1900   18.8696 v core/alu_exe_unit/PipelinedMulUnit/imul/_56243_/X (sky130_fd_sc_hd__a22o_1)
   0.0035   18.8730 v core/alu_exe_unit/PipelinedMulUnit/imul/_56663_/D (sky130_fd_sc_hd__dfxtp_1)
            18.8730   data arrival time

  20.0000   20.0000   clock clock (rise edge)
   0.0000   20.0000   clock network delay (ideal)
   0.0000   20.0000   clock reconvergence pessimism
            20.0000 ^ core/alu_exe_unit/PipelinedMulUnit/imul/_56663_/CLK (sky130_fd_sc_hd__dfxtp_1)
  -0.1177   19.8823   library setup time
            19.8823   data required time
-------------------------------------------------------------
            19.8823   data required time
           -18.8730   data arrival time
-------------------------------------------------------------
             1.0093   slack (MET)


Startpoint: core/_3979_ (rising edge-triggered flip-flop clocked by clock)
Endpoint: core/rename_stage/busytable/_2586_
          (rising edge-triggered flip-flop clocked by clock)
Path Group: clock
Path Type: max

    Delay      Time   Description
-------------------------------------------------------------
   0.0000    0.0000   clock clock (rise edge)
   0.0000    0.0000   clock network delay (ideal)
   0.0000    0.0000 ^ core/_3979_/CLK (sky130_fd_sc_hd__dfxtp_1)
   0.3332    0.3332 ^ core/_3979_/Q (sky130_fd_sc_hd__dfxtp_1)
   0.3006    0.6338 ^ core/_1880_/Y (sky130_fd_sc_hd__nor3b_1)
   0.1036    0.7374 v core/_1881_/Y (sky130_fd_sc_hd__nand2_1)
   5.0797    5.8171 ^ core/_1906_/Y (sky130_fd_sc_hd__o21ai_0)
   0.7998    6.6169 ^ lsu/_64414_/X (sky130_fd_sc_hd__buf_4)
   0.1206    6.7376 v dcache/_2795_/Y (sky130_fd_sc_hd__a22oi_1)
   0.2232    6.9607 v dcache/_2796_/X (sky130_fd_sc_hd__and4_1)
   0.0821    7.0429 ^ dcache/_2797_/Y (sky130_fd_sc_hd__nand2_1)
   0.0867    7.1296 v dcache/_2803_/Y (sky130_fd_sc_hd__nor4_1)
   0.0795    7.2091 ^ dcache/mshrs/_0615_/Y (sky130_fd_sc_hd__inv_1)
   0.0587    7.2678 v dcache/mshrs/_0616_/Y (sky130_fd_sc_hd__nor2_1)
   0.1498    7.4177 v dcache/mshrs/_0617_/Y (sky130_fd_sc_hd__a21boi_0)
   0.2381    7.6557 v dcache/mshrs/_0618_/X (sky130_fd_sc_hd__lpflow_inputiso0n_1)
   0.1857    7.8415 ^ dcache/mshrs/_0752_/Y (sky130_fd_sc_hd__a31oi_1)
   0.0689    7.9104 v dcache/mshrs/_0755_/Y (sky130_fd_sc_hd__nand2_1)
   0.2141    8.1244 v dcache/mshrs/_0756_/X (sky130_fd_sc_hd__a22o_1)
   0.1258    8.2503 v dcache/_2807_/X (sky130_fd_sc_hd__lpflow_isobufsrc_1)
   0.3604    8.6107 ^ dcache/_2808_/Y (sky130_fd_sc_hd__a2111oi_0)
   0.1294    8.7400 v dcache/_2809_/Y (sky130_fd_sc_hd__a311oi_1)
   0.1535    8.8935 ^ dcache/_2810_/X (sky130_fd_sc_hd__lpflow_isobufsrc_1)
   0.0805    8.9740 v dcache/_2812_/Y (sky130_fd_sc_hd__nor3_1)
   0.2226    9.1966 v dcache/_3359_/X (sky130_fd_sc_hd__lpflow_clkbufkapwr_1)
   0.3193    9.5159 v dcache/_3361_/X (sky130_fd_sc_hd__mux2_2)
   0.1608    9.6766 v lsu/_33285_/X (sky130_fd_sc_hd__clkbuf_1)
   0.8519   10.5285 ^ lsu/_33304_/Y (sky130_fd_sc_hd__nor4_1)
   0.1470   10.6755 v lsu/_33305_/Y (sky130_fd_sc_hd__a222oi_1)
   0.1060   10.7815 ^ lsu/_33311_/Y (sky130_fd_sc_hd__nand2_1)
   0.0657   10.8472 v lsu/_33321_/Y (sky130_fd_sc_hd__nor3_1)
   0.2807   11.1279 v lsu/_33539_/X (sky130_fd_sc_hd__or2_2)
   0.0670   11.1949 ^ lsu/_33540_/Y (sky130_fd_sc_hd__nand2_1)
   0.1031   11.2980 v lsu/_33545_/Y (sky130_fd_sc_hd__o21ai_0)
   0.1640   11.4620 v core/memExeUnit/_191_/X (sky130_fd_sc_hd__buf_4)
   0.1818   11.6438 v core/ll_wbarb/_009_/X (sky130_fd_sc_hd__clkbuf_1)
   0.2456   11.8895 v core/ll_wbarb/_010_/X (sky130_fd_sc_hd__clkbuf_1)
   0.0813   11.9708 ^ core/ll_wbarb/_099_/Y (sky130_fd_sc_hd__inv_1)
   0.1445   12.1153 ^ core/FpPipeline/_2061_/X (sky130_fd_sc_hd__lpflow_inputiso0n_1)
   0.0722   12.1876 v core/FpPipeline/_2071_/Y (sky130_fd_sc_hd__nand2_1)
   0.0986   12.2861 ^ core/FpPipeline/_2073_/Y (sky130_fd_sc_hd__a21oi_1)
   0.1152   12.4013 ^ core/ll_wbarb/_100_/X (sky130_fd_sc_hd__or2_2)
   4.8833   17.2846 ^ core/_3767_/Y (sky130_fd_sc_hd__nor3b_1)
   0.2605   17.5452 v core/rename_stage/busytable/_2390_/Y (sky130_fd_sc_hd__nand2_1)
   0.5188   18.0640 v core/rename_stage/busytable/_2391_/X (sky130_fd_sc_hd__or2_2)
   0.1858   18.2498 v core/rename_stage/busytable/_2392_/X (sky130_fd_sc_hd__lpflow_clkbufkapwr_1)
   0.1769   18.4266 ^ core/rename_stage/busytable/_2482_/Y (sky130_fd_sc_hd__o21ai_0)
   0.0763   18.5029 v core/rename_stage/busytable/_2485_/Y (sky130_fd_sc_hd__nor3_1)
   0.2102   18.7131 ^ core/rename_stage/busytable/_2486_/Y (sky130_fd_sc_hd__a221oi_1)
   0.0620   18.7751 v core/rename_stage/busytable/_2487_/Y (sky130_fd_sc_hd__nor2_1)
   0.0035   18.7785 v core/rename_stage/busytable/_2586_/D (sky130_fd_sc_hd__dfxtp_1)
            18.7785   data arrival time

  20.0000   20.0000   clock clock (rise edge)
   0.0000   20.0000   clock network delay (ideal)
   0.0000   20.0000   clock reconvergence pessimism
            20.0000 ^ core/rename_stage/busytable/_2586_/CLK (sky130_fd_sc_hd__dfxtp_1)
  -0.1293   19.8707   library setup time
            19.8707   data required time
-------------------------------------------------------------
            19.8707   data required time
           -18.7785   data arrival time
-------------------------------------------------------------
             1.0921   slack (MET)


Startpoint: core/_3979_ (rising edge-triggered flip-flop clocked by clock)
Endpoint: core/rename_stage/busytable/_2577_
          (rising edge-triggered flip-flop clocked by clock)
Path Group: clock
Path Type: max

    Delay      Time   Description
-------------------------------------------------------------
   0.0000    0.0000   clock clock (rise edge)
   0.0000    0.0000   clock network delay (ideal)
   0.0000    0.0000 ^ core/_3979_/CLK (sky130_fd_sc_hd__dfxtp_1)
   0.3332    0.3332 ^ core/_3979_/Q (sky130_fd_sc_hd__dfxtp_1)
   0.3006    0.6338 ^ core/_1880_/Y (sky130_fd_sc_hd__nor3b_1)
   0.1036    0.7374 v core/_1881_/Y (sky130_fd_sc_hd__nand2_1)
   5.0797    5.8171 ^ core/_1906_/Y (sky130_fd_sc_hd__o21ai_0)
   0.7998    6.6169 ^ lsu/_64414_/X (sky130_fd_sc_hd__buf_4)
   0.1206    6.7376 v dcache/_2795_/Y (sky130_fd_sc_hd__a22oi_1)
   0.2232    6.9607 v dcache/_2796_/X (sky130_fd_sc_hd__and4_1)
   0.0821    7.0429 ^ dcache/_2797_/Y (sky130_fd_sc_hd__nand2_1)
   0.0867    7.1296 v dcache/_2803_/Y (sky130_fd_sc_hd__nor4_1)
   0.0795    7.2091 ^ dcache/mshrs/_0615_/Y (sky130_fd_sc_hd__inv_1)
   0.0587    7.2678 v dcache/mshrs/_0616_/Y (sky130_fd_sc_hd__nor2_1)
   0.1498    7.4177 v dcache/mshrs/_0617_/Y (sky130_fd_sc_hd__a21boi_0)
   0.2381    7.6557 v dcache/mshrs/_0618_/X (sky130_fd_sc_hd__lpflow_inputiso0n_1)
   0.1857    7.8415 ^ dcache/mshrs/_0752_/Y (sky130_fd_sc_hd__a31oi_1)
   0.0689    7.9104 v dcache/mshrs/_0755_/Y (sky130_fd_sc_hd__nand2_1)
   0.2141    8.1244 v dcache/mshrs/_0756_/X (sky130_fd_sc_hd__a22o_1)
   0.1258    8.2503 v dcache/_2807_/X (sky130_fd_sc_hd__lpflow_isobufsrc_1)
   0.3604    8.6107 ^ dcache/_2808_/Y (sky130_fd_sc_hd__a2111oi_0)
   0.1294    8.7400 v dcache/_2809_/Y (sky130_fd_sc_hd__a311oi_1)
   0.1535    8.8935 ^ dcache/_2810_/X (sky130_fd_sc_hd__lpflow_isobufsrc_1)
   0.0805    8.9740 v dcache/_2812_/Y (sky130_fd_sc_hd__nor3_1)
   0.2226    9.1966 v dcache/_3359_/X (sky130_fd_sc_hd__lpflow_clkbufkapwr_1)
   0.3193    9.5159 v dcache/_3361_/X (sky130_fd_sc_hd__mux2_2)
   0.1608    9.6766 v lsu/_33285_/X (sky130_fd_sc_hd__clkbuf_1)
   0.8519   10.5285 ^ lsu/_33304_/Y (sky130_fd_sc_hd__nor4_1)
   0.1470   10.6755 v lsu/_33305_/Y (sky130_fd_sc_hd__a222oi_1)
   0.1060   10.7815 ^ lsu/_33311_/Y (sky130_fd_sc_hd__nand2_1)
   0.0657   10.8472 v lsu/_33321_/Y (sky130_fd_sc_hd__nor3_1)
   0.2807   11.1279 v lsu/_33539_/X (sky130_fd_sc_hd__or2_2)
   0.0670   11.1949 ^ lsu/_33540_/Y (sky130_fd_sc_hd__nand2_1)
   0.1031   11.2980 v lsu/_33545_/Y (sky130_fd_sc_hd__o21ai_0)
   0.1640   11.4620 v core/memExeUnit/_191_/X (sky130_fd_sc_hd__buf_4)
   0.1818   11.6438 v core/ll_wbarb/_009_/X (sky130_fd_sc_hd__clkbuf_1)
   0.2456   11.8895 v core/ll_wbarb/_010_/X (sky130_fd_sc_hd__clkbuf_1)
   0.0813   11.9708 ^ core/ll_wbarb/_099_/Y (sky130_fd_sc_hd__inv_1)
   0.1445   12.1153 ^ core/FpPipeline/_2061_/X (sky130_fd_sc_hd__lpflow_inputiso0n_1)
   0.0722   12.1876 v core/FpPipeline/_2071_/Y (sky130_fd_sc_hd__nand2_1)
   0.0986   12.2861 ^ core/FpPipeline/_2073_/Y (sky130_fd_sc_hd__a21oi_1)
   0.1152   12.4013 ^ core/ll_wbarb/_100_/X (sky130_fd_sc_hd__or2_2)
   4.8833   17.2846 ^ core/_3767_/Y (sky130_fd_sc_hd__nor3b_1)
   0.2605   17.5452 v core/rename_stage/busytable/_2390_/Y (sky130_fd_sc_hd__nand2_1)
   0.5188   18.0640 v core/rename_stage/busytable/_2391_/X (sky130_fd_sc_hd__or2_2)
   0.1858   18.2498 v core/rename_stage/busytable/_2392_/X (sky130_fd_sc_hd__lpflow_clkbufkapwr_1)
   0.1764   18.4262 ^ core/rename_stage/busytable/_2426_/Y (sky130_fd_sc_hd__o21ai_0)
   0.0706   18.4968 v core/rename_stage/busytable/_2428_/Y (sky130_fd_sc_hd__nor3_1)
   0.2073   18.7041 ^ core/rename_stage/busytable/_2429_/Y (sky130_fd_sc_hd__a221oi_1)
   0.0620   18.7661 v core/rename_stage/busytable/_2430_/Y (sky130_fd_sc_hd__nor2_1)
   0.0035   18.7696 v core/rename_stage/busytable/_2577_/D (sky130_fd_sc_hd__dfxtp_1)
            18.7696   data arrival time

  20.0000   20.0000   clock clock (rise edge)
   0.0000   20.0000   clock network delay (ideal)
   0.0000   20.0000   clock reconvergence pessimism
            20.0000 ^ core/rename_stage/busytable/_2577_/CLK (sky130_fd_sc_hd__dfxtp_1)
  -0.1293   19.8707   library setup time
            19.8707   data required time
-------------------------------------------------------------
            19.8707   data required time
           -18.7696   data arrival time
-------------------------------------------------------------
             1.1011   slack (MET)


Startpoint: core/_3979_ (rising edge-triggered flip-flop clocked by clock)
Endpoint: core/rename_stage/busytable/_2583_
          (rising edge-triggered flip-flop clocked by clock)
Path Group: clock
Path Type: max

    Delay      Time   Description
-------------------------------------------------------------
   0.0000    0.0000   clock clock (rise edge)
   0.0000    0.0000   clock network delay (ideal)
   0.0000    0.0000 ^ core/_3979_/CLK (sky130_fd_sc_hd__dfxtp_1)
   0.3332    0.3332 ^ core/_3979_/Q (sky130_fd_sc_hd__dfxtp_1)
   0.3006    0.6338 ^ core/_1880_/Y (sky130_fd_sc_hd__nor3b_1)
   0.1036    0.7374 v core/_1881_/Y (sky130_fd_sc_hd__nand2_1)
   5.0797    5.8171 ^ core/_1906_/Y (sky130_fd_sc_hd__o21ai_0)
   0.7998    6.6169 ^ lsu/_64414_/X (sky130_fd_sc_hd__buf_4)
   0.1206    6.7376 v dcache/_2795_/Y (sky130_fd_sc_hd__a22oi_1)
   0.2232    6.9607 v dcache/_2796_/X (sky130_fd_sc_hd__and4_1)
   0.0821    7.0429 ^ dcache/_2797_/Y (sky130_fd_sc_hd__nand2_1)
   0.0867    7.1296 v dcache/_2803_/Y (sky130_fd_sc_hd__nor4_1)
   0.0795    7.2091 ^ dcache/mshrs/_0615_/Y (sky130_fd_sc_hd__inv_1)
   0.0587    7.2678 v dcache/mshrs/_0616_/Y (sky130_fd_sc_hd__nor2_1)
   0.1498    7.4177 v dcache/mshrs/_0617_/Y (sky130_fd_sc_hd__a21boi_0)
   0.2381    7.6557 v dcache/mshrs/_0618_/X (sky130_fd_sc_hd__lpflow_inputiso0n_1)
   0.1857    7.8415 ^ dcache/mshrs/_0752_/Y (sky130_fd_sc_hd__a31oi_1)
   0.0689    7.9104 v dcache/mshrs/_0755_/Y (sky130_fd_sc_hd__nand2_1)
   0.2141    8.1244 v dcache/mshrs/_0756_/X (sky130_fd_sc_hd__a22o_1)
   0.1258    8.2503 v dcache/_2807_/X (sky130_fd_sc_hd__lpflow_isobufsrc_1)
   0.3604    8.6107 ^ dcache/_2808_/Y (sky130_fd_sc_hd__a2111oi_0)
   0.1294    8.7400 v dcache/_2809_/Y (sky130_fd_sc_hd__a311oi_1)
   0.1535    8.8935 ^ dcache/_2810_/X (sky130_fd_sc_hd__lpflow_isobufsrc_1)
   0.0805    8.9740 v dcache/_2812_/Y (sky130_fd_sc_hd__nor3_1)
   0.2226    9.1966 v dcache/_3359_/X (sky130_fd_sc_hd__lpflow_clkbufkapwr_1)
   0.3193    9.5159 v dcache/_3361_/X (sky130_fd_sc_hd__mux2_2)
   0.1608    9.6766 v lsu/_33285_/X (sky130_fd_sc_hd__clkbuf_1)
   0.8519   10.5285 ^ lsu/_33304_/Y (sky130_fd_sc_hd__nor4_1)
   0.1470   10.6755 v lsu/_33305_/Y (sky130_fd_sc_hd__a222oi_1)
   0.1060   10.7815 ^ lsu/_33311_/Y (sky130_fd_sc_hd__nand2_1)
   0.0657   10.8472 v lsu/_33321_/Y (sky130_fd_sc_hd__nor3_1)
   0.2807   11.1279 v lsu/_33539_/X (sky130_fd_sc_hd__or2_2)
   0.0670   11.1949 ^ lsu/_33540_/Y (sky130_fd_sc_hd__nand2_1)
   0.1031   11.2980 v lsu/_33545_/Y (sky130_fd_sc_hd__o21ai_0)
   0.1640   11.4620 v core/memExeUnit/_191_/X (sky130_fd_sc_hd__buf_4)
   0.1818   11.6438 v core/ll_wbarb/_009_/X (sky130_fd_sc_hd__clkbuf_1)
   0.2456   11.8895 v core/ll_wbarb/_010_/X (sky130_fd_sc_hd__clkbuf_1)
   0.0813   11.9708 ^ core/ll_wbarb/_099_/Y (sky130_fd_sc_hd__inv_1)
   0.1445   12.1153 ^ core/FpPipeline/_2061_/X (sky130_fd_sc_hd__lpflow_inputiso0n_1)
   0.0722   12.1876 v core/FpPipeline/_2071_/Y (sky130_fd_sc_hd__nand2_1)
   0.0986   12.2861 ^ core/FpPipeline/_2073_/Y (sky130_fd_sc_hd__a21oi_1)
   0.1152   12.4013 ^ core/ll_wbarb/_100_/X (sky130_fd_sc_hd__or2_2)
   4.8833   17.2846 ^ core/_3767_/Y (sky130_fd_sc_hd__nor3b_1)
   0.2605   17.5452 v core/rename_stage/busytable/_2390_/Y (sky130_fd_sc_hd__nand2_1)
   0.5188   18.0640 v core/rename_stage/busytable/_2391_/X (sky130_fd_sc_hd__or2_2)
   0.1858   18.2498 v core/rename_stage/busytable/_2392_/X (sky130_fd_sc_hd__lpflow_clkbufkapwr_1)
   0.1534   18.4031 ^ core/rename_stage/busytable/_2465_/Y (sky130_fd_sc_hd__o22ai_1)
   0.0882   18.4913 v core/rename_stage/busytable/_2468_/Y (sky130_fd_sc_hd__nor3_1)
   0.2108   18.7022 ^ core/rename_stage/busytable/_2469_/Y (sky130_fd_sc_hd__a221oi_1)
   0.0620   18.7641 v core/rename_stage/busytable/_2470_/Y (sky130_fd_sc_hd__nor2_1)
   0.0035   18.7676 v core/rename_stage/busytable/_2583_/D (sky130_fd_sc_hd__dfxtp_1)
            18.7676   data arrival time

  20.0000   20.0000   clock clock (rise edge)
   0.0000   20.0000   clock network delay (ideal)
   0.0000   20.0000   clock reconvergence pessimism
            20.0000 ^ core/rename_stage/busytable/_2583_/CLK (sky130_fd_sc_hd__dfxtp_1)
  -0.1293   19.8707   library setup time
            19.8707   data required time
-------------------------------------------------------------
            19.8707   data required time
           -18.7676   data arrival time
-------------------------------------------------------------
             1.1031   slack (MET)


Startpoint: core/_3979_ (rising edge-triggered flip-flop clocked by clock)
Endpoint: core/rename_stage/busytable/_2546_
          (rising edge-triggered flip-flop clocked by clock)
Path Group: clock
Path Type: max

    Delay      Time   Description
-------------------------------------------------------------
   0.0000    0.0000   clock clock (rise edge)
   0.0000    0.0000   clock network delay (ideal)
   0.0000    0.0000 ^ core/_3979_/CLK (sky130_fd_sc_hd__dfxtp_1)
   0.3332    0.3332 ^ core/_3979_/Q (sky130_fd_sc_hd__dfxtp_1)
   0.3006    0.6338 ^ core/_1880_/Y (sky130_fd_sc_hd__nor3b_1)
   0.1036    0.7374 v core/_1881_/Y (sky130_fd_sc_hd__nand2_1)
   5.0797    5.8171 ^ core/_1906_/Y (sky130_fd_sc_hd__o21ai_0)
   0.7998    6.6169 ^ lsu/_64414_/X (sky130_fd_sc_hd__buf_4)
   0.1206    6.7376 v dcache/_2795_/Y (sky130_fd_sc_hd__a22oi_1)
   0.2232    6.9607 v dcache/_2796_/X (sky130_fd_sc_hd__and4_1)
   0.0821    7.0429 ^ dcache/_2797_/Y (sky130_fd_sc_hd__nand2_1)
   0.0867    7.1296 v dcache/_2803_/Y (sky130_fd_sc_hd__nor4_1)
   0.0795    7.2091 ^ dcache/mshrs/_0615_/Y (sky130_fd_sc_hd__inv_1)
   0.0587    7.2678 v dcache/mshrs/_0616_/Y (sky130_fd_sc_hd__nor2_1)
   0.1498    7.4177 v dcache/mshrs/_0617_/Y (sky130_fd_sc_hd__a21boi_0)
   0.2381    7.6557 v dcache/mshrs/_0618_/X (sky130_fd_sc_hd__lpflow_inputiso0n_1)
   0.1857    7.8415 ^ dcache/mshrs/_0752_/Y (sky130_fd_sc_hd__a31oi_1)
   0.0689    7.9104 v dcache/mshrs/_0755_/Y (sky130_fd_sc_hd__nand2_1)
   0.2141    8.1244 v dcache/mshrs/_0756_/X (sky130_fd_sc_hd__a22o_1)
   0.1258    8.2503 v dcache/_2807_/X (sky130_fd_sc_hd__lpflow_isobufsrc_1)
   0.3604    8.6107 ^ dcache/_2808_/Y (sky130_fd_sc_hd__a2111oi_0)
   0.1294    8.7400 v dcache/_2809_/Y (sky130_fd_sc_hd__a311oi_1)
   0.1535    8.8935 ^ dcache/_2810_/X (sky130_fd_sc_hd__lpflow_isobufsrc_1)
   0.0805    8.9740 v dcache/_2812_/Y (sky130_fd_sc_hd__nor3_1)
   0.2226    9.1966 v dcache/_3359_/X (sky130_fd_sc_hd__lpflow_clkbufkapwr_1)
   0.3193    9.5159 v dcache/_3361_/X (sky130_fd_sc_hd__mux2_2)
   0.1608    9.6766 v lsu/_33285_/X (sky130_fd_sc_hd__clkbuf_1)
   0.8519   10.5285 ^ lsu/_33304_/Y (sky130_fd_sc_hd__nor4_1)
   0.1470   10.6755 v lsu/_33305_/Y (sky130_fd_sc_hd__a222oi_1)
   0.1060   10.7815 ^ lsu/_33311_/Y (sky130_fd_sc_hd__nand2_1)
   0.0657   10.8472 v lsu/_33321_/Y (sky130_fd_sc_hd__nor3_1)
   0.2807   11.1279 v lsu/_33539_/X (sky130_fd_sc_hd__or2_2)
   0.0670   11.1949 ^ lsu/_33540_/Y (sky130_fd_sc_hd__nand2_1)
   0.1031   11.2980 v lsu/_33545_/Y (sky130_fd_sc_hd__o21ai_0)
   0.1640   11.4620 v core/memExeUnit/_191_/X (sky130_fd_sc_hd__buf_4)
   0.1818   11.6438 v core/ll_wbarb/_009_/X (sky130_fd_sc_hd__clkbuf_1)
   0.2456   11.8895 v core/ll_wbarb/_010_/X (sky130_fd_sc_hd__clkbuf_1)
   0.0813   11.9708 ^ core/ll_wbarb/_099_/Y (sky130_fd_sc_hd__inv_1)
   0.1445   12.1153 ^ core/FpPipeline/_2061_/X (sky130_fd_sc_hd__lpflow_inputiso0n_1)
   0.0722   12.1876 v core/FpPipeline/_2071_/Y (sky130_fd_sc_hd__nand2_1)
   0.0986   12.2861 ^ core/FpPipeline/_2073_/Y (sky130_fd_sc_hd__a21oi_1)
   0.1152   12.4013 ^ core/ll_wbarb/_100_/X (sky130_fd_sc_hd__or2_2)
   4.8833   17.2846 ^ core/_3767_/Y (sky130_fd_sc_hd__nor3b_1)
   0.7911   18.0757 v core/rename_stage/busytable/_2117_/Y (sky130_fd_sc_hd__nand3b_1)
   0.4088   18.4845 v core/rename_stage/busytable/_2118_/X (sky130_fd_sc_hd__clkbuf_1)
   0.1929   18.6775 ^ core/rename_stage/busytable/_2173_/Y (sky130_fd_sc_hd__o211ai_1)
   0.0811   18.7586 v core/rename_stage/busytable/_2175_/Y (sky130_fd_sc_hd__a21oi_1)
   0.0035   18.7621 v core/rename_stage/busytable/_2546_/D (sky130_fd_sc_hd__dfxtp_1)
            18.7621   data arrival time

  20.0000   20.0000   clock clock (rise edge)
   0.0000   20.0000   clock network delay (ideal)
   0.0000   20.0000   clock reconvergence pessimism
            20.0000 ^ core/rename_stage/busytable/_2546_/CLK (sky130_fd_sc_hd__dfxtp_1)
  -0.1339   19.8661   library setup time
            19.8661   data required time
-------------------------------------------------------------
            19.8661   data required time
           -18.7621   data arrival time
-------------------------------------------------------------
             1.1040   slack (MET)


Startpoint: core/_3979_ (rising edge-triggered flip-flop clocked by clock)
Endpoint: core/rename_stage/busytable/_2588_
          (rising edge-triggered flip-flop clocked by clock)
Path Group: clock
Path Type: max

    Delay      Time   Description
-------------------------------------------------------------
   0.0000    0.0000   clock clock (rise edge)
   0.0000    0.0000   clock network delay (ideal)
   0.0000    0.0000 ^ core/_3979_/CLK (sky130_fd_sc_hd__dfxtp_1)
   0.3332    0.3332 ^ core/_3979_/Q (sky130_fd_sc_hd__dfxtp_1)
   0.3006    0.6338 ^ core/_1880_/Y (sky130_fd_sc_hd__nor3b_1)
   0.1036    0.7374 v core/_1881_/Y (sky130_fd_sc_hd__nand2_1)
   5.0797    5.8171 ^ core/_1906_/Y (sky130_fd_sc_hd__o21ai_0)
   0.7998    6.6169 ^ lsu/_64414_/X (sky130_fd_sc_hd__buf_4)
   0.1206    6.7376 v dcache/_2795_/Y (sky130_fd_sc_hd__a22oi_1)
   0.2232    6.9607 v dcache/_2796_/X (sky130_fd_sc_hd__and4_1)
   0.0821    7.0429 ^ dcache/_2797_/Y (sky130_fd_sc_hd__nand2_1)
   0.0867    7.1296 v dcache/_2803_/Y (sky130_fd_sc_hd__nor4_1)
   0.0795    7.2091 ^ dcache/mshrs/_0615_/Y (sky130_fd_sc_hd__inv_1)
   0.0587    7.2678 v dcache/mshrs/_0616_/Y (sky130_fd_sc_hd__nor2_1)
   0.1498    7.4177 v dcache/mshrs/_0617_/Y (sky130_fd_sc_hd__a21boi_0)
   0.2381    7.6557 v dcache/mshrs/_0618_/X (sky130_fd_sc_hd__lpflow_inputiso0n_1)
   0.1857    7.8415 ^ dcache/mshrs/_0752_/Y (sky130_fd_sc_hd__a31oi_1)
   0.0689    7.9104 v dcache/mshrs/_0755_/Y (sky130_fd_sc_hd__nand2_1)
   0.2141    8.1244 v dcache/mshrs/_0756_/X (sky130_fd_sc_hd__a22o_1)
   0.1258    8.2503 v dcache/_2807_/X (sky130_fd_sc_hd__lpflow_isobufsrc_1)
   0.3604    8.6107 ^ dcache/_2808_/Y (sky130_fd_sc_hd__a2111oi_0)
   0.1294    8.7400 v dcache/_2809_/Y (sky130_fd_sc_hd__a311oi_1)
   0.1535    8.8935 ^ dcache/_2810_/X (sky130_fd_sc_hd__lpflow_isobufsrc_1)
   0.0805    8.9740 v dcache/_2812_/Y (sky130_fd_sc_hd__nor3_1)
   0.2226    9.1966 v dcache/_3359_/X (sky130_fd_sc_hd__lpflow_clkbufkapwr_1)
   0.3193    9.5159 v dcache/_3361_/X (sky130_fd_sc_hd__mux2_2)
   0.1608    9.6766 v lsu/_33285_/X (sky130_fd_sc_hd__clkbuf_1)
   0.8519   10.5285 ^ lsu/_33304_/Y (sky130_fd_sc_hd__nor4_1)
   0.1470   10.6755 v lsu/_33305_/Y (sky130_fd_sc_hd__a222oi_1)
   0.1060   10.7815 ^ lsu/_33311_/Y (sky130_fd_sc_hd__nand2_1)
   0.0657   10.8472 v lsu/_33321_/Y (sky130_fd_sc_hd__nor3_1)
   0.2807   11.1279 v lsu/_33539_/X (sky130_fd_sc_hd__or2_2)
   0.0670   11.1949 ^ lsu/_33540_/Y (sky130_fd_sc_hd__nand2_1)
   0.1031   11.2980 v lsu/_33545_/Y (sky130_fd_sc_hd__o21ai_0)
   0.1640   11.4620 v core/memExeUnit/_191_/X (sky130_fd_sc_hd__buf_4)
   0.1818   11.6438 v core/ll_wbarb/_009_/X (sky130_fd_sc_hd__clkbuf_1)
   0.2456   11.8895 v core/ll_wbarb/_010_/X (sky130_fd_sc_hd__clkbuf_1)
   0.0813   11.9708 ^ core/ll_wbarb/_099_/Y (sky130_fd_sc_hd__inv_1)
   0.1445   12.1153 ^ core/FpPipeline/_2061_/X (sky130_fd_sc_hd__lpflow_inputiso0n_1)
   0.0722   12.1876 v core/FpPipeline/_2071_/Y (sky130_fd_sc_hd__nand2_1)
   0.0986   12.2861 ^ core/FpPipeline/_2073_/Y (sky130_fd_sc_hd__a21oi_1)
   0.1152   12.4013 ^ core/ll_wbarb/_100_/X (sky130_fd_sc_hd__or2_2)
   4.8833   17.2846 ^ core/_3767_/Y (sky130_fd_sc_hd__nor3b_1)
   0.2605   17.5452 v core/rename_stage/busytable/_2390_/Y (sky130_fd_sc_hd__nand2_1)
   0.5188   18.0640 v core/rename_stage/busytable/_2391_/X (sky130_fd_sc_hd__or2_2)
   0.1858   18.2498 v core/rename_stage/busytable/_2392_/X (sky130_fd_sc_hd__lpflow_clkbufkapwr_1)
   0.1612   18.4110 ^ core/rename_stage/busytable/_2497_/Y (sky130_fd_sc_hd__nor3_1)
   0.0732   18.4842 v core/rename_stage/busytable/_2499_/Y (sky130_fd_sc_hd__nor4_1)
   0.2136   18.6978 ^ core/rename_stage/busytable/_2500_/Y (sky130_fd_sc_hd__a221oi_1)
   0.0620   18.7598 v core/rename_stage/busytable/_2501_/Y (sky130_fd_sc_hd__nor2_1)
   0.0035   18.7633 v core/rename_stage/busytable/_2588_/D (sky130_fd_sc_hd__dfxtp_1)
            18.7633   data arrival time

  20.0000   20.0000   clock clock (rise edge)
   0.0000   20.0000   clock network delay (ideal)
   0.0000   20.0000   clock reconvergence pessimism
            20.0000 ^ core/rename_stage/busytable/_2588_/CLK (sky130_fd_sc_hd__dfxtp_1)
  -0.1293   19.8707   library setup time
            19.8707   data required time
-------------------------------------------------------------
            19.8707   data required time
           -18.7633   data arrival time
-------------------------------------------------------------
             1.1074   slack (MET)


Startpoint: core/_3979_ (rising edge-triggered flip-flop clocked by clock)
Endpoint: core/rename_stage/busytable/_2547_
          (rising edge-triggered flip-flop clocked by clock)
Path Group: clock
Path Type: max

    Delay      Time   Description
-------------------------------------------------------------
   0.0000    0.0000   clock clock (rise edge)
   0.0000    0.0000   clock network delay (ideal)
   0.0000    0.0000 ^ core/_3979_/CLK (sky130_fd_sc_hd__dfxtp_1)
   0.3332    0.3332 ^ core/_3979_/Q (sky130_fd_sc_hd__dfxtp_1)
   0.3006    0.6338 ^ core/_1880_/Y (sky130_fd_sc_hd__nor3b_1)
   0.1036    0.7374 v core/_1881_/Y (sky130_fd_sc_hd__nand2_1)
   5.0797    5.8171 ^ core/_1906_/Y (sky130_fd_sc_hd__o21ai_0)
   0.7998    6.6169 ^ lsu/_64414_/X (sky130_fd_sc_hd__buf_4)
   0.1206    6.7376 v dcache/_2795_/Y (sky130_fd_sc_hd__a22oi_1)
   0.2232    6.9607 v dcache/_2796_/X (sky130_fd_sc_hd__and4_1)
   0.0821    7.0429 ^ dcache/_2797_/Y (sky130_fd_sc_hd__nand2_1)
   0.0867    7.1296 v dcache/_2803_/Y (sky130_fd_sc_hd__nor4_1)
   0.0795    7.2091 ^ dcache/mshrs/_0615_/Y (sky130_fd_sc_hd__inv_1)
   0.0587    7.2678 v dcache/mshrs/_0616_/Y (sky130_fd_sc_hd__nor2_1)
   0.1498    7.4177 v dcache/mshrs/_0617_/Y (sky130_fd_sc_hd__a21boi_0)
   0.2381    7.6557 v dcache/mshrs/_0618_/X (sky130_fd_sc_hd__lpflow_inputiso0n_1)
   0.1857    7.8415 ^ dcache/mshrs/_0752_/Y (sky130_fd_sc_hd__a31oi_1)
   0.0689    7.9104 v dcache/mshrs/_0755_/Y (sky130_fd_sc_hd__nand2_1)
   0.2141    8.1244 v dcache/mshrs/_0756_/X (sky130_fd_sc_hd__a22o_1)
   0.1258    8.2503 v dcache/_2807_/X (sky130_fd_sc_hd__lpflow_isobufsrc_1)
   0.3604    8.6107 ^ dcache/_2808_/Y (sky130_fd_sc_hd__a2111oi_0)
   0.1294    8.7400 v dcache/_2809_/Y (sky130_fd_sc_hd__a311oi_1)
   0.1535    8.8935 ^ dcache/_2810_/X (sky130_fd_sc_hd__lpflow_isobufsrc_1)
   0.0805    8.9740 v dcache/_2812_/Y (sky130_fd_sc_hd__nor3_1)
   0.2226    9.1966 v dcache/_3359_/X (sky130_fd_sc_hd__lpflow_clkbufkapwr_1)
   0.3193    9.5159 v dcache/_3361_/X (sky130_fd_sc_hd__mux2_2)
   0.1608    9.6766 v lsu/_33285_/X (sky130_fd_sc_hd__clkbuf_1)
   0.8519   10.5285 ^ lsu/_33304_/Y (sky130_fd_sc_hd__nor4_1)
   0.1470   10.6755 v lsu/_33305_/Y (sky130_fd_sc_hd__a222oi_1)
   0.1060   10.7815 ^ lsu/_33311_/Y (sky130_fd_sc_hd__nand2_1)
   0.0657   10.8472 v lsu/_33321_/Y (sky130_fd_sc_hd__nor3_1)
   0.2807   11.1279 v lsu/_33539_/X (sky130_fd_sc_hd__or2_2)
   0.0670   11.1949 ^ lsu/_33540_/Y (sky130_fd_sc_hd__nand2_1)
   0.1031   11.2980 v lsu/_33545_/Y (sky130_fd_sc_hd__o21ai_0)
   0.1640   11.4620 v core/memExeUnit/_191_/X (sky130_fd_sc_hd__buf_4)
   0.1818   11.6438 v core/ll_wbarb/_009_/X (sky130_fd_sc_hd__clkbuf_1)
   0.2456   11.8895 v core/ll_wbarb/_010_/X (sky130_fd_sc_hd__clkbuf_1)
   0.0813   11.9708 ^ core/ll_wbarb/_099_/Y (sky130_fd_sc_hd__inv_1)
   0.1445   12.1153 ^ core/FpPipeline/_2061_/X (sky130_fd_sc_hd__lpflow_inputiso0n_1)
   0.0722   12.1876 v core/FpPipeline/_2071_/Y (sky130_fd_sc_hd__nand2_1)
   0.0986   12.2861 ^ core/FpPipeline/_2073_/Y (sky130_fd_sc_hd__a21oi_1)
   0.1152   12.4013 ^ core/ll_wbarb/_100_/X (sky130_fd_sc_hd__or2_2)
   4.8833   17.2846 ^ core/_3767_/Y (sky130_fd_sc_hd__nor3b_1)
   0.7911   18.0757 v core/rename_stage/busytable/_2117_/Y (sky130_fd_sc_hd__nand3b_1)
   0.3532   18.4289 ^ core/rename_stage/busytable/_2177_/Y (sky130_fd_sc_hd__o22ai_1)
   0.0856   18.5146 v core/rename_stage/busytable/_2179_/Y (sky130_fd_sc_hd__a211oi_1)
   0.1476   18.6621 ^ core/rename_stage/busytable/_2180_/Y (sky130_fd_sc_hd__a22oi_1)
   0.0850   18.7471 v core/rename_stage/busytable/_2181_/Y (sky130_fd_sc_hd__a21oi_1)
   0.0035   18.7506 v core/rename_stage/busytable/_2547_/D (sky130_fd_sc_hd__dfxtp_1)
            18.7506   data arrival time

  20.0000   20.0000   clock clock (rise edge)
   0.0000   20.0000   clock network delay (ideal)
   0.0000   20.0000   clock reconvergence pessimism
            20.0000 ^ core/rename_stage/busytable/_2547_/CLK (sky130_fd_sc_hd__dfxtp_1)
  -0.1339   19.8661   library setup time
            19.8661   data required time
-------------------------------------------------------------
            19.8661   data required time
           -18.7506   data arrival time
-------------------------------------------------------------
             1.1155   slack (MET)


Startpoint: core/FpPipeline/fpu_exe_unit/FPUUnit/fpu/dfma/_1310_
            (rising edge-triggered flip-flop clocked by clock)
Endpoint: core/FpPipeline/fpu_exe_unit/FPUUnit/fpu/dfma/fma/_31062_
          (rising edge-triggered flip-flop clocked by clock)
Path Group: clock
Path Type: max

    Delay      Time   Description
-------------------------------------------------------------
   0.0000    0.0000   clock clock (rise edge)
   0.0000    0.0000   clock network delay (ideal)
   0.0000    0.0000 ^ core/FpPipeline/fpu_exe_unit/FPUUnit/fpu/dfma/_1310_/CLK (sky130_fd_sc_hd__dfxtp_1)
   0.2995    0.2995 v core/FpPipeline/fpu_exe_unit/FPUUnit/fpu/dfma/_1310_/Q (sky130_fd_sc_hd__dfxtp_1)
   0.1614    0.4609 v core/FpPipeline/fpu_exe_unit/FPUUnit/fpu/dfma/fma/mulAddRecFNToRaw_preMul/_1092_/Y (sky130_fd_sc_hd__xnor2_1)
   0.3226    0.7835 ^ core/FpPipeline/fpu_exe_unit/FPUUnit/fpu/dfma/fma/mulAddRecFNToRaw_preMul/_1094_/Y (sky130_fd_sc_hd__o21ai_0)
   0.1761    0.9596 v core/FpPipeline/fpu_exe_unit/FPUUnit/fpu/dfma/fma/mulAddRecFNToRaw_preMul/_1097_/Y (sky130_fd_sc_hd__a31oi_1)
   0.4045    1.3640 v core/FpPipeline/fpu_exe_unit/FPUUnit/fpu/dfma/fma/mulAddRecFNToRaw_preMul/_1098_/X (sky130_fd_sc_hd__maj3_1)
   0.3959    1.7600 v core/FpPipeline/fpu_exe_unit/FPUUnit/fpu/dfma/fma/mulAddRecFNToRaw_preMul/_1099_/X (sky130_fd_sc_hd__maj3_1)
   0.3973    2.1573 v core/FpPipeline/fpu_exe_unit/FPUUnit/fpu/dfma/fma/mulAddRecFNToRaw_preMul/_1100_/X (sky130_fd_sc_hd__maj3_1)
   0.4055    2.5628 v core/FpPipeline/fpu_exe_unit/FPUUnit/fpu/dfma/fma/mulAddRecFNToRaw_preMul/_1101_/X (sky130_fd_sc_hd__maj3_1)
   0.3551    2.9179 v core/FpPipeline/fpu_exe_unit/FPUUnit/fpu/dfma/fma/mulAddRecFNToRaw_preMul/_1121_/X (sky130_fd_sc_hd__maj3_1)
   0.2007    3.1186 v core/FpPipeline/fpu_exe_unit/FPUUnit/fpu/dfma/fma/mulAddRecFNToRaw_preMul/_1122_/X (sky130_fd_sc_hd__xor2_1)
   0.1942    3.3128 ^ core/FpPipeline/fpu_exe_unit/FPUUnit/fpu/dfma/fma/mulAddRecFNToRaw_preMul/_1152_/Y (sky130_fd_sc_hd__o221ai_1)
   0.1518    3.4647 v core/FpPipeline/fpu_exe_unit/FPUUnit/fpu/dfma/fma/mulAddRecFNToRaw_preMul/_1158_/Y (sky130_fd_sc_hd__a32oi_1)
   0.4189    3.8835 v core/FpPipeline/fpu_exe_unit/FPUUnit/fpu/dfma/fma/mulAddRecFNToRaw_preMul/_1159_/X (sky130_fd_sc_hd__maj3_1)
   0.2588    4.1424 v core/FpPipeline/fpu_exe_unit/FPUUnit/fpu/dfma/fma/mulAddRecFNToRaw_preMul/_1177_/X (sky130_fd_sc_hd__o2111a_1)
   0.1835    4.3259 v core/FpPipeline/fpu_exe_unit/FPUUnit/fpu/dfma/fma/mulAddRecFNToRaw_preMul/_1178_/X (sky130_fd_sc_hd__clkbuf_1)
   0.1411    4.4670 ^ core/FpPipeline/fpu_exe_unit/FPUUnit/fpu/dfma/fma/mulAddRecFNToRaw_preMul/_1203_/Y (sky130_fd_sc_hd__nand4_1)
   0.3339    4.8008 ^ core/FpPipeline/fpu_exe_unit/FPUUnit/fpu/dfma/fma/mulAddRecFNToRaw_preMul/_1204_/X (sky130_fd_sc_hd__lpflow_clkbufkapwr_1)
   0.3198    5.1206 ^ core/FpPipeline/fpu_exe_unit/FPUUnit/fpu/dfma/fma/mulAddRecFNToRaw_preMul/_1307_/X (sky130_fd_sc_hd__buf_2)
   0.4406    5.5612 ^ core/FpPipeline/fpu_exe_unit/FPUUnit/fpu/dfma/fma/mulAddRecFNToRaw_preMul/_1308_/X (sky130_fd_sc_hd__lpflow_clkbufkapwr_1)
   0.4049    5.9661 v core/FpPipeline/fpu_exe_unit/FPUUnit/fpu/dfma/fma/mulAddRecFNToRaw_preMul/_1618_/X (sky130_fd_sc_hd__mux2_2)
   0.1693    6.1354 ^ core/FpPipeline/fpu_exe_unit/FPUUnit/fpu/dfma/fma/mulAddRecFNToRaw_preMul/_1760_/Y (sky130_fd_sc_hd__mux2i_1)
   0.0586    6.1940 v core/FpPipeline/fpu_exe_unit/FPUUnit/fpu/dfma/fma/mulAddRecFNToRaw_preMul/_1761_/Y (sky130_fd_sc_hd__nor2_1)
   0.1499    6.3440 ^ core/FpPipeline/fpu_exe_unit/FPUUnit/fpu/dfma/fma/mulAddRecFNToRaw_preMul/_1762_/Y (sky130_fd_sc_hd__a21oi_1)
   0.1072    6.4511 v core/FpPipeline/fpu_exe_unit/FPUUnit/fpu/dfma/fma/mulAddRecFNToRaw_preMul/_1763_/Y (sky130_fd_sc_hd__mux2i_1)
   0.2246    6.6758 ^ core/FpPipeline/fpu_exe_unit/FPUUnit/fpu/dfma/fma/mulAddRecFNToRaw_preMul/_1764_/Y (sky130_fd_sc_hd__a21oi_1)
   0.0630    6.7388 v core/FpPipeline/fpu_exe_unit/FPUUnit/fpu/dfma/fma/mulAddRecFNToRaw_preMul/_1765_/Y (sky130_fd_sc_hd__nor2_1)
   0.1979    6.9367 v core/FpPipeline/fpu_exe_unit/FPUUnit/fpu/dfma/fma/mulAddRecFNToRaw_preMul/_1766_/X (sky130_fd_sc_hd__o22a_1)
   0.3822    7.3188 v core/FpPipeline/fpu_exe_unit/FPUUnit/fpu/dfma/fma/_15620_/X (sky130_fd_sc_hd__xnor3_1)
   0.3965    7.7153 v core/FpPipeline/fpu_exe_unit/FPUUnit/fpu/dfma/fma/_15633_/X (sky130_fd_sc_hd__maj3_1)
   0.3777    8.0930 v core/FpPipeline/fpu_exe_unit/FPUUnit/fpu/dfma/fma/_15654_/X (sky130_fd_sc_hd__maj3_1)
   0.3929    8.4859 v core/FpPipeline/fpu_exe_unit/FPUUnit/fpu/dfma/fma/_15683_/X (sky130_fd_sc_hd__maj3_1)
   0.3979    8.8837 v core/FpPipeline/fpu_exe_unit/FPUUnit/fpu/dfma/fma/_15706_/X (sky130_fd_sc_hd__xor3_1)
   0.1695    9.0532 ^ core/FpPipeline/fpu_exe_unit/FPUUnit/fpu/dfma/fma/_15717_/Y (sky130_fd_sc_hd__nor2_1)
   0.2705    9.3237 ^ core/FpPipeline/fpu_exe_unit/FPUUnit/fpu/dfma/fma/_15755_/X (sky130_fd_sc_hd__xor3_1)
   0.1383    9.4620 v core/FpPipeline/fpu_exe_unit/FPUUnit/fpu/dfma/fma/_15756_/Y (sky130_fd_sc_hd__nand4bb_1)
   0.3515    9.8135 v core/FpPipeline/fpu_exe_unit/FPUUnit/fpu/dfma/fma/_15806_/X (sky130_fd_sc_hd__or2_2)
   0.3724   10.1859 v core/FpPipeline/fpu_exe_unit/FPUUnit/fpu/dfma/fma/_15860_/X (sky130_fd_sc_hd__maj3_1)
   0.3772   10.5631 v core/FpPipeline/fpu_exe_unit/FPUUnit/fpu/dfma/fma/_15917_/X (sky130_fd_sc_hd__maj3_1)
   0.3659   10.9290 v core/FpPipeline/fpu_exe_unit/FPUUnit/fpu/dfma/fma/_15983_/X (sky130_fd_sc_hd__maj3_1)
   0.3689   11.2979 v core/FpPipeline/fpu_exe_unit/FPUUnit/fpu/dfma/fma/_16051_/X (sky130_fd_sc_hd__maj3_1)
   0.3764   11.6743 v core/FpPipeline/fpu_exe_unit/FPUUnit/fpu/dfma/fma/_16118_/X (sky130_fd_sc_hd__maj3_1)
   0.3716   12.0459 v core/FpPipeline/fpu_exe_unit/FPUUnit/fpu/dfma/fma/_16205_/X (sky130_fd_sc_hd__maj3_1)
   0.3696   12.4155 v core/FpPipeline/fpu_exe_unit/FPUUnit/fpu/dfma/fma/_16303_/X (sky130_fd_sc_hd__maj3_1)
   0.2276   12.6431 ^ core/FpPipeline/fpu_exe_unit/FPUUnit/fpu/dfma/fma/_16397_/Y (sky130_fd_sc_hd__o22ai_1)
   0.1101   12.7532 v core/FpPipeline/fpu_exe_unit/FPUUnit/fpu/dfma/fma/_16924_/Y (sky130_fd_sc_hd__a211oi_1)
   0.3411   13.0942 ^ core/FpPipeline/fpu_exe_unit/FPUUnit/fpu/dfma/fma/_16925_/Y (sky130_fd_sc_hd__o311ai_0)
   0.1916   13.2859 v core/FpPipeline/fpu_exe_unit/FPUUnit/fpu/dfma/fma/_17063_/Y (sky130_fd_sc_hd__nand4_1)
   0.2608   13.5467 ^ core/FpPipeline/fpu_exe_unit/FPUUnit/fpu/dfma/fma/_17356_/Y (sky130_fd_sc_hd__a211oi_1)
   0.2232   13.7699 v core/FpPipeline/fpu_exe_unit/FPUUnit/fpu/dfma/fma/_17676_/Y (sky130_fd_sc_hd__o311ai_0)
   0.3464   14.1163 ^ core/FpPipeline/fpu_exe_unit/FPUUnit/fpu/dfma/fma/_17985_/Y (sky130_fd_sc_hd__a211oi_1)
   0.1544   14.2707 v core/FpPipeline/fpu_exe_unit/FPUUnit/fpu/dfma/fma/_18286_/Y (sky130_fd_sc_hd__o211ai_1)
   0.4838   14.7545 ^ core/FpPipeline/fpu_exe_unit/FPUUnit/fpu/dfma/fma/_19008_/Y (sky130_fd_sc_hd__a2111oi_0)
   0.2138   14.9683 v core/FpPipeline/fpu_exe_unit/FPUUnit/fpu/dfma/fma/_19804_/Y (sky130_fd_sc_hd__a21oi_1)
   0.3577   15.3260 v core/FpPipeline/fpu_exe_unit/FPUUnit/fpu/dfma/fma/_21792_/X (sky130_fd_sc_hd__o31a_1)
   0.3666   15.6926 ^ core/FpPipeline/fpu_exe_unit/FPUUnit/fpu/dfma/fma/_22055_/Y (sky130_fd_sc_hd__o31ai_1)
   0.2541   15.9466 ^ core/FpPipeline/fpu_exe_unit/FPUUnit/fpu/dfma/fma/_22585_/X (sky130_fd_sc_hd__a221o_1)
   0.1319   16.0785 v core/FpPipeline/fpu_exe_unit/FPUUnit/fpu/dfma/fma/_23138_/Y (sky130_fd_sc_hd__a31oi_1)
   0.3718   16.4503 ^ core/FpPipeline/fpu_exe_unit/FPUUnit/fpu/dfma/fma/_23671_/Y (sky130_fd_sc_hd__o21ai_0)
   0.2962   16.7465 ^ core/FpPipeline/fpu_exe_unit/FPUUnit/fpu/dfma/fma/_25679_/X (sky130_fd_sc_hd__and4b_1)
   0.2439   16.9904 ^ core/FpPipeline/fpu_exe_unit/FPUUnit/fpu/dfma/fma/_26580_/X (sky130_fd_sc_hd__o2111a_1)
   0.1495   17.1399 v core/FpPipeline/fpu_exe_unit/FPUUnit/fpu/dfma/fma/_28099_/Y (sky130_fd_sc_hd__o2111ai_1)
   0.3197   17.4597 ^ core/FpPipeline/fpu_exe_unit/FPUUnit/fpu/dfma/fma/_28721_/Y (sky130_fd_sc_hd__o2111ai_1)
   0.1877   17.6474 v core/FpPipeline/fpu_exe_unit/FPUUnit/fpu/dfma/fma/_29003_/Y (sky130_fd_sc_hd__a31oi_1)
   0.2882   17.9355 ^ core/FpPipeline/fpu_exe_unit/FPUUnit/fpu/dfma/fma/_29260_/Y (sky130_fd_sc_hd__o221ai_1)
   0.1789   18.1144 v core/FpPipeline/fpu_exe_unit/FPUUnit/fpu/dfma/fma/_29513_/Y (sky130_fd_sc_hd__a22oi_1)
   0.4165   18.5309 v core/FpPipeline/fpu_exe_unit/FPUUnit/fpu/dfma/fma/_29739_/X (sky130_fd_sc_hd__o311a_1)
   0.1458   18.6767 ^ core/FpPipeline/fpu_exe_unit/FPUUnit/fpu/dfma/fma/_29837_/Y (sky130_fd_sc_hd__nor2_1)
   0.0816   18.7584 v core/FpPipeline/fpu_exe_unit/FPUUnit/fpu/dfma/fma/_29840_/Y (sky130_fd_sc_hd__o2bb2ai_1)
   0.0035   18.7618 v core/FpPipeline/fpu_exe_unit/FPUUnit/fpu/dfma/fma/_31062_/D (sky130_fd_sc_hd__dfxtp_1)
            18.7618   data arrival time

  20.0000   20.0000   clock clock (rise edge)
   0.0000   20.0000   clock network delay (ideal)
   0.0000   20.0000   clock reconvergence pessimism
            20.0000 ^ core/FpPipeline/fpu_exe_unit/FPUUnit/fpu/dfma/fma/_31062_/CLK (sky130_fd_sc_hd__dfxtp_1)
  -0.1197   19.8803   library setup time
            19.8803   data required time
-------------------------------------------------------------
            19.8803   data required time
           -18.7618   data arrival time
-------------------------------------------------------------
             1.1185   slack (MET)


Startpoint: core/_3979_ (rising edge-triggered flip-flop clocked by clock)
Endpoint: core/rename_stage/busytable/_2567_
          (rising edge-triggered flip-flop clocked by clock)
Path Group: clock
Path Type: max

    Delay      Time   Description
-------------------------------------------------------------
   0.0000    0.0000   clock clock (rise edge)
   0.0000    0.0000   clock network delay (ideal)
   0.0000    0.0000 ^ core/_3979_/CLK (sky130_fd_sc_hd__dfxtp_1)
   0.3332    0.3332 ^ core/_3979_/Q (sky130_fd_sc_hd__dfxtp_1)
   0.3006    0.6338 ^ core/_1880_/Y (sky130_fd_sc_hd__nor3b_1)
   0.1036    0.7374 v core/_1881_/Y (sky130_fd_sc_hd__nand2_1)
   5.0797    5.8171 ^ core/_1906_/Y (sky130_fd_sc_hd__o21ai_0)
   0.7998    6.6169 ^ lsu/_64414_/X (sky130_fd_sc_hd__buf_4)
   0.1206    6.7376 v dcache/_2795_/Y (sky130_fd_sc_hd__a22oi_1)
   0.2232    6.9607 v dcache/_2796_/X (sky130_fd_sc_hd__and4_1)
   0.0821    7.0429 ^ dcache/_2797_/Y (sky130_fd_sc_hd__nand2_1)
   0.0867    7.1296 v dcache/_2803_/Y (sky130_fd_sc_hd__nor4_1)
   0.0795    7.2091 ^ dcache/mshrs/_0615_/Y (sky130_fd_sc_hd__inv_1)
   0.0587    7.2678 v dcache/mshrs/_0616_/Y (sky130_fd_sc_hd__nor2_1)
   0.1498    7.4177 v dcache/mshrs/_0617_/Y (sky130_fd_sc_hd__a21boi_0)
   0.2381    7.6557 v dcache/mshrs/_0618_/X (sky130_fd_sc_hd__lpflow_inputiso0n_1)
   0.1857    7.8415 ^ dcache/mshrs/_0752_/Y (sky130_fd_sc_hd__a31oi_1)
   0.0689    7.9104 v dcache/mshrs/_0755_/Y (sky130_fd_sc_hd__nand2_1)
   0.2141    8.1244 v dcache/mshrs/_0756_/X (sky130_fd_sc_hd__a22o_1)
   0.1258    8.2503 v dcache/_2807_/X (sky130_fd_sc_hd__lpflow_isobufsrc_1)
   0.3604    8.6107 ^ dcache/_2808_/Y (sky130_fd_sc_hd__a2111oi_0)
   0.1294    8.7400 v dcache/_2809_/Y (sky130_fd_sc_hd__a311oi_1)
   0.1535    8.8935 ^ dcache/_2810_/X (sky130_fd_sc_hd__lpflow_isobufsrc_1)
   0.0805    8.9740 v dcache/_2812_/Y (sky130_fd_sc_hd__nor3_1)
   0.2226    9.1966 v dcache/_3359_/X (sky130_fd_sc_hd__lpflow_clkbufkapwr_1)
   0.3193    9.5159 v dcache/_3361_/X (sky130_fd_sc_hd__mux2_2)
   0.1608    9.6766 v lsu/_33285_/X (sky130_fd_sc_hd__clkbuf_1)
   0.8519   10.5285 ^ lsu/_33304_/Y (sky130_fd_sc_hd__nor4_1)
   0.1470   10.6755 v lsu/_33305_/Y (sky130_fd_sc_hd__a222oi_1)
   0.1060   10.7815 ^ lsu/_33311_/Y (sky130_fd_sc_hd__nand2_1)
   0.0657   10.8472 v lsu/_33321_/Y (sky130_fd_sc_hd__nor3_1)
   0.2807   11.1279 v lsu/_33539_/X (sky130_fd_sc_hd__or2_2)
   0.0670   11.1949 ^ lsu/_33540_/Y (sky130_fd_sc_hd__nand2_1)
   0.1031   11.2980 v lsu/_33545_/Y (sky130_fd_sc_hd__o21ai_0)
   0.1640   11.4620 v core/memExeUnit/_191_/X (sky130_fd_sc_hd__buf_4)
   0.1818   11.6438 v core/ll_wbarb/_009_/X (sky130_fd_sc_hd__clkbuf_1)
   0.2456   11.8895 v core/ll_wbarb/_010_/X (sky130_fd_sc_hd__clkbuf_1)
   0.0813   11.9708 ^ core/ll_wbarb/_099_/Y (sky130_fd_sc_hd__inv_1)
   0.1445   12.1153 ^ core/FpPipeline/_2061_/X (sky130_fd_sc_hd__lpflow_inputiso0n_1)
   0.0722   12.1876 v core/FpPipeline/_2071_/Y (sky130_fd_sc_hd__nand2_1)
   0.0986   12.2861 ^ core/FpPipeline/_2073_/Y (sky130_fd_sc_hd__a21oi_1)
   0.1152   12.4013 ^ core/ll_wbarb/_100_/X (sky130_fd_sc_hd__or2_2)
   4.8833   17.2846 ^ core/_3767_/Y (sky130_fd_sc_hd__nor3b_1)
   0.5905   17.8751 ^ core/rename_stage/busytable/_2152_/X (sky130_fd_sc_hd__and3b_1)
   0.2495   18.1247 ^ core/rename_stage/busytable/_2153_/X (sky130_fd_sc_hd__clkbuf_1)
   0.3054   18.4301 ^ core/rename_stage/busytable/_2215_/X (sky130_fd_sc_hd__clkbuf_1)
   0.1276   18.5577 v core/rename_stage/busytable/_2332_/Y (sky130_fd_sc_hd__a31oi_1)
   0.1109   18.6686 ^ core/rename_stage/busytable/_2333_/Y (sky130_fd_sc_hd__nand4_1)
   0.0732   18.7417 v core/rename_stage/busytable/_2336_/Y (sky130_fd_sc_hd__a31oi_1)
   0.0035   18.7452 v core/rename_stage/busytable/_2567_/D (sky130_fd_sc_hd__dfxtp_1)
            18.7452   data arrival time

  20.0000   20.0000   clock clock (rise edge)
   0.0000   20.0000   clock network delay (ideal)
   0.0000   20.0000   clock reconvergence pessimism
            20.0000 ^ core/rename_stage/busytable/_2567_/CLK (sky130_fd_sc_hd__dfxtp_1)
  -0.1341   19.8659   library setup time
            19.8659   data required time
-------------------------------------------------------------
            19.8659   data required time
           -18.7452   data arrival time
-------------------------------------------------------------
             1.1207   slack (MET)


Startpoint: core/_3979_ (rising edge-triggered flip-flop clocked by clock)
Endpoint: core/rename_stage/busytable/_2561_
          (rising edge-triggered flip-flop clocked by clock)
Path Group: clock
Path Type: max

    Delay      Time   Description
-------------------------------------------------------------
   0.0000    0.0000   clock clock (rise edge)
   0.0000    0.0000   clock network delay (ideal)
   0.0000    0.0000 ^ core/_3979_/CLK (sky130_fd_sc_hd__dfxtp_1)
   0.3332    0.3332 ^ core/_3979_/Q (sky130_fd_sc_hd__dfxtp_1)
   0.3006    0.6338 ^ core/_1880_/Y (sky130_fd_sc_hd__nor3b_1)
   0.1036    0.7374 v core/_1881_/Y (sky130_fd_sc_hd__nand2_1)
   5.0797    5.8171 ^ core/_1906_/Y (sky130_fd_sc_hd__o21ai_0)
   0.7998    6.6169 ^ lsu/_64414_/X (sky130_fd_sc_hd__buf_4)
   0.1206    6.7376 v dcache/_2795_/Y (sky130_fd_sc_hd__a22oi_1)
   0.2232    6.9607 v dcache/_2796_/X (sky130_fd_sc_hd__and4_1)
   0.0821    7.0429 ^ dcache/_2797_/Y (sky130_fd_sc_hd__nand2_1)
   0.0867    7.1296 v dcache/_2803_/Y (sky130_fd_sc_hd__nor4_1)
   0.0795    7.2091 ^ dcache/mshrs/_0615_/Y (sky130_fd_sc_hd__inv_1)
   0.0587    7.2678 v dcache/mshrs/_0616_/Y (sky130_fd_sc_hd__nor2_1)
   0.1498    7.4177 v dcache/mshrs/_0617_/Y (sky130_fd_sc_hd__a21boi_0)
   0.2381    7.6557 v dcache/mshrs/_0618_/X (sky130_fd_sc_hd__lpflow_inputiso0n_1)
   0.1857    7.8415 ^ dcache/mshrs/_0752_/Y (sky130_fd_sc_hd__a31oi_1)
   0.0689    7.9104 v dcache/mshrs/_0755_/Y (sky130_fd_sc_hd__nand2_1)
   0.2141    8.1244 v dcache/mshrs/_0756_/X (sky130_fd_sc_hd__a22o_1)
   0.1258    8.2503 v dcache/_2807_/X (sky130_fd_sc_hd__lpflow_isobufsrc_1)
   0.3604    8.6107 ^ dcache/_2808_/Y (sky130_fd_sc_hd__a2111oi_0)
   0.1294    8.7400 v dcache/_2809_/Y (sky130_fd_sc_hd__a311oi_1)
   0.1535    8.8935 ^ dcache/_2810_/X (sky130_fd_sc_hd__lpflow_isobufsrc_1)
   0.0805    8.9740 v dcache/_2812_/Y (sky130_fd_sc_hd__nor3_1)
   0.2226    9.1966 v dcache/_3359_/X (sky130_fd_sc_hd__lpflow_clkbufkapwr_1)
   0.3193    9.5159 v dcache/_3361_/X (sky130_fd_sc_hd__mux2_2)
   0.1608    9.6766 v lsu/_33285_/X (sky130_fd_sc_hd__clkbuf_1)
   0.8519   10.5285 ^ lsu/_33304_/Y (sky130_fd_sc_hd__nor4_1)
   0.1470   10.6755 v lsu/_33305_/Y (sky130_fd_sc_hd__a222oi_1)
   0.1060   10.7815 ^ lsu/_33311_/Y (sky130_fd_sc_hd__nand2_1)
   0.0657   10.8472 v lsu/_33321_/Y (sky130_fd_sc_hd__nor3_1)
   0.2807   11.1279 v lsu/_33539_/X (sky130_fd_sc_hd__or2_2)
   0.0670   11.1949 ^ lsu/_33540_/Y (sky130_fd_sc_hd__nand2_1)
   0.1031   11.2980 v lsu/_33545_/Y (sky130_fd_sc_hd__o21ai_0)
   0.1640   11.4620 v core/memExeUnit/_191_/X (sky130_fd_sc_hd__buf_4)
   0.1818   11.6438 v core/ll_wbarb/_009_/X (sky130_fd_sc_hd__clkbuf_1)
   0.2456   11.8895 v core/ll_wbarb/_010_/X (sky130_fd_sc_hd__clkbuf_1)
   0.0813   11.9708 ^ core/ll_wbarb/_099_/Y (sky130_fd_sc_hd__inv_1)
   0.1445   12.1153 ^ core/FpPipeline/_2061_/X (sky130_fd_sc_hd__lpflow_inputiso0n_1)
   0.0722   12.1876 v core/FpPipeline/_2071_/Y (sky130_fd_sc_hd__nand2_1)
   0.0986   12.2861 ^ core/FpPipeline/_2073_/Y (sky130_fd_sc_hd__a21oi_1)
   0.1152   12.4013 ^ core/ll_wbarb/_100_/X (sky130_fd_sc_hd__or2_2)
   4.8833   17.2846 ^ core/_3767_/Y (sky130_fd_sc_hd__nor3b_1)
   0.5905   17.8751 ^ core/rename_stage/busytable/_2152_/X (sky130_fd_sc_hd__and3b_1)
   0.2495   18.1247 ^ core/rename_stage/busytable/_2153_/X (sky130_fd_sc_hd__clkbuf_1)
   0.3054   18.4301 ^ core/rename_stage/busytable/_2215_/X (sky130_fd_sc_hd__clkbuf_1)
   0.1276   18.5577 v core/rename_stage/busytable/_2281_/Y (sky130_fd_sc_hd__a31oi_1)
   0.1065   18.6642 ^ core/rename_stage/busytable/_2282_/Y (sky130_fd_sc_hd__nand4_1)
   0.0718   18.7360 v core/rename_stage/busytable/_2285_/Y (sky130_fd_sc_hd__a31oi_1)
   0.0035   18.7395 v core/rename_stage/busytable/_2561_/D (sky130_fd_sc_hd__dfxtp_1)
            18.7395   data arrival time

  20.0000   20.0000   clock clock (rise edge)
   0.0000   20.0000   clock network delay (ideal)
   0.0000   20.0000   clock reconvergence pessimism
            20.0000 ^ core/rename_stage/busytable/_2561_/CLK (sky130_fd_sc_hd__dfxtp_1)
  -0.1341   19.8659   library setup time
            19.8659   data required time
-------------------------------------------------------------
            19.8659   data required time
           -18.7395   data arrival time
-------------------------------------------------------------
             1.1264   slack (MET)


Startpoint: core/_3979_ (rising edge-triggered flip-flop clocked by clock)
Endpoint: core/rename_stage/busytable/_2564_
          (rising edge-triggered flip-flop clocked by clock)
Path Group: clock
Path Type: max

    Delay      Time   Description
-------------------------------------------------------------
   0.0000    0.0000   clock clock (rise edge)
   0.0000    0.0000   clock network delay (ideal)
   0.0000    0.0000 ^ core/_3979_/CLK (sky130_fd_sc_hd__dfxtp_1)
   0.3332    0.3332 ^ core/_3979_/Q (sky130_fd_sc_hd__dfxtp_1)
   0.3006    0.6338 ^ core/_1880_/Y (sky130_fd_sc_hd__nor3b_1)
   0.1036    0.7374 v core/_1881_/Y (sky130_fd_sc_hd__nand2_1)
   5.0797    5.8171 ^ core/_1906_/Y (sky130_fd_sc_hd__o21ai_0)
   0.7998    6.6169 ^ lsu/_64414_/X (sky130_fd_sc_hd__buf_4)
   0.1206    6.7376 v dcache/_2795_/Y (sky130_fd_sc_hd__a22oi_1)
   0.2232    6.9607 v dcache/_2796_/X (sky130_fd_sc_hd__and4_1)
   0.0821    7.0429 ^ dcache/_2797_/Y (sky130_fd_sc_hd__nand2_1)
   0.0867    7.1296 v dcache/_2803_/Y (sky130_fd_sc_hd__nor4_1)
   0.0795    7.2091 ^ dcache/mshrs/_0615_/Y (sky130_fd_sc_hd__inv_1)
   0.0587    7.2678 v dcache/mshrs/_0616_/Y (sky130_fd_sc_hd__nor2_1)
   0.1498    7.4177 v dcache/mshrs/_0617_/Y (sky130_fd_sc_hd__a21boi_0)
   0.2381    7.6557 v dcache/mshrs/_0618_/X (sky130_fd_sc_hd__lpflow_inputiso0n_1)
   0.1857    7.8415 ^ dcache/mshrs/_0752_/Y (sky130_fd_sc_hd__a31oi_1)
   0.0689    7.9104 v dcache/mshrs/_0755_/Y (sky130_fd_sc_hd__nand2_1)
   0.2141    8.1244 v dcache/mshrs/_0756_/X (sky130_fd_sc_hd__a22o_1)
   0.1258    8.2503 v dcache/_2807_/X (sky130_fd_sc_hd__lpflow_isobufsrc_1)
   0.3604    8.6107 ^ dcache/_2808_/Y (sky130_fd_sc_hd__a2111oi_0)
   0.1294    8.7400 v dcache/_2809_/Y (sky130_fd_sc_hd__a311oi_1)
   0.1535    8.8935 ^ dcache/_2810_/X (sky130_fd_sc_hd__lpflow_isobufsrc_1)
   0.0805    8.9740 v dcache/_2812_/Y (sky130_fd_sc_hd__nor3_1)
   0.2226    9.1966 v dcache/_3359_/X (sky130_fd_sc_hd__lpflow_clkbufkapwr_1)
   0.3193    9.5159 v dcache/_3361_/X (sky130_fd_sc_hd__mux2_2)
   0.1608    9.6766 v lsu/_33285_/X (sky130_fd_sc_hd__clkbuf_1)
   0.8519   10.5285 ^ lsu/_33304_/Y (sky130_fd_sc_hd__nor4_1)
   0.1470   10.6755 v lsu/_33305_/Y (sky130_fd_sc_hd__a222oi_1)
   0.1060   10.7815 ^ lsu/_33311_/Y (sky130_fd_sc_hd__nand2_1)
   0.0657   10.8472 v lsu/_33321_/Y (sky130_fd_sc_hd__nor3_1)
   0.2807   11.1279 v lsu/_33539_/X (sky130_fd_sc_hd__or2_2)
   0.0670   11.1949 ^ lsu/_33540_/Y (sky130_fd_sc_hd__nand2_1)
   0.1031   11.2980 v lsu/_33545_/Y (sky130_fd_sc_hd__o21ai_0)
   0.1640   11.4620 v core/memExeUnit/_191_/X (sky130_fd_sc_hd__buf_4)
   0.1818   11.6438 v core/ll_wbarb/_009_/X (sky130_fd_sc_hd__clkbuf_1)
   0.2456   11.8895 v core/ll_wbarb/_010_/X (sky130_fd_sc_hd__clkbuf_1)
   0.0813   11.9708 ^ core/ll_wbarb/_099_/Y (sky130_fd_sc_hd__inv_1)
   0.1445   12.1153 ^ core/FpPipeline/_2061_/X (sky130_fd_sc_hd__lpflow_inputiso0n_1)
   0.0722   12.1876 v core/FpPipeline/_2071_/Y (sky130_fd_sc_hd__nand2_1)
   0.0986   12.2861 ^ core/FpPipeline/_2073_/Y (sky130_fd_sc_hd__a21oi_1)
   0.1152   12.4013 ^ core/ll_wbarb/_100_/X (sky130_fd_sc_hd__or2_2)
   4.8833   17.2846 ^ core/_3767_/Y (sky130_fd_sc_hd__nor3b_1)
   0.5905   17.8751 ^ core/rename_stage/busytable/_2152_/X (sky130_fd_sc_hd__and3b_1)
   0.2495   18.1247 ^ core/rename_stage/busytable/_2153_/X (sky130_fd_sc_hd__clkbuf_1)
   0.3054   18.4301 ^ core/rename_stage/busytable/_2215_/X (sky130_fd_sc_hd__clkbuf_1)
   0.1276   18.5577 v core/rename_stage/busytable/_2308_/Y (sky130_fd_sc_hd__a31oi_1)
   0.1065   18.6642 ^ core/rename_stage/busytable/_2309_/Y (sky130_fd_sc_hd__nand4_1)
   0.0718   18.7360 v core/rename_stage/busytable/_2312_/Y (sky130_fd_sc_hd__a31oi_1)
   0.0035   18.7395 v core/rename_stage/busytable/_2564_/D (sky130_fd_sc_hd__dfxtp_1)
            18.7395   data arrival time

  20.0000   20.0000   clock clock (rise edge)
   0.0000   20.0000   clock network delay (ideal)
   0.0000   20.0000   clock reconvergence pessimism
            20.0000 ^ core/rename_stage/busytable/_2564_/CLK (sky130_fd_sc_hd__dfxtp_1)
  -0.1341   19.8659   library setup time
            19.8659   data required time
-------------------------------------------------------------
            19.8659   data required time
           -18.7395   data arrival time
-------------------------------------------------------------
             1.1264   slack (MET)


Startpoint: core/_3979_ (rising edge-triggered flip-flop clocked by clock)
Endpoint: core/rename_stage/busytable/_2575_
          (rising edge-triggered flip-flop clocked by clock)
Path Group: clock
Path Type: max

    Delay      Time   Description
-------------------------------------------------------------
   0.0000    0.0000   clock clock (rise edge)
   0.0000    0.0000   clock network delay (ideal)
   0.0000    0.0000 ^ core/_3979_/CLK (sky130_fd_sc_hd__dfxtp_1)
   0.3332    0.3332 ^ core/_3979_/Q (sky130_fd_sc_hd__dfxtp_1)
   0.3006    0.6338 ^ core/_1880_/Y (sky130_fd_sc_hd__nor3b_1)
   0.1036    0.7374 v core/_1881_/Y (sky130_fd_sc_hd__nand2_1)
   5.0797    5.8171 ^ core/_1906_/Y (sky130_fd_sc_hd__o21ai_0)
   0.7998    6.6169 ^ lsu/_64414_/X (sky130_fd_sc_hd__buf_4)
   0.1206    6.7376 v dcache/_2795_/Y (sky130_fd_sc_hd__a22oi_1)
   0.2232    6.9607 v dcache/_2796_/X (sky130_fd_sc_hd__and4_1)
   0.0821    7.0429 ^ dcache/_2797_/Y (sky130_fd_sc_hd__nand2_1)
   0.0867    7.1296 v dcache/_2803_/Y (sky130_fd_sc_hd__nor4_1)
   0.0795    7.2091 ^ dcache/mshrs/_0615_/Y (sky130_fd_sc_hd__inv_1)
   0.0587    7.2678 v dcache/mshrs/_0616_/Y (sky130_fd_sc_hd__nor2_1)
   0.1498    7.4177 v dcache/mshrs/_0617_/Y (sky130_fd_sc_hd__a21boi_0)
   0.2381    7.6557 v dcache/mshrs/_0618_/X (sky130_fd_sc_hd__lpflow_inputiso0n_1)
   0.1857    7.8415 ^ dcache/mshrs/_0752_/Y (sky130_fd_sc_hd__a31oi_1)
   0.0689    7.9104 v dcache/mshrs/_0755_/Y (sky130_fd_sc_hd__nand2_1)
   0.2141    8.1244 v dcache/mshrs/_0756_/X (sky130_fd_sc_hd__a22o_1)
   0.1258    8.2503 v dcache/_2807_/X (sky130_fd_sc_hd__lpflow_isobufsrc_1)
   0.3604    8.6107 ^ dcache/_2808_/Y (sky130_fd_sc_hd__a2111oi_0)
   0.1294    8.7400 v dcache/_2809_/Y (sky130_fd_sc_hd__a311oi_1)
   0.1535    8.8935 ^ dcache/_2810_/X (sky130_fd_sc_hd__lpflow_isobufsrc_1)
   0.0805    8.9740 v dcache/_2812_/Y (sky130_fd_sc_hd__nor3_1)
   0.2226    9.1966 v dcache/_3359_/X (sky130_fd_sc_hd__lpflow_clkbufkapwr_1)
   0.3193    9.5159 v dcache/_3361_/X (sky130_fd_sc_hd__mux2_2)
   0.1608    9.6766 v lsu/_33285_/X (sky130_fd_sc_hd__clkbuf_1)
   0.8519   10.5285 ^ lsu/_33304_/Y (sky130_fd_sc_hd__nor4_1)
   0.1470   10.6755 v lsu/_33305_/Y (sky130_fd_sc_hd__a222oi_1)
   0.1060   10.7815 ^ lsu/_33311_/Y (sky130_fd_sc_hd__nand2_1)
   0.0657   10.8472 v lsu/_33321_/Y (sky130_fd_sc_hd__nor3_1)
   0.2807   11.1279 v lsu/_33539_/X (sky130_fd_sc_hd__or2_2)
   0.0670   11.1949 ^ lsu/_33540_/Y (sky130_fd_sc_hd__nand2_1)
   0.1031   11.2980 v lsu/_33545_/Y (sky130_fd_sc_hd__o21ai_0)
   0.1640   11.4620 v core/memExeUnit/_191_/X (sky130_fd_sc_hd__buf_4)
   0.1818   11.6438 v core/ll_wbarb/_009_/X (sky130_fd_sc_hd__clkbuf_1)
   0.2456   11.8895 v core/ll_wbarb/_010_/X (sky130_fd_sc_hd__clkbuf_1)
   0.0813   11.9708 ^ core/ll_wbarb/_099_/Y (sky130_fd_sc_hd__inv_1)
   0.1445   12.1153 ^ core/FpPipeline/_2061_/X (sky130_fd_sc_hd__lpflow_inputiso0n_1)
   0.0722   12.1876 v core/FpPipeline/_2071_/Y (sky130_fd_sc_hd__nand2_1)
   0.0986   12.2861 ^ core/FpPipeline/_2073_/Y (sky130_fd_sc_hd__a21oi_1)
   0.1152   12.4013 ^ core/ll_wbarb/_100_/X (sky130_fd_sc_hd__or2_2)
   4.8833   17.2846 ^ core/_3767_/Y (sky130_fd_sc_hd__nor3b_1)
   0.2605   17.5452 v core/rename_stage/busytable/_2390_/Y (sky130_fd_sc_hd__nand2_1)
   0.5188   18.0640 v core/rename_stage/busytable/_2391_/X (sky130_fd_sc_hd__or2_2)
   0.1858   18.2498 v core/rename_stage/busytable/_2392_/X (sky130_fd_sc_hd__lpflow_clkbufkapwr_1)
   0.1526   18.4023 ^ core/rename_stage/busytable/_2411_/Y (sky130_fd_sc_hd__o22ai_1)
   0.0621   18.4645 v core/rename_stage/busytable/_2412_/Y (sky130_fd_sc_hd__nor3_1)
   0.2101   18.6746 ^ core/rename_stage/busytable/_2413_/Y (sky130_fd_sc_hd__a221oi_1)
   0.0620   18.7366 v core/rename_stage/busytable/_2414_/Y (sky130_fd_sc_hd__nor2_1)
   0.0035   18.7400 v core/rename_stage/busytable/_2575_/D (sky130_fd_sc_hd__dfxtp_1)
            18.7400   data arrival time

  20.0000   20.0000   clock clock (rise edge)
   0.0000   20.0000   clock network delay (ideal)
   0.0000   20.0000   clock reconvergence pessimism
            20.0000 ^ core/rename_stage/busytable/_2575_/CLK (sky130_fd_sc_hd__dfxtp_1)
  -0.1293   19.8707   library setup time
            19.8707   data required time
-------------------------------------------------------------
            19.8707   data required time
           -18.7400   data arrival time
-------------------------------------------------------------
             1.1307   slack (MET)


Startpoint: core/_3979_ (rising edge-triggered flip-flop clocked by clock)
Endpoint: core/rename_stage/busytable/_2559_
          (rising edge-triggered flip-flop clocked by clock)
Path Group: clock
Path Type: max

    Delay      Time   Description
-------------------------------------------------------------
   0.0000    0.0000   clock clock (rise edge)
   0.0000    0.0000   clock network delay (ideal)
   0.0000    0.0000 ^ core/_3979_/CLK (sky130_fd_sc_hd__dfxtp_1)
   0.3332    0.3332 ^ core/_3979_/Q (sky130_fd_sc_hd__dfxtp_1)
   0.3006    0.6338 ^ core/_1880_/Y (sky130_fd_sc_hd__nor3b_1)
   0.1036    0.7374 v core/_1881_/Y (sky130_fd_sc_hd__nand2_1)
   5.0797    5.8171 ^ core/_1906_/Y (sky130_fd_sc_hd__o21ai_0)
   0.7998    6.6169 ^ lsu/_64414_/X (sky130_fd_sc_hd__buf_4)
   0.1206    6.7376 v dcache/_2795_/Y (sky130_fd_sc_hd__a22oi_1)
   0.2232    6.9607 v dcache/_2796_/X (sky130_fd_sc_hd__and4_1)
   0.0821    7.0429 ^ dcache/_2797_/Y (sky130_fd_sc_hd__nand2_1)
   0.0867    7.1296 v dcache/_2803_/Y (sky130_fd_sc_hd__nor4_1)
   0.0795    7.2091 ^ dcache/mshrs/_0615_/Y (sky130_fd_sc_hd__inv_1)
   0.0587    7.2678 v dcache/mshrs/_0616_/Y (sky130_fd_sc_hd__nor2_1)
   0.1498    7.4177 v dcache/mshrs/_0617_/Y (sky130_fd_sc_hd__a21boi_0)
   0.2381    7.6557 v dcache/mshrs/_0618_/X (sky130_fd_sc_hd__lpflow_inputiso0n_1)
   0.1857    7.8415 ^ dcache/mshrs/_0752_/Y (sky130_fd_sc_hd__a31oi_1)
   0.0689    7.9104 v dcache/mshrs/_0755_/Y (sky130_fd_sc_hd__nand2_1)
   0.2141    8.1244 v dcache/mshrs/_0756_/X (sky130_fd_sc_hd__a22o_1)
   0.1258    8.2503 v dcache/_2807_/X (sky130_fd_sc_hd__lpflow_isobufsrc_1)
   0.3604    8.6107 ^ dcache/_2808_/Y (sky130_fd_sc_hd__a2111oi_0)
   0.1294    8.7400 v dcache/_2809_/Y (sky130_fd_sc_hd__a311oi_1)
   0.1535    8.8935 ^ dcache/_2810_/X (sky130_fd_sc_hd__lpflow_isobufsrc_1)
   0.0805    8.9740 v dcache/_2812_/Y (sky130_fd_sc_hd__nor3_1)
   0.2226    9.1966 v dcache/_3359_/X (sky130_fd_sc_hd__lpflow_clkbufkapwr_1)
   0.3193    9.5159 v dcache/_3361_/X (sky130_fd_sc_hd__mux2_2)
   0.1608    9.6766 v lsu/_33285_/X (sky130_fd_sc_hd__clkbuf_1)
   0.8519   10.5285 ^ lsu/_33304_/Y (sky130_fd_sc_hd__nor4_1)
   0.1470   10.6755 v lsu/_33305_/Y (sky130_fd_sc_hd__a222oi_1)
   0.1060   10.7815 ^ lsu/_33311_/Y (sky130_fd_sc_hd__nand2_1)
   0.0657   10.8472 v lsu/_33321_/Y (sky130_fd_sc_hd__nor3_1)
   0.2807   11.1279 v lsu/_33539_/X (sky130_fd_sc_hd__or2_2)
   0.0670   11.1949 ^ lsu/_33540_/Y (sky130_fd_sc_hd__nand2_1)
   0.1031   11.2980 v lsu/_33545_/Y (sky130_fd_sc_hd__o21ai_0)
   0.1640   11.4620 v core/memExeUnit/_191_/X (sky130_fd_sc_hd__buf_4)
   0.1818   11.6438 v core/ll_wbarb/_009_/X (sky130_fd_sc_hd__clkbuf_1)
   0.2456   11.8895 v core/ll_wbarb/_010_/X (sky130_fd_sc_hd__clkbuf_1)
   0.0813   11.9708 ^ core/ll_wbarb/_099_/Y (sky130_fd_sc_hd__inv_1)
   0.1445   12.1153 ^ core/FpPipeline/_2061_/X (sky130_fd_sc_hd__lpflow_inputiso0n_1)
   0.0722   12.1876 v core/FpPipeline/_2071_/Y (sky130_fd_sc_hd__nand2_1)
   0.0986   12.2861 ^ core/FpPipeline/_2073_/Y (sky130_fd_sc_hd__a21oi_1)
   0.1152   12.4013 ^ core/ll_wbarb/_100_/X (sky130_fd_sc_hd__or2_2)
   4.8833   17.2846 ^ core/_3767_/Y (sky130_fd_sc_hd__nor3b_1)
   0.5905   17.8751 ^ core/rename_stage/busytable/_2152_/X (sky130_fd_sc_hd__and3b_1)
   0.2495   18.1247 ^ core/rename_stage/busytable/_2153_/X (sky130_fd_sc_hd__clkbuf_1)
   0.3054   18.4301 ^ core/rename_stage/busytable/_2215_/X (sky130_fd_sc_hd__clkbuf_1)
   0.1176   18.5477 v core/rename_stage/busytable/_2260_/Y (sky130_fd_sc_hd__nand3_1)
   0.1102   18.6579 ^ core/rename_stage/busytable/_2264_/Y (sky130_fd_sc_hd__nand4_1)
   0.0736   18.7316 v core/rename_stage/busytable/_2268_/Y (sky130_fd_sc_hd__a31oi_1)
   0.0035   18.7351 v core/rename_stage/busytable/_2559_/D (sky130_fd_sc_hd__dfxtp_1)
            18.7351   data arrival time

  20.0000   20.0000   clock clock (rise edge)
   0.0000   20.0000   clock network delay (ideal)
   0.0000   20.0000   clock reconvergence pessimism
            20.0000 ^ core/rename_stage/busytable/_2559_/CLK (sky130_fd_sc_hd__dfxtp_1)
  -0.1341   19.8659   library setup time
            19.8659   data required time
-------------------------------------------------------------
            19.8659   data required time
           -18.7351   data arrival time
-------------------------------------------------------------
             1.1308   slack (MET)


Startpoint: core/_3979_ (rising edge-triggered flip-flop clocked by clock)
Endpoint: core/rename_stage/busytable/_2511_
          (rising edge-triggered flip-flop clocked by clock)
Path Group: clock
Path Type: max

    Delay      Time   Description
-------------------------------------------------------------
   0.0000    0.0000   clock clock (rise edge)
   0.0000    0.0000   clock network delay (ideal)
   0.0000    0.0000 ^ core/_3979_/CLK (sky130_fd_sc_hd__dfxtp_1)
   0.3332    0.3332 ^ core/_3979_/Q (sky130_fd_sc_hd__dfxtp_1)
   0.3006    0.6338 ^ core/_1880_/Y (sky130_fd_sc_hd__nor3b_1)
   0.1036    0.7374 v core/_1881_/Y (sky130_fd_sc_hd__nand2_1)
   5.0797    5.8171 ^ core/_1906_/Y (sky130_fd_sc_hd__o21ai_0)
   0.7998    6.6169 ^ lsu/_64414_/X (sky130_fd_sc_hd__buf_4)
   0.1206    6.7376 v dcache/_2795_/Y (sky130_fd_sc_hd__a22oi_1)
   0.2232    6.9607 v dcache/_2796_/X (sky130_fd_sc_hd__and4_1)
   0.0821    7.0429 ^ dcache/_2797_/Y (sky130_fd_sc_hd__nand2_1)
   0.0867    7.1296 v dcache/_2803_/Y (sky130_fd_sc_hd__nor4_1)
   0.0795    7.2091 ^ dcache/mshrs/_0615_/Y (sky130_fd_sc_hd__inv_1)
   0.0587    7.2678 v dcache/mshrs/_0616_/Y (sky130_fd_sc_hd__nor2_1)
   0.1498    7.4177 v dcache/mshrs/_0617_/Y (sky130_fd_sc_hd__a21boi_0)
   0.2381    7.6557 v dcache/mshrs/_0618_/X (sky130_fd_sc_hd__lpflow_inputiso0n_1)
   0.1857    7.8415 ^ dcache/mshrs/_0752_/Y (sky130_fd_sc_hd__a31oi_1)
   0.0689    7.9104 v dcache/mshrs/_0755_/Y (sky130_fd_sc_hd__nand2_1)
   0.2141    8.1244 v dcache/mshrs/_0756_/X (sky130_fd_sc_hd__a22o_1)
   0.1258    8.2503 v dcache/_2807_/X (sky130_fd_sc_hd__lpflow_isobufsrc_1)
   0.3604    8.6107 ^ dcache/_2808_/Y (sky130_fd_sc_hd__a2111oi_0)
   0.1294    8.7400 v dcache/_2809_/Y (sky130_fd_sc_hd__a311oi_1)
   0.1535    8.8935 ^ dcache/_2810_/X (sky130_fd_sc_hd__lpflow_isobufsrc_1)
   0.0805    8.9740 v dcache/_2812_/Y (sky130_fd_sc_hd__nor3_1)
   0.2226    9.1966 v dcache/_3359_/X (sky130_fd_sc_hd__lpflow_clkbufkapwr_1)
   0.3193    9.5159 v dcache/_3361_/X (sky130_fd_sc_hd__mux2_2)
   0.1608    9.6766 v lsu/_33285_/X (sky130_fd_sc_hd__clkbuf_1)
   0.8519   10.5285 ^ lsu/_33304_/Y (sky130_fd_sc_hd__nor4_1)
   0.1470   10.6755 v lsu/_33305_/Y (sky130_fd_sc_hd__a222oi_1)
   0.1060   10.7815 ^ lsu/_33311_/Y (sky130_fd_sc_hd__nand2_1)
   0.0657   10.8472 v lsu/_33321_/Y (sky130_fd_sc_hd__nor3_1)
   0.2807   11.1279 v lsu/_33539_/X (sky130_fd_sc_hd__or2_2)
   0.0670   11.1949 ^ lsu/_33540_/Y (sky130_fd_sc_hd__nand2_1)
   0.1031   11.2980 v lsu/_33545_/Y (sky130_fd_sc_hd__o21ai_0)
   0.1640   11.4620 v core/memExeUnit/_191_/X (sky130_fd_sc_hd__buf_4)
   0.1818   11.6438 v core/ll_wbarb/_009_/X (sky130_fd_sc_hd__clkbuf_1)
   0.2456   11.8895 v core/ll_wbarb/_010_/X (sky130_fd_sc_hd__clkbuf_1)
   0.0813   11.9708 ^ core/ll_wbarb/_099_/Y (sky130_fd_sc_hd__inv_1)
   0.1445   12.1153 ^ core/FpPipeline/_2061_/X (sky130_fd_sc_hd__lpflow_inputiso0n_1)
   0.0722   12.1876 v core/FpPipeline/_2071_/Y (sky130_fd_sc_hd__nand2_1)
   0.0986   12.2861 ^ core/FpPipeline/_2073_/Y (sky130_fd_sc_hd__a21oi_1)
   0.1152   12.4013 ^ core/ll_wbarb/_100_/X (sky130_fd_sc_hd__or2_2)
   4.8833   17.2846 ^ core/_3767_/Y (sky130_fd_sc_hd__nor3b_1)
   0.5729   17.8576 v core/rename_stage/busytable/_1525_/X (sky130_fd_sc_hd__or3b_2)
   0.1527   18.0103 v core/rename_stage/busytable/_1526_/X (sky130_fd_sc_hd__clkbuf_1)
   0.1987   18.2091 v core/rename_stage/busytable/_1527_/X (sky130_fd_sc_hd__clkbuf_1)
   0.1933   18.4024 ^ core/rename_stage/busytable/_1582_/Y (sky130_fd_sc_hd__o22ai_1)
   0.0623   18.4647 v core/rename_stage/busytable/_1583_/Y (sky130_fd_sc_hd__nor3_1)
   0.2076   18.6723 ^ core/rename_stage/busytable/_1584_/Y (sky130_fd_sc_hd__a221oi_1)
   0.0620   18.7343 v core/rename_stage/busytable/_1585_/Y (sky130_fd_sc_hd__nor2_1)
   0.0035   18.7378 v core/rename_stage/busytable/_2511_/D (sky130_fd_sc_hd__dfxtp_1)
            18.7378   data arrival time

  20.0000   20.0000   clock clock (rise edge)
   0.0000   20.0000   clock network delay (ideal)
   0.0000   20.0000   clock reconvergence pessimism
            20.0000 ^ core/rename_stage/busytable/_2511_/CLK (sky130_fd_sc_hd__dfxtp_1)
  -0.1293   19.8707   library setup time
            19.8707   data required time
-------------------------------------------------------------
            19.8707   data required time
           -18.7378   data arrival time
-------------------------------------------------------------
             1.1329   slack (MET)


Startpoint: core/_3979_ (rising edge-triggered flip-flop clocked by clock)
Endpoint: core/rename_stage/busytable/_2516_
          (rising edge-triggered flip-flop clocked by clock)
Path Group: clock
Path Type: max

    Delay      Time   Description
-------------------------------------------------------------
   0.0000    0.0000   clock clock (rise edge)
   0.0000    0.0000   clock network delay (ideal)
   0.0000    0.0000 ^ core/_3979_/CLK (sky130_fd_sc_hd__dfxtp_1)
   0.3332    0.3332 ^ core/_3979_/Q (sky130_fd_sc_hd__dfxtp_1)
   0.3006    0.6338 ^ core/_1880_/Y (sky130_fd_sc_hd__nor3b_1)
   0.1036    0.7374 v core/_1881_/Y (sky130_fd_sc_hd__nand2_1)
   5.0797    5.8171 ^ core/_1906_/Y (sky130_fd_sc_hd__o21ai_0)
   0.7998    6.6169 ^ lsu/_64414_/X (sky130_fd_sc_hd__buf_4)
   0.1206    6.7376 v dcache/_2795_/Y (sky130_fd_sc_hd__a22oi_1)
   0.2232    6.9607 v dcache/_2796_/X (sky130_fd_sc_hd__and4_1)
   0.0821    7.0429 ^ dcache/_2797_/Y (sky130_fd_sc_hd__nand2_1)
   0.0867    7.1296 v dcache/_2803_/Y (sky130_fd_sc_hd__nor4_1)
   0.0795    7.2091 ^ dcache/mshrs/_0615_/Y (sky130_fd_sc_hd__inv_1)
   0.0587    7.2678 v dcache/mshrs/_0616_/Y (sky130_fd_sc_hd__nor2_1)
   0.1498    7.4177 v dcache/mshrs/_0617_/Y (sky130_fd_sc_hd__a21boi_0)
   0.2381    7.6557 v dcache/mshrs/_0618_/X (sky130_fd_sc_hd__lpflow_inputiso0n_1)
   0.1857    7.8415 ^ dcache/mshrs/_0752_/Y (sky130_fd_sc_hd__a31oi_1)
   0.0689    7.9104 v dcache/mshrs/_0755_/Y (sky130_fd_sc_hd__nand2_1)
   0.2141    8.1244 v dcache/mshrs/_0756_/X (sky130_fd_sc_hd__a22o_1)
   0.1258    8.2503 v dcache/_2807_/X (sky130_fd_sc_hd__lpflow_isobufsrc_1)
   0.3604    8.6107 ^ dcache/_2808_/Y (sky130_fd_sc_hd__a2111oi_0)
   0.1294    8.7400 v dcache/_2809_/Y (sky130_fd_sc_hd__a311oi_1)
   0.1535    8.8935 ^ dcache/_2810_/X (sky130_fd_sc_hd__lpflow_isobufsrc_1)
   0.0805    8.9740 v dcache/_2812_/Y (sky130_fd_sc_hd__nor3_1)
   0.2226    9.1966 v dcache/_3359_/X (sky130_fd_sc_hd__lpflow_clkbufkapwr_1)
   0.3193    9.5159 v dcache/_3361_/X (sky130_fd_sc_hd__mux2_2)
   0.1608    9.6766 v lsu/_33285_/X (sky130_fd_sc_hd__clkbuf_1)
   0.8519   10.5285 ^ lsu/_33304_/Y (sky130_fd_sc_hd__nor4_1)
   0.1470   10.6755 v lsu/_33305_/Y (sky130_fd_sc_hd__a222oi_1)
   0.1060   10.7815 ^ lsu/_33311_/Y (sky130_fd_sc_hd__nand2_1)
   0.0657   10.8472 v lsu/_33321_/Y (sky130_fd_sc_hd__nor3_1)
   0.2807   11.1279 v lsu/_33539_/X (sky130_fd_sc_hd__or2_2)
   0.0670   11.1949 ^ lsu/_33540_/Y (sky130_fd_sc_hd__nand2_1)
   0.1031   11.2980 v lsu/_33545_/Y (sky130_fd_sc_hd__o21ai_0)
   0.1640   11.4620 v core/memExeUnit/_191_/X (sky130_fd_sc_hd__buf_4)
   0.1818   11.6438 v core/ll_wbarb/_009_/X (sky130_fd_sc_hd__clkbuf_1)
   0.2456   11.8895 v core/ll_wbarb/_010_/X (sky130_fd_sc_hd__clkbuf_1)
   0.0813   11.9708 ^ core/ll_wbarb/_099_/Y (sky130_fd_sc_hd__inv_1)
   0.1445   12.1153 ^ core/FpPipeline/_2061_/X (sky130_fd_sc_hd__lpflow_inputiso0n_1)
   0.0722   12.1876 v core/FpPipeline/_2071_/Y (sky130_fd_sc_hd__nand2_1)
   0.0986   12.2861 ^ core/FpPipeline/_2073_/Y (sky130_fd_sc_hd__a21oi_1)
   0.1152   12.4013 ^ core/ll_wbarb/_100_/X (sky130_fd_sc_hd__or2_2)
   4.8833   17.2846 ^ core/_3767_/Y (sky130_fd_sc_hd__nor3b_1)
   0.5729   17.8576 v core/rename_stage/busytable/_1525_/X (sky130_fd_sc_hd__or3b_2)
   0.1527   18.0103 v core/rename_stage/busytable/_1526_/X (sky130_fd_sc_hd__clkbuf_1)
   0.1987   18.2091 v core/rename_stage/busytable/_1527_/X (sky130_fd_sc_hd__clkbuf_1)
   0.1933   18.4024 ^ core/rename_stage/busytable/_1701_/Y (sky130_fd_sc_hd__o22ai_1)
   0.0623   18.4647 v core/rename_stage/busytable/_1702_/Y (sky130_fd_sc_hd__nor3_1)
   0.2076   18.6723 ^ core/rename_stage/busytable/_1703_/Y (sky130_fd_sc_hd__a221oi_1)
   0.0620   18.7342 v core/rename_stage/busytable/_1704_/Y (sky130_fd_sc_hd__nor2_1)
   0.0035   18.7377 v core/rename_stage/busytable/_2516_/D (sky130_fd_sc_hd__dfxtp_1)
            18.7377   data arrival time

  20.0000   20.0000   clock clock (rise edge)
   0.0000   20.0000   clock network delay (ideal)
   0.0000   20.0000   clock reconvergence pessimism
            20.0000 ^ core/rename_stage/busytable/_2516_/CLK (sky130_fd_sc_hd__dfxtp_1)
  -0.1293   19.8707   library setup time
            19.8707   data required time
-------------------------------------------------------------
            19.8707   data required time
           -18.7377   data arrival time
-------------------------------------------------------------
             1.1330   slack (MET)


Startpoint: core/_3979_ (rising edge-triggered flip-flop clocked by clock)
Endpoint: core/rename_stage/busytable/_2528_
          (rising edge-triggered flip-flop clocked by clock)
Path Group: clock
Path Type: max

    Delay      Time   Description
-------------------------------------------------------------
   0.0000    0.0000   clock clock (rise edge)
   0.0000    0.0000   clock network delay (ideal)
   0.0000    0.0000 ^ core/_3979_/CLK (sky130_fd_sc_hd__dfxtp_1)
   0.3332    0.3332 ^ core/_3979_/Q (sky130_fd_sc_hd__dfxtp_1)
   0.3006    0.6338 ^ core/_1880_/Y (sky130_fd_sc_hd__nor3b_1)
   0.1036    0.7374 v core/_1881_/Y (sky130_fd_sc_hd__nand2_1)
   5.0797    5.8171 ^ core/_1906_/Y (sky130_fd_sc_hd__o21ai_0)
   0.7998    6.6169 ^ lsu/_64414_/X (sky130_fd_sc_hd__buf_4)
   0.1206    6.7376 v dcache/_2795_/Y (sky130_fd_sc_hd__a22oi_1)
   0.2232    6.9607 v dcache/_2796_/X (sky130_fd_sc_hd__and4_1)
   0.0821    7.0429 ^ dcache/_2797_/Y (sky130_fd_sc_hd__nand2_1)
   0.0867    7.1296 v dcache/_2803_/Y (sky130_fd_sc_hd__nor4_1)
   0.0795    7.2091 ^ dcache/mshrs/_0615_/Y (sky130_fd_sc_hd__inv_1)
   0.0587    7.2678 v dcache/mshrs/_0616_/Y (sky130_fd_sc_hd__nor2_1)
   0.1498    7.4177 v dcache/mshrs/_0617_/Y (sky130_fd_sc_hd__a21boi_0)
   0.2381    7.6557 v dcache/mshrs/_0618_/X (sky130_fd_sc_hd__lpflow_inputiso0n_1)
   0.1857    7.8415 ^ dcache/mshrs/_0752_/Y (sky130_fd_sc_hd__a31oi_1)
   0.0689    7.9104 v dcache/mshrs/_0755_/Y (sky130_fd_sc_hd__nand2_1)
   0.2141    8.1244 v dcache/mshrs/_0756_/X (sky130_fd_sc_hd__a22o_1)
   0.1258    8.2503 v dcache/_2807_/X (sky130_fd_sc_hd__lpflow_isobufsrc_1)
   0.3604    8.6107 ^ dcache/_2808_/Y (sky130_fd_sc_hd__a2111oi_0)
   0.1294    8.7400 v dcache/_2809_/Y (sky130_fd_sc_hd__a311oi_1)
   0.1535    8.8935 ^ dcache/_2810_/X (sky130_fd_sc_hd__lpflow_isobufsrc_1)
   0.0805    8.9740 v dcache/_2812_/Y (sky130_fd_sc_hd__nor3_1)
   0.2226    9.1966 v dcache/_3359_/X (sky130_fd_sc_hd__lpflow_clkbufkapwr_1)
   0.3193    9.5159 v dcache/_3361_/X (sky130_fd_sc_hd__mux2_2)
   0.1608    9.6766 v lsu/_33285_/X (sky130_fd_sc_hd__clkbuf_1)
   0.8519   10.5285 ^ lsu/_33304_/Y (sky130_fd_sc_hd__nor4_1)
   0.1470   10.6755 v lsu/_33305_/Y (sky130_fd_sc_hd__a222oi_1)
   0.1060   10.7815 ^ lsu/_33311_/Y (sky130_fd_sc_hd__nand2_1)
   0.0657   10.8472 v lsu/_33321_/Y (sky130_fd_sc_hd__nor3_1)
   0.2807   11.1279 v lsu/_33539_/X (sky130_fd_sc_hd__or2_2)
   0.0670   11.1949 ^ lsu/_33540_/Y (sky130_fd_sc_hd__nand2_1)
   0.1031   11.2980 v lsu/_33545_/Y (sky130_fd_sc_hd__o21ai_0)
   0.1640   11.4620 v core/memExeUnit/_191_/X (sky130_fd_sc_hd__buf_4)
   0.1818   11.6438 v core/ll_wbarb/_009_/X (sky130_fd_sc_hd__clkbuf_1)
   0.2456   11.8895 v core/ll_wbarb/_010_/X (sky130_fd_sc_hd__clkbuf_1)
   0.0813   11.9708 ^ core/ll_wbarb/_099_/Y (sky130_fd_sc_hd__inv_1)
   0.1445   12.1153 ^ core/FpPipeline/_2061_/X (sky130_fd_sc_hd__lpflow_inputiso0n_1)
   0.0722   12.1876 v core/FpPipeline/_2071_/Y (sky130_fd_sc_hd__nand2_1)
   0.0986   12.2861 ^ core/FpPipeline/_2073_/Y (sky130_fd_sc_hd__a21oi_1)
   0.1152   12.4013 ^ core/ll_wbarb/_100_/X (sky130_fd_sc_hd__or2_2)
   4.8833   17.2846 ^ core/_3767_/Y (sky130_fd_sc_hd__nor3b_1)
   0.7968   18.0814 ^ core/rename_stage/busytable/_1605_/Y (sky130_fd_sc_hd__nor3b_1)
   0.3380   18.4194 ^ core/rename_stage/busytable/_1606_/X (sky130_fd_sc_hd__clkbuf_1)
   0.1305   18.5499 v core/rename_stage/busytable/_1942_/Y (sky130_fd_sc_hd__a31oi_1)
   0.1060   18.6559 ^ core/rename_stage/busytable/_1943_/Y (sky130_fd_sc_hd__nand4_1)
   0.0718   18.7278 v core/rename_stage/busytable/_1948_/Y (sky130_fd_sc_hd__a31oi_1)
   0.0035   18.7313 v core/rename_stage/busytable/_2528_/D (sky130_fd_sc_hd__dfxtp_1)
            18.7313   data arrival time

  20.0000   20.0000   clock clock (rise edge)
   0.0000   20.0000   clock network delay (ideal)
   0.0000   20.0000   clock reconvergence pessimism
            20.0000 ^ core/rename_stage/busytable/_2528_/CLK (sky130_fd_sc_hd__dfxtp_1)
  -0.1341   19.8659   library setup time
            19.8659   data required time
-------------------------------------------------------------
            19.8659   data required time
           -18.7313   data arrival time
-------------------------------------------------------------
             1.1347   slack (MET)


Startpoint: core/_3979_ (rising edge-triggered flip-flop clocked by clock)
Endpoint: core/rename_stage/busytable/_2570_
          (rising edge-triggered flip-flop clocked by clock)
Path Group: clock
Path Type: max

    Delay      Time   Description
-------------------------------------------------------------
   0.0000    0.0000   clock clock (rise edge)
   0.0000    0.0000   clock network delay (ideal)
   0.0000    0.0000 ^ core/_3979_/CLK (sky130_fd_sc_hd__dfxtp_1)
   0.3332    0.3332 ^ core/_3979_/Q (sky130_fd_sc_hd__dfxtp_1)
   0.3006    0.6338 ^ core/_1880_/Y (sky130_fd_sc_hd__nor3b_1)
   0.1036    0.7374 v core/_1881_/Y (sky130_fd_sc_hd__nand2_1)
   5.0797    5.8171 ^ core/_1906_/Y (sky130_fd_sc_hd__o21ai_0)
   0.7998    6.6169 ^ lsu/_64414_/X (sky130_fd_sc_hd__buf_4)
   0.1206    6.7376 v dcache/_2795_/Y (sky130_fd_sc_hd__a22oi_1)
   0.2232    6.9607 v dcache/_2796_/X (sky130_fd_sc_hd__and4_1)
   0.0821    7.0429 ^ dcache/_2797_/Y (sky130_fd_sc_hd__nand2_1)
   0.0867    7.1296 v dcache/_2803_/Y (sky130_fd_sc_hd__nor4_1)
   0.0795    7.2091 ^ dcache/mshrs/_0615_/Y (sky130_fd_sc_hd__inv_1)
   0.0587    7.2678 v dcache/mshrs/_0616_/Y (sky130_fd_sc_hd__nor2_1)
   0.1498    7.4177 v dcache/mshrs/_0617_/Y (sky130_fd_sc_hd__a21boi_0)
   0.2381    7.6557 v dcache/mshrs/_0618_/X (sky130_fd_sc_hd__lpflow_inputiso0n_1)
   0.1857    7.8415 ^ dcache/mshrs/_0752_/Y (sky130_fd_sc_hd__a31oi_1)
   0.0689    7.9104 v dcache/mshrs/_0755_/Y (sky130_fd_sc_hd__nand2_1)
   0.2141    8.1244 v dcache/mshrs/_0756_/X (sky130_fd_sc_hd__a22o_1)
   0.1258    8.2503 v dcache/_2807_/X (sky130_fd_sc_hd__lpflow_isobufsrc_1)
   0.3604    8.6107 ^ dcache/_2808_/Y (sky130_fd_sc_hd__a2111oi_0)
   0.1294    8.7400 v dcache/_2809_/Y (sky130_fd_sc_hd__a311oi_1)
   0.1535    8.8935 ^ dcache/_2810_/X (sky130_fd_sc_hd__lpflow_isobufsrc_1)
   0.0805    8.9740 v dcache/_2812_/Y (sky130_fd_sc_hd__nor3_1)
   0.2226    9.1966 v dcache/_3359_/X (sky130_fd_sc_hd__lpflow_clkbufkapwr_1)
   0.3193    9.5159 v dcache/_3361_/X (sky130_fd_sc_hd__mux2_2)
   0.1608    9.6766 v lsu/_33285_/X (sky130_fd_sc_hd__clkbuf_1)
   0.8519   10.5285 ^ lsu/_33304_/Y (sky130_fd_sc_hd__nor4_1)
   0.1470   10.6755 v lsu/_33305_/Y (sky130_fd_sc_hd__a222oi_1)
   0.1060   10.7815 ^ lsu/_33311_/Y (sky130_fd_sc_hd__nand2_1)
   0.0657   10.8472 v lsu/_33321_/Y (sky130_fd_sc_hd__nor3_1)
   0.2807   11.1279 v lsu/_33539_/X (sky130_fd_sc_hd__or2_2)
   0.0670   11.1949 ^ lsu/_33540_/Y (sky130_fd_sc_hd__nand2_1)
   0.1031   11.2980 v lsu/_33545_/Y (sky130_fd_sc_hd__o21ai_0)
   0.1640   11.4620 v core/memExeUnit/_191_/X (sky130_fd_sc_hd__buf_4)
   0.1818   11.6438 v core/ll_wbarb/_009_/X (sky130_fd_sc_hd__clkbuf_1)
   0.2456   11.8895 v core/ll_wbarb/_010_/X (sky130_fd_sc_hd__clkbuf_1)
   0.0813   11.9708 ^ core/ll_wbarb/_099_/Y (sky130_fd_sc_hd__inv_1)
   0.1445   12.1153 ^ core/FpPipeline/_2061_/X (sky130_fd_sc_hd__lpflow_inputiso0n_1)
   0.0722   12.1876 v core/FpPipeline/_2071_/Y (sky130_fd_sc_hd__nand2_1)
   0.0986   12.2861 ^ core/FpPipeline/_2073_/Y (sky130_fd_sc_hd__a21oi_1)
   0.1152   12.4013 ^ core/ll_wbarb/_100_/X (sky130_fd_sc_hd__or2_2)
   4.8833   17.2846 ^ core/_3767_/Y (sky130_fd_sc_hd__nor3b_1)
   0.5905   17.8751 ^ core/rename_stage/busytable/_2152_/X (sky130_fd_sc_hd__and3b_1)
   0.2495   18.1247 ^ core/rename_stage/busytable/_2153_/X (sky130_fd_sc_hd__clkbuf_1)
   0.3054   18.4301 ^ core/rename_stage/busytable/_2215_/X (sky130_fd_sc_hd__clkbuf_1)
   0.1176   18.5477 v core/rename_stage/busytable/_2353_/Y (sky130_fd_sc_hd__nand3_1)
   0.1029   18.6507 ^ core/rename_stage/busytable/_2358_/Y (sky130_fd_sc_hd__nand4_1)
   0.0718   18.7225 v core/rename_stage/busytable/_2361_/Y (sky130_fd_sc_hd__a31oi_1)
   0.0035   18.7260 v core/rename_stage/busytable/_2570_/D (sky130_fd_sc_hd__dfxtp_1)
            18.7260   data arrival time

  20.0000   20.0000   clock clock (rise edge)
   0.0000   20.0000   clock network delay (ideal)
   0.0000   20.0000   clock reconvergence pessimism
            20.0000 ^ core/rename_stage/busytable/_2570_/CLK (sky130_fd_sc_hd__dfxtp_1)
  -0.1341   19.8659   library setup time
            19.8659   data required time
-------------------------------------------------------------
            19.8659   data required time
           -18.7260   data arrival time
-------------------------------------------------------------
             1.1400   slack (MET)


Startpoint: core/_3979_ (rising edge-triggered flip-flop clocked by clock)
Endpoint: core/rename_stage/busytable/_2568_
          (rising edge-triggered flip-flop clocked by clock)
Path Group: clock
Path Type: max

    Delay      Time   Description
-------------------------------------------------------------
   0.0000    0.0000   clock clock (rise edge)
   0.0000    0.0000   clock network delay (ideal)
   0.0000    0.0000 ^ core/_3979_/CLK (sky130_fd_sc_hd__dfxtp_1)
   0.3332    0.3332 ^ core/_3979_/Q (sky130_fd_sc_hd__dfxtp_1)
   0.3006    0.6338 ^ core/_1880_/Y (sky130_fd_sc_hd__nor3b_1)
   0.1036    0.7374 v core/_1881_/Y (sky130_fd_sc_hd__nand2_1)
   5.0797    5.8171 ^ core/_1906_/Y (sky130_fd_sc_hd__o21ai_0)
   0.7998    6.6169 ^ lsu/_64414_/X (sky130_fd_sc_hd__buf_4)
   0.1206    6.7376 v dcache/_2795_/Y (sky130_fd_sc_hd__a22oi_1)
   0.2232    6.9607 v dcache/_2796_/X (sky130_fd_sc_hd__and4_1)
   0.0821    7.0429 ^ dcache/_2797_/Y (sky130_fd_sc_hd__nand2_1)
   0.0867    7.1296 v dcache/_2803_/Y (sky130_fd_sc_hd__nor4_1)
   0.0795    7.2091 ^ dcache/mshrs/_0615_/Y (sky130_fd_sc_hd__inv_1)
   0.0587    7.2678 v dcache/mshrs/_0616_/Y (sky130_fd_sc_hd__nor2_1)
   0.1498    7.4177 v dcache/mshrs/_0617_/Y (sky130_fd_sc_hd__a21boi_0)
   0.2381    7.6557 v dcache/mshrs/_0618_/X (sky130_fd_sc_hd__lpflow_inputiso0n_1)
   0.1857    7.8415 ^ dcache/mshrs/_0752_/Y (sky130_fd_sc_hd__a31oi_1)
   0.0689    7.9104 v dcache/mshrs/_0755_/Y (sky130_fd_sc_hd__nand2_1)
   0.2141    8.1244 v dcache/mshrs/_0756_/X (sky130_fd_sc_hd__a22o_1)
   0.1258    8.2503 v dcache/_2807_/X (sky130_fd_sc_hd__lpflow_isobufsrc_1)
   0.3604    8.6107 ^ dcache/_2808_/Y (sky130_fd_sc_hd__a2111oi_0)
   0.1294    8.7400 v dcache/_2809_/Y (sky130_fd_sc_hd__a311oi_1)
   0.1535    8.8935 ^ dcache/_2810_/X (sky130_fd_sc_hd__lpflow_isobufsrc_1)
   0.0805    8.9740 v dcache/_2812_/Y (sky130_fd_sc_hd__nor3_1)
   0.2226    9.1966 v dcache/_3359_/X (sky130_fd_sc_hd__lpflow_clkbufkapwr_1)
   0.3193    9.5159 v dcache/_3361_/X (sky130_fd_sc_hd__mux2_2)
   0.1608    9.6766 v lsu/_33285_/X (sky130_fd_sc_hd__clkbuf_1)
   0.8519   10.5285 ^ lsu/_33304_/Y (sky130_fd_sc_hd__nor4_1)
   0.1470   10.6755 v lsu/_33305_/Y (sky130_fd_sc_hd__a222oi_1)
   0.1060   10.7815 ^ lsu/_33311_/Y (sky130_fd_sc_hd__nand2_1)
   0.0657   10.8472 v lsu/_33321_/Y (sky130_fd_sc_hd__nor3_1)
   0.2807   11.1279 v lsu/_33539_/X (sky130_fd_sc_hd__or2_2)
   0.0670   11.1949 ^ lsu/_33540_/Y (sky130_fd_sc_hd__nand2_1)
   0.1031   11.2980 v lsu/_33545_/Y (sky130_fd_sc_hd__o21ai_0)
   0.1640   11.4620 v core/memExeUnit/_191_/X (sky130_fd_sc_hd__buf_4)
   0.1818   11.6438 v core/ll_wbarb/_009_/X (sky130_fd_sc_hd__clkbuf_1)
   0.2456   11.8895 v core/ll_wbarb/_010_/X (sky130_fd_sc_hd__clkbuf_1)
   0.0813   11.9708 ^ core/ll_wbarb/_099_/Y (sky130_fd_sc_hd__inv_1)
   0.1445   12.1153 ^ core/FpPipeline/_2061_/X (sky130_fd_sc_hd__lpflow_inputiso0n_1)
   0.0722   12.1876 v core/FpPipeline/_2071_/Y (sky130_fd_sc_hd__nand2_1)
   0.0986   12.2861 ^ core/FpPipeline/_2073_/Y (sky130_fd_sc_hd__a21oi_1)
   0.1152   12.4013 ^ core/ll_wbarb/_100_/X (sky130_fd_sc_hd__or2_2)
   4.8833   17.2846 ^ core/_3767_/Y (sky130_fd_sc_hd__nor3b_1)
   0.5905   17.8751 ^ core/rename_stage/busytable/_2152_/X (sky130_fd_sc_hd__and3b_1)
   0.2495   18.1247 ^ core/rename_stage/busytable/_2153_/X (sky130_fd_sc_hd__clkbuf_1)
   0.3054   18.4301 ^ core/rename_stage/busytable/_2215_/X (sky130_fd_sc_hd__clkbuf_1)
   0.1175   18.5476 v core/rename_stage/busytable/_2337_/Y (sky130_fd_sc_hd__nand3_1)
   0.1042   18.6518 ^ core/rename_stage/busytable/_2341_/Y (sky130_fd_sc_hd__nand3_1)
   0.0698   18.7216 v core/rename_stage/busytable/_2344_/Y (sky130_fd_sc_hd__a31oi_1)
   0.0035   18.7250 v core/rename_stage/busytable/_2568_/D (sky130_fd_sc_hd__dfxtp_1)
            18.7250   data arrival time

  20.0000   20.0000   clock clock (rise edge)
   0.0000   20.0000   clock network delay (ideal)
   0.0000   20.0000   clock reconvergence pessimism
            20.0000 ^ core/rename_stage/busytable/_2568_/CLK (sky130_fd_sc_hd__dfxtp_1)
  -0.1341   19.8659   library setup time
            19.8659   data required time
-------------------------------------------------------------
            19.8659   data required time
           -18.7250   data arrival time
-------------------------------------------------------------
             1.1409   slack (MET)


Startpoint: core/_3979_ (rising edge-triggered flip-flop clocked by clock)
Endpoint: core/rename_stage/busytable/_2529_
          (rising edge-triggered flip-flop clocked by clock)
Path Group: clock
Path Type: max

    Delay      Time   Description
-------------------------------------------------------------
   0.0000    0.0000   clock clock (rise edge)
   0.0000    0.0000   clock network delay (ideal)
   0.0000    0.0000 ^ core/_3979_/CLK (sky130_fd_sc_hd__dfxtp_1)
   0.3332    0.3332 ^ core/_3979_/Q (sky130_fd_sc_hd__dfxtp_1)
   0.3006    0.6338 ^ core/_1880_/Y (sky130_fd_sc_hd__nor3b_1)
   0.1036    0.7374 v core/_1881_/Y (sky130_fd_sc_hd__nand2_1)
   5.0797    5.8171 ^ core/_1906_/Y (sky130_fd_sc_hd__o21ai_0)
   0.7998    6.6169 ^ lsu/_64414_/X (sky130_fd_sc_hd__buf_4)
   0.1206    6.7376 v dcache/_2795_/Y (sky130_fd_sc_hd__a22oi_1)
   0.2232    6.9607 v dcache/_2796_/X (sky130_fd_sc_hd__and4_1)
   0.0821    7.0429 ^ dcache/_2797_/Y (sky130_fd_sc_hd__nand2_1)
   0.0867    7.1296 v dcache/_2803_/Y (sky130_fd_sc_hd__nor4_1)
   0.0795    7.2091 ^ dcache/mshrs/_0615_/Y (sky130_fd_sc_hd__inv_1)
   0.0587    7.2678 v dcache/mshrs/_0616_/Y (sky130_fd_sc_hd__nor2_1)
   0.1498    7.4177 v dcache/mshrs/_0617_/Y (sky130_fd_sc_hd__a21boi_0)
   0.2381    7.6557 v dcache/mshrs/_0618_/X (sky130_fd_sc_hd__lpflow_inputiso0n_1)
   0.1857    7.8415 ^ dcache/mshrs/_0752_/Y (sky130_fd_sc_hd__a31oi_1)
   0.0689    7.9104 v dcache/mshrs/_0755_/Y (sky130_fd_sc_hd__nand2_1)
   0.2141    8.1244 v dcache/mshrs/_0756_/X (sky130_fd_sc_hd__a22o_1)
   0.1258    8.2503 v dcache/_2807_/X (sky130_fd_sc_hd__lpflow_isobufsrc_1)
   0.3604    8.6107 ^ dcache/_2808_/Y (sky130_fd_sc_hd__a2111oi_0)
   0.1294    8.7400 v dcache/_2809_/Y (sky130_fd_sc_hd__a311oi_1)
   0.1535    8.8935 ^ dcache/_2810_/X (sky130_fd_sc_hd__lpflow_isobufsrc_1)
   0.0805    8.9740 v dcache/_2812_/Y (sky130_fd_sc_hd__nor3_1)
   0.2226    9.1966 v dcache/_3359_/X (sky130_fd_sc_hd__lpflow_clkbufkapwr_1)
   0.3193    9.5159 v dcache/_3361_/X (sky130_fd_sc_hd__mux2_2)
   0.1608    9.6766 v lsu/_33285_/X (sky130_fd_sc_hd__clkbuf_1)
   0.8519   10.5285 ^ lsu/_33304_/Y (sky130_fd_sc_hd__nor4_1)
   0.1470   10.6755 v lsu/_33305_/Y (sky130_fd_sc_hd__a222oi_1)
   0.1060   10.7815 ^ lsu/_33311_/Y (sky130_fd_sc_hd__nand2_1)
   0.0657   10.8472 v lsu/_33321_/Y (sky130_fd_sc_hd__nor3_1)
   0.2807   11.1279 v lsu/_33539_/X (sky130_fd_sc_hd__or2_2)
   0.0670   11.1949 ^ lsu/_33540_/Y (sky130_fd_sc_hd__nand2_1)
   0.1031   11.2980 v lsu/_33545_/Y (sky130_fd_sc_hd__o21ai_0)
   0.1640   11.4620 v core/memExeUnit/_191_/X (sky130_fd_sc_hd__buf_4)
   0.1818   11.6438 v core/ll_wbarb/_009_/X (sky130_fd_sc_hd__clkbuf_1)
   0.2456   11.8895 v core/ll_wbarb/_010_/X (sky130_fd_sc_hd__clkbuf_1)
   0.0813   11.9708 ^ core/ll_wbarb/_099_/Y (sky130_fd_sc_hd__inv_1)
   0.1445   12.1153 ^ core/FpPipeline/_2061_/X (sky130_fd_sc_hd__lpflow_inputiso0n_1)
   0.0722   12.1876 v core/FpPipeline/_2071_/Y (sky130_fd_sc_hd__nand2_1)
   0.0986   12.2861 ^ core/FpPipeline/_2073_/Y (sky130_fd_sc_hd__a21oi_1)
   0.1152   12.4013 ^ core/ll_wbarb/_100_/X (sky130_fd_sc_hd__or2_2)
   4.8833   17.2846 ^ core/_3767_/Y (sky130_fd_sc_hd__nor3b_1)
   0.7968   18.0814 ^ core/rename_stage/busytable/_1605_/Y (sky130_fd_sc_hd__nor3b_1)
   0.3380   18.4194 ^ core/rename_stage/busytable/_1606_/X (sky130_fd_sc_hd__clkbuf_1)
   0.1166   18.5361 v core/rename_stage/busytable/_1955_/Y (sky130_fd_sc_hd__nand3_1)
   0.1095   18.6455 ^ core/rename_stage/busytable/_1960_/Y (sky130_fd_sc_hd__nand4_1)
   0.0718   18.7174 v core/rename_stage/busytable/_1965_/Y (sky130_fd_sc_hd__a31oi_1)
   0.0035   18.7209 v core/rename_stage/busytable/_2529_/D (sky130_fd_sc_hd__dfxtp_1)
            18.7209   data arrival time

  20.0000   20.0000   clock clock (rise edge)
   0.0000   20.0000   clock network delay (ideal)
   0.0000   20.0000   clock reconvergence pessimism
            20.0000 ^ core/rename_stage/busytable/_2529_/CLK (sky130_fd_sc_hd__dfxtp_1)
  -0.1341   19.8659   library setup time
            19.8659   data required time
-------------------------------------------------------------
            19.8659   data required time
           -18.7209   data arrival time
-------------------------------------------------------------
             1.1451   slack (MET)


Startpoint: core/_3979_ (rising edge-triggered flip-flop clocked by clock)
Endpoint: core/rename_stage/busytable/_2535_
          (rising edge-triggered flip-flop clocked by clock)
Path Group: clock
Path Type: max

    Delay      Time   Description
-------------------------------------------------------------
   0.0000    0.0000   clock clock (rise edge)
   0.0000    0.0000   clock network delay (ideal)
   0.0000    0.0000 ^ core/_3979_/CLK (sky130_fd_sc_hd__dfxtp_1)
   0.3332    0.3332 ^ core/_3979_/Q (sky130_fd_sc_hd__dfxtp_1)
   0.3006    0.6338 ^ core/_1880_/Y (sky130_fd_sc_hd__nor3b_1)
   0.1036    0.7374 v core/_1881_/Y (sky130_fd_sc_hd__nand2_1)
   5.0797    5.8171 ^ core/_1906_/Y (sky130_fd_sc_hd__o21ai_0)
   0.7998    6.6169 ^ lsu/_64414_/X (sky130_fd_sc_hd__buf_4)
   0.1206    6.7376 v dcache/_2795_/Y (sky130_fd_sc_hd__a22oi_1)
   0.2232    6.9607 v dcache/_2796_/X (sky130_fd_sc_hd__and4_1)
   0.0821    7.0429 ^ dcache/_2797_/Y (sky130_fd_sc_hd__nand2_1)
   0.0867    7.1296 v dcache/_2803_/Y (sky130_fd_sc_hd__nor4_1)
   0.0795    7.2091 ^ dcache/mshrs/_0615_/Y (sky130_fd_sc_hd__inv_1)
   0.0587    7.2678 v dcache/mshrs/_0616_/Y (sky130_fd_sc_hd__nor2_1)
   0.1498    7.4177 v dcache/mshrs/_0617_/Y (sky130_fd_sc_hd__a21boi_0)
   0.2381    7.6557 v dcache/mshrs/_0618_/X (sky130_fd_sc_hd__lpflow_inputiso0n_1)
   0.1857    7.8415 ^ dcache/mshrs/_0752_/Y (sky130_fd_sc_hd__a31oi_1)
   0.0689    7.9104 v dcache/mshrs/_0755_/Y (sky130_fd_sc_hd__nand2_1)
   0.2141    8.1244 v dcache/mshrs/_0756_/X (sky130_fd_sc_hd__a22o_1)
   0.1258    8.2503 v dcache/_2807_/X (sky130_fd_sc_hd__lpflow_isobufsrc_1)
   0.3604    8.6107 ^ dcache/_2808_/Y (sky130_fd_sc_hd__a2111oi_0)
   0.1294    8.7400 v dcache/_2809_/Y (sky130_fd_sc_hd__a311oi_1)
   0.1535    8.8935 ^ dcache/_2810_/X (sky130_fd_sc_hd__lpflow_isobufsrc_1)
   0.0805    8.9740 v dcache/_2812_/Y (sky130_fd_sc_hd__nor3_1)
   0.2226    9.1966 v dcache/_3359_/X (sky130_fd_sc_hd__lpflow_clkbufkapwr_1)
   0.3193    9.5159 v dcache/_3361_/X (sky130_fd_sc_hd__mux2_2)
   0.1608    9.6766 v lsu/_33285_/X (sky130_fd_sc_hd__clkbuf_1)
   0.8519   10.5285 ^ lsu/_33304_/Y (sky130_fd_sc_hd__nor4_1)
   0.1470   10.6755 v lsu/_33305_/Y (sky130_fd_sc_hd__a222oi_1)
   0.1060   10.7815 ^ lsu/_33311_/Y (sky130_fd_sc_hd__nand2_1)
   0.0657   10.8472 v lsu/_33321_/Y (sky130_fd_sc_hd__nor3_1)
   0.2807   11.1279 v lsu/_33539_/X (sky130_fd_sc_hd__or2_2)
   0.0670   11.1949 ^ lsu/_33540_/Y (sky130_fd_sc_hd__nand2_1)
   0.1031   11.2980 v lsu/_33545_/Y (sky130_fd_sc_hd__o21ai_0)
   0.1640   11.4620 v core/memExeUnit/_191_/X (sky130_fd_sc_hd__buf_4)
   0.1818   11.6438 v core/ll_wbarb/_009_/X (sky130_fd_sc_hd__clkbuf_1)
   0.2456   11.8895 v core/ll_wbarb/_010_/X (sky130_fd_sc_hd__clkbuf_1)
   0.0813   11.9708 ^ core/ll_wbarb/_099_/Y (sky130_fd_sc_hd__inv_1)
   0.1445   12.1153 ^ core/FpPipeline/_2061_/X (sky130_fd_sc_hd__lpflow_inputiso0n_1)
   0.0722   12.1876 v core/FpPipeline/_2071_/Y (sky130_fd_sc_hd__nand2_1)
   0.0986   12.2861 ^ core/FpPipeline/_2073_/Y (sky130_fd_sc_hd__a21oi_1)
   0.1152   12.4013 ^ core/ll_wbarb/_100_/X (sky130_fd_sc_hd__or2_2)
   4.8833   17.2846 ^ core/_3767_/Y (sky130_fd_sc_hd__nor3b_1)
   0.7968   18.0814 ^ core/rename_stage/busytable/_1605_/Y (sky130_fd_sc_hd__nor3b_1)
   0.3380   18.4194 ^ core/rename_stage/busytable/_1606_/X (sky130_fd_sc_hd__clkbuf_1)
   0.1174   18.5368 v core/rename_stage/busytable/_2030_/Y (sky130_fd_sc_hd__nand3_1)
   0.1029   18.6397 ^ core/rename_stage/busytable/_2036_/Y (sky130_fd_sc_hd__nand4_1)
   0.0721   18.7118 v core/rename_stage/busytable/_2039_/Y (sky130_fd_sc_hd__a31oi_1)
   0.0035   18.7153 v core/rename_stage/busytable/_2535_/D (sky130_fd_sc_hd__dfxtp_1)
            18.7153   data arrival time

  20.0000   20.0000   clock clock (rise edge)
   0.0000   20.0000   clock network delay (ideal)
   0.0000   20.0000   clock reconvergence pessimism
            20.0000 ^ core/rename_stage/busytable/_2535_/CLK (sky130_fd_sc_hd__dfxtp_1)
  -0.1341   19.8659   library setup time
            19.8659   data required time
-------------------------------------------------------------
            19.8659   data required time
           -18.7153   data arrival time
-------------------------------------------------------------
             1.1506   slack (MET)


Startpoint: core/_3979_ (rising edge-triggered flip-flop clocked by clock)
Endpoint: core/rename_stage/busytable/_2538_
          (rising edge-triggered flip-flop clocked by clock)
Path Group: clock
Path Type: max

    Delay      Time   Description
-------------------------------------------------------------
   0.0000    0.0000   clock clock (rise edge)
   0.0000    0.0000   clock network delay (ideal)
   0.0000    0.0000 ^ core/_3979_/CLK (sky130_fd_sc_hd__dfxtp_1)
   0.3332    0.3332 ^ core/_3979_/Q (sky130_fd_sc_hd__dfxtp_1)
   0.3006    0.6338 ^ core/_1880_/Y (sky130_fd_sc_hd__nor3b_1)
   0.1036    0.7374 v core/_1881_/Y (sky130_fd_sc_hd__nand2_1)
   5.0797    5.8171 ^ core/_1906_/Y (sky130_fd_sc_hd__o21ai_0)
   0.7998    6.6169 ^ lsu/_64414_/X (sky130_fd_sc_hd__buf_4)
   0.1206    6.7376 v dcache/_2795_/Y (sky130_fd_sc_hd__a22oi_1)
   0.2232    6.9607 v dcache/_2796_/X (sky130_fd_sc_hd__and4_1)
   0.0821    7.0429 ^ dcache/_2797_/Y (sky130_fd_sc_hd__nand2_1)
   0.0867    7.1296 v dcache/_2803_/Y (sky130_fd_sc_hd__nor4_1)
   0.0795    7.2091 ^ dcache/mshrs/_0615_/Y (sky130_fd_sc_hd__inv_1)
   0.0587    7.2678 v dcache/mshrs/_0616_/Y (sky130_fd_sc_hd__nor2_1)
   0.1498    7.4177 v dcache/mshrs/_0617_/Y (sky130_fd_sc_hd__a21boi_0)
   0.2381    7.6557 v dcache/mshrs/_0618_/X (sky130_fd_sc_hd__lpflow_inputiso0n_1)
   0.1857    7.8415 ^ dcache/mshrs/_0752_/Y (sky130_fd_sc_hd__a31oi_1)
   0.0689    7.9104 v dcache/mshrs/_0755_/Y (sky130_fd_sc_hd__nand2_1)
   0.2141    8.1244 v dcache/mshrs/_0756_/X (sky130_fd_sc_hd__a22o_1)
   0.1258    8.2503 v dcache/_2807_/X (sky130_fd_sc_hd__lpflow_isobufsrc_1)
   0.3604    8.6107 ^ dcache/_2808_/Y (sky130_fd_sc_hd__a2111oi_0)
   0.1294    8.7400 v dcache/_2809_/Y (sky130_fd_sc_hd__a311oi_1)
   0.1535    8.8935 ^ dcache/_2810_/X (sky130_fd_sc_hd__lpflow_isobufsrc_1)
   0.0805    8.9740 v dcache/_2812_/Y (sky130_fd_sc_hd__nor3_1)
   0.2226    9.1966 v dcache/_3359_/X (sky130_fd_sc_hd__lpflow_clkbufkapwr_1)
   0.3193    9.5159 v dcache/_3361_/X (sky130_fd_sc_hd__mux2_2)
   0.1608    9.6766 v lsu/_33285_/X (sky130_fd_sc_hd__clkbuf_1)
   0.8519   10.5285 ^ lsu/_33304_/Y (sky130_fd_sc_hd__nor4_1)
   0.1470   10.6755 v lsu/_33305_/Y (sky130_fd_sc_hd__a222oi_1)
   0.1060   10.7815 ^ lsu/_33311_/Y (sky130_fd_sc_hd__nand2_1)
   0.0657   10.8472 v lsu/_33321_/Y (sky130_fd_sc_hd__nor3_1)
   0.2807   11.1279 v lsu/_33539_/X (sky130_fd_sc_hd__or2_2)
   0.0670   11.1949 ^ lsu/_33540_/Y (sky130_fd_sc_hd__nand2_1)
   0.1031   11.2980 v lsu/_33545_/Y (sky130_fd_sc_hd__o21ai_0)
   0.1640   11.4620 v core/memExeUnit/_191_/X (sky130_fd_sc_hd__buf_4)
   0.1818   11.6438 v core/ll_wbarb/_009_/X (sky130_fd_sc_hd__clkbuf_1)
   0.2456   11.8895 v core/ll_wbarb/_010_/X (sky130_fd_sc_hd__clkbuf_1)
   0.0813   11.9708 ^ core/ll_wbarb/_099_/Y (sky130_fd_sc_hd__inv_1)
   0.1445   12.1153 ^ core/FpPipeline/_2061_/X (sky130_fd_sc_hd__lpflow_inputiso0n_1)
   0.0722   12.1876 v core/FpPipeline/_2071_/Y (sky130_fd_sc_hd__nand2_1)
   0.0986   12.2861 ^ core/FpPipeline/_2073_/Y (sky130_fd_sc_hd__a21oi_1)
   0.1152   12.4013 ^ core/ll_wbarb/_100_/X (sky130_fd_sc_hd__or2_2)
   4.8833   17.2846 ^ core/_3767_/Y (sky130_fd_sc_hd__nor3b_1)
   0.7968   18.0814 ^ core/rename_stage/busytable/_1605_/Y (sky130_fd_sc_hd__nor3b_1)
   0.3380   18.4194 ^ core/rename_stage/busytable/_1606_/X (sky130_fd_sc_hd__clkbuf_1)
   0.1174   18.5368 v core/rename_stage/busytable/_2063_/Y (sky130_fd_sc_hd__nand3_1)
   0.1029   18.6397 ^ core/rename_stage/busytable/_2072_/Y (sky130_fd_sc_hd__nand4_1)
   0.0720   18.7118 v core/rename_stage/busytable/_2076_/Y (sky130_fd_sc_hd__a31oi_1)
   0.0035   18.7152 v core/rename_stage/busytable/_2538_/D (sky130_fd_sc_hd__dfxtp_1)
            18.7152   data arrival time

  20.0000   20.0000   clock clock (rise edge)
   0.0000   20.0000   clock network delay (ideal)
   0.0000   20.0000   clock reconvergence pessimism
            20.0000 ^ core/rename_stage/busytable/_2538_/CLK (sky130_fd_sc_hd__dfxtp_1)
  -0.1341   19.8659   library setup time
            19.8659   data required time
-------------------------------------------------------------
            19.8659   data required time
           -18.7152   data arrival time
-------------------------------------------------------------
             1.1507   slack (MET)


Startpoint: core/_3979_ (rising edge-triggered flip-flop clocked by clock)
Endpoint: core/rename_stage/busytable/_2532_
          (rising edge-triggered flip-flop clocked by clock)
Path Group: clock
Path Type: max

    Delay      Time   Description
-------------------------------------------------------------
   0.0000    0.0000   clock clock (rise edge)
   0.0000    0.0000   clock network delay (ideal)
   0.0000    0.0000 ^ core/_3979_/CLK (sky130_fd_sc_hd__dfxtp_1)
   0.3332    0.3332 ^ core/_3979_/Q (sky130_fd_sc_hd__dfxtp_1)
   0.3006    0.6338 ^ core/_1880_/Y (sky130_fd_sc_hd__nor3b_1)
   0.1036    0.7374 v core/_1881_/Y (sky130_fd_sc_hd__nand2_1)
   5.0797    5.8171 ^ core/_1906_/Y (sky130_fd_sc_hd__o21ai_0)
   0.7998    6.6169 ^ lsu/_64414_/X (sky130_fd_sc_hd__buf_4)
   0.1206    6.7376 v dcache/_2795_/Y (sky130_fd_sc_hd__a22oi_1)
   0.2232    6.9607 v dcache/_2796_/X (sky130_fd_sc_hd__and4_1)
   0.0821    7.0429 ^ dcache/_2797_/Y (sky130_fd_sc_hd__nand2_1)
   0.0867    7.1296 v dcache/_2803_/Y (sky130_fd_sc_hd__nor4_1)
   0.0795    7.2091 ^ dcache/mshrs/_0615_/Y (sky130_fd_sc_hd__inv_1)
   0.0587    7.2678 v dcache/mshrs/_0616_/Y (sky130_fd_sc_hd__nor2_1)
   0.1498    7.4177 v dcache/mshrs/_0617_/Y (sky130_fd_sc_hd__a21boi_0)
   0.2381    7.6557 v dcache/mshrs/_0618_/X (sky130_fd_sc_hd__lpflow_inputiso0n_1)
   0.1857    7.8415 ^ dcache/mshrs/_0752_/Y (sky130_fd_sc_hd__a31oi_1)
   0.0689    7.9104 v dcache/mshrs/_0755_/Y (sky130_fd_sc_hd__nand2_1)
   0.2141    8.1244 v dcache/mshrs/_0756_/X (sky130_fd_sc_hd__a22o_1)
   0.1258    8.2503 v dcache/_2807_/X (sky130_fd_sc_hd__lpflow_isobufsrc_1)
   0.3604    8.6107 ^ dcache/_2808_/Y (sky130_fd_sc_hd__a2111oi_0)
   0.1294    8.7400 v dcache/_2809_/Y (sky130_fd_sc_hd__a311oi_1)
   0.1535    8.8935 ^ dcache/_2810_/X (sky130_fd_sc_hd__lpflow_isobufsrc_1)
   0.0805    8.9740 v dcache/_2812_/Y (sky130_fd_sc_hd__nor3_1)
   0.2226    9.1966 v dcache/_3359_/X (sky130_fd_sc_hd__lpflow_clkbufkapwr_1)
   0.3193    9.5159 v dcache/_3361_/X (sky130_fd_sc_hd__mux2_2)
   0.1608    9.6766 v lsu/_33285_/X (sky130_fd_sc_hd__clkbuf_1)
   0.8519   10.5285 ^ lsu/_33304_/Y (sky130_fd_sc_hd__nor4_1)
   0.1470   10.6755 v lsu/_33305_/Y (sky130_fd_sc_hd__a222oi_1)
   0.1060   10.7815 ^ lsu/_33311_/Y (sky130_fd_sc_hd__nand2_1)
   0.0657   10.8472 v lsu/_33321_/Y (sky130_fd_sc_hd__nor3_1)
   0.2807   11.1279 v lsu/_33539_/X (sky130_fd_sc_hd__or2_2)
   0.0670   11.1949 ^ lsu/_33540_/Y (sky130_fd_sc_hd__nand2_1)
   0.1031   11.2980 v lsu/_33545_/Y (sky130_fd_sc_hd__o21ai_0)
   0.1640   11.4620 v core/memExeUnit/_191_/X (sky130_fd_sc_hd__buf_4)
   0.1818   11.6438 v core/ll_wbarb/_009_/X (sky130_fd_sc_hd__clkbuf_1)
   0.2456   11.8895 v core/ll_wbarb/_010_/X (sky130_fd_sc_hd__clkbuf_1)
   0.0813   11.9708 ^ core/ll_wbarb/_099_/Y (sky130_fd_sc_hd__inv_1)
   0.1445   12.1153 ^ core/FpPipeline/_2061_/X (sky130_fd_sc_hd__lpflow_inputiso0n_1)
   0.0722   12.1876 v core/FpPipeline/_2071_/Y (sky130_fd_sc_hd__nand2_1)
   0.0986   12.2861 ^ core/FpPipeline/_2073_/Y (sky130_fd_sc_hd__a21oi_1)
   0.1152   12.4013 ^ core/ll_wbarb/_100_/X (sky130_fd_sc_hd__or2_2)
   4.8833   17.2846 ^ core/_3767_/Y (sky130_fd_sc_hd__nor3b_1)
   0.7968   18.0814 ^ core/rename_stage/busytable/_1605_/Y (sky130_fd_sc_hd__nor3b_1)
   0.3380   18.4194 ^ core/rename_stage/busytable/_1606_/X (sky130_fd_sc_hd__clkbuf_1)
   0.1174   18.5368 v core/rename_stage/busytable/_1992_/Y (sky130_fd_sc_hd__nand3_1)
   0.1029   18.6397 ^ core/rename_stage/busytable/_2000_/Y (sky130_fd_sc_hd__nand4_1)
   0.0718   18.7115 v core/rename_stage/busytable/_2005_/Y (sky130_fd_sc_hd__a31oi_1)
   0.0035   18.7150 v core/rename_stage/busytable/_2532_/D (sky130_fd_sc_hd__dfxtp_1)
            18.7150   data arrival time

  20.0000   20.0000   clock clock (rise edge)
   0.0000   20.0000   clock network delay (ideal)
   0.0000   20.0000   clock reconvergence pessimism
            20.0000 ^ core/rename_stage/busytable/_2532_/CLK (sky130_fd_sc_hd__dfxtp_1)
  -0.1341   19.8659   library setup time
            19.8659   data required time
-------------------------------------------------------------
            19.8659   data required time
           -18.7150   data arrival time
-------------------------------------------------------------
             1.1509   slack (MET)


Startpoint: core/_3979_ (rising edge-triggered flip-flop clocked by clock)
Endpoint: core/rename_stage/busytable/_2533_
          (rising edge-triggered flip-flop clocked by clock)
Path Group: clock
Path Type: max

    Delay      Time   Description
-------------------------------------------------------------
   0.0000    0.0000   clock clock (rise edge)
   0.0000    0.0000   clock network delay (ideal)
   0.0000    0.0000 ^ core/_3979_/CLK (sky130_fd_sc_hd__dfxtp_1)
   0.3332    0.3332 ^ core/_3979_/Q (sky130_fd_sc_hd__dfxtp_1)
   0.3006    0.6338 ^ core/_1880_/Y (sky130_fd_sc_hd__nor3b_1)
   0.1036    0.7374 v core/_1881_/Y (sky130_fd_sc_hd__nand2_1)
   5.0797    5.8171 ^ core/_1906_/Y (sky130_fd_sc_hd__o21ai_0)
   0.7998    6.6169 ^ lsu/_64414_/X (sky130_fd_sc_hd__buf_4)
   0.1206    6.7376 v dcache/_2795_/Y (sky130_fd_sc_hd__a22oi_1)
   0.2232    6.9607 v dcache/_2796_/X (sky130_fd_sc_hd__and4_1)
   0.0821    7.0429 ^ dcache/_2797_/Y (sky130_fd_sc_hd__nand2_1)
   0.0867    7.1296 v dcache/_2803_/Y (sky130_fd_sc_hd__nor4_1)
   0.0795    7.2091 ^ dcache/mshrs/_0615_/Y (sky130_fd_sc_hd__inv_1)
   0.0587    7.2678 v dcache/mshrs/_0616_/Y (sky130_fd_sc_hd__nor2_1)
   0.1498    7.4177 v dcache/mshrs/_0617_/Y (sky130_fd_sc_hd__a21boi_0)
   0.2381    7.6557 v dcache/mshrs/_0618_/X (sky130_fd_sc_hd__lpflow_inputiso0n_1)
   0.1857    7.8415 ^ dcache/mshrs/_0752_/Y (sky130_fd_sc_hd__a31oi_1)
   0.0689    7.9104 v dcache/mshrs/_0755_/Y (sky130_fd_sc_hd__nand2_1)
   0.2141    8.1244 v dcache/mshrs/_0756_/X (sky130_fd_sc_hd__a22o_1)
   0.1258    8.2503 v dcache/_2807_/X (sky130_fd_sc_hd__lpflow_isobufsrc_1)
   0.3604    8.6107 ^ dcache/_2808_/Y (sky130_fd_sc_hd__a2111oi_0)
   0.1294    8.7400 v dcache/_2809_/Y (sky130_fd_sc_hd__a311oi_1)
   0.1535    8.8935 ^ dcache/_2810_/X (sky130_fd_sc_hd__lpflow_isobufsrc_1)
   0.0805    8.9740 v dcache/_2812_/Y (sky130_fd_sc_hd__nor3_1)
   0.2226    9.1966 v dcache/_3359_/X (sky130_fd_sc_hd__lpflow_clkbufkapwr_1)
   0.3193    9.5159 v dcache/_3361_/X (sky130_fd_sc_hd__mux2_2)
   0.1608    9.6766 v lsu/_33285_/X (sky130_fd_sc_hd__clkbuf_1)
   0.8519   10.5285 ^ lsu/_33304_/Y (sky130_fd_sc_hd__nor4_1)
   0.1470   10.6755 v lsu/_33305_/Y (sky130_fd_sc_hd__a222oi_1)
   0.1060   10.7815 ^ lsu/_33311_/Y (sky130_fd_sc_hd__nand2_1)
   0.0657   10.8472 v lsu/_33321_/Y (sky130_fd_sc_hd__nor3_1)
   0.2807   11.1279 v lsu/_33539_/X (sky130_fd_sc_hd__or2_2)
   0.0670   11.1949 ^ lsu/_33540_/Y (sky130_fd_sc_hd__nand2_1)
   0.1031   11.2980 v lsu/_33545_/Y (sky130_fd_sc_hd__o21ai_0)
   0.1640   11.4620 v core/memExeUnit/_191_/X (sky130_fd_sc_hd__buf_4)
   0.1818   11.6438 v core/ll_wbarb/_009_/X (sky130_fd_sc_hd__clkbuf_1)
   0.2456   11.8895 v core/ll_wbarb/_010_/X (sky130_fd_sc_hd__clkbuf_1)
   0.0813   11.9708 ^ core/ll_wbarb/_099_/Y (sky130_fd_sc_hd__inv_1)
   0.1445   12.1153 ^ core/FpPipeline/_2061_/X (sky130_fd_sc_hd__lpflow_inputiso0n_1)
   0.0722   12.1876 v core/FpPipeline/_2071_/Y (sky130_fd_sc_hd__nand2_1)
   0.0986   12.2861 ^ core/FpPipeline/_2073_/Y (sky130_fd_sc_hd__a21oi_1)
   0.1152   12.4013 ^ core/ll_wbarb/_100_/X (sky130_fd_sc_hd__or2_2)
   4.8833   17.2846 ^ core/_3767_/Y (sky130_fd_sc_hd__nor3b_1)
   0.7968   18.0814 ^ core/rename_stage/busytable/_1605_/Y (sky130_fd_sc_hd__nor3b_1)
   0.3380   18.4194 ^ core/rename_stage/busytable/_1606_/X (sky130_fd_sc_hd__clkbuf_1)
   0.1166   18.5361 v core/rename_stage/busytable/_2010_/Y (sky130_fd_sc_hd__nand3_1)
   0.1099   18.6460 ^ core/rename_stage/busytable/_2014_/Y (sky130_fd_sc_hd__nand4_1)
   0.0628   18.7088 v core/rename_stage/busytable/_2018_/Y (sky130_fd_sc_hd__a21oi_1)
   0.0035   18.7123 v core/rename_stage/busytable/_2533_/D (sky130_fd_sc_hd__dfxtp_1)
            18.7123   data arrival time

  20.0000   20.0000   clock clock (rise edge)
   0.0000   20.0000   clock network delay (ideal)
   0.0000   20.0000   clock reconvergence pessimism
            20.0000 ^ core/rename_stage/busytable/_2533_/CLK (sky130_fd_sc_hd__dfxtp_1)
  -0.1339   19.8661   library setup time
            19.8661   data required time
-------------------------------------------------------------
            19.8661   data required time
           -18.7123   data arrival time
-------------------------------------------------------------
             1.1538   slack (MET)


Startpoint: core/_3979_ (rising edge-triggered flip-flop clocked by clock)
Endpoint: core/rename_stage/busytable/_2557_
          (rising edge-triggered flip-flop clocked by clock)
Path Group: clock
Path Type: max

    Delay      Time   Description
-------------------------------------------------------------
   0.0000    0.0000   clock clock (rise edge)
   0.0000    0.0000   clock network delay (ideal)
   0.0000    0.0000 ^ core/_3979_/CLK (sky130_fd_sc_hd__dfxtp_1)
   0.3332    0.3332 ^ core/_3979_/Q (sky130_fd_sc_hd__dfxtp_1)
   0.3006    0.6338 ^ core/_1880_/Y (sky130_fd_sc_hd__nor3b_1)
   0.1036    0.7374 v core/_1881_/Y (sky130_fd_sc_hd__nand2_1)
   5.0797    5.8171 ^ core/_1906_/Y (sky130_fd_sc_hd__o21ai_0)
   0.7998    6.6169 ^ lsu/_64414_/X (sky130_fd_sc_hd__buf_4)
   0.1206    6.7376 v dcache/_2795_/Y (sky130_fd_sc_hd__a22oi_1)
   0.2232    6.9607 v dcache/_2796_/X (sky130_fd_sc_hd__and4_1)
   0.0821    7.0429 ^ dcache/_2797_/Y (sky130_fd_sc_hd__nand2_1)
   0.0867    7.1296 v dcache/_2803_/Y (sky130_fd_sc_hd__nor4_1)
   0.0795    7.2091 ^ dcache/mshrs/_0615_/Y (sky130_fd_sc_hd__inv_1)
   0.0587    7.2678 v dcache/mshrs/_0616_/Y (sky130_fd_sc_hd__nor2_1)
   0.1498    7.4177 v dcache/mshrs/_0617_/Y (sky130_fd_sc_hd__a21boi_0)
   0.2381    7.6557 v dcache/mshrs/_0618_/X (sky130_fd_sc_hd__lpflow_inputiso0n_1)
   0.1857    7.8415 ^ dcache/mshrs/_0752_/Y (sky130_fd_sc_hd__a31oi_1)
   0.0689    7.9104 v dcache/mshrs/_0755_/Y (sky130_fd_sc_hd__nand2_1)
   0.2141    8.1244 v dcache/mshrs/_0756_/X (sky130_fd_sc_hd__a22o_1)
   0.1258    8.2503 v dcache/_2807_/X (sky130_fd_sc_hd__lpflow_isobufsrc_1)
   0.3604    8.6107 ^ dcache/_2808_/Y (sky130_fd_sc_hd__a2111oi_0)
   0.1294    8.7400 v dcache/_2809_/Y (sky130_fd_sc_hd__a311oi_1)
   0.1535    8.8935 ^ dcache/_2810_/X (sky130_fd_sc_hd__lpflow_isobufsrc_1)
   0.0805    8.9740 v dcache/_2812_/Y (sky130_fd_sc_hd__nor3_1)
   0.2226    9.1966 v dcache/_3359_/X (sky130_fd_sc_hd__lpflow_clkbufkapwr_1)
   0.3193    9.5159 v dcache/_3361_/X (sky130_fd_sc_hd__mux2_2)
   0.1608    9.6766 v lsu/_33285_/X (sky130_fd_sc_hd__clkbuf_1)
   0.8519   10.5285 ^ lsu/_33304_/Y (sky130_fd_sc_hd__nor4_1)
   0.1470   10.6755 v lsu/_33305_/Y (sky130_fd_sc_hd__a222oi_1)
   0.1060   10.7815 ^ lsu/_33311_/Y (sky130_fd_sc_hd__nand2_1)
   0.0657   10.8472 v lsu/_33321_/Y (sky130_fd_sc_hd__nor3_1)
   0.2807   11.1279 v lsu/_33539_/X (sky130_fd_sc_hd__or2_2)
   0.0670   11.1949 ^ lsu/_33540_/Y (sky130_fd_sc_hd__nand2_1)
   0.1031   11.2980 v lsu/_33545_/Y (sky130_fd_sc_hd__o21ai_0)
   0.1640   11.4620 v core/memExeUnit/_191_/X (sky130_fd_sc_hd__buf_4)
   0.1818   11.6438 v core/ll_wbarb/_009_/X (sky130_fd_sc_hd__clkbuf_1)
   0.2456   11.8895 v core/ll_wbarb/_010_/X (sky130_fd_sc_hd__clkbuf_1)
   0.0813   11.9708 ^ core/ll_wbarb/_099_/Y (sky130_fd_sc_hd__inv_1)
   0.1445   12.1153 ^ core/FpPipeline/_2061_/X (sky130_fd_sc_hd__lpflow_inputiso0n_1)
   0.0722   12.1876 v core/FpPipeline/_2071_/Y (sky130_fd_sc_hd__nand2_1)
   0.0986   12.2861 ^ core/FpPipeline/_2073_/Y (sky130_fd_sc_hd__a21oi_1)
   0.1152   12.4013 ^ core/ll_wbarb/_100_/X (sky130_fd_sc_hd__or2_2)
   4.8833   17.2846 ^ core/_3767_/Y (sky130_fd_sc_hd__nor3b_1)
   0.5905   17.8751 ^ core/rename_stage/busytable/_2152_/X (sky130_fd_sc_hd__and3b_1)
   0.2495   18.1247 ^ core/rename_stage/busytable/_2153_/X (sky130_fd_sc_hd__clkbuf_1)
   0.3054   18.4301 ^ core/rename_stage/busytable/_2215_/X (sky130_fd_sc_hd__clkbuf_1)
   0.1142   18.5443 v core/rename_stage/busytable/_2248_/Y (sky130_fd_sc_hd__a21oi_1)
   0.0972   18.6415 ^ core/rename_stage/busytable/_2249_/Y (sky130_fd_sc_hd__nand4_1)
   0.0618   18.7033 v core/rename_stage/busytable/_2251_/Y (sky130_fd_sc_hd__a21oi_1)
   0.0035   18.7068 v core/rename_stage/busytable/_2557_/D (sky130_fd_sc_hd__dfxtp_1)
            18.7068   data arrival time

  20.0000   20.0000   clock clock (rise edge)
   0.0000   20.0000   clock network delay (ideal)
   0.0000   20.0000   clock reconvergence pessimism
            20.0000 ^ core/rename_stage/busytable/_2557_/CLK (sky130_fd_sc_hd__dfxtp_1)
  -0.1339   19.8661   library setup time
            19.8661   data required time
-------------------------------------------------------------
            19.8661   data required time
           -18.7068   data arrival time
-------------------------------------------------------------
             1.1593   slack (MET)


Startpoint: core/_3979_ (rising edge-triggered flip-flop clocked by clock)
Endpoint: core/rename_stage/busytable/_2520_
          (rising edge-triggered flip-flop clocked by clock)
Path Group: clock
Path Type: max

    Delay      Time   Description
-------------------------------------------------------------
   0.0000    0.0000   clock clock (rise edge)
   0.0000    0.0000   clock network delay (ideal)
   0.0000    0.0000 ^ core/_3979_/CLK (sky130_fd_sc_hd__dfxtp_1)
   0.3332    0.3332 ^ core/_3979_/Q (sky130_fd_sc_hd__dfxtp_1)
   0.3006    0.6338 ^ core/_1880_/Y (sky130_fd_sc_hd__nor3b_1)
   0.1036    0.7374 v core/_1881_/Y (sky130_fd_sc_hd__nand2_1)
   5.0797    5.8171 ^ core/_1906_/Y (sky130_fd_sc_hd__o21ai_0)
   0.7998    6.6169 ^ lsu/_64414_/X (sky130_fd_sc_hd__buf_4)
   0.1206    6.7376 v dcache/_2795_/Y (sky130_fd_sc_hd__a22oi_1)
   0.2232    6.9607 v dcache/_2796_/X (sky130_fd_sc_hd__and4_1)
   0.0821    7.0429 ^ dcache/_2797_/Y (sky130_fd_sc_hd__nand2_1)
   0.0867    7.1296 v dcache/_2803_/Y (sky130_fd_sc_hd__nor4_1)
   0.0795    7.2091 ^ dcache/mshrs/_0615_/Y (sky130_fd_sc_hd__inv_1)
   0.0587    7.2678 v dcache/mshrs/_0616_/Y (sky130_fd_sc_hd__nor2_1)
   0.1498    7.4177 v dcache/mshrs/_0617_/Y (sky130_fd_sc_hd__a21boi_0)
   0.2381    7.6557 v dcache/mshrs/_0618_/X (sky130_fd_sc_hd__lpflow_inputiso0n_1)
   0.1857    7.8415 ^ dcache/mshrs/_0752_/Y (sky130_fd_sc_hd__a31oi_1)
   0.0689    7.9104 v dcache/mshrs/_0755_/Y (sky130_fd_sc_hd__nand2_1)
   0.2141    8.1244 v dcache/mshrs/_0756_/X (sky130_fd_sc_hd__a22o_1)
   0.1258    8.2503 v dcache/_2807_/X (sky130_fd_sc_hd__lpflow_isobufsrc_1)
   0.3604    8.6107 ^ dcache/_2808_/Y (sky130_fd_sc_hd__a2111oi_0)
   0.1294    8.7400 v dcache/_2809_/Y (sky130_fd_sc_hd__a311oi_1)
   0.1535    8.8935 ^ dcache/_2810_/X (sky130_fd_sc_hd__lpflow_isobufsrc_1)
   0.0805    8.9740 v dcache/_2812_/Y (sky130_fd_sc_hd__nor3_1)
   0.2226    9.1966 v dcache/_3359_/X (sky130_fd_sc_hd__lpflow_clkbufkapwr_1)
   0.3193    9.5159 v dcache/_3361_/X (sky130_fd_sc_hd__mux2_2)
   0.1608    9.6766 v lsu/_33285_/X (sky130_fd_sc_hd__clkbuf_1)
   0.8519   10.5285 ^ lsu/_33304_/Y (sky130_fd_sc_hd__nor4_1)
   0.1470   10.6755 v lsu/_33305_/Y (sky130_fd_sc_hd__a222oi_1)
   0.1060   10.7815 ^ lsu/_33311_/Y (sky130_fd_sc_hd__nand2_1)
   0.0657   10.8472 v lsu/_33321_/Y (sky130_fd_sc_hd__nor3_1)
   0.2807   11.1279 v lsu/_33539_/X (sky130_fd_sc_hd__or2_2)
   0.0670   11.1949 ^ lsu/_33540_/Y (sky130_fd_sc_hd__nand2_1)
   0.1031   11.2980 v lsu/_33545_/Y (sky130_fd_sc_hd__o21ai_0)
   0.1640   11.4620 v core/memExeUnit/_191_/X (sky130_fd_sc_hd__buf_4)
   0.1818   11.6438 v core/ll_wbarb/_009_/X (sky130_fd_sc_hd__clkbuf_1)
   0.2456   11.8895 v core/ll_wbarb/_010_/X (sky130_fd_sc_hd__clkbuf_1)
   0.0813   11.9708 ^ core/ll_wbarb/_099_/Y (sky130_fd_sc_hd__inv_1)
   0.1445   12.1153 ^ core/FpPipeline/_2061_/X (sky130_fd_sc_hd__lpflow_inputiso0n_1)
   0.0722   12.1876 v core/FpPipeline/_2071_/Y (sky130_fd_sc_hd__nand2_1)
   0.0986   12.2861 ^ core/FpPipeline/_2073_/Y (sky130_fd_sc_hd__a21oi_1)
   0.1152   12.4013 ^ core/ll_wbarb/_100_/X (sky130_fd_sc_hd__or2_2)
   4.8833   17.2846 ^ core/_3767_/Y (sky130_fd_sc_hd__nor3b_1)
   0.5729   17.8576 v core/rename_stage/busytable/_1525_/X (sky130_fd_sc_hd__or3b_2)
   0.1527   18.0103 v core/rename_stage/busytable/_1526_/X (sky130_fd_sc_hd__clkbuf_1)
   0.1987   18.2091 v core/rename_stage/busytable/_1527_/X (sky130_fd_sc_hd__clkbuf_1)
   0.1424   18.3514 ^ core/rename_stage/busytable/_1786_/Y (sky130_fd_sc_hd__o22ai_1)
   0.0697   18.4211 v core/rename_stage/busytable/_1792_/Y (sky130_fd_sc_hd__a211oi_1)
   0.2211   18.6423 ^ core/rename_stage/busytable/_1793_/Y (sky130_fd_sc_hd__a221oi_1)
   0.0620   18.7042 v core/rename_stage/busytable/_1794_/Y (sky130_fd_sc_hd__nor2_1)
   0.0035   18.7077 v core/rename_stage/busytable/_2520_/D (sky130_fd_sc_hd__dfxtp_1)
            18.7077   data arrival time

  20.0000   20.0000   clock clock (rise edge)
   0.0000   20.0000   clock network delay (ideal)
   0.0000   20.0000   clock reconvergence pessimism
            20.0000 ^ core/rename_stage/busytable/_2520_/CLK (sky130_fd_sc_hd__dfxtp_1)
  -0.1293   19.8707   library setup time
            19.8707   data required time
-------------------------------------------------------------
            19.8707   data required time
           -18.7077   data arrival time
-------------------------------------------------------------
             1.1630   slack (MET)


Startpoint: core/alu_exe_unit/PipelinedMulUnit/imul/_56534_
            (rising edge-triggered flip-flop clocked by clock)
Endpoint: core/alu_exe_unit/PipelinedMulUnit/imul/_56662_
          (rising edge-triggered flip-flop clocked by clock)
Path Group: clock
Path Type: max

    Delay      Time   Description
-------------------------------------------------------------
   0.0000    0.0000   clock clock (rise edge)
   0.0000    0.0000   clock network delay (ideal)
   0.0000    0.0000 ^ core/alu_exe_unit/PipelinedMulUnit/imul/_56534_/CLK (sky130_fd_sc_hd__dfxtp_1)
   0.3800    0.3800 ^ core/alu_exe_unit/PipelinedMulUnit/imul/_56534_/Q (sky130_fd_sc_hd__dfxtp_1)
   0.2608    0.6408 ^ core/alu_exe_unit/PipelinedMulUnit/imul/_28773_/X (sky130_fd_sc_hd__clkbuf_1)
   0.1282    0.7691 v core/alu_exe_unit/PipelinedMulUnit/imul/_38772_/Y (sky130_fd_sc_hd__nand2_1)
   0.4064    1.1755 v core/alu_exe_unit/PipelinedMulUnit/imul/_38820_/X (sky130_fd_sc_hd__xor3_1)
   0.3651    1.5405 v core/alu_exe_unit/PipelinedMulUnit/imul/_38822_/X (sky130_fd_sc_hd__maj3_1)
   0.2861    1.8266 ^ core/alu_exe_unit/PipelinedMulUnit/imul/_38824_/X (sky130_fd_sc_hd__xor2_1)
   0.1517    1.9783 v core/alu_exe_unit/PipelinedMulUnit/imul/_38826_/Y (sky130_fd_sc_hd__o21ai_0)
   0.3985    2.3767 v core/alu_exe_unit/PipelinedMulUnit/imul/_38829_/X (sky130_fd_sc_hd__maj3_1)
   0.3902    2.7670 v core/alu_exe_unit/PipelinedMulUnit/imul/_38866_/X (sky130_fd_sc_hd__xor3_1)
   0.2564    3.0233 ^ core/alu_exe_unit/PipelinedMulUnit/imul/_38903_/Y (sky130_fd_sc_hd__xnor2_1)
   0.6499    3.6732 v core/alu_exe_unit/PipelinedMulUnit/imul/_38936_/X (sky130_fd_sc_hd__or4b_2)
   0.3847    4.0579 v core/alu_exe_unit/PipelinedMulUnit/imul/_38942_/X (sky130_fd_sc_hd__maj3_1)
   0.1892    4.2471 v core/alu_exe_unit/PipelinedMulUnit/imul/_38943_/X (sky130_fd_sc_hd__xor2_1)
   0.2183    4.4654 ^ core/alu_exe_unit/PipelinedMulUnit/imul/_38974_/Y (sky130_fd_sc_hd__o21ai_0)
   0.2184    4.6838 ^ core/alu_exe_unit/PipelinedMulUnit/imul/_38975_/X (sky130_fd_sc_hd__xor2_1)
   0.1069    4.7907 v core/alu_exe_unit/PipelinedMulUnit/imul/_38999_/Y (sky130_fd_sc_hd__a22oi_1)
   0.2202    5.0109 v core/alu_exe_unit/PipelinedMulUnit/imul/_39001_/X (sky130_fd_sc_hd__o21ba_2)
   0.2250    5.2359 ^ core/alu_exe_unit/PipelinedMulUnit/imul/_39003_/Y (sky130_fd_sc_hd__o21ai_0)
   0.1331    5.3690 v core/alu_exe_unit/PipelinedMulUnit/imul/_39006_/Y (sky130_fd_sc_hd__a31oi_1)
   0.1981    5.5671 ^ core/alu_exe_unit/PipelinedMulUnit/imul/_39008_/Y (sky130_fd_sc_hd__o21ai_0)
   0.1093    5.6764 v core/alu_exe_unit/PipelinedMulUnit/imul/_39011_/Y (sky130_fd_sc_hd__a21oi_1)
   0.1624    5.8388 ^ core/alu_exe_unit/PipelinedMulUnit/imul/_39014_/Y (sky130_fd_sc_hd__o211ai_1)
   0.1411    5.9799 v core/alu_exe_unit/PipelinedMulUnit/imul/_39015_/Y (sky130_fd_sc_hd__a32oi_1)
   0.3068    6.2867 ^ core/alu_exe_unit/PipelinedMulUnit/imul/_39020_/Y (sky130_fd_sc_hd__o21ai_0)
   0.1290    6.4157 v core/alu_exe_unit/PipelinedMulUnit/imul/_39025_/Y (sky130_fd_sc_hd__a31oi_1)
   0.2818    6.6975 ^ core/alu_exe_unit/PipelinedMulUnit/imul/_39030_/Y (sky130_fd_sc_hd__o31ai_1)
   0.1290    6.8265 v core/alu_exe_unit/PipelinedMulUnit/imul/_39033_/Y (sky130_fd_sc_hd__a211oi_1)
   0.3674    7.1939 v core/alu_exe_unit/PipelinedMulUnit/imul/_39034_/X (sky130_fd_sc_hd__or3_1)
   0.4485    7.6424 ^ core/alu_exe_unit/PipelinedMulUnit/imul/_39039_/Y (sky130_fd_sc_hd__a311oi_1)
   0.2929    7.9354 v core/alu_exe_unit/PipelinedMulUnit/imul/_39046_/Y (sky130_fd_sc_hd__o311ai_0)
   0.4416    8.3769 v core/alu_exe_unit/PipelinedMulUnit/imul/_39050_/X (sky130_fd_sc_hd__a311o_1)
   0.4018    8.7788 v core/alu_exe_unit/PipelinedMulUnit/imul/_39053_/X (sky130_fd_sc_hd__a311o_1)
   0.3261    9.1048 ^ core/alu_exe_unit/PipelinedMulUnit/imul/_39058_/Y (sky130_fd_sc_hd__a211oi_1)
   0.1802    9.2850 ^ core/alu_exe_unit/PipelinedMulUnit/imul/_39061_/X (sky130_fd_sc_hd__o311a_1)
   0.1879    9.4729 v core/alu_exe_unit/PipelinedMulUnit/imul/_39065_/Y (sky130_fd_sc_hd__o311ai_0)
   0.4067    9.8795 v core/alu_exe_unit/PipelinedMulUnit/imul/_39071_/X (sky130_fd_sc_hd__a311o_1)
   0.3788   10.2583 v core/alu_exe_unit/PipelinedMulUnit/imul/_39077_/X (sky130_fd_sc_hd__a311o_1)
   0.4016   10.6599 v core/alu_exe_unit/PipelinedMulUnit/imul/_39082_/X (sky130_fd_sc_hd__a311o_1)
   0.3965   11.0564 ^ core/alu_exe_unit/PipelinedMulUnit/imul/_39086_/Y (sky130_fd_sc_hd__a311oi_1)
   0.2135   11.2699 ^ core/alu_exe_unit/PipelinedMulUnit/imul/_39298_/X (sky130_fd_sc_hd__o311a_1)
   0.1079   11.3777 v core/alu_exe_unit/PipelinedMulUnit/imul/_39443_/Y (sky130_fd_sc_hd__a21oi_1)
   0.2058   11.5836 v core/alu_exe_unit/PipelinedMulUnit/imul/_39667_/Y (sky130_fd_sc_hd__nand4b_1)
   0.4430   12.0266 ^ core/alu_exe_unit/PipelinedMulUnit/imul/_40064_/Y (sky130_fd_sc_hd__a2111oi_0)
   0.2368   12.2634 ^ core/alu_exe_unit/PipelinedMulUnit/imul/_40737_/X (sky130_fd_sc_hd__o311a_1)
   0.1218   12.3852 v core/alu_exe_unit/PipelinedMulUnit/imul/_41070_/Y (sky130_fd_sc_hd__o21ai_0)
   0.3555   12.7407 v core/alu_exe_unit/PipelinedMulUnit/imul/_41755_/X (sky130_fd_sc_hd__a311o_1)
   0.3717   13.1123 ^ core/alu_exe_unit/PipelinedMulUnit/imul/_42422_/Y (sky130_fd_sc_hd__a311oi_1)
   0.2787   13.3910 v core/alu_exe_unit/PipelinedMulUnit/imul/_43094_/Y (sky130_fd_sc_hd__o311ai_0)
   0.4261   13.8172 ^ core/alu_exe_unit/PipelinedMulUnit/imul/_43747_/Y (sky130_fd_sc_hd__a311oi_1)
   0.2789   14.0960 v core/alu_exe_unit/PipelinedMulUnit/imul/_44418_/Y (sky130_fd_sc_hd__o311ai_0)
   0.3923   14.4883 ^ core/alu_exe_unit/PipelinedMulUnit/imul/_45071_/Y (sky130_fd_sc_hd__a311oi_1)
   0.2533   14.7417 ^ core/alu_exe_unit/PipelinedMulUnit/imul/_47260_/X (sky130_fd_sc_hd__and4_1)
   0.1376   14.8793 v core/alu_exe_unit/PipelinedMulUnit/imul/_49521_/Y (sky130_fd_sc_hd__o2111ai_1)
   0.2181   15.0974 ^ core/alu_exe_unit/PipelinedMulUnit/imul/_49782_/Y (sky130_fd_sc_hd__a21oi_1)
   0.1502   15.2476 v core/alu_exe_unit/PipelinedMulUnit/imul/_50316_/Y (sky130_fd_sc_hd__o21ai_0)
   0.2060   15.4535 ^ core/alu_exe_unit/PipelinedMulUnit/imul/_50858_/Y (sky130_fd_sc_hd__a21oi_1)
   0.2219   15.6754 ^ core/alu_exe_unit/PipelinedMulUnit/imul/_50871_/X (sky130_fd_sc_hd__o311a_1)
   0.1970   15.8724 ^ core/alu_exe_unit/PipelinedMulUnit/imul/_51630_/X (sky130_fd_sc_hd__o311a_1)
   0.1995   16.0718 ^ core/alu_exe_unit/PipelinedMulUnit/imul/_52120_/X (sky130_fd_sc_hd__o211a_1)
   0.2333   16.3052 ^ core/alu_exe_unit/PipelinedMulUnit/imul/_52797_/X (sky130_fd_sc_hd__o311a_1)
   0.2151   16.5203 ^ core/alu_exe_unit/PipelinedMulUnit/imul/_53467_/X (sky130_fd_sc_hd__o311a_1)
   0.1338   16.6541 v core/alu_exe_unit/PipelinedMulUnit/imul/_53881_/Y (sky130_fd_sc_hd__o211ai_1)
   0.2615   16.9156 ^ core/alu_exe_unit/PipelinedMulUnit/imul/_54311_/Y (sky130_fd_sc_hd__a211oi_1)
   0.2108   17.1265 ^ core/alu_exe_unit/PipelinedMulUnit/imul/_54711_/X (sky130_fd_sc_hd__o311a_1)
   0.1486   17.2751 v core/alu_exe_unit/PipelinedMulUnit/imul/_55083_/Y (sky130_fd_sc_hd__o311ai_0)
   0.2539   17.5290 ^ core/alu_exe_unit/PipelinedMulUnit/imul/_55256_/Y (sky130_fd_sc_hd__a21boi_0)
   0.1540   17.6831 v core/alu_exe_unit/PipelinedMulUnit/imul/_55416_/Y (sky130_fd_sc_hd__o21ai_0)
   0.2153   17.8984 ^ core/alu_exe_unit/PipelinedMulUnit/imul/_55595_/Y (sky130_fd_sc_hd__a21boi_0)
   0.1388   18.0372 v core/alu_exe_unit/PipelinedMulUnit/imul/_55748_/Y (sky130_fd_sc_hd__o21ai_0)
   0.2472   18.2844 ^ core/alu_exe_unit/PipelinedMulUnit/imul/_55916_/Y (sky130_fd_sc_hd__a21boi_0)
   0.1715   18.4559 ^ core/alu_exe_unit/PipelinedMulUnit/imul/_56071_/X (sky130_fd_sc_hd__o21a_1)
   0.0780   18.5339 v core/alu_exe_unit/PipelinedMulUnit/imul/_56072_/Y (sky130_fd_sc_hd__o21ai_0)
   0.0962   18.6301 ^ core/alu_exe_unit/PipelinedMulUnit/imul/_56076_/Y (sky130_fd_sc_hd__nand3_1)
   0.0706   18.7008 v core/alu_exe_unit/PipelinedMulUnit/imul/_56077_/Y (sky130_fd_sc_hd__o21ai_0)
   0.0035   18.7043 v core/alu_exe_unit/PipelinedMulUnit/imul/_56662_/D (sky130_fd_sc_hd__dfxtp_1)
            18.7043   data arrival time

  20.0000   20.0000   clock clock (rise edge)
   0.0000   20.0000   clock network delay (ideal)
   0.0000   20.0000   clock reconvergence pessimism
            20.0000 ^ core/alu_exe_unit/PipelinedMulUnit/imul/_56662_/CLK (sky130_fd_sc_hd__dfxtp_1)
  -0.1306   19.8694   library setup time
            19.8694   data required time
-------------------------------------------------------------
            19.8694   data required time
           -18.7043   data arrival time
-------------------------------------------------------------
             1.1652   slack (MET)


Startpoint: core/_3979_ (rising edge-triggered flip-flop clocked by clock)
Endpoint: core/rename_stage/busytable/_2512_
          (rising edge-triggered flip-flop clocked by clock)
Path Group: clock
Path Type: max

    Delay      Time   Description
-------------------------------------------------------------
   0.0000    0.0000   clock clock (rise edge)
   0.0000    0.0000   clock network delay (ideal)
   0.0000    0.0000 ^ core/_3979_/CLK (sky130_fd_sc_hd__dfxtp_1)
   0.3332    0.3332 ^ core/_3979_/Q (sky130_fd_sc_hd__dfxtp_1)
   0.3006    0.6338 ^ core/_1880_/Y (sky130_fd_sc_hd__nor3b_1)
   0.1036    0.7374 v core/_1881_/Y (sky130_fd_sc_hd__nand2_1)
   5.0797    5.8171 ^ core/_1906_/Y (sky130_fd_sc_hd__o21ai_0)
   0.7998    6.6169 ^ lsu/_64414_/X (sky130_fd_sc_hd__buf_4)
   0.1206    6.7376 v dcache/_2795_/Y (sky130_fd_sc_hd__a22oi_1)
   0.2232    6.9607 v dcache/_2796_/X (sky130_fd_sc_hd__and4_1)
   0.0821    7.0429 ^ dcache/_2797_/Y (sky130_fd_sc_hd__nand2_1)
   0.0867    7.1296 v dcache/_2803_/Y (sky130_fd_sc_hd__nor4_1)
   0.0795    7.2091 ^ dcache/mshrs/_0615_/Y (sky130_fd_sc_hd__inv_1)
   0.0587    7.2678 v dcache/mshrs/_0616_/Y (sky130_fd_sc_hd__nor2_1)
   0.1498    7.4177 v dcache/mshrs/_0617_/Y (sky130_fd_sc_hd__a21boi_0)
   0.2381    7.6557 v dcache/mshrs/_0618_/X (sky130_fd_sc_hd__lpflow_inputiso0n_1)
   0.1857    7.8415 ^ dcache/mshrs/_0752_/Y (sky130_fd_sc_hd__a31oi_1)
   0.0689    7.9104 v dcache/mshrs/_0755_/Y (sky130_fd_sc_hd__nand2_1)
   0.2141    8.1244 v dcache/mshrs/_0756_/X (sky130_fd_sc_hd__a22o_1)
   0.1258    8.2503 v dcache/_2807_/X (sky130_fd_sc_hd__lpflow_isobufsrc_1)
   0.3604    8.6107 ^ dcache/_2808_/Y (sky130_fd_sc_hd__a2111oi_0)
   0.1294    8.7400 v dcache/_2809_/Y (sky130_fd_sc_hd__a311oi_1)
   0.1535    8.8935 ^ dcache/_2810_/X (sky130_fd_sc_hd__lpflow_isobufsrc_1)
   0.0805    8.9740 v dcache/_2812_/Y (sky130_fd_sc_hd__nor3_1)
   0.2226    9.1966 v dcache/_3359_/X (sky130_fd_sc_hd__lpflow_clkbufkapwr_1)
   0.3193    9.5159 v dcache/_3361_/X (sky130_fd_sc_hd__mux2_2)
   0.1608    9.6766 v lsu/_33285_/X (sky130_fd_sc_hd__clkbuf_1)
   0.8519   10.5285 ^ lsu/_33304_/Y (sky130_fd_sc_hd__nor4_1)
   0.1470   10.6755 v lsu/_33305_/Y (sky130_fd_sc_hd__a222oi_1)
   0.1060   10.7815 ^ lsu/_33311_/Y (sky130_fd_sc_hd__nand2_1)
   0.0657   10.8472 v lsu/_33321_/Y (sky130_fd_sc_hd__nor3_1)
   0.2807   11.1279 v lsu/_33539_/X (sky130_fd_sc_hd__or2_2)
   0.0670   11.1949 ^ lsu/_33540_/Y (sky130_fd_sc_hd__nand2_1)
   0.1031   11.2980 v lsu/_33545_/Y (sky130_fd_sc_hd__o21ai_0)
   0.1640   11.4620 v core/memExeUnit/_191_/X (sky130_fd_sc_hd__buf_4)
   0.1818   11.6438 v core/ll_wbarb/_009_/X (sky130_fd_sc_hd__clkbuf_1)
   0.2456   11.8895 v core/ll_wbarb/_010_/X (sky130_fd_sc_hd__clkbuf_1)
   0.0813   11.9708 ^ core/ll_wbarb/_099_/Y (sky130_fd_sc_hd__inv_1)
   0.1445   12.1153 ^ core/FpPipeline/_2061_/X (sky130_fd_sc_hd__lpflow_inputiso0n_1)
   0.0722   12.1876 v core/FpPipeline/_2071_/Y (sky130_fd_sc_hd__nand2_1)
   0.0986   12.2861 ^ core/FpPipeline/_2073_/Y (sky130_fd_sc_hd__a21oi_1)
   0.1152   12.4013 ^ core/ll_wbarb/_100_/X (sky130_fd_sc_hd__or2_2)
   4.8833   17.2846 ^ core/_3767_/Y (sky130_fd_sc_hd__nor3b_1)
   0.7968   18.0814 ^ core/rename_stage/busytable/_1605_/Y (sky130_fd_sc_hd__nor3b_1)
   0.3380   18.4194 ^ core/rename_stage/busytable/_1606_/X (sky130_fd_sc_hd__clkbuf_1)
   0.1122   18.5316 v core/rename_stage/busytable/_1607_/Y (sky130_fd_sc_hd__a22oi_1)
   0.1021   18.6337 ^ core/rename_stage/busytable/_1608_/Y (sky130_fd_sc_hd__nand3_1)
   0.0607   18.6944 v core/rename_stage/busytable/_1615_/Y (sky130_fd_sc_hd__a21oi_1)
   0.0035   18.6979 v core/rename_stage/busytable/_2512_/D (sky130_fd_sc_hd__dfxtp_1)
            18.6979   data arrival time

  20.0000   20.0000   clock clock (rise edge)
   0.0000   20.0000   clock network delay (ideal)
   0.0000   20.0000   clock reconvergence pessimism
            20.0000 ^ core/rename_stage/busytable/_2512_/CLK (sky130_fd_sc_hd__dfxtp_1)
  -0.1339   19.8661   library setup time
            19.8661   data required time
-------------------------------------------------------------
            19.8661   data required time
           -18.6979   data arrival time
-------------------------------------------------------------
             1.1682   slack (MET)


Startpoint: core/_3979_ (rising edge-triggered flip-flop clocked by clock)
Endpoint: core/rename_stage/busytable/_2519_
          (rising edge-triggered flip-flop clocked by clock)
Path Group: clock
Path Type: max

    Delay      Time   Description
-------------------------------------------------------------
   0.0000    0.0000   clock clock (rise edge)
   0.0000    0.0000   clock network delay (ideal)
   0.0000    0.0000 ^ core/_3979_/CLK (sky130_fd_sc_hd__dfxtp_1)
   0.3332    0.3332 ^ core/_3979_/Q (sky130_fd_sc_hd__dfxtp_1)
   0.3006    0.6338 ^ core/_1880_/Y (sky130_fd_sc_hd__nor3b_1)
   0.1036    0.7374 v core/_1881_/Y (sky130_fd_sc_hd__nand2_1)
   5.0797    5.8171 ^ core/_1906_/Y (sky130_fd_sc_hd__o21ai_0)
   0.7998    6.6169 ^ lsu/_64414_/X (sky130_fd_sc_hd__buf_4)
   0.1206    6.7376 v dcache/_2795_/Y (sky130_fd_sc_hd__a22oi_1)
   0.2232    6.9607 v dcache/_2796_/X (sky130_fd_sc_hd__and4_1)
   0.0821    7.0429 ^ dcache/_2797_/Y (sky130_fd_sc_hd__nand2_1)
   0.0867    7.1296 v dcache/_2803_/Y (sky130_fd_sc_hd__nor4_1)
   0.0795    7.2091 ^ dcache/mshrs/_0615_/Y (sky130_fd_sc_hd__inv_1)
   0.0587    7.2678 v dcache/mshrs/_0616_/Y (sky130_fd_sc_hd__nor2_1)
   0.1498    7.4177 v dcache/mshrs/_0617_/Y (sky130_fd_sc_hd__a21boi_0)
   0.2381    7.6557 v dcache/mshrs/_0618_/X (sky130_fd_sc_hd__lpflow_inputiso0n_1)
   0.1857    7.8415 ^ dcache/mshrs/_0752_/Y (sky130_fd_sc_hd__a31oi_1)
   0.0689    7.9104 v dcache/mshrs/_0755_/Y (sky130_fd_sc_hd__nand2_1)
   0.2141    8.1244 v dcache/mshrs/_0756_/X (sky130_fd_sc_hd__a22o_1)
   0.1258    8.2503 v dcache/_2807_/X (sky130_fd_sc_hd__lpflow_isobufsrc_1)
   0.3604    8.6107 ^ dcache/_2808_/Y (sky130_fd_sc_hd__a2111oi_0)
   0.1294    8.7400 v dcache/_2809_/Y (sky130_fd_sc_hd__a311oi_1)
   0.1535    8.8935 ^ dcache/_2810_/X (sky130_fd_sc_hd__lpflow_isobufsrc_1)
   0.0805    8.9740 v dcache/_2812_/Y (sky130_fd_sc_hd__nor3_1)
   0.2226    9.1966 v dcache/_3359_/X (sky130_fd_sc_hd__lpflow_clkbufkapwr_1)
   0.3193    9.5159 v dcache/_3361_/X (sky130_fd_sc_hd__mux2_2)
   0.1608    9.6766 v lsu/_33285_/X (sky130_fd_sc_hd__clkbuf_1)
   0.8519   10.5285 ^ lsu/_33304_/Y (sky130_fd_sc_hd__nor4_1)
   0.1470   10.6755 v lsu/_33305_/Y (sky130_fd_sc_hd__a222oi_1)
   0.1060   10.7815 ^ lsu/_33311_/Y (sky130_fd_sc_hd__nand2_1)
   0.0657   10.8472 v lsu/_33321_/Y (sky130_fd_sc_hd__nor3_1)
   0.2807   11.1279 v lsu/_33539_/X (sky130_fd_sc_hd__or2_2)
   0.0670   11.1949 ^ lsu/_33540_/Y (sky130_fd_sc_hd__nand2_1)
   0.1031   11.2980 v lsu/_33545_/Y (sky130_fd_sc_hd__o21ai_0)
   0.1640   11.4620 v core/memExeUnit/_191_/X (sky130_fd_sc_hd__buf_4)
   0.1818   11.6438 v core/ll_wbarb/_009_/X (sky130_fd_sc_hd__clkbuf_1)
   0.2456   11.8895 v core/ll_wbarb/_010_/X (sky130_fd_sc_hd__clkbuf_1)
   0.0813   11.9708 ^ core/ll_wbarb/_099_/Y (sky130_fd_sc_hd__inv_1)
   0.1445   12.1153 ^ core/FpPipeline/_2061_/X (sky130_fd_sc_hd__lpflow_inputiso0n_1)
   0.0722   12.1876 v core/FpPipeline/_2071_/Y (sky130_fd_sc_hd__nand2_1)
   0.0986   12.2861 ^ core/FpPipeline/_2073_/Y (sky130_fd_sc_hd__a21oi_1)
   0.1152   12.4013 ^ core/ll_wbarb/_100_/X (sky130_fd_sc_hd__or2_2)
   4.8833   17.2846 ^ core/_3767_/Y (sky130_fd_sc_hd__nor3b_1)
   0.5729   17.8576 v core/rename_stage/busytable/_1525_/X (sky130_fd_sc_hd__or3b_2)
   0.1527   18.0103 v core/rename_stage/busytable/_1526_/X (sky130_fd_sc_hd__clkbuf_1)
   0.1987   18.2091 v core/rename_stage/busytable/_1527_/X (sky130_fd_sc_hd__clkbuf_1)
   0.1419   18.3510 ^ core/rename_stage/busytable/_1767_/Y (sky130_fd_sc_hd__o22ai_1)
   0.0701   18.4211 v core/rename_stage/busytable/_1773_/Y (sky130_fd_sc_hd__nor3_1)
   0.2079   18.6289 ^ core/rename_stage/busytable/_1774_/Y (sky130_fd_sc_hd__a221oi_1)
   0.0620   18.6909 v core/rename_stage/busytable/_1775_/Y (sky130_fd_sc_hd__nor2_1)
   0.0035   18.6943 v core/rename_stage/busytable/_2519_/D (sky130_fd_sc_hd__dfxtp_1)
            18.6943   data arrival time

  20.0000   20.0000   clock clock (rise edge)
   0.0000   20.0000   clock network delay (ideal)
   0.0000   20.0000   clock reconvergence pessimism
            20.0000 ^ core/rename_stage/busytable/_2519_/CLK (sky130_fd_sc_hd__dfxtp_1)
  -0.1293   19.8707   library setup time
            19.8707   data required time
-------------------------------------------------------------
            19.8707   data required time
           -18.6943   data arrival time
-------------------------------------------------------------
             1.1764   slack (MET)


Startpoint: core/_3979_ (rising edge-triggered flip-flop clocked by clock)
Endpoint: core/rename_stage/busytable/_2571_
          (rising edge-triggered flip-flop clocked by clock)
Path Group: clock
Path Type: max

    Delay      Time   Description
-------------------------------------------------------------
   0.0000    0.0000   clock clock (rise edge)
   0.0000    0.0000   clock network delay (ideal)
   0.0000    0.0000 ^ core/_3979_/CLK (sky130_fd_sc_hd__dfxtp_1)
   0.3332    0.3332 ^ core/_3979_/Q (sky130_fd_sc_hd__dfxtp_1)
   0.3006    0.6338 ^ core/_1880_/Y (sky130_fd_sc_hd__nor3b_1)
   0.1036    0.7374 v core/_1881_/Y (sky130_fd_sc_hd__nand2_1)
   5.0797    5.8171 ^ core/_1906_/Y (sky130_fd_sc_hd__o21ai_0)
   0.7998    6.6169 ^ lsu/_64414_/X (sky130_fd_sc_hd__buf_4)
   0.1206    6.7376 v dcache/_2795_/Y (sky130_fd_sc_hd__a22oi_1)
   0.2232    6.9607 v dcache/_2796_/X (sky130_fd_sc_hd__and4_1)
   0.0821    7.0429 ^ dcache/_2797_/Y (sky130_fd_sc_hd__nand2_1)
   0.0867    7.1296 v dcache/_2803_/Y (sky130_fd_sc_hd__nor4_1)
   0.0795    7.2091 ^ dcache/mshrs/_0615_/Y (sky130_fd_sc_hd__inv_1)
   0.0587    7.2678 v dcache/mshrs/_0616_/Y (sky130_fd_sc_hd__nor2_1)
   0.1498    7.4177 v dcache/mshrs/_0617_/Y (sky130_fd_sc_hd__a21boi_0)
   0.2381    7.6557 v dcache/mshrs/_0618_/X (sky130_fd_sc_hd__lpflow_inputiso0n_1)
   0.1857    7.8415 ^ dcache/mshrs/_0752_/Y (sky130_fd_sc_hd__a31oi_1)
   0.0689    7.9104 v dcache/mshrs/_0755_/Y (sky130_fd_sc_hd__nand2_1)
   0.2141    8.1244 v dcache/mshrs/_0756_/X (sky130_fd_sc_hd__a22o_1)
   0.1258    8.2503 v dcache/_2807_/X (sky130_fd_sc_hd__lpflow_isobufsrc_1)
   0.3604    8.6107 ^ dcache/_2808_/Y (sky130_fd_sc_hd__a2111oi_0)
   0.1294    8.7400 v dcache/_2809_/Y (sky130_fd_sc_hd__a311oi_1)
   0.1535    8.8935 ^ dcache/_2810_/X (sky130_fd_sc_hd__lpflow_isobufsrc_1)
   0.0805    8.9740 v dcache/_2812_/Y (sky130_fd_sc_hd__nor3_1)
   0.2226    9.1966 v dcache/_3359_/X (sky130_fd_sc_hd__lpflow_clkbufkapwr_1)
   0.3193    9.5159 v dcache/_3361_/X (sky130_fd_sc_hd__mux2_2)
   0.1608    9.6766 v lsu/_33285_/X (sky130_fd_sc_hd__clkbuf_1)
   0.8519   10.5285 ^ lsu/_33304_/Y (sky130_fd_sc_hd__nor4_1)
   0.1470   10.6755 v lsu/_33305_/Y (sky130_fd_sc_hd__a222oi_1)
   0.1060   10.7815 ^ lsu/_33311_/Y (sky130_fd_sc_hd__nand2_1)
   0.0657   10.8472 v lsu/_33321_/Y (sky130_fd_sc_hd__nor3_1)
   0.2807   11.1279 v lsu/_33539_/X (sky130_fd_sc_hd__or2_2)
   0.0670   11.1949 ^ lsu/_33540_/Y (sky130_fd_sc_hd__nand2_1)
   0.1031   11.2980 v lsu/_33545_/Y (sky130_fd_sc_hd__o21ai_0)
   0.1640   11.4620 v core/memExeUnit/_191_/X (sky130_fd_sc_hd__buf_4)
   0.1818   11.6438 v core/ll_wbarb/_009_/X (sky130_fd_sc_hd__clkbuf_1)
   0.2456   11.8895 v core/ll_wbarb/_010_/X (sky130_fd_sc_hd__clkbuf_1)
   0.0813   11.9708 ^ core/ll_wbarb/_099_/Y (sky130_fd_sc_hd__inv_1)
   0.1445   12.1153 ^ core/FpPipeline/_2061_/X (sky130_fd_sc_hd__lpflow_inputiso0n_1)
   0.0722   12.1876 v core/FpPipeline/_2071_/Y (sky130_fd_sc_hd__nand2_1)
   0.0986   12.2861 ^ core/FpPipeline/_2073_/Y (sky130_fd_sc_hd__a21oi_1)
   0.1152   12.4013 ^ core/ll_wbarb/_100_/X (sky130_fd_sc_hd__or2_2)
   4.8833   17.2846 ^ core/_3767_/Y (sky130_fd_sc_hd__nor3b_1)
   0.5905   17.8751 ^ core/rename_stage/busytable/_2152_/X (sky130_fd_sc_hd__and3b_1)
   0.2495   18.1247 ^ core/rename_stage/busytable/_2153_/X (sky130_fd_sc_hd__clkbuf_1)
   0.3054   18.4301 ^ core/rename_stage/busytable/_2215_/X (sky130_fd_sc_hd__clkbuf_1)
   0.0911   18.5212 v core/rename_stage/busytable/_2363_/Y (sky130_fd_sc_hd__nand2_1)
   0.0971   18.6183 ^ core/rename_stage/busytable/_2366_/Y (sky130_fd_sc_hd__nand4_1)
   0.0618   18.6800 v core/rename_stage/busytable/_2368_/Y (sky130_fd_sc_hd__a21oi_1)
   0.0035   18.6835 v core/rename_stage/busytable/_2571_/D (sky130_fd_sc_hd__dfxtp_1)
            18.6835   data arrival time

  20.0000   20.0000   clock clock (rise edge)
   0.0000   20.0000   clock network delay (ideal)
   0.0000   20.0000   clock reconvergence pessimism
            20.0000 ^ core/rename_stage/busytable/_2571_/CLK (sky130_fd_sc_hd__dfxtp_1)
  -0.1339   19.8661   library setup time
            19.8661   data required time
-------------------------------------------------------------
            19.8661   data required time
           -18.6835   data arrival time
-------------------------------------------------------------
             1.1826   slack (MET)


Startpoint: core/_3979_ (rising edge-triggered flip-flop clocked by clock)
Endpoint: core/rename_stage/busytable/_2555_
          (rising edge-triggered flip-flop clocked by clock)
Path Group: clock
Path Type: max

    Delay      Time   Description
-------------------------------------------------------------
   0.0000    0.0000   clock clock (rise edge)
   0.0000    0.0000   clock network delay (ideal)
   0.0000    0.0000 ^ core/_3979_/CLK (sky130_fd_sc_hd__dfxtp_1)
   0.3332    0.3332 ^ core/_3979_/Q (sky130_fd_sc_hd__dfxtp_1)
   0.3006    0.6338 ^ core/_1880_/Y (sky130_fd_sc_hd__nor3b_1)
   0.1036    0.7374 v core/_1881_/Y (sky130_fd_sc_hd__nand2_1)
   5.0797    5.8171 ^ core/_1906_/Y (sky130_fd_sc_hd__o21ai_0)
   0.7998    6.6169 ^ lsu/_64414_/X (sky130_fd_sc_hd__buf_4)
   0.1206    6.7376 v dcache/_2795_/Y (sky130_fd_sc_hd__a22oi_1)
   0.2232    6.9607 v dcache/_2796_/X (sky130_fd_sc_hd__and4_1)
   0.0821    7.0429 ^ dcache/_2797_/Y (sky130_fd_sc_hd__nand2_1)
   0.0867    7.1296 v dcache/_2803_/Y (sky130_fd_sc_hd__nor4_1)
   0.0795    7.2091 ^ dcache/mshrs/_0615_/Y (sky130_fd_sc_hd__inv_1)
   0.0587    7.2678 v dcache/mshrs/_0616_/Y (sky130_fd_sc_hd__nor2_1)
   0.1498    7.4177 v dcache/mshrs/_0617_/Y (sky130_fd_sc_hd__a21boi_0)
   0.2381    7.6557 v dcache/mshrs/_0618_/X (sky130_fd_sc_hd__lpflow_inputiso0n_1)
   0.1857    7.8415 ^ dcache/mshrs/_0752_/Y (sky130_fd_sc_hd__a31oi_1)
   0.0689    7.9104 v dcache/mshrs/_0755_/Y (sky130_fd_sc_hd__nand2_1)
   0.2141    8.1244 v dcache/mshrs/_0756_/X (sky130_fd_sc_hd__a22o_1)
   0.1258    8.2503 v dcache/_2807_/X (sky130_fd_sc_hd__lpflow_isobufsrc_1)
   0.3604    8.6107 ^ dcache/_2808_/Y (sky130_fd_sc_hd__a2111oi_0)
   0.1294    8.7400 v dcache/_2809_/Y (sky130_fd_sc_hd__a311oi_1)
   0.1535    8.8935 ^ dcache/_2810_/X (sky130_fd_sc_hd__lpflow_isobufsrc_1)
   0.0805    8.9740 v dcache/_2812_/Y (sky130_fd_sc_hd__nor3_1)
   0.2226    9.1966 v dcache/_3359_/X (sky130_fd_sc_hd__lpflow_clkbufkapwr_1)
   0.3193    9.5159 v dcache/_3361_/X (sky130_fd_sc_hd__mux2_2)
   0.1608    9.6766 v lsu/_33285_/X (sky130_fd_sc_hd__clkbuf_1)
   0.8519   10.5285 ^ lsu/_33304_/Y (sky130_fd_sc_hd__nor4_1)
   0.1470   10.6755 v lsu/_33305_/Y (sky130_fd_sc_hd__a222oi_1)
   0.1060   10.7815 ^ lsu/_33311_/Y (sky130_fd_sc_hd__nand2_1)
   0.0657   10.8472 v lsu/_33321_/Y (sky130_fd_sc_hd__nor3_1)
   0.2807   11.1279 v lsu/_33539_/X (sky130_fd_sc_hd__or2_2)
   0.0670   11.1949 ^ lsu/_33540_/Y (sky130_fd_sc_hd__nand2_1)
   0.1031   11.2980 v lsu/_33545_/Y (sky130_fd_sc_hd__o21ai_0)
   0.1640   11.4620 v core/memExeUnit/_191_/X (sky130_fd_sc_hd__buf_4)
   0.1818   11.6438 v core/ll_wbarb/_009_/X (sky130_fd_sc_hd__clkbuf_1)
   0.2456   11.8895 v core/ll_wbarb/_010_/X (sky130_fd_sc_hd__clkbuf_1)
   0.0813   11.9708 ^ core/ll_wbarb/_099_/Y (sky130_fd_sc_hd__inv_1)
   0.1445   12.1153 ^ core/FpPipeline/_2061_/X (sky130_fd_sc_hd__lpflow_inputiso0n_1)
   0.0722   12.1876 v core/FpPipeline/_2071_/Y (sky130_fd_sc_hd__nand2_1)
   0.0986   12.2861 ^ core/FpPipeline/_2073_/Y (sky130_fd_sc_hd__a21oi_1)
   0.1152   12.4013 ^ core/ll_wbarb/_100_/X (sky130_fd_sc_hd__or2_2)
   4.8833   17.2846 ^ core/_3767_/Y (sky130_fd_sc_hd__nor3b_1)
   0.5905   17.8751 ^ core/rename_stage/busytable/_2152_/X (sky130_fd_sc_hd__and3b_1)
   0.2495   18.1247 ^ core/rename_stage/busytable/_2153_/X (sky130_fd_sc_hd__clkbuf_1)
   0.3054   18.4301 ^ core/rename_stage/busytable/_2215_/X (sky130_fd_sc_hd__clkbuf_1)
   0.1145   18.5446 v core/rename_stage/busytable/_2233_/Y (sky130_fd_sc_hd__a21oi_1)
   0.0759   18.6205 ^ core/rename_stage/busytable/_2234_/Y (sky130_fd_sc_hd__nand2_1)
   0.0547   18.6752 v core/rename_stage/busytable/_2237_/Y (sky130_fd_sc_hd__a21oi_1)
   0.0035   18.6787 v core/rename_stage/busytable/_2555_/D (sky130_fd_sc_hd__dfxtp_1)
            18.6787   data arrival time

  20.0000   20.0000   clock clock (rise edge)
   0.0000   20.0000   clock network delay (ideal)
   0.0000   20.0000   clock reconvergence pessimism
            20.0000 ^ core/rename_stage/busytable/_2555_/CLK (sky130_fd_sc_hd__dfxtp_1)
  -0.1339   19.8661   library setup time
            19.8661   data required time
-------------------------------------------------------------
            19.8661   data required time
           -18.6787   data arrival time
-------------------------------------------------------------
             1.1874   slack (MET)


Startpoint: core/_3979_ (rising edge-triggered flip-flop clocked by clock)
Endpoint: core/rename_stage/busytable/_2558_
          (rising edge-triggered flip-flop clocked by clock)
Path Group: clock
Path Type: max

    Delay      Time   Description
-------------------------------------------------------------
   0.0000    0.0000   clock clock (rise edge)
   0.0000    0.0000   clock network delay (ideal)
   0.0000    0.0000 ^ core/_3979_/CLK (sky130_fd_sc_hd__dfxtp_1)
   0.3332    0.3332 ^ core/_3979_/Q (sky130_fd_sc_hd__dfxtp_1)
   0.3006    0.6338 ^ core/_1880_/Y (sky130_fd_sc_hd__nor3b_1)
   0.1036    0.7374 v core/_1881_/Y (sky130_fd_sc_hd__nand2_1)
   5.0797    5.8171 ^ core/_1906_/Y (sky130_fd_sc_hd__o21ai_0)
   0.7998    6.6169 ^ lsu/_64414_/X (sky130_fd_sc_hd__buf_4)
   0.1206    6.7376 v dcache/_2795_/Y (sky130_fd_sc_hd__a22oi_1)
   0.2232    6.9607 v dcache/_2796_/X (sky130_fd_sc_hd__and4_1)
   0.0821    7.0429 ^ dcache/_2797_/Y (sky130_fd_sc_hd__nand2_1)
   0.0867    7.1296 v dcache/_2803_/Y (sky130_fd_sc_hd__nor4_1)
   0.0795    7.2091 ^ dcache/mshrs/_0615_/Y (sky130_fd_sc_hd__inv_1)
   0.0587    7.2678 v dcache/mshrs/_0616_/Y (sky130_fd_sc_hd__nor2_1)
   0.1498    7.4177 v dcache/mshrs/_0617_/Y (sky130_fd_sc_hd__a21boi_0)
   0.2381    7.6557 v dcache/mshrs/_0618_/X (sky130_fd_sc_hd__lpflow_inputiso0n_1)
   0.1857    7.8415 ^ dcache/mshrs/_0752_/Y (sky130_fd_sc_hd__a31oi_1)
   0.0689    7.9104 v dcache/mshrs/_0755_/Y (sky130_fd_sc_hd__nand2_1)
   0.2141    8.1244 v dcache/mshrs/_0756_/X (sky130_fd_sc_hd__a22o_1)
   0.1258    8.2503 v dcache/_2807_/X (sky130_fd_sc_hd__lpflow_isobufsrc_1)
   0.3604    8.6107 ^ dcache/_2808_/Y (sky130_fd_sc_hd__a2111oi_0)
   0.1294    8.7400 v dcache/_2809_/Y (sky130_fd_sc_hd__a311oi_1)
   0.1535    8.8935 ^ dcache/_2810_/X (sky130_fd_sc_hd__lpflow_isobufsrc_1)
   0.0805    8.9740 v dcache/_2812_/Y (sky130_fd_sc_hd__nor3_1)
   0.2226    9.1966 v dcache/_3359_/X (sky130_fd_sc_hd__lpflow_clkbufkapwr_1)
   0.3193    9.5159 v dcache/_3361_/X (sky130_fd_sc_hd__mux2_2)
   0.1608    9.6766 v lsu/_33285_/X (sky130_fd_sc_hd__clkbuf_1)
   0.8519   10.5285 ^ lsu/_33304_/Y (sky130_fd_sc_hd__nor4_1)
   0.1470   10.6755 v lsu/_33305_/Y (sky130_fd_sc_hd__a222oi_1)
   0.1060   10.7815 ^ lsu/_33311_/Y (sky130_fd_sc_hd__nand2_1)
   0.0657   10.8472 v lsu/_33321_/Y (sky130_fd_sc_hd__nor3_1)
   0.2807   11.1279 v lsu/_33539_/X (sky130_fd_sc_hd__or2_2)
   0.0670   11.1949 ^ lsu/_33540_/Y (sky130_fd_sc_hd__nand2_1)
   0.1031   11.2980 v lsu/_33545_/Y (sky130_fd_sc_hd__o21ai_0)
   0.1640   11.4620 v core/memExeUnit/_191_/X (sky130_fd_sc_hd__buf_4)
   0.1818   11.6438 v core/ll_wbarb/_009_/X (sky130_fd_sc_hd__clkbuf_1)
   0.2456   11.8895 v core/ll_wbarb/_010_/X (sky130_fd_sc_hd__clkbuf_1)
   0.0813   11.9708 ^ core/ll_wbarb/_099_/Y (sky130_fd_sc_hd__inv_1)
   0.1445   12.1153 ^ core/FpPipeline/_2061_/X (sky130_fd_sc_hd__lpflow_inputiso0n_1)
   0.0722   12.1876 v core/FpPipeline/_2071_/Y (sky130_fd_sc_hd__nand2_1)
   0.0986   12.2861 ^ core/FpPipeline/_2073_/Y (sky130_fd_sc_hd__a21oi_1)
   0.1152   12.4013 ^ core/ll_wbarb/_100_/X (sky130_fd_sc_hd__or2_2)
   4.8833   17.2846 ^ core/_3767_/Y (sky130_fd_sc_hd__nor3b_1)
   0.5905   17.8751 ^ core/rename_stage/busytable/_2152_/X (sky130_fd_sc_hd__and3b_1)
   0.2495   18.1247 ^ core/rename_stage/busytable/_2153_/X (sky130_fd_sc_hd__clkbuf_1)
   0.1024   18.2270 v core/rename_stage/busytable/_2253_/Y (sky130_fd_sc_hd__nand3_1)
   0.0906   18.3176 ^ core/rename_stage/busytable/_2254_/Y (sky130_fd_sc_hd__o21ai_0)
   0.0823   18.3999 v core/rename_stage/busytable/_2257_/Y (sky130_fd_sc_hd__a311oi_1)
   0.1905   18.5904 ^ core/rename_stage/busytable/_2258_/Y (sky130_fd_sc_hd__a32oi_1)
   0.0837   18.6741 v core/rename_stage/busytable/_2259_/Y (sky130_fd_sc_hd__a21oi_1)
   0.0035   18.6776 v core/rename_stage/busytable/_2558_/D (sky130_fd_sc_hd__dfxtp_1)
            18.6776   data arrival time

  20.0000   20.0000   clock clock (rise edge)
   0.0000   20.0000   clock network delay (ideal)
   0.0000   20.0000   clock reconvergence pessimism
            20.0000 ^ core/rename_stage/busytable/_2558_/CLK (sky130_fd_sc_hd__dfxtp_1)
  -0.1339   19.8661   library setup time
            19.8661   data required time
-------------------------------------------------------------
            19.8661   data required time
           -18.6776   data arrival time
-------------------------------------------------------------
             1.1885   slack (MET)


Startpoint: core/_3979_ (rising edge-triggered flip-flop clocked by clock)
Endpoint: core/rename_stage/busytable/_2539_
          (rising edge-triggered flip-flop clocked by clock)
Path Group: clock
Path Type: max

    Delay      Time   Description
-------------------------------------------------------------
   0.0000    0.0000   clock clock (rise edge)
   0.0000    0.0000   clock network delay (ideal)
   0.0000    0.0000 ^ core/_3979_/CLK (sky130_fd_sc_hd__dfxtp_1)
   0.3332    0.3332 ^ core/_3979_/Q (sky130_fd_sc_hd__dfxtp_1)
   0.3006    0.6338 ^ core/_1880_/Y (sky130_fd_sc_hd__nor3b_1)
   0.1036    0.7374 v core/_1881_/Y (sky130_fd_sc_hd__nand2_1)
   5.0797    5.8171 ^ core/_1906_/Y (sky130_fd_sc_hd__o21ai_0)
   0.7998    6.6169 ^ lsu/_64414_/X (sky130_fd_sc_hd__buf_4)
   0.1206    6.7376 v dcache/_2795_/Y (sky130_fd_sc_hd__a22oi_1)
   0.2232    6.9607 v dcache/_2796_/X (sky130_fd_sc_hd__and4_1)
   0.0821    7.0429 ^ dcache/_2797_/Y (sky130_fd_sc_hd__nand2_1)
   0.0867    7.1296 v dcache/_2803_/Y (sky130_fd_sc_hd__nor4_1)
   0.0795    7.2091 ^ dcache/mshrs/_0615_/Y (sky130_fd_sc_hd__inv_1)
   0.0587    7.2678 v dcache/mshrs/_0616_/Y (sky130_fd_sc_hd__nor2_1)
   0.1498    7.4177 v dcache/mshrs/_0617_/Y (sky130_fd_sc_hd__a21boi_0)
   0.2381    7.6557 v dcache/mshrs/_0618_/X (sky130_fd_sc_hd__lpflow_inputiso0n_1)
   0.1857    7.8415 ^ dcache/mshrs/_0752_/Y (sky130_fd_sc_hd__a31oi_1)
   0.0689    7.9104 v dcache/mshrs/_0755_/Y (sky130_fd_sc_hd__nand2_1)
   0.2141    8.1244 v dcache/mshrs/_0756_/X (sky130_fd_sc_hd__a22o_1)
   0.1258    8.2503 v dcache/_2807_/X (sky130_fd_sc_hd__lpflow_isobufsrc_1)
   0.3604    8.6107 ^ dcache/_2808_/Y (sky130_fd_sc_hd__a2111oi_0)
   0.1294    8.7400 v dcache/_2809_/Y (sky130_fd_sc_hd__a311oi_1)
   0.1535    8.8935 ^ dcache/_2810_/X (sky130_fd_sc_hd__lpflow_isobufsrc_1)
   0.0805    8.9740 v dcache/_2812_/Y (sky130_fd_sc_hd__nor3_1)
   0.2226    9.1966 v dcache/_3359_/X (sky130_fd_sc_hd__lpflow_clkbufkapwr_1)
   0.3193    9.5159 v dcache/_3361_/X (sky130_fd_sc_hd__mux2_2)
   0.1608    9.6766 v lsu/_33285_/X (sky130_fd_sc_hd__clkbuf_1)
   0.8519   10.5285 ^ lsu/_33304_/Y (sky130_fd_sc_hd__nor4_1)
   0.1470   10.6755 v lsu/_33305_/Y (sky130_fd_sc_hd__a222oi_1)
   0.1060   10.7815 ^ lsu/_33311_/Y (sky130_fd_sc_hd__nand2_1)
   0.0657   10.8472 v lsu/_33321_/Y (sky130_fd_sc_hd__nor3_1)
   0.2807   11.1279 v lsu/_33539_/X (sky130_fd_sc_hd__or2_2)
   0.0670   11.1949 ^ lsu/_33540_/Y (sky130_fd_sc_hd__nand2_1)
   0.1031   11.2980 v lsu/_33545_/Y (sky130_fd_sc_hd__o21ai_0)
   0.1640   11.4620 v core/memExeUnit/_191_/X (sky130_fd_sc_hd__buf_4)
   0.1818   11.6438 v core/ll_wbarb/_009_/X (sky130_fd_sc_hd__clkbuf_1)
   0.2456   11.8895 v core/ll_wbarb/_010_/X (sky130_fd_sc_hd__clkbuf_1)
   0.0813   11.9708 ^ core/ll_wbarb/_099_/Y (sky130_fd_sc_hd__inv_1)
   0.1445   12.1153 ^ core/FpPipeline/_2061_/X (sky130_fd_sc_hd__lpflow_inputiso0n_1)
   0.0722   12.1876 v core/FpPipeline/_2071_/Y (sky130_fd_sc_hd__nand2_1)
   0.0986   12.2861 ^ core/FpPipeline/_2073_/Y (sky130_fd_sc_hd__a21oi_1)
   0.1152   12.4013 ^ core/ll_wbarb/_100_/X (sky130_fd_sc_hd__or2_2)
   4.8833   17.2846 ^ core/_3767_/Y (sky130_fd_sc_hd__nor3b_1)
   0.7968   18.0814 ^ core/rename_stage/busytable/_1605_/Y (sky130_fd_sc_hd__nor3b_1)
   0.3380   18.4194 ^ core/rename_stage/busytable/_1606_/X (sky130_fd_sc_hd__clkbuf_1)
   0.0855   18.5050 v core/rename_stage/busytable/_2081_/Y (sky130_fd_sc_hd__nand2_1)
   0.1022   18.6072 ^ core/rename_stage/busytable/_2085_/Y (sky130_fd_sc_hd__nand4_1)
   0.0619   18.6691 v core/rename_stage/busytable/_2089_/Y (sky130_fd_sc_hd__a21oi_1)
   0.0035   18.6726 v core/rename_stage/busytable/_2539_/D (sky130_fd_sc_hd__dfxtp_1)
            18.6726   data arrival time

  20.0000   20.0000   clock clock (rise edge)
   0.0000   20.0000   clock network delay (ideal)
   0.0000   20.0000   clock reconvergence pessimism
            20.0000 ^ core/rename_stage/busytable/_2539_/CLK (sky130_fd_sc_hd__dfxtp_1)
  -0.1339   19.8661   library setup time
            19.8661   data required time
-------------------------------------------------------------
            19.8661   data required time
           -18.6726   data arrival time
-------------------------------------------------------------
             1.1935   slack (MET)


Startpoint: core/_3979_ (rising edge-triggered flip-flop clocked by clock)
Endpoint: core/rename_stage/busytable/_2553_
          (rising edge-triggered flip-flop clocked by clock)
Path Group: clock
Path Type: max

    Delay      Time   Description
-------------------------------------------------------------
   0.0000    0.0000   clock clock (rise edge)
   0.0000    0.0000   clock network delay (ideal)
   0.0000    0.0000 ^ core/_3979_/CLK (sky130_fd_sc_hd__dfxtp_1)
   0.3332    0.3332 ^ core/_3979_/Q (sky130_fd_sc_hd__dfxtp_1)
   0.3006    0.6338 ^ core/_1880_/Y (sky130_fd_sc_hd__nor3b_1)
   0.1036    0.7374 v core/_1881_/Y (sky130_fd_sc_hd__nand2_1)
   5.0797    5.8171 ^ core/_1906_/Y (sky130_fd_sc_hd__o21ai_0)
   0.7998    6.6169 ^ lsu/_64414_/X (sky130_fd_sc_hd__buf_4)
   0.1206    6.7376 v dcache/_2795_/Y (sky130_fd_sc_hd__a22oi_1)
   0.2232    6.9607 v dcache/_2796_/X (sky130_fd_sc_hd__and4_1)
   0.0821    7.0429 ^ dcache/_2797_/Y (sky130_fd_sc_hd__nand2_1)
   0.0867    7.1296 v dcache/_2803_/Y (sky130_fd_sc_hd__nor4_1)
   0.0795    7.2091 ^ dcache/mshrs/_0615_/Y (sky130_fd_sc_hd__inv_1)
   0.0587    7.2678 v dcache/mshrs/_0616_/Y (sky130_fd_sc_hd__nor2_1)
   0.1498    7.4177 v dcache/mshrs/_0617_/Y (sky130_fd_sc_hd__a21boi_0)
   0.2381    7.6557 v dcache/mshrs/_0618_/X (sky130_fd_sc_hd__lpflow_inputiso0n_1)
   0.1857    7.8415 ^ dcache/mshrs/_0752_/Y (sky130_fd_sc_hd__a31oi_1)
   0.0689    7.9104 v dcache/mshrs/_0755_/Y (sky130_fd_sc_hd__nand2_1)
   0.2141    8.1244 v dcache/mshrs/_0756_/X (sky130_fd_sc_hd__a22o_1)
   0.1258    8.2503 v dcache/_2807_/X (sky130_fd_sc_hd__lpflow_isobufsrc_1)
   0.3604    8.6107 ^ dcache/_2808_/Y (sky130_fd_sc_hd__a2111oi_0)
   0.1294    8.7400 v dcache/_2809_/Y (sky130_fd_sc_hd__a311oi_1)
   0.1535    8.8935 ^ dcache/_2810_/X (sky130_fd_sc_hd__lpflow_isobufsrc_1)
   0.0805    8.9740 v dcache/_2812_/Y (sky130_fd_sc_hd__nor3_1)
   0.2226    9.1966 v dcache/_3359_/X (sky130_fd_sc_hd__lpflow_clkbufkapwr_1)
   0.3193    9.5159 v dcache/_3361_/X (sky130_fd_sc_hd__mux2_2)
   0.1608    9.6766 v lsu/_33285_/X (sky130_fd_sc_hd__clkbuf_1)
   0.8519   10.5285 ^ lsu/_33304_/Y (sky130_fd_sc_hd__nor4_1)
   0.1470   10.6755 v lsu/_33305_/Y (sky130_fd_sc_hd__a222oi_1)
   0.1060   10.7815 ^ lsu/_33311_/Y (sky130_fd_sc_hd__nand2_1)
   0.0657   10.8472 v lsu/_33321_/Y (sky130_fd_sc_hd__nor3_1)
   0.2807   11.1279 v lsu/_33539_/X (sky130_fd_sc_hd__or2_2)
   0.0670   11.1949 ^ lsu/_33540_/Y (sky130_fd_sc_hd__nand2_1)
   0.1031   11.2980 v lsu/_33545_/Y (sky130_fd_sc_hd__o21ai_0)
   0.1640   11.4620 v core/memExeUnit/_191_/X (sky130_fd_sc_hd__buf_4)
   0.1818   11.6438 v core/ll_wbarb/_009_/X (sky130_fd_sc_hd__clkbuf_1)
   0.2456   11.8895 v core/ll_wbarb/_010_/X (sky130_fd_sc_hd__clkbuf_1)
   0.0813   11.9708 ^ core/ll_wbarb/_099_/Y (sky130_fd_sc_hd__inv_1)
   0.1445   12.1153 ^ core/FpPipeline/_2061_/X (sky130_fd_sc_hd__lpflow_inputiso0n_1)
   0.0722   12.1876 v core/FpPipeline/_2071_/Y (sky130_fd_sc_hd__nand2_1)
   0.0986   12.2861 ^ core/FpPipeline/_2073_/Y (sky130_fd_sc_hd__a21oi_1)
   0.1152   12.4013 ^ core/ll_wbarb/_100_/X (sky130_fd_sc_hd__or2_2)
   4.8833   17.2846 ^ core/_3767_/Y (sky130_fd_sc_hd__nor3b_1)
   0.5905   17.8751 ^ core/rename_stage/busytable/_2152_/X (sky130_fd_sc_hd__and3b_1)
   0.2495   18.1247 ^ core/rename_stage/busytable/_2153_/X (sky130_fd_sc_hd__clkbuf_1)
   0.3054   18.4301 ^ core/rename_stage/busytable/_2215_/X (sky130_fd_sc_hd__clkbuf_1)
   0.0916   18.5217 v core/rename_stage/busytable/_2216_/Y (sky130_fd_sc_hd__nand2_1)
   0.0874   18.6091 ^ core/rename_stage/busytable/_2219_/Y (sky130_fd_sc_hd__nand3_1)
   0.0599   18.6690 v core/rename_stage/busytable/_2221_/Y (sky130_fd_sc_hd__a21oi_1)
   0.0035   18.6724 v core/rename_stage/busytable/_2553_/D (sky130_fd_sc_hd__dfxtp_1)
            18.6724   data arrival time

  20.0000   20.0000   clock clock (rise edge)
   0.0000   20.0000   clock network delay (ideal)
   0.0000   20.0000   clock reconvergence pessimism
            20.0000 ^ core/rename_stage/busytable/_2553_/CLK (sky130_fd_sc_hd__dfxtp_1)
  -0.1339   19.8661   library setup time
            19.8661   data required time
-------------------------------------------------------------
            19.8661   data required time
           -18.6724   data arrival time
-------------------------------------------------------------
             1.1937   slack (MET)


Startpoint: core/_3979_ (rising edge-triggered flip-flop clocked by clock)
Endpoint: core/rename_stage/busytable/_2574_
          (rising edge-triggered flip-flop clocked by clock)
Path Group: clock
Path Type: max

    Delay      Time   Description
-------------------------------------------------------------
   0.0000    0.0000   clock clock (rise edge)
   0.0000    0.0000   clock network delay (ideal)
   0.0000    0.0000 ^ core/_3979_/CLK (sky130_fd_sc_hd__dfxtp_1)
   0.3332    0.3332 ^ core/_3979_/Q (sky130_fd_sc_hd__dfxtp_1)
   0.3006    0.6338 ^ core/_1880_/Y (sky130_fd_sc_hd__nor3b_1)
   0.1036    0.7374 v core/_1881_/Y (sky130_fd_sc_hd__nand2_1)
   5.0797    5.8171 ^ core/_1906_/Y (sky130_fd_sc_hd__o21ai_0)
   0.7998    6.6169 ^ lsu/_64414_/X (sky130_fd_sc_hd__buf_4)
   0.1206    6.7376 v dcache/_2795_/Y (sky130_fd_sc_hd__a22oi_1)
   0.2232    6.9607 v dcache/_2796_/X (sky130_fd_sc_hd__and4_1)
   0.0821    7.0429 ^ dcache/_2797_/Y (sky130_fd_sc_hd__nand2_1)
   0.0867    7.1296 v dcache/_2803_/Y (sky130_fd_sc_hd__nor4_1)
   0.0795    7.2091 ^ dcache/mshrs/_0615_/Y (sky130_fd_sc_hd__inv_1)
   0.0587    7.2678 v dcache/mshrs/_0616_/Y (sky130_fd_sc_hd__nor2_1)
   0.1498    7.4177 v dcache/mshrs/_0617_/Y (sky130_fd_sc_hd__a21boi_0)
   0.2381    7.6557 v dcache/mshrs/_0618_/X (sky130_fd_sc_hd__lpflow_inputiso0n_1)
   0.1857    7.8415 ^ dcache/mshrs/_0752_/Y (sky130_fd_sc_hd__a31oi_1)
   0.0689    7.9104 v dcache/mshrs/_0755_/Y (sky130_fd_sc_hd__nand2_1)
   0.2141    8.1244 v dcache/mshrs/_0756_/X (sky130_fd_sc_hd__a22o_1)
   0.1258    8.2503 v dcache/_2807_/X (sky130_fd_sc_hd__lpflow_isobufsrc_1)
   0.3604    8.6107 ^ dcache/_2808_/Y (sky130_fd_sc_hd__a2111oi_0)
   0.1294    8.7400 v dcache/_2809_/Y (sky130_fd_sc_hd__a311oi_1)
   0.1535    8.8935 ^ dcache/_2810_/X (sky130_fd_sc_hd__lpflow_isobufsrc_1)
   0.0805    8.9740 v dcache/_2812_/Y (sky130_fd_sc_hd__nor3_1)
   0.2226    9.1966 v dcache/_3359_/X (sky130_fd_sc_hd__lpflow_clkbufkapwr_1)
   0.3193    9.5159 v dcache/_3361_/X (sky130_fd_sc_hd__mux2_2)
   0.1608    9.6766 v lsu/_33285_/X (sky130_fd_sc_hd__clkbuf_1)
   0.8519   10.5285 ^ lsu/_33304_/Y (sky130_fd_sc_hd__nor4_1)
   0.1470   10.6755 v lsu/_33305_/Y (sky130_fd_sc_hd__a222oi_1)
   0.1060   10.7815 ^ lsu/_33311_/Y (sky130_fd_sc_hd__nand2_1)
   0.0657   10.8472 v lsu/_33321_/Y (sky130_fd_sc_hd__nor3_1)
   0.2807   11.1279 v lsu/_33539_/X (sky130_fd_sc_hd__or2_2)
   0.0670   11.1949 ^ lsu/_33540_/Y (sky130_fd_sc_hd__nand2_1)
   0.1031   11.2980 v lsu/_33545_/Y (sky130_fd_sc_hd__o21ai_0)
   0.1640   11.4620 v core/memExeUnit/_191_/X (sky130_fd_sc_hd__buf_4)
   0.1818   11.6438 v core/ll_wbarb/_009_/X (sky130_fd_sc_hd__clkbuf_1)
   0.2456   11.8895 v core/ll_wbarb/_010_/X (sky130_fd_sc_hd__clkbuf_1)
   0.0813   11.9708 ^ core/ll_wbarb/_099_/Y (sky130_fd_sc_hd__inv_1)
   0.1445   12.1153 ^ core/FpPipeline/_2061_/X (sky130_fd_sc_hd__lpflow_inputiso0n_1)
   0.0722   12.1876 v core/FpPipeline/_2071_/Y (sky130_fd_sc_hd__nand2_1)
   0.0986   12.2861 ^ core/FpPipeline/_2073_/Y (sky130_fd_sc_hd__a21oi_1)
   0.1152   12.4013 ^ core/ll_wbarb/_100_/X (sky130_fd_sc_hd__or2_2)
   4.8833   17.2846 ^ core/_3767_/Y (sky130_fd_sc_hd__nor3b_1)
   0.2605   17.5452 v core/rename_stage/busytable/_2390_/Y (sky130_fd_sc_hd__nand2_1)
   0.5188   18.0640 v core/rename_stage/busytable/_2391_/X (sky130_fd_sc_hd__or2_2)
   0.1858   18.2498 v core/rename_stage/busytable/_2392_/X (sky130_fd_sc_hd__lpflow_clkbufkapwr_1)
   0.1535   18.4033 ^ core/rename_stage/busytable/_2393_/Y (sky130_fd_sc_hd__o22ai_1)
   0.0704   18.4736 v core/rename_stage/busytable/_2397_/Y (sky130_fd_sc_hd__a211oi_1)
   0.1099   18.5836 ^ core/rename_stage/busytable/_2398_/Y (sky130_fd_sc_hd__o211ai_1)
   0.0810   18.6646 v core/rename_stage/busytable/_2406_/Y (sky130_fd_sc_hd__a21oi_1)
   0.0035   18.6681 v core/rename_stage/busytable/_2574_/D (sky130_fd_sc_hd__dfxtp_1)
            18.6681   data arrival time

  20.0000   20.0000   clock clock (rise edge)
   0.0000   20.0000   clock network delay (ideal)
   0.0000   20.0000   clock reconvergence pessimism
            20.0000 ^ core/rename_stage/busytable/_2574_/CLK (sky130_fd_sc_hd__dfxtp_1)
  -0.1339   19.8661   library setup time
            19.8661   data required time
-------------------------------------------------------------
            19.8661   data required time
           -18.6681   data arrival time
-------------------------------------------------------------
             1.1980   slack (MET)


Startpoint: core/_3979_ (rising edge-triggered flip-flop clocked by clock)
Endpoint: core/rename_stage/busytable/_2521_
          (rising edge-triggered flip-flop clocked by clock)
Path Group: clock
Path Type: max

    Delay      Time   Description
-------------------------------------------------------------
   0.0000    0.0000   clock clock (rise edge)
   0.0000    0.0000   clock network delay (ideal)
   0.0000    0.0000 ^ core/_3979_/CLK (sky130_fd_sc_hd__dfxtp_1)
   0.3332    0.3332 ^ core/_3979_/Q (sky130_fd_sc_hd__dfxtp_1)
   0.3006    0.6338 ^ core/_1880_/Y (sky130_fd_sc_hd__nor3b_1)
   0.1036    0.7374 v core/_1881_/Y (sky130_fd_sc_hd__nand2_1)
   5.0797    5.8171 ^ core/_1906_/Y (sky130_fd_sc_hd__o21ai_0)
   0.7998    6.6169 ^ lsu/_64414_/X (sky130_fd_sc_hd__buf_4)
   0.1206    6.7376 v dcache/_2795_/Y (sky130_fd_sc_hd__a22oi_1)
   0.2232    6.9607 v dcache/_2796_/X (sky130_fd_sc_hd__and4_1)
   0.0821    7.0429 ^ dcache/_2797_/Y (sky130_fd_sc_hd__nand2_1)
   0.0867    7.1296 v dcache/_2803_/Y (sky130_fd_sc_hd__nor4_1)
   0.0795    7.2091 ^ dcache/mshrs/_0615_/Y (sky130_fd_sc_hd__inv_1)
   0.0587    7.2678 v dcache/mshrs/_0616_/Y (sky130_fd_sc_hd__nor2_1)
   0.1498    7.4177 v dcache/mshrs/_0617_/Y (sky130_fd_sc_hd__a21boi_0)
   0.2381    7.6557 v dcache/mshrs/_0618_/X (sky130_fd_sc_hd__lpflow_inputiso0n_1)
   0.1857    7.8415 ^ dcache/mshrs/_0752_/Y (sky130_fd_sc_hd__a31oi_1)
   0.0689    7.9104 v dcache/mshrs/_0755_/Y (sky130_fd_sc_hd__nand2_1)
   0.2141    8.1244 v dcache/mshrs/_0756_/X (sky130_fd_sc_hd__a22o_1)
   0.1258    8.2503 v dcache/_2807_/X (sky130_fd_sc_hd__lpflow_isobufsrc_1)
   0.3604    8.6107 ^ dcache/_2808_/Y (sky130_fd_sc_hd__a2111oi_0)
   0.1294    8.7400 v dcache/_2809_/Y (sky130_fd_sc_hd__a311oi_1)
   0.1535    8.8935 ^ dcache/_2810_/X (sky130_fd_sc_hd__lpflow_isobufsrc_1)
   0.0805    8.9740 v dcache/_2812_/Y (sky130_fd_sc_hd__nor3_1)
   0.2226    9.1966 v dcache/_3359_/X (sky130_fd_sc_hd__lpflow_clkbufkapwr_1)
   0.3193    9.5159 v dcache/_3361_/X (sky130_fd_sc_hd__mux2_2)
   0.1608    9.6766 v lsu/_33285_/X (sky130_fd_sc_hd__clkbuf_1)
   0.8519   10.5285 ^ lsu/_33304_/Y (sky130_fd_sc_hd__nor4_1)
   0.1470   10.6755 v lsu/_33305_/Y (sky130_fd_sc_hd__a222oi_1)
   0.1060   10.7815 ^ lsu/_33311_/Y (sky130_fd_sc_hd__nand2_1)
   0.0657   10.8472 v lsu/_33321_/Y (sky130_fd_sc_hd__nor3_1)
   0.2807   11.1279 v lsu/_33539_/X (sky130_fd_sc_hd__or2_2)
   0.0670   11.1949 ^ lsu/_33540_/Y (sky130_fd_sc_hd__nand2_1)
   0.1031   11.2980 v lsu/_33545_/Y (sky130_fd_sc_hd__o21ai_0)
   0.1640   11.4620 v core/memExeUnit/_191_/X (sky130_fd_sc_hd__buf_4)
   0.1818   11.6438 v core/ll_wbarb/_009_/X (sky130_fd_sc_hd__clkbuf_1)
   0.2456   11.8895 v core/ll_wbarb/_010_/X (sky130_fd_sc_hd__clkbuf_1)
   0.0813   11.9708 ^ core/ll_wbarb/_099_/Y (sky130_fd_sc_hd__inv_1)
   0.1445   12.1153 ^ core/FpPipeline/_2061_/X (sky130_fd_sc_hd__lpflow_inputiso0n_1)
   0.0722   12.1876 v core/FpPipeline/_2071_/Y (sky130_fd_sc_hd__nand2_1)
   0.0986   12.2861 ^ core/FpPipeline/_2073_/Y (sky130_fd_sc_hd__a21oi_1)
   0.1152   12.4013 ^ core/ll_wbarb/_100_/X (sky130_fd_sc_hd__or2_2)
   4.8833   17.2846 ^ core/_3767_/Y (sky130_fd_sc_hd__nor3b_1)
   0.7968   18.0814 ^ core/rename_stage/busytable/_1605_/Y (sky130_fd_sc_hd__nor3b_1)
   0.3380   18.4194 ^ core/rename_stage/busytable/_1606_/X (sky130_fd_sc_hd__clkbuf_1)
   0.0863   18.5057 v core/rename_stage/busytable/_1797_/Y (sky130_fd_sc_hd__nand2_1)
   0.0957   18.6014 ^ core/rename_stage/busytable/_1809_/Y (sky130_fd_sc_hd__nand4_1)
   0.0620   18.6634 v core/rename_stage/busytable/_1817_/Y (sky130_fd_sc_hd__a21oi_1)
   0.0035   18.6669 v core/rename_stage/busytable/_2521_/D (sky130_fd_sc_hd__dfxtp_1)
            18.6669   data arrival time

  20.0000   20.0000   clock clock (rise edge)
   0.0000   20.0000   clock network delay (ideal)
   0.0000   20.0000   clock reconvergence pessimism
            20.0000 ^ core/rename_stage/busytable/_2521_/CLK (sky130_fd_sc_hd__dfxtp_1)
  -0.1339   19.8661   library setup time
            19.8661   data required time
-------------------------------------------------------------
            19.8661   data required time
           -18.6669   data arrival time
-------------------------------------------------------------
             1.1992   slack (MET)


Startpoint: core/_3979_ (rising edge-triggered flip-flop clocked by clock)
Endpoint: core/rename_stage/busytable/_2523_
          (rising edge-triggered flip-flop clocked by clock)
Path Group: clock
Path Type: max

    Delay      Time   Description
-------------------------------------------------------------
   0.0000    0.0000   clock clock (rise edge)
   0.0000    0.0000   clock network delay (ideal)
   0.0000    0.0000 ^ core/_3979_/CLK (sky130_fd_sc_hd__dfxtp_1)
   0.3332    0.3332 ^ core/_3979_/Q (sky130_fd_sc_hd__dfxtp_1)
   0.3006    0.6338 ^ core/_1880_/Y (sky130_fd_sc_hd__nor3b_1)
   0.1036    0.7374 v core/_1881_/Y (sky130_fd_sc_hd__nand2_1)
   5.0797    5.8171 ^ core/_1906_/Y (sky130_fd_sc_hd__o21ai_0)
   0.7998    6.6169 ^ lsu/_64414_/X (sky130_fd_sc_hd__buf_4)
   0.1206    6.7376 v dcache/_2795_/Y (sky130_fd_sc_hd__a22oi_1)
   0.2232    6.9607 v dcache/_2796_/X (sky130_fd_sc_hd__and4_1)
   0.0821    7.0429 ^ dcache/_2797_/Y (sky130_fd_sc_hd__nand2_1)
   0.0867    7.1296 v dcache/_2803_/Y (sky130_fd_sc_hd__nor4_1)
   0.0795    7.2091 ^ dcache/mshrs/_0615_/Y (sky130_fd_sc_hd__inv_1)
   0.0587    7.2678 v dcache/mshrs/_0616_/Y (sky130_fd_sc_hd__nor2_1)
   0.1498    7.4177 v dcache/mshrs/_0617_/Y (sky130_fd_sc_hd__a21boi_0)
   0.2381    7.6557 v dcache/mshrs/_0618_/X (sky130_fd_sc_hd__lpflow_inputiso0n_1)
   0.1857    7.8415 ^ dcache/mshrs/_0752_/Y (sky130_fd_sc_hd__a31oi_1)
   0.0689    7.9104 v dcache/mshrs/_0755_/Y (sky130_fd_sc_hd__nand2_1)
   0.2141    8.1244 v dcache/mshrs/_0756_/X (sky130_fd_sc_hd__a22o_1)
   0.1258    8.2503 v dcache/_2807_/X (sky130_fd_sc_hd__lpflow_isobufsrc_1)
   0.3604    8.6107 ^ dcache/_2808_/Y (sky130_fd_sc_hd__a2111oi_0)
   0.1294    8.7400 v dcache/_2809_/Y (sky130_fd_sc_hd__a311oi_1)
   0.1535    8.8935 ^ dcache/_2810_/X (sky130_fd_sc_hd__lpflow_isobufsrc_1)
   0.0805    8.9740 v dcache/_2812_/Y (sky130_fd_sc_hd__nor3_1)
   0.2226    9.1966 v dcache/_3359_/X (sky130_fd_sc_hd__lpflow_clkbufkapwr_1)
   0.3193    9.5159 v dcache/_3361_/X (sky130_fd_sc_hd__mux2_2)
   0.1608    9.6766 v lsu/_33285_/X (sky130_fd_sc_hd__clkbuf_1)
   0.8519   10.5285 ^ lsu/_33304_/Y (sky130_fd_sc_hd__nor4_1)
   0.1470   10.6755 v lsu/_33305_/Y (sky130_fd_sc_hd__a222oi_1)
   0.1060   10.7815 ^ lsu/_33311_/Y (sky130_fd_sc_hd__nand2_1)
   0.0657   10.8472 v lsu/_33321_/Y (sky130_fd_sc_hd__nor3_1)
   0.2807   11.1279 v lsu/_33539_/X (sky130_fd_sc_hd__or2_2)
   0.0670   11.1949 ^ lsu/_33540_/Y (sky130_fd_sc_hd__nand2_1)
   0.1031   11.2980 v lsu/_33545_/Y (sky130_fd_sc_hd__o21ai_0)
   0.1640   11.4620 v core/memExeUnit/_191_/X (sky130_fd_sc_hd__buf_4)
   0.1818   11.6438 v core/ll_wbarb/_009_/X (sky130_fd_sc_hd__clkbuf_1)
   0.2456   11.8895 v core/ll_wbarb/_010_/X (sky130_fd_sc_hd__clkbuf_1)
   0.0813   11.9708 ^ core/ll_wbarb/_099_/Y (sky130_fd_sc_hd__inv_1)
   0.1445   12.1153 ^ core/FpPipeline/_2061_/X (sky130_fd_sc_hd__lpflow_inputiso0n_1)
   0.0722   12.1876 v core/FpPipeline/_2071_/Y (sky130_fd_sc_hd__nand2_1)
   0.0986   12.2861 ^ core/FpPipeline/_2073_/Y (sky130_fd_sc_hd__a21oi_1)
   0.1152   12.4013 ^ core/ll_wbarb/_100_/X (sky130_fd_sc_hd__or2_2)
   4.8833   17.2846 ^ core/_3767_/Y (sky130_fd_sc_hd__nor3b_1)
   0.7968   18.0814 ^ core/rename_stage/busytable/_1605_/Y (sky130_fd_sc_hd__nor3b_1)
   0.3380   18.4194 ^ core/rename_stage/busytable/_1606_/X (sky130_fd_sc_hd__clkbuf_1)
   0.0861   18.5056 v core/rename_stage/busytable/_1842_/Y (sky130_fd_sc_hd__nand2_1)
   0.0924   18.5980 ^ core/rename_stage/busytable/_1856_/Y (sky130_fd_sc_hd__nand3_1)
   0.0627   18.6608 v core/rename_stage/busytable/_1862_/Y (sky130_fd_sc_hd__a21oi_1)
   0.0035   18.6642 v core/rename_stage/busytable/_2523_/D (sky130_fd_sc_hd__dfxtp_1)
            18.6642   data arrival time

  20.0000   20.0000   clock clock (rise edge)
   0.0000   20.0000   clock network delay (ideal)
   0.0000   20.0000   clock reconvergence pessimism
            20.0000 ^ core/rename_stage/busytable/_2523_/CLK (sky130_fd_sc_hd__dfxtp_1)
  -0.1339   19.8661   library setup time
            19.8661   data required time
-------------------------------------------------------------
            19.8661   data required time
           -18.6642   data arrival time
-------------------------------------------------------------
             1.2019   slack (MET)


Startpoint: core/_3979_ (rising edge-triggered flip-flop clocked by clock)
Endpoint: core/rename_stage/busytable/_2531_
          (rising edge-triggered flip-flop clocked by clock)
Path Group: clock
Path Type: max

    Delay      Time   Description
-------------------------------------------------------------
   0.0000    0.0000   clock clock (rise edge)
   0.0000    0.0000   clock network delay (ideal)
   0.0000    0.0000 ^ core/_3979_/CLK (sky130_fd_sc_hd__dfxtp_1)
   0.3332    0.3332 ^ core/_3979_/Q (sky130_fd_sc_hd__dfxtp_1)
   0.3006    0.6338 ^ core/_1880_/Y (sky130_fd_sc_hd__nor3b_1)
   0.1036    0.7374 v core/_1881_/Y (sky130_fd_sc_hd__nand2_1)
   5.0797    5.8171 ^ core/_1906_/Y (sky130_fd_sc_hd__o21ai_0)
   0.7998    6.6169 ^ lsu/_64414_/X (sky130_fd_sc_hd__buf_4)
   0.1206    6.7376 v dcache/_2795_/Y (sky130_fd_sc_hd__a22oi_1)
   0.2232    6.9607 v dcache/_2796_/X (sky130_fd_sc_hd__and4_1)
   0.0821    7.0429 ^ dcache/_2797_/Y (sky130_fd_sc_hd__nand2_1)
   0.0867    7.1296 v dcache/_2803_/Y (sky130_fd_sc_hd__nor4_1)
   0.0795    7.2091 ^ dcache/mshrs/_0615_/Y (sky130_fd_sc_hd__inv_1)
   0.0587    7.2678 v dcache/mshrs/_0616_/Y (sky130_fd_sc_hd__nor2_1)
   0.1498    7.4177 v dcache/mshrs/_0617_/Y (sky130_fd_sc_hd__a21boi_0)
   0.2381    7.6557 v dcache/mshrs/_0618_/X (sky130_fd_sc_hd__lpflow_inputiso0n_1)
   0.1857    7.8415 ^ dcache/mshrs/_0752_/Y (sky130_fd_sc_hd__a31oi_1)
   0.0689    7.9104 v dcache/mshrs/_0755_/Y (sky130_fd_sc_hd__nand2_1)
   0.2141    8.1244 v dcache/mshrs/_0756_/X (sky130_fd_sc_hd__a22o_1)
   0.1258    8.2503 v dcache/_2807_/X (sky130_fd_sc_hd__lpflow_isobufsrc_1)
   0.3604    8.6107 ^ dcache/_2808_/Y (sky130_fd_sc_hd__a2111oi_0)
   0.1294    8.7400 v dcache/_2809_/Y (sky130_fd_sc_hd__a311oi_1)
   0.1535    8.8935 ^ dcache/_2810_/X (sky130_fd_sc_hd__lpflow_isobufsrc_1)
   0.0805    8.9740 v dcache/_2812_/Y (sky130_fd_sc_hd__nor3_1)
   0.2226    9.1966 v dcache/_3359_/X (sky130_fd_sc_hd__lpflow_clkbufkapwr_1)
   0.3193    9.5159 v dcache/_3361_/X (sky130_fd_sc_hd__mux2_2)
   0.1608    9.6766 v lsu/_33285_/X (sky130_fd_sc_hd__clkbuf_1)
   0.8519   10.5285 ^ lsu/_33304_/Y (sky130_fd_sc_hd__nor4_1)
   0.1470   10.6755 v lsu/_33305_/Y (sky130_fd_sc_hd__a222oi_1)
   0.1060   10.7815 ^ lsu/_33311_/Y (sky130_fd_sc_hd__nand2_1)
   0.0657   10.8472 v lsu/_33321_/Y (sky130_fd_sc_hd__nor3_1)
   0.2807   11.1279 v lsu/_33539_/X (sky130_fd_sc_hd__or2_2)
   0.0670   11.1949 ^ lsu/_33540_/Y (sky130_fd_sc_hd__nand2_1)
   0.1031   11.2980 v lsu/_33545_/Y (sky130_fd_sc_hd__o21ai_0)
   0.1640   11.4620 v core/memExeUnit/_191_/X (sky130_fd_sc_hd__buf_4)
   0.1818   11.6438 v core/ll_wbarb/_009_/X (sky130_fd_sc_hd__clkbuf_1)
   0.2456   11.8895 v core/ll_wbarb/_010_/X (sky130_fd_sc_hd__clkbuf_1)
   0.0813   11.9708 ^ core/ll_wbarb/_099_/Y (sky130_fd_sc_hd__inv_1)
   0.1445   12.1153 ^ core/FpPipeline/_2061_/X (sky130_fd_sc_hd__lpflow_inputiso0n_1)
   0.0722   12.1876 v core/FpPipeline/_2071_/Y (sky130_fd_sc_hd__nand2_1)
   0.0986   12.2861 ^ core/FpPipeline/_2073_/Y (sky130_fd_sc_hd__a21oi_1)
   0.1152   12.4013 ^ core/ll_wbarb/_100_/X (sky130_fd_sc_hd__or2_2)
   4.8833   17.2846 ^ core/_3767_/Y (sky130_fd_sc_hd__nor3b_1)
   0.5729   17.8576 v core/rename_stage/busytable/_1525_/X (sky130_fd_sc_hd__or3b_2)
   0.1527   18.0103 v core/rename_stage/busytable/_1526_/X (sky130_fd_sc_hd__clkbuf_1)
   0.4709   18.4813 v core/rename_stage/busytable/_1978_/X (sky130_fd_sc_hd__or4_1)
   0.0985   18.5798 ^ core/rename_stage/busytable/_1985_/Y (sky130_fd_sc_hd__nand4_1)
   0.0716   18.6514 v core/rename_stage/busytable/_1990_/Y (sky130_fd_sc_hd__a31oi_1)
   0.0035   18.6549 v core/rename_stage/busytable/_2531_/D (sky130_fd_sc_hd__dfxtp_1)
            18.6549   data arrival time

  20.0000   20.0000   clock clock (rise edge)
   0.0000   20.0000   clock network delay (ideal)
   0.0000   20.0000   clock reconvergence pessimism
            20.0000 ^ core/rename_stage/busytable/_2531_/CLK (sky130_fd_sc_hd__dfxtp_1)
  -0.1341   19.8659   library setup time
            19.8659   data required time
-------------------------------------------------------------
            19.8659   data required time
           -18.6549   data arrival time
-------------------------------------------------------------
             1.2111   slack (MET)


Startpoint: core/_3979_ (rising edge-triggered flip-flop clocked by clock)
Endpoint: core/rename_stage/busytable/_2524_
          (rising edge-triggered flip-flop clocked by clock)
Path Group: clock
Path Type: max

    Delay      Time   Description
-------------------------------------------------------------
   0.0000    0.0000   clock clock (rise edge)
   0.0000    0.0000   clock network delay (ideal)
   0.0000    0.0000 ^ core/_3979_/CLK (sky130_fd_sc_hd__dfxtp_1)
   0.3332    0.3332 ^ core/_3979_/Q (sky130_fd_sc_hd__dfxtp_1)
   0.3006    0.6338 ^ core/_1880_/Y (sky130_fd_sc_hd__nor3b_1)
   0.1036    0.7374 v core/_1881_/Y (sky130_fd_sc_hd__nand2_1)
   5.0797    5.8171 ^ core/_1906_/Y (sky130_fd_sc_hd__o21ai_0)
   0.7998    6.6169 ^ lsu/_64414_/X (sky130_fd_sc_hd__buf_4)
   0.1206    6.7376 v dcache/_2795_/Y (sky130_fd_sc_hd__a22oi_1)
   0.2232    6.9607 v dcache/_2796_/X (sky130_fd_sc_hd__and4_1)
   0.0821    7.0429 ^ dcache/_2797_/Y (sky130_fd_sc_hd__nand2_1)
   0.0867    7.1296 v dcache/_2803_/Y (sky130_fd_sc_hd__nor4_1)
   0.0795    7.2091 ^ dcache/mshrs/_0615_/Y (sky130_fd_sc_hd__inv_1)
   0.0587    7.2678 v dcache/mshrs/_0616_/Y (sky130_fd_sc_hd__nor2_1)
   0.1498    7.4177 v dcache/mshrs/_0617_/Y (sky130_fd_sc_hd__a21boi_0)
   0.2381    7.6557 v dcache/mshrs/_0618_/X (sky130_fd_sc_hd__lpflow_inputiso0n_1)
   0.1857    7.8415 ^ dcache/mshrs/_0752_/Y (sky130_fd_sc_hd__a31oi_1)
   0.0689    7.9104 v dcache/mshrs/_0755_/Y (sky130_fd_sc_hd__nand2_1)
   0.2141    8.1244 v dcache/mshrs/_0756_/X (sky130_fd_sc_hd__a22o_1)
   0.1258    8.2503 v dcache/_2807_/X (sky130_fd_sc_hd__lpflow_isobufsrc_1)
   0.3604    8.6107 ^ dcache/_2808_/Y (sky130_fd_sc_hd__a2111oi_0)
   0.1294    8.7400 v dcache/_2809_/Y (sky130_fd_sc_hd__a311oi_1)
   0.1535    8.8935 ^ dcache/_2810_/X (sky130_fd_sc_hd__lpflow_isobufsrc_1)
   0.0805    8.9740 v dcache/_2812_/Y (sky130_fd_sc_hd__nor3_1)
   0.2226    9.1966 v dcache/_3359_/X (sky130_fd_sc_hd__lpflow_clkbufkapwr_1)
   0.3193    9.5159 v dcache/_3361_/X (sky130_fd_sc_hd__mux2_2)
   0.1608    9.6766 v lsu/_33285_/X (sky130_fd_sc_hd__clkbuf_1)
   0.8519   10.5285 ^ lsu/_33304_/Y (sky130_fd_sc_hd__nor4_1)
   0.1470   10.6755 v lsu/_33305_/Y (sky130_fd_sc_hd__a222oi_1)
   0.1060   10.7815 ^ lsu/_33311_/Y (sky130_fd_sc_hd__nand2_1)
   0.0657   10.8472 v lsu/_33321_/Y (sky130_fd_sc_hd__nor3_1)
   0.2807   11.1279 v lsu/_33539_/X (sky130_fd_sc_hd__or2_2)
   0.0670   11.1949 ^ lsu/_33540_/Y (sky130_fd_sc_hd__nand2_1)
   0.1031   11.2980 v lsu/_33545_/Y (sky130_fd_sc_hd__o21ai_0)
   0.1640   11.4620 v core/memExeUnit/_191_/X (sky130_fd_sc_hd__buf_4)
   0.1818   11.6438 v core/ll_wbarb/_009_/X (sky130_fd_sc_hd__clkbuf_1)
   0.2456   11.8895 v core/ll_wbarb/_010_/X (sky130_fd_sc_hd__clkbuf_1)
   0.0813   11.9708 ^ core/ll_wbarb/_099_/Y (sky130_fd_sc_hd__inv_1)
   0.1445   12.1153 ^ core/FpPipeline/_2061_/X (sky130_fd_sc_hd__lpflow_inputiso0n_1)
   0.0722   12.1876 v core/FpPipeline/_2071_/Y (sky130_fd_sc_hd__nand2_1)
   0.0986   12.2861 ^ core/FpPipeline/_2073_/Y (sky130_fd_sc_hd__a21oi_1)
   0.1152   12.4013 ^ core/ll_wbarb/_100_/X (sky130_fd_sc_hd__or2_2)
   4.8833   17.2846 ^ core/_3767_/Y (sky130_fd_sc_hd__nor3b_1)
   0.5729   17.8576 v core/rename_stage/busytable/_1525_/X (sky130_fd_sc_hd__or3b_2)
   0.1527   18.0103 v core/rename_stage/busytable/_1526_/X (sky130_fd_sc_hd__clkbuf_1)
   0.1987   18.2091 v core/rename_stage/busytable/_1527_/X (sky130_fd_sc_hd__clkbuf_1)
   0.1977   18.4068 ^ core/rename_stage/busytable/_1870_/Y (sky130_fd_sc_hd__nor3_1)
   0.0710   18.4778 v core/rename_stage/busytable/_1871_/Y (sky130_fd_sc_hd__a221oi_1)
   0.1051   18.5829 ^ core/rename_stage/busytable/_1877_/Y (sky130_fd_sc_hd__nand3_1)
   0.0596   18.6425 v core/rename_stage/busytable/_1883_/Y (sky130_fd_sc_hd__a21oi_1)
   0.0035   18.6460 v core/rename_stage/busytable/_2524_/D (sky130_fd_sc_hd__dfxtp_1)
            18.6460   data arrival time

  20.0000   20.0000   clock clock (rise edge)
   0.0000   20.0000   clock network delay (ideal)
   0.0000   20.0000   clock reconvergence pessimism
            20.0000 ^ core/rename_stage/busytable/_2524_/CLK (sky130_fd_sc_hd__dfxtp_1)
  -0.1339   19.8661   library setup time
            19.8661   data required time
-------------------------------------------------------------
            19.8661   data required time
           -18.6460   data arrival time
-------------------------------------------------------------
             1.2201   slack (MET)


Startpoint: core/_3979_ (rising edge-triggered flip-flop clocked by clock)
Endpoint: core/rename_stage/busytable/_2578_
          (rising edge-triggered flip-flop clocked by clock)
Path Group: clock
Path Type: max

    Delay      Time   Description
-------------------------------------------------------------
   0.0000    0.0000   clock clock (rise edge)
   0.0000    0.0000   clock network delay (ideal)
   0.0000    0.0000 ^ core/_3979_/CLK (sky130_fd_sc_hd__dfxtp_1)
   0.3332    0.3332 ^ core/_3979_/Q (sky130_fd_sc_hd__dfxtp_1)
   0.3006    0.6338 ^ core/_1880_/Y (sky130_fd_sc_hd__nor3b_1)
   0.1036    0.7374 v core/_1881_/Y (sky130_fd_sc_hd__nand2_1)
   5.0797    5.8171 ^ core/_1906_/Y (sky130_fd_sc_hd__o21ai_0)
   0.7998    6.6169 ^ lsu/_64414_/X (sky130_fd_sc_hd__buf_4)
   0.1206    6.7376 v dcache/_2795_/Y (sky130_fd_sc_hd__a22oi_1)
   0.2232    6.9607 v dcache/_2796_/X (sky130_fd_sc_hd__and4_1)
   0.0821    7.0429 ^ dcache/_2797_/Y (sky130_fd_sc_hd__nand2_1)
   0.0867    7.1296 v dcache/_2803_/Y (sky130_fd_sc_hd__nor4_1)
   0.0795    7.2091 ^ dcache/mshrs/_0615_/Y (sky130_fd_sc_hd__inv_1)
   0.0587    7.2678 v dcache/mshrs/_0616_/Y (sky130_fd_sc_hd__nor2_1)
   0.1498    7.4177 v dcache/mshrs/_0617_/Y (sky130_fd_sc_hd__a21boi_0)
   0.2381    7.6557 v dcache/mshrs/_0618_/X (sky130_fd_sc_hd__lpflow_inputiso0n_1)
   0.1857    7.8415 ^ dcache/mshrs/_0752_/Y (sky130_fd_sc_hd__a31oi_1)
   0.0689    7.9104 v dcache/mshrs/_0755_/Y (sky130_fd_sc_hd__nand2_1)
   0.2141    8.1244 v dcache/mshrs/_0756_/X (sky130_fd_sc_hd__a22o_1)
   0.1258    8.2503 v dcache/_2807_/X (sky130_fd_sc_hd__lpflow_isobufsrc_1)
   0.3604    8.6107 ^ dcache/_2808_/Y (sky130_fd_sc_hd__a2111oi_0)
   0.1294    8.7400 v dcache/_2809_/Y (sky130_fd_sc_hd__a311oi_1)
   0.1535    8.8935 ^ dcache/_2810_/X (sky130_fd_sc_hd__lpflow_isobufsrc_1)
   0.0805    8.9740 v dcache/_2812_/Y (sky130_fd_sc_hd__nor3_1)
   0.2226    9.1966 v dcache/_3359_/X (sky130_fd_sc_hd__lpflow_clkbufkapwr_1)
   0.3193    9.5159 v dcache/_3361_/X (sky130_fd_sc_hd__mux2_2)
   0.1608    9.6766 v lsu/_33285_/X (sky130_fd_sc_hd__clkbuf_1)
   0.8519   10.5285 ^ lsu/_33304_/Y (sky130_fd_sc_hd__nor4_1)
   0.1470   10.6755 v lsu/_33305_/Y (sky130_fd_sc_hd__a222oi_1)
   0.1060   10.7815 ^ lsu/_33311_/Y (sky130_fd_sc_hd__nand2_1)
   0.0657   10.8472 v lsu/_33321_/Y (sky130_fd_sc_hd__nor3_1)
   0.2807   11.1279 v lsu/_33539_/X (sky130_fd_sc_hd__or2_2)
   0.0670   11.1949 ^ lsu/_33540_/Y (sky130_fd_sc_hd__nand2_1)
   0.1031   11.2980 v lsu/_33545_/Y (sky130_fd_sc_hd__o21ai_0)
   0.1640   11.4620 v core/memExeUnit/_191_/X (sky130_fd_sc_hd__buf_4)
   0.1818   11.6438 v core/ll_wbarb/_009_/X (sky130_fd_sc_hd__clkbuf_1)
   0.2456   11.8895 v core/ll_wbarb/_010_/X (sky130_fd_sc_hd__clkbuf_1)
   0.0813   11.9708 ^ core/ll_wbarb/_099_/Y (sky130_fd_sc_hd__inv_1)
   0.1445   12.1153 ^ core/FpPipeline/_2061_/X (sky130_fd_sc_hd__lpflow_inputiso0n_1)
   0.0722   12.1876 v core/FpPipeline/_2071_/Y (sky130_fd_sc_hd__nand2_1)
   0.0986   12.2861 ^ core/FpPipeline/_2073_/Y (sky130_fd_sc_hd__a21oi_1)
   0.1152   12.4013 ^ core/ll_wbarb/_100_/X (sky130_fd_sc_hd__or2_2)
   4.8833   17.2846 ^ core/_3767_/Y (sky130_fd_sc_hd__nor3b_1)
   0.2605   17.5452 v core/rename_stage/busytable/_2390_/Y (sky130_fd_sc_hd__nand2_1)
   0.5188   18.0640 v core/rename_stage/busytable/_2391_/X (sky130_fd_sc_hd__or2_2)
   0.1858   18.2498 v core/rename_stage/busytable/_2392_/X (sky130_fd_sc_hd__lpflow_clkbufkapwr_1)
   0.1527   18.4024 ^ core/rename_stage/busytable/_2432_/Y (sky130_fd_sc_hd__o22ai_1)
   0.0577   18.4601 v core/rename_stage/busytable/_2433_/Y (sky130_fd_sc_hd__nor2_1)
   0.0877   18.5478 ^ core/rename_stage/busytable/_2434_/Y (sky130_fd_sc_hd__o211ai_1)
   0.0810   18.6288 v core/rename_stage/busytable/_2436_/Y (sky130_fd_sc_hd__a21oi_1)
   0.0035   18.6323 v core/rename_stage/busytable/_2578_/D (sky130_fd_sc_hd__dfxtp_1)
            18.6323   data arrival time

  20.0000   20.0000   clock clock (rise edge)
   0.0000   20.0000   clock network delay (ideal)
   0.0000   20.0000   clock reconvergence pessimism
            20.0000 ^ core/rename_stage/busytable/_2578_/CLK (sky130_fd_sc_hd__dfxtp_1)
  -0.1339   19.8661   library setup time
            19.8661   data required time
-------------------------------------------------------------
            19.8661   data required time
           -18.6323   data arrival time
-------------------------------------------------------------
             1.2338   slack (MET)


Startpoint: core/_3979_ (rising edge-triggered flip-flop clocked by clock)
Endpoint: core/rename_stage/busytable/_2510_
          (rising edge-triggered flip-flop clocked by clock)
Path Group: clock
Path Type: max

    Delay      Time   Description
-------------------------------------------------------------
   0.0000    0.0000   clock clock (rise edge)
   0.0000    0.0000   clock network delay (ideal)
   0.0000    0.0000 ^ core/_3979_/CLK (sky130_fd_sc_hd__dfxtp_1)
   0.3332    0.3332 ^ core/_3979_/Q (sky130_fd_sc_hd__dfxtp_1)
   0.3006    0.6338 ^ core/_1880_/Y (sky130_fd_sc_hd__nor3b_1)
   0.1036    0.7374 v core/_1881_/Y (sky130_fd_sc_hd__nand2_1)
   5.0797    5.8171 ^ core/_1906_/Y (sky130_fd_sc_hd__o21ai_0)
   0.7998    6.6169 ^ lsu/_64414_/X (sky130_fd_sc_hd__buf_4)
   0.1206    6.7376 v dcache/_2795_/Y (sky130_fd_sc_hd__a22oi_1)
   0.2232    6.9607 v dcache/_2796_/X (sky130_fd_sc_hd__and4_1)
   0.0821    7.0429 ^ dcache/_2797_/Y (sky130_fd_sc_hd__nand2_1)
   0.0867    7.1296 v dcache/_2803_/Y (sky130_fd_sc_hd__nor4_1)
   0.0795    7.2091 ^ dcache/mshrs/_0615_/Y (sky130_fd_sc_hd__inv_1)
   0.0587    7.2678 v dcache/mshrs/_0616_/Y (sky130_fd_sc_hd__nor2_1)
   0.1498    7.4177 v dcache/mshrs/_0617_/Y (sky130_fd_sc_hd__a21boi_0)
   0.2381    7.6557 v dcache/mshrs/_0618_/X (sky130_fd_sc_hd__lpflow_inputiso0n_1)
   0.1857    7.8415 ^ dcache/mshrs/_0752_/Y (sky130_fd_sc_hd__a31oi_1)
   0.0689    7.9104 v dcache/mshrs/_0755_/Y (sky130_fd_sc_hd__nand2_1)
   0.2141    8.1244 v dcache/mshrs/_0756_/X (sky130_fd_sc_hd__a22o_1)
   0.1258    8.2503 v dcache/_2807_/X (sky130_fd_sc_hd__lpflow_isobufsrc_1)
   0.3604    8.6107 ^ dcache/_2808_/Y (sky130_fd_sc_hd__a2111oi_0)
   0.1294    8.7400 v dcache/_2809_/Y (sky130_fd_sc_hd__a311oi_1)
   0.1535    8.8935 ^ dcache/_2810_/X (sky130_fd_sc_hd__lpflow_isobufsrc_1)
   0.0805    8.9740 v dcache/_2812_/Y (sky130_fd_sc_hd__nor3_1)
   0.2226    9.1966 v dcache/_3359_/X (sky130_fd_sc_hd__lpflow_clkbufkapwr_1)
   0.3193    9.5159 v dcache/_3361_/X (sky130_fd_sc_hd__mux2_2)
   0.1608    9.6766 v lsu/_33285_/X (sky130_fd_sc_hd__clkbuf_1)
   0.8519   10.5285 ^ lsu/_33304_/Y (sky130_fd_sc_hd__nor4_1)
   0.1470   10.6755 v lsu/_33305_/Y (sky130_fd_sc_hd__a222oi_1)
   0.1060   10.7815 ^ lsu/_33311_/Y (sky130_fd_sc_hd__nand2_1)
   0.0657   10.8472 v lsu/_33321_/Y (sky130_fd_sc_hd__nor3_1)
   0.2807   11.1279 v lsu/_33539_/X (sky130_fd_sc_hd__or2_2)
   0.0670   11.1949 ^ lsu/_33540_/Y (sky130_fd_sc_hd__nand2_1)
   0.1031   11.2980 v lsu/_33545_/Y (sky130_fd_sc_hd__o21ai_0)
   0.1640   11.4620 v core/memExeUnit/_191_/X (sky130_fd_sc_hd__buf_4)
   0.1818   11.6438 v core/ll_wbarb/_009_/X (sky130_fd_sc_hd__clkbuf_1)
   0.2456   11.8895 v core/ll_wbarb/_010_/X (sky130_fd_sc_hd__clkbuf_1)
   0.0813   11.9708 ^ core/ll_wbarb/_099_/Y (sky130_fd_sc_hd__inv_1)
   0.1445   12.1153 ^ core/FpPipeline/_2061_/X (sky130_fd_sc_hd__lpflow_inputiso0n_1)
   0.0722   12.1876 v core/FpPipeline/_2071_/Y (sky130_fd_sc_hd__nand2_1)
   0.0986   12.2861 ^ core/FpPipeline/_2073_/Y (sky130_fd_sc_hd__a21oi_1)
   0.1152   12.4013 ^ core/ll_wbarb/_100_/X (sky130_fd_sc_hd__or2_2)
   4.8833   17.2846 ^ core/_3767_/Y (sky130_fd_sc_hd__nor3b_1)
   0.5729   17.8576 v core/rename_stage/busytable/_1525_/X (sky130_fd_sc_hd__or3b_2)
   0.1527   18.0103 v core/rename_stage/busytable/_1526_/X (sky130_fd_sc_hd__clkbuf_1)
   0.1987   18.2091 v core/rename_stage/busytable/_1527_/X (sky130_fd_sc_hd__clkbuf_1)
   0.1420   18.3511 ^ core/rename_stage/busytable/_1528_/Y (sky130_fd_sc_hd__o22ai_1)
   0.0635   18.4147 v core/rename_stage/busytable/_1529_/Y (sky130_fd_sc_hd__a211oi_1)
   0.1236   18.5382 ^ core/rename_stage/busytable/_1530_/Y (sky130_fd_sc_hd__o211ai_1)
   0.0811   18.6193 v core/rename_stage/busytable/_1548_/Y (sky130_fd_sc_hd__a21oi_1)
   0.0035   18.6228 v core/rename_stage/busytable/_2510_/D (sky130_fd_sc_hd__dfxtp_1)
            18.6228   data arrival time

  20.0000   20.0000   clock clock (rise edge)
   0.0000   20.0000   clock network delay (ideal)
   0.0000   20.0000   clock reconvergence pessimism
            20.0000 ^ core/rename_stage/busytable/_2510_/CLK (sky130_fd_sc_hd__dfxtp_1)
  -0.1339   19.8661   library setup time
            19.8661   data required time
-------------------------------------------------------------
            19.8661   data required time
           -18.6228   data arrival time
-------------------------------------------------------------
             1.2434   slack (MET)


Startpoint: core/_3979_ (rising edge-triggered flip-flop clocked by clock)
Endpoint: core/int_issue_unit/slots_0/_0980_
          (rising edge-triggered flip-flop clocked by clock)
Path Group: clock
Path Type: max

    Delay      Time   Description
-------------------------------------------------------------
   0.0000    0.0000   clock clock (rise edge)
   0.0000    0.0000   clock network delay (ideal)
   0.0000    0.0000 ^ core/_3979_/CLK (sky130_fd_sc_hd__dfxtp_1)
   0.3332    0.3332 ^ core/_3979_/Q (sky130_fd_sc_hd__dfxtp_1)
   0.3006    0.6338 ^ core/_1880_/Y (sky130_fd_sc_hd__nor3b_1)
   0.1036    0.7374 v core/_1881_/Y (sky130_fd_sc_hd__nand2_1)
   5.0797    5.8171 ^ core/_1906_/Y (sky130_fd_sc_hd__o21ai_0)
   0.7998    6.6169 ^ lsu/_64414_/X (sky130_fd_sc_hd__buf_4)
   0.1206    6.7376 v dcache/_2795_/Y (sky130_fd_sc_hd__a22oi_1)
   0.2232    6.9607 v dcache/_2796_/X (sky130_fd_sc_hd__and4_1)
   0.0821    7.0429 ^ dcache/_2797_/Y (sky130_fd_sc_hd__nand2_1)
   0.0867    7.1296 v dcache/_2803_/Y (sky130_fd_sc_hd__nor4_1)
   0.0795    7.2091 ^ dcache/mshrs/_0615_/Y (sky130_fd_sc_hd__inv_1)
   0.0587    7.2678 v dcache/mshrs/_0616_/Y (sky130_fd_sc_hd__nor2_1)
   0.1498    7.4177 v dcache/mshrs/_0617_/Y (sky130_fd_sc_hd__a21boi_0)
   0.2381    7.6557 v dcache/mshrs/_0618_/X (sky130_fd_sc_hd__lpflow_inputiso0n_1)
   0.1857    7.8415 ^ dcache/mshrs/_0752_/Y (sky130_fd_sc_hd__a31oi_1)
   0.0689    7.9104 v dcache/mshrs/_0755_/Y (sky130_fd_sc_hd__nand2_1)
   0.2141    8.1244 v dcache/mshrs/_0756_/X (sky130_fd_sc_hd__a22o_1)
   0.1258    8.2503 v dcache/_2807_/X (sky130_fd_sc_hd__lpflow_isobufsrc_1)
   0.3604    8.6107 ^ dcache/_2808_/Y (sky130_fd_sc_hd__a2111oi_0)
   0.1294    8.7400 v dcache/_2809_/Y (sky130_fd_sc_hd__a311oi_1)
   0.1535    8.8935 ^ dcache/_2810_/X (sky130_fd_sc_hd__lpflow_isobufsrc_1)
   0.0805    8.9740 v dcache/_2812_/Y (sky130_fd_sc_hd__nor3_1)
   0.2226    9.1966 v dcache/_3359_/X (sky130_fd_sc_hd__lpflow_clkbufkapwr_1)
   0.3193    9.5159 v dcache/_3361_/X (sky130_fd_sc_hd__mux2_2)
   0.1608    9.6766 v lsu/_33285_/X (sky130_fd_sc_hd__clkbuf_1)
   0.8519   10.5285 ^ lsu/_33304_/Y (sky130_fd_sc_hd__nor4_1)
   0.1470   10.6755 v lsu/_33305_/Y (sky130_fd_sc_hd__a222oi_1)
   0.1060   10.7815 ^ lsu/_33311_/Y (sky130_fd_sc_hd__nand2_1)
   0.0657   10.8472 v lsu/_33321_/Y (sky130_fd_sc_hd__nor3_1)
   0.2807   11.1279 v lsu/_33539_/X (sky130_fd_sc_hd__or2_2)
   0.0670   11.1949 ^ lsu/_33540_/Y (sky130_fd_sc_hd__nand2_1)
   0.1031   11.2980 v lsu/_33545_/Y (sky130_fd_sc_hd__o21ai_0)
   0.1640   11.4620 v core/memExeUnit/_191_/X (sky130_fd_sc_hd__buf_4)
   0.1818   11.6438 v core/ll_wbarb/_009_/X (sky130_fd_sc_hd__clkbuf_1)
   0.2456   11.8895 v core/ll_wbarb/_010_/X (sky130_fd_sc_hd__clkbuf_1)
   0.0813   11.9708 ^ core/ll_wbarb/_099_/Y (sky130_fd_sc_hd__inv_1)
   0.1445   12.1153 ^ core/FpPipeline/_2061_/X (sky130_fd_sc_hd__lpflow_inputiso0n_1)
   0.0722   12.1876 v core/FpPipeline/_2071_/Y (sky130_fd_sc_hd__nand2_1)
   0.0986   12.2861 ^ core/FpPipeline/_2073_/Y (sky130_fd_sc_hd__a21oi_1)
   0.1152   12.4013 ^ core/ll_wbarb/_100_/X (sky130_fd_sc_hd__or2_2)
   4.8833   17.2846 ^ core/_3767_/Y (sky130_fd_sc_hd__nor3b_1)
   0.4910   17.7756 v core/int_issue_unit/slots_0/_0763_/Y (sky130_fd_sc_hd__o21ai_0)
   0.4726   18.2482 ^ core/int_issue_unit/slots_0/_0766_/Y (sky130_fd_sc_hd__nor4_1)
   0.1073   18.3555 v core/int_issue_unit/slots_0/_0767_/Y (sky130_fd_sc_hd__nand3_1)
   0.1862   18.5417 v core/int_issue_unit/slots_0/_0791_/X (sky130_fd_sc_hd__and4_1)
   0.1253   18.6670 ^ core/int_issue_unit/slots_0/_0792_/Y (sky130_fd_sc_hd__a21oi_1)
   0.0035   18.6705 ^ core/int_issue_unit/slots_0/_0980_/D (sky130_fd_sc_hd__dfxtp_1)
            18.6705   data arrival time

  20.0000   20.0000   clock clock (rise edge)
   0.0000   20.0000   clock network delay (ideal)
   0.0000   20.0000   clock reconvergence pessimism
            20.0000 ^ core/int_issue_unit/slots_0/_0980_/CLK (sky130_fd_sc_hd__dfxtp_1)
  -0.0722   19.9278   library setup time
            19.9278   data required time
-------------------------------------------------------------
            19.9278   data required time
           -18.6705   data arrival time
-------------------------------------------------------------
             1.2573   slack (MET)


Startpoint: core/_3979_ (rising edge-triggered flip-flop clocked by clock)
Endpoint: core/int_issue_unit/slots_1/_0980_
          (rising edge-triggered flip-flop clocked by clock)
Path Group: clock
Path Type: max

    Delay      Time   Description
-------------------------------------------------------------
   0.0000    0.0000   clock clock (rise edge)
   0.0000    0.0000   clock network delay (ideal)
   0.0000    0.0000 ^ core/_3979_/CLK (sky130_fd_sc_hd__dfxtp_1)
   0.3332    0.3332 ^ core/_3979_/Q (sky130_fd_sc_hd__dfxtp_1)
   0.3006    0.6338 ^ core/_1880_/Y (sky130_fd_sc_hd__nor3b_1)
   0.1036    0.7374 v core/_1881_/Y (sky130_fd_sc_hd__nand2_1)
   5.0797    5.8171 ^ core/_1906_/Y (sky130_fd_sc_hd__o21ai_0)
   0.7998    6.6169 ^ lsu/_64414_/X (sky130_fd_sc_hd__buf_4)
   0.1206    6.7376 v dcache/_2795_/Y (sky130_fd_sc_hd__a22oi_1)
   0.2232    6.9607 v dcache/_2796_/X (sky130_fd_sc_hd__and4_1)
   0.0821    7.0429 ^ dcache/_2797_/Y (sky130_fd_sc_hd__nand2_1)
   0.0867    7.1296 v dcache/_2803_/Y (sky130_fd_sc_hd__nor4_1)
   0.0795    7.2091 ^ dcache/mshrs/_0615_/Y (sky130_fd_sc_hd__inv_1)
   0.0587    7.2678 v dcache/mshrs/_0616_/Y (sky130_fd_sc_hd__nor2_1)
   0.1498    7.4177 v dcache/mshrs/_0617_/Y (sky130_fd_sc_hd__a21boi_0)
   0.2381    7.6557 v dcache/mshrs/_0618_/X (sky130_fd_sc_hd__lpflow_inputiso0n_1)
   0.1857    7.8415 ^ dcache/mshrs/_0752_/Y (sky130_fd_sc_hd__a31oi_1)
   0.0689    7.9104 v dcache/mshrs/_0755_/Y (sky130_fd_sc_hd__nand2_1)
   0.2141    8.1244 v dcache/mshrs/_0756_/X (sky130_fd_sc_hd__a22o_1)
   0.1258    8.2503 v dcache/_2807_/X (sky130_fd_sc_hd__lpflow_isobufsrc_1)
   0.3604    8.6107 ^ dcache/_2808_/Y (sky130_fd_sc_hd__a2111oi_0)
   0.1294    8.7400 v dcache/_2809_/Y (sky130_fd_sc_hd__a311oi_1)
   0.1535    8.8935 ^ dcache/_2810_/X (sky130_fd_sc_hd__lpflow_isobufsrc_1)
   0.0805    8.9740 v dcache/_2812_/Y (sky130_fd_sc_hd__nor3_1)
   0.2226    9.1966 v dcache/_3359_/X (sky130_fd_sc_hd__lpflow_clkbufkapwr_1)
   0.3193    9.5159 v dcache/_3361_/X (sky130_fd_sc_hd__mux2_2)
   0.1608    9.6766 v lsu/_33285_/X (sky130_fd_sc_hd__clkbuf_1)
   0.8519   10.5285 ^ lsu/_33304_/Y (sky130_fd_sc_hd__nor4_1)
   0.1470   10.6755 v lsu/_33305_/Y (sky130_fd_sc_hd__a222oi_1)
   0.1060   10.7815 ^ lsu/_33311_/Y (sky130_fd_sc_hd__nand2_1)
   0.0657   10.8472 v lsu/_33321_/Y (sky130_fd_sc_hd__nor3_1)
   0.2807   11.1279 v lsu/_33539_/X (sky130_fd_sc_hd__or2_2)
   0.0670   11.1949 ^ lsu/_33540_/Y (sky130_fd_sc_hd__nand2_1)
   0.1031   11.2980 v lsu/_33545_/Y (sky130_fd_sc_hd__o21ai_0)
   0.1640   11.4620 v core/memExeUnit/_191_/X (sky130_fd_sc_hd__buf_4)
   0.1818   11.6438 v core/ll_wbarb/_009_/X (sky130_fd_sc_hd__clkbuf_1)
   0.2456   11.8895 v core/ll_wbarb/_010_/X (sky130_fd_sc_hd__clkbuf_1)
   0.0813   11.9708 ^ core/ll_wbarb/_099_/Y (sky130_fd_sc_hd__inv_1)
   0.1445   12.1153 ^ core/FpPipeline/_2061_/X (sky130_fd_sc_hd__lpflow_inputiso0n_1)
   0.0722   12.1876 v core/FpPipeline/_2071_/Y (sky130_fd_sc_hd__nand2_1)
   0.0986   12.2861 ^ core/FpPipeline/_2073_/Y (sky130_fd_sc_hd__a21oi_1)
   0.1152   12.4013 ^ core/ll_wbarb/_100_/X (sky130_fd_sc_hd__or2_2)
   4.8833   17.2846 ^ core/_3767_/Y (sky130_fd_sc_hd__nor3b_1)
   0.4910   17.7756 v core/int_issue_unit/slots_1/_0763_/Y (sky130_fd_sc_hd__o21ai_0)
   0.4726   18.2482 ^ core/int_issue_unit/slots_1/_0766_/Y (sky130_fd_sc_hd__nor4_1)
   0.1073   18.3555 v core/int_issue_unit/slots_1/_0767_/Y (sky130_fd_sc_hd__nand3_1)
   0.1862   18.5417 v core/int_issue_unit/slots_1/_0791_/X (sky130_fd_sc_hd__and4_1)
   0.1253   18.6670 ^ core/int_issue_unit/slots_1/_0792_/Y (sky130_fd_sc_hd__a21oi_1)
   0.0035   18.6705 ^ core/int_issue_unit/slots_1/_0980_/D (sky130_fd_sc_hd__dfxtp_1)
            18.6705   data arrival time

  20.0000   20.0000   clock clock (rise edge)
   0.0000   20.0000   clock network delay (ideal)
   0.0000   20.0000   clock reconvergence pessimism
            20.0000 ^ core/int_issue_unit/slots_1/_0980_/CLK (sky130_fd_sc_hd__dfxtp_1)
  -0.0722   19.9278   library setup time
            19.9278   data required time
-------------------------------------------------------------
            19.9278   data required time
           -18.6705   data arrival time
-------------------------------------------------------------
             1.2573   slack (MET)


Startpoint: core/_3979_ (rising edge-triggered flip-flop clocked by clock)
Endpoint: core/int_issue_unit/slots_10/_0980_
          (rising edge-triggered flip-flop clocked by clock)
Path Group: clock
Path Type: max

    Delay      Time   Description
-------------------------------------------------------------
   0.0000    0.0000   clock clock (rise edge)
   0.0000    0.0000   clock network delay (ideal)
   0.0000    0.0000 ^ core/_3979_/CLK (sky130_fd_sc_hd__dfxtp_1)
   0.3332    0.3332 ^ core/_3979_/Q (sky130_fd_sc_hd__dfxtp_1)
   0.3006    0.6338 ^ core/_1880_/Y (sky130_fd_sc_hd__nor3b_1)
   0.1036    0.7374 v core/_1881_/Y (sky130_fd_sc_hd__nand2_1)
   5.0797    5.8171 ^ core/_1906_/Y (sky130_fd_sc_hd__o21ai_0)
   0.7998    6.6169 ^ lsu/_64414_/X (sky130_fd_sc_hd__buf_4)
   0.1206    6.7376 v dcache/_2795_/Y (sky130_fd_sc_hd__a22oi_1)
   0.2232    6.9607 v dcache/_2796_/X (sky130_fd_sc_hd__and4_1)
   0.0821    7.0429 ^ dcache/_2797_/Y (sky130_fd_sc_hd__nand2_1)
   0.0867    7.1296 v dcache/_2803_/Y (sky130_fd_sc_hd__nor4_1)
   0.0795    7.2091 ^ dcache/mshrs/_0615_/Y (sky130_fd_sc_hd__inv_1)
   0.0587    7.2678 v dcache/mshrs/_0616_/Y (sky130_fd_sc_hd__nor2_1)
   0.1498    7.4177 v dcache/mshrs/_0617_/Y (sky130_fd_sc_hd__a21boi_0)
   0.2381    7.6557 v dcache/mshrs/_0618_/X (sky130_fd_sc_hd__lpflow_inputiso0n_1)
   0.1857    7.8415 ^ dcache/mshrs/_0752_/Y (sky130_fd_sc_hd__a31oi_1)
   0.0689    7.9104 v dcache/mshrs/_0755_/Y (sky130_fd_sc_hd__nand2_1)
   0.2141    8.1244 v dcache/mshrs/_0756_/X (sky130_fd_sc_hd__a22o_1)
   0.1258    8.2503 v dcache/_2807_/X (sky130_fd_sc_hd__lpflow_isobufsrc_1)
   0.3604    8.6107 ^ dcache/_2808_/Y (sky130_fd_sc_hd__a2111oi_0)
   0.1294    8.7400 v dcache/_2809_/Y (sky130_fd_sc_hd__a311oi_1)
   0.1535    8.8935 ^ dcache/_2810_/X (sky130_fd_sc_hd__lpflow_isobufsrc_1)
   0.0805    8.9740 v dcache/_2812_/Y (sky130_fd_sc_hd__nor3_1)
   0.2226    9.1966 v dcache/_3359_/X (sky130_fd_sc_hd__lpflow_clkbufkapwr_1)
   0.3193    9.5159 v dcache/_3361_/X (sky130_fd_sc_hd__mux2_2)
   0.1608    9.6766 v lsu/_33285_/X (sky130_fd_sc_hd__clkbuf_1)
   0.8519   10.5285 ^ lsu/_33304_/Y (sky130_fd_sc_hd__nor4_1)
   0.1470   10.6755 v lsu/_33305_/Y (sky130_fd_sc_hd__a222oi_1)
   0.1060   10.7815 ^ lsu/_33311_/Y (sky130_fd_sc_hd__nand2_1)
   0.0657   10.8472 v lsu/_33321_/Y (sky130_fd_sc_hd__nor3_1)
   0.2807   11.1279 v lsu/_33539_/X (sky130_fd_sc_hd__or2_2)
   0.0670   11.1949 ^ lsu/_33540_/Y (sky130_fd_sc_hd__nand2_1)
   0.1031   11.2980 v lsu/_33545_/Y (sky130_fd_sc_hd__o21ai_0)
   0.1640   11.4620 v core/memExeUnit/_191_/X (sky130_fd_sc_hd__buf_4)
   0.1818   11.6438 v core/ll_wbarb/_009_/X (sky130_fd_sc_hd__clkbuf_1)
   0.2456   11.8895 v core/ll_wbarb/_010_/X (sky130_fd_sc_hd__clkbuf_1)
   0.0813   11.9708 ^ core/ll_wbarb/_099_/Y (sky130_fd_sc_hd__inv_1)
   0.1445   12.1153 ^ core/FpPipeline/_2061_/X (sky130_fd_sc_hd__lpflow_inputiso0n_1)
   0.0722   12.1876 v core/FpPipeline/_2071_/Y (sky130_fd_sc_hd__nand2_1)
   0.0986   12.2861 ^ core/FpPipeline/_2073_/Y (sky130_fd_sc_hd__a21oi_1)
   0.1152   12.4013 ^ core/ll_wbarb/_100_/X (sky130_fd_sc_hd__or2_2)
   4.8833   17.2846 ^ core/_3767_/Y (sky130_fd_sc_hd__nor3b_1)
   0.4910   17.7756 v core/int_issue_unit/slots_10/_0763_/Y (sky130_fd_sc_hd__o21ai_0)
   0.4726   18.2482 ^ core/int_issue_unit/slots_10/_0766_/Y (sky130_fd_sc_hd__nor4_1)
   0.1073   18.3555 v core/int_issue_unit/slots_10/_0767_/Y (sky130_fd_sc_hd__nand3_1)
   0.1862   18.5417 v core/int_issue_unit/slots_10/_0791_/X (sky130_fd_sc_hd__and4_1)
   0.1253   18.6670 ^ core/int_issue_unit/slots_10/_0792_/Y (sky130_fd_sc_hd__a21oi_1)
   0.0035   18.6705 ^ core/int_issue_unit/slots_10/_0980_/D (sky130_fd_sc_hd__dfxtp_1)
            18.6705   data arrival time

  20.0000   20.0000   clock clock (rise edge)
   0.0000   20.0000   clock network delay (ideal)
   0.0000   20.0000   clock reconvergence pessimism
            20.0000 ^ core/int_issue_unit/slots_10/_0980_/CLK (sky130_fd_sc_hd__dfxtp_1)
  -0.0722   19.9278   library setup time
            19.9278   data required time
-------------------------------------------------------------
            19.9278   data required time
           -18.6705   data arrival time
-------------------------------------------------------------
             1.2573   slack (MET)


Startpoint: core/_3979_ (rising edge-triggered flip-flop clocked by clock)
Endpoint: core/int_issue_unit/slots_11/_0980_
          (rising edge-triggered flip-flop clocked by clock)
Path Group: clock
Path Type: max

    Delay      Time   Description
-------------------------------------------------------------
   0.0000    0.0000   clock clock (rise edge)
   0.0000    0.0000   clock network delay (ideal)
   0.0000    0.0000 ^ core/_3979_/CLK (sky130_fd_sc_hd__dfxtp_1)
   0.3332    0.3332 ^ core/_3979_/Q (sky130_fd_sc_hd__dfxtp_1)
   0.3006    0.6338 ^ core/_1880_/Y (sky130_fd_sc_hd__nor3b_1)
   0.1036    0.7374 v core/_1881_/Y (sky130_fd_sc_hd__nand2_1)
   5.0797    5.8171 ^ core/_1906_/Y (sky130_fd_sc_hd__o21ai_0)
   0.7998    6.6169 ^ lsu/_64414_/X (sky130_fd_sc_hd__buf_4)
   0.1206    6.7376 v dcache/_2795_/Y (sky130_fd_sc_hd__a22oi_1)
   0.2232    6.9607 v dcache/_2796_/X (sky130_fd_sc_hd__and4_1)
   0.0821    7.0429 ^ dcache/_2797_/Y (sky130_fd_sc_hd__nand2_1)
   0.0867    7.1296 v dcache/_2803_/Y (sky130_fd_sc_hd__nor4_1)
   0.0795    7.2091 ^ dcache/mshrs/_0615_/Y (sky130_fd_sc_hd__inv_1)
   0.0587    7.2678 v dcache/mshrs/_0616_/Y (sky130_fd_sc_hd__nor2_1)
   0.1498    7.4177 v dcache/mshrs/_0617_/Y (sky130_fd_sc_hd__a21boi_0)
   0.2381    7.6557 v dcache/mshrs/_0618_/X (sky130_fd_sc_hd__lpflow_inputiso0n_1)
   0.1857    7.8415 ^ dcache/mshrs/_0752_/Y (sky130_fd_sc_hd__a31oi_1)
   0.0689    7.9104 v dcache/mshrs/_0755_/Y (sky130_fd_sc_hd__nand2_1)
   0.2141    8.1244 v dcache/mshrs/_0756_/X (sky130_fd_sc_hd__a22o_1)
   0.1258    8.2503 v dcache/_2807_/X (sky130_fd_sc_hd__lpflow_isobufsrc_1)
   0.3604    8.6107 ^ dcache/_2808_/Y (sky130_fd_sc_hd__a2111oi_0)
   0.1294    8.7400 v dcache/_2809_/Y (sky130_fd_sc_hd__a311oi_1)
   0.1535    8.8935 ^ dcache/_2810_/X (sky130_fd_sc_hd__lpflow_isobufsrc_1)
   0.0805    8.9740 v dcache/_2812_/Y (sky130_fd_sc_hd__nor3_1)
   0.2226    9.1966 v dcache/_3359_/X (sky130_fd_sc_hd__lpflow_clkbufkapwr_1)
   0.3193    9.5159 v dcache/_3361_/X (sky130_fd_sc_hd__mux2_2)
   0.1608    9.6766 v lsu/_33285_/X (sky130_fd_sc_hd__clkbuf_1)
   0.8519   10.5285 ^ lsu/_33304_/Y (sky130_fd_sc_hd__nor4_1)
   0.1470   10.6755 v lsu/_33305_/Y (sky130_fd_sc_hd__a222oi_1)
   0.1060   10.7815 ^ lsu/_33311_/Y (sky130_fd_sc_hd__nand2_1)
   0.0657   10.8472 v lsu/_33321_/Y (sky130_fd_sc_hd__nor3_1)
   0.2807   11.1279 v lsu/_33539_/X (sky130_fd_sc_hd__or2_2)
   0.0670   11.1949 ^ lsu/_33540_/Y (sky130_fd_sc_hd__nand2_1)
   0.1031   11.2980 v lsu/_33545_/Y (sky130_fd_sc_hd__o21ai_0)
   0.1640   11.4620 v core/memExeUnit/_191_/X (sky130_fd_sc_hd__buf_4)
   0.1818   11.6438 v core/ll_wbarb/_009_/X (sky130_fd_sc_hd__clkbuf_1)
   0.2456   11.8895 v core/ll_wbarb/_010_/X (sky130_fd_sc_hd__clkbuf_1)
   0.0813   11.9708 ^ core/ll_wbarb/_099_/Y (sky130_fd_sc_hd__inv_1)
   0.1445   12.1153 ^ core/FpPipeline/_2061_/X (sky130_fd_sc_hd__lpflow_inputiso0n_1)
   0.0722   12.1876 v core/FpPipeline/_2071_/Y (sky130_fd_sc_hd__nand2_1)
   0.0986   12.2861 ^ core/FpPipeline/_2073_/Y (sky130_fd_sc_hd__a21oi_1)
   0.1152   12.4013 ^ core/ll_wbarb/_100_/X (sky130_fd_sc_hd__or2_2)
   4.8833   17.2846 ^ core/_3767_/Y (sky130_fd_sc_hd__nor3b_1)
   0.4910   17.7756 v core/int_issue_unit/slots_11/_0763_/Y (sky130_fd_sc_hd__o21ai_0)
   0.4726   18.2482 ^ core/int_issue_unit/slots_11/_0766_/Y (sky130_fd_sc_hd__nor4_1)
   0.1073   18.3555 v core/int_issue_unit/slots_11/_0767_/Y (sky130_fd_sc_hd__nand3_1)
   0.1862   18.5417 v core/int_issue_unit/slots_11/_0791_/X (sky130_fd_sc_hd__and4_1)
   0.1253   18.6670 ^ core/int_issue_unit/slots_11/_0792_/Y (sky130_fd_sc_hd__a21oi_1)
   0.0035   18.6705 ^ core/int_issue_unit/slots_11/_0980_/D (sky130_fd_sc_hd__dfxtp_1)
            18.6705   data arrival time

  20.0000   20.0000   clock clock (rise edge)
   0.0000   20.0000   clock network delay (ideal)
   0.0000   20.0000   clock reconvergence pessimism
            20.0000 ^ core/int_issue_unit/slots_11/_0980_/CLK (sky130_fd_sc_hd__dfxtp_1)
  -0.0722   19.9278   library setup time
            19.9278   data required time
-------------------------------------------------------------
            19.9278   data required time
           -18.6705   data arrival time
-------------------------------------------------------------
             1.2573   slack (MET)


Startpoint: core/_3979_ (rising edge-triggered flip-flop clocked by clock)
Endpoint: core/int_issue_unit/slots_12/_0980_
          (rising edge-triggered flip-flop clocked by clock)
Path Group: clock
Path Type: max

    Delay      Time   Description
-------------------------------------------------------------
   0.0000    0.0000   clock clock (rise edge)
   0.0000    0.0000   clock network delay (ideal)
   0.0000    0.0000 ^ core/_3979_/CLK (sky130_fd_sc_hd__dfxtp_1)
   0.3332    0.3332 ^ core/_3979_/Q (sky130_fd_sc_hd__dfxtp_1)
   0.3006    0.6338 ^ core/_1880_/Y (sky130_fd_sc_hd__nor3b_1)
   0.1036    0.7374 v core/_1881_/Y (sky130_fd_sc_hd__nand2_1)
   5.0797    5.8171 ^ core/_1906_/Y (sky130_fd_sc_hd__o21ai_0)
   0.7998    6.6169 ^ lsu/_64414_/X (sky130_fd_sc_hd__buf_4)
   0.1206    6.7376 v dcache/_2795_/Y (sky130_fd_sc_hd__a22oi_1)
   0.2232    6.9607 v dcache/_2796_/X (sky130_fd_sc_hd__and4_1)
   0.0821    7.0429 ^ dcache/_2797_/Y (sky130_fd_sc_hd__nand2_1)
   0.0867    7.1296 v dcache/_2803_/Y (sky130_fd_sc_hd__nor4_1)
   0.0795    7.2091 ^ dcache/mshrs/_0615_/Y (sky130_fd_sc_hd__inv_1)
   0.0587    7.2678 v dcache/mshrs/_0616_/Y (sky130_fd_sc_hd__nor2_1)
   0.1498    7.4177 v dcache/mshrs/_0617_/Y (sky130_fd_sc_hd__a21boi_0)
   0.2381    7.6557 v dcache/mshrs/_0618_/X (sky130_fd_sc_hd__lpflow_inputiso0n_1)
   0.1857    7.8415 ^ dcache/mshrs/_0752_/Y (sky130_fd_sc_hd__a31oi_1)
   0.0689    7.9104 v dcache/mshrs/_0755_/Y (sky130_fd_sc_hd__nand2_1)
   0.2141    8.1244 v dcache/mshrs/_0756_/X (sky130_fd_sc_hd__a22o_1)
   0.1258    8.2503 v dcache/_2807_/X (sky130_fd_sc_hd__lpflow_isobufsrc_1)
   0.3604    8.6107 ^ dcache/_2808_/Y (sky130_fd_sc_hd__a2111oi_0)
   0.1294    8.7400 v dcache/_2809_/Y (sky130_fd_sc_hd__a311oi_1)
   0.1535    8.8935 ^ dcache/_2810_/X (sky130_fd_sc_hd__lpflow_isobufsrc_1)
   0.0805    8.9740 v dcache/_2812_/Y (sky130_fd_sc_hd__nor3_1)
   0.2226    9.1966 v dcache/_3359_/X (sky130_fd_sc_hd__lpflow_clkbufkapwr_1)
   0.3193    9.5159 v dcache/_3361_/X (sky130_fd_sc_hd__mux2_2)
   0.1608    9.6766 v lsu/_33285_/X (sky130_fd_sc_hd__clkbuf_1)
   0.8519   10.5285 ^ lsu/_33304_/Y (sky130_fd_sc_hd__nor4_1)
   0.1470   10.6755 v lsu/_33305_/Y (sky130_fd_sc_hd__a222oi_1)
   0.1060   10.7815 ^ lsu/_33311_/Y (sky130_fd_sc_hd__nand2_1)
   0.0657   10.8472 v lsu/_33321_/Y (sky130_fd_sc_hd__nor3_1)
   0.2807   11.1279 v lsu/_33539_/X (sky130_fd_sc_hd__or2_2)
   0.0670   11.1949 ^ lsu/_33540_/Y (sky130_fd_sc_hd__nand2_1)
   0.1031   11.2980 v lsu/_33545_/Y (sky130_fd_sc_hd__o21ai_0)
   0.1640   11.4620 v core/memExeUnit/_191_/X (sky130_fd_sc_hd__buf_4)
   0.1818   11.6438 v core/ll_wbarb/_009_/X (sky130_fd_sc_hd__clkbuf_1)
   0.2456   11.8895 v core/ll_wbarb/_010_/X (sky130_fd_sc_hd__clkbuf_1)
   0.0813   11.9708 ^ core/ll_wbarb/_099_/Y (sky130_fd_sc_hd__inv_1)
   0.1445   12.1153 ^ core/FpPipeline/_2061_/X (sky130_fd_sc_hd__lpflow_inputiso0n_1)
   0.0722   12.1876 v core/FpPipeline/_2071_/Y (sky130_fd_sc_hd__nand2_1)
   0.0986   12.2861 ^ core/FpPipeline/_2073_/Y (sky130_fd_sc_hd__a21oi_1)
   0.1152   12.4013 ^ core/ll_wbarb/_100_/X (sky130_fd_sc_hd__or2_2)
   4.8833   17.2846 ^ core/_3767_/Y (sky130_fd_sc_hd__nor3b_1)
   0.4910   17.7756 v core/int_issue_unit/slots_12/_0763_/Y (sky130_fd_sc_hd__o21ai_0)
   0.4726   18.2482 ^ core/int_issue_unit/slots_12/_0766_/Y (sky130_fd_sc_hd__nor4_1)
   0.1073   18.3555 v core/int_issue_unit/slots_12/_0767_/Y (sky130_fd_sc_hd__nand3_1)
   0.1862   18.5417 v core/int_issue_unit/slots_12/_0791_/X (sky130_fd_sc_hd__and4_1)
   0.1253   18.6670 ^ core/int_issue_unit/slots_12/_0792_/Y (sky130_fd_sc_hd__a21oi_1)
   0.0035   18.6705 ^ core/int_issue_unit/slots_12/_0980_/D (sky130_fd_sc_hd__dfxtp_1)
            18.6705   data arrival time

  20.0000   20.0000   clock clock (rise edge)
   0.0000   20.0000   clock network delay (ideal)
   0.0000   20.0000   clock reconvergence pessimism
            20.0000 ^ core/int_issue_unit/slots_12/_0980_/CLK (sky130_fd_sc_hd__dfxtp_1)
  -0.0722   19.9278   library setup time
            19.9278   data required time
-------------------------------------------------------------
            19.9278   data required time
           -18.6705   data arrival time
-------------------------------------------------------------
             1.2573   slack (MET)


Startpoint: core/_3979_ (rising edge-triggered flip-flop clocked by clock)
Endpoint: core/int_issue_unit/slots_13/_0980_
          (rising edge-triggered flip-flop clocked by clock)
Path Group: clock
Path Type: max

    Delay      Time   Description
-------------------------------------------------------------
   0.0000    0.0000   clock clock (rise edge)
   0.0000    0.0000   clock network delay (ideal)
   0.0000    0.0000 ^ core/_3979_/CLK (sky130_fd_sc_hd__dfxtp_1)
   0.3332    0.3332 ^ core/_3979_/Q (sky130_fd_sc_hd__dfxtp_1)
   0.3006    0.6338 ^ core/_1880_/Y (sky130_fd_sc_hd__nor3b_1)
   0.1036    0.7374 v core/_1881_/Y (sky130_fd_sc_hd__nand2_1)
   5.0797    5.8171 ^ core/_1906_/Y (sky130_fd_sc_hd__o21ai_0)
   0.7998    6.6169 ^ lsu/_64414_/X (sky130_fd_sc_hd__buf_4)
   0.1206    6.7376 v dcache/_2795_/Y (sky130_fd_sc_hd__a22oi_1)
   0.2232    6.9607 v dcache/_2796_/X (sky130_fd_sc_hd__and4_1)
   0.0821    7.0429 ^ dcache/_2797_/Y (sky130_fd_sc_hd__nand2_1)
   0.0867    7.1296 v dcache/_2803_/Y (sky130_fd_sc_hd__nor4_1)
   0.0795    7.2091 ^ dcache/mshrs/_0615_/Y (sky130_fd_sc_hd__inv_1)
   0.0587    7.2678 v dcache/mshrs/_0616_/Y (sky130_fd_sc_hd__nor2_1)
   0.1498    7.4177 v dcache/mshrs/_0617_/Y (sky130_fd_sc_hd__a21boi_0)
   0.2381    7.6557 v dcache/mshrs/_0618_/X (sky130_fd_sc_hd__lpflow_inputiso0n_1)
   0.1857    7.8415 ^ dcache/mshrs/_0752_/Y (sky130_fd_sc_hd__a31oi_1)
   0.0689    7.9104 v dcache/mshrs/_0755_/Y (sky130_fd_sc_hd__nand2_1)
   0.2141    8.1244 v dcache/mshrs/_0756_/X (sky130_fd_sc_hd__a22o_1)
   0.1258    8.2503 v dcache/_2807_/X (sky130_fd_sc_hd__lpflow_isobufsrc_1)
   0.3604    8.6107 ^ dcache/_2808_/Y (sky130_fd_sc_hd__a2111oi_0)
   0.1294    8.7400 v dcache/_2809_/Y (sky130_fd_sc_hd__a311oi_1)
   0.1535    8.8935 ^ dcache/_2810_/X (sky130_fd_sc_hd__lpflow_isobufsrc_1)
   0.0805    8.9740 v dcache/_2812_/Y (sky130_fd_sc_hd__nor3_1)
   0.2226    9.1966 v dcache/_3359_/X (sky130_fd_sc_hd__lpflow_clkbufkapwr_1)
   0.3193    9.5159 v dcache/_3361_/X (sky130_fd_sc_hd__mux2_2)
   0.1608    9.6766 v lsu/_33285_/X (sky130_fd_sc_hd__clkbuf_1)
   0.8519   10.5285 ^ lsu/_33304_/Y (sky130_fd_sc_hd__nor4_1)
   0.1470   10.6755 v lsu/_33305_/Y (sky130_fd_sc_hd__a222oi_1)
   0.1060   10.7815 ^ lsu/_33311_/Y (sky130_fd_sc_hd__nand2_1)
   0.0657   10.8472 v lsu/_33321_/Y (sky130_fd_sc_hd__nor3_1)
   0.2807   11.1279 v lsu/_33539_/X (sky130_fd_sc_hd__or2_2)
   0.0670   11.1949 ^ lsu/_33540_/Y (sky130_fd_sc_hd__nand2_1)
   0.1031   11.2980 v lsu/_33545_/Y (sky130_fd_sc_hd__o21ai_0)
   0.1640   11.4620 v core/memExeUnit/_191_/X (sky130_fd_sc_hd__buf_4)
   0.1818   11.6438 v core/ll_wbarb/_009_/X (sky130_fd_sc_hd__clkbuf_1)
   0.2456   11.8895 v core/ll_wbarb/_010_/X (sky130_fd_sc_hd__clkbuf_1)
   0.0813   11.9708 ^ core/ll_wbarb/_099_/Y (sky130_fd_sc_hd__inv_1)
   0.1445   12.1153 ^ core/FpPipeline/_2061_/X (sky130_fd_sc_hd__lpflow_inputiso0n_1)
   0.0722   12.1876 v core/FpPipeline/_2071_/Y (sky130_fd_sc_hd__nand2_1)
   0.0986   12.2861 ^ core/FpPipeline/_2073_/Y (sky130_fd_sc_hd__a21oi_1)
   0.1152   12.4013 ^ core/ll_wbarb/_100_/X (sky130_fd_sc_hd__or2_2)
   4.8833   17.2846 ^ core/_3767_/Y (sky130_fd_sc_hd__nor3b_1)
   0.4910   17.7756 v core/int_issue_unit/slots_13/_0763_/Y (sky130_fd_sc_hd__o21ai_0)
   0.4726   18.2482 ^ core/int_issue_unit/slots_13/_0766_/Y (sky130_fd_sc_hd__nor4_1)
   0.1073   18.3555 v core/int_issue_unit/slots_13/_0767_/Y (sky130_fd_sc_hd__nand3_1)
   0.1862   18.5417 v core/int_issue_unit/slots_13/_0791_/X (sky130_fd_sc_hd__and4_1)
   0.1253   18.6670 ^ core/int_issue_unit/slots_13/_0792_/Y (sky130_fd_sc_hd__a21oi_1)
   0.0035   18.6705 ^ core/int_issue_unit/slots_13/_0980_/D (sky130_fd_sc_hd__dfxtp_1)
            18.6705   data arrival time

  20.0000   20.0000   clock clock (rise edge)
   0.0000   20.0000   clock network delay (ideal)
   0.0000   20.0000   clock reconvergence pessimism
            20.0000 ^ core/int_issue_unit/slots_13/_0980_/CLK (sky130_fd_sc_hd__dfxtp_1)
  -0.0722   19.9278   library setup time
            19.9278   data required time
-------------------------------------------------------------
            19.9278   data required time
           -18.6705   data arrival time
-------------------------------------------------------------
             1.2573   slack (MET)


Startpoint: core/_3979_ (rising edge-triggered flip-flop clocked by clock)
Endpoint: core/int_issue_unit/slots_14/_0980_
          (rising edge-triggered flip-flop clocked by clock)
Path Group: clock
Path Type: max

    Delay      Time   Description
-------------------------------------------------------------
   0.0000    0.0000   clock clock (rise edge)
   0.0000    0.0000   clock network delay (ideal)
   0.0000    0.0000 ^ core/_3979_/CLK (sky130_fd_sc_hd__dfxtp_1)
   0.3332    0.3332 ^ core/_3979_/Q (sky130_fd_sc_hd__dfxtp_1)
   0.3006    0.6338 ^ core/_1880_/Y (sky130_fd_sc_hd__nor3b_1)
   0.1036    0.7374 v core/_1881_/Y (sky130_fd_sc_hd__nand2_1)
   5.0797    5.8171 ^ core/_1906_/Y (sky130_fd_sc_hd__o21ai_0)
   0.7998    6.6169 ^ lsu/_64414_/X (sky130_fd_sc_hd__buf_4)
   0.1206    6.7376 v dcache/_2795_/Y (sky130_fd_sc_hd__a22oi_1)
   0.2232    6.9607 v dcache/_2796_/X (sky130_fd_sc_hd__and4_1)
   0.0821    7.0429 ^ dcache/_2797_/Y (sky130_fd_sc_hd__nand2_1)
   0.0867    7.1296 v dcache/_2803_/Y (sky130_fd_sc_hd__nor4_1)
   0.0795    7.2091 ^ dcache/mshrs/_0615_/Y (sky130_fd_sc_hd__inv_1)
   0.0587    7.2678 v dcache/mshrs/_0616_/Y (sky130_fd_sc_hd__nor2_1)
   0.1498    7.4177 v dcache/mshrs/_0617_/Y (sky130_fd_sc_hd__a21boi_0)
   0.2381    7.6557 v dcache/mshrs/_0618_/X (sky130_fd_sc_hd__lpflow_inputiso0n_1)
   0.1857    7.8415 ^ dcache/mshrs/_0752_/Y (sky130_fd_sc_hd__a31oi_1)
   0.0689    7.9104 v dcache/mshrs/_0755_/Y (sky130_fd_sc_hd__nand2_1)
   0.2141    8.1244 v dcache/mshrs/_0756_/X (sky130_fd_sc_hd__a22o_1)
   0.1258    8.2503 v dcache/_2807_/X (sky130_fd_sc_hd__lpflow_isobufsrc_1)
   0.3604    8.6107 ^ dcache/_2808_/Y (sky130_fd_sc_hd__a2111oi_0)
   0.1294    8.7400 v dcache/_2809_/Y (sky130_fd_sc_hd__a311oi_1)
   0.1535    8.8935 ^ dcache/_2810_/X (sky130_fd_sc_hd__lpflow_isobufsrc_1)
   0.0805    8.9740 v dcache/_2812_/Y (sky130_fd_sc_hd__nor3_1)
   0.2226    9.1966 v dcache/_3359_/X (sky130_fd_sc_hd__lpflow_clkbufkapwr_1)
   0.3193    9.5159 v dcache/_3361_/X (sky130_fd_sc_hd__mux2_2)
   0.1608    9.6766 v lsu/_33285_/X (sky130_fd_sc_hd__clkbuf_1)
   0.8519   10.5285 ^ lsu/_33304_/Y (sky130_fd_sc_hd__nor4_1)
   0.1470   10.6755 v lsu/_33305_/Y (sky130_fd_sc_hd__a222oi_1)
   0.1060   10.7815 ^ lsu/_33311_/Y (sky130_fd_sc_hd__nand2_1)
   0.0657   10.8472 v lsu/_33321_/Y (sky130_fd_sc_hd__nor3_1)
   0.2807   11.1279 v lsu/_33539_/X (sky130_fd_sc_hd__or2_2)
   0.0670   11.1949 ^ lsu/_33540_/Y (sky130_fd_sc_hd__nand2_1)
   0.1031   11.2980 v lsu/_33545_/Y (sky130_fd_sc_hd__o21ai_0)
   0.1640   11.4620 v core/memExeUnit/_191_/X (sky130_fd_sc_hd__buf_4)
   0.1818   11.6438 v core/ll_wbarb/_009_/X (sky130_fd_sc_hd__clkbuf_1)
   0.2456   11.8895 v core/ll_wbarb/_010_/X (sky130_fd_sc_hd__clkbuf_1)
   0.0813   11.9708 ^ core/ll_wbarb/_099_/Y (sky130_fd_sc_hd__inv_1)
   0.1445   12.1153 ^ core/FpPipeline/_2061_/X (sky130_fd_sc_hd__lpflow_inputiso0n_1)
   0.0722   12.1876 v core/FpPipeline/_2071_/Y (sky130_fd_sc_hd__nand2_1)
   0.0986   12.2861 ^ core/FpPipeline/_2073_/Y (sky130_fd_sc_hd__a21oi_1)
   0.1152   12.4013 ^ core/ll_wbarb/_100_/X (sky130_fd_sc_hd__or2_2)
   4.8833   17.2846 ^ core/_3767_/Y (sky130_fd_sc_hd__nor3b_1)
   0.4910   17.7756 v core/int_issue_unit/slots_14/_0763_/Y (sky130_fd_sc_hd__o21ai_0)
   0.4726   18.2482 ^ core/int_issue_unit/slots_14/_0766_/Y (sky130_fd_sc_hd__nor4_1)
   0.1073   18.3555 v core/int_issue_unit/slots_14/_0767_/Y (sky130_fd_sc_hd__nand3_1)
   0.1862   18.5417 v core/int_issue_unit/slots_14/_0791_/X (sky130_fd_sc_hd__and4_1)
   0.1253   18.6670 ^ core/int_issue_unit/slots_14/_0792_/Y (sky130_fd_sc_hd__a21oi_1)
   0.0035   18.6705 ^ core/int_issue_unit/slots_14/_0980_/D (sky130_fd_sc_hd__dfxtp_1)
            18.6705   data arrival time

  20.0000   20.0000   clock clock (rise edge)
   0.0000   20.0000   clock network delay (ideal)
   0.0000   20.0000   clock reconvergence pessimism
            20.0000 ^ core/int_issue_unit/slots_14/_0980_/CLK (sky130_fd_sc_hd__dfxtp_1)
  -0.0722   19.9278   library setup time
            19.9278   data required time
-------------------------------------------------------------
            19.9278   data required time
           -18.6705   data arrival time
-------------------------------------------------------------
             1.2573   slack (MET)


Startpoint: core/_3979_ (rising edge-triggered flip-flop clocked by clock)
Endpoint: core/int_issue_unit/slots_15/_0980_
          (rising edge-triggered flip-flop clocked by clock)
Path Group: clock
Path Type: max

    Delay      Time   Description
-------------------------------------------------------------
   0.0000    0.0000   clock clock (rise edge)
   0.0000    0.0000   clock network delay (ideal)
   0.0000    0.0000 ^ core/_3979_/CLK (sky130_fd_sc_hd__dfxtp_1)
   0.3332    0.3332 ^ core/_3979_/Q (sky130_fd_sc_hd__dfxtp_1)
   0.3006    0.6338 ^ core/_1880_/Y (sky130_fd_sc_hd__nor3b_1)
   0.1036    0.7374 v core/_1881_/Y (sky130_fd_sc_hd__nand2_1)
   5.0797    5.8171 ^ core/_1906_/Y (sky130_fd_sc_hd__o21ai_0)
   0.7998    6.6169 ^ lsu/_64414_/X (sky130_fd_sc_hd__buf_4)
   0.1206    6.7376 v dcache/_2795_/Y (sky130_fd_sc_hd__a22oi_1)
   0.2232    6.9607 v dcache/_2796_/X (sky130_fd_sc_hd__and4_1)
   0.0821    7.0429 ^ dcache/_2797_/Y (sky130_fd_sc_hd__nand2_1)
   0.0867    7.1296 v dcache/_2803_/Y (sky130_fd_sc_hd__nor4_1)
   0.0795    7.2091 ^ dcache/mshrs/_0615_/Y (sky130_fd_sc_hd__inv_1)
   0.0587    7.2678 v dcache/mshrs/_0616_/Y (sky130_fd_sc_hd__nor2_1)
   0.1498    7.4177 v dcache/mshrs/_0617_/Y (sky130_fd_sc_hd__a21boi_0)
   0.2381    7.6557 v dcache/mshrs/_0618_/X (sky130_fd_sc_hd__lpflow_inputiso0n_1)
   0.1857    7.8415 ^ dcache/mshrs/_0752_/Y (sky130_fd_sc_hd__a31oi_1)
   0.0689    7.9104 v dcache/mshrs/_0755_/Y (sky130_fd_sc_hd__nand2_1)
   0.2141    8.1244 v dcache/mshrs/_0756_/X (sky130_fd_sc_hd__a22o_1)
   0.1258    8.2503 v dcache/_2807_/X (sky130_fd_sc_hd__lpflow_isobufsrc_1)
   0.3604    8.6107 ^ dcache/_2808_/Y (sky130_fd_sc_hd__a2111oi_0)
   0.1294    8.7400 v dcache/_2809_/Y (sky130_fd_sc_hd__a311oi_1)
   0.1535    8.8935 ^ dcache/_2810_/X (sky130_fd_sc_hd__lpflow_isobufsrc_1)
   0.0805    8.9740 v dcache/_2812_/Y (sky130_fd_sc_hd__nor3_1)
   0.2226    9.1966 v dcache/_3359_/X (sky130_fd_sc_hd__lpflow_clkbufkapwr_1)
   0.3193    9.5159 v dcache/_3361_/X (sky130_fd_sc_hd__mux2_2)
   0.1608    9.6766 v lsu/_33285_/X (sky130_fd_sc_hd__clkbuf_1)
   0.8519   10.5285 ^ lsu/_33304_/Y (sky130_fd_sc_hd__nor4_1)
   0.1470   10.6755 v lsu/_33305_/Y (sky130_fd_sc_hd__a222oi_1)
   0.1060   10.7815 ^ lsu/_33311_/Y (sky130_fd_sc_hd__nand2_1)
   0.0657   10.8472 v lsu/_33321_/Y (sky130_fd_sc_hd__nor3_1)
   0.2807   11.1279 v lsu/_33539_/X (sky130_fd_sc_hd__or2_2)
   0.0670   11.1949 ^ lsu/_33540_/Y (sky130_fd_sc_hd__nand2_1)
   0.1031   11.2980 v lsu/_33545_/Y (sky130_fd_sc_hd__o21ai_0)
   0.1640   11.4620 v core/memExeUnit/_191_/X (sky130_fd_sc_hd__buf_4)
   0.1818   11.6438 v core/ll_wbarb/_009_/X (sky130_fd_sc_hd__clkbuf_1)
   0.2456   11.8895 v core/ll_wbarb/_010_/X (sky130_fd_sc_hd__clkbuf_1)
   0.0813   11.9708 ^ core/ll_wbarb/_099_/Y (sky130_fd_sc_hd__inv_1)
   0.1445   12.1153 ^ core/FpPipeline/_2061_/X (sky130_fd_sc_hd__lpflow_inputiso0n_1)
   0.0722   12.1876 v core/FpPipeline/_2071_/Y (sky130_fd_sc_hd__nand2_1)
   0.0986   12.2861 ^ core/FpPipeline/_2073_/Y (sky130_fd_sc_hd__a21oi_1)
   0.1152   12.4013 ^ core/ll_wbarb/_100_/X (sky130_fd_sc_hd__or2_2)
   4.8833   17.2846 ^ core/_3767_/Y (sky130_fd_sc_hd__nor3b_1)
   0.4910   17.7756 v core/int_issue_unit/slots_15/_0763_/Y (sky130_fd_sc_hd__o21ai_0)
   0.4726   18.2482 ^ core/int_issue_unit/slots_15/_0766_/Y (sky130_fd_sc_hd__nor4_1)
   0.1073   18.3555 v core/int_issue_unit/slots_15/_0767_/Y (sky130_fd_sc_hd__nand3_1)
   0.1862   18.5417 v core/int_issue_unit/slots_15/_0791_/X (sky130_fd_sc_hd__and4_1)
   0.1253   18.6670 ^ core/int_issue_unit/slots_15/_0792_/Y (sky130_fd_sc_hd__a21oi_1)
   0.0035   18.6705 ^ core/int_issue_unit/slots_15/_0980_/D (sky130_fd_sc_hd__dfxtp_1)
            18.6705   data arrival time

  20.0000   20.0000   clock clock (rise edge)
   0.0000   20.0000   clock network delay (ideal)
   0.0000   20.0000   clock reconvergence pessimism
            20.0000 ^ core/int_issue_unit/slots_15/_0980_/CLK (sky130_fd_sc_hd__dfxtp_1)
  -0.0722   19.9278   library setup time
            19.9278   data required time
-------------------------------------------------------------
            19.9278   data required time
           -18.6705   data arrival time
-------------------------------------------------------------
             1.2573   slack (MET)


Startpoint: core/_3979_ (rising edge-triggered flip-flop clocked by clock)
Endpoint: core/int_issue_unit/slots_16/_0980_
          (rising edge-triggered flip-flop clocked by clock)
Path Group: clock
Path Type: max

    Delay      Time   Description
-------------------------------------------------------------
   0.0000    0.0000   clock clock (rise edge)
   0.0000    0.0000   clock network delay (ideal)
   0.0000    0.0000 ^ core/_3979_/CLK (sky130_fd_sc_hd__dfxtp_1)
   0.3332    0.3332 ^ core/_3979_/Q (sky130_fd_sc_hd__dfxtp_1)
   0.3006    0.6338 ^ core/_1880_/Y (sky130_fd_sc_hd__nor3b_1)
   0.1036    0.7374 v core/_1881_/Y (sky130_fd_sc_hd__nand2_1)
   5.0797    5.8171 ^ core/_1906_/Y (sky130_fd_sc_hd__o21ai_0)
   0.7998    6.6169 ^ lsu/_64414_/X (sky130_fd_sc_hd__buf_4)
   0.1206    6.7376 v dcache/_2795_/Y (sky130_fd_sc_hd__a22oi_1)
   0.2232    6.9607 v dcache/_2796_/X (sky130_fd_sc_hd__and4_1)
   0.0821    7.0429 ^ dcache/_2797_/Y (sky130_fd_sc_hd__nand2_1)
   0.0867    7.1296 v dcache/_2803_/Y (sky130_fd_sc_hd__nor4_1)
   0.0795    7.2091 ^ dcache/mshrs/_0615_/Y (sky130_fd_sc_hd__inv_1)
   0.0587    7.2678 v dcache/mshrs/_0616_/Y (sky130_fd_sc_hd__nor2_1)
   0.1498    7.4177 v dcache/mshrs/_0617_/Y (sky130_fd_sc_hd__a21boi_0)
   0.2381    7.6557 v dcache/mshrs/_0618_/X (sky130_fd_sc_hd__lpflow_inputiso0n_1)
   0.1857    7.8415 ^ dcache/mshrs/_0752_/Y (sky130_fd_sc_hd__a31oi_1)
   0.0689    7.9104 v dcache/mshrs/_0755_/Y (sky130_fd_sc_hd__nand2_1)
   0.2141    8.1244 v dcache/mshrs/_0756_/X (sky130_fd_sc_hd__a22o_1)
   0.1258    8.2503 v dcache/_2807_/X (sky130_fd_sc_hd__lpflow_isobufsrc_1)
   0.3604    8.6107 ^ dcache/_2808_/Y (sky130_fd_sc_hd__a2111oi_0)
   0.1294    8.7400 v dcache/_2809_/Y (sky130_fd_sc_hd__a311oi_1)
   0.1535    8.8935 ^ dcache/_2810_/X (sky130_fd_sc_hd__lpflow_isobufsrc_1)
   0.0805    8.9740 v dcache/_2812_/Y (sky130_fd_sc_hd__nor3_1)
   0.2226    9.1966 v dcache/_3359_/X (sky130_fd_sc_hd__lpflow_clkbufkapwr_1)
   0.3193    9.5159 v dcache/_3361_/X (sky130_fd_sc_hd__mux2_2)
   0.1608    9.6766 v lsu/_33285_/X (sky130_fd_sc_hd__clkbuf_1)
   0.8519   10.5285 ^ lsu/_33304_/Y (sky130_fd_sc_hd__nor4_1)
   0.1470   10.6755 v lsu/_33305_/Y (sky130_fd_sc_hd__a222oi_1)
   0.1060   10.7815 ^ lsu/_33311_/Y (sky130_fd_sc_hd__nand2_1)
   0.0657   10.8472 v lsu/_33321_/Y (sky130_fd_sc_hd__nor3_1)
   0.2807   11.1279 v lsu/_33539_/X (sky130_fd_sc_hd__or2_2)
   0.0670   11.1949 ^ lsu/_33540_/Y (sky130_fd_sc_hd__nand2_1)
   0.1031   11.2980 v lsu/_33545_/Y (sky130_fd_sc_hd__o21ai_0)
   0.1640   11.4620 v core/memExeUnit/_191_/X (sky130_fd_sc_hd__buf_4)
   0.1818   11.6438 v core/ll_wbarb/_009_/X (sky130_fd_sc_hd__clkbuf_1)
   0.2456   11.8895 v core/ll_wbarb/_010_/X (sky130_fd_sc_hd__clkbuf_1)
   0.0813   11.9708 ^ core/ll_wbarb/_099_/Y (sky130_fd_sc_hd__inv_1)
   0.1445   12.1153 ^ core/FpPipeline/_2061_/X (sky130_fd_sc_hd__lpflow_inputiso0n_1)
   0.0722   12.1876 v core/FpPipeline/_2071_/Y (sky130_fd_sc_hd__nand2_1)
   0.0986   12.2861 ^ core/FpPipeline/_2073_/Y (sky130_fd_sc_hd__a21oi_1)
   0.1152   12.4013 ^ core/ll_wbarb/_100_/X (sky130_fd_sc_hd__or2_2)
   4.8833   17.2846 ^ core/_3767_/Y (sky130_fd_sc_hd__nor3b_1)
   0.4910   17.7756 v core/int_issue_unit/slots_16/_0763_/Y (sky130_fd_sc_hd__o21ai_0)
   0.4726   18.2482 ^ core/int_issue_unit/slots_16/_0766_/Y (sky130_fd_sc_hd__nor4_1)
   0.1073   18.3555 v core/int_issue_unit/slots_16/_0767_/Y (sky130_fd_sc_hd__nand3_1)
   0.1862   18.5417 v core/int_issue_unit/slots_16/_0791_/X (sky130_fd_sc_hd__and4_1)
   0.1253   18.6670 ^ core/int_issue_unit/slots_16/_0792_/Y (sky130_fd_sc_hd__a21oi_1)
   0.0035   18.6705 ^ core/int_issue_unit/slots_16/_0980_/D (sky130_fd_sc_hd__dfxtp_1)
            18.6705   data arrival time

  20.0000   20.0000   clock clock (rise edge)
   0.0000   20.0000   clock network delay (ideal)
   0.0000   20.0000   clock reconvergence pessimism
            20.0000 ^ core/int_issue_unit/slots_16/_0980_/CLK (sky130_fd_sc_hd__dfxtp_1)
  -0.0722   19.9278   library setup time
            19.9278   data required time
-------------------------------------------------------------
            19.9278   data required time
           -18.6705   data arrival time
-------------------------------------------------------------
             1.2573   slack (MET)


Startpoint: core/_3979_ (rising edge-triggered flip-flop clocked by clock)
Endpoint: core/int_issue_unit/slots_17/_0980_
          (rising edge-triggered flip-flop clocked by clock)
Path Group: clock
Path Type: max

    Delay      Time   Description
-------------------------------------------------------------
   0.0000    0.0000   clock clock (rise edge)
   0.0000    0.0000   clock network delay (ideal)
   0.0000    0.0000 ^ core/_3979_/CLK (sky130_fd_sc_hd__dfxtp_1)
   0.3332    0.3332 ^ core/_3979_/Q (sky130_fd_sc_hd__dfxtp_1)
   0.3006    0.6338 ^ core/_1880_/Y (sky130_fd_sc_hd__nor3b_1)
   0.1036    0.7374 v core/_1881_/Y (sky130_fd_sc_hd__nand2_1)
   5.0797    5.8171 ^ core/_1906_/Y (sky130_fd_sc_hd__o21ai_0)
   0.7998    6.6169 ^ lsu/_64414_/X (sky130_fd_sc_hd__buf_4)
   0.1206    6.7376 v dcache/_2795_/Y (sky130_fd_sc_hd__a22oi_1)
   0.2232    6.9607 v dcache/_2796_/X (sky130_fd_sc_hd__and4_1)
   0.0821    7.0429 ^ dcache/_2797_/Y (sky130_fd_sc_hd__nand2_1)
   0.0867    7.1296 v dcache/_2803_/Y (sky130_fd_sc_hd__nor4_1)
   0.0795    7.2091 ^ dcache/mshrs/_0615_/Y (sky130_fd_sc_hd__inv_1)
   0.0587    7.2678 v dcache/mshrs/_0616_/Y (sky130_fd_sc_hd__nor2_1)
   0.1498    7.4177 v dcache/mshrs/_0617_/Y (sky130_fd_sc_hd__a21boi_0)
   0.2381    7.6557 v dcache/mshrs/_0618_/X (sky130_fd_sc_hd__lpflow_inputiso0n_1)
   0.1857    7.8415 ^ dcache/mshrs/_0752_/Y (sky130_fd_sc_hd__a31oi_1)
   0.0689    7.9104 v dcache/mshrs/_0755_/Y (sky130_fd_sc_hd__nand2_1)
   0.2141    8.1244 v dcache/mshrs/_0756_/X (sky130_fd_sc_hd__a22o_1)
   0.1258    8.2503 v dcache/_2807_/X (sky130_fd_sc_hd__lpflow_isobufsrc_1)
   0.3604    8.6107 ^ dcache/_2808_/Y (sky130_fd_sc_hd__a2111oi_0)
   0.1294    8.7400 v dcache/_2809_/Y (sky130_fd_sc_hd__a311oi_1)
   0.1535    8.8935 ^ dcache/_2810_/X (sky130_fd_sc_hd__lpflow_isobufsrc_1)
   0.0805    8.9740 v dcache/_2812_/Y (sky130_fd_sc_hd__nor3_1)
   0.2226    9.1966 v dcache/_3359_/X (sky130_fd_sc_hd__lpflow_clkbufkapwr_1)
   0.3193    9.5159 v dcache/_3361_/X (sky130_fd_sc_hd__mux2_2)
   0.1608    9.6766 v lsu/_33285_/X (sky130_fd_sc_hd__clkbuf_1)
   0.8519   10.5285 ^ lsu/_33304_/Y (sky130_fd_sc_hd__nor4_1)
   0.1470   10.6755 v lsu/_33305_/Y (sky130_fd_sc_hd__a222oi_1)
   0.1060   10.7815 ^ lsu/_33311_/Y (sky130_fd_sc_hd__nand2_1)
   0.0657   10.8472 v lsu/_33321_/Y (sky130_fd_sc_hd__nor3_1)
   0.2807   11.1279 v lsu/_33539_/X (sky130_fd_sc_hd__or2_2)
   0.0670   11.1949 ^ lsu/_33540_/Y (sky130_fd_sc_hd__nand2_1)
   0.1031   11.2980 v lsu/_33545_/Y (sky130_fd_sc_hd__o21ai_0)
   0.1640   11.4620 v core/memExeUnit/_191_/X (sky130_fd_sc_hd__buf_4)
   0.1818   11.6438 v core/ll_wbarb/_009_/X (sky130_fd_sc_hd__clkbuf_1)
   0.2456   11.8895 v core/ll_wbarb/_010_/X (sky130_fd_sc_hd__clkbuf_1)
   0.0813   11.9708 ^ core/ll_wbarb/_099_/Y (sky130_fd_sc_hd__inv_1)
   0.1445   12.1153 ^ core/FpPipeline/_2061_/X (sky130_fd_sc_hd__lpflow_inputiso0n_1)
   0.0722   12.1876 v core/FpPipeline/_2071_/Y (sky130_fd_sc_hd__nand2_1)
   0.0986   12.2861 ^ core/FpPipeline/_2073_/Y (sky130_fd_sc_hd__a21oi_1)
   0.1152   12.4013 ^ core/ll_wbarb/_100_/X (sky130_fd_sc_hd__or2_2)
   4.8833   17.2846 ^ core/_3767_/Y (sky130_fd_sc_hd__nor3b_1)
   0.4910   17.7756 v core/int_issue_unit/slots_17/_0763_/Y (sky130_fd_sc_hd__o21ai_0)
   0.4726   18.2482 ^ core/int_issue_unit/slots_17/_0766_/Y (sky130_fd_sc_hd__nor4_1)
   0.1073   18.3555 v core/int_issue_unit/slots_17/_0767_/Y (sky130_fd_sc_hd__nand3_1)
   0.1862   18.5417 v core/int_issue_unit/slots_17/_0791_/X (sky130_fd_sc_hd__and4_1)
   0.1253   18.6670 ^ core/int_issue_unit/slots_17/_0792_/Y (sky130_fd_sc_hd__a21oi_1)
   0.0035   18.6705 ^ core/int_issue_unit/slots_17/_0980_/D (sky130_fd_sc_hd__dfxtp_1)
            18.6705   data arrival time

  20.0000   20.0000   clock clock (rise edge)
   0.0000   20.0000   clock network delay (ideal)
   0.0000   20.0000   clock reconvergence pessimism
            20.0000 ^ core/int_issue_unit/slots_17/_0980_/CLK (sky130_fd_sc_hd__dfxtp_1)
  -0.0722   19.9278   library setup time
            19.9278   data required time
-------------------------------------------------------------
            19.9278   data required time
           -18.6705   data arrival time
-------------------------------------------------------------
             1.2573   slack (MET)


Startpoint: core/_3979_ (rising edge-triggered flip-flop clocked by clock)
Endpoint: core/int_issue_unit/slots_18/_0980_
          (rising edge-triggered flip-flop clocked by clock)
Path Group: clock
Path Type: max

    Delay      Time   Description
-------------------------------------------------------------
   0.0000    0.0000   clock clock (rise edge)
   0.0000    0.0000   clock network delay (ideal)
   0.0000    0.0000 ^ core/_3979_/CLK (sky130_fd_sc_hd__dfxtp_1)
   0.3332    0.3332 ^ core/_3979_/Q (sky130_fd_sc_hd__dfxtp_1)
   0.3006    0.6338 ^ core/_1880_/Y (sky130_fd_sc_hd__nor3b_1)
   0.1036    0.7374 v core/_1881_/Y (sky130_fd_sc_hd__nand2_1)
   5.0797    5.8171 ^ core/_1906_/Y (sky130_fd_sc_hd__o21ai_0)
   0.7998    6.6169 ^ lsu/_64414_/X (sky130_fd_sc_hd__buf_4)
   0.1206    6.7376 v dcache/_2795_/Y (sky130_fd_sc_hd__a22oi_1)
   0.2232    6.9607 v dcache/_2796_/X (sky130_fd_sc_hd__and4_1)
   0.0821    7.0429 ^ dcache/_2797_/Y (sky130_fd_sc_hd__nand2_1)
   0.0867    7.1296 v dcache/_2803_/Y (sky130_fd_sc_hd__nor4_1)
   0.0795    7.2091 ^ dcache/mshrs/_0615_/Y (sky130_fd_sc_hd__inv_1)
   0.0587    7.2678 v dcache/mshrs/_0616_/Y (sky130_fd_sc_hd__nor2_1)
   0.1498    7.4177 v dcache/mshrs/_0617_/Y (sky130_fd_sc_hd__a21boi_0)
   0.2381    7.6557 v dcache/mshrs/_0618_/X (sky130_fd_sc_hd__lpflow_inputiso0n_1)
   0.1857    7.8415 ^ dcache/mshrs/_0752_/Y (sky130_fd_sc_hd__a31oi_1)
   0.0689    7.9104 v dcache/mshrs/_0755_/Y (sky130_fd_sc_hd__nand2_1)
   0.2141    8.1244 v dcache/mshrs/_0756_/X (sky130_fd_sc_hd__a22o_1)
   0.1258    8.2503 v dcache/_2807_/X (sky130_fd_sc_hd__lpflow_isobufsrc_1)
   0.3604    8.6107 ^ dcache/_2808_/Y (sky130_fd_sc_hd__a2111oi_0)
   0.1294    8.7400 v dcache/_2809_/Y (sky130_fd_sc_hd__a311oi_1)
   0.1535    8.8935 ^ dcache/_2810_/X (sky130_fd_sc_hd__lpflow_isobufsrc_1)
   0.0805    8.9740 v dcache/_2812_/Y (sky130_fd_sc_hd__nor3_1)
   0.2226    9.1966 v dcache/_3359_/X (sky130_fd_sc_hd__lpflow_clkbufkapwr_1)
   0.3193    9.5159 v dcache/_3361_/X (sky130_fd_sc_hd__mux2_2)
   0.1608    9.6766 v lsu/_33285_/X (sky130_fd_sc_hd__clkbuf_1)
   0.8519   10.5285 ^ lsu/_33304_/Y (sky130_fd_sc_hd__nor4_1)
   0.1470   10.6755 v lsu/_33305_/Y (sky130_fd_sc_hd__a222oi_1)
   0.1060   10.7815 ^ lsu/_33311_/Y (sky130_fd_sc_hd__nand2_1)
   0.0657   10.8472 v lsu/_33321_/Y (sky130_fd_sc_hd__nor3_1)
   0.2807   11.1279 v lsu/_33539_/X (sky130_fd_sc_hd__or2_2)
   0.0670   11.1949 ^ lsu/_33540_/Y (sky130_fd_sc_hd__nand2_1)
   0.1031   11.2980 v lsu/_33545_/Y (sky130_fd_sc_hd__o21ai_0)
   0.1640   11.4620 v core/memExeUnit/_191_/X (sky130_fd_sc_hd__buf_4)
   0.1818   11.6438 v core/ll_wbarb/_009_/X (sky130_fd_sc_hd__clkbuf_1)
   0.2456   11.8895 v core/ll_wbarb/_010_/X (sky130_fd_sc_hd__clkbuf_1)
   0.0813   11.9708 ^ core/ll_wbarb/_099_/Y (sky130_fd_sc_hd__inv_1)
   0.1445   12.1153 ^ core/FpPipeline/_2061_/X (sky130_fd_sc_hd__lpflow_inputiso0n_1)
   0.0722   12.1876 v core/FpPipeline/_2071_/Y (sky130_fd_sc_hd__nand2_1)
   0.0986   12.2861 ^ core/FpPipeline/_2073_/Y (sky130_fd_sc_hd__a21oi_1)
   0.1152   12.4013 ^ core/ll_wbarb/_100_/X (sky130_fd_sc_hd__or2_2)
   4.8833   17.2846 ^ core/_3767_/Y (sky130_fd_sc_hd__nor3b_1)
   0.4910   17.7756 v core/int_issue_unit/slots_18/_0763_/Y (sky130_fd_sc_hd__o21ai_0)
   0.4726   18.2482 ^ core/int_issue_unit/slots_18/_0766_/Y (sky130_fd_sc_hd__nor4_1)
   0.1073   18.3555 v core/int_issue_unit/slots_18/_0767_/Y (sky130_fd_sc_hd__nand3_1)
   0.1862   18.5417 v core/int_issue_unit/slots_18/_0791_/X (sky130_fd_sc_hd__and4_1)
   0.1253   18.6670 ^ core/int_issue_unit/slots_18/_0792_/Y (sky130_fd_sc_hd__a21oi_1)
   0.0035   18.6705 ^ core/int_issue_unit/slots_18/_0980_/D (sky130_fd_sc_hd__dfxtp_1)
            18.6705   data arrival time

  20.0000   20.0000   clock clock (rise edge)
   0.0000   20.0000   clock network delay (ideal)
   0.0000   20.0000   clock reconvergence pessimism
            20.0000 ^ core/int_issue_unit/slots_18/_0980_/CLK (sky130_fd_sc_hd__dfxtp_1)
  -0.0722   19.9278   library setup time
            19.9278   data required time
-------------------------------------------------------------
            19.9278   data required time
           -18.6705   data arrival time
-------------------------------------------------------------
             1.2573   slack (MET)


Startpoint: core/_3979_ (rising edge-triggered flip-flop clocked by clock)
Endpoint: core/int_issue_unit/slots_19/_0980_
          (rising edge-triggered flip-flop clocked by clock)
Path Group: clock
Path Type: max

    Delay      Time   Description
-------------------------------------------------------------
   0.0000    0.0000   clock clock (rise edge)
   0.0000    0.0000   clock network delay (ideal)
   0.0000    0.0000 ^ core/_3979_/CLK (sky130_fd_sc_hd__dfxtp_1)
   0.3332    0.3332 ^ core/_3979_/Q (sky130_fd_sc_hd__dfxtp_1)
   0.3006    0.6338 ^ core/_1880_/Y (sky130_fd_sc_hd__nor3b_1)
   0.1036    0.7374 v core/_1881_/Y (sky130_fd_sc_hd__nand2_1)
   5.0797    5.8171 ^ core/_1906_/Y (sky130_fd_sc_hd__o21ai_0)
   0.7998    6.6169 ^ lsu/_64414_/X (sky130_fd_sc_hd__buf_4)
   0.1206    6.7376 v dcache/_2795_/Y (sky130_fd_sc_hd__a22oi_1)
   0.2232    6.9607 v dcache/_2796_/X (sky130_fd_sc_hd__and4_1)
   0.0821    7.0429 ^ dcache/_2797_/Y (sky130_fd_sc_hd__nand2_1)
   0.0867    7.1296 v dcache/_2803_/Y (sky130_fd_sc_hd__nor4_1)
   0.0795    7.2091 ^ dcache/mshrs/_0615_/Y (sky130_fd_sc_hd__inv_1)
   0.0587    7.2678 v dcache/mshrs/_0616_/Y (sky130_fd_sc_hd__nor2_1)
   0.1498    7.4177 v dcache/mshrs/_0617_/Y (sky130_fd_sc_hd__a21boi_0)
   0.2381    7.6557 v dcache/mshrs/_0618_/X (sky130_fd_sc_hd__lpflow_inputiso0n_1)
   0.1857    7.8415 ^ dcache/mshrs/_0752_/Y (sky130_fd_sc_hd__a31oi_1)
   0.0689    7.9104 v dcache/mshrs/_0755_/Y (sky130_fd_sc_hd__nand2_1)
   0.2141    8.1244 v dcache/mshrs/_0756_/X (sky130_fd_sc_hd__a22o_1)
   0.1258    8.2503 v dcache/_2807_/X (sky130_fd_sc_hd__lpflow_isobufsrc_1)
   0.3604    8.6107 ^ dcache/_2808_/Y (sky130_fd_sc_hd__a2111oi_0)
   0.1294    8.7400 v dcache/_2809_/Y (sky130_fd_sc_hd__a311oi_1)
   0.1535    8.8935 ^ dcache/_2810_/X (sky130_fd_sc_hd__lpflow_isobufsrc_1)
   0.0805    8.9740 v dcache/_2812_/Y (sky130_fd_sc_hd__nor3_1)
   0.2226    9.1966 v dcache/_3359_/X (sky130_fd_sc_hd__lpflow_clkbufkapwr_1)
   0.3193    9.5159 v dcache/_3361_/X (sky130_fd_sc_hd__mux2_2)
   0.1608    9.6766 v lsu/_33285_/X (sky130_fd_sc_hd__clkbuf_1)
   0.8519   10.5285 ^ lsu/_33304_/Y (sky130_fd_sc_hd__nor4_1)
   0.1470   10.6755 v lsu/_33305_/Y (sky130_fd_sc_hd__a222oi_1)
   0.1060   10.7815 ^ lsu/_33311_/Y (sky130_fd_sc_hd__nand2_1)
   0.0657   10.8472 v lsu/_33321_/Y (sky130_fd_sc_hd__nor3_1)
   0.2807   11.1279 v lsu/_33539_/X (sky130_fd_sc_hd__or2_2)
   0.0670   11.1949 ^ lsu/_33540_/Y (sky130_fd_sc_hd__nand2_1)
   0.1031   11.2980 v lsu/_33545_/Y (sky130_fd_sc_hd__o21ai_0)
   0.1640   11.4620 v core/memExeUnit/_191_/X (sky130_fd_sc_hd__buf_4)
   0.1818   11.6438 v core/ll_wbarb/_009_/X (sky130_fd_sc_hd__clkbuf_1)
   0.2456   11.8895 v core/ll_wbarb/_010_/X (sky130_fd_sc_hd__clkbuf_1)
   0.0813   11.9708 ^ core/ll_wbarb/_099_/Y (sky130_fd_sc_hd__inv_1)
   0.1445   12.1153 ^ core/FpPipeline/_2061_/X (sky130_fd_sc_hd__lpflow_inputiso0n_1)
   0.0722   12.1876 v core/FpPipeline/_2071_/Y (sky130_fd_sc_hd__nand2_1)
   0.0986   12.2861 ^ core/FpPipeline/_2073_/Y (sky130_fd_sc_hd__a21oi_1)
   0.1152   12.4013 ^ core/ll_wbarb/_100_/X (sky130_fd_sc_hd__or2_2)
   4.8833   17.2846 ^ core/_3767_/Y (sky130_fd_sc_hd__nor3b_1)
   0.4910   17.7756 v core/int_issue_unit/slots_19/_0763_/Y (sky130_fd_sc_hd__o21ai_0)
   0.4726   18.2482 ^ core/int_issue_unit/slots_19/_0766_/Y (sky130_fd_sc_hd__nor4_1)
   0.1073   18.3555 v core/int_issue_unit/slots_19/_0767_/Y (sky130_fd_sc_hd__nand3_1)
   0.1862   18.5417 v core/int_issue_unit/slots_19/_0791_/X (sky130_fd_sc_hd__and4_1)
   0.1253   18.6670 ^ core/int_issue_unit/slots_19/_0792_/Y (sky130_fd_sc_hd__a21oi_1)
   0.0035   18.6705 ^ core/int_issue_unit/slots_19/_0980_/D (sky130_fd_sc_hd__dfxtp_1)
            18.6705   data arrival time

  20.0000   20.0000   clock clock (rise edge)
   0.0000   20.0000   clock network delay (ideal)
   0.0000   20.0000   clock reconvergence pessimism
            20.0000 ^ core/int_issue_unit/slots_19/_0980_/CLK (sky130_fd_sc_hd__dfxtp_1)
  -0.0722   19.9278   library setup time
            19.9278   data required time
-------------------------------------------------------------
            19.9278   data required time
           -18.6705   data arrival time
-------------------------------------------------------------
             1.2573   slack (MET)


Startpoint: core/_3979_ (rising edge-triggered flip-flop clocked by clock)
Endpoint: core/int_issue_unit/slots_2/_0980_
          (rising edge-triggered flip-flop clocked by clock)
Path Group: clock
Path Type: max

    Delay      Time   Description
-------------------------------------------------------------
   0.0000    0.0000   clock clock (rise edge)
   0.0000    0.0000   clock network delay (ideal)
   0.0000    0.0000 ^ core/_3979_/CLK (sky130_fd_sc_hd__dfxtp_1)
   0.3332    0.3332 ^ core/_3979_/Q (sky130_fd_sc_hd__dfxtp_1)
   0.3006    0.6338 ^ core/_1880_/Y (sky130_fd_sc_hd__nor3b_1)
   0.1036    0.7374 v core/_1881_/Y (sky130_fd_sc_hd__nand2_1)
   5.0797    5.8171 ^ core/_1906_/Y (sky130_fd_sc_hd__o21ai_0)
   0.7998    6.6169 ^ lsu/_64414_/X (sky130_fd_sc_hd__buf_4)
   0.1206    6.7376 v dcache/_2795_/Y (sky130_fd_sc_hd__a22oi_1)
   0.2232    6.9607 v dcache/_2796_/X (sky130_fd_sc_hd__and4_1)
   0.0821    7.0429 ^ dcache/_2797_/Y (sky130_fd_sc_hd__nand2_1)
   0.0867    7.1296 v dcache/_2803_/Y (sky130_fd_sc_hd__nor4_1)
   0.0795    7.2091 ^ dcache/mshrs/_0615_/Y (sky130_fd_sc_hd__inv_1)
   0.0587    7.2678 v dcache/mshrs/_0616_/Y (sky130_fd_sc_hd__nor2_1)
   0.1498    7.4177 v dcache/mshrs/_0617_/Y (sky130_fd_sc_hd__a21boi_0)
   0.2381    7.6557 v dcache/mshrs/_0618_/X (sky130_fd_sc_hd__lpflow_inputiso0n_1)
   0.1857    7.8415 ^ dcache/mshrs/_0752_/Y (sky130_fd_sc_hd__a31oi_1)
   0.0689    7.9104 v dcache/mshrs/_0755_/Y (sky130_fd_sc_hd__nand2_1)
   0.2141    8.1244 v dcache/mshrs/_0756_/X (sky130_fd_sc_hd__a22o_1)
   0.1258    8.2503 v dcache/_2807_/X (sky130_fd_sc_hd__lpflow_isobufsrc_1)
   0.3604    8.6107 ^ dcache/_2808_/Y (sky130_fd_sc_hd__a2111oi_0)
   0.1294    8.7400 v dcache/_2809_/Y (sky130_fd_sc_hd__a311oi_1)
   0.1535    8.8935 ^ dcache/_2810_/X (sky130_fd_sc_hd__lpflow_isobufsrc_1)
   0.0805    8.9740 v dcache/_2812_/Y (sky130_fd_sc_hd__nor3_1)
   0.2226    9.1966 v dcache/_3359_/X (sky130_fd_sc_hd__lpflow_clkbufkapwr_1)
   0.3193    9.5159 v dcache/_3361_/X (sky130_fd_sc_hd__mux2_2)
   0.1608    9.6766 v lsu/_33285_/X (sky130_fd_sc_hd__clkbuf_1)
   0.8519   10.5285 ^ lsu/_33304_/Y (sky130_fd_sc_hd__nor4_1)
   0.1470   10.6755 v lsu/_33305_/Y (sky130_fd_sc_hd__a222oi_1)
   0.1060   10.7815 ^ lsu/_33311_/Y (sky130_fd_sc_hd__nand2_1)
   0.0657   10.8472 v lsu/_33321_/Y (sky130_fd_sc_hd__nor3_1)
   0.2807   11.1279 v lsu/_33539_/X (sky130_fd_sc_hd__or2_2)
   0.0670   11.1949 ^ lsu/_33540_/Y (sky130_fd_sc_hd__nand2_1)
   0.1031   11.2980 v lsu/_33545_/Y (sky130_fd_sc_hd__o21ai_0)
   0.1640   11.4620 v core/memExeUnit/_191_/X (sky130_fd_sc_hd__buf_4)
   0.1818   11.6438 v core/ll_wbarb/_009_/X (sky130_fd_sc_hd__clkbuf_1)
   0.2456   11.8895 v core/ll_wbarb/_010_/X (sky130_fd_sc_hd__clkbuf_1)
   0.0813   11.9708 ^ core/ll_wbarb/_099_/Y (sky130_fd_sc_hd__inv_1)
   0.1445   12.1153 ^ core/FpPipeline/_2061_/X (sky130_fd_sc_hd__lpflow_inputiso0n_1)
   0.0722   12.1876 v core/FpPipeline/_2071_/Y (sky130_fd_sc_hd__nand2_1)
   0.0986   12.2861 ^ core/FpPipeline/_2073_/Y (sky130_fd_sc_hd__a21oi_1)
   0.1152   12.4013 ^ core/ll_wbarb/_100_/X (sky130_fd_sc_hd__or2_2)
   4.8833   17.2846 ^ core/_3767_/Y (sky130_fd_sc_hd__nor3b_1)
   0.4910   17.7756 v core/int_issue_unit/slots_2/_0763_/Y (sky130_fd_sc_hd__o21ai_0)
   0.4726   18.2482 ^ core/int_issue_unit/slots_2/_0766_/Y (sky130_fd_sc_hd__nor4_1)
   0.1073   18.3555 v core/int_issue_unit/slots_2/_0767_/Y (sky130_fd_sc_hd__nand3_1)
   0.1862   18.5417 v core/int_issue_unit/slots_2/_0791_/X (sky130_fd_sc_hd__and4_1)
   0.1253   18.6670 ^ core/int_issue_unit/slots_2/_0792_/Y (sky130_fd_sc_hd__a21oi_1)
   0.0035   18.6705 ^ core/int_issue_unit/slots_2/_0980_/D (sky130_fd_sc_hd__dfxtp_1)
            18.6705   data arrival time

  20.0000   20.0000   clock clock (rise edge)
   0.0000   20.0000   clock network delay (ideal)
   0.0000   20.0000   clock reconvergence pessimism
            20.0000 ^ core/int_issue_unit/slots_2/_0980_/CLK (sky130_fd_sc_hd__dfxtp_1)
  -0.0722   19.9278   library setup time
            19.9278   data required time
-------------------------------------------------------------
            19.9278   data required time
           -18.6705   data arrival time
-------------------------------------------------------------
             1.2573   slack (MET)


Startpoint: core/_3979_ (rising edge-triggered flip-flop clocked by clock)
Endpoint: core/int_issue_unit/slots_3/_0980_
          (rising edge-triggered flip-flop clocked by clock)
Path Group: clock
Path Type: max

    Delay      Time   Description
-------------------------------------------------------------
   0.0000    0.0000   clock clock (rise edge)
   0.0000    0.0000   clock network delay (ideal)
   0.0000    0.0000 ^ core/_3979_/CLK (sky130_fd_sc_hd__dfxtp_1)
   0.3332    0.3332 ^ core/_3979_/Q (sky130_fd_sc_hd__dfxtp_1)
   0.3006    0.6338 ^ core/_1880_/Y (sky130_fd_sc_hd__nor3b_1)
   0.1036    0.7374 v core/_1881_/Y (sky130_fd_sc_hd__nand2_1)
   5.0797    5.8171 ^ core/_1906_/Y (sky130_fd_sc_hd__o21ai_0)
   0.7998    6.6169 ^ lsu/_64414_/X (sky130_fd_sc_hd__buf_4)
   0.1206    6.7376 v dcache/_2795_/Y (sky130_fd_sc_hd__a22oi_1)
   0.2232    6.9607 v dcache/_2796_/X (sky130_fd_sc_hd__and4_1)
   0.0821    7.0429 ^ dcache/_2797_/Y (sky130_fd_sc_hd__nand2_1)
   0.0867    7.1296 v dcache/_2803_/Y (sky130_fd_sc_hd__nor4_1)
   0.0795    7.2091 ^ dcache/mshrs/_0615_/Y (sky130_fd_sc_hd__inv_1)
   0.0587    7.2678 v dcache/mshrs/_0616_/Y (sky130_fd_sc_hd__nor2_1)
   0.1498    7.4177 v dcache/mshrs/_0617_/Y (sky130_fd_sc_hd__a21boi_0)
   0.2381    7.6557 v dcache/mshrs/_0618_/X (sky130_fd_sc_hd__lpflow_inputiso0n_1)
   0.1857    7.8415 ^ dcache/mshrs/_0752_/Y (sky130_fd_sc_hd__a31oi_1)
   0.0689    7.9104 v dcache/mshrs/_0755_/Y (sky130_fd_sc_hd__nand2_1)
   0.2141    8.1244 v dcache/mshrs/_0756_/X (sky130_fd_sc_hd__a22o_1)
   0.1258    8.2503 v dcache/_2807_/X (sky130_fd_sc_hd__lpflow_isobufsrc_1)
   0.3604    8.6107 ^ dcache/_2808_/Y (sky130_fd_sc_hd__a2111oi_0)
   0.1294    8.7400 v dcache/_2809_/Y (sky130_fd_sc_hd__a311oi_1)
   0.1535    8.8935 ^ dcache/_2810_/X (sky130_fd_sc_hd__lpflow_isobufsrc_1)
   0.0805    8.9740 v dcache/_2812_/Y (sky130_fd_sc_hd__nor3_1)
   0.2226    9.1966 v dcache/_3359_/X (sky130_fd_sc_hd__lpflow_clkbufkapwr_1)
   0.3193    9.5159 v dcache/_3361_/X (sky130_fd_sc_hd__mux2_2)
   0.1608    9.6766 v lsu/_33285_/X (sky130_fd_sc_hd__clkbuf_1)
   0.8519   10.5285 ^ lsu/_33304_/Y (sky130_fd_sc_hd__nor4_1)
   0.1470   10.6755 v lsu/_33305_/Y (sky130_fd_sc_hd__a222oi_1)
   0.1060   10.7815 ^ lsu/_33311_/Y (sky130_fd_sc_hd__nand2_1)
   0.0657   10.8472 v lsu/_33321_/Y (sky130_fd_sc_hd__nor3_1)
   0.2807   11.1279 v lsu/_33539_/X (sky130_fd_sc_hd__or2_2)
   0.0670   11.1949 ^ lsu/_33540_/Y (sky130_fd_sc_hd__nand2_1)
   0.1031   11.2980 v lsu/_33545_/Y (sky130_fd_sc_hd__o21ai_0)
   0.1640   11.4620 v core/memExeUnit/_191_/X (sky130_fd_sc_hd__buf_4)
   0.1818   11.6438 v core/ll_wbarb/_009_/X (sky130_fd_sc_hd__clkbuf_1)
   0.2456   11.8895 v core/ll_wbarb/_010_/X (sky130_fd_sc_hd__clkbuf_1)
   0.0813   11.9708 ^ core/ll_wbarb/_099_/Y (sky130_fd_sc_hd__inv_1)
   0.1445   12.1153 ^ core/FpPipeline/_2061_/X (sky130_fd_sc_hd__lpflow_inputiso0n_1)
   0.0722   12.1876 v core/FpPipeline/_2071_/Y (sky130_fd_sc_hd__nand2_1)
   0.0986   12.2861 ^ core/FpPipeline/_2073_/Y (sky130_fd_sc_hd__a21oi_1)
   0.1152   12.4013 ^ core/ll_wbarb/_100_/X (sky130_fd_sc_hd__or2_2)
   4.8833   17.2846 ^ core/_3767_/Y (sky130_fd_sc_hd__nor3b_1)
   0.4910   17.7756 v core/int_issue_unit/slots_3/_0763_/Y (sky130_fd_sc_hd__o21ai_0)
   0.4726   18.2482 ^ core/int_issue_unit/slots_3/_0766_/Y (sky130_fd_sc_hd__nor4_1)
   0.1073   18.3555 v core/int_issue_unit/slots_3/_0767_/Y (sky130_fd_sc_hd__nand3_1)
   0.1862   18.5417 v core/int_issue_unit/slots_3/_0791_/X (sky130_fd_sc_hd__and4_1)
   0.1253   18.6670 ^ core/int_issue_unit/slots_3/_0792_/Y (sky130_fd_sc_hd__a21oi_1)
   0.0035   18.6705 ^ core/int_issue_unit/slots_3/_0980_/D (sky130_fd_sc_hd__dfxtp_1)
            18.6705   data arrival time

  20.0000   20.0000   clock clock (rise edge)
   0.0000   20.0000   clock network delay (ideal)
   0.0000   20.0000   clock reconvergence pessimism
            20.0000 ^ core/int_issue_unit/slots_3/_0980_/CLK (sky130_fd_sc_hd__dfxtp_1)
  -0.0722   19.9278   library setup time
            19.9278   data required time
-------------------------------------------------------------
            19.9278   data required time
           -18.6705   data arrival time
-------------------------------------------------------------
             1.2573   slack (MET)


Startpoint: core/_3979_ (rising edge-triggered flip-flop clocked by clock)
Endpoint: core/int_issue_unit/slots_4/_0980_
          (rising edge-triggered flip-flop clocked by clock)
Path Group: clock
Path Type: max

    Delay      Time   Description
-------------------------------------------------------------
   0.0000    0.0000   clock clock (rise edge)
   0.0000    0.0000   clock network delay (ideal)
   0.0000    0.0000 ^ core/_3979_/CLK (sky130_fd_sc_hd__dfxtp_1)
   0.3332    0.3332 ^ core/_3979_/Q (sky130_fd_sc_hd__dfxtp_1)
   0.3006    0.6338 ^ core/_1880_/Y (sky130_fd_sc_hd__nor3b_1)
   0.1036    0.7374 v core/_1881_/Y (sky130_fd_sc_hd__nand2_1)
   5.0797    5.8171 ^ core/_1906_/Y (sky130_fd_sc_hd__o21ai_0)
   0.7998    6.6169 ^ lsu/_64414_/X (sky130_fd_sc_hd__buf_4)
   0.1206    6.7376 v dcache/_2795_/Y (sky130_fd_sc_hd__a22oi_1)
   0.2232    6.9607 v dcache/_2796_/X (sky130_fd_sc_hd__and4_1)
   0.0821    7.0429 ^ dcache/_2797_/Y (sky130_fd_sc_hd__nand2_1)
   0.0867    7.1296 v dcache/_2803_/Y (sky130_fd_sc_hd__nor4_1)
   0.0795    7.2091 ^ dcache/mshrs/_0615_/Y (sky130_fd_sc_hd__inv_1)
   0.0587    7.2678 v dcache/mshrs/_0616_/Y (sky130_fd_sc_hd__nor2_1)
   0.1498    7.4177 v dcache/mshrs/_0617_/Y (sky130_fd_sc_hd__a21boi_0)
   0.2381    7.6557 v dcache/mshrs/_0618_/X (sky130_fd_sc_hd__lpflow_inputiso0n_1)
   0.1857    7.8415 ^ dcache/mshrs/_0752_/Y (sky130_fd_sc_hd__a31oi_1)
   0.0689    7.9104 v dcache/mshrs/_0755_/Y (sky130_fd_sc_hd__nand2_1)
   0.2141    8.1244 v dcache/mshrs/_0756_/X (sky130_fd_sc_hd__a22o_1)
   0.1258    8.2503 v dcache/_2807_/X (sky130_fd_sc_hd__lpflow_isobufsrc_1)
   0.3604    8.6107 ^ dcache/_2808_/Y (sky130_fd_sc_hd__a2111oi_0)
   0.1294    8.7400 v dcache/_2809_/Y (sky130_fd_sc_hd__a311oi_1)
   0.1535    8.8935 ^ dcache/_2810_/X (sky130_fd_sc_hd__lpflow_isobufsrc_1)
   0.0805    8.9740 v dcache/_2812_/Y (sky130_fd_sc_hd__nor3_1)
   0.2226    9.1966 v dcache/_3359_/X (sky130_fd_sc_hd__lpflow_clkbufkapwr_1)
   0.3193    9.5159 v dcache/_3361_/X (sky130_fd_sc_hd__mux2_2)
   0.1608    9.6766 v lsu/_33285_/X (sky130_fd_sc_hd__clkbuf_1)
   0.8519   10.5285 ^ lsu/_33304_/Y (sky130_fd_sc_hd__nor4_1)
   0.1470   10.6755 v lsu/_33305_/Y (sky130_fd_sc_hd__a222oi_1)
   0.1060   10.7815 ^ lsu/_33311_/Y (sky130_fd_sc_hd__nand2_1)
   0.0657   10.8472 v lsu/_33321_/Y (sky130_fd_sc_hd__nor3_1)
   0.2807   11.1279 v lsu/_33539_/X (sky130_fd_sc_hd__or2_2)
   0.0670   11.1949 ^ lsu/_33540_/Y (sky130_fd_sc_hd__nand2_1)
   0.1031   11.2980 v lsu/_33545_/Y (sky130_fd_sc_hd__o21ai_0)
   0.1640   11.4620 v core/memExeUnit/_191_/X (sky130_fd_sc_hd__buf_4)
   0.1818   11.6438 v core/ll_wbarb/_009_/X (sky130_fd_sc_hd__clkbuf_1)
   0.2456   11.8895 v core/ll_wbarb/_010_/X (sky130_fd_sc_hd__clkbuf_1)
   0.0813   11.9708 ^ core/ll_wbarb/_099_/Y (sky130_fd_sc_hd__inv_1)
   0.1445   12.1153 ^ core/FpPipeline/_2061_/X (sky130_fd_sc_hd__lpflow_inputiso0n_1)
   0.0722   12.1876 v core/FpPipeline/_2071_/Y (sky130_fd_sc_hd__nand2_1)
   0.0986   12.2861 ^ core/FpPipeline/_2073_/Y (sky130_fd_sc_hd__a21oi_1)
   0.1152   12.4013 ^ core/ll_wbarb/_100_/X (sky130_fd_sc_hd__or2_2)
   4.8833   17.2846 ^ core/_3767_/Y (sky130_fd_sc_hd__nor3b_1)
   0.4910   17.7756 v core/int_issue_unit/slots_4/_0763_/Y (sky130_fd_sc_hd__o21ai_0)
   0.4726   18.2482 ^ core/int_issue_unit/slots_4/_0766_/Y (sky130_fd_sc_hd__nor4_1)
   0.1073   18.3555 v core/int_issue_unit/slots_4/_0767_/Y (sky130_fd_sc_hd__nand3_1)
   0.1862   18.5417 v core/int_issue_unit/slots_4/_0791_/X (sky130_fd_sc_hd__and4_1)
   0.1253   18.6670 ^ core/int_issue_unit/slots_4/_0792_/Y (sky130_fd_sc_hd__a21oi_1)
   0.0035   18.6705 ^ core/int_issue_unit/slots_4/_0980_/D (sky130_fd_sc_hd__dfxtp_1)
            18.6705   data arrival time

  20.0000   20.0000   clock clock (rise edge)
   0.0000   20.0000   clock network delay (ideal)
   0.0000   20.0000   clock reconvergence pessimism
            20.0000 ^ core/int_issue_unit/slots_4/_0980_/CLK (sky130_fd_sc_hd__dfxtp_1)
  -0.0722   19.9278   library setup time
            19.9278   data required time
-------------------------------------------------------------
            19.9278   data required time
           -18.6705   data arrival time
-------------------------------------------------------------
             1.2573   slack (MET)


Startpoint: core/_3979_ (rising edge-triggered flip-flop clocked by clock)
Endpoint: core/int_issue_unit/slots_5/_0980_
          (rising edge-triggered flip-flop clocked by clock)
Path Group: clock
Path Type: max

    Delay      Time   Description
-------------------------------------------------------------
   0.0000    0.0000   clock clock (rise edge)
   0.0000    0.0000   clock network delay (ideal)
   0.0000    0.0000 ^ core/_3979_/CLK (sky130_fd_sc_hd__dfxtp_1)
   0.3332    0.3332 ^ core/_3979_/Q (sky130_fd_sc_hd__dfxtp_1)
   0.3006    0.6338 ^ core/_1880_/Y (sky130_fd_sc_hd__nor3b_1)
   0.1036    0.7374 v core/_1881_/Y (sky130_fd_sc_hd__nand2_1)
   5.0797    5.8171 ^ core/_1906_/Y (sky130_fd_sc_hd__o21ai_0)
   0.7998    6.6169 ^ lsu/_64414_/X (sky130_fd_sc_hd__buf_4)
   0.1206    6.7376 v dcache/_2795_/Y (sky130_fd_sc_hd__a22oi_1)
   0.2232    6.9607 v dcache/_2796_/X (sky130_fd_sc_hd__and4_1)
   0.0821    7.0429 ^ dcache/_2797_/Y (sky130_fd_sc_hd__nand2_1)
   0.0867    7.1296 v dcache/_2803_/Y (sky130_fd_sc_hd__nor4_1)
   0.0795    7.2091 ^ dcache/mshrs/_0615_/Y (sky130_fd_sc_hd__inv_1)
   0.0587    7.2678 v dcache/mshrs/_0616_/Y (sky130_fd_sc_hd__nor2_1)
   0.1498    7.4177 v dcache/mshrs/_0617_/Y (sky130_fd_sc_hd__a21boi_0)
   0.2381    7.6557 v dcache/mshrs/_0618_/X (sky130_fd_sc_hd__lpflow_inputiso0n_1)
   0.1857    7.8415 ^ dcache/mshrs/_0752_/Y (sky130_fd_sc_hd__a31oi_1)
   0.0689    7.9104 v dcache/mshrs/_0755_/Y (sky130_fd_sc_hd__nand2_1)
   0.2141    8.1244 v dcache/mshrs/_0756_/X (sky130_fd_sc_hd__a22o_1)
   0.1258    8.2503 v dcache/_2807_/X (sky130_fd_sc_hd__lpflow_isobufsrc_1)
   0.3604    8.6107 ^ dcache/_2808_/Y (sky130_fd_sc_hd__a2111oi_0)
   0.1294    8.7400 v dcache/_2809_/Y (sky130_fd_sc_hd__a311oi_1)
   0.1535    8.8935 ^ dcache/_2810_/X (sky130_fd_sc_hd__lpflow_isobufsrc_1)
   0.0805    8.9740 v dcache/_2812_/Y (sky130_fd_sc_hd__nor3_1)
   0.2226    9.1966 v dcache/_3359_/X (sky130_fd_sc_hd__lpflow_clkbufkapwr_1)
   0.3193    9.5159 v dcache/_3361_/X (sky130_fd_sc_hd__mux2_2)
   0.1608    9.6766 v lsu/_33285_/X (sky130_fd_sc_hd__clkbuf_1)
   0.8519   10.5285 ^ lsu/_33304_/Y (sky130_fd_sc_hd__nor4_1)
   0.1470   10.6755 v lsu/_33305_/Y (sky130_fd_sc_hd__a222oi_1)
   0.1060   10.7815 ^ lsu/_33311_/Y (sky130_fd_sc_hd__nand2_1)
   0.0657   10.8472 v lsu/_33321_/Y (sky130_fd_sc_hd__nor3_1)
   0.2807   11.1279 v lsu/_33539_/X (sky130_fd_sc_hd__or2_2)
   0.0670   11.1949 ^ lsu/_33540_/Y (sky130_fd_sc_hd__nand2_1)
   0.1031   11.2980 v lsu/_33545_/Y (sky130_fd_sc_hd__o21ai_0)
   0.1640   11.4620 v core/memExeUnit/_191_/X (sky130_fd_sc_hd__buf_4)
   0.1818   11.6438 v core/ll_wbarb/_009_/X (sky130_fd_sc_hd__clkbuf_1)
   0.2456   11.8895 v core/ll_wbarb/_010_/X (sky130_fd_sc_hd__clkbuf_1)
   0.0813   11.9708 ^ core/ll_wbarb/_099_/Y (sky130_fd_sc_hd__inv_1)
   0.1445   12.1153 ^ core/FpPipeline/_2061_/X (sky130_fd_sc_hd__lpflow_inputiso0n_1)
   0.0722   12.1876 v core/FpPipeline/_2071_/Y (sky130_fd_sc_hd__nand2_1)
   0.0986   12.2861 ^ core/FpPipeline/_2073_/Y (sky130_fd_sc_hd__a21oi_1)
   0.1152   12.4013 ^ core/ll_wbarb/_100_/X (sky130_fd_sc_hd__or2_2)
   4.8833   17.2846 ^ core/_3767_/Y (sky130_fd_sc_hd__nor3b_1)
   0.4910   17.7756 v core/int_issue_unit/slots_5/_0763_/Y (sky130_fd_sc_hd__o21ai_0)
   0.4726   18.2482 ^ core/int_issue_unit/slots_5/_0766_/Y (sky130_fd_sc_hd__nor4_1)
   0.1073   18.3555 v core/int_issue_unit/slots_5/_0767_/Y (sky130_fd_sc_hd__nand3_1)
   0.1862   18.5417 v core/int_issue_unit/slots_5/_0791_/X (sky130_fd_sc_hd__and4_1)
   0.1253   18.6670 ^ core/int_issue_unit/slots_5/_0792_/Y (sky130_fd_sc_hd__a21oi_1)
   0.0035   18.6705 ^ core/int_issue_unit/slots_5/_0980_/D (sky130_fd_sc_hd__dfxtp_1)
            18.6705   data arrival time

  20.0000   20.0000   clock clock (rise edge)
   0.0000   20.0000   clock network delay (ideal)
   0.0000   20.0000   clock reconvergence pessimism
            20.0000 ^ core/int_issue_unit/slots_5/_0980_/CLK (sky130_fd_sc_hd__dfxtp_1)
  -0.0722   19.9278   library setup time
            19.9278   data required time
-------------------------------------------------------------
            19.9278   data required time
           -18.6705   data arrival time
-------------------------------------------------------------
             1.2573   slack (MET)


Startpoint: core/_3979_ (rising edge-triggered flip-flop clocked by clock)
Endpoint: core/int_issue_unit/slots_6/_0980_
          (rising edge-triggered flip-flop clocked by clock)
Path Group: clock
Path Type: max

    Delay      Time   Description
-------------------------------------------------------------
   0.0000    0.0000   clock clock (rise edge)
   0.0000    0.0000   clock network delay (ideal)
   0.0000    0.0000 ^ core/_3979_/CLK (sky130_fd_sc_hd__dfxtp_1)
   0.3332    0.3332 ^ core/_3979_/Q (sky130_fd_sc_hd__dfxtp_1)
   0.3006    0.6338 ^ core/_1880_/Y (sky130_fd_sc_hd__nor3b_1)
   0.1036    0.7374 v core/_1881_/Y (sky130_fd_sc_hd__nand2_1)
   5.0797    5.8171 ^ core/_1906_/Y (sky130_fd_sc_hd__o21ai_0)
   0.7998    6.6169 ^ lsu/_64414_/X (sky130_fd_sc_hd__buf_4)
   0.1206    6.7376 v dcache/_2795_/Y (sky130_fd_sc_hd__a22oi_1)
   0.2232    6.9607 v dcache/_2796_/X (sky130_fd_sc_hd__and4_1)
   0.0821    7.0429 ^ dcache/_2797_/Y (sky130_fd_sc_hd__nand2_1)
   0.0867    7.1296 v dcache/_2803_/Y (sky130_fd_sc_hd__nor4_1)
   0.0795    7.2091 ^ dcache/mshrs/_0615_/Y (sky130_fd_sc_hd__inv_1)
   0.0587    7.2678 v dcache/mshrs/_0616_/Y (sky130_fd_sc_hd__nor2_1)
   0.1498    7.4177 v dcache/mshrs/_0617_/Y (sky130_fd_sc_hd__a21boi_0)
   0.2381    7.6557 v dcache/mshrs/_0618_/X (sky130_fd_sc_hd__lpflow_inputiso0n_1)
   0.1857    7.8415 ^ dcache/mshrs/_0752_/Y (sky130_fd_sc_hd__a31oi_1)
   0.0689    7.9104 v dcache/mshrs/_0755_/Y (sky130_fd_sc_hd__nand2_1)
   0.2141    8.1244 v dcache/mshrs/_0756_/X (sky130_fd_sc_hd__a22o_1)
   0.1258    8.2503 v dcache/_2807_/X (sky130_fd_sc_hd__lpflow_isobufsrc_1)
   0.3604    8.6107 ^ dcache/_2808_/Y (sky130_fd_sc_hd__a2111oi_0)
   0.1294    8.7400 v dcache/_2809_/Y (sky130_fd_sc_hd__a311oi_1)
   0.1535    8.8935 ^ dcache/_2810_/X (sky130_fd_sc_hd__lpflow_isobufsrc_1)
   0.0805    8.9740 v dcache/_2812_/Y (sky130_fd_sc_hd__nor3_1)
   0.2226    9.1966 v dcache/_3359_/X (sky130_fd_sc_hd__lpflow_clkbufkapwr_1)
   0.3193    9.5159 v dcache/_3361_/X (sky130_fd_sc_hd__mux2_2)
   0.1608    9.6766 v lsu/_33285_/X (sky130_fd_sc_hd__clkbuf_1)
   0.8519   10.5285 ^ lsu/_33304_/Y (sky130_fd_sc_hd__nor4_1)
   0.1470   10.6755 v lsu/_33305_/Y (sky130_fd_sc_hd__a222oi_1)
   0.1060   10.7815 ^ lsu/_33311_/Y (sky130_fd_sc_hd__nand2_1)
   0.0657   10.8472 v lsu/_33321_/Y (sky130_fd_sc_hd__nor3_1)
   0.2807   11.1279 v lsu/_33539_/X (sky130_fd_sc_hd__or2_2)
   0.0670   11.1949 ^ lsu/_33540_/Y (sky130_fd_sc_hd__nand2_1)
   0.1031   11.2980 v lsu/_33545_/Y (sky130_fd_sc_hd__o21ai_0)
   0.1640   11.4620 v core/memExeUnit/_191_/X (sky130_fd_sc_hd__buf_4)
   0.1818   11.6438 v core/ll_wbarb/_009_/X (sky130_fd_sc_hd__clkbuf_1)
   0.2456   11.8895 v core/ll_wbarb/_010_/X (sky130_fd_sc_hd__clkbuf_1)
   0.0813   11.9708 ^ core/ll_wbarb/_099_/Y (sky130_fd_sc_hd__inv_1)
   0.1445   12.1153 ^ core/FpPipeline/_2061_/X (sky130_fd_sc_hd__lpflow_inputiso0n_1)
   0.0722   12.1876 v core/FpPipeline/_2071_/Y (sky130_fd_sc_hd__nand2_1)
   0.0986   12.2861 ^ core/FpPipeline/_2073_/Y (sky130_fd_sc_hd__a21oi_1)
   0.1152   12.4013 ^ core/ll_wbarb/_100_/X (sky130_fd_sc_hd__or2_2)
   4.8833   17.2846 ^ core/_3767_/Y (sky130_fd_sc_hd__nor3b_1)
   0.4910   17.7756 v core/int_issue_unit/slots_6/_0763_/Y (sky130_fd_sc_hd__o21ai_0)
   0.4726   18.2482 ^ core/int_issue_unit/slots_6/_0766_/Y (sky130_fd_sc_hd__nor4_1)
   0.1073   18.3555 v core/int_issue_unit/slots_6/_0767_/Y (sky130_fd_sc_hd__nand3_1)
   0.1862   18.5417 v core/int_issue_unit/slots_6/_0791_/X (sky130_fd_sc_hd__and4_1)
   0.1253   18.6670 ^ core/int_issue_unit/slots_6/_0792_/Y (sky130_fd_sc_hd__a21oi_1)
   0.0035   18.6705 ^ core/int_issue_unit/slots_6/_0980_/D (sky130_fd_sc_hd__dfxtp_1)
            18.6705   data arrival time

  20.0000   20.0000   clock clock (rise edge)
   0.0000   20.0000   clock network delay (ideal)
   0.0000   20.0000   clock reconvergence pessimism
            20.0000 ^ core/int_issue_unit/slots_6/_0980_/CLK (sky130_fd_sc_hd__dfxtp_1)
  -0.0722   19.9278   library setup time
            19.9278   data required time
-------------------------------------------------------------
            19.9278   data required time
           -18.6705   data arrival time
-------------------------------------------------------------
             1.2573   slack (MET)


Startpoint: core/_3979_ (rising edge-triggered flip-flop clocked by clock)
Endpoint: core/int_issue_unit/slots_7/_0980_
          (rising edge-triggered flip-flop clocked by clock)
Path Group: clock
Path Type: max

    Delay      Time   Description
-------------------------------------------------------------
   0.0000    0.0000   clock clock (rise edge)
   0.0000    0.0000   clock network delay (ideal)
   0.0000    0.0000 ^ core/_3979_/CLK (sky130_fd_sc_hd__dfxtp_1)
   0.3332    0.3332 ^ core/_3979_/Q (sky130_fd_sc_hd__dfxtp_1)
   0.3006    0.6338 ^ core/_1880_/Y (sky130_fd_sc_hd__nor3b_1)
   0.1036    0.7374 v core/_1881_/Y (sky130_fd_sc_hd__nand2_1)
   5.0797    5.8171 ^ core/_1906_/Y (sky130_fd_sc_hd__o21ai_0)
   0.7998    6.6169 ^ lsu/_64414_/X (sky130_fd_sc_hd__buf_4)
   0.1206    6.7376 v dcache/_2795_/Y (sky130_fd_sc_hd__a22oi_1)
   0.2232    6.9607 v dcache/_2796_/X (sky130_fd_sc_hd__and4_1)
   0.0821    7.0429 ^ dcache/_2797_/Y (sky130_fd_sc_hd__nand2_1)
   0.0867    7.1296 v dcache/_2803_/Y (sky130_fd_sc_hd__nor4_1)
   0.0795    7.2091 ^ dcache/mshrs/_0615_/Y (sky130_fd_sc_hd__inv_1)
   0.0587    7.2678 v dcache/mshrs/_0616_/Y (sky130_fd_sc_hd__nor2_1)
   0.1498    7.4177 v dcache/mshrs/_0617_/Y (sky130_fd_sc_hd__a21boi_0)
   0.2381    7.6557 v dcache/mshrs/_0618_/X (sky130_fd_sc_hd__lpflow_inputiso0n_1)
   0.1857    7.8415 ^ dcache/mshrs/_0752_/Y (sky130_fd_sc_hd__a31oi_1)
   0.0689    7.9104 v dcache/mshrs/_0755_/Y (sky130_fd_sc_hd__nand2_1)
   0.2141    8.1244 v dcache/mshrs/_0756_/X (sky130_fd_sc_hd__a22o_1)
   0.1258    8.2503 v dcache/_2807_/X (sky130_fd_sc_hd__lpflow_isobufsrc_1)
   0.3604    8.6107 ^ dcache/_2808_/Y (sky130_fd_sc_hd__a2111oi_0)
   0.1294    8.7400 v dcache/_2809_/Y (sky130_fd_sc_hd__a311oi_1)
   0.1535    8.8935 ^ dcache/_2810_/X (sky130_fd_sc_hd__lpflow_isobufsrc_1)
   0.0805    8.9740 v dcache/_2812_/Y (sky130_fd_sc_hd__nor3_1)
   0.2226    9.1966 v dcache/_3359_/X (sky130_fd_sc_hd__lpflow_clkbufkapwr_1)
   0.3193    9.5159 v dcache/_3361_/X (sky130_fd_sc_hd__mux2_2)
   0.1608    9.6766 v lsu/_33285_/X (sky130_fd_sc_hd__clkbuf_1)
   0.8519   10.5285 ^ lsu/_33304_/Y (sky130_fd_sc_hd__nor4_1)
   0.1470   10.6755 v lsu/_33305_/Y (sky130_fd_sc_hd__a222oi_1)
   0.1060   10.7815 ^ lsu/_33311_/Y (sky130_fd_sc_hd__nand2_1)
   0.0657   10.8472 v lsu/_33321_/Y (sky130_fd_sc_hd__nor3_1)
   0.2807   11.1279 v lsu/_33539_/X (sky130_fd_sc_hd__or2_2)
   0.0670   11.1949 ^ lsu/_33540_/Y (sky130_fd_sc_hd__nand2_1)
   0.1031   11.2980 v lsu/_33545_/Y (sky130_fd_sc_hd__o21ai_0)
   0.1640   11.4620 v core/memExeUnit/_191_/X (sky130_fd_sc_hd__buf_4)
   0.1818   11.6438 v core/ll_wbarb/_009_/X (sky130_fd_sc_hd__clkbuf_1)
   0.2456   11.8895 v core/ll_wbarb/_010_/X (sky130_fd_sc_hd__clkbuf_1)
   0.0813   11.9708 ^ core/ll_wbarb/_099_/Y (sky130_fd_sc_hd__inv_1)
   0.1445   12.1153 ^ core/FpPipeline/_2061_/X (sky130_fd_sc_hd__lpflow_inputiso0n_1)
   0.0722   12.1876 v core/FpPipeline/_2071_/Y (sky130_fd_sc_hd__nand2_1)
   0.0986   12.2861 ^ core/FpPipeline/_2073_/Y (sky130_fd_sc_hd__a21oi_1)
   0.1152   12.4013 ^ core/ll_wbarb/_100_/X (sky130_fd_sc_hd__or2_2)
   4.8833   17.2846 ^ core/_3767_/Y (sky130_fd_sc_hd__nor3b_1)
   0.4910   17.7756 v core/int_issue_unit/slots_7/_0763_/Y (sky130_fd_sc_hd__o21ai_0)
   0.4726   18.2482 ^ core/int_issue_unit/slots_7/_0766_/Y (sky130_fd_sc_hd__nor4_1)
   0.1073   18.3555 v core/int_issue_unit/slots_7/_0767_/Y (sky130_fd_sc_hd__nand3_1)
   0.1862   18.5417 v core/int_issue_unit/slots_7/_0791_/X (sky130_fd_sc_hd__and4_1)
   0.1253   18.6670 ^ core/int_issue_unit/slots_7/_0792_/Y (sky130_fd_sc_hd__a21oi_1)
   0.0035   18.6705 ^ core/int_issue_unit/slots_7/_0980_/D (sky130_fd_sc_hd__dfxtp_1)
            18.6705   data arrival time

  20.0000   20.0000   clock clock (rise edge)
   0.0000   20.0000   clock network delay (ideal)
   0.0000   20.0000   clock reconvergence pessimism
            20.0000 ^ core/int_issue_unit/slots_7/_0980_/CLK (sky130_fd_sc_hd__dfxtp_1)
  -0.0722   19.9278   library setup time
            19.9278   data required time
-------------------------------------------------------------
            19.9278   data required time
           -18.6705   data arrival time
-------------------------------------------------------------
             1.2573   slack (MET)


Startpoint: core/_3979_ (rising edge-triggered flip-flop clocked by clock)
Endpoint: core/int_issue_unit/slots_8/_0980_
          (rising edge-triggered flip-flop clocked by clock)
Path Group: clock
Path Type: max

    Delay      Time   Description
-------------------------------------------------------------
   0.0000    0.0000   clock clock (rise edge)
   0.0000    0.0000   clock network delay (ideal)
   0.0000    0.0000 ^ core/_3979_/CLK (sky130_fd_sc_hd__dfxtp_1)
   0.3332    0.3332 ^ core/_3979_/Q (sky130_fd_sc_hd__dfxtp_1)
   0.3006    0.6338 ^ core/_1880_/Y (sky130_fd_sc_hd__nor3b_1)
   0.1036    0.7374 v core/_1881_/Y (sky130_fd_sc_hd__nand2_1)
   5.0797    5.8171 ^ core/_1906_/Y (sky130_fd_sc_hd__o21ai_0)
   0.7998    6.6169 ^ lsu/_64414_/X (sky130_fd_sc_hd__buf_4)
   0.1206    6.7376 v dcache/_2795_/Y (sky130_fd_sc_hd__a22oi_1)
   0.2232    6.9607 v dcache/_2796_/X (sky130_fd_sc_hd__and4_1)
   0.0821    7.0429 ^ dcache/_2797_/Y (sky130_fd_sc_hd__nand2_1)
   0.0867    7.1296 v dcache/_2803_/Y (sky130_fd_sc_hd__nor4_1)
   0.0795    7.2091 ^ dcache/mshrs/_0615_/Y (sky130_fd_sc_hd__inv_1)
   0.0587    7.2678 v dcache/mshrs/_0616_/Y (sky130_fd_sc_hd__nor2_1)
   0.1498    7.4177 v dcache/mshrs/_0617_/Y (sky130_fd_sc_hd__a21boi_0)
   0.2381    7.6557 v dcache/mshrs/_0618_/X (sky130_fd_sc_hd__lpflow_inputiso0n_1)
   0.1857    7.8415 ^ dcache/mshrs/_0752_/Y (sky130_fd_sc_hd__a31oi_1)
   0.0689    7.9104 v dcache/mshrs/_0755_/Y (sky130_fd_sc_hd__nand2_1)
   0.2141    8.1244 v dcache/mshrs/_0756_/X (sky130_fd_sc_hd__a22o_1)
   0.1258    8.2503 v dcache/_2807_/X (sky130_fd_sc_hd__lpflow_isobufsrc_1)
   0.3604    8.6107 ^ dcache/_2808_/Y (sky130_fd_sc_hd__a2111oi_0)
   0.1294    8.7400 v dcache/_2809_/Y (sky130_fd_sc_hd__a311oi_1)
   0.1535    8.8935 ^ dcache/_2810_/X (sky130_fd_sc_hd__lpflow_isobufsrc_1)
   0.0805    8.9740 v dcache/_2812_/Y (sky130_fd_sc_hd__nor3_1)
   0.2226    9.1966 v dcache/_3359_/X (sky130_fd_sc_hd__lpflow_clkbufkapwr_1)
   0.3193    9.5159 v dcache/_3361_/X (sky130_fd_sc_hd__mux2_2)
   0.1608    9.6766 v lsu/_33285_/X (sky130_fd_sc_hd__clkbuf_1)
   0.8519   10.5285 ^ lsu/_33304_/Y (sky130_fd_sc_hd__nor4_1)
   0.1470   10.6755 v lsu/_33305_/Y (sky130_fd_sc_hd__a222oi_1)
   0.1060   10.7815 ^ lsu/_33311_/Y (sky130_fd_sc_hd__nand2_1)
   0.0657   10.8472 v lsu/_33321_/Y (sky130_fd_sc_hd__nor3_1)
   0.2807   11.1279 v lsu/_33539_/X (sky130_fd_sc_hd__or2_2)
   0.0670   11.1949 ^ lsu/_33540_/Y (sky130_fd_sc_hd__nand2_1)
   0.1031   11.2980 v lsu/_33545_/Y (sky130_fd_sc_hd__o21ai_0)
   0.1640   11.4620 v core/memExeUnit/_191_/X (sky130_fd_sc_hd__buf_4)
   0.1818   11.6438 v core/ll_wbarb/_009_/X (sky130_fd_sc_hd__clkbuf_1)
   0.2456   11.8895 v core/ll_wbarb/_010_/X (sky130_fd_sc_hd__clkbuf_1)
   0.0813   11.9708 ^ core/ll_wbarb/_099_/Y (sky130_fd_sc_hd__inv_1)
   0.1445   12.1153 ^ core/FpPipeline/_2061_/X (sky130_fd_sc_hd__lpflow_inputiso0n_1)
   0.0722   12.1876 v core/FpPipeline/_2071_/Y (sky130_fd_sc_hd__nand2_1)
   0.0986   12.2861 ^ core/FpPipeline/_2073_/Y (sky130_fd_sc_hd__a21oi_1)
   0.1152   12.4013 ^ core/ll_wbarb/_100_/X (sky130_fd_sc_hd__or2_2)
   4.8833   17.2846 ^ core/_3767_/Y (sky130_fd_sc_hd__nor3b_1)
   0.4910   17.7756 v core/int_issue_unit/slots_8/_0763_/Y (sky130_fd_sc_hd__o21ai_0)
   0.4726   18.2482 ^ core/int_issue_unit/slots_8/_0766_/Y (sky130_fd_sc_hd__nor4_1)
   0.1073   18.3555 v core/int_issue_unit/slots_8/_0767_/Y (sky130_fd_sc_hd__nand3_1)
   0.1862   18.5417 v core/int_issue_unit/slots_8/_0791_/X (sky130_fd_sc_hd__and4_1)
   0.1253   18.6670 ^ core/int_issue_unit/slots_8/_0792_/Y (sky130_fd_sc_hd__a21oi_1)
   0.0035   18.6705 ^ core/int_issue_unit/slots_8/_0980_/D (sky130_fd_sc_hd__dfxtp_1)
            18.6705   data arrival time

  20.0000   20.0000   clock clock (rise edge)
   0.0000   20.0000   clock network delay (ideal)
   0.0000   20.0000   clock reconvergence pessimism
            20.0000 ^ core/int_issue_unit/slots_8/_0980_/CLK (sky130_fd_sc_hd__dfxtp_1)
  -0.0722   19.9278   library setup time
            19.9278   data required time
-------------------------------------------------------------
            19.9278   data required time
           -18.6705   data arrival time
-------------------------------------------------------------
             1.2573   slack (MET)


Startpoint: core/_3979_ (rising edge-triggered flip-flop clocked by clock)
Endpoint: core/int_issue_unit/slots_9/_0980_
          (rising edge-triggered flip-flop clocked by clock)
Path Group: clock
Path Type: max

    Delay      Time   Description
-------------------------------------------------------------
   0.0000    0.0000   clock clock (rise edge)
   0.0000    0.0000   clock network delay (ideal)
   0.0000    0.0000 ^ core/_3979_/CLK (sky130_fd_sc_hd__dfxtp_1)
   0.3332    0.3332 ^ core/_3979_/Q (sky130_fd_sc_hd__dfxtp_1)
   0.3006    0.6338 ^ core/_1880_/Y (sky130_fd_sc_hd__nor3b_1)
   0.1036    0.7374 v core/_1881_/Y (sky130_fd_sc_hd__nand2_1)
   5.0797    5.8171 ^ core/_1906_/Y (sky130_fd_sc_hd__o21ai_0)
   0.7998    6.6169 ^ lsu/_64414_/X (sky130_fd_sc_hd__buf_4)
   0.1206    6.7376 v dcache/_2795_/Y (sky130_fd_sc_hd__a22oi_1)
   0.2232    6.9607 v dcache/_2796_/X (sky130_fd_sc_hd__and4_1)
   0.0821    7.0429 ^ dcache/_2797_/Y (sky130_fd_sc_hd__nand2_1)
   0.0867    7.1296 v dcache/_2803_/Y (sky130_fd_sc_hd__nor4_1)
   0.0795    7.2091 ^ dcache/mshrs/_0615_/Y (sky130_fd_sc_hd__inv_1)
   0.0587    7.2678 v dcache/mshrs/_0616_/Y (sky130_fd_sc_hd__nor2_1)
   0.1498    7.4177 v dcache/mshrs/_0617_/Y (sky130_fd_sc_hd__a21boi_0)
   0.2381    7.6557 v dcache/mshrs/_0618_/X (sky130_fd_sc_hd__lpflow_inputiso0n_1)
   0.1857    7.8415 ^ dcache/mshrs/_0752_/Y (sky130_fd_sc_hd__a31oi_1)
   0.0689    7.9104 v dcache/mshrs/_0755_/Y (sky130_fd_sc_hd__nand2_1)
   0.2141    8.1244 v dcache/mshrs/_0756_/X (sky130_fd_sc_hd__a22o_1)
   0.1258    8.2503 v dcache/_2807_/X (sky130_fd_sc_hd__lpflow_isobufsrc_1)
   0.3604    8.6107 ^ dcache/_2808_/Y (sky130_fd_sc_hd__a2111oi_0)
   0.1294    8.7400 v dcache/_2809_/Y (sky130_fd_sc_hd__a311oi_1)
   0.1535    8.8935 ^ dcache/_2810_/X (sky130_fd_sc_hd__lpflow_isobufsrc_1)
   0.0805    8.9740 v dcache/_2812_/Y (sky130_fd_sc_hd__nor3_1)
   0.2226    9.1966 v dcache/_3359_/X (sky130_fd_sc_hd__lpflow_clkbufkapwr_1)
   0.3193    9.5159 v dcache/_3361_/X (sky130_fd_sc_hd__mux2_2)
   0.1608    9.6766 v lsu/_33285_/X (sky130_fd_sc_hd__clkbuf_1)
   0.8519   10.5285 ^ lsu/_33304_/Y (sky130_fd_sc_hd__nor4_1)
   0.1470   10.6755 v lsu/_33305_/Y (sky130_fd_sc_hd__a222oi_1)
   0.1060   10.7815 ^ lsu/_33311_/Y (sky130_fd_sc_hd__nand2_1)
   0.0657   10.8472 v lsu/_33321_/Y (sky130_fd_sc_hd__nor3_1)
   0.2807   11.1279 v lsu/_33539_/X (sky130_fd_sc_hd__or2_2)
   0.0670   11.1949 ^ lsu/_33540_/Y (sky130_fd_sc_hd__nand2_1)
   0.1031   11.2980 v lsu/_33545_/Y (sky130_fd_sc_hd__o21ai_0)
   0.1640   11.4620 v core/memExeUnit/_191_/X (sky130_fd_sc_hd__buf_4)
   0.1818   11.6438 v core/ll_wbarb/_009_/X (sky130_fd_sc_hd__clkbuf_1)
   0.2456   11.8895 v core/ll_wbarb/_010_/X (sky130_fd_sc_hd__clkbuf_1)
   0.0813   11.9708 ^ core/ll_wbarb/_099_/Y (sky130_fd_sc_hd__inv_1)
   0.1445   12.1153 ^ core/FpPipeline/_2061_/X (sky130_fd_sc_hd__lpflow_inputiso0n_1)
   0.0722   12.1876 v core/FpPipeline/_2071_/Y (sky130_fd_sc_hd__nand2_1)
   0.0986   12.2861 ^ core/FpPipeline/_2073_/Y (sky130_fd_sc_hd__a21oi_1)
   0.1152   12.4013 ^ core/ll_wbarb/_100_/X (sky130_fd_sc_hd__or2_2)
   4.8833   17.2846 ^ core/_3767_/Y (sky130_fd_sc_hd__nor3b_1)
   0.4910   17.7756 v core/int_issue_unit/slots_9/_0763_/Y (sky130_fd_sc_hd__o21ai_0)
   0.4726   18.2482 ^ core/int_issue_unit/slots_9/_0766_/Y (sky130_fd_sc_hd__nor4_1)
   0.1073   18.3555 v core/int_issue_unit/slots_9/_0767_/Y (sky130_fd_sc_hd__nand3_1)
   0.1862   18.5417 v core/int_issue_unit/slots_9/_0791_/X (sky130_fd_sc_hd__and4_1)
   0.1253   18.6670 ^ core/int_issue_unit/slots_9/_0792_/Y (sky130_fd_sc_hd__a21oi_1)
   0.0035   18.6705 ^ core/int_issue_unit/slots_9/_0980_/D (sky130_fd_sc_hd__dfxtp_1)
            18.6705   data arrival time

  20.0000   20.0000   clock clock (rise edge)
   0.0000   20.0000   clock network delay (ideal)
   0.0000   20.0000   clock reconvergence pessimism
            20.0000 ^ core/int_issue_unit/slots_9/_0980_/CLK (sky130_fd_sc_hd__dfxtp_1)
  -0.0722   19.9278   library setup time
            19.9278   data required time
-------------------------------------------------------------
            19.9278   data required time
           -18.6705   data arrival time
-------------------------------------------------------------
             1.2573   slack (MET)


Startpoint: core/_3979_ (rising edge-triggered flip-flop clocked by clock)
Endpoint: core/mem_issue_unit/slots_0/_0980_
          (rising edge-triggered flip-flop clocked by clock)
Path Group: clock
Path Type: max

    Delay      Time   Description
-------------------------------------------------------------
   0.0000    0.0000   clock clock (rise edge)
   0.0000    0.0000   clock network delay (ideal)
   0.0000    0.0000 ^ core/_3979_/CLK (sky130_fd_sc_hd__dfxtp_1)
   0.3332    0.3332 ^ core/_3979_/Q (sky130_fd_sc_hd__dfxtp_1)
   0.3006    0.6338 ^ core/_1880_/Y (sky130_fd_sc_hd__nor3b_1)
   0.1036    0.7374 v core/_1881_/Y (sky130_fd_sc_hd__nand2_1)
   5.0797    5.8171 ^ core/_1906_/Y (sky130_fd_sc_hd__o21ai_0)
   0.7998    6.6169 ^ lsu/_64414_/X (sky130_fd_sc_hd__buf_4)
   0.1206    6.7376 v dcache/_2795_/Y (sky130_fd_sc_hd__a22oi_1)
   0.2232    6.9607 v dcache/_2796_/X (sky130_fd_sc_hd__and4_1)
   0.0821    7.0429 ^ dcache/_2797_/Y (sky130_fd_sc_hd__nand2_1)
   0.0867    7.1296 v dcache/_2803_/Y (sky130_fd_sc_hd__nor4_1)
   0.0795    7.2091 ^ dcache/mshrs/_0615_/Y (sky130_fd_sc_hd__inv_1)
   0.0587    7.2678 v dcache/mshrs/_0616_/Y (sky130_fd_sc_hd__nor2_1)
   0.1498    7.4177 v dcache/mshrs/_0617_/Y (sky130_fd_sc_hd__a21boi_0)
   0.2381    7.6557 v dcache/mshrs/_0618_/X (sky130_fd_sc_hd__lpflow_inputiso0n_1)
   0.1857    7.8415 ^ dcache/mshrs/_0752_/Y (sky130_fd_sc_hd__a31oi_1)
   0.0689    7.9104 v dcache/mshrs/_0755_/Y (sky130_fd_sc_hd__nand2_1)
   0.2141    8.1244 v dcache/mshrs/_0756_/X (sky130_fd_sc_hd__a22o_1)
   0.1258    8.2503 v dcache/_2807_/X (sky130_fd_sc_hd__lpflow_isobufsrc_1)
   0.3604    8.6107 ^ dcache/_2808_/Y (sky130_fd_sc_hd__a2111oi_0)
   0.1294    8.7400 v dcache/_2809_/Y (sky130_fd_sc_hd__a311oi_1)
   0.1535    8.8935 ^ dcache/_2810_/X (sky130_fd_sc_hd__lpflow_isobufsrc_1)
   0.0805    8.9740 v dcache/_2812_/Y (sky130_fd_sc_hd__nor3_1)
   0.2226    9.1966 v dcache/_3359_/X (sky130_fd_sc_hd__lpflow_clkbufkapwr_1)
   0.3193    9.5159 v dcache/_3361_/X (sky130_fd_sc_hd__mux2_2)
   0.1608    9.6766 v lsu/_33285_/X (sky130_fd_sc_hd__clkbuf_1)
   0.8519   10.5285 ^ lsu/_33304_/Y (sky130_fd_sc_hd__nor4_1)
   0.1470   10.6755 v lsu/_33305_/Y (sky130_fd_sc_hd__a222oi_1)
   0.1060   10.7815 ^ lsu/_33311_/Y (sky130_fd_sc_hd__nand2_1)
   0.0657   10.8472 v lsu/_33321_/Y (sky130_fd_sc_hd__nor3_1)
   0.2807   11.1279 v lsu/_33539_/X (sky130_fd_sc_hd__or2_2)
   0.0670   11.1949 ^ lsu/_33540_/Y (sky130_fd_sc_hd__nand2_1)
   0.1031   11.2980 v lsu/_33545_/Y (sky130_fd_sc_hd__o21ai_0)
   0.1640   11.4620 v core/memExeUnit/_191_/X (sky130_fd_sc_hd__buf_4)
   0.1818   11.6438 v core/ll_wbarb/_009_/X (sky130_fd_sc_hd__clkbuf_1)
   0.2456   11.8895 v core/ll_wbarb/_010_/X (sky130_fd_sc_hd__clkbuf_1)
   0.0813   11.9708 ^ core/ll_wbarb/_099_/Y (sky130_fd_sc_hd__inv_1)
   0.1445   12.1153 ^ core/FpPipeline/_2061_/X (sky130_fd_sc_hd__lpflow_inputiso0n_1)
   0.0722   12.1876 v core/FpPipeline/_2071_/Y (sky130_fd_sc_hd__nand2_1)
   0.0986   12.2861 ^ core/FpPipeline/_2073_/Y (sky130_fd_sc_hd__a21oi_1)
   0.1152   12.4013 ^ core/ll_wbarb/_100_/X (sky130_fd_sc_hd__or2_2)
   4.8833   17.2846 ^ core/_3767_/Y (sky130_fd_sc_hd__nor3b_1)
   0.4910   17.7756 v core/mem_issue_unit/slots_0/_0763_/Y (sky130_fd_sc_hd__o21ai_0)
   0.4726   18.2482 ^ core/mem_issue_unit/slots_0/_0766_/Y (sky130_fd_sc_hd__nor4_1)
   0.1073   18.3555 v core/mem_issue_unit/slots_0/_0767_/Y (sky130_fd_sc_hd__nand3_1)
   0.1862   18.5417 v core/mem_issue_unit/slots_0/_0791_/X (sky130_fd_sc_hd__and4_1)
   0.1253   18.6670 ^ core/mem_issue_unit/slots_0/_0792_/Y (sky130_fd_sc_hd__a21oi_1)
   0.0035   18.6705 ^ core/mem_issue_unit/slots_0/_0980_/D (sky130_fd_sc_hd__dfxtp_1)
            18.6705   data arrival time

  20.0000   20.0000   clock clock (rise edge)
   0.0000   20.0000   clock network delay (ideal)
   0.0000   20.0000   clock reconvergence pessimism
            20.0000 ^ core/mem_issue_unit/slots_0/_0980_/CLK (sky130_fd_sc_hd__dfxtp_1)
  -0.0722   19.9278   library setup time
            19.9278   data required time
-------------------------------------------------------------
            19.9278   data required time
           -18.6705   data arrival time
-------------------------------------------------------------
             1.2573   slack (MET)


Startpoint: core/_3979_ (rising edge-triggered flip-flop clocked by clock)
Endpoint: core/mem_issue_unit/slots_1/_0980_
          (rising edge-triggered flip-flop clocked by clock)
Path Group: clock
Path Type: max

    Delay      Time   Description
-------------------------------------------------------------
   0.0000    0.0000   clock clock (rise edge)
   0.0000    0.0000   clock network delay (ideal)
   0.0000    0.0000 ^ core/_3979_/CLK (sky130_fd_sc_hd__dfxtp_1)
   0.3332    0.3332 ^ core/_3979_/Q (sky130_fd_sc_hd__dfxtp_1)
   0.3006    0.6338 ^ core/_1880_/Y (sky130_fd_sc_hd__nor3b_1)
   0.1036    0.7374 v core/_1881_/Y (sky130_fd_sc_hd__nand2_1)
   5.0797    5.8171 ^ core/_1906_/Y (sky130_fd_sc_hd__o21ai_0)
   0.7998    6.6169 ^ lsu/_64414_/X (sky130_fd_sc_hd__buf_4)
   0.1206    6.7376 v dcache/_2795_/Y (sky130_fd_sc_hd__a22oi_1)
   0.2232    6.9607 v dcache/_2796_/X (sky130_fd_sc_hd__and4_1)
   0.0821    7.0429 ^ dcache/_2797_/Y (sky130_fd_sc_hd__nand2_1)
   0.0867    7.1296 v dcache/_2803_/Y (sky130_fd_sc_hd__nor4_1)
   0.0795    7.2091 ^ dcache/mshrs/_0615_/Y (sky130_fd_sc_hd__inv_1)
   0.0587    7.2678 v dcache/mshrs/_0616_/Y (sky130_fd_sc_hd__nor2_1)
   0.1498    7.4177 v dcache/mshrs/_0617_/Y (sky130_fd_sc_hd__a21boi_0)
   0.2381    7.6557 v dcache/mshrs/_0618_/X (sky130_fd_sc_hd__lpflow_inputiso0n_1)
   0.1857    7.8415 ^ dcache/mshrs/_0752_/Y (sky130_fd_sc_hd__a31oi_1)
   0.0689    7.9104 v dcache/mshrs/_0755_/Y (sky130_fd_sc_hd__nand2_1)
   0.2141    8.1244 v dcache/mshrs/_0756_/X (sky130_fd_sc_hd__a22o_1)
   0.1258    8.2503 v dcache/_2807_/X (sky130_fd_sc_hd__lpflow_isobufsrc_1)
   0.3604    8.6107 ^ dcache/_2808_/Y (sky130_fd_sc_hd__a2111oi_0)
   0.1294    8.7400 v dcache/_2809_/Y (sky130_fd_sc_hd__a311oi_1)
   0.1535    8.8935 ^ dcache/_2810_/X (sky130_fd_sc_hd__lpflow_isobufsrc_1)
   0.0805    8.9740 v dcache/_2812_/Y (sky130_fd_sc_hd__nor3_1)
   0.2226    9.1966 v dcache/_3359_/X (sky130_fd_sc_hd__lpflow_clkbufkapwr_1)
   0.3193    9.5159 v dcache/_3361_/X (sky130_fd_sc_hd__mux2_2)
   0.1608    9.6766 v lsu/_33285_/X (sky130_fd_sc_hd__clkbuf_1)
   0.8519   10.5285 ^ lsu/_33304_/Y (sky130_fd_sc_hd__nor4_1)
   0.1470   10.6755 v lsu/_33305_/Y (sky130_fd_sc_hd__a222oi_1)
   0.1060   10.7815 ^ lsu/_33311_/Y (sky130_fd_sc_hd__nand2_1)
   0.0657   10.8472 v lsu/_33321_/Y (sky130_fd_sc_hd__nor3_1)
   0.2807   11.1279 v lsu/_33539_/X (sky130_fd_sc_hd__or2_2)
   0.0670   11.1949 ^ lsu/_33540_/Y (sky130_fd_sc_hd__nand2_1)
   0.1031   11.2980 v lsu/_33545_/Y (sky130_fd_sc_hd__o21ai_0)
   0.1640   11.4620 v core/memExeUnit/_191_/X (sky130_fd_sc_hd__buf_4)
   0.1818   11.6438 v core/ll_wbarb/_009_/X (sky130_fd_sc_hd__clkbuf_1)
   0.2456   11.8895 v core/ll_wbarb/_010_/X (sky130_fd_sc_hd__clkbuf_1)
   0.0813   11.9708 ^ core/ll_wbarb/_099_/Y (sky130_fd_sc_hd__inv_1)
   0.1445   12.1153 ^ core/FpPipeline/_2061_/X (sky130_fd_sc_hd__lpflow_inputiso0n_1)
   0.0722   12.1876 v core/FpPipeline/_2071_/Y (sky130_fd_sc_hd__nand2_1)
   0.0986   12.2861 ^ core/FpPipeline/_2073_/Y (sky130_fd_sc_hd__a21oi_1)
   0.1152   12.4013 ^ core/ll_wbarb/_100_/X (sky130_fd_sc_hd__or2_2)
   4.8833   17.2846 ^ core/_3767_/Y (sky130_fd_sc_hd__nor3b_1)
   0.4910   17.7756 v core/mem_issue_unit/slots_1/_0763_/Y (sky130_fd_sc_hd__o21ai_0)
   0.4726   18.2482 ^ core/mem_issue_unit/slots_1/_0766_/Y (sky130_fd_sc_hd__nor4_1)
   0.1073   18.3555 v core/mem_issue_unit/slots_1/_0767_/Y (sky130_fd_sc_hd__nand3_1)
   0.1862   18.5417 v core/mem_issue_unit/slots_1/_0791_/X (sky130_fd_sc_hd__and4_1)
   0.1253   18.6670 ^ core/mem_issue_unit/slots_1/_0792_/Y (sky130_fd_sc_hd__a21oi_1)
   0.0035   18.6705 ^ core/mem_issue_unit/slots_1/_0980_/D (sky130_fd_sc_hd__dfxtp_1)
            18.6705   data arrival time

  20.0000   20.0000   clock clock (rise edge)
   0.0000   20.0000   clock network delay (ideal)
   0.0000   20.0000   clock reconvergence pessimism
            20.0000 ^ core/mem_issue_unit/slots_1/_0980_/CLK (sky130_fd_sc_hd__dfxtp_1)
  -0.0722   19.9278   library setup time
            19.9278   data required time
-------------------------------------------------------------
            19.9278   data required time
           -18.6705   data arrival time
-------------------------------------------------------------
             1.2573   slack (MET)


Startpoint: core/_3979_ (rising edge-triggered flip-flop clocked by clock)
Endpoint: core/mem_issue_unit/slots_10/_0980_
          (rising edge-triggered flip-flop clocked by clock)
Path Group: clock
Path Type: max

    Delay      Time   Description
-------------------------------------------------------------
   0.0000    0.0000   clock clock (rise edge)
   0.0000    0.0000   clock network delay (ideal)
   0.0000    0.0000 ^ core/_3979_/CLK (sky130_fd_sc_hd__dfxtp_1)
   0.3332    0.3332 ^ core/_3979_/Q (sky130_fd_sc_hd__dfxtp_1)
   0.3006    0.6338 ^ core/_1880_/Y (sky130_fd_sc_hd__nor3b_1)
   0.1036    0.7374 v core/_1881_/Y (sky130_fd_sc_hd__nand2_1)
   5.0797    5.8171 ^ core/_1906_/Y (sky130_fd_sc_hd__o21ai_0)
   0.7998    6.6169 ^ lsu/_64414_/X (sky130_fd_sc_hd__buf_4)
   0.1206    6.7376 v dcache/_2795_/Y (sky130_fd_sc_hd__a22oi_1)
   0.2232    6.9607 v dcache/_2796_/X (sky130_fd_sc_hd__and4_1)
   0.0821    7.0429 ^ dcache/_2797_/Y (sky130_fd_sc_hd__nand2_1)
   0.0867    7.1296 v dcache/_2803_/Y (sky130_fd_sc_hd__nor4_1)
   0.0795    7.2091 ^ dcache/mshrs/_0615_/Y (sky130_fd_sc_hd__inv_1)
   0.0587    7.2678 v dcache/mshrs/_0616_/Y (sky130_fd_sc_hd__nor2_1)
   0.1498    7.4177 v dcache/mshrs/_0617_/Y (sky130_fd_sc_hd__a21boi_0)
   0.2381    7.6557 v dcache/mshrs/_0618_/X (sky130_fd_sc_hd__lpflow_inputiso0n_1)
   0.1857    7.8415 ^ dcache/mshrs/_0752_/Y (sky130_fd_sc_hd__a31oi_1)
   0.0689    7.9104 v dcache/mshrs/_0755_/Y (sky130_fd_sc_hd__nand2_1)
   0.2141    8.1244 v dcache/mshrs/_0756_/X (sky130_fd_sc_hd__a22o_1)
   0.1258    8.2503 v dcache/_2807_/X (sky130_fd_sc_hd__lpflow_isobufsrc_1)
   0.3604    8.6107 ^ dcache/_2808_/Y (sky130_fd_sc_hd__a2111oi_0)
   0.1294    8.7400 v dcache/_2809_/Y (sky130_fd_sc_hd__a311oi_1)
   0.1535    8.8935 ^ dcache/_2810_/X (sky130_fd_sc_hd__lpflow_isobufsrc_1)
   0.0805    8.9740 v dcache/_2812_/Y (sky130_fd_sc_hd__nor3_1)
   0.2226    9.1966 v dcache/_3359_/X (sky130_fd_sc_hd__lpflow_clkbufkapwr_1)
   0.3193    9.5159 v dcache/_3361_/X (sky130_fd_sc_hd__mux2_2)
   0.1608    9.6766 v lsu/_33285_/X (sky130_fd_sc_hd__clkbuf_1)
   0.8519   10.5285 ^ lsu/_33304_/Y (sky130_fd_sc_hd__nor4_1)
   0.1470   10.6755 v lsu/_33305_/Y (sky130_fd_sc_hd__a222oi_1)
   0.1060   10.7815 ^ lsu/_33311_/Y (sky130_fd_sc_hd__nand2_1)
   0.0657   10.8472 v lsu/_33321_/Y (sky130_fd_sc_hd__nor3_1)
   0.2807   11.1279 v lsu/_33539_/X (sky130_fd_sc_hd__or2_2)
   0.0670   11.1949 ^ lsu/_33540_/Y (sky130_fd_sc_hd__nand2_1)
   0.1031   11.2980 v lsu/_33545_/Y (sky130_fd_sc_hd__o21ai_0)
   0.1640   11.4620 v core/memExeUnit/_191_/X (sky130_fd_sc_hd__buf_4)
   0.1818   11.6438 v core/ll_wbarb/_009_/X (sky130_fd_sc_hd__clkbuf_1)
   0.2456   11.8895 v core/ll_wbarb/_010_/X (sky130_fd_sc_hd__clkbuf_1)
   0.0813   11.9708 ^ core/ll_wbarb/_099_/Y (sky130_fd_sc_hd__inv_1)
   0.1445   12.1153 ^ core/FpPipeline/_2061_/X (sky130_fd_sc_hd__lpflow_inputiso0n_1)
   0.0722   12.1876 v core/FpPipeline/_2071_/Y (sky130_fd_sc_hd__nand2_1)
   0.0986   12.2861 ^ core/FpPipeline/_2073_/Y (sky130_fd_sc_hd__a21oi_1)
   0.1152   12.4013 ^ core/ll_wbarb/_100_/X (sky130_fd_sc_hd__or2_2)
   4.8833   17.2846 ^ core/_3767_/Y (sky130_fd_sc_hd__nor3b_1)
   0.4910   17.7756 v core/mem_issue_unit/slots_10/_0763_/Y (sky130_fd_sc_hd__o21ai_0)
   0.4726   18.2482 ^ core/mem_issue_unit/slots_10/_0766_/Y (sky130_fd_sc_hd__nor4_1)
   0.1073   18.3555 v core/mem_issue_unit/slots_10/_0767_/Y (sky130_fd_sc_hd__nand3_1)
   0.1862   18.5417 v core/mem_issue_unit/slots_10/_0791_/X (sky130_fd_sc_hd__and4_1)
   0.1253   18.6670 ^ core/mem_issue_unit/slots_10/_0792_/Y (sky130_fd_sc_hd__a21oi_1)
   0.0035   18.6705 ^ core/mem_issue_unit/slots_10/_0980_/D (sky130_fd_sc_hd__dfxtp_1)
            18.6705   data arrival time

  20.0000   20.0000   clock clock (rise edge)
   0.0000   20.0000   clock network delay (ideal)
   0.0000   20.0000   clock reconvergence pessimism
            20.0000 ^ core/mem_issue_unit/slots_10/_0980_/CLK (sky130_fd_sc_hd__dfxtp_1)
  -0.0722   19.9278   library setup time
            19.9278   data required time
-------------------------------------------------------------
            19.9278   data required time
           -18.6705   data arrival time
-------------------------------------------------------------
             1.2573   slack (MET)


Startpoint: core/_3979_ (rising edge-triggered flip-flop clocked by clock)
Endpoint: core/mem_issue_unit/slots_11/_0980_
          (rising edge-triggered flip-flop clocked by clock)
Path Group: clock
Path Type: max

    Delay      Time   Description
-------------------------------------------------------------
   0.0000    0.0000   clock clock (rise edge)
   0.0000    0.0000   clock network delay (ideal)
   0.0000    0.0000 ^ core/_3979_/CLK (sky130_fd_sc_hd__dfxtp_1)
   0.3332    0.3332 ^ core/_3979_/Q (sky130_fd_sc_hd__dfxtp_1)
   0.3006    0.6338 ^ core/_1880_/Y (sky130_fd_sc_hd__nor3b_1)
   0.1036    0.7374 v core/_1881_/Y (sky130_fd_sc_hd__nand2_1)
   5.0797    5.8171 ^ core/_1906_/Y (sky130_fd_sc_hd__o21ai_0)
   0.7998    6.6169 ^ lsu/_64414_/X (sky130_fd_sc_hd__buf_4)
   0.1206    6.7376 v dcache/_2795_/Y (sky130_fd_sc_hd__a22oi_1)
   0.2232    6.9607 v dcache/_2796_/X (sky130_fd_sc_hd__and4_1)
   0.0821    7.0429 ^ dcache/_2797_/Y (sky130_fd_sc_hd__nand2_1)
   0.0867    7.1296 v dcache/_2803_/Y (sky130_fd_sc_hd__nor4_1)
   0.0795    7.2091 ^ dcache/mshrs/_0615_/Y (sky130_fd_sc_hd__inv_1)
   0.0587    7.2678 v dcache/mshrs/_0616_/Y (sky130_fd_sc_hd__nor2_1)
   0.1498    7.4177 v dcache/mshrs/_0617_/Y (sky130_fd_sc_hd__a21boi_0)
   0.2381    7.6557 v dcache/mshrs/_0618_/X (sky130_fd_sc_hd__lpflow_inputiso0n_1)
   0.1857    7.8415 ^ dcache/mshrs/_0752_/Y (sky130_fd_sc_hd__a31oi_1)
   0.0689    7.9104 v dcache/mshrs/_0755_/Y (sky130_fd_sc_hd__nand2_1)
   0.2141    8.1244 v dcache/mshrs/_0756_/X (sky130_fd_sc_hd__a22o_1)
   0.1258    8.2503 v dcache/_2807_/X (sky130_fd_sc_hd__lpflow_isobufsrc_1)
   0.3604    8.6107 ^ dcache/_2808_/Y (sky130_fd_sc_hd__a2111oi_0)
   0.1294    8.7400 v dcache/_2809_/Y (sky130_fd_sc_hd__a311oi_1)
   0.1535    8.8935 ^ dcache/_2810_/X (sky130_fd_sc_hd__lpflow_isobufsrc_1)
   0.0805    8.9740 v dcache/_2812_/Y (sky130_fd_sc_hd__nor3_1)
   0.2226    9.1966 v dcache/_3359_/X (sky130_fd_sc_hd__lpflow_clkbufkapwr_1)
   0.3193    9.5159 v dcache/_3361_/X (sky130_fd_sc_hd__mux2_2)
   0.1608    9.6766 v lsu/_33285_/X (sky130_fd_sc_hd__clkbuf_1)
   0.8519   10.5285 ^ lsu/_33304_/Y (sky130_fd_sc_hd__nor4_1)
   0.1470   10.6755 v lsu/_33305_/Y (sky130_fd_sc_hd__a222oi_1)
   0.1060   10.7815 ^ lsu/_33311_/Y (sky130_fd_sc_hd__nand2_1)
   0.0657   10.8472 v lsu/_33321_/Y (sky130_fd_sc_hd__nor3_1)
   0.2807   11.1279 v lsu/_33539_/X (sky130_fd_sc_hd__or2_2)
   0.0670   11.1949 ^ lsu/_33540_/Y (sky130_fd_sc_hd__nand2_1)
   0.1031   11.2980 v lsu/_33545_/Y (sky130_fd_sc_hd__o21ai_0)
   0.1640   11.4620 v core/memExeUnit/_191_/X (sky130_fd_sc_hd__buf_4)
   0.1818   11.6438 v core/ll_wbarb/_009_/X (sky130_fd_sc_hd__clkbuf_1)
   0.2456   11.8895 v core/ll_wbarb/_010_/X (sky130_fd_sc_hd__clkbuf_1)
   0.0813   11.9708 ^ core/ll_wbarb/_099_/Y (sky130_fd_sc_hd__inv_1)
   0.1445   12.1153 ^ core/FpPipeline/_2061_/X (sky130_fd_sc_hd__lpflow_inputiso0n_1)
   0.0722   12.1876 v core/FpPipeline/_2071_/Y (sky130_fd_sc_hd__nand2_1)
   0.0986   12.2861 ^ core/FpPipeline/_2073_/Y (sky130_fd_sc_hd__a21oi_1)
   0.1152   12.4013 ^ core/ll_wbarb/_100_/X (sky130_fd_sc_hd__or2_2)
   4.8833   17.2846 ^ core/_3767_/Y (sky130_fd_sc_hd__nor3b_1)
   0.4910   17.7756 v core/mem_issue_unit/slots_11/_0763_/Y (sky130_fd_sc_hd__o21ai_0)
   0.4726   18.2482 ^ core/mem_issue_unit/slots_11/_0766_/Y (sky130_fd_sc_hd__nor4_1)
   0.1073   18.3555 v core/mem_issue_unit/slots_11/_0767_/Y (sky130_fd_sc_hd__nand3_1)
   0.1862   18.5417 v core/mem_issue_unit/slots_11/_0791_/X (sky130_fd_sc_hd__and4_1)
   0.1253   18.6670 ^ core/mem_issue_unit/slots_11/_0792_/Y (sky130_fd_sc_hd__a21oi_1)
   0.0035   18.6705 ^ core/mem_issue_unit/slots_11/_0980_/D (sky130_fd_sc_hd__dfxtp_1)
            18.6705   data arrival time

  20.0000   20.0000   clock clock (rise edge)
   0.0000   20.0000   clock network delay (ideal)
   0.0000   20.0000   clock reconvergence pessimism
            20.0000 ^ core/mem_issue_unit/slots_11/_0980_/CLK (sky130_fd_sc_hd__dfxtp_1)
  -0.0722   19.9278   library setup time
            19.9278   data required time
-------------------------------------------------------------
            19.9278   data required time
           -18.6705   data arrival time
-------------------------------------------------------------
             1.2573   slack (MET)


Startpoint: core/_3979_ (rising edge-triggered flip-flop clocked by clock)
Endpoint: core/mem_issue_unit/slots_2/_0980_
          (rising edge-triggered flip-flop clocked by clock)
Path Group: clock
Path Type: max

    Delay      Time   Description
-------------------------------------------------------------
   0.0000    0.0000   clock clock (rise edge)
   0.0000    0.0000   clock network delay (ideal)
   0.0000    0.0000 ^ core/_3979_/CLK (sky130_fd_sc_hd__dfxtp_1)
   0.3332    0.3332 ^ core/_3979_/Q (sky130_fd_sc_hd__dfxtp_1)
   0.3006    0.6338 ^ core/_1880_/Y (sky130_fd_sc_hd__nor3b_1)
   0.1036    0.7374 v core/_1881_/Y (sky130_fd_sc_hd__nand2_1)
   5.0797    5.8171 ^ core/_1906_/Y (sky130_fd_sc_hd__o21ai_0)
   0.7998    6.6169 ^ lsu/_64414_/X (sky130_fd_sc_hd__buf_4)
   0.1206    6.7376 v dcache/_2795_/Y (sky130_fd_sc_hd__a22oi_1)
   0.2232    6.9607 v dcache/_2796_/X (sky130_fd_sc_hd__and4_1)
   0.0821    7.0429 ^ dcache/_2797_/Y (sky130_fd_sc_hd__nand2_1)
   0.0867    7.1296 v dcache/_2803_/Y (sky130_fd_sc_hd__nor4_1)
   0.0795    7.2091 ^ dcache/mshrs/_0615_/Y (sky130_fd_sc_hd__inv_1)
   0.0587    7.2678 v dcache/mshrs/_0616_/Y (sky130_fd_sc_hd__nor2_1)
   0.1498    7.4177 v dcache/mshrs/_0617_/Y (sky130_fd_sc_hd__a21boi_0)
   0.2381    7.6557 v dcache/mshrs/_0618_/X (sky130_fd_sc_hd__lpflow_inputiso0n_1)
   0.1857    7.8415 ^ dcache/mshrs/_0752_/Y (sky130_fd_sc_hd__a31oi_1)
   0.0689    7.9104 v dcache/mshrs/_0755_/Y (sky130_fd_sc_hd__nand2_1)
   0.2141    8.1244 v dcache/mshrs/_0756_/X (sky130_fd_sc_hd__a22o_1)
   0.1258    8.2503 v dcache/_2807_/X (sky130_fd_sc_hd__lpflow_isobufsrc_1)
   0.3604    8.6107 ^ dcache/_2808_/Y (sky130_fd_sc_hd__a2111oi_0)
   0.1294    8.7400 v dcache/_2809_/Y (sky130_fd_sc_hd__a311oi_1)
   0.1535    8.8935 ^ dcache/_2810_/X (sky130_fd_sc_hd__lpflow_isobufsrc_1)
   0.0805    8.9740 v dcache/_2812_/Y (sky130_fd_sc_hd__nor3_1)
   0.2226    9.1966 v dcache/_3359_/X (sky130_fd_sc_hd__lpflow_clkbufkapwr_1)
   0.3193    9.5159 v dcache/_3361_/X (sky130_fd_sc_hd__mux2_2)
   0.1608    9.6766 v lsu/_33285_/X (sky130_fd_sc_hd__clkbuf_1)
   0.8519   10.5285 ^ lsu/_33304_/Y (sky130_fd_sc_hd__nor4_1)
   0.1470   10.6755 v lsu/_33305_/Y (sky130_fd_sc_hd__a222oi_1)
   0.1060   10.7815 ^ lsu/_33311_/Y (sky130_fd_sc_hd__nand2_1)
   0.0657   10.8472 v lsu/_33321_/Y (sky130_fd_sc_hd__nor3_1)
   0.2807   11.1279 v lsu/_33539_/X (sky130_fd_sc_hd__or2_2)
   0.0670   11.1949 ^ lsu/_33540_/Y (sky130_fd_sc_hd__nand2_1)
   0.1031   11.2980 v lsu/_33545_/Y (sky130_fd_sc_hd__o21ai_0)
   0.1640   11.4620 v core/memExeUnit/_191_/X (sky130_fd_sc_hd__buf_4)
   0.1818   11.6438 v core/ll_wbarb/_009_/X (sky130_fd_sc_hd__clkbuf_1)
   0.2456   11.8895 v core/ll_wbarb/_010_/X (sky130_fd_sc_hd__clkbuf_1)
   0.0813   11.9708 ^ core/ll_wbarb/_099_/Y (sky130_fd_sc_hd__inv_1)
   0.1445   12.1153 ^ core/FpPipeline/_2061_/X (sky130_fd_sc_hd__lpflow_inputiso0n_1)
   0.0722   12.1876 v core/FpPipeline/_2071_/Y (sky130_fd_sc_hd__nand2_1)
   0.0986   12.2861 ^ core/FpPipeline/_2073_/Y (sky130_fd_sc_hd__a21oi_1)
   0.1152   12.4013 ^ core/ll_wbarb/_100_/X (sky130_fd_sc_hd__or2_2)
   4.8833   17.2846 ^ core/_3767_/Y (sky130_fd_sc_hd__nor3b_1)
   0.4910   17.7756 v core/mem_issue_unit/slots_2/_0763_/Y (sky130_fd_sc_hd__o21ai_0)
   0.4726   18.2482 ^ core/mem_issue_unit/slots_2/_0766_/Y (sky130_fd_sc_hd__nor4_1)
   0.1073   18.3555 v core/mem_issue_unit/slots_2/_0767_/Y (sky130_fd_sc_hd__nand3_1)
   0.1862   18.5417 v core/mem_issue_unit/slots_2/_0791_/X (sky130_fd_sc_hd__and4_1)
   0.1253   18.6670 ^ core/mem_issue_unit/slots_2/_0792_/Y (sky130_fd_sc_hd__a21oi_1)
   0.0035   18.6705 ^ core/mem_issue_unit/slots_2/_0980_/D (sky130_fd_sc_hd__dfxtp_1)
            18.6705   data arrival time

  20.0000   20.0000   clock clock (rise edge)
   0.0000   20.0000   clock network delay (ideal)
   0.0000   20.0000   clock reconvergence pessimism
            20.0000 ^ core/mem_issue_unit/slots_2/_0980_/CLK (sky130_fd_sc_hd__dfxtp_1)
  -0.0722   19.9278   library setup time
            19.9278   data required time
-------------------------------------------------------------
            19.9278   data required time
           -18.6705   data arrival time
-------------------------------------------------------------
             1.2573   slack (MET)


Startpoint: core/_3979_ (rising edge-triggered flip-flop clocked by clock)
Endpoint: core/mem_issue_unit/slots_3/_0980_
          (rising edge-triggered flip-flop clocked by clock)
Path Group: clock
Path Type: max

    Delay      Time   Description
-------------------------------------------------------------
   0.0000    0.0000   clock clock (rise edge)
   0.0000    0.0000   clock network delay (ideal)
   0.0000    0.0000 ^ core/_3979_/CLK (sky130_fd_sc_hd__dfxtp_1)
   0.3332    0.3332 ^ core/_3979_/Q (sky130_fd_sc_hd__dfxtp_1)
   0.3006    0.6338 ^ core/_1880_/Y (sky130_fd_sc_hd__nor3b_1)
   0.1036    0.7374 v core/_1881_/Y (sky130_fd_sc_hd__nand2_1)
   5.0797    5.8171 ^ core/_1906_/Y (sky130_fd_sc_hd__o21ai_0)
   0.7998    6.6169 ^ lsu/_64414_/X (sky130_fd_sc_hd__buf_4)
   0.1206    6.7376 v dcache/_2795_/Y (sky130_fd_sc_hd__a22oi_1)
   0.2232    6.9607 v dcache/_2796_/X (sky130_fd_sc_hd__and4_1)
   0.0821    7.0429 ^ dcache/_2797_/Y (sky130_fd_sc_hd__nand2_1)
   0.0867    7.1296 v dcache/_2803_/Y (sky130_fd_sc_hd__nor4_1)
   0.0795    7.2091 ^ dcache/mshrs/_0615_/Y (sky130_fd_sc_hd__inv_1)
   0.0587    7.2678 v dcache/mshrs/_0616_/Y (sky130_fd_sc_hd__nor2_1)
   0.1498    7.4177 v dcache/mshrs/_0617_/Y (sky130_fd_sc_hd__a21boi_0)
   0.2381    7.6557 v dcache/mshrs/_0618_/X (sky130_fd_sc_hd__lpflow_inputiso0n_1)
   0.1857    7.8415 ^ dcache/mshrs/_0752_/Y (sky130_fd_sc_hd__a31oi_1)
   0.0689    7.9104 v dcache/mshrs/_0755_/Y (sky130_fd_sc_hd__nand2_1)
   0.2141    8.1244 v dcache/mshrs/_0756_/X (sky130_fd_sc_hd__a22o_1)
   0.1258    8.2503 v dcache/_2807_/X (sky130_fd_sc_hd__lpflow_isobufsrc_1)
   0.3604    8.6107 ^ dcache/_2808_/Y (sky130_fd_sc_hd__a2111oi_0)
   0.1294    8.7400 v dcache/_2809_/Y (sky130_fd_sc_hd__a311oi_1)
   0.1535    8.8935 ^ dcache/_2810_/X (sky130_fd_sc_hd__lpflow_isobufsrc_1)
   0.0805    8.9740 v dcache/_2812_/Y (sky130_fd_sc_hd__nor3_1)
   0.2226    9.1966 v dcache/_3359_/X (sky130_fd_sc_hd__lpflow_clkbufkapwr_1)
   0.3193    9.5159 v dcache/_3361_/X (sky130_fd_sc_hd__mux2_2)
   0.1608    9.6766 v lsu/_33285_/X (sky130_fd_sc_hd__clkbuf_1)
   0.8519   10.5285 ^ lsu/_33304_/Y (sky130_fd_sc_hd__nor4_1)
   0.1470   10.6755 v lsu/_33305_/Y (sky130_fd_sc_hd__a222oi_1)
   0.1060   10.7815 ^ lsu/_33311_/Y (sky130_fd_sc_hd__nand2_1)
   0.0657   10.8472 v lsu/_33321_/Y (sky130_fd_sc_hd__nor3_1)
   0.2807   11.1279 v lsu/_33539_/X (sky130_fd_sc_hd__or2_2)
   0.0670   11.1949 ^ lsu/_33540_/Y (sky130_fd_sc_hd__nand2_1)
   0.1031   11.2980 v lsu/_33545_/Y (sky130_fd_sc_hd__o21ai_0)
   0.1640   11.4620 v core/memExeUnit/_191_/X (sky130_fd_sc_hd__buf_4)
   0.1818   11.6438 v core/ll_wbarb/_009_/X (sky130_fd_sc_hd__clkbuf_1)
   0.2456   11.8895 v core/ll_wbarb/_010_/X (sky130_fd_sc_hd__clkbuf_1)
   0.0813   11.9708 ^ core/ll_wbarb/_099_/Y (sky130_fd_sc_hd__inv_1)
   0.1445   12.1153 ^ core/FpPipeline/_2061_/X (sky130_fd_sc_hd__lpflow_inputiso0n_1)
   0.0722   12.1876 v core/FpPipeline/_2071_/Y (sky130_fd_sc_hd__nand2_1)
   0.0986   12.2861 ^ core/FpPipeline/_2073_/Y (sky130_fd_sc_hd__a21oi_1)
   0.1152   12.4013 ^ core/ll_wbarb/_100_/X (sky130_fd_sc_hd__or2_2)
   4.8833   17.2846 ^ core/_3767_/Y (sky130_fd_sc_hd__nor3b_1)
   0.4910   17.7756 v core/mem_issue_unit/slots_3/_0763_/Y (sky130_fd_sc_hd__o21ai_0)
   0.4726   18.2482 ^ core/mem_issue_unit/slots_3/_0766_/Y (sky130_fd_sc_hd__nor4_1)
   0.1073   18.3555 v core/mem_issue_unit/slots_3/_0767_/Y (sky130_fd_sc_hd__nand3_1)
   0.1862   18.5417 v core/mem_issue_unit/slots_3/_0791_/X (sky130_fd_sc_hd__and4_1)
   0.1253   18.6670 ^ core/mem_issue_unit/slots_3/_0792_/Y (sky130_fd_sc_hd__a21oi_1)
   0.0035   18.6705 ^ core/mem_issue_unit/slots_3/_0980_/D (sky130_fd_sc_hd__dfxtp_1)
            18.6705   data arrival time

  20.0000   20.0000   clock clock (rise edge)
   0.0000   20.0000   clock network delay (ideal)
   0.0000   20.0000   clock reconvergence pessimism
            20.0000 ^ core/mem_issue_unit/slots_3/_0980_/CLK (sky130_fd_sc_hd__dfxtp_1)
  -0.0722   19.9278   library setup time
            19.9278   data required time
-------------------------------------------------------------
            19.9278   data required time
           -18.6705   data arrival time
-------------------------------------------------------------
             1.2573   slack (MET)


Startpoint: core/_3979_ (rising edge-triggered flip-flop clocked by clock)
Endpoint: core/mem_issue_unit/slots_4/_0980_
          (rising edge-triggered flip-flop clocked by clock)
Path Group: clock
Path Type: max

    Delay      Time   Description
-------------------------------------------------------------
   0.0000    0.0000   clock clock (rise edge)
   0.0000    0.0000   clock network delay (ideal)
   0.0000    0.0000 ^ core/_3979_/CLK (sky130_fd_sc_hd__dfxtp_1)
   0.3332    0.3332 ^ core/_3979_/Q (sky130_fd_sc_hd__dfxtp_1)
   0.3006    0.6338 ^ core/_1880_/Y (sky130_fd_sc_hd__nor3b_1)
   0.1036    0.7374 v core/_1881_/Y (sky130_fd_sc_hd__nand2_1)
   5.0797    5.8171 ^ core/_1906_/Y (sky130_fd_sc_hd__o21ai_0)
   0.7998    6.6169 ^ lsu/_64414_/X (sky130_fd_sc_hd__buf_4)
   0.1206    6.7376 v dcache/_2795_/Y (sky130_fd_sc_hd__a22oi_1)
   0.2232    6.9607 v dcache/_2796_/X (sky130_fd_sc_hd__and4_1)
   0.0821    7.0429 ^ dcache/_2797_/Y (sky130_fd_sc_hd__nand2_1)
   0.0867    7.1296 v dcache/_2803_/Y (sky130_fd_sc_hd__nor4_1)
   0.0795    7.2091 ^ dcache/mshrs/_0615_/Y (sky130_fd_sc_hd__inv_1)
   0.0587    7.2678 v dcache/mshrs/_0616_/Y (sky130_fd_sc_hd__nor2_1)
   0.1498    7.4177 v dcache/mshrs/_0617_/Y (sky130_fd_sc_hd__a21boi_0)
   0.2381    7.6557 v dcache/mshrs/_0618_/X (sky130_fd_sc_hd__lpflow_inputiso0n_1)
   0.1857    7.8415 ^ dcache/mshrs/_0752_/Y (sky130_fd_sc_hd__a31oi_1)
   0.0689    7.9104 v dcache/mshrs/_0755_/Y (sky130_fd_sc_hd__nand2_1)
   0.2141    8.1244 v dcache/mshrs/_0756_/X (sky130_fd_sc_hd__a22o_1)
   0.1258    8.2503 v dcache/_2807_/X (sky130_fd_sc_hd__lpflow_isobufsrc_1)
   0.3604    8.6107 ^ dcache/_2808_/Y (sky130_fd_sc_hd__a2111oi_0)
   0.1294    8.7400 v dcache/_2809_/Y (sky130_fd_sc_hd__a311oi_1)
   0.1535    8.8935 ^ dcache/_2810_/X (sky130_fd_sc_hd__lpflow_isobufsrc_1)
   0.0805    8.9740 v dcache/_2812_/Y (sky130_fd_sc_hd__nor3_1)
   0.2226    9.1966 v dcache/_3359_/X (sky130_fd_sc_hd__lpflow_clkbufkapwr_1)
   0.3193    9.5159 v dcache/_3361_/X (sky130_fd_sc_hd__mux2_2)
   0.1608    9.6766 v lsu/_33285_/X (sky130_fd_sc_hd__clkbuf_1)
   0.8519   10.5285 ^ lsu/_33304_/Y (sky130_fd_sc_hd__nor4_1)
   0.1470   10.6755 v lsu/_33305_/Y (sky130_fd_sc_hd__a222oi_1)
   0.1060   10.7815 ^ lsu/_33311_/Y (sky130_fd_sc_hd__nand2_1)
   0.0657   10.8472 v lsu/_33321_/Y (sky130_fd_sc_hd__nor3_1)
   0.2807   11.1279 v lsu/_33539_/X (sky130_fd_sc_hd__or2_2)
   0.0670   11.1949 ^ lsu/_33540_/Y (sky130_fd_sc_hd__nand2_1)
   0.1031   11.2980 v lsu/_33545_/Y (sky130_fd_sc_hd__o21ai_0)
   0.1640   11.4620 v core/memExeUnit/_191_/X (sky130_fd_sc_hd__buf_4)
   0.1818   11.6438 v core/ll_wbarb/_009_/X (sky130_fd_sc_hd__clkbuf_1)
   0.2456   11.8895 v core/ll_wbarb/_010_/X (sky130_fd_sc_hd__clkbuf_1)
   0.0813   11.9708 ^ core/ll_wbarb/_099_/Y (sky130_fd_sc_hd__inv_1)
   0.1445   12.1153 ^ core/FpPipeline/_2061_/X (sky130_fd_sc_hd__lpflow_inputiso0n_1)
   0.0722   12.1876 v core/FpPipeline/_2071_/Y (sky130_fd_sc_hd__nand2_1)
   0.0986   12.2861 ^ core/FpPipeline/_2073_/Y (sky130_fd_sc_hd__a21oi_1)
   0.1152   12.4013 ^ core/ll_wbarb/_100_/X (sky130_fd_sc_hd__or2_2)
   4.8833   17.2846 ^ core/_3767_/Y (sky130_fd_sc_hd__nor3b_1)
   0.4910   17.7756 v core/mem_issue_unit/slots_4/_0763_/Y (sky130_fd_sc_hd__o21ai_0)
   0.4726   18.2482 ^ core/mem_issue_unit/slots_4/_0766_/Y (sky130_fd_sc_hd__nor4_1)
   0.1073   18.3555 v core/mem_issue_unit/slots_4/_0767_/Y (sky130_fd_sc_hd__nand3_1)
   0.1862   18.5417 v core/mem_issue_unit/slots_4/_0791_/X (sky130_fd_sc_hd__and4_1)
   0.1253   18.6670 ^ core/mem_issue_unit/slots_4/_0792_/Y (sky130_fd_sc_hd__a21oi_1)
   0.0035   18.6705 ^ core/mem_issue_unit/slots_4/_0980_/D (sky130_fd_sc_hd__dfxtp_1)
            18.6705   data arrival time

  20.0000   20.0000   clock clock (rise edge)
   0.0000   20.0000   clock network delay (ideal)
   0.0000   20.0000   clock reconvergence pessimism
            20.0000 ^ core/mem_issue_unit/slots_4/_0980_/CLK (sky130_fd_sc_hd__dfxtp_1)
  -0.0722   19.9278   library setup time
            19.9278   data required time
-------------------------------------------------------------
            19.9278   data required time
           -18.6705   data arrival time
-------------------------------------------------------------
             1.2573   slack (MET)


Startpoint: core/_3979_ (rising edge-triggered flip-flop clocked by clock)
Endpoint: core/mem_issue_unit/slots_5/_0980_
          (rising edge-triggered flip-flop clocked by clock)
Path Group: clock
Path Type: max

    Delay      Time   Description
-------------------------------------------------------------
   0.0000    0.0000   clock clock (rise edge)
   0.0000    0.0000   clock network delay (ideal)
   0.0000    0.0000 ^ core/_3979_/CLK (sky130_fd_sc_hd__dfxtp_1)
   0.3332    0.3332 ^ core/_3979_/Q (sky130_fd_sc_hd__dfxtp_1)
   0.3006    0.6338 ^ core/_1880_/Y (sky130_fd_sc_hd__nor3b_1)
   0.1036    0.7374 v core/_1881_/Y (sky130_fd_sc_hd__nand2_1)
   5.0797    5.8171 ^ core/_1906_/Y (sky130_fd_sc_hd__o21ai_0)
   0.7998    6.6169 ^ lsu/_64414_/X (sky130_fd_sc_hd__buf_4)
   0.1206    6.7376 v dcache/_2795_/Y (sky130_fd_sc_hd__a22oi_1)
   0.2232    6.9607 v dcache/_2796_/X (sky130_fd_sc_hd__and4_1)
   0.0821    7.0429 ^ dcache/_2797_/Y (sky130_fd_sc_hd__nand2_1)
   0.0867    7.1296 v dcache/_2803_/Y (sky130_fd_sc_hd__nor4_1)
   0.0795    7.2091 ^ dcache/mshrs/_0615_/Y (sky130_fd_sc_hd__inv_1)
   0.0587    7.2678 v dcache/mshrs/_0616_/Y (sky130_fd_sc_hd__nor2_1)
   0.1498    7.4177 v dcache/mshrs/_0617_/Y (sky130_fd_sc_hd__a21boi_0)
   0.2381    7.6557 v dcache/mshrs/_0618_/X (sky130_fd_sc_hd__lpflow_inputiso0n_1)
   0.1857    7.8415 ^ dcache/mshrs/_0752_/Y (sky130_fd_sc_hd__a31oi_1)
   0.0689    7.9104 v dcache/mshrs/_0755_/Y (sky130_fd_sc_hd__nand2_1)
   0.2141    8.1244 v dcache/mshrs/_0756_/X (sky130_fd_sc_hd__a22o_1)
   0.1258    8.2503 v dcache/_2807_/X (sky130_fd_sc_hd__lpflow_isobufsrc_1)
   0.3604    8.6107 ^ dcache/_2808_/Y (sky130_fd_sc_hd__a2111oi_0)
   0.1294    8.7400 v dcache/_2809_/Y (sky130_fd_sc_hd__a311oi_1)
   0.1535    8.8935 ^ dcache/_2810_/X (sky130_fd_sc_hd__lpflow_isobufsrc_1)
   0.0805    8.9740 v dcache/_2812_/Y (sky130_fd_sc_hd__nor3_1)
   0.2226    9.1966 v dcache/_3359_/X (sky130_fd_sc_hd__lpflow_clkbufkapwr_1)
   0.3193    9.5159 v dcache/_3361_/X (sky130_fd_sc_hd__mux2_2)
   0.1608    9.6766 v lsu/_33285_/X (sky130_fd_sc_hd__clkbuf_1)
   0.8519   10.5285 ^ lsu/_33304_/Y (sky130_fd_sc_hd__nor4_1)
   0.1470   10.6755 v lsu/_33305_/Y (sky130_fd_sc_hd__a222oi_1)
   0.1060   10.7815 ^ lsu/_33311_/Y (sky130_fd_sc_hd__nand2_1)
   0.0657   10.8472 v lsu/_33321_/Y (sky130_fd_sc_hd__nor3_1)
   0.2807   11.1279 v lsu/_33539_/X (sky130_fd_sc_hd__or2_2)
   0.0670   11.1949 ^ lsu/_33540_/Y (sky130_fd_sc_hd__nand2_1)
   0.1031   11.2980 v lsu/_33545_/Y (sky130_fd_sc_hd__o21ai_0)
   0.1640   11.4620 v core/memExeUnit/_191_/X (sky130_fd_sc_hd__buf_4)
   0.1818   11.6438 v core/ll_wbarb/_009_/X (sky130_fd_sc_hd__clkbuf_1)
   0.2456   11.8895 v core/ll_wbarb/_010_/X (sky130_fd_sc_hd__clkbuf_1)
   0.0813   11.9708 ^ core/ll_wbarb/_099_/Y (sky130_fd_sc_hd__inv_1)
   0.1445   12.1153 ^ core/FpPipeline/_2061_/X (sky130_fd_sc_hd__lpflow_inputiso0n_1)
   0.0722   12.1876 v core/FpPipeline/_2071_/Y (sky130_fd_sc_hd__nand2_1)
   0.0986   12.2861 ^ core/FpPipeline/_2073_/Y (sky130_fd_sc_hd__a21oi_1)
   0.1152   12.4013 ^ core/ll_wbarb/_100_/X (sky130_fd_sc_hd__or2_2)
   4.8833   17.2846 ^ core/_3767_/Y (sky130_fd_sc_hd__nor3b_1)
   0.4910   17.7756 v core/mem_issue_unit/slots_5/_0763_/Y (sky130_fd_sc_hd__o21ai_0)
   0.4726   18.2482 ^ core/mem_issue_unit/slots_5/_0766_/Y (sky130_fd_sc_hd__nor4_1)
   0.1073   18.3555 v core/mem_issue_unit/slots_5/_0767_/Y (sky130_fd_sc_hd__nand3_1)
   0.1862   18.5417 v core/mem_issue_unit/slots_5/_0791_/X (sky130_fd_sc_hd__and4_1)
   0.1253   18.6670 ^ core/mem_issue_unit/slots_5/_0792_/Y (sky130_fd_sc_hd__a21oi_1)
   0.0035   18.6705 ^ core/mem_issue_unit/slots_5/_0980_/D (sky130_fd_sc_hd__dfxtp_1)
            18.6705   data arrival time

  20.0000   20.0000   clock clock (rise edge)
   0.0000   20.0000   clock network delay (ideal)
   0.0000   20.0000   clock reconvergence pessimism
            20.0000 ^ core/mem_issue_unit/slots_5/_0980_/CLK (sky130_fd_sc_hd__dfxtp_1)
  -0.0722   19.9278   library setup time
            19.9278   data required time
-------------------------------------------------------------
            19.9278   data required time
           -18.6705   data arrival time
-------------------------------------------------------------
             1.2573   slack (MET)


