Warning: /scratch/perf_area_eff/baseline_area_v16/syn_obj/syn-rundir/BoomTile.mapped.v line 2115003, module $assert not found. Creating black box for assert__assert_29.
CHIA_METRIC setup_slack
worst slack 0.9042
CHIA_METRIC hold_slack
worst slack 0.1596
CHIA_METRIC min_period
clock period_min = 19.10 fmax = 52.37
CHIA_METRIC critical_paths
Startpoint: core/alu_exe_unit/PipelinedMulUnit/imul/_56534_
            (rising edge-triggered flip-flop clocked by clock)
Endpoint: core/alu_exe_unit/PipelinedMulUnit/imul/_56664_
          (rising edge-triggered flip-flop clocked by clock)
Path Group: clock
Path Type: max

    Delay      Time   Description
-------------------------------------------------------------
   0.0000    0.0000   clock clock (rise edge)
   0.0000    0.0000   clock network delay (ideal)
   0.0000    0.0000 ^ core/alu_exe_unit/PipelinedMulUnit/imul/_56534_/CLK (sky130_fd_sc_hd__dfxtp_1)
   0.3800    0.3800 ^ core/alu_exe_unit/PipelinedMulUnit/imul/_56534_/Q (sky130_fd_sc_hd__dfxtp_1)
   0.2608    0.6408 ^ core/alu_exe_unit/PipelinedMulUnit/imul/_28773_/X (sky130_fd_sc_hd__clkbuf_1)
   0.1282    0.7691 v core/alu_exe_unit/PipelinedMulUnit/imul/_38772_/Y (sky130_fd_sc_hd__nand2_1)
   0.4064    1.1755 v core/alu_exe_unit/PipelinedMulUnit/imul/_38820_/X (sky130_fd_sc_hd__xor3_1)
   0.3651    1.5405 v core/alu_exe_unit/PipelinedMulUnit/imul/_38822_/X (sky130_fd_sc_hd__maj3_1)
   0.2861    1.8266 ^ core/alu_exe_unit/PipelinedMulUnit/imul/_38824_/X (sky130_fd_sc_hd__xor2_1)
   0.1517    1.9783 v core/alu_exe_unit/PipelinedMulUnit/imul/_38826_/Y (sky130_fd_sc_hd__o21ai_0)
   0.3985    2.3767 v core/alu_exe_unit/PipelinedMulUnit/imul/_38829_/X (sky130_fd_sc_hd__maj3_1)
   0.3902    2.7670 v core/alu_exe_unit/PipelinedMulUnit/imul/_38866_/X (sky130_fd_sc_hd__xor3_1)
   0.2564    3.0233 ^ core/alu_exe_unit/PipelinedMulUnit/imul/_38903_/Y (sky130_fd_sc_hd__xnor2_1)
   0.6499    3.6732 v core/alu_exe_unit/PipelinedMulUnit/imul/_38936_/X (sky130_fd_sc_hd__or4b_2)
   0.3847    4.0579 v core/alu_exe_unit/PipelinedMulUnit/imul/_38942_/X (sky130_fd_sc_hd__maj3_1)
   0.2658    4.3237 ^ core/alu_exe_unit/PipelinedMulUnit/imul/_38943_/X (sky130_fd_sc_hd__xor2_1)
   0.1583    4.4819 v core/alu_exe_unit/PipelinedMulUnit/imul/_38974_/Y (sky130_fd_sc_hd__o21ai_0)
   0.1784    4.6604 v core/alu_exe_unit/PipelinedMulUnit/imul/_38975_/X (sky130_fd_sc_hd__xor2_1)
   0.1870    4.8474 ^ core/alu_exe_unit/PipelinedMulUnit/imul/_38999_/Y (sky130_fd_sc_hd__a22oi_1)
   0.1607    5.0081 ^ core/alu_exe_unit/PipelinedMulUnit/imul/_39001_/X (sky130_fd_sc_hd__o21ba_2)
   0.0992    5.1073 v core/alu_exe_unit/PipelinedMulUnit/imul/_39003_/Y (sky130_fd_sc_hd__o21ai_0)
   0.2119    5.3192 ^ core/alu_exe_unit/PipelinedMulUnit/imul/_39006_/Y (sky130_fd_sc_hd__a31oi_1)
   0.1118    5.4310 v core/alu_exe_unit/PipelinedMulUnit/imul/_39008_/Y (sky130_fd_sc_hd__o21ai_0)
   0.1895    5.6205 ^ core/alu_exe_unit/PipelinedMulUnit/imul/_39011_/Y (sky130_fd_sc_hd__a21oi_1)
   0.0998    5.7203 v core/alu_exe_unit/PipelinedMulUnit/imul/_39014_/Y (sky130_fd_sc_hd__o211ai_1)
   0.2480    5.9682 ^ core/alu_exe_unit/PipelinedMulUnit/imul/_39015_/Y (sky130_fd_sc_hd__a32oi_1)
   0.1803    6.1485 v core/alu_exe_unit/PipelinedMulUnit/imul/_39020_/Y (sky130_fd_sc_hd__o21ai_0)
   0.1960    6.3445 ^ core/alu_exe_unit/PipelinedMulUnit/imul/_39025_/Y (sky130_fd_sc_hd__a31oi_1)
   0.1017    6.4462 v core/alu_exe_unit/PipelinedMulUnit/imul/_39030_/Y (sky130_fd_sc_hd__o31ai_1)
   0.2593    6.7055 ^ core/alu_exe_unit/PipelinedMulUnit/imul/_39033_/Y (sky130_fd_sc_hd__a211oi_1)
   0.1869    6.8924 ^ core/alu_exe_unit/PipelinedMulUnit/imul/_39034_/X (sky130_fd_sc_hd__or3_1)
   0.1488    7.0412 v core/alu_exe_unit/PipelinedMulUnit/imul/_39039_/Y (sky130_fd_sc_hd__a311oi_1)
   0.6040    7.6452 ^ core/alu_exe_unit/PipelinedMulUnit/imul/_39046_/Y (sky130_fd_sc_hd__o311ai_0)
   0.3034    7.9486 ^ core/alu_exe_unit/PipelinedMulUnit/imul/_39050_/X (sky130_fd_sc_hd__a311o_1)
   0.2368    8.1855 ^ core/alu_exe_unit/PipelinedMulUnit/imul/_39053_/X (sky130_fd_sc_hd__a311o_1)
   0.1096    8.2951 v core/alu_exe_unit/PipelinedMulUnit/imul/_39058_/Y (sky130_fd_sc_hd__a211oi_1)
   0.2851    8.5801 v core/alu_exe_unit/PipelinedMulUnit/imul/_39061_/X (sky130_fd_sc_hd__o311a_1)
   0.5404    9.1205 ^ core/alu_exe_unit/PipelinedMulUnit/imul/_39065_/Y (sky130_fd_sc_hd__o311ai_0)
   0.2582    9.3788 ^ core/alu_exe_unit/PipelinedMulUnit/imul/_39071_/X (sky130_fd_sc_hd__a311o_1)
   0.2073    9.5861 ^ core/alu_exe_unit/PipelinedMulUnit/imul/_39077_/X (sky130_fd_sc_hd__a311o_1)
   0.2364    9.8225 ^ core/alu_exe_unit/PipelinedMulUnit/imul/_39082_/X (sky130_fd_sc_hd__a311o_1)
   0.1407    9.9632 v core/alu_exe_unit/PipelinedMulUnit/imul/_39086_/Y (sky130_fd_sc_hd__a311oi_1)
   0.3195   10.2827 v core/alu_exe_unit/PipelinedMulUnit/imul/_39298_/X (sky130_fd_sc_hd__o311a_1)
   0.2549   10.5376 ^ core/alu_exe_unit/PipelinedMulUnit/imul/_39443_/Y (sky130_fd_sc_hd__a21oi_1)
   0.1690   10.7066 ^ core/alu_exe_unit/PipelinedMulUnit/imul/_39667_/Y (sky130_fd_sc_hd__nand4b_1)
   0.1095   10.8161 v core/alu_exe_unit/PipelinedMulUnit/imul/_40064_/Y (sky130_fd_sc_hd__a2111oi_0)
   0.3511   11.1672 v core/alu_exe_unit/PipelinedMulUnit/imul/_40737_/X (sky130_fd_sc_hd__o311a_1)
   0.2478   11.4150 ^ core/alu_exe_unit/PipelinedMulUnit/imul/_41070_/Y (sky130_fd_sc_hd__o21ai_0)
   0.2421   11.6571 ^ core/alu_exe_unit/PipelinedMulUnit/imul/_41755_/X (sky130_fd_sc_hd__a311o_1)
   0.1259   11.7830 v core/alu_exe_unit/PipelinedMulUnit/imul/_42422_/Y (sky130_fd_sc_hd__a311oi_1)
   0.5945   12.3775 ^ core/alu_exe_unit/PipelinedMulUnit/imul/_43094_/Y (sky130_fd_sc_hd__o311ai_0)
   0.2362   12.6137 v core/alu_exe_unit/PipelinedMulUnit/imul/_43747_/Y (sky130_fd_sc_hd__a311oi_1)
   0.6182   13.2319 ^ core/alu_exe_unit/PipelinedMulUnit/imul/_44418_/Y (sky130_fd_sc_hd__o311ai_0)
   0.2245   13.4563 v core/alu_exe_unit/PipelinedMulUnit/imul/_45071_/Y (sky130_fd_sc_hd__a311oi_1)
   0.2064   13.6628 v core/alu_exe_unit/PipelinedMulUnit/imul/_47260_/X (sky130_fd_sc_hd__and4_1)
   0.2108   13.8735 ^ core/alu_exe_unit/PipelinedMulUnit/imul/_49521_/Y (sky130_fd_sc_hd__o2111ai_1)
   0.1194   13.9929 v core/alu_exe_unit/PipelinedMulUnit/imul/_49782_/Y (sky130_fd_sc_hd__a21oi_1)
   0.2635   14.2564 ^ core/alu_exe_unit/PipelinedMulUnit/imul/_50316_/Y (sky130_fd_sc_hd__o21ai_0)
   0.1305   14.3870 v core/alu_exe_unit/PipelinedMulUnit/imul/_50858_/Y (sky130_fd_sc_hd__a21oi_1)
   0.3658   14.7528 v core/alu_exe_unit/PipelinedMulUnit/imul/_50871_/X (sky130_fd_sc_hd__o311a_1)
   0.3555   15.1083 v core/alu_exe_unit/PipelinedMulUnit/imul/_51630_/X (sky130_fd_sc_hd__o311a_1)
   0.2574   15.3657 v core/alu_exe_unit/PipelinedMulUnit/imul/_52120_/X (sky130_fd_sc_hd__o211a_1)
   0.3951   15.7608 v core/alu_exe_unit/PipelinedMulUnit/imul/_52797_/X (sky130_fd_sc_hd__o311a_1)
   0.3693   16.1301 v core/alu_exe_unit/PipelinedMulUnit/imul/_53467_/X (sky130_fd_sc_hd__o311a_1)
   0.2403   16.3704 ^ core/alu_exe_unit/PipelinedMulUnit/imul/_53881_/Y (sky130_fd_sc_hd__o211ai_1)
   0.1188   16.4892 v core/alu_exe_unit/PipelinedMulUnit/imul/_54311_/Y (sky130_fd_sc_hd__a211oi_1)
   0.3489   16.8381 v core/alu_exe_unit/PipelinedMulUnit/imul/_54711_/X (sky130_fd_sc_hd__o311a_1)
   0.3770   17.2151 ^ core/alu_exe_unit/PipelinedMulUnit/imul/_55083_/Y (sky130_fd_sc_hd__o311ai_0)
   0.1854   17.4004 v core/alu_exe_unit/PipelinedMulUnit/imul/_55256_/Y (sky130_fd_sc_hd__a21boi_0)
   0.2691   17.6695 ^ core/alu_exe_unit/PipelinedMulUnit/imul/_55416_/Y (sky130_fd_sc_hd__o21ai_0)
   0.1409   17.8105 v core/alu_exe_unit/PipelinedMulUnit/imul/_55595_/Y (sky130_fd_sc_hd__a21boi_0)
   0.2489   18.0593 ^ core/alu_exe_unit/PipelinedMulUnit/imul/_55748_/Y (sky130_fd_sc_hd__o21ai_0)
   0.1554   18.2147 v core/alu_exe_unit/PipelinedMulUnit/imul/_55916_/Y (sky130_fd_sc_hd__a21boi_0)
   0.2066   18.4213 v core/alu_exe_unit/PipelinedMulUnit/imul/_56071_/X (sky130_fd_sc_hd__o21a_1)
   0.1853   18.6066 v core/alu_exe_unit/PipelinedMulUnit/imul/_56237_/X (sky130_fd_sc_hd__o21a_1)
   0.2225   18.8291 ^ core/alu_exe_unit/PipelinedMulUnit/imul/_56369_/Y (sky130_fd_sc_hd__o31ai_1)
   0.0736   18.9028 v core/alu_exe_unit/PipelinedMulUnit/imul/_56370_/X (sky130_fd_sc_hd__lpflow_isobufsrc_1)
   0.1134   19.0161 ^ core/alu_exe_unit/PipelinedMulUnit/imul/_56375_/Y (sky130_fd_sc_hd__o22ai_1)
   0.0035   19.0196 ^ core/alu_exe_unit/PipelinedMulUnit/imul/_56664_/D (sky130_fd_sc_hd__dfxtp_1)
            19.0196   data arrival time

  20.0000   20.0000   clock clock (rise edge)
   0.0000   20.0000   clock network delay (ideal)
   0.0000   20.0000   clock reconvergence pessimism
            20.0000 ^ core/alu_exe_unit/PipelinedMulUnit/imul/_56664_/CLK (sky130_fd_sc_hd__dfxtp_1)
  -0.0762   19.9238   library setup time
            19.9238   data required time
-------------------------------------------------------------
            19.9238   data required time
           -19.0196   data arrival time
-------------------------------------------------------------
             0.9042   slack (MET)


Startpoint: core/alu_exe_unit/PipelinedMulUnit/imul/_56534_
            (rising edge-triggered flip-flop clocked by clock)
Endpoint: core/alu_exe_unit/PipelinedMulUnit/imul/_56663_
          (rising edge-triggered flip-flop clocked by clock)
Path Group: clock
Path Type: max

    Delay      Time   Description
-------------------------------------------------------------
   0.0000    0.0000   clock clock (rise edge)
   0.0000    0.0000   clock network delay (ideal)
   0.0000    0.0000 ^ core/alu_exe_unit/PipelinedMulUnit/imul/_56534_/CLK (sky130_fd_sc_hd__dfxtp_1)
   0.3800    0.3800 ^ core/alu_exe_unit/PipelinedMulUnit/imul/_56534_/Q (sky130_fd_sc_hd__dfxtp_1)
   0.2608    0.6408 ^ core/alu_exe_unit/PipelinedMulUnit/imul/_28773_/X (sky130_fd_sc_hd__clkbuf_1)
   0.1282    0.7691 v core/alu_exe_unit/PipelinedMulUnit/imul/_38772_/Y (sky130_fd_sc_hd__nand2_1)
   0.4064    1.1755 v core/alu_exe_unit/PipelinedMulUnit/imul/_38820_/X (sky130_fd_sc_hd__xor3_1)
   0.3651    1.5405 v core/alu_exe_unit/PipelinedMulUnit/imul/_38822_/X (sky130_fd_sc_hd__maj3_1)
   0.2861    1.8266 ^ core/alu_exe_unit/PipelinedMulUnit/imul/_38824_/X (sky130_fd_sc_hd__xor2_1)
   0.1517    1.9783 v core/alu_exe_unit/PipelinedMulUnit/imul/_38826_/Y (sky130_fd_sc_hd__o21ai_0)
   0.3985    2.3767 v core/alu_exe_unit/PipelinedMulUnit/imul/_38829_/X (sky130_fd_sc_hd__maj3_1)
   0.3902    2.7670 v core/alu_exe_unit/PipelinedMulUnit/imul/_38866_/X (sky130_fd_sc_hd__xor3_1)
   0.2564    3.0233 ^ core/alu_exe_unit/PipelinedMulUnit/imul/_38903_/Y (sky130_fd_sc_hd__xnor2_1)
   0.6499    3.6732 v core/alu_exe_unit/PipelinedMulUnit/imul/_38936_/X (sky130_fd_sc_hd__or4b_2)
   0.3847    4.0579 v core/alu_exe_unit/PipelinedMulUnit/imul/_38942_/X (sky130_fd_sc_hd__maj3_1)
   0.2658    4.3237 ^ core/alu_exe_unit/PipelinedMulUnit/imul/_38943_/X (sky130_fd_sc_hd__xor2_1)
   0.1583    4.4819 v core/alu_exe_unit/PipelinedMulUnit/imul/_38974_/Y (sky130_fd_sc_hd__o21ai_0)
   0.1784    4.6604 v core/alu_exe_unit/PipelinedMulUnit/imul/_38975_/X (sky130_fd_sc_hd__xor2_1)
   0.1870    4.8474 ^ core/alu_exe_unit/PipelinedMulUnit/imul/_38999_/Y (sky130_fd_sc_hd__a22oi_1)
   0.1607    5.0081 ^ core/alu_exe_unit/PipelinedMulUnit/imul/_39001_/X (sky130_fd_sc_hd__o21ba_2)
   0.0992    5.1073 v core/alu_exe_unit/PipelinedMulUnit/imul/_39003_/Y (sky130_fd_sc_hd__o21ai_0)
   0.2119    5.3192 ^ core/alu_exe_unit/PipelinedMulUnit/imul/_39006_/Y (sky130_fd_sc_hd__a31oi_1)
   0.1118    5.4310 v core/alu_exe_unit/PipelinedMulUnit/imul/_39008_/Y (sky130_fd_sc_hd__o21ai_0)
   0.1895    5.6205 ^ core/alu_exe_unit/PipelinedMulUnit/imul/_39011_/Y (sky130_fd_sc_hd__a21oi_1)
   0.0998    5.7203 v core/alu_exe_unit/PipelinedMulUnit/imul/_39014_/Y (sky130_fd_sc_hd__o211ai_1)
   0.2480    5.9682 ^ core/alu_exe_unit/PipelinedMulUnit/imul/_39015_/Y (sky130_fd_sc_hd__a32oi_1)
   0.1803    6.1485 v core/alu_exe_unit/PipelinedMulUnit/imul/_39020_/Y (sky130_fd_sc_hd__o21ai_0)
   0.1960    6.3445 ^ core/alu_exe_unit/PipelinedMulUnit/imul/_39025_/Y (sky130_fd_sc_hd__a31oi_1)
   0.1017    6.4462 v core/alu_exe_unit/PipelinedMulUnit/imul/_39030_/Y (sky130_fd_sc_hd__o31ai_1)
   0.2593    6.7055 ^ core/alu_exe_unit/PipelinedMulUnit/imul/_39033_/Y (sky130_fd_sc_hd__a211oi_1)
   0.1869    6.8924 ^ core/alu_exe_unit/PipelinedMulUnit/imul/_39034_/X (sky130_fd_sc_hd__or3_1)
   0.1488    7.0412 v core/alu_exe_unit/PipelinedMulUnit/imul/_39039_/Y (sky130_fd_sc_hd__a311oi_1)
   0.6040    7.6452 ^ core/alu_exe_unit/PipelinedMulUnit/imul/_39046_/Y (sky130_fd_sc_hd__o311ai_0)
   0.3034    7.9486 ^ core/alu_exe_unit/PipelinedMulUnit/imul/_39050_/X (sky130_fd_sc_hd__a311o_1)
   0.2368    8.1855 ^ core/alu_exe_unit/PipelinedMulUnit/imul/_39053_/X (sky130_fd_sc_hd__a311o_1)
   0.1096    8.2951 v core/alu_exe_unit/PipelinedMulUnit/imul/_39058_/Y (sky130_fd_sc_hd__a211oi_1)
   0.2851    8.5801 v core/alu_exe_unit/PipelinedMulUnit/imul/_39061_/X (sky130_fd_sc_hd__o311a_1)
   0.5404    9.1205 ^ core/alu_exe_unit/PipelinedMulUnit/imul/_39065_/Y (sky130_fd_sc_hd__o311ai_0)
   0.2582    9.3788 ^ core/alu_exe_unit/PipelinedMulUnit/imul/_39071_/X (sky130_fd_sc_hd__a311o_1)
   0.2073    9.5861 ^ core/alu_exe_unit/PipelinedMulUnit/imul/_39077_/X (sky130_fd_sc_hd__a311o_1)
   0.2364    9.8225 ^ core/alu_exe_unit/PipelinedMulUnit/imul/_39082_/X (sky130_fd_sc_hd__a311o_1)
   0.1407    9.9632 v core/alu_exe_unit/PipelinedMulUnit/imul/_39086_/Y (sky130_fd_sc_hd__a311oi_1)
   0.3195   10.2827 v core/alu_exe_unit/PipelinedMulUnit/imul/_39298_/X (sky130_fd_sc_hd__o311a_1)
   0.2549   10.5376 ^ core/alu_exe_unit/PipelinedMulUnit/imul/_39443_/Y (sky130_fd_sc_hd__a21oi_1)
   0.1690   10.7066 ^ core/alu_exe_unit/PipelinedMulUnit/imul/_39667_/Y (sky130_fd_sc_hd__nand4b_1)
   0.1095   10.8161 v core/alu_exe_unit/PipelinedMulUnit/imul/_40064_/Y (sky130_fd_sc_hd__a2111oi_0)
   0.3511   11.1672 v core/alu_exe_unit/PipelinedMulUnit/imul/_40737_/X (sky130_fd_sc_hd__o311a_1)
   0.2478   11.4150 ^ core/alu_exe_unit/PipelinedMulUnit/imul/_41070_/Y (sky130_fd_sc_hd__o21ai_0)
   0.2421   11.6571 ^ core/alu_exe_unit/PipelinedMulUnit/imul/_41755_/X (sky130_fd_sc_hd__a311o_1)
   0.1259   11.7830 v core/alu_exe_unit/PipelinedMulUnit/imul/_42422_/Y (sky130_fd_sc_hd__a311oi_1)
   0.5945   12.3775 ^ core/alu_exe_unit/PipelinedMulUnit/imul/_43094_/Y (sky130_fd_sc_hd__o311ai_0)
   0.2362   12.6137 v core/alu_exe_unit/PipelinedMulUnit/imul/_43747_/Y (sky130_fd_sc_hd__a311oi_1)
   0.6182   13.2319 ^ core/alu_exe_unit/PipelinedMulUnit/imul/_44418_/Y (sky130_fd_sc_hd__o311ai_0)
   0.2245   13.4563 v core/alu_exe_unit/PipelinedMulUnit/imul/_45071_/Y (sky130_fd_sc_hd__a311oi_1)
   0.2064   13.6628 v core/alu_exe_unit/PipelinedMulUnit/imul/_47260_/X (sky130_fd_sc_hd__and4_1)
   0.2108   13.8735 ^ core/alu_exe_unit/PipelinedMulUnit/imul/_49521_/Y (sky130_fd_sc_hd__o2111ai_1)
   0.1194   13.9929 v core/alu_exe_unit/PipelinedMulUnit/imul/_49782_/Y (sky130_fd_sc_hd__a21oi_1)
   0.2635   14.2564 ^ core/alu_exe_unit/PipelinedMulUnit/imul/_50316_/Y (sky130_fd_sc_hd__o21ai_0)
   0.1305   14.3870 v core/alu_exe_unit/PipelinedMulUnit/imul/_50858_/Y (sky130_fd_sc_hd__a21oi_1)
   0.3658   14.7528 v core/alu_exe_unit/PipelinedMulUnit/imul/_50871_/X (sky130_fd_sc_hd__o311a_1)
   0.3555   15.1083 v core/alu_exe_unit/PipelinedMulUnit/imul/_51630_/X (sky130_fd_sc_hd__o311a_1)
   0.2574   15.3657 v core/alu_exe_unit/PipelinedMulUnit/imul/_52120_/X (sky130_fd_sc_hd__o211a_1)
   0.3951   15.7608 v core/alu_exe_unit/PipelinedMulUnit/imul/_52797_/X (sky130_fd_sc_hd__o311a_1)
   0.3693   16.1301 v core/alu_exe_unit/PipelinedMulUnit/imul/_53467_/X (sky130_fd_sc_hd__o311a_1)
   0.2403   16.3704 ^ core/alu_exe_unit/PipelinedMulUnit/imul/_53881_/Y (sky130_fd_sc_hd__o211ai_1)
   0.1188   16.4892 v core/alu_exe_unit/PipelinedMulUnit/imul/_54311_/Y (sky130_fd_sc_hd__a211oi_1)
   0.3489   16.8381 v core/alu_exe_unit/PipelinedMulUnit/imul/_54711_/X (sky130_fd_sc_hd__o311a_1)
   0.3770   17.2151 ^ core/alu_exe_unit/PipelinedMulUnit/imul/_55083_/Y (sky130_fd_sc_hd__o311ai_0)
   0.1854   17.4004 v core/alu_exe_unit/PipelinedMulUnit/imul/_55256_/Y (sky130_fd_sc_hd__a21boi_0)
   0.2691   17.6695 ^ core/alu_exe_unit/PipelinedMulUnit/imul/_55416_/Y (sky130_fd_sc_hd__o21ai_0)
   0.1409   17.8105 v core/alu_exe_unit/PipelinedMulUnit/imul/_55595_/Y (sky130_fd_sc_hd__a21boi_0)
   0.2489   18.0593 ^ core/alu_exe_unit/PipelinedMulUnit/imul/_55748_/Y (sky130_fd_sc_hd__o21ai_0)
   0.1554   18.2147 v core/alu_exe_unit/PipelinedMulUnit/imul/_55916_/Y (sky130_fd_sc_hd__a21boi_0)
   0.2066   18.4213 v core/alu_exe_unit/PipelinedMulUnit/imul/_56071_/X (sky130_fd_sc_hd__o21a_1)
   0.1540   18.5753 ^ core/alu_exe_unit/PipelinedMulUnit/imul/_56236_/Y (sky130_fd_sc_hd__nor3_1)
   0.1042   18.6795 v core/alu_exe_unit/PipelinedMulUnit/imul/_56238_/Y (sky130_fd_sc_hd__o21ai_0)
   0.1900   18.8696 v core/alu_exe_unit/PipelinedMulUnit/imul/_56243_/X (sky130_fd_sc_hd__a22o_1)
   0.0035   18.8730 v core/alu_exe_unit/PipelinedMulUnit/imul/_56663_/D (sky130_fd_sc_hd__dfxtp_1)
            18.8730   data arrival time

  20.0000   20.0000   clock clock (rise edge)
   0.0000   20.0000   clock network delay (ideal)
   0.0000   20.0000   clock reconvergence pessimism
            20.0000 ^ core/alu_exe_unit/PipelinedMulUnit/imul/_56663_/CLK (sky130_fd_sc_hd__dfxtp_1)
  -0.1177   19.8823   library setup time
            19.8823   data required time
-------------------------------------------------------------
            19.8823   data required time
           -18.8730   data arrival time
-------------------------------------------------------------
             1.0093   slack (MET)


Startpoint: core/alu_exe_unit/PipelinedMulUnit/imul/_56534_
            (rising edge-triggered flip-flop clocked by clock)
Endpoint: core/alu_exe_unit/PipelinedMulUnit/imul/_56662_
          (rising edge-triggered flip-flop clocked by clock)
Path Group: clock
Path Type: max

    Delay      Time   Description
-------------------------------------------------------------
   0.0000    0.0000   clock clock (rise edge)
   0.0000    0.0000   clock network delay (ideal)
   0.0000    0.0000 ^ core/alu_exe_unit/PipelinedMulUnit/imul/_56534_/CLK (sky130_fd_sc_hd__dfxtp_1)
   0.3800    0.3800 ^ core/alu_exe_unit/PipelinedMulUnit/imul/_56534_/Q (sky130_fd_sc_hd__dfxtp_1)
   0.2608    0.6408 ^ core/alu_exe_unit/PipelinedMulUnit/imul/_28773_/X (sky130_fd_sc_hd__clkbuf_1)
   0.1282    0.7691 v core/alu_exe_unit/PipelinedMulUnit/imul/_38772_/Y (sky130_fd_sc_hd__nand2_1)
   0.4064    1.1755 v core/alu_exe_unit/PipelinedMulUnit/imul/_38820_/X (sky130_fd_sc_hd__xor3_1)
   0.3651    1.5405 v core/alu_exe_unit/PipelinedMulUnit/imul/_38822_/X (sky130_fd_sc_hd__maj3_1)
   0.2861    1.8266 ^ core/alu_exe_unit/PipelinedMulUnit/imul/_38824_/X (sky130_fd_sc_hd__xor2_1)
   0.1517    1.9783 v core/alu_exe_unit/PipelinedMulUnit/imul/_38826_/Y (sky130_fd_sc_hd__o21ai_0)
   0.3985    2.3767 v core/alu_exe_unit/PipelinedMulUnit/imul/_38829_/X (sky130_fd_sc_hd__maj3_1)
   0.3902    2.7670 v core/alu_exe_unit/PipelinedMulUnit/imul/_38866_/X (sky130_fd_sc_hd__xor3_1)
   0.2564    3.0233 ^ core/alu_exe_unit/PipelinedMulUnit/imul/_38903_/Y (sky130_fd_sc_hd__xnor2_1)
   0.6499    3.6732 v core/alu_exe_unit/PipelinedMulUnit/imul/_38936_/X (sky130_fd_sc_hd__or4b_2)
   0.3847    4.0579 v core/alu_exe_unit/PipelinedMulUnit/imul/_38942_/X (sky130_fd_sc_hd__maj3_1)
   0.1892    4.2471 v core/alu_exe_unit/PipelinedMulUnit/imul/_38943_/X (sky130_fd_sc_hd__xor2_1)
   0.2183    4.4654 ^ core/alu_exe_unit/PipelinedMulUnit/imul/_38974_/Y (sky130_fd_sc_hd__o21ai_0)
   0.2184    4.6838 ^ core/alu_exe_unit/PipelinedMulUnit/imul/_38975_/X (sky130_fd_sc_hd__xor2_1)
   0.1069    4.7907 v core/alu_exe_unit/PipelinedMulUnit/imul/_38999_/Y (sky130_fd_sc_hd__a22oi_1)
   0.2202    5.0109 v core/alu_exe_unit/PipelinedMulUnit/imul/_39001_/X (sky130_fd_sc_hd__o21ba_2)
   0.2250    5.2359 ^ core/alu_exe_unit/PipelinedMulUnit/imul/_39003_/Y (sky130_fd_sc_hd__o21ai_0)
   0.1331    5.3690 v core/alu_exe_unit/PipelinedMulUnit/imul/_39006_/Y (sky130_fd_sc_hd__a31oi_1)
   0.1981    5.5671 ^ core/alu_exe_unit/PipelinedMulUnit/imul/_39008_/Y (sky130_fd_sc_hd__o21ai_0)
   0.1093    5.6764 v core/alu_exe_unit/PipelinedMulUnit/imul/_39011_/Y (sky130_fd_sc_hd__a21oi_1)
   0.1624    5.8388 ^ core/alu_exe_unit/PipelinedMulUnit/imul/_39014_/Y (sky130_fd_sc_hd__o211ai_1)
   0.1411    5.9799 v core/alu_exe_unit/PipelinedMulUnit/imul/_39015_/Y (sky130_fd_sc_hd__a32oi_1)
   0.3068    6.2867 ^ core/alu_exe_unit/PipelinedMulUnit/imul/_39020_/Y (sky130_fd_sc_hd__o21ai_0)
   0.1290    6.4157 v core/alu_exe_unit/PipelinedMulUnit/imul/_39025_/Y (sky130_fd_sc_hd__a31oi_1)
   0.2818    6.6975 ^ core/alu_exe_unit/PipelinedMulUnit/imul/_39030_/Y (sky130_fd_sc_hd__o31ai_1)
   0.1290    6.8265 v core/alu_exe_unit/PipelinedMulUnit/imul/_39033_/Y (sky130_fd_sc_hd__a211oi_1)
   0.3674    7.1939 v core/alu_exe_unit/PipelinedMulUnit/imul/_39034_/X (sky130_fd_sc_hd__or3_1)
   0.4485    7.6424 ^ core/alu_exe_unit/PipelinedMulUnit/imul/_39039_/Y (sky130_fd_sc_hd__a311oi_1)
   0.2929    7.9354 v core/alu_exe_unit/PipelinedMulUnit/imul/_39046_/Y (sky130_fd_sc_hd__o311ai_0)
   0.4416    8.3769 v core/alu_exe_unit/PipelinedMulUnit/imul/_39050_/X (sky130_fd_sc_hd__a311o_1)
   0.4018    8.7788 v core/alu_exe_unit/PipelinedMulUnit/imul/_39053_/X (sky130_fd_sc_hd__a311o_1)
   0.3261    9.1048 ^ core/alu_exe_unit/PipelinedMulUnit/imul/_39058_/Y (sky130_fd_sc_hd__a211oi_1)
   0.1802    9.2850 ^ core/alu_exe_unit/PipelinedMulUnit/imul/_39061_/X (sky130_fd_sc_hd__o311a_1)
   0.1879    9.4729 v core/alu_exe_unit/PipelinedMulUnit/imul/_39065_/Y (sky130_fd_sc_hd__o311ai_0)
   0.4067    9.8795 v core/alu_exe_unit/PipelinedMulUnit/imul/_39071_/X (sky130_fd_sc_hd__a311o_1)
   0.3788   10.2583 v core/alu_exe_unit/PipelinedMulUnit/imul/_39077_/X (sky130_fd_sc_hd__a311o_1)
   0.4016   10.6599 v core/alu_exe_unit/PipelinedMulUnit/imul/_39082_/X (sky130_fd_sc_hd__a311o_1)
   0.3965   11.0564 ^ core/alu_exe_unit/PipelinedMulUnit/imul/_39086_/Y (sky130_fd_sc_hd__a311oi_1)
   0.2135   11.2699 ^ core/alu_exe_unit/PipelinedMulUnit/imul/_39298_/X (sky130_fd_sc_hd__o311a_1)
   0.1079   11.3777 v core/alu_exe_unit/PipelinedMulUnit/imul/_39443_/Y (sky130_fd_sc_hd__a21oi_1)
   0.2058   11.5836 v core/alu_exe_unit/PipelinedMulUnit/imul/_39667_/Y (sky130_fd_sc_hd__nand4b_1)
   0.4430   12.0266 ^ core/alu_exe_unit/PipelinedMulUnit/imul/_40064_/Y (sky130_fd_sc_hd__a2111oi_0)
   0.2368   12.2634 ^ core/alu_exe_unit/PipelinedMulUnit/imul/_40737_/X (sky130_fd_sc_hd__o311a_1)
   0.1218   12.3852 v core/alu_exe_unit/PipelinedMulUnit/imul/_41070_/Y (sky130_fd_sc_hd__o21ai_0)
   0.3555   12.7407 v core/alu_exe_unit/PipelinedMulUnit/imul/_41755_/X (sky130_fd_sc_hd__a311o_1)
   0.3717   13.1123 ^ core/alu_exe_unit/PipelinedMulUnit/imul/_42422_/Y (sky130_fd_sc_hd__a311oi_1)
   0.2787   13.3910 v core/alu_exe_unit/PipelinedMulUnit/imul/_43094_/Y (sky130_fd_sc_hd__o311ai_0)
   0.4261   13.8172 ^ core/alu_exe_unit/PipelinedMulUnit/imul/_43747_/Y (sky130_fd_sc_hd__a311oi_1)
   0.2789   14.0960 v core/alu_exe_unit/PipelinedMulUnit/imul/_44418_/Y (sky130_fd_sc_hd__o311ai_0)
   0.3923   14.4883 ^ core/alu_exe_unit/PipelinedMulUnit/imul/_45071_/Y (sky130_fd_sc_hd__a311oi_1)
   0.2533   14.7417 ^ core/alu_exe_unit/PipelinedMulUnit/imul/_47260_/X (sky130_fd_sc_hd__and4_1)
   0.1376   14.8793 v core/alu_exe_unit/PipelinedMulUnit/imul/_49521_/Y (sky130_fd_sc_hd__o2111ai_1)
   0.2181   15.0974 ^ core/alu_exe_unit/PipelinedMulUnit/imul/_49782_/Y (sky130_fd_sc_hd__a21oi_1)
   0.1502   15.2476 v core/alu_exe_unit/PipelinedMulUnit/imul/_50316_/Y (sky130_fd_sc_hd__o21ai_0)
   0.2060   15.4535 ^ core/alu_exe_unit/PipelinedMulUnit/imul/_50858_/Y (sky130_fd_sc_hd__a21oi_1)
   0.2219   15.6754 ^ core/alu_exe_unit/PipelinedMulUnit/imul/_50871_/X (sky130_fd_sc_hd__o311a_1)
   0.1970   15.8724 ^ core/alu_exe_unit/PipelinedMulUnit/imul/_51630_/X (sky130_fd_sc_hd__o311a_1)
   0.1995   16.0718 ^ core/alu_exe_unit/PipelinedMulUnit/imul/_52120_/X (sky130_fd_sc_hd__o211a_1)
   0.2333   16.3052 ^ core/alu_exe_unit/PipelinedMulUnit/imul/_52797_/X (sky130_fd_sc_hd__o311a_1)
   0.2151   16.5203 ^ core/alu_exe_unit/PipelinedMulUnit/imul/_53467_/X (sky130_fd_sc_hd__o311a_1)
   0.1338   16.6541 v core/alu_exe_unit/PipelinedMulUnit/imul/_53881_/Y (sky130_fd_sc_hd__o211ai_1)
   0.2615   16.9156 ^ core/alu_exe_unit/PipelinedMulUnit/imul/_54311_/Y (sky130_fd_sc_hd__a211oi_1)
   0.2108   17.1265 ^ core/alu_exe_unit/PipelinedMulUnit/imul/_54711_/X (sky130_fd_sc_hd__o311a_1)
   0.1486   17.2751 v core/alu_exe_unit/PipelinedMulUnit/imul/_55083_/Y (sky130_fd_sc_hd__o311ai_0)
   0.2539   17.5290 ^ core/alu_exe_unit/PipelinedMulUnit/imul/_55256_/Y (sky130_fd_sc_hd__a21boi_0)
   0.1540   17.6831 v core/alu_exe_unit/PipelinedMulUnit/imul/_55416_/Y (sky130_fd_sc_hd__o21ai_0)
   0.2153   17.8984 ^ core/alu_exe_unit/PipelinedMulUnit/imul/_55595_/Y (sky130_fd_sc_hd__a21boi_0)
   0.1388   18.0372 v core/alu_exe_unit/PipelinedMulUnit/imul/_55748_/Y (sky130_fd_sc_hd__o21ai_0)
   0.2472   18.2844 ^ core/alu_exe_unit/PipelinedMulUnit/imul/_55916_/Y (sky130_fd_sc_hd__a21boi_0)
   0.1715   18.4559 ^ core/alu_exe_unit/PipelinedMulUnit/imul/_56071_/X (sky130_fd_sc_hd__o21a_1)
   0.0780   18.5339 v core/alu_exe_unit/PipelinedMulUnit/imul/_56072_/Y (sky130_fd_sc_hd__o21ai_0)
   0.0962   18.6301 ^ core/alu_exe_unit/PipelinedMulUnit/imul/_56076_/Y (sky130_fd_sc_hd__nand3_1)
   0.0706   18.7008 v core/alu_exe_unit/PipelinedMulUnit/imul/_56077_/Y (sky130_fd_sc_hd__o21ai_0)
   0.0035   18.7043 v core/alu_exe_unit/PipelinedMulUnit/imul/_56662_/D (sky130_fd_sc_hd__dfxtp_1)
            18.7043   data arrival time

  20.0000   20.0000   clock clock (rise edge)
   0.0000   20.0000   clock network delay (ideal)
   0.0000   20.0000   clock reconvergence pessimism
            20.0000 ^ core/alu_exe_unit/PipelinedMulUnit/imul/_56662_/CLK (sky130_fd_sc_hd__dfxtp_1)
  -0.1306   19.8694   library setup time
            19.8694   data required time
-------------------------------------------------------------
            19.8694   data required time
           -18.7043   data arrival time
-------------------------------------------------------------
             1.1652   slack (MET)


Startpoint: core/alu_exe_unit/PipelinedMulUnit/imul/_56534_
            (rising edge-triggered flip-flop clocked by clock)
Endpoint: core/alu_exe_unit/PipelinedMulUnit/imul/_56661_
          (rising edge-triggered flip-flop clocked by clock)
Path Group: clock
Path Type: max

    Delay      Time   Description
-------------------------------------------------------------
   0.0000    0.0000   clock clock (rise edge)
   0.0000    0.0000   clock network delay (ideal)
   0.0000    0.0000 ^ core/alu_exe_unit/PipelinedMulUnit/imul/_56534_/CLK (sky130_fd_sc_hd__dfxtp_1)
   0.3800    0.3800 ^ core/alu_exe_unit/PipelinedMulUnit/imul/_56534_/Q (sky130_fd_sc_hd__dfxtp_1)
   0.2608    0.6408 ^ core/alu_exe_unit/PipelinedMulUnit/imul/_28773_/X (sky130_fd_sc_hd__clkbuf_1)
   0.1282    0.7691 v core/alu_exe_unit/PipelinedMulUnit/imul/_38772_/Y (sky130_fd_sc_hd__nand2_1)
   0.4064    1.1755 v core/alu_exe_unit/PipelinedMulUnit/imul/_38820_/X (sky130_fd_sc_hd__xor3_1)
   0.3651    1.5405 v core/alu_exe_unit/PipelinedMulUnit/imul/_38822_/X (sky130_fd_sc_hd__maj3_1)
   0.2861    1.8266 ^ core/alu_exe_unit/PipelinedMulUnit/imul/_38824_/X (sky130_fd_sc_hd__xor2_1)
   0.1517    1.9783 v core/alu_exe_unit/PipelinedMulUnit/imul/_38826_/Y (sky130_fd_sc_hd__o21ai_0)
   0.3985    2.3767 v core/alu_exe_unit/PipelinedMulUnit/imul/_38829_/X (sky130_fd_sc_hd__maj3_1)
   0.3902    2.7670 v core/alu_exe_unit/PipelinedMulUnit/imul/_38866_/X (sky130_fd_sc_hd__xor3_1)
   0.2564    3.0233 ^ core/alu_exe_unit/PipelinedMulUnit/imul/_38903_/Y (sky130_fd_sc_hd__xnor2_1)
   0.6499    3.6732 v core/alu_exe_unit/PipelinedMulUnit/imul/_38936_/X (sky130_fd_sc_hd__or4b_2)
   0.3847    4.0579 v core/alu_exe_unit/PipelinedMulUnit/imul/_38942_/X (sky130_fd_sc_hd__maj3_1)
   0.2658    4.3237 ^ core/alu_exe_unit/PipelinedMulUnit/imul/_38943_/X (sky130_fd_sc_hd__xor2_1)
   0.1583    4.4819 v core/alu_exe_unit/PipelinedMulUnit/imul/_38974_/Y (sky130_fd_sc_hd__o21ai_0)
   0.1784    4.6604 v core/alu_exe_unit/PipelinedMulUnit/imul/_38975_/X (sky130_fd_sc_hd__xor2_1)
   0.1870    4.8474 ^ core/alu_exe_unit/PipelinedMulUnit/imul/_38999_/Y (sky130_fd_sc_hd__a22oi_1)
   0.1607    5.0081 ^ core/alu_exe_unit/PipelinedMulUnit/imul/_39001_/X (sky130_fd_sc_hd__o21ba_2)
   0.0992    5.1073 v core/alu_exe_unit/PipelinedMulUnit/imul/_39003_/Y (sky130_fd_sc_hd__o21ai_0)
   0.2119    5.3192 ^ core/alu_exe_unit/PipelinedMulUnit/imul/_39006_/Y (sky130_fd_sc_hd__a31oi_1)
   0.1118    5.4310 v core/alu_exe_unit/PipelinedMulUnit/imul/_39008_/Y (sky130_fd_sc_hd__o21ai_0)
   0.1895    5.6205 ^ core/alu_exe_unit/PipelinedMulUnit/imul/_39011_/Y (sky130_fd_sc_hd__a21oi_1)
   0.0998    5.7203 v core/alu_exe_unit/PipelinedMulUnit/imul/_39014_/Y (sky130_fd_sc_hd__o211ai_1)
   0.2480    5.9682 ^ core/alu_exe_unit/PipelinedMulUnit/imul/_39015_/Y (sky130_fd_sc_hd__a32oi_1)
   0.1803    6.1485 v core/alu_exe_unit/PipelinedMulUnit/imul/_39020_/Y (sky130_fd_sc_hd__o21ai_0)
   0.1960    6.3445 ^ core/alu_exe_unit/PipelinedMulUnit/imul/_39025_/Y (sky130_fd_sc_hd__a31oi_1)
   0.1017    6.4462 v core/alu_exe_unit/PipelinedMulUnit/imul/_39030_/Y (sky130_fd_sc_hd__o31ai_1)
   0.2593    6.7055 ^ core/alu_exe_unit/PipelinedMulUnit/imul/_39033_/Y (sky130_fd_sc_hd__a211oi_1)
   0.1869    6.8924 ^ core/alu_exe_unit/PipelinedMulUnit/imul/_39034_/X (sky130_fd_sc_hd__or3_1)
   0.1488    7.0412 v core/alu_exe_unit/PipelinedMulUnit/imul/_39039_/Y (sky130_fd_sc_hd__a311oi_1)
   0.6040    7.6452 ^ core/alu_exe_unit/PipelinedMulUnit/imul/_39046_/Y (sky130_fd_sc_hd__o311ai_0)
   0.3034    7.9486 ^ core/alu_exe_unit/PipelinedMulUnit/imul/_39050_/X (sky130_fd_sc_hd__a311o_1)
   0.2368    8.1855 ^ core/alu_exe_unit/PipelinedMulUnit/imul/_39053_/X (sky130_fd_sc_hd__a311o_1)
   0.1096    8.2951 v core/alu_exe_unit/PipelinedMulUnit/imul/_39058_/Y (sky130_fd_sc_hd__a211oi_1)
   0.2851    8.5801 v core/alu_exe_unit/PipelinedMulUnit/imul/_39061_/X (sky130_fd_sc_hd__o311a_1)
   0.5404    9.1205 ^ core/alu_exe_unit/PipelinedMulUnit/imul/_39065_/Y (sky130_fd_sc_hd__o311ai_0)
   0.2582    9.3788 ^ core/alu_exe_unit/PipelinedMulUnit/imul/_39071_/X (sky130_fd_sc_hd__a311o_1)
   0.2073    9.5861 ^ core/alu_exe_unit/PipelinedMulUnit/imul/_39077_/X (sky130_fd_sc_hd__a311o_1)
   0.2364    9.8225 ^ core/alu_exe_unit/PipelinedMulUnit/imul/_39082_/X (sky130_fd_sc_hd__a311o_1)
   0.1407    9.9632 v core/alu_exe_unit/PipelinedMulUnit/imul/_39086_/Y (sky130_fd_sc_hd__a311oi_1)
   0.3195   10.2827 v core/alu_exe_unit/PipelinedMulUnit/imul/_39298_/X (sky130_fd_sc_hd__o311a_1)
   0.2549   10.5376 ^ core/alu_exe_unit/PipelinedMulUnit/imul/_39443_/Y (sky130_fd_sc_hd__a21oi_1)
   0.1690   10.7066 ^ core/alu_exe_unit/PipelinedMulUnit/imul/_39667_/Y (sky130_fd_sc_hd__nand4b_1)
   0.1095   10.8161 v core/alu_exe_unit/PipelinedMulUnit/imul/_40064_/Y (sky130_fd_sc_hd__a2111oi_0)
   0.3511   11.1672 v core/alu_exe_unit/PipelinedMulUnit/imul/_40737_/X (sky130_fd_sc_hd__o311a_1)
   0.2478   11.4150 ^ core/alu_exe_unit/PipelinedMulUnit/imul/_41070_/Y (sky130_fd_sc_hd__o21ai_0)
   0.2421   11.6571 ^ core/alu_exe_unit/PipelinedMulUnit/imul/_41755_/X (sky130_fd_sc_hd__a311o_1)
   0.1259   11.7830 v core/alu_exe_unit/PipelinedMulUnit/imul/_42422_/Y (sky130_fd_sc_hd__a311oi_1)
   0.5945   12.3775 ^ core/alu_exe_unit/PipelinedMulUnit/imul/_43094_/Y (sky130_fd_sc_hd__o311ai_0)
   0.2362   12.6137 v core/alu_exe_unit/PipelinedMulUnit/imul/_43747_/Y (sky130_fd_sc_hd__a311oi_1)
   0.6182   13.2319 ^ core/alu_exe_unit/PipelinedMulUnit/imul/_44418_/Y (sky130_fd_sc_hd__o311ai_0)
   0.2245   13.4563 v core/alu_exe_unit/PipelinedMulUnit/imul/_45071_/Y (sky130_fd_sc_hd__a311oi_1)
   0.2064   13.6628 v core/alu_exe_unit/PipelinedMulUnit/imul/_47260_/X (sky130_fd_sc_hd__and4_1)
   0.2108   13.8735 ^ core/alu_exe_unit/PipelinedMulUnit/imul/_49521_/Y (sky130_fd_sc_hd__o2111ai_1)
   0.1194   13.9929 v core/alu_exe_unit/PipelinedMulUnit/imul/_49782_/Y (sky130_fd_sc_hd__a21oi_1)
   0.2635   14.2564 ^ core/alu_exe_unit/PipelinedMulUnit/imul/_50316_/Y (sky130_fd_sc_hd__o21ai_0)
   0.1305   14.3870 v core/alu_exe_unit/PipelinedMulUnit/imul/_50858_/Y (sky130_fd_sc_hd__a21oi_1)
   0.3658   14.7528 v core/alu_exe_unit/PipelinedMulUnit/imul/_50871_/X (sky130_fd_sc_hd__o311a_1)
   0.3555   15.1083 v core/alu_exe_unit/PipelinedMulUnit/imul/_51630_/X (sky130_fd_sc_hd__o311a_1)
   0.2574   15.3657 v core/alu_exe_unit/PipelinedMulUnit/imul/_52120_/X (sky130_fd_sc_hd__o211a_1)
   0.3951   15.7608 v core/alu_exe_unit/PipelinedMulUnit/imul/_52797_/X (sky130_fd_sc_hd__o311a_1)
   0.3693   16.1301 v core/alu_exe_unit/PipelinedMulUnit/imul/_53467_/X (sky130_fd_sc_hd__o311a_1)
   0.2403   16.3704 ^ core/alu_exe_unit/PipelinedMulUnit/imul/_53881_/Y (sky130_fd_sc_hd__o211ai_1)
   0.1188   16.4892 v core/alu_exe_unit/PipelinedMulUnit/imul/_54311_/Y (sky130_fd_sc_hd__a211oi_1)
   0.3489   16.8381 v core/alu_exe_unit/PipelinedMulUnit/imul/_54711_/X (sky130_fd_sc_hd__o311a_1)
   0.3770   17.2151 ^ core/alu_exe_unit/PipelinedMulUnit/imul/_55083_/Y (sky130_fd_sc_hd__o311ai_0)
   0.1854   17.4004 v core/alu_exe_unit/PipelinedMulUnit/imul/_55256_/Y (sky130_fd_sc_hd__a21boi_0)
   0.2691   17.6695 ^ core/alu_exe_unit/PipelinedMulUnit/imul/_55416_/Y (sky130_fd_sc_hd__o21ai_0)
   0.1409   17.8105 v core/alu_exe_unit/PipelinedMulUnit/imul/_55595_/Y (sky130_fd_sc_hd__a21boi_0)
   0.2489   18.0593 ^ core/alu_exe_unit/PipelinedMulUnit/imul/_55748_/Y (sky130_fd_sc_hd__o21ai_0)
   0.1040   18.1633 v core/alu_exe_unit/PipelinedMulUnit/imul/_55758_/Y (sky130_fd_sc_hd__nand2_1)
   0.1378   18.3011 v core/alu_exe_unit/PipelinedMulUnit/imul/_55907_/Y (sky130_fd_sc_hd__xnor2_1)
   0.2817   18.5828 v core/alu_exe_unit/PipelinedMulUnit/imul/_55912_/X (sky130_fd_sc_hd__a211o_1)
   0.0623   18.6450 ^ core/alu_exe_unit/PipelinedMulUnit/imul/_55913_/Y (sky130_fd_sc_hd__o21ai_0)
   0.0035   18.6485 ^ core/alu_exe_unit/PipelinedMulUnit/imul/_56661_/D (sky130_fd_sc_hd__dfxtp_1)
            18.6485   data arrival time

  20.0000   20.0000   clock clock (rise edge)
   0.0000   20.0000   clock network delay (ideal)
   0.0000   20.0000   clock reconvergence pessimism
            20.0000 ^ core/alu_exe_unit/PipelinedMulUnit/imul/_56661_/CLK (sky130_fd_sc_hd__dfxtp_1)
  -0.0760   19.9240   library setup time
            19.9240   data required time
-------------------------------------------------------------
            19.9240   data required time
           -18.6485   data arrival time
-------------------------------------------------------------
             1.2755   slack (MET)


Startpoint: core/alu_exe_unit/PipelinedMulUnit/imul/_56534_
            (rising edge-triggered flip-flop clocked by clock)
Endpoint: core/alu_exe_unit/PipelinedMulUnit/imul/_56660_
          (rising edge-triggered flip-flop clocked by clock)
Path Group: clock
Path Type: max

    Delay      Time   Description
-------------------------------------------------------------
   0.0000    0.0000   clock clock (rise edge)
   0.0000    0.0000   clock network delay (ideal)
   0.0000    0.0000 ^ core/alu_exe_unit/PipelinedMulUnit/imul/_56534_/CLK (sky130_fd_sc_hd__dfxtp_1)
   0.3800    0.3800 ^ core/alu_exe_unit/PipelinedMulUnit/imul/_56534_/Q (sky130_fd_sc_hd__dfxtp_1)
   0.2608    0.6408 ^ core/alu_exe_unit/PipelinedMulUnit/imul/_28773_/X (sky130_fd_sc_hd__clkbuf_1)
   0.1282    0.7691 v core/alu_exe_unit/PipelinedMulUnit/imul/_38772_/Y (sky130_fd_sc_hd__nand2_1)
   0.4064    1.1755 v core/alu_exe_unit/PipelinedMulUnit/imul/_38820_/X (sky130_fd_sc_hd__xor3_1)
   0.3651    1.5405 v core/alu_exe_unit/PipelinedMulUnit/imul/_38822_/X (sky130_fd_sc_hd__maj3_1)
   0.2861    1.8266 ^ core/alu_exe_unit/PipelinedMulUnit/imul/_38824_/X (sky130_fd_sc_hd__xor2_1)
   0.1517    1.9783 v core/alu_exe_unit/PipelinedMulUnit/imul/_38826_/Y (sky130_fd_sc_hd__o21ai_0)
   0.3985    2.3767 v core/alu_exe_unit/PipelinedMulUnit/imul/_38829_/X (sky130_fd_sc_hd__maj3_1)
   0.3902    2.7670 v core/alu_exe_unit/PipelinedMulUnit/imul/_38866_/X (sky130_fd_sc_hd__xor3_1)
   0.2564    3.0233 ^ core/alu_exe_unit/PipelinedMulUnit/imul/_38903_/Y (sky130_fd_sc_hd__xnor2_1)
   0.6499    3.6732 v core/alu_exe_unit/PipelinedMulUnit/imul/_38936_/X (sky130_fd_sc_hd__or4b_2)
   0.3847    4.0579 v core/alu_exe_unit/PipelinedMulUnit/imul/_38942_/X (sky130_fd_sc_hd__maj3_1)
   0.2658    4.3237 ^ core/alu_exe_unit/PipelinedMulUnit/imul/_38943_/X (sky130_fd_sc_hd__xor2_1)
   0.1583    4.4819 v core/alu_exe_unit/PipelinedMulUnit/imul/_38974_/Y (sky130_fd_sc_hd__o21ai_0)
   0.1784    4.6604 v core/alu_exe_unit/PipelinedMulUnit/imul/_38975_/X (sky130_fd_sc_hd__xor2_1)
   0.1870    4.8474 ^ core/alu_exe_unit/PipelinedMulUnit/imul/_38999_/Y (sky130_fd_sc_hd__a22oi_1)
   0.1607    5.0081 ^ core/alu_exe_unit/PipelinedMulUnit/imul/_39001_/X (sky130_fd_sc_hd__o21ba_2)
   0.0992    5.1073 v core/alu_exe_unit/PipelinedMulUnit/imul/_39003_/Y (sky130_fd_sc_hd__o21ai_0)
   0.2119    5.3192 ^ core/alu_exe_unit/PipelinedMulUnit/imul/_39006_/Y (sky130_fd_sc_hd__a31oi_1)
   0.1118    5.4310 v core/alu_exe_unit/PipelinedMulUnit/imul/_39008_/Y (sky130_fd_sc_hd__o21ai_0)
   0.1895    5.6205 ^ core/alu_exe_unit/PipelinedMulUnit/imul/_39011_/Y (sky130_fd_sc_hd__a21oi_1)
   0.0998    5.7203 v core/alu_exe_unit/PipelinedMulUnit/imul/_39014_/Y (sky130_fd_sc_hd__o211ai_1)
   0.2480    5.9682 ^ core/alu_exe_unit/PipelinedMulUnit/imul/_39015_/Y (sky130_fd_sc_hd__a32oi_1)
   0.1803    6.1485 v core/alu_exe_unit/PipelinedMulUnit/imul/_39020_/Y (sky130_fd_sc_hd__o21ai_0)
   0.1960    6.3445 ^ core/alu_exe_unit/PipelinedMulUnit/imul/_39025_/Y (sky130_fd_sc_hd__a31oi_1)
   0.1017    6.4462 v core/alu_exe_unit/PipelinedMulUnit/imul/_39030_/Y (sky130_fd_sc_hd__o31ai_1)
   0.2593    6.7055 ^ core/alu_exe_unit/PipelinedMulUnit/imul/_39033_/Y (sky130_fd_sc_hd__a211oi_1)
   0.1869    6.8924 ^ core/alu_exe_unit/PipelinedMulUnit/imul/_39034_/X (sky130_fd_sc_hd__or3_1)
   0.1488    7.0412 v core/alu_exe_unit/PipelinedMulUnit/imul/_39039_/Y (sky130_fd_sc_hd__a311oi_1)
   0.6040    7.6452 ^ core/alu_exe_unit/PipelinedMulUnit/imul/_39046_/Y (sky130_fd_sc_hd__o311ai_0)
   0.3034    7.9486 ^ core/alu_exe_unit/PipelinedMulUnit/imul/_39050_/X (sky130_fd_sc_hd__a311o_1)
   0.2368    8.1855 ^ core/alu_exe_unit/PipelinedMulUnit/imul/_39053_/X (sky130_fd_sc_hd__a311o_1)
   0.1096    8.2951 v core/alu_exe_unit/PipelinedMulUnit/imul/_39058_/Y (sky130_fd_sc_hd__a211oi_1)
   0.2851    8.5801 v core/alu_exe_unit/PipelinedMulUnit/imul/_39061_/X (sky130_fd_sc_hd__o311a_1)
   0.5404    9.1205 ^ core/alu_exe_unit/PipelinedMulUnit/imul/_39065_/Y (sky130_fd_sc_hd__o311ai_0)
   0.2582    9.3788 ^ core/alu_exe_unit/PipelinedMulUnit/imul/_39071_/X (sky130_fd_sc_hd__a311o_1)
   0.2073    9.5861 ^ core/alu_exe_unit/PipelinedMulUnit/imul/_39077_/X (sky130_fd_sc_hd__a311o_1)
   0.2364    9.8225 ^ core/alu_exe_unit/PipelinedMulUnit/imul/_39082_/X (sky130_fd_sc_hd__a311o_1)
   0.1407    9.9632 v core/alu_exe_unit/PipelinedMulUnit/imul/_39086_/Y (sky130_fd_sc_hd__a311oi_1)
   0.3195   10.2827 v core/alu_exe_unit/PipelinedMulUnit/imul/_39298_/X (sky130_fd_sc_hd__o311a_1)
   0.2549   10.5376 ^ core/alu_exe_unit/PipelinedMulUnit/imul/_39443_/Y (sky130_fd_sc_hd__a21oi_1)
   0.1690   10.7066 ^ core/alu_exe_unit/PipelinedMulUnit/imul/_39667_/Y (sky130_fd_sc_hd__nand4b_1)
   0.1095   10.8161 v core/alu_exe_unit/PipelinedMulUnit/imul/_40064_/Y (sky130_fd_sc_hd__a2111oi_0)
   0.3511   11.1672 v core/alu_exe_unit/PipelinedMulUnit/imul/_40737_/X (sky130_fd_sc_hd__o311a_1)
   0.2478   11.4150 ^ core/alu_exe_unit/PipelinedMulUnit/imul/_41070_/Y (sky130_fd_sc_hd__o21ai_0)
   0.2421   11.6571 ^ core/alu_exe_unit/PipelinedMulUnit/imul/_41755_/X (sky130_fd_sc_hd__a311o_1)
   0.1259   11.7830 v core/alu_exe_unit/PipelinedMulUnit/imul/_42422_/Y (sky130_fd_sc_hd__a311oi_1)
   0.5945   12.3775 ^ core/alu_exe_unit/PipelinedMulUnit/imul/_43094_/Y (sky130_fd_sc_hd__o311ai_0)
   0.2362   12.6137 v core/alu_exe_unit/PipelinedMulUnit/imul/_43747_/Y (sky130_fd_sc_hd__a311oi_1)
   0.6182   13.2319 ^ core/alu_exe_unit/PipelinedMulUnit/imul/_44418_/Y (sky130_fd_sc_hd__o311ai_0)
   0.2245   13.4563 v core/alu_exe_unit/PipelinedMulUnit/imul/_45071_/Y (sky130_fd_sc_hd__a311oi_1)
   0.2064   13.6628 v core/alu_exe_unit/PipelinedMulUnit/imul/_47260_/X (sky130_fd_sc_hd__and4_1)
   0.2108   13.8735 ^ core/alu_exe_unit/PipelinedMulUnit/imul/_49521_/Y (sky130_fd_sc_hd__o2111ai_1)
   0.1194   13.9929 v core/alu_exe_unit/PipelinedMulUnit/imul/_49782_/Y (sky130_fd_sc_hd__a21oi_1)
   0.2635   14.2564 ^ core/alu_exe_unit/PipelinedMulUnit/imul/_50316_/Y (sky130_fd_sc_hd__o21ai_0)
   0.1305   14.3870 v core/alu_exe_unit/PipelinedMulUnit/imul/_50858_/Y (sky130_fd_sc_hd__a21oi_1)
   0.3658   14.7528 v core/alu_exe_unit/PipelinedMulUnit/imul/_50871_/X (sky130_fd_sc_hd__o311a_1)
   0.3555   15.1083 v core/alu_exe_unit/PipelinedMulUnit/imul/_51630_/X (sky130_fd_sc_hd__o311a_1)
   0.2574   15.3657 v core/alu_exe_unit/PipelinedMulUnit/imul/_52120_/X (sky130_fd_sc_hd__o211a_1)
   0.3951   15.7608 v core/alu_exe_unit/PipelinedMulUnit/imul/_52797_/X (sky130_fd_sc_hd__o311a_1)
   0.3693   16.1301 v core/alu_exe_unit/PipelinedMulUnit/imul/_53467_/X (sky130_fd_sc_hd__o311a_1)
   0.2403   16.3704 ^ core/alu_exe_unit/PipelinedMulUnit/imul/_53881_/Y (sky130_fd_sc_hd__o211ai_1)
   0.1188   16.4892 v core/alu_exe_unit/PipelinedMulUnit/imul/_54311_/Y (sky130_fd_sc_hd__a211oi_1)
   0.3489   16.8381 v core/alu_exe_unit/PipelinedMulUnit/imul/_54711_/X (sky130_fd_sc_hd__o311a_1)
   0.3770   17.2151 ^ core/alu_exe_unit/PipelinedMulUnit/imul/_55083_/Y (sky130_fd_sc_hd__o311ai_0)
   0.1854   17.4004 v core/alu_exe_unit/PipelinedMulUnit/imul/_55256_/Y (sky130_fd_sc_hd__a21boi_0)
   0.2691   17.6695 ^ core/alu_exe_unit/PipelinedMulUnit/imul/_55416_/Y (sky130_fd_sc_hd__o21ai_0)
   0.1409   17.8105 v core/alu_exe_unit/PipelinedMulUnit/imul/_55595_/Y (sky130_fd_sc_hd__a21boi_0)
   0.2489   18.0593 ^ core/alu_exe_unit/PipelinedMulUnit/imul/_55748_/Y (sky130_fd_sc_hd__o21ai_0)
   0.0816   18.1409 v core/alu_exe_unit/PipelinedMulUnit/imul/_55750_/Y (sky130_fd_sc_hd__nand2_1)
   0.2885   18.4294 v core/alu_exe_unit/PipelinedMulUnit/imul/_55754_/X (sky130_fd_sc_hd__a211o_1)
   0.0623   18.4917 ^ core/alu_exe_unit/PipelinedMulUnit/imul/_55755_/Y (sky130_fd_sc_hd__o21ai_0)
   0.0035   18.4952 ^ core/alu_exe_unit/PipelinedMulUnit/imul/_56660_/D (sky130_fd_sc_hd__dfxtp_1)
            18.4952   data arrival time

  20.0000   20.0000   clock clock (rise edge)
   0.0000   20.0000   clock network delay (ideal)
   0.0000   20.0000   clock reconvergence pessimism
            20.0000 ^ core/alu_exe_unit/PipelinedMulUnit/imul/_56660_/CLK (sky130_fd_sc_hd__dfxtp_1)
  -0.0760   19.9240   library setup time
            19.9240   data required time
-------------------------------------------------------------
            19.9240   data required time
           -18.4952   data arrival time
-------------------------------------------------------------
             1.4288   slack (MET)


Startpoint: core/_4005_ (rising edge-triggered flip-flop clocked by clock)
Endpoint: core/rename_stage/busytable/_2545_
          (rising edge-triggered flip-flop clocked by clock)
Path Group: clock
Path Type: max

    Delay      Time   Description
-------------------------------------------------------------
   0.0000    0.0000   clock clock (rise edge)
   0.0000    0.0000   clock network delay (ideal)
   0.0000    0.0000 ^ core/_4005_/CLK (sky130_fd_sc_hd__dfxtp_1)
   0.3332    0.3332 ^ core/_4005_/Q (sky130_fd_sc_hd__dfxtp_1)
   0.3006    0.6338 ^ core/_1893_/Y (sky130_fd_sc_hd__nor3b_1)
   0.1036    0.7374 v core/_1894_/Y (sky130_fd_sc_hd__nand2_1)
   4.7155    5.4530 ^ core/_1919_/Y (sky130_fd_sc_hd__o21ai_0)
   0.7629    6.2158 ^ lsu/_64242_/X (sky130_fd_sc_hd__buf_4)
   0.1194    6.3353 v dcache/_2795_/Y (sky130_fd_sc_hd__a22oi_1)
   0.2227    6.5580 v dcache/_2796_/X (sky130_fd_sc_hd__and4_1)
   0.0821    6.6402 ^ dcache/_2797_/Y (sky130_fd_sc_hd__nand2_1)
   0.0867    6.7268 v dcache/_2803_/Y (sky130_fd_sc_hd__nor4_1)
   0.0795    6.8064 ^ dcache/mshrs/_0615_/Y (sky130_fd_sc_hd__inv_1)
   0.0587    6.8651 v dcache/mshrs/_0616_/Y (sky130_fd_sc_hd__nor2_1)
   0.1498    7.0149 v dcache/mshrs/_0617_/Y (sky130_fd_sc_hd__a21boi_0)
   0.2381    7.2530 v dcache/mshrs/_0618_/X (sky130_fd_sc_hd__lpflow_inputiso0n_1)
   0.1857    7.4387 ^ dcache/mshrs/_0752_/Y (sky130_fd_sc_hd__a31oi_1)
   0.0689    7.5076 v dcache/mshrs/_0755_/Y (sky130_fd_sc_hd__nand2_1)
   0.2141    7.7217 v dcache/mshrs/_0756_/X (sky130_fd_sc_hd__a22o_1)
   0.1258    7.8475 v dcache/_2807_/X (sky130_fd_sc_hd__lpflow_isobufsrc_1)
   0.3604    8.2079 ^ dcache/_2808_/Y (sky130_fd_sc_hd__a2111oi_0)
   0.1294    8.3373 v dcache/_2809_/Y (sky130_fd_sc_hd__a311oi_1)
   0.1535    8.4908 ^ dcache/_2810_/X (sky130_fd_sc_hd__lpflow_isobufsrc_1)
   0.0805    8.5713 v dcache/_2812_/Y (sky130_fd_sc_hd__nor3_1)
   0.2226    8.7939 v dcache/_3359_/X (sky130_fd_sc_hd__lpflow_clkbufkapwr_1)
   0.3803    9.1742 v dcache/_3363_/X (sky130_fd_sc_hd__mux2_2)
   0.1967    9.3709 v lsu/_29300_/Y (sky130_fd_sc_hd__nand2b_1)
   0.5002    9.8711 ^ lsu/_29301_/Y (sky130_fd_sc_hd__nor3_1)
   0.2162   10.0873 ^ lsu/_29516_/X (sky130_fd_sc_hd__a22o_1)
   0.0473   10.1346 v lsu/_29517_/Y (sky130_fd_sc_hd__a221oi_1)
   0.2270   10.3616 v lsu/_29518_/X (sky130_fd_sc_hd__and4_1)
   0.0935   10.4551 ^ lsu/_29519_/Y (sky130_fd_sc_hd__nand3_1)
   0.0851   10.5402 v lsu/_29520_/Y (sky130_fd_sc_hd__nand2_1)
   0.0580   10.5981 ^ lsu/_40488_/Y (sky130_fd_sc_hd__nand2_1)
   0.1156   10.7137 v lsu/_40489_/Y (sky130_fd_sc_hd__o21ai_0)
   0.1764   10.8902 v core/memExeUnit/_191_/X (sky130_fd_sc_hd__buf_4)
   0.1819   11.0721 v core/ll_wbarb/_009_/X (sky130_fd_sc_hd__clkbuf_1)
   0.2456   11.3177 v core/ll_wbarb/_010_/X (sky130_fd_sc_hd__clkbuf_1)
   0.0813   11.3990 ^ core/ll_wbarb/_099_/Y (sky130_fd_sc_hd__inv_1)
   0.1445   11.5435 ^ core/FpPipeline/_2061_/X (sky130_fd_sc_hd__lpflow_inputiso0n_1)
   0.0722   11.6158 v core/FpPipeline/_2071_/Y (sky130_fd_sc_hd__nand2_1)
   0.0986   11.7143 ^ core/FpPipeline/_2073_/Y (sky130_fd_sc_hd__a21oi_1)
   0.1152   11.8295 ^ core/ll_wbarb/_100_/X (sky130_fd_sc_hd__or2_2)
   4.8833   16.7129 ^ core/_3793_/Y (sky130_fd_sc_hd__nor3b_1)
   0.7911   17.5040 v core/rename_stage/busytable/_2117_/Y (sky130_fd_sc_hd__nand3b_1)
   0.4088   17.9128 v core/rename_stage/busytable/_2118_/X (sky130_fd_sc_hd__clkbuf_1)
   0.1570   18.0698 ^ core/rename_stage/busytable/_2162_/Y (sky130_fd_sc_hd__o22ai_1)
   0.0796   18.1494 v core/rename_stage/busytable/_2164_/Y (sky130_fd_sc_hd__nor3_1)
   0.2096   18.3590 ^ core/rename_stage/busytable/_2165_/Y (sky130_fd_sc_hd__a221oi_1)
   0.0620   18.4209 v core/rename_stage/busytable/_2166_/Y (sky130_fd_sc_hd__nor2_1)
   0.0035   18.4244 v core/rename_stage/busytable/_2545_/D (sky130_fd_sc_hd__dfxtp_1)
            18.4244   data arrival time

  20.0000   20.0000   clock clock (rise edge)
   0.0000   20.0000   clock network delay (ideal)
   0.0000   20.0000   clock reconvergence pessimism
            20.0000 ^ core/rename_stage/busytable/_2545_/CLK (sky130_fd_sc_hd__dfxtp_1)
  -0.1293   19.8707   library setup time
            19.8707   data required time
-------------------------------------------------------------
            19.8707   data required time
           -18.4244   data arrival time
-------------------------------------------------------------
             1.4463   slack (MET)


Startpoint: core/_4005_ (rising edge-triggered flip-flop clocked by clock)
Endpoint: core/rename_stage/busytable/_2573_
          (rising edge-triggered flip-flop clocked by clock)
Path Group: clock
Path Type: max

    Delay      Time   Description
-------------------------------------------------------------
   0.0000    0.0000   clock clock (rise edge)
   0.0000    0.0000   clock network delay (ideal)
   0.0000    0.0000 ^ core/_4005_/CLK (sky130_fd_sc_hd__dfxtp_1)
   0.3332    0.3332 ^ core/_4005_/Q (sky130_fd_sc_hd__dfxtp_1)
   0.3006    0.6338 ^ core/_1893_/Y (sky130_fd_sc_hd__nor3b_1)
   0.1036    0.7374 v core/_1894_/Y (sky130_fd_sc_hd__nand2_1)
   4.7155    5.4530 ^ core/_1919_/Y (sky130_fd_sc_hd__o21ai_0)
   0.7629    6.2158 ^ lsu/_64242_/X (sky130_fd_sc_hd__buf_4)
   0.1194    6.3353 v dcache/_2795_/Y (sky130_fd_sc_hd__a22oi_1)
   0.2227    6.5580 v dcache/_2796_/X (sky130_fd_sc_hd__and4_1)
   0.0821    6.6402 ^ dcache/_2797_/Y (sky130_fd_sc_hd__nand2_1)
   0.0867    6.7268 v dcache/_2803_/Y (sky130_fd_sc_hd__nor4_1)
   0.0795    6.8064 ^ dcache/mshrs/_0615_/Y (sky130_fd_sc_hd__inv_1)
   0.0587    6.8651 v dcache/mshrs/_0616_/Y (sky130_fd_sc_hd__nor2_1)
   0.1498    7.0149 v dcache/mshrs/_0617_/Y (sky130_fd_sc_hd__a21boi_0)
   0.2381    7.2530 v dcache/mshrs/_0618_/X (sky130_fd_sc_hd__lpflow_inputiso0n_1)
   0.1857    7.4387 ^ dcache/mshrs/_0752_/Y (sky130_fd_sc_hd__a31oi_1)
   0.0689    7.5076 v dcache/mshrs/_0755_/Y (sky130_fd_sc_hd__nand2_1)
   0.2141    7.7217 v dcache/mshrs/_0756_/X (sky130_fd_sc_hd__a22o_1)
   0.1258    7.8475 v dcache/_2807_/X (sky130_fd_sc_hd__lpflow_isobufsrc_1)
   0.3604    8.2079 ^ dcache/_2808_/Y (sky130_fd_sc_hd__a2111oi_0)
   0.1294    8.3373 v dcache/_2809_/Y (sky130_fd_sc_hd__a311oi_1)
   0.1535    8.4908 ^ dcache/_2810_/X (sky130_fd_sc_hd__lpflow_isobufsrc_1)
   0.0805    8.5713 v dcache/_2812_/Y (sky130_fd_sc_hd__nor3_1)
   0.2226    8.7939 v dcache/_3359_/X (sky130_fd_sc_hd__lpflow_clkbufkapwr_1)
   0.3803    9.1742 v dcache/_3363_/X (sky130_fd_sc_hd__mux2_2)
   0.1967    9.3709 v lsu/_29300_/Y (sky130_fd_sc_hd__nand2b_1)
   0.5002    9.8711 ^ lsu/_29301_/Y (sky130_fd_sc_hd__nor3_1)
   0.2162   10.0873 ^ lsu/_29516_/X (sky130_fd_sc_hd__a22o_1)
   0.0473   10.1346 v lsu/_29517_/Y (sky130_fd_sc_hd__a221oi_1)
   0.2270   10.3616 v lsu/_29518_/X (sky130_fd_sc_hd__and4_1)
   0.0935   10.4551 ^ lsu/_29519_/Y (sky130_fd_sc_hd__nand3_1)
   0.0851   10.5402 v lsu/_29520_/Y (sky130_fd_sc_hd__nand2_1)
   0.0580   10.5981 ^ lsu/_40488_/Y (sky130_fd_sc_hd__nand2_1)
   0.1156   10.7137 v lsu/_40489_/Y (sky130_fd_sc_hd__o21ai_0)
   0.1764   10.8902 v core/memExeUnit/_191_/X (sky130_fd_sc_hd__buf_4)
   0.1819   11.0721 v core/ll_wbarb/_009_/X (sky130_fd_sc_hd__clkbuf_1)
   0.2456   11.3177 v core/ll_wbarb/_010_/X (sky130_fd_sc_hd__clkbuf_1)
   0.0813   11.3990 ^ core/ll_wbarb/_099_/Y (sky130_fd_sc_hd__inv_1)
   0.1445   11.5435 ^ core/FpPipeline/_2061_/X (sky130_fd_sc_hd__lpflow_inputiso0n_1)
   0.0722   11.6158 v core/FpPipeline/_2071_/Y (sky130_fd_sc_hd__nand2_1)
   0.0986   11.7143 ^ core/FpPipeline/_2073_/Y (sky130_fd_sc_hd__a21oi_1)
   0.1152   11.8295 ^ core/ll_wbarb/_100_/X (sky130_fd_sc_hd__or2_2)
   4.8833   16.7129 ^ core/_3793_/Y (sky130_fd_sc_hd__nor3b_1)
   0.7911   17.5040 v core/rename_stage/busytable/_2117_/Y (sky130_fd_sc_hd__nand3b_1)
   0.4088   17.9128 v core/rename_stage/busytable/_2118_/X (sky130_fd_sc_hd__clkbuf_1)
   0.3147   18.2274 v core/rename_stage/busytable/_2379_/X (sky130_fd_sc_hd__o32a_1)
   0.0824   18.3099 ^ core/rename_stage/busytable/_2380_/Y (sky130_fd_sc_hd__nand3_1)
   0.0588   18.3687 v core/rename_stage/busytable/_2382_/Y (sky130_fd_sc_hd__a21oi_1)
   0.0035   18.3722 v core/rename_stage/busytable/_2573_/D (sky130_fd_sc_hd__dfxtp_1)
            18.3722   data arrival time

  20.0000   20.0000   clock clock (rise edge)
   0.0000   20.0000   clock network delay (ideal)
   0.0000   20.0000   clock reconvergence pessimism
            20.0000 ^ core/rename_stage/busytable/_2573_/CLK (sky130_fd_sc_hd__dfxtp_1)
  -0.1339   19.8661   library setup time
            19.8661   data required time
-------------------------------------------------------------
            19.8661   data required time
           -18.3722   data arrival time
-------------------------------------------------------------
             1.4940   slack (MET)


Startpoint: core/_4005_ (rising edge-triggered flip-flop clocked by clock)
Endpoint: core/rename_stage/busytable/_2563_
          (rising edge-triggered flip-flop clocked by clock)
Path Group: clock
Path Type: max

    Delay      Time   Description
-------------------------------------------------------------
   0.0000    0.0000   clock clock (rise edge)
   0.0000    0.0000   clock network delay (ideal)
   0.0000    0.0000 ^ core/_4005_/CLK (sky130_fd_sc_hd__dfxtp_1)
   0.3332    0.3332 ^ core/_4005_/Q (sky130_fd_sc_hd__dfxtp_1)
   0.3006    0.6338 ^ core/_1893_/Y (sky130_fd_sc_hd__nor3b_1)
   0.1036    0.7374 v core/_1894_/Y (sky130_fd_sc_hd__nand2_1)
   4.7155    5.4530 ^ core/_1919_/Y (sky130_fd_sc_hd__o21ai_0)
   0.7629    6.2158 ^ lsu/_64242_/X (sky130_fd_sc_hd__buf_4)
   0.1194    6.3353 v dcache/_2795_/Y (sky130_fd_sc_hd__a22oi_1)
   0.2227    6.5580 v dcache/_2796_/X (sky130_fd_sc_hd__and4_1)
   0.0821    6.6402 ^ dcache/_2797_/Y (sky130_fd_sc_hd__nand2_1)
   0.0867    6.7268 v dcache/_2803_/Y (sky130_fd_sc_hd__nor4_1)
   0.0795    6.8064 ^ dcache/mshrs/_0615_/Y (sky130_fd_sc_hd__inv_1)
   0.0587    6.8651 v dcache/mshrs/_0616_/Y (sky130_fd_sc_hd__nor2_1)
   0.1498    7.0149 v dcache/mshrs/_0617_/Y (sky130_fd_sc_hd__a21boi_0)
   0.2381    7.2530 v dcache/mshrs/_0618_/X (sky130_fd_sc_hd__lpflow_inputiso0n_1)
   0.1857    7.4387 ^ dcache/mshrs/_0752_/Y (sky130_fd_sc_hd__a31oi_1)
   0.0689    7.5076 v dcache/mshrs/_0755_/Y (sky130_fd_sc_hd__nand2_1)
   0.2141    7.7217 v dcache/mshrs/_0756_/X (sky130_fd_sc_hd__a22o_1)
   0.1258    7.8475 v dcache/_2807_/X (sky130_fd_sc_hd__lpflow_isobufsrc_1)
   0.3604    8.2079 ^ dcache/_2808_/Y (sky130_fd_sc_hd__a2111oi_0)
   0.1294    8.3373 v dcache/_2809_/Y (sky130_fd_sc_hd__a311oi_1)
   0.1535    8.4908 ^ dcache/_2810_/X (sky130_fd_sc_hd__lpflow_isobufsrc_1)
   0.0805    8.5713 v dcache/_2812_/Y (sky130_fd_sc_hd__nor3_1)
   0.2226    8.7939 v dcache/_3359_/X (sky130_fd_sc_hd__lpflow_clkbufkapwr_1)
   0.3803    9.1742 v dcache/_3363_/X (sky130_fd_sc_hd__mux2_2)
   0.1967    9.3709 v lsu/_29300_/Y (sky130_fd_sc_hd__nand2b_1)
   0.5002    9.8711 ^ lsu/_29301_/Y (sky130_fd_sc_hd__nor3_1)
   0.2162   10.0873 ^ lsu/_29516_/X (sky130_fd_sc_hd__a22o_1)
   0.0473   10.1346 v lsu/_29517_/Y (sky130_fd_sc_hd__a221oi_1)
   0.2270   10.3616 v lsu/_29518_/X (sky130_fd_sc_hd__and4_1)
   0.0935   10.4551 ^ lsu/_29519_/Y (sky130_fd_sc_hd__nand3_1)
   0.0851   10.5402 v lsu/_29520_/Y (sky130_fd_sc_hd__nand2_1)
   0.0580   10.5981 ^ lsu/_40488_/Y (sky130_fd_sc_hd__nand2_1)
   0.1156   10.7137 v lsu/_40489_/Y (sky130_fd_sc_hd__o21ai_0)
   0.1764   10.8902 v core/memExeUnit/_191_/X (sky130_fd_sc_hd__buf_4)
   0.1819   11.0721 v core/ll_wbarb/_009_/X (sky130_fd_sc_hd__clkbuf_1)
   0.2456   11.3177 v core/ll_wbarb/_010_/X (sky130_fd_sc_hd__clkbuf_1)
   0.0813   11.3990 ^ core/ll_wbarb/_099_/Y (sky130_fd_sc_hd__inv_1)
   0.1445   11.5435 ^ core/FpPipeline/_2061_/X (sky130_fd_sc_hd__lpflow_inputiso0n_1)
   0.0722   11.6158 v core/FpPipeline/_2071_/Y (sky130_fd_sc_hd__nand2_1)
   0.0986   11.7143 ^ core/FpPipeline/_2073_/Y (sky130_fd_sc_hd__a21oi_1)
   0.1152   11.8295 ^ core/ll_wbarb/_100_/X (sky130_fd_sc_hd__or2_2)
   4.8833   16.7129 ^ core/_3793_/Y (sky130_fd_sc_hd__nor3b_1)
   0.7911   17.5040 v core/rename_stage/busytable/_2117_/Y (sky130_fd_sc_hd__nand3b_1)
   0.4088   17.9128 v core/rename_stage/busytable/_2118_/X (sky130_fd_sc_hd__clkbuf_1)
   0.1956   18.1083 ^ core/rename_stage/busytable/_2298_/Y (sky130_fd_sc_hd__nor4_1)
   0.0682   18.1765 v core/rename_stage/busytable/_2299_/Y (sky130_fd_sc_hd__a31oi_1)
   0.1061   18.2826 ^ core/rename_stage/busytable/_2300_/Y (sky130_fd_sc_hd__nand4_1)
   0.0718   18.3545 v core/rename_stage/busytable/_2303_/Y (sky130_fd_sc_hd__a31oi_1)
   0.0035   18.3579 v core/rename_stage/busytable/_2563_/D (sky130_fd_sc_hd__dfxtp_1)
            18.3579   data arrival time

  20.0000   20.0000   clock clock (rise edge)
   0.0000   20.0000   clock network delay (ideal)
   0.0000   20.0000   clock reconvergence pessimism
            20.0000 ^ core/rename_stage/busytable/_2563_/CLK (sky130_fd_sc_hd__dfxtp_1)
  -0.1341   19.8659   library setup time
            19.8659   data required time
-------------------------------------------------------------
            19.8659   data required time
           -18.3579   data arrival time
-------------------------------------------------------------
             1.5080   slack (MET)


Startpoint: core/_4005_ (rising edge-triggered flip-flop clocked by clock)
Endpoint: core/rename_stage/busytable/_2556_
          (rising edge-triggered flip-flop clocked by clock)
Path Group: clock
Path Type: max

    Delay      Time   Description
-------------------------------------------------------------
   0.0000    0.0000   clock clock (rise edge)
   0.0000    0.0000   clock network delay (ideal)
   0.0000    0.0000 ^ core/_4005_/CLK (sky130_fd_sc_hd__dfxtp_1)
   0.3332    0.3332 ^ core/_4005_/Q (sky130_fd_sc_hd__dfxtp_1)
   0.3006    0.6338 ^ core/_1893_/Y (sky130_fd_sc_hd__nor3b_1)
   0.1036    0.7374 v core/_1894_/Y (sky130_fd_sc_hd__nand2_1)
   4.7155    5.4530 ^ core/_1919_/Y (sky130_fd_sc_hd__o21ai_0)
   0.7629    6.2158 ^ lsu/_64242_/X (sky130_fd_sc_hd__buf_4)
   0.1194    6.3353 v dcache/_2795_/Y (sky130_fd_sc_hd__a22oi_1)
   0.2227    6.5580 v dcache/_2796_/X (sky130_fd_sc_hd__and4_1)
   0.0821    6.6402 ^ dcache/_2797_/Y (sky130_fd_sc_hd__nand2_1)
   0.0867    6.7268 v dcache/_2803_/Y (sky130_fd_sc_hd__nor4_1)
   0.0795    6.8064 ^ dcache/mshrs/_0615_/Y (sky130_fd_sc_hd__inv_1)
   0.0587    6.8651 v dcache/mshrs/_0616_/Y (sky130_fd_sc_hd__nor2_1)
   0.1498    7.0149 v dcache/mshrs/_0617_/Y (sky130_fd_sc_hd__a21boi_0)
   0.2381    7.2530 v dcache/mshrs/_0618_/X (sky130_fd_sc_hd__lpflow_inputiso0n_1)
   0.1857    7.4387 ^ dcache/mshrs/_0752_/Y (sky130_fd_sc_hd__a31oi_1)
   0.0689    7.5076 v dcache/mshrs/_0755_/Y (sky130_fd_sc_hd__nand2_1)
   0.2141    7.7217 v dcache/mshrs/_0756_/X (sky130_fd_sc_hd__a22o_1)
   0.1258    7.8475 v dcache/_2807_/X (sky130_fd_sc_hd__lpflow_isobufsrc_1)
   0.3604    8.2079 ^ dcache/_2808_/Y (sky130_fd_sc_hd__a2111oi_0)
   0.1294    8.3373 v dcache/_2809_/Y (sky130_fd_sc_hd__a311oi_1)
   0.1535    8.4908 ^ dcache/_2810_/X (sky130_fd_sc_hd__lpflow_isobufsrc_1)
   0.0805    8.5713 v dcache/_2812_/Y (sky130_fd_sc_hd__nor3_1)
   0.2226    8.7939 v dcache/_3359_/X (sky130_fd_sc_hd__lpflow_clkbufkapwr_1)
   0.3803    9.1742 v dcache/_3363_/X (sky130_fd_sc_hd__mux2_2)
   0.1967    9.3709 v lsu/_29300_/Y (sky130_fd_sc_hd__nand2b_1)
   0.5002    9.8711 ^ lsu/_29301_/Y (sky130_fd_sc_hd__nor3_1)
   0.2162   10.0873 ^ lsu/_29516_/X (sky130_fd_sc_hd__a22o_1)
   0.0473   10.1346 v lsu/_29517_/Y (sky130_fd_sc_hd__a221oi_1)
   0.2270   10.3616 v lsu/_29518_/X (sky130_fd_sc_hd__and4_1)
   0.0935   10.4551 ^ lsu/_29519_/Y (sky130_fd_sc_hd__nand3_1)
   0.0851   10.5402 v lsu/_29520_/Y (sky130_fd_sc_hd__nand2_1)
   0.0580   10.5981 ^ lsu/_40488_/Y (sky130_fd_sc_hd__nand2_1)
   0.1156   10.7137 v lsu/_40489_/Y (sky130_fd_sc_hd__o21ai_0)
   0.1764   10.8902 v core/memExeUnit/_191_/X (sky130_fd_sc_hd__buf_4)
   0.1819   11.0721 v core/ll_wbarb/_009_/X (sky130_fd_sc_hd__clkbuf_1)
   0.2456   11.3177 v core/ll_wbarb/_010_/X (sky130_fd_sc_hd__clkbuf_1)
   0.0813   11.3990 ^ core/ll_wbarb/_099_/Y (sky130_fd_sc_hd__inv_1)
   0.1445   11.5435 ^ core/FpPipeline/_2061_/X (sky130_fd_sc_hd__lpflow_inputiso0n_1)
   0.0722   11.6158 v core/FpPipeline/_2071_/Y (sky130_fd_sc_hd__nand2_1)
   0.0986   11.7143 ^ core/FpPipeline/_2073_/Y (sky130_fd_sc_hd__a21oi_1)
   0.1152   11.8295 ^ core/ll_wbarb/_100_/X (sky130_fd_sc_hd__or2_2)
   4.8833   16.7129 ^ core/_3793_/Y (sky130_fd_sc_hd__nor3b_1)
   0.7911   17.5040 v core/rename_stage/busytable/_2117_/Y (sky130_fd_sc_hd__nand3b_1)
   0.5521   18.0561 ^ core/rename_stage/busytable/_2238_/Y (sky130_fd_sc_hd__o32ai_1)
   0.0903   18.1464 v core/rename_stage/busytable/_2239_/Y (sky130_fd_sc_hd__a221oi_1)
   0.1159   18.2623 ^ core/rename_stage/busytable/_2240_/Y (sky130_fd_sc_hd__o211ai_1)
   0.0810   18.3433 v core/rename_stage/busytable/_2243_/Y (sky130_fd_sc_hd__a21oi_1)
   0.0035   18.3468 v core/rename_stage/busytable/_2556_/D (sky130_fd_sc_hd__dfxtp_1)
            18.3468   data arrival time

  20.0000   20.0000   clock clock (rise edge)
   0.0000   20.0000   clock network delay (ideal)
   0.0000   20.0000   clock reconvergence pessimism
            20.0000 ^ core/rename_stage/busytable/_2556_/CLK (sky130_fd_sc_hd__dfxtp_1)
  -0.1339   19.8661   library setup time
            19.8661   data required time
-------------------------------------------------------------
            19.8661   data required time
           -18.3468   data arrival time
-------------------------------------------------------------
             1.5193   slack (MET)


Startpoint: core/_4005_ (rising edge-triggered flip-flop clocked by clock)
Endpoint: core/rename_stage/busytable/_2562_
          (rising edge-triggered flip-flop clocked by clock)
Path Group: clock
Path Type: max

    Delay      Time   Description
-------------------------------------------------------------
   0.0000    0.0000   clock clock (rise edge)
   0.0000    0.0000   clock network delay (ideal)
   0.0000    0.0000 ^ core/_4005_/CLK (sky130_fd_sc_hd__dfxtp_1)
   0.3332    0.3332 ^ core/_4005_/Q (sky130_fd_sc_hd__dfxtp_1)
   0.3006    0.6338 ^ core/_1893_/Y (sky130_fd_sc_hd__nor3b_1)
   0.1036    0.7374 v core/_1894_/Y (sky130_fd_sc_hd__nand2_1)
   4.7155    5.4530 ^ core/_1919_/Y (sky130_fd_sc_hd__o21ai_0)
   0.7629    6.2158 ^ lsu/_64242_/X (sky130_fd_sc_hd__buf_4)
   0.1194    6.3353 v dcache/_2795_/Y (sky130_fd_sc_hd__a22oi_1)
   0.2227    6.5580 v dcache/_2796_/X (sky130_fd_sc_hd__and4_1)
   0.0821    6.6402 ^ dcache/_2797_/Y (sky130_fd_sc_hd__nand2_1)
   0.0867    6.7268 v dcache/_2803_/Y (sky130_fd_sc_hd__nor4_1)
   0.0795    6.8064 ^ dcache/mshrs/_0615_/Y (sky130_fd_sc_hd__inv_1)
   0.0587    6.8651 v dcache/mshrs/_0616_/Y (sky130_fd_sc_hd__nor2_1)
   0.1498    7.0149 v dcache/mshrs/_0617_/Y (sky130_fd_sc_hd__a21boi_0)
   0.2381    7.2530 v dcache/mshrs/_0618_/X (sky130_fd_sc_hd__lpflow_inputiso0n_1)
   0.1857    7.4387 ^ dcache/mshrs/_0752_/Y (sky130_fd_sc_hd__a31oi_1)
   0.0689    7.5076 v dcache/mshrs/_0755_/Y (sky130_fd_sc_hd__nand2_1)
   0.2141    7.7217 v dcache/mshrs/_0756_/X (sky130_fd_sc_hd__a22o_1)
   0.1258    7.8475 v dcache/_2807_/X (sky130_fd_sc_hd__lpflow_isobufsrc_1)
   0.3604    8.2079 ^ dcache/_2808_/Y (sky130_fd_sc_hd__a2111oi_0)
   0.1294    8.3373 v dcache/_2809_/Y (sky130_fd_sc_hd__a311oi_1)
   0.1535    8.4908 ^ dcache/_2810_/X (sky130_fd_sc_hd__lpflow_isobufsrc_1)
   0.0805    8.5713 v dcache/_2812_/Y (sky130_fd_sc_hd__nor3_1)
   0.2226    8.7939 v dcache/_3359_/X (sky130_fd_sc_hd__lpflow_clkbufkapwr_1)
   0.3803    9.1742 v dcache/_3363_/X (sky130_fd_sc_hd__mux2_2)
   0.1967    9.3709 v lsu/_29300_/Y (sky130_fd_sc_hd__nand2b_1)
   0.5002    9.8711 ^ lsu/_29301_/Y (sky130_fd_sc_hd__nor3_1)
   0.2162   10.0873 ^ lsu/_29516_/X (sky130_fd_sc_hd__a22o_1)
   0.0473   10.1346 v lsu/_29517_/Y (sky130_fd_sc_hd__a221oi_1)
   0.2270   10.3616 v lsu/_29518_/X (sky130_fd_sc_hd__and4_1)
   0.0935   10.4551 ^ lsu/_29519_/Y (sky130_fd_sc_hd__nand3_1)
   0.0851   10.5402 v lsu/_29520_/Y (sky130_fd_sc_hd__nand2_1)
   0.0580   10.5981 ^ lsu/_40488_/Y (sky130_fd_sc_hd__nand2_1)
   0.1156   10.7137 v lsu/_40489_/Y (sky130_fd_sc_hd__o21ai_0)
   0.1764   10.8902 v core/memExeUnit/_191_/X (sky130_fd_sc_hd__buf_4)
   0.1819   11.0721 v core/ll_wbarb/_009_/X (sky130_fd_sc_hd__clkbuf_1)
   0.2456   11.3177 v core/ll_wbarb/_010_/X (sky130_fd_sc_hd__clkbuf_1)
   0.0813   11.3990 ^ core/ll_wbarb/_099_/Y (sky130_fd_sc_hd__inv_1)
   0.1445   11.5435 ^ core/FpPipeline/_2061_/X (sky130_fd_sc_hd__lpflow_inputiso0n_1)
   0.0722   11.6158 v core/FpPipeline/_2071_/Y (sky130_fd_sc_hd__nand2_1)
   0.0986   11.7143 ^ core/FpPipeline/_2073_/Y (sky130_fd_sc_hd__a21oi_1)
   0.1152   11.8295 ^ core/ll_wbarb/_100_/X (sky130_fd_sc_hd__or2_2)
   4.8833   16.7129 ^ core/_3793_/Y (sky130_fd_sc_hd__nor3b_1)
   0.7911   17.5040 v core/rename_stage/busytable/_2117_/Y (sky130_fd_sc_hd__nand3b_1)
   0.4088   17.9128 v core/rename_stage/busytable/_2118_/X (sky130_fd_sc_hd__clkbuf_1)
   0.1797   18.0925 ^ core/rename_stage/busytable/_2289_/Y (sky130_fd_sc_hd__o21ai_0)
   0.0590   18.1515 v core/rename_stage/busytable/_2290_/Y (sky130_fd_sc_hd__a31oi_1)
   0.1098   18.2613 ^ core/rename_stage/busytable/_2291_/Y (sky130_fd_sc_hd__nand4_1)
   0.0740   18.3352 v core/rename_stage/busytable/_2294_/Y (sky130_fd_sc_hd__a31oi_1)
   0.0035   18.3387 v core/rename_stage/busytable/_2562_/D (sky130_fd_sc_hd__dfxtp_1)
            18.3387   data arrival time

  20.0000   20.0000   clock clock (rise edge)
   0.0000   20.0000   clock network delay (ideal)
   0.0000   20.0000   clock reconvergence pessimism
            20.0000 ^ core/rename_stage/busytable/_2562_/CLK (sky130_fd_sc_hd__dfxtp_1)
  -0.1341   19.8659   library setup time
            19.8659   data required time
-------------------------------------------------------------
            19.8659   data required time
           -18.3387   data arrival time
-------------------------------------------------------------
             1.5272   slack (MET)


Startpoint: core/_4005_ (rising edge-triggered flip-flop clocked by clock)
Endpoint: core/rename_stage/busytable/_2543_
          (rising edge-triggered flip-flop clocked by clock)
Path Group: clock
Path Type: max

    Delay      Time   Description
-------------------------------------------------------------
   0.0000    0.0000   clock clock (rise edge)
   0.0000    0.0000   clock network delay (ideal)
   0.0000    0.0000 ^ core/_4005_/CLK (sky130_fd_sc_hd__dfxtp_1)
   0.3332    0.3332 ^ core/_4005_/Q (sky130_fd_sc_hd__dfxtp_1)
   0.3006    0.6338 ^ core/_1893_/Y (sky130_fd_sc_hd__nor3b_1)
   0.1036    0.7374 v core/_1894_/Y (sky130_fd_sc_hd__nand2_1)
   4.7155    5.4530 ^ core/_1919_/Y (sky130_fd_sc_hd__o21ai_0)
   0.7629    6.2158 ^ lsu/_64242_/X (sky130_fd_sc_hd__buf_4)
   0.1194    6.3353 v dcache/_2795_/Y (sky130_fd_sc_hd__a22oi_1)
   0.2227    6.5580 v dcache/_2796_/X (sky130_fd_sc_hd__and4_1)
   0.0821    6.6402 ^ dcache/_2797_/Y (sky130_fd_sc_hd__nand2_1)
   0.0867    6.7268 v dcache/_2803_/Y (sky130_fd_sc_hd__nor4_1)
   0.0795    6.8064 ^ dcache/mshrs/_0615_/Y (sky130_fd_sc_hd__inv_1)
   0.0587    6.8651 v dcache/mshrs/_0616_/Y (sky130_fd_sc_hd__nor2_1)
   0.1498    7.0149 v dcache/mshrs/_0617_/Y (sky130_fd_sc_hd__a21boi_0)
   0.2381    7.2530 v dcache/mshrs/_0618_/X (sky130_fd_sc_hd__lpflow_inputiso0n_1)
   0.1857    7.4387 ^ dcache/mshrs/_0752_/Y (sky130_fd_sc_hd__a31oi_1)
   0.0689    7.5076 v dcache/mshrs/_0755_/Y (sky130_fd_sc_hd__nand2_1)
   0.2141    7.7217 v dcache/mshrs/_0756_/X (sky130_fd_sc_hd__a22o_1)
   0.1258    7.8475 v dcache/_2807_/X (sky130_fd_sc_hd__lpflow_isobufsrc_1)
   0.3604    8.2079 ^ dcache/_2808_/Y (sky130_fd_sc_hd__a2111oi_0)
   0.1294    8.3373 v dcache/_2809_/Y (sky130_fd_sc_hd__a311oi_1)
   0.1535    8.4908 ^ dcache/_2810_/X (sky130_fd_sc_hd__lpflow_isobufsrc_1)
   0.0805    8.5713 v dcache/_2812_/Y (sky130_fd_sc_hd__nor3_1)
   0.2226    8.7939 v dcache/_3359_/X (sky130_fd_sc_hd__lpflow_clkbufkapwr_1)
   0.3803    9.1742 v dcache/_3363_/X (sky130_fd_sc_hd__mux2_2)
   0.1967    9.3709 v lsu/_29300_/Y (sky130_fd_sc_hd__nand2b_1)
   0.5002    9.8711 ^ lsu/_29301_/Y (sky130_fd_sc_hd__nor3_1)
   0.2162   10.0873 ^ lsu/_29516_/X (sky130_fd_sc_hd__a22o_1)
   0.0473   10.1346 v lsu/_29517_/Y (sky130_fd_sc_hd__a221oi_1)
   0.2270   10.3616 v lsu/_29518_/X (sky130_fd_sc_hd__and4_1)
   0.0935   10.4551 ^ lsu/_29519_/Y (sky130_fd_sc_hd__nand3_1)
   0.0851   10.5402 v lsu/_29520_/Y (sky130_fd_sc_hd__nand2_1)
   0.0580   10.5981 ^ lsu/_40488_/Y (sky130_fd_sc_hd__nand2_1)
   0.1156   10.7137 v lsu/_40489_/Y (sky130_fd_sc_hd__o21ai_0)
   0.1764   10.8902 v core/memExeUnit/_191_/X (sky130_fd_sc_hd__buf_4)
   0.1819   11.0721 v core/ll_wbarb/_009_/X (sky130_fd_sc_hd__clkbuf_1)
   0.2456   11.3177 v core/ll_wbarb/_010_/X (sky130_fd_sc_hd__clkbuf_1)
   0.0813   11.3990 ^ core/ll_wbarb/_099_/Y (sky130_fd_sc_hd__inv_1)
   0.1445   11.5435 ^ core/FpPipeline/_2061_/X (sky130_fd_sc_hd__lpflow_inputiso0n_1)
   0.0722   11.6158 v core/FpPipeline/_2071_/Y (sky130_fd_sc_hd__nand2_1)
   0.0986   11.7143 ^ core/FpPipeline/_2073_/Y (sky130_fd_sc_hd__a21oi_1)
   0.1152   11.8295 ^ core/ll_wbarb/_100_/X (sky130_fd_sc_hd__or2_2)
   4.8833   16.7129 ^ core/_3793_/Y (sky130_fd_sc_hd__nor3b_1)
   0.7911   17.5040 v core/rename_stage/busytable/_2117_/Y (sky130_fd_sc_hd__nand3b_1)
   0.4445   17.9485 ^ core/rename_stage/busytable/_2138_/Y (sky130_fd_sc_hd__o21ai_0)
   0.0996   18.0481 v core/rename_stage/busytable/_2145_/Y (sky130_fd_sc_hd__nor3_1)
   0.2142   18.2623 ^ core/rename_stage/busytable/_2146_/Y (sky130_fd_sc_hd__a221oi_1)
   0.0620   18.3243 v core/rename_stage/busytable/_2147_/Y (sky130_fd_sc_hd__nor2_1)
   0.0035   18.3278 v core/rename_stage/busytable/_2543_/D (sky130_fd_sc_hd__dfxtp_1)
            18.3278   data arrival time

  20.0000   20.0000   clock clock (rise edge)
   0.0000   20.0000   clock network delay (ideal)
   0.0000   20.0000   clock reconvergence pessimism
            20.0000 ^ core/rename_stage/busytable/_2543_/CLK (sky130_fd_sc_hd__dfxtp_1)
  -0.1293   19.8707   library setup time
            19.8707   data required time
-------------------------------------------------------------
            19.8707   data required time
           -18.3278   data arrival time
-------------------------------------------------------------
             1.5429   slack (MET)


Startpoint: core/_4005_ (rising edge-triggered flip-flop clocked by clock)
Endpoint: core/rename_stage/busytable/_2551_
          (rising edge-triggered flip-flop clocked by clock)
Path Group: clock
Path Type: max

    Delay      Time   Description
-------------------------------------------------------------
   0.0000    0.0000   clock clock (rise edge)
   0.0000    0.0000   clock network delay (ideal)
   0.0000    0.0000 ^ core/_4005_/CLK (sky130_fd_sc_hd__dfxtp_1)
   0.3332    0.3332 ^ core/_4005_/Q (sky130_fd_sc_hd__dfxtp_1)
   0.3006    0.6338 ^ core/_1893_/Y (sky130_fd_sc_hd__nor3b_1)
   0.1036    0.7374 v core/_1894_/Y (sky130_fd_sc_hd__nand2_1)
   4.7155    5.4530 ^ core/_1919_/Y (sky130_fd_sc_hd__o21ai_0)
   0.7629    6.2158 ^ lsu/_64242_/X (sky130_fd_sc_hd__buf_4)
   0.1194    6.3353 v dcache/_2795_/Y (sky130_fd_sc_hd__a22oi_1)
   0.2227    6.5580 v dcache/_2796_/X (sky130_fd_sc_hd__and4_1)
   0.0821    6.6402 ^ dcache/_2797_/Y (sky130_fd_sc_hd__nand2_1)
   0.0867    6.7268 v dcache/_2803_/Y (sky130_fd_sc_hd__nor4_1)
   0.0795    6.8064 ^ dcache/mshrs/_0615_/Y (sky130_fd_sc_hd__inv_1)
   0.0587    6.8651 v dcache/mshrs/_0616_/Y (sky130_fd_sc_hd__nor2_1)
   0.1498    7.0149 v dcache/mshrs/_0617_/Y (sky130_fd_sc_hd__a21boi_0)
   0.2381    7.2530 v dcache/mshrs/_0618_/X (sky130_fd_sc_hd__lpflow_inputiso0n_1)
   0.1857    7.4387 ^ dcache/mshrs/_0752_/Y (sky130_fd_sc_hd__a31oi_1)
   0.0689    7.5076 v dcache/mshrs/_0755_/Y (sky130_fd_sc_hd__nand2_1)
   0.2141    7.7217 v dcache/mshrs/_0756_/X (sky130_fd_sc_hd__a22o_1)
   0.1258    7.8475 v dcache/_2807_/X (sky130_fd_sc_hd__lpflow_isobufsrc_1)
   0.3604    8.2079 ^ dcache/_2808_/Y (sky130_fd_sc_hd__a2111oi_0)
   0.1294    8.3373 v dcache/_2809_/Y (sky130_fd_sc_hd__a311oi_1)
   0.1535    8.4908 ^ dcache/_2810_/X (sky130_fd_sc_hd__lpflow_isobufsrc_1)
   0.0805    8.5713 v dcache/_2812_/Y (sky130_fd_sc_hd__nor3_1)
   0.2226    8.7939 v dcache/_3359_/X (sky130_fd_sc_hd__lpflow_clkbufkapwr_1)
   0.3803    9.1742 v dcache/_3363_/X (sky130_fd_sc_hd__mux2_2)
   0.1967    9.3709 v lsu/_29300_/Y (sky130_fd_sc_hd__nand2b_1)
   0.5002    9.8711 ^ lsu/_29301_/Y (sky130_fd_sc_hd__nor3_1)
   0.2162   10.0873 ^ lsu/_29516_/X (sky130_fd_sc_hd__a22o_1)
   0.0473   10.1346 v lsu/_29517_/Y (sky130_fd_sc_hd__a221oi_1)
   0.2270   10.3616 v lsu/_29518_/X (sky130_fd_sc_hd__and4_1)
   0.0935   10.4551 ^ lsu/_29519_/Y (sky130_fd_sc_hd__nand3_1)
   0.0851   10.5402 v lsu/_29520_/Y (sky130_fd_sc_hd__nand2_1)
   0.0580   10.5981 ^ lsu/_40488_/Y (sky130_fd_sc_hd__nand2_1)
   0.1156   10.7137 v lsu/_40489_/Y (sky130_fd_sc_hd__o21ai_0)
   0.1764   10.8902 v core/memExeUnit/_191_/X (sky130_fd_sc_hd__buf_4)
   0.1819   11.0721 v core/ll_wbarb/_009_/X (sky130_fd_sc_hd__clkbuf_1)
   0.2456   11.3177 v core/ll_wbarb/_010_/X (sky130_fd_sc_hd__clkbuf_1)
   0.0813   11.3990 ^ core/ll_wbarb/_099_/Y (sky130_fd_sc_hd__inv_1)
   0.1445   11.5435 ^ core/FpPipeline/_2061_/X (sky130_fd_sc_hd__lpflow_inputiso0n_1)
   0.0722   11.6158 v core/FpPipeline/_2071_/Y (sky130_fd_sc_hd__nand2_1)
   0.0986   11.7143 ^ core/FpPipeline/_2073_/Y (sky130_fd_sc_hd__a21oi_1)
   0.1152   11.8295 ^ core/ll_wbarb/_100_/X (sky130_fd_sc_hd__or2_2)
   4.8833   16.7129 ^ core/_3793_/Y (sky130_fd_sc_hd__nor3b_1)
   0.7911   17.5040 v core/rename_stage/busytable/_2117_/Y (sky130_fd_sc_hd__nand3b_1)
   0.4445   17.9485 ^ core/rename_stage/busytable/_2203_/Y (sky130_fd_sc_hd__o21ai_0)
   0.0996   18.0481 v core/rename_stage/busytable/_2206_/Y (sky130_fd_sc_hd__nor3_1)
   0.2142   18.2623 ^ core/rename_stage/busytable/_2207_/Y (sky130_fd_sc_hd__a221oi_1)
   0.0620   18.3243 v core/rename_stage/busytable/_2208_/Y (sky130_fd_sc_hd__nor2_1)
   0.0035   18.3278 v core/rename_stage/busytable/_2551_/D (sky130_fd_sc_hd__dfxtp_1)
            18.3278   data arrival time

  20.0000   20.0000   clock clock (rise edge)
   0.0000   20.0000   clock network delay (ideal)
   0.0000   20.0000   clock reconvergence pessimism
            20.0000 ^ core/rename_stage/busytable/_2551_/CLK (sky130_fd_sc_hd__dfxtp_1)
  -0.1293   19.8707   library setup time
            19.8707   data required time
-------------------------------------------------------------
            19.8707   data required time
           -18.3278   data arrival time
-------------------------------------------------------------
             1.5429   slack (MET)


Startpoint: core/_4005_ (rising edge-triggered flip-flop clocked by clock)
Endpoint: core/rename_stage/busytable/_2554_
          (rising edge-triggered flip-flop clocked by clock)
Path Group: clock
Path Type: max

    Delay      Time   Description
-------------------------------------------------------------
   0.0000    0.0000   clock clock (rise edge)
   0.0000    0.0000   clock network delay (ideal)
   0.0000    0.0000 ^ core/_4005_/CLK (sky130_fd_sc_hd__dfxtp_1)
   0.3332    0.3332 ^ core/_4005_/Q (sky130_fd_sc_hd__dfxtp_1)
   0.3006    0.6338 ^ core/_1893_/Y (sky130_fd_sc_hd__nor3b_1)
   0.1036    0.7374 v core/_1894_/Y (sky130_fd_sc_hd__nand2_1)
   4.7155    5.4530 ^ core/_1919_/Y (sky130_fd_sc_hd__o21ai_0)
   0.7629    6.2158 ^ lsu/_64242_/X (sky130_fd_sc_hd__buf_4)
   0.1194    6.3353 v dcache/_2795_/Y (sky130_fd_sc_hd__a22oi_1)
   0.2227    6.5580 v dcache/_2796_/X (sky130_fd_sc_hd__and4_1)
   0.0821    6.6402 ^ dcache/_2797_/Y (sky130_fd_sc_hd__nand2_1)
   0.0867    6.7268 v dcache/_2803_/Y (sky130_fd_sc_hd__nor4_1)
   0.0795    6.8064 ^ dcache/mshrs/_0615_/Y (sky130_fd_sc_hd__inv_1)
   0.0587    6.8651 v dcache/mshrs/_0616_/Y (sky130_fd_sc_hd__nor2_1)
   0.1498    7.0149 v dcache/mshrs/_0617_/Y (sky130_fd_sc_hd__a21boi_0)
   0.2381    7.2530 v dcache/mshrs/_0618_/X (sky130_fd_sc_hd__lpflow_inputiso0n_1)
   0.1857    7.4387 ^ dcache/mshrs/_0752_/Y (sky130_fd_sc_hd__a31oi_1)
   0.0689    7.5076 v dcache/mshrs/_0755_/Y (sky130_fd_sc_hd__nand2_1)
   0.2141    7.7217 v dcache/mshrs/_0756_/X (sky130_fd_sc_hd__a22o_1)
   0.1258    7.8475 v dcache/_2807_/X (sky130_fd_sc_hd__lpflow_isobufsrc_1)
   0.3604    8.2079 ^ dcache/_2808_/Y (sky130_fd_sc_hd__a2111oi_0)
   0.1294    8.3373 v dcache/_2809_/Y (sky130_fd_sc_hd__a311oi_1)
   0.1535    8.4908 ^ dcache/_2810_/X (sky130_fd_sc_hd__lpflow_isobufsrc_1)
   0.0805    8.5713 v dcache/_2812_/Y (sky130_fd_sc_hd__nor3_1)
   0.2226    8.7939 v dcache/_3359_/X (sky130_fd_sc_hd__lpflow_clkbufkapwr_1)
   0.3803    9.1742 v dcache/_3363_/X (sky130_fd_sc_hd__mux2_2)
   0.1967    9.3709 v lsu/_29300_/Y (sky130_fd_sc_hd__nand2b_1)
   0.5002    9.8711 ^ lsu/_29301_/Y (sky130_fd_sc_hd__nor3_1)
   0.2162   10.0873 ^ lsu/_29516_/X (sky130_fd_sc_hd__a22o_1)
   0.0473   10.1346 v lsu/_29517_/Y (sky130_fd_sc_hd__a221oi_1)
   0.2270   10.3616 v lsu/_29518_/X (sky130_fd_sc_hd__and4_1)
   0.0935   10.4551 ^ lsu/_29519_/Y (sky130_fd_sc_hd__nand3_1)
   0.0851   10.5402 v lsu/_29520_/Y (sky130_fd_sc_hd__nand2_1)
   0.0580   10.5981 ^ lsu/_40488_/Y (sky130_fd_sc_hd__nand2_1)
   0.1156   10.7137 v lsu/_40489_/Y (sky130_fd_sc_hd__o21ai_0)
   0.1764   10.8902 v core/memExeUnit/_191_/X (sky130_fd_sc_hd__buf_4)
   0.1819   11.0721 v core/ll_wbarb/_009_/X (sky130_fd_sc_hd__clkbuf_1)
   0.2456   11.3177 v core/ll_wbarb/_010_/X (sky130_fd_sc_hd__clkbuf_1)
   0.0813   11.3990 ^ core/ll_wbarb/_099_/Y (sky130_fd_sc_hd__inv_1)
   0.1445   11.5435 ^ core/FpPipeline/_2061_/X (sky130_fd_sc_hd__lpflow_inputiso0n_1)
   0.0722   11.6158 v core/FpPipeline/_2071_/Y (sky130_fd_sc_hd__nand2_1)
   0.0986   11.7143 ^ core/FpPipeline/_2073_/Y (sky130_fd_sc_hd__a21oi_1)
   0.1152   11.8295 ^ core/ll_wbarb/_100_/X (sky130_fd_sc_hd__or2_2)
   4.8833   16.7129 ^ core/_3793_/Y (sky130_fd_sc_hd__nor3b_1)
   0.7911   17.5040 v core/rename_stage/busytable/_2117_/Y (sky130_fd_sc_hd__nand3b_1)
   0.4088   17.9128 v core/rename_stage/busytable/_2118_/X (sky130_fd_sc_hd__clkbuf_1)
   0.1825   18.0952 ^ core/rename_stage/busytable/_2223_/Y (sky130_fd_sc_hd__o22ai_1)
   0.0596   18.1549 v core/rename_stage/busytable/_2224_/Y (sky130_fd_sc_hd__a211oi_1)
   0.0840   18.2389 ^ core/rename_stage/busytable/_2225_/Y (sky130_fd_sc_hd__o21ai_0)
   0.0792   18.3181 v core/rename_stage/busytable/_2227_/Y (sky130_fd_sc_hd__a21oi_1)
   0.0035   18.3216 v core/rename_stage/busytable/_2554_/D (sky130_fd_sc_hd__dfxtp_1)
            18.3216   data arrival time

  20.0000   20.0000   clock clock (rise edge)
   0.0000   20.0000   clock network delay (ideal)
   0.0000   20.0000   clock reconvergence pessimism
            20.0000 ^ core/rename_stage/busytable/_2554_/CLK (sky130_fd_sc_hd__dfxtp_1)
  -0.1339   19.8661   library setup time
            19.8661   data required time
-------------------------------------------------------------
            19.8661   data required time
           -18.3216   data arrival time
-------------------------------------------------------------
             1.5445   slack (MET)


Startpoint: core/_4005_ (rising edge-triggered flip-flop clocked by clock)
Endpoint: core/rename_stage/busytable/_2550_
          (rising edge-triggered flip-flop clocked by clock)
Path Group: clock
Path Type: max

    Delay      Time   Description
-------------------------------------------------------------
   0.0000    0.0000   clock clock (rise edge)
   0.0000    0.0000   clock network delay (ideal)
   0.0000    0.0000 ^ core/_4005_/CLK (sky130_fd_sc_hd__dfxtp_1)
   0.3332    0.3332 ^ core/_4005_/Q (sky130_fd_sc_hd__dfxtp_1)
   0.3006    0.6338 ^ core/_1893_/Y (sky130_fd_sc_hd__nor3b_1)
   0.1036    0.7374 v core/_1894_/Y (sky130_fd_sc_hd__nand2_1)
   4.7155    5.4530 ^ core/_1919_/Y (sky130_fd_sc_hd__o21ai_0)
   0.7629    6.2158 ^ lsu/_64242_/X (sky130_fd_sc_hd__buf_4)
   0.1194    6.3353 v dcache/_2795_/Y (sky130_fd_sc_hd__a22oi_1)
   0.2227    6.5580 v dcache/_2796_/X (sky130_fd_sc_hd__and4_1)
   0.0821    6.6402 ^ dcache/_2797_/Y (sky130_fd_sc_hd__nand2_1)
   0.0867    6.7268 v dcache/_2803_/Y (sky130_fd_sc_hd__nor4_1)
   0.0795    6.8064 ^ dcache/mshrs/_0615_/Y (sky130_fd_sc_hd__inv_1)
   0.0587    6.8651 v dcache/mshrs/_0616_/Y (sky130_fd_sc_hd__nor2_1)
   0.1498    7.0149 v dcache/mshrs/_0617_/Y (sky130_fd_sc_hd__a21boi_0)
   0.2381    7.2530 v dcache/mshrs/_0618_/X (sky130_fd_sc_hd__lpflow_inputiso0n_1)
   0.1857    7.4387 ^ dcache/mshrs/_0752_/Y (sky130_fd_sc_hd__a31oi_1)
   0.0689    7.5076 v dcache/mshrs/_0755_/Y (sky130_fd_sc_hd__nand2_1)
   0.2141    7.7217 v dcache/mshrs/_0756_/X (sky130_fd_sc_hd__a22o_1)
   0.1258    7.8475 v dcache/_2807_/X (sky130_fd_sc_hd__lpflow_isobufsrc_1)
   0.3604    8.2079 ^ dcache/_2808_/Y (sky130_fd_sc_hd__a2111oi_0)
   0.1294    8.3373 v dcache/_2809_/Y (sky130_fd_sc_hd__a311oi_1)
   0.1535    8.4908 ^ dcache/_2810_/X (sky130_fd_sc_hd__lpflow_isobufsrc_1)
   0.0805    8.5713 v dcache/_2812_/Y (sky130_fd_sc_hd__nor3_1)
   0.2226    8.7939 v dcache/_3359_/X (sky130_fd_sc_hd__lpflow_clkbufkapwr_1)
   0.3803    9.1742 v dcache/_3363_/X (sky130_fd_sc_hd__mux2_2)
   0.1967    9.3709 v lsu/_29300_/Y (sky130_fd_sc_hd__nand2b_1)
   0.5002    9.8711 ^ lsu/_29301_/Y (sky130_fd_sc_hd__nor3_1)
   0.2162   10.0873 ^ lsu/_29516_/X (sky130_fd_sc_hd__a22o_1)
   0.0473   10.1346 v lsu/_29517_/Y (sky130_fd_sc_hd__a221oi_1)
   0.2270   10.3616 v lsu/_29518_/X (sky130_fd_sc_hd__and4_1)
   0.0935   10.4551 ^ lsu/_29519_/Y (sky130_fd_sc_hd__nand3_1)
   0.0851   10.5402 v lsu/_29520_/Y (sky130_fd_sc_hd__nand2_1)
   0.0580   10.5981 ^ lsu/_40488_/Y (sky130_fd_sc_hd__nand2_1)
   0.1156   10.7137 v lsu/_40489_/Y (sky130_fd_sc_hd__o21ai_0)
   0.1764   10.8902 v core/memExeUnit/_191_/X (sky130_fd_sc_hd__buf_4)
   0.1819   11.0721 v core/ll_wbarb/_009_/X (sky130_fd_sc_hd__clkbuf_1)
   0.2456   11.3177 v core/ll_wbarb/_010_/X (sky130_fd_sc_hd__clkbuf_1)
   0.0813   11.3990 ^ core/ll_wbarb/_099_/Y (sky130_fd_sc_hd__inv_1)
   0.1445   11.5435 ^ core/FpPipeline/_2061_/X (sky130_fd_sc_hd__lpflow_inputiso0n_1)
   0.0722   11.6158 v core/FpPipeline/_2071_/Y (sky130_fd_sc_hd__nand2_1)
   0.0986   11.7143 ^ core/FpPipeline/_2073_/Y (sky130_fd_sc_hd__a21oi_1)
   0.1152   11.8295 ^ core/ll_wbarb/_100_/X (sky130_fd_sc_hd__or2_2)
   4.8833   16.7129 ^ core/_3793_/Y (sky130_fd_sc_hd__nor3b_1)
   0.7911   17.5040 v core/rename_stage/busytable/_2117_/Y (sky130_fd_sc_hd__nand3b_1)
   0.4573   17.9613 ^ core/rename_stage/busytable/_2199_/Y (sky130_fd_sc_hd__o22ai_1)
   0.0771   18.0383 v core/rename_stage/busytable/_2200_/Y (sky130_fd_sc_hd__a211oi_1)
   0.1958   18.2342 ^ core/rename_stage/busytable/_2201_/Y (sky130_fd_sc_hd__a32oi_1)
   0.0839   18.3181 v core/rename_stage/busytable/_2202_/Y (sky130_fd_sc_hd__a21oi_1)
   0.0035   18.3215 v core/rename_stage/busytable/_2550_/D (sky130_fd_sc_hd__dfxtp_1)
            18.3215   data arrival time

  20.0000   20.0000   clock clock (rise edge)
   0.0000   20.0000   clock network delay (ideal)
   0.0000   20.0000   clock reconvergence pessimism
            20.0000 ^ core/rename_stage/busytable/_2550_/CLK (sky130_fd_sc_hd__dfxtp_1)
  -0.1339   19.8661   library setup time
            19.8661   data required time
-------------------------------------------------------------
            19.8661   data required time
           -18.3215   data arrival time
-------------------------------------------------------------
             1.5446   slack (MET)


Startpoint: core/_4005_ (rising edge-triggered flip-flop clocked by clock)
Endpoint: core/rename_stage/busytable/_2552_
          (rising edge-triggered flip-flop clocked by clock)
Path Group: clock
Path Type: max

    Delay      Time   Description
-------------------------------------------------------------
   0.0000    0.0000   clock clock (rise edge)
   0.0000    0.0000   clock network delay (ideal)
   0.0000    0.0000 ^ core/_4005_/CLK (sky130_fd_sc_hd__dfxtp_1)
   0.3332    0.3332 ^ core/_4005_/Q (sky130_fd_sc_hd__dfxtp_1)
   0.3006    0.6338 ^ core/_1893_/Y (sky130_fd_sc_hd__nor3b_1)
   0.1036    0.7374 v core/_1894_/Y (sky130_fd_sc_hd__nand2_1)
   4.7155    5.4530 ^ core/_1919_/Y (sky130_fd_sc_hd__o21ai_0)
   0.7629    6.2158 ^ lsu/_64242_/X (sky130_fd_sc_hd__buf_4)
   0.1194    6.3353 v dcache/_2795_/Y (sky130_fd_sc_hd__a22oi_1)
   0.2227    6.5580 v dcache/_2796_/X (sky130_fd_sc_hd__and4_1)
   0.0821    6.6402 ^ dcache/_2797_/Y (sky130_fd_sc_hd__nand2_1)
   0.0867    6.7268 v dcache/_2803_/Y (sky130_fd_sc_hd__nor4_1)
   0.0795    6.8064 ^ dcache/mshrs/_0615_/Y (sky130_fd_sc_hd__inv_1)
   0.0587    6.8651 v dcache/mshrs/_0616_/Y (sky130_fd_sc_hd__nor2_1)
   0.1498    7.0149 v dcache/mshrs/_0617_/Y (sky130_fd_sc_hd__a21boi_0)
   0.2381    7.2530 v dcache/mshrs/_0618_/X (sky130_fd_sc_hd__lpflow_inputiso0n_1)
   0.1857    7.4387 ^ dcache/mshrs/_0752_/Y (sky130_fd_sc_hd__a31oi_1)
   0.0689    7.5076 v dcache/mshrs/_0755_/Y (sky130_fd_sc_hd__nand2_1)
   0.2141    7.7217 v dcache/mshrs/_0756_/X (sky130_fd_sc_hd__a22o_1)
   0.1258    7.8475 v dcache/_2807_/X (sky130_fd_sc_hd__lpflow_isobufsrc_1)
   0.3604    8.2079 ^ dcache/_2808_/Y (sky130_fd_sc_hd__a2111oi_0)
   0.1294    8.3373 v dcache/_2809_/Y (sky130_fd_sc_hd__a311oi_1)
   0.1535    8.4908 ^ dcache/_2810_/X (sky130_fd_sc_hd__lpflow_isobufsrc_1)
   0.0805    8.5713 v dcache/_2812_/Y (sky130_fd_sc_hd__nor3_1)
   0.2226    8.7939 v dcache/_3359_/X (sky130_fd_sc_hd__lpflow_clkbufkapwr_1)
   0.3803    9.1742 v dcache/_3363_/X (sky130_fd_sc_hd__mux2_2)
   0.1967    9.3709 v lsu/_29300_/Y (sky130_fd_sc_hd__nand2b_1)
   0.5002    9.8711 ^ lsu/_29301_/Y (sky130_fd_sc_hd__nor3_1)
   0.2162   10.0873 ^ lsu/_29516_/X (sky130_fd_sc_hd__a22o_1)
   0.0473   10.1346 v lsu/_29517_/Y (sky130_fd_sc_hd__a221oi_1)
   0.2270   10.3616 v lsu/_29518_/X (sky130_fd_sc_hd__and4_1)
   0.0935   10.4551 ^ lsu/_29519_/Y (sky130_fd_sc_hd__nand3_1)
   0.0851   10.5402 v lsu/_29520_/Y (sky130_fd_sc_hd__nand2_1)
   0.0580   10.5981 ^ lsu/_40488_/Y (sky130_fd_sc_hd__nand2_1)
   0.1156   10.7137 v lsu/_40489_/Y (sky130_fd_sc_hd__o21ai_0)
   0.1764   10.8902 v core/memExeUnit/_191_/X (sky130_fd_sc_hd__buf_4)
   0.1819   11.0721 v core/ll_wbarb/_009_/X (sky130_fd_sc_hd__clkbuf_1)
   0.2456   11.3177 v core/ll_wbarb/_010_/X (sky130_fd_sc_hd__clkbuf_1)
   0.0813   11.3990 ^ core/ll_wbarb/_099_/Y (sky130_fd_sc_hd__inv_1)
   0.1445   11.5435 ^ core/FpPipeline/_2061_/X (sky130_fd_sc_hd__lpflow_inputiso0n_1)
   0.0722   11.6158 v core/FpPipeline/_2071_/Y (sky130_fd_sc_hd__nand2_1)
   0.0986   11.7143 ^ core/FpPipeline/_2073_/Y (sky130_fd_sc_hd__a21oi_1)
   0.1152   11.8295 ^ core/ll_wbarb/_100_/X (sky130_fd_sc_hd__or2_2)
   4.8833   16.7129 ^ core/_3793_/Y (sky130_fd_sc_hd__nor3b_1)
   0.7911   17.5040 v core/rename_stage/busytable/_2117_/Y (sky130_fd_sc_hd__nand3b_1)
   0.4088   17.9128 v core/rename_stage/busytable/_2118_/X (sky130_fd_sc_hd__clkbuf_1)
   0.1825   18.0952 ^ core/rename_stage/busytable/_2210_/Y (sky130_fd_sc_hd__o22ai_1)
   0.0594   18.1546 v core/rename_stage/busytable/_2211_/Y (sky130_fd_sc_hd__a211oi_1)
   0.0840   18.2386 ^ core/rename_stage/busytable/_2212_/Y (sky130_fd_sc_hd__o21ai_0)
   0.0792   18.3178 v core/rename_stage/busytable/_2214_/Y (sky130_fd_sc_hd__a21oi_1)
   0.0035   18.3213 v core/rename_stage/busytable/_2552_/D (sky130_fd_sc_hd__dfxtp_1)
            18.3213   data arrival time

  20.0000   20.0000   clock clock (rise edge)
   0.0000   20.0000   clock network delay (ideal)
   0.0000   20.0000   clock reconvergence pessimism
            20.0000 ^ core/rename_stage/busytable/_2552_/CLK (sky130_fd_sc_hd__dfxtp_1)
  -0.1339   19.8661   library setup time
            19.8661   data required time
-------------------------------------------------------------
            19.8661   data required time
           -18.3213   data arrival time
-------------------------------------------------------------
             1.5448   slack (MET)


Startpoint: core/_4005_ (rising edge-triggered flip-flop clocked by clock)
Endpoint: core/rename_stage/busytable/_2548_
          (rising edge-triggered flip-flop clocked by clock)
Path Group: clock
Path Type: max

    Delay      Time   Description
-------------------------------------------------------------
   0.0000    0.0000   clock clock (rise edge)
   0.0000    0.0000   clock network delay (ideal)
   0.0000    0.0000 ^ core/_4005_/CLK (sky130_fd_sc_hd__dfxtp_1)
   0.3332    0.3332 ^ core/_4005_/Q (sky130_fd_sc_hd__dfxtp_1)
   0.3006    0.6338 ^ core/_1893_/Y (sky130_fd_sc_hd__nor3b_1)
   0.1036    0.7374 v core/_1894_/Y (sky130_fd_sc_hd__nand2_1)
   4.7155    5.4530 ^ core/_1919_/Y (sky130_fd_sc_hd__o21ai_0)
   0.7629    6.2158 ^ lsu/_64242_/X (sky130_fd_sc_hd__buf_4)
   0.1194    6.3353 v dcache/_2795_/Y (sky130_fd_sc_hd__a22oi_1)
   0.2227    6.5580 v dcache/_2796_/X (sky130_fd_sc_hd__and4_1)
   0.0821    6.6402 ^ dcache/_2797_/Y (sky130_fd_sc_hd__nand2_1)
   0.0867    6.7268 v dcache/_2803_/Y (sky130_fd_sc_hd__nor4_1)
   0.0795    6.8064 ^ dcache/mshrs/_0615_/Y (sky130_fd_sc_hd__inv_1)
   0.0587    6.8651 v dcache/mshrs/_0616_/Y (sky130_fd_sc_hd__nor2_1)
   0.1498    7.0149 v dcache/mshrs/_0617_/Y (sky130_fd_sc_hd__a21boi_0)
   0.2381    7.2530 v dcache/mshrs/_0618_/X (sky130_fd_sc_hd__lpflow_inputiso0n_1)
   0.1857    7.4387 ^ dcache/mshrs/_0752_/Y (sky130_fd_sc_hd__a31oi_1)
   0.0689    7.5076 v dcache/mshrs/_0755_/Y (sky130_fd_sc_hd__nand2_1)
   0.2141    7.7217 v dcache/mshrs/_0756_/X (sky130_fd_sc_hd__a22o_1)
   0.1258    7.8475 v dcache/_2807_/X (sky130_fd_sc_hd__lpflow_isobufsrc_1)
   0.3604    8.2079 ^ dcache/_2808_/Y (sky130_fd_sc_hd__a2111oi_0)
   0.1294    8.3373 v dcache/_2809_/Y (sky130_fd_sc_hd__a311oi_1)
   0.1535    8.4908 ^ dcache/_2810_/X (sky130_fd_sc_hd__lpflow_isobufsrc_1)
   0.0805    8.5713 v dcache/_2812_/Y (sky130_fd_sc_hd__nor3_1)
   0.2226    8.7939 v dcache/_3359_/X (sky130_fd_sc_hd__lpflow_clkbufkapwr_1)
   0.3803    9.1742 v dcache/_3363_/X (sky130_fd_sc_hd__mux2_2)
   0.1967    9.3709 v lsu/_29300_/Y (sky130_fd_sc_hd__nand2b_1)
   0.5002    9.8711 ^ lsu/_29301_/Y (sky130_fd_sc_hd__nor3_1)
   0.2162   10.0873 ^ lsu/_29516_/X (sky130_fd_sc_hd__a22o_1)
   0.0473   10.1346 v lsu/_29517_/Y (sky130_fd_sc_hd__a221oi_1)
   0.2270   10.3616 v lsu/_29518_/X (sky130_fd_sc_hd__and4_1)
   0.0935   10.4551 ^ lsu/_29519_/Y (sky130_fd_sc_hd__nand3_1)
   0.0851   10.5402 v lsu/_29520_/Y (sky130_fd_sc_hd__nand2_1)
   0.0580   10.5981 ^ lsu/_40488_/Y (sky130_fd_sc_hd__nand2_1)
   0.1156   10.7137 v lsu/_40489_/Y (sky130_fd_sc_hd__o21ai_0)
   0.1764   10.8902 v core/memExeUnit/_191_/X (sky130_fd_sc_hd__buf_4)
   0.1819   11.0721 v core/ll_wbarb/_009_/X (sky130_fd_sc_hd__clkbuf_1)
   0.2456   11.3177 v core/ll_wbarb/_010_/X (sky130_fd_sc_hd__clkbuf_1)
   0.0813   11.3990 ^ core/ll_wbarb/_099_/Y (sky130_fd_sc_hd__inv_1)
   0.1445   11.5435 ^ core/FpPipeline/_2061_/X (sky130_fd_sc_hd__lpflow_inputiso0n_1)
   0.0722   11.6158 v core/FpPipeline/_2071_/Y (sky130_fd_sc_hd__nand2_1)
   0.0986   11.7143 ^ core/FpPipeline/_2073_/Y (sky130_fd_sc_hd__a21oi_1)
   0.1152   11.8295 ^ core/ll_wbarb/_100_/X (sky130_fd_sc_hd__or2_2)
   4.8833   16.7129 ^ core/_3793_/Y (sky130_fd_sc_hd__nor3b_1)
   0.7911   17.5040 v core/rename_stage/busytable/_2117_/Y (sky130_fd_sc_hd__nand3b_1)
   0.4088   17.9128 v core/rename_stage/busytable/_2118_/X (sky130_fd_sc_hd__clkbuf_1)
   0.1574   18.0702 ^ core/rename_stage/busytable/_2182_/Y (sky130_fd_sc_hd__o22ai_1)
   0.0785   18.1487 v core/rename_stage/busytable/_2184_/Y (sky130_fd_sc_hd__a211oi_1)
   0.0872   18.2359 ^ core/rename_stage/busytable/_2185_/Y (sky130_fd_sc_hd__o21ai_0)
   0.0793   18.3153 v core/rename_stage/busytable/_2187_/Y (sky130_fd_sc_hd__a21oi_1)
   0.0035   18.3187 v core/rename_stage/busytable/_2548_/D (sky130_fd_sc_hd__dfxtp_1)
            18.3187   data arrival time

  20.0000   20.0000   clock clock (rise edge)
   0.0000   20.0000   clock network delay (ideal)
   0.0000   20.0000   clock reconvergence pessimism
            20.0000 ^ core/rename_stage/busytable/_2548_/CLK (sky130_fd_sc_hd__dfxtp_1)
  -0.1339   19.8661   library setup time
            19.8661   data required time
-------------------------------------------------------------
            19.8661   data required time
           -18.3187   data arrival time
-------------------------------------------------------------
             1.5474   slack (MET)


Startpoint: core/_4005_ (rising edge-triggered flip-flop clocked by clock)
Endpoint: core/rename_stage/busytable/_2569_
          (rising edge-triggered flip-flop clocked by clock)
Path Group: clock
Path Type: max

    Delay      Time   Description
-------------------------------------------------------------
   0.0000    0.0000   clock clock (rise edge)
   0.0000    0.0000   clock network delay (ideal)
   0.0000    0.0000 ^ core/_4005_/CLK (sky130_fd_sc_hd__dfxtp_1)
   0.3332    0.3332 ^ core/_4005_/Q (sky130_fd_sc_hd__dfxtp_1)
   0.3006    0.6338 ^ core/_1893_/Y (sky130_fd_sc_hd__nor3b_1)
   0.1036    0.7374 v core/_1894_/Y (sky130_fd_sc_hd__nand2_1)
   4.7155    5.4530 ^ core/_1919_/Y (sky130_fd_sc_hd__o21ai_0)
   0.7629    6.2158 ^ lsu/_64242_/X (sky130_fd_sc_hd__buf_4)
   0.1194    6.3353 v dcache/_2795_/Y (sky130_fd_sc_hd__a22oi_1)
   0.2227    6.5580 v dcache/_2796_/X (sky130_fd_sc_hd__and4_1)
   0.0821    6.6402 ^ dcache/_2797_/Y (sky130_fd_sc_hd__nand2_1)
   0.0867    6.7268 v dcache/_2803_/Y (sky130_fd_sc_hd__nor4_1)
   0.0795    6.8064 ^ dcache/mshrs/_0615_/Y (sky130_fd_sc_hd__inv_1)
   0.0587    6.8651 v dcache/mshrs/_0616_/Y (sky130_fd_sc_hd__nor2_1)
   0.1498    7.0149 v dcache/mshrs/_0617_/Y (sky130_fd_sc_hd__a21boi_0)
   0.2381    7.2530 v dcache/mshrs/_0618_/X (sky130_fd_sc_hd__lpflow_inputiso0n_1)
   0.1857    7.4387 ^ dcache/mshrs/_0752_/Y (sky130_fd_sc_hd__a31oi_1)
   0.0689    7.5076 v dcache/mshrs/_0755_/Y (sky130_fd_sc_hd__nand2_1)
   0.2141    7.7217 v dcache/mshrs/_0756_/X (sky130_fd_sc_hd__a22o_1)
   0.1258    7.8475 v dcache/_2807_/X (sky130_fd_sc_hd__lpflow_isobufsrc_1)
   0.3604    8.2079 ^ dcache/_2808_/Y (sky130_fd_sc_hd__a2111oi_0)
   0.1294    8.3373 v dcache/_2809_/Y (sky130_fd_sc_hd__a311oi_1)
   0.1535    8.4908 ^ dcache/_2810_/X (sky130_fd_sc_hd__lpflow_isobufsrc_1)
   0.0805    8.5713 v dcache/_2812_/Y (sky130_fd_sc_hd__nor3_1)
   0.2226    8.7939 v dcache/_3359_/X (sky130_fd_sc_hd__lpflow_clkbufkapwr_1)
   0.3803    9.1742 v dcache/_3363_/X (sky130_fd_sc_hd__mux2_2)
   0.1967    9.3709 v lsu/_29300_/Y (sky130_fd_sc_hd__nand2b_1)
   0.5002    9.8711 ^ lsu/_29301_/Y (sky130_fd_sc_hd__nor3_1)
   0.2162   10.0873 ^ lsu/_29516_/X (sky130_fd_sc_hd__a22o_1)
   0.0473   10.1346 v lsu/_29517_/Y (sky130_fd_sc_hd__a221oi_1)
   0.2270   10.3616 v lsu/_29518_/X (sky130_fd_sc_hd__and4_1)
   0.0935   10.4551 ^ lsu/_29519_/Y (sky130_fd_sc_hd__nand3_1)
   0.0851   10.5402 v lsu/_29520_/Y (sky130_fd_sc_hd__nand2_1)
   0.0580   10.5981 ^ lsu/_40488_/Y (sky130_fd_sc_hd__nand2_1)
   0.1156   10.7137 v lsu/_40489_/Y (sky130_fd_sc_hd__o21ai_0)
   0.1764   10.8902 v core/memExeUnit/_191_/X (sky130_fd_sc_hd__buf_4)
   0.1819   11.0721 v core/ll_wbarb/_009_/X (sky130_fd_sc_hd__clkbuf_1)
   0.2456   11.3177 v core/ll_wbarb/_010_/X (sky130_fd_sc_hd__clkbuf_1)
   0.0813   11.3990 ^ core/ll_wbarb/_099_/Y (sky130_fd_sc_hd__inv_1)
   0.1445   11.5435 ^ core/FpPipeline/_2061_/X (sky130_fd_sc_hd__lpflow_inputiso0n_1)
   0.0722   11.6158 v core/FpPipeline/_2071_/Y (sky130_fd_sc_hd__nand2_1)
   0.0986   11.7143 ^ core/FpPipeline/_2073_/Y (sky130_fd_sc_hd__a21oi_1)
   0.1152   11.8295 ^ core/ll_wbarb/_100_/X (sky130_fd_sc_hd__or2_2)
   4.8833   16.7129 ^ core/_3793_/Y (sky130_fd_sc_hd__nor3b_1)
   0.7911   17.5040 v core/rename_stage/busytable/_2117_/Y (sky130_fd_sc_hd__nand3b_1)
   0.4088   17.9128 v core/rename_stage/busytable/_2118_/X (sky130_fd_sc_hd__clkbuf_1)
   0.1636   18.0764 ^ core/rename_stage/busytable/_2348_/Y (sky130_fd_sc_hd__nor3_1)
   0.0599   18.1363 v core/rename_stage/busytable/_2349_/Y (sky130_fd_sc_hd__a21oi_1)
   0.0972   18.2335 ^ core/rename_stage/busytable/_2350_/Y (sky130_fd_sc_hd__nand4_1)
   0.0623   18.2957 v core/rename_stage/busytable/_2352_/Y (sky130_fd_sc_hd__a21oi_1)
   0.0035   18.2992 v core/rename_stage/busytable/_2569_/D (sky130_fd_sc_hd__dfxtp_1)
            18.2992   data arrival time

  20.0000   20.0000   clock clock (rise edge)
   0.0000   20.0000   clock network delay (ideal)
   0.0000   20.0000   clock reconvergence pessimism
            20.0000 ^ core/rename_stage/busytable/_2569_/CLK (sky130_fd_sc_hd__dfxtp_1)
  -0.1339   19.8661   library setup time
            19.8661   data required time
-------------------------------------------------------------
            19.8661   data required time
           -18.2992   data arrival time
-------------------------------------------------------------
             1.5669   slack (MET)


Startpoint: core/_4005_ (rising edge-triggered flip-flop clocked by clock)
Endpoint: core/rename_stage/busytable/_2542_
          (rising edge-triggered flip-flop clocked by clock)
Path Group: clock
Path Type: max

    Delay      Time   Description
-------------------------------------------------------------
   0.0000    0.0000   clock clock (rise edge)
   0.0000    0.0000   clock network delay (ideal)
   0.0000    0.0000 ^ core/_4005_/CLK (sky130_fd_sc_hd__dfxtp_1)
   0.3332    0.3332 ^ core/_4005_/Q (sky130_fd_sc_hd__dfxtp_1)
   0.3006    0.6338 ^ core/_1893_/Y (sky130_fd_sc_hd__nor3b_1)
   0.1036    0.7374 v core/_1894_/Y (sky130_fd_sc_hd__nand2_1)
   4.7155    5.4530 ^ core/_1919_/Y (sky130_fd_sc_hd__o21ai_0)
   0.7629    6.2158 ^ lsu/_64242_/X (sky130_fd_sc_hd__buf_4)
   0.1194    6.3353 v dcache/_2795_/Y (sky130_fd_sc_hd__a22oi_1)
   0.2227    6.5580 v dcache/_2796_/X (sky130_fd_sc_hd__and4_1)
   0.0821    6.6402 ^ dcache/_2797_/Y (sky130_fd_sc_hd__nand2_1)
   0.0867    6.7268 v dcache/_2803_/Y (sky130_fd_sc_hd__nor4_1)
   0.0795    6.8064 ^ dcache/mshrs/_0615_/Y (sky130_fd_sc_hd__inv_1)
   0.0587    6.8651 v dcache/mshrs/_0616_/Y (sky130_fd_sc_hd__nor2_1)
   0.1498    7.0149 v dcache/mshrs/_0617_/Y (sky130_fd_sc_hd__a21boi_0)
   0.2381    7.2530 v dcache/mshrs/_0618_/X (sky130_fd_sc_hd__lpflow_inputiso0n_1)
   0.1857    7.4387 ^ dcache/mshrs/_0752_/Y (sky130_fd_sc_hd__a31oi_1)
   0.0689    7.5076 v dcache/mshrs/_0755_/Y (sky130_fd_sc_hd__nand2_1)
   0.2141    7.7217 v dcache/mshrs/_0756_/X (sky130_fd_sc_hd__a22o_1)
   0.1258    7.8475 v dcache/_2807_/X (sky130_fd_sc_hd__lpflow_isobufsrc_1)
   0.3604    8.2079 ^ dcache/_2808_/Y (sky130_fd_sc_hd__a2111oi_0)
   0.1294    8.3373 v dcache/_2809_/Y (sky130_fd_sc_hd__a311oi_1)
   0.1535    8.4908 ^ dcache/_2810_/X (sky130_fd_sc_hd__lpflow_isobufsrc_1)
   0.0805    8.5713 v dcache/_2812_/Y (sky130_fd_sc_hd__nor3_1)
   0.2226    8.7939 v dcache/_3359_/X (sky130_fd_sc_hd__lpflow_clkbufkapwr_1)
   0.3803    9.1742 v dcache/_3363_/X (sky130_fd_sc_hd__mux2_2)
   0.1967    9.3709 v lsu/_29300_/Y (sky130_fd_sc_hd__nand2b_1)
   0.5002    9.8711 ^ lsu/_29301_/Y (sky130_fd_sc_hd__nor3_1)
   0.2162   10.0873 ^ lsu/_29516_/X (sky130_fd_sc_hd__a22o_1)
   0.0473   10.1346 v lsu/_29517_/Y (sky130_fd_sc_hd__a221oi_1)
   0.2270   10.3616 v lsu/_29518_/X (sky130_fd_sc_hd__and4_1)
   0.0935   10.4551 ^ lsu/_29519_/Y (sky130_fd_sc_hd__nand3_1)
   0.0851   10.5402 v lsu/_29520_/Y (sky130_fd_sc_hd__nand2_1)
   0.0580   10.5981 ^ lsu/_40488_/Y (sky130_fd_sc_hd__nand2_1)
   0.1156   10.7137 v lsu/_40489_/Y (sky130_fd_sc_hd__o21ai_0)
   0.1764   10.8902 v core/memExeUnit/_191_/X (sky130_fd_sc_hd__buf_4)
   0.1819   11.0721 v core/ll_wbarb/_009_/X (sky130_fd_sc_hd__clkbuf_1)
   0.2456   11.3177 v core/ll_wbarb/_010_/X (sky130_fd_sc_hd__clkbuf_1)
   0.0813   11.3990 ^ core/ll_wbarb/_099_/Y (sky130_fd_sc_hd__inv_1)
   0.1445   11.5435 ^ core/FpPipeline/_2061_/X (sky130_fd_sc_hd__lpflow_inputiso0n_1)
   0.0722   11.6158 v core/FpPipeline/_2071_/Y (sky130_fd_sc_hd__nand2_1)
   0.0986   11.7143 ^ core/FpPipeline/_2073_/Y (sky130_fd_sc_hd__a21oi_1)
   0.1152   11.8295 ^ core/ll_wbarb/_100_/X (sky130_fd_sc_hd__or2_2)
   4.8833   16.7129 ^ core/_3793_/Y (sky130_fd_sc_hd__nor3b_1)
   0.7911   17.5040 v core/rename_stage/busytable/_2117_/Y (sky130_fd_sc_hd__nand3b_1)
   0.4088   17.9128 v core/rename_stage/busytable/_2118_/X (sky130_fd_sc_hd__clkbuf_1)
   0.1561   18.0689 ^ core/rename_stage/busytable/_2119_/Y (sky130_fd_sc_hd__o22ai_1)
   0.0796   18.1485 v core/rename_stage/busytable/_2125_/Y (sky130_fd_sc_hd__nor2_1)
   0.0837   18.2321 ^ core/rename_stage/busytable/_2126_/Y (sky130_fd_sc_hd__nand3_1)
   0.0589   18.2910 v core/rename_stage/busytable/_2135_/Y (sky130_fd_sc_hd__a21oi_1)
   0.0035   18.2945 v core/rename_stage/busytable/_2542_/D (sky130_fd_sc_hd__dfxtp_1)
            18.2945   data arrival time

  20.0000   20.0000   clock clock (rise edge)
   0.0000   20.0000   clock network delay (ideal)
   0.0000   20.0000   clock reconvergence pessimism
            20.0000 ^ core/rename_stage/busytable/_2542_/CLK (sky130_fd_sc_hd__dfxtp_1)
  -0.1339   19.8661   library setup time
            19.8661   data required time
-------------------------------------------------------------
            19.8661   data required time
           -18.2945   data arrival time
-------------------------------------------------------------
             1.5716   slack (MET)


Startpoint: core/_4005_ (rising edge-triggered flip-flop clocked by clock)
Endpoint: core/rename_stage/busytable/_2586_
          (rising edge-triggered flip-flop clocked by clock)
Path Group: clock
Path Type: max

    Delay      Time   Description
-------------------------------------------------------------
   0.0000    0.0000   clock clock (rise edge)
   0.0000    0.0000   clock network delay (ideal)
   0.0000    0.0000 ^ core/_4005_/CLK (sky130_fd_sc_hd__dfxtp_1)
   0.3332    0.3332 ^ core/_4005_/Q (sky130_fd_sc_hd__dfxtp_1)
   0.3006    0.6338 ^ core/_1893_/Y (sky130_fd_sc_hd__nor3b_1)
   0.1036    0.7374 v core/_1894_/Y (sky130_fd_sc_hd__nand2_1)
   4.7155    5.4530 ^ core/_1919_/Y (sky130_fd_sc_hd__o21ai_0)
   0.7629    6.2158 ^ lsu/_64242_/X (sky130_fd_sc_hd__buf_4)
   0.1194    6.3353 v dcache/_2795_/Y (sky130_fd_sc_hd__a22oi_1)
   0.2227    6.5580 v dcache/_2796_/X (sky130_fd_sc_hd__and4_1)
   0.0821    6.6402 ^ dcache/_2797_/Y (sky130_fd_sc_hd__nand2_1)
   0.0867    6.7268 v dcache/_2803_/Y (sky130_fd_sc_hd__nor4_1)
   0.0795    6.8064 ^ dcache/mshrs/_0615_/Y (sky130_fd_sc_hd__inv_1)
   0.0587    6.8651 v dcache/mshrs/_0616_/Y (sky130_fd_sc_hd__nor2_1)
   0.1498    7.0149 v dcache/mshrs/_0617_/Y (sky130_fd_sc_hd__a21boi_0)
   0.2381    7.2530 v dcache/mshrs/_0618_/X (sky130_fd_sc_hd__lpflow_inputiso0n_1)
   0.1857    7.4387 ^ dcache/mshrs/_0752_/Y (sky130_fd_sc_hd__a31oi_1)
   0.0689    7.5076 v dcache/mshrs/_0755_/Y (sky130_fd_sc_hd__nand2_1)
   0.2141    7.7217 v dcache/mshrs/_0756_/X (sky130_fd_sc_hd__a22o_1)
   0.1258    7.8475 v dcache/_2807_/X (sky130_fd_sc_hd__lpflow_isobufsrc_1)
   0.3604    8.2079 ^ dcache/_2808_/Y (sky130_fd_sc_hd__a2111oi_0)
   0.1294    8.3373 v dcache/_2809_/Y (sky130_fd_sc_hd__a311oi_1)
   0.1535    8.4908 ^ dcache/_2810_/X (sky130_fd_sc_hd__lpflow_isobufsrc_1)
   0.0805    8.5713 v dcache/_2812_/Y (sky130_fd_sc_hd__nor3_1)
   0.2226    8.7939 v dcache/_3359_/X (sky130_fd_sc_hd__lpflow_clkbufkapwr_1)
   0.3803    9.1742 v dcache/_3363_/X (sky130_fd_sc_hd__mux2_2)
   0.1967    9.3709 v lsu/_29300_/Y (sky130_fd_sc_hd__nand2b_1)
   0.5002    9.8711 ^ lsu/_29301_/Y (sky130_fd_sc_hd__nor3_1)
   0.2162   10.0873 ^ lsu/_29516_/X (sky130_fd_sc_hd__a22o_1)
   0.0473   10.1346 v lsu/_29517_/Y (sky130_fd_sc_hd__a221oi_1)
   0.2270   10.3616 v lsu/_29518_/X (sky130_fd_sc_hd__and4_1)
   0.0935   10.4551 ^ lsu/_29519_/Y (sky130_fd_sc_hd__nand3_1)
   0.0851   10.5402 v lsu/_29520_/Y (sky130_fd_sc_hd__nand2_1)
   0.0580   10.5981 ^ lsu/_40488_/Y (sky130_fd_sc_hd__nand2_1)
   0.1156   10.7137 v lsu/_40489_/Y (sky130_fd_sc_hd__o21ai_0)
   0.1764   10.8902 v core/memExeUnit/_191_/X (sky130_fd_sc_hd__buf_4)
   0.1819   11.0721 v core/ll_wbarb/_009_/X (sky130_fd_sc_hd__clkbuf_1)
   0.2456   11.3177 v core/ll_wbarb/_010_/X (sky130_fd_sc_hd__clkbuf_1)
   0.0813   11.3990 ^ core/ll_wbarb/_099_/Y (sky130_fd_sc_hd__inv_1)
   0.1445   11.5435 ^ core/FpPipeline/_2061_/X (sky130_fd_sc_hd__lpflow_inputiso0n_1)
   0.0722   11.6158 v core/FpPipeline/_2071_/Y (sky130_fd_sc_hd__nand2_1)
   0.0986   11.7143 ^ core/FpPipeline/_2073_/Y (sky130_fd_sc_hd__a21oi_1)
   0.1152   11.8295 ^ core/ll_wbarb/_100_/X (sky130_fd_sc_hd__or2_2)
   4.8833   16.7129 ^ core/_3793_/Y (sky130_fd_sc_hd__nor3b_1)
   0.2605   16.9734 v core/rename_stage/busytable/_2390_/Y (sky130_fd_sc_hd__nand2_1)
   0.5188   17.4922 v core/rename_stage/busytable/_2391_/X (sky130_fd_sc_hd__or2_2)
   0.1858   17.6780 v core/rename_stage/busytable/_2392_/X (sky130_fd_sc_hd__lpflow_clkbufkapwr_1)
   0.1769   17.8548 ^ core/rename_stage/busytable/_2482_/Y (sky130_fd_sc_hd__o21ai_0)
   0.0763   17.9312 v core/rename_stage/busytable/_2485_/Y (sky130_fd_sc_hd__nor3_1)
   0.2102   18.1413 ^ core/rename_stage/busytable/_2486_/Y (sky130_fd_sc_hd__a221oi_1)
   0.0620   18.2033 v core/rename_stage/busytable/_2487_/Y (sky130_fd_sc_hd__nor2_1)
   0.0035   18.2068 v core/rename_stage/busytable/_2586_/D (sky130_fd_sc_hd__dfxtp_1)
            18.2068   data arrival time

  20.0000   20.0000   clock clock (rise edge)
   0.0000   20.0000   clock network delay (ideal)
   0.0000   20.0000   clock reconvergence pessimism
            20.0000 ^ core/rename_stage/busytable/_2586_/CLK (sky130_fd_sc_hd__dfxtp_1)
  -0.1293   19.8707   library setup time
            19.8707   data required time
-------------------------------------------------------------
            19.8707   data required time
           -18.2068   data arrival time
-------------------------------------------------------------
             1.6639   slack (MET)


Startpoint: core/alu_exe_unit/PipelinedMulUnit/imul/_56534_
            (rising edge-triggered flip-flop clocked by clock)
Endpoint: core/alu_exe_unit/PipelinedMulUnit/imul/_56659_
          (rising edge-triggered flip-flop clocked by clock)
Path Group: clock
Path Type: max

    Delay      Time   Description
-------------------------------------------------------------
   0.0000    0.0000   clock clock (rise edge)
   0.0000    0.0000   clock network delay (ideal)
   0.0000    0.0000 ^ core/alu_exe_unit/PipelinedMulUnit/imul/_56534_/CLK (sky130_fd_sc_hd__dfxtp_1)
   0.3800    0.3800 ^ core/alu_exe_unit/PipelinedMulUnit/imul/_56534_/Q (sky130_fd_sc_hd__dfxtp_1)
   0.2608    0.6408 ^ core/alu_exe_unit/PipelinedMulUnit/imul/_28773_/X (sky130_fd_sc_hd__clkbuf_1)
   0.1282    0.7691 v core/alu_exe_unit/PipelinedMulUnit/imul/_38772_/Y (sky130_fd_sc_hd__nand2_1)
   0.4064    1.1755 v core/alu_exe_unit/PipelinedMulUnit/imul/_38820_/X (sky130_fd_sc_hd__xor3_1)
   0.3651    1.5405 v core/alu_exe_unit/PipelinedMulUnit/imul/_38822_/X (sky130_fd_sc_hd__maj3_1)
   0.2861    1.8266 ^ core/alu_exe_unit/PipelinedMulUnit/imul/_38824_/X (sky130_fd_sc_hd__xor2_1)
   0.1517    1.9783 v core/alu_exe_unit/PipelinedMulUnit/imul/_38826_/Y (sky130_fd_sc_hd__o21ai_0)
   0.3985    2.3767 v core/alu_exe_unit/PipelinedMulUnit/imul/_38829_/X (sky130_fd_sc_hd__maj3_1)
   0.3902    2.7670 v core/alu_exe_unit/PipelinedMulUnit/imul/_38866_/X (sky130_fd_sc_hd__xor3_1)
   0.2564    3.0233 ^ core/alu_exe_unit/PipelinedMulUnit/imul/_38903_/Y (sky130_fd_sc_hd__xnor2_1)
   0.6499    3.6732 v core/alu_exe_unit/PipelinedMulUnit/imul/_38936_/X (sky130_fd_sc_hd__or4b_2)
   0.3847    4.0579 v core/alu_exe_unit/PipelinedMulUnit/imul/_38942_/X (sky130_fd_sc_hd__maj3_1)
   0.2658    4.3237 ^ core/alu_exe_unit/PipelinedMulUnit/imul/_38943_/X (sky130_fd_sc_hd__xor2_1)
   0.1583    4.4819 v core/alu_exe_unit/PipelinedMulUnit/imul/_38974_/Y (sky130_fd_sc_hd__o21ai_0)
   0.1784    4.6604 v core/alu_exe_unit/PipelinedMulUnit/imul/_38975_/X (sky130_fd_sc_hd__xor2_1)
   0.1870    4.8474 ^ core/alu_exe_unit/PipelinedMulUnit/imul/_38999_/Y (sky130_fd_sc_hd__a22oi_1)
   0.1607    5.0081 ^ core/alu_exe_unit/PipelinedMulUnit/imul/_39001_/X (sky130_fd_sc_hd__o21ba_2)
   0.0992    5.1073 v core/alu_exe_unit/PipelinedMulUnit/imul/_39003_/Y (sky130_fd_sc_hd__o21ai_0)
   0.2119    5.3192 ^ core/alu_exe_unit/PipelinedMulUnit/imul/_39006_/Y (sky130_fd_sc_hd__a31oi_1)
   0.1118    5.4310 v core/alu_exe_unit/PipelinedMulUnit/imul/_39008_/Y (sky130_fd_sc_hd__o21ai_0)
   0.1895    5.6205 ^ core/alu_exe_unit/PipelinedMulUnit/imul/_39011_/Y (sky130_fd_sc_hd__a21oi_1)
   0.0998    5.7203 v core/alu_exe_unit/PipelinedMulUnit/imul/_39014_/Y (sky130_fd_sc_hd__o211ai_1)
   0.2480    5.9682 ^ core/alu_exe_unit/PipelinedMulUnit/imul/_39015_/Y (sky130_fd_sc_hd__a32oi_1)
   0.1803    6.1485 v core/alu_exe_unit/PipelinedMulUnit/imul/_39020_/Y (sky130_fd_sc_hd__o21ai_0)
   0.1960    6.3445 ^ core/alu_exe_unit/PipelinedMulUnit/imul/_39025_/Y (sky130_fd_sc_hd__a31oi_1)
   0.1017    6.4462 v core/alu_exe_unit/PipelinedMulUnit/imul/_39030_/Y (sky130_fd_sc_hd__o31ai_1)
   0.2593    6.7055 ^ core/alu_exe_unit/PipelinedMulUnit/imul/_39033_/Y (sky130_fd_sc_hd__a211oi_1)
   0.1869    6.8924 ^ core/alu_exe_unit/PipelinedMulUnit/imul/_39034_/X (sky130_fd_sc_hd__or3_1)
   0.1488    7.0412 v core/alu_exe_unit/PipelinedMulUnit/imul/_39039_/Y (sky130_fd_sc_hd__a311oi_1)
   0.6040    7.6452 ^ core/alu_exe_unit/PipelinedMulUnit/imul/_39046_/Y (sky130_fd_sc_hd__o311ai_0)
   0.3034    7.9486 ^ core/alu_exe_unit/PipelinedMulUnit/imul/_39050_/X (sky130_fd_sc_hd__a311o_1)
   0.2368    8.1855 ^ core/alu_exe_unit/PipelinedMulUnit/imul/_39053_/X (sky130_fd_sc_hd__a311o_1)
   0.1096    8.2951 v core/alu_exe_unit/PipelinedMulUnit/imul/_39058_/Y (sky130_fd_sc_hd__a211oi_1)
   0.2851    8.5801 v core/alu_exe_unit/PipelinedMulUnit/imul/_39061_/X (sky130_fd_sc_hd__o311a_1)
   0.5404    9.1205 ^ core/alu_exe_unit/PipelinedMulUnit/imul/_39065_/Y (sky130_fd_sc_hd__o311ai_0)
   0.2582    9.3788 ^ core/alu_exe_unit/PipelinedMulUnit/imul/_39071_/X (sky130_fd_sc_hd__a311o_1)
   0.2073    9.5861 ^ core/alu_exe_unit/PipelinedMulUnit/imul/_39077_/X (sky130_fd_sc_hd__a311o_1)
   0.2364    9.8225 ^ core/alu_exe_unit/PipelinedMulUnit/imul/_39082_/X (sky130_fd_sc_hd__a311o_1)
   0.1407    9.9632 v core/alu_exe_unit/PipelinedMulUnit/imul/_39086_/Y (sky130_fd_sc_hd__a311oi_1)
   0.3195   10.2827 v core/alu_exe_unit/PipelinedMulUnit/imul/_39298_/X (sky130_fd_sc_hd__o311a_1)
   0.2549   10.5376 ^ core/alu_exe_unit/PipelinedMulUnit/imul/_39443_/Y (sky130_fd_sc_hd__a21oi_1)
   0.1690   10.7066 ^ core/alu_exe_unit/PipelinedMulUnit/imul/_39667_/Y (sky130_fd_sc_hd__nand4b_1)
   0.1095   10.8161 v core/alu_exe_unit/PipelinedMulUnit/imul/_40064_/Y (sky130_fd_sc_hd__a2111oi_0)
   0.3511   11.1672 v core/alu_exe_unit/PipelinedMulUnit/imul/_40737_/X (sky130_fd_sc_hd__o311a_1)
   0.2478   11.4150 ^ core/alu_exe_unit/PipelinedMulUnit/imul/_41070_/Y (sky130_fd_sc_hd__o21ai_0)
   0.2421   11.6571 ^ core/alu_exe_unit/PipelinedMulUnit/imul/_41755_/X (sky130_fd_sc_hd__a311o_1)
   0.1259   11.7830 v core/alu_exe_unit/PipelinedMulUnit/imul/_42422_/Y (sky130_fd_sc_hd__a311oi_1)
   0.5945   12.3775 ^ core/alu_exe_unit/PipelinedMulUnit/imul/_43094_/Y (sky130_fd_sc_hd__o311ai_0)
   0.2362   12.6137 v core/alu_exe_unit/PipelinedMulUnit/imul/_43747_/Y (sky130_fd_sc_hd__a311oi_1)
   0.6182   13.2319 ^ core/alu_exe_unit/PipelinedMulUnit/imul/_44418_/Y (sky130_fd_sc_hd__o311ai_0)
   0.2245   13.4563 v core/alu_exe_unit/PipelinedMulUnit/imul/_45071_/Y (sky130_fd_sc_hd__a311oi_1)
   0.2064   13.6628 v core/alu_exe_unit/PipelinedMulUnit/imul/_47260_/X (sky130_fd_sc_hd__and4_1)
   0.2108   13.8735 ^ core/alu_exe_unit/PipelinedMulUnit/imul/_49521_/Y (sky130_fd_sc_hd__o2111ai_1)
   0.1194   13.9929 v core/alu_exe_unit/PipelinedMulUnit/imul/_49782_/Y (sky130_fd_sc_hd__a21oi_1)
   0.2635   14.2564 ^ core/alu_exe_unit/PipelinedMulUnit/imul/_50316_/Y (sky130_fd_sc_hd__o21ai_0)
   0.1305   14.3870 v core/alu_exe_unit/PipelinedMulUnit/imul/_50858_/Y (sky130_fd_sc_hd__a21oi_1)
   0.3658   14.7528 v core/alu_exe_unit/PipelinedMulUnit/imul/_50871_/X (sky130_fd_sc_hd__o311a_1)
   0.3555   15.1083 v core/alu_exe_unit/PipelinedMulUnit/imul/_51630_/X (sky130_fd_sc_hd__o311a_1)
   0.2574   15.3657 v core/alu_exe_unit/PipelinedMulUnit/imul/_52120_/X (sky130_fd_sc_hd__o211a_1)
   0.3951   15.7608 v core/alu_exe_unit/PipelinedMulUnit/imul/_52797_/X (sky130_fd_sc_hd__o311a_1)
   0.3693   16.1301 v core/alu_exe_unit/PipelinedMulUnit/imul/_53467_/X (sky130_fd_sc_hd__o311a_1)
   0.2403   16.3704 ^ core/alu_exe_unit/PipelinedMulUnit/imul/_53881_/Y (sky130_fd_sc_hd__o211ai_1)
   0.1188   16.4892 v core/alu_exe_unit/PipelinedMulUnit/imul/_54311_/Y (sky130_fd_sc_hd__a211oi_1)
   0.3489   16.8381 v core/alu_exe_unit/PipelinedMulUnit/imul/_54711_/X (sky130_fd_sc_hd__o311a_1)
   0.3770   17.2151 ^ core/alu_exe_unit/PipelinedMulUnit/imul/_55083_/Y (sky130_fd_sc_hd__o311ai_0)
   0.1854   17.4004 v core/alu_exe_unit/PipelinedMulUnit/imul/_55256_/Y (sky130_fd_sc_hd__a21boi_0)
   0.2691   17.6695 ^ core/alu_exe_unit/PipelinedMulUnit/imul/_55416_/Y (sky130_fd_sc_hd__o21ai_0)
   0.1044   17.7739 v core/alu_exe_unit/PipelinedMulUnit/imul/_55428_/Y (sky130_fd_sc_hd__nand2_1)
   0.1379   17.9118 v core/alu_exe_unit/PipelinedMulUnit/imul/_55586_/Y (sky130_fd_sc_hd__xnor2_1)
   0.2817   18.1935 v core/alu_exe_unit/PipelinedMulUnit/imul/_55591_/X (sky130_fd_sc_hd__a211o_1)
   0.0623   18.2558 ^ core/alu_exe_unit/PipelinedMulUnit/imul/_55592_/Y (sky130_fd_sc_hd__o21ai_0)
   0.0035   18.2593 ^ core/alu_exe_unit/PipelinedMulUnit/imul/_56659_/D (sky130_fd_sc_hd__dfxtp_1)
            18.2593   data arrival time

  20.0000   20.0000   clock clock (rise edge)
   0.0000   20.0000   clock network delay (ideal)
   0.0000   20.0000   clock reconvergence pessimism
            20.0000 ^ core/alu_exe_unit/PipelinedMulUnit/imul/_56659_/CLK (sky130_fd_sc_hd__dfxtp_1)
  -0.0760   19.9240   library setup time
            19.9240   data required time
-------------------------------------------------------------
            19.9240   data required time
           -18.2593   data arrival time
-------------------------------------------------------------
             1.6647   slack (MET)


Startpoint: core/_4005_ (rising edge-triggered flip-flop clocked by clock)
Endpoint: core/rename_stage/busytable/_2577_
          (rising edge-triggered flip-flop clocked by clock)
Path Group: clock
Path Type: max

    Delay      Time   Description
-------------------------------------------------------------
   0.0000    0.0000   clock clock (rise edge)
   0.0000    0.0000   clock network delay (ideal)
   0.0000    0.0000 ^ core/_4005_/CLK (sky130_fd_sc_hd__dfxtp_1)
   0.3332    0.3332 ^ core/_4005_/Q (sky130_fd_sc_hd__dfxtp_1)
   0.3006    0.6338 ^ core/_1893_/Y (sky130_fd_sc_hd__nor3b_1)
   0.1036    0.7374 v core/_1894_/Y (sky130_fd_sc_hd__nand2_1)
   4.7155    5.4530 ^ core/_1919_/Y (sky130_fd_sc_hd__o21ai_0)
   0.7629    6.2158 ^ lsu/_64242_/X (sky130_fd_sc_hd__buf_4)
   0.1194    6.3353 v dcache/_2795_/Y (sky130_fd_sc_hd__a22oi_1)
   0.2227    6.5580 v dcache/_2796_/X (sky130_fd_sc_hd__and4_1)
   0.0821    6.6402 ^ dcache/_2797_/Y (sky130_fd_sc_hd__nand2_1)
   0.0867    6.7268 v dcache/_2803_/Y (sky130_fd_sc_hd__nor4_1)
   0.0795    6.8064 ^ dcache/mshrs/_0615_/Y (sky130_fd_sc_hd__inv_1)
   0.0587    6.8651 v dcache/mshrs/_0616_/Y (sky130_fd_sc_hd__nor2_1)
   0.1498    7.0149 v dcache/mshrs/_0617_/Y (sky130_fd_sc_hd__a21boi_0)
   0.2381    7.2530 v dcache/mshrs/_0618_/X (sky130_fd_sc_hd__lpflow_inputiso0n_1)
   0.1857    7.4387 ^ dcache/mshrs/_0752_/Y (sky130_fd_sc_hd__a31oi_1)
   0.0689    7.5076 v dcache/mshrs/_0755_/Y (sky130_fd_sc_hd__nand2_1)
   0.2141    7.7217 v dcache/mshrs/_0756_/X (sky130_fd_sc_hd__a22o_1)
   0.1258    7.8475 v dcache/_2807_/X (sky130_fd_sc_hd__lpflow_isobufsrc_1)
   0.3604    8.2079 ^ dcache/_2808_/Y (sky130_fd_sc_hd__a2111oi_0)
   0.1294    8.3373 v dcache/_2809_/Y (sky130_fd_sc_hd__a311oi_1)
   0.1535    8.4908 ^ dcache/_2810_/X (sky130_fd_sc_hd__lpflow_isobufsrc_1)
   0.0805    8.5713 v dcache/_2812_/Y (sky130_fd_sc_hd__nor3_1)
   0.2226    8.7939 v dcache/_3359_/X (sky130_fd_sc_hd__lpflow_clkbufkapwr_1)
   0.3803    9.1742 v dcache/_3363_/X (sky130_fd_sc_hd__mux2_2)
   0.1967    9.3709 v lsu/_29300_/Y (sky130_fd_sc_hd__nand2b_1)
   0.5002    9.8711 ^ lsu/_29301_/Y (sky130_fd_sc_hd__nor3_1)
   0.2162   10.0873 ^ lsu/_29516_/X (sky130_fd_sc_hd__a22o_1)
   0.0473   10.1346 v lsu/_29517_/Y (sky130_fd_sc_hd__a221oi_1)
   0.2270   10.3616 v lsu/_29518_/X (sky130_fd_sc_hd__and4_1)
   0.0935   10.4551 ^ lsu/_29519_/Y (sky130_fd_sc_hd__nand3_1)
   0.0851   10.5402 v lsu/_29520_/Y (sky130_fd_sc_hd__nand2_1)
   0.0580   10.5981 ^ lsu/_40488_/Y (sky130_fd_sc_hd__nand2_1)
   0.1156   10.7137 v lsu/_40489_/Y (sky130_fd_sc_hd__o21ai_0)
   0.1764   10.8902 v core/memExeUnit/_191_/X (sky130_fd_sc_hd__buf_4)
   0.1819   11.0721 v core/ll_wbarb/_009_/X (sky130_fd_sc_hd__clkbuf_1)
   0.2456   11.3177 v core/ll_wbarb/_010_/X (sky130_fd_sc_hd__clkbuf_1)
   0.0813   11.3990 ^ core/ll_wbarb/_099_/Y (sky130_fd_sc_hd__inv_1)
   0.1445   11.5435 ^ core/FpPipeline/_2061_/X (sky130_fd_sc_hd__lpflow_inputiso0n_1)
   0.0722   11.6158 v core/FpPipeline/_2071_/Y (sky130_fd_sc_hd__nand2_1)
   0.0986   11.7143 ^ core/FpPipeline/_2073_/Y (sky130_fd_sc_hd__a21oi_1)
   0.1152   11.8295 ^ core/ll_wbarb/_100_/X (sky130_fd_sc_hd__or2_2)
   4.8833   16.7129 ^ core/_3793_/Y (sky130_fd_sc_hd__nor3b_1)
   0.2605   16.9734 v core/rename_stage/busytable/_2390_/Y (sky130_fd_sc_hd__nand2_1)
   0.5188   17.4922 v core/rename_stage/busytable/_2391_/X (sky130_fd_sc_hd__or2_2)
   0.1858   17.6780 v core/rename_stage/busytable/_2392_/X (sky130_fd_sc_hd__lpflow_clkbufkapwr_1)
   0.1764   17.8544 ^ core/rename_stage/busytable/_2426_/Y (sky130_fd_sc_hd__o21ai_0)
   0.0706   17.9250 v core/rename_stage/busytable/_2428_/Y (sky130_fd_sc_hd__nor3_1)
   0.2073   18.1323 ^ core/rename_stage/busytable/_2429_/Y (sky130_fd_sc_hd__a221oi_1)
   0.0620   18.1943 v core/rename_stage/busytable/_2430_/Y (sky130_fd_sc_hd__nor2_1)
   0.0035   18.1978 v core/rename_stage/busytable/_2577_/D (sky130_fd_sc_hd__dfxtp_1)
            18.1978   data arrival time

  20.0000   20.0000   clock clock (rise edge)
   0.0000   20.0000   clock network delay (ideal)
   0.0000   20.0000   clock reconvergence pessimism
            20.0000 ^ core/rename_stage/busytable/_2577_/CLK (sky130_fd_sc_hd__dfxtp_1)
  -0.1293   19.8707   library setup time
            19.8707   data required time
-------------------------------------------------------------
            19.8707   data required time
           -18.1978   data arrival time
-------------------------------------------------------------
             1.6729   slack (MET)


Startpoint: core/_4005_ (rising edge-triggered flip-flop clocked by clock)
Endpoint: core/rename_stage/busytable/_2583_
          (rising edge-triggered flip-flop clocked by clock)
Path Group: clock
Path Type: max

    Delay      Time   Description
-------------------------------------------------------------
   0.0000    0.0000   clock clock (rise edge)
   0.0000    0.0000   clock network delay (ideal)
   0.0000    0.0000 ^ core/_4005_/CLK (sky130_fd_sc_hd__dfxtp_1)
   0.3332    0.3332 ^ core/_4005_/Q (sky130_fd_sc_hd__dfxtp_1)
   0.3006    0.6338 ^ core/_1893_/Y (sky130_fd_sc_hd__nor3b_1)
   0.1036    0.7374 v core/_1894_/Y (sky130_fd_sc_hd__nand2_1)
   4.7155    5.4530 ^ core/_1919_/Y (sky130_fd_sc_hd__o21ai_0)
   0.7629    6.2158 ^ lsu/_64242_/X (sky130_fd_sc_hd__buf_4)
   0.1194    6.3353 v dcache/_2795_/Y (sky130_fd_sc_hd__a22oi_1)
   0.2227    6.5580 v dcache/_2796_/X (sky130_fd_sc_hd__and4_1)
   0.0821    6.6402 ^ dcache/_2797_/Y (sky130_fd_sc_hd__nand2_1)
   0.0867    6.7268 v dcache/_2803_/Y (sky130_fd_sc_hd__nor4_1)
   0.0795    6.8064 ^ dcache/mshrs/_0615_/Y (sky130_fd_sc_hd__inv_1)
   0.0587    6.8651 v dcache/mshrs/_0616_/Y (sky130_fd_sc_hd__nor2_1)
   0.1498    7.0149 v dcache/mshrs/_0617_/Y (sky130_fd_sc_hd__a21boi_0)
   0.2381    7.2530 v dcache/mshrs/_0618_/X (sky130_fd_sc_hd__lpflow_inputiso0n_1)
   0.1857    7.4387 ^ dcache/mshrs/_0752_/Y (sky130_fd_sc_hd__a31oi_1)
   0.0689    7.5076 v dcache/mshrs/_0755_/Y (sky130_fd_sc_hd__nand2_1)
   0.2141    7.7217 v dcache/mshrs/_0756_/X (sky130_fd_sc_hd__a22o_1)
   0.1258    7.8475 v dcache/_2807_/X (sky130_fd_sc_hd__lpflow_isobufsrc_1)
   0.3604    8.2079 ^ dcache/_2808_/Y (sky130_fd_sc_hd__a2111oi_0)
   0.1294    8.3373 v dcache/_2809_/Y (sky130_fd_sc_hd__a311oi_1)
   0.1535    8.4908 ^ dcache/_2810_/X (sky130_fd_sc_hd__lpflow_isobufsrc_1)
   0.0805    8.5713 v dcache/_2812_/Y (sky130_fd_sc_hd__nor3_1)
   0.2226    8.7939 v dcache/_3359_/X (sky130_fd_sc_hd__lpflow_clkbufkapwr_1)
   0.3803    9.1742 v dcache/_3363_/X (sky130_fd_sc_hd__mux2_2)
   0.1967    9.3709 v lsu/_29300_/Y (sky130_fd_sc_hd__nand2b_1)
   0.5002    9.8711 ^ lsu/_29301_/Y (sky130_fd_sc_hd__nor3_1)
   0.2162   10.0873 ^ lsu/_29516_/X (sky130_fd_sc_hd__a22o_1)
   0.0473   10.1346 v lsu/_29517_/Y (sky130_fd_sc_hd__a221oi_1)
   0.2270   10.3616 v lsu/_29518_/X (sky130_fd_sc_hd__and4_1)
   0.0935   10.4551 ^ lsu/_29519_/Y (sky130_fd_sc_hd__nand3_1)
   0.0851   10.5402 v lsu/_29520_/Y (sky130_fd_sc_hd__nand2_1)
   0.0580   10.5981 ^ lsu/_40488_/Y (sky130_fd_sc_hd__nand2_1)
   0.1156   10.7137 v lsu/_40489_/Y (sky130_fd_sc_hd__o21ai_0)
   0.1764   10.8902 v core/memExeUnit/_191_/X (sky130_fd_sc_hd__buf_4)
   0.1819   11.0721 v core/ll_wbarb/_009_/X (sky130_fd_sc_hd__clkbuf_1)
   0.2456   11.3177 v core/ll_wbarb/_010_/X (sky130_fd_sc_hd__clkbuf_1)
   0.0813   11.3990 ^ core/ll_wbarb/_099_/Y (sky130_fd_sc_hd__inv_1)
   0.1445   11.5435 ^ core/FpPipeline/_2061_/X (sky130_fd_sc_hd__lpflow_inputiso0n_1)
   0.0722   11.6158 v core/FpPipeline/_2071_/Y (sky130_fd_sc_hd__nand2_1)
   0.0986   11.7143 ^ core/FpPipeline/_2073_/Y (sky130_fd_sc_hd__a21oi_1)
   0.1152   11.8295 ^ core/ll_wbarb/_100_/X (sky130_fd_sc_hd__or2_2)
   4.8833   16.7129 ^ core/_3793_/Y (sky130_fd_sc_hd__nor3b_1)
   0.2605   16.9734 v core/rename_stage/busytable/_2390_/Y (sky130_fd_sc_hd__nand2_1)
   0.5188   17.4922 v core/rename_stage/busytable/_2391_/X (sky130_fd_sc_hd__or2_2)
   0.1858   17.6780 v core/rename_stage/busytable/_2392_/X (sky130_fd_sc_hd__lpflow_clkbufkapwr_1)
   0.1534   17.8313 ^ core/rename_stage/busytable/_2465_/Y (sky130_fd_sc_hd__o22ai_1)
   0.0882   17.9195 v core/rename_stage/busytable/_2468_/Y (sky130_fd_sc_hd__nor3_1)
   0.2108   18.1304 ^ core/rename_stage/busytable/_2469_/Y (sky130_fd_sc_hd__a221oi_1)
   0.0620   18.1923 v core/rename_stage/busytable/_2470_/Y (sky130_fd_sc_hd__nor2_1)
   0.0035   18.1958 v core/rename_stage/busytable/_2583_/D (sky130_fd_sc_hd__dfxtp_1)
            18.1958   data arrival time

  20.0000   20.0000   clock clock (rise edge)
   0.0000   20.0000   clock network delay (ideal)
   0.0000   20.0000   clock reconvergence pessimism
            20.0000 ^ core/rename_stage/busytable/_2583_/CLK (sky130_fd_sc_hd__dfxtp_1)
  -0.1293   19.8707   library setup time
            19.8707   data required time
-------------------------------------------------------------
            19.8707   data required time
           -18.1958   data arrival time
-------------------------------------------------------------
             1.6749   slack (MET)


Startpoint: core/_4005_ (rising edge-triggered flip-flop clocked by clock)
Endpoint: core/rename_stage/busytable/_2546_
          (rising edge-triggered flip-flop clocked by clock)
Path Group: clock
Path Type: max

    Delay      Time   Description
-------------------------------------------------------------
   0.0000    0.0000   clock clock (rise edge)
   0.0000    0.0000   clock network delay (ideal)
   0.0000    0.0000 ^ core/_4005_/CLK (sky130_fd_sc_hd__dfxtp_1)
   0.3332    0.3332 ^ core/_4005_/Q (sky130_fd_sc_hd__dfxtp_1)
   0.3006    0.6338 ^ core/_1893_/Y (sky130_fd_sc_hd__nor3b_1)
   0.1036    0.7374 v core/_1894_/Y (sky130_fd_sc_hd__nand2_1)
   4.7155    5.4530 ^ core/_1919_/Y (sky130_fd_sc_hd__o21ai_0)
   0.7629    6.2158 ^ lsu/_64242_/X (sky130_fd_sc_hd__buf_4)
   0.1194    6.3353 v dcache/_2795_/Y (sky130_fd_sc_hd__a22oi_1)
   0.2227    6.5580 v dcache/_2796_/X (sky130_fd_sc_hd__and4_1)
   0.0821    6.6402 ^ dcache/_2797_/Y (sky130_fd_sc_hd__nand2_1)
   0.0867    6.7268 v dcache/_2803_/Y (sky130_fd_sc_hd__nor4_1)
   0.0795    6.8064 ^ dcache/mshrs/_0615_/Y (sky130_fd_sc_hd__inv_1)
   0.0587    6.8651 v dcache/mshrs/_0616_/Y (sky130_fd_sc_hd__nor2_1)
   0.1498    7.0149 v dcache/mshrs/_0617_/Y (sky130_fd_sc_hd__a21boi_0)
   0.2381    7.2530 v dcache/mshrs/_0618_/X (sky130_fd_sc_hd__lpflow_inputiso0n_1)
   0.1857    7.4387 ^ dcache/mshrs/_0752_/Y (sky130_fd_sc_hd__a31oi_1)
   0.0689    7.5076 v dcache/mshrs/_0755_/Y (sky130_fd_sc_hd__nand2_1)
   0.2141    7.7217 v dcache/mshrs/_0756_/X (sky130_fd_sc_hd__a22o_1)
   0.1258    7.8475 v dcache/_2807_/X (sky130_fd_sc_hd__lpflow_isobufsrc_1)
   0.3604    8.2079 ^ dcache/_2808_/Y (sky130_fd_sc_hd__a2111oi_0)
   0.1294    8.3373 v dcache/_2809_/Y (sky130_fd_sc_hd__a311oi_1)
   0.1535    8.4908 ^ dcache/_2810_/X (sky130_fd_sc_hd__lpflow_isobufsrc_1)
   0.0805    8.5713 v dcache/_2812_/Y (sky130_fd_sc_hd__nor3_1)
   0.2226    8.7939 v dcache/_3359_/X (sky130_fd_sc_hd__lpflow_clkbufkapwr_1)
   0.3803    9.1742 v dcache/_3363_/X (sky130_fd_sc_hd__mux2_2)
   0.1967    9.3709 v lsu/_29300_/Y (sky130_fd_sc_hd__nand2b_1)
   0.5002    9.8711 ^ lsu/_29301_/Y (sky130_fd_sc_hd__nor3_1)
   0.2162   10.0873 ^ lsu/_29516_/X (sky130_fd_sc_hd__a22o_1)
   0.0473   10.1346 v lsu/_29517_/Y (sky130_fd_sc_hd__a221oi_1)
   0.2270   10.3616 v lsu/_29518_/X (sky130_fd_sc_hd__and4_1)
   0.0935   10.4551 ^ lsu/_29519_/Y (sky130_fd_sc_hd__nand3_1)
   0.0851   10.5402 v lsu/_29520_/Y (sky130_fd_sc_hd__nand2_1)
   0.0580   10.5981 ^ lsu/_40488_/Y (sky130_fd_sc_hd__nand2_1)
   0.1156   10.7137 v lsu/_40489_/Y (sky130_fd_sc_hd__o21ai_0)
   0.1764   10.8902 v core/memExeUnit/_191_/X (sky130_fd_sc_hd__buf_4)
   0.1819   11.0721 v core/ll_wbarb/_009_/X (sky130_fd_sc_hd__clkbuf_1)
   0.2456   11.3177 v core/ll_wbarb/_010_/X (sky130_fd_sc_hd__clkbuf_1)
   0.0813   11.3990 ^ core/ll_wbarb/_099_/Y (sky130_fd_sc_hd__inv_1)
   0.1445   11.5435 ^ core/FpPipeline/_2061_/X (sky130_fd_sc_hd__lpflow_inputiso0n_1)
   0.0722   11.6158 v core/FpPipeline/_2071_/Y (sky130_fd_sc_hd__nand2_1)
   0.0986   11.7143 ^ core/FpPipeline/_2073_/Y (sky130_fd_sc_hd__a21oi_1)
   0.1152   11.8295 ^ core/ll_wbarb/_100_/X (sky130_fd_sc_hd__or2_2)
   4.8833   16.7129 ^ core/_3793_/Y (sky130_fd_sc_hd__nor3b_1)
   0.7911   17.5040 v core/rename_stage/busytable/_2117_/Y (sky130_fd_sc_hd__nand3b_1)
   0.4088   17.9128 v core/rename_stage/busytable/_2118_/X (sky130_fd_sc_hd__clkbuf_1)
   0.1929   18.1057 ^ core/rename_stage/busytable/_2173_/Y (sky130_fd_sc_hd__o211ai_1)
   0.0811   18.1868 v core/rename_stage/busytable/_2175_/Y (sky130_fd_sc_hd__a21oi_1)
   0.0035   18.1903 v core/rename_stage/busytable/_2546_/D (sky130_fd_sc_hd__dfxtp_1)
            18.1903   data arrival time

  20.0000   20.0000   clock clock (rise edge)
   0.0000   20.0000   clock network delay (ideal)
   0.0000   20.0000   clock reconvergence pessimism
            20.0000 ^ core/rename_stage/busytable/_2546_/CLK (sky130_fd_sc_hd__dfxtp_1)
  -0.1339   19.8661   library setup time
            19.8661   data required time
-------------------------------------------------------------
            19.8661   data required time
           -18.1903   data arrival time
-------------------------------------------------------------
             1.6758   slack (MET)


Startpoint: core/_4005_ (rising edge-triggered flip-flop clocked by clock)
Endpoint: core/rename_stage/busytable/_2588_
          (rising edge-triggered flip-flop clocked by clock)
Path Group: clock
Path Type: max

    Delay      Time   Description
-------------------------------------------------------------
   0.0000    0.0000   clock clock (rise edge)
   0.0000    0.0000   clock network delay (ideal)
   0.0000    0.0000 ^ core/_4005_/CLK (sky130_fd_sc_hd__dfxtp_1)
   0.3332    0.3332 ^ core/_4005_/Q (sky130_fd_sc_hd__dfxtp_1)
   0.3006    0.6338 ^ core/_1893_/Y (sky130_fd_sc_hd__nor3b_1)
   0.1036    0.7374 v core/_1894_/Y (sky130_fd_sc_hd__nand2_1)
   4.7155    5.4530 ^ core/_1919_/Y (sky130_fd_sc_hd__o21ai_0)
   0.7629    6.2158 ^ lsu/_64242_/X (sky130_fd_sc_hd__buf_4)
   0.1194    6.3353 v dcache/_2795_/Y (sky130_fd_sc_hd__a22oi_1)
   0.2227    6.5580 v dcache/_2796_/X (sky130_fd_sc_hd__and4_1)
   0.0821    6.6402 ^ dcache/_2797_/Y (sky130_fd_sc_hd__nand2_1)
   0.0867    6.7268 v dcache/_2803_/Y (sky130_fd_sc_hd__nor4_1)
   0.0795    6.8064 ^ dcache/mshrs/_0615_/Y (sky130_fd_sc_hd__inv_1)
   0.0587    6.8651 v dcache/mshrs/_0616_/Y (sky130_fd_sc_hd__nor2_1)
   0.1498    7.0149 v dcache/mshrs/_0617_/Y (sky130_fd_sc_hd__a21boi_0)
   0.2381    7.2530 v dcache/mshrs/_0618_/X (sky130_fd_sc_hd__lpflow_inputiso0n_1)
   0.1857    7.4387 ^ dcache/mshrs/_0752_/Y (sky130_fd_sc_hd__a31oi_1)
   0.0689    7.5076 v dcache/mshrs/_0755_/Y (sky130_fd_sc_hd__nand2_1)
   0.2141    7.7217 v dcache/mshrs/_0756_/X (sky130_fd_sc_hd__a22o_1)
   0.1258    7.8475 v dcache/_2807_/X (sky130_fd_sc_hd__lpflow_isobufsrc_1)
   0.3604    8.2079 ^ dcache/_2808_/Y (sky130_fd_sc_hd__a2111oi_0)
   0.1294    8.3373 v dcache/_2809_/Y (sky130_fd_sc_hd__a311oi_1)
   0.1535    8.4908 ^ dcache/_2810_/X (sky130_fd_sc_hd__lpflow_isobufsrc_1)
   0.0805    8.5713 v dcache/_2812_/Y (sky130_fd_sc_hd__nor3_1)
   0.2226    8.7939 v dcache/_3359_/X (sky130_fd_sc_hd__lpflow_clkbufkapwr_1)
   0.3803    9.1742 v dcache/_3363_/X (sky130_fd_sc_hd__mux2_2)
   0.1967    9.3709 v lsu/_29300_/Y (sky130_fd_sc_hd__nand2b_1)
   0.5002    9.8711 ^ lsu/_29301_/Y (sky130_fd_sc_hd__nor3_1)
   0.2162   10.0873 ^ lsu/_29516_/X (sky130_fd_sc_hd__a22o_1)
   0.0473   10.1346 v lsu/_29517_/Y (sky130_fd_sc_hd__a221oi_1)
   0.2270   10.3616 v lsu/_29518_/X (sky130_fd_sc_hd__and4_1)
   0.0935   10.4551 ^ lsu/_29519_/Y (sky130_fd_sc_hd__nand3_1)
   0.0851   10.5402 v lsu/_29520_/Y (sky130_fd_sc_hd__nand2_1)
   0.0580   10.5981 ^ lsu/_40488_/Y (sky130_fd_sc_hd__nand2_1)
   0.1156   10.7137 v lsu/_40489_/Y (sky130_fd_sc_hd__o21ai_0)
   0.1764   10.8902 v core/memExeUnit/_191_/X (sky130_fd_sc_hd__buf_4)
   0.1819   11.0721 v core/ll_wbarb/_009_/X (sky130_fd_sc_hd__clkbuf_1)
   0.2456   11.3177 v core/ll_wbarb/_010_/X (sky130_fd_sc_hd__clkbuf_1)
   0.0813   11.3990 ^ core/ll_wbarb/_099_/Y (sky130_fd_sc_hd__inv_1)
   0.1445   11.5435 ^ core/FpPipeline/_2061_/X (sky130_fd_sc_hd__lpflow_inputiso0n_1)
   0.0722   11.6158 v core/FpPipeline/_2071_/Y (sky130_fd_sc_hd__nand2_1)
   0.0986   11.7143 ^ core/FpPipeline/_2073_/Y (sky130_fd_sc_hd__a21oi_1)
   0.1152   11.8295 ^ core/ll_wbarb/_100_/X (sky130_fd_sc_hd__or2_2)
   4.8833   16.7129 ^ core/_3793_/Y (sky130_fd_sc_hd__nor3b_1)
   0.2605   16.9734 v core/rename_stage/busytable/_2390_/Y (sky130_fd_sc_hd__nand2_1)
   0.5188   17.4922 v core/rename_stage/busytable/_2391_/X (sky130_fd_sc_hd__or2_2)
   0.1858   17.6780 v core/rename_stage/busytable/_2392_/X (sky130_fd_sc_hd__lpflow_clkbufkapwr_1)
   0.1612   17.8392 ^ core/rename_stage/busytable/_2497_/Y (sky130_fd_sc_hd__nor3_1)
   0.0732   17.9124 v core/rename_stage/busytable/_2499_/Y (sky130_fd_sc_hd__nor4_1)
   0.2136   18.1261 ^ core/rename_stage/busytable/_2500_/Y (sky130_fd_sc_hd__a221oi_1)
   0.0620   18.1880 v core/rename_stage/busytable/_2501_/Y (sky130_fd_sc_hd__nor2_1)
   0.0035   18.1915 v core/rename_stage/busytable/_2588_/D (sky130_fd_sc_hd__dfxtp_1)
            18.1915   data arrival time

  20.0000   20.0000   clock clock (rise edge)
   0.0000   20.0000   clock network delay (ideal)
   0.0000   20.0000   clock reconvergence pessimism
            20.0000 ^ core/rename_stage/busytable/_2588_/CLK (sky130_fd_sc_hd__dfxtp_1)
  -0.1293   19.8707   library setup time
            19.8707   data required time
-------------------------------------------------------------
            19.8707   data required time
           -18.1915   data arrival time
-------------------------------------------------------------
             1.6792   slack (MET)


Startpoint: core/_4005_ (rising edge-triggered flip-flop clocked by clock)
Endpoint: core/rename_stage/busytable/_2547_
          (rising edge-triggered flip-flop clocked by clock)
Path Group: clock
Path Type: max

    Delay      Time   Description
-------------------------------------------------------------
   0.0000    0.0000   clock clock (rise edge)
   0.0000    0.0000   clock network delay (ideal)
   0.0000    0.0000 ^ core/_4005_/CLK (sky130_fd_sc_hd__dfxtp_1)
   0.3332    0.3332 ^ core/_4005_/Q (sky130_fd_sc_hd__dfxtp_1)
   0.3006    0.6338 ^ core/_1893_/Y (sky130_fd_sc_hd__nor3b_1)
   0.1036    0.7374 v core/_1894_/Y (sky130_fd_sc_hd__nand2_1)
   4.7155    5.4530 ^ core/_1919_/Y (sky130_fd_sc_hd__o21ai_0)
   0.7629    6.2158 ^ lsu/_64242_/X (sky130_fd_sc_hd__buf_4)
   0.1194    6.3353 v dcache/_2795_/Y (sky130_fd_sc_hd__a22oi_1)
   0.2227    6.5580 v dcache/_2796_/X (sky130_fd_sc_hd__and4_1)
   0.0821    6.6402 ^ dcache/_2797_/Y (sky130_fd_sc_hd__nand2_1)
   0.0867    6.7268 v dcache/_2803_/Y (sky130_fd_sc_hd__nor4_1)
   0.0795    6.8064 ^ dcache/mshrs/_0615_/Y (sky130_fd_sc_hd__inv_1)
   0.0587    6.8651 v dcache/mshrs/_0616_/Y (sky130_fd_sc_hd__nor2_1)
   0.1498    7.0149 v dcache/mshrs/_0617_/Y (sky130_fd_sc_hd__a21boi_0)
   0.2381    7.2530 v dcache/mshrs/_0618_/X (sky130_fd_sc_hd__lpflow_inputiso0n_1)
   0.1857    7.4387 ^ dcache/mshrs/_0752_/Y (sky130_fd_sc_hd__a31oi_1)
   0.0689    7.5076 v dcache/mshrs/_0755_/Y (sky130_fd_sc_hd__nand2_1)
   0.2141    7.7217 v dcache/mshrs/_0756_/X (sky130_fd_sc_hd__a22o_1)
   0.1258    7.8475 v dcache/_2807_/X (sky130_fd_sc_hd__lpflow_isobufsrc_1)
   0.3604    8.2079 ^ dcache/_2808_/Y (sky130_fd_sc_hd__a2111oi_0)
   0.1294    8.3373 v dcache/_2809_/Y (sky130_fd_sc_hd__a311oi_1)
   0.1535    8.4908 ^ dcache/_2810_/X (sky130_fd_sc_hd__lpflow_isobufsrc_1)
   0.0805    8.5713 v dcache/_2812_/Y (sky130_fd_sc_hd__nor3_1)
   0.2226    8.7939 v dcache/_3359_/X (sky130_fd_sc_hd__lpflow_clkbufkapwr_1)
   0.3803    9.1742 v dcache/_3363_/X (sky130_fd_sc_hd__mux2_2)
   0.1967    9.3709 v lsu/_29300_/Y (sky130_fd_sc_hd__nand2b_1)
   0.5002    9.8711 ^ lsu/_29301_/Y (sky130_fd_sc_hd__nor3_1)
   0.2162   10.0873 ^ lsu/_29516_/X (sky130_fd_sc_hd__a22o_1)
   0.0473   10.1346 v lsu/_29517_/Y (sky130_fd_sc_hd__a221oi_1)
   0.2270   10.3616 v lsu/_29518_/X (sky130_fd_sc_hd__and4_1)
   0.0935   10.4551 ^ lsu/_29519_/Y (sky130_fd_sc_hd__nand3_1)
   0.0851   10.5402 v lsu/_29520_/Y (sky130_fd_sc_hd__nand2_1)
   0.0580   10.5981 ^ lsu/_40488_/Y (sky130_fd_sc_hd__nand2_1)
   0.1156   10.7137 v lsu/_40489_/Y (sky130_fd_sc_hd__o21ai_0)
   0.1764   10.8902 v core/memExeUnit/_191_/X (sky130_fd_sc_hd__buf_4)
   0.1819   11.0721 v core/ll_wbarb/_009_/X (sky130_fd_sc_hd__clkbuf_1)
   0.2456   11.3177 v core/ll_wbarb/_010_/X (sky130_fd_sc_hd__clkbuf_1)
   0.0813   11.3990 ^ core/ll_wbarb/_099_/Y (sky130_fd_sc_hd__inv_1)
   0.1445   11.5435 ^ core/FpPipeline/_2061_/X (sky130_fd_sc_hd__lpflow_inputiso0n_1)
   0.0722   11.6158 v core/FpPipeline/_2071_/Y (sky130_fd_sc_hd__nand2_1)
   0.0986   11.7143 ^ core/FpPipeline/_2073_/Y (sky130_fd_sc_hd__a21oi_1)
   0.1152   11.8295 ^ core/ll_wbarb/_100_/X (sky130_fd_sc_hd__or2_2)
   4.8833   16.7129 ^ core/_3793_/Y (sky130_fd_sc_hd__nor3b_1)
   0.7911   17.5040 v core/rename_stage/busytable/_2117_/Y (sky130_fd_sc_hd__nand3b_1)
   0.3532   17.8572 ^ core/rename_stage/busytable/_2177_/Y (sky130_fd_sc_hd__o22ai_1)
   0.0856   17.9428 v core/rename_stage/busytable/_2179_/Y (sky130_fd_sc_hd__a211oi_1)
   0.1476   18.0904 ^ core/rename_stage/busytable/_2180_/Y (sky130_fd_sc_hd__a22oi_1)
   0.0850   18.1754 v core/rename_stage/busytable/_2181_/Y (sky130_fd_sc_hd__a21oi_1)
   0.0035   18.1788 v core/rename_stage/busytable/_2547_/D (sky130_fd_sc_hd__dfxtp_1)
            18.1788   data arrival time

  20.0000   20.0000   clock clock (rise edge)
   0.0000   20.0000   clock network delay (ideal)
   0.0000   20.0000   clock reconvergence pessimism
            20.0000 ^ core/rename_stage/busytable/_2547_/CLK (sky130_fd_sc_hd__dfxtp_1)
  -0.1339   19.8661   library setup time
            19.8661   data required time
-------------------------------------------------------------
            19.8661   data required time
           -18.1788   data arrival time
-------------------------------------------------------------
             1.6873   slack (MET)


Startpoint: core/_4005_ (rising edge-triggered flip-flop clocked by clock)
Endpoint: core/rename_stage/busytable/_2567_
          (rising edge-triggered flip-flop clocked by clock)
Path Group: clock
Path Type: max

    Delay      Time   Description
-------------------------------------------------------------
   0.0000    0.0000   clock clock (rise edge)
   0.0000    0.0000   clock network delay (ideal)
   0.0000    0.0000 ^ core/_4005_/CLK (sky130_fd_sc_hd__dfxtp_1)
   0.3332    0.3332 ^ core/_4005_/Q (sky130_fd_sc_hd__dfxtp_1)
   0.3006    0.6338 ^ core/_1893_/Y (sky130_fd_sc_hd__nor3b_1)
   0.1036    0.7374 v core/_1894_/Y (sky130_fd_sc_hd__nand2_1)
   4.7155    5.4530 ^ core/_1919_/Y (sky130_fd_sc_hd__o21ai_0)
   0.7629    6.2158 ^ lsu/_64242_/X (sky130_fd_sc_hd__buf_4)
   0.1194    6.3353 v dcache/_2795_/Y (sky130_fd_sc_hd__a22oi_1)
   0.2227    6.5580 v dcache/_2796_/X (sky130_fd_sc_hd__and4_1)
   0.0821    6.6402 ^ dcache/_2797_/Y (sky130_fd_sc_hd__nand2_1)
   0.0867    6.7268 v dcache/_2803_/Y (sky130_fd_sc_hd__nor4_1)
   0.0795    6.8064 ^ dcache/mshrs/_0615_/Y (sky130_fd_sc_hd__inv_1)
   0.0587    6.8651 v dcache/mshrs/_0616_/Y (sky130_fd_sc_hd__nor2_1)
   0.1498    7.0149 v dcache/mshrs/_0617_/Y (sky130_fd_sc_hd__a21boi_0)
   0.2381    7.2530 v dcache/mshrs/_0618_/X (sky130_fd_sc_hd__lpflow_inputiso0n_1)
   0.1857    7.4387 ^ dcache/mshrs/_0752_/Y (sky130_fd_sc_hd__a31oi_1)
   0.0689    7.5076 v dcache/mshrs/_0755_/Y (sky130_fd_sc_hd__nand2_1)
   0.2141    7.7217 v dcache/mshrs/_0756_/X (sky130_fd_sc_hd__a22o_1)
   0.1258    7.8475 v dcache/_2807_/X (sky130_fd_sc_hd__lpflow_isobufsrc_1)
   0.3604    8.2079 ^ dcache/_2808_/Y (sky130_fd_sc_hd__a2111oi_0)
   0.1294    8.3373 v dcache/_2809_/Y (sky130_fd_sc_hd__a311oi_1)
   0.1535    8.4908 ^ dcache/_2810_/X (sky130_fd_sc_hd__lpflow_isobufsrc_1)
   0.0805    8.5713 v dcache/_2812_/Y (sky130_fd_sc_hd__nor3_1)
   0.2226    8.7939 v dcache/_3359_/X (sky130_fd_sc_hd__lpflow_clkbufkapwr_1)
   0.3803    9.1742 v dcache/_3363_/X (sky130_fd_sc_hd__mux2_2)
   0.1967    9.3709 v lsu/_29300_/Y (sky130_fd_sc_hd__nand2b_1)
   0.5002    9.8711 ^ lsu/_29301_/Y (sky130_fd_sc_hd__nor3_1)
   0.2162   10.0873 ^ lsu/_29516_/X (sky130_fd_sc_hd__a22o_1)
   0.0473   10.1346 v lsu/_29517_/Y (sky130_fd_sc_hd__a221oi_1)
   0.2270   10.3616 v lsu/_29518_/X (sky130_fd_sc_hd__and4_1)
   0.0935   10.4551 ^ lsu/_29519_/Y (sky130_fd_sc_hd__nand3_1)
   0.0851   10.5402 v lsu/_29520_/Y (sky130_fd_sc_hd__nand2_1)
   0.0580   10.5981 ^ lsu/_40488_/Y (sky130_fd_sc_hd__nand2_1)
   0.1156   10.7137 v lsu/_40489_/Y (sky130_fd_sc_hd__o21ai_0)
   0.1764   10.8902 v core/memExeUnit/_191_/X (sky130_fd_sc_hd__buf_4)
   0.1819   11.0721 v core/ll_wbarb/_009_/X (sky130_fd_sc_hd__clkbuf_1)
   0.2456   11.3177 v core/ll_wbarb/_010_/X (sky130_fd_sc_hd__clkbuf_1)
   0.0813   11.3990 ^ core/ll_wbarb/_099_/Y (sky130_fd_sc_hd__inv_1)
   0.1445   11.5435 ^ core/FpPipeline/_2061_/X (sky130_fd_sc_hd__lpflow_inputiso0n_1)
   0.0722   11.6158 v core/FpPipeline/_2071_/Y (sky130_fd_sc_hd__nand2_1)
   0.0986   11.7143 ^ core/FpPipeline/_2073_/Y (sky130_fd_sc_hd__a21oi_1)
   0.1152   11.8295 ^ core/ll_wbarb/_100_/X (sky130_fd_sc_hd__or2_2)
   4.8833   16.7129 ^ core/_3793_/Y (sky130_fd_sc_hd__nor3b_1)
   0.5905   17.3034 ^ core/rename_stage/busytable/_2152_/X (sky130_fd_sc_hd__and3b_1)
   0.2495   17.5529 ^ core/rename_stage/busytable/_2153_/X (sky130_fd_sc_hd__clkbuf_1)
   0.3054   17.8583 ^ core/rename_stage/busytable/_2215_/X (sky130_fd_sc_hd__clkbuf_1)
   0.1276   17.9859 v core/rename_stage/busytable/_2332_/Y (sky130_fd_sc_hd__a31oi_1)
   0.1109   18.0968 ^ core/rename_stage/busytable/_2333_/Y (sky130_fd_sc_hd__nand4_1)
   0.0732   18.1699 v core/rename_stage/busytable/_2336_/Y (sky130_fd_sc_hd__a31oi_1)
   0.0035   18.1734 v core/rename_stage/busytable/_2567_/D (sky130_fd_sc_hd__dfxtp_1)
            18.1734   data arrival time

  20.0000   20.0000   clock clock (rise edge)
   0.0000   20.0000   clock network delay (ideal)
   0.0000   20.0000   clock reconvergence pessimism
            20.0000 ^ core/rename_stage/busytable/_2567_/CLK (sky130_fd_sc_hd__dfxtp_1)
  -0.1341   19.8659   library setup time
            19.8659   data required time
-------------------------------------------------------------
            19.8659   data required time
           -18.1734   data arrival time
-------------------------------------------------------------
             1.6925   slack (MET)


Startpoint: core/_4005_ (rising edge-triggered flip-flop clocked by clock)
Endpoint: core/rename_stage/busytable/_2561_
          (rising edge-triggered flip-flop clocked by clock)
Path Group: clock
Path Type: max

    Delay      Time   Description
-------------------------------------------------------------
   0.0000    0.0000   clock clock (rise edge)
   0.0000    0.0000   clock network delay (ideal)
   0.0000    0.0000 ^ core/_4005_/CLK (sky130_fd_sc_hd__dfxtp_1)
   0.3332    0.3332 ^ core/_4005_/Q (sky130_fd_sc_hd__dfxtp_1)
   0.3006    0.6338 ^ core/_1893_/Y (sky130_fd_sc_hd__nor3b_1)
   0.1036    0.7374 v core/_1894_/Y (sky130_fd_sc_hd__nand2_1)
   4.7155    5.4530 ^ core/_1919_/Y (sky130_fd_sc_hd__o21ai_0)
   0.7629    6.2158 ^ lsu/_64242_/X (sky130_fd_sc_hd__buf_4)
   0.1194    6.3353 v dcache/_2795_/Y (sky130_fd_sc_hd__a22oi_1)
   0.2227    6.5580 v dcache/_2796_/X (sky130_fd_sc_hd__and4_1)
   0.0821    6.6402 ^ dcache/_2797_/Y (sky130_fd_sc_hd__nand2_1)
   0.0867    6.7268 v dcache/_2803_/Y (sky130_fd_sc_hd__nor4_1)
   0.0795    6.8064 ^ dcache/mshrs/_0615_/Y (sky130_fd_sc_hd__inv_1)
   0.0587    6.8651 v dcache/mshrs/_0616_/Y (sky130_fd_sc_hd__nor2_1)
   0.1498    7.0149 v dcache/mshrs/_0617_/Y (sky130_fd_sc_hd__a21boi_0)
   0.2381    7.2530 v dcache/mshrs/_0618_/X (sky130_fd_sc_hd__lpflow_inputiso0n_1)
   0.1857    7.4387 ^ dcache/mshrs/_0752_/Y (sky130_fd_sc_hd__a31oi_1)
   0.0689    7.5076 v dcache/mshrs/_0755_/Y (sky130_fd_sc_hd__nand2_1)
   0.2141    7.7217 v dcache/mshrs/_0756_/X (sky130_fd_sc_hd__a22o_1)
   0.1258    7.8475 v dcache/_2807_/X (sky130_fd_sc_hd__lpflow_isobufsrc_1)
   0.3604    8.2079 ^ dcache/_2808_/Y (sky130_fd_sc_hd__a2111oi_0)
   0.1294    8.3373 v dcache/_2809_/Y (sky130_fd_sc_hd__a311oi_1)
   0.1535    8.4908 ^ dcache/_2810_/X (sky130_fd_sc_hd__lpflow_isobufsrc_1)
   0.0805    8.5713 v dcache/_2812_/Y (sky130_fd_sc_hd__nor3_1)
   0.2226    8.7939 v dcache/_3359_/X (sky130_fd_sc_hd__lpflow_clkbufkapwr_1)
   0.3803    9.1742 v dcache/_3363_/X (sky130_fd_sc_hd__mux2_2)
   0.1967    9.3709 v lsu/_29300_/Y (sky130_fd_sc_hd__nand2b_1)
   0.5002    9.8711 ^ lsu/_29301_/Y (sky130_fd_sc_hd__nor3_1)
   0.2162   10.0873 ^ lsu/_29516_/X (sky130_fd_sc_hd__a22o_1)
   0.0473   10.1346 v lsu/_29517_/Y (sky130_fd_sc_hd__a221oi_1)
   0.2270   10.3616 v lsu/_29518_/X (sky130_fd_sc_hd__and4_1)
   0.0935   10.4551 ^ lsu/_29519_/Y (sky130_fd_sc_hd__nand3_1)
   0.0851   10.5402 v lsu/_29520_/Y (sky130_fd_sc_hd__nand2_1)
   0.0580   10.5981 ^ lsu/_40488_/Y (sky130_fd_sc_hd__nand2_1)
   0.1156   10.7137 v lsu/_40489_/Y (sky130_fd_sc_hd__o21ai_0)
   0.1764   10.8902 v core/memExeUnit/_191_/X (sky130_fd_sc_hd__buf_4)
   0.1819   11.0721 v core/ll_wbarb/_009_/X (sky130_fd_sc_hd__clkbuf_1)
   0.2456   11.3177 v core/ll_wbarb/_010_/X (sky130_fd_sc_hd__clkbuf_1)
   0.0813   11.3990 ^ core/ll_wbarb/_099_/Y (sky130_fd_sc_hd__inv_1)
   0.1445   11.5435 ^ core/FpPipeline/_2061_/X (sky130_fd_sc_hd__lpflow_inputiso0n_1)
   0.0722   11.6158 v core/FpPipeline/_2071_/Y (sky130_fd_sc_hd__nand2_1)
   0.0986   11.7143 ^ core/FpPipeline/_2073_/Y (sky130_fd_sc_hd__a21oi_1)
   0.1152   11.8295 ^ core/ll_wbarb/_100_/X (sky130_fd_sc_hd__or2_2)
   4.8833   16.7129 ^ core/_3793_/Y (sky130_fd_sc_hd__nor3b_1)
   0.5905   17.3034 ^ core/rename_stage/busytable/_2152_/X (sky130_fd_sc_hd__and3b_1)
   0.2495   17.5529 ^ core/rename_stage/busytable/_2153_/X (sky130_fd_sc_hd__clkbuf_1)
   0.3054   17.8583 ^ core/rename_stage/busytable/_2215_/X (sky130_fd_sc_hd__clkbuf_1)
   0.1276   17.9859 v core/rename_stage/busytable/_2281_/Y (sky130_fd_sc_hd__a31oi_1)
   0.1065   18.0924 ^ core/rename_stage/busytable/_2282_/Y (sky130_fd_sc_hd__nand4_1)
   0.0718   18.1642 v core/rename_stage/busytable/_2285_/Y (sky130_fd_sc_hd__a31oi_1)
   0.0035   18.1677 v core/rename_stage/busytable/_2561_/D (sky130_fd_sc_hd__dfxtp_1)
            18.1677   data arrival time

  20.0000   20.0000   clock clock (rise edge)
   0.0000   20.0000   clock network delay (ideal)
   0.0000   20.0000   clock reconvergence pessimism
            20.0000 ^ core/rename_stage/busytable/_2561_/CLK (sky130_fd_sc_hd__dfxtp_1)
  -0.1341   19.8659   library setup time
            19.8659   data required time
-------------------------------------------------------------
            19.8659   data required time
           -18.1677   data arrival time
-------------------------------------------------------------
             1.6982   slack (MET)


Startpoint: core/_4005_ (rising edge-triggered flip-flop clocked by clock)
Endpoint: core/rename_stage/busytable/_2564_
          (rising edge-triggered flip-flop clocked by clock)
Path Group: clock
Path Type: max

    Delay      Time   Description
-------------------------------------------------------------
   0.0000    0.0000   clock clock (rise edge)
   0.0000    0.0000   clock network delay (ideal)
   0.0000    0.0000 ^ core/_4005_/CLK (sky130_fd_sc_hd__dfxtp_1)
   0.3332    0.3332 ^ core/_4005_/Q (sky130_fd_sc_hd__dfxtp_1)
   0.3006    0.6338 ^ core/_1893_/Y (sky130_fd_sc_hd__nor3b_1)
   0.1036    0.7374 v core/_1894_/Y (sky130_fd_sc_hd__nand2_1)
   4.7155    5.4530 ^ core/_1919_/Y (sky130_fd_sc_hd__o21ai_0)
   0.7629    6.2158 ^ lsu/_64242_/X (sky130_fd_sc_hd__buf_4)
   0.1194    6.3353 v dcache/_2795_/Y (sky130_fd_sc_hd__a22oi_1)
   0.2227    6.5580 v dcache/_2796_/X (sky130_fd_sc_hd__and4_1)
   0.0821    6.6402 ^ dcache/_2797_/Y (sky130_fd_sc_hd__nand2_1)
   0.0867    6.7268 v dcache/_2803_/Y (sky130_fd_sc_hd__nor4_1)
   0.0795    6.8064 ^ dcache/mshrs/_0615_/Y (sky130_fd_sc_hd__inv_1)
   0.0587    6.8651 v dcache/mshrs/_0616_/Y (sky130_fd_sc_hd__nor2_1)
   0.1498    7.0149 v dcache/mshrs/_0617_/Y (sky130_fd_sc_hd__a21boi_0)
   0.2381    7.2530 v dcache/mshrs/_0618_/X (sky130_fd_sc_hd__lpflow_inputiso0n_1)
   0.1857    7.4387 ^ dcache/mshrs/_0752_/Y (sky130_fd_sc_hd__a31oi_1)
   0.0689    7.5076 v dcache/mshrs/_0755_/Y (sky130_fd_sc_hd__nand2_1)
   0.2141    7.7217 v dcache/mshrs/_0756_/X (sky130_fd_sc_hd__a22o_1)
   0.1258    7.8475 v dcache/_2807_/X (sky130_fd_sc_hd__lpflow_isobufsrc_1)
   0.3604    8.2079 ^ dcache/_2808_/Y (sky130_fd_sc_hd__a2111oi_0)
   0.1294    8.3373 v dcache/_2809_/Y (sky130_fd_sc_hd__a311oi_1)
   0.1535    8.4908 ^ dcache/_2810_/X (sky130_fd_sc_hd__lpflow_isobufsrc_1)
   0.0805    8.5713 v dcache/_2812_/Y (sky130_fd_sc_hd__nor3_1)
   0.2226    8.7939 v dcache/_3359_/X (sky130_fd_sc_hd__lpflow_clkbufkapwr_1)
   0.3803    9.1742 v dcache/_3363_/X (sky130_fd_sc_hd__mux2_2)
   0.1967    9.3709 v lsu/_29300_/Y (sky130_fd_sc_hd__nand2b_1)
   0.5002    9.8711 ^ lsu/_29301_/Y (sky130_fd_sc_hd__nor3_1)
   0.2162   10.0873 ^ lsu/_29516_/X (sky130_fd_sc_hd__a22o_1)
   0.0473   10.1346 v lsu/_29517_/Y (sky130_fd_sc_hd__a221oi_1)
   0.2270   10.3616 v lsu/_29518_/X (sky130_fd_sc_hd__and4_1)
   0.0935   10.4551 ^ lsu/_29519_/Y (sky130_fd_sc_hd__nand3_1)
   0.0851   10.5402 v lsu/_29520_/Y (sky130_fd_sc_hd__nand2_1)
   0.0580   10.5981 ^ lsu/_40488_/Y (sky130_fd_sc_hd__nand2_1)
   0.1156   10.7137 v lsu/_40489_/Y (sky130_fd_sc_hd__o21ai_0)
   0.1764   10.8902 v core/memExeUnit/_191_/X (sky130_fd_sc_hd__buf_4)
   0.1819   11.0721 v core/ll_wbarb/_009_/X (sky130_fd_sc_hd__clkbuf_1)
   0.2456   11.3177 v core/ll_wbarb/_010_/X (sky130_fd_sc_hd__clkbuf_1)
   0.0813   11.3990 ^ core/ll_wbarb/_099_/Y (sky130_fd_sc_hd__inv_1)
   0.1445   11.5435 ^ core/FpPipeline/_2061_/X (sky130_fd_sc_hd__lpflow_inputiso0n_1)
   0.0722   11.6158 v core/FpPipeline/_2071_/Y (sky130_fd_sc_hd__nand2_1)
   0.0986   11.7143 ^ core/FpPipeline/_2073_/Y (sky130_fd_sc_hd__a21oi_1)
   0.1152   11.8295 ^ core/ll_wbarb/_100_/X (sky130_fd_sc_hd__or2_2)
   4.8833   16.7129 ^ core/_3793_/Y (sky130_fd_sc_hd__nor3b_1)
   0.5905   17.3034 ^ core/rename_stage/busytable/_2152_/X (sky130_fd_sc_hd__and3b_1)
   0.2495   17.5529 ^ core/rename_stage/busytable/_2153_/X (sky130_fd_sc_hd__clkbuf_1)
   0.3054   17.8583 ^ core/rename_stage/busytable/_2215_/X (sky130_fd_sc_hd__clkbuf_1)
   0.1276   17.9859 v core/rename_stage/busytable/_2308_/Y (sky130_fd_sc_hd__a31oi_1)
   0.1065   18.0924 ^ core/rename_stage/busytable/_2309_/Y (sky130_fd_sc_hd__nand4_1)
   0.0718   18.1642 v core/rename_stage/busytable/_2312_/Y (sky130_fd_sc_hd__a31oi_1)
   0.0035   18.1677 v core/rename_stage/busytable/_2564_/D (sky130_fd_sc_hd__dfxtp_1)
            18.1677   data arrival time

  20.0000   20.0000   clock clock (rise edge)
   0.0000   20.0000   clock network delay (ideal)
   0.0000   20.0000   clock reconvergence pessimism
            20.0000 ^ core/rename_stage/busytable/_2564_/CLK (sky130_fd_sc_hd__dfxtp_1)
  -0.1341   19.8659   library setup time
            19.8659   data required time
-------------------------------------------------------------
            19.8659   data required time
           -18.1677   data arrival time
-------------------------------------------------------------
             1.6982   slack (MET)


Startpoint: core/_4005_ (rising edge-triggered flip-flop clocked by clock)
Endpoint: core/rename_stage/busytable/_2575_
          (rising edge-triggered flip-flop clocked by clock)
Path Group: clock
Path Type: max

    Delay      Time   Description
-------------------------------------------------------------
   0.0000    0.0000   clock clock (rise edge)
   0.0000    0.0000   clock network delay (ideal)
   0.0000    0.0000 ^ core/_4005_/CLK (sky130_fd_sc_hd__dfxtp_1)
   0.3332    0.3332 ^ core/_4005_/Q (sky130_fd_sc_hd__dfxtp_1)
   0.3006    0.6338 ^ core/_1893_/Y (sky130_fd_sc_hd__nor3b_1)
   0.1036    0.7374 v core/_1894_/Y (sky130_fd_sc_hd__nand2_1)
   4.7155    5.4530 ^ core/_1919_/Y (sky130_fd_sc_hd__o21ai_0)
   0.7629    6.2158 ^ lsu/_64242_/X (sky130_fd_sc_hd__buf_4)
   0.1194    6.3353 v dcache/_2795_/Y (sky130_fd_sc_hd__a22oi_1)
   0.2227    6.5580 v dcache/_2796_/X (sky130_fd_sc_hd__and4_1)
   0.0821    6.6402 ^ dcache/_2797_/Y (sky130_fd_sc_hd__nand2_1)
   0.0867    6.7268 v dcache/_2803_/Y (sky130_fd_sc_hd__nor4_1)
   0.0795    6.8064 ^ dcache/mshrs/_0615_/Y (sky130_fd_sc_hd__inv_1)
   0.0587    6.8651 v dcache/mshrs/_0616_/Y (sky130_fd_sc_hd__nor2_1)
   0.1498    7.0149 v dcache/mshrs/_0617_/Y (sky130_fd_sc_hd__a21boi_0)
   0.2381    7.2530 v dcache/mshrs/_0618_/X (sky130_fd_sc_hd__lpflow_inputiso0n_1)
   0.1857    7.4387 ^ dcache/mshrs/_0752_/Y (sky130_fd_sc_hd__a31oi_1)
   0.0689    7.5076 v dcache/mshrs/_0755_/Y (sky130_fd_sc_hd__nand2_1)
   0.2141    7.7217 v dcache/mshrs/_0756_/X (sky130_fd_sc_hd__a22o_1)
   0.1258    7.8475 v dcache/_2807_/X (sky130_fd_sc_hd__lpflow_isobufsrc_1)
   0.3604    8.2079 ^ dcache/_2808_/Y (sky130_fd_sc_hd__a2111oi_0)
   0.1294    8.3373 v dcache/_2809_/Y (sky130_fd_sc_hd__a311oi_1)
   0.1535    8.4908 ^ dcache/_2810_/X (sky130_fd_sc_hd__lpflow_isobufsrc_1)
   0.0805    8.5713 v dcache/_2812_/Y (sky130_fd_sc_hd__nor3_1)
   0.2226    8.7939 v dcache/_3359_/X (sky130_fd_sc_hd__lpflow_clkbufkapwr_1)
   0.3803    9.1742 v dcache/_3363_/X (sky130_fd_sc_hd__mux2_2)
   0.1967    9.3709 v lsu/_29300_/Y (sky130_fd_sc_hd__nand2b_1)
   0.5002    9.8711 ^ lsu/_29301_/Y (sky130_fd_sc_hd__nor3_1)
   0.2162   10.0873 ^ lsu/_29516_/X (sky130_fd_sc_hd__a22o_1)
   0.0473   10.1346 v lsu/_29517_/Y (sky130_fd_sc_hd__a221oi_1)
   0.2270   10.3616 v lsu/_29518_/X (sky130_fd_sc_hd__and4_1)
   0.0935   10.4551 ^ lsu/_29519_/Y (sky130_fd_sc_hd__nand3_1)
   0.0851   10.5402 v lsu/_29520_/Y (sky130_fd_sc_hd__nand2_1)
   0.0580   10.5981 ^ lsu/_40488_/Y (sky130_fd_sc_hd__nand2_1)
   0.1156   10.7137 v lsu/_40489_/Y (sky130_fd_sc_hd__o21ai_0)
   0.1764   10.8902 v core/memExeUnit/_191_/X (sky130_fd_sc_hd__buf_4)
   0.1819   11.0721 v core/ll_wbarb/_009_/X (sky130_fd_sc_hd__clkbuf_1)
   0.2456   11.3177 v core/ll_wbarb/_010_/X (sky130_fd_sc_hd__clkbuf_1)
   0.0813   11.3990 ^ core/ll_wbarb/_099_/Y (sky130_fd_sc_hd__inv_1)
   0.1445   11.5435 ^ core/FpPipeline/_2061_/X (sky130_fd_sc_hd__lpflow_inputiso0n_1)
   0.0722   11.6158 v core/FpPipeline/_2071_/Y (sky130_fd_sc_hd__nand2_1)
   0.0986   11.7143 ^ core/FpPipeline/_2073_/Y (sky130_fd_sc_hd__a21oi_1)
   0.1152   11.8295 ^ core/ll_wbarb/_100_/X (sky130_fd_sc_hd__or2_2)
   4.8833   16.7129 ^ core/_3793_/Y (sky130_fd_sc_hd__nor3b_1)
   0.2605   16.9734 v core/rename_stage/busytable/_2390_/Y (sky130_fd_sc_hd__nand2_1)
   0.5188   17.4922 v core/rename_stage/busytable/_2391_/X (sky130_fd_sc_hd__or2_2)
   0.1858   17.6780 v core/rename_stage/busytable/_2392_/X (sky130_fd_sc_hd__lpflow_clkbufkapwr_1)
   0.1526   17.8305 ^ core/rename_stage/busytable/_2411_/Y (sky130_fd_sc_hd__o22ai_1)
   0.0621   17.8927 v core/rename_stage/busytable/_2412_/Y (sky130_fd_sc_hd__nor3_1)
   0.2101   18.1028 ^ core/rename_stage/busytable/_2413_/Y (sky130_fd_sc_hd__a221oi_1)
   0.0620   18.1648 v core/rename_stage/busytable/_2414_/Y (sky130_fd_sc_hd__nor2_1)
   0.0035   18.1683 v core/rename_stage/busytable/_2575_/D (sky130_fd_sc_hd__dfxtp_1)
            18.1683   data arrival time

  20.0000   20.0000   clock clock (rise edge)
   0.0000   20.0000   clock network delay (ideal)
   0.0000   20.0000   clock reconvergence pessimism
            20.0000 ^ core/rename_stage/busytable/_2575_/CLK (sky130_fd_sc_hd__dfxtp_1)
  -0.1293   19.8707   library setup time
            19.8707   data required time
-------------------------------------------------------------
            19.8707   data required time
           -18.1683   data arrival time
-------------------------------------------------------------
             1.7024   slack (MET)


Startpoint: core/_4005_ (rising edge-triggered flip-flop clocked by clock)
Endpoint: core/rename_stage/busytable/_2559_
          (rising edge-triggered flip-flop clocked by clock)
Path Group: clock
Path Type: max

    Delay      Time   Description
-------------------------------------------------------------
   0.0000    0.0000   clock clock (rise edge)
   0.0000    0.0000   clock network delay (ideal)
   0.0000    0.0000 ^ core/_4005_/CLK (sky130_fd_sc_hd__dfxtp_1)
   0.3332    0.3332 ^ core/_4005_/Q (sky130_fd_sc_hd__dfxtp_1)
   0.3006    0.6338 ^ core/_1893_/Y (sky130_fd_sc_hd__nor3b_1)
   0.1036    0.7374 v core/_1894_/Y (sky130_fd_sc_hd__nand2_1)
   4.7155    5.4530 ^ core/_1919_/Y (sky130_fd_sc_hd__o21ai_0)
   0.7629    6.2158 ^ lsu/_64242_/X (sky130_fd_sc_hd__buf_4)
   0.1194    6.3353 v dcache/_2795_/Y (sky130_fd_sc_hd__a22oi_1)
   0.2227    6.5580 v dcache/_2796_/X (sky130_fd_sc_hd__and4_1)
   0.0821    6.6402 ^ dcache/_2797_/Y (sky130_fd_sc_hd__nand2_1)
   0.0867    6.7268 v dcache/_2803_/Y (sky130_fd_sc_hd__nor4_1)
   0.0795    6.8064 ^ dcache/mshrs/_0615_/Y (sky130_fd_sc_hd__inv_1)
   0.0587    6.8651 v dcache/mshrs/_0616_/Y (sky130_fd_sc_hd__nor2_1)
   0.1498    7.0149 v dcache/mshrs/_0617_/Y (sky130_fd_sc_hd__a21boi_0)
   0.2381    7.2530 v dcache/mshrs/_0618_/X (sky130_fd_sc_hd__lpflow_inputiso0n_1)
   0.1857    7.4387 ^ dcache/mshrs/_0752_/Y (sky130_fd_sc_hd__a31oi_1)
   0.0689    7.5076 v dcache/mshrs/_0755_/Y (sky130_fd_sc_hd__nand2_1)
   0.2141    7.7217 v dcache/mshrs/_0756_/X (sky130_fd_sc_hd__a22o_1)
   0.1258    7.8475 v dcache/_2807_/X (sky130_fd_sc_hd__lpflow_isobufsrc_1)
   0.3604    8.2079 ^ dcache/_2808_/Y (sky130_fd_sc_hd__a2111oi_0)
   0.1294    8.3373 v dcache/_2809_/Y (sky130_fd_sc_hd__a311oi_1)
   0.1535    8.4908 ^ dcache/_2810_/X (sky130_fd_sc_hd__lpflow_isobufsrc_1)
   0.0805    8.5713 v dcache/_2812_/Y (sky130_fd_sc_hd__nor3_1)
   0.2226    8.7939 v dcache/_3359_/X (sky130_fd_sc_hd__lpflow_clkbufkapwr_1)
   0.3803    9.1742 v dcache/_3363_/X (sky130_fd_sc_hd__mux2_2)
   0.1967    9.3709 v lsu/_29300_/Y (sky130_fd_sc_hd__nand2b_1)
   0.5002    9.8711 ^ lsu/_29301_/Y (sky130_fd_sc_hd__nor3_1)
   0.2162   10.0873 ^ lsu/_29516_/X (sky130_fd_sc_hd__a22o_1)
   0.0473   10.1346 v lsu/_29517_/Y (sky130_fd_sc_hd__a221oi_1)
   0.2270   10.3616 v lsu/_29518_/X (sky130_fd_sc_hd__and4_1)
   0.0935   10.4551 ^ lsu/_29519_/Y (sky130_fd_sc_hd__nand3_1)
   0.0851   10.5402 v lsu/_29520_/Y (sky130_fd_sc_hd__nand2_1)
   0.0580   10.5981 ^ lsu/_40488_/Y (sky130_fd_sc_hd__nand2_1)
   0.1156   10.7137 v lsu/_40489_/Y (sky130_fd_sc_hd__o21ai_0)
   0.1764   10.8902 v core/memExeUnit/_191_/X (sky130_fd_sc_hd__buf_4)
   0.1819   11.0721 v core/ll_wbarb/_009_/X (sky130_fd_sc_hd__clkbuf_1)
   0.2456   11.3177 v core/ll_wbarb/_010_/X (sky130_fd_sc_hd__clkbuf_1)
   0.0813   11.3990 ^ core/ll_wbarb/_099_/Y (sky130_fd_sc_hd__inv_1)
   0.1445   11.5435 ^ core/FpPipeline/_2061_/X (sky130_fd_sc_hd__lpflow_inputiso0n_1)
   0.0722   11.6158 v core/FpPipeline/_2071_/Y (sky130_fd_sc_hd__nand2_1)
   0.0986   11.7143 ^ core/FpPipeline/_2073_/Y (sky130_fd_sc_hd__a21oi_1)
   0.1152   11.8295 ^ core/ll_wbarb/_100_/X (sky130_fd_sc_hd__or2_2)
   4.8833   16.7129 ^ core/_3793_/Y (sky130_fd_sc_hd__nor3b_1)
   0.5905   17.3034 ^ core/rename_stage/busytable/_2152_/X (sky130_fd_sc_hd__and3b_1)
   0.2495   17.5529 ^ core/rename_stage/busytable/_2153_/X (sky130_fd_sc_hd__clkbuf_1)
   0.3054   17.8583 ^ core/rename_stage/busytable/_2215_/X (sky130_fd_sc_hd__clkbuf_1)
   0.1176   17.9759 v core/rename_stage/busytable/_2260_/Y (sky130_fd_sc_hd__nand3_1)
   0.1102   18.0862 ^ core/rename_stage/busytable/_2264_/Y (sky130_fd_sc_hd__nand4_1)
   0.0736   18.1598 v core/rename_stage/busytable/_2268_/Y (sky130_fd_sc_hd__a31oi_1)
   0.0035   18.1633 v core/rename_stage/busytable/_2559_/D (sky130_fd_sc_hd__dfxtp_1)
            18.1633   data arrival time

  20.0000   20.0000   clock clock (rise edge)
   0.0000   20.0000   clock network delay (ideal)
   0.0000   20.0000   clock reconvergence pessimism
            20.0000 ^ core/rename_stage/busytable/_2559_/CLK (sky130_fd_sc_hd__dfxtp_1)
  -0.1341   19.8659   library setup time
            19.8659   data required time
-------------------------------------------------------------
            19.8659   data required time
           -18.1633   data arrival time
-------------------------------------------------------------
             1.7026   slack (MET)


Startpoint: core/_4005_ (rising edge-triggered flip-flop clocked by clock)
Endpoint: core/rename_stage/busytable/_2511_
          (rising edge-triggered flip-flop clocked by clock)
Path Group: clock
Path Type: max

    Delay      Time   Description
-------------------------------------------------------------
   0.0000    0.0000   clock clock (rise edge)
   0.0000    0.0000   clock network delay (ideal)
   0.0000    0.0000 ^ core/_4005_/CLK (sky130_fd_sc_hd__dfxtp_1)
   0.3332    0.3332 ^ core/_4005_/Q (sky130_fd_sc_hd__dfxtp_1)
   0.3006    0.6338 ^ core/_1893_/Y (sky130_fd_sc_hd__nor3b_1)
   0.1036    0.7374 v core/_1894_/Y (sky130_fd_sc_hd__nand2_1)
   4.7155    5.4530 ^ core/_1919_/Y (sky130_fd_sc_hd__o21ai_0)
   0.7629    6.2158 ^ lsu/_64242_/X (sky130_fd_sc_hd__buf_4)
   0.1194    6.3353 v dcache/_2795_/Y (sky130_fd_sc_hd__a22oi_1)
   0.2227    6.5580 v dcache/_2796_/X (sky130_fd_sc_hd__and4_1)
   0.0821    6.6402 ^ dcache/_2797_/Y (sky130_fd_sc_hd__nand2_1)
   0.0867    6.7268 v dcache/_2803_/Y (sky130_fd_sc_hd__nor4_1)
   0.0795    6.8064 ^ dcache/mshrs/_0615_/Y (sky130_fd_sc_hd__inv_1)
   0.0587    6.8651 v dcache/mshrs/_0616_/Y (sky130_fd_sc_hd__nor2_1)
   0.1498    7.0149 v dcache/mshrs/_0617_/Y (sky130_fd_sc_hd__a21boi_0)
   0.2381    7.2530 v dcache/mshrs/_0618_/X (sky130_fd_sc_hd__lpflow_inputiso0n_1)
   0.1857    7.4387 ^ dcache/mshrs/_0752_/Y (sky130_fd_sc_hd__a31oi_1)
   0.0689    7.5076 v dcache/mshrs/_0755_/Y (sky130_fd_sc_hd__nand2_1)
   0.2141    7.7217 v dcache/mshrs/_0756_/X (sky130_fd_sc_hd__a22o_1)
   0.1258    7.8475 v dcache/_2807_/X (sky130_fd_sc_hd__lpflow_isobufsrc_1)
   0.3604    8.2079 ^ dcache/_2808_/Y (sky130_fd_sc_hd__a2111oi_0)
   0.1294    8.3373 v dcache/_2809_/Y (sky130_fd_sc_hd__a311oi_1)
   0.1535    8.4908 ^ dcache/_2810_/X (sky130_fd_sc_hd__lpflow_isobufsrc_1)
   0.0805    8.5713 v dcache/_2812_/Y (sky130_fd_sc_hd__nor3_1)
   0.2226    8.7939 v dcache/_3359_/X (sky130_fd_sc_hd__lpflow_clkbufkapwr_1)
   0.3803    9.1742 v dcache/_3363_/X (sky130_fd_sc_hd__mux2_2)
   0.1967    9.3709 v lsu/_29300_/Y (sky130_fd_sc_hd__nand2b_1)
   0.5002    9.8711 ^ lsu/_29301_/Y (sky130_fd_sc_hd__nor3_1)
   0.2162   10.0873 ^ lsu/_29516_/X (sky130_fd_sc_hd__a22o_1)
   0.0473   10.1346 v lsu/_29517_/Y (sky130_fd_sc_hd__a221oi_1)
   0.2270   10.3616 v lsu/_29518_/X (sky130_fd_sc_hd__and4_1)
   0.0935   10.4551 ^ lsu/_29519_/Y (sky130_fd_sc_hd__nand3_1)
   0.0851   10.5402 v lsu/_29520_/Y (sky130_fd_sc_hd__nand2_1)
   0.0580   10.5981 ^ lsu/_40488_/Y (sky130_fd_sc_hd__nand2_1)
   0.1156   10.7137 v lsu/_40489_/Y (sky130_fd_sc_hd__o21ai_0)
   0.1764   10.8902 v core/memExeUnit/_191_/X (sky130_fd_sc_hd__buf_4)
   0.1819   11.0721 v core/ll_wbarb/_009_/X (sky130_fd_sc_hd__clkbuf_1)
   0.2456   11.3177 v core/ll_wbarb/_010_/X (sky130_fd_sc_hd__clkbuf_1)
   0.0813   11.3990 ^ core/ll_wbarb/_099_/Y (sky130_fd_sc_hd__inv_1)
   0.1445   11.5435 ^ core/FpPipeline/_2061_/X (sky130_fd_sc_hd__lpflow_inputiso0n_1)
   0.0722   11.6158 v core/FpPipeline/_2071_/Y (sky130_fd_sc_hd__nand2_1)
   0.0986   11.7143 ^ core/FpPipeline/_2073_/Y (sky130_fd_sc_hd__a21oi_1)
   0.1152   11.8295 ^ core/ll_wbarb/_100_/X (sky130_fd_sc_hd__or2_2)
   4.8833   16.7129 ^ core/_3793_/Y (sky130_fd_sc_hd__nor3b_1)
   0.5729   17.2858 v core/rename_stage/busytable/_1525_/X (sky130_fd_sc_hd__or3b_2)
   0.1527   17.4385 v core/rename_stage/busytable/_1526_/X (sky130_fd_sc_hd__clkbuf_1)
   0.1987   17.6373 v core/rename_stage/busytable/_1527_/X (sky130_fd_sc_hd__clkbuf_1)
   0.1933   17.8306 ^ core/rename_stage/busytable/_1582_/Y (sky130_fd_sc_hd__o22ai_1)
   0.0623   17.8929 v core/rename_stage/busytable/_1583_/Y (sky130_fd_sc_hd__nor3_1)
   0.2076   18.1005 ^ core/rename_stage/busytable/_1584_/Y (sky130_fd_sc_hd__a221oi_1)
   0.0620   18.1625 v core/rename_stage/busytable/_1585_/Y (sky130_fd_sc_hd__nor2_1)
   0.0035   18.1660 v core/rename_stage/busytable/_2511_/D (sky130_fd_sc_hd__dfxtp_1)
            18.1660   data arrival time

  20.0000   20.0000   clock clock (rise edge)
   0.0000   20.0000   clock network delay (ideal)
   0.0000   20.0000   clock reconvergence pessimism
            20.0000 ^ core/rename_stage/busytable/_2511_/CLK (sky130_fd_sc_hd__dfxtp_1)
  -0.1293   19.8707   library setup time
            19.8707   data required time
-------------------------------------------------------------
            19.8707   data required time
           -18.1660   data arrival time
-------------------------------------------------------------
             1.7047   slack (MET)


Startpoint: core/_4005_ (rising edge-triggered flip-flop clocked by clock)
Endpoint: core/rename_stage/busytable/_2516_
          (rising edge-triggered flip-flop clocked by clock)
Path Group: clock
Path Type: max

    Delay      Time   Description
-------------------------------------------------------------
   0.0000    0.0000   clock clock (rise edge)
   0.0000    0.0000   clock network delay (ideal)
   0.0000    0.0000 ^ core/_4005_/CLK (sky130_fd_sc_hd__dfxtp_1)
   0.3332    0.3332 ^ core/_4005_/Q (sky130_fd_sc_hd__dfxtp_1)
   0.3006    0.6338 ^ core/_1893_/Y (sky130_fd_sc_hd__nor3b_1)
   0.1036    0.7374 v core/_1894_/Y (sky130_fd_sc_hd__nand2_1)
   4.7155    5.4530 ^ core/_1919_/Y (sky130_fd_sc_hd__o21ai_0)
   0.7629    6.2158 ^ lsu/_64242_/X (sky130_fd_sc_hd__buf_4)
   0.1194    6.3353 v dcache/_2795_/Y (sky130_fd_sc_hd__a22oi_1)
   0.2227    6.5580 v dcache/_2796_/X (sky130_fd_sc_hd__and4_1)
   0.0821    6.6402 ^ dcache/_2797_/Y (sky130_fd_sc_hd__nand2_1)
   0.0867    6.7268 v dcache/_2803_/Y (sky130_fd_sc_hd__nor4_1)
   0.0795    6.8064 ^ dcache/mshrs/_0615_/Y (sky130_fd_sc_hd__inv_1)
   0.0587    6.8651 v dcache/mshrs/_0616_/Y (sky130_fd_sc_hd__nor2_1)
   0.1498    7.0149 v dcache/mshrs/_0617_/Y (sky130_fd_sc_hd__a21boi_0)
   0.2381    7.2530 v dcache/mshrs/_0618_/X (sky130_fd_sc_hd__lpflow_inputiso0n_1)
   0.1857    7.4387 ^ dcache/mshrs/_0752_/Y (sky130_fd_sc_hd__a31oi_1)
   0.0689    7.5076 v dcache/mshrs/_0755_/Y (sky130_fd_sc_hd__nand2_1)
   0.2141    7.7217 v dcache/mshrs/_0756_/X (sky130_fd_sc_hd__a22o_1)
   0.1258    7.8475 v dcache/_2807_/X (sky130_fd_sc_hd__lpflow_isobufsrc_1)
   0.3604    8.2079 ^ dcache/_2808_/Y (sky130_fd_sc_hd__a2111oi_0)
   0.1294    8.3373 v dcache/_2809_/Y (sky130_fd_sc_hd__a311oi_1)
   0.1535    8.4908 ^ dcache/_2810_/X (sky130_fd_sc_hd__lpflow_isobufsrc_1)
   0.0805    8.5713 v dcache/_2812_/Y (sky130_fd_sc_hd__nor3_1)
   0.2226    8.7939 v dcache/_3359_/X (sky130_fd_sc_hd__lpflow_clkbufkapwr_1)
   0.3803    9.1742 v dcache/_3363_/X (sky130_fd_sc_hd__mux2_2)
   0.1967    9.3709 v lsu/_29300_/Y (sky130_fd_sc_hd__nand2b_1)
   0.5002    9.8711 ^ lsu/_29301_/Y (sky130_fd_sc_hd__nor3_1)
   0.2162   10.0873 ^ lsu/_29516_/X (sky130_fd_sc_hd__a22o_1)
   0.0473   10.1346 v lsu/_29517_/Y (sky130_fd_sc_hd__a221oi_1)
   0.2270   10.3616 v lsu/_29518_/X (sky130_fd_sc_hd__and4_1)
   0.0935   10.4551 ^ lsu/_29519_/Y (sky130_fd_sc_hd__nand3_1)
   0.0851   10.5402 v lsu/_29520_/Y (sky130_fd_sc_hd__nand2_1)
   0.0580   10.5981 ^ lsu/_40488_/Y (sky130_fd_sc_hd__nand2_1)
   0.1156   10.7137 v lsu/_40489_/Y (sky130_fd_sc_hd__o21ai_0)
   0.1764   10.8902 v core/memExeUnit/_191_/X (sky130_fd_sc_hd__buf_4)
   0.1819   11.0721 v core/ll_wbarb/_009_/X (sky130_fd_sc_hd__clkbuf_1)
   0.2456   11.3177 v core/ll_wbarb/_010_/X (sky130_fd_sc_hd__clkbuf_1)
   0.0813   11.3990 ^ core/ll_wbarb/_099_/Y (sky130_fd_sc_hd__inv_1)
   0.1445   11.5435 ^ core/FpPipeline/_2061_/X (sky130_fd_sc_hd__lpflow_inputiso0n_1)
   0.0722   11.6158 v core/FpPipeline/_2071_/Y (sky130_fd_sc_hd__nand2_1)
   0.0986   11.7143 ^ core/FpPipeline/_2073_/Y (sky130_fd_sc_hd__a21oi_1)
   0.1152   11.8295 ^ core/ll_wbarb/_100_/X (sky130_fd_sc_hd__or2_2)
   4.8833   16.7129 ^ core/_3793_/Y (sky130_fd_sc_hd__nor3b_1)
   0.5729   17.2858 v core/rename_stage/busytable/_1525_/X (sky130_fd_sc_hd__or3b_2)
   0.1527   17.4385 v core/rename_stage/busytable/_1526_/X (sky130_fd_sc_hd__clkbuf_1)
   0.1987   17.6373 v core/rename_stage/busytable/_1527_/X (sky130_fd_sc_hd__clkbuf_1)
   0.1933   17.8306 ^ core/rename_stage/busytable/_1701_/Y (sky130_fd_sc_hd__o22ai_1)
   0.0623   17.8929 v core/rename_stage/busytable/_1702_/Y (sky130_fd_sc_hd__nor3_1)
   0.2076   18.1005 ^ core/rename_stage/busytable/_1703_/Y (sky130_fd_sc_hd__a221oi_1)
   0.0620   18.1625 v core/rename_stage/busytable/_1704_/Y (sky130_fd_sc_hd__nor2_1)
   0.0035   18.1660 v core/rename_stage/busytable/_2516_/D (sky130_fd_sc_hd__dfxtp_1)
            18.1660   data arrival time

  20.0000   20.0000   clock clock (rise edge)
   0.0000   20.0000   clock network delay (ideal)
   0.0000   20.0000   clock reconvergence pessimism
            20.0000 ^ core/rename_stage/busytable/_2516_/CLK (sky130_fd_sc_hd__dfxtp_1)
  -0.1293   19.8707   library setup time
            19.8707   data required time
-------------------------------------------------------------
            19.8707   data required time
           -18.1660   data arrival time
-------------------------------------------------------------
             1.7047   slack (MET)


Startpoint: core/_4005_ (rising edge-triggered flip-flop clocked by clock)
Endpoint: core/rename_stage/busytable/_2528_
          (rising edge-triggered flip-flop clocked by clock)
Path Group: clock
Path Type: max

    Delay      Time   Description
-------------------------------------------------------------
   0.0000    0.0000   clock clock (rise edge)
   0.0000    0.0000   clock network delay (ideal)
   0.0000    0.0000 ^ core/_4005_/CLK (sky130_fd_sc_hd__dfxtp_1)
   0.3332    0.3332 ^ core/_4005_/Q (sky130_fd_sc_hd__dfxtp_1)
   0.3006    0.6338 ^ core/_1893_/Y (sky130_fd_sc_hd__nor3b_1)
   0.1036    0.7374 v core/_1894_/Y (sky130_fd_sc_hd__nand2_1)
   4.7155    5.4530 ^ core/_1919_/Y (sky130_fd_sc_hd__o21ai_0)
   0.7629    6.2158 ^ lsu/_64242_/X (sky130_fd_sc_hd__buf_4)
   0.1194    6.3353 v dcache/_2795_/Y (sky130_fd_sc_hd__a22oi_1)
   0.2227    6.5580 v dcache/_2796_/X (sky130_fd_sc_hd__and4_1)
   0.0821    6.6402 ^ dcache/_2797_/Y (sky130_fd_sc_hd__nand2_1)
   0.0867    6.7268 v dcache/_2803_/Y (sky130_fd_sc_hd__nor4_1)
   0.0795    6.8064 ^ dcache/mshrs/_0615_/Y (sky130_fd_sc_hd__inv_1)
   0.0587    6.8651 v dcache/mshrs/_0616_/Y (sky130_fd_sc_hd__nor2_1)
   0.1498    7.0149 v dcache/mshrs/_0617_/Y (sky130_fd_sc_hd__a21boi_0)
   0.2381    7.2530 v dcache/mshrs/_0618_/X (sky130_fd_sc_hd__lpflow_inputiso0n_1)
   0.1857    7.4387 ^ dcache/mshrs/_0752_/Y (sky130_fd_sc_hd__a31oi_1)
   0.0689    7.5076 v dcache/mshrs/_0755_/Y (sky130_fd_sc_hd__nand2_1)
   0.2141    7.7217 v dcache/mshrs/_0756_/X (sky130_fd_sc_hd__a22o_1)
   0.1258    7.8475 v dcache/_2807_/X (sky130_fd_sc_hd__lpflow_isobufsrc_1)
   0.3604    8.2079 ^ dcache/_2808_/Y (sky130_fd_sc_hd__a2111oi_0)
   0.1294    8.3373 v dcache/_2809_/Y (sky130_fd_sc_hd__a311oi_1)
   0.1535    8.4908 ^ dcache/_2810_/X (sky130_fd_sc_hd__lpflow_isobufsrc_1)
   0.0805    8.5713 v dcache/_2812_/Y (sky130_fd_sc_hd__nor3_1)
   0.2226    8.7939 v dcache/_3359_/X (sky130_fd_sc_hd__lpflow_clkbufkapwr_1)
   0.3803    9.1742 v dcache/_3363_/X (sky130_fd_sc_hd__mux2_2)
   0.1967    9.3709 v lsu/_29300_/Y (sky130_fd_sc_hd__nand2b_1)
   0.5002    9.8711 ^ lsu/_29301_/Y (sky130_fd_sc_hd__nor3_1)
   0.2162   10.0873 ^ lsu/_29516_/X (sky130_fd_sc_hd__a22o_1)
   0.0473   10.1346 v lsu/_29517_/Y (sky130_fd_sc_hd__a221oi_1)
   0.2270   10.3616 v lsu/_29518_/X (sky130_fd_sc_hd__and4_1)
   0.0935   10.4551 ^ lsu/_29519_/Y (sky130_fd_sc_hd__nand3_1)
   0.0851   10.5402 v lsu/_29520_/Y (sky130_fd_sc_hd__nand2_1)
   0.0580   10.5981 ^ lsu/_40488_/Y (sky130_fd_sc_hd__nand2_1)
   0.1156   10.7137 v lsu/_40489_/Y (sky130_fd_sc_hd__o21ai_0)
   0.1764   10.8902 v core/memExeUnit/_191_/X (sky130_fd_sc_hd__buf_4)
   0.1819   11.0721 v core/ll_wbarb/_009_/X (sky130_fd_sc_hd__clkbuf_1)
   0.2456   11.3177 v core/ll_wbarb/_010_/X (sky130_fd_sc_hd__clkbuf_1)
   0.0813   11.3990 ^ core/ll_wbarb/_099_/Y (sky130_fd_sc_hd__inv_1)
   0.1445   11.5435 ^ core/FpPipeline/_2061_/X (sky130_fd_sc_hd__lpflow_inputiso0n_1)
   0.0722   11.6158 v core/FpPipeline/_2071_/Y (sky130_fd_sc_hd__nand2_1)
   0.0986   11.7143 ^ core/FpPipeline/_2073_/Y (sky130_fd_sc_hd__a21oi_1)
   0.1152   11.8295 ^ core/ll_wbarb/_100_/X (sky130_fd_sc_hd__or2_2)
   4.8833   16.7129 ^ core/_3793_/Y (sky130_fd_sc_hd__nor3b_1)
   0.7968   17.5097 ^ core/rename_stage/busytable/_1605_/Y (sky130_fd_sc_hd__nor3b_1)
   0.3380   17.8477 ^ core/rename_stage/busytable/_1606_/X (sky130_fd_sc_hd__clkbuf_1)
   0.1305   17.9781 v core/rename_stage/busytable/_1942_/Y (sky130_fd_sc_hd__a31oi_1)
   0.1060   18.0842 ^ core/rename_stage/busytable/_1943_/Y (sky130_fd_sc_hd__nand4_1)
   0.0718   18.1560 v core/rename_stage/busytable/_1948_/Y (sky130_fd_sc_hd__a31oi_1)
   0.0035   18.1595 v core/rename_stage/busytable/_2528_/D (sky130_fd_sc_hd__dfxtp_1)
            18.1595   data arrival time

  20.0000   20.0000   clock clock (rise edge)
   0.0000   20.0000   clock network delay (ideal)
   0.0000   20.0000   clock reconvergence pessimism
            20.0000 ^ core/rename_stage/busytable/_2528_/CLK (sky130_fd_sc_hd__dfxtp_1)
  -0.1341   19.8659   library setup time
            19.8659   data required time
-------------------------------------------------------------
            19.8659   data required time
           -18.1595   data arrival time
-------------------------------------------------------------
             1.7064   slack (MET)


Startpoint: core/_4005_ (rising edge-triggered flip-flop clocked by clock)
Endpoint: core/rename_stage/busytable/_2570_
          (rising edge-triggered flip-flop clocked by clock)
Path Group: clock
Path Type: max

    Delay      Time   Description
-------------------------------------------------------------
   0.0000    0.0000   clock clock (rise edge)
   0.0000    0.0000   clock network delay (ideal)
   0.0000    0.0000 ^ core/_4005_/CLK (sky130_fd_sc_hd__dfxtp_1)
   0.3332    0.3332 ^ core/_4005_/Q (sky130_fd_sc_hd__dfxtp_1)
   0.3006    0.6338 ^ core/_1893_/Y (sky130_fd_sc_hd__nor3b_1)
   0.1036    0.7374 v core/_1894_/Y (sky130_fd_sc_hd__nand2_1)
   4.7155    5.4530 ^ core/_1919_/Y (sky130_fd_sc_hd__o21ai_0)
   0.7629    6.2158 ^ lsu/_64242_/X (sky130_fd_sc_hd__buf_4)
   0.1194    6.3353 v dcache/_2795_/Y (sky130_fd_sc_hd__a22oi_1)
   0.2227    6.5580 v dcache/_2796_/X (sky130_fd_sc_hd__and4_1)
   0.0821    6.6402 ^ dcache/_2797_/Y (sky130_fd_sc_hd__nand2_1)
   0.0867    6.7268 v dcache/_2803_/Y (sky130_fd_sc_hd__nor4_1)
   0.0795    6.8064 ^ dcache/mshrs/_0615_/Y (sky130_fd_sc_hd__inv_1)
   0.0587    6.8651 v dcache/mshrs/_0616_/Y (sky130_fd_sc_hd__nor2_1)
   0.1498    7.0149 v dcache/mshrs/_0617_/Y (sky130_fd_sc_hd__a21boi_0)
   0.2381    7.2530 v dcache/mshrs/_0618_/X (sky130_fd_sc_hd__lpflow_inputiso0n_1)
   0.1857    7.4387 ^ dcache/mshrs/_0752_/Y (sky130_fd_sc_hd__a31oi_1)
   0.0689    7.5076 v dcache/mshrs/_0755_/Y (sky130_fd_sc_hd__nand2_1)
   0.2141    7.7217 v dcache/mshrs/_0756_/X (sky130_fd_sc_hd__a22o_1)
   0.1258    7.8475 v dcache/_2807_/X (sky130_fd_sc_hd__lpflow_isobufsrc_1)
   0.3604    8.2079 ^ dcache/_2808_/Y (sky130_fd_sc_hd__a2111oi_0)
   0.1294    8.3373 v dcache/_2809_/Y (sky130_fd_sc_hd__a311oi_1)
   0.1535    8.4908 ^ dcache/_2810_/X (sky130_fd_sc_hd__lpflow_isobufsrc_1)
   0.0805    8.5713 v dcache/_2812_/Y (sky130_fd_sc_hd__nor3_1)
   0.2226    8.7939 v dcache/_3359_/X (sky130_fd_sc_hd__lpflow_clkbufkapwr_1)
   0.3803    9.1742 v dcache/_3363_/X (sky130_fd_sc_hd__mux2_2)
   0.1967    9.3709 v lsu/_29300_/Y (sky130_fd_sc_hd__nand2b_1)
   0.5002    9.8711 ^ lsu/_29301_/Y (sky130_fd_sc_hd__nor3_1)
   0.2162   10.0873 ^ lsu/_29516_/X (sky130_fd_sc_hd__a22o_1)
   0.0473   10.1346 v lsu/_29517_/Y (sky130_fd_sc_hd__a221oi_1)
   0.2270   10.3616 v lsu/_29518_/X (sky130_fd_sc_hd__and4_1)
   0.0935   10.4551 ^ lsu/_29519_/Y (sky130_fd_sc_hd__nand3_1)
   0.0851   10.5402 v lsu/_29520_/Y (sky130_fd_sc_hd__nand2_1)
   0.0580   10.5981 ^ lsu/_40488_/Y (sky130_fd_sc_hd__nand2_1)
   0.1156   10.7137 v lsu/_40489_/Y (sky130_fd_sc_hd__o21ai_0)
   0.1764   10.8902 v core/memExeUnit/_191_/X (sky130_fd_sc_hd__buf_4)
   0.1819   11.0721 v core/ll_wbarb/_009_/X (sky130_fd_sc_hd__clkbuf_1)
   0.2456   11.3177 v core/ll_wbarb/_010_/X (sky130_fd_sc_hd__clkbuf_1)
   0.0813   11.3990 ^ core/ll_wbarb/_099_/Y (sky130_fd_sc_hd__inv_1)
   0.1445   11.5435 ^ core/FpPipeline/_2061_/X (sky130_fd_sc_hd__lpflow_inputiso0n_1)
   0.0722   11.6158 v core/FpPipeline/_2071_/Y (sky130_fd_sc_hd__nand2_1)
   0.0986   11.7143 ^ core/FpPipeline/_2073_/Y (sky130_fd_sc_hd__a21oi_1)
   0.1152   11.8295 ^ core/ll_wbarb/_100_/X (sky130_fd_sc_hd__or2_2)
   4.8833   16.7129 ^ core/_3793_/Y (sky130_fd_sc_hd__nor3b_1)
   0.5905   17.3034 ^ core/rename_stage/busytable/_2152_/X (sky130_fd_sc_hd__and3b_1)
   0.2495   17.5529 ^ core/rename_stage/busytable/_2153_/X (sky130_fd_sc_hd__clkbuf_1)
   0.3054   17.8583 ^ core/rename_stage/busytable/_2215_/X (sky130_fd_sc_hd__clkbuf_1)
   0.1176   17.9759 v core/rename_stage/busytable/_2353_/Y (sky130_fd_sc_hd__nand3_1)
   0.1029   18.0789 ^ core/rename_stage/busytable/_2358_/Y (sky130_fd_sc_hd__nand4_1)
   0.0718   18.1507 v core/rename_stage/busytable/_2361_/Y (sky130_fd_sc_hd__a31oi_1)
   0.0035   18.1542 v core/rename_stage/busytable/_2570_/D (sky130_fd_sc_hd__dfxtp_1)
            18.1542   data arrival time

  20.0000   20.0000   clock clock (rise edge)
   0.0000   20.0000   clock network delay (ideal)
   0.0000   20.0000   clock reconvergence pessimism
            20.0000 ^ core/rename_stage/busytable/_2570_/CLK (sky130_fd_sc_hd__dfxtp_1)
  -0.1341   19.8659   library setup time
            19.8659   data required time
-------------------------------------------------------------
            19.8659   data required time
           -18.1542   data arrival time
-------------------------------------------------------------
             1.7117   slack (MET)


Startpoint: core/_4005_ (rising edge-triggered flip-flop clocked by clock)
Endpoint: core/rename_stage/busytable/_2568_
          (rising edge-triggered flip-flop clocked by clock)
Path Group: clock
Path Type: max

    Delay      Time   Description
-------------------------------------------------------------
   0.0000    0.0000   clock clock (rise edge)
   0.0000    0.0000   clock network delay (ideal)
   0.0000    0.0000 ^ core/_4005_/CLK (sky130_fd_sc_hd__dfxtp_1)
   0.3332    0.3332 ^ core/_4005_/Q (sky130_fd_sc_hd__dfxtp_1)
   0.3006    0.6338 ^ core/_1893_/Y (sky130_fd_sc_hd__nor3b_1)
   0.1036    0.7374 v core/_1894_/Y (sky130_fd_sc_hd__nand2_1)
   4.7155    5.4530 ^ core/_1919_/Y (sky130_fd_sc_hd__o21ai_0)
   0.7629    6.2158 ^ lsu/_64242_/X (sky130_fd_sc_hd__buf_4)
   0.1194    6.3353 v dcache/_2795_/Y (sky130_fd_sc_hd__a22oi_1)
   0.2227    6.5580 v dcache/_2796_/X (sky130_fd_sc_hd__and4_1)
   0.0821    6.6402 ^ dcache/_2797_/Y (sky130_fd_sc_hd__nand2_1)
   0.0867    6.7268 v dcache/_2803_/Y (sky130_fd_sc_hd__nor4_1)
   0.0795    6.8064 ^ dcache/mshrs/_0615_/Y (sky130_fd_sc_hd__inv_1)
   0.0587    6.8651 v dcache/mshrs/_0616_/Y (sky130_fd_sc_hd__nor2_1)
   0.1498    7.0149 v dcache/mshrs/_0617_/Y (sky130_fd_sc_hd__a21boi_0)
   0.2381    7.2530 v dcache/mshrs/_0618_/X (sky130_fd_sc_hd__lpflow_inputiso0n_1)
   0.1857    7.4387 ^ dcache/mshrs/_0752_/Y (sky130_fd_sc_hd__a31oi_1)
   0.0689    7.5076 v dcache/mshrs/_0755_/Y (sky130_fd_sc_hd__nand2_1)
   0.2141    7.7217 v dcache/mshrs/_0756_/X (sky130_fd_sc_hd__a22o_1)
   0.1258    7.8475 v dcache/_2807_/X (sky130_fd_sc_hd__lpflow_isobufsrc_1)
   0.3604    8.2079 ^ dcache/_2808_/Y (sky130_fd_sc_hd__a2111oi_0)
   0.1294    8.3373 v dcache/_2809_/Y (sky130_fd_sc_hd__a311oi_1)
   0.1535    8.4908 ^ dcache/_2810_/X (sky130_fd_sc_hd__lpflow_isobufsrc_1)
   0.0805    8.5713 v dcache/_2812_/Y (sky130_fd_sc_hd__nor3_1)
   0.2226    8.7939 v dcache/_3359_/X (sky130_fd_sc_hd__lpflow_clkbufkapwr_1)
   0.3803    9.1742 v dcache/_3363_/X (sky130_fd_sc_hd__mux2_2)
   0.1967    9.3709 v lsu/_29300_/Y (sky130_fd_sc_hd__nand2b_1)
   0.5002    9.8711 ^ lsu/_29301_/Y (sky130_fd_sc_hd__nor3_1)
   0.2162   10.0873 ^ lsu/_29516_/X (sky130_fd_sc_hd__a22o_1)
   0.0473   10.1346 v lsu/_29517_/Y (sky130_fd_sc_hd__a221oi_1)
   0.2270   10.3616 v lsu/_29518_/X (sky130_fd_sc_hd__and4_1)
   0.0935   10.4551 ^ lsu/_29519_/Y (sky130_fd_sc_hd__nand3_1)
   0.0851   10.5402 v lsu/_29520_/Y (sky130_fd_sc_hd__nand2_1)
   0.0580   10.5981 ^ lsu/_40488_/Y (sky130_fd_sc_hd__nand2_1)
   0.1156   10.7137 v lsu/_40489_/Y (sky130_fd_sc_hd__o21ai_0)
   0.1764   10.8902 v core/memExeUnit/_191_/X (sky130_fd_sc_hd__buf_4)
   0.1819   11.0721 v core/ll_wbarb/_009_/X (sky130_fd_sc_hd__clkbuf_1)
   0.2456   11.3177 v core/ll_wbarb/_010_/X (sky130_fd_sc_hd__clkbuf_1)
   0.0813   11.3990 ^ core/ll_wbarb/_099_/Y (sky130_fd_sc_hd__inv_1)
   0.1445   11.5435 ^ core/FpPipeline/_2061_/X (sky130_fd_sc_hd__lpflow_inputiso0n_1)
   0.0722   11.6158 v core/FpPipeline/_2071_/Y (sky130_fd_sc_hd__nand2_1)
   0.0986   11.7143 ^ core/FpPipeline/_2073_/Y (sky130_fd_sc_hd__a21oi_1)
   0.1152   11.8295 ^ core/ll_wbarb/_100_/X (sky130_fd_sc_hd__or2_2)
   4.8833   16.7129 ^ core/_3793_/Y (sky130_fd_sc_hd__nor3b_1)
   0.5905   17.3034 ^ core/rename_stage/busytable/_2152_/X (sky130_fd_sc_hd__and3b_1)
   0.2495   17.5529 ^ core/rename_stage/busytable/_2153_/X (sky130_fd_sc_hd__clkbuf_1)
   0.3054   17.8583 ^ core/rename_stage/busytable/_2215_/X (sky130_fd_sc_hd__clkbuf_1)
   0.1175   17.9758 v core/rename_stage/busytable/_2337_/Y (sky130_fd_sc_hd__nand3_1)
   0.1042   18.0800 ^ core/rename_stage/busytable/_2341_/Y (sky130_fd_sc_hd__nand3_1)
   0.0698   18.1498 v core/rename_stage/busytable/_2344_/Y (sky130_fd_sc_hd__a31oi_1)
   0.0035   18.1533 v core/rename_stage/busytable/_2568_/D (sky130_fd_sc_hd__dfxtp_1)
            18.1533   data arrival time

  20.0000   20.0000   clock clock (rise edge)
   0.0000   20.0000   clock network delay (ideal)
   0.0000   20.0000   clock reconvergence pessimism
            20.0000 ^ core/rename_stage/busytable/_2568_/CLK (sky130_fd_sc_hd__dfxtp_1)
  -0.1341   19.8659   library setup time
            19.8659   data required time
-------------------------------------------------------------
            19.8659   data required time
           -18.1533   data arrival time
-------------------------------------------------------------
             1.7127   slack (MET)


Startpoint: core/_4005_ (rising edge-triggered flip-flop clocked by clock)
Endpoint: core/rename_stage/busytable/_2529_
          (rising edge-triggered flip-flop clocked by clock)
Path Group: clock
Path Type: max

    Delay      Time   Description
-------------------------------------------------------------
   0.0000    0.0000   clock clock (rise edge)
   0.0000    0.0000   clock network delay (ideal)
   0.0000    0.0000 ^ core/_4005_/CLK (sky130_fd_sc_hd__dfxtp_1)
   0.3332    0.3332 ^ core/_4005_/Q (sky130_fd_sc_hd__dfxtp_1)
   0.3006    0.6338 ^ core/_1893_/Y (sky130_fd_sc_hd__nor3b_1)
   0.1036    0.7374 v core/_1894_/Y (sky130_fd_sc_hd__nand2_1)
   4.7155    5.4530 ^ core/_1919_/Y (sky130_fd_sc_hd__o21ai_0)
   0.7629    6.2158 ^ lsu/_64242_/X (sky130_fd_sc_hd__buf_4)
   0.1194    6.3353 v dcache/_2795_/Y (sky130_fd_sc_hd__a22oi_1)
   0.2227    6.5580 v dcache/_2796_/X (sky130_fd_sc_hd__and4_1)
   0.0821    6.6402 ^ dcache/_2797_/Y (sky130_fd_sc_hd__nand2_1)
   0.0867    6.7268 v dcache/_2803_/Y (sky130_fd_sc_hd__nor4_1)
   0.0795    6.8064 ^ dcache/mshrs/_0615_/Y (sky130_fd_sc_hd__inv_1)
   0.0587    6.8651 v dcache/mshrs/_0616_/Y (sky130_fd_sc_hd__nor2_1)
   0.1498    7.0149 v dcache/mshrs/_0617_/Y (sky130_fd_sc_hd__a21boi_0)
   0.2381    7.2530 v dcache/mshrs/_0618_/X (sky130_fd_sc_hd__lpflow_inputiso0n_1)
   0.1857    7.4387 ^ dcache/mshrs/_0752_/Y (sky130_fd_sc_hd__a31oi_1)
   0.0689    7.5076 v dcache/mshrs/_0755_/Y (sky130_fd_sc_hd__nand2_1)
   0.2141    7.7217 v dcache/mshrs/_0756_/X (sky130_fd_sc_hd__a22o_1)
   0.1258    7.8475 v dcache/_2807_/X (sky130_fd_sc_hd__lpflow_isobufsrc_1)
   0.3604    8.2079 ^ dcache/_2808_/Y (sky130_fd_sc_hd__a2111oi_0)
   0.1294    8.3373 v dcache/_2809_/Y (sky130_fd_sc_hd__a311oi_1)
   0.1535    8.4908 ^ dcache/_2810_/X (sky130_fd_sc_hd__lpflow_isobufsrc_1)
   0.0805    8.5713 v dcache/_2812_/Y (sky130_fd_sc_hd__nor3_1)
   0.2226    8.7939 v dcache/_3359_/X (sky130_fd_sc_hd__lpflow_clkbufkapwr_1)
   0.3803    9.1742 v dcache/_3363_/X (sky130_fd_sc_hd__mux2_2)
   0.1967    9.3709 v lsu/_29300_/Y (sky130_fd_sc_hd__nand2b_1)
   0.5002    9.8711 ^ lsu/_29301_/Y (sky130_fd_sc_hd__nor3_1)
   0.2162   10.0873 ^ lsu/_29516_/X (sky130_fd_sc_hd__a22o_1)
   0.0473   10.1346 v lsu/_29517_/Y (sky130_fd_sc_hd__a221oi_1)
   0.2270   10.3616 v lsu/_29518_/X (sky130_fd_sc_hd__and4_1)
   0.0935   10.4551 ^ lsu/_29519_/Y (sky130_fd_sc_hd__nand3_1)
   0.0851   10.5402 v lsu/_29520_/Y (sky130_fd_sc_hd__nand2_1)
   0.0580   10.5981 ^ lsu/_40488_/Y (sky130_fd_sc_hd__nand2_1)
   0.1156   10.7137 v lsu/_40489_/Y (sky130_fd_sc_hd__o21ai_0)
   0.1764   10.8902 v core/memExeUnit/_191_/X (sky130_fd_sc_hd__buf_4)
   0.1819   11.0721 v core/ll_wbarb/_009_/X (sky130_fd_sc_hd__clkbuf_1)
   0.2456   11.3177 v core/ll_wbarb/_010_/X (sky130_fd_sc_hd__clkbuf_1)
   0.0813   11.3990 ^ core/ll_wbarb/_099_/Y (sky130_fd_sc_hd__inv_1)
   0.1445   11.5435 ^ core/FpPipeline/_2061_/X (sky130_fd_sc_hd__lpflow_inputiso0n_1)
   0.0722   11.6158 v core/FpPipeline/_2071_/Y (sky130_fd_sc_hd__nand2_1)
   0.0986   11.7143 ^ core/FpPipeline/_2073_/Y (sky130_fd_sc_hd__a21oi_1)
   0.1152   11.8295 ^ core/ll_wbarb/_100_/X (sky130_fd_sc_hd__or2_2)
   4.8833   16.7129 ^ core/_3793_/Y (sky130_fd_sc_hd__nor3b_1)
   0.7968   17.5097 ^ core/rename_stage/busytable/_1605_/Y (sky130_fd_sc_hd__nor3b_1)
   0.3380   17.8477 ^ core/rename_stage/busytable/_1606_/X (sky130_fd_sc_hd__clkbuf_1)
   0.1166   17.9643 v core/rename_stage/busytable/_1955_/Y (sky130_fd_sc_hd__nand3_1)
   0.1095   18.0738 ^ core/rename_stage/busytable/_1960_/Y (sky130_fd_sc_hd__nand4_1)
   0.0718   18.1456 v core/rename_stage/busytable/_1965_/Y (sky130_fd_sc_hd__a31oi_1)
   0.0035   18.1491 v core/rename_stage/busytable/_2529_/D (sky130_fd_sc_hd__dfxtp_1)
            18.1491   data arrival time

  20.0000   20.0000   clock clock (rise edge)
   0.0000   20.0000   clock network delay (ideal)
   0.0000   20.0000   clock reconvergence pessimism
            20.0000 ^ core/rename_stage/busytable/_2529_/CLK (sky130_fd_sc_hd__dfxtp_1)
  -0.1341   19.8659   library setup time
            19.8659   data required time
-------------------------------------------------------------
            19.8659   data required time
           -18.1491   data arrival time
-------------------------------------------------------------
             1.7168   slack (MET)


Startpoint: core/_4005_ (rising edge-triggered flip-flop clocked by clock)
Endpoint: core/rename_stage/busytable/_2535_
          (rising edge-triggered flip-flop clocked by clock)
Path Group: clock
Path Type: max

    Delay      Time   Description
-------------------------------------------------------------
   0.0000    0.0000   clock clock (rise edge)
   0.0000    0.0000   clock network delay (ideal)
   0.0000    0.0000 ^ core/_4005_/CLK (sky130_fd_sc_hd__dfxtp_1)
   0.3332    0.3332 ^ core/_4005_/Q (sky130_fd_sc_hd__dfxtp_1)
   0.3006    0.6338 ^ core/_1893_/Y (sky130_fd_sc_hd__nor3b_1)
   0.1036    0.7374 v core/_1894_/Y (sky130_fd_sc_hd__nand2_1)
   4.7155    5.4530 ^ core/_1919_/Y (sky130_fd_sc_hd__o21ai_0)
   0.7629    6.2158 ^ lsu/_64242_/X (sky130_fd_sc_hd__buf_4)
   0.1194    6.3353 v dcache/_2795_/Y (sky130_fd_sc_hd__a22oi_1)
   0.2227    6.5580 v dcache/_2796_/X (sky130_fd_sc_hd__and4_1)
   0.0821    6.6402 ^ dcache/_2797_/Y (sky130_fd_sc_hd__nand2_1)
   0.0867    6.7268 v dcache/_2803_/Y (sky130_fd_sc_hd__nor4_1)
   0.0795    6.8064 ^ dcache/mshrs/_0615_/Y (sky130_fd_sc_hd__inv_1)
   0.0587    6.8651 v dcache/mshrs/_0616_/Y (sky130_fd_sc_hd__nor2_1)
   0.1498    7.0149 v dcache/mshrs/_0617_/Y (sky130_fd_sc_hd__a21boi_0)
   0.2381    7.2530 v dcache/mshrs/_0618_/X (sky130_fd_sc_hd__lpflow_inputiso0n_1)
   0.1857    7.4387 ^ dcache/mshrs/_0752_/Y (sky130_fd_sc_hd__a31oi_1)
   0.0689    7.5076 v dcache/mshrs/_0755_/Y (sky130_fd_sc_hd__nand2_1)
   0.2141    7.7217 v dcache/mshrs/_0756_/X (sky130_fd_sc_hd__a22o_1)
   0.1258    7.8475 v dcache/_2807_/X (sky130_fd_sc_hd__lpflow_isobufsrc_1)
   0.3604    8.2079 ^ dcache/_2808_/Y (sky130_fd_sc_hd__a2111oi_0)
   0.1294    8.3373 v dcache/_2809_/Y (sky130_fd_sc_hd__a311oi_1)
   0.1535    8.4908 ^ dcache/_2810_/X (sky130_fd_sc_hd__lpflow_isobufsrc_1)
   0.0805    8.5713 v dcache/_2812_/Y (sky130_fd_sc_hd__nor3_1)
   0.2226    8.7939 v dcache/_3359_/X (sky130_fd_sc_hd__lpflow_clkbufkapwr_1)
   0.3803    9.1742 v dcache/_3363_/X (sky130_fd_sc_hd__mux2_2)
   0.1967    9.3709 v lsu/_29300_/Y (sky130_fd_sc_hd__nand2b_1)
   0.5002    9.8711 ^ lsu/_29301_/Y (sky130_fd_sc_hd__nor3_1)
   0.2162   10.0873 ^ lsu/_29516_/X (sky130_fd_sc_hd__a22o_1)
   0.0473   10.1346 v lsu/_29517_/Y (sky130_fd_sc_hd__a221oi_1)
   0.2270   10.3616 v lsu/_29518_/X (sky130_fd_sc_hd__and4_1)
   0.0935   10.4551 ^ lsu/_29519_/Y (sky130_fd_sc_hd__nand3_1)
   0.0851   10.5402 v lsu/_29520_/Y (sky130_fd_sc_hd__nand2_1)
   0.0580   10.5981 ^ lsu/_40488_/Y (sky130_fd_sc_hd__nand2_1)
   0.1156   10.7137 v lsu/_40489_/Y (sky130_fd_sc_hd__o21ai_0)
   0.1764   10.8902 v core/memExeUnit/_191_/X (sky130_fd_sc_hd__buf_4)
   0.1819   11.0721 v core/ll_wbarb/_009_/X (sky130_fd_sc_hd__clkbuf_1)
   0.2456   11.3177 v core/ll_wbarb/_010_/X (sky130_fd_sc_hd__clkbuf_1)
   0.0813   11.3990 ^ core/ll_wbarb/_099_/Y (sky130_fd_sc_hd__inv_1)
   0.1445   11.5435 ^ core/FpPipeline/_2061_/X (sky130_fd_sc_hd__lpflow_inputiso0n_1)
   0.0722   11.6158 v core/FpPipeline/_2071_/Y (sky130_fd_sc_hd__nand2_1)
   0.0986   11.7143 ^ core/FpPipeline/_2073_/Y (sky130_fd_sc_hd__a21oi_1)
   0.1152   11.8295 ^ core/ll_wbarb/_100_/X (sky130_fd_sc_hd__or2_2)
   4.8833   16.7129 ^ core/_3793_/Y (sky130_fd_sc_hd__nor3b_1)
   0.7968   17.5097 ^ core/rename_stage/busytable/_1605_/Y (sky130_fd_sc_hd__nor3b_1)
   0.3380   17.8477 ^ core/rename_stage/busytable/_1606_/X (sky130_fd_sc_hd__clkbuf_1)
   0.1174   17.9650 v core/rename_stage/busytable/_2030_/Y (sky130_fd_sc_hd__nand3_1)
   0.1029   18.0679 ^ core/rename_stage/busytable/_2036_/Y (sky130_fd_sc_hd__nand4_1)
   0.0721   18.1400 v core/rename_stage/busytable/_2039_/Y (sky130_fd_sc_hd__a31oi_1)
   0.0035   18.1435 v core/rename_stage/busytable/_2535_/D (sky130_fd_sc_hd__dfxtp_1)
            18.1435   data arrival time

  20.0000   20.0000   clock clock (rise edge)
   0.0000   20.0000   clock network delay (ideal)
   0.0000   20.0000   clock reconvergence pessimism
            20.0000 ^ core/rename_stage/busytable/_2535_/CLK (sky130_fd_sc_hd__dfxtp_1)
  -0.1341   19.8659   library setup time
            19.8659   data required time
-------------------------------------------------------------
            19.8659   data required time
           -18.1435   data arrival time
-------------------------------------------------------------
             1.7224   slack (MET)


Startpoint: core/_4005_ (rising edge-triggered flip-flop clocked by clock)
Endpoint: core/rename_stage/busytable/_2538_
          (rising edge-triggered flip-flop clocked by clock)
Path Group: clock
Path Type: max

    Delay      Time   Description
-------------------------------------------------------------
   0.0000    0.0000   clock clock (rise edge)
   0.0000    0.0000   clock network delay (ideal)
   0.0000    0.0000 ^ core/_4005_/CLK (sky130_fd_sc_hd__dfxtp_1)
   0.3332    0.3332 ^ core/_4005_/Q (sky130_fd_sc_hd__dfxtp_1)
   0.3006    0.6338 ^ core/_1893_/Y (sky130_fd_sc_hd__nor3b_1)
   0.1036    0.7374 v core/_1894_/Y (sky130_fd_sc_hd__nand2_1)
   4.7155    5.4530 ^ core/_1919_/Y (sky130_fd_sc_hd__o21ai_0)
   0.7629    6.2158 ^ lsu/_64242_/X (sky130_fd_sc_hd__buf_4)
   0.1194    6.3353 v dcache/_2795_/Y (sky130_fd_sc_hd__a22oi_1)
   0.2227    6.5580 v dcache/_2796_/X (sky130_fd_sc_hd__and4_1)
   0.0821    6.6402 ^ dcache/_2797_/Y (sky130_fd_sc_hd__nand2_1)
   0.0867    6.7268 v dcache/_2803_/Y (sky130_fd_sc_hd__nor4_1)
   0.0795    6.8064 ^ dcache/mshrs/_0615_/Y (sky130_fd_sc_hd__inv_1)
   0.0587    6.8651 v dcache/mshrs/_0616_/Y (sky130_fd_sc_hd__nor2_1)
   0.1498    7.0149 v dcache/mshrs/_0617_/Y (sky130_fd_sc_hd__a21boi_0)
   0.2381    7.2530 v dcache/mshrs/_0618_/X (sky130_fd_sc_hd__lpflow_inputiso0n_1)
   0.1857    7.4387 ^ dcache/mshrs/_0752_/Y (sky130_fd_sc_hd__a31oi_1)
   0.0689    7.5076 v dcache/mshrs/_0755_/Y (sky130_fd_sc_hd__nand2_1)
   0.2141    7.7217 v dcache/mshrs/_0756_/X (sky130_fd_sc_hd__a22o_1)
   0.1258    7.8475 v dcache/_2807_/X (sky130_fd_sc_hd__lpflow_isobufsrc_1)
   0.3604    8.2079 ^ dcache/_2808_/Y (sky130_fd_sc_hd__a2111oi_0)
   0.1294    8.3373 v dcache/_2809_/Y (sky130_fd_sc_hd__a311oi_1)
   0.1535    8.4908 ^ dcache/_2810_/X (sky130_fd_sc_hd__lpflow_isobufsrc_1)
   0.0805    8.5713 v dcache/_2812_/Y (sky130_fd_sc_hd__nor3_1)
   0.2226    8.7939 v dcache/_3359_/X (sky130_fd_sc_hd__lpflow_clkbufkapwr_1)
   0.3803    9.1742 v dcache/_3363_/X (sky130_fd_sc_hd__mux2_2)
   0.1967    9.3709 v lsu/_29300_/Y (sky130_fd_sc_hd__nand2b_1)
   0.5002    9.8711 ^ lsu/_29301_/Y (sky130_fd_sc_hd__nor3_1)
   0.2162   10.0873 ^ lsu/_29516_/X (sky130_fd_sc_hd__a22o_1)
   0.0473   10.1346 v lsu/_29517_/Y (sky130_fd_sc_hd__a221oi_1)
   0.2270   10.3616 v lsu/_29518_/X (sky130_fd_sc_hd__and4_1)
   0.0935   10.4551 ^ lsu/_29519_/Y (sky130_fd_sc_hd__nand3_1)
   0.0851   10.5402 v lsu/_29520_/Y (sky130_fd_sc_hd__nand2_1)
   0.0580   10.5981 ^ lsu/_40488_/Y (sky130_fd_sc_hd__nand2_1)
   0.1156   10.7137 v lsu/_40489_/Y (sky130_fd_sc_hd__o21ai_0)
   0.1764   10.8902 v core/memExeUnit/_191_/X (sky130_fd_sc_hd__buf_4)
   0.1819   11.0721 v core/ll_wbarb/_009_/X (sky130_fd_sc_hd__clkbuf_1)
   0.2456   11.3177 v core/ll_wbarb/_010_/X (sky130_fd_sc_hd__clkbuf_1)
   0.0813   11.3990 ^ core/ll_wbarb/_099_/Y (sky130_fd_sc_hd__inv_1)
   0.1445   11.5435 ^ core/FpPipeline/_2061_/X (sky130_fd_sc_hd__lpflow_inputiso0n_1)
   0.0722   11.6158 v core/FpPipeline/_2071_/Y (sky130_fd_sc_hd__nand2_1)
   0.0986   11.7143 ^ core/FpPipeline/_2073_/Y (sky130_fd_sc_hd__a21oi_1)
   0.1152   11.8295 ^ core/ll_wbarb/_100_/X (sky130_fd_sc_hd__or2_2)
   4.8833   16.7129 ^ core/_3793_/Y (sky130_fd_sc_hd__nor3b_1)
   0.7968   17.5097 ^ core/rename_stage/busytable/_1605_/Y (sky130_fd_sc_hd__nor3b_1)
   0.3380   17.8477 ^ core/rename_stage/busytable/_1606_/X (sky130_fd_sc_hd__clkbuf_1)
   0.1174   17.9650 v core/rename_stage/busytable/_2063_/Y (sky130_fd_sc_hd__nand3_1)
   0.1029   18.0679 ^ core/rename_stage/busytable/_2072_/Y (sky130_fd_sc_hd__nand4_1)
   0.0720   18.1400 v core/rename_stage/busytable/_2076_/Y (sky130_fd_sc_hd__a31oi_1)
   0.0035   18.1434 v core/rename_stage/busytable/_2538_/D (sky130_fd_sc_hd__dfxtp_1)
            18.1434   data arrival time

  20.0000   20.0000   clock clock (rise edge)
   0.0000   20.0000   clock network delay (ideal)
   0.0000   20.0000   clock reconvergence pessimism
            20.0000 ^ core/rename_stage/busytable/_2538_/CLK (sky130_fd_sc_hd__dfxtp_1)
  -0.1341   19.8659   library setup time
            19.8659   data required time
-------------------------------------------------------------
            19.8659   data required time
           -18.1434   data arrival time
-------------------------------------------------------------
             1.7225   slack (MET)


Startpoint: core/_4005_ (rising edge-triggered flip-flop clocked by clock)
Endpoint: core/rename_stage/busytable/_2532_
          (rising edge-triggered flip-flop clocked by clock)
Path Group: clock
Path Type: max

    Delay      Time   Description
-------------------------------------------------------------
   0.0000    0.0000   clock clock (rise edge)
   0.0000    0.0000   clock network delay (ideal)
   0.0000    0.0000 ^ core/_4005_/CLK (sky130_fd_sc_hd__dfxtp_1)
   0.3332    0.3332 ^ core/_4005_/Q (sky130_fd_sc_hd__dfxtp_1)
   0.3006    0.6338 ^ core/_1893_/Y (sky130_fd_sc_hd__nor3b_1)
   0.1036    0.7374 v core/_1894_/Y (sky130_fd_sc_hd__nand2_1)
   4.7155    5.4530 ^ core/_1919_/Y (sky130_fd_sc_hd__o21ai_0)
   0.7629    6.2158 ^ lsu/_64242_/X (sky130_fd_sc_hd__buf_4)
   0.1194    6.3353 v dcache/_2795_/Y (sky130_fd_sc_hd__a22oi_1)
   0.2227    6.5580 v dcache/_2796_/X (sky130_fd_sc_hd__and4_1)
   0.0821    6.6402 ^ dcache/_2797_/Y (sky130_fd_sc_hd__nand2_1)
   0.0867    6.7268 v dcache/_2803_/Y (sky130_fd_sc_hd__nor4_1)
   0.0795    6.8064 ^ dcache/mshrs/_0615_/Y (sky130_fd_sc_hd__inv_1)
   0.0587    6.8651 v dcache/mshrs/_0616_/Y (sky130_fd_sc_hd__nor2_1)
   0.1498    7.0149 v dcache/mshrs/_0617_/Y (sky130_fd_sc_hd__a21boi_0)
   0.2381    7.2530 v dcache/mshrs/_0618_/X (sky130_fd_sc_hd__lpflow_inputiso0n_1)
   0.1857    7.4387 ^ dcache/mshrs/_0752_/Y (sky130_fd_sc_hd__a31oi_1)
   0.0689    7.5076 v dcache/mshrs/_0755_/Y (sky130_fd_sc_hd__nand2_1)
   0.2141    7.7217 v dcache/mshrs/_0756_/X (sky130_fd_sc_hd__a22o_1)
   0.1258    7.8475 v dcache/_2807_/X (sky130_fd_sc_hd__lpflow_isobufsrc_1)
   0.3604    8.2079 ^ dcache/_2808_/Y (sky130_fd_sc_hd__a2111oi_0)
   0.1294    8.3373 v dcache/_2809_/Y (sky130_fd_sc_hd__a311oi_1)
   0.1535    8.4908 ^ dcache/_2810_/X (sky130_fd_sc_hd__lpflow_isobufsrc_1)
   0.0805    8.5713 v dcache/_2812_/Y (sky130_fd_sc_hd__nor3_1)
   0.2226    8.7939 v dcache/_3359_/X (sky130_fd_sc_hd__lpflow_clkbufkapwr_1)
   0.3803    9.1742 v dcache/_3363_/X (sky130_fd_sc_hd__mux2_2)
   0.1967    9.3709 v lsu/_29300_/Y (sky130_fd_sc_hd__nand2b_1)
   0.5002    9.8711 ^ lsu/_29301_/Y (sky130_fd_sc_hd__nor3_1)
   0.2162   10.0873 ^ lsu/_29516_/X (sky130_fd_sc_hd__a22o_1)
   0.0473   10.1346 v lsu/_29517_/Y (sky130_fd_sc_hd__a221oi_1)
   0.2270   10.3616 v lsu/_29518_/X (sky130_fd_sc_hd__and4_1)
   0.0935   10.4551 ^ lsu/_29519_/Y (sky130_fd_sc_hd__nand3_1)
   0.0851   10.5402 v lsu/_29520_/Y (sky130_fd_sc_hd__nand2_1)
   0.0580   10.5981 ^ lsu/_40488_/Y (sky130_fd_sc_hd__nand2_1)
   0.1156   10.7137 v lsu/_40489_/Y (sky130_fd_sc_hd__o21ai_0)
   0.1764   10.8902 v core/memExeUnit/_191_/X (sky130_fd_sc_hd__buf_4)
   0.1819   11.0721 v core/ll_wbarb/_009_/X (sky130_fd_sc_hd__clkbuf_1)
   0.2456   11.3177 v core/ll_wbarb/_010_/X (sky130_fd_sc_hd__clkbuf_1)
   0.0813   11.3990 ^ core/ll_wbarb/_099_/Y (sky130_fd_sc_hd__inv_1)
   0.1445   11.5435 ^ core/FpPipeline/_2061_/X (sky130_fd_sc_hd__lpflow_inputiso0n_1)
   0.0722   11.6158 v core/FpPipeline/_2071_/Y (sky130_fd_sc_hd__nand2_1)
   0.0986   11.7143 ^ core/FpPipeline/_2073_/Y (sky130_fd_sc_hd__a21oi_1)
   0.1152   11.8295 ^ core/ll_wbarb/_100_/X (sky130_fd_sc_hd__or2_2)
   4.8833   16.7129 ^ core/_3793_/Y (sky130_fd_sc_hd__nor3b_1)
   0.7968   17.5097 ^ core/rename_stage/busytable/_1605_/Y (sky130_fd_sc_hd__nor3b_1)
   0.3380   17.8477 ^ core/rename_stage/busytable/_1606_/X (sky130_fd_sc_hd__clkbuf_1)
   0.1174   17.9650 v core/rename_stage/busytable/_1992_/Y (sky130_fd_sc_hd__nand3_1)
   0.1029   18.0679 ^ core/rename_stage/busytable/_2000_/Y (sky130_fd_sc_hd__nand4_1)
   0.0718   18.1398 v core/rename_stage/busytable/_2005_/Y (sky130_fd_sc_hd__a31oi_1)
   0.0035   18.1433 v core/rename_stage/busytable/_2532_/D (sky130_fd_sc_hd__dfxtp_1)
            18.1433   data arrival time

  20.0000   20.0000   clock clock (rise edge)
   0.0000   20.0000   clock network delay (ideal)
   0.0000   20.0000   clock reconvergence pessimism
            20.0000 ^ core/rename_stage/busytable/_2532_/CLK (sky130_fd_sc_hd__dfxtp_1)
  -0.1341   19.8659   library setup time
            19.8659   data required time
-------------------------------------------------------------
            19.8659   data required time
           -18.1433   data arrival time
-------------------------------------------------------------
             1.7227   slack (MET)


Startpoint: core/_4005_ (rising edge-triggered flip-flop clocked by clock)
Endpoint: core/rename_stage/busytable/_2533_
          (rising edge-triggered flip-flop clocked by clock)
Path Group: clock
Path Type: max

    Delay      Time   Description
-------------------------------------------------------------
   0.0000    0.0000   clock clock (rise edge)
   0.0000    0.0000   clock network delay (ideal)
   0.0000    0.0000 ^ core/_4005_/CLK (sky130_fd_sc_hd__dfxtp_1)
   0.3332    0.3332 ^ core/_4005_/Q (sky130_fd_sc_hd__dfxtp_1)
   0.3006    0.6338 ^ core/_1893_/Y (sky130_fd_sc_hd__nor3b_1)
   0.1036    0.7374 v core/_1894_/Y (sky130_fd_sc_hd__nand2_1)
   4.7155    5.4530 ^ core/_1919_/Y (sky130_fd_sc_hd__o21ai_0)
   0.7629    6.2158 ^ lsu/_64242_/X (sky130_fd_sc_hd__buf_4)
   0.1194    6.3353 v dcache/_2795_/Y (sky130_fd_sc_hd__a22oi_1)
   0.2227    6.5580 v dcache/_2796_/X (sky130_fd_sc_hd__and4_1)
   0.0821    6.6402 ^ dcache/_2797_/Y (sky130_fd_sc_hd__nand2_1)
   0.0867    6.7268 v dcache/_2803_/Y (sky130_fd_sc_hd__nor4_1)
   0.0795    6.8064 ^ dcache/mshrs/_0615_/Y (sky130_fd_sc_hd__inv_1)
   0.0587    6.8651 v dcache/mshrs/_0616_/Y (sky130_fd_sc_hd__nor2_1)
   0.1498    7.0149 v dcache/mshrs/_0617_/Y (sky130_fd_sc_hd__a21boi_0)
   0.2381    7.2530 v dcache/mshrs/_0618_/X (sky130_fd_sc_hd__lpflow_inputiso0n_1)
   0.1857    7.4387 ^ dcache/mshrs/_0752_/Y (sky130_fd_sc_hd__a31oi_1)
   0.0689    7.5076 v dcache/mshrs/_0755_/Y (sky130_fd_sc_hd__nand2_1)
   0.2141    7.7217 v dcache/mshrs/_0756_/X (sky130_fd_sc_hd__a22o_1)
   0.1258    7.8475 v dcache/_2807_/X (sky130_fd_sc_hd__lpflow_isobufsrc_1)
   0.3604    8.2079 ^ dcache/_2808_/Y (sky130_fd_sc_hd__a2111oi_0)
   0.1294    8.3373 v dcache/_2809_/Y (sky130_fd_sc_hd__a311oi_1)
   0.1535    8.4908 ^ dcache/_2810_/X (sky130_fd_sc_hd__lpflow_isobufsrc_1)
   0.0805    8.5713 v dcache/_2812_/Y (sky130_fd_sc_hd__nor3_1)
   0.2226    8.7939 v dcache/_3359_/X (sky130_fd_sc_hd__lpflow_clkbufkapwr_1)
   0.3803    9.1742 v dcache/_3363_/X (sky130_fd_sc_hd__mux2_2)
   0.1967    9.3709 v lsu/_29300_/Y (sky130_fd_sc_hd__nand2b_1)
   0.5002    9.8711 ^ lsu/_29301_/Y (sky130_fd_sc_hd__nor3_1)
   0.2162   10.0873 ^ lsu/_29516_/X (sky130_fd_sc_hd__a22o_1)
   0.0473   10.1346 v lsu/_29517_/Y (sky130_fd_sc_hd__a221oi_1)
   0.2270   10.3616 v lsu/_29518_/X (sky130_fd_sc_hd__and4_1)
   0.0935   10.4551 ^ lsu/_29519_/Y (sky130_fd_sc_hd__nand3_1)
   0.0851   10.5402 v lsu/_29520_/Y (sky130_fd_sc_hd__nand2_1)
   0.0580   10.5981 ^ lsu/_40488_/Y (sky130_fd_sc_hd__nand2_1)
   0.1156   10.7137 v lsu/_40489_/Y (sky130_fd_sc_hd__o21ai_0)
   0.1764   10.8902 v core/memExeUnit/_191_/X (sky130_fd_sc_hd__buf_4)
   0.1819   11.0721 v core/ll_wbarb/_009_/X (sky130_fd_sc_hd__clkbuf_1)
   0.2456   11.3177 v core/ll_wbarb/_010_/X (sky130_fd_sc_hd__clkbuf_1)
   0.0813   11.3990 ^ core/ll_wbarb/_099_/Y (sky130_fd_sc_hd__inv_1)
   0.1445   11.5435 ^ core/FpPipeline/_2061_/X (sky130_fd_sc_hd__lpflow_inputiso0n_1)
   0.0722   11.6158 v core/FpPipeline/_2071_/Y (sky130_fd_sc_hd__nand2_1)
   0.0986   11.7143 ^ core/FpPipeline/_2073_/Y (sky130_fd_sc_hd__a21oi_1)
   0.1152   11.8295 ^ core/ll_wbarb/_100_/X (sky130_fd_sc_hd__or2_2)
   4.8833   16.7129 ^ core/_3793_/Y (sky130_fd_sc_hd__nor3b_1)
   0.7968   17.5097 ^ core/rename_stage/busytable/_1605_/Y (sky130_fd_sc_hd__nor3b_1)
   0.3380   17.8477 ^ core/rename_stage/busytable/_1606_/X (sky130_fd_sc_hd__clkbuf_1)
   0.1166   17.9643 v core/rename_stage/busytable/_2010_/Y (sky130_fd_sc_hd__nand3_1)
   0.1099   18.0742 ^ core/rename_stage/busytable/_2014_/Y (sky130_fd_sc_hd__nand4_1)
   0.0628   18.1371 v core/rename_stage/busytable/_2018_/Y (sky130_fd_sc_hd__a21oi_1)
   0.0035   18.1406 v core/rename_stage/busytable/_2533_/D (sky130_fd_sc_hd__dfxtp_1)
            18.1406   data arrival time

  20.0000   20.0000   clock clock (rise edge)
   0.0000   20.0000   clock network delay (ideal)
   0.0000   20.0000   clock reconvergence pessimism
            20.0000 ^ core/rename_stage/busytable/_2533_/CLK (sky130_fd_sc_hd__dfxtp_1)
  -0.1339   19.8661   library setup time
            19.8661   data required time
-------------------------------------------------------------
            19.8661   data required time
           -18.1406   data arrival time
-------------------------------------------------------------
             1.7256   slack (MET)


Startpoint: core/_4005_ (rising edge-triggered flip-flop clocked by clock)
Endpoint: core/rename_stage/busytable/_2557_
          (rising edge-triggered flip-flop clocked by clock)
Path Group: clock
Path Type: max

    Delay      Time   Description
-------------------------------------------------------------
   0.0000    0.0000   clock clock (rise edge)
   0.0000    0.0000   clock network delay (ideal)
   0.0000    0.0000 ^ core/_4005_/CLK (sky130_fd_sc_hd__dfxtp_1)
   0.3332    0.3332 ^ core/_4005_/Q (sky130_fd_sc_hd__dfxtp_1)
   0.3006    0.6338 ^ core/_1893_/Y (sky130_fd_sc_hd__nor3b_1)
   0.1036    0.7374 v core/_1894_/Y (sky130_fd_sc_hd__nand2_1)
   4.7155    5.4530 ^ core/_1919_/Y (sky130_fd_sc_hd__o21ai_0)
   0.7629    6.2158 ^ lsu/_64242_/X (sky130_fd_sc_hd__buf_4)
   0.1194    6.3353 v dcache/_2795_/Y (sky130_fd_sc_hd__a22oi_1)
   0.2227    6.5580 v dcache/_2796_/X (sky130_fd_sc_hd__and4_1)
   0.0821    6.6402 ^ dcache/_2797_/Y (sky130_fd_sc_hd__nand2_1)
   0.0867    6.7268 v dcache/_2803_/Y (sky130_fd_sc_hd__nor4_1)
   0.0795    6.8064 ^ dcache/mshrs/_0615_/Y (sky130_fd_sc_hd__inv_1)
   0.0587    6.8651 v dcache/mshrs/_0616_/Y (sky130_fd_sc_hd__nor2_1)
   0.1498    7.0149 v dcache/mshrs/_0617_/Y (sky130_fd_sc_hd__a21boi_0)
   0.2381    7.2530 v dcache/mshrs/_0618_/X (sky130_fd_sc_hd__lpflow_inputiso0n_1)
   0.1857    7.4387 ^ dcache/mshrs/_0752_/Y (sky130_fd_sc_hd__a31oi_1)
   0.0689    7.5076 v dcache/mshrs/_0755_/Y (sky130_fd_sc_hd__nand2_1)
   0.2141    7.7217 v dcache/mshrs/_0756_/X (sky130_fd_sc_hd__a22o_1)
   0.1258    7.8475 v dcache/_2807_/X (sky130_fd_sc_hd__lpflow_isobufsrc_1)
   0.3604    8.2079 ^ dcache/_2808_/Y (sky130_fd_sc_hd__a2111oi_0)
   0.1294    8.3373 v dcache/_2809_/Y (sky130_fd_sc_hd__a311oi_1)
   0.1535    8.4908 ^ dcache/_2810_/X (sky130_fd_sc_hd__lpflow_isobufsrc_1)
   0.0805    8.5713 v dcache/_2812_/Y (sky130_fd_sc_hd__nor3_1)
   0.2226    8.7939 v dcache/_3359_/X (sky130_fd_sc_hd__lpflow_clkbufkapwr_1)
   0.3803    9.1742 v dcache/_3363_/X (sky130_fd_sc_hd__mux2_2)
   0.1967    9.3709 v lsu/_29300_/Y (sky130_fd_sc_hd__nand2b_1)
   0.5002    9.8711 ^ lsu/_29301_/Y (sky130_fd_sc_hd__nor3_1)
   0.2162   10.0873 ^ lsu/_29516_/X (sky130_fd_sc_hd__a22o_1)
   0.0473   10.1346 v lsu/_29517_/Y (sky130_fd_sc_hd__a221oi_1)
   0.2270   10.3616 v lsu/_29518_/X (sky130_fd_sc_hd__and4_1)
   0.0935   10.4551 ^ lsu/_29519_/Y (sky130_fd_sc_hd__nand3_1)
   0.0851   10.5402 v lsu/_29520_/Y (sky130_fd_sc_hd__nand2_1)
   0.0580   10.5981 ^ lsu/_40488_/Y (sky130_fd_sc_hd__nand2_1)
   0.1156   10.7137 v lsu/_40489_/Y (sky130_fd_sc_hd__o21ai_0)
   0.1764   10.8902 v core/memExeUnit/_191_/X (sky130_fd_sc_hd__buf_4)
   0.1819   11.0721 v core/ll_wbarb/_009_/X (sky130_fd_sc_hd__clkbuf_1)
   0.2456   11.3177 v core/ll_wbarb/_010_/X (sky130_fd_sc_hd__clkbuf_1)
   0.0813   11.3990 ^ core/ll_wbarb/_099_/Y (sky130_fd_sc_hd__inv_1)
   0.1445   11.5435 ^ core/FpPipeline/_2061_/X (sky130_fd_sc_hd__lpflow_inputiso0n_1)
   0.0722   11.6158 v core/FpPipeline/_2071_/Y (sky130_fd_sc_hd__nand2_1)
   0.0986   11.7143 ^ core/FpPipeline/_2073_/Y (sky130_fd_sc_hd__a21oi_1)
   0.1152   11.8295 ^ core/ll_wbarb/_100_/X (sky130_fd_sc_hd__or2_2)
   4.8833   16.7129 ^ core/_3793_/Y (sky130_fd_sc_hd__nor3b_1)
   0.5905   17.3034 ^ core/rename_stage/busytable/_2152_/X (sky130_fd_sc_hd__and3b_1)
   0.2495   17.5529 ^ core/rename_stage/busytable/_2153_/X (sky130_fd_sc_hd__clkbuf_1)
   0.3054   17.8583 ^ core/rename_stage/busytable/_2215_/X (sky130_fd_sc_hd__clkbuf_1)
   0.1142   17.9725 v core/rename_stage/busytable/_2248_/Y (sky130_fd_sc_hd__a21oi_1)
   0.0972   18.0697 ^ core/rename_stage/busytable/_2249_/Y (sky130_fd_sc_hd__nand4_1)
   0.0618   18.1315 v core/rename_stage/busytable/_2251_/Y (sky130_fd_sc_hd__a21oi_1)
   0.0035   18.1350 v core/rename_stage/busytable/_2557_/D (sky130_fd_sc_hd__dfxtp_1)
            18.1350   data arrival time

  20.0000   20.0000   clock clock (rise edge)
   0.0000   20.0000   clock network delay (ideal)
   0.0000   20.0000   clock reconvergence pessimism
            20.0000 ^ core/rename_stage/busytable/_2557_/CLK (sky130_fd_sc_hd__dfxtp_1)
  -0.1339   19.8661   library setup time
            19.8661   data required time
-------------------------------------------------------------
            19.8661   data required time
           -18.1350   data arrival time
-------------------------------------------------------------
             1.7311   slack (MET)


Startpoint: core/_4005_ (rising edge-triggered flip-flop clocked by clock)
Endpoint: core/rename_stage/busytable/_2520_
          (rising edge-triggered flip-flop clocked by clock)
Path Group: clock
Path Type: max

    Delay      Time   Description
-------------------------------------------------------------
   0.0000    0.0000   clock clock (rise edge)
   0.0000    0.0000   clock network delay (ideal)
   0.0000    0.0000 ^ core/_4005_/CLK (sky130_fd_sc_hd__dfxtp_1)
   0.3332    0.3332 ^ core/_4005_/Q (sky130_fd_sc_hd__dfxtp_1)
   0.3006    0.6338 ^ core/_1893_/Y (sky130_fd_sc_hd__nor3b_1)
   0.1036    0.7374 v core/_1894_/Y (sky130_fd_sc_hd__nand2_1)
   4.7155    5.4530 ^ core/_1919_/Y (sky130_fd_sc_hd__o21ai_0)
   0.7629    6.2158 ^ lsu/_64242_/X (sky130_fd_sc_hd__buf_4)
   0.1194    6.3353 v dcache/_2795_/Y (sky130_fd_sc_hd__a22oi_1)
   0.2227    6.5580 v dcache/_2796_/X (sky130_fd_sc_hd__and4_1)
   0.0821    6.6402 ^ dcache/_2797_/Y (sky130_fd_sc_hd__nand2_1)
   0.0867    6.7268 v dcache/_2803_/Y (sky130_fd_sc_hd__nor4_1)
   0.0795    6.8064 ^ dcache/mshrs/_0615_/Y (sky130_fd_sc_hd__inv_1)
   0.0587    6.8651 v dcache/mshrs/_0616_/Y (sky130_fd_sc_hd__nor2_1)
   0.1498    7.0149 v dcache/mshrs/_0617_/Y (sky130_fd_sc_hd__a21boi_0)
   0.2381    7.2530 v dcache/mshrs/_0618_/X (sky130_fd_sc_hd__lpflow_inputiso0n_1)
   0.1857    7.4387 ^ dcache/mshrs/_0752_/Y (sky130_fd_sc_hd__a31oi_1)
   0.0689    7.5076 v dcache/mshrs/_0755_/Y (sky130_fd_sc_hd__nand2_1)
   0.2141    7.7217 v dcache/mshrs/_0756_/X (sky130_fd_sc_hd__a22o_1)
   0.1258    7.8475 v dcache/_2807_/X (sky130_fd_sc_hd__lpflow_isobufsrc_1)
   0.3604    8.2079 ^ dcache/_2808_/Y (sky130_fd_sc_hd__a2111oi_0)
   0.1294    8.3373 v dcache/_2809_/Y (sky130_fd_sc_hd__a311oi_1)
   0.1535    8.4908 ^ dcache/_2810_/X (sky130_fd_sc_hd__lpflow_isobufsrc_1)
   0.0805    8.5713 v dcache/_2812_/Y (sky130_fd_sc_hd__nor3_1)
   0.2226    8.7939 v dcache/_3359_/X (sky130_fd_sc_hd__lpflow_clkbufkapwr_1)
   0.3803    9.1742 v dcache/_3363_/X (sky130_fd_sc_hd__mux2_2)
   0.1967    9.3709 v lsu/_29300_/Y (sky130_fd_sc_hd__nand2b_1)
   0.5002    9.8711 ^ lsu/_29301_/Y (sky130_fd_sc_hd__nor3_1)
   0.2162   10.0873 ^ lsu/_29516_/X (sky130_fd_sc_hd__a22o_1)
   0.0473   10.1346 v lsu/_29517_/Y (sky130_fd_sc_hd__a221oi_1)
   0.2270   10.3616 v lsu/_29518_/X (sky130_fd_sc_hd__and4_1)
   0.0935   10.4551 ^ lsu/_29519_/Y (sky130_fd_sc_hd__nand3_1)
   0.0851   10.5402 v lsu/_29520_/Y (sky130_fd_sc_hd__nand2_1)
   0.0580   10.5981 ^ lsu/_40488_/Y (sky130_fd_sc_hd__nand2_1)
   0.1156   10.7137 v lsu/_40489_/Y (sky130_fd_sc_hd__o21ai_0)
   0.1764   10.8902 v core/memExeUnit/_191_/X (sky130_fd_sc_hd__buf_4)
   0.1819   11.0721 v core/ll_wbarb/_009_/X (sky130_fd_sc_hd__clkbuf_1)
   0.2456   11.3177 v core/ll_wbarb/_010_/X (sky130_fd_sc_hd__clkbuf_1)
   0.0813   11.3990 ^ core/ll_wbarb/_099_/Y (sky130_fd_sc_hd__inv_1)
   0.1445   11.5435 ^ core/FpPipeline/_2061_/X (sky130_fd_sc_hd__lpflow_inputiso0n_1)
   0.0722   11.6158 v core/FpPipeline/_2071_/Y (sky130_fd_sc_hd__nand2_1)
   0.0986   11.7143 ^ core/FpPipeline/_2073_/Y (sky130_fd_sc_hd__a21oi_1)
   0.1152   11.8295 ^ core/ll_wbarb/_100_/X (sky130_fd_sc_hd__or2_2)
   4.8833   16.7129 ^ core/_3793_/Y (sky130_fd_sc_hd__nor3b_1)
   0.5729   17.2858 v core/rename_stage/busytable/_1525_/X (sky130_fd_sc_hd__or3b_2)
   0.1527   17.4385 v core/rename_stage/busytable/_1526_/X (sky130_fd_sc_hd__clkbuf_1)
   0.1987   17.6373 v core/rename_stage/busytable/_1527_/X (sky130_fd_sc_hd__clkbuf_1)
   0.1424   17.7797 ^ core/rename_stage/busytable/_1786_/Y (sky130_fd_sc_hd__o22ai_1)
   0.0697   17.8494 v core/rename_stage/busytable/_1792_/Y (sky130_fd_sc_hd__a211oi_1)
   0.2211   18.0705 ^ core/rename_stage/busytable/_1793_/Y (sky130_fd_sc_hd__a221oi_1)
   0.0620   18.1324 v core/rename_stage/busytable/_1794_/Y (sky130_fd_sc_hd__nor2_1)
   0.0035   18.1359 v core/rename_stage/busytable/_2520_/D (sky130_fd_sc_hd__dfxtp_1)
            18.1359   data arrival time

  20.0000   20.0000   clock clock (rise edge)
   0.0000   20.0000   clock network delay (ideal)
   0.0000   20.0000   clock reconvergence pessimism
            20.0000 ^ core/rename_stage/busytable/_2520_/CLK (sky130_fd_sc_hd__dfxtp_1)
  -0.1293   19.8707   library setup time
            19.8707   data required time
-------------------------------------------------------------
            19.8707   data required time
           -18.1359   data arrival time
-------------------------------------------------------------
             1.7348   slack (MET)


Startpoint: core/_4005_ (rising edge-triggered flip-flop clocked by clock)
Endpoint: core/rename_stage/busytable/_2512_
          (rising edge-triggered flip-flop clocked by clock)
Path Group: clock
Path Type: max

    Delay      Time   Description
-------------------------------------------------------------
   0.0000    0.0000   clock clock (rise edge)
   0.0000    0.0000   clock network delay (ideal)
   0.0000    0.0000 ^ core/_4005_/CLK (sky130_fd_sc_hd__dfxtp_1)
   0.3332    0.3332 ^ core/_4005_/Q (sky130_fd_sc_hd__dfxtp_1)
   0.3006    0.6338 ^ core/_1893_/Y (sky130_fd_sc_hd__nor3b_1)
   0.1036    0.7374 v core/_1894_/Y (sky130_fd_sc_hd__nand2_1)
   4.7155    5.4530 ^ core/_1919_/Y (sky130_fd_sc_hd__o21ai_0)
   0.7629    6.2158 ^ lsu/_64242_/X (sky130_fd_sc_hd__buf_4)
   0.1194    6.3353 v dcache/_2795_/Y (sky130_fd_sc_hd__a22oi_1)
   0.2227    6.5580 v dcache/_2796_/X (sky130_fd_sc_hd__and4_1)
   0.0821    6.6402 ^ dcache/_2797_/Y (sky130_fd_sc_hd__nand2_1)
   0.0867    6.7268 v dcache/_2803_/Y (sky130_fd_sc_hd__nor4_1)
   0.0795    6.8064 ^ dcache/mshrs/_0615_/Y (sky130_fd_sc_hd__inv_1)
   0.0587    6.8651 v dcache/mshrs/_0616_/Y (sky130_fd_sc_hd__nor2_1)
   0.1498    7.0149 v dcache/mshrs/_0617_/Y (sky130_fd_sc_hd__a21boi_0)
   0.2381    7.2530 v dcache/mshrs/_0618_/X (sky130_fd_sc_hd__lpflow_inputiso0n_1)
   0.1857    7.4387 ^ dcache/mshrs/_0752_/Y (sky130_fd_sc_hd__a31oi_1)
   0.0689    7.5076 v dcache/mshrs/_0755_/Y (sky130_fd_sc_hd__nand2_1)
   0.2141    7.7217 v dcache/mshrs/_0756_/X (sky130_fd_sc_hd__a22o_1)
   0.1258    7.8475 v dcache/_2807_/X (sky130_fd_sc_hd__lpflow_isobufsrc_1)
   0.3604    8.2079 ^ dcache/_2808_/Y (sky130_fd_sc_hd__a2111oi_0)
   0.1294    8.3373 v dcache/_2809_/Y (sky130_fd_sc_hd__a311oi_1)
   0.1535    8.4908 ^ dcache/_2810_/X (sky130_fd_sc_hd__lpflow_isobufsrc_1)
   0.0805    8.5713 v dcache/_2812_/Y (sky130_fd_sc_hd__nor3_1)
   0.2226    8.7939 v dcache/_3359_/X (sky130_fd_sc_hd__lpflow_clkbufkapwr_1)
   0.3803    9.1742 v dcache/_3363_/X (sky130_fd_sc_hd__mux2_2)
   0.1967    9.3709 v lsu/_29300_/Y (sky130_fd_sc_hd__nand2b_1)
   0.5002    9.8711 ^ lsu/_29301_/Y (sky130_fd_sc_hd__nor3_1)
   0.2162   10.0873 ^ lsu/_29516_/X (sky130_fd_sc_hd__a22o_1)
   0.0473   10.1346 v lsu/_29517_/Y (sky130_fd_sc_hd__a221oi_1)
   0.2270   10.3616 v lsu/_29518_/X (sky130_fd_sc_hd__and4_1)
   0.0935   10.4551 ^ lsu/_29519_/Y (sky130_fd_sc_hd__nand3_1)
   0.0851   10.5402 v lsu/_29520_/Y (sky130_fd_sc_hd__nand2_1)
   0.0580   10.5981 ^ lsu/_40488_/Y (sky130_fd_sc_hd__nand2_1)
   0.1156   10.7137 v lsu/_40489_/Y (sky130_fd_sc_hd__o21ai_0)
   0.1764   10.8902 v core/memExeUnit/_191_/X (sky130_fd_sc_hd__buf_4)
   0.1819   11.0721 v core/ll_wbarb/_009_/X (sky130_fd_sc_hd__clkbuf_1)
   0.2456   11.3177 v core/ll_wbarb/_010_/X (sky130_fd_sc_hd__clkbuf_1)
   0.0813   11.3990 ^ core/ll_wbarb/_099_/Y (sky130_fd_sc_hd__inv_1)
   0.1445   11.5435 ^ core/FpPipeline/_2061_/X (sky130_fd_sc_hd__lpflow_inputiso0n_1)
   0.0722   11.6158 v core/FpPipeline/_2071_/Y (sky130_fd_sc_hd__nand2_1)
   0.0986   11.7143 ^ core/FpPipeline/_2073_/Y (sky130_fd_sc_hd__a21oi_1)
   0.1152   11.8295 ^ core/ll_wbarb/_100_/X (sky130_fd_sc_hd__or2_2)
   4.8833   16.7129 ^ core/_3793_/Y (sky130_fd_sc_hd__nor3b_1)
   0.7968   17.5097 ^ core/rename_stage/busytable/_1605_/Y (sky130_fd_sc_hd__nor3b_1)
   0.3380   17.8477 ^ core/rename_stage/busytable/_1606_/X (sky130_fd_sc_hd__clkbuf_1)
   0.1122   17.9599 v core/rename_stage/busytable/_1607_/Y (sky130_fd_sc_hd__a22oi_1)
   0.1021   18.0620 ^ core/rename_stage/busytable/_1608_/Y (sky130_fd_sc_hd__nand3_1)
   0.0607   18.1227 v core/rename_stage/busytable/_1615_/Y (sky130_fd_sc_hd__a21oi_1)
   0.0035   18.1262 v core/rename_stage/busytable/_2512_/D (sky130_fd_sc_hd__dfxtp_1)
            18.1262   data arrival time

  20.0000   20.0000   clock clock (rise edge)
   0.0000   20.0000   clock network delay (ideal)
   0.0000   20.0000   clock reconvergence pessimism
            20.0000 ^ core/rename_stage/busytable/_2512_/CLK (sky130_fd_sc_hd__dfxtp_1)
  -0.1339   19.8661   library setup time
            19.8661   data required time
-------------------------------------------------------------
            19.8661   data required time
           -18.1262   data arrival time
-------------------------------------------------------------
             1.7400   slack (MET)


Startpoint: core/_4005_ (rising edge-triggered flip-flop clocked by clock)
Endpoint: core/rename_stage/busytable/_2519_
          (rising edge-triggered flip-flop clocked by clock)
Path Group: clock
Path Type: max

    Delay      Time   Description
-------------------------------------------------------------
   0.0000    0.0000   clock clock (rise edge)
   0.0000    0.0000   clock network delay (ideal)
   0.0000    0.0000 ^ core/_4005_/CLK (sky130_fd_sc_hd__dfxtp_1)
   0.3332    0.3332 ^ core/_4005_/Q (sky130_fd_sc_hd__dfxtp_1)
   0.3006    0.6338 ^ core/_1893_/Y (sky130_fd_sc_hd__nor3b_1)
   0.1036    0.7374 v core/_1894_/Y (sky130_fd_sc_hd__nand2_1)
   4.7155    5.4530 ^ core/_1919_/Y (sky130_fd_sc_hd__o21ai_0)
   0.7629    6.2158 ^ lsu/_64242_/X (sky130_fd_sc_hd__buf_4)
   0.1194    6.3353 v dcache/_2795_/Y (sky130_fd_sc_hd__a22oi_1)
   0.2227    6.5580 v dcache/_2796_/X (sky130_fd_sc_hd__and4_1)
   0.0821    6.6402 ^ dcache/_2797_/Y (sky130_fd_sc_hd__nand2_1)
   0.0867    6.7268 v dcache/_2803_/Y (sky130_fd_sc_hd__nor4_1)
   0.0795    6.8064 ^ dcache/mshrs/_0615_/Y (sky130_fd_sc_hd__inv_1)
   0.0587    6.8651 v dcache/mshrs/_0616_/Y (sky130_fd_sc_hd__nor2_1)
   0.1498    7.0149 v dcache/mshrs/_0617_/Y (sky130_fd_sc_hd__a21boi_0)
   0.2381    7.2530 v dcache/mshrs/_0618_/X (sky130_fd_sc_hd__lpflow_inputiso0n_1)
   0.1857    7.4387 ^ dcache/mshrs/_0752_/Y (sky130_fd_sc_hd__a31oi_1)
   0.0689    7.5076 v dcache/mshrs/_0755_/Y (sky130_fd_sc_hd__nand2_1)
   0.2141    7.7217 v dcache/mshrs/_0756_/X (sky130_fd_sc_hd__a22o_1)
   0.1258    7.8475 v dcache/_2807_/X (sky130_fd_sc_hd__lpflow_isobufsrc_1)
   0.3604    8.2079 ^ dcache/_2808_/Y (sky130_fd_sc_hd__a2111oi_0)
   0.1294    8.3373 v dcache/_2809_/Y (sky130_fd_sc_hd__a311oi_1)
   0.1535    8.4908 ^ dcache/_2810_/X (sky130_fd_sc_hd__lpflow_isobufsrc_1)
   0.0805    8.5713 v dcache/_2812_/Y (sky130_fd_sc_hd__nor3_1)
   0.2226    8.7939 v dcache/_3359_/X (sky130_fd_sc_hd__lpflow_clkbufkapwr_1)
   0.3803    9.1742 v dcache/_3363_/X (sky130_fd_sc_hd__mux2_2)
   0.1967    9.3709 v lsu/_29300_/Y (sky130_fd_sc_hd__nand2b_1)
   0.5002    9.8711 ^ lsu/_29301_/Y (sky130_fd_sc_hd__nor3_1)
   0.2162   10.0873 ^ lsu/_29516_/X (sky130_fd_sc_hd__a22o_1)
   0.0473   10.1346 v lsu/_29517_/Y (sky130_fd_sc_hd__a221oi_1)
   0.2270   10.3616 v lsu/_29518_/X (sky130_fd_sc_hd__and4_1)
   0.0935   10.4551 ^ lsu/_29519_/Y (sky130_fd_sc_hd__nand3_1)
   0.0851   10.5402 v lsu/_29520_/Y (sky130_fd_sc_hd__nand2_1)
   0.0580   10.5981 ^ lsu/_40488_/Y (sky130_fd_sc_hd__nand2_1)
   0.1156   10.7137 v lsu/_40489_/Y (sky130_fd_sc_hd__o21ai_0)
   0.1764   10.8902 v core/memExeUnit/_191_/X (sky130_fd_sc_hd__buf_4)
   0.1819   11.0721 v core/ll_wbarb/_009_/X (sky130_fd_sc_hd__clkbuf_1)
   0.2456   11.3177 v core/ll_wbarb/_010_/X (sky130_fd_sc_hd__clkbuf_1)
   0.0813   11.3990 ^ core/ll_wbarb/_099_/Y (sky130_fd_sc_hd__inv_1)
   0.1445   11.5435 ^ core/FpPipeline/_2061_/X (sky130_fd_sc_hd__lpflow_inputiso0n_1)
   0.0722   11.6158 v core/FpPipeline/_2071_/Y (sky130_fd_sc_hd__nand2_1)
   0.0986   11.7143 ^ core/FpPipeline/_2073_/Y (sky130_fd_sc_hd__a21oi_1)
   0.1152   11.8295 ^ core/ll_wbarb/_100_/X (sky130_fd_sc_hd__or2_2)
   4.8833   16.7129 ^ core/_3793_/Y (sky130_fd_sc_hd__nor3b_1)
   0.5729   17.2858 v core/rename_stage/busytable/_1525_/X (sky130_fd_sc_hd__or3b_2)
   0.1527   17.4385 v core/rename_stage/busytable/_1526_/X (sky130_fd_sc_hd__clkbuf_1)
   0.1987   17.6373 v core/rename_stage/busytable/_1527_/X (sky130_fd_sc_hd__clkbuf_1)
   0.1419   17.7792 ^ core/rename_stage/busytable/_1767_/Y (sky130_fd_sc_hd__o22ai_1)
   0.0701   17.8493 v core/rename_stage/busytable/_1773_/Y (sky130_fd_sc_hd__nor3_1)
   0.2079   18.0571 ^ core/rename_stage/busytable/_1774_/Y (sky130_fd_sc_hd__a221oi_1)
   0.0620   18.1191 v core/rename_stage/busytable/_1775_/Y (sky130_fd_sc_hd__nor2_1)
   0.0035   18.1226 v core/rename_stage/busytable/_2519_/D (sky130_fd_sc_hd__dfxtp_1)
            18.1226   data arrival time

  20.0000   20.0000   clock clock (rise edge)
   0.0000   20.0000   clock network delay (ideal)
   0.0000   20.0000   clock reconvergence pessimism
            20.0000 ^ core/rename_stage/busytable/_2519_/CLK (sky130_fd_sc_hd__dfxtp_1)
  -0.1293   19.8707   library setup time
            19.8707   data required time
-------------------------------------------------------------
            19.8707   data required time
           -18.1226   data arrival time
-------------------------------------------------------------
             1.7481   slack (MET)


Startpoint: core/_4005_ (rising edge-triggered flip-flop clocked by clock)
Endpoint: core/rename_stage/busytable/_2571_
          (rising edge-triggered flip-flop clocked by clock)
Path Group: clock
Path Type: max

    Delay      Time   Description
-------------------------------------------------------------
   0.0000    0.0000   clock clock (rise edge)
   0.0000    0.0000   clock network delay (ideal)
   0.0000    0.0000 ^ core/_4005_/CLK (sky130_fd_sc_hd__dfxtp_1)
   0.3332    0.3332 ^ core/_4005_/Q (sky130_fd_sc_hd__dfxtp_1)
   0.3006    0.6338 ^ core/_1893_/Y (sky130_fd_sc_hd__nor3b_1)
   0.1036    0.7374 v core/_1894_/Y (sky130_fd_sc_hd__nand2_1)
   4.7155    5.4530 ^ core/_1919_/Y (sky130_fd_sc_hd__o21ai_0)
   0.7629    6.2158 ^ lsu/_64242_/X (sky130_fd_sc_hd__buf_4)
   0.1194    6.3353 v dcache/_2795_/Y (sky130_fd_sc_hd__a22oi_1)
   0.2227    6.5580 v dcache/_2796_/X (sky130_fd_sc_hd__and4_1)
   0.0821    6.6402 ^ dcache/_2797_/Y (sky130_fd_sc_hd__nand2_1)
   0.0867    6.7268 v dcache/_2803_/Y (sky130_fd_sc_hd__nor4_1)
   0.0795    6.8064 ^ dcache/mshrs/_0615_/Y (sky130_fd_sc_hd__inv_1)
   0.0587    6.8651 v dcache/mshrs/_0616_/Y (sky130_fd_sc_hd__nor2_1)
   0.1498    7.0149 v dcache/mshrs/_0617_/Y (sky130_fd_sc_hd__a21boi_0)
   0.2381    7.2530 v dcache/mshrs/_0618_/X (sky130_fd_sc_hd__lpflow_inputiso0n_1)
   0.1857    7.4387 ^ dcache/mshrs/_0752_/Y (sky130_fd_sc_hd__a31oi_1)
   0.0689    7.5076 v dcache/mshrs/_0755_/Y (sky130_fd_sc_hd__nand2_1)
   0.2141    7.7217 v dcache/mshrs/_0756_/X (sky130_fd_sc_hd__a22o_1)
   0.1258    7.8475 v dcache/_2807_/X (sky130_fd_sc_hd__lpflow_isobufsrc_1)
   0.3604    8.2079 ^ dcache/_2808_/Y (sky130_fd_sc_hd__a2111oi_0)
   0.1294    8.3373 v dcache/_2809_/Y (sky130_fd_sc_hd__a311oi_1)
   0.1535    8.4908 ^ dcache/_2810_/X (sky130_fd_sc_hd__lpflow_isobufsrc_1)
   0.0805    8.5713 v dcache/_2812_/Y (sky130_fd_sc_hd__nor3_1)
   0.2226    8.7939 v dcache/_3359_/X (sky130_fd_sc_hd__lpflow_clkbufkapwr_1)
   0.3803    9.1742 v dcache/_3363_/X (sky130_fd_sc_hd__mux2_2)
   0.1967    9.3709 v lsu/_29300_/Y (sky130_fd_sc_hd__nand2b_1)
   0.5002    9.8711 ^ lsu/_29301_/Y (sky130_fd_sc_hd__nor3_1)
   0.2162   10.0873 ^ lsu/_29516_/X (sky130_fd_sc_hd__a22o_1)
   0.0473   10.1346 v lsu/_29517_/Y (sky130_fd_sc_hd__a221oi_1)
   0.2270   10.3616 v lsu/_29518_/X (sky130_fd_sc_hd__and4_1)
   0.0935   10.4551 ^ lsu/_29519_/Y (sky130_fd_sc_hd__nand3_1)
   0.0851   10.5402 v lsu/_29520_/Y (sky130_fd_sc_hd__nand2_1)
   0.0580   10.5981 ^ lsu/_40488_/Y (sky130_fd_sc_hd__nand2_1)
   0.1156   10.7137 v lsu/_40489_/Y (sky130_fd_sc_hd__o21ai_0)
   0.1764   10.8902 v core/memExeUnit/_191_/X (sky130_fd_sc_hd__buf_4)
   0.1819   11.0721 v core/ll_wbarb/_009_/X (sky130_fd_sc_hd__clkbuf_1)
   0.2456   11.3177 v core/ll_wbarb/_010_/X (sky130_fd_sc_hd__clkbuf_1)
   0.0813   11.3990 ^ core/ll_wbarb/_099_/Y (sky130_fd_sc_hd__inv_1)
   0.1445   11.5435 ^ core/FpPipeline/_2061_/X (sky130_fd_sc_hd__lpflow_inputiso0n_1)
   0.0722   11.6158 v core/FpPipeline/_2071_/Y (sky130_fd_sc_hd__nand2_1)
   0.0986   11.7143 ^ core/FpPipeline/_2073_/Y (sky130_fd_sc_hd__a21oi_1)
   0.1152   11.8295 ^ core/ll_wbarb/_100_/X (sky130_fd_sc_hd__or2_2)
   4.8833   16.7129 ^ core/_3793_/Y (sky130_fd_sc_hd__nor3b_1)
   0.5905   17.3034 ^ core/rename_stage/busytable/_2152_/X (sky130_fd_sc_hd__and3b_1)
   0.2495   17.5529 ^ core/rename_stage/busytable/_2153_/X (sky130_fd_sc_hd__clkbuf_1)
   0.3054   17.8583 ^ core/rename_stage/busytable/_2215_/X (sky130_fd_sc_hd__clkbuf_1)
   0.0911   17.9494 v core/rename_stage/busytable/_2363_/Y (sky130_fd_sc_hd__nand2_1)
   0.0971   18.0465 ^ core/rename_stage/busytable/_2366_/Y (sky130_fd_sc_hd__nand4_1)
   0.0618   18.1083 v core/rename_stage/busytable/_2368_/Y (sky130_fd_sc_hd__a21oi_1)
   0.0035   18.1117 v core/rename_stage/busytable/_2571_/D (sky130_fd_sc_hd__dfxtp_1)
            18.1117   data arrival time

  20.0000   20.0000   clock clock (rise edge)
   0.0000   20.0000   clock network delay (ideal)
   0.0000   20.0000   clock reconvergence pessimism
            20.0000 ^ core/rename_stage/busytable/_2571_/CLK (sky130_fd_sc_hd__dfxtp_1)
  -0.1339   19.8661   library setup time
            19.8661   data required time
-------------------------------------------------------------
            19.8661   data required time
           -18.1117   data arrival time
-------------------------------------------------------------
             1.7544   slack (MET)


Startpoint: core/_4005_ (rising edge-triggered flip-flop clocked by clock)
Endpoint: core/rename_stage/busytable/_2555_
          (rising edge-triggered flip-flop clocked by clock)
Path Group: clock
Path Type: max

    Delay      Time   Description
-------------------------------------------------------------
   0.0000    0.0000   clock clock (rise edge)
   0.0000    0.0000   clock network delay (ideal)
   0.0000    0.0000 ^ core/_4005_/CLK (sky130_fd_sc_hd__dfxtp_1)
   0.3332    0.3332 ^ core/_4005_/Q (sky130_fd_sc_hd__dfxtp_1)
   0.3006    0.6338 ^ core/_1893_/Y (sky130_fd_sc_hd__nor3b_1)
   0.1036    0.7374 v core/_1894_/Y (sky130_fd_sc_hd__nand2_1)
   4.7155    5.4530 ^ core/_1919_/Y (sky130_fd_sc_hd__o21ai_0)
   0.7629    6.2158 ^ lsu/_64242_/X (sky130_fd_sc_hd__buf_4)
   0.1194    6.3353 v dcache/_2795_/Y (sky130_fd_sc_hd__a22oi_1)
   0.2227    6.5580 v dcache/_2796_/X (sky130_fd_sc_hd__and4_1)
   0.0821    6.6402 ^ dcache/_2797_/Y (sky130_fd_sc_hd__nand2_1)
   0.0867    6.7268 v dcache/_2803_/Y (sky130_fd_sc_hd__nor4_1)
   0.0795    6.8064 ^ dcache/mshrs/_0615_/Y (sky130_fd_sc_hd__inv_1)
   0.0587    6.8651 v dcache/mshrs/_0616_/Y (sky130_fd_sc_hd__nor2_1)
   0.1498    7.0149 v dcache/mshrs/_0617_/Y (sky130_fd_sc_hd__a21boi_0)
   0.2381    7.2530 v dcache/mshrs/_0618_/X (sky130_fd_sc_hd__lpflow_inputiso0n_1)
   0.1857    7.4387 ^ dcache/mshrs/_0752_/Y (sky130_fd_sc_hd__a31oi_1)
   0.0689    7.5076 v dcache/mshrs/_0755_/Y (sky130_fd_sc_hd__nand2_1)
   0.2141    7.7217 v dcache/mshrs/_0756_/X (sky130_fd_sc_hd__a22o_1)
   0.1258    7.8475 v dcache/_2807_/X (sky130_fd_sc_hd__lpflow_isobufsrc_1)
   0.3604    8.2079 ^ dcache/_2808_/Y (sky130_fd_sc_hd__a2111oi_0)
   0.1294    8.3373 v dcache/_2809_/Y (sky130_fd_sc_hd__a311oi_1)
   0.1535    8.4908 ^ dcache/_2810_/X (sky130_fd_sc_hd__lpflow_isobufsrc_1)
   0.0805    8.5713 v dcache/_2812_/Y (sky130_fd_sc_hd__nor3_1)
   0.2226    8.7939 v dcache/_3359_/X (sky130_fd_sc_hd__lpflow_clkbufkapwr_1)
   0.3803    9.1742 v dcache/_3363_/X (sky130_fd_sc_hd__mux2_2)
   0.1967    9.3709 v lsu/_29300_/Y (sky130_fd_sc_hd__nand2b_1)
   0.5002    9.8711 ^ lsu/_29301_/Y (sky130_fd_sc_hd__nor3_1)
   0.2162   10.0873 ^ lsu/_29516_/X (sky130_fd_sc_hd__a22o_1)
   0.0473   10.1346 v lsu/_29517_/Y (sky130_fd_sc_hd__a221oi_1)
   0.2270   10.3616 v lsu/_29518_/X (sky130_fd_sc_hd__and4_1)
   0.0935   10.4551 ^ lsu/_29519_/Y (sky130_fd_sc_hd__nand3_1)
   0.0851   10.5402 v lsu/_29520_/Y (sky130_fd_sc_hd__nand2_1)
   0.0580   10.5981 ^ lsu/_40488_/Y (sky130_fd_sc_hd__nand2_1)
   0.1156   10.7137 v lsu/_40489_/Y (sky130_fd_sc_hd__o21ai_0)
   0.1764   10.8902 v core/memExeUnit/_191_/X (sky130_fd_sc_hd__buf_4)
   0.1819   11.0721 v core/ll_wbarb/_009_/X (sky130_fd_sc_hd__clkbuf_1)
   0.2456   11.3177 v core/ll_wbarb/_010_/X (sky130_fd_sc_hd__clkbuf_1)
   0.0813   11.3990 ^ core/ll_wbarb/_099_/Y (sky130_fd_sc_hd__inv_1)
   0.1445   11.5435 ^ core/FpPipeline/_2061_/X (sky130_fd_sc_hd__lpflow_inputiso0n_1)
   0.0722   11.6158 v core/FpPipeline/_2071_/Y (sky130_fd_sc_hd__nand2_1)
   0.0986   11.7143 ^ core/FpPipeline/_2073_/Y (sky130_fd_sc_hd__a21oi_1)
   0.1152   11.8295 ^ core/ll_wbarb/_100_/X (sky130_fd_sc_hd__or2_2)
   4.8833   16.7129 ^ core/_3793_/Y (sky130_fd_sc_hd__nor3b_1)
   0.5905   17.3034 ^ core/rename_stage/busytable/_2152_/X (sky130_fd_sc_hd__and3b_1)
   0.2495   17.5529 ^ core/rename_stage/busytable/_2153_/X (sky130_fd_sc_hd__clkbuf_1)
   0.3054   17.8583 ^ core/rename_stage/busytable/_2215_/X (sky130_fd_sc_hd__clkbuf_1)
   0.1145   17.9728 v core/rename_stage/busytable/_2233_/Y (sky130_fd_sc_hd__a21oi_1)
   0.0759   18.0487 ^ core/rename_stage/busytable/_2234_/Y (sky130_fd_sc_hd__nand2_1)
   0.0547   18.1034 v core/rename_stage/busytable/_2237_/Y (sky130_fd_sc_hd__a21oi_1)
   0.0035   18.1069 v core/rename_stage/busytable/_2555_/D (sky130_fd_sc_hd__dfxtp_1)
            18.1069   data arrival time

  20.0000   20.0000   clock clock (rise edge)
   0.0000   20.0000   clock network delay (ideal)
   0.0000   20.0000   clock reconvergence pessimism
            20.0000 ^ core/rename_stage/busytable/_2555_/CLK (sky130_fd_sc_hd__dfxtp_1)
  -0.1339   19.8661   library setup time
            19.8661   data required time
-------------------------------------------------------------
            19.8661   data required time
           -18.1069   data arrival time
-------------------------------------------------------------
             1.7592   slack (MET)


Startpoint: core/_4005_ (rising edge-triggered flip-flop clocked by clock)
Endpoint: core/rename_stage/busytable/_2558_
          (rising edge-triggered flip-flop clocked by clock)
Path Group: clock
Path Type: max

    Delay      Time   Description
-------------------------------------------------------------
   0.0000    0.0000   clock clock (rise edge)
   0.0000    0.0000   clock network delay (ideal)
   0.0000    0.0000 ^ core/_4005_/CLK (sky130_fd_sc_hd__dfxtp_1)
   0.3332    0.3332 ^ core/_4005_/Q (sky130_fd_sc_hd__dfxtp_1)
   0.3006    0.6338 ^ core/_1893_/Y (sky130_fd_sc_hd__nor3b_1)
   0.1036    0.7374 v core/_1894_/Y (sky130_fd_sc_hd__nand2_1)
   4.7155    5.4530 ^ core/_1919_/Y (sky130_fd_sc_hd__o21ai_0)
   0.7629    6.2158 ^ lsu/_64242_/X (sky130_fd_sc_hd__buf_4)
   0.1194    6.3353 v dcache/_2795_/Y (sky130_fd_sc_hd__a22oi_1)
   0.2227    6.5580 v dcache/_2796_/X (sky130_fd_sc_hd__and4_1)
   0.0821    6.6402 ^ dcache/_2797_/Y (sky130_fd_sc_hd__nand2_1)
   0.0867    6.7268 v dcache/_2803_/Y (sky130_fd_sc_hd__nor4_1)
   0.0795    6.8064 ^ dcache/mshrs/_0615_/Y (sky130_fd_sc_hd__inv_1)
   0.0587    6.8651 v dcache/mshrs/_0616_/Y (sky130_fd_sc_hd__nor2_1)
   0.1498    7.0149 v dcache/mshrs/_0617_/Y (sky130_fd_sc_hd__a21boi_0)
   0.2381    7.2530 v dcache/mshrs/_0618_/X (sky130_fd_sc_hd__lpflow_inputiso0n_1)
   0.1857    7.4387 ^ dcache/mshrs/_0752_/Y (sky130_fd_sc_hd__a31oi_1)
   0.0689    7.5076 v dcache/mshrs/_0755_/Y (sky130_fd_sc_hd__nand2_1)
   0.2141    7.7217 v dcache/mshrs/_0756_/X (sky130_fd_sc_hd__a22o_1)
   0.1258    7.8475 v dcache/_2807_/X (sky130_fd_sc_hd__lpflow_isobufsrc_1)
   0.3604    8.2079 ^ dcache/_2808_/Y (sky130_fd_sc_hd__a2111oi_0)
   0.1294    8.3373 v dcache/_2809_/Y (sky130_fd_sc_hd__a311oi_1)
   0.1535    8.4908 ^ dcache/_2810_/X (sky130_fd_sc_hd__lpflow_isobufsrc_1)
   0.0805    8.5713 v dcache/_2812_/Y (sky130_fd_sc_hd__nor3_1)
   0.2226    8.7939 v dcache/_3359_/X (sky130_fd_sc_hd__lpflow_clkbufkapwr_1)
   0.3803    9.1742 v dcache/_3363_/X (sky130_fd_sc_hd__mux2_2)
   0.1967    9.3709 v lsu/_29300_/Y (sky130_fd_sc_hd__nand2b_1)
   0.5002    9.8711 ^ lsu/_29301_/Y (sky130_fd_sc_hd__nor3_1)
   0.2162   10.0873 ^ lsu/_29516_/X (sky130_fd_sc_hd__a22o_1)
   0.0473   10.1346 v lsu/_29517_/Y (sky130_fd_sc_hd__a221oi_1)
   0.2270   10.3616 v lsu/_29518_/X (sky130_fd_sc_hd__and4_1)
   0.0935   10.4551 ^ lsu/_29519_/Y (sky130_fd_sc_hd__nand3_1)
   0.0851   10.5402 v lsu/_29520_/Y (sky130_fd_sc_hd__nand2_1)
   0.0580   10.5981 ^ lsu/_40488_/Y (sky130_fd_sc_hd__nand2_1)
   0.1156   10.7137 v lsu/_40489_/Y (sky130_fd_sc_hd__o21ai_0)
   0.1764   10.8902 v core/memExeUnit/_191_/X (sky130_fd_sc_hd__buf_4)
   0.1819   11.0721 v core/ll_wbarb/_009_/X (sky130_fd_sc_hd__clkbuf_1)
   0.2456   11.3177 v core/ll_wbarb/_010_/X (sky130_fd_sc_hd__clkbuf_1)
   0.0813   11.3990 ^ core/ll_wbarb/_099_/Y (sky130_fd_sc_hd__inv_1)
   0.1445   11.5435 ^ core/FpPipeline/_2061_/X (sky130_fd_sc_hd__lpflow_inputiso0n_1)
   0.0722   11.6158 v core/FpPipeline/_2071_/Y (sky130_fd_sc_hd__nand2_1)
   0.0986   11.7143 ^ core/FpPipeline/_2073_/Y (sky130_fd_sc_hd__a21oi_1)
   0.1152   11.8295 ^ core/ll_wbarb/_100_/X (sky130_fd_sc_hd__or2_2)
   4.8833   16.7129 ^ core/_3793_/Y (sky130_fd_sc_hd__nor3b_1)
   0.5905   17.3034 ^ core/rename_stage/busytable/_2152_/X (sky130_fd_sc_hd__and3b_1)
   0.2495   17.5529 ^ core/rename_stage/busytable/_2153_/X (sky130_fd_sc_hd__clkbuf_1)
   0.1024   17.6553 v core/rename_stage/busytable/_2253_/Y (sky130_fd_sc_hd__nand3_1)
   0.0906   17.7458 ^ core/rename_stage/busytable/_2254_/Y (sky130_fd_sc_hd__o21ai_0)
   0.0823   17.8282 v core/rename_stage/busytable/_2257_/Y (sky130_fd_sc_hd__a311oi_1)
   0.1905   18.0187 ^ core/rename_stage/busytable/_2258_/Y (sky130_fd_sc_hd__a32oi_1)
   0.0837   18.1023 v core/rename_stage/busytable/_2259_/Y (sky130_fd_sc_hd__a21oi_1)
   0.0035   18.1058 v core/rename_stage/busytable/_2558_/D (sky130_fd_sc_hd__dfxtp_1)
            18.1058   data arrival time

  20.0000   20.0000   clock clock (rise edge)
   0.0000   20.0000   clock network delay (ideal)
   0.0000   20.0000   clock reconvergence pessimism
            20.0000 ^ core/rename_stage/busytable/_2558_/CLK (sky130_fd_sc_hd__dfxtp_1)
  -0.1339   19.8661   library setup time
            19.8661   data required time
-------------------------------------------------------------
            19.8661   data required time
           -18.1058   data arrival time
-------------------------------------------------------------
             1.7603   slack (MET)


Startpoint: core/_4005_ (rising edge-triggered flip-flop clocked by clock)
Endpoint: core/rename_stage/busytable/_2539_
          (rising edge-triggered flip-flop clocked by clock)
Path Group: clock
Path Type: max

    Delay      Time   Description
-------------------------------------------------------------
   0.0000    0.0000   clock clock (rise edge)
   0.0000    0.0000   clock network delay (ideal)
   0.0000    0.0000 ^ core/_4005_/CLK (sky130_fd_sc_hd__dfxtp_1)
   0.3332    0.3332 ^ core/_4005_/Q (sky130_fd_sc_hd__dfxtp_1)
   0.3006    0.6338 ^ core/_1893_/Y (sky130_fd_sc_hd__nor3b_1)
   0.1036    0.7374 v core/_1894_/Y (sky130_fd_sc_hd__nand2_1)
   4.7155    5.4530 ^ core/_1919_/Y (sky130_fd_sc_hd__o21ai_0)
   0.7629    6.2158 ^ lsu/_64242_/X (sky130_fd_sc_hd__buf_4)
   0.1194    6.3353 v dcache/_2795_/Y (sky130_fd_sc_hd__a22oi_1)
   0.2227    6.5580 v dcache/_2796_/X (sky130_fd_sc_hd__and4_1)
   0.0821    6.6402 ^ dcache/_2797_/Y (sky130_fd_sc_hd__nand2_1)
   0.0867    6.7268 v dcache/_2803_/Y (sky130_fd_sc_hd__nor4_1)
   0.0795    6.8064 ^ dcache/mshrs/_0615_/Y (sky130_fd_sc_hd__inv_1)
   0.0587    6.8651 v dcache/mshrs/_0616_/Y (sky130_fd_sc_hd__nor2_1)
   0.1498    7.0149 v dcache/mshrs/_0617_/Y (sky130_fd_sc_hd__a21boi_0)
   0.2381    7.2530 v dcache/mshrs/_0618_/X (sky130_fd_sc_hd__lpflow_inputiso0n_1)
   0.1857    7.4387 ^ dcache/mshrs/_0752_/Y (sky130_fd_sc_hd__a31oi_1)
   0.0689    7.5076 v dcache/mshrs/_0755_/Y (sky130_fd_sc_hd__nand2_1)
   0.2141    7.7217 v dcache/mshrs/_0756_/X (sky130_fd_sc_hd__a22o_1)
   0.1258    7.8475 v dcache/_2807_/X (sky130_fd_sc_hd__lpflow_isobufsrc_1)
   0.3604    8.2079 ^ dcache/_2808_/Y (sky130_fd_sc_hd__a2111oi_0)
   0.1294    8.3373 v dcache/_2809_/Y (sky130_fd_sc_hd__a311oi_1)
   0.1535    8.4908 ^ dcache/_2810_/X (sky130_fd_sc_hd__lpflow_isobufsrc_1)
   0.0805    8.5713 v dcache/_2812_/Y (sky130_fd_sc_hd__nor3_1)
   0.2226    8.7939 v dcache/_3359_/X (sky130_fd_sc_hd__lpflow_clkbufkapwr_1)
   0.3803    9.1742 v dcache/_3363_/X (sky130_fd_sc_hd__mux2_2)
   0.1967    9.3709 v lsu/_29300_/Y (sky130_fd_sc_hd__nand2b_1)
   0.5002    9.8711 ^ lsu/_29301_/Y (sky130_fd_sc_hd__nor3_1)
   0.2162   10.0873 ^ lsu/_29516_/X (sky130_fd_sc_hd__a22o_1)
   0.0473   10.1346 v lsu/_29517_/Y (sky130_fd_sc_hd__a221oi_1)
   0.2270   10.3616 v lsu/_29518_/X (sky130_fd_sc_hd__and4_1)
   0.0935   10.4551 ^ lsu/_29519_/Y (sky130_fd_sc_hd__nand3_1)
   0.0851   10.5402 v lsu/_29520_/Y (sky130_fd_sc_hd__nand2_1)
   0.0580   10.5981 ^ lsu/_40488_/Y (sky130_fd_sc_hd__nand2_1)
   0.1156   10.7137 v lsu/_40489_/Y (sky130_fd_sc_hd__o21ai_0)
   0.1764   10.8902 v core/memExeUnit/_191_/X (sky130_fd_sc_hd__buf_4)
   0.1819   11.0721 v core/ll_wbarb/_009_/X (sky130_fd_sc_hd__clkbuf_1)
   0.2456   11.3177 v core/ll_wbarb/_010_/X (sky130_fd_sc_hd__clkbuf_1)
   0.0813   11.3990 ^ core/ll_wbarb/_099_/Y (sky130_fd_sc_hd__inv_1)
   0.1445   11.5435 ^ core/FpPipeline/_2061_/X (sky130_fd_sc_hd__lpflow_inputiso0n_1)
   0.0722   11.6158 v core/FpPipeline/_2071_/Y (sky130_fd_sc_hd__nand2_1)
   0.0986   11.7143 ^ core/FpPipeline/_2073_/Y (sky130_fd_sc_hd__a21oi_1)
   0.1152   11.8295 ^ core/ll_wbarb/_100_/X (sky130_fd_sc_hd__or2_2)
   4.8833   16.7129 ^ core/_3793_/Y (sky130_fd_sc_hd__nor3b_1)
   0.7968   17.5097 ^ core/rename_stage/busytable/_1605_/Y (sky130_fd_sc_hd__nor3b_1)
   0.3380   17.8477 ^ core/rename_stage/busytable/_1606_/X (sky130_fd_sc_hd__clkbuf_1)
   0.0855   17.9332 v core/rename_stage/busytable/_2081_/Y (sky130_fd_sc_hd__nand2_1)
   0.1022   18.0354 ^ core/rename_stage/busytable/_2085_/Y (sky130_fd_sc_hd__nand4_1)
   0.0619   18.0973 v core/rename_stage/busytable/_2089_/Y (sky130_fd_sc_hd__a21oi_1)
   0.0035   18.1008 v core/rename_stage/busytable/_2539_/D (sky130_fd_sc_hd__dfxtp_1)
            18.1008   data arrival time

  20.0000   20.0000   clock clock (rise edge)
   0.0000   20.0000   clock network delay (ideal)
   0.0000   20.0000   clock reconvergence pessimism
            20.0000 ^ core/rename_stage/busytable/_2539_/CLK (sky130_fd_sc_hd__dfxtp_1)
  -0.1339   19.8661   library setup time
            19.8661   data required time
-------------------------------------------------------------
            19.8661   data required time
           -18.1008   data arrival time
-------------------------------------------------------------
             1.7653   slack (MET)


Startpoint: core/_4005_ (rising edge-triggered flip-flop clocked by clock)
Endpoint: core/rename_stage/busytable/_2553_
          (rising edge-triggered flip-flop clocked by clock)
Path Group: clock
Path Type: max

    Delay      Time   Description
-------------------------------------------------------------
   0.0000    0.0000   clock clock (rise edge)
   0.0000    0.0000   clock network delay (ideal)
   0.0000    0.0000 ^ core/_4005_/CLK (sky130_fd_sc_hd__dfxtp_1)
   0.3332    0.3332 ^ core/_4005_/Q (sky130_fd_sc_hd__dfxtp_1)
   0.3006    0.6338 ^ core/_1893_/Y (sky130_fd_sc_hd__nor3b_1)
   0.1036    0.7374 v core/_1894_/Y (sky130_fd_sc_hd__nand2_1)
   4.7155    5.4530 ^ core/_1919_/Y (sky130_fd_sc_hd__o21ai_0)
   0.7629    6.2158 ^ lsu/_64242_/X (sky130_fd_sc_hd__buf_4)
   0.1194    6.3353 v dcache/_2795_/Y (sky130_fd_sc_hd__a22oi_1)
   0.2227    6.5580 v dcache/_2796_/X (sky130_fd_sc_hd__and4_1)
   0.0821    6.6402 ^ dcache/_2797_/Y (sky130_fd_sc_hd__nand2_1)
   0.0867    6.7268 v dcache/_2803_/Y (sky130_fd_sc_hd__nor4_1)
   0.0795    6.8064 ^ dcache/mshrs/_0615_/Y (sky130_fd_sc_hd__inv_1)
   0.0587    6.8651 v dcache/mshrs/_0616_/Y (sky130_fd_sc_hd__nor2_1)
   0.1498    7.0149 v dcache/mshrs/_0617_/Y (sky130_fd_sc_hd__a21boi_0)
   0.2381    7.2530 v dcache/mshrs/_0618_/X (sky130_fd_sc_hd__lpflow_inputiso0n_1)
   0.1857    7.4387 ^ dcache/mshrs/_0752_/Y (sky130_fd_sc_hd__a31oi_1)
   0.0689    7.5076 v dcache/mshrs/_0755_/Y (sky130_fd_sc_hd__nand2_1)
   0.2141    7.7217 v dcache/mshrs/_0756_/X (sky130_fd_sc_hd__a22o_1)
   0.1258    7.8475 v dcache/_2807_/X (sky130_fd_sc_hd__lpflow_isobufsrc_1)
   0.3604    8.2079 ^ dcache/_2808_/Y (sky130_fd_sc_hd__a2111oi_0)
   0.1294    8.3373 v dcache/_2809_/Y (sky130_fd_sc_hd__a311oi_1)
   0.1535    8.4908 ^ dcache/_2810_/X (sky130_fd_sc_hd__lpflow_isobufsrc_1)
   0.0805    8.5713 v dcache/_2812_/Y (sky130_fd_sc_hd__nor3_1)
   0.2226    8.7939 v dcache/_3359_/X (sky130_fd_sc_hd__lpflow_clkbufkapwr_1)
   0.3803    9.1742 v dcache/_3363_/X (sky130_fd_sc_hd__mux2_2)
   0.1967    9.3709 v lsu/_29300_/Y (sky130_fd_sc_hd__nand2b_1)
   0.5002    9.8711 ^ lsu/_29301_/Y (sky130_fd_sc_hd__nor3_1)
   0.2162   10.0873 ^ lsu/_29516_/X (sky130_fd_sc_hd__a22o_1)
   0.0473   10.1346 v lsu/_29517_/Y (sky130_fd_sc_hd__a221oi_1)
   0.2270   10.3616 v lsu/_29518_/X (sky130_fd_sc_hd__and4_1)
   0.0935   10.4551 ^ lsu/_29519_/Y (sky130_fd_sc_hd__nand3_1)
   0.0851   10.5402 v lsu/_29520_/Y (sky130_fd_sc_hd__nand2_1)
   0.0580   10.5981 ^ lsu/_40488_/Y (sky130_fd_sc_hd__nand2_1)
   0.1156   10.7137 v lsu/_40489_/Y (sky130_fd_sc_hd__o21ai_0)
   0.1764   10.8902 v core/memExeUnit/_191_/X (sky130_fd_sc_hd__buf_4)
   0.1819   11.0721 v core/ll_wbarb/_009_/X (sky130_fd_sc_hd__clkbuf_1)
   0.2456   11.3177 v core/ll_wbarb/_010_/X (sky130_fd_sc_hd__clkbuf_1)
   0.0813   11.3990 ^ core/ll_wbarb/_099_/Y (sky130_fd_sc_hd__inv_1)
   0.1445   11.5435 ^ core/FpPipeline/_2061_/X (sky130_fd_sc_hd__lpflow_inputiso0n_1)
   0.0722   11.6158 v core/FpPipeline/_2071_/Y (sky130_fd_sc_hd__nand2_1)
   0.0986   11.7143 ^ core/FpPipeline/_2073_/Y (sky130_fd_sc_hd__a21oi_1)
   0.1152   11.8295 ^ core/ll_wbarb/_100_/X (sky130_fd_sc_hd__or2_2)
   4.8833   16.7129 ^ core/_3793_/Y (sky130_fd_sc_hd__nor3b_1)
   0.5905   17.3034 ^ core/rename_stage/busytable/_2152_/X (sky130_fd_sc_hd__and3b_1)
   0.2495   17.5529 ^ core/rename_stage/busytable/_2153_/X (sky130_fd_sc_hd__clkbuf_1)
   0.3054   17.8583 ^ core/rename_stage/busytable/_2215_/X (sky130_fd_sc_hd__clkbuf_1)
   0.0916   17.9499 v core/rename_stage/busytable/_2216_/Y (sky130_fd_sc_hd__nand2_1)
   0.0874   18.0373 ^ core/rename_stage/busytable/_2219_/Y (sky130_fd_sc_hd__nand3_1)
   0.0599   18.0972 v core/rename_stage/busytable/_2221_/Y (sky130_fd_sc_hd__a21oi_1)
   0.0035   18.1007 v core/rename_stage/busytable/_2553_/D (sky130_fd_sc_hd__dfxtp_1)
            18.1007   data arrival time

  20.0000   20.0000   clock clock (rise edge)
   0.0000   20.0000   clock network delay (ideal)
   0.0000   20.0000   clock reconvergence pessimism
            20.0000 ^ core/rename_stage/busytable/_2553_/CLK (sky130_fd_sc_hd__dfxtp_1)
  -0.1339   19.8661   library setup time
            19.8661   data required time
-------------------------------------------------------------
            19.8661   data required time
           -18.1007   data arrival time
-------------------------------------------------------------
             1.7654   slack (MET)


Startpoint: core/_4005_ (rising edge-triggered flip-flop clocked by clock)
Endpoint: core/rename_stage/busytable/_2574_
          (rising edge-triggered flip-flop clocked by clock)
Path Group: clock
Path Type: max

    Delay      Time   Description
-------------------------------------------------------------
   0.0000    0.0000   clock clock (rise edge)
   0.0000    0.0000   clock network delay (ideal)
   0.0000    0.0000 ^ core/_4005_/CLK (sky130_fd_sc_hd__dfxtp_1)
   0.3332    0.3332 ^ core/_4005_/Q (sky130_fd_sc_hd__dfxtp_1)
   0.3006    0.6338 ^ core/_1893_/Y (sky130_fd_sc_hd__nor3b_1)
   0.1036    0.7374 v core/_1894_/Y (sky130_fd_sc_hd__nand2_1)
   4.7155    5.4530 ^ core/_1919_/Y (sky130_fd_sc_hd__o21ai_0)
   0.7629    6.2158 ^ lsu/_64242_/X (sky130_fd_sc_hd__buf_4)
   0.1194    6.3353 v dcache/_2795_/Y (sky130_fd_sc_hd__a22oi_1)
   0.2227    6.5580 v dcache/_2796_/X (sky130_fd_sc_hd__and4_1)
   0.0821    6.6402 ^ dcache/_2797_/Y (sky130_fd_sc_hd__nand2_1)
   0.0867    6.7268 v dcache/_2803_/Y (sky130_fd_sc_hd__nor4_1)
   0.0795    6.8064 ^ dcache/mshrs/_0615_/Y (sky130_fd_sc_hd__inv_1)
   0.0587    6.8651 v dcache/mshrs/_0616_/Y (sky130_fd_sc_hd__nor2_1)
   0.1498    7.0149 v dcache/mshrs/_0617_/Y (sky130_fd_sc_hd__a21boi_0)
   0.2381    7.2530 v dcache/mshrs/_0618_/X (sky130_fd_sc_hd__lpflow_inputiso0n_1)
   0.1857    7.4387 ^ dcache/mshrs/_0752_/Y (sky130_fd_sc_hd__a31oi_1)
   0.0689    7.5076 v dcache/mshrs/_0755_/Y (sky130_fd_sc_hd__nand2_1)
   0.2141    7.7217 v dcache/mshrs/_0756_/X (sky130_fd_sc_hd__a22o_1)
   0.1258    7.8475 v dcache/_2807_/X (sky130_fd_sc_hd__lpflow_isobufsrc_1)
   0.3604    8.2079 ^ dcache/_2808_/Y (sky130_fd_sc_hd__a2111oi_0)
   0.1294    8.3373 v dcache/_2809_/Y (sky130_fd_sc_hd__a311oi_1)
   0.1535    8.4908 ^ dcache/_2810_/X (sky130_fd_sc_hd__lpflow_isobufsrc_1)
   0.0805    8.5713 v dcache/_2812_/Y (sky130_fd_sc_hd__nor3_1)
   0.2226    8.7939 v dcache/_3359_/X (sky130_fd_sc_hd__lpflow_clkbufkapwr_1)
   0.3803    9.1742 v dcache/_3363_/X (sky130_fd_sc_hd__mux2_2)
   0.1967    9.3709 v lsu/_29300_/Y (sky130_fd_sc_hd__nand2b_1)
   0.5002    9.8711 ^ lsu/_29301_/Y (sky130_fd_sc_hd__nor3_1)
   0.2162   10.0873 ^ lsu/_29516_/X (sky130_fd_sc_hd__a22o_1)
   0.0473   10.1346 v lsu/_29517_/Y (sky130_fd_sc_hd__a221oi_1)
   0.2270   10.3616 v lsu/_29518_/X (sky130_fd_sc_hd__and4_1)
   0.0935   10.4551 ^ lsu/_29519_/Y (sky130_fd_sc_hd__nand3_1)
   0.0851   10.5402 v lsu/_29520_/Y (sky130_fd_sc_hd__nand2_1)
   0.0580   10.5981 ^ lsu/_40488_/Y (sky130_fd_sc_hd__nand2_1)
   0.1156   10.7137 v lsu/_40489_/Y (sky130_fd_sc_hd__o21ai_0)
   0.1764   10.8902 v core/memExeUnit/_191_/X (sky130_fd_sc_hd__buf_4)
   0.1819   11.0721 v core/ll_wbarb/_009_/X (sky130_fd_sc_hd__clkbuf_1)
   0.2456   11.3177 v core/ll_wbarb/_010_/X (sky130_fd_sc_hd__clkbuf_1)
   0.0813   11.3990 ^ core/ll_wbarb/_099_/Y (sky130_fd_sc_hd__inv_1)
   0.1445   11.5435 ^ core/FpPipeline/_2061_/X (sky130_fd_sc_hd__lpflow_inputiso0n_1)
   0.0722   11.6158 v core/FpPipeline/_2071_/Y (sky130_fd_sc_hd__nand2_1)
   0.0986   11.7143 ^ core/FpPipeline/_2073_/Y (sky130_fd_sc_hd__a21oi_1)
   0.1152   11.8295 ^ core/ll_wbarb/_100_/X (sky130_fd_sc_hd__or2_2)
   4.8833   16.7129 ^ core/_3793_/Y (sky130_fd_sc_hd__nor3b_1)
   0.2605   16.9734 v core/rename_stage/busytable/_2390_/Y (sky130_fd_sc_hd__nand2_1)
   0.5188   17.4922 v core/rename_stage/busytable/_2391_/X (sky130_fd_sc_hd__or2_2)
   0.1858   17.6780 v core/rename_stage/busytable/_2392_/X (sky130_fd_sc_hd__lpflow_clkbufkapwr_1)
   0.1535   17.8315 ^ core/rename_stage/busytable/_2393_/Y (sky130_fd_sc_hd__o22ai_1)
   0.0704   17.9019 v core/rename_stage/busytable/_2397_/Y (sky130_fd_sc_hd__a211oi_1)
   0.1099   18.0118 ^ core/rename_stage/busytable/_2398_/Y (sky130_fd_sc_hd__o211ai_1)
   0.0810   18.0929 v core/rename_stage/busytable/_2406_/Y (sky130_fd_sc_hd__a21oi_1)
   0.0035   18.0963 v core/rename_stage/busytable/_2574_/D (sky130_fd_sc_hd__dfxtp_1)
            18.0963   data arrival time

  20.0000   20.0000   clock clock (rise edge)
   0.0000   20.0000   clock network delay (ideal)
   0.0000   20.0000   clock reconvergence pessimism
            20.0000 ^ core/rename_stage/busytable/_2574_/CLK (sky130_fd_sc_hd__dfxtp_1)
  -0.1339   19.8661   library setup time
            19.8661   data required time
-------------------------------------------------------------
            19.8661   data required time
           -18.0963   data arrival time
-------------------------------------------------------------
             1.7698   slack (MET)


Startpoint: core/_4005_ (rising edge-triggered flip-flop clocked by clock)
Endpoint: core/rename_stage/busytable/_2521_
          (rising edge-triggered flip-flop clocked by clock)
Path Group: clock
Path Type: max

    Delay      Time   Description
-------------------------------------------------------------
   0.0000    0.0000   clock clock (rise edge)
   0.0000    0.0000   clock network delay (ideal)
   0.0000    0.0000 ^ core/_4005_/CLK (sky130_fd_sc_hd__dfxtp_1)
   0.3332    0.3332 ^ core/_4005_/Q (sky130_fd_sc_hd__dfxtp_1)
   0.3006    0.6338 ^ core/_1893_/Y (sky130_fd_sc_hd__nor3b_1)
   0.1036    0.7374 v core/_1894_/Y (sky130_fd_sc_hd__nand2_1)
   4.7155    5.4530 ^ core/_1919_/Y (sky130_fd_sc_hd__o21ai_0)
   0.7629    6.2158 ^ lsu/_64242_/X (sky130_fd_sc_hd__buf_4)
   0.1194    6.3353 v dcache/_2795_/Y (sky130_fd_sc_hd__a22oi_1)
   0.2227    6.5580 v dcache/_2796_/X (sky130_fd_sc_hd__and4_1)
   0.0821    6.6402 ^ dcache/_2797_/Y (sky130_fd_sc_hd__nand2_1)
   0.0867    6.7268 v dcache/_2803_/Y (sky130_fd_sc_hd__nor4_1)
   0.0795    6.8064 ^ dcache/mshrs/_0615_/Y (sky130_fd_sc_hd__inv_1)
   0.0587    6.8651 v dcache/mshrs/_0616_/Y (sky130_fd_sc_hd__nor2_1)
   0.1498    7.0149 v dcache/mshrs/_0617_/Y (sky130_fd_sc_hd__a21boi_0)
   0.2381    7.2530 v dcache/mshrs/_0618_/X (sky130_fd_sc_hd__lpflow_inputiso0n_1)
   0.1857    7.4387 ^ dcache/mshrs/_0752_/Y (sky130_fd_sc_hd__a31oi_1)
   0.0689    7.5076 v dcache/mshrs/_0755_/Y (sky130_fd_sc_hd__nand2_1)
   0.2141    7.7217 v dcache/mshrs/_0756_/X (sky130_fd_sc_hd__a22o_1)
   0.1258    7.8475 v dcache/_2807_/X (sky130_fd_sc_hd__lpflow_isobufsrc_1)
   0.3604    8.2079 ^ dcache/_2808_/Y (sky130_fd_sc_hd__a2111oi_0)
   0.1294    8.3373 v dcache/_2809_/Y (sky130_fd_sc_hd__a311oi_1)
   0.1535    8.4908 ^ dcache/_2810_/X (sky130_fd_sc_hd__lpflow_isobufsrc_1)
   0.0805    8.5713 v dcache/_2812_/Y (sky130_fd_sc_hd__nor3_1)
   0.2226    8.7939 v dcache/_3359_/X (sky130_fd_sc_hd__lpflow_clkbufkapwr_1)
   0.3803    9.1742 v dcache/_3363_/X (sky130_fd_sc_hd__mux2_2)
   0.1967    9.3709 v lsu/_29300_/Y (sky130_fd_sc_hd__nand2b_1)
   0.5002    9.8711 ^ lsu/_29301_/Y (sky130_fd_sc_hd__nor3_1)
   0.2162   10.0873 ^ lsu/_29516_/X (sky130_fd_sc_hd__a22o_1)
   0.0473   10.1346 v lsu/_29517_/Y (sky130_fd_sc_hd__a221oi_1)
   0.2270   10.3616 v lsu/_29518_/X (sky130_fd_sc_hd__and4_1)
   0.0935   10.4551 ^ lsu/_29519_/Y (sky130_fd_sc_hd__nand3_1)
   0.0851   10.5402 v lsu/_29520_/Y (sky130_fd_sc_hd__nand2_1)
   0.0580   10.5981 ^ lsu/_40488_/Y (sky130_fd_sc_hd__nand2_1)
   0.1156   10.7137 v lsu/_40489_/Y (sky130_fd_sc_hd__o21ai_0)
   0.1764   10.8902 v core/memExeUnit/_191_/X (sky130_fd_sc_hd__buf_4)
   0.1819   11.0721 v core/ll_wbarb/_009_/X (sky130_fd_sc_hd__clkbuf_1)
   0.2456   11.3177 v core/ll_wbarb/_010_/X (sky130_fd_sc_hd__clkbuf_1)
   0.0813   11.3990 ^ core/ll_wbarb/_099_/Y (sky130_fd_sc_hd__inv_1)
   0.1445   11.5435 ^ core/FpPipeline/_2061_/X (sky130_fd_sc_hd__lpflow_inputiso0n_1)
   0.0722   11.6158 v core/FpPipeline/_2071_/Y (sky130_fd_sc_hd__nand2_1)
   0.0986   11.7143 ^ core/FpPipeline/_2073_/Y (sky130_fd_sc_hd__a21oi_1)
   0.1152   11.8295 ^ core/ll_wbarb/_100_/X (sky130_fd_sc_hd__or2_2)
   4.8833   16.7129 ^ core/_3793_/Y (sky130_fd_sc_hd__nor3b_1)
   0.7968   17.5097 ^ core/rename_stage/busytable/_1605_/Y (sky130_fd_sc_hd__nor3b_1)
   0.3380   17.8477 ^ core/rename_stage/busytable/_1606_/X (sky130_fd_sc_hd__clkbuf_1)
   0.0863   17.9340 v core/rename_stage/busytable/_1797_/Y (sky130_fd_sc_hd__nand2_1)
   0.0957   18.0297 ^ core/rename_stage/busytable/_1809_/Y (sky130_fd_sc_hd__nand4_1)
   0.0620   18.0916 v core/rename_stage/busytable/_1817_/Y (sky130_fd_sc_hd__a21oi_1)
   0.0035   18.0951 v core/rename_stage/busytable/_2521_/D (sky130_fd_sc_hd__dfxtp_1)
            18.0951   data arrival time

  20.0000   20.0000   clock clock (rise edge)
   0.0000   20.0000   clock network delay (ideal)
   0.0000   20.0000   clock reconvergence pessimism
            20.0000 ^ core/rename_stage/busytable/_2521_/CLK (sky130_fd_sc_hd__dfxtp_1)
  -0.1339   19.8661   library setup time
            19.8661   data required time
-------------------------------------------------------------
            19.8661   data required time
           -18.0951   data arrival time
-------------------------------------------------------------
             1.7710   slack (MET)


Startpoint: core/_4005_ (rising edge-triggered flip-flop clocked by clock)
Endpoint: core/rename_stage/busytable/_2523_
          (rising edge-triggered flip-flop clocked by clock)
Path Group: clock
Path Type: max

    Delay      Time   Description
-------------------------------------------------------------
   0.0000    0.0000   clock clock (rise edge)
   0.0000    0.0000   clock network delay (ideal)
   0.0000    0.0000 ^ core/_4005_/CLK (sky130_fd_sc_hd__dfxtp_1)
   0.3332    0.3332 ^ core/_4005_/Q (sky130_fd_sc_hd__dfxtp_1)
   0.3006    0.6338 ^ core/_1893_/Y (sky130_fd_sc_hd__nor3b_1)
   0.1036    0.7374 v core/_1894_/Y (sky130_fd_sc_hd__nand2_1)
   4.7155    5.4530 ^ core/_1919_/Y (sky130_fd_sc_hd__o21ai_0)
   0.7629    6.2158 ^ lsu/_64242_/X (sky130_fd_sc_hd__buf_4)
   0.1194    6.3353 v dcache/_2795_/Y (sky130_fd_sc_hd__a22oi_1)
   0.2227    6.5580 v dcache/_2796_/X (sky130_fd_sc_hd__and4_1)
   0.0821    6.6402 ^ dcache/_2797_/Y (sky130_fd_sc_hd__nand2_1)
   0.0867    6.7268 v dcache/_2803_/Y (sky130_fd_sc_hd__nor4_1)
   0.0795    6.8064 ^ dcache/mshrs/_0615_/Y (sky130_fd_sc_hd__inv_1)
   0.0587    6.8651 v dcache/mshrs/_0616_/Y (sky130_fd_sc_hd__nor2_1)
   0.1498    7.0149 v dcache/mshrs/_0617_/Y (sky130_fd_sc_hd__a21boi_0)
   0.2381    7.2530 v dcache/mshrs/_0618_/X (sky130_fd_sc_hd__lpflow_inputiso0n_1)
   0.1857    7.4387 ^ dcache/mshrs/_0752_/Y (sky130_fd_sc_hd__a31oi_1)
   0.0689    7.5076 v dcache/mshrs/_0755_/Y (sky130_fd_sc_hd__nand2_1)
   0.2141    7.7217 v dcache/mshrs/_0756_/X (sky130_fd_sc_hd__a22o_1)
   0.1258    7.8475 v dcache/_2807_/X (sky130_fd_sc_hd__lpflow_isobufsrc_1)
   0.3604    8.2079 ^ dcache/_2808_/Y (sky130_fd_sc_hd__a2111oi_0)
   0.1294    8.3373 v dcache/_2809_/Y (sky130_fd_sc_hd__a311oi_1)
   0.1535    8.4908 ^ dcache/_2810_/X (sky130_fd_sc_hd__lpflow_isobufsrc_1)
   0.0805    8.5713 v dcache/_2812_/Y (sky130_fd_sc_hd__nor3_1)
   0.2226    8.7939 v dcache/_3359_/X (sky130_fd_sc_hd__lpflow_clkbufkapwr_1)
   0.3803    9.1742 v dcache/_3363_/X (sky130_fd_sc_hd__mux2_2)
   0.1967    9.3709 v lsu/_29300_/Y (sky130_fd_sc_hd__nand2b_1)
   0.5002    9.8711 ^ lsu/_29301_/Y (sky130_fd_sc_hd__nor3_1)
   0.2162   10.0873 ^ lsu/_29516_/X (sky130_fd_sc_hd__a22o_1)
   0.0473   10.1346 v lsu/_29517_/Y (sky130_fd_sc_hd__a221oi_1)
   0.2270   10.3616 v lsu/_29518_/X (sky130_fd_sc_hd__and4_1)
   0.0935   10.4551 ^ lsu/_29519_/Y (sky130_fd_sc_hd__nand3_1)
   0.0851   10.5402 v lsu/_29520_/Y (sky130_fd_sc_hd__nand2_1)
   0.0580   10.5981 ^ lsu/_40488_/Y (sky130_fd_sc_hd__nand2_1)
   0.1156   10.7137 v lsu/_40489_/Y (sky130_fd_sc_hd__o21ai_0)
   0.1764   10.8902 v core/memExeUnit/_191_/X (sky130_fd_sc_hd__buf_4)
   0.1819   11.0721 v core/ll_wbarb/_009_/X (sky130_fd_sc_hd__clkbuf_1)
   0.2456   11.3177 v core/ll_wbarb/_010_/X (sky130_fd_sc_hd__clkbuf_1)
   0.0813   11.3990 ^ core/ll_wbarb/_099_/Y (sky130_fd_sc_hd__inv_1)
   0.1445   11.5435 ^ core/FpPipeline/_2061_/X (sky130_fd_sc_hd__lpflow_inputiso0n_1)
   0.0722   11.6158 v core/FpPipeline/_2071_/Y (sky130_fd_sc_hd__nand2_1)
   0.0986   11.7143 ^ core/FpPipeline/_2073_/Y (sky130_fd_sc_hd__a21oi_1)
   0.1152   11.8295 ^ core/ll_wbarb/_100_/X (sky130_fd_sc_hd__or2_2)
   4.8833   16.7129 ^ core/_3793_/Y (sky130_fd_sc_hd__nor3b_1)
   0.7968   17.5097 ^ core/rename_stage/busytable/_1605_/Y (sky130_fd_sc_hd__nor3b_1)
   0.3380   17.8477 ^ core/rename_stage/busytable/_1606_/X (sky130_fd_sc_hd__clkbuf_1)
   0.0861   17.9338 v core/rename_stage/busytable/_1842_/Y (sky130_fd_sc_hd__nand2_1)
   0.0924   18.0262 ^ core/rename_stage/busytable/_1856_/Y (sky130_fd_sc_hd__nand3_1)
   0.0627   18.0889 v core/rename_stage/busytable/_1862_/Y (sky130_fd_sc_hd__a21oi_1)
   0.0035   18.0924 v core/rename_stage/busytable/_2523_/D (sky130_fd_sc_hd__dfxtp_1)
            18.0924   data arrival time

  20.0000   20.0000   clock clock (rise edge)
   0.0000   20.0000   clock network delay (ideal)
   0.0000   20.0000   clock reconvergence pessimism
            20.0000 ^ core/rename_stage/busytable/_2523_/CLK (sky130_fd_sc_hd__dfxtp_1)
  -0.1339   19.8661   library setup time
            19.8661   data required time
-------------------------------------------------------------
            19.8661   data required time
           -18.0924   data arrival time
-------------------------------------------------------------
             1.7737   slack (MET)


Startpoint: core/_4005_ (rising edge-triggered flip-flop clocked by clock)
Endpoint: core/rename_stage/busytable/_2531_
          (rising edge-triggered flip-flop clocked by clock)
Path Group: clock
Path Type: max

    Delay      Time   Description
-------------------------------------------------------------
   0.0000    0.0000   clock clock (rise edge)
   0.0000    0.0000   clock network delay (ideal)
   0.0000    0.0000 ^ core/_4005_/CLK (sky130_fd_sc_hd__dfxtp_1)
   0.3332    0.3332 ^ core/_4005_/Q (sky130_fd_sc_hd__dfxtp_1)
   0.3006    0.6338 ^ core/_1893_/Y (sky130_fd_sc_hd__nor3b_1)
   0.1036    0.7374 v core/_1894_/Y (sky130_fd_sc_hd__nand2_1)
   4.7155    5.4530 ^ core/_1919_/Y (sky130_fd_sc_hd__o21ai_0)
   0.7629    6.2158 ^ lsu/_64242_/X (sky130_fd_sc_hd__buf_4)
   0.1194    6.3353 v dcache/_2795_/Y (sky130_fd_sc_hd__a22oi_1)
   0.2227    6.5580 v dcache/_2796_/X (sky130_fd_sc_hd__and4_1)
   0.0821    6.6402 ^ dcache/_2797_/Y (sky130_fd_sc_hd__nand2_1)
   0.0867    6.7268 v dcache/_2803_/Y (sky130_fd_sc_hd__nor4_1)
   0.0795    6.8064 ^ dcache/mshrs/_0615_/Y (sky130_fd_sc_hd__inv_1)
   0.0587    6.8651 v dcache/mshrs/_0616_/Y (sky130_fd_sc_hd__nor2_1)
   0.1498    7.0149 v dcache/mshrs/_0617_/Y (sky130_fd_sc_hd__a21boi_0)
   0.2381    7.2530 v dcache/mshrs/_0618_/X (sky130_fd_sc_hd__lpflow_inputiso0n_1)
   0.1857    7.4387 ^ dcache/mshrs/_0752_/Y (sky130_fd_sc_hd__a31oi_1)
   0.0689    7.5076 v dcache/mshrs/_0755_/Y (sky130_fd_sc_hd__nand2_1)
   0.2141    7.7217 v dcache/mshrs/_0756_/X (sky130_fd_sc_hd__a22o_1)
   0.1258    7.8475 v dcache/_2807_/X (sky130_fd_sc_hd__lpflow_isobufsrc_1)
   0.3604    8.2079 ^ dcache/_2808_/Y (sky130_fd_sc_hd__a2111oi_0)
   0.1294    8.3373 v dcache/_2809_/Y (sky130_fd_sc_hd__a311oi_1)
   0.1535    8.4908 ^ dcache/_2810_/X (sky130_fd_sc_hd__lpflow_isobufsrc_1)
   0.0805    8.5713 v dcache/_2812_/Y (sky130_fd_sc_hd__nor3_1)
   0.2226    8.7939 v dcache/_3359_/X (sky130_fd_sc_hd__lpflow_clkbufkapwr_1)
   0.3803    9.1742 v dcache/_3363_/X (sky130_fd_sc_hd__mux2_2)
   0.1967    9.3709 v lsu/_29300_/Y (sky130_fd_sc_hd__nand2b_1)
   0.5002    9.8711 ^ lsu/_29301_/Y (sky130_fd_sc_hd__nor3_1)
   0.2162   10.0873 ^ lsu/_29516_/X (sky130_fd_sc_hd__a22o_1)
   0.0473   10.1346 v lsu/_29517_/Y (sky130_fd_sc_hd__a221oi_1)
   0.2270   10.3616 v lsu/_29518_/X (sky130_fd_sc_hd__and4_1)
   0.0935   10.4551 ^ lsu/_29519_/Y (sky130_fd_sc_hd__nand3_1)
   0.0851   10.5402 v lsu/_29520_/Y (sky130_fd_sc_hd__nand2_1)
   0.0580   10.5981 ^ lsu/_40488_/Y (sky130_fd_sc_hd__nand2_1)
   0.1156   10.7137 v lsu/_40489_/Y (sky130_fd_sc_hd__o21ai_0)
   0.1764   10.8902 v core/memExeUnit/_191_/X (sky130_fd_sc_hd__buf_4)
   0.1819   11.0721 v core/ll_wbarb/_009_/X (sky130_fd_sc_hd__clkbuf_1)
   0.2456   11.3177 v core/ll_wbarb/_010_/X (sky130_fd_sc_hd__clkbuf_1)
   0.0813   11.3990 ^ core/ll_wbarb/_099_/Y (sky130_fd_sc_hd__inv_1)
   0.1445   11.5435 ^ core/FpPipeline/_2061_/X (sky130_fd_sc_hd__lpflow_inputiso0n_1)
   0.0722   11.6158 v core/FpPipeline/_2071_/Y (sky130_fd_sc_hd__nand2_1)
   0.0986   11.7143 ^ core/FpPipeline/_2073_/Y (sky130_fd_sc_hd__a21oi_1)
   0.1152   11.8295 ^ core/ll_wbarb/_100_/X (sky130_fd_sc_hd__or2_2)
   4.8833   16.7129 ^ core/_3793_/Y (sky130_fd_sc_hd__nor3b_1)
   0.5729   17.2858 v core/rename_stage/busytable/_1525_/X (sky130_fd_sc_hd__or3b_2)
   0.1527   17.4385 v core/rename_stage/busytable/_1526_/X (sky130_fd_sc_hd__clkbuf_1)
   0.4709   17.9095 v core/rename_stage/busytable/_1978_/X (sky130_fd_sc_hd__or4_1)
   0.0985   18.0080 ^ core/rename_stage/busytable/_1985_/Y (sky130_fd_sc_hd__nand4_1)
   0.0716   18.0796 v core/rename_stage/busytable/_1990_/Y (sky130_fd_sc_hd__a31oi_1)
   0.0035   18.0831 v core/rename_stage/busytable/_2531_/D (sky130_fd_sc_hd__dfxtp_1)
            18.0831   data arrival time

  20.0000   20.0000   clock clock (rise edge)
   0.0000   20.0000   clock network delay (ideal)
   0.0000   20.0000   clock reconvergence pessimism
            20.0000 ^ core/rename_stage/busytable/_2531_/CLK (sky130_fd_sc_hd__dfxtp_1)
  -0.1341   19.8659   library setup time
            19.8659   data required time
-------------------------------------------------------------
            19.8659   data required time
           -18.0831   data arrival time
-------------------------------------------------------------
             1.7828   slack (MET)


Startpoint: core/_4005_ (rising edge-triggered flip-flop clocked by clock)
Endpoint: core/rename_stage/busytable/_2524_
          (rising edge-triggered flip-flop clocked by clock)
Path Group: clock
Path Type: max

    Delay      Time   Description
-------------------------------------------------------------
   0.0000    0.0000   clock clock (rise edge)
   0.0000    0.0000   clock network delay (ideal)
   0.0000    0.0000 ^ core/_4005_/CLK (sky130_fd_sc_hd__dfxtp_1)
   0.3332    0.3332 ^ core/_4005_/Q (sky130_fd_sc_hd__dfxtp_1)
   0.3006    0.6338 ^ core/_1893_/Y (sky130_fd_sc_hd__nor3b_1)
   0.1036    0.7374 v core/_1894_/Y (sky130_fd_sc_hd__nand2_1)
   4.7155    5.4530 ^ core/_1919_/Y (sky130_fd_sc_hd__o21ai_0)
   0.7629    6.2158 ^ lsu/_64242_/X (sky130_fd_sc_hd__buf_4)
   0.1194    6.3353 v dcache/_2795_/Y (sky130_fd_sc_hd__a22oi_1)
   0.2227    6.5580 v dcache/_2796_/X (sky130_fd_sc_hd__and4_1)
   0.0821    6.6402 ^ dcache/_2797_/Y (sky130_fd_sc_hd__nand2_1)
   0.0867    6.7268 v dcache/_2803_/Y (sky130_fd_sc_hd__nor4_1)
   0.0795    6.8064 ^ dcache/mshrs/_0615_/Y (sky130_fd_sc_hd__inv_1)
   0.0587    6.8651 v dcache/mshrs/_0616_/Y (sky130_fd_sc_hd__nor2_1)
   0.1498    7.0149 v dcache/mshrs/_0617_/Y (sky130_fd_sc_hd__a21boi_0)
   0.2381    7.2530 v dcache/mshrs/_0618_/X (sky130_fd_sc_hd__lpflow_inputiso0n_1)
   0.1857    7.4387 ^ dcache/mshrs/_0752_/Y (sky130_fd_sc_hd__a31oi_1)
   0.0689    7.5076 v dcache/mshrs/_0755_/Y (sky130_fd_sc_hd__nand2_1)
   0.2141    7.7217 v dcache/mshrs/_0756_/X (sky130_fd_sc_hd__a22o_1)
   0.1258    7.8475 v dcache/_2807_/X (sky130_fd_sc_hd__lpflow_isobufsrc_1)
   0.3604    8.2079 ^ dcache/_2808_/Y (sky130_fd_sc_hd__a2111oi_0)
   0.1294    8.3373 v dcache/_2809_/Y (sky130_fd_sc_hd__a311oi_1)
   0.1535    8.4908 ^ dcache/_2810_/X (sky130_fd_sc_hd__lpflow_isobufsrc_1)
   0.0805    8.5713 v dcache/_2812_/Y (sky130_fd_sc_hd__nor3_1)
   0.2226    8.7939 v dcache/_3359_/X (sky130_fd_sc_hd__lpflow_clkbufkapwr_1)
   0.3803    9.1742 v dcache/_3363_/X (sky130_fd_sc_hd__mux2_2)
   0.1967    9.3709 v lsu/_29300_/Y (sky130_fd_sc_hd__nand2b_1)
   0.5002    9.8711 ^ lsu/_29301_/Y (sky130_fd_sc_hd__nor3_1)
   0.2162   10.0873 ^ lsu/_29516_/X (sky130_fd_sc_hd__a22o_1)
   0.0473   10.1346 v lsu/_29517_/Y (sky130_fd_sc_hd__a221oi_1)
   0.2270   10.3616 v lsu/_29518_/X (sky130_fd_sc_hd__and4_1)
   0.0935   10.4551 ^ lsu/_29519_/Y (sky130_fd_sc_hd__nand3_1)
   0.0851   10.5402 v lsu/_29520_/Y (sky130_fd_sc_hd__nand2_1)
   0.0580   10.5981 ^ lsu/_40488_/Y (sky130_fd_sc_hd__nand2_1)
   0.1156   10.7137 v lsu/_40489_/Y (sky130_fd_sc_hd__o21ai_0)
   0.1764   10.8902 v core/memExeUnit/_191_/X (sky130_fd_sc_hd__buf_4)
   0.1819   11.0721 v core/ll_wbarb/_009_/X (sky130_fd_sc_hd__clkbuf_1)
   0.2456   11.3177 v core/ll_wbarb/_010_/X (sky130_fd_sc_hd__clkbuf_1)
   0.0813   11.3990 ^ core/ll_wbarb/_099_/Y (sky130_fd_sc_hd__inv_1)
   0.1445   11.5435 ^ core/FpPipeline/_2061_/X (sky130_fd_sc_hd__lpflow_inputiso0n_1)
   0.0722   11.6158 v core/FpPipeline/_2071_/Y (sky130_fd_sc_hd__nand2_1)
   0.0986   11.7143 ^ core/FpPipeline/_2073_/Y (sky130_fd_sc_hd__a21oi_1)
   0.1152   11.8295 ^ core/ll_wbarb/_100_/X (sky130_fd_sc_hd__or2_2)
   4.8833   16.7129 ^ core/_3793_/Y (sky130_fd_sc_hd__nor3b_1)
   0.5729   17.2858 v core/rename_stage/busytable/_1525_/X (sky130_fd_sc_hd__or3b_2)
   0.1527   17.4385 v core/rename_stage/busytable/_1526_/X (sky130_fd_sc_hd__clkbuf_1)
   0.1987   17.6373 v core/rename_stage/busytable/_1527_/X (sky130_fd_sc_hd__clkbuf_1)
   0.1977   17.8350 ^ core/rename_stage/busytable/_1870_/Y (sky130_fd_sc_hd__nor3_1)
   0.0710   17.9060 v core/rename_stage/busytable/_1871_/Y (sky130_fd_sc_hd__a221oi_1)
   0.1051   18.0111 ^ core/rename_stage/busytable/_1877_/Y (sky130_fd_sc_hd__nand3_1)
   0.0596   18.0707 v core/rename_stage/busytable/_1883_/Y (sky130_fd_sc_hd__a21oi_1)
   0.0035   18.0742 v core/rename_stage/busytable/_2524_/D (sky130_fd_sc_hd__dfxtp_1)
            18.0742   data arrival time

  20.0000   20.0000   clock clock (rise edge)
   0.0000   20.0000   clock network delay (ideal)
   0.0000   20.0000   clock reconvergence pessimism
            20.0000 ^ core/rename_stage/busytable/_2524_/CLK (sky130_fd_sc_hd__dfxtp_1)
  -0.1339   19.8661   library setup time
            19.8661   data required time
-------------------------------------------------------------
            19.8661   data required time
           -18.0742   data arrival time
-------------------------------------------------------------
             1.7919   slack (MET)


Startpoint: core/_4005_ (rising edge-triggered flip-flop clocked by clock)
Endpoint: core/rename_stage/busytable/_2578_
          (rising edge-triggered flip-flop clocked by clock)
Path Group: clock
Path Type: max

    Delay      Time   Description
-------------------------------------------------------------
   0.0000    0.0000   clock clock (rise edge)
   0.0000    0.0000   clock network delay (ideal)
   0.0000    0.0000 ^ core/_4005_/CLK (sky130_fd_sc_hd__dfxtp_1)
   0.3332    0.3332 ^ core/_4005_/Q (sky130_fd_sc_hd__dfxtp_1)
   0.3006    0.6338 ^ core/_1893_/Y (sky130_fd_sc_hd__nor3b_1)
   0.1036    0.7374 v core/_1894_/Y (sky130_fd_sc_hd__nand2_1)
   4.7155    5.4530 ^ core/_1919_/Y (sky130_fd_sc_hd__o21ai_0)
   0.7629    6.2158 ^ lsu/_64242_/X (sky130_fd_sc_hd__buf_4)
   0.1194    6.3353 v dcache/_2795_/Y (sky130_fd_sc_hd__a22oi_1)
   0.2227    6.5580 v dcache/_2796_/X (sky130_fd_sc_hd__and4_1)
   0.0821    6.6402 ^ dcache/_2797_/Y (sky130_fd_sc_hd__nand2_1)
   0.0867    6.7268 v dcache/_2803_/Y (sky130_fd_sc_hd__nor4_1)
   0.0795    6.8064 ^ dcache/mshrs/_0615_/Y (sky130_fd_sc_hd__inv_1)
   0.0587    6.8651 v dcache/mshrs/_0616_/Y (sky130_fd_sc_hd__nor2_1)
   0.1498    7.0149 v dcache/mshrs/_0617_/Y (sky130_fd_sc_hd__a21boi_0)
   0.2381    7.2530 v dcache/mshrs/_0618_/X (sky130_fd_sc_hd__lpflow_inputiso0n_1)
   0.1857    7.4387 ^ dcache/mshrs/_0752_/Y (sky130_fd_sc_hd__a31oi_1)
   0.0689    7.5076 v dcache/mshrs/_0755_/Y (sky130_fd_sc_hd__nand2_1)
   0.2141    7.7217 v dcache/mshrs/_0756_/X (sky130_fd_sc_hd__a22o_1)
   0.1258    7.8475 v dcache/_2807_/X (sky130_fd_sc_hd__lpflow_isobufsrc_1)
   0.3604    8.2079 ^ dcache/_2808_/Y (sky130_fd_sc_hd__a2111oi_0)
   0.1294    8.3373 v dcache/_2809_/Y (sky130_fd_sc_hd__a311oi_1)
   0.1535    8.4908 ^ dcache/_2810_/X (sky130_fd_sc_hd__lpflow_isobufsrc_1)
   0.0805    8.5713 v dcache/_2812_/Y (sky130_fd_sc_hd__nor3_1)
   0.2226    8.7939 v dcache/_3359_/X (sky130_fd_sc_hd__lpflow_clkbufkapwr_1)
   0.3803    9.1742 v dcache/_3363_/X (sky130_fd_sc_hd__mux2_2)
   0.1967    9.3709 v lsu/_29300_/Y (sky130_fd_sc_hd__nand2b_1)
   0.5002    9.8711 ^ lsu/_29301_/Y (sky130_fd_sc_hd__nor3_1)
   0.2162   10.0873 ^ lsu/_29516_/X (sky130_fd_sc_hd__a22o_1)
   0.0473   10.1346 v lsu/_29517_/Y (sky130_fd_sc_hd__a221oi_1)
   0.2270   10.3616 v lsu/_29518_/X (sky130_fd_sc_hd__and4_1)
   0.0935   10.4551 ^ lsu/_29519_/Y (sky130_fd_sc_hd__nand3_1)
   0.0851   10.5402 v lsu/_29520_/Y (sky130_fd_sc_hd__nand2_1)
   0.0580   10.5981 ^ lsu/_40488_/Y (sky130_fd_sc_hd__nand2_1)
   0.1156   10.7137 v lsu/_40489_/Y (sky130_fd_sc_hd__o21ai_0)
   0.1764   10.8902 v core/memExeUnit/_191_/X (sky130_fd_sc_hd__buf_4)
   0.1819   11.0721 v core/ll_wbarb/_009_/X (sky130_fd_sc_hd__clkbuf_1)
   0.2456   11.3177 v core/ll_wbarb/_010_/X (sky130_fd_sc_hd__clkbuf_1)
   0.0813   11.3990 ^ core/ll_wbarb/_099_/Y (sky130_fd_sc_hd__inv_1)
   0.1445   11.5435 ^ core/FpPipeline/_2061_/X (sky130_fd_sc_hd__lpflow_inputiso0n_1)
   0.0722   11.6158 v core/FpPipeline/_2071_/Y (sky130_fd_sc_hd__nand2_1)
   0.0986   11.7143 ^ core/FpPipeline/_2073_/Y (sky130_fd_sc_hd__a21oi_1)
   0.1152   11.8295 ^ core/ll_wbarb/_100_/X (sky130_fd_sc_hd__or2_2)
   4.8833   16.7129 ^ core/_3793_/Y (sky130_fd_sc_hd__nor3b_1)
   0.2605   16.9734 v core/rename_stage/busytable/_2390_/Y (sky130_fd_sc_hd__nand2_1)
   0.5188   17.4922 v core/rename_stage/busytable/_2391_/X (sky130_fd_sc_hd__or2_2)
   0.1858   17.6780 v core/rename_stage/busytable/_2392_/X (sky130_fd_sc_hd__lpflow_clkbufkapwr_1)
   0.1527   17.8306 ^ core/rename_stage/busytable/_2432_/Y (sky130_fd_sc_hd__o22ai_1)
   0.0577   17.8883 v core/rename_stage/busytable/_2433_/Y (sky130_fd_sc_hd__nor2_1)
   0.0877   17.9760 ^ core/rename_stage/busytable/_2434_/Y (sky130_fd_sc_hd__o211ai_1)
   0.0810   18.0571 v core/rename_stage/busytable/_2436_/Y (sky130_fd_sc_hd__a21oi_1)
   0.0035   18.0605 v core/rename_stage/busytable/_2578_/D (sky130_fd_sc_hd__dfxtp_1)
            18.0605   data arrival time

  20.0000   20.0000   clock clock (rise edge)
   0.0000   20.0000   clock network delay (ideal)
   0.0000   20.0000   clock reconvergence pessimism
            20.0000 ^ core/rename_stage/busytable/_2578_/CLK (sky130_fd_sc_hd__dfxtp_1)
  -0.1339   19.8661   library setup time
            19.8661   data required time
-------------------------------------------------------------
            19.8661   data required time
           -18.0605   data arrival time
-------------------------------------------------------------
             1.8056   slack (MET)


Startpoint: core/_4005_ (rising edge-triggered flip-flop clocked by clock)
Endpoint: core/rename_stage/busytable/_2510_
          (rising edge-triggered flip-flop clocked by clock)
Path Group: clock
Path Type: max

    Delay      Time   Description
-------------------------------------------------------------
   0.0000    0.0000   clock clock (rise edge)
   0.0000    0.0000   clock network delay (ideal)
   0.0000    0.0000 ^ core/_4005_/CLK (sky130_fd_sc_hd__dfxtp_1)
   0.3332    0.3332 ^ core/_4005_/Q (sky130_fd_sc_hd__dfxtp_1)
   0.3006    0.6338 ^ core/_1893_/Y (sky130_fd_sc_hd__nor3b_1)
   0.1036    0.7374 v core/_1894_/Y (sky130_fd_sc_hd__nand2_1)
   4.7155    5.4530 ^ core/_1919_/Y (sky130_fd_sc_hd__o21ai_0)
   0.7629    6.2158 ^ lsu/_64242_/X (sky130_fd_sc_hd__buf_4)
   0.1194    6.3353 v dcache/_2795_/Y (sky130_fd_sc_hd__a22oi_1)
   0.2227    6.5580 v dcache/_2796_/X (sky130_fd_sc_hd__and4_1)
   0.0821    6.6402 ^ dcache/_2797_/Y (sky130_fd_sc_hd__nand2_1)
   0.0867    6.7268 v dcache/_2803_/Y (sky130_fd_sc_hd__nor4_1)
   0.0795    6.8064 ^ dcache/mshrs/_0615_/Y (sky130_fd_sc_hd__inv_1)
   0.0587    6.8651 v dcache/mshrs/_0616_/Y (sky130_fd_sc_hd__nor2_1)
   0.1498    7.0149 v dcache/mshrs/_0617_/Y (sky130_fd_sc_hd__a21boi_0)
   0.2381    7.2530 v dcache/mshrs/_0618_/X (sky130_fd_sc_hd__lpflow_inputiso0n_1)
   0.1857    7.4387 ^ dcache/mshrs/_0752_/Y (sky130_fd_sc_hd__a31oi_1)
   0.0689    7.5076 v dcache/mshrs/_0755_/Y (sky130_fd_sc_hd__nand2_1)
   0.2141    7.7217 v dcache/mshrs/_0756_/X (sky130_fd_sc_hd__a22o_1)
   0.1258    7.8475 v dcache/_2807_/X (sky130_fd_sc_hd__lpflow_isobufsrc_1)
   0.3604    8.2079 ^ dcache/_2808_/Y (sky130_fd_sc_hd__a2111oi_0)
   0.1294    8.3373 v dcache/_2809_/Y (sky130_fd_sc_hd__a311oi_1)
   0.1535    8.4908 ^ dcache/_2810_/X (sky130_fd_sc_hd__lpflow_isobufsrc_1)
   0.0805    8.5713 v dcache/_2812_/Y (sky130_fd_sc_hd__nor3_1)
   0.2226    8.7939 v dcache/_3359_/X (sky130_fd_sc_hd__lpflow_clkbufkapwr_1)
   0.3803    9.1742 v dcache/_3363_/X (sky130_fd_sc_hd__mux2_2)
   0.1967    9.3709 v lsu/_29300_/Y (sky130_fd_sc_hd__nand2b_1)
   0.5002    9.8711 ^ lsu/_29301_/Y (sky130_fd_sc_hd__nor3_1)
   0.2162   10.0873 ^ lsu/_29516_/X (sky130_fd_sc_hd__a22o_1)
   0.0473   10.1346 v lsu/_29517_/Y (sky130_fd_sc_hd__a221oi_1)
   0.2270   10.3616 v lsu/_29518_/X (sky130_fd_sc_hd__and4_1)
   0.0935   10.4551 ^ lsu/_29519_/Y (sky130_fd_sc_hd__nand3_1)
   0.0851   10.5402 v lsu/_29520_/Y (sky130_fd_sc_hd__nand2_1)
   0.0580   10.5981 ^ lsu/_40488_/Y (sky130_fd_sc_hd__nand2_1)
   0.1156   10.7137 v lsu/_40489_/Y (sky130_fd_sc_hd__o21ai_0)
   0.1764   10.8902 v core/memExeUnit/_191_/X (sky130_fd_sc_hd__buf_4)
   0.1819   11.0721 v core/ll_wbarb/_009_/X (sky130_fd_sc_hd__clkbuf_1)
   0.2456   11.3177 v core/ll_wbarb/_010_/X (sky130_fd_sc_hd__clkbuf_1)
   0.0813   11.3990 ^ core/ll_wbarb/_099_/Y (sky130_fd_sc_hd__inv_1)
   0.1445   11.5435 ^ core/FpPipeline/_2061_/X (sky130_fd_sc_hd__lpflow_inputiso0n_1)
   0.0722   11.6158 v core/FpPipeline/_2071_/Y (sky130_fd_sc_hd__nand2_1)
   0.0986   11.7143 ^ core/FpPipeline/_2073_/Y (sky130_fd_sc_hd__a21oi_1)
   0.1152   11.8295 ^ core/ll_wbarb/_100_/X (sky130_fd_sc_hd__or2_2)
   4.8833   16.7129 ^ core/_3793_/Y (sky130_fd_sc_hd__nor3b_1)
   0.5729   17.2858 v core/rename_stage/busytable/_1525_/X (sky130_fd_sc_hd__or3b_2)
   0.1527   17.4385 v core/rename_stage/busytable/_1526_/X (sky130_fd_sc_hd__clkbuf_1)
   0.1987   17.6373 v core/rename_stage/busytable/_1527_/X (sky130_fd_sc_hd__clkbuf_1)
   0.1420   17.7793 ^ core/rename_stage/busytable/_1528_/Y (sky130_fd_sc_hd__o22ai_1)
   0.0635   17.8429 v core/rename_stage/busytable/_1529_/Y (sky130_fd_sc_hd__a211oi_1)
   0.1236   17.9665 ^ core/rename_stage/busytable/_1530_/Y (sky130_fd_sc_hd__o211ai_1)
   0.0811   18.0476 v core/rename_stage/busytable/_1548_/Y (sky130_fd_sc_hd__a21oi_1)
   0.0035   18.0511 v core/rename_stage/busytable/_2510_/D (sky130_fd_sc_hd__dfxtp_1)
            18.0511   data arrival time

  20.0000   20.0000   clock clock (rise edge)
   0.0000   20.0000   clock network delay (ideal)
   0.0000   20.0000   clock reconvergence pessimism
            20.0000 ^ core/rename_stage/busytable/_2510_/CLK (sky130_fd_sc_hd__dfxtp_1)
  -0.1339   19.8661   library setup time
            19.8661   data required time
-------------------------------------------------------------
            19.8661   data required time
           -18.0511   data arrival time
-------------------------------------------------------------
             1.8150   slack (MET)


Startpoint: core/_4005_ (rising edge-triggered flip-flop clocked by clock)
Endpoint: core/int_issue_unit/slots_0/_0980_
          (rising edge-triggered flip-flop clocked by clock)
Path Group: clock
Path Type: max

    Delay      Time   Description
-------------------------------------------------------------
   0.0000    0.0000   clock clock (rise edge)
   0.0000    0.0000   clock network delay (ideal)
   0.0000    0.0000 ^ core/_4005_/CLK (sky130_fd_sc_hd__dfxtp_1)
   0.3332    0.3332 ^ core/_4005_/Q (sky130_fd_sc_hd__dfxtp_1)
   0.3006    0.6338 ^ core/_1893_/Y (sky130_fd_sc_hd__nor3b_1)
   0.1036    0.7374 v core/_1894_/Y (sky130_fd_sc_hd__nand2_1)
   4.7155    5.4530 ^ core/_1919_/Y (sky130_fd_sc_hd__o21ai_0)
   0.7629    6.2158 ^ lsu/_64242_/X (sky130_fd_sc_hd__buf_4)
   0.1194    6.3353 v dcache/_2795_/Y (sky130_fd_sc_hd__a22oi_1)
   0.2227    6.5580 v dcache/_2796_/X (sky130_fd_sc_hd__and4_1)
   0.0821    6.6402 ^ dcache/_2797_/Y (sky130_fd_sc_hd__nand2_1)
   0.0867    6.7268 v dcache/_2803_/Y (sky130_fd_sc_hd__nor4_1)
   0.0795    6.8064 ^ dcache/mshrs/_0615_/Y (sky130_fd_sc_hd__inv_1)
   0.0587    6.8651 v dcache/mshrs/_0616_/Y (sky130_fd_sc_hd__nor2_1)
   0.1498    7.0149 v dcache/mshrs/_0617_/Y (sky130_fd_sc_hd__a21boi_0)
   0.2381    7.2530 v dcache/mshrs/_0618_/X (sky130_fd_sc_hd__lpflow_inputiso0n_1)
   0.1857    7.4387 ^ dcache/mshrs/_0752_/Y (sky130_fd_sc_hd__a31oi_1)
   0.0689    7.5076 v dcache/mshrs/_0755_/Y (sky130_fd_sc_hd__nand2_1)
   0.2141    7.7217 v dcache/mshrs/_0756_/X (sky130_fd_sc_hd__a22o_1)
   0.1258    7.8475 v dcache/_2807_/X (sky130_fd_sc_hd__lpflow_isobufsrc_1)
   0.3604    8.2079 ^ dcache/_2808_/Y (sky130_fd_sc_hd__a2111oi_0)
   0.1294    8.3373 v dcache/_2809_/Y (sky130_fd_sc_hd__a311oi_1)
   0.1535    8.4908 ^ dcache/_2810_/X (sky130_fd_sc_hd__lpflow_isobufsrc_1)
   0.0805    8.5713 v dcache/_2812_/Y (sky130_fd_sc_hd__nor3_1)
   0.2226    8.7939 v dcache/_3359_/X (sky130_fd_sc_hd__lpflow_clkbufkapwr_1)
   0.3803    9.1742 v dcache/_3363_/X (sky130_fd_sc_hd__mux2_2)
   0.1967    9.3709 v lsu/_29300_/Y (sky130_fd_sc_hd__nand2b_1)
   0.5002    9.8711 ^ lsu/_29301_/Y (sky130_fd_sc_hd__nor3_1)
   0.2162   10.0873 ^ lsu/_29516_/X (sky130_fd_sc_hd__a22o_1)
   0.0473   10.1346 v lsu/_29517_/Y (sky130_fd_sc_hd__a221oi_1)
   0.2270   10.3616 v lsu/_29518_/X (sky130_fd_sc_hd__and4_1)
   0.0935   10.4551 ^ lsu/_29519_/Y (sky130_fd_sc_hd__nand3_1)
   0.0851   10.5402 v lsu/_29520_/Y (sky130_fd_sc_hd__nand2_1)
   0.0580   10.5981 ^ lsu/_40488_/Y (sky130_fd_sc_hd__nand2_1)
   0.1156   10.7137 v lsu/_40489_/Y (sky130_fd_sc_hd__o21ai_0)
   0.1764   10.8902 v core/memExeUnit/_191_/X (sky130_fd_sc_hd__buf_4)
   0.1819   11.0721 v core/ll_wbarb/_009_/X (sky130_fd_sc_hd__clkbuf_1)
   0.2456   11.3177 v core/ll_wbarb/_010_/X (sky130_fd_sc_hd__clkbuf_1)
   0.0813   11.3990 ^ core/ll_wbarb/_099_/Y (sky130_fd_sc_hd__inv_1)
   0.1445   11.5435 ^ core/FpPipeline/_2061_/X (sky130_fd_sc_hd__lpflow_inputiso0n_1)
   0.0722   11.6158 v core/FpPipeline/_2071_/Y (sky130_fd_sc_hd__nand2_1)
   0.0986   11.7143 ^ core/FpPipeline/_2073_/Y (sky130_fd_sc_hd__a21oi_1)
   0.1152   11.8295 ^ core/ll_wbarb/_100_/X (sky130_fd_sc_hd__or2_2)
   4.8833   16.7129 ^ core/_3793_/Y (sky130_fd_sc_hd__nor3b_1)
   0.4910   17.2039 v core/int_issue_unit/slots_0/_0763_/Y (sky130_fd_sc_hd__o21ai_0)
   0.4726   17.6764 ^ core/int_issue_unit/slots_0/_0766_/Y (sky130_fd_sc_hd__nor4_1)
   0.1073   17.7837 v core/int_issue_unit/slots_0/_0767_/Y (sky130_fd_sc_hd__nand3_1)
   0.1862   17.9699 v core/int_issue_unit/slots_0/_0791_/X (sky130_fd_sc_hd__and4_1)
   0.1253   18.0953 ^ core/int_issue_unit/slots_0/_0792_/Y (sky130_fd_sc_hd__a21oi_1)
   0.0035   18.0987 ^ core/int_issue_unit/slots_0/_0980_/D (sky130_fd_sc_hd__dfxtp_1)
            18.0987   data arrival time

  20.0000   20.0000   clock clock (rise edge)
   0.0000   20.0000   clock network delay (ideal)
   0.0000   20.0000   clock reconvergence pessimism
            20.0000 ^ core/int_issue_unit/slots_0/_0980_/CLK (sky130_fd_sc_hd__dfxtp_1)
  -0.0722   19.9278   library setup time
            19.9278   data required time
-------------------------------------------------------------
            19.9278   data required time
           -18.0987   data arrival time
-------------------------------------------------------------
             1.8291   slack (MET)


Startpoint: core/_4005_ (rising edge-triggered flip-flop clocked by clock)
Endpoint: core/int_issue_unit/slots_1/_0980_
          (rising edge-triggered flip-flop clocked by clock)
Path Group: clock
Path Type: max

    Delay      Time   Description
-------------------------------------------------------------
   0.0000    0.0000   clock clock (rise edge)
   0.0000    0.0000   clock network delay (ideal)
   0.0000    0.0000 ^ core/_4005_/CLK (sky130_fd_sc_hd__dfxtp_1)
   0.3332    0.3332 ^ core/_4005_/Q (sky130_fd_sc_hd__dfxtp_1)
   0.3006    0.6338 ^ core/_1893_/Y (sky130_fd_sc_hd__nor3b_1)
   0.1036    0.7374 v core/_1894_/Y (sky130_fd_sc_hd__nand2_1)
   4.7155    5.4530 ^ core/_1919_/Y (sky130_fd_sc_hd__o21ai_0)
   0.7629    6.2158 ^ lsu/_64242_/X (sky130_fd_sc_hd__buf_4)
   0.1194    6.3353 v dcache/_2795_/Y (sky130_fd_sc_hd__a22oi_1)
   0.2227    6.5580 v dcache/_2796_/X (sky130_fd_sc_hd__and4_1)
   0.0821    6.6402 ^ dcache/_2797_/Y (sky130_fd_sc_hd__nand2_1)
   0.0867    6.7268 v dcache/_2803_/Y (sky130_fd_sc_hd__nor4_1)
   0.0795    6.8064 ^ dcache/mshrs/_0615_/Y (sky130_fd_sc_hd__inv_1)
   0.0587    6.8651 v dcache/mshrs/_0616_/Y (sky130_fd_sc_hd__nor2_1)
   0.1498    7.0149 v dcache/mshrs/_0617_/Y (sky130_fd_sc_hd__a21boi_0)
   0.2381    7.2530 v dcache/mshrs/_0618_/X (sky130_fd_sc_hd__lpflow_inputiso0n_1)
   0.1857    7.4387 ^ dcache/mshrs/_0752_/Y (sky130_fd_sc_hd__a31oi_1)
   0.0689    7.5076 v dcache/mshrs/_0755_/Y (sky130_fd_sc_hd__nand2_1)
   0.2141    7.7217 v dcache/mshrs/_0756_/X (sky130_fd_sc_hd__a22o_1)
   0.1258    7.8475 v dcache/_2807_/X (sky130_fd_sc_hd__lpflow_isobufsrc_1)
   0.3604    8.2079 ^ dcache/_2808_/Y (sky130_fd_sc_hd__a2111oi_0)
   0.1294    8.3373 v dcache/_2809_/Y (sky130_fd_sc_hd__a311oi_1)
   0.1535    8.4908 ^ dcache/_2810_/X (sky130_fd_sc_hd__lpflow_isobufsrc_1)
   0.0805    8.5713 v dcache/_2812_/Y (sky130_fd_sc_hd__nor3_1)
   0.2226    8.7939 v dcache/_3359_/X (sky130_fd_sc_hd__lpflow_clkbufkapwr_1)
   0.3803    9.1742 v dcache/_3363_/X (sky130_fd_sc_hd__mux2_2)
   0.1967    9.3709 v lsu/_29300_/Y (sky130_fd_sc_hd__nand2b_1)
   0.5002    9.8711 ^ lsu/_29301_/Y (sky130_fd_sc_hd__nor3_1)
   0.2162   10.0873 ^ lsu/_29516_/X (sky130_fd_sc_hd__a22o_1)
   0.0473   10.1346 v lsu/_29517_/Y (sky130_fd_sc_hd__a221oi_1)
   0.2270   10.3616 v lsu/_29518_/X (sky130_fd_sc_hd__and4_1)
   0.0935   10.4551 ^ lsu/_29519_/Y (sky130_fd_sc_hd__nand3_1)
   0.0851   10.5402 v lsu/_29520_/Y (sky130_fd_sc_hd__nand2_1)
   0.0580   10.5981 ^ lsu/_40488_/Y (sky130_fd_sc_hd__nand2_1)
   0.1156   10.7137 v lsu/_40489_/Y (sky130_fd_sc_hd__o21ai_0)
   0.1764   10.8902 v core/memExeUnit/_191_/X (sky130_fd_sc_hd__buf_4)
   0.1819   11.0721 v core/ll_wbarb/_009_/X (sky130_fd_sc_hd__clkbuf_1)
   0.2456   11.3177 v core/ll_wbarb/_010_/X (sky130_fd_sc_hd__clkbuf_1)
   0.0813   11.3990 ^ core/ll_wbarb/_099_/Y (sky130_fd_sc_hd__inv_1)
   0.1445   11.5435 ^ core/FpPipeline/_2061_/X (sky130_fd_sc_hd__lpflow_inputiso0n_1)
   0.0722   11.6158 v core/FpPipeline/_2071_/Y (sky130_fd_sc_hd__nand2_1)
   0.0986   11.7143 ^ core/FpPipeline/_2073_/Y (sky130_fd_sc_hd__a21oi_1)
   0.1152   11.8295 ^ core/ll_wbarb/_100_/X (sky130_fd_sc_hd__or2_2)
   4.8833   16.7129 ^ core/_3793_/Y (sky130_fd_sc_hd__nor3b_1)
   0.4910   17.2039 v core/int_issue_unit/slots_1/_0763_/Y (sky130_fd_sc_hd__o21ai_0)
   0.4726   17.6764 ^ core/int_issue_unit/slots_1/_0766_/Y (sky130_fd_sc_hd__nor4_1)
   0.1073   17.7837 v core/int_issue_unit/slots_1/_0767_/Y (sky130_fd_sc_hd__nand3_1)
   0.1862   17.9699 v core/int_issue_unit/slots_1/_0791_/X (sky130_fd_sc_hd__and4_1)
   0.1253   18.0953 ^ core/int_issue_unit/slots_1/_0792_/Y (sky130_fd_sc_hd__a21oi_1)
   0.0035   18.0987 ^ core/int_issue_unit/slots_1/_0980_/D (sky130_fd_sc_hd__dfxtp_1)
            18.0987   data arrival time

  20.0000   20.0000   clock clock (rise edge)
   0.0000   20.0000   clock network delay (ideal)
   0.0000   20.0000   clock reconvergence pessimism
            20.0000 ^ core/int_issue_unit/slots_1/_0980_/CLK (sky130_fd_sc_hd__dfxtp_1)
  -0.0722   19.9278   library setup time
            19.9278   data required time
-------------------------------------------------------------
            19.9278   data required time
           -18.0987   data arrival time
-------------------------------------------------------------
             1.8291   slack (MET)


Startpoint: core/_4005_ (rising edge-triggered flip-flop clocked by clock)
Endpoint: core/int_issue_unit/slots_10/_0980_
          (rising edge-triggered flip-flop clocked by clock)
Path Group: clock
Path Type: max

    Delay      Time   Description
-------------------------------------------------------------
   0.0000    0.0000   clock clock (rise edge)
   0.0000    0.0000   clock network delay (ideal)
   0.0000    0.0000 ^ core/_4005_/CLK (sky130_fd_sc_hd__dfxtp_1)
   0.3332    0.3332 ^ core/_4005_/Q (sky130_fd_sc_hd__dfxtp_1)
   0.3006    0.6338 ^ core/_1893_/Y (sky130_fd_sc_hd__nor3b_1)
   0.1036    0.7374 v core/_1894_/Y (sky130_fd_sc_hd__nand2_1)
   4.7155    5.4530 ^ core/_1919_/Y (sky130_fd_sc_hd__o21ai_0)
   0.7629    6.2158 ^ lsu/_64242_/X (sky130_fd_sc_hd__buf_4)
   0.1194    6.3353 v dcache/_2795_/Y (sky130_fd_sc_hd__a22oi_1)
   0.2227    6.5580 v dcache/_2796_/X (sky130_fd_sc_hd__and4_1)
   0.0821    6.6402 ^ dcache/_2797_/Y (sky130_fd_sc_hd__nand2_1)
   0.0867    6.7268 v dcache/_2803_/Y (sky130_fd_sc_hd__nor4_1)
   0.0795    6.8064 ^ dcache/mshrs/_0615_/Y (sky130_fd_sc_hd__inv_1)
   0.0587    6.8651 v dcache/mshrs/_0616_/Y (sky130_fd_sc_hd__nor2_1)
   0.1498    7.0149 v dcache/mshrs/_0617_/Y (sky130_fd_sc_hd__a21boi_0)
   0.2381    7.2530 v dcache/mshrs/_0618_/X (sky130_fd_sc_hd__lpflow_inputiso0n_1)
   0.1857    7.4387 ^ dcache/mshrs/_0752_/Y (sky130_fd_sc_hd__a31oi_1)
   0.0689    7.5076 v dcache/mshrs/_0755_/Y (sky130_fd_sc_hd__nand2_1)
   0.2141    7.7217 v dcache/mshrs/_0756_/X (sky130_fd_sc_hd__a22o_1)
   0.1258    7.8475 v dcache/_2807_/X (sky130_fd_sc_hd__lpflow_isobufsrc_1)
   0.3604    8.2079 ^ dcache/_2808_/Y (sky130_fd_sc_hd__a2111oi_0)
   0.1294    8.3373 v dcache/_2809_/Y (sky130_fd_sc_hd__a311oi_1)
   0.1535    8.4908 ^ dcache/_2810_/X (sky130_fd_sc_hd__lpflow_isobufsrc_1)
   0.0805    8.5713 v dcache/_2812_/Y (sky130_fd_sc_hd__nor3_1)
   0.2226    8.7939 v dcache/_3359_/X (sky130_fd_sc_hd__lpflow_clkbufkapwr_1)
   0.3803    9.1742 v dcache/_3363_/X (sky130_fd_sc_hd__mux2_2)
   0.1967    9.3709 v lsu/_29300_/Y (sky130_fd_sc_hd__nand2b_1)
   0.5002    9.8711 ^ lsu/_29301_/Y (sky130_fd_sc_hd__nor3_1)
   0.2162   10.0873 ^ lsu/_29516_/X (sky130_fd_sc_hd__a22o_1)
   0.0473   10.1346 v lsu/_29517_/Y (sky130_fd_sc_hd__a221oi_1)
   0.2270   10.3616 v lsu/_29518_/X (sky130_fd_sc_hd__and4_1)
   0.0935   10.4551 ^ lsu/_29519_/Y (sky130_fd_sc_hd__nand3_1)
   0.0851   10.5402 v lsu/_29520_/Y (sky130_fd_sc_hd__nand2_1)
   0.0580   10.5981 ^ lsu/_40488_/Y (sky130_fd_sc_hd__nand2_1)
   0.1156   10.7137 v lsu/_40489_/Y (sky130_fd_sc_hd__o21ai_0)
   0.1764   10.8902 v core/memExeUnit/_191_/X (sky130_fd_sc_hd__buf_4)
   0.1819   11.0721 v core/ll_wbarb/_009_/X (sky130_fd_sc_hd__clkbuf_1)
   0.2456   11.3177 v core/ll_wbarb/_010_/X (sky130_fd_sc_hd__clkbuf_1)
   0.0813   11.3990 ^ core/ll_wbarb/_099_/Y (sky130_fd_sc_hd__inv_1)
   0.1445   11.5435 ^ core/FpPipeline/_2061_/X (sky130_fd_sc_hd__lpflow_inputiso0n_1)
   0.0722   11.6158 v core/FpPipeline/_2071_/Y (sky130_fd_sc_hd__nand2_1)
   0.0986   11.7143 ^ core/FpPipeline/_2073_/Y (sky130_fd_sc_hd__a21oi_1)
   0.1152   11.8295 ^ core/ll_wbarb/_100_/X (sky130_fd_sc_hd__or2_2)
   4.8833   16.7129 ^ core/_3793_/Y (sky130_fd_sc_hd__nor3b_1)
   0.4910   17.2039 v core/int_issue_unit/slots_10/_0763_/Y (sky130_fd_sc_hd__o21ai_0)
   0.4726   17.6764 ^ core/int_issue_unit/slots_10/_0766_/Y (sky130_fd_sc_hd__nor4_1)
   0.1073   17.7837 v core/int_issue_unit/slots_10/_0767_/Y (sky130_fd_sc_hd__nand3_1)
   0.1862   17.9699 v core/int_issue_unit/slots_10/_0791_/X (sky130_fd_sc_hd__and4_1)
   0.1253   18.0953 ^ core/int_issue_unit/slots_10/_0792_/Y (sky130_fd_sc_hd__a21oi_1)
   0.0035   18.0987 ^ core/int_issue_unit/slots_10/_0980_/D (sky130_fd_sc_hd__dfxtp_1)
            18.0987   data arrival time

  20.0000   20.0000   clock clock (rise edge)
   0.0000   20.0000   clock network delay (ideal)
   0.0000   20.0000   clock reconvergence pessimism
            20.0000 ^ core/int_issue_unit/slots_10/_0980_/CLK (sky130_fd_sc_hd__dfxtp_1)
  -0.0722   19.9278   library setup time
            19.9278   data required time
-------------------------------------------------------------
            19.9278   data required time
           -18.0987   data arrival time
-------------------------------------------------------------
             1.8291   slack (MET)


Startpoint: core/_4005_ (rising edge-triggered flip-flop clocked by clock)
Endpoint: core/int_issue_unit/slots_11/_0980_
          (rising edge-triggered flip-flop clocked by clock)
Path Group: clock
Path Type: max

    Delay      Time   Description
-------------------------------------------------------------
   0.0000    0.0000   clock clock (rise edge)
   0.0000    0.0000   clock network delay (ideal)
   0.0000    0.0000 ^ core/_4005_/CLK (sky130_fd_sc_hd__dfxtp_1)
   0.3332    0.3332 ^ core/_4005_/Q (sky130_fd_sc_hd__dfxtp_1)
   0.3006    0.6338 ^ core/_1893_/Y (sky130_fd_sc_hd__nor3b_1)
   0.1036    0.7374 v core/_1894_/Y (sky130_fd_sc_hd__nand2_1)
   4.7155    5.4530 ^ core/_1919_/Y (sky130_fd_sc_hd__o21ai_0)
   0.7629    6.2158 ^ lsu/_64242_/X (sky130_fd_sc_hd__buf_4)
   0.1194    6.3353 v dcache/_2795_/Y (sky130_fd_sc_hd__a22oi_1)
   0.2227    6.5580 v dcache/_2796_/X (sky130_fd_sc_hd__and4_1)
   0.0821    6.6402 ^ dcache/_2797_/Y (sky130_fd_sc_hd__nand2_1)
   0.0867    6.7268 v dcache/_2803_/Y (sky130_fd_sc_hd__nor4_1)
   0.0795    6.8064 ^ dcache/mshrs/_0615_/Y (sky130_fd_sc_hd__inv_1)
   0.0587    6.8651 v dcache/mshrs/_0616_/Y (sky130_fd_sc_hd__nor2_1)
   0.1498    7.0149 v dcache/mshrs/_0617_/Y (sky130_fd_sc_hd__a21boi_0)
   0.2381    7.2530 v dcache/mshrs/_0618_/X (sky130_fd_sc_hd__lpflow_inputiso0n_1)
   0.1857    7.4387 ^ dcache/mshrs/_0752_/Y (sky130_fd_sc_hd__a31oi_1)
   0.0689    7.5076 v dcache/mshrs/_0755_/Y (sky130_fd_sc_hd__nand2_1)
   0.2141    7.7217 v dcache/mshrs/_0756_/X (sky130_fd_sc_hd__a22o_1)
   0.1258    7.8475 v dcache/_2807_/X (sky130_fd_sc_hd__lpflow_isobufsrc_1)
   0.3604    8.2079 ^ dcache/_2808_/Y (sky130_fd_sc_hd__a2111oi_0)
   0.1294    8.3373 v dcache/_2809_/Y (sky130_fd_sc_hd__a311oi_1)
   0.1535    8.4908 ^ dcache/_2810_/X (sky130_fd_sc_hd__lpflow_isobufsrc_1)
   0.0805    8.5713 v dcache/_2812_/Y (sky130_fd_sc_hd__nor3_1)
   0.2226    8.7939 v dcache/_3359_/X (sky130_fd_sc_hd__lpflow_clkbufkapwr_1)
   0.3803    9.1742 v dcache/_3363_/X (sky130_fd_sc_hd__mux2_2)
   0.1967    9.3709 v lsu/_29300_/Y (sky130_fd_sc_hd__nand2b_1)
   0.5002    9.8711 ^ lsu/_29301_/Y (sky130_fd_sc_hd__nor3_1)
   0.2162   10.0873 ^ lsu/_29516_/X (sky130_fd_sc_hd__a22o_1)
   0.0473   10.1346 v lsu/_29517_/Y (sky130_fd_sc_hd__a221oi_1)
   0.2270   10.3616 v lsu/_29518_/X (sky130_fd_sc_hd__and4_1)
   0.0935   10.4551 ^ lsu/_29519_/Y (sky130_fd_sc_hd__nand3_1)
   0.0851   10.5402 v lsu/_29520_/Y (sky130_fd_sc_hd__nand2_1)
   0.0580   10.5981 ^ lsu/_40488_/Y (sky130_fd_sc_hd__nand2_1)
   0.1156   10.7137 v lsu/_40489_/Y (sky130_fd_sc_hd__o21ai_0)
   0.1764   10.8902 v core/memExeUnit/_191_/X (sky130_fd_sc_hd__buf_4)
   0.1819   11.0721 v core/ll_wbarb/_009_/X (sky130_fd_sc_hd__clkbuf_1)
   0.2456   11.3177 v core/ll_wbarb/_010_/X (sky130_fd_sc_hd__clkbuf_1)
   0.0813   11.3990 ^ core/ll_wbarb/_099_/Y (sky130_fd_sc_hd__inv_1)
   0.1445   11.5435 ^ core/FpPipeline/_2061_/X (sky130_fd_sc_hd__lpflow_inputiso0n_1)
   0.0722   11.6158 v core/FpPipeline/_2071_/Y (sky130_fd_sc_hd__nand2_1)
   0.0986   11.7143 ^ core/FpPipeline/_2073_/Y (sky130_fd_sc_hd__a21oi_1)
   0.1152   11.8295 ^ core/ll_wbarb/_100_/X (sky130_fd_sc_hd__or2_2)
   4.8833   16.7129 ^ core/_3793_/Y (sky130_fd_sc_hd__nor3b_1)
   0.4910   17.2039 v core/int_issue_unit/slots_11/_0763_/Y (sky130_fd_sc_hd__o21ai_0)
   0.4726   17.6764 ^ core/int_issue_unit/slots_11/_0766_/Y (sky130_fd_sc_hd__nor4_1)
   0.1073   17.7837 v core/int_issue_unit/slots_11/_0767_/Y (sky130_fd_sc_hd__nand3_1)
   0.1862   17.9699 v core/int_issue_unit/slots_11/_0791_/X (sky130_fd_sc_hd__and4_1)
   0.1253   18.0953 ^ core/int_issue_unit/slots_11/_0792_/Y (sky130_fd_sc_hd__a21oi_1)
   0.0035   18.0987 ^ core/int_issue_unit/slots_11/_0980_/D (sky130_fd_sc_hd__dfxtp_1)
            18.0987   data arrival time

  20.0000   20.0000   clock clock (rise edge)
   0.0000   20.0000   clock network delay (ideal)
   0.0000   20.0000   clock reconvergence pessimism
            20.0000 ^ core/int_issue_unit/slots_11/_0980_/CLK (sky130_fd_sc_hd__dfxtp_1)
  -0.0722   19.9278   library setup time
            19.9278   data required time
-------------------------------------------------------------
            19.9278   data required time
           -18.0987   data arrival time
-------------------------------------------------------------
             1.8291   slack (MET)


Startpoint: core/_4005_ (rising edge-triggered flip-flop clocked by clock)
Endpoint: core/int_issue_unit/slots_12/_0980_
          (rising edge-triggered flip-flop clocked by clock)
Path Group: clock
Path Type: max

    Delay      Time   Description
-------------------------------------------------------------
   0.0000    0.0000   clock clock (rise edge)
   0.0000    0.0000   clock network delay (ideal)
   0.0000    0.0000 ^ core/_4005_/CLK (sky130_fd_sc_hd__dfxtp_1)
   0.3332    0.3332 ^ core/_4005_/Q (sky130_fd_sc_hd__dfxtp_1)
   0.3006    0.6338 ^ core/_1893_/Y (sky130_fd_sc_hd__nor3b_1)
   0.1036    0.7374 v core/_1894_/Y (sky130_fd_sc_hd__nand2_1)
   4.7155    5.4530 ^ core/_1919_/Y (sky130_fd_sc_hd__o21ai_0)
   0.7629    6.2158 ^ lsu/_64242_/X (sky130_fd_sc_hd__buf_4)
   0.1194    6.3353 v dcache/_2795_/Y (sky130_fd_sc_hd__a22oi_1)
   0.2227    6.5580 v dcache/_2796_/X (sky130_fd_sc_hd__and4_1)
   0.0821    6.6402 ^ dcache/_2797_/Y (sky130_fd_sc_hd__nand2_1)
   0.0867    6.7268 v dcache/_2803_/Y (sky130_fd_sc_hd__nor4_1)
   0.0795    6.8064 ^ dcache/mshrs/_0615_/Y (sky130_fd_sc_hd__inv_1)
   0.0587    6.8651 v dcache/mshrs/_0616_/Y (sky130_fd_sc_hd__nor2_1)
   0.1498    7.0149 v dcache/mshrs/_0617_/Y (sky130_fd_sc_hd__a21boi_0)
   0.2381    7.2530 v dcache/mshrs/_0618_/X (sky130_fd_sc_hd__lpflow_inputiso0n_1)
   0.1857    7.4387 ^ dcache/mshrs/_0752_/Y (sky130_fd_sc_hd__a31oi_1)
   0.0689    7.5076 v dcache/mshrs/_0755_/Y (sky130_fd_sc_hd__nand2_1)
   0.2141    7.7217 v dcache/mshrs/_0756_/X (sky130_fd_sc_hd__a22o_1)
   0.1258    7.8475 v dcache/_2807_/X (sky130_fd_sc_hd__lpflow_isobufsrc_1)
   0.3604    8.2079 ^ dcache/_2808_/Y (sky130_fd_sc_hd__a2111oi_0)
   0.1294    8.3373 v dcache/_2809_/Y (sky130_fd_sc_hd__a311oi_1)
   0.1535    8.4908 ^ dcache/_2810_/X (sky130_fd_sc_hd__lpflow_isobufsrc_1)
   0.0805    8.5713 v dcache/_2812_/Y (sky130_fd_sc_hd__nor3_1)
   0.2226    8.7939 v dcache/_3359_/X (sky130_fd_sc_hd__lpflow_clkbufkapwr_1)
   0.3803    9.1742 v dcache/_3363_/X (sky130_fd_sc_hd__mux2_2)
   0.1967    9.3709 v lsu/_29300_/Y (sky130_fd_sc_hd__nand2b_1)
   0.5002    9.8711 ^ lsu/_29301_/Y (sky130_fd_sc_hd__nor3_1)
   0.2162   10.0873 ^ lsu/_29516_/X (sky130_fd_sc_hd__a22o_1)
   0.0473   10.1346 v lsu/_29517_/Y (sky130_fd_sc_hd__a221oi_1)
   0.2270   10.3616 v lsu/_29518_/X (sky130_fd_sc_hd__and4_1)
   0.0935   10.4551 ^ lsu/_29519_/Y (sky130_fd_sc_hd__nand3_1)
   0.0851   10.5402 v lsu/_29520_/Y (sky130_fd_sc_hd__nand2_1)
   0.0580   10.5981 ^ lsu/_40488_/Y (sky130_fd_sc_hd__nand2_1)
   0.1156   10.7137 v lsu/_40489_/Y (sky130_fd_sc_hd__o21ai_0)
   0.1764   10.8902 v core/memExeUnit/_191_/X (sky130_fd_sc_hd__buf_4)
   0.1819   11.0721 v core/ll_wbarb/_009_/X (sky130_fd_sc_hd__clkbuf_1)
   0.2456   11.3177 v core/ll_wbarb/_010_/X (sky130_fd_sc_hd__clkbuf_1)
   0.0813   11.3990 ^ core/ll_wbarb/_099_/Y (sky130_fd_sc_hd__inv_1)
   0.1445   11.5435 ^ core/FpPipeline/_2061_/X (sky130_fd_sc_hd__lpflow_inputiso0n_1)
   0.0722   11.6158 v core/FpPipeline/_2071_/Y (sky130_fd_sc_hd__nand2_1)
   0.0986   11.7143 ^ core/FpPipeline/_2073_/Y (sky130_fd_sc_hd__a21oi_1)
   0.1152   11.8295 ^ core/ll_wbarb/_100_/X (sky130_fd_sc_hd__or2_2)
   4.8833   16.7129 ^ core/_3793_/Y (sky130_fd_sc_hd__nor3b_1)
   0.4910   17.2039 v core/int_issue_unit/slots_12/_0763_/Y (sky130_fd_sc_hd__o21ai_0)
   0.4726   17.6764 ^ core/int_issue_unit/slots_12/_0766_/Y (sky130_fd_sc_hd__nor4_1)
   0.1073   17.7837 v core/int_issue_unit/slots_12/_0767_/Y (sky130_fd_sc_hd__nand3_1)
   0.1862   17.9699 v core/int_issue_unit/slots_12/_0791_/X (sky130_fd_sc_hd__and4_1)
   0.1253   18.0953 ^ core/int_issue_unit/slots_12/_0792_/Y (sky130_fd_sc_hd__a21oi_1)
   0.0035   18.0987 ^ core/int_issue_unit/slots_12/_0980_/D (sky130_fd_sc_hd__dfxtp_1)
            18.0987   data arrival time

  20.0000   20.0000   clock clock (rise edge)
   0.0000   20.0000   clock network delay (ideal)
   0.0000   20.0000   clock reconvergence pessimism
            20.0000 ^ core/int_issue_unit/slots_12/_0980_/CLK (sky130_fd_sc_hd__dfxtp_1)
  -0.0722   19.9278   library setup time
            19.9278   data required time
-------------------------------------------------------------
            19.9278   data required time
           -18.0987   data arrival time
-------------------------------------------------------------
             1.8291   slack (MET)


Startpoint: core/_4005_ (rising edge-triggered flip-flop clocked by clock)
Endpoint: core/int_issue_unit/slots_13/_0980_
          (rising edge-triggered flip-flop clocked by clock)
Path Group: clock
Path Type: max

    Delay      Time   Description
-------------------------------------------------------------
   0.0000    0.0000   clock clock (rise edge)
   0.0000    0.0000   clock network delay (ideal)
   0.0000    0.0000 ^ core/_4005_/CLK (sky130_fd_sc_hd__dfxtp_1)
   0.3332    0.3332 ^ core/_4005_/Q (sky130_fd_sc_hd__dfxtp_1)
   0.3006    0.6338 ^ core/_1893_/Y (sky130_fd_sc_hd__nor3b_1)
   0.1036    0.7374 v core/_1894_/Y (sky130_fd_sc_hd__nand2_1)
   4.7155    5.4530 ^ core/_1919_/Y (sky130_fd_sc_hd__o21ai_0)
   0.7629    6.2158 ^ lsu/_64242_/X (sky130_fd_sc_hd__buf_4)
   0.1194    6.3353 v dcache/_2795_/Y (sky130_fd_sc_hd__a22oi_1)
   0.2227    6.5580 v dcache/_2796_/X (sky130_fd_sc_hd__and4_1)
   0.0821    6.6402 ^ dcache/_2797_/Y (sky130_fd_sc_hd__nand2_1)
   0.0867    6.7268 v dcache/_2803_/Y (sky130_fd_sc_hd__nor4_1)
   0.0795    6.8064 ^ dcache/mshrs/_0615_/Y (sky130_fd_sc_hd__inv_1)
   0.0587    6.8651 v dcache/mshrs/_0616_/Y (sky130_fd_sc_hd__nor2_1)
   0.1498    7.0149 v dcache/mshrs/_0617_/Y (sky130_fd_sc_hd__a21boi_0)
   0.2381    7.2530 v dcache/mshrs/_0618_/X (sky130_fd_sc_hd__lpflow_inputiso0n_1)
   0.1857    7.4387 ^ dcache/mshrs/_0752_/Y (sky130_fd_sc_hd__a31oi_1)
   0.0689    7.5076 v dcache/mshrs/_0755_/Y (sky130_fd_sc_hd__nand2_1)
   0.2141    7.7217 v dcache/mshrs/_0756_/X (sky130_fd_sc_hd__a22o_1)
   0.1258    7.8475 v dcache/_2807_/X (sky130_fd_sc_hd__lpflow_isobufsrc_1)
   0.3604    8.2079 ^ dcache/_2808_/Y (sky130_fd_sc_hd__a2111oi_0)
   0.1294    8.3373 v dcache/_2809_/Y (sky130_fd_sc_hd__a311oi_1)
   0.1535    8.4908 ^ dcache/_2810_/X (sky130_fd_sc_hd__lpflow_isobufsrc_1)
   0.0805    8.5713 v dcache/_2812_/Y (sky130_fd_sc_hd__nor3_1)
   0.2226    8.7939 v dcache/_3359_/X (sky130_fd_sc_hd__lpflow_clkbufkapwr_1)
   0.3803    9.1742 v dcache/_3363_/X (sky130_fd_sc_hd__mux2_2)
   0.1967    9.3709 v lsu/_29300_/Y (sky130_fd_sc_hd__nand2b_1)
   0.5002    9.8711 ^ lsu/_29301_/Y (sky130_fd_sc_hd__nor3_1)
   0.2162   10.0873 ^ lsu/_29516_/X (sky130_fd_sc_hd__a22o_1)
   0.0473   10.1346 v lsu/_29517_/Y (sky130_fd_sc_hd__a221oi_1)
   0.2270   10.3616 v lsu/_29518_/X (sky130_fd_sc_hd__and4_1)
   0.0935   10.4551 ^ lsu/_29519_/Y (sky130_fd_sc_hd__nand3_1)
   0.0851   10.5402 v lsu/_29520_/Y (sky130_fd_sc_hd__nand2_1)
   0.0580   10.5981 ^ lsu/_40488_/Y (sky130_fd_sc_hd__nand2_1)
   0.1156   10.7137 v lsu/_40489_/Y (sky130_fd_sc_hd__o21ai_0)
   0.1764   10.8902 v core/memExeUnit/_191_/X (sky130_fd_sc_hd__buf_4)
   0.1819   11.0721 v core/ll_wbarb/_009_/X (sky130_fd_sc_hd__clkbuf_1)
   0.2456   11.3177 v core/ll_wbarb/_010_/X (sky130_fd_sc_hd__clkbuf_1)
   0.0813   11.3990 ^ core/ll_wbarb/_099_/Y (sky130_fd_sc_hd__inv_1)
   0.1445   11.5435 ^ core/FpPipeline/_2061_/X (sky130_fd_sc_hd__lpflow_inputiso0n_1)
   0.0722   11.6158 v core/FpPipeline/_2071_/Y (sky130_fd_sc_hd__nand2_1)
   0.0986   11.7143 ^ core/FpPipeline/_2073_/Y (sky130_fd_sc_hd__a21oi_1)
   0.1152   11.8295 ^ core/ll_wbarb/_100_/X (sky130_fd_sc_hd__or2_2)
   4.8833   16.7129 ^ core/_3793_/Y (sky130_fd_sc_hd__nor3b_1)
   0.4910   17.2039 v core/int_issue_unit/slots_13/_0763_/Y (sky130_fd_sc_hd__o21ai_0)
   0.4726   17.6764 ^ core/int_issue_unit/slots_13/_0766_/Y (sky130_fd_sc_hd__nor4_1)
   0.1073   17.7837 v core/int_issue_unit/slots_13/_0767_/Y (sky130_fd_sc_hd__nand3_1)
   0.1862   17.9699 v core/int_issue_unit/slots_13/_0791_/X (sky130_fd_sc_hd__and4_1)
   0.1253   18.0953 ^ core/int_issue_unit/slots_13/_0792_/Y (sky130_fd_sc_hd__a21oi_1)
   0.0035   18.0987 ^ core/int_issue_unit/slots_13/_0980_/D (sky130_fd_sc_hd__dfxtp_1)
            18.0987   data arrival time

  20.0000   20.0000   clock clock (rise edge)
   0.0000   20.0000   clock network delay (ideal)
   0.0000   20.0000   clock reconvergence pessimism
            20.0000 ^ core/int_issue_unit/slots_13/_0980_/CLK (sky130_fd_sc_hd__dfxtp_1)
  -0.0722   19.9278   library setup time
            19.9278   data required time
-------------------------------------------------------------
            19.9278   data required time
           -18.0987   data arrival time
-------------------------------------------------------------
             1.8291   slack (MET)


Startpoint: core/_4005_ (rising edge-triggered flip-flop clocked by clock)
Endpoint: core/int_issue_unit/slots_14/_0980_
          (rising edge-triggered flip-flop clocked by clock)
Path Group: clock
Path Type: max

    Delay      Time   Description
-------------------------------------------------------------
   0.0000    0.0000   clock clock (rise edge)
   0.0000    0.0000   clock network delay (ideal)
   0.0000    0.0000 ^ core/_4005_/CLK (sky130_fd_sc_hd__dfxtp_1)
   0.3332    0.3332 ^ core/_4005_/Q (sky130_fd_sc_hd__dfxtp_1)
   0.3006    0.6338 ^ core/_1893_/Y (sky130_fd_sc_hd__nor3b_1)
   0.1036    0.7374 v core/_1894_/Y (sky130_fd_sc_hd__nand2_1)
   4.7155    5.4530 ^ core/_1919_/Y (sky130_fd_sc_hd__o21ai_0)
   0.7629    6.2158 ^ lsu/_64242_/X (sky130_fd_sc_hd__buf_4)
   0.1194    6.3353 v dcache/_2795_/Y (sky130_fd_sc_hd__a22oi_1)
   0.2227    6.5580 v dcache/_2796_/X (sky130_fd_sc_hd__and4_1)
   0.0821    6.6402 ^ dcache/_2797_/Y (sky130_fd_sc_hd__nand2_1)
   0.0867    6.7268 v dcache/_2803_/Y (sky130_fd_sc_hd__nor4_1)
   0.0795    6.8064 ^ dcache/mshrs/_0615_/Y (sky130_fd_sc_hd__inv_1)
   0.0587    6.8651 v dcache/mshrs/_0616_/Y (sky130_fd_sc_hd__nor2_1)
   0.1498    7.0149 v dcache/mshrs/_0617_/Y (sky130_fd_sc_hd__a21boi_0)
   0.2381    7.2530 v dcache/mshrs/_0618_/X (sky130_fd_sc_hd__lpflow_inputiso0n_1)
   0.1857    7.4387 ^ dcache/mshrs/_0752_/Y (sky130_fd_sc_hd__a31oi_1)
   0.0689    7.5076 v dcache/mshrs/_0755_/Y (sky130_fd_sc_hd__nand2_1)
   0.2141    7.7217 v dcache/mshrs/_0756_/X (sky130_fd_sc_hd__a22o_1)
   0.1258    7.8475 v dcache/_2807_/X (sky130_fd_sc_hd__lpflow_isobufsrc_1)
   0.3604    8.2079 ^ dcache/_2808_/Y (sky130_fd_sc_hd__a2111oi_0)
   0.1294    8.3373 v dcache/_2809_/Y (sky130_fd_sc_hd__a311oi_1)
   0.1535    8.4908 ^ dcache/_2810_/X (sky130_fd_sc_hd__lpflow_isobufsrc_1)
   0.0805    8.5713 v dcache/_2812_/Y (sky130_fd_sc_hd__nor3_1)
   0.2226    8.7939 v dcache/_3359_/X (sky130_fd_sc_hd__lpflow_clkbufkapwr_1)
   0.3803    9.1742 v dcache/_3363_/X (sky130_fd_sc_hd__mux2_2)
   0.1967    9.3709 v lsu/_29300_/Y (sky130_fd_sc_hd__nand2b_1)
   0.5002    9.8711 ^ lsu/_29301_/Y (sky130_fd_sc_hd__nor3_1)
   0.2162   10.0873 ^ lsu/_29516_/X (sky130_fd_sc_hd__a22o_1)
   0.0473   10.1346 v lsu/_29517_/Y (sky130_fd_sc_hd__a221oi_1)
   0.2270   10.3616 v lsu/_29518_/X (sky130_fd_sc_hd__and4_1)
   0.0935   10.4551 ^ lsu/_29519_/Y (sky130_fd_sc_hd__nand3_1)
   0.0851   10.5402 v lsu/_29520_/Y (sky130_fd_sc_hd__nand2_1)
   0.0580   10.5981 ^ lsu/_40488_/Y (sky130_fd_sc_hd__nand2_1)
   0.1156   10.7137 v lsu/_40489_/Y (sky130_fd_sc_hd__o21ai_0)
   0.1764   10.8902 v core/memExeUnit/_191_/X (sky130_fd_sc_hd__buf_4)
   0.1819   11.0721 v core/ll_wbarb/_009_/X (sky130_fd_sc_hd__clkbuf_1)
   0.2456   11.3177 v core/ll_wbarb/_010_/X (sky130_fd_sc_hd__clkbuf_1)
   0.0813   11.3990 ^ core/ll_wbarb/_099_/Y (sky130_fd_sc_hd__inv_1)
   0.1445   11.5435 ^ core/FpPipeline/_2061_/X (sky130_fd_sc_hd__lpflow_inputiso0n_1)
   0.0722   11.6158 v core/FpPipeline/_2071_/Y (sky130_fd_sc_hd__nand2_1)
   0.0986   11.7143 ^ core/FpPipeline/_2073_/Y (sky130_fd_sc_hd__a21oi_1)
   0.1152   11.8295 ^ core/ll_wbarb/_100_/X (sky130_fd_sc_hd__or2_2)
   4.8833   16.7129 ^ core/_3793_/Y (sky130_fd_sc_hd__nor3b_1)
   0.4910   17.2039 v core/int_issue_unit/slots_14/_0763_/Y (sky130_fd_sc_hd__o21ai_0)
   0.4726   17.6764 ^ core/int_issue_unit/slots_14/_0766_/Y (sky130_fd_sc_hd__nor4_1)
   0.1073   17.7837 v core/int_issue_unit/slots_14/_0767_/Y (sky130_fd_sc_hd__nand3_1)
   0.1862   17.9699 v core/int_issue_unit/slots_14/_0791_/X (sky130_fd_sc_hd__and4_1)
   0.1253   18.0953 ^ core/int_issue_unit/slots_14/_0792_/Y (sky130_fd_sc_hd__a21oi_1)
   0.0035   18.0987 ^ core/int_issue_unit/slots_14/_0980_/D (sky130_fd_sc_hd__dfxtp_1)
            18.0987   data arrival time

  20.0000   20.0000   clock clock (rise edge)
   0.0000   20.0000   clock network delay (ideal)
   0.0000   20.0000   clock reconvergence pessimism
            20.0000 ^ core/int_issue_unit/slots_14/_0980_/CLK (sky130_fd_sc_hd__dfxtp_1)
  -0.0722   19.9278   library setup time
            19.9278   data required time
-------------------------------------------------------------
            19.9278   data required time
           -18.0987   data arrival time
-------------------------------------------------------------
             1.8291   slack (MET)


Startpoint: core/_4005_ (rising edge-triggered flip-flop clocked by clock)
Endpoint: core/int_issue_unit/slots_15/_0980_
          (rising edge-triggered flip-flop clocked by clock)
Path Group: clock
Path Type: max

    Delay      Time   Description
-------------------------------------------------------------
   0.0000    0.0000   clock clock (rise edge)
   0.0000    0.0000   clock network delay (ideal)
   0.0000    0.0000 ^ core/_4005_/CLK (sky130_fd_sc_hd__dfxtp_1)
   0.3332    0.3332 ^ core/_4005_/Q (sky130_fd_sc_hd__dfxtp_1)
   0.3006    0.6338 ^ core/_1893_/Y (sky130_fd_sc_hd__nor3b_1)
   0.1036    0.7374 v core/_1894_/Y (sky130_fd_sc_hd__nand2_1)
   4.7155    5.4530 ^ core/_1919_/Y (sky130_fd_sc_hd__o21ai_0)
   0.7629    6.2158 ^ lsu/_64242_/X (sky130_fd_sc_hd__buf_4)
   0.1194    6.3353 v dcache/_2795_/Y (sky130_fd_sc_hd__a22oi_1)
   0.2227    6.5580 v dcache/_2796_/X (sky130_fd_sc_hd__and4_1)
   0.0821    6.6402 ^ dcache/_2797_/Y (sky130_fd_sc_hd__nand2_1)
   0.0867    6.7268 v dcache/_2803_/Y (sky130_fd_sc_hd__nor4_1)
   0.0795    6.8064 ^ dcache/mshrs/_0615_/Y (sky130_fd_sc_hd__inv_1)
   0.0587    6.8651 v dcache/mshrs/_0616_/Y (sky130_fd_sc_hd__nor2_1)
   0.1498    7.0149 v dcache/mshrs/_0617_/Y (sky130_fd_sc_hd__a21boi_0)
   0.2381    7.2530 v dcache/mshrs/_0618_/X (sky130_fd_sc_hd__lpflow_inputiso0n_1)
   0.1857    7.4387 ^ dcache/mshrs/_0752_/Y (sky130_fd_sc_hd__a31oi_1)
   0.0689    7.5076 v dcache/mshrs/_0755_/Y (sky130_fd_sc_hd__nand2_1)
   0.2141    7.7217 v dcache/mshrs/_0756_/X (sky130_fd_sc_hd__a22o_1)
   0.1258    7.8475 v dcache/_2807_/X (sky130_fd_sc_hd__lpflow_isobufsrc_1)
   0.3604    8.2079 ^ dcache/_2808_/Y (sky130_fd_sc_hd__a2111oi_0)
   0.1294    8.3373 v dcache/_2809_/Y (sky130_fd_sc_hd__a311oi_1)
   0.1535    8.4908 ^ dcache/_2810_/X (sky130_fd_sc_hd__lpflow_isobufsrc_1)
   0.0805    8.5713 v dcache/_2812_/Y (sky130_fd_sc_hd__nor3_1)
   0.2226    8.7939 v dcache/_3359_/X (sky130_fd_sc_hd__lpflow_clkbufkapwr_1)
   0.3803    9.1742 v dcache/_3363_/X (sky130_fd_sc_hd__mux2_2)
   0.1967    9.3709 v lsu/_29300_/Y (sky130_fd_sc_hd__nand2b_1)
   0.5002    9.8711 ^ lsu/_29301_/Y (sky130_fd_sc_hd__nor3_1)
   0.2162   10.0873 ^ lsu/_29516_/X (sky130_fd_sc_hd__a22o_1)
   0.0473   10.1346 v lsu/_29517_/Y (sky130_fd_sc_hd__a221oi_1)
   0.2270   10.3616 v lsu/_29518_/X (sky130_fd_sc_hd__and4_1)
   0.0935   10.4551 ^ lsu/_29519_/Y (sky130_fd_sc_hd__nand3_1)
   0.0851   10.5402 v lsu/_29520_/Y (sky130_fd_sc_hd__nand2_1)
   0.0580   10.5981 ^ lsu/_40488_/Y (sky130_fd_sc_hd__nand2_1)
   0.1156   10.7137 v lsu/_40489_/Y (sky130_fd_sc_hd__o21ai_0)
   0.1764   10.8902 v core/memExeUnit/_191_/X (sky130_fd_sc_hd__buf_4)
   0.1819   11.0721 v core/ll_wbarb/_009_/X (sky130_fd_sc_hd__clkbuf_1)
   0.2456   11.3177 v core/ll_wbarb/_010_/X (sky130_fd_sc_hd__clkbuf_1)
   0.0813   11.3990 ^ core/ll_wbarb/_099_/Y (sky130_fd_sc_hd__inv_1)
   0.1445   11.5435 ^ core/FpPipeline/_2061_/X (sky130_fd_sc_hd__lpflow_inputiso0n_1)
   0.0722   11.6158 v core/FpPipeline/_2071_/Y (sky130_fd_sc_hd__nand2_1)
   0.0986   11.7143 ^ core/FpPipeline/_2073_/Y (sky130_fd_sc_hd__a21oi_1)
   0.1152   11.8295 ^ core/ll_wbarb/_100_/X (sky130_fd_sc_hd__or2_2)
   4.8833   16.7129 ^ core/_3793_/Y (sky130_fd_sc_hd__nor3b_1)
   0.4910   17.2039 v core/int_issue_unit/slots_15/_0763_/Y (sky130_fd_sc_hd__o21ai_0)
   0.4726   17.6764 ^ core/int_issue_unit/slots_15/_0766_/Y (sky130_fd_sc_hd__nor4_1)
   0.1073   17.7837 v core/int_issue_unit/slots_15/_0767_/Y (sky130_fd_sc_hd__nand3_1)
   0.1862   17.9699 v core/int_issue_unit/slots_15/_0791_/X (sky130_fd_sc_hd__and4_1)
   0.1253   18.0953 ^ core/int_issue_unit/slots_15/_0792_/Y (sky130_fd_sc_hd__a21oi_1)
   0.0035   18.0987 ^ core/int_issue_unit/slots_15/_0980_/D (sky130_fd_sc_hd__dfxtp_1)
            18.0987   data arrival time

  20.0000   20.0000   clock clock (rise edge)
   0.0000   20.0000   clock network delay (ideal)
   0.0000   20.0000   clock reconvergence pessimism
            20.0000 ^ core/int_issue_unit/slots_15/_0980_/CLK (sky130_fd_sc_hd__dfxtp_1)
  -0.0722   19.9278   library setup time
            19.9278   data required time
-------------------------------------------------------------
            19.9278   data required time
           -18.0987   data arrival time
-------------------------------------------------------------
             1.8291   slack (MET)


Startpoint: core/_4005_ (rising edge-triggered flip-flop clocked by clock)
Endpoint: core/int_issue_unit/slots_16/_0980_
          (rising edge-triggered flip-flop clocked by clock)
Path Group: clock
Path Type: max

    Delay      Time   Description
-------------------------------------------------------------
   0.0000    0.0000   clock clock (rise edge)
   0.0000    0.0000   clock network delay (ideal)
   0.0000    0.0000 ^ core/_4005_/CLK (sky130_fd_sc_hd__dfxtp_1)
   0.3332    0.3332 ^ core/_4005_/Q (sky130_fd_sc_hd__dfxtp_1)
   0.3006    0.6338 ^ core/_1893_/Y (sky130_fd_sc_hd__nor3b_1)
   0.1036    0.7374 v core/_1894_/Y (sky130_fd_sc_hd__nand2_1)
   4.7155    5.4530 ^ core/_1919_/Y (sky130_fd_sc_hd__o21ai_0)
   0.7629    6.2158 ^ lsu/_64242_/X (sky130_fd_sc_hd__buf_4)
   0.1194    6.3353 v dcache/_2795_/Y (sky130_fd_sc_hd__a22oi_1)
   0.2227    6.5580 v dcache/_2796_/X (sky130_fd_sc_hd__and4_1)
   0.0821    6.6402 ^ dcache/_2797_/Y (sky130_fd_sc_hd__nand2_1)
   0.0867    6.7268 v dcache/_2803_/Y (sky130_fd_sc_hd__nor4_1)
   0.0795    6.8064 ^ dcache/mshrs/_0615_/Y (sky130_fd_sc_hd__inv_1)
   0.0587    6.8651 v dcache/mshrs/_0616_/Y (sky130_fd_sc_hd__nor2_1)
   0.1498    7.0149 v dcache/mshrs/_0617_/Y (sky130_fd_sc_hd__a21boi_0)
   0.2381    7.2530 v dcache/mshrs/_0618_/X (sky130_fd_sc_hd__lpflow_inputiso0n_1)
   0.1857    7.4387 ^ dcache/mshrs/_0752_/Y (sky130_fd_sc_hd__a31oi_1)
   0.0689    7.5076 v dcache/mshrs/_0755_/Y (sky130_fd_sc_hd__nand2_1)
   0.2141    7.7217 v dcache/mshrs/_0756_/X (sky130_fd_sc_hd__a22o_1)
   0.1258    7.8475 v dcache/_2807_/X (sky130_fd_sc_hd__lpflow_isobufsrc_1)
   0.3604    8.2079 ^ dcache/_2808_/Y (sky130_fd_sc_hd__a2111oi_0)
   0.1294    8.3373 v dcache/_2809_/Y (sky130_fd_sc_hd__a311oi_1)
   0.1535    8.4908 ^ dcache/_2810_/X (sky130_fd_sc_hd__lpflow_isobufsrc_1)
   0.0805    8.5713 v dcache/_2812_/Y (sky130_fd_sc_hd__nor3_1)
   0.2226    8.7939 v dcache/_3359_/X (sky130_fd_sc_hd__lpflow_clkbufkapwr_1)
   0.3803    9.1742 v dcache/_3363_/X (sky130_fd_sc_hd__mux2_2)
   0.1967    9.3709 v lsu/_29300_/Y (sky130_fd_sc_hd__nand2b_1)
   0.5002    9.8711 ^ lsu/_29301_/Y (sky130_fd_sc_hd__nor3_1)
   0.2162   10.0873 ^ lsu/_29516_/X (sky130_fd_sc_hd__a22o_1)
   0.0473   10.1346 v lsu/_29517_/Y (sky130_fd_sc_hd__a221oi_1)
   0.2270   10.3616 v lsu/_29518_/X (sky130_fd_sc_hd__and4_1)
   0.0935   10.4551 ^ lsu/_29519_/Y (sky130_fd_sc_hd__nand3_1)
   0.0851   10.5402 v lsu/_29520_/Y (sky130_fd_sc_hd__nand2_1)
   0.0580   10.5981 ^ lsu/_40488_/Y (sky130_fd_sc_hd__nand2_1)
   0.1156   10.7137 v lsu/_40489_/Y (sky130_fd_sc_hd__o21ai_0)
   0.1764   10.8902 v core/memExeUnit/_191_/X (sky130_fd_sc_hd__buf_4)
   0.1819   11.0721 v core/ll_wbarb/_009_/X (sky130_fd_sc_hd__clkbuf_1)
   0.2456   11.3177 v core/ll_wbarb/_010_/X (sky130_fd_sc_hd__clkbuf_1)
   0.0813   11.3990 ^ core/ll_wbarb/_099_/Y (sky130_fd_sc_hd__inv_1)
   0.1445   11.5435 ^ core/FpPipeline/_2061_/X (sky130_fd_sc_hd__lpflow_inputiso0n_1)
   0.0722   11.6158 v core/FpPipeline/_2071_/Y (sky130_fd_sc_hd__nand2_1)
   0.0986   11.7143 ^ core/FpPipeline/_2073_/Y (sky130_fd_sc_hd__a21oi_1)
   0.1152   11.8295 ^ core/ll_wbarb/_100_/X (sky130_fd_sc_hd__or2_2)
   4.8833   16.7129 ^ core/_3793_/Y (sky130_fd_sc_hd__nor3b_1)
   0.4910   17.2039 v core/int_issue_unit/slots_16/_0763_/Y (sky130_fd_sc_hd__o21ai_0)
   0.4726   17.6764 ^ core/int_issue_unit/slots_16/_0766_/Y (sky130_fd_sc_hd__nor4_1)
   0.1073   17.7837 v core/int_issue_unit/slots_16/_0767_/Y (sky130_fd_sc_hd__nand3_1)
   0.1862   17.9699 v core/int_issue_unit/slots_16/_0791_/X (sky130_fd_sc_hd__and4_1)
   0.1253   18.0953 ^ core/int_issue_unit/slots_16/_0792_/Y (sky130_fd_sc_hd__a21oi_1)
   0.0035   18.0987 ^ core/int_issue_unit/slots_16/_0980_/D (sky130_fd_sc_hd__dfxtp_1)
            18.0987   data arrival time

  20.0000   20.0000   clock clock (rise edge)
   0.0000   20.0000   clock network delay (ideal)
   0.0000   20.0000   clock reconvergence pessimism
            20.0000 ^ core/int_issue_unit/slots_16/_0980_/CLK (sky130_fd_sc_hd__dfxtp_1)
  -0.0722   19.9278   library setup time
            19.9278   data required time
-------------------------------------------------------------
            19.9278   data required time
           -18.0987   data arrival time
-------------------------------------------------------------
             1.8291   slack (MET)


Startpoint: core/_4005_ (rising edge-triggered flip-flop clocked by clock)
Endpoint: core/int_issue_unit/slots_17/_0980_
          (rising edge-triggered flip-flop clocked by clock)
Path Group: clock
Path Type: max

    Delay      Time   Description
-------------------------------------------------------------
   0.0000    0.0000   clock clock (rise edge)
   0.0000    0.0000   clock network delay (ideal)
   0.0000    0.0000 ^ core/_4005_/CLK (sky130_fd_sc_hd__dfxtp_1)
   0.3332    0.3332 ^ core/_4005_/Q (sky130_fd_sc_hd__dfxtp_1)
   0.3006    0.6338 ^ core/_1893_/Y (sky130_fd_sc_hd__nor3b_1)
   0.1036    0.7374 v core/_1894_/Y (sky130_fd_sc_hd__nand2_1)
   4.7155    5.4530 ^ core/_1919_/Y (sky130_fd_sc_hd__o21ai_0)
   0.7629    6.2158 ^ lsu/_64242_/X (sky130_fd_sc_hd__buf_4)
   0.1194    6.3353 v dcache/_2795_/Y (sky130_fd_sc_hd__a22oi_1)
   0.2227    6.5580 v dcache/_2796_/X (sky130_fd_sc_hd__and4_1)
   0.0821    6.6402 ^ dcache/_2797_/Y (sky130_fd_sc_hd__nand2_1)
   0.0867    6.7268 v dcache/_2803_/Y (sky130_fd_sc_hd__nor4_1)
   0.0795    6.8064 ^ dcache/mshrs/_0615_/Y (sky130_fd_sc_hd__inv_1)
   0.0587    6.8651 v dcache/mshrs/_0616_/Y (sky130_fd_sc_hd__nor2_1)
   0.1498    7.0149 v dcache/mshrs/_0617_/Y (sky130_fd_sc_hd__a21boi_0)
   0.2381    7.2530 v dcache/mshrs/_0618_/X (sky130_fd_sc_hd__lpflow_inputiso0n_1)
   0.1857    7.4387 ^ dcache/mshrs/_0752_/Y (sky130_fd_sc_hd__a31oi_1)
   0.0689    7.5076 v dcache/mshrs/_0755_/Y (sky130_fd_sc_hd__nand2_1)
   0.2141    7.7217 v dcache/mshrs/_0756_/X (sky130_fd_sc_hd__a22o_1)
   0.1258    7.8475 v dcache/_2807_/X (sky130_fd_sc_hd__lpflow_isobufsrc_1)
   0.3604    8.2079 ^ dcache/_2808_/Y (sky130_fd_sc_hd__a2111oi_0)
   0.1294    8.3373 v dcache/_2809_/Y (sky130_fd_sc_hd__a311oi_1)
   0.1535    8.4908 ^ dcache/_2810_/X (sky130_fd_sc_hd__lpflow_isobufsrc_1)
   0.0805    8.5713 v dcache/_2812_/Y (sky130_fd_sc_hd__nor3_1)
   0.2226    8.7939 v dcache/_3359_/X (sky130_fd_sc_hd__lpflow_clkbufkapwr_1)
   0.3803    9.1742 v dcache/_3363_/X (sky130_fd_sc_hd__mux2_2)
   0.1967    9.3709 v lsu/_29300_/Y (sky130_fd_sc_hd__nand2b_1)
   0.5002    9.8711 ^ lsu/_29301_/Y (sky130_fd_sc_hd__nor3_1)
   0.2162   10.0873 ^ lsu/_29516_/X (sky130_fd_sc_hd__a22o_1)
   0.0473   10.1346 v lsu/_29517_/Y (sky130_fd_sc_hd__a221oi_1)
   0.2270   10.3616 v lsu/_29518_/X (sky130_fd_sc_hd__and4_1)
   0.0935   10.4551 ^ lsu/_29519_/Y (sky130_fd_sc_hd__nand3_1)
   0.0851   10.5402 v lsu/_29520_/Y (sky130_fd_sc_hd__nand2_1)
   0.0580   10.5981 ^ lsu/_40488_/Y (sky130_fd_sc_hd__nand2_1)
   0.1156   10.7137 v lsu/_40489_/Y (sky130_fd_sc_hd__o21ai_0)
   0.1764   10.8902 v core/memExeUnit/_191_/X (sky130_fd_sc_hd__buf_4)
   0.1819   11.0721 v core/ll_wbarb/_009_/X (sky130_fd_sc_hd__clkbuf_1)
   0.2456   11.3177 v core/ll_wbarb/_010_/X (sky130_fd_sc_hd__clkbuf_1)
   0.0813   11.3990 ^ core/ll_wbarb/_099_/Y (sky130_fd_sc_hd__inv_1)
   0.1445   11.5435 ^ core/FpPipeline/_2061_/X (sky130_fd_sc_hd__lpflow_inputiso0n_1)
   0.0722   11.6158 v core/FpPipeline/_2071_/Y (sky130_fd_sc_hd__nand2_1)
   0.0986   11.7143 ^ core/FpPipeline/_2073_/Y (sky130_fd_sc_hd__a21oi_1)
   0.1152   11.8295 ^ core/ll_wbarb/_100_/X (sky130_fd_sc_hd__or2_2)
   4.8833   16.7129 ^ core/_3793_/Y (sky130_fd_sc_hd__nor3b_1)
   0.4910   17.2039 v core/int_issue_unit/slots_17/_0763_/Y (sky130_fd_sc_hd__o21ai_0)
   0.4726   17.6764 ^ core/int_issue_unit/slots_17/_0766_/Y (sky130_fd_sc_hd__nor4_1)
   0.1073   17.7837 v core/int_issue_unit/slots_17/_0767_/Y (sky130_fd_sc_hd__nand3_1)
   0.1862   17.9699 v core/int_issue_unit/slots_17/_0791_/X (sky130_fd_sc_hd__and4_1)
   0.1253   18.0953 ^ core/int_issue_unit/slots_17/_0792_/Y (sky130_fd_sc_hd__a21oi_1)
   0.0035   18.0987 ^ core/int_issue_unit/slots_17/_0980_/D (sky130_fd_sc_hd__dfxtp_1)
            18.0987   data arrival time

  20.0000   20.0000   clock clock (rise edge)
   0.0000   20.0000   clock network delay (ideal)
   0.0000   20.0000   clock reconvergence pessimism
            20.0000 ^ core/int_issue_unit/slots_17/_0980_/CLK (sky130_fd_sc_hd__dfxtp_1)
  -0.0722   19.9278   library setup time
            19.9278   data required time
-------------------------------------------------------------
            19.9278   data required time
           -18.0987   data arrival time
-------------------------------------------------------------
             1.8291   slack (MET)


Startpoint: core/_4005_ (rising edge-triggered flip-flop clocked by clock)
Endpoint: core/int_issue_unit/slots_18/_0980_
          (rising edge-triggered flip-flop clocked by clock)
Path Group: clock
Path Type: max

    Delay      Time   Description
-------------------------------------------------------------
   0.0000    0.0000   clock clock (rise edge)
   0.0000    0.0000   clock network delay (ideal)
   0.0000    0.0000 ^ core/_4005_/CLK (sky130_fd_sc_hd__dfxtp_1)
   0.3332    0.3332 ^ core/_4005_/Q (sky130_fd_sc_hd__dfxtp_1)
   0.3006    0.6338 ^ core/_1893_/Y (sky130_fd_sc_hd__nor3b_1)
   0.1036    0.7374 v core/_1894_/Y (sky130_fd_sc_hd__nand2_1)
   4.7155    5.4530 ^ core/_1919_/Y (sky130_fd_sc_hd__o21ai_0)
   0.7629    6.2158 ^ lsu/_64242_/X (sky130_fd_sc_hd__buf_4)
   0.1194    6.3353 v dcache/_2795_/Y (sky130_fd_sc_hd__a22oi_1)
   0.2227    6.5580 v dcache/_2796_/X (sky130_fd_sc_hd__and4_1)
   0.0821    6.6402 ^ dcache/_2797_/Y (sky130_fd_sc_hd__nand2_1)
   0.0867    6.7268 v dcache/_2803_/Y (sky130_fd_sc_hd__nor4_1)
   0.0795    6.8064 ^ dcache/mshrs/_0615_/Y (sky130_fd_sc_hd__inv_1)
   0.0587    6.8651 v dcache/mshrs/_0616_/Y (sky130_fd_sc_hd__nor2_1)
   0.1498    7.0149 v dcache/mshrs/_0617_/Y (sky130_fd_sc_hd__a21boi_0)
   0.2381    7.2530 v dcache/mshrs/_0618_/X (sky130_fd_sc_hd__lpflow_inputiso0n_1)
   0.1857    7.4387 ^ dcache/mshrs/_0752_/Y (sky130_fd_sc_hd__a31oi_1)
   0.0689    7.5076 v dcache/mshrs/_0755_/Y (sky130_fd_sc_hd__nand2_1)
   0.2141    7.7217 v dcache/mshrs/_0756_/X (sky130_fd_sc_hd__a22o_1)
   0.1258    7.8475 v dcache/_2807_/X (sky130_fd_sc_hd__lpflow_isobufsrc_1)
   0.3604    8.2079 ^ dcache/_2808_/Y (sky130_fd_sc_hd__a2111oi_0)
   0.1294    8.3373 v dcache/_2809_/Y (sky130_fd_sc_hd__a311oi_1)
   0.1535    8.4908 ^ dcache/_2810_/X (sky130_fd_sc_hd__lpflow_isobufsrc_1)
   0.0805    8.5713 v dcache/_2812_/Y (sky130_fd_sc_hd__nor3_1)
   0.2226    8.7939 v dcache/_3359_/X (sky130_fd_sc_hd__lpflow_clkbufkapwr_1)
   0.3803    9.1742 v dcache/_3363_/X (sky130_fd_sc_hd__mux2_2)
   0.1967    9.3709 v lsu/_29300_/Y (sky130_fd_sc_hd__nand2b_1)
   0.5002    9.8711 ^ lsu/_29301_/Y (sky130_fd_sc_hd__nor3_1)
   0.2162   10.0873 ^ lsu/_29516_/X (sky130_fd_sc_hd__a22o_1)
   0.0473   10.1346 v lsu/_29517_/Y (sky130_fd_sc_hd__a221oi_1)
   0.2270   10.3616 v lsu/_29518_/X (sky130_fd_sc_hd__and4_1)
   0.0935   10.4551 ^ lsu/_29519_/Y (sky130_fd_sc_hd__nand3_1)
   0.0851   10.5402 v lsu/_29520_/Y (sky130_fd_sc_hd__nand2_1)
   0.0580   10.5981 ^ lsu/_40488_/Y (sky130_fd_sc_hd__nand2_1)
   0.1156   10.7137 v lsu/_40489_/Y (sky130_fd_sc_hd__o21ai_0)
   0.1764   10.8902 v core/memExeUnit/_191_/X (sky130_fd_sc_hd__buf_4)
   0.1819   11.0721 v core/ll_wbarb/_009_/X (sky130_fd_sc_hd__clkbuf_1)
   0.2456   11.3177 v core/ll_wbarb/_010_/X (sky130_fd_sc_hd__clkbuf_1)
   0.0813   11.3990 ^ core/ll_wbarb/_099_/Y (sky130_fd_sc_hd__inv_1)
   0.1445   11.5435 ^ core/FpPipeline/_2061_/X (sky130_fd_sc_hd__lpflow_inputiso0n_1)
   0.0722   11.6158 v core/FpPipeline/_2071_/Y (sky130_fd_sc_hd__nand2_1)
   0.0986   11.7143 ^ core/FpPipeline/_2073_/Y (sky130_fd_sc_hd__a21oi_1)
   0.1152   11.8295 ^ core/ll_wbarb/_100_/X (sky130_fd_sc_hd__or2_2)
   4.8833   16.7129 ^ core/_3793_/Y (sky130_fd_sc_hd__nor3b_1)
   0.4910   17.2039 v core/int_issue_unit/slots_18/_0763_/Y (sky130_fd_sc_hd__o21ai_0)
   0.4726   17.6764 ^ core/int_issue_unit/slots_18/_0766_/Y (sky130_fd_sc_hd__nor4_1)
   0.1073   17.7837 v core/int_issue_unit/slots_18/_0767_/Y (sky130_fd_sc_hd__nand3_1)
   0.1862   17.9699 v core/int_issue_unit/slots_18/_0791_/X (sky130_fd_sc_hd__and4_1)
   0.1253   18.0953 ^ core/int_issue_unit/slots_18/_0792_/Y (sky130_fd_sc_hd__a21oi_1)
   0.0035   18.0987 ^ core/int_issue_unit/slots_18/_0980_/D (sky130_fd_sc_hd__dfxtp_1)
            18.0987   data arrival time

  20.0000   20.0000   clock clock (rise edge)
   0.0000   20.0000   clock network delay (ideal)
   0.0000   20.0000   clock reconvergence pessimism
            20.0000 ^ core/int_issue_unit/slots_18/_0980_/CLK (sky130_fd_sc_hd__dfxtp_1)
  -0.0722   19.9278   library setup time
            19.9278   data required time
-------------------------------------------------------------
            19.9278   data required time
           -18.0987   data arrival time
-------------------------------------------------------------
             1.8291   slack (MET)


Startpoint: core/_4005_ (rising edge-triggered flip-flop clocked by clock)
Endpoint: core/int_issue_unit/slots_19/_0980_
          (rising edge-triggered flip-flop clocked by clock)
Path Group: clock
Path Type: max

    Delay      Time   Description
-------------------------------------------------------------
   0.0000    0.0000   clock clock (rise edge)
   0.0000    0.0000   clock network delay (ideal)
   0.0000    0.0000 ^ core/_4005_/CLK (sky130_fd_sc_hd__dfxtp_1)
   0.3332    0.3332 ^ core/_4005_/Q (sky130_fd_sc_hd__dfxtp_1)
   0.3006    0.6338 ^ core/_1893_/Y (sky130_fd_sc_hd__nor3b_1)
   0.1036    0.7374 v core/_1894_/Y (sky130_fd_sc_hd__nand2_1)
   4.7155    5.4530 ^ core/_1919_/Y (sky130_fd_sc_hd__o21ai_0)
   0.7629    6.2158 ^ lsu/_64242_/X (sky130_fd_sc_hd__buf_4)
   0.1194    6.3353 v dcache/_2795_/Y (sky130_fd_sc_hd__a22oi_1)
   0.2227    6.5580 v dcache/_2796_/X (sky130_fd_sc_hd__and4_1)
   0.0821    6.6402 ^ dcache/_2797_/Y (sky130_fd_sc_hd__nand2_1)
   0.0867    6.7268 v dcache/_2803_/Y (sky130_fd_sc_hd__nor4_1)
   0.0795    6.8064 ^ dcache/mshrs/_0615_/Y (sky130_fd_sc_hd__inv_1)
   0.0587    6.8651 v dcache/mshrs/_0616_/Y (sky130_fd_sc_hd__nor2_1)
   0.1498    7.0149 v dcache/mshrs/_0617_/Y (sky130_fd_sc_hd__a21boi_0)
   0.2381    7.2530 v dcache/mshrs/_0618_/X (sky130_fd_sc_hd__lpflow_inputiso0n_1)
   0.1857    7.4387 ^ dcache/mshrs/_0752_/Y (sky130_fd_sc_hd__a31oi_1)
   0.0689    7.5076 v dcache/mshrs/_0755_/Y (sky130_fd_sc_hd__nand2_1)
   0.2141    7.7217 v dcache/mshrs/_0756_/X (sky130_fd_sc_hd__a22o_1)
   0.1258    7.8475 v dcache/_2807_/X (sky130_fd_sc_hd__lpflow_isobufsrc_1)
   0.3604    8.2079 ^ dcache/_2808_/Y (sky130_fd_sc_hd__a2111oi_0)
   0.1294    8.3373 v dcache/_2809_/Y (sky130_fd_sc_hd__a311oi_1)
   0.1535    8.4908 ^ dcache/_2810_/X (sky130_fd_sc_hd__lpflow_isobufsrc_1)
   0.0805    8.5713 v dcache/_2812_/Y (sky130_fd_sc_hd__nor3_1)
   0.2226    8.7939 v dcache/_3359_/X (sky130_fd_sc_hd__lpflow_clkbufkapwr_1)
   0.3803    9.1742 v dcache/_3363_/X (sky130_fd_sc_hd__mux2_2)
   0.1967    9.3709 v lsu/_29300_/Y (sky130_fd_sc_hd__nand2b_1)
   0.5002    9.8711 ^ lsu/_29301_/Y (sky130_fd_sc_hd__nor3_1)
   0.2162   10.0873 ^ lsu/_29516_/X (sky130_fd_sc_hd__a22o_1)
   0.0473   10.1346 v lsu/_29517_/Y (sky130_fd_sc_hd__a221oi_1)
   0.2270   10.3616 v lsu/_29518_/X (sky130_fd_sc_hd__and4_1)
   0.0935   10.4551 ^ lsu/_29519_/Y (sky130_fd_sc_hd__nand3_1)
   0.0851   10.5402 v lsu/_29520_/Y (sky130_fd_sc_hd__nand2_1)
   0.0580   10.5981 ^ lsu/_40488_/Y (sky130_fd_sc_hd__nand2_1)
   0.1156   10.7137 v lsu/_40489_/Y (sky130_fd_sc_hd__o21ai_0)
   0.1764   10.8902 v core/memExeUnit/_191_/X (sky130_fd_sc_hd__buf_4)
   0.1819   11.0721 v core/ll_wbarb/_009_/X (sky130_fd_sc_hd__clkbuf_1)
   0.2456   11.3177 v core/ll_wbarb/_010_/X (sky130_fd_sc_hd__clkbuf_1)
   0.0813   11.3990 ^ core/ll_wbarb/_099_/Y (sky130_fd_sc_hd__inv_1)
   0.1445   11.5435 ^ core/FpPipeline/_2061_/X (sky130_fd_sc_hd__lpflow_inputiso0n_1)
   0.0722   11.6158 v core/FpPipeline/_2071_/Y (sky130_fd_sc_hd__nand2_1)
   0.0986   11.7143 ^ core/FpPipeline/_2073_/Y (sky130_fd_sc_hd__a21oi_1)
   0.1152   11.8295 ^ core/ll_wbarb/_100_/X (sky130_fd_sc_hd__or2_2)
   4.8833   16.7129 ^ core/_3793_/Y (sky130_fd_sc_hd__nor3b_1)
   0.4910   17.2039 v core/int_issue_unit/slots_19/_0763_/Y (sky130_fd_sc_hd__o21ai_0)
   0.4726   17.6764 ^ core/int_issue_unit/slots_19/_0766_/Y (sky130_fd_sc_hd__nor4_1)
   0.1073   17.7837 v core/int_issue_unit/slots_19/_0767_/Y (sky130_fd_sc_hd__nand3_1)
   0.1862   17.9699 v core/int_issue_unit/slots_19/_0791_/X (sky130_fd_sc_hd__and4_1)
   0.1253   18.0953 ^ core/int_issue_unit/slots_19/_0792_/Y (sky130_fd_sc_hd__a21oi_1)
   0.0035   18.0987 ^ core/int_issue_unit/slots_19/_0980_/D (sky130_fd_sc_hd__dfxtp_1)
            18.0987   data arrival time

  20.0000   20.0000   clock clock (rise edge)
   0.0000   20.0000   clock network delay (ideal)
   0.0000   20.0000   clock reconvergence pessimism
            20.0000 ^ core/int_issue_unit/slots_19/_0980_/CLK (sky130_fd_sc_hd__dfxtp_1)
  -0.0722   19.9278   library setup time
            19.9278   data required time
-------------------------------------------------------------
            19.9278   data required time
           -18.0987   data arrival time
-------------------------------------------------------------
             1.8291   slack (MET)


Startpoint: core/_4005_ (rising edge-triggered flip-flop clocked by clock)
Endpoint: core/int_issue_unit/slots_2/_0980_
          (rising edge-triggered flip-flop clocked by clock)
Path Group: clock
Path Type: max

    Delay      Time   Description
-------------------------------------------------------------
   0.0000    0.0000   clock clock (rise edge)
   0.0000    0.0000   clock network delay (ideal)
   0.0000    0.0000 ^ core/_4005_/CLK (sky130_fd_sc_hd__dfxtp_1)
   0.3332    0.3332 ^ core/_4005_/Q (sky130_fd_sc_hd__dfxtp_1)
   0.3006    0.6338 ^ core/_1893_/Y (sky130_fd_sc_hd__nor3b_1)
   0.1036    0.7374 v core/_1894_/Y (sky130_fd_sc_hd__nand2_1)
   4.7155    5.4530 ^ core/_1919_/Y (sky130_fd_sc_hd__o21ai_0)
   0.7629    6.2158 ^ lsu/_64242_/X (sky130_fd_sc_hd__buf_4)
   0.1194    6.3353 v dcache/_2795_/Y (sky130_fd_sc_hd__a22oi_1)
   0.2227    6.5580 v dcache/_2796_/X (sky130_fd_sc_hd__and4_1)
   0.0821    6.6402 ^ dcache/_2797_/Y (sky130_fd_sc_hd__nand2_1)
   0.0867    6.7268 v dcache/_2803_/Y (sky130_fd_sc_hd__nor4_1)
   0.0795    6.8064 ^ dcache/mshrs/_0615_/Y (sky130_fd_sc_hd__inv_1)
   0.0587    6.8651 v dcache/mshrs/_0616_/Y (sky130_fd_sc_hd__nor2_1)
   0.1498    7.0149 v dcache/mshrs/_0617_/Y (sky130_fd_sc_hd__a21boi_0)
   0.2381    7.2530 v dcache/mshrs/_0618_/X (sky130_fd_sc_hd__lpflow_inputiso0n_1)
   0.1857    7.4387 ^ dcache/mshrs/_0752_/Y (sky130_fd_sc_hd__a31oi_1)
   0.0689    7.5076 v dcache/mshrs/_0755_/Y (sky130_fd_sc_hd__nand2_1)
   0.2141    7.7217 v dcache/mshrs/_0756_/X (sky130_fd_sc_hd__a22o_1)
   0.1258    7.8475 v dcache/_2807_/X (sky130_fd_sc_hd__lpflow_isobufsrc_1)
   0.3604    8.2079 ^ dcache/_2808_/Y (sky130_fd_sc_hd__a2111oi_0)
   0.1294    8.3373 v dcache/_2809_/Y (sky130_fd_sc_hd__a311oi_1)
   0.1535    8.4908 ^ dcache/_2810_/X (sky130_fd_sc_hd__lpflow_isobufsrc_1)
   0.0805    8.5713 v dcache/_2812_/Y (sky130_fd_sc_hd__nor3_1)
   0.2226    8.7939 v dcache/_3359_/X (sky130_fd_sc_hd__lpflow_clkbufkapwr_1)
   0.3803    9.1742 v dcache/_3363_/X (sky130_fd_sc_hd__mux2_2)
   0.1967    9.3709 v lsu/_29300_/Y (sky130_fd_sc_hd__nand2b_1)
   0.5002    9.8711 ^ lsu/_29301_/Y (sky130_fd_sc_hd__nor3_1)
   0.2162   10.0873 ^ lsu/_29516_/X (sky130_fd_sc_hd__a22o_1)
   0.0473   10.1346 v lsu/_29517_/Y (sky130_fd_sc_hd__a221oi_1)
   0.2270   10.3616 v lsu/_29518_/X (sky130_fd_sc_hd__and4_1)
   0.0935   10.4551 ^ lsu/_29519_/Y (sky130_fd_sc_hd__nand3_1)
   0.0851   10.5402 v lsu/_29520_/Y (sky130_fd_sc_hd__nand2_1)
   0.0580   10.5981 ^ lsu/_40488_/Y (sky130_fd_sc_hd__nand2_1)
   0.1156   10.7137 v lsu/_40489_/Y (sky130_fd_sc_hd__o21ai_0)
   0.1764   10.8902 v core/memExeUnit/_191_/X (sky130_fd_sc_hd__buf_4)
   0.1819   11.0721 v core/ll_wbarb/_009_/X (sky130_fd_sc_hd__clkbuf_1)
   0.2456   11.3177 v core/ll_wbarb/_010_/X (sky130_fd_sc_hd__clkbuf_1)
   0.0813   11.3990 ^ core/ll_wbarb/_099_/Y (sky130_fd_sc_hd__inv_1)
   0.1445   11.5435 ^ core/FpPipeline/_2061_/X (sky130_fd_sc_hd__lpflow_inputiso0n_1)
   0.0722   11.6158 v core/FpPipeline/_2071_/Y (sky130_fd_sc_hd__nand2_1)
   0.0986   11.7143 ^ core/FpPipeline/_2073_/Y (sky130_fd_sc_hd__a21oi_1)
   0.1152   11.8295 ^ core/ll_wbarb/_100_/X (sky130_fd_sc_hd__or2_2)
   4.8833   16.7129 ^ core/_3793_/Y (sky130_fd_sc_hd__nor3b_1)
   0.4910   17.2039 v core/int_issue_unit/slots_2/_0763_/Y (sky130_fd_sc_hd__o21ai_0)
   0.4726   17.6764 ^ core/int_issue_unit/slots_2/_0766_/Y (sky130_fd_sc_hd__nor4_1)
   0.1073   17.7837 v core/int_issue_unit/slots_2/_0767_/Y (sky130_fd_sc_hd__nand3_1)
   0.1862   17.9699 v core/int_issue_unit/slots_2/_0791_/X (sky130_fd_sc_hd__and4_1)
   0.1253   18.0953 ^ core/int_issue_unit/slots_2/_0792_/Y (sky130_fd_sc_hd__a21oi_1)
   0.0035   18.0987 ^ core/int_issue_unit/slots_2/_0980_/D (sky130_fd_sc_hd__dfxtp_1)
            18.0987   data arrival time

  20.0000   20.0000   clock clock (rise edge)
   0.0000   20.0000   clock network delay (ideal)
   0.0000   20.0000   clock reconvergence pessimism
            20.0000 ^ core/int_issue_unit/slots_2/_0980_/CLK (sky130_fd_sc_hd__dfxtp_1)
  -0.0722   19.9278   library setup time
            19.9278   data required time
-------------------------------------------------------------
            19.9278   data required time
           -18.0987   data arrival time
-------------------------------------------------------------
             1.8291   slack (MET)


Startpoint: core/_4005_ (rising edge-triggered flip-flop clocked by clock)
Endpoint: core/int_issue_unit/slots_3/_0980_
          (rising edge-triggered flip-flop clocked by clock)
Path Group: clock
Path Type: max

    Delay      Time   Description
-------------------------------------------------------------
   0.0000    0.0000   clock clock (rise edge)
   0.0000    0.0000   clock network delay (ideal)
   0.0000    0.0000 ^ core/_4005_/CLK (sky130_fd_sc_hd__dfxtp_1)
   0.3332    0.3332 ^ core/_4005_/Q (sky130_fd_sc_hd__dfxtp_1)
   0.3006    0.6338 ^ core/_1893_/Y (sky130_fd_sc_hd__nor3b_1)
   0.1036    0.7374 v core/_1894_/Y (sky130_fd_sc_hd__nand2_1)
   4.7155    5.4530 ^ core/_1919_/Y (sky130_fd_sc_hd__o21ai_0)
   0.7629    6.2158 ^ lsu/_64242_/X (sky130_fd_sc_hd__buf_4)
   0.1194    6.3353 v dcache/_2795_/Y (sky130_fd_sc_hd__a22oi_1)
   0.2227    6.5580 v dcache/_2796_/X (sky130_fd_sc_hd__and4_1)
   0.0821    6.6402 ^ dcache/_2797_/Y (sky130_fd_sc_hd__nand2_1)
   0.0867    6.7268 v dcache/_2803_/Y (sky130_fd_sc_hd__nor4_1)
   0.0795    6.8064 ^ dcache/mshrs/_0615_/Y (sky130_fd_sc_hd__inv_1)
   0.0587    6.8651 v dcache/mshrs/_0616_/Y (sky130_fd_sc_hd__nor2_1)
   0.1498    7.0149 v dcache/mshrs/_0617_/Y (sky130_fd_sc_hd__a21boi_0)
   0.2381    7.2530 v dcache/mshrs/_0618_/X (sky130_fd_sc_hd__lpflow_inputiso0n_1)
   0.1857    7.4387 ^ dcache/mshrs/_0752_/Y (sky130_fd_sc_hd__a31oi_1)
   0.0689    7.5076 v dcache/mshrs/_0755_/Y (sky130_fd_sc_hd__nand2_1)
   0.2141    7.7217 v dcache/mshrs/_0756_/X (sky130_fd_sc_hd__a22o_1)
   0.1258    7.8475 v dcache/_2807_/X (sky130_fd_sc_hd__lpflow_isobufsrc_1)
   0.3604    8.2079 ^ dcache/_2808_/Y (sky130_fd_sc_hd__a2111oi_0)
   0.1294    8.3373 v dcache/_2809_/Y (sky130_fd_sc_hd__a311oi_1)
   0.1535    8.4908 ^ dcache/_2810_/X (sky130_fd_sc_hd__lpflow_isobufsrc_1)
   0.0805    8.5713 v dcache/_2812_/Y (sky130_fd_sc_hd__nor3_1)
   0.2226    8.7939 v dcache/_3359_/X (sky130_fd_sc_hd__lpflow_clkbufkapwr_1)
   0.3803    9.1742 v dcache/_3363_/X (sky130_fd_sc_hd__mux2_2)
   0.1967    9.3709 v lsu/_29300_/Y (sky130_fd_sc_hd__nand2b_1)
   0.5002    9.8711 ^ lsu/_29301_/Y (sky130_fd_sc_hd__nor3_1)
   0.2162   10.0873 ^ lsu/_29516_/X (sky130_fd_sc_hd__a22o_1)
   0.0473   10.1346 v lsu/_29517_/Y (sky130_fd_sc_hd__a221oi_1)
   0.2270   10.3616 v lsu/_29518_/X (sky130_fd_sc_hd__and4_1)
   0.0935   10.4551 ^ lsu/_29519_/Y (sky130_fd_sc_hd__nand3_1)
   0.0851   10.5402 v lsu/_29520_/Y (sky130_fd_sc_hd__nand2_1)
   0.0580   10.5981 ^ lsu/_40488_/Y (sky130_fd_sc_hd__nand2_1)
   0.1156   10.7137 v lsu/_40489_/Y (sky130_fd_sc_hd__o21ai_0)
   0.1764   10.8902 v core/memExeUnit/_191_/X (sky130_fd_sc_hd__buf_4)
   0.1819   11.0721 v core/ll_wbarb/_009_/X (sky130_fd_sc_hd__clkbuf_1)
   0.2456   11.3177 v core/ll_wbarb/_010_/X (sky130_fd_sc_hd__clkbuf_1)
   0.0813   11.3990 ^ core/ll_wbarb/_099_/Y (sky130_fd_sc_hd__inv_1)
   0.1445   11.5435 ^ core/FpPipeline/_2061_/X (sky130_fd_sc_hd__lpflow_inputiso0n_1)
   0.0722   11.6158 v core/FpPipeline/_2071_/Y (sky130_fd_sc_hd__nand2_1)
   0.0986   11.7143 ^ core/FpPipeline/_2073_/Y (sky130_fd_sc_hd__a21oi_1)
   0.1152   11.8295 ^ core/ll_wbarb/_100_/X (sky130_fd_sc_hd__or2_2)
   4.8833   16.7129 ^ core/_3793_/Y (sky130_fd_sc_hd__nor3b_1)
   0.4910   17.2039 v core/int_issue_unit/slots_3/_0763_/Y (sky130_fd_sc_hd__o21ai_0)
   0.4726   17.6764 ^ core/int_issue_unit/slots_3/_0766_/Y (sky130_fd_sc_hd__nor4_1)
   0.1073   17.7837 v core/int_issue_unit/slots_3/_0767_/Y (sky130_fd_sc_hd__nand3_1)
   0.1862   17.9699 v core/int_issue_unit/slots_3/_0791_/X (sky130_fd_sc_hd__and4_1)
   0.1253   18.0953 ^ core/int_issue_unit/slots_3/_0792_/Y (sky130_fd_sc_hd__a21oi_1)
   0.0035   18.0987 ^ core/int_issue_unit/slots_3/_0980_/D (sky130_fd_sc_hd__dfxtp_1)
            18.0987   data arrival time

  20.0000   20.0000   clock clock (rise edge)
   0.0000   20.0000   clock network delay (ideal)
   0.0000   20.0000   clock reconvergence pessimism
            20.0000 ^ core/int_issue_unit/slots_3/_0980_/CLK (sky130_fd_sc_hd__dfxtp_1)
  -0.0722   19.9278   library setup time
            19.9278   data required time
-------------------------------------------------------------
            19.9278   data required time
           -18.0987   data arrival time
-------------------------------------------------------------
             1.8291   slack (MET)


Startpoint: core/_4005_ (rising edge-triggered flip-flop clocked by clock)
Endpoint: core/int_issue_unit/slots_4/_0980_
          (rising edge-triggered flip-flop clocked by clock)
Path Group: clock
Path Type: max

    Delay      Time   Description
-------------------------------------------------------------
   0.0000    0.0000   clock clock (rise edge)
   0.0000    0.0000   clock network delay (ideal)
   0.0000    0.0000 ^ core/_4005_/CLK (sky130_fd_sc_hd__dfxtp_1)
   0.3332    0.3332 ^ core/_4005_/Q (sky130_fd_sc_hd__dfxtp_1)
   0.3006    0.6338 ^ core/_1893_/Y (sky130_fd_sc_hd__nor3b_1)
   0.1036    0.7374 v core/_1894_/Y (sky130_fd_sc_hd__nand2_1)
   4.7155    5.4530 ^ core/_1919_/Y (sky130_fd_sc_hd__o21ai_0)
   0.7629    6.2158 ^ lsu/_64242_/X (sky130_fd_sc_hd__buf_4)
   0.1194    6.3353 v dcache/_2795_/Y (sky130_fd_sc_hd__a22oi_1)
   0.2227    6.5580 v dcache/_2796_/X (sky130_fd_sc_hd__and4_1)
   0.0821    6.6402 ^ dcache/_2797_/Y (sky130_fd_sc_hd__nand2_1)
   0.0867    6.7268 v dcache/_2803_/Y (sky130_fd_sc_hd__nor4_1)
   0.0795    6.8064 ^ dcache/mshrs/_0615_/Y (sky130_fd_sc_hd__inv_1)
   0.0587    6.8651 v dcache/mshrs/_0616_/Y (sky130_fd_sc_hd__nor2_1)
   0.1498    7.0149 v dcache/mshrs/_0617_/Y (sky130_fd_sc_hd__a21boi_0)
   0.2381    7.2530 v dcache/mshrs/_0618_/X (sky130_fd_sc_hd__lpflow_inputiso0n_1)
   0.1857    7.4387 ^ dcache/mshrs/_0752_/Y (sky130_fd_sc_hd__a31oi_1)
   0.0689    7.5076 v dcache/mshrs/_0755_/Y (sky130_fd_sc_hd__nand2_1)
   0.2141    7.7217 v dcache/mshrs/_0756_/X (sky130_fd_sc_hd__a22o_1)
   0.1258    7.8475 v dcache/_2807_/X (sky130_fd_sc_hd__lpflow_isobufsrc_1)
   0.3604    8.2079 ^ dcache/_2808_/Y (sky130_fd_sc_hd__a2111oi_0)
   0.1294    8.3373 v dcache/_2809_/Y (sky130_fd_sc_hd__a311oi_1)
   0.1535    8.4908 ^ dcache/_2810_/X (sky130_fd_sc_hd__lpflow_isobufsrc_1)
   0.0805    8.5713 v dcache/_2812_/Y (sky130_fd_sc_hd__nor3_1)
   0.2226    8.7939 v dcache/_3359_/X (sky130_fd_sc_hd__lpflow_clkbufkapwr_1)
   0.3803    9.1742 v dcache/_3363_/X (sky130_fd_sc_hd__mux2_2)
   0.1967    9.3709 v lsu/_29300_/Y (sky130_fd_sc_hd__nand2b_1)
   0.5002    9.8711 ^ lsu/_29301_/Y (sky130_fd_sc_hd__nor3_1)
   0.2162   10.0873 ^ lsu/_29516_/X (sky130_fd_sc_hd__a22o_1)
   0.0473   10.1346 v lsu/_29517_/Y (sky130_fd_sc_hd__a221oi_1)
   0.2270   10.3616 v lsu/_29518_/X (sky130_fd_sc_hd__and4_1)
   0.0935   10.4551 ^ lsu/_29519_/Y (sky130_fd_sc_hd__nand3_1)
   0.0851   10.5402 v lsu/_29520_/Y (sky130_fd_sc_hd__nand2_1)
   0.0580   10.5981 ^ lsu/_40488_/Y (sky130_fd_sc_hd__nand2_1)
   0.1156   10.7137 v lsu/_40489_/Y (sky130_fd_sc_hd__o21ai_0)
   0.1764   10.8902 v core/memExeUnit/_191_/X (sky130_fd_sc_hd__buf_4)
   0.1819   11.0721 v core/ll_wbarb/_009_/X (sky130_fd_sc_hd__clkbuf_1)
   0.2456   11.3177 v core/ll_wbarb/_010_/X (sky130_fd_sc_hd__clkbuf_1)
   0.0813   11.3990 ^ core/ll_wbarb/_099_/Y (sky130_fd_sc_hd__inv_1)
   0.1445   11.5435 ^ core/FpPipeline/_2061_/X (sky130_fd_sc_hd__lpflow_inputiso0n_1)
   0.0722   11.6158 v core/FpPipeline/_2071_/Y (sky130_fd_sc_hd__nand2_1)
   0.0986   11.7143 ^ core/FpPipeline/_2073_/Y (sky130_fd_sc_hd__a21oi_1)
   0.1152   11.8295 ^ core/ll_wbarb/_100_/X (sky130_fd_sc_hd__or2_2)
   4.8833   16.7129 ^ core/_3793_/Y (sky130_fd_sc_hd__nor3b_1)
   0.4910   17.2039 v core/int_issue_unit/slots_4/_0763_/Y (sky130_fd_sc_hd__o21ai_0)
   0.4726   17.6764 ^ core/int_issue_unit/slots_4/_0766_/Y (sky130_fd_sc_hd__nor4_1)
   0.1073   17.7837 v core/int_issue_unit/slots_4/_0767_/Y (sky130_fd_sc_hd__nand3_1)
   0.1862   17.9699 v core/int_issue_unit/slots_4/_0791_/X (sky130_fd_sc_hd__and4_1)
   0.1253   18.0953 ^ core/int_issue_unit/slots_4/_0792_/Y (sky130_fd_sc_hd__a21oi_1)
   0.0035   18.0987 ^ core/int_issue_unit/slots_4/_0980_/D (sky130_fd_sc_hd__dfxtp_1)
            18.0987   data arrival time

  20.0000   20.0000   clock clock (rise edge)
   0.0000   20.0000   clock network delay (ideal)
   0.0000   20.0000   clock reconvergence pessimism
            20.0000 ^ core/int_issue_unit/slots_4/_0980_/CLK (sky130_fd_sc_hd__dfxtp_1)
  -0.0722   19.9278   library setup time
            19.9278   data required time
-------------------------------------------------------------
            19.9278   data required time
           -18.0987   data arrival time
-------------------------------------------------------------
             1.8291   slack (MET)


Startpoint: core/_4005_ (rising edge-triggered flip-flop clocked by clock)
Endpoint: core/int_issue_unit/slots_5/_0980_
          (rising edge-triggered flip-flop clocked by clock)
Path Group: clock
Path Type: max

    Delay      Time   Description
-------------------------------------------------------------
   0.0000    0.0000   clock clock (rise edge)
   0.0000    0.0000   clock network delay (ideal)
   0.0000    0.0000 ^ core/_4005_/CLK (sky130_fd_sc_hd__dfxtp_1)
   0.3332    0.3332 ^ core/_4005_/Q (sky130_fd_sc_hd__dfxtp_1)
   0.3006    0.6338 ^ core/_1893_/Y (sky130_fd_sc_hd__nor3b_1)
   0.1036    0.7374 v core/_1894_/Y (sky130_fd_sc_hd__nand2_1)
   4.7155    5.4530 ^ core/_1919_/Y (sky130_fd_sc_hd__o21ai_0)
   0.7629    6.2158 ^ lsu/_64242_/X (sky130_fd_sc_hd__buf_4)
   0.1194    6.3353 v dcache/_2795_/Y (sky130_fd_sc_hd__a22oi_1)
   0.2227    6.5580 v dcache/_2796_/X (sky130_fd_sc_hd__and4_1)
   0.0821    6.6402 ^ dcache/_2797_/Y (sky130_fd_sc_hd__nand2_1)
   0.0867    6.7268 v dcache/_2803_/Y (sky130_fd_sc_hd__nor4_1)
   0.0795    6.8064 ^ dcache/mshrs/_0615_/Y (sky130_fd_sc_hd__inv_1)
   0.0587    6.8651 v dcache/mshrs/_0616_/Y (sky130_fd_sc_hd__nor2_1)
   0.1498    7.0149 v dcache/mshrs/_0617_/Y (sky130_fd_sc_hd__a21boi_0)
   0.2381    7.2530 v dcache/mshrs/_0618_/X (sky130_fd_sc_hd__lpflow_inputiso0n_1)
   0.1857    7.4387 ^ dcache/mshrs/_0752_/Y (sky130_fd_sc_hd__a31oi_1)
   0.0689    7.5076 v dcache/mshrs/_0755_/Y (sky130_fd_sc_hd__nand2_1)
   0.2141    7.7217 v dcache/mshrs/_0756_/X (sky130_fd_sc_hd__a22o_1)
   0.1258    7.8475 v dcache/_2807_/X (sky130_fd_sc_hd__lpflow_isobufsrc_1)
   0.3604    8.2079 ^ dcache/_2808_/Y (sky130_fd_sc_hd__a2111oi_0)
   0.1294    8.3373 v dcache/_2809_/Y (sky130_fd_sc_hd__a311oi_1)
   0.1535    8.4908 ^ dcache/_2810_/X (sky130_fd_sc_hd__lpflow_isobufsrc_1)
   0.0805    8.5713 v dcache/_2812_/Y (sky130_fd_sc_hd__nor3_1)
   0.2226    8.7939 v dcache/_3359_/X (sky130_fd_sc_hd__lpflow_clkbufkapwr_1)
   0.3803    9.1742 v dcache/_3363_/X (sky130_fd_sc_hd__mux2_2)
   0.1967    9.3709 v lsu/_29300_/Y (sky130_fd_sc_hd__nand2b_1)
   0.5002    9.8711 ^ lsu/_29301_/Y (sky130_fd_sc_hd__nor3_1)
   0.2162   10.0873 ^ lsu/_29516_/X (sky130_fd_sc_hd__a22o_1)
   0.0473   10.1346 v lsu/_29517_/Y (sky130_fd_sc_hd__a221oi_1)
   0.2270   10.3616 v lsu/_29518_/X (sky130_fd_sc_hd__and4_1)
   0.0935   10.4551 ^ lsu/_29519_/Y (sky130_fd_sc_hd__nand3_1)
   0.0851   10.5402 v lsu/_29520_/Y (sky130_fd_sc_hd__nand2_1)
   0.0580   10.5981 ^ lsu/_40488_/Y (sky130_fd_sc_hd__nand2_1)
   0.1156   10.7137 v lsu/_40489_/Y (sky130_fd_sc_hd__o21ai_0)
   0.1764   10.8902 v core/memExeUnit/_191_/X (sky130_fd_sc_hd__buf_4)
   0.1819   11.0721 v core/ll_wbarb/_009_/X (sky130_fd_sc_hd__clkbuf_1)
   0.2456   11.3177 v core/ll_wbarb/_010_/X (sky130_fd_sc_hd__clkbuf_1)
   0.0813   11.3990 ^ core/ll_wbarb/_099_/Y (sky130_fd_sc_hd__inv_1)
   0.1445   11.5435 ^ core/FpPipeline/_2061_/X (sky130_fd_sc_hd__lpflow_inputiso0n_1)
   0.0722   11.6158 v core/FpPipeline/_2071_/Y (sky130_fd_sc_hd__nand2_1)
   0.0986   11.7143 ^ core/FpPipeline/_2073_/Y (sky130_fd_sc_hd__a21oi_1)
   0.1152   11.8295 ^ core/ll_wbarb/_100_/X (sky130_fd_sc_hd__or2_2)
   4.8833   16.7129 ^ core/_3793_/Y (sky130_fd_sc_hd__nor3b_1)
   0.4910   17.2039 v core/int_issue_unit/slots_5/_0763_/Y (sky130_fd_sc_hd__o21ai_0)
   0.4726   17.6764 ^ core/int_issue_unit/slots_5/_0766_/Y (sky130_fd_sc_hd__nor4_1)
   0.1073   17.7837 v core/int_issue_unit/slots_5/_0767_/Y (sky130_fd_sc_hd__nand3_1)
   0.1862   17.9699 v core/int_issue_unit/slots_5/_0791_/X (sky130_fd_sc_hd__and4_1)
   0.1253   18.0953 ^ core/int_issue_unit/slots_5/_0792_/Y (sky130_fd_sc_hd__a21oi_1)
   0.0035   18.0987 ^ core/int_issue_unit/slots_5/_0980_/D (sky130_fd_sc_hd__dfxtp_1)
            18.0987   data arrival time

  20.0000   20.0000   clock clock (rise edge)
   0.0000   20.0000   clock network delay (ideal)
   0.0000   20.0000   clock reconvergence pessimism
            20.0000 ^ core/int_issue_unit/slots_5/_0980_/CLK (sky130_fd_sc_hd__dfxtp_1)
  -0.0722   19.9278   library setup time
            19.9278   data required time
-------------------------------------------------------------
            19.9278   data required time
           -18.0987   data arrival time
-------------------------------------------------------------
             1.8291   slack (MET)


Startpoint: core/_4005_ (rising edge-triggered flip-flop clocked by clock)
Endpoint: core/int_issue_unit/slots_6/_0980_
          (rising edge-triggered flip-flop clocked by clock)
Path Group: clock
Path Type: max

    Delay      Time   Description
-------------------------------------------------------------
   0.0000    0.0000   clock clock (rise edge)
   0.0000    0.0000   clock network delay (ideal)
   0.0000    0.0000 ^ core/_4005_/CLK (sky130_fd_sc_hd__dfxtp_1)
   0.3332    0.3332 ^ core/_4005_/Q (sky130_fd_sc_hd__dfxtp_1)
   0.3006    0.6338 ^ core/_1893_/Y (sky130_fd_sc_hd__nor3b_1)
   0.1036    0.7374 v core/_1894_/Y (sky130_fd_sc_hd__nand2_1)
   4.7155    5.4530 ^ core/_1919_/Y (sky130_fd_sc_hd__o21ai_0)
   0.7629    6.2158 ^ lsu/_64242_/X (sky130_fd_sc_hd__buf_4)
   0.1194    6.3353 v dcache/_2795_/Y (sky130_fd_sc_hd__a22oi_1)
   0.2227    6.5580 v dcache/_2796_/X (sky130_fd_sc_hd__and4_1)
   0.0821    6.6402 ^ dcache/_2797_/Y (sky130_fd_sc_hd__nand2_1)
   0.0867    6.7268 v dcache/_2803_/Y (sky130_fd_sc_hd__nor4_1)
   0.0795    6.8064 ^ dcache/mshrs/_0615_/Y (sky130_fd_sc_hd__inv_1)
   0.0587    6.8651 v dcache/mshrs/_0616_/Y (sky130_fd_sc_hd__nor2_1)
   0.1498    7.0149 v dcache/mshrs/_0617_/Y (sky130_fd_sc_hd__a21boi_0)
   0.2381    7.2530 v dcache/mshrs/_0618_/X (sky130_fd_sc_hd__lpflow_inputiso0n_1)
   0.1857    7.4387 ^ dcache/mshrs/_0752_/Y (sky130_fd_sc_hd__a31oi_1)
   0.0689    7.5076 v dcache/mshrs/_0755_/Y (sky130_fd_sc_hd__nand2_1)
   0.2141    7.7217 v dcache/mshrs/_0756_/X (sky130_fd_sc_hd__a22o_1)
   0.1258    7.8475 v dcache/_2807_/X (sky130_fd_sc_hd__lpflow_isobufsrc_1)
   0.3604    8.2079 ^ dcache/_2808_/Y (sky130_fd_sc_hd__a2111oi_0)
   0.1294    8.3373 v dcache/_2809_/Y (sky130_fd_sc_hd__a311oi_1)
   0.1535    8.4908 ^ dcache/_2810_/X (sky130_fd_sc_hd__lpflow_isobufsrc_1)
   0.0805    8.5713 v dcache/_2812_/Y (sky130_fd_sc_hd__nor3_1)
   0.2226    8.7939 v dcache/_3359_/X (sky130_fd_sc_hd__lpflow_clkbufkapwr_1)
   0.3803    9.1742 v dcache/_3363_/X (sky130_fd_sc_hd__mux2_2)
   0.1967    9.3709 v lsu/_29300_/Y (sky130_fd_sc_hd__nand2b_1)
   0.5002    9.8711 ^ lsu/_29301_/Y (sky130_fd_sc_hd__nor3_1)
   0.2162   10.0873 ^ lsu/_29516_/X (sky130_fd_sc_hd__a22o_1)
   0.0473   10.1346 v lsu/_29517_/Y (sky130_fd_sc_hd__a221oi_1)
   0.2270   10.3616 v lsu/_29518_/X (sky130_fd_sc_hd__and4_1)
   0.0935   10.4551 ^ lsu/_29519_/Y (sky130_fd_sc_hd__nand3_1)
   0.0851   10.5402 v lsu/_29520_/Y (sky130_fd_sc_hd__nand2_1)
   0.0580   10.5981 ^ lsu/_40488_/Y (sky130_fd_sc_hd__nand2_1)
   0.1156   10.7137 v lsu/_40489_/Y (sky130_fd_sc_hd__o21ai_0)
   0.1764   10.8902 v core/memExeUnit/_191_/X (sky130_fd_sc_hd__buf_4)
   0.1819   11.0721 v core/ll_wbarb/_009_/X (sky130_fd_sc_hd__clkbuf_1)
   0.2456   11.3177 v core/ll_wbarb/_010_/X (sky130_fd_sc_hd__clkbuf_1)
   0.0813   11.3990 ^ core/ll_wbarb/_099_/Y (sky130_fd_sc_hd__inv_1)
   0.1445   11.5435 ^ core/FpPipeline/_2061_/X (sky130_fd_sc_hd__lpflow_inputiso0n_1)
   0.0722   11.6158 v core/FpPipeline/_2071_/Y (sky130_fd_sc_hd__nand2_1)
   0.0986   11.7143 ^ core/FpPipeline/_2073_/Y (sky130_fd_sc_hd__a21oi_1)
   0.1152   11.8295 ^ core/ll_wbarb/_100_/X (sky130_fd_sc_hd__or2_2)
   4.8833   16.7129 ^ core/_3793_/Y (sky130_fd_sc_hd__nor3b_1)
   0.4910   17.2039 v core/int_issue_unit/slots_6/_0763_/Y (sky130_fd_sc_hd__o21ai_0)
   0.4726   17.6764 ^ core/int_issue_unit/slots_6/_0766_/Y (sky130_fd_sc_hd__nor4_1)
   0.1073   17.7837 v core/int_issue_unit/slots_6/_0767_/Y (sky130_fd_sc_hd__nand3_1)
   0.1862   17.9699 v core/int_issue_unit/slots_6/_0791_/X (sky130_fd_sc_hd__and4_1)
   0.1253   18.0953 ^ core/int_issue_unit/slots_6/_0792_/Y (sky130_fd_sc_hd__a21oi_1)
   0.0035   18.0987 ^ core/int_issue_unit/slots_6/_0980_/D (sky130_fd_sc_hd__dfxtp_1)
            18.0987   data arrival time

  20.0000   20.0000   clock clock (rise edge)
   0.0000   20.0000   clock network delay (ideal)
   0.0000   20.0000   clock reconvergence pessimism
            20.0000 ^ core/int_issue_unit/slots_6/_0980_/CLK (sky130_fd_sc_hd__dfxtp_1)
  -0.0722   19.9278   library setup time
            19.9278   data required time
-------------------------------------------------------------
            19.9278   data required time
           -18.0987   data arrival time
-------------------------------------------------------------
             1.8291   slack (MET)


Startpoint: core/_4005_ (rising edge-triggered flip-flop clocked by clock)
Endpoint: core/int_issue_unit/slots_7/_0980_
          (rising edge-triggered flip-flop clocked by clock)
Path Group: clock
Path Type: max

    Delay      Time   Description
-------------------------------------------------------------
   0.0000    0.0000   clock clock (rise edge)
   0.0000    0.0000   clock network delay (ideal)
   0.0000    0.0000 ^ core/_4005_/CLK (sky130_fd_sc_hd__dfxtp_1)
   0.3332    0.3332 ^ core/_4005_/Q (sky130_fd_sc_hd__dfxtp_1)
   0.3006    0.6338 ^ core/_1893_/Y (sky130_fd_sc_hd__nor3b_1)
   0.1036    0.7374 v core/_1894_/Y (sky130_fd_sc_hd__nand2_1)
   4.7155    5.4530 ^ core/_1919_/Y (sky130_fd_sc_hd__o21ai_0)
   0.7629    6.2158 ^ lsu/_64242_/X (sky130_fd_sc_hd__buf_4)
   0.1194    6.3353 v dcache/_2795_/Y (sky130_fd_sc_hd__a22oi_1)
   0.2227    6.5580 v dcache/_2796_/X (sky130_fd_sc_hd__and4_1)
   0.0821    6.6402 ^ dcache/_2797_/Y (sky130_fd_sc_hd__nand2_1)
   0.0867    6.7268 v dcache/_2803_/Y (sky130_fd_sc_hd__nor4_1)
   0.0795    6.8064 ^ dcache/mshrs/_0615_/Y (sky130_fd_sc_hd__inv_1)
   0.0587    6.8651 v dcache/mshrs/_0616_/Y (sky130_fd_sc_hd__nor2_1)
   0.1498    7.0149 v dcache/mshrs/_0617_/Y (sky130_fd_sc_hd__a21boi_0)
   0.2381    7.2530 v dcache/mshrs/_0618_/X (sky130_fd_sc_hd__lpflow_inputiso0n_1)
   0.1857    7.4387 ^ dcache/mshrs/_0752_/Y (sky130_fd_sc_hd__a31oi_1)
   0.0689    7.5076 v dcache/mshrs/_0755_/Y (sky130_fd_sc_hd__nand2_1)
   0.2141    7.7217 v dcache/mshrs/_0756_/X (sky130_fd_sc_hd__a22o_1)
   0.1258    7.8475 v dcache/_2807_/X (sky130_fd_sc_hd__lpflow_isobufsrc_1)
   0.3604    8.2079 ^ dcache/_2808_/Y (sky130_fd_sc_hd__a2111oi_0)
   0.1294    8.3373 v dcache/_2809_/Y (sky130_fd_sc_hd__a311oi_1)
   0.1535    8.4908 ^ dcache/_2810_/X (sky130_fd_sc_hd__lpflow_isobufsrc_1)
   0.0805    8.5713 v dcache/_2812_/Y (sky130_fd_sc_hd__nor3_1)
   0.2226    8.7939 v dcache/_3359_/X (sky130_fd_sc_hd__lpflow_clkbufkapwr_1)
   0.3803    9.1742 v dcache/_3363_/X (sky130_fd_sc_hd__mux2_2)
   0.1967    9.3709 v lsu/_29300_/Y (sky130_fd_sc_hd__nand2b_1)
   0.5002    9.8711 ^ lsu/_29301_/Y (sky130_fd_sc_hd__nor3_1)
   0.2162   10.0873 ^ lsu/_29516_/X (sky130_fd_sc_hd__a22o_1)
   0.0473   10.1346 v lsu/_29517_/Y (sky130_fd_sc_hd__a221oi_1)
   0.2270   10.3616 v lsu/_29518_/X (sky130_fd_sc_hd__and4_1)
   0.0935   10.4551 ^ lsu/_29519_/Y (sky130_fd_sc_hd__nand3_1)
   0.0851   10.5402 v lsu/_29520_/Y (sky130_fd_sc_hd__nand2_1)
   0.0580   10.5981 ^ lsu/_40488_/Y (sky130_fd_sc_hd__nand2_1)
   0.1156   10.7137 v lsu/_40489_/Y (sky130_fd_sc_hd__o21ai_0)
   0.1764   10.8902 v core/memExeUnit/_191_/X (sky130_fd_sc_hd__buf_4)
   0.1819   11.0721 v core/ll_wbarb/_009_/X (sky130_fd_sc_hd__clkbuf_1)
   0.2456   11.3177 v core/ll_wbarb/_010_/X (sky130_fd_sc_hd__clkbuf_1)
   0.0813   11.3990 ^ core/ll_wbarb/_099_/Y (sky130_fd_sc_hd__inv_1)
   0.1445   11.5435 ^ core/FpPipeline/_2061_/X (sky130_fd_sc_hd__lpflow_inputiso0n_1)
   0.0722   11.6158 v core/FpPipeline/_2071_/Y (sky130_fd_sc_hd__nand2_1)
   0.0986   11.7143 ^ core/FpPipeline/_2073_/Y (sky130_fd_sc_hd__a21oi_1)
   0.1152   11.8295 ^ core/ll_wbarb/_100_/X (sky130_fd_sc_hd__or2_2)
   4.8833   16.7129 ^ core/_3793_/Y (sky130_fd_sc_hd__nor3b_1)
   0.4910   17.2039 v core/int_issue_unit/slots_7/_0763_/Y (sky130_fd_sc_hd__o21ai_0)
   0.4726   17.6764 ^ core/int_issue_unit/slots_7/_0766_/Y (sky130_fd_sc_hd__nor4_1)
   0.1073   17.7837 v core/int_issue_unit/slots_7/_0767_/Y (sky130_fd_sc_hd__nand3_1)
   0.1862   17.9699 v core/int_issue_unit/slots_7/_0791_/X (sky130_fd_sc_hd__and4_1)
   0.1253   18.0953 ^ core/int_issue_unit/slots_7/_0792_/Y (sky130_fd_sc_hd__a21oi_1)
   0.0035   18.0987 ^ core/int_issue_unit/slots_7/_0980_/D (sky130_fd_sc_hd__dfxtp_1)
            18.0987   data arrival time

  20.0000   20.0000   clock clock (rise edge)
   0.0000   20.0000   clock network delay (ideal)
   0.0000   20.0000   clock reconvergence pessimism
            20.0000 ^ core/int_issue_unit/slots_7/_0980_/CLK (sky130_fd_sc_hd__dfxtp_1)
  -0.0722   19.9278   library setup time
            19.9278   data required time
-------------------------------------------------------------
            19.9278   data required time
           -18.0987   data arrival time
-------------------------------------------------------------
             1.8291   slack (MET)


Startpoint: core/_4005_ (rising edge-triggered flip-flop clocked by clock)
Endpoint: core/int_issue_unit/slots_8/_0980_
          (rising edge-triggered flip-flop clocked by clock)
Path Group: clock
Path Type: max

    Delay      Time   Description
-------------------------------------------------------------
   0.0000    0.0000   clock clock (rise edge)
   0.0000    0.0000   clock network delay (ideal)
   0.0000    0.0000 ^ core/_4005_/CLK (sky130_fd_sc_hd__dfxtp_1)
   0.3332    0.3332 ^ core/_4005_/Q (sky130_fd_sc_hd__dfxtp_1)
   0.3006    0.6338 ^ core/_1893_/Y (sky130_fd_sc_hd__nor3b_1)
   0.1036    0.7374 v core/_1894_/Y (sky130_fd_sc_hd__nand2_1)
   4.7155    5.4530 ^ core/_1919_/Y (sky130_fd_sc_hd__o21ai_0)
   0.7629    6.2158 ^ lsu/_64242_/X (sky130_fd_sc_hd__buf_4)
   0.1194    6.3353 v dcache/_2795_/Y (sky130_fd_sc_hd__a22oi_1)
   0.2227    6.5580 v dcache/_2796_/X (sky130_fd_sc_hd__and4_1)
   0.0821    6.6402 ^ dcache/_2797_/Y (sky130_fd_sc_hd__nand2_1)
   0.0867    6.7268 v dcache/_2803_/Y (sky130_fd_sc_hd__nor4_1)
   0.0795    6.8064 ^ dcache/mshrs/_0615_/Y (sky130_fd_sc_hd__inv_1)
   0.0587    6.8651 v dcache/mshrs/_0616_/Y (sky130_fd_sc_hd__nor2_1)
   0.1498    7.0149 v dcache/mshrs/_0617_/Y (sky130_fd_sc_hd__a21boi_0)
   0.2381    7.2530 v dcache/mshrs/_0618_/X (sky130_fd_sc_hd__lpflow_inputiso0n_1)
   0.1857    7.4387 ^ dcache/mshrs/_0752_/Y (sky130_fd_sc_hd__a31oi_1)
   0.0689    7.5076 v dcache/mshrs/_0755_/Y (sky130_fd_sc_hd__nand2_1)
   0.2141    7.7217 v dcache/mshrs/_0756_/X (sky130_fd_sc_hd__a22o_1)
   0.1258    7.8475 v dcache/_2807_/X (sky130_fd_sc_hd__lpflow_isobufsrc_1)
   0.3604    8.2079 ^ dcache/_2808_/Y (sky130_fd_sc_hd__a2111oi_0)
   0.1294    8.3373 v dcache/_2809_/Y (sky130_fd_sc_hd__a311oi_1)
   0.1535    8.4908 ^ dcache/_2810_/X (sky130_fd_sc_hd__lpflow_isobufsrc_1)
   0.0805    8.5713 v dcache/_2812_/Y (sky130_fd_sc_hd__nor3_1)
   0.2226    8.7939 v dcache/_3359_/X (sky130_fd_sc_hd__lpflow_clkbufkapwr_1)
   0.3803    9.1742 v dcache/_3363_/X (sky130_fd_sc_hd__mux2_2)
   0.1967    9.3709 v lsu/_29300_/Y (sky130_fd_sc_hd__nand2b_1)
   0.5002    9.8711 ^ lsu/_29301_/Y (sky130_fd_sc_hd__nor3_1)
   0.2162   10.0873 ^ lsu/_29516_/X (sky130_fd_sc_hd__a22o_1)
   0.0473   10.1346 v lsu/_29517_/Y (sky130_fd_sc_hd__a221oi_1)
   0.2270   10.3616 v lsu/_29518_/X (sky130_fd_sc_hd__and4_1)
   0.0935   10.4551 ^ lsu/_29519_/Y (sky130_fd_sc_hd__nand3_1)
   0.0851   10.5402 v lsu/_29520_/Y (sky130_fd_sc_hd__nand2_1)
   0.0580   10.5981 ^ lsu/_40488_/Y (sky130_fd_sc_hd__nand2_1)
   0.1156   10.7137 v lsu/_40489_/Y (sky130_fd_sc_hd__o21ai_0)
   0.1764   10.8902 v core/memExeUnit/_191_/X (sky130_fd_sc_hd__buf_4)
   0.1819   11.0721 v core/ll_wbarb/_009_/X (sky130_fd_sc_hd__clkbuf_1)
   0.2456   11.3177 v core/ll_wbarb/_010_/X (sky130_fd_sc_hd__clkbuf_1)
   0.0813   11.3990 ^ core/ll_wbarb/_099_/Y (sky130_fd_sc_hd__inv_1)
   0.1445   11.5435 ^ core/FpPipeline/_2061_/X (sky130_fd_sc_hd__lpflow_inputiso0n_1)
   0.0722   11.6158 v core/FpPipeline/_2071_/Y (sky130_fd_sc_hd__nand2_1)
   0.0986   11.7143 ^ core/FpPipeline/_2073_/Y (sky130_fd_sc_hd__a21oi_1)
   0.1152   11.8295 ^ core/ll_wbarb/_100_/X (sky130_fd_sc_hd__or2_2)
   4.8833   16.7129 ^ core/_3793_/Y (sky130_fd_sc_hd__nor3b_1)
   0.4910   17.2039 v core/int_issue_unit/slots_8/_0763_/Y (sky130_fd_sc_hd__o21ai_0)
   0.4726   17.6764 ^ core/int_issue_unit/slots_8/_0766_/Y (sky130_fd_sc_hd__nor4_1)
   0.1073   17.7837 v core/int_issue_unit/slots_8/_0767_/Y (sky130_fd_sc_hd__nand3_1)
   0.1862   17.9699 v core/int_issue_unit/slots_8/_0791_/X (sky130_fd_sc_hd__and4_1)
   0.1253   18.0953 ^ core/int_issue_unit/slots_8/_0792_/Y (sky130_fd_sc_hd__a21oi_1)
   0.0035   18.0987 ^ core/int_issue_unit/slots_8/_0980_/D (sky130_fd_sc_hd__dfxtp_1)
            18.0987   data arrival time

  20.0000   20.0000   clock clock (rise edge)
   0.0000   20.0000   clock network delay (ideal)
   0.0000   20.0000   clock reconvergence pessimism
            20.0000 ^ core/int_issue_unit/slots_8/_0980_/CLK (sky130_fd_sc_hd__dfxtp_1)
  -0.0722   19.9278   library setup time
            19.9278   data required time
-------------------------------------------------------------
            19.9278   data required time
           -18.0987   data arrival time
-------------------------------------------------------------
             1.8291   slack (MET)


Startpoint: core/_4005_ (rising edge-triggered flip-flop clocked by clock)
Endpoint: core/int_issue_unit/slots_9/_0980_
          (rising edge-triggered flip-flop clocked by clock)
Path Group: clock
Path Type: max

    Delay      Time   Description
-------------------------------------------------------------
   0.0000    0.0000   clock clock (rise edge)
   0.0000    0.0000   clock network delay (ideal)
   0.0000    0.0000 ^ core/_4005_/CLK (sky130_fd_sc_hd__dfxtp_1)
   0.3332    0.3332 ^ core/_4005_/Q (sky130_fd_sc_hd__dfxtp_1)
   0.3006    0.6338 ^ core/_1893_/Y (sky130_fd_sc_hd__nor3b_1)
   0.1036    0.7374 v core/_1894_/Y (sky130_fd_sc_hd__nand2_1)
   4.7155    5.4530 ^ core/_1919_/Y (sky130_fd_sc_hd__o21ai_0)
   0.7629    6.2158 ^ lsu/_64242_/X (sky130_fd_sc_hd__buf_4)
   0.1194    6.3353 v dcache/_2795_/Y (sky130_fd_sc_hd__a22oi_1)
   0.2227    6.5580 v dcache/_2796_/X (sky130_fd_sc_hd__and4_1)
   0.0821    6.6402 ^ dcache/_2797_/Y (sky130_fd_sc_hd__nand2_1)
   0.0867    6.7268 v dcache/_2803_/Y (sky130_fd_sc_hd__nor4_1)
   0.0795    6.8064 ^ dcache/mshrs/_0615_/Y (sky130_fd_sc_hd__inv_1)
   0.0587    6.8651 v dcache/mshrs/_0616_/Y (sky130_fd_sc_hd__nor2_1)
   0.1498    7.0149 v dcache/mshrs/_0617_/Y (sky130_fd_sc_hd__a21boi_0)
   0.2381    7.2530 v dcache/mshrs/_0618_/X (sky130_fd_sc_hd__lpflow_inputiso0n_1)
   0.1857    7.4387 ^ dcache/mshrs/_0752_/Y (sky130_fd_sc_hd__a31oi_1)
   0.0689    7.5076 v dcache/mshrs/_0755_/Y (sky130_fd_sc_hd__nand2_1)
   0.2141    7.7217 v dcache/mshrs/_0756_/X (sky130_fd_sc_hd__a22o_1)
   0.1258    7.8475 v dcache/_2807_/X (sky130_fd_sc_hd__lpflow_isobufsrc_1)
   0.3604    8.2079 ^ dcache/_2808_/Y (sky130_fd_sc_hd__a2111oi_0)
   0.1294    8.3373 v dcache/_2809_/Y (sky130_fd_sc_hd__a311oi_1)
   0.1535    8.4908 ^ dcache/_2810_/X (sky130_fd_sc_hd__lpflow_isobufsrc_1)
   0.0805    8.5713 v dcache/_2812_/Y (sky130_fd_sc_hd__nor3_1)
   0.2226    8.7939 v dcache/_3359_/X (sky130_fd_sc_hd__lpflow_clkbufkapwr_1)
   0.3803    9.1742 v dcache/_3363_/X (sky130_fd_sc_hd__mux2_2)
   0.1967    9.3709 v lsu/_29300_/Y (sky130_fd_sc_hd__nand2b_1)
   0.5002    9.8711 ^ lsu/_29301_/Y (sky130_fd_sc_hd__nor3_1)
   0.2162   10.0873 ^ lsu/_29516_/X (sky130_fd_sc_hd__a22o_1)
   0.0473   10.1346 v lsu/_29517_/Y (sky130_fd_sc_hd__a221oi_1)
   0.2270   10.3616 v lsu/_29518_/X (sky130_fd_sc_hd__and4_1)
   0.0935   10.4551 ^ lsu/_29519_/Y (sky130_fd_sc_hd__nand3_1)
   0.0851   10.5402 v lsu/_29520_/Y (sky130_fd_sc_hd__nand2_1)
   0.0580   10.5981 ^ lsu/_40488_/Y (sky130_fd_sc_hd__nand2_1)
   0.1156   10.7137 v lsu/_40489_/Y (sky130_fd_sc_hd__o21ai_0)
   0.1764   10.8902 v core/memExeUnit/_191_/X (sky130_fd_sc_hd__buf_4)
   0.1819   11.0721 v core/ll_wbarb/_009_/X (sky130_fd_sc_hd__clkbuf_1)
   0.2456   11.3177 v core/ll_wbarb/_010_/X (sky130_fd_sc_hd__clkbuf_1)
   0.0813   11.3990 ^ core/ll_wbarb/_099_/Y (sky130_fd_sc_hd__inv_1)
   0.1445   11.5435 ^ core/FpPipeline/_2061_/X (sky130_fd_sc_hd__lpflow_inputiso0n_1)
   0.0722   11.6158 v core/FpPipeline/_2071_/Y (sky130_fd_sc_hd__nand2_1)
   0.0986   11.7143 ^ core/FpPipeline/_2073_/Y (sky130_fd_sc_hd__a21oi_1)
   0.1152   11.8295 ^ core/ll_wbarb/_100_/X (sky130_fd_sc_hd__or2_2)
   4.8833   16.7129 ^ core/_3793_/Y (sky130_fd_sc_hd__nor3b_1)
   0.4910   17.2039 v core/int_issue_unit/slots_9/_0763_/Y (sky130_fd_sc_hd__o21ai_0)
   0.4726   17.6764 ^ core/int_issue_unit/slots_9/_0766_/Y (sky130_fd_sc_hd__nor4_1)
   0.1073   17.7837 v core/int_issue_unit/slots_9/_0767_/Y (sky130_fd_sc_hd__nand3_1)
   0.1862   17.9699 v core/int_issue_unit/slots_9/_0791_/X (sky130_fd_sc_hd__and4_1)
   0.1253   18.0953 ^ core/int_issue_unit/slots_9/_0792_/Y (sky130_fd_sc_hd__a21oi_1)
   0.0035   18.0987 ^ core/int_issue_unit/slots_9/_0980_/D (sky130_fd_sc_hd__dfxtp_1)
            18.0987   data arrival time

  20.0000   20.0000   clock clock (rise edge)
   0.0000   20.0000   clock network delay (ideal)
   0.0000   20.0000   clock reconvergence pessimism
            20.0000 ^ core/int_issue_unit/slots_9/_0980_/CLK (sky130_fd_sc_hd__dfxtp_1)
  -0.0722   19.9278   library setup time
            19.9278   data required time
-------------------------------------------------------------
            19.9278   data required time
           -18.0987   data arrival time
-------------------------------------------------------------
             1.8291   slack (MET)


Startpoint: core/_4005_ (rising edge-triggered flip-flop clocked by clock)
Endpoint: core/mem_issue_unit/slots_0/_0980_
          (rising edge-triggered flip-flop clocked by clock)
Path Group: clock
Path Type: max

    Delay      Time   Description
-------------------------------------------------------------
   0.0000    0.0000   clock clock (rise edge)
   0.0000    0.0000   clock network delay (ideal)
   0.0000    0.0000 ^ core/_4005_/CLK (sky130_fd_sc_hd__dfxtp_1)
   0.3332    0.3332 ^ core/_4005_/Q (sky130_fd_sc_hd__dfxtp_1)
   0.3006    0.6338 ^ core/_1893_/Y (sky130_fd_sc_hd__nor3b_1)
   0.1036    0.7374 v core/_1894_/Y (sky130_fd_sc_hd__nand2_1)
   4.7155    5.4530 ^ core/_1919_/Y (sky130_fd_sc_hd__o21ai_0)
   0.7629    6.2158 ^ lsu/_64242_/X (sky130_fd_sc_hd__buf_4)
   0.1194    6.3353 v dcache/_2795_/Y (sky130_fd_sc_hd__a22oi_1)
   0.2227    6.5580 v dcache/_2796_/X (sky130_fd_sc_hd__and4_1)
   0.0821    6.6402 ^ dcache/_2797_/Y (sky130_fd_sc_hd__nand2_1)
   0.0867    6.7268 v dcache/_2803_/Y (sky130_fd_sc_hd__nor4_1)
   0.0795    6.8064 ^ dcache/mshrs/_0615_/Y (sky130_fd_sc_hd__inv_1)
   0.0587    6.8651 v dcache/mshrs/_0616_/Y (sky130_fd_sc_hd__nor2_1)
   0.1498    7.0149 v dcache/mshrs/_0617_/Y (sky130_fd_sc_hd__a21boi_0)
   0.2381    7.2530 v dcache/mshrs/_0618_/X (sky130_fd_sc_hd__lpflow_inputiso0n_1)
   0.1857    7.4387 ^ dcache/mshrs/_0752_/Y (sky130_fd_sc_hd__a31oi_1)
   0.0689    7.5076 v dcache/mshrs/_0755_/Y (sky130_fd_sc_hd__nand2_1)
   0.2141    7.7217 v dcache/mshrs/_0756_/X (sky130_fd_sc_hd__a22o_1)
   0.1258    7.8475 v dcache/_2807_/X (sky130_fd_sc_hd__lpflow_isobufsrc_1)
   0.3604    8.2079 ^ dcache/_2808_/Y (sky130_fd_sc_hd__a2111oi_0)
   0.1294    8.3373 v dcache/_2809_/Y (sky130_fd_sc_hd__a311oi_1)
   0.1535    8.4908 ^ dcache/_2810_/X (sky130_fd_sc_hd__lpflow_isobufsrc_1)
   0.0805    8.5713 v dcache/_2812_/Y (sky130_fd_sc_hd__nor3_1)
   0.2226    8.7939 v dcache/_3359_/X (sky130_fd_sc_hd__lpflow_clkbufkapwr_1)
   0.3803    9.1742 v dcache/_3363_/X (sky130_fd_sc_hd__mux2_2)
   0.1967    9.3709 v lsu/_29300_/Y (sky130_fd_sc_hd__nand2b_1)
   0.5002    9.8711 ^ lsu/_29301_/Y (sky130_fd_sc_hd__nor3_1)
   0.2162   10.0873 ^ lsu/_29516_/X (sky130_fd_sc_hd__a22o_1)
   0.0473   10.1346 v lsu/_29517_/Y (sky130_fd_sc_hd__a221oi_1)
   0.2270   10.3616 v lsu/_29518_/X (sky130_fd_sc_hd__and4_1)
   0.0935   10.4551 ^ lsu/_29519_/Y (sky130_fd_sc_hd__nand3_1)
   0.0851   10.5402 v lsu/_29520_/Y (sky130_fd_sc_hd__nand2_1)
   0.0580   10.5981 ^ lsu/_40488_/Y (sky130_fd_sc_hd__nand2_1)
   0.1156   10.7137 v lsu/_40489_/Y (sky130_fd_sc_hd__o21ai_0)
   0.1764   10.8902 v core/memExeUnit/_191_/X (sky130_fd_sc_hd__buf_4)
   0.1819   11.0721 v core/ll_wbarb/_009_/X (sky130_fd_sc_hd__clkbuf_1)
   0.2456   11.3177 v core/ll_wbarb/_010_/X (sky130_fd_sc_hd__clkbuf_1)
   0.0813   11.3990 ^ core/ll_wbarb/_099_/Y (sky130_fd_sc_hd__inv_1)
   0.1445   11.5435 ^ core/FpPipeline/_2061_/X (sky130_fd_sc_hd__lpflow_inputiso0n_1)
   0.0722   11.6158 v core/FpPipeline/_2071_/Y (sky130_fd_sc_hd__nand2_1)
   0.0986   11.7143 ^ core/FpPipeline/_2073_/Y (sky130_fd_sc_hd__a21oi_1)
   0.1152   11.8295 ^ core/ll_wbarb/_100_/X (sky130_fd_sc_hd__or2_2)
   4.8833   16.7129 ^ core/_3793_/Y (sky130_fd_sc_hd__nor3b_1)
   0.4910   17.2039 v core/mem_issue_unit/slots_0/_0763_/Y (sky130_fd_sc_hd__o21ai_0)
   0.4726   17.6764 ^ core/mem_issue_unit/slots_0/_0766_/Y (sky130_fd_sc_hd__nor4_1)
   0.1073   17.7837 v core/mem_issue_unit/slots_0/_0767_/Y (sky130_fd_sc_hd__nand3_1)
   0.1862   17.9699 v core/mem_issue_unit/slots_0/_0791_/X (sky130_fd_sc_hd__and4_1)
   0.1253   18.0953 ^ core/mem_issue_unit/slots_0/_0792_/Y (sky130_fd_sc_hd__a21oi_1)
   0.0035   18.0987 ^ core/mem_issue_unit/slots_0/_0980_/D (sky130_fd_sc_hd__dfxtp_1)
            18.0987   data arrival time

  20.0000   20.0000   clock clock (rise edge)
   0.0000   20.0000   clock network delay (ideal)
   0.0000   20.0000   clock reconvergence pessimism
            20.0000 ^ core/mem_issue_unit/slots_0/_0980_/CLK (sky130_fd_sc_hd__dfxtp_1)
  -0.0722   19.9278   library setup time
            19.9278   data required time
-------------------------------------------------------------
            19.9278   data required time
           -18.0987   data arrival time
-------------------------------------------------------------
             1.8291   slack (MET)


Startpoint: core/_4005_ (rising edge-triggered flip-flop clocked by clock)
Endpoint: core/mem_issue_unit/slots_1/_0980_
          (rising edge-triggered flip-flop clocked by clock)
Path Group: clock
Path Type: max

    Delay      Time   Description
-------------------------------------------------------------
   0.0000    0.0000   clock clock (rise edge)
   0.0000    0.0000   clock network delay (ideal)
   0.0000    0.0000 ^ core/_4005_/CLK (sky130_fd_sc_hd__dfxtp_1)
   0.3332    0.3332 ^ core/_4005_/Q (sky130_fd_sc_hd__dfxtp_1)
   0.3006    0.6338 ^ core/_1893_/Y (sky130_fd_sc_hd__nor3b_1)
   0.1036    0.7374 v core/_1894_/Y (sky130_fd_sc_hd__nand2_1)
   4.7155    5.4530 ^ core/_1919_/Y (sky130_fd_sc_hd__o21ai_0)
   0.7629    6.2158 ^ lsu/_64242_/X (sky130_fd_sc_hd__buf_4)
   0.1194    6.3353 v dcache/_2795_/Y (sky130_fd_sc_hd__a22oi_1)
   0.2227    6.5580 v dcache/_2796_/X (sky130_fd_sc_hd__and4_1)
   0.0821    6.6402 ^ dcache/_2797_/Y (sky130_fd_sc_hd__nand2_1)
   0.0867    6.7268 v dcache/_2803_/Y (sky130_fd_sc_hd__nor4_1)
   0.0795    6.8064 ^ dcache/mshrs/_0615_/Y (sky130_fd_sc_hd__inv_1)
   0.0587    6.8651 v dcache/mshrs/_0616_/Y (sky130_fd_sc_hd__nor2_1)
   0.1498    7.0149 v dcache/mshrs/_0617_/Y (sky130_fd_sc_hd__a21boi_0)
   0.2381    7.2530 v dcache/mshrs/_0618_/X (sky130_fd_sc_hd__lpflow_inputiso0n_1)
   0.1857    7.4387 ^ dcache/mshrs/_0752_/Y (sky130_fd_sc_hd__a31oi_1)
   0.0689    7.5076 v dcache/mshrs/_0755_/Y (sky130_fd_sc_hd__nand2_1)
   0.2141    7.7217 v dcache/mshrs/_0756_/X (sky130_fd_sc_hd__a22o_1)
   0.1258    7.8475 v dcache/_2807_/X (sky130_fd_sc_hd__lpflow_isobufsrc_1)
   0.3604    8.2079 ^ dcache/_2808_/Y (sky130_fd_sc_hd__a2111oi_0)
   0.1294    8.3373 v dcache/_2809_/Y (sky130_fd_sc_hd__a311oi_1)
   0.1535    8.4908 ^ dcache/_2810_/X (sky130_fd_sc_hd__lpflow_isobufsrc_1)
   0.0805    8.5713 v dcache/_2812_/Y (sky130_fd_sc_hd__nor3_1)
   0.2226    8.7939 v dcache/_3359_/X (sky130_fd_sc_hd__lpflow_clkbufkapwr_1)
   0.3803    9.1742 v dcache/_3363_/X (sky130_fd_sc_hd__mux2_2)
   0.1967    9.3709 v lsu/_29300_/Y (sky130_fd_sc_hd__nand2b_1)
   0.5002    9.8711 ^ lsu/_29301_/Y (sky130_fd_sc_hd__nor3_1)
   0.2162   10.0873 ^ lsu/_29516_/X (sky130_fd_sc_hd__a22o_1)
   0.0473   10.1346 v lsu/_29517_/Y (sky130_fd_sc_hd__a221oi_1)
   0.2270   10.3616 v lsu/_29518_/X (sky130_fd_sc_hd__and4_1)
   0.0935   10.4551 ^ lsu/_29519_/Y (sky130_fd_sc_hd__nand3_1)
   0.0851   10.5402 v lsu/_29520_/Y (sky130_fd_sc_hd__nand2_1)
   0.0580   10.5981 ^ lsu/_40488_/Y (sky130_fd_sc_hd__nand2_1)
   0.1156   10.7137 v lsu/_40489_/Y (sky130_fd_sc_hd__o21ai_0)
   0.1764   10.8902 v core/memExeUnit/_191_/X (sky130_fd_sc_hd__buf_4)
   0.1819   11.0721 v core/ll_wbarb/_009_/X (sky130_fd_sc_hd__clkbuf_1)
   0.2456   11.3177 v core/ll_wbarb/_010_/X (sky130_fd_sc_hd__clkbuf_1)
   0.0813   11.3990 ^ core/ll_wbarb/_099_/Y (sky130_fd_sc_hd__inv_1)
   0.1445   11.5435 ^ core/FpPipeline/_2061_/X (sky130_fd_sc_hd__lpflow_inputiso0n_1)
   0.0722   11.6158 v core/FpPipeline/_2071_/Y (sky130_fd_sc_hd__nand2_1)
   0.0986   11.7143 ^ core/FpPipeline/_2073_/Y (sky130_fd_sc_hd__a21oi_1)
   0.1152   11.8295 ^ core/ll_wbarb/_100_/X (sky130_fd_sc_hd__or2_2)
   4.8833   16.7129 ^ core/_3793_/Y (sky130_fd_sc_hd__nor3b_1)
   0.4910   17.2039 v core/mem_issue_unit/slots_1/_0763_/Y (sky130_fd_sc_hd__o21ai_0)
   0.4726   17.6764 ^ core/mem_issue_unit/slots_1/_0766_/Y (sky130_fd_sc_hd__nor4_1)
   0.1073   17.7837 v core/mem_issue_unit/slots_1/_0767_/Y (sky130_fd_sc_hd__nand3_1)
   0.1862   17.9699 v core/mem_issue_unit/slots_1/_0791_/X (sky130_fd_sc_hd__and4_1)
   0.1253   18.0953 ^ core/mem_issue_unit/slots_1/_0792_/Y (sky130_fd_sc_hd__a21oi_1)
   0.0035   18.0987 ^ core/mem_issue_unit/slots_1/_0980_/D (sky130_fd_sc_hd__dfxtp_1)
            18.0987   data arrival time

  20.0000   20.0000   clock clock (rise edge)
   0.0000   20.0000   clock network delay (ideal)
   0.0000   20.0000   clock reconvergence pessimism
            20.0000 ^ core/mem_issue_unit/slots_1/_0980_/CLK (sky130_fd_sc_hd__dfxtp_1)
  -0.0722   19.9278   library setup time
            19.9278   data required time
-------------------------------------------------------------
            19.9278   data required time
           -18.0987   data arrival time
-------------------------------------------------------------
             1.8291   slack (MET)


Startpoint: core/_4005_ (rising edge-triggered flip-flop clocked by clock)
Endpoint: core/mem_issue_unit/slots_10/_0980_
          (rising edge-triggered flip-flop clocked by clock)
Path Group: clock
Path Type: max

    Delay      Time   Description
-------------------------------------------------------------
   0.0000    0.0000   clock clock (rise edge)
   0.0000    0.0000   clock network delay (ideal)
   0.0000    0.0000 ^ core/_4005_/CLK (sky130_fd_sc_hd__dfxtp_1)
   0.3332    0.3332 ^ core/_4005_/Q (sky130_fd_sc_hd__dfxtp_1)
   0.3006    0.6338 ^ core/_1893_/Y (sky130_fd_sc_hd__nor3b_1)
   0.1036    0.7374 v core/_1894_/Y (sky130_fd_sc_hd__nand2_1)
   4.7155    5.4530 ^ core/_1919_/Y (sky130_fd_sc_hd__o21ai_0)
   0.7629    6.2158 ^ lsu/_64242_/X (sky130_fd_sc_hd__buf_4)
   0.1194    6.3353 v dcache/_2795_/Y (sky130_fd_sc_hd__a22oi_1)
   0.2227    6.5580 v dcache/_2796_/X (sky130_fd_sc_hd__and4_1)
   0.0821    6.6402 ^ dcache/_2797_/Y (sky130_fd_sc_hd__nand2_1)
   0.0867    6.7268 v dcache/_2803_/Y (sky130_fd_sc_hd__nor4_1)
   0.0795    6.8064 ^ dcache/mshrs/_0615_/Y (sky130_fd_sc_hd__inv_1)
   0.0587    6.8651 v dcache/mshrs/_0616_/Y (sky130_fd_sc_hd__nor2_1)
   0.1498    7.0149 v dcache/mshrs/_0617_/Y (sky130_fd_sc_hd__a21boi_0)
   0.2381    7.2530 v dcache/mshrs/_0618_/X (sky130_fd_sc_hd__lpflow_inputiso0n_1)
   0.1857    7.4387 ^ dcache/mshrs/_0752_/Y (sky130_fd_sc_hd__a31oi_1)
   0.0689    7.5076 v dcache/mshrs/_0755_/Y (sky130_fd_sc_hd__nand2_1)
   0.2141    7.7217 v dcache/mshrs/_0756_/X (sky130_fd_sc_hd__a22o_1)
   0.1258    7.8475 v dcache/_2807_/X (sky130_fd_sc_hd__lpflow_isobufsrc_1)
   0.3604    8.2079 ^ dcache/_2808_/Y (sky130_fd_sc_hd__a2111oi_0)
   0.1294    8.3373 v dcache/_2809_/Y (sky130_fd_sc_hd__a311oi_1)
   0.1535    8.4908 ^ dcache/_2810_/X (sky130_fd_sc_hd__lpflow_isobufsrc_1)
   0.0805    8.5713 v dcache/_2812_/Y (sky130_fd_sc_hd__nor3_1)
   0.2226    8.7939 v dcache/_3359_/X (sky130_fd_sc_hd__lpflow_clkbufkapwr_1)
   0.3803    9.1742 v dcache/_3363_/X (sky130_fd_sc_hd__mux2_2)
   0.1967    9.3709 v lsu/_29300_/Y (sky130_fd_sc_hd__nand2b_1)
   0.5002    9.8711 ^ lsu/_29301_/Y (sky130_fd_sc_hd__nor3_1)
   0.2162   10.0873 ^ lsu/_29516_/X (sky130_fd_sc_hd__a22o_1)
   0.0473   10.1346 v lsu/_29517_/Y (sky130_fd_sc_hd__a221oi_1)
   0.2270   10.3616 v lsu/_29518_/X (sky130_fd_sc_hd__and4_1)
   0.0935   10.4551 ^ lsu/_29519_/Y (sky130_fd_sc_hd__nand3_1)
   0.0851   10.5402 v lsu/_29520_/Y (sky130_fd_sc_hd__nand2_1)
   0.0580   10.5981 ^ lsu/_40488_/Y (sky130_fd_sc_hd__nand2_1)
   0.1156   10.7137 v lsu/_40489_/Y (sky130_fd_sc_hd__o21ai_0)
   0.1764   10.8902 v core/memExeUnit/_191_/X (sky130_fd_sc_hd__buf_4)
   0.1819   11.0721 v core/ll_wbarb/_009_/X (sky130_fd_sc_hd__clkbuf_1)
   0.2456   11.3177 v core/ll_wbarb/_010_/X (sky130_fd_sc_hd__clkbuf_1)
   0.0813   11.3990 ^ core/ll_wbarb/_099_/Y (sky130_fd_sc_hd__inv_1)
   0.1445   11.5435 ^ core/FpPipeline/_2061_/X (sky130_fd_sc_hd__lpflow_inputiso0n_1)
   0.0722   11.6158 v core/FpPipeline/_2071_/Y (sky130_fd_sc_hd__nand2_1)
   0.0986   11.7143 ^ core/FpPipeline/_2073_/Y (sky130_fd_sc_hd__a21oi_1)
   0.1152   11.8295 ^ core/ll_wbarb/_100_/X (sky130_fd_sc_hd__or2_2)
   4.8833   16.7129 ^ core/_3793_/Y (sky130_fd_sc_hd__nor3b_1)
   0.4910   17.2039 v core/mem_issue_unit/slots_10/_0763_/Y (sky130_fd_sc_hd__o21ai_0)
   0.4726   17.6764 ^ core/mem_issue_unit/slots_10/_0766_/Y (sky130_fd_sc_hd__nor4_1)
   0.1073   17.7837 v core/mem_issue_unit/slots_10/_0767_/Y (sky130_fd_sc_hd__nand3_1)
   0.1862   17.9699 v core/mem_issue_unit/slots_10/_0791_/X (sky130_fd_sc_hd__and4_1)
   0.1253   18.0953 ^ core/mem_issue_unit/slots_10/_0792_/Y (sky130_fd_sc_hd__a21oi_1)
   0.0035   18.0987 ^ core/mem_issue_unit/slots_10/_0980_/D (sky130_fd_sc_hd__dfxtp_1)
            18.0987   data arrival time

  20.0000   20.0000   clock clock (rise edge)
   0.0000   20.0000   clock network delay (ideal)
   0.0000   20.0000   clock reconvergence pessimism
            20.0000 ^ core/mem_issue_unit/slots_10/_0980_/CLK (sky130_fd_sc_hd__dfxtp_1)
  -0.0722   19.9278   library setup time
            19.9278   data required time
-------------------------------------------------------------
            19.9278   data required time
           -18.0987   data arrival time
-------------------------------------------------------------
             1.8291   slack (MET)


Startpoint: core/_4005_ (rising edge-triggered flip-flop clocked by clock)
Endpoint: core/mem_issue_unit/slots_11/_0980_
          (rising edge-triggered flip-flop clocked by clock)
Path Group: clock
Path Type: max

    Delay      Time   Description
-------------------------------------------------------------
   0.0000    0.0000   clock clock (rise edge)
   0.0000    0.0000   clock network delay (ideal)
   0.0000    0.0000 ^ core/_4005_/CLK (sky130_fd_sc_hd__dfxtp_1)
   0.3332    0.3332 ^ core/_4005_/Q (sky130_fd_sc_hd__dfxtp_1)
   0.3006    0.6338 ^ core/_1893_/Y (sky130_fd_sc_hd__nor3b_1)
   0.1036    0.7374 v core/_1894_/Y (sky130_fd_sc_hd__nand2_1)
   4.7155    5.4530 ^ core/_1919_/Y (sky130_fd_sc_hd__o21ai_0)
   0.7629    6.2158 ^ lsu/_64242_/X (sky130_fd_sc_hd__buf_4)
   0.1194    6.3353 v dcache/_2795_/Y (sky130_fd_sc_hd__a22oi_1)
   0.2227    6.5580 v dcache/_2796_/X (sky130_fd_sc_hd__and4_1)
   0.0821    6.6402 ^ dcache/_2797_/Y (sky130_fd_sc_hd__nand2_1)
   0.0867    6.7268 v dcache/_2803_/Y (sky130_fd_sc_hd__nor4_1)
   0.0795    6.8064 ^ dcache/mshrs/_0615_/Y (sky130_fd_sc_hd__inv_1)
   0.0587    6.8651 v dcache/mshrs/_0616_/Y (sky130_fd_sc_hd__nor2_1)
   0.1498    7.0149 v dcache/mshrs/_0617_/Y (sky130_fd_sc_hd__a21boi_0)
   0.2381    7.2530 v dcache/mshrs/_0618_/X (sky130_fd_sc_hd__lpflow_inputiso0n_1)
   0.1857    7.4387 ^ dcache/mshrs/_0752_/Y (sky130_fd_sc_hd__a31oi_1)
   0.0689    7.5076 v dcache/mshrs/_0755_/Y (sky130_fd_sc_hd__nand2_1)
   0.2141    7.7217 v dcache/mshrs/_0756_/X (sky130_fd_sc_hd__a22o_1)
   0.1258    7.8475 v dcache/_2807_/X (sky130_fd_sc_hd__lpflow_isobufsrc_1)
   0.3604    8.2079 ^ dcache/_2808_/Y (sky130_fd_sc_hd__a2111oi_0)
   0.1294    8.3373 v dcache/_2809_/Y (sky130_fd_sc_hd__a311oi_1)
   0.1535    8.4908 ^ dcache/_2810_/X (sky130_fd_sc_hd__lpflow_isobufsrc_1)
   0.0805    8.5713 v dcache/_2812_/Y (sky130_fd_sc_hd__nor3_1)
   0.2226    8.7939 v dcache/_3359_/X (sky130_fd_sc_hd__lpflow_clkbufkapwr_1)
   0.3803    9.1742 v dcache/_3363_/X (sky130_fd_sc_hd__mux2_2)
   0.1967    9.3709 v lsu/_29300_/Y (sky130_fd_sc_hd__nand2b_1)
   0.5002    9.8711 ^ lsu/_29301_/Y (sky130_fd_sc_hd__nor3_1)
   0.2162   10.0873 ^ lsu/_29516_/X (sky130_fd_sc_hd__a22o_1)
   0.0473   10.1346 v lsu/_29517_/Y (sky130_fd_sc_hd__a221oi_1)
   0.2270   10.3616 v lsu/_29518_/X (sky130_fd_sc_hd__and4_1)
   0.0935   10.4551 ^ lsu/_29519_/Y (sky130_fd_sc_hd__nand3_1)
   0.0851   10.5402 v lsu/_29520_/Y (sky130_fd_sc_hd__nand2_1)
   0.0580   10.5981 ^ lsu/_40488_/Y (sky130_fd_sc_hd__nand2_1)
   0.1156   10.7137 v lsu/_40489_/Y (sky130_fd_sc_hd__o21ai_0)
   0.1764   10.8902 v core/memExeUnit/_191_/X (sky130_fd_sc_hd__buf_4)
   0.1819   11.0721 v core/ll_wbarb/_009_/X (sky130_fd_sc_hd__clkbuf_1)
   0.2456   11.3177 v core/ll_wbarb/_010_/X (sky130_fd_sc_hd__clkbuf_1)
   0.0813   11.3990 ^ core/ll_wbarb/_099_/Y (sky130_fd_sc_hd__inv_1)
   0.1445   11.5435 ^ core/FpPipeline/_2061_/X (sky130_fd_sc_hd__lpflow_inputiso0n_1)
   0.0722   11.6158 v core/FpPipeline/_2071_/Y (sky130_fd_sc_hd__nand2_1)
   0.0986   11.7143 ^ core/FpPipeline/_2073_/Y (sky130_fd_sc_hd__a21oi_1)
   0.1152   11.8295 ^ core/ll_wbarb/_100_/X (sky130_fd_sc_hd__or2_2)
   4.8833   16.7129 ^ core/_3793_/Y (sky130_fd_sc_hd__nor3b_1)
   0.4910   17.2039 v core/mem_issue_unit/slots_11/_0763_/Y (sky130_fd_sc_hd__o21ai_0)
   0.4726   17.6764 ^ core/mem_issue_unit/slots_11/_0766_/Y (sky130_fd_sc_hd__nor4_1)
   0.1073   17.7837 v core/mem_issue_unit/slots_11/_0767_/Y (sky130_fd_sc_hd__nand3_1)
   0.1862   17.9699 v core/mem_issue_unit/slots_11/_0791_/X (sky130_fd_sc_hd__and4_1)
   0.1253   18.0953 ^ core/mem_issue_unit/slots_11/_0792_/Y (sky130_fd_sc_hd__a21oi_1)
   0.0035   18.0987 ^ core/mem_issue_unit/slots_11/_0980_/D (sky130_fd_sc_hd__dfxtp_1)
            18.0987   data arrival time

  20.0000   20.0000   clock clock (rise edge)
   0.0000   20.0000   clock network delay (ideal)
   0.0000   20.0000   clock reconvergence pessimism
            20.0000 ^ core/mem_issue_unit/slots_11/_0980_/CLK (sky130_fd_sc_hd__dfxtp_1)
  -0.0722   19.9278   library setup time
            19.9278   data required time
-------------------------------------------------------------
            19.9278   data required time
           -18.0987   data arrival time
-------------------------------------------------------------
             1.8291   slack (MET)


Startpoint: core/_4005_ (rising edge-triggered flip-flop clocked by clock)
Endpoint: core/mem_issue_unit/slots_2/_0980_
          (rising edge-triggered flip-flop clocked by clock)
Path Group: clock
Path Type: max

    Delay      Time   Description
-------------------------------------------------------------
   0.0000    0.0000   clock clock (rise edge)
   0.0000    0.0000   clock network delay (ideal)
   0.0000    0.0000 ^ core/_4005_/CLK (sky130_fd_sc_hd__dfxtp_1)
   0.3332    0.3332 ^ core/_4005_/Q (sky130_fd_sc_hd__dfxtp_1)
   0.3006    0.6338 ^ core/_1893_/Y (sky130_fd_sc_hd__nor3b_1)
   0.1036    0.7374 v core/_1894_/Y (sky130_fd_sc_hd__nand2_1)
   4.7155    5.4530 ^ core/_1919_/Y (sky130_fd_sc_hd__o21ai_0)
   0.7629    6.2158 ^ lsu/_64242_/X (sky130_fd_sc_hd__buf_4)
   0.1194    6.3353 v dcache/_2795_/Y (sky130_fd_sc_hd__a22oi_1)
   0.2227    6.5580 v dcache/_2796_/X (sky130_fd_sc_hd__and4_1)
   0.0821    6.6402 ^ dcache/_2797_/Y (sky130_fd_sc_hd__nand2_1)
   0.0867    6.7268 v dcache/_2803_/Y (sky130_fd_sc_hd__nor4_1)
   0.0795    6.8064 ^ dcache/mshrs/_0615_/Y (sky130_fd_sc_hd__inv_1)
   0.0587    6.8651 v dcache/mshrs/_0616_/Y (sky130_fd_sc_hd__nor2_1)
   0.1498    7.0149 v dcache/mshrs/_0617_/Y (sky130_fd_sc_hd__a21boi_0)
   0.2381    7.2530 v dcache/mshrs/_0618_/X (sky130_fd_sc_hd__lpflow_inputiso0n_1)
   0.1857    7.4387 ^ dcache/mshrs/_0752_/Y (sky130_fd_sc_hd__a31oi_1)
   0.0689    7.5076 v dcache/mshrs/_0755_/Y (sky130_fd_sc_hd__nand2_1)
   0.2141    7.7217 v dcache/mshrs/_0756_/X (sky130_fd_sc_hd__a22o_1)
   0.1258    7.8475 v dcache/_2807_/X (sky130_fd_sc_hd__lpflow_isobufsrc_1)
   0.3604    8.2079 ^ dcache/_2808_/Y (sky130_fd_sc_hd__a2111oi_0)
   0.1294    8.3373 v dcache/_2809_/Y (sky130_fd_sc_hd__a311oi_1)
   0.1535    8.4908 ^ dcache/_2810_/X (sky130_fd_sc_hd__lpflow_isobufsrc_1)
   0.0805    8.5713 v dcache/_2812_/Y (sky130_fd_sc_hd__nor3_1)
   0.2226    8.7939 v dcache/_3359_/X (sky130_fd_sc_hd__lpflow_clkbufkapwr_1)
   0.3803    9.1742 v dcache/_3363_/X (sky130_fd_sc_hd__mux2_2)
   0.1967    9.3709 v lsu/_29300_/Y (sky130_fd_sc_hd__nand2b_1)
   0.5002    9.8711 ^ lsu/_29301_/Y (sky130_fd_sc_hd__nor3_1)
   0.2162   10.0873 ^ lsu/_29516_/X (sky130_fd_sc_hd__a22o_1)
   0.0473   10.1346 v lsu/_29517_/Y (sky130_fd_sc_hd__a221oi_1)
   0.2270   10.3616 v lsu/_29518_/X (sky130_fd_sc_hd__and4_1)
   0.0935   10.4551 ^ lsu/_29519_/Y (sky130_fd_sc_hd__nand3_1)
   0.0851   10.5402 v lsu/_29520_/Y (sky130_fd_sc_hd__nand2_1)
   0.0580   10.5981 ^ lsu/_40488_/Y (sky130_fd_sc_hd__nand2_1)
   0.1156   10.7137 v lsu/_40489_/Y (sky130_fd_sc_hd__o21ai_0)
   0.1764   10.8902 v core/memExeUnit/_191_/X (sky130_fd_sc_hd__buf_4)
   0.1819   11.0721 v core/ll_wbarb/_009_/X (sky130_fd_sc_hd__clkbuf_1)
   0.2456   11.3177 v core/ll_wbarb/_010_/X (sky130_fd_sc_hd__clkbuf_1)
   0.0813   11.3990 ^ core/ll_wbarb/_099_/Y (sky130_fd_sc_hd__inv_1)
   0.1445   11.5435 ^ core/FpPipeline/_2061_/X (sky130_fd_sc_hd__lpflow_inputiso0n_1)
   0.0722   11.6158 v core/FpPipeline/_2071_/Y (sky130_fd_sc_hd__nand2_1)
   0.0986   11.7143 ^ core/FpPipeline/_2073_/Y (sky130_fd_sc_hd__a21oi_1)
   0.1152   11.8295 ^ core/ll_wbarb/_100_/X (sky130_fd_sc_hd__or2_2)
   4.8833   16.7129 ^ core/_3793_/Y (sky130_fd_sc_hd__nor3b_1)
   0.4910   17.2039 v core/mem_issue_unit/slots_2/_0763_/Y (sky130_fd_sc_hd__o21ai_0)
   0.4726   17.6764 ^ core/mem_issue_unit/slots_2/_0766_/Y (sky130_fd_sc_hd__nor4_1)
   0.1073   17.7837 v core/mem_issue_unit/slots_2/_0767_/Y (sky130_fd_sc_hd__nand3_1)
   0.1862   17.9699 v core/mem_issue_unit/slots_2/_0791_/X (sky130_fd_sc_hd__and4_1)
   0.1253   18.0953 ^ core/mem_issue_unit/slots_2/_0792_/Y (sky130_fd_sc_hd__a21oi_1)
   0.0035   18.0987 ^ core/mem_issue_unit/slots_2/_0980_/D (sky130_fd_sc_hd__dfxtp_1)
            18.0987   data arrival time

  20.0000   20.0000   clock clock (rise edge)
   0.0000   20.0000   clock network delay (ideal)
   0.0000   20.0000   clock reconvergence pessimism
            20.0000 ^ core/mem_issue_unit/slots_2/_0980_/CLK (sky130_fd_sc_hd__dfxtp_1)
  -0.0722   19.9278   library setup time
            19.9278   data required time
-------------------------------------------------------------
            19.9278   data required time
           -18.0987   data arrival time
-------------------------------------------------------------
             1.8291   slack (MET)


Startpoint: core/_4005_ (rising edge-triggered flip-flop clocked by clock)
Endpoint: core/mem_issue_unit/slots_3/_0980_
          (rising edge-triggered flip-flop clocked by clock)
Path Group: clock
Path Type: max

    Delay      Time   Description
-------------------------------------------------------------
   0.0000    0.0000   clock clock (rise edge)
   0.0000    0.0000   clock network delay (ideal)
   0.0000    0.0000 ^ core/_4005_/CLK (sky130_fd_sc_hd__dfxtp_1)
   0.3332    0.3332 ^ core/_4005_/Q (sky130_fd_sc_hd__dfxtp_1)
   0.3006    0.6338 ^ core/_1893_/Y (sky130_fd_sc_hd__nor3b_1)
   0.1036    0.7374 v core/_1894_/Y (sky130_fd_sc_hd__nand2_1)
   4.7155    5.4530 ^ core/_1919_/Y (sky130_fd_sc_hd__o21ai_0)
   0.7629    6.2158 ^ lsu/_64242_/X (sky130_fd_sc_hd__buf_4)
   0.1194    6.3353 v dcache/_2795_/Y (sky130_fd_sc_hd__a22oi_1)
   0.2227    6.5580 v dcache/_2796_/X (sky130_fd_sc_hd__and4_1)
   0.0821    6.6402 ^ dcache/_2797_/Y (sky130_fd_sc_hd__nand2_1)
   0.0867    6.7268 v dcache/_2803_/Y (sky130_fd_sc_hd__nor4_1)
   0.0795    6.8064 ^ dcache/mshrs/_0615_/Y (sky130_fd_sc_hd__inv_1)
   0.0587    6.8651 v dcache/mshrs/_0616_/Y (sky130_fd_sc_hd__nor2_1)
   0.1498    7.0149 v dcache/mshrs/_0617_/Y (sky130_fd_sc_hd__a21boi_0)
   0.2381    7.2530 v dcache/mshrs/_0618_/X (sky130_fd_sc_hd__lpflow_inputiso0n_1)
   0.1857    7.4387 ^ dcache/mshrs/_0752_/Y (sky130_fd_sc_hd__a31oi_1)
   0.0689    7.5076 v dcache/mshrs/_0755_/Y (sky130_fd_sc_hd__nand2_1)
   0.2141    7.7217 v dcache/mshrs/_0756_/X (sky130_fd_sc_hd__a22o_1)
   0.1258    7.8475 v dcache/_2807_/X (sky130_fd_sc_hd__lpflow_isobufsrc_1)
   0.3604    8.2079 ^ dcache/_2808_/Y (sky130_fd_sc_hd__a2111oi_0)
   0.1294    8.3373 v dcache/_2809_/Y (sky130_fd_sc_hd__a311oi_1)
   0.1535    8.4908 ^ dcache/_2810_/X (sky130_fd_sc_hd__lpflow_isobufsrc_1)
   0.0805    8.5713 v dcache/_2812_/Y (sky130_fd_sc_hd__nor3_1)
   0.2226    8.7939 v dcache/_3359_/X (sky130_fd_sc_hd__lpflow_clkbufkapwr_1)
   0.3803    9.1742 v dcache/_3363_/X (sky130_fd_sc_hd__mux2_2)
   0.1967    9.3709 v lsu/_29300_/Y (sky130_fd_sc_hd__nand2b_1)
   0.5002    9.8711 ^ lsu/_29301_/Y (sky130_fd_sc_hd__nor3_1)
   0.2162   10.0873 ^ lsu/_29516_/X (sky130_fd_sc_hd__a22o_1)
   0.0473   10.1346 v lsu/_29517_/Y (sky130_fd_sc_hd__a221oi_1)
   0.2270   10.3616 v lsu/_29518_/X (sky130_fd_sc_hd__and4_1)
   0.0935   10.4551 ^ lsu/_29519_/Y (sky130_fd_sc_hd__nand3_1)
   0.0851   10.5402 v lsu/_29520_/Y (sky130_fd_sc_hd__nand2_1)
   0.0580   10.5981 ^ lsu/_40488_/Y (sky130_fd_sc_hd__nand2_1)
   0.1156   10.7137 v lsu/_40489_/Y (sky130_fd_sc_hd__o21ai_0)
   0.1764   10.8902 v core/memExeUnit/_191_/X (sky130_fd_sc_hd__buf_4)
   0.1819   11.0721 v core/ll_wbarb/_009_/X (sky130_fd_sc_hd__clkbuf_1)
   0.2456   11.3177 v core/ll_wbarb/_010_/X (sky130_fd_sc_hd__clkbuf_1)
   0.0813   11.3990 ^ core/ll_wbarb/_099_/Y (sky130_fd_sc_hd__inv_1)
   0.1445   11.5435 ^ core/FpPipeline/_2061_/X (sky130_fd_sc_hd__lpflow_inputiso0n_1)
   0.0722   11.6158 v core/FpPipeline/_2071_/Y (sky130_fd_sc_hd__nand2_1)
   0.0986   11.7143 ^ core/FpPipeline/_2073_/Y (sky130_fd_sc_hd__a21oi_1)
   0.1152   11.8295 ^ core/ll_wbarb/_100_/X (sky130_fd_sc_hd__or2_2)
   4.8833   16.7129 ^ core/_3793_/Y (sky130_fd_sc_hd__nor3b_1)
   0.4910   17.2039 v core/mem_issue_unit/slots_3/_0763_/Y (sky130_fd_sc_hd__o21ai_0)
   0.4726   17.6764 ^ core/mem_issue_unit/slots_3/_0766_/Y (sky130_fd_sc_hd__nor4_1)
   0.1073   17.7837 v core/mem_issue_unit/slots_3/_0767_/Y (sky130_fd_sc_hd__nand3_1)
   0.1862   17.9699 v core/mem_issue_unit/slots_3/_0791_/X (sky130_fd_sc_hd__and4_1)
   0.1253   18.0953 ^ core/mem_issue_unit/slots_3/_0792_/Y (sky130_fd_sc_hd__a21oi_1)
   0.0035   18.0987 ^ core/mem_issue_unit/slots_3/_0980_/D (sky130_fd_sc_hd__dfxtp_1)
            18.0987   data arrival time

  20.0000   20.0000   clock clock (rise edge)
   0.0000   20.0000   clock network delay (ideal)
   0.0000   20.0000   clock reconvergence pessimism
            20.0000 ^ core/mem_issue_unit/slots_3/_0980_/CLK (sky130_fd_sc_hd__dfxtp_1)
  -0.0722   19.9278   library setup time
            19.9278   data required time
-------------------------------------------------------------
            19.9278   data required time
           -18.0987   data arrival time
-------------------------------------------------------------
             1.8291   slack (MET)


Startpoint: core/_4005_ (rising edge-triggered flip-flop clocked by clock)
Endpoint: core/mem_issue_unit/slots_4/_0980_
          (rising edge-triggered flip-flop clocked by clock)
Path Group: clock
Path Type: max

    Delay      Time   Description
-------------------------------------------------------------
   0.0000    0.0000   clock clock (rise edge)
   0.0000    0.0000   clock network delay (ideal)
   0.0000    0.0000 ^ core/_4005_/CLK (sky130_fd_sc_hd__dfxtp_1)
   0.3332    0.3332 ^ core/_4005_/Q (sky130_fd_sc_hd__dfxtp_1)
   0.3006    0.6338 ^ core/_1893_/Y (sky130_fd_sc_hd__nor3b_1)
   0.1036    0.7374 v core/_1894_/Y (sky130_fd_sc_hd__nand2_1)
   4.7155    5.4530 ^ core/_1919_/Y (sky130_fd_sc_hd__o21ai_0)
   0.7629    6.2158 ^ lsu/_64242_/X (sky130_fd_sc_hd__buf_4)
   0.1194    6.3353 v dcache/_2795_/Y (sky130_fd_sc_hd__a22oi_1)
   0.2227    6.5580 v dcache/_2796_/X (sky130_fd_sc_hd__and4_1)
   0.0821    6.6402 ^ dcache/_2797_/Y (sky130_fd_sc_hd__nand2_1)
   0.0867    6.7268 v dcache/_2803_/Y (sky130_fd_sc_hd__nor4_1)
   0.0795    6.8064 ^ dcache/mshrs/_0615_/Y (sky130_fd_sc_hd__inv_1)
   0.0587    6.8651 v dcache/mshrs/_0616_/Y (sky130_fd_sc_hd__nor2_1)
   0.1498    7.0149 v dcache/mshrs/_0617_/Y (sky130_fd_sc_hd__a21boi_0)
   0.2381    7.2530 v dcache/mshrs/_0618_/X (sky130_fd_sc_hd__lpflow_inputiso0n_1)
   0.1857    7.4387 ^ dcache/mshrs/_0752_/Y (sky130_fd_sc_hd__a31oi_1)
   0.0689    7.5076 v dcache/mshrs/_0755_/Y (sky130_fd_sc_hd__nand2_1)
   0.2141    7.7217 v dcache/mshrs/_0756_/X (sky130_fd_sc_hd__a22o_1)
   0.1258    7.8475 v dcache/_2807_/X (sky130_fd_sc_hd__lpflow_isobufsrc_1)
   0.3604    8.2079 ^ dcache/_2808_/Y (sky130_fd_sc_hd__a2111oi_0)
   0.1294    8.3373 v dcache/_2809_/Y (sky130_fd_sc_hd__a311oi_1)
   0.1535    8.4908 ^ dcache/_2810_/X (sky130_fd_sc_hd__lpflow_isobufsrc_1)
   0.0805    8.5713 v dcache/_2812_/Y (sky130_fd_sc_hd__nor3_1)
   0.2226    8.7939 v dcache/_3359_/X (sky130_fd_sc_hd__lpflow_clkbufkapwr_1)
   0.3803    9.1742 v dcache/_3363_/X (sky130_fd_sc_hd__mux2_2)
   0.1967    9.3709 v lsu/_29300_/Y (sky130_fd_sc_hd__nand2b_1)
   0.5002    9.8711 ^ lsu/_29301_/Y (sky130_fd_sc_hd__nor3_1)
   0.2162   10.0873 ^ lsu/_29516_/X (sky130_fd_sc_hd__a22o_1)
   0.0473   10.1346 v lsu/_29517_/Y (sky130_fd_sc_hd__a221oi_1)
   0.2270   10.3616 v lsu/_29518_/X (sky130_fd_sc_hd__and4_1)
   0.0935   10.4551 ^ lsu/_29519_/Y (sky130_fd_sc_hd__nand3_1)
   0.0851   10.5402 v lsu/_29520_/Y (sky130_fd_sc_hd__nand2_1)
   0.0580   10.5981 ^ lsu/_40488_/Y (sky130_fd_sc_hd__nand2_1)
   0.1156   10.7137 v lsu/_40489_/Y (sky130_fd_sc_hd__o21ai_0)
   0.1764   10.8902 v core/memExeUnit/_191_/X (sky130_fd_sc_hd__buf_4)
   0.1819   11.0721 v core/ll_wbarb/_009_/X (sky130_fd_sc_hd__clkbuf_1)
   0.2456   11.3177 v core/ll_wbarb/_010_/X (sky130_fd_sc_hd__clkbuf_1)
   0.0813   11.3990 ^ core/ll_wbarb/_099_/Y (sky130_fd_sc_hd__inv_1)
   0.1445   11.5435 ^ core/FpPipeline/_2061_/X (sky130_fd_sc_hd__lpflow_inputiso0n_1)
   0.0722   11.6158 v core/FpPipeline/_2071_/Y (sky130_fd_sc_hd__nand2_1)
   0.0986   11.7143 ^ core/FpPipeline/_2073_/Y (sky130_fd_sc_hd__a21oi_1)
   0.1152   11.8295 ^ core/ll_wbarb/_100_/X (sky130_fd_sc_hd__or2_2)
   4.8833   16.7129 ^ core/_3793_/Y (sky130_fd_sc_hd__nor3b_1)
   0.4910   17.2039 v core/mem_issue_unit/slots_4/_0763_/Y (sky130_fd_sc_hd__o21ai_0)
   0.4726   17.6764 ^ core/mem_issue_unit/slots_4/_0766_/Y (sky130_fd_sc_hd__nor4_1)
   0.1073   17.7837 v core/mem_issue_unit/slots_4/_0767_/Y (sky130_fd_sc_hd__nand3_1)
   0.1862   17.9699 v core/mem_issue_unit/slots_4/_0791_/X (sky130_fd_sc_hd__and4_1)
   0.1253   18.0953 ^ core/mem_issue_unit/slots_4/_0792_/Y (sky130_fd_sc_hd__a21oi_1)
   0.0035   18.0987 ^ core/mem_issue_unit/slots_4/_0980_/D (sky130_fd_sc_hd__dfxtp_1)
            18.0987   data arrival time

  20.0000   20.0000   clock clock (rise edge)
   0.0000   20.0000   clock network delay (ideal)
   0.0000   20.0000   clock reconvergence pessimism
            20.0000 ^ core/mem_issue_unit/slots_4/_0980_/CLK (sky130_fd_sc_hd__dfxtp_1)
  -0.0722   19.9278   library setup time
            19.9278   data required time
-------------------------------------------------------------
            19.9278   data required time
           -18.0987   data arrival time
-------------------------------------------------------------
             1.8291   slack (MET)


Startpoint: core/_4005_ (rising edge-triggered flip-flop clocked by clock)
Endpoint: core/mem_issue_unit/slots_5/_0980_
          (rising edge-triggered flip-flop clocked by clock)
Path Group: clock
Path Type: max

    Delay      Time   Description
-------------------------------------------------------------
   0.0000    0.0000   clock clock (rise edge)
   0.0000    0.0000   clock network delay (ideal)
   0.0000    0.0000 ^ core/_4005_/CLK (sky130_fd_sc_hd__dfxtp_1)
   0.3332    0.3332 ^ core/_4005_/Q (sky130_fd_sc_hd__dfxtp_1)
   0.3006    0.6338 ^ core/_1893_/Y (sky130_fd_sc_hd__nor3b_1)
   0.1036    0.7374 v core/_1894_/Y (sky130_fd_sc_hd__nand2_1)
   4.7155    5.4530 ^ core/_1919_/Y (sky130_fd_sc_hd__o21ai_0)
   0.7629    6.2158 ^ lsu/_64242_/X (sky130_fd_sc_hd__buf_4)
   0.1194    6.3353 v dcache/_2795_/Y (sky130_fd_sc_hd__a22oi_1)
   0.2227    6.5580 v dcache/_2796_/X (sky130_fd_sc_hd__and4_1)
   0.0821    6.6402 ^ dcache/_2797_/Y (sky130_fd_sc_hd__nand2_1)
   0.0867    6.7268 v dcache/_2803_/Y (sky130_fd_sc_hd__nor4_1)
   0.0795    6.8064 ^ dcache/mshrs/_0615_/Y (sky130_fd_sc_hd__inv_1)
   0.0587    6.8651 v dcache/mshrs/_0616_/Y (sky130_fd_sc_hd__nor2_1)
   0.1498    7.0149 v dcache/mshrs/_0617_/Y (sky130_fd_sc_hd__a21boi_0)
   0.2381    7.2530 v dcache/mshrs/_0618_/X (sky130_fd_sc_hd__lpflow_inputiso0n_1)
   0.1857    7.4387 ^ dcache/mshrs/_0752_/Y (sky130_fd_sc_hd__a31oi_1)
   0.0689    7.5076 v dcache/mshrs/_0755_/Y (sky130_fd_sc_hd__nand2_1)
   0.2141    7.7217 v dcache/mshrs/_0756_/X (sky130_fd_sc_hd__a22o_1)
   0.1258    7.8475 v dcache/_2807_/X (sky130_fd_sc_hd__lpflow_isobufsrc_1)
   0.3604    8.2079 ^ dcache/_2808_/Y (sky130_fd_sc_hd__a2111oi_0)
   0.1294    8.3373 v dcache/_2809_/Y (sky130_fd_sc_hd__a311oi_1)
   0.1535    8.4908 ^ dcache/_2810_/X (sky130_fd_sc_hd__lpflow_isobufsrc_1)
   0.0805    8.5713 v dcache/_2812_/Y (sky130_fd_sc_hd__nor3_1)
   0.2226    8.7939 v dcache/_3359_/X (sky130_fd_sc_hd__lpflow_clkbufkapwr_1)
   0.3803    9.1742 v dcache/_3363_/X (sky130_fd_sc_hd__mux2_2)
   0.1967    9.3709 v lsu/_29300_/Y (sky130_fd_sc_hd__nand2b_1)
   0.5002    9.8711 ^ lsu/_29301_/Y (sky130_fd_sc_hd__nor3_1)
   0.2162   10.0873 ^ lsu/_29516_/X (sky130_fd_sc_hd__a22o_1)
   0.0473   10.1346 v lsu/_29517_/Y (sky130_fd_sc_hd__a221oi_1)
   0.2270   10.3616 v lsu/_29518_/X (sky130_fd_sc_hd__and4_1)
   0.0935   10.4551 ^ lsu/_29519_/Y (sky130_fd_sc_hd__nand3_1)
   0.0851   10.5402 v lsu/_29520_/Y (sky130_fd_sc_hd__nand2_1)
   0.0580   10.5981 ^ lsu/_40488_/Y (sky130_fd_sc_hd__nand2_1)
   0.1156   10.7137 v lsu/_40489_/Y (sky130_fd_sc_hd__o21ai_0)
   0.1764   10.8902 v core/memExeUnit/_191_/X (sky130_fd_sc_hd__buf_4)
   0.1819   11.0721 v core/ll_wbarb/_009_/X (sky130_fd_sc_hd__clkbuf_1)
   0.2456   11.3177 v core/ll_wbarb/_010_/X (sky130_fd_sc_hd__clkbuf_1)
   0.0813   11.3990 ^ core/ll_wbarb/_099_/Y (sky130_fd_sc_hd__inv_1)
   0.1445   11.5435 ^ core/FpPipeline/_2061_/X (sky130_fd_sc_hd__lpflow_inputiso0n_1)
   0.0722   11.6158 v core/FpPipeline/_2071_/Y (sky130_fd_sc_hd__nand2_1)
   0.0986   11.7143 ^ core/FpPipeline/_2073_/Y (sky130_fd_sc_hd__a21oi_1)
   0.1152   11.8295 ^ core/ll_wbarb/_100_/X (sky130_fd_sc_hd__or2_2)
   4.8833   16.7129 ^ core/_3793_/Y (sky130_fd_sc_hd__nor3b_1)
   0.4910   17.2039 v core/mem_issue_unit/slots_5/_0763_/Y (sky130_fd_sc_hd__o21ai_0)
   0.4726   17.6764 ^ core/mem_issue_unit/slots_5/_0766_/Y (sky130_fd_sc_hd__nor4_1)
   0.1073   17.7837 v core/mem_issue_unit/slots_5/_0767_/Y (sky130_fd_sc_hd__nand3_1)
   0.1862   17.9699 v core/mem_issue_unit/slots_5/_0791_/X (sky130_fd_sc_hd__and4_1)
   0.1253   18.0953 ^ core/mem_issue_unit/slots_5/_0792_/Y (sky130_fd_sc_hd__a21oi_1)
   0.0035   18.0987 ^ core/mem_issue_unit/slots_5/_0980_/D (sky130_fd_sc_hd__dfxtp_1)
            18.0987   data arrival time

  20.0000   20.0000   clock clock (rise edge)
   0.0000   20.0000   clock network delay (ideal)
   0.0000   20.0000   clock reconvergence pessimism
            20.0000 ^ core/mem_issue_unit/slots_5/_0980_/CLK (sky130_fd_sc_hd__dfxtp_1)
  -0.0722   19.9278   library setup time
            19.9278   data required time
-------------------------------------------------------------
            19.9278   data required time
           -18.0987   data arrival time
-------------------------------------------------------------
             1.8291   slack (MET)


Startpoint: core/_4005_ (rising edge-triggered flip-flop clocked by clock)
Endpoint: core/mem_issue_unit/slots_6/_0980_
          (rising edge-triggered flip-flop clocked by clock)
Path Group: clock
Path Type: max

    Delay      Time   Description
-------------------------------------------------------------
   0.0000    0.0000   clock clock (rise edge)
   0.0000    0.0000   clock network delay (ideal)
   0.0000    0.0000 ^ core/_4005_/CLK (sky130_fd_sc_hd__dfxtp_1)
   0.3332    0.3332 ^ core/_4005_/Q (sky130_fd_sc_hd__dfxtp_1)
   0.3006    0.6338 ^ core/_1893_/Y (sky130_fd_sc_hd__nor3b_1)
   0.1036    0.7374 v core/_1894_/Y (sky130_fd_sc_hd__nand2_1)
   4.7155    5.4530 ^ core/_1919_/Y (sky130_fd_sc_hd__o21ai_0)
   0.7629    6.2158 ^ lsu/_64242_/X (sky130_fd_sc_hd__buf_4)
   0.1194    6.3353 v dcache/_2795_/Y (sky130_fd_sc_hd__a22oi_1)
   0.2227    6.5580 v dcache/_2796_/X (sky130_fd_sc_hd__and4_1)
   0.0821    6.6402 ^ dcache/_2797_/Y (sky130_fd_sc_hd__nand2_1)
   0.0867    6.7268 v dcache/_2803_/Y (sky130_fd_sc_hd__nor4_1)
   0.0795    6.8064 ^ dcache/mshrs/_0615_/Y (sky130_fd_sc_hd__inv_1)
   0.0587    6.8651 v dcache/mshrs/_0616_/Y (sky130_fd_sc_hd__nor2_1)
   0.1498    7.0149 v dcache/mshrs/_0617_/Y (sky130_fd_sc_hd__a21boi_0)
   0.2381    7.2530 v dcache/mshrs/_0618_/X (sky130_fd_sc_hd__lpflow_inputiso0n_1)
   0.1857    7.4387 ^ dcache/mshrs/_0752_/Y (sky130_fd_sc_hd__a31oi_1)
   0.0689    7.5076 v dcache/mshrs/_0755_/Y (sky130_fd_sc_hd__nand2_1)
   0.2141    7.7217 v dcache/mshrs/_0756_/X (sky130_fd_sc_hd__a22o_1)
   0.1258    7.8475 v dcache/_2807_/X (sky130_fd_sc_hd__lpflow_isobufsrc_1)
   0.3604    8.2079 ^ dcache/_2808_/Y (sky130_fd_sc_hd__a2111oi_0)
   0.1294    8.3373 v dcache/_2809_/Y (sky130_fd_sc_hd__a311oi_1)
   0.1535    8.4908 ^ dcache/_2810_/X (sky130_fd_sc_hd__lpflow_isobufsrc_1)
   0.0805    8.5713 v dcache/_2812_/Y (sky130_fd_sc_hd__nor3_1)
   0.2226    8.7939 v dcache/_3359_/X (sky130_fd_sc_hd__lpflow_clkbufkapwr_1)
   0.3803    9.1742 v dcache/_3363_/X (sky130_fd_sc_hd__mux2_2)
   0.1967    9.3709 v lsu/_29300_/Y (sky130_fd_sc_hd__nand2b_1)
   0.5002    9.8711 ^ lsu/_29301_/Y (sky130_fd_sc_hd__nor3_1)
   0.2162   10.0873 ^ lsu/_29516_/X (sky130_fd_sc_hd__a22o_1)
   0.0473   10.1346 v lsu/_29517_/Y (sky130_fd_sc_hd__a221oi_1)
   0.2270   10.3616 v lsu/_29518_/X (sky130_fd_sc_hd__and4_1)
   0.0935   10.4551 ^ lsu/_29519_/Y (sky130_fd_sc_hd__nand3_1)
   0.0851   10.5402 v lsu/_29520_/Y (sky130_fd_sc_hd__nand2_1)
   0.0580   10.5981 ^ lsu/_40488_/Y (sky130_fd_sc_hd__nand2_1)
   0.1156   10.7137 v lsu/_40489_/Y (sky130_fd_sc_hd__o21ai_0)
   0.1764   10.8902 v core/memExeUnit/_191_/X (sky130_fd_sc_hd__buf_4)
   0.1819   11.0721 v core/ll_wbarb/_009_/X (sky130_fd_sc_hd__clkbuf_1)
   0.2456   11.3177 v core/ll_wbarb/_010_/X (sky130_fd_sc_hd__clkbuf_1)
   0.0813   11.3990 ^ core/ll_wbarb/_099_/Y (sky130_fd_sc_hd__inv_1)
   0.1445   11.5435 ^ core/FpPipeline/_2061_/X (sky130_fd_sc_hd__lpflow_inputiso0n_1)
   0.0722   11.6158 v core/FpPipeline/_2071_/Y (sky130_fd_sc_hd__nand2_1)
   0.0986   11.7143 ^ core/FpPipeline/_2073_/Y (sky130_fd_sc_hd__a21oi_1)
   0.1152   11.8295 ^ core/ll_wbarb/_100_/X (sky130_fd_sc_hd__or2_2)
   4.8833   16.7129 ^ core/_3793_/Y (sky130_fd_sc_hd__nor3b_1)
   0.4910   17.2039 v core/mem_issue_unit/slots_6/_0763_/Y (sky130_fd_sc_hd__o21ai_0)
   0.4726   17.6764 ^ core/mem_issue_unit/slots_6/_0766_/Y (sky130_fd_sc_hd__nor4_1)
   0.1073   17.7837 v core/mem_issue_unit/slots_6/_0767_/Y (sky130_fd_sc_hd__nand3_1)
   0.1862   17.9699 v core/mem_issue_unit/slots_6/_0791_/X (sky130_fd_sc_hd__and4_1)
   0.1253   18.0953 ^ core/mem_issue_unit/slots_6/_0792_/Y (sky130_fd_sc_hd__a21oi_1)
   0.0035   18.0987 ^ core/mem_issue_unit/slots_6/_0980_/D (sky130_fd_sc_hd__dfxtp_1)
            18.0987   data arrival time

  20.0000   20.0000   clock clock (rise edge)
   0.0000   20.0000   clock network delay (ideal)
   0.0000   20.0000   clock reconvergence pessimism
            20.0000 ^ core/mem_issue_unit/slots_6/_0980_/CLK (sky130_fd_sc_hd__dfxtp_1)
  -0.0722   19.9278   library setup time
            19.9278   data required time
-------------------------------------------------------------
            19.9278   data required time
           -18.0987   data arrival time
-------------------------------------------------------------
             1.8291   slack (MET)


Startpoint: core/_4005_ (rising edge-triggered flip-flop clocked by clock)
Endpoint: core/mem_issue_unit/slots_7/_0980_
          (rising edge-triggered flip-flop clocked by clock)
Path Group: clock
Path Type: max

    Delay      Time   Description
-------------------------------------------------------------
   0.0000    0.0000   clock clock (rise edge)
   0.0000    0.0000   clock network delay (ideal)
   0.0000    0.0000 ^ core/_4005_/CLK (sky130_fd_sc_hd__dfxtp_1)
   0.3332    0.3332 ^ core/_4005_/Q (sky130_fd_sc_hd__dfxtp_1)
   0.3006    0.6338 ^ core/_1893_/Y (sky130_fd_sc_hd__nor3b_1)
   0.1036    0.7374 v core/_1894_/Y (sky130_fd_sc_hd__nand2_1)
   4.7155    5.4530 ^ core/_1919_/Y (sky130_fd_sc_hd__o21ai_0)
   0.7629    6.2158 ^ lsu/_64242_/X (sky130_fd_sc_hd__buf_4)
   0.1194    6.3353 v dcache/_2795_/Y (sky130_fd_sc_hd__a22oi_1)
   0.2227    6.5580 v dcache/_2796_/X (sky130_fd_sc_hd__and4_1)
   0.0821    6.6402 ^ dcache/_2797_/Y (sky130_fd_sc_hd__nand2_1)
   0.0867    6.7268 v dcache/_2803_/Y (sky130_fd_sc_hd__nor4_1)
   0.0795    6.8064 ^ dcache/mshrs/_0615_/Y (sky130_fd_sc_hd__inv_1)
   0.0587    6.8651 v dcache/mshrs/_0616_/Y (sky130_fd_sc_hd__nor2_1)
   0.1498    7.0149 v dcache/mshrs/_0617_/Y (sky130_fd_sc_hd__a21boi_0)
   0.2381    7.2530 v dcache/mshrs/_0618_/X (sky130_fd_sc_hd__lpflow_inputiso0n_1)
   0.1857    7.4387 ^ dcache/mshrs/_0752_/Y (sky130_fd_sc_hd__a31oi_1)
   0.0689    7.5076 v dcache/mshrs/_0755_/Y (sky130_fd_sc_hd__nand2_1)
   0.2141    7.7217 v dcache/mshrs/_0756_/X (sky130_fd_sc_hd__a22o_1)
   0.1258    7.8475 v dcache/_2807_/X (sky130_fd_sc_hd__lpflow_isobufsrc_1)
   0.3604    8.2079 ^ dcache/_2808_/Y (sky130_fd_sc_hd__a2111oi_0)
   0.1294    8.3373 v dcache/_2809_/Y (sky130_fd_sc_hd__a311oi_1)
   0.1535    8.4908 ^ dcache/_2810_/X (sky130_fd_sc_hd__lpflow_isobufsrc_1)
   0.0805    8.5713 v dcache/_2812_/Y (sky130_fd_sc_hd__nor3_1)
   0.2226    8.7939 v dcache/_3359_/X (sky130_fd_sc_hd__lpflow_clkbufkapwr_1)
   0.3803    9.1742 v dcache/_3363_/X (sky130_fd_sc_hd__mux2_2)
   0.1967    9.3709 v lsu/_29300_/Y (sky130_fd_sc_hd__nand2b_1)
   0.5002    9.8711 ^ lsu/_29301_/Y (sky130_fd_sc_hd__nor3_1)
   0.2162   10.0873 ^ lsu/_29516_/X (sky130_fd_sc_hd__a22o_1)
   0.0473   10.1346 v lsu/_29517_/Y (sky130_fd_sc_hd__a221oi_1)
   0.2270   10.3616 v lsu/_29518_/X (sky130_fd_sc_hd__and4_1)
   0.0935   10.4551 ^ lsu/_29519_/Y (sky130_fd_sc_hd__nand3_1)
   0.0851   10.5402 v lsu/_29520_/Y (sky130_fd_sc_hd__nand2_1)
   0.0580   10.5981 ^ lsu/_40488_/Y (sky130_fd_sc_hd__nand2_1)
   0.1156   10.7137 v lsu/_40489_/Y (sky130_fd_sc_hd__o21ai_0)
   0.1764   10.8902 v core/memExeUnit/_191_/X (sky130_fd_sc_hd__buf_4)
   0.1819   11.0721 v core/ll_wbarb/_009_/X (sky130_fd_sc_hd__clkbuf_1)
   0.2456   11.3177 v core/ll_wbarb/_010_/X (sky130_fd_sc_hd__clkbuf_1)
   0.0813   11.3990 ^ core/ll_wbarb/_099_/Y (sky130_fd_sc_hd__inv_1)
   0.1445   11.5435 ^ core/FpPipeline/_2061_/X (sky130_fd_sc_hd__lpflow_inputiso0n_1)
   0.0722   11.6158 v core/FpPipeline/_2071_/Y (sky130_fd_sc_hd__nand2_1)
   0.0986   11.7143 ^ core/FpPipeline/_2073_/Y (sky130_fd_sc_hd__a21oi_1)
   0.1152   11.8295 ^ core/ll_wbarb/_100_/X (sky130_fd_sc_hd__or2_2)
   4.8833   16.7129 ^ core/_3793_/Y (sky130_fd_sc_hd__nor3b_1)
   0.4910   17.2039 v core/mem_issue_unit/slots_7/_0763_/Y (sky130_fd_sc_hd__o21ai_0)
   0.4726   17.6764 ^ core/mem_issue_unit/slots_7/_0766_/Y (sky130_fd_sc_hd__nor4_1)
   0.1073   17.7837 v core/mem_issue_unit/slots_7/_0767_/Y (sky130_fd_sc_hd__nand3_1)
   0.1862   17.9699 v core/mem_issue_unit/slots_7/_0791_/X (sky130_fd_sc_hd__and4_1)
   0.1253   18.0953 ^ core/mem_issue_unit/slots_7/_0792_/Y (sky130_fd_sc_hd__a21oi_1)
   0.0035   18.0987 ^ core/mem_issue_unit/slots_7/_0980_/D (sky130_fd_sc_hd__dfxtp_1)
            18.0987   data arrival time

  20.0000   20.0000   clock clock (rise edge)
   0.0000   20.0000   clock network delay (ideal)
   0.0000   20.0000   clock reconvergence pessimism
            20.0000 ^ core/mem_issue_unit/slots_7/_0980_/CLK (sky130_fd_sc_hd__dfxtp_1)
  -0.0722   19.9278   library setup time
            19.9278   data required time
-------------------------------------------------------------
            19.9278   data required time
           -18.0987   data arrival time
-------------------------------------------------------------
             1.8291   slack (MET)


Startpoint: core/_4005_ (rising edge-triggered flip-flop clocked by clock)
Endpoint: core/mem_issue_unit/slots_8/_0980_
          (rising edge-triggered flip-flop clocked by clock)
Path Group: clock
Path Type: max

    Delay      Time   Description
-------------------------------------------------------------
   0.0000    0.0000   clock clock (rise edge)
   0.0000    0.0000   clock network delay (ideal)
   0.0000    0.0000 ^ core/_4005_/CLK (sky130_fd_sc_hd__dfxtp_1)
   0.3332    0.3332 ^ core/_4005_/Q (sky130_fd_sc_hd__dfxtp_1)
   0.3006    0.6338 ^ core/_1893_/Y (sky130_fd_sc_hd__nor3b_1)
   0.1036    0.7374 v core/_1894_/Y (sky130_fd_sc_hd__nand2_1)
   4.7155    5.4530 ^ core/_1919_/Y (sky130_fd_sc_hd__o21ai_0)
   0.7629    6.2158 ^ lsu/_64242_/X (sky130_fd_sc_hd__buf_4)
   0.1194    6.3353 v dcache/_2795_/Y (sky130_fd_sc_hd__a22oi_1)
   0.2227    6.5580 v dcache/_2796_/X (sky130_fd_sc_hd__and4_1)
   0.0821    6.6402 ^ dcache/_2797_/Y (sky130_fd_sc_hd__nand2_1)
   0.0867    6.7268 v dcache/_2803_/Y (sky130_fd_sc_hd__nor4_1)
   0.0795    6.8064 ^ dcache/mshrs/_0615_/Y (sky130_fd_sc_hd__inv_1)
   0.0587    6.8651 v dcache/mshrs/_0616_/Y (sky130_fd_sc_hd__nor2_1)
   0.1498    7.0149 v dcache/mshrs/_0617_/Y (sky130_fd_sc_hd__a21boi_0)
   0.2381    7.2530 v dcache/mshrs/_0618_/X (sky130_fd_sc_hd__lpflow_inputiso0n_1)
   0.1857    7.4387 ^ dcache/mshrs/_0752_/Y (sky130_fd_sc_hd__a31oi_1)
   0.0689    7.5076 v dcache/mshrs/_0755_/Y (sky130_fd_sc_hd__nand2_1)
   0.2141    7.7217 v dcache/mshrs/_0756_/X (sky130_fd_sc_hd__a22o_1)
   0.1258    7.8475 v dcache/_2807_/X (sky130_fd_sc_hd__lpflow_isobufsrc_1)
   0.3604    8.2079 ^ dcache/_2808_/Y (sky130_fd_sc_hd__a2111oi_0)
   0.1294    8.3373 v dcache/_2809_/Y (sky130_fd_sc_hd__a311oi_1)
   0.1535    8.4908 ^ dcache/_2810_/X (sky130_fd_sc_hd__lpflow_isobufsrc_1)
   0.0805    8.5713 v dcache/_2812_/Y (sky130_fd_sc_hd__nor3_1)
   0.2226    8.7939 v dcache/_3359_/X (sky130_fd_sc_hd__lpflow_clkbufkapwr_1)
   0.3803    9.1742 v dcache/_3363_/X (sky130_fd_sc_hd__mux2_2)
   0.1967    9.3709 v lsu/_29300_/Y (sky130_fd_sc_hd__nand2b_1)
   0.5002    9.8711 ^ lsu/_29301_/Y (sky130_fd_sc_hd__nor3_1)
   0.2162   10.0873 ^ lsu/_29516_/X (sky130_fd_sc_hd__a22o_1)
   0.0473   10.1346 v lsu/_29517_/Y (sky130_fd_sc_hd__a221oi_1)
   0.2270   10.3616 v lsu/_29518_/X (sky130_fd_sc_hd__and4_1)
   0.0935   10.4551 ^ lsu/_29519_/Y (sky130_fd_sc_hd__nand3_1)
   0.0851   10.5402 v lsu/_29520_/Y (sky130_fd_sc_hd__nand2_1)
   0.0580   10.5981 ^ lsu/_40488_/Y (sky130_fd_sc_hd__nand2_1)
   0.1156   10.7137 v lsu/_40489_/Y (sky130_fd_sc_hd__o21ai_0)
   0.1764   10.8902 v core/memExeUnit/_191_/X (sky130_fd_sc_hd__buf_4)
   0.1819   11.0721 v core/ll_wbarb/_009_/X (sky130_fd_sc_hd__clkbuf_1)
   0.2456   11.3177 v core/ll_wbarb/_010_/X (sky130_fd_sc_hd__clkbuf_1)
   0.0813   11.3990 ^ core/ll_wbarb/_099_/Y (sky130_fd_sc_hd__inv_1)
   0.1445   11.5435 ^ core/FpPipeline/_2061_/X (sky130_fd_sc_hd__lpflow_inputiso0n_1)
   0.0722   11.6158 v core/FpPipeline/_2071_/Y (sky130_fd_sc_hd__nand2_1)
   0.0986   11.7143 ^ core/FpPipeline/_2073_/Y (sky130_fd_sc_hd__a21oi_1)
   0.1152   11.8295 ^ core/ll_wbarb/_100_/X (sky130_fd_sc_hd__or2_2)
   4.8833   16.7129 ^ core/_3793_/Y (sky130_fd_sc_hd__nor3b_1)
   0.4910   17.2039 v core/mem_issue_unit/slots_8/_0763_/Y (sky130_fd_sc_hd__o21ai_0)
   0.4726   17.6764 ^ core/mem_issue_unit/slots_8/_0766_/Y (sky130_fd_sc_hd__nor4_1)
   0.1073   17.7837 v core/mem_issue_unit/slots_8/_0767_/Y (sky130_fd_sc_hd__nand3_1)
   0.1862   17.9699 v core/mem_issue_unit/slots_8/_0791_/X (sky130_fd_sc_hd__and4_1)
   0.1253   18.0953 ^ core/mem_issue_unit/slots_8/_0792_/Y (sky130_fd_sc_hd__a21oi_1)
   0.0035   18.0987 ^ core/mem_issue_unit/slots_8/_0980_/D (sky130_fd_sc_hd__dfxtp_1)
            18.0987   data arrival time

  20.0000   20.0000   clock clock (rise edge)
   0.0000   20.0000   clock network delay (ideal)
   0.0000   20.0000   clock reconvergence pessimism
            20.0000 ^ core/mem_issue_unit/slots_8/_0980_/CLK (sky130_fd_sc_hd__dfxtp_1)
  -0.0722   19.9278   library setup time
            19.9278   data required time
-------------------------------------------------------------
            19.9278   data required time
           -18.0987   data arrival time
-------------------------------------------------------------
             1.8291   slack (MET)


Startpoint: core/_4005_ (rising edge-triggered flip-flop clocked by clock)
Endpoint: core/mem_issue_unit/slots_9/_0980_
          (rising edge-triggered flip-flop clocked by clock)
Path Group: clock
Path Type: max

    Delay      Time   Description
-------------------------------------------------------------
   0.0000    0.0000   clock clock (rise edge)
   0.0000    0.0000   clock network delay (ideal)
   0.0000    0.0000 ^ core/_4005_/CLK (sky130_fd_sc_hd__dfxtp_1)
   0.3332    0.3332 ^ core/_4005_/Q (sky130_fd_sc_hd__dfxtp_1)
   0.3006    0.6338 ^ core/_1893_/Y (sky130_fd_sc_hd__nor3b_1)
   0.1036    0.7374 v core/_1894_/Y (sky130_fd_sc_hd__nand2_1)
   4.7155    5.4530 ^ core/_1919_/Y (sky130_fd_sc_hd__o21ai_0)
   0.7629    6.2158 ^ lsu/_64242_/X (sky130_fd_sc_hd__buf_4)
   0.1194    6.3353 v dcache/_2795_/Y (sky130_fd_sc_hd__a22oi_1)
   0.2227    6.5580 v dcache/_2796_/X (sky130_fd_sc_hd__and4_1)
   0.0821    6.6402 ^ dcache/_2797_/Y (sky130_fd_sc_hd__nand2_1)
   0.0867    6.7268 v dcache/_2803_/Y (sky130_fd_sc_hd__nor4_1)
   0.0795    6.8064 ^ dcache/mshrs/_0615_/Y (sky130_fd_sc_hd__inv_1)
   0.0587    6.8651 v dcache/mshrs/_0616_/Y (sky130_fd_sc_hd__nor2_1)
   0.1498    7.0149 v dcache/mshrs/_0617_/Y (sky130_fd_sc_hd__a21boi_0)
   0.2381    7.2530 v dcache/mshrs/_0618_/X (sky130_fd_sc_hd__lpflow_inputiso0n_1)
   0.1857    7.4387 ^ dcache/mshrs/_0752_/Y (sky130_fd_sc_hd__a31oi_1)
   0.0689    7.5076 v dcache/mshrs/_0755_/Y (sky130_fd_sc_hd__nand2_1)
   0.2141    7.7217 v dcache/mshrs/_0756_/X (sky130_fd_sc_hd__a22o_1)
   0.1258    7.8475 v dcache/_2807_/X (sky130_fd_sc_hd__lpflow_isobufsrc_1)
   0.3604    8.2079 ^ dcache/_2808_/Y (sky130_fd_sc_hd__a2111oi_0)
   0.1294    8.3373 v dcache/_2809_/Y (sky130_fd_sc_hd__a311oi_1)
   0.1535    8.4908 ^ dcache/_2810_/X (sky130_fd_sc_hd__lpflow_isobufsrc_1)
   0.0805    8.5713 v dcache/_2812_/Y (sky130_fd_sc_hd__nor3_1)
   0.2226    8.7939 v dcache/_3359_/X (sky130_fd_sc_hd__lpflow_clkbufkapwr_1)
   0.3803    9.1742 v dcache/_3363_/X (sky130_fd_sc_hd__mux2_2)
   0.1967    9.3709 v lsu/_29300_/Y (sky130_fd_sc_hd__nand2b_1)
   0.5002    9.8711 ^ lsu/_29301_/Y (sky130_fd_sc_hd__nor3_1)
   0.2162   10.0873 ^ lsu/_29516_/X (sky130_fd_sc_hd__a22o_1)
   0.0473   10.1346 v lsu/_29517_/Y (sky130_fd_sc_hd__a221oi_1)
   0.2270   10.3616 v lsu/_29518_/X (sky130_fd_sc_hd__and4_1)
   0.0935   10.4551 ^ lsu/_29519_/Y (sky130_fd_sc_hd__nand3_1)
   0.0851   10.5402 v lsu/_29520_/Y (sky130_fd_sc_hd__nand2_1)
   0.0580   10.5981 ^ lsu/_40488_/Y (sky130_fd_sc_hd__nand2_1)
   0.1156   10.7137 v lsu/_40489_/Y (sky130_fd_sc_hd__o21ai_0)
   0.1764   10.8902 v core/memExeUnit/_191_/X (sky130_fd_sc_hd__buf_4)
   0.1819   11.0721 v core/ll_wbarb/_009_/X (sky130_fd_sc_hd__clkbuf_1)
   0.2456   11.3177 v core/ll_wbarb/_010_/X (sky130_fd_sc_hd__clkbuf_1)
   0.0813   11.3990 ^ core/ll_wbarb/_099_/Y (sky130_fd_sc_hd__inv_1)
   0.1445   11.5435 ^ core/FpPipeline/_2061_/X (sky130_fd_sc_hd__lpflow_inputiso0n_1)
   0.0722   11.6158 v core/FpPipeline/_2071_/Y (sky130_fd_sc_hd__nand2_1)
   0.0986   11.7143 ^ core/FpPipeline/_2073_/Y (sky130_fd_sc_hd__a21oi_1)
   0.1152   11.8295 ^ core/ll_wbarb/_100_/X (sky130_fd_sc_hd__or2_2)
   4.8833   16.7129 ^ core/_3793_/Y (sky130_fd_sc_hd__nor3b_1)
   0.4910   17.2039 v core/mem_issue_unit/slots_9/_0763_/Y (sky130_fd_sc_hd__o21ai_0)
   0.4726   17.6764 ^ core/mem_issue_unit/slots_9/_0766_/Y (sky130_fd_sc_hd__nor4_1)
   0.1073   17.7837 v core/mem_issue_unit/slots_9/_0767_/Y (sky130_fd_sc_hd__nand3_1)
   0.1862   17.9699 v core/mem_issue_unit/slots_9/_0791_/X (sky130_fd_sc_hd__and4_1)
   0.1253   18.0953 ^ core/mem_issue_unit/slots_9/_0792_/Y (sky130_fd_sc_hd__a21oi_1)
   0.0035   18.0987 ^ core/mem_issue_unit/slots_9/_0980_/D (sky130_fd_sc_hd__dfxtp_1)
            18.0987   data arrival time

  20.0000   20.0000   clock clock (rise edge)
   0.0000   20.0000   clock network delay (ideal)
   0.0000   20.0000   clock reconvergence pessimism
            20.0000 ^ core/mem_issue_unit/slots_9/_0980_/CLK (sky130_fd_sc_hd__dfxtp_1)
  -0.0722   19.9278   library setup time
            19.9278   data required time
-------------------------------------------------------------
            19.9278   data required time
           -18.0987   data arrival time
-------------------------------------------------------------
             1.8291   slack (MET)


Startpoint: core/_4005_ (rising edge-triggered flip-flop clocked by clock)
Endpoint: core/rename_stage/busytable/_2515_
          (rising edge-triggered flip-flop clocked by clock)
Path Group: clock
Path Type: max

    Delay      Time   Description
-------------------------------------------------------------
   0.0000    0.0000   clock clock (rise edge)
   0.0000    0.0000   clock network delay (ideal)
   0.0000    0.0000 ^ core/_4005_/CLK (sky130_fd_sc_hd__dfxtp_1)
   0.3332    0.3332 ^ core/_4005_/Q (sky130_fd_sc_hd__dfxtp_1)
   0.3006    0.6338 ^ core/_1893_/Y (sky130_fd_sc_hd__nor3b_1)
   0.1036    0.7374 v core/_1894_/Y (sky130_fd_sc_hd__nand2_1)
   4.7155    5.4530 ^ core/_1919_/Y (sky130_fd_sc_hd__o21ai_0)
   0.7629    6.2158 ^ lsu/_64242_/X (sky130_fd_sc_hd__buf_4)
   0.1194    6.3353 v dcache/_2795_/Y (sky130_fd_sc_hd__a22oi_1)
   0.2227    6.5580 v dcache/_2796_/X (sky130_fd_sc_hd__and4_1)
   0.0821    6.6402 ^ dcache/_2797_/Y (sky130_fd_sc_hd__nand2_1)
   0.0867    6.7268 v dcache/_2803_/Y (sky130_fd_sc_hd__nor4_1)
   0.0795    6.8064 ^ dcache/mshrs/_0615_/Y (sky130_fd_sc_hd__inv_1)
   0.0587    6.8651 v dcache/mshrs/_0616_/Y (sky130_fd_sc_hd__nor2_1)
   0.1498    7.0149 v dcache/mshrs/_0617_/Y (sky130_fd_sc_hd__a21boi_0)
   0.2381    7.2530 v dcache/mshrs/_0618_/X (sky130_fd_sc_hd__lpflow_inputiso0n_1)
   0.1857    7.4387 ^ dcache/mshrs/_0752_/Y (sky130_fd_sc_hd__a31oi_1)
   0.0689    7.5076 v dcache/mshrs/_0755_/Y (sky130_fd_sc_hd__nand2_1)
   0.2141    7.7217 v dcache/mshrs/_0756_/X (sky130_fd_sc_hd__a22o_1)
   0.1258    7.8475 v dcache/_2807_/X (sky130_fd_sc_hd__lpflow_isobufsrc_1)
   0.3604    8.2079 ^ dcache/_2808_/Y (sky130_fd_sc_hd__a2111oi_0)
   0.1294    8.3373 v dcache/_2809_/Y (sky130_fd_sc_hd__a311oi_1)
   0.1535    8.4908 ^ dcache/_2810_/X (sky130_fd_sc_hd__lpflow_isobufsrc_1)
   0.0805    8.5713 v dcache/_2812_/Y (sky130_fd_sc_hd__nor3_1)
   0.2226    8.7939 v dcache/_3359_/X (sky130_fd_sc_hd__lpflow_clkbufkapwr_1)
   0.3803    9.1742 v dcache/_3363_/X (sky130_fd_sc_hd__mux2_2)
   0.1967    9.3709 v lsu/_29300_/Y (sky130_fd_sc_hd__nand2b_1)
   0.5002    9.8711 ^ lsu/_29301_/Y (sky130_fd_sc_hd__nor3_1)
   0.2162   10.0873 ^ lsu/_29516_/X (sky130_fd_sc_hd__a22o_1)
   0.0473   10.1346 v lsu/_29517_/Y (sky130_fd_sc_hd__a221oi_1)
   0.2270   10.3616 v lsu/_29518_/X (sky130_fd_sc_hd__and4_1)
   0.0935   10.4551 ^ lsu/_29519_/Y (sky130_fd_sc_hd__nand3_1)
   0.0851   10.5402 v lsu/_29520_/Y (sky130_fd_sc_hd__nand2_1)
   0.0580   10.5981 ^ lsu/_40488_/Y (sky130_fd_sc_hd__nand2_1)
   0.1156   10.7137 v lsu/_40489_/Y (sky130_fd_sc_hd__o21ai_0)
   0.1764   10.8902 v core/memExeUnit/_191_/X (sky130_fd_sc_hd__buf_4)
   0.1819   11.0721 v core/ll_wbarb/_009_/X (sky130_fd_sc_hd__clkbuf_1)
   0.2456   11.3177 v core/ll_wbarb/_010_/X (sky130_fd_sc_hd__clkbuf_1)
   0.0813   11.3990 ^ core/ll_wbarb/_099_/Y (sky130_fd_sc_hd__inv_1)
   0.1445   11.5435 ^ core/FpPipeline/_2061_/X (sky130_fd_sc_hd__lpflow_inputiso0n_1)
   0.0722   11.6158 v core/FpPipeline/_2071_/Y (sky130_fd_sc_hd__nand2_1)
   0.0986   11.7143 ^ core/FpPipeline/_2073_/Y (sky130_fd_sc_hd__a21oi_1)
   0.1152   11.8295 ^ core/ll_wbarb/_100_/X (sky130_fd_sc_hd__or2_2)
   4.8833   16.7129 ^ core/_3793_/Y (sky130_fd_sc_hd__nor3b_1)
   0.5729   17.2858 v core/rename_stage/busytable/_1525_/X (sky130_fd_sc_hd__or3b_2)
   0.1527   17.4385 v core/rename_stage/busytable/_1526_/X (sky130_fd_sc_hd__clkbuf_1)
   0.1987   17.6373 v core/rename_stage/busytable/_1527_/X (sky130_fd_sc_hd__clkbuf_1)
   0.1929   17.8302 ^ core/rename_stage/busytable/_1669_/Y (sky130_fd_sc_hd__o22ai_1)
   0.0666   17.8968 v core/rename_stage/busytable/_1675_/Y (sky130_fd_sc_hd__nor2_1)
   0.0775   17.9743 ^ core/rename_stage/busytable/_1676_/Y (sky130_fd_sc_hd__nand3_1)
   0.0589   18.0333 v core/rename_stage/busytable/_1683_/Y (sky130_fd_sc_hd__a21oi_1)
   0.0035   18.0367 v core/rename_stage/busytable/_2515_/D (sky130_fd_sc_hd__dfxtp_1)
            18.0367   data arrival time

  20.0000   20.0000   clock clock (rise edge)
   0.0000   20.0000   clock network delay (ideal)
   0.0000   20.0000   clock reconvergence pessimism
            20.0000 ^ core/rename_stage/busytable/_2515_/CLK (sky130_fd_sc_hd__dfxtp_1)
  -0.1339   19.8661   library setup time
            19.8661   data required time
-------------------------------------------------------------
            19.8661   data required time
           -18.0367   data arrival time
-------------------------------------------------------------
             1.8294   slack (MET)


Startpoint: core/_4005_ (rising edge-triggered flip-flop clocked by clock)
Endpoint: core/rename_stage/busytable/_2580_
          (rising edge-triggered flip-flop clocked by clock)
Path Group: clock
Path Type: max

    Delay      Time   Description
-------------------------------------------------------------
   0.0000    0.0000   clock clock (rise edge)
   0.0000    0.0000   clock network delay (ideal)
   0.0000    0.0000 ^ core/_4005_/CLK (sky130_fd_sc_hd__dfxtp_1)
   0.3332    0.3332 ^ core/_4005_/Q (sky130_fd_sc_hd__dfxtp_1)
   0.3006    0.6338 ^ core/_1893_/Y (sky130_fd_sc_hd__nor3b_1)
   0.1036    0.7374 v core/_1894_/Y (sky130_fd_sc_hd__nand2_1)
   4.7155    5.4530 ^ core/_1919_/Y (sky130_fd_sc_hd__o21ai_0)
   0.7629    6.2158 ^ lsu/_64242_/X (sky130_fd_sc_hd__buf_4)
   0.1194    6.3353 v dcache/_2795_/Y (sky130_fd_sc_hd__a22oi_1)
   0.2227    6.5580 v dcache/_2796_/X (sky130_fd_sc_hd__and4_1)
   0.0821    6.6402 ^ dcache/_2797_/Y (sky130_fd_sc_hd__nand2_1)
   0.0867    6.7268 v dcache/_2803_/Y (sky130_fd_sc_hd__nor4_1)
   0.0795    6.8064 ^ dcache/mshrs/_0615_/Y (sky130_fd_sc_hd__inv_1)
   0.0587    6.8651 v dcache/mshrs/_0616_/Y (sky130_fd_sc_hd__nor2_1)
   0.1498    7.0149 v dcache/mshrs/_0617_/Y (sky130_fd_sc_hd__a21boi_0)
   0.2381    7.2530 v dcache/mshrs/_0618_/X (sky130_fd_sc_hd__lpflow_inputiso0n_1)
   0.1857    7.4387 ^ dcache/mshrs/_0752_/Y (sky130_fd_sc_hd__a31oi_1)
   0.0689    7.5076 v dcache/mshrs/_0755_/Y (sky130_fd_sc_hd__nand2_1)
   0.2141    7.7217 v dcache/mshrs/_0756_/X (sky130_fd_sc_hd__a22o_1)
   0.1258    7.8475 v dcache/_2807_/X (sky130_fd_sc_hd__lpflow_isobufsrc_1)
   0.3604    8.2079 ^ dcache/_2808_/Y (sky130_fd_sc_hd__a2111oi_0)
   0.1294    8.3373 v dcache/_2809_/Y (sky130_fd_sc_hd__a311oi_1)
   0.1535    8.4908 ^ dcache/_2810_/X (sky130_fd_sc_hd__lpflow_isobufsrc_1)
   0.0805    8.5713 v dcache/_2812_/Y (sky130_fd_sc_hd__nor3_1)
   0.2226    8.7939 v dcache/_3359_/X (sky130_fd_sc_hd__lpflow_clkbufkapwr_1)
   0.3803    9.1742 v dcache/_3363_/X (sky130_fd_sc_hd__mux2_2)
   0.1967    9.3709 v lsu/_29300_/Y (sky130_fd_sc_hd__nand2b_1)
   0.5002    9.8711 ^ lsu/_29301_/Y (sky130_fd_sc_hd__nor3_1)
   0.2162   10.0873 ^ lsu/_29516_/X (sky130_fd_sc_hd__a22o_1)
   0.0473   10.1346 v lsu/_29517_/Y (sky130_fd_sc_hd__a221oi_1)
   0.2270   10.3616 v lsu/_29518_/X (sky130_fd_sc_hd__and4_1)
   0.0935   10.4551 ^ lsu/_29519_/Y (sky130_fd_sc_hd__nand3_1)
   0.0851   10.5402 v lsu/_29520_/Y (sky130_fd_sc_hd__nand2_1)
   0.0580   10.5981 ^ lsu/_40488_/Y (sky130_fd_sc_hd__nand2_1)
   0.1156   10.7137 v lsu/_40489_/Y (sky130_fd_sc_hd__o21ai_0)
   0.1764   10.8902 v core/memExeUnit/_191_/X (sky130_fd_sc_hd__buf_4)
   0.1819   11.0721 v core/ll_wbarb/_009_/X (sky130_fd_sc_hd__clkbuf_1)
   0.2456   11.3177 v core/ll_wbarb/_010_/X (sky130_fd_sc_hd__clkbuf_1)
   0.0813   11.3990 ^ core/ll_wbarb/_099_/Y (sky130_fd_sc_hd__inv_1)
   0.1445   11.5435 ^ core/FpPipeline/_2061_/X (sky130_fd_sc_hd__lpflow_inputiso0n_1)
   0.0722   11.6158 v core/FpPipeline/_2071_/Y (sky130_fd_sc_hd__nand2_1)
   0.0986   11.7143 ^ core/FpPipeline/_2073_/Y (sky130_fd_sc_hd__a21oi_1)
   0.1152   11.8295 ^ core/ll_wbarb/_100_/X (sky130_fd_sc_hd__or2_2)
   4.8833   16.7129 ^ core/_3793_/Y (sky130_fd_sc_hd__nor3b_1)
   0.2605   16.9734 v core/rename_stage/busytable/_2390_/Y (sky130_fd_sc_hd__nand2_1)
   0.5188   17.4922 v core/rename_stage/busytable/_2391_/X (sky130_fd_sc_hd__or2_2)
   0.1858   17.6780 v core/rename_stage/busytable/_2392_/X (sky130_fd_sc_hd__lpflow_clkbufkapwr_1)
   0.1527   17.8306 ^ core/rename_stage/busytable/_2446_/Y (sky130_fd_sc_hd__o22ai_1)
   0.0575   17.8881 v core/rename_stage/busytable/_2447_/Y (sky130_fd_sc_hd__nor2_1)
   0.0774   17.9655 ^ core/rename_stage/busytable/_2448_/Y (sky130_fd_sc_hd__nand3_1)
   0.0588   18.0243 v core/rename_stage/busytable/_2450_/Y (sky130_fd_sc_hd__a21oi_1)
   0.0035   18.0278 v core/rename_stage/busytable/_2580_/D (sky130_fd_sc_hd__dfxtp_1)
            18.0278   data arrival time

  20.0000   20.0000   clock clock (rise edge)
   0.0000   20.0000   clock network delay (ideal)
   0.0000   20.0000   clock reconvergence pessimism
            20.0000 ^ core/rename_stage/busytable/_2580_/CLK (sky130_fd_sc_hd__dfxtp_1)
  -0.1339   19.8661   library setup time
            19.8661   data required time
-------------------------------------------------------------
            19.8661   data required time
           -18.0278   data arrival time
-------------------------------------------------------------
             1.8383   slack (MET)


Startpoint: core/_4005_ (rising edge-triggered flip-flop clocked by clock)
Endpoint: core/rename_stage/busytable/_2514_
          (rising edge-triggered flip-flop clocked by clock)
Path Group: clock
Path Type: max

    Delay      Time   Description
-------------------------------------------------------------
   0.0000    0.0000   clock clock (rise edge)
   0.0000    0.0000   clock network delay (ideal)
   0.0000    0.0000 ^ core/_4005_/CLK (sky130_fd_sc_hd__dfxtp_1)
   0.3332    0.3332 ^ core/_4005_/Q (sky130_fd_sc_hd__dfxtp_1)
   0.3006    0.6338 ^ core/_1893_/Y (sky130_fd_sc_hd__nor3b_1)
   0.1036    0.7374 v core/_1894_/Y (sky130_fd_sc_hd__nand2_1)
   4.7155    5.4530 ^ core/_1919_/Y (sky130_fd_sc_hd__o21ai_0)
   0.7629    6.2158 ^ lsu/_64242_/X (sky130_fd_sc_hd__buf_4)
   0.1194    6.3353 v dcache/_2795_/Y (sky130_fd_sc_hd__a22oi_1)
   0.2227    6.5580 v dcache/_2796_/X (sky130_fd_sc_hd__and4_1)
   0.0821    6.6402 ^ dcache/_2797_/Y (sky130_fd_sc_hd__nand2_1)
   0.0867    6.7268 v dcache/_2803_/Y (sky130_fd_sc_hd__nor4_1)
   0.0795    6.8064 ^ dcache/mshrs/_0615_/Y (sky130_fd_sc_hd__inv_1)
   0.0587    6.8651 v dcache/mshrs/_0616_/Y (sky130_fd_sc_hd__nor2_1)
   0.1498    7.0149 v dcache/mshrs/_0617_/Y (sky130_fd_sc_hd__a21boi_0)
   0.2381    7.2530 v dcache/mshrs/_0618_/X (sky130_fd_sc_hd__lpflow_inputiso0n_1)
   0.1857    7.4387 ^ dcache/mshrs/_0752_/Y (sky130_fd_sc_hd__a31oi_1)
   0.0689    7.5076 v dcache/mshrs/_0755_/Y (sky130_fd_sc_hd__nand2_1)
   0.2141    7.7217 v dcache/mshrs/_0756_/X (sky130_fd_sc_hd__a22o_1)
   0.1258    7.8475 v dcache/_2807_/X (sky130_fd_sc_hd__lpflow_isobufsrc_1)
   0.3604    8.2079 ^ dcache/_2808_/Y (sky130_fd_sc_hd__a2111oi_0)
   0.1294    8.3373 v dcache/_2809_/Y (sky130_fd_sc_hd__a311oi_1)
   0.1535    8.4908 ^ dcache/_2810_/X (sky130_fd_sc_hd__lpflow_isobufsrc_1)
   0.0805    8.5713 v dcache/_2812_/Y (sky130_fd_sc_hd__nor3_1)
   0.2226    8.7939 v dcache/_3359_/X (sky130_fd_sc_hd__lpflow_clkbufkapwr_1)
   0.3803    9.1742 v dcache/_3363_/X (sky130_fd_sc_hd__mux2_2)
   0.1967    9.3709 v lsu/_29300_/Y (sky130_fd_sc_hd__nand2b_1)
   0.5002    9.8711 ^ lsu/_29301_/Y (sky130_fd_sc_hd__nor3_1)
   0.2162   10.0873 ^ lsu/_29516_/X (sky130_fd_sc_hd__a22o_1)
   0.0473   10.1346 v lsu/_29517_/Y (sky130_fd_sc_hd__a221oi_1)
   0.2270   10.3616 v lsu/_29518_/X (sky130_fd_sc_hd__and4_1)
   0.0935   10.4551 ^ lsu/_29519_/Y (sky130_fd_sc_hd__nand3_1)
   0.0851   10.5402 v lsu/_29520_/Y (sky130_fd_sc_hd__nand2_1)
   0.0580   10.5981 ^ lsu/_40488_/Y (sky130_fd_sc_hd__nand2_1)
   0.1156   10.7137 v lsu/_40489_/Y (sky130_fd_sc_hd__o21ai_0)
   0.1764   10.8902 v core/memExeUnit/_191_/X (sky130_fd_sc_hd__buf_4)
   0.1819   11.0721 v core/ll_wbarb/_009_/X (sky130_fd_sc_hd__clkbuf_1)
   0.2456   11.3177 v core/ll_wbarb/_010_/X (sky130_fd_sc_hd__clkbuf_1)
   0.0813   11.3990 ^ core/ll_wbarb/_099_/Y (sky130_fd_sc_hd__inv_1)
   0.1445   11.5435 ^ core/FpPipeline/_2061_/X (sky130_fd_sc_hd__lpflow_inputiso0n_1)
   0.0722   11.6158 v core/FpPipeline/_2071_/Y (sky130_fd_sc_hd__nand2_1)
   0.0986   11.7143 ^ core/FpPipeline/_2073_/Y (sky130_fd_sc_hd__a21oi_1)
   0.1152   11.8295 ^ core/ll_wbarb/_100_/X (sky130_fd_sc_hd__or2_2)
   4.8833   16.7129 ^ core/_3793_/Y (sky130_fd_sc_hd__nor3b_1)
   0.5729   17.2858 v core/rename_stage/busytable/_1525_/X (sky130_fd_sc_hd__or3b_2)
   0.1527   17.4385 v core/rename_stage/busytable/_1526_/X (sky130_fd_sc_hd__clkbuf_1)
   0.1987   17.6373 v core/rename_stage/busytable/_1527_/X (sky130_fd_sc_hd__clkbuf_1)
   0.1410   17.7783 ^ core/rename_stage/busytable/_1643_/Y (sky130_fd_sc_hd__o22ai_1)
   0.0669   17.8453 v core/rename_stage/busytable/_1649_/Y (sky130_fd_sc_hd__nor2_1)
   0.0879   17.9332 ^ core/rename_stage/busytable/_1650_/Y (sky130_fd_sc_hd__o211ai_1)
   0.0811   18.0142 v core/rename_stage/busytable/_1659_/Y (sky130_fd_sc_hd__a21oi_1)
   0.0035   18.0177 v core/rename_stage/busytable/_2514_/D (sky130_fd_sc_hd__dfxtp_1)
            18.0177   data arrival time

  20.0000   20.0000   clock clock (rise edge)
   0.0000   20.0000   clock network delay (ideal)
   0.0000   20.0000   clock reconvergence pessimism
            20.0000 ^ core/rename_stage/busytable/_2514_/CLK (sky130_fd_sc_hd__dfxtp_1)
  -0.1339   19.8661   library setup time
            19.8661   data required time
-------------------------------------------------------------
            19.8661   data required time
           -18.0177   data arrival time
-------------------------------------------------------------
             1.8484   slack (MET)


Startpoint: core/alu_exe_unit/PipelinedMulUnit/imul/_56534_
            (rising edge-triggered flip-flop clocked by clock)
Endpoint: core/alu_exe_unit/PipelinedMulUnit/imul/_56658_
          (rising edge-triggered flip-flop clocked by clock)
Path Group: clock
Path Type: max

    Delay      Time   Description
-------------------------------------------------------------
   0.0000    0.0000   clock clock (rise edge)
   0.0000    0.0000   clock network delay (ideal)
   0.0000    0.0000 ^ core/alu_exe_unit/PipelinedMulUnit/imul/_56534_/CLK (sky130_fd_sc_hd__dfxtp_1)
   0.3800    0.3800 ^ core/alu_exe_unit/PipelinedMulUnit/imul/_56534_/Q (sky130_fd_sc_hd__dfxtp_1)
   0.2608    0.6408 ^ core/alu_exe_unit/PipelinedMulUnit/imul/_28773_/X (sky130_fd_sc_hd__clkbuf_1)
   0.1282    0.7691 v core/alu_exe_unit/PipelinedMulUnit/imul/_38772_/Y (sky130_fd_sc_hd__nand2_1)
   0.4064    1.1755 v core/alu_exe_unit/PipelinedMulUnit/imul/_38820_/X (sky130_fd_sc_hd__xor3_1)
   0.3651    1.5405 v core/alu_exe_unit/PipelinedMulUnit/imul/_38822_/X (sky130_fd_sc_hd__maj3_1)
   0.2861    1.8266 ^ core/alu_exe_unit/PipelinedMulUnit/imul/_38824_/X (sky130_fd_sc_hd__xor2_1)
   0.1517    1.9783 v core/alu_exe_unit/PipelinedMulUnit/imul/_38826_/Y (sky130_fd_sc_hd__o21ai_0)
   0.3985    2.3767 v core/alu_exe_unit/PipelinedMulUnit/imul/_38829_/X (sky130_fd_sc_hd__maj3_1)
   0.3902    2.7670 v core/alu_exe_unit/PipelinedMulUnit/imul/_38866_/X (sky130_fd_sc_hd__xor3_1)
   0.2564    3.0233 ^ core/alu_exe_unit/PipelinedMulUnit/imul/_38903_/Y (sky130_fd_sc_hd__xnor2_1)
   0.6499    3.6732 v core/alu_exe_unit/PipelinedMulUnit/imul/_38936_/X (sky130_fd_sc_hd__or4b_2)
   0.3847    4.0579 v core/alu_exe_unit/PipelinedMulUnit/imul/_38942_/X (sky130_fd_sc_hd__maj3_1)
   0.2658    4.3237 ^ core/alu_exe_unit/PipelinedMulUnit/imul/_38943_/X (sky130_fd_sc_hd__xor2_1)
   0.1583    4.4819 v core/alu_exe_unit/PipelinedMulUnit/imul/_38974_/Y (sky130_fd_sc_hd__o21ai_0)
   0.1784    4.6604 v core/alu_exe_unit/PipelinedMulUnit/imul/_38975_/X (sky130_fd_sc_hd__xor2_1)
   0.1870    4.8474 ^ core/alu_exe_unit/PipelinedMulUnit/imul/_38999_/Y (sky130_fd_sc_hd__a22oi_1)
   0.1607    5.0081 ^ core/alu_exe_unit/PipelinedMulUnit/imul/_39001_/X (sky130_fd_sc_hd__o21ba_2)
   0.0992    5.1073 v core/alu_exe_unit/PipelinedMulUnit/imul/_39003_/Y (sky130_fd_sc_hd__o21ai_0)
   0.2119    5.3192 ^ core/alu_exe_unit/PipelinedMulUnit/imul/_39006_/Y (sky130_fd_sc_hd__a31oi_1)
   0.1118    5.4310 v core/alu_exe_unit/PipelinedMulUnit/imul/_39008_/Y (sky130_fd_sc_hd__o21ai_0)
   0.1895    5.6205 ^ core/alu_exe_unit/PipelinedMulUnit/imul/_39011_/Y (sky130_fd_sc_hd__a21oi_1)
   0.0998    5.7203 v core/alu_exe_unit/PipelinedMulUnit/imul/_39014_/Y (sky130_fd_sc_hd__o211ai_1)
   0.2480    5.9682 ^ core/alu_exe_unit/PipelinedMulUnit/imul/_39015_/Y (sky130_fd_sc_hd__a32oi_1)
   0.1803    6.1485 v core/alu_exe_unit/PipelinedMulUnit/imul/_39020_/Y (sky130_fd_sc_hd__o21ai_0)
   0.1960    6.3445 ^ core/alu_exe_unit/PipelinedMulUnit/imul/_39025_/Y (sky130_fd_sc_hd__a31oi_1)
   0.1017    6.4462 v core/alu_exe_unit/PipelinedMulUnit/imul/_39030_/Y (sky130_fd_sc_hd__o31ai_1)
   0.2593    6.7055 ^ core/alu_exe_unit/PipelinedMulUnit/imul/_39033_/Y (sky130_fd_sc_hd__a211oi_1)
   0.1869    6.8924 ^ core/alu_exe_unit/PipelinedMulUnit/imul/_39034_/X (sky130_fd_sc_hd__or3_1)
   0.1488    7.0412 v core/alu_exe_unit/PipelinedMulUnit/imul/_39039_/Y (sky130_fd_sc_hd__a311oi_1)
   0.6040    7.6452 ^ core/alu_exe_unit/PipelinedMulUnit/imul/_39046_/Y (sky130_fd_sc_hd__o311ai_0)
   0.3034    7.9486 ^ core/alu_exe_unit/PipelinedMulUnit/imul/_39050_/X (sky130_fd_sc_hd__a311o_1)
   0.2368    8.1855 ^ core/alu_exe_unit/PipelinedMulUnit/imul/_39053_/X (sky130_fd_sc_hd__a311o_1)
   0.1096    8.2951 v core/alu_exe_unit/PipelinedMulUnit/imul/_39058_/Y (sky130_fd_sc_hd__a211oi_1)
   0.2851    8.5801 v core/alu_exe_unit/PipelinedMulUnit/imul/_39061_/X (sky130_fd_sc_hd__o311a_1)
   0.5404    9.1205 ^ core/alu_exe_unit/PipelinedMulUnit/imul/_39065_/Y (sky130_fd_sc_hd__o311ai_0)
   0.2582    9.3788 ^ core/alu_exe_unit/PipelinedMulUnit/imul/_39071_/X (sky130_fd_sc_hd__a311o_1)
   0.2073    9.5861 ^ core/alu_exe_unit/PipelinedMulUnit/imul/_39077_/X (sky130_fd_sc_hd__a311o_1)
   0.2364    9.8225 ^ core/alu_exe_unit/PipelinedMulUnit/imul/_39082_/X (sky130_fd_sc_hd__a311o_1)
   0.1407    9.9632 v core/alu_exe_unit/PipelinedMulUnit/imul/_39086_/Y (sky130_fd_sc_hd__a311oi_1)
   0.3195   10.2827 v core/alu_exe_unit/PipelinedMulUnit/imul/_39298_/X (sky130_fd_sc_hd__o311a_1)
   0.2549   10.5376 ^ core/alu_exe_unit/PipelinedMulUnit/imul/_39443_/Y (sky130_fd_sc_hd__a21oi_1)
   0.1690   10.7066 ^ core/alu_exe_unit/PipelinedMulUnit/imul/_39667_/Y (sky130_fd_sc_hd__nand4b_1)
   0.1095   10.8161 v core/alu_exe_unit/PipelinedMulUnit/imul/_40064_/Y (sky130_fd_sc_hd__a2111oi_0)
   0.3511   11.1672 v core/alu_exe_unit/PipelinedMulUnit/imul/_40737_/X (sky130_fd_sc_hd__o311a_1)
   0.2478   11.4150 ^ core/alu_exe_unit/PipelinedMulUnit/imul/_41070_/Y (sky130_fd_sc_hd__o21ai_0)
   0.2421   11.6571 ^ core/alu_exe_unit/PipelinedMulUnit/imul/_41755_/X (sky130_fd_sc_hd__a311o_1)
   0.1259   11.7830 v core/alu_exe_unit/PipelinedMulUnit/imul/_42422_/Y (sky130_fd_sc_hd__a311oi_1)
   0.5945   12.3775 ^ core/alu_exe_unit/PipelinedMulUnit/imul/_43094_/Y (sky130_fd_sc_hd__o311ai_0)
   0.2362   12.6137 v core/alu_exe_unit/PipelinedMulUnit/imul/_43747_/Y (sky130_fd_sc_hd__a311oi_1)
   0.6182   13.2319 ^ core/alu_exe_unit/PipelinedMulUnit/imul/_44418_/Y (sky130_fd_sc_hd__o311ai_0)
   0.2245   13.4563 v core/alu_exe_unit/PipelinedMulUnit/imul/_45071_/Y (sky130_fd_sc_hd__a311oi_1)
   0.2064   13.6628 v core/alu_exe_unit/PipelinedMulUnit/imul/_47260_/X (sky130_fd_sc_hd__and4_1)
   0.2108   13.8735 ^ core/alu_exe_unit/PipelinedMulUnit/imul/_49521_/Y (sky130_fd_sc_hd__o2111ai_1)
   0.1194   13.9929 v core/alu_exe_unit/PipelinedMulUnit/imul/_49782_/Y (sky130_fd_sc_hd__a21oi_1)
   0.2635   14.2564 ^ core/alu_exe_unit/PipelinedMulUnit/imul/_50316_/Y (sky130_fd_sc_hd__o21ai_0)
   0.1305   14.3870 v core/alu_exe_unit/PipelinedMulUnit/imul/_50858_/Y (sky130_fd_sc_hd__a21oi_1)
   0.3658   14.7528 v core/alu_exe_unit/PipelinedMulUnit/imul/_50871_/X (sky130_fd_sc_hd__o311a_1)
   0.3555   15.1083 v core/alu_exe_unit/PipelinedMulUnit/imul/_51630_/X (sky130_fd_sc_hd__o311a_1)
   0.2574   15.3657 v core/alu_exe_unit/PipelinedMulUnit/imul/_52120_/X (sky130_fd_sc_hd__o211a_1)
   0.3951   15.7608 v core/alu_exe_unit/PipelinedMulUnit/imul/_52797_/X (sky130_fd_sc_hd__o311a_1)
   0.3693   16.1301 v core/alu_exe_unit/PipelinedMulUnit/imul/_53467_/X (sky130_fd_sc_hd__o311a_1)
   0.2403   16.3704 ^ core/alu_exe_unit/PipelinedMulUnit/imul/_53881_/Y (sky130_fd_sc_hd__o211ai_1)
   0.1188   16.4892 v core/alu_exe_unit/PipelinedMulUnit/imul/_54311_/Y (sky130_fd_sc_hd__a211oi_1)
   0.3489   16.8381 v core/alu_exe_unit/PipelinedMulUnit/imul/_54711_/X (sky130_fd_sc_hd__o311a_1)
   0.3770   17.2151 ^ core/alu_exe_unit/PipelinedMulUnit/imul/_55083_/Y (sky130_fd_sc_hd__o311ai_0)
   0.1854   17.4004 v core/alu_exe_unit/PipelinedMulUnit/imul/_55256_/Y (sky130_fd_sc_hd__a21boi_0)
   0.3675   17.7679 v core/alu_exe_unit/PipelinedMulUnit/imul/_55417_/X (sky130_fd_sc_hd__or3_1)
   0.1473   17.9152 ^ core/alu_exe_unit/PipelinedMulUnit/imul/_55418_/Y (sky130_fd_sc_hd__a21oi_1)
   0.0894   18.0046 v core/alu_exe_unit/PipelinedMulUnit/imul/_55424_/Y (sky130_fd_sc_hd__o22ai_1)
   0.0035   18.0080 v core/alu_exe_unit/PipelinedMulUnit/imul/_56658_/D (sky130_fd_sc_hd__dfxtp_1)
            18.0080   data arrival time

  20.0000   20.0000   clock clock (rise edge)
   0.0000   20.0000   clock network delay (ideal)
   0.0000   20.0000   clock reconvergence pessimism
            20.0000 ^ core/alu_exe_unit/PipelinedMulUnit/imul/_56658_/CLK (sky130_fd_sc_hd__dfxtp_1)
  -0.1309   19.8691   library setup time
            19.8691   data required time
-------------------------------------------------------------
            19.8691   data required time
           -18.0080   data arrival time
-------------------------------------------------------------
             1.8610   slack (MET)


Startpoint: core/_4005_ (rising edge-triggered flip-flop clocked by clock)
Endpoint: core/rename_stage/busytable/_2518_
          (rising edge-triggered flip-flop clocked by clock)
Path Group: clock
Path Type: max

    Delay      Time   Description
-------------------------------------------------------------
   0.0000    0.0000   clock clock (rise edge)
   0.0000    0.0000   clock network delay (ideal)
   0.0000    0.0000 ^ core/_4005_/CLK (sky130_fd_sc_hd__dfxtp_1)
   0.3332    0.3332 ^ core/_4005_/Q (sky130_fd_sc_hd__dfxtp_1)
   0.3006    0.6338 ^ core/_1893_/Y (sky130_fd_sc_hd__nor3b_1)
   0.1036    0.7374 v core/_1894_/Y (sky130_fd_sc_hd__nand2_1)
   4.7155    5.4530 ^ core/_1919_/Y (sky130_fd_sc_hd__o21ai_0)
   0.7629    6.2158 ^ lsu/_64242_/X (sky130_fd_sc_hd__buf_4)
   0.1194    6.3353 v dcache/_2795_/Y (sky130_fd_sc_hd__a22oi_1)
   0.2227    6.5580 v dcache/_2796_/X (sky130_fd_sc_hd__and4_1)
   0.0821    6.6402 ^ dcache/_2797_/Y (sky130_fd_sc_hd__nand2_1)
   0.0867    6.7268 v dcache/_2803_/Y (sky130_fd_sc_hd__nor4_1)
   0.0795    6.8064 ^ dcache/mshrs/_0615_/Y (sky130_fd_sc_hd__inv_1)
   0.0587    6.8651 v dcache/mshrs/_0616_/Y (sky130_fd_sc_hd__nor2_1)
   0.1498    7.0149 v dcache/mshrs/_0617_/Y (sky130_fd_sc_hd__a21boi_0)
   0.2381    7.2530 v dcache/mshrs/_0618_/X (sky130_fd_sc_hd__lpflow_inputiso0n_1)
   0.1857    7.4387 ^ dcache/mshrs/_0752_/Y (sky130_fd_sc_hd__a31oi_1)
   0.0689    7.5076 v dcache/mshrs/_0755_/Y (sky130_fd_sc_hd__nand2_1)
   0.2141    7.7217 v dcache/mshrs/_0756_/X (sky130_fd_sc_hd__a22o_1)
   0.1258    7.8475 v dcache/_2807_/X (sky130_fd_sc_hd__lpflow_isobufsrc_1)
   0.3604    8.2079 ^ dcache/_2808_/Y (sky130_fd_sc_hd__a2111oi_0)
   0.1294    8.3373 v dcache/_2809_/Y (sky130_fd_sc_hd__a311oi_1)
   0.1535    8.4908 ^ dcache/_2810_/X (sky130_fd_sc_hd__lpflow_isobufsrc_1)
   0.0805    8.5713 v dcache/_2812_/Y (sky130_fd_sc_hd__nor3_1)
   0.2226    8.7939 v dcache/_3359_/X (sky130_fd_sc_hd__lpflow_clkbufkapwr_1)
   0.3803    9.1742 v dcache/_3363_/X (sky130_fd_sc_hd__mux2_2)
   0.1967    9.3709 v lsu/_29300_/Y (sky130_fd_sc_hd__nand2b_1)
   0.5002    9.8711 ^ lsu/_29301_/Y (sky130_fd_sc_hd__nor3_1)
   0.2162   10.0873 ^ lsu/_29516_/X (sky130_fd_sc_hd__a22o_1)
   0.0473   10.1346 v lsu/_29517_/Y (sky130_fd_sc_hd__a221oi_1)
   0.2270   10.3616 v lsu/_29518_/X (sky130_fd_sc_hd__and4_1)
   0.0935   10.4551 ^ lsu/_29519_/Y (sky130_fd_sc_hd__nand3_1)
   0.0851   10.5402 v lsu/_29520_/Y (sky130_fd_sc_hd__nand2_1)
   0.0580   10.5981 ^ lsu/_40488_/Y (sky130_fd_sc_hd__nand2_1)
   0.1156   10.7137 v lsu/_40489_/Y (sky130_fd_sc_hd__o21ai_0)
   0.1764   10.8902 v core/memExeUnit/_191_/X (sky130_fd_sc_hd__buf_4)
   0.1819   11.0721 v core/ll_wbarb/_009_/X (sky130_fd_sc_hd__clkbuf_1)
   0.2456   11.3177 v core/ll_wbarb/_010_/X (sky130_fd_sc_hd__clkbuf_1)
   0.0813   11.3990 ^ core/ll_wbarb/_099_/Y (sky130_fd_sc_hd__inv_1)
   0.1445   11.5435 ^ core/FpPipeline/_2061_/X (sky130_fd_sc_hd__lpflow_inputiso0n_1)
   0.0722   11.6158 v core/FpPipeline/_2071_/Y (sky130_fd_sc_hd__nand2_1)
   0.0986   11.7143 ^ core/FpPipeline/_2073_/Y (sky130_fd_sc_hd__a21oi_1)
   0.1152   11.8295 ^ core/ll_wbarb/_100_/X (sky130_fd_sc_hd__or2_2)
   4.8833   16.7129 ^ core/_3793_/Y (sky130_fd_sc_hd__nor3b_1)
   0.5729   17.2858 v core/rename_stage/busytable/_1525_/X (sky130_fd_sc_hd__or3b_2)
   0.1527   17.4385 v core/rename_stage/busytable/_1526_/X (sky130_fd_sc_hd__clkbuf_1)
   0.1987   17.6373 v core/rename_stage/busytable/_1527_/X (sky130_fd_sc_hd__clkbuf_1)
   0.1412   17.7785 ^ core/rename_stage/busytable/_1743_/Y (sky130_fd_sc_hd__o22ai_1)
   0.0587   17.8371 v core/rename_stage/busytable/_1744_/Y (sky130_fd_sc_hd__a21oi_1)
   0.0956   17.9327 ^ core/rename_stage/busytable/_1745_/Y (sky130_fd_sc_hd__nand3_1)
   0.0594   17.9921 v core/rename_stage/busytable/_1755_/Y (sky130_fd_sc_hd__a21oi_1)
   0.0035   17.9956 v core/rename_stage/busytable/_2518_/D (sky130_fd_sc_hd__dfxtp_1)
            17.9956   data arrival time

  20.0000   20.0000   clock clock (rise edge)
   0.0000   20.0000   clock network delay (ideal)
   0.0000   20.0000   clock reconvergence pessimism
            20.0000 ^ core/rename_stage/busytable/_2518_/CLK (sky130_fd_sc_hd__dfxtp_1)
  -0.1339   19.8661   library setup time
            19.8661   data required time
-------------------------------------------------------------
            19.8661   data required time
           -17.9956   data arrival time
-------------------------------------------------------------
             1.8706   slack (MET)


Startpoint: core/_4005_ (rising edge-triggered flip-flop clocked by clock)
Endpoint: core/rename_stage/busytable/_2541_
          (rising edge-triggered flip-flop clocked by clock)
Path Group: clock
Path Type: max

    Delay      Time   Description
-------------------------------------------------------------
   0.0000    0.0000   clock clock (rise edge)
   0.0000    0.0000   clock network delay (ideal)
   0.0000    0.0000 ^ core/_4005_/CLK (sky130_fd_sc_hd__dfxtp_1)
   0.3332    0.3332 ^ core/_4005_/Q (sky130_fd_sc_hd__dfxtp_1)
   0.3006    0.6338 ^ core/_1893_/Y (sky130_fd_sc_hd__nor3b_1)
   0.1036    0.7374 v core/_1894_/Y (sky130_fd_sc_hd__nand2_1)
   4.7155    5.4530 ^ core/_1919_/Y (sky130_fd_sc_hd__o21ai_0)
   0.7629    6.2158 ^ lsu/_64242_/X (sky130_fd_sc_hd__buf_4)
   0.1194    6.3353 v dcache/_2795_/Y (sky130_fd_sc_hd__a22oi_1)
   0.2227    6.5580 v dcache/_2796_/X (sky130_fd_sc_hd__and4_1)
   0.0821    6.6402 ^ dcache/_2797_/Y (sky130_fd_sc_hd__nand2_1)
   0.0867    6.7268 v dcache/_2803_/Y (sky130_fd_sc_hd__nor4_1)
   0.0795    6.8064 ^ dcache/mshrs/_0615_/Y (sky130_fd_sc_hd__inv_1)
   0.0587    6.8651 v dcache/mshrs/_0616_/Y (sky130_fd_sc_hd__nor2_1)
   0.1498    7.0149 v dcache/mshrs/_0617_/Y (sky130_fd_sc_hd__a21boi_0)
   0.2381    7.2530 v dcache/mshrs/_0618_/X (sky130_fd_sc_hd__lpflow_inputiso0n_1)
   0.1857    7.4387 ^ dcache/mshrs/_0752_/Y (sky130_fd_sc_hd__a31oi_1)
   0.0689    7.5076 v dcache/mshrs/_0755_/Y (sky130_fd_sc_hd__nand2_1)
   0.2141    7.7217 v dcache/mshrs/_0756_/X (sky130_fd_sc_hd__a22o_1)
   0.1258    7.8475 v dcache/_2807_/X (sky130_fd_sc_hd__lpflow_isobufsrc_1)
   0.3604    8.2079 ^ dcache/_2808_/Y (sky130_fd_sc_hd__a2111oi_0)
   0.1294    8.3373 v dcache/_2809_/Y (sky130_fd_sc_hd__a311oi_1)
   0.1535    8.4908 ^ dcache/_2810_/X (sky130_fd_sc_hd__lpflow_isobufsrc_1)
   0.0805    8.5713 v dcache/_2812_/Y (sky130_fd_sc_hd__nor3_1)
   0.2226    8.7939 v dcache/_3359_/X (sky130_fd_sc_hd__lpflow_clkbufkapwr_1)
   0.3803    9.1742 v dcache/_3363_/X (sky130_fd_sc_hd__mux2_2)
   0.1967    9.3709 v lsu/_29300_/Y (sky130_fd_sc_hd__nand2b_1)
   0.5002    9.8711 ^ lsu/_29301_/Y (sky130_fd_sc_hd__nor3_1)
   0.2162   10.0873 ^ lsu/_29516_/X (sky130_fd_sc_hd__a22o_1)
   0.0473   10.1346 v lsu/_29517_/Y (sky130_fd_sc_hd__a221oi_1)
   0.2270   10.3616 v lsu/_29518_/X (sky130_fd_sc_hd__and4_1)
   0.0935   10.4551 ^ lsu/_29519_/Y (sky130_fd_sc_hd__nand3_1)
   0.0851   10.5402 v lsu/_29520_/Y (sky130_fd_sc_hd__nand2_1)
   0.0580   10.5981 ^ lsu/_40488_/Y (sky130_fd_sc_hd__nand2_1)
   0.1156   10.7137 v lsu/_40489_/Y (sky130_fd_sc_hd__o21ai_0)
   0.1764   10.8902 v core/memExeUnit/_191_/X (sky130_fd_sc_hd__buf_4)
   0.1819   11.0721 v core/ll_wbarb/_009_/X (sky130_fd_sc_hd__clkbuf_1)
   0.2456   11.3177 v core/ll_wbarb/_010_/X (sky130_fd_sc_hd__clkbuf_1)
   0.0813   11.3990 ^ core/ll_wbarb/_099_/Y (sky130_fd_sc_hd__inv_1)
   0.1445   11.5435 ^ core/FpPipeline/_2061_/X (sky130_fd_sc_hd__lpflow_inputiso0n_1)
   0.0722   11.6158 v core/FpPipeline/_2071_/Y (sky130_fd_sc_hd__nand2_1)
   0.0986   11.7143 ^ core/FpPipeline/_2073_/Y (sky130_fd_sc_hd__a21oi_1)
   0.1152   11.8295 ^ core/ll_wbarb/_100_/X (sky130_fd_sc_hd__or2_2)
   4.8833   16.7129 ^ core/_3793_/Y (sky130_fd_sc_hd__nor3b_1)
   0.5729   17.2858 v core/rename_stage/busytable/_1525_/X (sky130_fd_sc_hd__or3b_2)
   0.1527   17.4385 v core/rename_stage/busytable/_1526_/X (sky130_fd_sc_hd__clkbuf_1)
   0.2689   17.7075 ^ core/rename_stage/busytable/_2104_/Y (sky130_fd_sc_hd__o32ai_1)
   0.0822   17.7897 v core/rename_stage/busytable/_2106_/Y (sky130_fd_sc_hd__a211oi_1)
   0.1104   17.9001 ^ core/rename_stage/busytable/_2107_/Y (sky130_fd_sc_hd__o211ai_1)
   0.0810   17.9812 v core/rename_stage/busytable/_2111_/Y (sky130_fd_sc_hd__a21oi_1)
   0.0035   17.9846 v core/rename_stage/busytable/_2541_/D (sky130_fd_sc_hd__dfxtp_1)
            17.9846   data arrival time

  20.0000   20.0000   clock clock (rise edge)
   0.0000   20.0000   clock network delay (ideal)
   0.0000   20.0000   clock reconvergence pessimism
            20.0000 ^ core/rename_stage/busytable/_2541_/CLK (sky130_fd_sc_hd__dfxtp_1)
  -0.1339   19.8661   library setup time
            19.8661   data required time
-------------------------------------------------------------
            19.8661   data required time
           -17.9846   data arrival time
-------------------------------------------------------------
             1.8815   slack (MET)


Startpoint: core/_4005_ (rising edge-triggered flip-flop clocked by clock)
Endpoint: core/rename_stage/busytable/_2534_
          (rising edge-triggered flip-flop clocked by clock)
Path Group: clock
Path Type: max

    Delay      Time   Description
-------------------------------------------------------------
   0.0000    0.0000   clock clock (rise edge)
   0.0000    0.0000   clock network delay (ideal)
   0.0000    0.0000 ^ core/_4005_/CLK (sky130_fd_sc_hd__dfxtp_1)
   0.3332    0.3332 ^ core/_4005_/Q (sky130_fd_sc_hd__dfxtp_1)
   0.3006    0.6338 ^ core/_1893_/Y (sky130_fd_sc_hd__nor3b_1)
   0.1036    0.7374 v core/_1894_/Y (sky130_fd_sc_hd__nand2_1)
   4.7155    5.4530 ^ core/_1919_/Y (sky130_fd_sc_hd__o21ai_0)
   0.7629    6.2158 ^ lsu/_64242_/X (sky130_fd_sc_hd__buf_4)
   0.1194    6.3353 v dcache/_2795_/Y (sky130_fd_sc_hd__a22oi_1)
   0.2227    6.5580 v dcache/_2796_/X (sky130_fd_sc_hd__and4_1)
   0.0821    6.6402 ^ dcache/_2797_/Y (sky130_fd_sc_hd__nand2_1)
   0.0867    6.7268 v dcache/_2803_/Y (sky130_fd_sc_hd__nor4_1)
   0.0795    6.8064 ^ dcache/mshrs/_0615_/Y (sky130_fd_sc_hd__inv_1)
   0.0587    6.8651 v dcache/mshrs/_0616_/Y (sky130_fd_sc_hd__nor2_1)
   0.1498    7.0149 v dcache/mshrs/_0617_/Y (sky130_fd_sc_hd__a21boi_0)
   0.2381    7.2530 v dcache/mshrs/_0618_/X (sky130_fd_sc_hd__lpflow_inputiso0n_1)
   0.1857    7.4387 ^ dcache/mshrs/_0752_/Y (sky130_fd_sc_hd__a31oi_1)
   0.0689    7.5076 v dcache/mshrs/_0755_/Y (sky130_fd_sc_hd__nand2_1)
   0.2141    7.7217 v dcache/mshrs/_0756_/X (sky130_fd_sc_hd__a22o_1)
   0.1258    7.8475 v dcache/_2807_/X (sky130_fd_sc_hd__lpflow_isobufsrc_1)
   0.3604    8.2079 ^ dcache/_2808_/Y (sky130_fd_sc_hd__a2111oi_0)
   0.1294    8.3373 v dcache/_2809_/Y (sky130_fd_sc_hd__a311oi_1)
   0.1535    8.4908 ^ dcache/_2810_/X (sky130_fd_sc_hd__lpflow_isobufsrc_1)
   0.0805    8.5713 v dcache/_2812_/Y (sky130_fd_sc_hd__nor3_1)
   0.2226    8.7939 v dcache/_3359_/X (sky130_fd_sc_hd__lpflow_clkbufkapwr_1)
   0.3803    9.1742 v dcache/_3363_/X (sky130_fd_sc_hd__mux2_2)
   0.1967    9.3709 v lsu/_29300_/Y (sky130_fd_sc_hd__nand2b_1)
   0.5002    9.8711 ^ lsu/_29301_/Y (sky130_fd_sc_hd__nor3_1)
   0.2162   10.0873 ^ lsu/_29516_/X (sky130_fd_sc_hd__a22o_1)
   0.0473   10.1346 v lsu/_29517_/Y (sky130_fd_sc_hd__a221oi_1)
   0.2270   10.3616 v lsu/_29518_/X (sky130_fd_sc_hd__and4_1)
   0.0935   10.4551 ^ lsu/_29519_/Y (sky130_fd_sc_hd__nand3_1)
   0.0851   10.5402 v lsu/_29520_/Y (sky130_fd_sc_hd__nand2_1)
   0.0580   10.5981 ^ lsu/_40488_/Y (sky130_fd_sc_hd__nand2_1)
   0.1156   10.7137 v lsu/_40489_/Y (sky130_fd_sc_hd__o21ai_0)
   0.1764   10.8902 v core/memExeUnit/_191_/X (sky130_fd_sc_hd__buf_4)
   0.1819   11.0721 v core/ll_wbarb/_009_/X (sky130_fd_sc_hd__clkbuf_1)
   0.2456   11.3177 v core/ll_wbarb/_010_/X (sky130_fd_sc_hd__clkbuf_1)
   0.0813   11.3990 ^ core/ll_wbarb/_099_/Y (sky130_fd_sc_hd__inv_1)
   0.1445   11.5435 ^ core/FpPipeline/_2061_/X (sky130_fd_sc_hd__lpflow_inputiso0n_1)
   0.0722   11.6158 v core/FpPipeline/_2071_/Y (sky130_fd_sc_hd__nand2_1)
   0.0986   11.7143 ^ core/FpPipeline/_2073_/Y (sky130_fd_sc_hd__a21oi_1)
   0.1152   11.8295 ^ core/ll_wbarb/_100_/X (sky130_fd_sc_hd__or2_2)
   4.8833   16.7129 ^ core/_3793_/Y (sky130_fd_sc_hd__nor3b_1)
   0.7968   17.5097 ^ core/rename_stage/busytable/_1605_/Y (sky130_fd_sc_hd__nor3b_1)
   0.1651   17.6748 v core/rename_stage/busytable/_2023_/Y (sky130_fd_sc_hd__nand4_1)
   0.1468   17.8216 v core/rename_stage/busytable/_2024_/X (sky130_fd_sc_hd__o2111a_1)
   0.0779   17.8995 ^ core/rename_stage/busytable/_2025_/Y (sky130_fd_sc_hd__nand3_1)
   0.0693   17.9687 v core/rename_stage/busytable/_2029_/Y (sky130_fd_sc_hd__a31oi_1)
   0.0035   17.9722 v core/rename_stage/busytable/_2534_/D (sky130_fd_sc_hd__dfxtp_1)
            17.9722   data arrival time

  20.0000   20.0000   clock clock (rise edge)
   0.0000   20.0000   clock network delay (ideal)
   0.0000   20.0000   clock reconvergence pessimism
            20.0000 ^ core/rename_stage/busytable/_2534_/CLK (sky130_fd_sc_hd__dfxtp_1)
  -0.1341   19.8659   library setup time
            19.8659   data required time
-------------------------------------------------------------
            19.8659   data required time
           -17.9722   data arrival time
-------------------------------------------------------------
             1.8937   slack (MET)


Startpoint: core/_4005_ (rising edge-triggered flip-flop clocked by clock)
Endpoint: core/rename_stage/busytable/_2540_
          (rising edge-triggered flip-flop clocked by clock)
Path Group: clock
Path Type: max

    Delay      Time   Description
-------------------------------------------------------------
   0.0000    0.0000   clock clock (rise edge)
   0.0000    0.0000   clock network delay (ideal)
   0.0000    0.0000 ^ core/_4005_/CLK (sky130_fd_sc_hd__dfxtp_1)
   0.3332    0.3332 ^ core/_4005_/Q (sky130_fd_sc_hd__dfxtp_1)
   0.3006    0.6338 ^ core/_1893_/Y (sky130_fd_sc_hd__nor3b_1)
   0.1036    0.7374 v core/_1894_/Y (sky130_fd_sc_hd__nand2_1)
   4.7155    5.4530 ^ core/_1919_/Y (sky130_fd_sc_hd__o21ai_0)
   0.7629    6.2158 ^ lsu/_64242_/X (sky130_fd_sc_hd__buf_4)
   0.1194    6.3353 v dcache/_2795_/Y (sky130_fd_sc_hd__a22oi_1)
   0.2227    6.5580 v dcache/_2796_/X (sky130_fd_sc_hd__and4_1)
   0.0821    6.6402 ^ dcache/_2797_/Y (sky130_fd_sc_hd__nand2_1)
   0.0867    6.7268 v dcache/_2803_/Y (sky130_fd_sc_hd__nor4_1)
   0.0795    6.8064 ^ dcache/mshrs/_0615_/Y (sky130_fd_sc_hd__inv_1)
   0.0587    6.8651 v dcache/mshrs/_0616_/Y (sky130_fd_sc_hd__nor2_1)
   0.1498    7.0149 v dcache/mshrs/_0617_/Y (sky130_fd_sc_hd__a21boi_0)
   0.2381    7.2530 v dcache/mshrs/_0618_/X (sky130_fd_sc_hd__lpflow_inputiso0n_1)
   0.1857    7.4387 ^ dcache/mshrs/_0752_/Y (sky130_fd_sc_hd__a31oi_1)
   0.0689    7.5076 v dcache/mshrs/_0755_/Y (sky130_fd_sc_hd__nand2_1)
   0.2141    7.7217 v dcache/mshrs/_0756_/X (sky130_fd_sc_hd__a22o_1)
   0.1258    7.8475 v dcache/_2807_/X (sky130_fd_sc_hd__lpflow_isobufsrc_1)
   0.3604    8.2079 ^ dcache/_2808_/Y (sky130_fd_sc_hd__a2111oi_0)
   0.1294    8.3373 v dcache/_2809_/Y (sky130_fd_sc_hd__a311oi_1)
   0.1535    8.4908 ^ dcache/_2810_/X (sky130_fd_sc_hd__lpflow_isobufsrc_1)
   0.0805    8.5713 v dcache/_2812_/Y (sky130_fd_sc_hd__nor3_1)
   0.2226    8.7939 v dcache/_3359_/X (sky130_fd_sc_hd__lpflow_clkbufkapwr_1)
   0.3803    9.1742 v dcache/_3363_/X (sky130_fd_sc_hd__mux2_2)
   0.1967    9.3709 v lsu/_29300_/Y (sky130_fd_sc_hd__nand2b_1)
   0.5002    9.8711 ^ lsu/_29301_/Y (sky130_fd_sc_hd__nor3_1)
   0.2162   10.0873 ^ lsu/_29516_/X (sky130_fd_sc_hd__a22o_1)
   0.0473   10.1346 v lsu/_29517_/Y (sky130_fd_sc_hd__a221oi_1)
   0.2270   10.3616 v lsu/_29518_/X (sky130_fd_sc_hd__and4_1)
   0.0935   10.4551 ^ lsu/_29519_/Y (sky130_fd_sc_hd__nand3_1)
   0.0851   10.5402 v lsu/_29520_/Y (sky130_fd_sc_hd__nand2_1)
   0.0580   10.5981 ^ lsu/_40488_/Y (sky130_fd_sc_hd__nand2_1)
   0.1156   10.7137 v lsu/_40489_/Y (sky130_fd_sc_hd__o21ai_0)
   0.1764   10.8902 v core/memExeUnit/_191_/X (sky130_fd_sc_hd__buf_4)
   0.1819   11.0721 v core/ll_wbarb/_009_/X (sky130_fd_sc_hd__clkbuf_1)
   0.2456   11.3177 v core/ll_wbarb/_010_/X (sky130_fd_sc_hd__clkbuf_1)
   0.0813   11.3990 ^ core/ll_wbarb/_099_/Y (sky130_fd_sc_hd__inv_1)
   0.1445   11.5435 ^ core/FpPipeline/_2061_/X (sky130_fd_sc_hd__lpflow_inputiso0n_1)
   0.0722   11.6158 v core/FpPipeline/_2071_/Y (sky130_fd_sc_hd__nand2_1)
   0.0986   11.7143 ^ core/FpPipeline/_2073_/Y (sky130_fd_sc_hd__a21oi_1)
   0.1152   11.8295 ^ core/ll_wbarb/_100_/X (sky130_fd_sc_hd__or2_2)
   4.8833   16.7129 ^ core/_3793_/Y (sky130_fd_sc_hd__nor3b_1)
   0.7968   17.5097 ^ core/rename_stage/busytable/_1605_/Y (sky130_fd_sc_hd__nor3b_1)
   0.1244   17.6341 v core/rename_stage/busytable/_2094_/Y (sky130_fd_sc_hd__a21oi_1)
   0.1324   17.7665 ^ core/rename_stage/busytable/_2095_/Y (sky130_fd_sc_hd__o311ai_0)
   0.1465   17.9129 ^ core/rename_stage/busytable/_2096_/X (sky130_fd_sc_hd__a211o_1)
   0.0539   17.9668 v core/rename_stage/busytable/_2100_/Y (sky130_fd_sc_hd__a21oi_1)
   0.0035   17.9703 v core/rename_stage/busytable/_2540_/D (sky130_fd_sc_hd__dfxtp_1)
            17.9703   data arrival time

  20.0000   20.0000   clock clock (rise edge)
   0.0000   20.0000   clock network delay (ideal)
   0.0000   20.0000   clock reconvergence pessimism
            20.0000 ^ core/rename_stage/busytable/_2540_/CLK (sky130_fd_sc_hd__dfxtp_1)
  -0.1339   19.8661   library setup time
            19.8661   data required time
-------------------------------------------------------------
            19.8661   data required time
           -17.9703   data arrival time
-------------------------------------------------------------
             1.8958   slack (MET)


Startpoint: core/_4005_ (rising edge-triggered flip-flop clocked by clock)
Endpoint: core/rename_stage/busytable/_2566_
          (rising edge-triggered flip-flop clocked by clock)
Path Group: clock
Path Type: max

    Delay      Time   Description
-------------------------------------------------------------
   0.0000    0.0000   clock clock (rise edge)
   0.0000    0.0000   clock network delay (ideal)
   0.0000    0.0000 ^ core/_4005_/CLK (sky130_fd_sc_hd__dfxtp_1)
   0.3332    0.3332 ^ core/_4005_/Q (sky130_fd_sc_hd__dfxtp_1)
   0.3006    0.6338 ^ core/_1893_/Y (sky130_fd_sc_hd__nor3b_1)
   0.1036    0.7374 v core/_1894_/Y (sky130_fd_sc_hd__nand2_1)
   4.7155    5.4530 ^ core/_1919_/Y (sky130_fd_sc_hd__o21ai_0)
   0.7629    6.2158 ^ lsu/_64242_/X (sky130_fd_sc_hd__buf_4)
   0.1194    6.3353 v dcache/_2795_/Y (sky130_fd_sc_hd__a22oi_1)
   0.2227    6.5580 v dcache/_2796_/X (sky130_fd_sc_hd__and4_1)
   0.0821    6.6402 ^ dcache/_2797_/Y (sky130_fd_sc_hd__nand2_1)
   0.0867    6.7268 v dcache/_2803_/Y (sky130_fd_sc_hd__nor4_1)
   0.0795    6.8064 ^ dcache/mshrs/_0615_/Y (sky130_fd_sc_hd__inv_1)
   0.0587    6.8651 v dcache/mshrs/_0616_/Y (sky130_fd_sc_hd__nor2_1)
   0.1498    7.0149 v dcache/mshrs/_0617_/Y (sky130_fd_sc_hd__a21boi_0)
   0.2381    7.2530 v dcache/mshrs/_0618_/X (sky130_fd_sc_hd__lpflow_inputiso0n_1)
   0.1857    7.4387 ^ dcache/mshrs/_0752_/Y (sky130_fd_sc_hd__a31oi_1)
   0.0689    7.5076 v dcache/mshrs/_0755_/Y (sky130_fd_sc_hd__nand2_1)
   0.2141    7.7217 v dcache/mshrs/_0756_/X (sky130_fd_sc_hd__a22o_1)
   0.1258    7.8475 v dcache/_2807_/X (sky130_fd_sc_hd__lpflow_isobufsrc_1)
   0.3604    8.2079 ^ dcache/_2808_/Y (sky130_fd_sc_hd__a2111oi_0)
   0.1294    8.3373 v dcache/_2809_/Y (sky130_fd_sc_hd__a311oi_1)
   0.1535    8.4908 ^ dcache/_2810_/X (sky130_fd_sc_hd__lpflow_isobufsrc_1)
   0.0805    8.5713 v dcache/_2812_/Y (sky130_fd_sc_hd__nor3_1)
   0.2226    8.7939 v dcache/_3359_/X (sky130_fd_sc_hd__lpflow_clkbufkapwr_1)
   0.3803    9.1742 v dcache/_3363_/X (sky130_fd_sc_hd__mux2_2)
   0.1967    9.3709 v lsu/_29300_/Y (sky130_fd_sc_hd__nand2b_1)
   0.5002    9.8711 ^ lsu/_29301_/Y (sky130_fd_sc_hd__nor3_1)
   0.2162   10.0873 ^ lsu/_29516_/X (sky130_fd_sc_hd__a22o_1)
   0.0473   10.1346 v lsu/_29517_/Y (sky130_fd_sc_hd__a221oi_1)
   0.2270   10.3616 v lsu/_29518_/X (sky130_fd_sc_hd__and4_1)
   0.0935   10.4551 ^ lsu/_29519_/Y (sky130_fd_sc_hd__nand3_1)
   0.0851   10.5402 v lsu/_29520_/Y (sky130_fd_sc_hd__nand2_1)
   0.0580   10.5981 ^ lsu/_40488_/Y (sky130_fd_sc_hd__nand2_1)
   0.1156   10.7137 v lsu/_40489_/Y (sky130_fd_sc_hd__o21ai_0)
   0.1764   10.8902 v core/memExeUnit/_191_/X (sky130_fd_sc_hd__buf_4)
   0.1819   11.0721 v core/ll_wbarb/_009_/X (sky130_fd_sc_hd__clkbuf_1)
   0.2456   11.3177 v core/ll_wbarb/_010_/X (sky130_fd_sc_hd__clkbuf_1)
   0.0813   11.3990 ^ core/ll_wbarb/_099_/Y (sky130_fd_sc_hd__inv_1)
   0.1445   11.5435 ^ core/FpPipeline/_2061_/X (sky130_fd_sc_hd__lpflow_inputiso0n_1)
   0.0722   11.6158 v core/FpPipeline/_2071_/Y (sky130_fd_sc_hd__nand2_1)
   0.0986   11.7143 ^ core/FpPipeline/_2073_/Y (sky130_fd_sc_hd__a21oi_1)
   0.1152   11.8295 ^ core/ll_wbarb/_100_/X (sky130_fd_sc_hd__or2_2)
   4.8833   16.7129 ^ core/_3793_/Y (sky130_fd_sc_hd__nor3b_1)
   0.5905   17.3034 ^ core/rename_stage/busytable/_2152_/X (sky130_fd_sc_hd__and3b_1)
   0.2495   17.5529 ^ core/rename_stage/busytable/_2153_/X (sky130_fd_sc_hd__clkbuf_1)
   0.1248   17.6777 v core/rename_stage/busytable/_2322_/Y (sky130_fd_sc_hd__nand4_1)
   0.1395   17.8172 v core/rename_stage/busytable/_2323_/X (sky130_fd_sc_hd__o2111a_1)
   0.0779   17.8951 ^ core/rename_stage/busytable/_2324_/Y (sky130_fd_sc_hd__nand3_1)
   0.0694   17.9645 v core/rename_stage/busytable/_2327_/Y (sky130_fd_sc_hd__a31oi_1)
   0.0035   17.9679 v core/rename_stage/busytable/_2566_/D (sky130_fd_sc_hd__dfxtp_1)
            17.9679   data arrival time

  20.0000   20.0000   clock clock (rise edge)
   0.0000   20.0000   clock network delay (ideal)
   0.0000   20.0000   clock reconvergence pessimism
            20.0000 ^ core/rename_stage/busytable/_2566_/CLK (sky130_fd_sc_hd__dfxtp_1)
  -0.1341   19.8659   library setup time
            19.8659   data required time
-------------------------------------------------------------
            19.8659   data required time
           -17.9679   data arrival time
-------------------------------------------------------------
             1.8980   slack (MET)


Startpoint: core/_4005_ (rising edge-triggered flip-flop clocked by clock)
Endpoint: core/rename_stage/busytable/_2527_
          (rising edge-triggered flip-flop clocked by clock)
Path Group: clock
Path Type: max

    Delay      Time   Description
-------------------------------------------------------------
   0.0000    0.0000   clock clock (rise edge)
   0.0000    0.0000   clock network delay (ideal)
   0.0000    0.0000 ^ core/_4005_/CLK (sky130_fd_sc_hd__dfxtp_1)
   0.3332    0.3332 ^ core/_4005_/Q (sky130_fd_sc_hd__dfxtp_1)
   0.3006    0.6338 ^ core/_1893_/Y (sky130_fd_sc_hd__nor3b_1)
   0.1036    0.7374 v core/_1894_/Y (sky130_fd_sc_hd__nand2_1)
   4.7155    5.4530 ^ core/_1919_/Y (sky130_fd_sc_hd__o21ai_0)
   0.7629    6.2158 ^ lsu/_64242_/X (sky130_fd_sc_hd__buf_4)
   0.1194    6.3353 v dcache/_2795_/Y (sky130_fd_sc_hd__a22oi_1)
   0.2227    6.5580 v dcache/_2796_/X (sky130_fd_sc_hd__and4_1)
   0.0821    6.6402 ^ dcache/_2797_/Y (sky130_fd_sc_hd__nand2_1)
   0.0867    6.7268 v dcache/_2803_/Y (sky130_fd_sc_hd__nor4_1)
   0.0795    6.8064 ^ dcache/mshrs/_0615_/Y (sky130_fd_sc_hd__inv_1)
   0.0587    6.8651 v dcache/mshrs/_0616_/Y (sky130_fd_sc_hd__nor2_1)
   0.1498    7.0149 v dcache/mshrs/_0617_/Y (sky130_fd_sc_hd__a21boi_0)
   0.2381    7.2530 v dcache/mshrs/_0618_/X (sky130_fd_sc_hd__lpflow_inputiso0n_1)
   0.1857    7.4387 ^ dcache/mshrs/_0752_/Y (sky130_fd_sc_hd__a31oi_1)
   0.0689    7.5076 v dcache/mshrs/_0755_/Y (sky130_fd_sc_hd__nand2_1)
   0.2141    7.7217 v dcache/mshrs/_0756_/X (sky130_fd_sc_hd__a22o_1)
   0.1258    7.8475 v dcache/_2807_/X (sky130_fd_sc_hd__lpflow_isobufsrc_1)
   0.3604    8.2079 ^ dcache/_2808_/Y (sky130_fd_sc_hd__a2111oi_0)
   0.1294    8.3373 v dcache/_2809_/Y (sky130_fd_sc_hd__a311oi_1)
   0.1535    8.4908 ^ dcache/_2810_/X (sky130_fd_sc_hd__lpflow_isobufsrc_1)
   0.0805    8.5713 v dcache/_2812_/Y (sky130_fd_sc_hd__nor3_1)
   0.2226    8.7939 v dcache/_3359_/X (sky130_fd_sc_hd__lpflow_clkbufkapwr_1)
   0.3803    9.1742 v dcache/_3363_/X (sky130_fd_sc_hd__mux2_2)
   0.1967    9.3709 v lsu/_29300_/Y (sky130_fd_sc_hd__nand2b_1)
   0.5002    9.8711 ^ lsu/_29301_/Y (sky130_fd_sc_hd__nor3_1)
   0.2162   10.0873 ^ lsu/_29516_/X (sky130_fd_sc_hd__a22o_1)
   0.0473   10.1346 v lsu/_29517_/Y (sky130_fd_sc_hd__a221oi_1)
   0.2270   10.3616 v lsu/_29518_/X (sky130_fd_sc_hd__and4_1)
   0.0935   10.4551 ^ lsu/_29519_/Y (sky130_fd_sc_hd__nand3_1)
   0.0851   10.5402 v lsu/_29520_/Y (sky130_fd_sc_hd__nand2_1)
   0.0580   10.5981 ^ lsu/_40488_/Y (sky130_fd_sc_hd__nand2_1)
   0.1156   10.7137 v lsu/_40489_/Y (sky130_fd_sc_hd__o21ai_0)
   0.1764   10.8902 v core/memExeUnit/_191_/X (sky130_fd_sc_hd__buf_4)
   0.1819   11.0721 v core/ll_wbarb/_009_/X (sky130_fd_sc_hd__clkbuf_1)
   0.2456   11.3177 v core/ll_wbarb/_010_/X (sky130_fd_sc_hd__clkbuf_1)
   0.0813   11.3990 ^ core/ll_wbarb/_099_/Y (sky130_fd_sc_hd__inv_1)
   0.1445   11.5435 ^ core/FpPipeline/_2061_/X (sky130_fd_sc_hd__lpflow_inputiso0n_1)
   0.0722   11.6158 v core/FpPipeline/_2071_/Y (sky130_fd_sc_hd__nand2_1)
   0.0986   11.7143 ^ core/FpPipeline/_2073_/Y (sky130_fd_sc_hd__a21oi_1)
   0.1152   11.8295 ^ core/ll_wbarb/_100_/X (sky130_fd_sc_hd__or2_2)
   4.8833   16.7129 ^ core/_3793_/Y (sky130_fd_sc_hd__nor3b_1)
   0.7968   17.5097 ^ core/rename_stage/busytable/_1605_/Y (sky130_fd_sc_hd__nor3b_1)
   0.1887   17.6984 v core/rename_stage/busytable/_1932_/Y (sky130_fd_sc_hd__a311oi_1)
   0.1806   17.8789 ^ core/rename_stage/busytable/_1933_/Y (sky130_fd_sc_hd__a32oi_1)
   0.0837   17.9627 v core/rename_stage/busytable/_1934_/Y (sky130_fd_sc_hd__a21oi_1)
   0.0035   17.9661 v core/rename_stage/busytable/_2527_/D (sky130_fd_sc_hd__dfxtp_1)
            17.9661   data arrival time

  20.0000   20.0000   clock clock (rise edge)
   0.0000   20.0000   clock network delay (ideal)
   0.0000   20.0000   clock reconvergence pessimism
            20.0000 ^ core/rename_stage/busytable/_2527_/CLK (sky130_fd_sc_hd__dfxtp_1)
  -0.1339   19.8661   library setup time
            19.8661   data required time
-------------------------------------------------------------
            19.8661   data required time
           -17.9661   data arrival time
-------------------------------------------------------------
             1.9000   slack (MET)


Startpoint: core/_4005_ (rising edge-triggered flip-flop clocked by clock)
Endpoint: core/rename_stage/busytable/_2584_
          (rising edge-triggered flip-flop clocked by clock)
Path Group: clock
Path Type: max

    Delay      Time   Description
-------------------------------------------------------------
   0.0000    0.0000   clock clock (rise edge)
   0.0000    0.0000   clock network delay (ideal)
   0.0000    0.0000 ^ core/_4005_/CLK (sky130_fd_sc_hd__dfxtp_1)
   0.3332    0.3332 ^ core/_4005_/Q (sky130_fd_sc_hd__dfxtp_1)
   0.3006    0.6338 ^ core/_1893_/Y (sky130_fd_sc_hd__nor3b_1)
   0.1036    0.7374 v core/_1894_/Y (sky130_fd_sc_hd__nand2_1)
   4.7155    5.4530 ^ core/_1919_/Y (sky130_fd_sc_hd__o21ai_0)
   0.7629    6.2158 ^ lsu/_64242_/X (sky130_fd_sc_hd__buf_4)
   0.1194    6.3353 v dcache/_2795_/Y (sky130_fd_sc_hd__a22oi_1)
   0.2227    6.5580 v dcache/_2796_/X (sky130_fd_sc_hd__and4_1)
   0.0821    6.6402 ^ dcache/_2797_/Y (sky130_fd_sc_hd__nand2_1)
   0.0867    6.7268 v dcache/_2803_/Y (sky130_fd_sc_hd__nor4_1)
   0.0795    6.8064 ^ dcache/mshrs/_0615_/Y (sky130_fd_sc_hd__inv_1)
   0.0587    6.8651 v dcache/mshrs/_0616_/Y (sky130_fd_sc_hd__nor2_1)
   0.1498    7.0149 v dcache/mshrs/_0617_/Y (sky130_fd_sc_hd__a21boi_0)
   0.2381    7.2530 v dcache/mshrs/_0618_/X (sky130_fd_sc_hd__lpflow_inputiso0n_1)
   0.1857    7.4387 ^ dcache/mshrs/_0752_/Y (sky130_fd_sc_hd__a31oi_1)
   0.0689    7.5076 v dcache/mshrs/_0755_/Y (sky130_fd_sc_hd__nand2_1)
   0.2141    7.7217 v dcache/mshrs/_0756_/X (sky130_fd_sc_hd__a22o_1)
   0.1258    7.8475 v dcache/_2807_/X (sky130_fd_sc_hd__lpflow_isobufsrc_1)
   0.3604    8.2079 ^ dcache/_2808_/Y (sky130_fd_sc_hd__a2111oi_0)
   0.1294    8.3373 v dcache/_2809_/Y (sky130_fd_sc_hd__a311oi_1)
   0.1535    8.4908 ^ dcache/_2810_/X (sky130_fd_sc_hd__lpflow_isobufsrc_1)
   0.0805    8.5713 v dcache/_2812_/Y (sky130_fd_sc_hd__nor3_1)
   0.2226    8.7939 v dcache/_3359_/X (sky130_fd_sc_hd__lpflow_clkbufkapwr_1)
   0.3803    9.1742 v dcache/_3363_/X (sky130_fd_sc_hd__mux2_2)
   0.1967    9.3709 v lsu/_29300_/Y (sky130_fd_sc_hd__nand2b_1)
   0.5002    9.8711 ^ lsu/_29301_/Y (sky130_fd_sc_hd__nor3_1)
   0.2162   10.0873 ^ lsu/_29516_/X (sky130_fd_sc_hd__a22o_1)
   0.0473   10.1346 v lsu/_29517_/Y (sky130_fd_sc_hd__a221oi_1)
   0.2270   10.3616 v lsu/_29518_/X (sky130_fd_sc_hd__and4_1)
   0.0935   10.4551 ^ lsu/_29519_/Y (sky130_fd_sc_hd__nand3_1)
   0.0851   10.5402 v lsu/_29520_/Y (sky130_fd_sc_hd__nand2_1)
   0.0580   10.5981 ^ lsu/_40488_/Y (sky130_fd_sc_hd__nand2_1)
   0.1156   10.7137 v lsu/_40489_/Y (sky130_fd_sc_hd__o21ai_0)
   0.1764   10.8902 v core/memExeUnit/_191_/X (sky130_fd_sc_hd__buf_4)
   0.1819   11.0721 v core/ll_wbarb/_009_/X (sky130_fd_sc_hd__clkbuf_1)
   0.2456   11.3177 v core/ll_wbarb/_010_/X (sky130_fd_sc_hd__clkbuf_1)
   0.0813   11.3990 ^ core/ll_wbarb/_099_/Y (sky130_fd_sc_hd__inv_1)
   0.1445   11.5435 ^ core/FpPipeline/_2061_/X (sky130_fd_sc_hd__lpflow_inputiso0n_1)
   0.0722   11.6158 v core/FpPipeline/_2071_/Y (sky130_fd_sc_hd__nand2_1)
   0.0986   11.7143 ^ core/FpPipeline/_2073_/Y (sky130_fd_sc_hd__a21oi_1)
   0.1152   11.8295 ^ core/ll_wbarb/_100_/X (sky130_fd_sc_hd__or2_2)
   4.8833   16.7129 ^ core/_3793_/Y (sky130_fd_sc_hd__nor3b_1)
   0.2605   16.9734 v core/rename_stage/busytable/_2390_/Y (sky130_fd_sc_hd__nand2_1)
   0.5188   17.4922 v core/rename_stage/busytable/_2391_/X (sky130_fd_sc_hd__or2_2)
   0.1858   17.6780 v core/rename_stage/busytable/_2392_/X (sky130_fd_sc_hd__lpflow_clkbufkapwr_1)
   0.1878   17.8658 ^ core/rename_stage/busytable/_2474_/Y (sky130_fd_sc_hd__o211ai_1)
   0.0810   17.9467 v core/rename_stage/busytable/_2476_/Y (sky130_fd_sc_hd__a21oi_1)
   0.0035   17.9502 v core/rename_stage/busytable/_2584_/D (sky130_fd_sc_hd__dfxtp_1)
            17.9502   data arrival time

  20.0000   20.0000   clock clock (rise edge)
   0.0000   20.0000   clock network delay (ideal)
   0.0000   20.0000   clock reconvergence pessimism
            20.0000 ^ core/rename_stage/busytable/_2584_/CLK (sky130_fd_sc_hd__dfxtp_1)
  -0.1339   19.8661   library setup time
            19.8661   data required time
-------------------------------------------------------------
            19.8661   data required time
           -17.9502   data arrival time
-------------------------------------------------------------
             1.9159   slack (MET)


Startpoint: core/_4005_ (rising edge-triggered flip-flop clocked by clock)
Endpoint: core/rename_stage/busytable/_2513_
          (rising edge-triggered flip-flop clocked by clock)
Path Group: clock
Path Type: max

    Delay      Time   Description
-------------------------------------------------------------
   0.0000    0.0000   clock clock (rise edge)
   0.0000    0.0000   clock network delay (ideal)
   0.0000    0.0000 ^ core/_4005_/CLK (sky130_fd_sc_hd__dfxtp_1)
   0.3332    0.3332 ^ core/_4005_/Q (sky130_fd_sc_hd__dfxtp_1)
   0.3006    0.6338 ^ core/_1893_/Y (sky130_fd_sc_hd__nor3b_1)
   0.1036    0.7374 v core/_1894_/Y (sky130_fd_sc_hd__nand2_1)
   4.7155    5.4530 ^ core/_1919_/Y (sky130_fd_sc_hd__o21ai_0)
   0.7629    6.2158 ^ lsu/_64242_/X (sky130_fd_sc_hd__buf_4)
   0.1194    6.3353 v dcache/_2795_/Y (sky130_fd_sc_hd__a22oi_1)
   0.2227    6.5580 v dcache/_2796_/X (sky130_fd_sc_hd__and4_1)
   0.0821    6.6402 ^ dcache/_2797_/Y (sky130_fd_sc_hd__nand2_1)
   0.0867    6.7268 v dcache/_2803_/Y (sky130_fd_sc_hd__nor4_1)
   0.0795    6.8064 ^ dcache/mshrs/_0615_/Y (sky130_fd_sc_hd__inv_1)
   0.0587    6.8651 v dcache/mshrs/_0616_/Y (sky130_fd_sc_hd__nor2_1)
   0.1498    7.0149 v dcache/mshrs/_0617_/Y (sky130_fd_sc_hd__a21boi_0)
   0.2381    7.2530 v dcache/mshrs/_0618_/X (sky130_fd_sc_hd__lpflow_inputiso0n_1)
   0.1857    7.4387 ^ dcache/mshrs/_0752_/Y (sky130_fd_sc_hd__a31oi_1)
   0.0689    7.5076 v dcache/mshrs/_0755_/Y (sky130_fd_sc_hd__nand2_1)
   0.2141    7.7217 v dcache/mshrs/_0756_/X (sky130_fd_sc_hd__a22o_1)
   0.1258    7.8475 v dcache/_2807_/X (sky130_fd_sc_hd__lpflow_isobufsrc_1)
   0.3604    8.2079 ^ dcache/_2808_/Y (sky130_fd_sc_hd__a2111oi_0)
   0.1294    8.3373 v dcache/_2809_/Y (sky130_fd_sc_hd__a311oi_1)
   0.1535    8.4908 ^ dcache/_2810_/X (sky130_fd_sc_hd__lpflow_isobufsrc_1)
   0.0805    8.5713 v dcache/_2812_/Y (sky130_fd_sc_hd__nor3_1)
   0.2226    8.7939 v dcache/_3359_/X (sky130_fd_sc_hd__lpflow_clkbufkapwr_1)
   0.3803    9.1742 v dcache/_3363_/X (sky130_fd_sc_hd__mux2_2)
   0.1967    9.3709 v lsu/_29300_/Y (sky130_fd_sc_hd__nand2b_1)
   0.5002    9.8711 ^ lsu/_29301_/Y (sky130_fd_sc_hd__nor3_1)
   0.2162   10.0873 ^ lsu/_29516_/X (sky130_fd_sc_hd__a22o_1)
   0.0473   10.1346 v lsu/_29517_/Y (sky130_fd_sc_hd__a221oi_1)
   0.2270   10.3616 v lsu/_29518_/X (sky130_fd_sc_hd__and4_1)
   0.0935   10.4551 ^ lsu/_29519_/Y (sky130_fd_sc_hd__nand3_1)
   0.0851   10.5402 v lsu/_29520_/Y (sky130_fd_sc_hd__nand2_1)
   0.0580   10.5981 ^ lsu/_40488_/Y (sky130_fd_sc_hd__nand2_1)
   0.1156   10.7137 v lsu/_40489_/Y (sky130_fd_sc_hd__o21ai_0)
   0.1764   10.8902 v core/memExeUnit/_191_/X (sky130_fd_sc_hd__buf_4)
   0.1819   11.0721 v core/ll_wbarb/_009_/X (sky130_fd_sc_hd__clkbuf_1)
   0.2456   11.3177 v core/ll_wbarb/_010_/X (sky130_fd_sc_hd__clkbuf_1)
   0.0813   11.3990 ^ core/ll_wbarb/_099_/Y (sky130_fd_sc_hd__inv_1)
   0.1445   11.5435 ^ core/FpPipeline/_2061_/X (sky130_fd_sc_hd__lpflow_inputiso0n_1)
   0.0722   11.6158 v core/FpPipeline/_2071_/Y (sky130_fd_sc_hd__nand2_1)
   0.0986   11.7143 ^ core/FpPipeline/_2073_/Y (sky130_fd_sc_hd__a21oi_1)
   0.1152   11.8295 ^ core/ll_wbarb/_100_/X (sky130_fd_sc_hd__or2_2)
   4.8833   16.7129 ^ core/_3793_/Y (sky130_fd_sc_hd__nor3b_1)
   0.5729   17.2858 v core/rename_stage/busytable/_1525_/X (sky130_fd_sc_hd__or3b_2)
   0.1527   17.4385 v core/rename_stage/busytable/_1526_/X (sky130_fd_sc_hd__clkbuf_1)
   0.1724   17.6110 ^ core/rename_stage/busytable/_1627_/Y (sky130_fd_sc_hd__o22ai_1)
   0.0700   17.6809 v core/rename_stage/busytable/_1634_/Y (sky130_fd_sc_hd__nor3_1)
   0.2077   17.8887 ^ core/rename_stage/busytable/_1635_/Y (sky130_fd_sc_hd__a221oi_1)
   0.0620   17.9507 v core/rename_stage/busytable/_1636_/Y (sky130_fd_sc_hd__nor2_1)
   0.0035   17.9541 v core/rename_stage/busytable/_2513_/D (sky130_fd_sc_hd__dfxtp_1)
            17.9541   data arrival time

  20.0000   20.0000   clock clock (rise edge)
   0.0000   20.0000   clock network delay (ideal)
   0.0000   20.0000   clock reconvergence pessimism
            20.0000 ^ core/rename_stage/busytable/_2513_/CLK (sky130_fd_sc_hd__dfxtp_1)
  -0.1293   19.8707   library setup time
            19.8707   data required time
-------------------------------------------------------------
            19.8707   data required time
           -17.9541   data arrival time
-------------------------------------------------------------
             1.9166   slack (MET)


