CHIA_METRIC setup_slack
worst slack 5.7353
CHIA_METRIC hold_slack
worst slack 0.2849
CHIA_METRIC min_period
clock period_min = 14.26 fmax = 70.10
CHIA_METRIC critical_paths
Startpoint: _4872_ (rising edge-triggered flip-flop clocked by clock)
Endpoint: _5190_ (rising edge-triggered flip-flop clocked by clock)
Path Group: clock
Path Type: max

    Delay      Time   Description
-------------------------------------------------------------
   0.0000    0.0000   clock clock (rise edge)
   0.0000    0.0000   clock network delay (ideal)
   0.0000    0.0000 ^ _4872_/CLK (sky130_fd_sc_hd__dfxtp_1)
   0.6018    0.6018 ^ _4872_/Q (sky130_fd_sc_hd__dfxtp_1)
   0.2033    0.8051 v _2214_/Y (sky130_fd_sc_hd__inv_1)
   0.2884    1.0935 v _2218_/X (sky130_fd_sc_hd__a211o_1)
   0.4936    1.5871 v _2226_/X (sky130_fd_sc_hd__or4_1)
   0.9018    2.4889 ^ _2248_/Y (sky130_fd_sc_hd__nor4_1)
   0.1869    2.6758 v _2285_/Y (sky130_fd_sc_hd__nand3_1)
   0.2758    2.9515 v _2286_/X (sky130_fd_sc_hd__clkbuf_1)
   0.1922    3.1438 v _2453_/X (sky130_fd_sc_hd__lpflow_isobufsrc_1)
   0.1962    3.3400 v _2456_/X (sky130_fd_sc_hd__o21a_1)
   0.2206    3.5605 ^ _2458_/Y (sky130_fd_sc_hd__nor2_1)
   0.2217    3.7822 ^ amoalu/_1071_/Y (sky130_fd_sc_hd__xnor2_1)
   0.1948    3.9770 v amoalu/_1266_/Y (sky130_fd_sc_hd__o21ai_0)
   0.3217    4.2987 ^ amoalu/_1290_/Y (sky130_fd_sc_hd__a211oi_1)
   0.1369    4.4357 v amoalu/_1299_/Y (sky130_fd_sc_hd__o31ai_1)
   0.4138    4.8495 v amoalu/_1311_/X (sky130_fd_sc_hd__maj3_1)
   0.2883    5.1377 ^ amoalu/_1336_/Y (sky130_fd_sc_hd__a211oi_1)
   0.1622    5.3000 v amoalu/_1350_/Y (sky130_fd_sc_hd__o311ai_0)
   0.3497    5.6497 ^ amoalu/_1382_/Y (sky130_fd_sc_hd__a311oi_1)
   0.1407    5.7904 v amoalu/_1392_/Y (sky130_fd_sc_hd__o31ai_1)
   0.4103    6.2007 v amoalu/_1404_/X (sky130_fd_sc_hd__maj3_1)
   0.3828    6.5835 ^ amoalu/_1426_/Y (sky130_fd_sc_hd__a221oi_1)
   0.1820    6.7655 v amoalu/_1443_/Y (sky130_fd_sc_hd__o311ai_0)
   0.4101    7.1756 ^ amoalu/_1463_/Y (sky130_fd_sc_hd__a311oi_1)
   0.2309    7.4066 ^ amoalu/_1484_/X (sky130_fd_sc_hd__o41a_1)
   0.2293    7.6358 ^ amoalu/_1507_/X (sky130_fd_sc_hd__o311a_1)
   0.1166    7.7524 v amoalu/_1531_/Y (sky130_fd_sc_hd__o31ai_1)
   0.2473    7.9998 ^ amoalu/_1551_/Y (sky130_fd_sc_hd__a31oi_1)
   0.1404    8.1402 v amoalu/_1556_/Y (sky130_fd_sc_hd__o21ai_0)
   0.3360    8.4762 ^ amoalu/_1571_/Y (sky130_fd_sc_hd__a21boi_0)
   0.2558    8.7319 ^ amoalu/_1592_/X (sky130_fd_sc_hd__o31a_1)
   0.1936    8.9256 ^ amoalu/_1609_/X (sky130_fd_sc_hd__o311a_1)
   0.2331    9.1587 ^ amoalu/_1633_/X (sky130_fd_sc_hd__o221a_2)
   0.1550    9.3137 ^ amoalu/_1652_/X (sky130_fd_sc_hd__o31a_1)
   0.1586    9.4724 v amoalu/_1678_/Y (sky130_fd_sc_hd__o221ai_1)
   0.3043    9.7767 ^ amoalu/_1701_/Y (sky130_fd_sc_hd__a31oi_1)
   0.1505    9.9272 v amoalu/_1715_/Y (sky130_fd_sc_hd__o211ai_1)
   0.3324   10.2596 ^ amoalu/_1745_/Y (sky130_fd_sc_hd__a41oi_1)
   0.1877   10.4473 v amoalu/_1766_/Y (sky130_fd_sc_hd__o221ai_1)
   0.2256   10.6729 ^ amoalu/_1770_/Y (sky130_fd_sc_hd__a21oi_1)
   0.1615   10.8345 v amoalu/_1785_/Y (sky130_fd_sc_hd__o21ai_0)
   0.4011   11.2356 ^ amoalu/_1804_/Y (sky130_fd_sc_hd__a221oi_1)
   0.1487   11.3843 v amoalu/_1811_/Y (sky130_fd_sc_hd__o31ai_1)
   0.4104   11.7947 v amoalu/_1826_/X (sky130_fd_sc_hd__maj3_1)
   0.3400   12.1347 ^ amoalu/_1841_/Y (sky130_fd_sc_hd__a221oi_1)
   0.1445   12.2792 v amoalu/_1850_/Y (sky130_fd_sc_hd__o31ai_1)
   0.4122   12.6914 v amoalu/_1866_/X (sky130_fd_sc_hd__maj3_1)
   0.3399   13.0313 ^ amoalu/_1885_/Y (sky130_fd_sc_hd__a221oi_1)
   0.1445   13.1759 v amoalu/_1890_/Y (sky130_fd_sc_hd__o31ai_1)
   0.4108   13.5866 v amoalu/_1898_/X (sky130_fd_sc_hd__maj3_1)
   0.1927   13.7794 v amoalu/_1906_/X (sky130_fd_sc_hd__a21o_1)
   0.2538   14.0332 ^ amoalu/_1908_/Y (sky130_fd_sc_hd__a311oi_1)
   0.1688   14.2020 ^ amoalu/_1913_/X (sky130_fd_sc_hd__o22a_1)
   0.0035   14.2054 ^ _5190_/D (sky130_fd_sc_hd__dfxtp_1)
            14.2054   data arrival time

  20.0000   20.0000   clock clock (rise edge)
   0.0000   20.0000   clock network delay (ideal)
   0.0000   20.0000   clock reconvergence pessimism
            20.0000 ^ _5190_/CLK (sky130_fd_sc_hd__dfxtp_1)
  -0.0593   19.9407   library setup time
            19.9407   data required time
-------------------------------------------------------------
            19.9407   data required time
           -14.2054   data arrival time
-------------------------------------------------------------
             5.7353   slack (MET)


Startpoint: _4872_ (rising edge-triggered flip-flop clocked by clock)
Endpoint: _5189_ (rising edge-triggered flip-flop clocked by clock)
Path Group: clock
Path Type: max

    Delay      Time   Description
-------------------------------------------------------------
   0.0000    0.0000   clock clock (rise edge)
   0.0000    0.0000   clock network delay (ideal)
   0.0000    0.0000 ^ _4872_/CLK (sky130_fd_sc_hd__dfxtp_1)
   0.6018    0.6018 ^ _4872_/Q (sky130_fd_sc_hd__dfxtp_1)
   0.2033    0.8051 v _2214_/Y (sky130_fd_sc_hd__inv_1)
   0.2884    1.0935 v _2218_/X (sky130_fd_sc_hd__a211o_1)
   0.4936    1.5871 v _2226_/X (sky130_fd_sc_hd__or4_1)
   0.9018    2.4889 ^ _2248_/Y (sky130_fd_sc_hd__nor4_1)
   0.1869    2.6758 v _2285_/Y (sky130_fd_sc_hd__nand3_1)
   0.2758    2.9515 v _2286_/X (sky130_fd_sc_hd__clkbuf_1)
   0.1922    3.1438 v _2453_/X (sky130_fd_sc_hd__lpflow_isobufsrc_1)
   0.1962    3.3400 v _2456_/X (sky130_fd_sc_hd__o21a_1)
   0.2206    3.5605 ^ _2458_/Y (sky130_fd_sc_hd__nor2_1)
   0.2217    3.7822 ^ amoalu/_1071_/Y (sky130_fd_sc_hd__xnor2_1)
   0.1948    3.9770 v amoalu/_1266_/Y (sky130_fd_sc_hd__o21ai_0)
   0.3217    4.2987 ^ amoalu/_1290_/Y (sky130_fd_sc_hd__a211oi_1)
   0.1369    4.4357 v amoalu/_1299_/Y (sky130_fd_sc_hd__o31ai_1)
   0.4138    4.8495 v amoalu/_1311_/X (sky130_fd_sc_hd__maj3_1)
   0.2883    5.1377 ^ amoalu/_1336_/Y (sky130_fd_sc_hd__a211oi_1)
   0.1622    5.3000 v amoalu/_1350_/Y (sky130_fd_sc_hd__o311ai_0)
   0.3497    5.6497 ^ amoalu/_1382_/Y (sky130_fd_sc_hd__a311oi_1)
   0.1407    5.7904 v amoalu/_1392_/Y (sky130_fd_sc_hd__o31ai_1)
   0.4103    6.2007 v amoalu/_1404_/X (sky130_fd_sc_hd__maj3_1)
   0.3828    6.5835 ^ amoalu/_1426_/Y (sky130_fd_sc_hd__a221oi_1)
   0.1820    6.7655 v amoalu/_1443_/Y (sky130_fd_sc_hd__o311ai_0)
   0.4101    7.1756 ^ amoalu/_1463_/Y (sky130_fd_sc_hd__a311oi_1)
   0.2309    7.4066 ^ amoalu/_1484_/X (sky130_fd_sc_hd__o41a_1)
   0.2293    7.6358 ^ amoalu/_1507_/X (sky130_fd_sc_hd__o311a_1)
   0.1166    7.7524 v amoalu/_1531_/Y (sky130_fd_sc_hd__o31ai_1)
   0.2473    7.9998 ^ amoalu/_1551_/Y (sky130_fd_sc_hd__a31oi_1)
   0.1404    8.1402 v amoalu/_1556_/Y (sky130_fd_sc_hd__o21ai_0)
   0.3360    8.4762 ^ amoalu/_1571_/Y (sky130_fd_sc_hd__a21boi_0)
   0.2558    8.7319 ^ amoalu/_1592_/X (sky130_fd_sc_hd__o31a_1)
   0.1936    8.9256 ^ amoalu/_1609_/X (sky130_fd_sc_hd__o311a_1)
   0.2331    9.1587 ^ amoalu/_1633_/X (sky130_fd_sc_hd__o221a_2)
   0.1550    9.3137 ^ amoalu/_1652_/X (sky130_fd_sc_hd__o31a_1)
   0.1586    9.4724 v amoalu/_1678_/Y (sky130_fd_sc_hd__o221ai_1)
   0.3043    9.7767 ^ amoalu/_1701_/Y (sky130_fd_sc_hd__a31oi_1)
   0.1505    9.9272 v amoalu/_1715_/Y (sky130_fd_sc_hd__o211ai_1)
   0.3324   10.2596 ^ amoalu/_1745_/Y (sky130_fd_sc_hd__a41oi_1)
   0.1877   10.4473 v amoalu/_1766_/Y (sky130_fd_sc_hd__o221ai_1)
   0.2256   10.6729 ^ amoalu/_1770_/Y (sky130_fd_sc_hd__a21oi_1)
   0.1615   10.8345 v amoalu/_1785_/Y (sky130_fd_sc_hd__o21ai_0)
   0.4011   11.2356 ^ amoalu/_1804_/Y (sky130_fd_sc_hd__a221oi_1)
   0.1487   11.3843 v amoalu/_1811_/Y (sky130_fd_sc_hd__o31ai_1)
   0.4104   11.7947 v amoalu/_1826_/X (sky130_fd_sc_hd__maj3_1)
   0.3400   12.1347 ^ amoalu/_1841_/Y (sky130_fd_sc_hd__a221oi_1)
   0.1445   12.2792 v amoalu/_1850_/Y (sky130_fd_sc_hd__o31ai_1)
   0.4122   12.6914 v amoalu/_1866_/X (sky130_fd_sc_hd__maj3_1)
   0.3399   13.0313 ^ amoalu/_1885_/Y (sky130_fd_sc_hd__a221oi_1)
   0.1445   13.1759 v amoalu/_1890_/Y (sky130_fd_sc_hd__o31ai_1)
   0.4108   13.5866 v amoalu/_1898_/X (sky130_fd_sc_hd__maj3_1)
   0.1600   13.7467 v amoalu/_1899_/X (sky130_fd_sc_hd__xor2_1)
   0.1699   13.9165 ^ amoalu/_1904_/Y (sky130_fd_sc_hd__o221ai_1)
   0.0987   14.0153 v amoalu/_1905_/Y (sky130_fd_sc_hd__o21ai_0)
   0.0035   14.0187 v _5189_/D (sky130_fd_sc_hd__dfxtp_1)
            14.0187   data arrival time

  20.0000   20.0000   clock clock (rise edge)
   0.0000   20.0000   clock network delay (ideal)
   0.0000   20.0000   clock reconvergence pessimism
            20.0000 ^ _5189_/CLK (sky130_fd_sc_hd__dfxtp_1)
  -0.1299   19.8701   library setup time
            19.8701   data required time
-------------------------------------------------------------
            19.8701   data required time
           -14.0187   data arrival time
-------------------------------------------------------------
             5.8514   slack (MET)


Startpoint: _4872_ (rising edge-triggered flip-flop clocked by clock)
Endpoint: _5188_ (rising edge-triggered flip-flop clocked by clock)
Path Group: clock
Path Type: max

    Delay      Time   Description
-------------------------------------------------------------
   0.0000    0.0000   clock clock (rise edge)
   0.0000    0.0000   clock network delay (ideal)
   0.0000    0.0000 ^ _4872_/CLK (sky130_fd_sc_hd__dfxtp_1)
   0.6018    0.6018 ^ _4872_/Q (sky130_fd_sc_hd__dfxtp_1)
   0.2033    0.8051 v _2214_/Y (sky130_fd_sc_hd__inv_1)
   0.2884    1.0935 v _2218_/X (sky130_fd_sc_hd__a211o_1)
   0.4936    1.5871 v _2226_/X (sky130_fd_sc_hd__or4_1)
   0.9018    2.4889 ^ _2248_/Y (sky130_fd_sc_hd__nor4_1)
   0.1869    2.6758 v _2285_/Y (sky130_fd_sc_hd__nand3_1)
   0.2758    2.9515 v _2286_/X (sky130_fd_sc_hd__clkbuf_1)
   0.1922    3.1438 v _2453_/X (sky130_fd_sc_hd__lpflow_isobufsrc_1)
   0.1962    3.3400 v _2456_/X (sky130_fd_sc_hd__o21a_1)
   0.2206    3.5605 ^ _2458_/Y (sky130_fd_sc_hd__nor2_1)
   0.2217    3.7822 ^ amoalu/_1071_/Y (sky130_fd_sc_hd__xnor2_1)
   0.1948    3.9770 v amoalu/_1266_/Y (sky130_fd_sc_hd__o21ai_0)
   0.3217    4.2987 ^ amoalu/_1290_/Y (sky130_fd_sc_hd__a211oi_1)
   0.1369    4.4357 v amoalu/_1299_/Y (sky130_fd_sc_hd__o31ai_1)
   0.4138    4.8495 v amoalu/_1311_/X (sky130_fd_sc_hd__maj3_1)
   0.2883    5.1377 ^ amoalu/_1336_/Y (sky130_fd_sc_hd__a211oi_1)
   0.1622    5.3000 v amoalu/_1350_/Y (sky130_fd_sc_hd__o311ai_0)
   0.3497    5.6497 ^ amoalu/_1382_/Y (sky130_fd_sc_hd__a311oi_1)
   0.1407    5.7904 v amoalu/_1392_/Y (sky130_fd_sc_hd__o31ai_1)
   0.4103    6.2007 v amoalu/_1404_/X (sky130_fd_sc_hd__maj3_1)
   0.3828    6.5835 ^ amoalu/_1426_/Y (sky130_fd_sc_hd__a221oi_1)
   0.1820    6.7655 v amoalu/_1443_/Y (sky130_fd_sc_hd__o311ai_0)
   0.4101    7.1756 ^ amoalu/_1463_/Y (sky130_fd_sc_hd__a311oi_1)
   0.2309    7.4066 ^ amoalu/_1484_/X (sky130_fd_sc_hd__o41a_1)
   0.2293    7.6358 ^ amoalu/_1507_/X (sky130_fd_sc_hd__o311a_1)
   0.1166    7.7524 v amoalu/_1531_/Y (sky130_fd_sc_hd__o31ai_1)
   0.2473    7.9998 ^ amoalu/_1551_/Y (sky130_fd_sc_hd__a31oi_1)
   0.1404    8.1402 v amoalu/_1556_/Y (sky130_fd_sc_hd__o21ai_0)
   0.3360    8.4762 ^ amoalu/_1571_/Y (sky130_fd_sc_hd__a21boi_0)
   0.2558    8.7319 ^ amoalu/_1592_/X (sky130_fd_sc_hd__o31a_1)
   0.1936    8.9256 ^ amoalu/_1609_/X (sky130_fd_sc_hd__o311a_1)
   0.2331    9.1587 ^ amoalu/_1633_/X (sky130_fd_sc_hd__o221a_2)
   0.1550    9.3137 ^ amoalu/_1652_/X (sky130_fd_sc_hd__o31a_1)
   0.1586    9.4724 v amoalu/_1678_/Y (sky130_fd_sc_hd__o221ai_1)
   0.3043    9.7767 ^ amoalu/_1701_/Y (sky130_fd_sc_hd__a31oi_1)
   0.1505    9.9272 v amoalu/_1715_/Y (sky130_fd_sc_hd__o211ai_1)
   0.3324   10.2596 ^ amoalu/_1745_/Y (sky130_fd_sc_hd__a41oi_1)
   0.1877   10.4473 v amoalu/_1766_/Y (sky130_fd_sc_hd__o221ai_1)
   0.2256   10.6729 ^ amoalu/_1770_/Y (sky130_fd_sc_hd__a21oi_1)
   0.1615   10.8345 v amoalu/_1785_/Y (sky130_fd_sc_hd__o21ai_0)
   0.4011   11.2356 ^ amoalu/_1804_/Y (sky130_fd_sc_hd__a221oi_1)
   0.1487   11.3843 v amoalu/_1811_/Y (sky130_fd_sc_hd__o31ai_1)
   0.4104   11.7947 v amoalu/_1826_/X (sky130_fd_sc_hd__maj3_1)
   0.3400   12.1347 ^ amoalu/_1841_/Y (sky130_fd_sc_hd__a221oi_1)
   0.1445   12.2792 v amoalu/_1850_/Y (sky130_fd_sc_hd__o31ai_1)
   0.4122   12.6914 v amoalu/_1866_/X (sky130_fd_sc_hd__maj3_1)
   0.3399   13.0313 ^ amoalu/_1885_/Y (sky130_fd_sc_hd__a221oi_1)
   0.1445   13.1759 v amoalu/_1890_/Y (sky130_fd_sc_hd__o31ai_1)
   0.1461   13.3220 v amoalu/_1891_/Y (sky130_fd_sc_hd__xnor2_1)
   0.1525   13.4745 ^ amoalu/_1896_/Y (sky130_fd_sc_hd__o211ai_1)
   0.0952   13.5697 v amoalu/_1897_/Y (sky130_fd_sc_hd__o21ai_0)
   0.0035   13.5731 v _5188_/D (sky130_fd_sc_hd__dfxtp_1)
            13.5731   data arrival time

  20.0000   20.0000   clock clock (rise edge)
   0.0000   20.0000   clock network delay (ideal)
   0.0000   20.0000   clock reconvergence pessimism
            20.0000 ^ _5188_/CLK (sky130_fd_sc_hd__dfxtp_1)
  -0.1299   19.8701   library setup time
            19.8701   data required time
-------------------------------------------------------------
            19.8701   data required time
           -13.5731   data arrival time
-------------------------------------------------------------
             6.2970   slack (MET)


Startpoint: _4872_ (rising edge-triggered flip-flop clocked by clock)
Endpoint: _5187_ (rising edge-triggered flip-flop clocked by clock)
Path Group: clock
Path Type: max

    Delay      Time   Description
-------------------------------------------------------------
   0.0000    0.0000   clock clock (rise edge)
   0.0000    0.0000   clock network delay (ideal)
   0.0000    0.0000 ^ _4872_/CLK (sky130_fd_sc_hd__dfxtp_1)
   0.6018    0.6018 ^ _4872_/Q (sky130_fd_sc_hd__dfxtp_1)
   0.2033    0.8051 v _2214_/Y (sky130_fd_sc_hd__inv_1)
   0.2884    1.0935 v _2218_/X (sky130_fd_sc_hd__a211o_1)
   0.4936    1.5871 v _2226_/X (sky130_fd_sc_hd__or4_1)
   0.9018    2.4889 ^ _2248_/Y (sky130_fd_sc_hd__nor4_1)
   0.1869    2.6758 v _2285_/Y (sky130_fd_sc_hd__nand3_1)
   0.2758    2.9515 v _2286_/X (sky130_fd_sc_hd__clkbuf_1)
   0.1922    3.1438 v _2453_/X (sky130_fd_sc_hd__lpflow_isobufsrc_1)
   0.1962    3.3400 v _2456_/X (sky130_fd_sc_hd__o21a_1)
   0.2206    3.5605 ^ _2458_/Y (sky130_fd_sc_hd__nor2_1)
   0.2217    3.7822 ^ amoalu/_1071_/Y (sky130_fd_sc_hd__xnor2_1)
   0.1948    3.9770 v amoalu/_1266_/Y (sky130_fd_sc_hd__o21ai_0)
   0.3217    4.2987 ^ amoalu/_1290_/Y (sky130_fd_sc_hd__a211oi_1)
   0.1369    4.4357 v amoalu/_1299_/Y (sky130_fd_sc_hd__o31ai_1)
   0.4138    4.8495 v amoalu/_1311_/X (sky130_fd_sc_hd__maj3_1)
   0.2883    5.1377 ^ amoalu/_1336_/Y (sky130_fd_sc_hd__a211oi_1)
   0.1622    5.3000 v amoalu/_1350_/Y (sky130_fd_sc_hd__o311ai_0)
   0.3497    5.6497 ^ amoalu/_1382_/Y (sky130_fd_sc_hd__a311oi_1)
   0.1407    5.7904 v amoalu/_1392_/Y (sky130_fd_sc_hd__o31ai_1)
   0.4103    6.2007 v amoalu/_1404_/X (sky130_fd_sc_hd__maj3_1)
   0.3828    6.5835 ^ amoalu/_1426_/Y (sky130_fd_sc_hd__a221oi_1)
   0.1820    6.7655 v amoalu/_1443_/Y (sky130_fd_sc_hd__o311ai_0)
   0.4101    7.1756 ^ amoalu/_1463_/Y (sky130_fd_sc_hd__a311oi_1)
   0.2309    7.4066 ^ amoalu/_1484_/X (sky130_fd_sc_hd__o41a_1)
   0.2293    7.6358 ^ amoalu/_1507_/X (sky130_fd_sc_hd__o311a_1)
   0.1166    7.7524 v amoalu/_1531_/Y (sky130_fd_sc_hd__o31ai_1)
   0.2473    7.9998 ^ amoalu/_1551_/Y (sky130_fd_sc_hd__a31oi_1)
   0.1404    8.1402 v amoalu/_1556_/Y (sky130_fd_sc_hd__o21ai_0)
   0.3360    8.4762 ^ amoalu/_1571_/Y (sky130_fd_sc_hd__a21boi_0)
   0.2558    8.7319 ^ amoalu/_1592_/X (sky130_fd_sc_hd__o31a_1)
   0.1936    8.9256 ^ amoalu/_1609_/X (sky130_fd_sc_hd__o311a_1)
   0.2331    9.1587 ^ amoalu/_1633_/X (sky130_fd_sc_hd__o221a_2)
   0.1550    9.3137 ^ amoalu/_1652_/X (sky130_fd_sc_hd__o31a_1)
   0.1586    9.4724 v amoalu/_1678_/Y (sky130_fd_sc_hd__o221ai_1)
   0.3043    9.7767 ^ amoalu/_1701_/Y (sky130_fd_sc_hd__a31oi_1)
   0.1505    9.9272 v amoalu/_1715_/Y (sky130_fd_sc_hd__o211ai_1)
   0.3324   10.2596 ^ amoalu/_1745_/Y (sky130_fd_sc_hd__a41oi_1)
   0.1877   10.4473 v amoalu/_1766_/Y (sky130_fd_sc_hd__o221ai_1)
   0.2256   10.6729 ^ amoalu/_1770_/Y (sky130_fd_sc_hd__a21oi_1)
   0.1615   10.8345 v amoalu/_1785_/Y (sky130_fd_sc_hd__o21ai_0)
   0.4011   11.2356 ^ amoalu/_1804_/Y (sky130_fd_sc_hd__a221oi_1)
   0.1487   11.3843 v amoalu/_1811_/Y (sky130_fd_sc_hd__o31ai_1)
   0.4104   11.7947 v amoalu/_1826_/X (sky130_fd_sc_hd__maj3_1)
   0.3400   12.1347 ^ amoalu/_1841_/Y (sky130_fd_sc_hd__a221oi_1)
   0.1445   12.2792 v amoalu/_1850_/Y (sky130_fd_sc_hd__o31ai_1)
   0.4122   12.6914 v amoalu/_1866_/X (sky130_fd_sc_hd__maj3_1)
   0.3399   13.0313 ^ amoalu/_1885_/Y (sky130_fd_sc_hd__a221oi_1)
   0.0910   13.1223 v amoalu/_1886_/Y (sky130_fd_sc_hd__nor2_1)
   0.1346   13.2569 v amoalu/_1887_/Y (sky130_fd_sc_hd__xnor2_1)
   0.1477   13.4046 ^ amoalu/_1888_/Y (sky130_fd_sc_hd__o21ai_0)
   0.0816   13.4862 v amoalu/_1889_/Y (sky130_fd_sc_hd__o22ai_1)
   0.0035   13.4897 v _5187_/D (sky130_fd_sc_hd__dfxtp_1)
            13.4897   data arrival time

  20.0000   20.0000   clock clock (rise edge)
   0.0000   20.0000   clock network delay (ideal)
   0.0000   20.0000   clock reconvergence pessimism
            20.0000 ^ _5187_/CLK (sky130_fd_sc_hd__dfxtp_1)
  -0.1283   19.8717   library setup time
            19.8717   data required time
-------------------------------------------------------------
            19.8717   data required time
           -13.4897   data arrival time
-------------------------------------------------------------
             6.3820   slack (MET)


Startpoint: _4872_ (rising edge-triggered flip-flop clocked by clock)
Endpoint: _5186_ (rising edge-triggered flip-flop clocked by clock)
Path Group: clock
Path Type: max

    Delay      Time   Description
-------------------------------------------------------------
   0.0000    0.0000   clock clock (rise edge)
   0.0000    0.0000   clock network delay (ideal)
   0.0000    0.0000 ^ _4872_/CLK (sky130_fd_sc_hd__dfxtp_1)
   0.6018    0.6018 ^ _4872_/Q (sky130_fd_sc_hd__dfxtp_1)
   0.2033    0.8051 v _2214_/Y (sky130_fd_sc_hd__inv_1)
   0.2884    1.0935 v _2218_/X (sky130_fd_sc_hd__a211o_1)
   0.4936    1.5871 v _2226_/X (sky130_fd_sc_hd__or4_1)
   0.9018    2.4889 ^ _2248_/Y (sky130_fd_sc_hd__nor4_1)
   0.1869    2.6758 v _2285_/Y (sky130_fd_sc_hd__nand3_1)
   0.2758    2.9515 v _2286_/X (sky130_fd_sc_hd__clkbuf_1)
   0.1413    3.0928 ^ _2287_/Y (sky130_fd_sc_hd__nand3_1)
   0.0947    3.1875 v _2354_/Y (sky130_fd_sc_hd__o211ai_1)
   0.3839    3.5715 ^ _2427_/Y (sky130_fd_sc_hd__a21oi_1)
   0.1639    3.7353 v amoalu/_0933_/Y (sky130_fd_sc_hd__nand2_1)
   0.3372    4.0725 ^ amoalu/_1266_/Y (sky130_fd_sc_hd__o21ai_0)
   0.1478    4.2203 v amoalu/_1290_/Y (sky130_fd_sc_hd__a211oi_1)
   0.3274    4.5477 ^ amoalu/_1299_/Y (sky130_fd_sc_hd__o31ai_1)
   0.2948    4.8425 ^ amoalu/_1311_/X (sky130_fd_sc_hd__maj3_1)
   0.0961    4.9386 v amoalu/_1336_/Y (sky130_fd_sc_hd__a211oi_1)
   0.3334    5.2721 ^ amoalu/_1350_/Y (sky130_fd_sc_hd__o311ai_0)
   0.1684    5.4405 v amoalu/_1382_/Y (sky130_fd_sc_hd__a311oi_1)
   0.3252    5.7657 ^ amoalu/_1392_/Y (sky130_fd_sc_hd__o31ai_1)
   0.2940    6.0597 ^ amoalu/_1404_/X (sky130_fd_sc_hd__maj3_1)
   0.1129    6.1726 v amoalu/_1426_/Y (sky130_fd_sc_hd__a221oi_1)
   0.3503    6.5229 ^ amoalu/_1443_/Y (sky130_fd_sc_hd__o311ai_0)
   0.1874    6.7103 v amoalu/_1463_/Y (sky130_fd_sc_hd__a311oi_1)
   0.3828    7.0932 v amoalu/_1484_/X (sky130_fd_sc_hd__o41a_1)
   0.3529    7.4461 v amoalu/_1507_/X (sky130_fd_sc_hd__o311a_1)
   0.3471    7.7932 ^ amoalu/_1531_/Y (sky130_fd_sc_hd__o31ai_1)
   0.1677    7.9609 v amoalu/_1551_/Y (sky130_fd_sc_hd__a31oi_1)
   0.2469    8.2077 ^ amoalu/_1556_/Y (sky130_fd_sc_hd__o21ai_0)
   0.1873    8.3951 v amoalu/_1571_/Y (sky130_fd_sc_hd__a21boi_0)
   0.3588    8.7539 v amoalu/_1592_/X (sky130_fd_sc_hd__o31a_1)
   0.3241    9.0780 v amoalu/_1609_/X (sky130_fd_sc_hd__o311a_1)
   0.2701    9.3480 v amoalu/_1633_/X (sky130_fd_sc_hd__o221a_2)
   0.2650    9.6130 v amoalu/_1652_/X (sky130_fd_sc_hd__o31a_1)
   0.2513    9.8644 ^ amoalu/_1678_/Y (sky130_fd_sc_hd__o221ai_1)
   0.1832   10.0476 v amoalu/_1701_/Y (sky130_fd_sc_hd__a31oi_1)
   0.2552   10.3028 ^ amoalu/_1715_/Y (sky130_fd_sc_hd__o211ai_1)
   0.2016   10.5044 v amoalu/_1745_/Y (sky130_fd_sc_hd__a41oi_1)
   0.2523   10.7567 ^ amoalu/_1766_/Y (sky130_fd_sc_hd__o221ai_1)
   0.1324   10.8891 v amoalu/_1770_/Y (sky130_fd_sc_hd__a21oi_1)
   0.3125   11.2016 ^ amoalu/_1785_/Y (sky130_fd_sc_hd__o21ai_0)
   0.1601   11.3617 v amoalu/_1804_/Y (sky130_fd_sc_hd__a221oi_1)
   0.3366   11.6983 ^ amoalu/_1811_/Y (sky130_fd_sc_hd__o31ai_1)
   0.2941   11.9924 ^ amoalu/_1826_/X (sky130_fd_sc_hd__maj3_1)
   0.1032   12.0955 v amoalu/_1841_/Y (sky130_fd_sc_hd__a221oi_1)
   0.3280   12.4236 ^ amoalu/_1850_/Y (sky130_fd_sc_hd__o31ai_1)
   0.2950   12.7186 ^ amoalu/_1866_/X (sky130_fd_sc_hd__maj3_1)
   0.0675   12.7861 v amoalu/_1870_/Y (sky130_fd_sc_hd__nand2_1)
   0.0760   12.8622 ^ amoalu/_1871_/Y (sky130_fd_sc_hd__nand2_1)
   0.1195   12.9816 ^ amoalu/_1872_/Y (sky130_fd_sc_hd__xnor2_1)
   0.0688   13.0504 v amoalu/_1873_/Y (sky130_fd_sc_hd__nand2_1)
   0.1567   13.2071 ^ amoalu/_1879_/Y (sky130_fd_sc_hd__a31oi_1)
   0.0035   13.2106 ^ _5186_/D (sky130_fd_sc_hd__dfxtp_1)
            13.2106   data arrival time

  20.0000   20.0000   clock clock (rise edge)
   0.0000   20.0000   clock network delay (ideal)
   0.0000   20.0000   clock reconvergence pessimism
            20.0000 ^ _5186_/CLK (sky130_fd_sc_hd__dfxtp_1)
  -0.0756   19.9244   library setup time
            19.9244   data required time
-------------------------------------------------------------
            19.9244   data required time
           -13.2106   data arrival time
-------------------------------------------------------------
             6.7138   slack (MET)


Startpoint: _4872_ (rising edge-triggered flip-flop clocked by clock)
Endpoint: _5185_ (rising edge-triggered flip-flop clocked by clock)
Path Group: clock
Path Type: max

    Delay      Time   Description
-------------------------------------------------------------
   0.0000    0.0000   clock clock (rise edge)
   0.0000    0.0000   clock network delay (ideal)
   0.0000    0.0000 ^ _4872_/CLK (sky130_fd_sc_hd__dfxtp_1)
   0.6018    0.6018 ^ _4872_/Q (sky130_fd_sc_hd__dfxtp_1)
   0.2033    0.8051 v _2214_/Y (sky130_fd_sc_hd__inv_1)
   0.2884    1.0935 v _2218_/X (sky130_fd_sc_hd__a211o_1)
   0.4936    1.5871 v _2226_/X (sky130_fd_sc_hd__or4_1)
   0.9018    2.4889 ^ _2248_/Y (sky130_fd_sc_hd__nor4_1)
   0.1869    2.6758 v _2285_/Y (sky130_fd_sc_hd__nand3_1)
   0.2758    2.9515 v _2286_/X (sky130_fd_sc_hd__clkbuf_1)
   0.1922    3.1438 v _2453_/X (sky130_fd_sc_hd__lpflow_isobufsrc_1)
   0.1962    3.3400 v _2456_/X (sky130_fd_sc_hd__o21a_1)
   0.2206    3.5605 ^ _2458_/Y (sky130_fd_sc_hd__nor2_1)
   0.2217    3.7822 ^ amoalu/_1071_/Y (sky130_fd_sc_hd__xnor2_1)
   0.1948    3.9770 v amoalu/_1266_/Y (sky130_fd_sc_hd__o21ai_0)
   0.3217    4.2987 ^ amoalu/_1290_/Y (sky130_fd_sc_hd__a211oi_1)
   0.1369    4.4357 v amoalu/_1299_/Y (sky130_fd_sc_hd__o31ai_1)
   0.4138    4.8495 v amoalu/_1311_/X (sky130_fd_sc_hd__maj3_1)
   0.2883    5.1377 ^ amoalu/_1336_/Y (sky130_fd_sc_hd__a211oi_1)
   0.1622    5.3000 v amoalu/_1350_/Y (sky130_fd_sc_hd__o311ai_0)
   0.3497    5.6497 ^ amoalu/_1382_/Y (sky130_fd_sc_hd__a311oi_1)
   0.1407    5.7904 v amoalu/_1392_/Y (sky130_fd_sc_hd__o31ai_1)
   0.4103    6.2007 v amoalu/_1404_/X (sky130_fd_sc_hd__maj3_1)
   0.3828    6.5835 ^ amoalu/_1426_/Y (sky130_fd_sc_hd__a221oi_1)
   0.1820    6.7655 v amoalu/_1443_/Y (sky130_fd_sc_hd__o311ai_0)
   0.4101    7.1756 ^ amoalu/_1463_/Y (sky130_fd_sc_hd__a311oi_1)
   0.2309    7.4066 ^ amoalu/_1484_/X (sky130_fd_sc_hd__o41a_1)
   0.2293    7.6358 ^ amoalu/_1507_/X (sky130_fd_sc_hd__o311a_1)
   0.1166    7.7524 v amoalu/_1531_/Y (sky130_fd_sc_hd__o31ai_1)
   0.2473    7.9998 ^ amoalu/_1551_/Y (sky130_fd_sc_hd__a31oi_1)
   0.1404    8.1402 v amoalu/_1556_/Y (sky130_fd_sc_hd__o21ai_0)
   0.3360    8.4762 ^ amoalu/_1571_/Y (sky130_fd_sc_hd__a21boi_0)
   0.2558    8.7319 ^ amoalu/_1592_/X (sky130_fd_sc_hd__o31a_1)
   0.1936    8.9256 ^ amoalu/_1609_/X (sky130_fd_sc_hd__o311a_1)
   0.2331    9.1587 ^ amoalu/_1633_/X (sky130_fd_sc_hd__o221a_2)
   0.1550    9.3137 ^ amoalu/_1652_/X (sky130_fd_sc_hd__o31a_1)
   0.1586    9.4724 v amoalu/_1678_/Y (sky130_fd_sc_hd__o221ai_1)
   0.3043    9.7767 ^ amoalu/_1701_/Y (sky130_fd_sc_hd__a31oi_1)
   0.1505    9.9272 v amoalu/_1715_/Y (sky130_fd_sc_hd__o211ai_1)
   0.3324   10.2596 ^ amoalu/_1745_/Y (sky130_fd_sc_hd__a41oi_1)
   0.1877   10.4473 v amoalu/_1766_/Y (sky130_fd_sc_hd__o221ai_1)
   0.2256   10.6729 ^ amoalu/_1770_/Y (sky130_fd_sc_hd__a21oi_1)
   0.1615   10.8345 v amoalu/_1785_/Y (sky130_fd_sc_hd__o21ai_0)
   0.4011   11.2356 ^ amoalu/_1804_/Y (sky130_fd_sc_hd__a221oi_1)
   0.1487   11.3843 v amoalu/_1811_/Y (sky130_fd_sc_hd__o31ai_1)
   0.4104   11.7947 v amoalu/_1826_/X (sky130_fd_sc_hd__maj3_1)
   0.3400   12.1347 ^ amoalu/_1841_/Y (sky130_fd_sc_hd__a221oi_1)
   0.1445   12.2792 v amoalu/_1850_/Y (sky130_fd_sc_hd__o31ai_1)
   0.4122   12.6914 v amoalu/_1866_/X (sky130_fd_sc_hd__maj3_1)
   0.1413   12.8327 v amoalu/_1867_/Y (sky130_fd_sc_hd__xnor2_1)
   0.1439   12.9765 ^ amoalu/_1868_/Y (sky130_fd_sc_hd__o21ai_0)
   0.0816   13.0581 v amoalu/_1869_/Y (sky130_fd_sc_hd__o22ai_1)
   0.0035   13.0616 v _5185_/D (sky130_fd_sc_hd__dfxtp_1)
            13.0616   data arrival time

  20.0000   20.0000   clock clock (rise edge)
   0.0000   20.0000   clock network delay (ideal)
   0.0000   20.0000   clock reconvergence pessimism
            20.0000 ^ _5185_/CLK (sky130_fd_sc_hd__dfxtp_1)
  -0.1283   19.8717   library setup time
            19.8717   data required time
-------------------------------------------------------------
            19.8717   data required time
           -13.0616   data arrival time
-------------------------------------------------------------
             6.8101   slack (MET)


Startpoint: _4872_ (rising edge-triggered flip-flop clocked by clock)
Endpoint: _5184_ (rising edge-triggered flip-flop clocked by clock)
Path Group: clock
Path Type: max

    Delay      Time   Description
-------------------------------------------------------------
   0.0000    0.0000   clock clock (rise edge)
   0.0000    0.0000   clock network delay (ideal)
   0.0000    0.0000 ^ _4872_/CLK (sky130_fd_sc_hd__dfxtp_1)
   0.6018    0.6018 ^ _4872_/Q (sky130_fd_sc_hd__dfxtp_1)
   0.2033    0.8051 v _2214_/Y (sky130_fd_sc_hd__inv_1)
   0.2884    1.0935 v _2218_/X (sky130_fd_sc_hd__a211o_1)
   0.4936    1.5871 v _2226_/X (sky130_fd_sc_hd__or4_1)
   0.9018    2.4889 ^ _2248_/Y (sky130_fd_sc_hd__nor4_1)
   0.1869    2.6758 v _2285_/Y (sky130_fd_sc_hd__nand3_1)
   0.2758    2.9515 v _2286_/X (sky130_fd_sc_hd__clkbuf_1)
   0.1413    3.0928 ^ _2287_/Y (sky130_fd_sc_hd__nand3_1)
   0.0947    3.1875 v _2354_/Y (sky130_fd_sc_hd__o211ai_1)
   0.3839    3.5715 ^ _2427_/Y (sky130_fd_sc_hd__a21oi_1)
   0.1639    3.7353 v amoalu/_0933_/Y (sky130_fd_sc_hd__nand2_1)
   0.3372    4.0725 ^ amoalu/_1266_/Y (sky130_fd_sc_hd__o21ai_0)
   0.1478    4.2203 v amoalu/_1290_/Y (sky130_fd_sc_hd__a211oi_1)
   0.3274    4.5477 ^ amoalu/_1299_/Y (sky130_fd_sc_hd__o31ai_1)
   0.2948    4.8425 ^ amoalu/_1311_/X (sky130_fd_sc_hd__maj3_1)
   0.0961    4.9386 v amoalu/_1336_/Y (sky130_fd_sc_hd__a211oi_1)
   0.3334    5.2721 ^ amoalu/_1350_/Y (sky130_fd_sc_hd__o311ai_0)
   0.1684    5.4405 v amoalu/_1382_/Y (sky130_fd_sc_hd__a311oi_1)
   0.3252    5.7657 ^ amoalu/_1392_/Y (sky130_fd_sc_hd__o31ai_1)
   0.2940    6.0597 ^ amoalu/_1404_/X (sky130_fd_sc_hd__maj3_1)
   0.1129    6.1726 v amoalu/_1426_/Y (sky130_fd_sc_hd__a221oi_1)
   0.3503    6.5229 ^ amoalu/_1443_/Y (sky130_fd_sc_hd__o311ai_0)
   0.1874    6.7103 v amoalu/_1463_/Y (sky130_fd_sc_hd__a311oi_1)
   0.3828    7.0932 v amoalu/_1484_/X (sky130_fd_sc_hd__o41a_1)
   0.3529    7.4461 v amoalu/_1507_/X (sky130_fd_sc_hd__o311a_1)
   0.3471    7.7932 ^ amoalu/_1531_/Y (sky130_fd_sc_hd__o31ai_1)
   0.1677    7.9609 v amoalu/_1551_/Y (sky130_fd_sc_hd__a31oi_1)
   0.2469    8.2077 ^ amoalu/_1556_/Y (sky130_fd_sc_hd__o21ai_0)
   0.1873    8.3951 v amoalu/_1571_/Y (sky130_fd_sc_hd__a21boi_0)
   0.3588    8.7539 v amoalu/_1592_/X (sky130_fd_sc_hd__o31a_1)
   0.3241    9.0780 v amoalu/_1609_/X (sky130_fd_sc_hd__o311a_1)
   0.2701    9.3480 v amoalu/_1633_/X (sky130_fd_sc_hd__o221a_2)
   0.2650    9.6130 v amoalu/_1652_/X (sky130_fd_sc_hd__o31a_1)
   0.2513    9.8644 ^ amoalu/_1678_/Y (sky130_fd_sc_hd__o221ai_1)
   0.1832   10.0476 v amoalu/_1701_/Y (sky130_fd_sc_hd__a31oi_1)
   0.2552   10.3028 ^ amoalu/_1715_/Y (sky130_fd_sc_hd__o211ai_1)
   0.2016   10.5044 v amoalu/_1745_/Y (sky130_fd_sc_hd__a41oi_1)
   0.2523   10.7567 ^ amoalu/_1766_/Y (sky130_fd_sc_hd__o221ai_1)
   0.1324   10.8891 v amoalu/_1770_/Y (sky130_fd_sc_hd__a21oi_1)
   0.3125   11.2016 ^ amoalu/_1785_/Y (sky130_fd_sc_hd__o21ai_0)
   0.1601   11.3617 v amoalu/_1804_/Y (sky130_fd_sc_hd__a221oi_1)
   0.3366   11.6983 ^ amoalu/_1811_/Y (sky130_fd_sc_hd__o31ai_1)
   0.2941   11.9924 ^ amoalu/_1826_/X (sky130_fd_sc_hd__maj3_1)
   0.1032   12.0955 v amoalu/_1841_/Y (sky130_fd_sc_hd__a221oi_1)
   0.3280   12.4236 ^ amoalu/_1850_/Y (sky130_fd_sc_hd__o31ai_1)
   0.1072   12.5308 v amoalu/_1851_/Y (sky130_fd_sc_hd__xnor2_1)
   0.1525   12.6833 ^ amoalu/_1856_/Y (sky130_fd_sc_hd__o211ai_1)
   0.0952   12.7785 v amoalu/_1857_/Y (sky130_fd_sc_hd__o21ai_0)
   0.0035   12.7819 v _5184_/D (sky130_fd_sc_hd__dfxtp_1)
            12.7819   data arrival time

  20.0000   20.0000   clock clock (rise edge)
   0.0000   20.0000   clock network delay (ideal)
   0.0000   20.0000   clock reconvergence pessimism
            20.0000 ^ _5184_/CLK (sky130_fd_sc_hd__dfxtp_1)
  -0.1299   19.8701   library setup time
            19.8701   data required time
-------------------------------------------------------------
            19.8701   data required time
           -12.7819   data arrival time
-------------------------------------------------------------
             7.0882   slack (MET)


Startpoint: _4872_ (rising edge-triggered flip-flop clocked by clock)
Endpoint: _5183_ (rising edge-triggered flip-flop clocked by clock)
Path Group: clock
Path Type: max

    Delay      Time   Description
-------------------------------------------------------------
   0.0000    0.0000   clock clock (rise edge)
   0.0000    0.0000   clock network delay (ideal)
   0.0000    0.0000 ^ _4872_/CLK (sky130_fd_sc_hd__dfxtp_1)
   0.6018    0.6018 ^ _4872_/Q (sky130_fd_sc_hd__dfxtp_1)
   0.2033    0.8051 v _2214_/Y (sky130_fd_sc_hd__inv_1)
   0.2884    1.0935 v _2218_/X (sky130_fd_sc_hd__a211o_1)
   0.4936    1.5871 v _2226_/X (sky130_fd_sc_hd__or4_1)
   0.9018    2.4889 ^ _2248_/Y (sky130_fd_sc_hd__nor4_1)
   0.1869    2.6758 v _2285_/Y (sky130_fd_sc_hd__nand3_1)
   0.2758    2.9515 v _2286_/X (sky130_fd_sc_hd__clkbuf_1)
   0.1922    3.1438 v _2453_/X (sky130_fd_sc_hd__lpflow_isobufsrc_1)
   0.1962    3.3400 v _2456_/X (sky130_fd_sc_hd__o21a_1)
   0.2206    3.5605 ^ _2458_/Y (sky130_fd_sc_hd__nor2_1)
   0.2217    3.7822 ^ amoalu/_1071_/Y (sky130_fd_sc_hd__xnor2_1)
   0.1948    3.9770 v amoalu/_1266_/Y (sky130_fd_sc_hd__o21ai_0)
   0.3217    4.2987 ^ amoalu/_1290_/Y (sky130_fd_sc_hd__a211oi_1)
   0.1369    4.4357 v amoalu/_1299_/Y (sky130_fd_sc_hd__o31ai_1)
   0.4138    4.8495 v amoalu/_1311_/X (sky130_fd_sc_hd__maj3_1)
   0.2883    5.1377 ^ amoalu/_1336_/Y (sky130_fd_sc_hd__a211oi_1)
   0.1622    5.3000 v amoalu/_1350_/Y (sky130_fd_sc_hd__o311ai_0)
   0.3497    5.6497 ^ amoalu/_1382_/Y (sky130_fd_sc_hd__a311oi_1)
   0.1407    5.7904 v amoalu/_1392_/Y (sky130_fd_sc_hd__o31ai_1)
   0.4103    6.2007 v amoalu/_1404_/X (sky130_fd_sc_hd__maj3_1)
   0.3828    6.5835 ^ amoalu/_1426_/Y (sky130_fd_sc_hd__a221oi_1)
   0.1820    6.7655 v amoalu/_1443_/Y (sky130_fd_sc_hd__o311ai_0)
   0.4101    7.1756 ^ amoalu/_1463_/Y (sky130_fd_sc_hd__a311oi_1)
   0.2309    7.4066 ^ amoalu/_1484_/X (sky130_fd_sc_hd__o41a_1)
   0.2293    7.6358 ^ amoalu/_1507_/X (sky130_fd_sc_hd__o311a_1)
   0.1166    7.7524 v amoalu/_1531_/Y (sky130_fd_sc_hd__o31ai_1)
   0.2473    7.9998 ^ amoalu/_1551_/Y (sky130_fd_sc_hd__a31oi_1)
   0.1404    8.1402 v amoalu/_1556_/Y (sky130_fd_sc_hd__o21ai_0)
   0.3360    8.4762 ^ amoalu/_1571_/Y (sky130_fd_sc_hd__a21boi_0)
   0.2558    8.7319 ^ amoalu/_1592_/X (sky130_fd_sc_hd__o31a_1)
   0.1936    8.9256 ^ amoalu/_1609_/X (sky130_fd_sc_hd__o311a_1)
   0.2331    9.1587 ^ amoalu/_1633_/X (sky130_fd_sc_hd__o221a_2)
   0.1550    9.3137 ^ amoalu/_1652_/X (sky130_fd_sc_hd__o31a_1)
   0.1586    9.4724 v amoalu/_1678_/Y (sky130_fd_sc_hd__o221ai_1)
   0.3043    9.7767 ^ amoalu/_1701_/Y (sky130_fd_sc_hd__a31oi_1)
   0.1505    9.9272 v amoalu/_1715_/Y (sky130_fd_sc_hd__o211ai_1)
   0.3324   10.2596 ^ amoalu/_1745_/Y (sky130_fd_sc_hd__a41oi_1)
   0.1877   10.4473 v amoalu/_1766_/Y (sky130_fd_sc_hd__o221ai_1)
   0.2256   10.6729 ^ amoalu/_1770_/Y (sky130_fd_sc_hd__a21oi_1)
   0.1615   10.8345 v amoalu/_1785_/Y (sky130_fd_sc_hd__o21ai_0)
   0.4011   11.2356 ^ amoalu/_1804_/Y (sky130_fd_sc_hd__a221oi_1)
   0.1487   11.3843 v amoalu/_1811_/Y (sky130_fd_sc_hd__o31ai_1)
   0.4104   11.7947 v amoalu/_1826_/X (sky130_fd_sc_hd__maj3_1)
   0.3400   12.1347 ^ amoalu/_1841_/Y (sky130_fd_sc_hd__a221oi_1)
   0.0910   12.2257 v amoalu/_1842_/Y (sky130_fd_sc_hd__nor2_1)
   0.1380   12.3637 v amoalu/_1843_/Y (sky130_fd_sc_hd__xnor2_1)
   0.1666   12.5303 ^ amoalu/_1848_/Y (sky130_fd_sc_hd__o221ai_1)
   0.0987   12.6290 v amoalu/_1849_/Y (sky130_fd_sc_hd__o21ai_0)
   0.0035   12.6325 v _5183_/D (sky130_fd_sc_hd__dfxtp_1)
            12.6325   data arrival time

  20.0000   20.0000   clock clock (rise edge)
   0.0000   20.0000   clock network delay (ideal)
   0.0000   20.0000   clock reconvergence pessimism
            20.0000 ^ _5183_/CLK (sky130_fd_sc_hd__dfxtp_1)
  -0.1299   19.8701   library setup time
            19.8701   data required time
-------------------------------------------------------------
            19.8701   data required time
           -12.6325   data arrival time
-------------------------------------------------------------
             7.2376   slack (MET)


Startpoint: _4872_ (rising edge-triggered flip-flop clocked by clock)
Endpoint: _5182_ (rising edge-triggered flip-flop clocked by clock)
Path Group: clock
Path Type: max

    Delay      Time   Description
-------------------------------------------------------------
   0.0000    0.0000   clock clock (rise edge)
   0.0000    0.0000   clock network delay (ideal)
   0.0000    0.0000 ^ _4872_/CLK (sky130_fd_sc_hd__dfxtp_1)
   0.6018    0.6018 ^ _4872_/Q (sky130_fd_sc_hd__dfxtp_1)
   0.2033    0.8051 v _2214_/Y (sky130_fd_sc_hd__inv_1)
   0.2884    1.0935 v _2218_/X (sky130_fd_sc_hd__a211o_1)
   0.4936    1.5871 v _2226_/X (sky130_fd_sc_hd__or4_1)
   0.9018    2.4889 ^ _2248_/Y (sky130_fd_sc_hd__nor4_1)
   0.1869    2.6758 v _2285_/Y (sky130_fd_sc_hd__nand3_1)
   0.2758    2.9515 v _2286_/X (sky130_fd_sc_hd__clkbuf_1)
   0.1413    3.0928 ^ _2287_/Y (sky130_fd_sc_hd__nand3_1)
   0.0947    3.1875 v _2354_/Y (sky130_fd_sc_hd__o211ai_1)
   0.3839    3.5715 ^ _2427_/Y (sky130_fd_sc_hd__a21oi_1)
   0.1639    3.7353 v amoalu/_0933_/Y (sky130_fd_sc_hd__nand2_1)
   0.3372    4.0725 ^ amoalu/_1266_/Y (sky130_fd_sc_hd__o21ai_0)
   0.1478    4.2203 v amoalu/_1290_/Y (sky130_fd_sc_hd__a211oi_1)
   0.3274    4.5477 ^ amoalu/_1299_/Y (sky130_fd_sc_hd__o31ai_1)
   0.2948    4.8425 ^ amoalu/_1311_/X (sky130_fd_sc_hd__maj3_1)
   0.0961    4.9386 v amoalu/_1336_/Y (sky130_fd_sc_hd__a211oi_1)
   0.3334    5.2721 ^ amoalu/_1350_/Y (sky130_fd_sc_hd__o311ai_0)
   0.1684    5.4405 v amoalu/_1382_/Y (sky130_fd_sc_hd__a311oi_1)
   0.3252    5.7657 ^ amoalu/_1392_/Y (sky130_fd_sc_hd__o31ai_1)
   0.2940    6.0597 ^ amoalu/_1404_/X (sky130_fd_sc_hd__maj3_1)
   0.1129    6.1726 v amoalu/_1426_/Y (sky130_fd_sc_hd__a221oi_1)
   0.3503    6.5229 ^ amoalu/_1443_/Y (sky130_fd_sc_hd__o311ai_0)
   0.1874    6.7103 v amoalu/_1463_/Y (sky130_fd_sc_hd__a311oi_1)
   0.3828    7.0932 v amoalu/_1484_/X (sky130_fd_sc_hd__o41a_1)
   0.3529    7.4461 v amoalu/_1507_/X (sky130_fd_sc_hd__o311a_1)
   0.3471    7.7932 ^ amoalu/_1531_/Y (sky130_fd_sc_hd__o31ai_1)
   0.1677    7.9609 v amoalu/_1551_/Y (sky130_fd_sc_hd__a31oi_1)
   0.2469    8.2077 ^ amoalu/_1556_/Y (sky130_fd_sc_hd__o21ai_0)
   0.1873    8.3951 v amoalu/_1571_/Y (sky130_fd_sc_hd__a21boi_0)
   0.3588    8.7539 v amoalu/_1592_/X (sky130_fd_sc_hd__o31a_1)
   0.3241    9.0780 v amoalu/_1609_/X (sky130_fd_sc_hd__o311a_1)
   0.2701    9.3480 v amoalu/_1633_/X (sky130_fd_sc_hd__o221a_2)
   0.2650    9.6130 v amoalu/_1652_/X (sky130_fd_sc_hd__o31a_1)
   0.2513    9.8644 ^ amoalu/_1678_/Y (sky130_fd_sc_hd__o221ai_1)
   0.1832   10.0476 v amoalu/_1701_/Y (sky130_fd_sc_hd__a31oi_1)
   0.2552   10.3028 ^ amoalu/_1715_/Y (sky130_fd_sc_hd__o211ai_1)
   0.2016   10.5044 v amoalu/_1745_/Y (sky130_fd_sc_hd__a41oi_1)
   0.2523   10.7567 ^ amoalu/_1766_/Y (sky130_fd_sc_hd__o221ai_1)
   0.1324   10.8891 v amoalu/_1770_/Y (sky130_fd_sc_hd__a21oi_1)
   0.3125   11.2016 ^ amoalu/_1785_/Y (sky130_fd_sc_hd__o21ai_0)
   0.1601   11.3617 v amoalu/_1804_/Y (sky130_fd_sc_hd__a221oi_1)
   0.3366   11.6983 ^ amoalu/_1811_/Y (sky130_fd_sc_hd__o31ai_1)
   0.2941   11.9924 ^ amoalu/_1826_/X (sky130_fd_sc_hd__maj3_1)
   0.1397   12.1321 ^ amoalu/_1831_/X (sky130_fd_sc_hd__a21o_1)
   0.1164   12.2485 ^ amoalu/_1832_/Y (sky130_fd_sc_hd__xnor2_1)
   0.0688   12.3173 v amoalu/_1833_/Y (sky130_fd_sc_hd__nand2_1)
   0.1567   12.4740 ^ amoalu/_1839_/Y (sky130_fd_sc_hd__a31oi_1)
   0.0035   12.4774 ^ _5182_/D (sky130_fd_sc_hd__dfxtp_1)
            12.4774   data arrival time

  20.0000   20.0000   clock clock (rise edge)
   0.0000   20.0000   clock network delay (ideal)
   0.0000   20.0000   clock reconvergence pessimism
            20.0000 ^ _5182_/CLK (sky130_fd_sc_hd__dfxtp_1)
  -0.0756   19.9244   library setup time
            19.9244   data required time
-------------------------------------------------------------
            19.9244   data required time
           -12.4774   data arrival time
-------------------------------------------------------------
             7.4470   slack (MET)


Startpoint: _4872_ (rising edge-triggered flip-flop clocked by clock)
Endpoint: _5181_ (rising edge-triggered flip-flop clocked by clock)
Path Group: clock
Path Type: max

    Delay      Time   Description
-------------------------------------------------------------
   0.0000    0.0000   clock clock (rise edge)
   0.0000    0.0000   clock network delay (ideal)
   0.0000    0.0000 ^ _4872_/CLK (sky130_fd_sc_hd__dfxtp_1)
   0.6018    0.6018 ^ _4872_/Q (sky130_fd_sc_hd__dfxtp_1)
   0.2033    0.8051 v _2214_/Y (sky130_fd_sc_hd__inv_1)
   0.2884    1.0935 v _2218_/X (sky130_fd_sc_hd__a211o_1)
   0.4936    1.5871 v _2226_/X (sky130_fd_sc_hd__or4_1)
   0.9018    2.4889 ^ _2248_/Y (sky130_fd_sc_hd__nor4_1)
   0.1869    2.6758 v _2285_/Y (sky130_fd_sc_hd__nand3_1)
   0.2758    2.9515 v _2286_/X (sky130_fd_sc_hd__clkbuf_1)
   0.1413    3.0928 ^ _2287_/Y (sky130_fd_sc_hd__nand3_1)
   0.0947    3.1875 v _2354_/Y (sky130_fd_sc_hd__o211ai_1)
   0.3839    3.5715 ^ _2427_/Y (sky130_fd_sc_hd__a21oi_1)
   0.1639    3.7353 v amoalu/_0933_/Y (sky130_fd_sc_hd__nand2_1)
   0.3372    4.0725 ^ amoalu/_1266_/Y (sky130_fd_sc_hd__o21ai_0)
   0.1478    4.2203 v amoalu/_1290_/Y (sky130_fd_sc_hd__a211oi_1)
   0.3274    4.5477 ^ amoalu/_1299_/Y (sky130_fd_sc_hd__o31ai_1)
   0.2948    4.8425 ^ amoalu/_1311_/X (sky130_fd_sc_hd__maj3_1)
   0.0961    4.9386 v amoalu/_1336_/Y (sky130_fd_sc_hd__a211oi_1)
   0.3334    5.2721 ^ amoalu/_1350_/Y (sky130_fd_sc_hd__o311ai_0)
   0.1684    5.4405 v amoalu/_1382_/Y (sky130_fd_sc_hd__a311oi_1)
   0.3252    5.7657 ^ amoalu/_1392_/Y (sky130_fd_sc_hd__o31ai_1)
   0.2940    6.0597 ^ amoalu/_1404_/X (sky130_fd_sc_hd__maj3_1)
   0.1129    6.1726 v amoalu/_1426_/Y (sky130_fd_sc_hd__a221oi_1)
   0.3503    6.5229 ^ amoalu/_1443_/Y (sky130_fd_sc_hd__o311ai_0)
   0.1874    6.7103 v amoalu/_1463_/Y (sky130_fd_sc_hd__a311oi_1)
   0.3828    7.0932 v amoalu/_1484_/X (sky130_fd_sc_hd__o41a_1)
   0.3529    7.4461 v amoalu/_1507_/X (sky130_fd_sc_hd__o311a_1)
   0.3471    7.7932 ^ amoalu/_1531_/Y (sky130_fd_sc_hd__o31ai_1)
   0.1677    7.9609 v amoalu/_1551_/Y (sky130_fd_sc_hd__a31oi_1)
   0.2469    8.2077 ^ amoalu/_1556_/Y (sky130_fd_sc_hd__o21ai_0)
   0.1873    8.3951 v amoalu/_1571_/Y (sky130_fd_sc_hd__a21boi_0)
   0.3588    8.7539 v amoalu/_1592_/X (sky130_fd_sc_hd__o31a_1)
   0.3241    9.0780 v amoalu/_1609_/X (sky130_fd_sc_hd__o311a_1)
   0.2701    9.3480 v amoalu/_1633_/X (sky130_fd_sc_hd__o221a_2)
   0.2650    9.6130 v amoalu/_1652_/X (sky130_fd_sc_hd__o31a_1)
   0.2513    9.8644 ^ amoalu/_1678_/Y (sky130_fd_sc_hd__o221ai_1)
   0.1832   10.0476 v amoalu/_1701_/Y (sky130_fd_sc_hd__a31oi_1)
   0.2552   10.3028 ^ amoalu/_1715_/Y (sky130_fd_sc_hd__o211ai_1)
   0.2016   10.5044 v amoalu/_1745_/Y (sky130_fd_sc_hd__a41oi_1)
   0.2523   10.7567 ^ amoalu/_1766_/Y (sky130_fd_sc_hd__o221ai_1)
   0.1324   10.8891 v amoalu/_1770_/Y (sky130_fd_sc_hd__a21oi_1)
   0.3125   11.2016 ^ amoalu/_1785_/Y (sky130_fd_sc_hd__o21ai_0)
   0.1601   11.3617 v amoalu/_1804_/Y (sky130_fd_sc_hd__a221oi_1)
   0.3366   11.6983 ^ amoalu/_1811_/Y (sky130_fd_sc_hd__o31ai_1)
   0.2941   11.9924 ^ amoalu/_1826_/X (sky130_fd_sc_hd__maj3_1)
   0.0738   12.0662 v amoalu/_1827_/Y (sky130_fd_sc_hd__xnor2_1)
   0.1484   12.2145 ^ amoalu/_1828_/Y (sky130_fd_sc_hd__o21ai_0)
   0.0816   12.2961 v amoalu/_1829_/Y (sky130_fd_sc_hd__o22ai_1)
   0.0035   12.2996 v _5181_/D (sky130_fd_sc_hd__dfxtp_1)
            12.2996   data arrival time

  20.0000   20.0000   clock clock (rise edge)
   0.0000   20.0000   clock network delay (ideal)
   0.0000   20.0000   clock reconvergence pessimism
            20.0000 ^ _5181_/CLK (sky130_fd_sc_hd__dfxtp_1)
  -0.1401   19.8599   library setup time
            19.8599   data required time
-------------------------------------------------------------
            19.8599   data required time
           -12.2996   data arrival time
-------------------------------------------------------------
             7.5603   slack (MET)


Startpoint: _4872_ (rising edge-triggered flip-flop clocked by clock)
Endpoint: _5180_ (rising edge-triggered flip-flop clocked by clock)
Path Group: clock
Path Type: max

    Delay      Time   Description
-------------------------------------------------------------
   0.0000    0.0000   clock clock (rise edge)
   0.0000    0.0000   clock network delay (ideal)
   0.0000    0.0000 ^ _4872_/CLK (sky130_fd_sc_hd__dfxtp_1)
   0.6018    0.6018 ^ _4872_/Q (sky130_fd_sc_hd__dfxtp_1)
   0.2033    0.8051 v _2214_/Y (sky130_fd_sc_hd__inv_1)
   0.2884    1.0935 v _2218_/X (sky130_fd_sc_hd__a211o_1)
   0.4936    1.5871 v _2226_/X (sky130_fd_sc_hd__or4_1)
   0.9018    2.4889 ^ _2248_/Y (sky130_fd_sc_hd__nor4_1)
   0.1869    2.6758 v _2285_/Y (sky130_fd_sc_hd__nand3_1)
   0.2758    2.9515 v _2286_/X (sky130_fd_sc_hd__clkbuf_1)
   0.1413    3.0928 ^ _2287_/Y (sky130_fd_sc_hd__nand3_1)
   0.0947    3.1875 v _2354_/Y (sky130_fd_sc_hd__o211ai_1)
   0.3839    3.5715 ^ _2427_/Y (sky130_fd_sc_hd__a21oi_1)
   0.1639    3.7353 v amoalu/_0933_/Y (sky130_fd_sc_hd__nand2_1)
   0.3372    4.0725 ^ amoalu/_1266_/Y (sky130_fd_sc_hd__o21ai_0)
   0.1478    4.2203 v amoalu/_1290_/Y (sky130_fd_sc_hd__a211oi_1)
   0.3274    4.5477 ^ amoalu/_1299_/Y (sky130_fd_sc_hd__o31ai_1)
   0.2948    4.8425 ^ amoalu/_1311_/X (sky130_fd_sc_hd__maj3_1)
   0.0961    4.9386 v amoalu/_1336_/Y (sky130_fd_sc_hd__a211oi_1)
   0.3334    5.2721 ^ amoalu/_1350_/Y (sky130_fd_sc_hd__o311ai_0)
   0.1684    5.4405 v amoalu/_1382_/Y (sky130_fd_sc_hd__a311oi_1)
   0.3252    5.7657 ^ amoalu/_1392_/Y (sky130_fd_sc_hd__o31ai_1)
   0.2940    6.0597 ^ amoalu/_1404_/X (sky130_fd_sc_hd__maj3_1)
   0.1129    6.1726 v amoalu/_1426_/Y (sky130_fd_sc_hd__a221oi_1)
   0.3503    6.5229 ^ amoalu/_1443_/Y (sky130_fd_sc_hd__o311ai_0)
   0.1874    6.7103 v amoalu/_1463_/Y (sky130_fd_sc_hd__a311oi_1)
   0.3828    7.0932 v amoalu/_1484_/X (sky130_fd_sc_hd__o41a_1)
   0.3529    7.4461 v amoalu/_1507_/X (sky130_fd_sc_hd__o311a_1)
   0.3471    7.7932 ^ amoalu/_1531_/Y (sky130_fd_sc_hd__o31ai_1)
   0.1677    7.9609 v amoalu/_1551_/Y (sky130_fd_sc_hd__a31oi_1)
   0.2469    8.2077 ^ amoalu/_1556_/Y (sky130_fd_sc_hd__o21ai_0)
   0.1873    8.3951 v amoalu/_1571_/Y (sky130_fd_sc_hd__a21boi_0)
   0.3588    8.7539 v amoalu/_1592_/X (sky130_fd_sc_hd__o31a_1)
   0.3241    9.0780 v amoalu/_1609_/X (sky130_fd_sc_hd__o311a_1)
   0.2701    9.3480 v amoalu/_1633_/X (sky130_fd_sc_hd__o221a_2)
   0.2650    9.6130 v amoalu/_1652_/X (sky130_fd_sc_hd__o31a_1)
   0.2513    9.8644 ^ amoalu/_1678_/Y (sky130_fd_sc_hd__o221ai_1)
   0.1832   10.0476 v amoalu/_1701_/Y (sky130_fd_sc_hd__a31oi_1)
   0.2552   10.3028 ^ amoalu/_1715_/Y (sky130_fd_sc_hd__o211ai_1)
   0.2016   10.5044 v amoalu/_1745_/Y (sky130_fd_sc_hd__a41oi_1)
   0.2523   10.7567 ^ amoalu/_1766_/Y (sky130_fd_sc_hd__o221ai_1)
   0.1324   10.8891 v amoalu/_1770_/Y (sky130_fd_sc_hd__a21oi_1)
   0.3125   11.2016 ^ amoalu/_1785_/Y (sky130_fd_sc_hd__o21ai_0)
   0.1601   11.3617 v amoalu/_1804_/Y (sky130_fd_sc_hd__a221oi_1)
   0.3366   11.6983 ^ amoalu/_1811_/Y (sky130_fd_sc_hd__o31ai_1)
   0.1225   11.8208 v amoalu/_1812_/Y (sky130_fd_sc_hd__o21ai_0)
   0.1323   11.9531 ^ amoalu/_1813_/Y (sky130_fd_sc_hd__a21oi_1)
   0.1408   12.0938 ^ amoalu/_1819_/X (sky130_fd_sc_hd__o22a_1)
   0.0035   12.0973 ^ _5180_/D (sky130_fd_sc_hd__dfxtp_1)
            12.0973   data arrival time

  20.0000   20.0000   clock clock (rise edge)
   0.0000   20.0000   clock network delay (ideal)
   0.0000   20.0000   clock reconvergence pessimism
            20.0000 ^ _5180_/CLK (sky130_fd_sc_hd__dfxtp_1)
  -0.0590   19.9410   library setup time
            19.9410   data required time
-------------------------------------------------------------
            19.9410   data required time
           -12.0973   data arrival time
-------------------------------------------------------------
             7.8437   slack (MET)


Startpoint: _4872_ (rising edge-triggered flip-flop clocked by clock)
Endpoint: _5179_ (rising edge-triggered flip-flop clocked by clock)
Path Group: clock
Path Type: max

    Delay      Time   Description
-------------------------------------------------------------
   0.0000    0.0000   clock clock (rise edge)
   0.0000    0.0000   clock network delay (ideal)
   0.0000    0.0000 ^ _4872_/CLK (sky130_fd_sc_hd__dfxtp_1)
   0.6018    0.6018 ^ _4872_/Q (sky130_fd_sc_hd__dfxtp_1)
   0.2033    0.8051 v _2214_/Y (sky130_fd_sc_hd__inv_1)
   0.2884    1.0935 v _2218_/X (sky130_fd_sc_hd__a211o_1)
   0.4936    1.5871 v _2226_/X (sky130_fd_sc_hd__or4_1)
   0.9018    2.4889 ^ _2248_/Y (sky130_fd_sc_hd__nor4_1)
   0.1869    2.6758 v _2285_/Y (sky130_fd_sc_hd__nand3_1)
   0.2758    2.9515 v _2286_/X (sky130_fd_sc_hd__clkbuf_1)
   0.1413    3.0928 ^ _2287_/Y (sky130_fd_sc_hd__nand3_1)
   0.0947    3.1875 v _2354_/Y (sky130_fd_sc_hd__o211ai_1)
   0.3839    3.5715 ^ _2427_/Y (sky130_fd_sc_hd__a21oi_1)
   0.1639    3.7353 v amoalu/_0933_/Y (sky130_fd_sc_hd__nand2_1)
   0.3372    4.0725 ^ amoalu/_1266_/Y (sky130_fd_sc_hd__o21ai_0)
   0.1478    4.2203 v amoalu/_1290_/Y (sky130_fd_sc_hd__a211oi_1)
   0.3274    4.5477 ^ amoalu/_1299_/Y (sky130_fd_sc_hd__o31ai_1)
   0.2948    4.8425 ^ amoalu/_1311_/X (sky130_fd_sc_hd__maj3_1)
   0.0961    4.9386 v amoalu/_1336_/Y (sky130_fd_sc_hd__a211oi_1)
   0.3334    5.2721 ^ amoalu/_1350_/Y (sky130_fd_sc_hd__o311ai_0)
   0.1684    5.4405 v amoalu/_1382_/Y (sky130_fd_sc_hd__a311oi_1)
   0.3252    5.7657 ^ amoalu/_1392_/Y (sky130_fd_sc_hd__o31ai_1)
   0.2940    6.0597 ^ amoalu/_1404_/X (sky130_fd_sc_hd__maj3_1)
   0.1129    6.1726 v amoalu/_1426_/Y (sky130_fd_sc_hd__a221oi_1)
   0.3503    6.5229 ^ amoalu/_1443_/Y (sky130_fd_sc_hd__o311ai_0)
   0.1874    6.7103 v amoalu/_1463_/Y (sky130_fd_sc_hd__a311oi_1)
   0.3828    7.0932 v amoalu/_1484_/X (sky130_fd_sc_hd__o41a_1)
   0.3529    7.4461 v amoalu/_1507_/X (sky130_fd_sc_hd__o311a_1)
   0.3471    7.7932 ^ amoalu/_1531_/Y (sky130_fd_sc_hd__o31ai_1)
   0.1677    7.9609 v amoalu/_1551_/Y (sky130_fd_sc_hd__a31oi_1)
   0.2469    8.2077 ^ amoalu/_1556_/Y (sky130_fd_sc_hd__o21ai_0)
   0.1873    8.3951 v amoalu/_1571_/Y (sky130_fd_sc_hd__a21boi_0)
   0.3588    8.7539 v amoalu/_1592_/X (sky130_fd_sc_hd__o31a_1)
   0.3241    9.0780 v amoalu/_1609_/X (sky130_fd_sc_hd__o311a_1)
   0.2701    9.3480 v amoalu/_1633_/X (sky130_fd_sc_hd__o221a_2)
   0.2650    9.6130 v amoalu/_1652_/X (sky130_fd_sc_hd__o31a_1)
   0.2513    9.8644 ^ amoalu/_1678_/Y (sky130_fd_sc_hd__o221ai_1)
   0.1832   10.0476 v amoalu/_1701_/Y (sky130_fd_sc_hd__a31oi_1)
   0.2552   10.3028 ^ amoalu/_1715_/Y (sky130_fd_sc_hd__o211ai_1)
   0.2016   10.5044 v amoalu/_1745_/Y (sky130_fd_sc_hd__a41oi_1)
   0.2523   10.7567 ^ amoalu/_1766_/Y (sky130_fd_sc_hd__o221ai_1)
   0.1324   10.8891 v amoalu/_1770_/Y (sky130_fd_sc_hd__a21oi_1)
   0.3125   11.2016 ^ amoalu/_1785_/Y (sky130_fd_sc_hd__o21ai_0)
   0.1601   11.3617 v amoalu/_1804_/Y (sky130_fd_sc_hd__a221oi_1)
   0.1632   11.5248 ^ amoalu/_1807_/Y (sky130_fd_sc_hd__nor3_1)
   0.0632   11.5881 v amoalu/_1808_/X (sky130_fd_sc_hd__lpflow_isobufsrc_1)
   0.1402   11.7283 ^ amoalu/_1809_/Y (sky130_fd_sc_hd__o21ai_0)
   0.0816   11.8098 v amoalu/_1810_/Y (sky130_fd_sc_hd__o22ai_1)
   0.0035   11.8133 v _5179_/D (sky130_fd_sc_hd__dfxtp_1)
            11.8133   data arrival time

  20.0000   20.0000   clock clock (rise edge)
   0.0000   20.0000   clock network delay (ideal)
   0.0000   20.0000   clock reconvergence pessimism
            20.0000 ^ _5179_/CLK (sky130_fd_sc_hd__dfxtp_1)
  -0.1298   19.8702   library setup time
            19.8702   data required time
-------------------------------------------------------------
            19.8702   data required time
           -11.8133   data arrival time
-------------------------------------------------------------
             8.0569   slack (MET)


Startpoint: _4872_ (rising edge-triggered flip-flop clocked by clock)
Endpoint: _5178_ (rising edge-triggered flip-flop clocked by clock)
Path Group: clock
Path Type: max

    Delay      Time   Description
-------------------------------------------------------------
   0.0000    0.0000   clock clock (rise edge)
   0.0000    0.0000   clock network delay (ideal)
   0.0000    0.0000 ^ _4872_/CLK (sky130_fd_sc_hd__dfxtp_1)
   0.6018    0.6018 ^ _4872_/Q (sky130_fd_sc_hd__dfxtp_1)
   0.2033    0.8051 v _2214_/Y (sky130_fd_sc_hd__inv_1)
   0.2884    1.0935 v _2218_/X (sky130_fd_sc_hd__a211o_1)
   0.4936    1.5871 v _2226_/X (sky130_fd_sc_hd__or4_1)
   0.9018    2.4889 ^ _2248_/Y (sky130_fd_sc_hd__nor4_1)
   0.1869    2.6758 v _2285_/Y (sky130_fd_sc_hd__nand3_1)
   0.2758    2.9515 v _2286_/X (sky130_fd_sc_hd__clkbuf_1)
   0.1413    3.0928 ^ _2287_/Y (sky130_fd_sc_hd__nand3_1)
   0.0947    3.1875 v _2354_/Y (sky130_fd_sc_hd__o211ai_1)
   0.3839    3.5715 ^ _2427_/Y (sky130_fd_sc_hd__a21oi_1)
   0.1639    3.7353 v amoalu/_0933_/Y (sky130_fd_sc_hd__nand2_1)
   0.3372    4.0725 ^ amoalu/_1266_/Y (sky130_fd_sc_hd__o21ai_0)
   0.1478    4.2203 v amoalu/_1290_/Y (sky130_fd_sc_hd__a211oi_1)
   0.3274    4.5477 ^ amoalu/_1299_/Y (sky130_fd_sc_hd__o31ai_1)
   0.2948    4.8425 ^ amoalu/_1311_/X (sky130_fd_sc_hd__maj3_1)
   0.0961    4.9386 v amoalu/_1336_/Y (sky130_fd_sc_hd__a211oi_1)
   0.3334    5.2721 ^ amoalu/_1350_/Y (sky130_fd_sc_hd__o311ai_0)
   0.1684    5.4405 v amoalu/_1382_/Y (sky130_fd_sc_hd__a311oi_1)
   0.3252    5.7657 ^ amoalu/_1392_/Y (sky130_fd_sc_hd__o31ai_1)
   0.2940    6.0597 ^ amoalu/_1404_/X (sky130_fd_sc_hd__maj3_1)
   0.1129    6.1726 v amoalu/_1426_/Y (sky130_fd_sc_hd__a221oi_1)
   0.3503    6.5229 ^ amoalu/_1443_/Y (sky130_fd_sc_hd__o311ai_0)
   0.1874    6.7103 v amoalu/_1463_/Y (sky130_fd_sc_hd__a311oi_1)
   0.3828    7.0932 v amoalu/_1484_/X (sky130_fd_sc_hd__o41a_1)
   0.3529    7.4461 v amoalu/_1507_/X (sky130_fd_sc_hd__o311a_1)
   0.3471    7.7932 ^ amoalu/_1531_/Y (sky130_fd_sc_hd__o31ai_1)
   0.1677    7.9609 v amoalu/_1551_/Y (sky130_fd_sc_hd__a31oi_1)
   0.2469    8.2077 ^ amoalu/_1556_/Y (sky130_fd_sc_hd__o21ai_0)
   0.1873    8.3951 v amoalu/_1571_/Y (sky130_fd_sc_hd__a21boi_0)
   0.3588    8.7539 v amoalu/_1592_/X (sky130_fd_sc_hd__o31a_1)
   0.3241    9.0780 v amoalu/_1609_/X (sky130_fd_sc_hd__o311a_1)
   0.2701    9.3480 v amoalu/_1633_/X (sky130_fd_sc_hd__o221a_2)
   0.2650    9.6130 v amoalu/_1652_/X (sky130_fd_sc_hd__o31a_1)
   0.2513    9.8644 ^ amoalu/_1678_/Y (sky130_fd_sc_hd__o221ai_1)
   0.1832   10.0476 v amoalu/_1701_/Y (sky130_fd_sc_hd__a31oi_1)
   0.2552   10.3028 ^ amoalu/_1715_/Y (sky130_fd_sc_hd__o211ai_1)
   0.2016   10.5044 v amoalu/_1745_/Y (sky130_fd_sc_hd__a41oi_1)
   0.2523   10.7567 ^ amoalu/_1766_/Y (sky130_fd_sc_hd__o221ai_1)
   0.1324   10.8891 v amoalu/_1770_/Y (sky130_fd_sc_hd__a21oi_1)
   0.3125   11.2016 ^ amoalu/_1785_/Y (sky130_fd_sc_hd__o21ai_0)
   0.0933   11.2948 v amoalu/_1789_/Y (sky130_fd_sc_hd__nand2_1)
   0.0836   11.3785 ^ amoalu/_1790_/Y (sky130_fd_sc_hd__nand2_1)
   0.1194   11.4979 ^ amoalu/_1791_/Y (sky130_fd_sc_hd__xnor2_1)
   0.0688   11.5667 v amoalu/_1792_/Y (sky130_fd_sc_hd__nand2_1)
   0.1567   11.7234 ^ amoalu/_1798_/Y (sky130_fd_sc_hd__a31oi_1)
   0.0035   11.7269 ^ _5178_/D (sky130_fd_sc_hd__dfxtp_1)
            11.7269   data arrival time

  20.0000   20.0000   clock clock (rise edge)
   0.0000   20.0000   clock network delay (ideal)
   0.0000   20.0000   clock reconvergence pessimism
            20.0000 ^ _5178_/CLK (sky130_fd_sc_hd__dfxtp_1)
  -0.0756   19.9244   library setup time
            19.9244   data required time
-------------------------------------------------------------
            19.9244   data required time
           -11.7269   data arrival time
-------------------------------------------------------------
             8.1975   slack (MET)


Startpoint: _4872_ (rising edge-triggered flip-flop clocked by clock)
Endpoint: _5177_ (rising edge-triggered flip-flop clocked by clock)
Path Group: clock
Path Type: max

    Delay      Time   Description
-------------------------------------------------------------
   0.0000    0.0000   clock clock (rise edge)
   0.0000    0.0000   clock network delay (ideal)
   0.0000    0.0000 ^ _4872_/CLK (sky130_fd_sc_hd__dfxtp_1)
   0.6018    0.6018 ^ _4872_/Q (sky130_fd_sc_hd__dfxtp_1)
   0.2033    0.8051 v _2214_/Y (sky130_fd_sc_hd__inv_1)
   0.2884    1.0935 v _2218_/X (sky130_fd_sc_hd__a211o_1)
   0.4936    1.5871 v _2226_/X (sky130_fd_sc_hd__or4_1)
   0.9018    2.4889 ^ _2248_/Y (sky130_fd_sc_hd__nor4_1)
   0.1869    2.6758 v _2285_/Y (sky130_fd_sc_hd__nand3_1)
   0.2758    2.9515 v _2286_/X (sky130_fd_sc_hd__clkbuf_1)
   0.1413    3.0928 ^ _2287_/Y (sky130_fd_sc_hd__nand3_1)
   0.0947    3.1875 v _2354_/Y (sky130_fd_sc_hd__o211ai_1)
   0.3839    3.5715 ^ _2427_/Y (sky130_fd_sc_hd__a21oi_1)
   0.1639    3.7353 v amoalu/_0933_/Y (sky130_fd_sc_hd__nand2_1)
   0.3372    4.0725 ^ amoalu/_1266_/Y (sky130_fd_sc_hd__o21ai_0)
   0.1478    4.2203 v amoalu/_1290_/Y (sky130_fd_sc_hd__a211oi_1)
   0.3274    4.5477 ^ amoalu/_1299_/Y (sky130_fd_sc_hd__o31ai_1)
   0.2948    4.8425 ^ amoalu/_1311_/X (sky130_fd_sc_hd__maj3_1)
   0.0961    4.9386 v amoalu/_1336_/Y (sky130_fd_sc_hd__a211oi_1)
   0.3334    5.2721 ^ amoalu/_1350_/Y (sky130_fd_sc_hd__o311ai_0)
   0.1684    5.4405 v amoalu/_1382_/Y (sky130_fd_sc_hd__a311oi_1)
   0.3252    5.7657 ^ amoalu/_1392_/Y (sky130_fd_sc_hd__o31ai_1)
   0.2940    6.0597 ^ amoalu/_1404_/X (sky130_fd_sc_hd__maj3_1)
   0.1129    6.1726 v amoalu/_1426_/Y (sky130_fd_sc_hd__a221oi_1)
   0.3503    6.5229 ^ amoalu/_1443_/Y (sky130_fd_sc_hd__o311ai_0)
   0.1874    6.7103 v amoalu/_1463_/Y (sky130_fd_sc_hd__a311oi_1)
   0.3828    7.0932 v amoalu/_1484_/X (sky130_fd_sc_hd__o41a_1)
   0.3529    7.4461 v amoalu/_1507_/X (sky130_fd_sc_hd__o311a_1)
   0.3471    7.7932 ^ amoalu/_1531_/Y (sky130_fd_sc_hd__o31ai_1)
   0.1677    7.9609 v amoalu/_1551_/Y (sky130_fd_sc_hd__a31oi_1)
   0.2469    8.2077 ^ amoalu/_1556_/Y (sky130_fd_sc_hd__o21ai_0)
   0.1873    8.3951 v amoalu/_1571_/Y (sky130_fd_sc_hd__a21boi_0)
   0.3588    8.7539 v amoalu/_1592_/X (sky130_fd_sc_hd__o31a_1)
   0.3241    9.0780 v amoalu/_1609_/X (sky130_fd_sc_hd__o311a_1)
   0.2701    9.3480 v amoalu/_1633_/X (sky130_fd_sc_hd__o221a_2)
   0.2650    9.6130 v amoalu/_1652_/X (sky130_fd_sc_hd__o31a_1)
   0.2513    9.8644 ^ amoalu/_1678_/Y (sky130_fd_sc_hd__o221ai_1)
   0.1832   10.0476 v amoalu/_1701_/Y (sky130_fd_sc_hd__a31oi_1)
   0.2552   10.3028 ^ amoalu/_1715_/Y (sky130_fd_sc_hd__o211ai_1)
   0.2016   10.5044 v amoalu/_1745_/Y (sky130_fd_sc_hd__a41oi_1)
   0.2523   10.7567 ^ amoalu/_1766_/Y (sky130_fd_sc_hd__o221ai_1)
   0.1324   10.8891 v amoalu/_1770_/Y (sky130_fd_sc_hd__a21oi_1)
   0.3125   11.2016 ^ amoalu/_1785_/Y (sky130_fd_sc_hd__o21ai_0)
   0.1067   11.3083 v amoalu/_1786_/X (sky130_fd_sc_hd__xor2_1)
   0.1557   11.4640 ^ amoalu/_1787_/Y (sky130_fd_sc_hd__o21ai_0)
   0.0816   11.5455 v amoalu/_1788_/Y (sky130_fd_sc_hd__o22ai_1)
   0.0035   11.5490 v _5177_/D (sky130_fd_sc_hd__dfxtp_1)
            11.5490   data arrival time

  20.0000   20.0000   clock clock (rise edge)
   0.0000   20.0000   clock network delay (ideal)
   0.0000   20.0000   clock reconvergence pessimism
            20.0000 ^ _5177_/CLK (sky130_fd_sc_hd__dfxtp_1)
  -0.1298   19.8702   library setup time
            19.8702   data required time
-------------------------------------------------------------
            19.8702   data required time
           -11.5490   data arrival time
-------------------------------------------------------------
             8.3212   slack (MET)


Startpoint: _4872_ (rising edge-triggered flip-flop clocked by clock)
Endpoint: _5176_ (rising edge-triggered flip-flop clocked by clock)
Path Group: clock
Path Type: max

    Delay      Time   Description
-------------------------------------------------------------
   0.0000    0.0000   clock clock (rise edge)
   0.0000    0.0000   clock network delay (ideal)
   0.0000    0.0000 ^ _4872_/CLK (sky130_fd_sc_hd__dfxtp_1)
   0.6018    0.6018 ^ _4872_/Q (sky130_fd_sc_hd__dfxtp_1)
   0.2033    0.8051 v _2214_/Y (sky130_fd_sc_hd__inv_1)
   0.2884    1.0935 v _2218_/X (sky130_fd_sc_hd__a211o_1)
   0.4936    1.5871 v _2226_/X (sky130_fd_sc_hd__or4_1)
   0.9018    2.4889 ^ _2248_/Y (sky130_fd_sc_hd__nor4_1)
   0.1869    2.6758 v _2285_/Y (sky130_fd_sc_hd__nand3_1)
   0.2758    2.9515 v _2286_/X (sky130_fd_sc_hd__clkbuf_1)
   0.1413    3.0928 ^ _2287_/Y (sky130_fd_sc_hd__nand3_1)
   0.0947    3.1875 v _2354_/Y (sky130_fd_sc_hd__o211ai_1)
   0.3839    3.5715 ^ _2427_/Y (sky130_fd_sc_hd__a21oi_1)
   0.1639    3.7353 v amoalu/_0933_/Y (sky130_fd_sc_hd__nand2_1)
   0.3372    4.0725 ^ amoalu/_1266_/Y (sky130_fd_sc_hd__o21ai_0)
   0.1478    4.2203 v amoalu/_1290_/Y (sky130_fd_sc_hd__a211oi_1)
   0.3274    4.5477 ^ amoalu/_1299_/Y (sky130_fd_sc_hd__o31ai_1)
   0.2948    4.8425 ^ amoalu/_1311_/X (sky130_fd_sc_hd__maj3_1)
   0.0961    4.9386 v amoalu/_1336_/Y (sky130_fd_sc_hd__a211oi_1)
   0.3334    5.2721 ^ amoalu/_1350_/Y (sky130_fd_sc_hd__o311ai_0)
   0.1684    5.4405 v amoalu/_1382_/Y (sky130_fd_sc_hd__a311oi_1)
   0.3252    5.7657 ^ amoalu/_1392_/Y (sky130_fd_sc_hd__o31ai_1)
   0.2940    6.0597 ^ amoalu/_1404_/X (sky130_fd_sc_hd__maj3_1)
   0.1129    6.1726 v amoalu/_1426_/Y (sky130_fd_sc_hd__a221oi_1)
   0.3503    6.5229 ^ amoalu/_1443_/Y (sky130_fd_sc_hd__o311ai_0)
   0.1874    6.7103 v amoalu/_1463_/Y (sky130_fd_sc_hd__a311oi_1)
   0.3828    7.0932 v amoalu/_1484_/X (sky130_fd_sc_hd__o41a_1)
   0.3529    7.4461 v amoalu/_1507_/X (sky130_fd_sc_hd__o311a_1)
   0.3471    7.7932 ^ amoalu/_1531_/Y (sky130_fd_sc_hd__o31ai_1)
   0.1677    7.9609 v amoalu/_1551_/Y (sky130_fd_sc_hd__a31oi_1)
   0.2469    8.2077 ^ amoalu/_1556_/Y (sky130_fd_sc_hd__o21ai_0)
   0.1873    8.3951 v amoalu/_1571_/Y (sky130_fd_sc_hd__a21boi_0)
   0.3588    8.7539 v amoalu/_1592_/X (sky130_fd_sc_hd__o31a_1)
   0.3241    9.0780 v amoalu/_1609_/X (sky130_fd_sc_hd__o311a_1)
   0.2701    9.3480 v amoalu/_1633_/X (sky130_fd_sc_hd__o221a_2)
   0.2650    9.6130 v amoalu/_1652_/X (sky130_fd_sc_hd__o31a_1)
   0.2513    9.8644 ^ amoalu/_1678_/Y (sky130_fd_sc_hd__o221ai_1)
   0.1832   10.0476 v amoalu/_1701_/Y (sky130_fd_sc_hd__a31oi_1)
   0.2552   10.3028 ^ amoalu/_1715_/Y (sky130_fd_sc_hd__o211ai_1)
   0.2016   10.5044 v amoalu/_1745_/Y (sky130_fd_sc_hd__a41oi_1)
   0.2523   10.7567 ^ amoalu/_1766_/Y (sky130_fd_sc_hd__o221ai_1)
   0.1324   10.8891 v amoalu/_1770_/Y (sky130_fd_sc_hd__a21oi_1)
   0.1494   11.0385 ^ amoalu/_1771_/Y (sky130_fd_sc_hd__a21oi_1)
   0.0905   11.1289 v amoalu/_1772_/Y (sky130_fd_sc_hd__o21ai_0)
   0.1588   11.2877 ^ amoalu/_1779_/Y (sky130_fd_sc_hd__a31oi_1)
   0.0035   11.2912 ^ _5176_/D (sky130_fd_sc_hd__dfxtp_1)
            11.2912   data arrival time

  20.0000   20.0000   clock clock (rise edge)
   0.0000   20.0000   clock network delay (ideal)
   0.0000   20.0000   clock reconvergence pessimism
            20.0000 ^ _5176_/CLK (sky130_fd_sc_hd__dfxtp_1)
  -0.0756   19.9244   library setup time
            19.9244   data required time
-------------------------------------------------------------
            19.9244   data required time
           -11.2912   data arrival time
-------------------------------------------------------------
             8.6332   slack (MET)


Startpoint: _4872_ (rising edge-triggered flip-flop clocked by clock)
Endpoint: _5175_ (rising edge-triggered flip-flop clocked by clock)
Path Group: clock
Path Type: max

    Delay      Time   Description
-------------------------------------------------------------
   0.0000    0.0000   clock clock (rise edge)
   0.0000    0.0000   clock network delay (ideal)
   0.0000    0.0000 ^ _4872_/CLK (sky130_fd_sc_hd__dfxtp_1)
   0.6018    0.6018 ^ _4872_/Q (sky130_fd_sc_hd__dfxtp_1)
   0.2033    0.8051 v _2214_/Y (sky130_fd_sc_hd__inv_1)
   0.2884    1.0935 v _2218_/X (sky130_fd_sc_hd__a211o_1)
   0.4936    1.5871 v _2226_/X (sky130_fd_sc_hd__or4_1)
   0.9018    2.4889 ^ _2248_/Y (sky130_fd_sc_hd__nor4_1)
   0.1869    2.6758 v _2285_/Y (sky130_fd_sc_hd__nand3_1)
   0.2758    2.9515 v _2286_/X (sky130_fd_sc_hd__clkbuf_1)
   0.1413    3.0928 ^ _2287_/Y (sky130_fd_sc_hd__nand3_1)
   0.0947    3.1875 v _2354_/Y (sky130_fd_sc_hd__o211ai_1)
   0.3839    3.5715 ^ _2427_/Y (sky130_fd_sc_hd__a21oi_1)
   0.1639    3.7353 v amoalu/_0933_/Y (sky130_fd_sc_hd__nand2_1)
   0.3372    4.0725 ^ amoalu/_1266_/Y (sky130_fd_sc_hd__o21ai_0)
   0.1478    4.2203 v amoalu/_1290_/Y (sky130_fd_sc_hd__a211oi_1)
   0.3274    4.5477 ^ amoalu/_1299_/Y (sky130_fd_sc_hd__o31ai_1)
   0.2948    4.8425 ^ amoalu/_1311_/X (sky130_fd_sc_hd__maj3_1)
   0.0961    4.9386 v amoalu/_1336_/Y (sky130_fd_sc_hd__a211oi_1)
   0.3334    5.2721 ^ amoalu/_1350_/Y (sky130_fd_sc_hd__o311ai_0)
   0.1684    5.4405 v amoalu/_1382_/Y (sky130_fd_sc_hd__a311oi_1)
   0.3252    5.7657 ^ amoalu/_1392_/Y (sky130_fd_sc_hd__o31ai_1)
   0.2940    6.0597 ^ amoalu/_1404_/X (sky130_fd_sc_hd__maj3_1)
   0.1129    6.1726 v amoalu/_1426_/Y (sky130_fd_sc_hd__a221oi_1)
   0.3503    6.5229 ^ amoalu/_1443_/Y (sky130_fd_sc_hd__o311ai_0)
   0.1874    6.7103 v amoalu/_1463_/Y (sky130_fd_sc_hd__a311oi_1)
   0.3828    7.0932 v amoalu/_1484_/X (sky130_fd_sc_hd__o41a_1)
   0.3529    7.4461 v amoalu/_1507_/X (sky130_fd_sc_hd__o311a_1)
   0.3471    7.7932 ^ amoalu/_1531_/Y (sky130_fd_sc_hd__o31ai_1)
   0.1677    7.9609 v amoalu/_1551_/Y (sky130_fd_sc_hd__a31oi_1)
   0.2469    8.2077 ^ amoalu/_1556_/Y (sky130_fd_sc_hd__o21ai_0)
   0.1873    8.3951 v amoalu/_1571_/Y (sky130_fd_sc_hd__a21boi_0)
   0.3588    8.7539 v amoalu/_1592_/X (sky130_fd_sc_hd__o31a_1)
   0.3241    9.0780 v amoalu/_1609_/X (sky130_fd_sc_hd__o311a_1)
   0.2701    9.3480 v amoalu/_1633_/X (sky130_fd_sc_hd__o221a_2)
   0.2650    9.6130 v amoalu/_1652_/X (sky130_fd_sc_hd__o31a_1)
   0.2513    9.8644 ^ amoalu/_1678_/Y (sky130_fd_sc_hd__o221ai_1)
   0.1832   10.0476 v amoalu/_1701_/Y (sky130_fd_sc_hd__a31oi_1)
   0.2552   10.3028 ^ amoalu/_1715_/Y (sky130_fd_sc_hd__o211ai_1)
   0.2016   10.5044 v amoalu/_1745_/Y (sky130_fd_sc_hd__a41oi_1)
   0.2523   10.7567 ^ amoalu/_1766_/Y (sky130_fd_sc_hd__o221ai_1)
   0.0981   10.8548 v amoalu/_1767_/X (sky130_fd_sc_hd__xor2_1)
   0.1508   11.0056 ^ amoalu/_1768_/Y (sky130_fd_sc_hd__o21ai_0)
   0.0816   11.0871 v amoalu/_1769_/Y (sky130_fd_sc_hd__o22ai_1)
   0.0035   11.0906 v _5175_/D (sky130_fd_sc_hd__dfxtp_1)
            11.0906   data arrival time

  20.0000   20.0000   clock clock (rise edge)
   0.0000   20.0000   clock network delay (ideal)
   0.0000   20.0000   clock reconvergence pessimism
            20.0000 ^ _5175_/CLK (sky130_fd_sc_hd__dfxtp_1)
  -0.1298   19.8702   library setup time
            19.8702   data required time
-------------------------------------------------------------
            19.8702   data required time
           -11.0906   data arrival time
-------------------------------------------------------------
             8.7796   slack (MET)


Startpoint: _4872_ (rising edge-triggered flip-flop clocked by clock)
Endpoint: _5174_ (rising edge-triggered flip-flop clocked by clock)
Path Group: clock
Path Type: max

    Delay      Time   Description
-------------------------------------------------------------
   0.0000    0.0000   clock clock (rise edge)
   0.0000    0.0000   clock network delay (ideal)
   0.0000    0.0000 ^ _4872_/CLK (sky130_fd_sc_hd__dfxtp_1)
   0.6018    0.6018 ^ _4872_/Q (sky130_fd_sc_hd__dfxtp_1)
   0.2033    0.8051 v _2214_/Y (sky130_fd_sc_hd__inv_1)
   0.2884    1.0935 v _2218_/X (sky130_fd_sc_hd__a211o_1)
   0.4936    1.5871 v _2226_/X (sky130_fd_sc_hd__or4_1)
   0.9018    2.4889 ^ _2248_/Y (sky130_fd_sc_hd__nor4_1)
   0.1869    2.6758 v _2285_/Y (sky130_fd_sc_hd__nand3_1)
   0.2758    2.9515 v _2286_/X (sky130_fd_sc_hd__clkbuf_1)
   0.1413    3.0928 ^ _2287_/Y (sky130_fd_sc_hd__nand3_1)
   0.0947    3.1875 v _2354_/Y (sky130_fd_sc_hd__o211ai_1)
   0.3839    3.5715 ^ _2427_/Y (sky130_fd_sc_hd__a21oi_1)
   0.1639    3.7353 v amoalu/_0933_/Y (sky130_fd_sc_hd__nand2_1)
   0.3372    4.0725 ^ amoalu/_1266_/Y (sky130_fd_sc_hd__o21ai_0)
   0.1478    4.2203 v amoalu/_1290_/Y (sky130_fd_sc_hd__a211oi_1)
   0.3274    4.5477 ^ amoalu/_1299_/Y (sky130_fd_sc_hd__o31ai_1)
   0.2948    4.8425 ^ amoalu/_1311_/X (sky130_fd_sc_hd__maj3_1)
   0.0961    4.9386 v amoalu/_1336_/Y (sky130_fd_sc_hd__a211oi_1)
   0.3334    5.2721 ^ amoalu/_1350_/Y (sky130_fd_sc_hd__o311ai_0)
   0.1684    5.4405 v amoalu/_1382_/Y (sky130_fd_sc_hd__a311oi_1)
   0.3252    5.7657 ^ amoalu/_1392_/Y (sky130_fd_sc_hd__o31ai_1)
   0.2940    6.0597 ^ amoalu/_1404_/X (sky130_fd_sc_hd__maj3_1)
   0.1129    6.1726 v amoalu/_1426_/Y (sky130_fd_sc_hd__a221oi_1)
   0.3503    6.5229 ^ amoalu/_1443_/Y (sky130_fd_sc_hd__o311ai_0)
   0.1874    6.7103 v amoalu/_1463_/Y (sky130_fd_sc_hd__a311oi_1)
   0.3828    7.0932 v amoalu/_1484_/X (sky130_fd_sc_hd__o41a_1)
   0.3529    7.4461 v amoalu/_1507_/X (sky130_fd_sc_hd__o311a_1)
   0.3471    7.7932 ^ amoalu/_1531_/Y (sky130_fd_sc_hd__o31ai_1)
   0.1677    7.9609 v amoalu/_1551_/Y (sky130_fd_sc_hd__a31oi_1)
   0.2469    8.2077 ^ amoalu/_1556_/Y (sky130_fd_sc_hd__o21ai_0)
   0.1873    8.3951 v amoalu/_1571_/Y (sky130_fd_sc_hd__a21boi_0)
   0.3588    8.7539 v amoalu/_1592_/X (sky130_fd_sc_hd__o31a_1)
   0.3241    9.0780 v amoalu/_1609_/X (sky130_fd_sc_hd__o311a_1)
   0.2701    9.3480 v amoalu/_1633_/X (sky130_fd_sc_hd__o221a_2)
   0.2650    9.6130 v amoalu/_1652_/X (sky130_fd_sc_hd__o31a_1)
   0.2513    9.8644 ^ amoalu/_1678_/Y (sky130_fd_sc_hd__o221ai_1)
   0.1832   10.0476 v amoalu/_1701_/Y (sky130_fd_sc_hd__a31oi_1)
   0.2552   10.3028 ^ amoalu/_1715_/Y (sky130_fd_sc_hd__o211ai_1)
   0.2016   10.5044 v amoalu/_1745_/Y (sky130_fd_sc_hd__a41oi_1)
   0.2231   10.7274 ^ amoalu/_1750_/Y (sky130_fd_sc_hd__o21ai_0)
   0.0895   10.8169 v amoalu/_1751_/Y (sky130_fd_sc_hd__a21oi_1)
   0.0841   10.9010 ^ amoalu/_1752_/Y (sky130_fd_sc_hd__o21ai_0)
   0.0964   10.9974 v amoalu/_1758_/Y (sky130_fd_sc_hd__a31oi_1)
   0.0035   11.0009 v _5174_/D (sky130_fd_sc_hd__dfxtp_1)
            11.0009   data arrival time

  20.0000   20.0000   clock clock (rise edge)
   0.0000   20.0000   clock network delay (ideal)
   0.0000   20.0000   clock reconvergence pessimism
            20.0000 ^ _5174_/CLK (sky130_fd_sc_hd__dfxtp_1)
  -0.1386   19.8614   library setup time
            19.8614   data required time
-------------------------------------------------------------
            19.8614   data required time
           -11.0009   data arrival time
-------------------------------------------------------------
             8.8605   slack (MET)


Startpoint: _4872_ (rising edge-triggered flip-flop clocked by clock)
Endpoint: _5173_ (rising edge-triggered flip-flop clocked by clock)
Path Group: clock
Path Type: max

    Delay      Time   Description
-------------------------------------------------------------
   0.0000    0.0000   clock clock (rise edge)
   0.0000    0.0000   clock network delay (ideal)
   0.0000    0.0000 ^ _4872_/CLK (sky130_fd_sc_hd__dfxtp_1)
   0.6018    0.6018 ^ _4872_/Q (sky130_fd_sc_hd__dfxtp_1)
   0.2033    0.8051 v _2214_/Y (sky130_fd_sc_hd__inv_1)
   0.2884    1.0935 v _2218_/X (sky130_fd_sc_hd__a211o_1)
   0.4936    1.5871 v _2226_/X (sky130_fd_sc_hd__or4_1)
   0.9018    2.4889 ^ _2248_/Y (sky130_fd_sc_hd__nor4_1)
   0.1869    2.6758 v _2285_/Y (sky130_fd_sc_hd__nand3_1)
   0.2758    2.9515 v _2286_/X (sky130_fd_sc_hd__clkbuf_1)
   0.1413    3.0928 ^ _2287_/Y (sky130_fd_sc_hd__nand3_1)
   0.0947    3.1875 v _2354_/Y (sky130_fd_sc_hd__o211ai_1)
   0.3839    3.5715 ^ _2427_/Y (sky130_fd_sc_hd__a21oi_1)
   0.1639    3.7353 v amoalu/_0933_/Y (sky130_fd_sc_hd__nand2_1)
   0.3372    4.0725 ^ amoalu/_1266_/Y (sky130_fd_sc_hd__o21ai_0)
   0.1478    4.2203 v amoalu/_1290_/Y (sky130_fd_sc_hd__a211oi_1)
   0.3274    4.5477 ^ amoalu/_1299_/Y (sky130_fd_sc_hd__o31ai_1)
   0.2948    4.8425 ^ amoalu/_1311_/X (sky130_fd_sc_hd__maj3_1)
   0.0961    4.9386 v amoalu/_1336_/Y (sky130_fd_sc_hd__a211oi_1)
   0.3334    5.2721 ^ amoalu/_1350_/Y (sky130_fd_sc_hd__o311ai_0)
   0.1684    5.4405 v amoalu/_1382_/Y (sky130_fd_sc_hd__a311oi_1)
   0.3252    5.7657 ^ amoalu/_1392_/Y (sky130_fd_sc_hd__o31ai_1)
   0.2940    6.0597 ^ amoalu/_1404_/X (sky130_fd_sc_hd__maj3_1)
   0.1129    6.1726 v amoalu/_1426_/Y (sky130_fd_sc_hd__a221oi_1)
   0.3503    6.5229 ^ amoalu/_1443_/Y (sky130_fd_sc_hd__o311ai_0)
   0.1874    6.7103 v amoalu/_1463_/Y (sky130_fd_sc_hd__a311oi_1)
   0.3828    7.0932 v amoalu/_1484_/X (sky130_fd_sc_hd__o41a_1)
   0.3529    7.4461 v amoalu/_1507_/X (sky130_fd_sc_hd__o311a_1)
   0.3471    7.7932 ^ amoalu/_1531_/Y (sky130_fd_sc_hd__o31ai_1)
   0.1677    7.9609 v amoalu/_1551_/Y (sky130_fd_sc_hd__a31oi_1)
   0.2469    8.2077 ^ amoalu/_1556_/Y (sky130_fd_sc_hd__o21ai_0)
   0.1873    8.3951 v amoalu/_1571_/Y (sky130_fd_sc_hd__a21boi_0)
   0.3588    8.7539 v amoalu/_1592_/X (sky130_fd_sc_hd__o31a_1)
   0.3241    9.0780 v amoalu/_1609_/X (sky130_fd_sc_hd__o311a_1)
   0.2701    9.3480 v amoalu/_1633_/X (sky130_fd_sc_hd__o221a_2)
   0.2650    9.6130 v amoalu/_1652_/X (sky130_fd_sc_hd__o31a_1)
   0.2513    9.8644 ^ amoalu/_1678_/Y (sky130_fd_sc_hd__o221ai_1)
   0.1832   10.0476 v amoalu/_1701_/Y (sky130_fd_sc_hd__a31oi_1)
   0.2552   10.3028 ^ amoalu/_1715_/Y (sky130_fd_sc_hd__o211ai_1)
   0.2016   10.5044 v amoalu/_1745_/Y (sky130_fd_sc_hd__a41oi_1)
   0.1754   10.6798 ^ amoalu/_1746_/Y (sky130_fd_sc_hd__xnor2_1)
   0.0689   10.7487 v amoalu/_1747_/Y (sky130_fd_sc_hd__nand2_1)
   0.0775   10.8262 ^ amoalu/_1748_/Y (sky130_fd_sc_hd__nand2_1)
   0.0598   10.8860 v amoalu/_1749_/Y (sky130_fd_sc_hd__o22ai_1)
   0.0035   10.8894 v _5173_/D (sky130_fd_sc_hd__dfxtp_1)
            10.8894   data arrival time

  20.0000   20.0000   clock clock (rise edge)
   0.0000   20.0000   clock network delay (ideal)
   0.0000   20.0000   clock reconvergence pessimism
            20.0000 ^ _5173_/CLK (sky130_fd_sc_hd__dfxtp_1)
  -0.1293   19.8707   library setup time
            19.8707   data required time
-------------------------------------------------------------
            19.8707   data required time
           -10.8894   data arrival time
-------------------------------------------------------------
             8.9812   slack (MET)


Startpoint: _4872_ (rising edge-triggered flip-flop clocked by clock)
Endpoint: _5172_ (rising edge-triggered flip-flop clocked by clock)
Path Group: clock
Path Type: max

    Delay      Time   Description
-------------------------------------------------------------
   0.0000    0.0000   clock clock (rise edge)
   0.0000    0.0000   clock network delay (ideal)
   0.0000    0.0000 ^ _4872_/CLK (sky130_fd_sc_hd__dfxtp_1)
   0.6018    0.6018 ^ _4872_/Q (sky130_fd_sc_hd__dfxtp_1)
   0.2033    0.8051 v _2214_/Y (sky130_fd_sc_hd__inv_1)
   0.2884    1.0935 v _2218_/X (sky130_fd_sc_hd__a211o_1)
   0.4936    1.5871 v _2226_/X (sky130_fd_sc_hd__or4_1)
   0.9018    2.4889 ^ _2248_/Y (sky130_fd_sc_hd__nor4_1)
   0.1869    2.6758 v _2285_/Y (sky130_fd_sc_hd__nand3_1)
   0.2758    2.9515 v _2286_/X (sky130_fd_sc_hd__clkbuf_1)
   0.1413    3.0928 ^ _2287_/Y (sky130_fd_sc_hd__nand3_1)
   0.0947    3.1875 v _2354_/Y (sky130_fd_sc_hd__o211ai_1)
   0.3839    3.5715 ^ _2427_/Y (sky130_fd_sc_hd__a21oi_1)
   0.1639    3.7353 v amoalu/_0933_/Y (sky130_fd_sc_hd__nand2_1)
   0.3372    4.0725 ^ amoalu/_1266_/Y (sky130_fd_sc_hd__o21ai_0)
   0.1478    4.2203 v amoalu/_1290_/Y (sky130_fd_sc_hd__a211oi_1)
   0.3274    4.5477 ^ amoalu/_1299_/Y (sky130_fd_sc_hd__o31ai_1)
   0.2948    4.8425 ^ amoalu/_1311_/X (sky130_fd_sc_hd__maj3_1)
   0.0961    4.9386 v amoalu/_1336_/Y (sky130_fd_sc_hd__a211oi_1)
   0.3334    5.2721 ^ amoalu/_1350_/Y (sky130_fd_sc_hd__o311ai_0)
   0.1684    5.4405 v amoalu/_1382_/Y (sky130_fd_sc_hd__a311oi_1)
   0.3252    5.7657 ^ amoalu/_1392_/Y (sky130_fd_sc_hd__o31ai_1)
   0.2940    6.0597 ^ amoalu/_1404_/X (sky130_fd_sc_hd__maj3_1)
   0.1129    6.1726 v amoalu/_1426_/Y (sky130_fd_sc_hd__a221oi_1)
   0.3503    6.5229 ^ amoalu/_1443_/Y (sky130_fd_sc_hd__o311ai_0)
   0.1874    6.7103 v amoalu/_1463_/Y (sky130_fd_sc_hd__a311oi_1)
   0.3828    7.0932 v amoalu/_1484_/X (sky130_fd_sc_hd__o41a_1)
   0.3529    7.4461 v amoalu/_1507_/X (sky130_fd_sc_hd__o311a_1)
   0.3471    7.7932 ^ amoalu/_1531_/Y (sky130_fd_sc_hd__o31ai_1)
   0.1677    7.9609 v amoalu/_1551_/Y (sky130_fd_sc_hd__a31oi_1)
   0.2469    8.2077 ^ amoalu/_1556_/Y (sky130_fd_sc_hd__o21ai_0)
   0.1873    8.3951 v amoalu/_1571_/Y (sky130_fd_sc_hd__a21boi_0)
   0.3588    8.7539 v amoalu/_1592_/X (sky130_fd_sc_hd__o31a_1)
   0.3241    9.0780 v amoalu/_1609_/X (sky130_fd_sc_hd__o311a_1)
   0.2701    9.3480 v amoalu/_1633_/X (sky130_fd_sc_hd__o221a_2)
   0.2650    9.6130 v amoalu/_1652_/X (sky130_fd_sc_hd__o31a_1)
   0.2513    9.8644 ^ amoalu/_1678_/Y (sky130_fd_sc_hd__o221ai_1)
   0.1832   10.0476 v amoalu/_1701_/Y (sky130_fd_sc_hd__a31oi_1)
   0.2552   10.3028 ^ amoalu/_1715_/Y (sky130_fd_sc_hd__o211ai_1)
   0.2116   10.5144 ^ amoalu/_1718_/X (sky130_fd_sc_hd__and3_1)
   0.1080   10.6224 ^ amoalu/_1727_/Y (sky130_fd_sc_hd__nand3b_1)
   0.0879   10.7103 v amoalu/_1731_/Y (sky130_fd_sc_hd__nand4_1)
   0.1684   10.8787 ^ amoalu/_1738_/Y (sky130_fd_sc_hd__a31oi_1)
   0.0035   10.8821 ^ _5172_/D (sky130_fd_sc_hd__dfxtp_1)
            10.8821   data arrival time

  20.0000   20.0000   clock clock (rise edge)
   0.0000   20.0000   clock network delay (ideal)
   0.0000   20.0000   clock reconvergence pessimism
            20.0000 ^ _5172_/CLK (sky130_fd_sc_hd__dfxtp_1)
  -0.0756   19.9244   library setup time
            19.9244   data required time
-------------------------------------------------------------
            19.9244   data required time
           -10.8821   data arrival time
-------------------------------------------------------------
             9.0423   slack (MET)


Startpoint: _4872_ (rising edge-triggered flip-flop clocked by clock)
Endpoint: _5171_ (rising edge-triggered flip-flop clocked by clock)
Path Group: clock
Path Type: max

    Delay      Time   Description
-------------------------------------------------------------
   0.0000    0.0000   clock clock (rise edge)
   0.0000    0.0000   clock network delay (ideal)
   0.0000    0.0000 ^ _4872_/CLK (sky130_fd_sc_hd__dfxtp_1)
   0.6018    0.6018 ^ _4872_/Q (sky130_fd_sc_hd__dfxtp_1)
   0.2033    0.8051 v _2214_/Y (sky130_fd_sc_hd__inv_1)
   0.2884    1.0935 v _2218_/X (sky130_fd_sc_hd__a211o_1)
   0.4936    1.5871 v _2226_/X (sky130_fd_sc_hd__or4_1)
   0.9018    2.4889 ^ _2248_/Y (sky130_fd_sc_hd__nor4_1)
   0.1869    2.6758 v _2285_/Y (sky130_fd_sc_hd__nand3_1)
   0.2758    2.9515 v _2286_/X (sky130_fd_sc_hd__clkbuf_1)
   0.1413    3.0928 ^ _2287_/Y (sky130_fd_sc_hd__nand3_1)
   0.0947    3.1875 v _2354_/Y (sky130_fd_sc_hd__o211ai_1)
   0.3839    3.5715 ^ _2427_/Y (sky130_fd_sc_hd__a21oi_1)
   0.1639    3.7353 v amoalu/_0933_/Y (sky130_fd_sc_hd__nand2_1)
   0.3372    4.0725 ^ amoalu/_1266_/Y (sky130_fd_sc_hd__o21ai_0)
   0.1478    4.2203 v amoalu/_1290_/Y (sky130_fd_sc_hd__a211oi_1)
   0.3274    4.5477 ^ amoalu/_1299_/Y (sky130_fd_sc_hd__o31ai_1)
   0.2948    4.8425 ^ amoalu/_1311_/X (sky130_fd_sc_hd__maj3_1)
   0.0961    4.9386 v amoalu/_1336_/Y (sky130_fd_sc_hd__a211oi_1)
   0.3334    5.2721 ^ amoalu/_1350_/Y (sky130_fd_sc_hd__o311ai_0)
   0.1684    5.4405 v amoalu/_1382_/Y (sky130_fd_sc_hd__a311oi_1)
   0.3252    5.7657 ^ amoalu/_1392_/Y (sky130_fd_sc_hd__o31ai_1)
   0.2940    6.0597 ^ amoalu/_1404_/X (sky130_fd_sc_hd__maj3_1)
   0.1129    6.1726 v amoalu/_1426_/Y (sky130_fd_sc_hd__a221oi_1)
   0.3503    6.5229 ^ amoalu/_1443_/Y (sky130_fd_sc_hd__o311ai_0)
   0.1874    6.7103 v amoalu/_1463_/Y (sky130_fd_sc_hd__a311oi_1)
   0.3828    7.0932 v amoalu/_1484_/X (sky130_fd_sc_hd__o41a_1)
   0.3529    7.4461 v amoalu/_1507_/X (sky130_fd_sc_hd__o311a_1)
   0.3471    7.7932 ^ amoalu/_1531_/Y (sky130_fd_sc_hd__o31ai_1)
   0.1677    7.9609 v amoalu/_1551_/Y (sky130_fd_sc_hd__a31oi_1)
   0.2469    8.2077 ^ amoalu/_1556_/Y (sky130_fd_sc_hd__o21ai_0)
   0.1873    8.3951 v amoalu/_1571_/Y (sky130_fd_sc_hd__a21boi_0)
   0.3588    8.7539 v amoalu/_1592_/X (sky130_fd_sc_hd__o31a_1)
   0.3241    9.0780 v amoalu/_1609_/X (sky130_fd_sc_hd__o311a_1)
   0.2701    9.3480 v amoalu/_1633_/X (sky130_fd_sc_hd__o221a_2)
   0.2650    9.6130 v amoalu/_1652_/X (sky130_fd_sc_hd__o31a_1)
   0.2513    9.8644 ^ amoalu/_1678_/Y (sky130_fd_sc_hd__o221ai_1)
   0.1832   10.0476 v amoalu/_1701_/Y (sky130_fd_sc_hd__a31oi_1)
   0.2552   10.3028 ^ amoalu/_1715_/Y (sky130_fd_sc_hd__o211ai_1)
   0.2116   10.5144 ^ amoalu/_1718_/X (sky130_fd_sc_hd__and3_1)
   0.0770   10.5914 v amoalu/_1719_/Y (sky130_fd_sc_hd__o21ai_0)
   0.2440   10.8354 v amoalu/_1726_/X (sky130_fd_sc_hd__a31o_2)
   0.0035   10.8389 v _5171_/D (sky130_fd_sc_hd__dfxtp_1)
            10.8389   data arrival time

  20.0000   20.0000   clock clock (rise edge)
   0.0000   20.0000   clock network delay (ideal)
   0.0000   20.0000   clock reconvergence pessimism
            20.0000 ^ _5171_/CLK (sky130_fd_sc_hd__dfxtp_1)
  -0.1168   19.8832   library setup time
            19.8832   data required time
-------------------------------------------------------------
            19.8832   data required time
           -10.8389   data arrival time
-------------------------------------------------------------
             9.0443   slack (MET)


Startpoint: _4872_ (rising edge-triggered flip-flop clocked by clock)
Endpoint: _5170_ (rising edge-triggered flip-flop clocked by clock)
Path Group: clock
Path Type: max

    Delay      Time   Description
-------------------------------------------------------------
   0.0000    0.0000   clock clock (rise edge)
   0.0000    0.0000   clock network delay (ideal)
   0.0000    0.0000 ^ _4872_/CLK (sky130_fd_sc_hd__dfxtp_1)
   0.6018    0.6018 ^ _4872_/Q (sky130_fd_sc_hd__dfxtp_1)
   0.2033    0.8051 v _2214_/Y (sky130_fd_sc_hd__inv_1)
   0.2884    1.0935 v _2218_/X (sky130_fd_sc_hd__a211o_1)
   0.4936    1.5871 v _2226_/X (sky130_fd_sc_hd__or4_1)
   0.9018    2.4889 ^ _2248_/Y (sky130_fd_sc_hd__nor4_1)
   0.1869    2.6758 v _2285_/Y (sky130_fd_sc_hd__nand3_1)
   0.2758    2.9515 v _2286_/X (sky130_fd_sc_hd__clkbuf_1)
   0.1413    3.0928 ^ _2287_/Y (sky130_fd_sc_hd__nand3_1)
   0.0947    3.1875 v _2354_/Y (sky130_fd_sc_hd__o211ai_1)
   0.3839    3.5715 ^ _2427_/Y (sky130_fd_sc_hd__a21oi_1)
   0.1639    3.7353 v amoalu/_0933_/Y (sky130_fd_sc_hd__nand2_1)
   0.3372    4.0725 ^ amoalu/_1266_/Y (sky130_fd_sc_hd__o21ai_0)
   0.1478    4.2203 v amoalu/_1290_/Y (sky130_fd_sc_hd__a211oi_1)
   0.3274    4.5477 ^ amoalu/_1299_/Y (sky130_fd_sc_hd__o31ai_1)
   0.2948    4.8425 ^ amoalu/_1311_/X (sky130_fd_sc_hd__maj3_1)
   0.0961    4.9386 v amoalu/_1336_/Y (sky130_fd_sc_hd__a211oi_1)
   0.3334    5.2721 ^ amoalu/_1350_/Y (sky130_fd_sc_hd__o311ai_0)
   0.1684    5.4405 v amoalu/_1382_/Y (sky130_fd_sc_hd__a311oi_1)
   0.3252    5.7657 ^ amoalu/_1392_/Y (sky130_fd_sc_hd__o31ai_1)
   0.2940    6.0597 ^ amoalu/_1404_/X (sky130_fd_sc_hd__maj3_1)
   0.1129    6.1726 v amoalu/_1426_/Y (sky130_fd_sc_hd__a221oi_1)
   0.3503    6.5229 ^ amoalu/_1443_/Y (sky130_fd_sc_hd__o311ai_0)
   0.1874    6.7103 v amoalu/_1463_/Y (sky130_fd_sc_hd__a311oi_1)
   0.3828    7.0932 v amoalu/_1484_/X (sky130_fd_sc_hd__o41a_1)
   0.3529    7.4461 v amoalu/_1507_/X (sky130_fd_sc_hd__o311a_1)
   0.3471    7.7932 ^ amoalu/_1531_/Y (sky130_fd_sc_hd__o31ai_1)
   0.1677    7.9609 v amoalu/_1551_/Y (sky130_fd_sc_hd__a31oi_1)
   0.2469    8.2077 ^ amoalu/_1556_/Y (sky130_fd_sc_hd__o21ai_0)
   0.1873    8.3951 v amoalu/_1571_/Y (sky130_fd_sc_hd__a21boi_0)
   0.3588    8.7539 v amoalu/_1592_/X (sky130_fd_sc_hd__o31a_1)
   0.3241    9.0780 v amoalu/_1609_/X (sky130_fd_sc_hd__o311a_1)
   0.2701    9.3480 v amoalu/_1633_/X (sky130_fd_sc_hd__o221a_2)
   0.2650    9.6130 v amoalu/_1652_/X (sky130_fd_sc_hd__o31a_1)
   0.2513    9.8644 ^ amoalu/_1678_/Y (sky130_fd_sc_hd__o221ai_1)
   0.1832   10.0476 v amoalu/_1701_/Y (sky130_fd_sc_hd__a31oi_1)
   0.2244   10.2720 ^ amoalu/_1706_/Y (sky130_fd_sc_hd__o21ai_0)
   0.1478   10.4199 ^ amoalu/_1707_/Y (sky130_fd_sc_hd__xnor2_1)
   0.0818   10.5017 v amoalu/_1713_/Y (sky130_fd_sc_hd__a21oi_1)
   0.1146   10.6163 ^ amoalu/_1714_/Y (sky130_fd_sc_hd__a21oi_1)
   0.0035   10.6198 ^ _5170_/D (sky130_fd_sc_hd__dfxtp_1)
            10.6198   data arrival time

  20.0000   20.0000   clock clock (rise edge)
   0.0000   20.0000   clock network delay (ideal)
   0.0000   20.0000   clock reconvergence pessimism
            20.0000 ^ _5170_/CLK (sky130_fd_sc_hd__dfxtp_1)
  -0.0711   19.9289   library setup time
            19.9289   data required time
-------------------------------------------------------------
            19.9289   data required time
           -10.6198   data arrival time
-------------------------------------------------------------
             9.3091   slack (MET)


Startpoint: _4872_ (rising edge-triggered flip-flop clocked by clock)
Endpoint: _5169_ (rising edge-triggered flip-flop clocked by clock)
Path Group: clock
Path Type: max

    Delay      Time   Description
-------------------------------------------------------------
   0.0000    0.0000   clock clock (rise edge)
   0.0000    0.0000   clock network delay (ideal)
   0.0000    0.0000 ^ _4872_/CLK (sky130_fd_sc_hd__dfxtp_1)
   0.6018    0.6018 ^ _4872_/Q (sky130_fd_sc_hd__dfxtp_1)
   0.2033    0.8051 v _2214_/Y (sky130_fd_sc_hd__inv_1)
   0.2884    1.0935 v _2218_/X (sky130_fd_sc_hd__a211o_1)
   0.4936    1.5871 v _2226_/X (sky130_fd_sc_hd__or4_1)
   0.9018    2.4889 ^ _2248_/Y (sky130_fd_sc_hd__nor4_1)
   0.1869    2.6758 v _2285_/Y (sky130_fd_sc_hd__nand3_1)
   0.2758    2.9515 v _2286_/X (sky130_fd_sc_hd__clkbuf_1)
   0.1413    3.0928 ^ _2287_/Y (sky130_fd_sc_hd__nand3_1)
   0.0947    3.1875 v _2354_/Y (sky130_fd_sc_hd__o211ai_1)
   0.3839    3.5715 ^ _2427_/Y (sky130_fd_sc_hd__a21oi_1)
   0.1639    3.7353 v amoalu/_0933_/Y (sky130_fd_sc_hd__nand2_1)
   0.3372    4.0725 ^ amoalu/_1266_/Y (sky130_fd_sc_hd__o21ai_0)
   0.1478    4.2203 v amoalu/_1290_/Y (sky130_fd_sc_hd__a211oi_1)
   0.3274    4.5477 ^ amoalu/_1299_/Y (sky130_fd_sc_hd__o31ai_1)
   0.2948    4.8425 ^ amoalu/_1311_/X (sky130_fd_sc_hd__maj3_1)
   0.0961    4.9386 v amoalu/_1336_/Y (sky130_fd_sc_hd__a211oi_1)
   0.3334    5.2721 ^ amoalu/_1350_/Y (sky130_fd_sc_hd__o311ai_0)
   0.1684    5.4405 v amoalu/_1382_/Y (sky130_fd_sc_hd__a311oi_1)
   0.3252    5.7657 ^ amoalu/_1392_/Y (sky130_fd_sc_hd__o31ai_1)
   0.2940    6.0597 ^ amoalu/_1404_/X (sky130_fd_sc_hd__maj3_1)
   0.1129    6.1726 v amoalu/_1426_/Y (sky130_fd_sc_hd__a221oi_1)
   0.3503    6.5229 ^ amoalu/_1443_/Y (sky130_fd_sc_hd__o311ai_0)
   0.1874    6.7103 v amoalu/_1463_/Y (sky130_fd_sc_hd__a311oi_1)
   0.3828    7.0932 v amoalu/_1484_/X (sky130_fd_sc_hd__o41a_1)
   0.3529    7.4461 v amoalu/_1507_/X (sky130_fd_sc_hd__o311a_1)
   0.3471    7.7932 ^ amoalu/_1531_/Y (sky130_fd_sc_hd__o31ai_1)
   0.1677    7.9609 v amoalu/_1551_/Y (sky130_fd_sc_hd__a31oi_1)
   0.2469    8.2077 ^ amoalu/_1556_/Y (sky130_fd_sc_hd__o21ai_0)
   0.1873    8.3951 v amoalu/_1571_/Y (sky130_fd_sc_hd__a21boi_0)
   0.3588    8.7539 v amoalu/_1592_/X (sky130_fd_sc_hd__o31a_1)
   0.3241    9.0780 v amoalu/_1609_/X (sky130_fd_sc_hd__o311a_1)
   0.2701    9.3480 v amoalu/_1633_/X (sky130_fd_sc_hd__o221a_2)
   0.2650    9.6130 v amoalu/_1652_/X (sky130_fd_sc_hd__o31a_1)
   0.2513    9.8644 ^ amoalu/_1678_/Y (sky130_fd_sc_hd__o221ai_1)
   0.1832   10.0476 v amoalu/_1701_/Y (sky130_fd_sc_hd__a31oi_1)
   0.1705   10.2181 ^ amoalu/_1702_/Y (sky130_fd_sc_hd__xnor2_1)
   0.0649   10.2830 v amoalu/_1703_/Y (sky130_fd_sc_hd__nand2_1)
   0.0977   10.3808 ^ amoalu/_1704_/Y (sky130_fd_sc_hd__o311ai_0)
   0.1230   10.5037 v amoalu/_1705_/Y (sky130_fd_sc_hd__o21ai_0)
   0.0035   10.5072 v _5169_/D (sky130_fd_sc_hd__dfxtp_1)
            10.5072   data arrival time

  20.0000   20.0000   clock clock (rise edge)
   0.0000   20.0000   clock network delay (ideal)
   0.0000   20.0000   clock reconvergence pessimism
            20.0000 ^ _5169_/CLK (sky130_fd_sc_hd__dfxtp_1)
  -0.1370   19.8630   library setup time
            19.8630   data required time
-------------------------------------------------------------
            19.8630   data required time
           -10.5072   data arrival time
-------------------------------------------------------------
             9.3558   slack (MET)


Startpoint: _4872_ (rising edge-triggered flip-flop clocked by clock)
Endpoint: _5168_ (rising edge-triggered flip-flop clocked by clock)
Path Group: clock
Path Type: max

    Delay      Time   Description
-------------------------------------------------------------
   0.0000    0.0000   clock clock (rise edge)
   0.0000    0.0000   clock network delay (ideal)
   0.0000    0.0000 ^ _4872_/CLK (sky130_fd_sc_hd__dfxtp_1)
   0.6018    0.6018 ^ _4872_/Q (sky130_fd_sc_hd__dfxtp_1)
   0.2033    0.8051 v _2214_/Y (sky130_fd_sc_hd__inv_1)
   0.2884    1.0935 v _2218_/X (sky130_fd_sc_hd__a211o_1)
   0.4936    1.5871 v _2226_/X (sky130_fd_sc_hd__or4_1)
   0.9018    2.4889 ^ _2248_/Y (sky130_fd_sc_hd__nor4_1)
   0.1869    2.6758 v _2285_/Y (sky130_fd_sc_hd__nand3_1)
   0.2758    2.9515 v _2286_/X (sky130_fd_sc_hd__clkbuf_1)
   0.1413    3.0928 ^ _2287_/Y (sky130_fd_sc_hd__nand3_1)
   0.0947    3.1875 v _2354_/Y (sky130_fd_sc_hd__o211ai_1)
   0.3839    3.5715 ^ _2427_/Y (sky130_fd_sc_hd__a21oi_1)
   0.1639    3.7353 v amoalu/_0933_/Y (sky130_fd_sc_hd__nand2_1)
   0.3372    4.0725 ^ amoalu/_1266_/Y (sky130_fd_sc_hd__o21ai_0)
   0.1478    4.2203 v amoalu/_1290_/Y (sky130_fd_sc_hd__a211oi_1)
   0.3274    4.5477 ^ amoalu/_1299_/Y (sky130_fd_sc_hd__o31ai_1)
   0.2948    4.8425 ^ amoalu/_1311_/X (sky130_fd_sc_hd__maj3_1)
   0.0961    4.9386 v amoalu/_1336_/Y (sky130_fd_sc_hd__a211oi_1)
   0.3334    5.2721 ^ amoalu/_1350_/Y (sky130_fd_sc_hd__o311ai_0)
   0.1684    5.4405 v amoalu/_1382_/Y (sky130_fd_sc_hd__a311oi_1)
   0.3252    5.7657 ^ amoalu/_1392_/Y (sky130_fd_sc_hd__o31ai_1)
   0.2940    6.0597 ^ amoalu/_1404_/X (sky130_fd_sc_hd__maj3_1)
   0.1129    6.1726 v amoalu/_1426_/Y (sky130_fd_sc_hd__a221oi_1)
   0.3503    6.5229 ^ amoalu/_1443_/Y (sky130_fd_sc_hd__o311ai_0)
   0.1874    6.7103 v amoalu/_1463_/Y (sky130_fd_sc_hd__a311oi_1)
   0.3828    7.0932 v amoalu/_1484_/X (sky130_fd_sc_hd__o41a_1)
   0.3529    7.4461 v amoalu/_1507_/X (sky130_fd_sc_hd__o311a_1)
   0.3471    7.7932 ^ amoalu/_1531_/Y (sky130_fd_sc_hd__o31ai_1)
   0.1677    7.9609 v amoalu/_1551_/Y (sky130_fd_sc_hd__a31oi_1)
   0.2469    8.2077 ^ amoalu/_1556_/Y (sky130_fd_sc_hd__o21ai_0)
   0.1873    8.3951 v amoalu/_1571_/Y (sky130_fd_sc_hd__a21boi_0)
   0.3588    8.7539 v amoalu/_1592_/X (sky130_fd_sc_hd__o31a_1)
   0.3241    9.0780 v amoalu/_1609_/X (sky130_fd_sc_hd__o311a_1)
   0.2701    9.3480 v amoalu/_1633_/X (sky130_fd_sc_hd__o221a_2)
   0.2650    9.6130 v amoalu/_1652_/X (sky130_fd_sc_hd__o31a_1)
   0.2513    9.8644 ^ amoalu/_1678_/Y (sky130_fd_sc_hd__o221ai_1)
   0.1556   10.0200 v amoalu/_1684_/Y (sky130_fd_sc_hd__a21boi_0)
   0.1559   10.1759 ^ amoalu/_1685_/Y (sky130_fd_sc_hd__a21oi_1)
   0.0905   10.2663 v amoalu/_1686_/Y (sky130_fd_sc_hd__o21ai_0)
   0.1516   10.4179 ^ amoalu/_1693_/Y (sky130_fd_sc_hd__a31oi_1)
   0.0035   10.4214 ^ _5168_/D (sky130_fd_sc_hd__dfxtp_1)
            10.4214   data arrival time

  20.0000   20.0000   clock clock (rise edge)
   0.0000   20.0000   clock network delay (ideal)
   0.0000   20.0000   clock reconvergence pessimism
            20.0000 ^ _5168_/CLK (sky130_fd_sc_hd__dfxtp_1)
  -0.0756   19.9244   library setup time
            19.9244   data required time
-------------------------------------------------------------
            19.9244   data required time
           -10.4214   data arrival time
-------------------------------------------------------------
             9.5031   slack (MET)


Startpoint: _4872_ (rising edge-triggered flip-flop clocked by clock)
Endpoint: _5167_ (rising edge-triggered flip-flop clocked by clock)
Path Group: clock
Path Type: max

    Delay      Time   Description
-------------------------------------------------------------
   0.0000    0.0000   clock clock (rise edge)
   0.0000    0.0000   clock network delay (ideal)
   0.0000    0.0000 ^ _4872_/CLK (sky130_fd_sc_hd__dfxtp_1)
   0.6018    0.6018 ^ _4872_/Q (sky130_fd_sc_hd__dfxtp_1)
   0.2033    0.8051 v _2214_/Y (sky130_fd_sc_hd__inv_1)
   0.2884    1.0935 v _2218_/X (sky130_fd_sc_hd__a211o_1)
   0.4936    1.5871 v _2226_/X (sky130_fd_sc_hd__or4_1)
   0.9018    2.4889 ^ _2248_/Y (sky130_fd_sc_hd__nor4_1)
   0.1869    2.6758 v _2285_/Y (sky130_fd_sc_hd__nand3_1)
   0.2758    2.9515 v _2286_/X (sky130_fd_sc_hd__clkbuf_1)
   0.1413    3.0928 ^ _2287_/Y (sky130_fd_sc_hd__nand3_1)
   0.0947    3.1875 v _2354_/Y (sky130_fd_sc_hd__o211ai_1)
   0.3839    3.5715 ^ _2427_/Y (sky130_fd_sc_hd__a21oi_1)
   0.1639    3.7353 v amoalu/_0933_/Y (sky130_fd_sc_hd__nand2_1)
   0.3372    4.0725 ^ amoalu/_1266_/Y (sky130_fd_sc_hd__o21ai_0)
   0.1478    4.2203 v amoalu/_1290_/Y (sky130_fd_sc_hd__a211oi_1)
   0.3274    4.5477 ^ amoalu/_1299_/Y (sky130_fd_sc_hd__o31ai_1)
   0.2948    4.8425 ^ amoalu/_1311_/X (sky130_fd_sc_hd__maj3_1)
   0.0961    4.9386 v amoalu/_1336_/Y (sky130_fd_sc_hd__a211oi_1)
   0.3334    5.2721 ^ amoalu/_1350_/Y (sky130_fd_sc_hd__o311ai_0)
   0.1684    5.4405 v amoalu/_1382_/Y (sky130_fd_sc_hd__a311oi_1)
   0.3252    5.7657 ^ amoalu/_1392_/Y (sky130_fd_sc_hd__o31ai_1)
   0.2940    6.0597 ^ amoalu/_1404_/X (sky130_fd_sc_hd__maj3_1)
   0.1129    6.1726 v amoalu/_1426_/Y (sky130_fd_sc_hd__a221oi_1)
   0.3503    6.5229 ^ amoalu/_1443_/Y (sky130_fd_sc_hd__o311ai_0)
   0.1874    6.7103 v amoalu/_1463_/Y (sky130_fd_sc_hd__a311oi_1)
   0.3828    7.0932 v amoalu/_1484_/X (sky130_fd_sc_hd__o41a_1)
   0.3529    7.4461 v amoalu/_1507_/X (sky130_fd_sc_hd__o311a_1)
   0.3471    7.7932 ^ amoalu/_1531_/Y (sky130_fd_sc_hd__o31ai_1)
   0.1677    7.9609 v amoalu/_1551_/Y (sky130_fd_sc_hd__a31oi_1)
   0.2469    8.2077 ^ amoalu/_1556_/Y (sky130_fd_sc_hd__o21ai_0)
   0.1873    8.3951 v amoalu/_1571_/Y (sky130_fd_sc_hd__a21boi_0)
   0.3588    8.7539 v amoalu/_1592_/X (sky130_fd_sc_hd__o31a_1)
   0.3241    9.0780 v amoalu/_1609_/X (sky130_fd_sc_hd__o311a_1)
   0.2701    9.3480 v amoalu/_1633_/X (sky130_fd_sc_hd__o221a_2)
   0.2650    9.6130 v amoalu/_1652_/X (sky130_fd_sc_hd__o31a_1)
   0.2513    9.8644 ^ amoalu/_1678_/Y (sky130_fd_sc_hd__o221ai_1)
   0.1607   10.0251 ^ amoalu/_1679_/Y (sky130_fd_sc_hd__xnor2_1)
   0.0826   10.1077 v amoalu/_1680_/Y (sky130_fd_sc_hd__a21oi_1)
   0.2021   10.3098 v amoalu/_1681_/X (sky130_fd_sc_hd__a22o_1)
   0.0035   10.3133 v _5167_/D (sky130_fd_sc_hd__dfxtp_1)
            10.3133   data arrival time

  20.0000   20.0000   clock clock (rise edge)
   0.0000   20.0000   clock network delay (ideal)
   0.0000   20.0000   clock reconvergence pessimism
            20.0000 ^ _5167_/CLK (sky130_fd_sc_hd__dfxtp_1)
  -0.1177   19.8823   library setup time
            19.8823   data required time
-------------------------------------------------------------
            19.8823   data required time
           -10.3133   data arrival time
-------------------------------------------------------------
             9.5690   slack (MET)


Startpoint: _4872_ (rising edge-triggered flip-flop clocked by clock)
Endpoint: _5166_ (rising edge-triggered flip-flop clocked by clock)
Path Group: clock
Path Type: max

    Delay      Time   Description
-------------------------------------------------------------
   0.0000    0.0000   clock clock (rise edge)
   0.0000    0.0000   clock network delay (ideal)
   0.0000    0.0000 ^ _4872_/CLK (sky130_fd_sc_hd__dfxtp_1)
   0.6018    0.6018 ^ _4872_/Q (sky130_fd_sc_hd__dfxtp_1)
   0.2033    0.8051 v _2214_/Y (sky130_fd_sc_hd__inv_1)
   0.2884    1.0935 v _2218_/X (sky130_fd_sc_hd__a211o_1)
   0.4936    1.5871 v _2226_/X (sky130_fd_sc_hd__or4_1)
   0.9018    2.4889 ^ _2248_/Y (sky130_fd_sc_hd__nor4_1)
   0.1869    2.6758 v _2285_/Y (sky130_fd_sc_hd__nand3_1)
   0.2758    2.9515 v _2286_/X (sky130_fd_sc_hd__clkbuf_1)
   0.1413    3.0928 ^ _2287_/Y (sky130_fd_sc_hd__nand3_1)
   0.0947    3.1875 v _2354_/Y (sky130_fd_sc_hd__o211ai_1)
   0.3839    3.5715 ^ _2427_/Y (sky130_fd_sc_hd__a21oi_1)
   0.1639    3.7353 v amoalu/_0933_/Y (sky130_fd_sc_hd__nand2_1)
   0.3372    4.0725 ^ amoalu/_1266_/Y (sky130_fd_sc_hd__o21ai_0)
   0.1478    4.2203 v amoalu/_1290_/Y (sky130_fd_sc_hd__a211oi_1)
   0.3274    4.5477 ^ amoalu/_1299_/Y (sky130_fd_sc_hd__o31ai_1)
   0.2948    4.8425 ^ amoalu/_1311_/X (sky130_fd_sc_hd__maj3_1)
   0.0961    4.9386 v amoalu/_1336_/Y (sky130_fd_sc_hd__a211oi_1)
   0.3334    5.2721 ^ amoalu/_1350_/Y (sky130_fd_sc_hd__o311ai_0)
   0.1684    5.4405 v amoalu/_1382_/Y (sky130_fd_sc_hd__a311oi_1)
   0.3252    5.7657 ^ amoalu/_1392_/Y (sky130_fd_sc_hd__o31ai_1)
   0.2940    6.0597 ^ amoalu/_1404_/X (sky130_fd_sc_hd__maj3_1)
   0.1129    6.1726 v amoalu/_1426_/Y (sky130_fd_sc_hd__a221oi_1)
   0.3503    6.5229 ^ amoalu/_1443_/Y (sky130_fd_sc_hd__o311ai_0)
   0.1874    6.7103 v amoalu/_1463_/Y (sky130_fd_sc_hd__a311oi_1)
   0.3828    7.0932 v amoalu/_1484_/X (sky130_fd_sc_hd__o41a_1)
   0.3529    7.4461 v amoalu/_1507_/X (sky130_fd_sc_hd__o311a_1)
   0.3471    7.7932 ^ amoalu/_1531_/Y (sky130_fd_sc_hd__o31ai_1)
   0.1677    7.9609 v amoalu/_1551_/Y (sky130_fd_sc_hd__a31oi_1)
   0.2469    8.2077 ^ amoalu/_1556_/Y (sky130_fd_sc_hd__o21ai_0)
   0.1873    8.3951 v amoalu/_1571_/Y (sky130_fd_sc_hd__a21boi_0)
   0.3588    8.7539 v amoalu/_1592_/X (sky130_fd_sc_hd__o31a_1)
   0.3241    9.0780 v amoalu/_1609_/X (sky130_fd_sc_hd__o311a_1)
   0.2701    9.3480 v amoalu/_1633_/X (sky130_fd_sc_hd__o221a_2)
   0.1356    9.4836 ^ amoalu/_1640_/Y (sky130_fd_sc_hd__nor3_1)
   0.0820    9.5656 v amoalu/_1642_/Y (sky130_fd_sc_hd__nor2_1)
   0.0586    9.6242 ^ amoalu/_1661_/Y (sky130_fd_sc_hd__nand2_1)
   0.0524    9.6766 v amoalu/_1662_/Y (sky130_fd_sc_hd__nand2_1)
   0.0830    9.7597 ^ amoalu/_1663_/Y (sky130_fd_sc_hd__nand2_1)
   0.0712    9.8308 v amoalu/_1664_/Y (sky130_fd_sc_hd__o21ai_0)
   0.1280    9.9589 ^ amoalu/_1665_/Y (sky130_fd_sc_hd__a21oi_1)
   0.1407   10.0996 ^ amoalu/_1670_/X (sky130_fd_sc_hd__o22a_1)
   0.0035   10.1030 ^ _5166_/D (sky130_fd_sc_hd__dfxtp_1)
            10.1030   data arrival time

  20.0000   20.0000   clock clock (rise edge)
   0.0000   20.0000   clock network delay (ideal)
   0.0000   20.0000   clock reconvergence pessimism
            20.0000 ^ _5166_/CLK (sky130_fd_sc_hd__dfxtp_1)
  -0.0593   19.9407   library setup time
            19.9407   data required time
-------------------------------------------------------------
            19.9407   data required time
           -10.1030   data arrival time
-------------------------------------------------------------
             9.8376   slack (MET)


Startpoint: _4872_ (rising edge-triggered flip-flop clocked by clock)
Endpoint: _5165_ (rising edge-triggered flip-flop clocked by clock)
Path Group: clock
Path Type: max

    Delay      Time   Description
-------------------------------------------------------------
   0.0000    0.0000   clock clock (rise edge)
   0.0000    0.0000   clock network delay (ideal)
   0.0000    0.0000 ^ _4872_/CLK (sky130_fd_sc_hd__dfxtp_1)
   0.6018    0.6018 ^ _4872_/Q (sky130_fd_sc_hd__dfxtp_1)
   0.2033    0.8051 v _2214_/Y (sky130_fd_sc_hd__inv_1)
   0.2884    1.0935 v _2218_/X (sky130_fd_sc_hd__a211o_1)
   0.4936    1.5871 v _2226_/X (sky130_fd_sc_hd__or4_1)
   0.9018    2.4889 ^ _2248_/Y (sky130_fd_sc_hd__nor4_1)
   0.1869    2.6758 v _2285_/Y (sky130_fd_sc_hd__nand3_1)
   0.2758    2.9515 v _2286_/X (sky130_fd_sc_hd__clkbuf_1)
   0.1413    3.0928 ^ _2287_/Y (sky130_fd_sc_hd__nand3_1)
   0.0947    3.1875 v _2354_/Y (sky130_fd_sc_hd__o211ai_1)
   0.3839    3.5715 ^ _2427_/Y (sky130_fd_sc_hd__a21oi_1)
   0.1639    3.7353 v amoalu/_0933_/Y (sky130_fd_sc_hd__nand2_1)
   0.3372    4.0725 ^ amoalu/_1266_/Y (sky130_fd_sc_hd__o21ai_0)
   0.1478    4.2203 v amoalu/_1290_/Y (sky130_fd_sc_hd__a211oi_1)
   0.3274    4.5477 ^ amoalu/_1299_/Y (sky130_fd_sc_hd__o31ai_1)
   0.2948    4.8425 ^ amoalu/_1311_/X (sky130_fd_sc_hd__maj3_1)
   0.0961    4.9386 v amoalu/_1336_/Y (sky130_fd_sc_hd__a211oi_1)
   0.3334    5.2721 ^ amoalu/_1350_/Y (sky130_fd_sc_hd__o311ai_0)
   0.1684    5.4405 v amoalu/_1382_/Y (sky130_fd_sc_hd__a311oi_1)
   0.3252    5.7657 ^ amoalu/_1392_/Y (sky130_fd_sc_hd__o31ai_1)
   0.2940    6.0597 ^ amoalu/_1404_/X (sky130_fd_sc_hd__maj3_1)
   0.1129    6.1726 v amoalu/_1426_/Y (sky130_fd_sc_hd__a221oi_1)
   0.3503    6.5229 ^ amoalu/_1443_/Y (sky130_fd_sc_hd__o311ai_0)
   0.1874    6.7103 v amoalu/_1463_/Y (sky130_fd_sc_hd__a311oi_1)
   0.3828    7.0932 v amoalu/_1484_/X (sky130_fd_sc_hd__o41a_1)
   0.3529    7.4461 v amoalu/_1507_/X (sky130_fd_sc_hd__o311a_1)
   0.3471    7.7932 ^ amoalu/_1531_/Y (sky130_fd_sc_hd__o31ai_1)
   0.1677    7.9609 v amoalu/_1551_/Y (sky130_fd_sc_hd__a31oi_1)
   0.2469    8.2077 ^ amoalu/_1556_/Y (sky130_fd_sc_hd__o21ai_0)
   0.1873    8.3951 v amoalu/_1571_/Y (sky130_fd_sc_hd__a21boi_0)
   0.3588    8.7539 v amoalu/_1592_/X (sky130_fd_sc_hd__o31a_1)
   0.3241    9.0780 v amoalu/_1609_/X (sky130_fd_sc_hd__o311a_1)
   0.2701    9.3480 v amoalu/_1633_/X (sky130_fd_sc_hd__o221a_2)
   0.2650    9.6130 v amoalu/_1652_/X (sky130_fd_sc_hd__o31a_1)
   0.1312    9.7443 v amoalu/_1653_/Y (sky130_fd_sc_hd__xnor2_1)
   0.1544    9.8987 ^ amoalu/_1659_/Y (sky130_fd_sc_hd__o211ai_1)
   0.0952    9.9939 v amoalu/_1660_/Y (sky130_fd_sc_hd__o21ai_0)
   0.0035    9.9974 v _5165_/D (sky130_fd_sc_hd__dfxtp_1)
             9.9974   data arrival time

  20.0000   20.0000   clock clock (rise edge)
   0.0000   20.0000   clock network delay (ideal)
   0.0000   20.0000   clock reconvergence pessimism
            20.0000 ^ _5165_/CLK (sky130_fd_sc_hd__dfxtp_1)
  -0.1298   19.8702   library setup time
            19.8702   data required time
-------------------------------------------------------------
            19.8702   data required time
            -9.9974   data arrival time
-------------------------------------------------------------
             9.8728   slack (MET)


Startpoint: _4872_ (rising edge-triggered flip-flop clocked by clock)
Endpoint: _5164_ (rising edge-triggered flip-flop clocked by clock)
Path Group: clock
Path Type: max

    Delay      Time   Description
-------------------------------------------------------------
   0.0000    0.0000   clock clock (rise edge)
   0.0000    0.0000   clock network delay (ideal)
   0.0000    0.0000 ^ _4872_/CLK (sky130_fd_sc_hd__dfxtp_1)
   0.6018    0.6018 ^ _4872_/Q (sky130_fd_sc_hd__dfxtp_1)
   0.2033    0.8051 v _2214_/Y (sky130_fd_sc_hd__inv_1)
   0.2884    1.0935 v _2218_/X (sky130_fd_sc_hd__a211o_1)
   0.4936    1.5871 v _2226_/X (sky130_fd_sc_hd__or4_1)
   0.9018    2.4889 ^ _2248_/Y (sky130_fd_sc_hd__nor4_1)
   0.1869    2.6758 v _2285_/Y (sky130_fd_sc_hd__nand3_1)
   0.2758    2.9515 v _2286_/X (sky130_fd_sc_hd__clkbuf_1)
   0.1413    3.0928 ^ _2287_/Y (sky130_fd_sc_hd__nand3_1)
   0.0947    3.1875 v _2354_/Y (sky130_fd_sc_hd__o211ai_1)
   0.3839    3.5715 ^ _2427_/Y (sky130_fd_sc_hd__a21oi_1)
   0.1639    3.7353 v amoalu/_0933_/Y (sky130_fd_sc_hd__nand2_1)
   0.3372    4.0725 ^ amoalu/_1266_/Y (sky130_fd_sc_hd__o21ai_0)
   0.1478    4.2203 v amoalu/_1290_/Y (sky130_fd_sc_hd__a211oi_1)
   0.3274    4.5477 ^ amoalu/_1299_/Y (sky130_fd_sc_hd__o31ai_1)
   0.2948    4.8425 ^ amoalu/_1311_/X (sky130_fd_sc_hd__maj3_1)
   0.0961    4.9386 v amoalu/_1336_/Y (sky130_fd_sc_hd__a211oi_1)
   0.3334    5.2721 ^ amoalu/_1350_/Y (sky130_fd_sc_hd__o311ai_0)
   0.1684    5.4405 v amoalu/_1382_/Y (sky130_fd_sc_hd__a311oi_1)
   0.3252    5.7657 ^ amoalu/_1392_/Y (sky130_fd_sc_hd__o31ai_1)
   0.2940    6.0597 ^ amoalu/_1404_/X (sky130_fd_sc_hd__maj3_1)
   0.1129    6.1726 v amoalu/_1426_/Y (sky130_fd_sc_hd__a221oi_1)
   0.3503    6.5229 ^ amoalu/_1443_/Y (sky130_fd_sc_hd__o311ai_0)
   0.1874    6.7103 v amoalu/_1463_/Y (sky130_fd_sc_hd__a311oi_1)
   0.3828    7.0932 v amoalu/_1484_/X (sky130_fd_sc_hd__o41a_1)
   0.3529    7.4461 v amoalu/_1507_/X (sky130_fd_sc_hd__o311a_1)
   0.3471    7.7932 ^ amoalu/_1531_/Y (sky130_fd_sc_hd__o31ai_1)
   0.1677    7.9609 v amoalu/_1551_/Y (sky130_fd_sc_hd__a31oi_1)
   0.2469    8.2077 ^ amoalu/_1556_/Y (sky130_fd_sc_hd__o21ai_0)
   0.1873    8.3951 v amoalu/_1571_/Y (sky130_fd_sc_hd__a21boi_0)
   0.3588    8.7539 v amoalu/_1592_/X (sky130_fd_sc_hd__o31a_1)
   0.3241    9.0780 v amoalu/_1609_/X (sky130_fd_sc_hd__o311a_1)
   0.2701    9.3480 v amoalu/_1633_/X (sky130_fd_sc_hd__o221a_2)
   0.1356    9.4836 ^ amoalu/_1640_/Y (sky130_fd_sc_hd__nor3_1)
   0.0820    9.5656 v amoalu/_1642_/Y (sky130_fd_sc_hd__nor2_1)
   0.0916    9.6572 ^ amoalu/_1643_/Y (sky130_fd_sc_hd__o211ai_1)
   0.0985    9.7557 v amoalu/_1650_/Y (sky130_fd_sc_hd__a31oi_1)
   0.0035    9.7592 v _5164_/D (sky130_fd_sc_hd__dfxtp_1)
             9.7592   data arrival time

  20.0000   20.0000   clock clock (rise edge)
   0.0000   20.0000   clock network delay (ideal)
   0.0000   20.0000   clock reconvergence pessimism
            20.0000 ^ _5164_/CLK (sky130_fd_sc_hd__dfxtp_1)
  -0.1373   19.8627   library setup time
            19.8627   data required time
-------------------------------------------------------------
            19.8627   data required time
            -9.7592   data arrival time
-------------------------------------------------------------
            10.1035   slack (MET)


Startpoint: _4872_ (rising edge-triggered flip-flop clocked by clock)
Endpoint: _5163_ (rising edge-triggered flip-flop clocked by clock)
Path Group: clock
Path Type: max

    Delay      Time   Description
-------------------------------------------------------------
   0.0000    0.0000   clock clock (rise edge)
   0.0000    0.0000   clock network delay (ideal)
   0.0000    0.0000 ^ _4872_/CLK (sky130_fd_sc_hd__dfxtp_1)
   0.6018    0.6018 ^ _4872_/Q (sky130_fd_sc_hd__dfxtp_1)
   0.2033    0.8051 v _2214_/Y (sky130_fd_sc_hd__inv_1)
   0.2884    1.0935 v _2218_/X (sky130_fd_sc_hd__a211o_1)
   0.4936    1.5871 v _2226_/X (sky130_fd_sc_hd__or4_1)
   0.9018    2.4889 ^ _2248_/Y (sky130_fd_sc_hd__nor4_1)
   0.1869    2.6758 v _2285_/Y (sky130_fd_sc_hd__nand3_1)
   0.2758    2.9515 v _2286_/X (sky130_fd_sc_hd__clkbuf_1)
   0.1413    3.0928 ^ _2287_/Y (sky130_fd_sc_hd__nand3_1)
   0.0947    3.1875 v _2354_/Y (sky130_fd_sc_hd__o211ai_1)
   0.3839    3.5715 ^ _2427_/Y (sky130_fd_sc_hd__a21oi_1)
   0.1639    3.7353 v amoalu/_0933_/Y (sky130_fd_sc_hd__nand2_1)
   0.3372    4.0725 ^ amoalu/_1266_/Y (sky130_fd_sc_hd__o21ai_0)
   0.1478    4.2203 v amoalu/_1290_/Y (sky130_fd_sc_hd__a211oi_1)
   0.3274    4.5477 ^ amoalu/_1299_/Y (sky130_fd_sc_hd__o31ai_1)
   0.2948    4.8425 ^ amoalu/_1311_/X (sky130_fd_sc_hd__maj3_1)
   0.0961    4.9386 v amoalu/_1336_/Y (sky130_fd_sc_hd__a211oi_1)
   0.3334    5.2721 ^ amoalu/_1350_/Y (sky130_fd_sc_hd__o311ai_0)
   0.1684    5.4405 v amoalu/_1382_/Y (sky130_fd_sc_hd__a311oi_1)
   0.3252    5.7657 ^ amoalu/_1392_/Y (sky130_fd_sc_hd__o31ai_1)
   0.2940    6.0597 ^ amoalu/_1404_/X (sky130_fd_sc_hd__maj3_1)
   0.1129    6.1726 v amoalu/_1426_/Y (sky130_fd_sc_hd__a221oi_1)
   0.3503    6.5229 ^ amoalu/_1443_/Y (sky130_fd_sc_hd__o311ai_0)
   0.1874    6.7103 v amoalu/_1463_/Y (sky130_fd_sc_hd__a311oi_1)
   0.3828    7.0932 v amoalu/_1484_/X (sky130_fd_sc_hd__o41a_1)
   0.3529    7.4461 v amoalu/_1507_/X (sky130_fd_sc_hd__o311a_1)
   0.3471    7.7932 ^ amoalu/_1531_/Y (sky130_fd_sc_hd__o31ai_1)
   0.1677    7.9609 v amoalu/_1551_/Y (sky130_fd_sc_hd__a31oi_1)
   0.2469    8.2077 ^ amoalu/_1556_/Y (sky130_fd_sc_hd__o21ai_0)
   0.1873    8.3951 v amoalu/_1571_/Y (sky130_fd_sc_hd__a21boi_0)
   0.3588    8.7539 v amoalu/_1592_/X (sky130_fd_sc_hd__o31a_1)
   0.3241    9.0780 v amoalu/_1609_/X (sky130_fd_sc_hd__o311a_1)
   0.2701    9.3480 v amoalu/_1633_/X (sky130_fd_sc_hd__o221a_2)
   0.1396    9.4877 ^ amoalu/_1634_/Y (sky130_fd_sc_hd__xnor2_1)
   0.0689    9.5566 v amoalu/_1635_/Y (sky130_fd_sc_hd__nand2_1)
   0.0867    9.6433 ^ amoalu/_1636_/Y (sky130_fd_sc_hd__o211ai_1)
   0.0952    9.7384 v amoalu/_1637_/Y (sky130_fd_sc_hd__o21ai_0)
   0.0035    9.7419 v _5163_/D (sky130_fd_sc_hd__dfxtp_1)
             9.7419   data arrival time

  20.0000   20.0000   clock clock (rise edge)
   0.0000   20.0000   clock network delay (ideal)
   0.0000   20.0000   clock reconvergence pessimism
            20.0000 ^ _5163_/CLK (sky130_fd_sc_hd__dfxtp_1)
  -0.1298   19.8702   library setup time
            19.8702   data required time
-------------------------------------------------------------
            19.8702   data required time
            -9.7419   data arrival time
-------------------------------------------------------------
            10.1283   slack (MET)


Startpoint: _4872_ (rising edge-triggered flip-flop clocked by clock)
Endpoint: _5162_ (rising edge-triggered flip-flop clocked by clock)
Path Group: clock
Path Type: max

    Delay      Time   Description
-------------------------------------------------------------
   0.0000    0.0000   clock clock (rise edge)
   0.0000    0.0000   clock network delay (ideal)
   0.0000    0.0000 ^ _4872_/CLK (sky130_fd_sc_hd__dfxtp_1)
   0.6018    0.6018 ^ _4872_/Q (sky130_fd_sc_hd__dfxtp_1)
   0.2033    0.8051 v _2214_/Y (sky130_fd_sc_hd__inv_1)
   0.2884    1.0935 v _2218_/X (sky130_fd_sc_hd__a211o_1)
   0.4936    1.5871 v _2226_/X (sky130_fd_sc_hd__or4_1)
   0.9018    2.4889 ^ _2248_/Y (sky130_fd_sc_hd__nor4_1)
   0.1869    2.6758 v _2285_/Y (sky130_fd_sc_hd__nand3_1)
   0.2758    2.9515 v _2286_/X (sky130_fd_sc_hd__clkbuf_1)
   0.1413    3.0928 ^ _2287_/Y (sky130_fd_sc_hd__nand3_1)
   0.0947    3.1875 v _2354_/Y (sky130_fd_sc_hd__o211ai_1)
   0.3839    3.5715 ^ _2427_/Y (sky130_fd_sc_hd__a21oi_1)
   0.1639    3.7353 v amoalu/_0933_/Y (sky130_fd_sc_hd__nand2_1)
   0.3372    4.0725 ^ amoalu/_1266_/Y (sky130_fd_sc_hd__o21ai_0)
   0.1478    4.2203 v amoalu/_1290_/Y (sky130_fd_sc_hd__a211oi_1)
   0.3274    4.5477 ^ amoalu/_1299_/Y (sky130_fd_sc_hd__o31ai_1)
   0.2948    4.8425 ^ amoalu/_1311_/X (sky130_fd_sc_hd__maj3_1)
   0.0961    4.9386 v amoalu/_1336_/Y (sky130_fd_sc_hd__a211oi_1)
   0.3334    5.2721 ^ amoalu/_1350_/Y (sky130_fd_sc_hd__o311ai_0)
   0.1684    5.4405 v amoalu/_1382_/Y (sky130_fd_sc_hd__a311oi_1)
   0.3252    5.7657 ^ amoalu/_1392_/Y (sky130_fd_sc_hd__o31ai_1)
   0.2940    6.0597 ^ amoalu/_1404_/X (sky130_fd_sc_hd__maj3_1)
   0.1129    6.1726 v amoalu/_1426_/Y (sky130_fd_sc_hd__a221oi_1)
   0.3503    6.5229 ^ amoalu/_1443_/Y (sky130_fd_sc_hd__o311ai_0)
   0.1874    6.7103 v amoalu/_1463_/Y (sky130_fd_sc_hd__a311oi_1)
   0.3828    7.0932 v amoalu/_1484_/X (sky130_fd_sc_hd__o41a_1)
   0.3529    7.4461 v amoalu/_1507_/X (sky130_fd_sc_hd__o311a_1)
   0.3471    7.7932 ^ amoalu/_1531_/Y (sky130_fd_sc_hd__o31ai_1)
   0.1677    7.9609 v amoalu/_1551_/Y (sky130_fd_sc_hd__a31oi_1)
   0.2469    8.2077 ^ amoalu/_1556_/Y (sky130_fd_sc_hd__o21ai_0)
   0.1873    8.3951 v amoalu/_1571_/Y (sky130_fd_sc_hd__a21boi_0)
   0.3588    8.7539 v amoalu/_1592_/X (sky130_fd_sc_hd__o31a_1)
   0.2619    9.0158 v amoalu/_1600_/X (sky130_fd_sc_hd__o31a_1)
   0.0612    9.0770 ^ amoalu/_1618_/Y (sky130_fd_sc_hd__nand2_1)
   0.0531    9.1301 v amoalu/_1619_/Y (sky130_fd_sc_hd__nand2_1)
   0.0830    9.2131 ^ amoalu/_1620_/Y (sky130_fd_sc_hd__nand2_1)
   0.0713    9.2844 v amoalu/_1621_/Y (sky130_fd_sc_hd__o21ai_0)
   0.1280    9.4124 ^ amoalu/_1622_/Y (sky130_fd_sc_hd__a21oi_1)
   0.1407    9.5531 ^ amoalu/_1627_/X (sky130_fd_sc_hd__o22a_1)
   0.0034    9.5566 ^ _5162_/D (sky130_fd_sc_hd__dfxtp_1)
             9.5566   data arrival time

  20.0000   20.0000   clock clock (rise edge)
   0.0000   20.0000   clock network delay (ideal)
   0.0000   20.0000   clock reconvergence pessimism
            20.0000 ^ _5162_/CLK (sky130_fd_sc_hd__dfxtp_1)
  -0.0588   19.9412   library setup time
            19.9412   data required time
-------------------------------------------------------------
            19.9412   data required time
            -9.5566   data arrival time
-------------------------------------------------------------
            10.3847   slack (MET)


Startpoint: _4872_ (rising edge-triggered flip-flop clocked by clock)
Endpoint: _5161_ (rising edge-triggered flip-flop clocked by clock)
Path Group: clock
Path Type: max

    Delay      Time   Description
-------------------------------------------------------------
   0.0000    0.0000   clock clock (rise edge)
   0.0000    0.0000   clock network delay (ideal)
   0.0000    0.0000 ^ _4872_/CLK (sky130_fd_sc_hd__dfxtp_1)
   0.6018    0.6018 ^ _4872_/Q (sky130_fd_sc_hd__dfxtp_1)
   0.2033    0.8051 v _2214_/Y (sky130_fd_sc_hd__inv_1)
   0.2884    1.0935 v _2218_/X (sky130_fd_sc_hd__a211o_1)
   0.4936    1.5871 v _2226_/X (sky130_fd_sc_hd__or4_1)
   0.9018    2.4889 ^ _2248_/Y (sky130_fd_sc_hd__nor4_1)
   0.1869    2.6758 v _2285_/Y (sky130_fd_sc_hd__nand3_1)
   0.2758    2.9515 v _2286_/X (sky130_fd_sc_hd__clkbuf_1)
   0.1413    3.0928 ^ _2287_/Y (sky130_fd_sc_hd__nand3_1)
   0.0947    3.1875 v _2354_/Y (sky130_fd_sc_hd__o211ai_1)
   0.3839    3.5715 ^ _2427_/Y (sky130_fd_sc_hd__a21oi_1)
   0.1639    3.7353 v amoalu/_0933_/Y (sky130_fd_sc_hd__nand2_1)
   0.3372    4.0725 ^ amoalu/_1266_/Y (sky130_fd_sc_hd__o21ai_0)
   0.1478    4.2203 v amoalu/_1290_/Y (sky130_fd_sc_hd__a211oi_1)
   0.3274    4.5477 ^ amoalu/_1299_/Y (sky130_fd_sc_hd__o31ai_1)
   0.2948    4.8425 ^ amoalu/_1311_/X (sky130_fd_sc_hd__maj3_1)
   0.0961    4.9386 v amoalu/_1336_/Y (sky130_fd_sc_hd__a211oi_1)
   0.3334    5.2721 ^ amoalu/_1350_/Y (sky130_fd_sc_hd__o311ai_0)
   0.1684    5.4405 v amoalu/_1382_/Y (sky130_fd_sc_hd__a311oi_1)
   0.3252    5.7657 ^ amoalu/_1392_/Y (sky130_fd_sc_hd__o31ai_1)
   0.2940    6.0597 ^ amoalu/_1404_/X (sky130_fd_sc_hd__maj3_1)
   0.1129    6.1726 v amoalu/_1426_/Y (sky130_fd_sc_hd__a221oi_1)
   0.3503    6.5229 ^ amoalu/_1443_/Y (sky130_fd_sc_hd__o311ai_0)
   0.1874    6.7103 v amoalu/_1463_/Y (sky130_fd_sc_hd__a311oi_1)
   0.3828    7.0932 v amoalu/_1484_/X (sky130_fd_sc_hd__o41a_1)
   0.3529    7.4461 v amoalu/_1507_/X (sky130_fd_sc_hd__o311a_1)
   0.3471    7.7932 ^ amoalu/_1531_/Y (sky130_fd_sc_hd__o31ai_1)
   0.1677    7.9609 v amoalu/_1551_/Y (sky130_fd_sc_hd__a31oi_1)
   0.2469    8.2077 ^ amoalu/_1556_/Y (sky130_fd_sc_hd__o21ai_0)
   0.1873    8.3951 v amoalu/_1571_/Y (sky130_fd_sc_hd__a21boi_0)
   0.3588    8.7539 v amoalu/_1592_/X (sky130_fd_sc_hd__o31a_1)
   0.3241    9.0780 v amoalu/_1609_/X (sky130_fd_sc_hd__o311a_1)
   0.1336    9.2116 v amoalu/_1610_/Y (sky130_fd_sc_hd__xnor2_1)
   0.1544    9.3660 ^ amoalu/_1616_/Y (sky130_fd_sc_hd__o211ai_1)
   0.0952    9.4612 v amoalu/_1617_/Y (sky130_fd_sc_hd__o21ai_0)
   0.0035    9.4647 v _5161_/D (sky130_fd_sc_hd__dfxtp_1)
             9.4647   data arrival time

  20.0000   20.0000   clock clock (rise edge)
   0.0000   20.0000   clock network delay (ideal)
   0.0000   20.0000   clock reconvergence pessimism
            20.0000 ^ _5161_/CLK (sky130_fd_sc_hd__dfxtp_1)
  -0.1298   19.8702   library setup time
            19.8702   data required time
-------------------------------------------------------------
            19.8702   data required time
            -9.4647   data arrival time
-------------------------------------------------------------
            10.4055   slack (MET)


Startpoint: _4872_ (rising edge-triggered flip-flop clocked by clock)
Endpoint: _5160_ (rising edge-triggered flip-flop clocked by clock)
Path Group: clock
Path Type: max

    Delay      Time   Description
-------------------------------------------------------------
   0.0000    0.0000   clock clock (rise edge)
   0.0000    0.0000   clock network delay (ideal)
   0.0000    0.0000 ^ _4872_/CLK (sky130_fd_sc_hd__dfxtp_1)
   0.6018    0.6018 ^ _4872_/Q (sky130_fd_sc_hd__dfxtp_1)
   0.2033    0.8051 v _2214_/Y (sky130_fd_sc_hd__inv_1)
   0.2884    1.0935 v _2218_/X (sky130_fd_sc_hd__a211o_1)
   0.4936    1.5871 v _2226_/X (sky130_fd_sc_hd__or4_1)
   0.9018    2.4889 ^ _2248_/Y (sky130_fd_sc_hd__nor4_1)
   0.1869    2.6758 v _2285_/Y (sky130_fd_sc_hd__nand3_1)
   0.2758    2.9515 v _2286_/X (sky130_fd_sc_hd__clkbuf_1)
   0.1413    3.0928 ^ _2287_/Y (sky130_fd_sc_hd__nand3_1)
   0.0947    3.1875 v _2354_/Y (sky130_fd_sc_hd__o211ai_1)
   0.3839    3.5715 ^ _2427_/Y (sky130_fd_sc_hd__a21oi_1)
   0.1639    3.7353 v amoalu/_0933_/Y (sky130_fd_sc_hd__nand2_1)
   0.3372    4.0725 ^ amoalu/_1266_/Y (sky130_fd_sc_hd__o21ai_0)
   0.1478    4.2203 v amoalu/_1290_/Y (sky130_fd_sc_hd__a211oi_1)
   0.3274    4.5477 ^ amoalu/_1299_/Y (sky130_fd_sc_hd__o31ai_1)
   0.2948    4.8425 ^ amoalu/_1311_/X (sky130_fd_sc_hd__maj3_1)
   0.0961    4.9386 v amoalu/_1336_/Y (sky130_fd_sc_hd__a211oi_1)
   0.3334    5.2721 ^ amoalu/_1350_/Y (sky130_fd_sc_hd__o311ai_0)
   0.1684    5.4405 v amoalu/_1382_/Y (sky130_fd_sc_hd__a311oi_1)
   0.3252    5.7657 ^ amoalu/_1392_/Y (sky130_fd_sc_hd__o31ai_1)
   0.2940    6.0597 ^ amoalu/_1404_/X (sky130_fd_sc_hd__maj3_1)
   0.1129    6.1726 v amoalu/_1426_/Y (sky130_fd_sc_hd__a221oi_1)
   0.3503    6.5229 ^ amoalu/_1443_/Y (sky130_fd_sc_hd__o311ai_0)
   0.1874    6.7103 v amoalu/_1463_/Y (sky130_fd_sc_hd__a311oi_1)
   0.3828    7.0932 v amoalu/_1484_/X (sky130_fd_sc_hd__o41a_1)
   0.3529    7.4461 v amoalu/_1507_/X (sky130_fd_sc_hd__o311a_1)
   0.3471    7.7932 ^ amoalu/_1531_/Y (sky130_fd_sc_hd__o31ai_1)
   0.1677    7.9609 v amoalu/_1551_/Y (sky130_fd_sc_hd__a31oi_1)
   0.2469    8.2077 ^ amoalu/_1556_/Y (sky130_fd_sc_hd__o21ai_0)
   0.1873    8.3951 v amoalu/_1571_/Y (sky130_fd_sc_hd__a21boi_0)
   0.3588    8.7539 v amoalu/_1592_/X (sky130_fd_sc_hd__o31a_1)
   0.2619    9.0158 v amoalu/_1600_/X (sky130_fd_sc_hd__o31a_1)
   0.0944    9.1102 ^ amoalu/_1601_/Y (sky130_fd_sc_hd__o211ai_1)
   0.0985    9.2087 v amoalu/_1608_/Y (sky130_fd_sc_hd__a31oi_1)
   0.0035    9.2122 v _5160_/D (sky130_fd_sc_hd__dfxtp_1)
             9.2122   data arrival time

  20.0000   20.0000   clock clock (rise edge)
   0.0000   20.0000   clock network delay (ideal)
   0.0000   20.0000   clock reconvergence pessimism
            20.0000 ^ _5160_/CLK (sky130_fd_sc_hd__dfxtp_1)
  -0.1373   19.8627   library setup time
            19.8627   data required time
-------------------------------------------------------------
            19.8627   data required time
            -9.2122   data arrival time
-------------------------------------------------------------
            10.6505   slack (MET)


Startpoint: _4872_ (rising edge-triggered flip-flop clocked by clock)
Endpoint: _5159_ (rising edge-triggered flip-flop clocked by clock)
Path Group: clock
Path Type: max

    Delay      Time   Description
-------------------------------------------------------------
   0.0000    0.0000   clock clock (rise edge)
   0.0000    0.0000   clock network delay (ideal)
   0.0000    0.0000 ^ _4872_/CLK (sky130_fd_sc_hd__dfxtp_1)
   0.6018    0.6018 ^ _4872_/Q (sky130_fd_sc_hd__dfxtp_1)
   0.2033    0.8051 v _2214_/Y (sky130_fd_sc_hd__inv_1)
   0.2884    1.0935 v _2218_/X (sky130_fd_sc_hd__a211o_1)
   0.4936    1.5871 v _2226_/X (sky130_fd_sc_hd__or4_1)
   0.9018    2.4889 ^ _2248_/Y (sky130_fd_sc_hd__nor4_1)
   0.1869    2.6758 v _2285_/Y (sky130_fd_sc_hd__nand3_1)
   0.2758    2.9515 v _2286_/X (sky130_fd_sc_hd__clkbuf_1)
   0.1413    3.0928 ^ _2287_/Y (sky130_fd_sc_hd__nand3_1)
   0.0947    3.1875 v _2354_/Y (sky130_fd_sc_hd__o211ai_1)
   0.3839    3.5715 ^ _2427_/Y (sky130_fd_sc_hd__a21oi_1)
   0.1639    3.7353 v amoalu/_0933_/Y (sky130_fd_sc_hd__nand2_1)
   0.3372    4.0725 ^ amoalu/_1266_/Y (sky130_fd_sc_hd__o21ai_0)
   0.1478    4.2203 v amoalu/_1290_/Y (sky130_fd_sc_hd__a211oi_1)
   0.3274    4.5477 ^ amoalu/_1299_/Y (sky130_fd_sc_hd__o31ai_1)
   0.2948    4.8425 ^ amoalu/_1311_/X (sky130_fd_sc_hd__maj3_1)
   0.0961    4.9386 v amoalu/_1336_/Y (sky130_fd_sc_hd__a211oi_1)
   0.3334    5.2721 ^ amoalu/_1350_/Y (sky130_fd_sc_hd__o311ai_0)
   0.1684    5.4405 v amoalu/_1382_/Y (sky130_fd_sc_hd__a311oi_1)
   0.3252    5.7657 ^ amoalu/_1392_/Y (sky130_fd_sc_hd__o31ai_1)
   0.2940    6.0597 ^ amoalu/_1404_/X (sky130_fd_sc_hd__maj3_1)
   0.1129    6.1726 v amoalu/_1426_/Y (sky130_fd_sc_hd__a221oi_1)
   0.3503    6.5229 ^ amoalu/_1443_/Y (sky130_fd_sc_hd__o311ai_0)
   0.1874    6.7103 v amoalu/_1463_/Y (sky130_fd_sc_hd__a311oi_1)
   0.3828    7.0932 v amoalu/_1484_/X (sky130_fd_sc_hd__o41a_1)
   0.3529    7.4461 v amoalu/_1507_/X (sky130_fd_sc_hd__o311a_1)
   0.3471    7.7932 ^ amoalu/_1531_/Y (sky130_fd_sc_hd__o31ai_1)
   0.1677    7.9609 v amoalu/_1551_/Y (sky130_fd_sc_hd__a31oi_1)
   0.2469    8.2077 ^ amoalu/_1556_/Y (sky130_fd_sc_hd__o21ai_0)
   0.1873    8.3951 v amoalu/_1571_/Y (sky130_fd_sc_hd__a21boi_0)
   0.3588    8.7539 v amoalu/_1592_/X (sky130_fd_sc_hd__o31a_1)
   0.1474    8.9012 ^ amoalu/_1593_/Y (sky130_fd_sc_hd__xnor2_1)
   0.0691    8.9704 v amoalu/_1594_/Y (sky130_fd_sc_hd__nand2_1)
   0.0861    9.0564 ^ amoalu/_1595_/Y (sky130_fd_sc_hd__o211ai_1)
   0.0952    9.1516 v amoalu/_1596_/Y (sky130_fd_sc_hd__o21ai_0)
   0.0035    9.1551 v _5159_/D (sky130_fd_sc_hd__dfxtp_1)
             9.1551   data arrival time

  20.0000   20.0000   clock clock (rise edge)
   0.0000   20.0000   clock network delay (ideal)
   0.0000   20.0000   clock reconvergence pessimism
            20.0000 ^ _5159_/CLK (sky130_fd_sc_hd__dfxtp_1)
  -0.1298   19.8702   library setup time
            19.8702   data required time
-------------------------------------------------------------
            19.8702   data required time
            -9.1551   data arrival time
-------------------------------------------------------------
            10.7151   slack (MET)


Startpoint: _4872_ (rising edge-triggered flip-flop clocked by clock)
Endpoint: _5158_ (rising edge-triggered flip-flop clocked by clock)
Path Group: clock
Path Type: max

    Delay      Time   Description
-------------------------------------------------------------
   0.0000    0.0000   clock clock (rise edge)
   0.0000    0.0000   clock network delay (ideal)
   0.0000    0.0000 ^ _4872_/CLK (sky130_fd_sc_hd__dfxtp_1)
   0.6018    0.6018 ^ _4872_/Q (sky130_fd_sc_hd__dfxtp_1)
   0.2033    0.8051 v _2214_/Y (sky130_fd_sc_hd__inv_1)
   0.2884    1.0935 v _2218_/X (sky130_fd_sc_hd__a211o_1)
   0.4936    1.5871 v _2226_/X (sky130_fd_sc_hd__or4_1)
   0.9018    2.4889 ^ _2248_/Y (sky130_fd_sc_hd__nor4_1)
   0.1869    2.6758 v _2285_/Y (sky130_fd_sc_hd__nand3_1)
   0.2758    2.9515 v _2286_/X (sky130_fd_sc_hd__clkbuf_1)
   0.1922    3.1438 v _2453_/X (sky130_fd_sc_hd__lpflow_isobufsrc_1)
   0.1962    3.3400 v _2456_/X (sky130_fd_sc_hd__o21a_1)
   0.2206    3.5605 ^ _2458_/Y (sky130_fd_sc_hd__nor2_1)
   0.2217    3.7822 ^ amoalu/_1071_/Y (sky130_fd_sc_hd__xnor2_1)
   0.1948    3.9770 v amoalu/_1266_/Y (sky130_fd_sc_hd__o21ai_0)
   0.3217    4.2987 ^ amoalu/_1290_/Y (sky130_fd_sc_hd__a211oi_1)
   0.1369    4.4357 v amoalu/_1299_/Y (sky130_fd_sc_hd__o31ai_1)
   0.4138    4.8495 v amoalu/_1311_/X (sky130_fd_sc_hd__maj3_1)
   0.2883    5.1377 ^ amoalu/_1336_/Y (sky130_fd_sc_hd__a211oi_1)
   0.1622    5.3000 v amoalu/_1350_/Y (sky130_fd_sc_hd__o311ai_0)
   0.3497    5.6497 ^ amoalu/_1382_/Y (sky130_fd_sc_hd__a311oi_1)
   0.1407    5.7904 v amoalu/_1392_/Y (sky130_fd_sc_hd__o31ai_1)
   0.4103    6.2007 v amoalu/_1404_/X (sky130_fd_sc_hd__maj3_1)
   0.3828    6.5835 ^ amoalu/_1426_/Y (sky130_fd_sc_hd__a221oi_1)
   0.1820    6.7655 v amoalu/_1443_/Y (sky130_fd_sc_hd__o311ai_0)
   0.4101    7.1756 ^ amoalu/_1463_/Y (sky130_fd_sc_hd__a311oi_1)
   0.2309    7.4066 ^ amoalu/_1484_/X (sky130_fd_sc_hd__o41a_1)
   0.2293    7.6358 ^ amoalu/_1507_/X (sky130_fd_sc_hd__o311a_1)
   0.1166    7.7524 v amoalu/_1531_/Y (sky130_fd_sc_hd__o31ai_1)
   0.2473    7.9998 ^ amoalu/_1551_/Y (sky130_fd_sc_hd__a31oi_1)
   0.1404    8.1402 v amoalu/_1556_/Y (sky130_fd_sc_hd__o21ai_0)
   0.3360    8.4762 ^ amoalu/_1571_/Y (sky130_fd_sc_hd__a21boi_0)
   0.1514    8.6276 v amoalu/_1575_/Y (sky130_fd_sc_hd__o21ai_0)
   0.1558    8.7834 v amoalu/_1577_/Y (sky130_fd_sc_hd__xnor2_1)
   0.1434    8.9267 ^ amoalu/_1583_/Y (sky130_fd_sc_hd__a21oi_1)
   0.0506    8.9774 v amoalu/_1584_/Y (sky130_fd_sc_hd__a21oi_1)
   0.0035    8.9808 v _5158_/D (sky130_fd_sc_hd__dfxtp_1)
             8.9808   data arrival time

  20.0000   20.0000   clock clock (rise edge)
   0.0000   20.0000   clock network delay (ideal)
   0.0000   20.0000   clock reconvergence pessimism
            20.0000 ^ _5158_/CLK (sky130_fd_sc_hd__dfxtp_1)
  -0.1209   19.8791   library setup time
            19.8791   data required time
-------------------------------------------------------------
            19.8791   data required time
            -8.9808   data arrival time
-------------------------------------------------------------
            10.8983   slack (MET)


Startpoint: _4872_ (rising edge-triggered flip-flop clocked by clock)
Endpoint: _5157_ (rising edge-triggered flip-flop clocked by clock)
Path Group: clock
Path Type: max

    Delay      Time   Description
-------------------------------------------------------------
   0.0000    0.0000   clock clock (rise edge)
   0.0000    0.0000   clock network delay (ideal)
   0.0000    0.0000 ^ _4872_/CLK (sky130_fd_sc_hd__dfxtp_1)
   0.6018    0.6018 ^ _4872_/Q (sky130_fd_sc_hd__dfxtp_1)
   0.2033    0.8051 v _2214_/Y (sky130_fd_sc_hd__inv_1)
   0.2884    1.0935 v _2218_/X (sky130_fd_sc_hd__a211o_1)
   0.4936    1.5871 v _2226_/X (sky130_fd_sc_hd__or4_1)
   0.9018    2.4889 ^ _2248_/Y (sky130_fd_sc_hd__nor4_1)
   0.1869    2.6758 v _2285_/Y (sky130_fd_sc_hd__nand3_1)
   0.2758    2.9515 v _2286_/X (sky130_fd_sc_hd__clkbuf_1)
   0.1922    3.1438 v _2453_/X (sky130_fd_sc_hd__lpflow_isobufsrc_1)
   0.1962    3.3400 v _2456_/X (sky130_fd_sc_hd__o21a_1)
   0.2206    3.5605 ^ _2458_/Y (sky130_fd_sc_hd__nor2_1)
   0.2217    3.7822 ^ amoalu/_1071_/Y (sky130_fd_sc_hd__xnor2_1)
   0.1948    3.9770 v amoalu/_1266_/Y (sky130_fd_sc_hd__o21ai_0)
   0.3217    4.2987 ^ amoalu/_1290_/Y (sky130_fd_sc_hd__a211oi_1)
   0.1369    4.4357 v amoalu/_1299_/Y (sky130_fd_sc_hd__o31ai_1)
   0.4138    4.8495 v amoalu/_1311_/X (sky130_fd_sc_hd__maj3_1)
   0.2883    5.1377 ^ amoalu/_1336_/Y (sky130_fd_sc_hd__a211oi_1)
   0.1622    5.3000 v amoalu/_1350_/Y (sky130_fd_sc_hd__o311ai_0)
   0.3497    5.6497 ^ amoalu/_1382_/Y (sky130_fd_sc_hd__a311oi_1)
   0.1407    5.7904 v amoalu/_1392_/Y (sky130_fd_sc_hd__o31ai_1)
   0.4103    6.2007 v amoalu/_1404_/X (sky130_fd_sc_hd__maj3_1)
   0.3828    6.5835 ^ amoalu/_1426_/Y (sky130_fd_sc_hd__a221oi_1)
   0.1820    6.7655 v amoalu/_1443_/Y (sky130_fd_sc_hd__o311ai_0)
   0.4101    7.1756 ^ amoalu/_1463_/Y (sky130_fd_sc_hd__a311oi_1)
   0.2309    7.4066 ^ amoalu/_1484_/X (sky130_fd_sc_hd__o41a_1)
   0.2293    7.6358 ^ amoalu/_1507_/X (sky130_fd_sc_hd__o311a_1)
   0.1166    7.7524 v amoalu/_1531_/Y (sky130_fd_sc_hd__o31ai_1)
   0.2473    7.9998 ^ amoalu/_1551_/Y (sky130_fd_sc_hd__a31oi_1)
   0.1404    8.1402 v amoalu/_1556_/Y (sky130_fd_sc_hd__o21ai_0)
   0.3360    8.4762 ^ amoalu/_1571_/Y (sky130_fd_sc_hd__a21boi_0)
   0.1647    8.6409 ^ amoalu/_1572_/Y (sky130_fd_sc_hd__xnor2_1)
   0.1293    8.7702 ^ amoalu/_1573_/X (sky130_fd_sc_hd__a21o_1)
   0.0555    8.8257 v amoalu/_1574_/Y (sky130_fd_sc_hd__o22ai_1)
   0.0035    8.8292 v _5157_/D (sky130_fd_sc_hd__dfxtp_1)
             8.8292   data arrival time

  20.0000   20.0000   clock clock (rise edge)
   0.0000   20.0000   clock network delay (ideal)
   0.0000   20.0000   clock reconvergence pessimism
            20.0000 ^ _5157_/CLK (sky130_fd_sc_hd__dfxtp_1)
  -0.1286   19.8714   library setup time
            19.8714   data required time
-------------------------------------------------------------
            19.8714   data required time
            -8.8292   data arrival time
-------------------------------------------------------------
            11.0423   slack (MET)


Startpoint: _4872_ (rising edge-triggered flip-flop clocked by clock)
Endpoint: _5156_ (rising edge-triggered flip-flop clocked by clock)
Path Group: clock
Path Type: max

    Delay      Time   Description
-------------------------------------------------------------
   0.0000    0.0000   clock clock (rise edge)
   0.0000    0.0000   clock network delay (ideal)
   0.0000    0.0000 ^ _4872_/CLK (sky130_fd_sc_hd__dfxtp_1)
   0.6018    0.6018 ^ _4872_/Q (sky130_fd_sc_hd__dfxtp_1)
   0.2033    0.8051 v _2214_/Y (sky130_fd_sc_hd__inv_1)
   0.2884    1.0935 v _2218_/X (sky130_fd_sc_hd__a211o_1)
   0.4936    1.5871 v _2226_/X (sky130_fd_sc_hd__or4_1)
   0.9018    2.4889 ^ _2248_/Y (sky130_fd_sc_hd__nor4_1)
   0.1869    2.6758 v _2285_/Y (sky130_fd_sc_hd__nand3_1)
   0.2758    2.9515 v _2286_/X (sky130_fd_sc_hd__clkbuf_1)
   0.1413    3.0928 ^ _2287_/Y (sky130_fd_sc_hd__nand3_1)
   0.0947    3.1875 v _2354_/Y (sky130_fd_sc_hd__o211ai_1)
   0.3839    3.5715 ^ _2427_/Y (sky130_fd_sc_hd__a21oi_1)
   0.1639    3.7353 v amoalu/_0933_/Y (sky130_fd_sc_hd__nand2_1)
   0.3372    4.0725 ^ amoalu/_1266_/Y (sky130_fd_sc_hd__o21ai_0)
   0.1478    4.2203 v amoalu/_1290_/Y (sky130_fd_sc_hd__a211oi_1)
   0.3274    4.5477 ^ amoalu/_1299_/Y (sky130_fd_sc_hd__o31ai_1)
   0.2948    4.8425 ^ amoalu/_1311_/X (sky130_fd_sc_hd__maj3_1)
   0.0961    4.9386 v amoalu/_1336_/Y (sky130_fd_sc_hd__a211oi_1)
   0.3334    5.2721 ^ amoalu/_1350_/Y (sky130_fd_sc_hd__o311ai_0)
   0.1684    5.4405 v amoalu/_1382_/Y (sky130_fd_sc_hd__a311oi_1)
   0.3252    5.7657 ^ amoalu/_1392_/Y (sky130_fd_sc_hd__o31ai_1)
   0.2940    6.0597 ^ amoalu/_1404_/X (sky130_fd_sc_hd__maj3_1)
   0.1129    6.1726 v amoalu/_1426_/Y (sky130_fd_sc_hd__a221oi_1)
   0.3503    6.5229 ^ amoalu/_1443_/Y (sky130_fd_sc_hd__o311ai_0)
   0.1874    6.7103 v amoalu/_1463_/Y (sky130_fd_sc_hd__a311oi_1)
   0.3828    7.0932 v amoalu/_1484_/X (sky130_fd_sc_hd__o41a_1)
   0.3529    7.4461 v amoalu/_1507_/X (sky130_fd_sc_hd__o311a_1)
   0.3471    7.7932 ^ amoalu/_1531_/Y (sky130_fd_sc_hd__o31ai_1)
   0.1677    7.9609 v amoalu/_1551_/Y (sky130_fd_sc_hd__a31oi_1)
   0.2469    8.2077 ^ amoalu/_1556_/Y (sky130_fd_sc_hd__o21ai_0)
   0.1026    8.3103 v amoalu/_1557_/X (sky130_fd_sc_hd__xor2_1)
   0.1507    8.4611 ^ amoalu/_1563_/Y (sky130_fd_sc_hd__a21oi_1)
   0.0498    8.5108 v amoalu/_1564_/Y (sky130_fd_sc_hd__nor2_1)
   0.0035    8.5143 v _5156_/D (sky130_fd_sc_hd__dfxtp_1)
             8.5143   data arrival time

  20.0000   20.0000   clock clock (rise edge)
   0.0000   20.0000   clock network delay (ideal)
   0.0000   20.0000   clock reconvergence pessimism
            20.0000 ^ _5156_/CLK (sky130_fd_sc_hd__dfxtp_1)
  -0.1150   19.8850   library setup time
            19.8850   data required time
-------------------------------------------------------------
            19.8850   data required time
            -8.5143   data arrival time
-------------------------------------------------------------
            11.3707   slack (MET)


Startpoint: _4872_ (rising edge-triggered flip-flop clocked by clock)
Endpoint: _5155_ (rising edge-triggered flip-flop clocked by clock)
Path Group: clock
Path Type: max

    Delay      Time   Description
-------------------------------------------------------------
   0.0000    0.0000   clock clock (rise edge)
   0.0000    0.0000   clock network delay (ideal)
   0.0000    0.0000 ^ _4872_/CLK (sky130_fd_sc_hd__dfxtp_1)
   0.6018    0.6018 ^ _4872_/Q (sky130_fd_sc_hd__dfxtp_1)
   0.2033    0.8051 v _2214_/Y (sky130_fd_sc_hd__inv_1)
   0.2884    1.0935 v _2218_/X (sky130_fd_sc_hd__a211o_1)
   0.4936    1.5871 v _2226_/X (sky130_fd_sc_hd__or4_1)
   0.9018    2.4889 ^ _2248_/Y (sky130_fd_sc_hd__nor4_1)
   0.1869    2.6758 v _2285_/Y (sky130_fd_sc_hd__nand3_1)
   0.2758    2.9515 v _2286_/X (sky130_fd_sc_hd__clkbuf_1)
   0.1413    3.0928 ^ _2287_/Y (sky130_fd_sc_hd__nand3_1)
   0.0947    3.1875 v _2354_/Y (sky130_fd_sc_hd__o211ai_1)
   0.3839    3.5715 ^ _2427_/Y (sky130_fd_sc_hd__a21oi_1)
   0.1639    3.7353 v amoalu/_0933_/Y (sky130_fd_sc_hd__nand2_1)
   0.3372    4.0725 ^ amoalu/_1266_/Y (sky130_fd_sc_hd__o21ai_0)
   0.1478    4.2203 v amoalu/_1290_/Y (sky130_fd_sc_hd__a211oi_1)
   0.3274    4.5477 ^ amoalu/_1299_/Y (sky130_fd_sc_hd__o31ai_1)
   0.2948    4.8425 ^ amoalu/_1311_/X (sky130_fd_sc_hd__maj3_1)
   0.0961    4.9386 v amoalu/_1336_/Y (sky130_fd_sc_hd__a211oi_1)
   0.3334    5.2721 ^ amoalu/_1350_/Y (sky130_fd_sc_hd__o311ai_0)
   0.1684    5.4405 v amoalu/_1382_/Y (sky130_fd_sc_hd__a311oi_1)
   0.3252    5.7657 ^ amoalu/_1392_/Y (sky130_fd_sc_hd__o31ai_1)
   0.2940    6.0597 ^ amoalu/_1404_/X (sky130_fd_sc_hd__maj3_1)
   0.1129    6.1726 v amoalu/_1426_/Y (sky130_fd_sc_hd__a221oi_1)
   0.3503    6.5229 ^ amoalu/_1443_/Y (sky130_fd_sc_hd__o311ai_0)
   0.1874    6.7103 v amoalu/_1463_/Y (sky130_fd_sc_hd__a311oi_1)
   0.3828    7.0932 v amoalu/_1484_/X (sky130_fd_sc_hd__o41a_1)
   0.3529    7.4461 v amoalu/_1507_/X (sky130_fd_sc_hd__o311a_1)
   0.3471    7.7932 ^ amoalu/_1531_/Y (sky130_fd_sc_hd__o31ai_1)
   0.1677    7.9609 v amoalu/_1551_/Y (sky130_fd_sc_hd__a31oi_1)
   0.1620    8.1229 v amoalu/_1552_/X (sky130_fd_sc_hd__xor2_1)
   0.1510    8.2739 ^ amoalu/_1553_/Y (sky130_fd_sc_hd__o21ai_0)
   0.0728    8.3467 v amoalu/_1554_/Y (sky130_fd_sc_hd__o2bb2ai_1)
   0.0035    8.3502 v _5155_/D (sky130_fd_sc_hd__dfxtp_1)
             8.3502   data arrival time

  20.0000   20.0000   clock clock (rise edge)
   0.0000   20.0000   clock network delay (ideal)
   0.0000   20.0000   clock reconvergence pessimism
            20.0000 ^ _5155_/CLK (sky130_fd_sc_hd__dfxtp_1)
  -0.1210   19.8790   library setup time
            19.8790   data required time
-------------------------------------------------------------
            19.8790   data required time
            -8.3502   data arrival time
-------------------------------------------------------------
            11.5288   slack (MET)


Startpoint: _4872_ (rising edge-triggered flip-flop clocked by clock)
Endpoint: _5154_ (rising edge-triggered flip-flop clocked by clock)
Path Group: clock
Path Type: max

    Delay      Time   Description
-------------------------------------------------------------
   0.0000    0.0000   clock clock (rise edge)
   0.0000    0.0000   clock network delay (ideal)
   0.0000    0.0000 ^ _4872_/CLK (sky130_fd_sc_hd__dfxtp_1)
   0.6018    0.6018 ^ _4872_/Q (sky130_fd_sc_hd__dfxtp_1)
   0.2033    0.8051 v _2214_/Y (sky130_fd_sc_hd__inv_1)
   0.2884    1.0935 v _2218_/X (sky130_fd_sc_hd__a211o_1)
   0.4936    1.5871 v _2226_/X (sky130_fd_sc_hd__or4_1)
   0.9018    2.4889 ^ _2248_/Y (sky130_fd_sc_hd__nor4_1)
   0.1869    2.6758 v _2285_/Y (sky130_fd_sc_hd__nand3_1)
   0.2758    2.9515 v _2286_/X (sky130_fd_sc_hd__clkbuf_1)
   0.1413    3.0928 ^ _2287_/Y (sky130_fd_sc_hd__nand3_1)
   0.0947    3.1875 v _2354_/Y (sky130_fd_sc_hd__o211ai_1)
   0.3839    3.5715 ^ _2427_/Y (sky130_fd_sc_hd__a21oi_1)
   0.1639    3.7353 v amoalu/_0933_/Y (sky130_fd_sc_hd__nand2_1)
   0.3372    4.0725 ^ amoalu/_1266_/Y (sky130_fd_sc_hd__o21ai_0)
   0.1478    4.2203 v amoalu/_1290_/Y (sky130_fd_sc_hd__a211oi_1)
   0.3274    4.5477 ^ amoalu/_1299_/Y (sky130_fd_sc_hd__o31ai_1)
   0.2948    4.8425 ^ amoalu/_1311_/X (sky130_fd_sc_hd__maj3_1)
   0.0961    4.9386 v amoalu/_1336_/Y (sky130_fd_sc_hd__a211oi_1)
   0.3334    5.2721 ^ amoalu/_1350_/Y (sky130_fd_sc_hd__o311ai_0)
   0.1684    5.4405 v amoalu/_1382_/Y (sky130_fd_sc_hd__a311oi_1)
   0.3252    5.7657 ^ amoalu/_1392_/Y (sky130_fd_sc_hd__o31ai_1)
   0.2940    6.0597 ^ amoalu/_1404_/X (sky130_fd_sc_hd__maj3_1)
   0.1129    6.1726 v amoalu/_1426_/Y (sky130_fd_sc_hd__a221oi_1)
   0.3503    6.5229 ^ amoalu/_1443_/Y (sky130_fd_sc_hd__o311ai_0)
   0.1874    6.7103 v amoalu/_1463_/Y (sky130_fd_sc_hd__a311oi_1)
   0.3828    7.0932 v amoalu/_1484_/X (sky130_fd_sc_hd__o41a_1)
   0.3529    7.4461 v amoalu/_1507_/X (sky130_fd_sc_hd__o311a_1)
   0.3471    7.7932 ^ amoalu/_1531_/Y (sky130_fd_sc_hd__o31ai_1)
   0.1689    7.9621 v amoalu/_1536_/Y (sky130_fd_sc_hd__a21boi_0)
   0.1558    8.1179 ^ amoalu/_1537_/Y (sky130_fd_sc_hd__a21oi_1)
   0.0905    8.2084 v amoalu/_1538_/Y (sky130_fd_sc_hd__o21ai_0)
   0.1516    8.3600 ^ amoalu/_1544_/Y (sky130_fd_sc_hd__a31oi_1)
   0.0035    8.3634 ^ _5154_/D (sky130_fd_sc_hd__dfxtp_1)
             8.3634   data arrival time

  20.0000   20.0000   clock clock (rise edge)
   0.0000   20.0000   clock network delay (ideal)
   0.0000   20.0000   clock reconvergence pessimism
            20.0000 ^ _5154_/CLK (sky130_fd_sc_hd__dfxtp_1)
  -0.0756   19.9244   library setup time
            19.9244   data required time
-------------------------------------------------------------
            19.9244   data required time
            -8.3634   data arrival time
-------------------------------------------------------------
            11.5610   slack (MET)


Startpoint: _4872_ (rising edge-triggered flip-flop clocked by clock)
Endpoint: _5153_ (rising edge-triggered flip-flop clocked by clock)
Path Group: clock
Path Type: max

    Delay      Time   Description
-------------------------------------------------------------
   0.0000    0.0000   clock clock (rise edge)
   0.0000    0.0000   clock network delay (ideal)
   0.0000    0.0000 ^ _4872_/CLK (sky130_fd_sc_hd__dfxtp_1)
   0.6018    0.6018 ^ _4872_/Q (sky130_fd_sc_hd__dfxtp_1)
   0.2033    0.8051 v _2214_/Y (sky130_fd_sc_hd__inv_1)
   0.2884    1.0935 v _2218_/X (sky130_fd_sc_hd__a211o_1)
   0.4936    1.5871 v _2226_/X (sky130_fd_sc_hd__or4_1)
   0.9018    2.4889 ^ _2248_/Y (sky130_fd_sc_hd__nor4_1)
   0.1869    2.6758 v _2285_/Y (sky130_fd_sc_hd__nand3_1)
   0.2758    2.9515 v _2286_/X (sky130_fd_sc_hd__clkbuf_1)
   0.1922    3.1438 v _2453_/X (sky130_fd_sc_hd__lpflow_isobufsrc_1)
   0.1962    3.3400 v _2456_/X (sky130_fd_sc_hd__o21a_1)
   0.2206    3.5605 ^ _2458_/Y (sky130_fd_sc_hd__nor2_1)
   0.2217    3.7822 ^ amoalu/_1071_/Y (sky130_fd_sc_hd__xnor2_1)
   0.1948    3.9770 v amoalu/_1266_/Y (sky130_fd_sc_hd__o21ai_0)
   0.3217    4.2987 ^ amoalu/_1290_/Y (sky130_fd_sc_hd__a211oi_1)
   0.1369    4.4357 v amoalu/_1299_/Y (sky130_fd_sc_hd__o31ai_1)
   0.4138    4.8495 v amoalu/_1311_/X (sky130_fd_sc_hd__maj3_1)
   0.2883    5.1377 ^ amoalu/_1336_/Y (sky130_fd_sc_hd__a211oi_1)
   0.1622    5.3000 v amoalu/_1350_/Y (sky130_fd_sc_hd__o311ai_0)
   0.3497    5.6497 ^ amoalu/_1382_/Y (sky130_fd_sc_hd__a311oi_1)
   0.1407    5.7904 v amoalu/_1392_/Y (sky130_fd_sc_hd__o31ai_1)
   0.4103    6.2007 v amoalu/_1404_/X (sky130_fd_sc_hd__maj3_1)
   0.3828    6.5835 ^ amoalu/_1426_/Y (sky130_fd_sc_hd__a221oi_1)
   0.1820    6.7655 v amoalu/_1443_/Y (sky130_fd_sc_hd__o311ai_0)
   0.4101    7.1756 ^ amoalu/_1463_/Y (sky130_fd_sc_hd__a311oi_1)
   0.2309    7.4066 ^ amoalu/_1484_/X (sky130_fd_sc_hd__o41a_1)
   0.2293    7.6358 ^ amoalu/_1507_/X (sky130_fd_sc_hd__o311a_1)
   0.1166    7.7524 v amoalu/_1531_/Y (sky130_fd_sc_hd__o31ai_1)
   0.1668    7.9193 v amoalu/_1532_/X (sky130_fd_sc_hd__xor2_1)
   0.1587    8.0780 ^ amoalu/_1533_/Y (sky130_fd_sc_hd__o21ai_0)
   0.0728    8.1507 v amoalu/_1534_/Y (sky130_fd_sc_hd__o2bb2ai_1)
   0.0035    8.1542 v _5153_/D (sky130_fd_sc_hd__dfxtp_1)
             8.1542   data arrival time

  20.0000   20.0000   clock clock (rise edge)
   0.0000   20.0000   clock network delay (ideal)
   0.0000   20.0000   clock reconvergence pessimism
            20.0000 ^ _5153_/CLK (sky130_fd_sc_hd__dfxtp_1)
  -0.1192   19.8808   library setup time
            19.8808   data required time
-------------------------------------------------------------
            19.8808   data required time
            -8.1542   data arrival time
-------------------------------------------------------------
            11.7266   slack (MET)


Startpoint: _4872_ (rising edge-triggered flip-flop clocked by clock)
Endpoint: _5152_ (rising edge-triggered flip-flop clocked by clock)
Path Group: clock
Path Type: max

    Delay      Time   Description
-------------------------------------------------------------
   0.0000    0.0000   clock clock (rise edge)
   0.0000    0.0000   clock network delay (ideal)
   0.0000    0.0000 ^ _4872_/CLK (sky130_fd_sc_hd__dfxtp_1)
   0.6018    0.6018 ^ _4872_/Q (sky130_fd_sc_hd__dfxtp_1)
   0.2033    0.8051 v _2214_/Y (sky130_fd_sc_hd__inv_1)
   0.2884    1.0935 v _2218_/X (sky130_fd_sc_hd__a211o_1)
   0.4936    1.5871 v _2226_/X (sky130_fd_sc_hd__or4_1)
   0.9018    2.4889 ^ _2248_/Y (sky130_fd_sc_hd__nor4_1)
   0.1869    2.6758 v _2285_/Y (sky130_fd_sc_hd__nand3_1)
   0.2758    2.9515 v _2286_/X (sky130_fd_sc_hd__clkbuf_1)
   0.1922    3.1438 v _2453_/X (sky130_fd_sc_hd__lpflow_isobufsrc_1)
   0.1962    3.3400 v _2456_/X (sky130_fd_sc_hd__o21a_1)
   0.2206    3.5605 ^ _2458_/Y (sky130_fd_sc_hd__nor2_1)
   0.2217    3.7822 ^ amoalu/_1071_/Y (sky130_fd_sc_hd__xnor2_1)
   0.1948    3.9770 v amoalu/_1266_/Y (sky130_fd_sc_hd__o21ai_0)
   0.3217    4.2987 ^ amoalu/_1290_/Y (sky130_fd_sc_hd__a211oi_1)
   0.1369    4.4357 v amoalu/_1299_/Y (sky130_fd_sc_hd__o31ai_1)
   0.4138    4.8495 v amoalu/_1311_/X (sky130_fd_sc_hd__maj3_1)
   0.2883    5.1377 ^ amoalu/_1336_/Y (sky130_fd_sc_hd__a211oi_1)
   0.1622    5.3000 v amoalu/_1350_/Y (sky130_fd_sc_hd__o311ai_0)
   0.3497    5.6497 ^ amoalu/_1382_/Y (sky130_fd_sc_hd__a311oi_1)
   0.1407    5.7904 v amoalu/_1392_/Y (sky130_fd_sc_hd__o31ai_1)
   0.4103    6.2007 v amoalu/_1404_/X (sky130_fd_sc_hd__maj3_1)
   0.3828    6.5835 ^ amoalu/_1426_/Y (sky130_fd_sc_hd__a221oi_1)
   0.1820    6.7655 v amoalu/_1443_/Y (sky130_fd_sc_hd__o311ai_0)
   0.4101    7.1756 ^ amoalu/_1463_/Y (sky130_fd_sc_hd__a311oi_1)
   0.2309    7.4066 ^ amoalu/_1484_/X (sky130_fd_sc_hd__o41a_1)
   0.2293    7.6358 ^ amoalu/_1507_/X (sky130_fd_sc_hd__o311a_1)
   0.0630    7.6988 v amoalu/_1514_/Y (sky130_fd_sc_hd__nor3_1)
   0.1660    7.8648 ^ amoalu/_1516_/Y (sky130_fd_sc_hd__nor3_1)
   0.1013    7.9661 v amoalu/_1517_/Y (sky130_fd_sc_hd__o21ai_0)
   0.1531    8.1192 ^ amoalu/_1525_/Y (sky130_fd_sc_hd__a31oi_1)
   0.0035    8.1227 ^ _5152_/D (sky130_fd_sc_hd__dfxtp_1)
             8.1227   data arrival time

  20.0000   20.0000   clock clock (rise edge)
   0.0000   20.0000   clock network delay (ideal)
   0.0000   20.0000   clock reconvergence pessimism
            20.0000 ^ _5152_/CLK (sky130_fd_sc_hd__dfxtp_1)
  -0.0756   19.9244   library setup time
            19.9244   data required time
-------------------------------------------------------------
            19.9244   data required time
            -8.1227   data arrival time
-------------------------------------------------------------
            11.8017   slack (MET)


Startpoint: _4872_ (rising edge-triggered flip-flop clocked by clock)
Endpoint: _5151_ (rising edge-triggered flip-flop clocked by clock)
Path Group: clock
Path Type: max

    Delay      Time   Description
-------------------------------------------------------------
   0.0000    0.0000   clock clock (rise edge)
   0.0000    0.0000   clock network delay (ideal)
   0.0000    0.0000 ^ _4872_/CLK (sky130_fd_sc_hd__dfxtp_1)
   0.6018    0.6018 ^ _4872_/Q (sky130_fd_sc_hd__dfxtp_1)
   0.2033    0.8051 v _2214_/Y (sky130_fd_sc_hd__inv_1)
   0.2884    1.0935 v _2218_/X (sky130_fd_sc_hd__a211o_1)
   0.4936    1.5871 v _2226_/X (sky130_fd_sc_hd__or4_1)
   0.9018    2.4889 ^ _2248_/Y (sky130_fd_sc_hd__nor4_1)
   0.1869    2.6758 v _2285_/Y (sky130_fd_sc_hd__nand3_1)
   0.2758    2.9515 v _2286_/X (sky130_fd_sc_hd__clkbuf_1)
   0.1922    3.1438 v _2453_/X (sky130_fd_sc_hd__lpflow_isobufsrc_1)
   0.1962    3.3400 v _2456_/X (sky130_fd_sc_hd__o21a_1)
   0.2206    3.5605 ^ _2458_/Y (sky130_fd_sc_hd__nor2_1)
   0.2217    3.7822 ^ amoalu/_1071_/Y (sky130_fd_sc_hd__xnor2_1)
   0.1948    3.9770 v amoalu/_1266_/Y (sky130_fd_sc_hd__o21ai_0)
   0.3217    4.2987 ^ amoalu/_1290_/Y (sky130_fd_sc_hd__a211oi_1)
   0.1369    4.4357 v amoalu/_1299_/Y (sky130_fd_sc_hd__o31ai_1)
   0.4138    4.8495 v amoalu/_1311_/X (sky130_fd_sc_hd__maj3_1)
   0.2883    5.1377 ^ amoalu/_1336_/Y (sky130_fd_sc_hd__a211oi_1)
   0.1622    5.3000 v amoalu/_1350_/Y (sky130_fd_sc_hd__o311ai_0)
   0.3497    5.6497 ^ amoalu/_1382_/Y (sky130_fd_sc_hd__a311oi_1)
   0.1407    5.7904 v amoalu/_1392_/Y (sky130_fd_sc_hd__o31ai_1)
   0.4103    6.2007 v amoalu/_1404_/X (sky130_fd_sc_hd__maj3_1)
   0.3828    6.5835 ^ amoalu/_1426_/Y (sky130_fd_sc_hd__a221oi_1)
   0.1820    6.7655 v amoalu/_1443_/Y (sky130_fd_sc_hd__o311ai_0)
   0.4101    7.1756 ^ amoalu/_1463_/Y (sky130_fd_sc_hd__a311oi_1)
   0.2309    7.4066 ^ amoalu/_1484_/X (sky130_fd_sc_hd__o41a_1)
   0.2293    7.6358 ^ amoalu/_1507_/X (sky130_fd_sc_hd__o311a_1)
   0.1361    7.7719 ^ amoalu/_1508_/Y (sky130_fd_sc_hd__xnor2_1)
   0.1291    7.9010 ^ amoalu/_1510_/X (sky130_fd_sc_hd__a21o_1)
   0.0555    7.9565 v amoalu/_1511_/Y (sky130_fd_sc_hd__o22ai_1)
   0.0035    7.9600 v _5151_/D (sky130_fd_sc_hd__dfxtp_1)
             7.9600   data arrival time

  20.0000   20.0000   clock clock (rise edge)
   0.0000   20.0000   clock network delay (ideal)
   0.0000   20.0000   clock reconvergence pessimism
            20.0000 ^ _5151_/CLK (sky130_fd_sc_hd__dfxtp_1)
  -0.1286   19.8714   library setup time
            19.8714   data required time
-------------------------------------------------------------
            19.8714   data required time
            -7.9600   data arrival time
-------------------------------------------------------------
            11.9114   slack (MET)


Startpoint: _4872_ (rising edge-triggered flip-flop clocked by clock)
Endpoint: _5144_ (rising edge-triggered flip-flop clocked by clock)
Path Group: clock
Path Type: max

    Delay      Time   Description
-------------------------------------------------------------
   0.0000    0.0000   clock clock (rise edge)
   0.0000    0.0000   clock network delay (ideal)
   0.0000    0.0000 ^ _4872_/CLK (sky130_fd_sc_hd__dfxtp_1)
   0.6018    0.6018 ^ _4872_/Q (sky130_fd_sc_hd__dfxtp_1)
   0.2033    0.8051 v _2214_/Y (sky130_fd_sc_hd__inv_1)
   0.2884    1.0935 v _2218_/X (sky130_fd_sc_hd__a211o_1)
   0.4936    1.5871 v _2226_/X (sky130_fd_sc_hd__or4_1)
   0.9018    2.4889 ^ _2248_/Y (sky130_fd_sc_hd__nor4_1)
   0.4557    2.9446 v _2571_/Y (sky130_fd_sc_hd__nand3_1)
   0.3348    3.2794 ^ _2593_/X (sky130_fd_sc_hd__mux2_2)
   0.0621    3.3414 v _2594_/Y (sky130_fd_sc_hd__mux2i_1)
   0.3178    3.6593 ^ _2596_/Y (sky130_fd_sc_hd__a21oi_1)
   0.1903    3.8496 ^ amoalu/_1107_/X (sky130_fd_sc_hd__or2_2)
   0.0946    3.9442 v amoalu/_1109_/Y (sky130_fd_sc_hd__nand2_1)
   0.0849    4.0291 ^ amoalu/_1190_/Y (sky130_fd_sc_hd__nand2_1)
   0.0661    4.0952 v amoalu/_1191_/Y (sky130_fd_sc_hd__o22ai_1)
   0.3633    4.4584 v amoalu/_1192_/X (sky130_fd_sc_hd__maj3_1)
   0.2711    4.7296 ^ amoalu/_1194_/Y (sky130_fd_sc_hd__a221oi_1)
   0.1682    4.8977 ^ amoalu/_1195_/Y (sky130_fd_sc_hd__a2bb2oi_1)
   0.0845    4.9822 v amoalu/_1198_/Y (sky130_fd_sc_hd__o21ai_0)
   0.1714    5.1537 ^ amoalu/_1199_/Y (sky130_fd_sc_hd__a211oi_1)
   0.0744    5.2281 v amoalu/_1200_/Y (sky130_fd_sc_hd__nor2_1)
   0.2092    5.4373 ^ amoalu/_1202_/Y (sky130_fd_sc_hd__a211oi_1)
   0.0687    5.5060 v amoalu/_1203_/Y (sky130_fd_sc_hd__nor3_1)
   0.1665    5.6725 ^ amoalu/_1204_/Y (sky130_fd_sc_hd__nor4_1)
   0.0846    5.7571 v amoalu/_1205_/Y (sky130_fd_sc_hd__a21oi_1)
   0.0787    5.8358 ^ amoalu/_1211_/Y (sky130_fd_sc_hd__nand4_1)
   0.0783    5.9141 v amoalu/_1213_/Y (sky130_fd_sc_hd__a221oi_1)
   0.1755    6.0896 ^ amoalu/_1218_/Y (sky130_fd_sc_hd__nor2_1)
   0.1289    6.2185 ^ amoalu/_1219_/Y (sky130_fd_sc_hd__xnor2_1)
   0.2035    6.4220 ^ amoalu/_1220_/X (sky130_fd_sc_hd__and4b_1)
   0.1784    6.6004 ^ amoalu/_1221_/X (sky130_fd_sc_hd__clkbuf_1)
   0.4129    7.0133 ^ amoalu/_1234_/X (sky130_fd_sc_hd__lpflow_clkbufkapwr_1)
   0.3729    7.3862 ^ amoalu/_1235_/X (sky130_fd_sc_hd__clkbuf_1)
   0.2300    7.6162 ^ amoalu/_1433_/Y (sky130_fd_sc_hd__mux2i_1)
   0.0561    7.6723 v amoalu/_1434_/Y (sky130_fd_sc_hd__nor2_1)
   0.1279    7.8002 ^ amoalu/_1436_/Y (sky130_fd_sc_hd__o22ai_1)
   0.0811    7.8813 v amoalu/_1438_/Y (sky130_fd_sc_hd__a21oi_1)
   0.0035    7.8848 v _5144_/D (sky130_fd_sc_hd__dfxtp_1)
             7.8848   data arrival time

  20.0000   20.0000   clock clock (rise edge)
   0.0000   20.0000   clock network delay (ideal)
   0.0000   20.0000   clock reconvergence pessimism
            20.0000 ^ _5144_/CLK (sky130_fd_sc_hd__dfxtp_1)
  -0.1338   19.8662   library setup time
            19.8662   data required time
-------------------------------------------------------------
            19.8662   data required time
            -7.8848   data arrival time
-------------------------------------------------------------
            11.9814   slack (MET)


Startpoint: _4872_ (rising edge-triggered flip-flop clocked by clock)
Endpoint: _5128_ (rising edge-triggered flip-flop clocked by clock)
Path Group: clock
Path Type: max

    Delay      Time   Description
-------------------------------------------------------------
   0.0000    0.0000   clock clock (rise edge)
   0.0000    0.0000   clock network delay (ideal)
   0.0000    0.0000 ^ _4872_/CLK (sky130_fd_sc_hd__dfxtp_1)
   0.6018    0.6018 ^ _4872_/Q (sky130_fd_sc_hd__dfxtp_1)
   0.2033    0.8051 v _2214_/Y (sky130_fd_sc_hd__inv_1)
   0.2884    1.0935 v _2218_/X (sky130_fd_sc_hd__a211o_1)
   0.4936    1.5871 v _2226_/X (sky130_fd_sc_hd__or4_1)
   0.9018    2.4889 ^ _2248_/Y (sky130_fd_sc_hd__nor4_1)
   0.4557    2.9446 v _2571_/Y (sky130_fd_sc_hd__nand3_1)
   0.3348    3.2794 ^ _2593_/X (sky130_fd_sc_hd__mux2_2)
   0.0621    3.3414 v _2594_/Y (sky130_fd_sc_hd__mux2i_1)
   0.3178    3.6593 ^ _2596_/Y (sky130_fd_sc_hd__a21oi_1)
   0.1903    3.8496 ^ amoalu/_1107_/X (sky130_fd_sc_hd__or2_2)
   0.0946    3.9442 v amoalu/_1109_/Y (sky130_fd_sc_hd__nand2_1)
   0.0849    4.0291 ^ amoalu/_1190_/Y (sky130_fd_sc_hd__nand2_1)
   0.0661    4.0952 v amoalu/_1191_/Y (sky130_fd_sc_hd__o22ai_1)
   0.3633    4.4584 v amoalu/_1192_/X (sky130_fd_sc_hd__maj3_1)
   0.2711    4.7296 ^ amoalu/_1194_/Y (sky130_fd_sc_hd__a221oi_1)
   0.1682    4.8977 ^ amoalu/_1195_/Y (sky130_fd_sc_hd__a2bb2oi_1)
   0.0845    4.9822 v amoalu/_1198_/Y (sky130_fd_sc_hd__o21ai_0)
   0.1714    5.1537 ^ amoalu/_1199_/Y (sky130_fd_sc_hd__a211oi_1)
   0.0744    5.2281 v amoalu/_1200_/Y (sky130_fd_sc_hd__nor2_1)
   0.2092    5.4373 ^ amoalu/_1202_/Y (sky130_fd_sc_hd__a211oi_1)
   0.0687    5.5060 v amoalu/_1203_/Y (sky130_fd_sc_hd__nor3_1)
   0.1665    5.6725 ^ amoalu/_1204_/Y (sky130_fd_sc_hd__nor4_1)
   0.0846    5.7571 v amoalu/_1205_/Y (sky130_fd_sc_hd__a21oi_1)
   0.0787    5.8358 ^ amoalu/_1211_/Y (sky130_fd_sc_hd__nand4_1)
   0.0783    5.9141 v amoalu/_1213_/Y (sky130_fd_sc_hd__a221oi_1)
   0.1755    6.0896 ^ amoalu/_1218_/Y (sky130_fd_sc_hd__nor2_1)
   0.1289    6.2185 ^ amoalu/_1219_/Y (sky130_fd_sc_hd__xnor2_1)
   0.2035    6.4220 ^ amoalu/_1220_/X (sky130_fd_sc_hd__and4b_1)
   0.1784    6.6004 ^ amoalu/_1221_/X (sky130_fd_sc_hd__clkbuf_1)
   0.4129    7.0133 ^ amoalu/_1234_/X (sky130_fd_sc_hd__lpflow_clkbufkapwr_1)
   0.3729    7.3862 ^ amoalu/_1235_/X (sky130_fd_sc_hd__clkbuf_1)
   0.1265    7.5127 v amoalu/_1238_/Y (sky130_fd_sc_hd__o21ai_0)
   0.1267    7.6395 ^ amoalu/_1239_/Y (sky130_fd_sc_hd__a21oi_1)
   0.1298    7.7693 v amoalu/_1247_/Y (sky130_fd_sc_hd__o221ai_1)
   0.0822    7.8515 ^ amoalu/_1248_/Y (sky130_fd_sc_hd__o21ai_0)
   0.0035    7.8550 ^ _5128_/D (sky130_fd_sc_hd__dfxtp_1)
             7.8550   data arrival time

  20.0000   20.0000   clock clock (rise edge)
   0.0000   20.0000   clock network delay (ideal)
   0.0000   20.0000   clock reconvergence pessimism
            20.0000 ^ _5128_/CLK (sky130_fd_sc_hd__dfxtp_1)
  -0.0765   19.9235   library setup time
            19.9235   data required time
-------------------------------------------------------------
            19.9235   data required time
            -7.8550   data arrival time
-------------------------------------------------------------
            12.0685   slack (MET)


Startpoint: _4872_ (rising edge-triggered flip-flop clocked by clock)
Endpoint: _5150_ (rising edge-triggered flip-flop clocked by clock)
Path Group: clock
Path Type: max

    Delay      Time   Description
-------------------------------------------------------------
   0.0000    0.0000   clock clock (rise edge)
   0.0000    0.0000   clock network delay (ideal)
   0.0000    0.0000 ^ _4872_/CLK (sky130_fd_sc_hd__dfxtp_1)
   0.6018    0.6018 ^ _4872_/Q (sky130_fd_sc_hd__dfxtp_1)
   0.2033    0.8051 v _2214_/Y (sky130_fd_sc_hd__inv_1)
   0.2884    1.0935 v _2218_/X (sky130_fd_sc_hd__a211o_1)
   0.4936    1.5871 v _2226_/X (sky130_fd_sc_hd__or4_1)
   0.9018    2.4889 ^ _2248_/Y (sky130_fd_sc_hd__nor4_1)
   0.1869    2.6758 v _2285_/Y (sky130_fd_sc_hd__nand3_1)
   0.2758    2.9515 v _2286_/X (sky130_fd_sc_hd__clkbuf_1)
   0.1922    3.1438 v _2453_/X (sky130_fd_sc_hd__lpflow_isobufsrc_1)
   0.1962    3.3400 v _2456_/X (sky130_fd_sc_hd__o21a_1)
   0.2206    3.5605 ^ _2458_/Y (sky130_fd_sc_hd__nor2_1)
   0.2217    3.7822 ^ amoalu/_1071_/Y (sky130_fd_sc_hd__xnor2_1)
   0.1948    3.9770 v amoalu/_1266_/Y (sky130_fd_sc_hd__o21ai_0)
   0.3217    4.2987 ^ amoalu/_1290_/Y (sky130_fd_sc_hd__a211oi_1)
   0.1369    4.4357 v amoalu/_1299_/Y (sky130_fd_sc_hd__o31ai_1)
   0.4138    4.8495 v amoalu/_1311_/X (sky130_fd_sc_hd__maj3_1)
   0.2883    5.1377 ^ amoalu/_1336_/Y (sky130_fd_sc_hd__a211oi_1)
   0.1622    5.3000 v amoalu/_1350_/Y (sky130_fd_sc_hd__o311ai_0)
   0.3497    5.6497 ^ amoalu/_1382_/Y (sky130_fd_sc_hd__a311oi_1)
   0.1407    5.7904 v amoalu/_1392_/Y (sky130_fd_sc_hd__o31ai_1)
   0.4103    6.2007 v amoalu/_1404_/X (sky130_fd_sc_hd__maj3_1)
   0.3828    6.5835 ^ amoalu/_1426_/Y (sky130_fd_sc_hd__a221oi_1)
   0.1820    6.7655 v amoalu/_1443_/Y (sky130_fd_sc_hd__o311ai_0)
   0.4101    7.1756 ^ amoalu/_1463_/Y (sky130_fd_sc_hd__a311oi_1)
   0.2309    7.4066 ^ amoalu/_1484_/X (sky130_fd_sc_hd__o41a_1)
   0.1361    7.5426 ^ amoalu/_1489_/X (sky130_fd_sc_hd__o21a_1)
   0.0609    7.6035 v amoalu/_1490_/Y (sky130_fd_sc_hd__a21oi_1)
   0.0869    7.6904 ^ amoalu/_1491_/Y (sky130_fd_sc_hd__o21ai_0)
   0.0964    7.7868 v amoalu/_1498_/Y (sky130_fd_sc_hd__a31oi_1)
   0.0035    7.7903 v _5150_/D (sky130_fd_sc_hd__dfxtp_1)
             7.7903   data arrival time

  20.0000   20.0000   clock clock (rise edge)
   0.0000   20.0000   clock network delay (ideal)
   0.0000   20.0000   clock reconvergence pessimism
            20.0000 ^ _5150_/CLK (sky130_fd_sc_hd__dfxtp_1)
  -0.1383   19.8617   library setup time
            19.8617   data required time
-------------------------------------------------------------
            19.8617   data required time
            -7.7903   data arrival time
-------------------------------------------------------------
            12.0714   slack (MET)


Startpoint: _4872_ (rising edge-triggered flip-flop clocked by clock)
Endpoint: _5149_ (rising edge-triggered flip-flop clocked by clock)
Path Group: clock
Path Type: max

    Delay      Time   Description
-------------------------------------------------------------
   0.0000    0.0000   clock clock (rise edge)
   0.0000    0.0000   clock network delay (ideal)
   0.0000    0.0000 ^ _4872_/CLK (sky130_fd_sc_hd__dfxtp_1)
   0.6018    0.6018 ^ _4872_/Q (sky130_fd_sc_hd__dfxtp_1)
   0.2033    0.8051 v _2214_/Y (sky130_fd_sc_hd__inv_1)
   0.2884    1.0935 v _2218_/X (sky130_fd_sc_hd__a211o_1)
   0.4936    1.5871 v _2226_/X (sky130_fd_sc_hd__or4_1)
   0.9018    2.4889 ^ _2248_/Y (sky130_fd_sc_hd__nor4_1)
   0.1869    2.6758 v _2285_/Y (sky130_fd_sc_hd__nand3_1)
   0.2758    2.9515 v _2286_/X (sky130_fd_sc_hd__clkbuf_1)
   0.1922    3.1438 v _2453_/X (sky130_fd_sc_hd__lpflow_isobufsrc_1)
   0.1962    3.3400 v _2456_/X (sky130_fd_sc_hd__o21a_1)
   0.2206    3.5605 ^ _2458_/Y (sky130_fd_sc_hd__nor2_1)
   0.2217    3.7822 ^ amoalu/_1071_/Y (sky130_fd_sc_hd__xnor2_1)
   0.1948    3.9770 v amoalu/_1266_/Y (sky130_fd_sc_hd__o21ai_0)
   0.3217    4.2987 ^ amoalu/_1290_/Y (sky130_fd_sc_hd__a211oi_1)
   0.1369    4.4357 v amoalu/_1299_/Y (sky130_fd_sc_hd__o31ai_1)
   0.4138    4.8495 v amoalu/_1311_/X (sky130_fd_sc_hd__maj3_1)
   0.2883    5.1377 ^ amoalu/_1336_/Y (sky130_fd_sc_hd__a211oi_1)
   0.1622    5.3000 v amoalu/_1350_/Y (sky130_fd_sc_hd__o311ai_0)
   0.3497    5.6497 ^ amoalu/_1382_/Y (sky130_fd_sc_hd__a311oi_1)
   0.1407    5.7904 v amoalu/_1392_/Y (sky130_fd_sc_hd__o31ai_1)
   0.4103    6.2007 v amoalu/_1404_/X (sky130_fd_sc_hd__maj3_1)
   0.3828    6.5835 ^ amoalu/_1426_/Y (sky130_fd_sc_hd__a221oi_1)
   0.1820    6.7655 v amoalu/_1443_/Y (sky130_fd_sc_hd__o311ai_0)
   0.4101    7.1756 ^ amoalu/_1463_/Y (sky130_fd_sc_hd__a311oi_1)
   0.2309    7.4066 ^ amoalu/_1484_/X (sky130_fd_sc_hd__o41a_1)
   0.1330    7.5396 ^ amoalu/_1485_/Y (sky130_fd_sc_hd__xnor2_1)
   0.0688    7.6084 v amoalu/_1486_/Y (sky130_fd_sc_hd__nand2_1)
   0.0861    7.6945 ^ amoalu/_1487_/Y (sky130_fd_sc_hd__o211ai_1)
   0.0952    7.7896 v amoalu/_1488_/Y (sky130_fd_sc_hd__o21ai_0)
   0.0035    7.7931 v _5149_/D (sky130_fd_sc_hd__dfxtp_1)
             7.7931   data arrival time

  20.0000   20.0000   clock clock (rise edge)
   0.0000   20.0000   clock network delay (ideal)
   0.0000   20.0000   clock reconvergence pessimism
            20.0000 ^ _5149_/CLK (sky130_fd_sc_hd__dfxtp_1)
  -0.1306   19.8694   library setup time
            19.8694   data required time
-------------------------------------------------------------
            19.8694   data required time
            -7.7931   data arrival time
-------------------------------------------------------------
            12.0763   slack (MET)


Startpoint: mshrs/mshrs_0/rpq/_3866_
            (rising edge-triggered flip-flop clocked by clock)
Endpoint: mshrs/respq/ram_ext/_915_
          (rising edge-triggered flip-flop clocked by clock)
Path Group: clock
Path Type: max

    Delay      Time   Description
-------------------------------------------------------------
   0.0000    0.0000   clock clock (rise edge)
   0.0000    0.0000   clock network delay (ideal)
   0.0000    0.0000 ^ mshrs/mshrs_0/rpq/_3866_/CLK (sky130_fd_sc_hd__dfxtp_1)
   0.4395    0.4395 ^ mshrs/mshrs_0/rpq/_3866_/Q (sky130_fd_sc_hd__dfxtp_1)
   0.2729    0.7124 ^ mshrs/mshrs_0/rpq/_2372_/X (sky130_fd_sc_hd__clkbuf_1)
   0.5935    1.3058 ^ mshrs/mshrs_0/rpq/_2407_/Y (sky130_fd_sc_hd__nor4bb_1)
   0.3288    1.6347 ^ mshrs/mshrs_0/rpq/_2408_/X (sky130_fd_sc_hd__clkbuf_1)
   0.3003    1.9350 ^ mshrs/mshrs_0/rpq/_2409_/X (sky130_fd_sc_hd__lpflow_clkbufkapwr_1)
   0.3058    2.2408 ^ mshrs/mshrs_0/rpq/_2475_/X (sky130_fd_sc_hd__lpflow_clkbufkapwr_1)
   0.1268    2.3676 v mshrs/mshrs_0/rpq/_2489_/Y (sky130_fd_sc_hd__a21boi_0)
   0.1539    2.5215 v mshrs/mshrs_0/rpq/_2492_/X (sky130_fd_sc_hd__and3_1)
   0.1456    2.6671 ^ mshrs/mshrs_0/rpq/_2496_/Y (sky130_fd_sc_hd__nand4_1)
   0.0926    2.7597 v mshrs/mshrs_0/_0590_/Y (sky130_fd_sc_hd__nor4_1)
   0.0868    2.8465 ^ mshrs/mshrs_0/_0603_/Y (sky130_fd_sc_hd__nand3_1)
   0.1407    2.9872 v mshrs/mshrs_0/_0604_/Y (sky130_fd_sc_hd__nand2_1)
   0.2570    3.2442 ^ mshrs/lb_read_arb/_2_/X (sky130_fd_sc_hd__mux2_2)
   0.2830    3.5272 ^ mshrs/lb_ext/_1577_/X (sky130_fd_sc_hd__clkbuf_1)
   0.5167    4.0439 ^ mshrs/lb_ext/_1578_/X (sky130_fd_sc_hd__lpflow_clkbufkapwr_1)
   0.5343    4.5782 ^ mshrs/lb_ext/_1579_/X (sky130_fd_sc_hd__lpflow_clkbufkapwr_1)
   0.3985    4.9767 ^ mshrs/lb_ext/_1723_/X (sky130_fd_sc_hd__lpflow_clkbufkapwr_1)
   0.3547    5.3314 v mshrs/lb_ext/_1779_/X (sky130_fd_sc_hd__mux4_2)
   0.1754    5.5068 v mshrs/_0553_/X (sky130_fd_sc_hd__lpflow_inputiso0n_1)
   0.2831    5.7899 v mshrs/mshrs_1/_0683_/X (sky130_fd_sc_hd__mux2_2)
   0.2118    6.0018 ^ mshrs/mshrs_1/_0686_/Y (sky130_fd_sc_hd__a21oi_1)
   0.1112    6.1130 v mshrs/mshrs_1/_0691_/Y (sky130_fd_sc_hd__a21oi_1)
   0.1906    6.3037 ^ mshrs/mshrs_1/_0710_/Y (sky130_fd_sc_hd__nand3_1)
   0.2027    6.5064 v mshrs/mshrs_1/_0721_/Y (sky130_fd_sc_hd__o31ai_1)
   0.3485    6.8549 ^ mshrs/mshrs_1/_0744_/Y (sky130_fd_sc_hd__a41oi_1)
   0.3112    7.1661 ^ mshrs/mshrs_1/_0769_/X (sky130_fd_sc_hd__clkbuf_1)
   0.0836    7.2497 v mshrs/mshrs_1/_0771_/Y (sky130_fd_sc_hd__nand2_1)
   0.1286    7.3783 ^ mshrs/resp_arb/_0895_/Y (sky130_fd_sc_hd__mux2i_1)
   0.1334    7.5117 v mshrs/resp_arb/_0897_/Y (sky130_fd_sc_hd__o21ai_0)
   0.2861    7.7978 v mshrs/respq/ram_ext/_654_/X (sky130_fd_sc_hd__mux2_2)
   0.0035    7.8013 v mshrs/respq/ram_ext/_915_/D (sky130_fd_sc_hd__dfxtp_1)
             7.8013   data arrival time

  20.0000   20.0000   clock clock (rise edge)
   0.0000   20.0000   clock network delay (ideal)
   0.0000   20.0000   clock reconvergence pessimism
            20.0000 ^ mshrs/respq/ram_ext/_915_/CLK (sky130_fd_sc_hd__dfxtp_1)
  -0.1214   19.8786   library setup time
            19.8786   data required time
-------------------------------------------------------------
            19.8786   data required time
            -7.8013   data arrival time
-------------------------------------------------------------
            12.0773   slack (MET)


Startpoint: mshrs/mshrs_0/rpq/_3866_
            (rising edge-triggered flip-flop clocked by clock)
Endpoint: mshrs/respq/ram_ext/_916_
          (rising edge-triggered flip-flop clocked by clock)
Path Group: clock
Path Type: max

    Delay      Time   Description
-------------------------------------------------------------
   0.0000    0.0000   clock clock (rise edge)
   0.0000    0.0000   clock network delay (ideal)
   0.0000    0.0000 ^ mshrs/mshrs_0/rpq/_3866_/CLK (sky130_fd_sc_hd__dfxtp_1)
   0.4395    0.4395 ^ mshrs/mshrs_0/rpq/_3866_/Q (sky130_fd_sc_hd__dfxtp_1)
   0.2729    0.7124 ^ mshrs/mshrs_0/rpq/_2372_/X (sky130_fd_sc_hd__clkbuf_1)
   0.5935    1.3058 ^ mshrs/mshrs_0/rpq/_2407_/Y (sky130_fd_sc_hd__nor4bb_1)
   0.3288    1.6347 ^ mshrs/mshrs_0/rpq/_2408_/X (sky130_fd_sc_hd__clkbuf_1)
   0.3003    1.9350 ^ mshrs/mshrs_0/rpq/_2409_/X (sky130_fd_sc_hd__lpflow_clkbufkapwr_1)
   0.3058    2.2408 ^ mshrs/mshrs_0/rpq/_2475_/X (sky130_fd_sc_hd__lpflow_clkbufkapwr_1)
   0.1268    2.3676 v mshrs/mshrs_0/rpq/_2489_/Y (sky130_fd_sc_hd__a21boi_0)
   0.1539    2.5215 v mshrs/mshrs_0/rpq/_2492_/X (sky130_fd_sc_hd__and3_1)
   0.1456    2.6671 ^ mshrs/mshrs_0/rpq/_2496_/Y (sky130_fd_sc_hd__nand4_1)
   0.0926    2.7597 v mshrs/mshrs_0/_0590_/Y (sky130_fd_sc_hd__nor4_1)
   0.0868    2.8465 ^ mshrs/mshrs_0/_0603_/Y (sky130_fd_sc_hd__nand3_1)
   0.1407    2.9872 v mshrs/mshrs_0/_0604_/Y (sky130_fd_sc_hd__nand2_1)
   0.2570    3.2442 ^ mshrs/lb_read_arb/_2_/X (sky130_fd_sc_hd__mux2_2)
   0.2830    3.5272 ^ mshrs/lb_ext/_1577_/X (sky130_fd_sc_hd__clkbuf_1)
   0.5167    4.0439 ^ mshrs/lb_ext/_1578_/X (sky130_fd_sc_hd__lpflow_clkbufkapwr_1)
   0.5343    4.5782 ^ mshrs/lb_ext/_1579_/X (sky130_fd_sc_hd__lpflow_clkbufkapwr_1)
   0.3985    4.9767 ^ mshrs/lb_ext/_1723_/X (sky130_fd_sc_hd__lpflow_clkbufkapwr_1)
   0.3547    5.3314 v mshrs/lb_ext/_1779_/X (sky130_fd_sc_hd__mux4_2)
   0.1754    5.5068 v mshrs/_0553_/X (sky130_fd_sc_hd__lpflow_inputiso0n_1)
   0.2831    5.7899 v mshrs/mshrs_1/_0683_/X (sky130_fd_sc_hd__mux2_2)
   0.2118    6.0018 ^ mshrs/mshrs_1/_0686_/Y (sky130_fd_sc_hd__a21oi_1)
   0.1112    6.1130 v mshrs/mshrs_1/_0691_/Y (sky130_fd_sc_hd__a21oi_1)
   0.1906    6.3037 ^ mshrs/mshrs_1/_0710_/Y (sky130_fd_sc_hd__nand3_1)
   0.2027    6.5064 v mshrs/mshrs_1/_0721_/Y (sky130_fd_sc_hd__o31ai_1)
   0.3485    6.8549 ^ mshrs/mshrs_1/_0744_/Y (sky130_fd_sc_hd__a41oi_1)
   0.3112    7.1661 ^ mshrs/mshrs_1/_0769_/X (sky130_fd_sc_hd__clkbuf_1)
   0.0836    7.2497 v mshrs/mshrs_1/_0773_/Y (sky130_fd_sc_hd__nand2_1)
   0.1286    7.3783 ^ mshrs/resp_arb/_0898_/Y (sky130_fd_sc_hd__mux2i_1)
   0.1334    7.5117 v mshrs/resp_arb/_0900_/Y (sky130_fd_sc_hd__o21ai_0)
   0.2861    7.7978 v mshrs/respq/ram_ext/_655_/X (sky130_fd_sc_hd__mux2_2)
   0.0035    7.8013 v mshrs/respq/ram_ext/_916_/D (sky130_fd_sc_hd__dfxtp_1)
             7.8013   data arrival time

  20.0000   20.0000   clock clock (rise edge)
   0.0000   20.0000   clock network delay (ideal)
   0.0000   20.0000   clock reconvergence pessimism
            20.0000 ^ mshrs/respq/ram_ext/_916_/CLK (sky130_fd_sc_hd__dfxtp_1)
  -0.1214   19.8786   library setup time
            19.8786   data required time
-------------------------------------------------------------
            19.8786   data required time
            -7.8013   data arrival time
-------------------------------------------------------------
            12.0773   slack (MET)


Startpoint: mshrs/mshrs_0/rpq/_3866_
            (rising edge-triggered flip-flop clocked by clock)
Endpoint: mshrs/respq/ram_ext/_917_
          (rising edge-triggered flip-flop clocked by clock)
Path Group: clock
Path Type: max

    Delay      Time   Description
-------------------------------------------------------------
   0.0000    0.0000   clock clock (rise edge)
   0.0000    0.0000   clock network delay (ideal)
   0.0000    0.0000 ^ mshrs/mshrs_0/rpq/_3866_/CLK (sky130_fd_sc_hd__dfxtp_1)
   0.4395    0.4395 ^ mshrs/mshrs_0/rpq/_3866_/Q (sky130_fd_sc_hd__dfxtp_1)
   0.2729    0.7124 ^ mshrs/mshrs_0/rpq/_2372_/X (sky130_fd_sc_hd__clkbuf_1)
   0.5935    1.3058 ^ mshrs/mshrs_0/rpq/_2407_/Y (sky130_fd_sc_hd__nor4bb_1)
   0.3288    1.6347 ^ mshrs/mshrs_0/rpq/_2408_/X (sky130_fd_sc_hd__clkbuf_1)
   0.3003    1.9350 ^ mshrs/mshrs_0/rpq/_2409_/X (sky130_fd_sc_hd__lpflow_clkbufkapwr_1)
   0.3058    2.2408 ^ mshrs/mshrs_0/rpq/_2475_/X (sky130_fd_sc_hd__lpflow_clkbufkapwr_1)
   0.1268    2.3676 v mshrs/mshrs_0/rpq/_2489_/Y (sky130_fd_sc_hd__a21boi_0)
   0.1539    2.5215 v mshrs/mshrs_0/rpq/_2492_/X (sky130_fd_sc_hd__and3_1)
   0.1456    2.6671 ^ mshrs/mshrs_0/rpq/_2496_/Y (sky130_fd_sc_hd__nand4_1)
   0.0926    2.7597 v mshrs/mshrs_0/_0590_/Y (sky130_fd_sc_hd__nor4_1)
   0.0868    2.8465 ^ mshrs/mshrs_0/_0603_/Y (sky130_fd_sc_hd__nand3_1)
   0.1407    2.9872 v mshrs/mshrs_0/_0604_/Y (sky130_fd_sc_hd__nand2_1)
   0.2570    3.2442 ^ mshrs/lb_read_arb/_2_/X (sky130_fd_sc_hd__mux2_2)
   0.2830    3.5272 ^ mshrs/lb_ext/_1577_/X (sky130_fd_sc_hd__clkbuf_1)
   0.5167    4.0439 ^ mshrs/lb_ext/_1578_/X (sky130_fd_sc_hd__lpflow_clkbufkapwr_1)
   0.5343    4.5782 ^ mshrs/lb_ext/_1579_/X (sky130_fd_sc_hd__lpflow_clkbufkapwr_1)
   0.3985    4.9767 ^ mshrs/lb_ext/_1723_/X (sky130_fd_sc_hd__lpflow_clkbufkapwr_1)
   0.3547    5.3314 v mshrs/lb_ext/_1779_/X (sky130_fd_sc_hd__mux4_2)
   0.1754    5.5068 v mshrs/_0553_/X (sky130_fd_sc_hd__lpflow_inputiso0n_1)
   0.2831    5.7899 v mshrs/mshrs_1/_0683_/X (sky130_fd_sc_hd__mux2_2)
   0.2118    6.0018 ^ mshrs/mshrs_1/_0686_/Y (sky130_fd_sc_hd__a21oi_1)
   0.1112    6.1130 v mshrs/mshrs_1/_0691_/Y (sky130_fd_sc_hd__a21oi_1)
   0.1906    6.3037 ^ mshrs/mshrs_1/_0710_/Y (sky130_fd_sc_hd__nand3_1)
   0.2027    6.5064 v mshrs/mshrs_1/_0721_/Y (sky130_fd_sc_hd__o31ai_1)
   0.3485    6.8549 ^ mshrs/mshrs_1/_0744_/Y (sky130_fd_sc_hd__a41oi_1)
   0.3112    7.1661 ^ mshrs/mshrs_1/_0769_/X (sky130_fd_sc_hd__clkbuf_1)
   0.0836    7.2497 v mshrs/mshrs_1/_0775_/Y (sky130_fd_sc_hd__nand2_1)
   0.1286    7.3783 ^ mshrs/resp_arb/_0901_/Y (sky130_fd_sc_hd__mux2i_1)
   0.1334    7.5117 v mshrs/resp_arb/_0903_/Y (sky130_fd_sc_hd__o21ai_0)
   0.2861    7.7978 v mshrs/respq/ram_ext/_656_/X (sky130_fd_sc_hd__mux2_2)
   0.0035    7.8013 v mshrs/respq/ram_ext/_917_/D (sky130_fd_sc_hd__dfxtp_1)
             7.8013   data arrival time

  20.0000   20.0000   clock clock (rise edge)
   0.0000   20.0000   clock network delay (ideal)
   0.0000   20.0000   clock reconvergence pessimism
            20.0000 ^ mshrs/respq/ram_ext/_917_/CLK (sky130_fd_sc_hd__dfxtp_1)
  -0.1214   19.8786   library setup time
            19.8786   data required time
-------------------------------------------------------------
            19.8786   data required time
            -7.8013   data arrival time
-------------------------------------------------------------
            12.0773   slack (MET)


Startpoint: mshrs/mshrs_0/rpq/_3866_
            (rising edge-triggered flip-flop clocked by clock)
Endpoint: mshrs/respq/ram_ext/_918_
          (rising edge-triggered flip-flop clocked by clock)
Path Group: clock
Path Type: max

    Delay      Time   Description
-------------------------------------------------------------
   0.0000    0.0000   clock clock (rise edge)
   0.0000    0.0000   clock network delay (ideal)
   0.0000    0.0000 ^ mshrs/mshrs_0/rpq/_3866_/CLK (sky130_fd_sc_hd__dfxtp_1)
   0.4395    0.4395 ^ mshrs/mshrs_0/rpq/_3866_/Q (sky130_fd_sc_hd__dfxtp_1)
   0.2729    0.7124 ^ mshrs/mshrs_0/rpq/_2372_/X (sky130_fd_sc_hd__clkbuf_1)
   0.5935    1.3058 ^ mshrs/mshrs_0/rpq/_2407_/Y (sky130_fd_sc_hd__nor4bb_1)
   0.3288    1.6347 ^ mshrs/mshrs_0/rpq/_2408_/X (sky130_fd_sc_hd__clkbuf_1)
   0.3003    1.9350 ^ mshrs/mshrs_0/rpq/_2409_/X (sky130_fd_sc_hd__lpflow_clkbufkapwr_1)
   0.3058    2.2408 ^ mshrs/mshrs_0/rpq/_2475_/X (sky130_fd_sc_hd__lpflow_clkbufkapwr_1)
   0.1268    2.3676 v mshrs/mshrs_0/rpq/_2489_/Y (sky130_fd_sc_hd__a21boi_0)
   0.1539    2.5215 v mshrs/mshrs_0/rpq/_2492_/X (sky130_fd_sc_hd__and3_1)
   0.1456    2.6671 ^ mshrs/mshrs_0/rpq/_2496_/Y (sky130_fd_sc_hd__nand4_1)
   0.0926    2.7597 v mshrs/mshrs_0/_0590_/Y (sky130_fd_sc_hd__nor4_1)
   0.0868    2.8465 ^ mshrs/mshrs_0/_0603_/Y (sky130_fd_sc_hd__nand3_1)
   0.1407    2.9872 v mshrs/mshrs_0/_0604_/Y (sky130_fd_sc_hd__nand2_1)
   0.2570    3.2442 ^ mshrs/lb_read_arb/_2_/X (sky130_fd_sc_hd__mux2_2)
   0.2830    3.5272 ^ mshrs/lb_ext/_1577_/X (sky130_fd_sc_hd__clkbuf_1)
   0.5167    4.0439 ^ mshrs/lb_ext/_1578_/X (sky130_fd_sc_hd__lpflow_clkbufkapwr_1)
   0.5343    4.5782 ^ mshrs/lb_ext/_1579_/X (sky130_fd_sc_hd__lpflow_clkbufkapwr_1)
   0.3985    4.9767 ^ mshrs/lb_ext/_1723_/X (sky130_fd_sc_hd__lpflow_clkbufkapwr_1)
   0.3547    5.3314 v mshrs/lb_ext/_1779_/X (sky130_fd_sc_hd__mux4_2)
   0.1754    5.5068 v mshrs/_0553_/X (sky130_fd_sc_hd__lpflow_inputiso0n_1)
   0.2831    5.7899 v mshrs/mshrs_1/_0683_/X (sky130_fd_sc_hd__mux2_2)
   0.2118    6.0018 ^ mshrs/mshrs_1/_0686_/Y (sky130_fd_sc_hd__a21oi_1)
   0.1112    6.1130 v mshrs/mshrs_1/_0691_/Y (sky130_fd_sc_hd__a21oi_1)
   0.1906    6.3037 ^ mshrs/mshrs_1/_0710_/Y (sky130_fd_sc_hd__nand3_1)
   0.2027    6.5064 v mshrs/mshrs_1/_0721_/Y (sky130_fd_sc_hd__o31ai_1)
   0.3485    6.8549 ^ mshrs/mshrs_1/_0744_/Y (sky130_fd_sc_hd__a41oi_1)
   0.3112    7.1661 ^ mshrs/mshrs_1/_0769_/X (sky130_fd_sc_hd__clkbuf_1)
   0.0836    7.2497 v mshrs/mshrs_1/_0777_/Y (sky130_fd_sc_hd__nand2_1)
   0.1286    7.3783 ^ mshrs/resp_arb/_0904_/Y (sky130_fd_sc_hd__mux2i_1)
   0.1334    7.5117 v mshrs/resp_arb/_0906_/Y (sky130_fd_sc_hd__o21ai_0)
   0.2861    7.7978 v mshrs/respq/ram_ext/_657_/X (sky130_fd_sc_hd__mux2_2)
   0.0035    7.8013 v mshrs/respq/ram_ext/_918_/D (sky130_fd_sc_hd__dfxtp_1)
             7.8013   data arrival time

  20.0000   20.0000   clock clock (rise edge)
   0.0000   20.0000   clock network delay (ideal)
   0.0000   20.0000   clock reconvergence pessimism
            20.0000 ^ mshrs/respq/ram_ext/_918_/CLK (sky130_fd_sc_hd__dfxtp_1)
  -0.1214   19.8786   library setup time
            19.8786   data required time
-------------------------------------------------------------
            19.8786   data required time
            -7.8013   data arrival time
-------------------------------------------------------------
            12.0773   slack (MET)


Startpoint: mshrs/mshrs_0/rpq/_3866_
            (rising edge-triggered flip-flop clocked by clock)
Endpoint: mshrs/respq/ram_ext/_919_
          (rising edge-triggered flip-flop clocked by clock)
Path Group: clock
Path Type: max

    Delay      Time   Description
-------------------------------------------------------------
   0.0000    0.0000   clock clock (rise edge)
   0.0000    0.0000   clock network delay (ideal)
   0.0000    0.0000 ^ mshrs/mshrs_0/rpq/_3866_/CLK (sky130_fd_sc_hd__dfxtp_1)
   0.4395    0.4395 ^ mshrs/mshrs_0/rpq/_3866_/Q (sky130_fd_sc_hd__dfxtp_1)
   0.2729    0.7124 ^ mshrs/mshrs_0/rpq/_2372_/X (sky130_fd_sc_hd__clkbuf_1)
   0.5935    1.3058 ^ mshrs/mshrs_0/rpq/_2407_/Y (sky130_fd_sc_hd__nor4bb_1)
   0.3288    1.6347 ^ mshrs/mshrs_0/rpq/_2408_/X (sky130_fd_sc_hd__clkbuf_1)
   0.3003    1.9350 ^ mshrs/mshrs_0/rpq/_2409_/X (sky130_fd_sc_hd__lpflow_clkbufkapwr_1)
   0.3058    2.2408 ^ mshrs/mshrs_0/rpq/_2475_/X (sky130_fd_sc_hd__lpflow_clkbufkapwr_1)
   0.1268    2.3676 v mshrs/mshrs_0/rpq/_2489_/Y (sky130_fd_sc_hd__a21boi_0)
   0.1539    2.5215 v mshrs/mshrs_0/rpq/_2492_/X (sky130_fd_sc_hd__and3_1)
   0.1456    2.6671 ^ mshrs/mshrs_0/rpq/_2496_/Y (sky130_fd_sc_hd__nand4_1)
   0.0926    2.7597 v mshrs/mshrs_0/_0590_/Y (sky130_fd_sc_hd__nor4_1)
   0.0868    2.8465 ^ mshrs/mshrs_0/_0603_/Y (sky130_fd_sc_hd__nand3_1)
   0.1407    2.9872 v mshrs/mshrs_0/_0604_/Y (sky130_fd_sc_hd__nand2_1)
   0.2570    3.2442 ^ mshrs/lb_read_arb/_2_/X (sky130_fd_sc_hd__mux2_2)
   0.2830    3.5272 ^ mshrs/lb_ext/_1577_/X (sky130_fd_sc_hd__clkbuf_1)
   0.5167    4.0439 ^ mshrs/lb_ext/_1578_/X (sky130_fd_sc_hd__lpflow_clkbufkapwr_1)
   0.5343    4.5782 ^ mshrs/lb_ext/_1579_/X (sky130_fd_sc_hd__lpflow_clkbufkapwr_1)
   0.3985    4.9767 ^ mshrs/lb_ext/_1723_/X (sky130_fd_sc_hd__lpflow_clkbufkapwr_1)
   0.3547    5.3314 v mshrs/lb_ext/_1779_/X (sky130_fd_sc_hd__mux4_2)
   0.1754    5.5068 v mshrs/_0553_/X (sky130_fd_sc_hd__lpflow_inputiso0n_1)
   0.2831    5.7899 v mshrs/mshrs_1/_0683_/X (sky130_fd_sc_hd__mux2_2)
   0.2118    6.0018 ^ mshrs/mshrs_1/_0686_/Y (sky130_fd_sc_hd__a21oi_1)
   0.1112    6.1130 v mshrs/mshrs_1/_0691_/Y (sky130_fd_sc_hd__a21oi_1)
   0.1906    6.3037 ^ mshrs/mshrs_1/_0710_/Y (sky130_fd_sc_hd__nand3_1)
   0.2027    6.5064 v mshrs/mshrs_1/_0721_/Y (sky130_fd_sc_hd__o31ai_1)
   0.3485    6.8549 ^ mshrs/mshrs_1/_0744_/Y (sky130_fd_sc_hd__a41oi_1)
   0.3112    7.1661 ^ mshrs/mshrs_1/_0769_/X (sky130_fd_sc_hd__clkbuf_1)
   0.0836    7.2497 v mshrs/mshrs_1/_0779_/Y (sky130_fd_sc_hd__nand2_1)
   0.1286    7.3783 ^ mshrs/resp_arb/_0907_/Y (sky130_fd_sc_hd__mux2i_1)
   0.1334    7.5117 v mshrs/resp_arb/_0909_/Y (sky130_fd_sc_hd__o21ai_0)
   0.2861    7.7978 v mshrs/respq/ram_ext/_658_/X (sky130_fd_sc_hd__mux2_2)
   0.0035    7.8013 v mshrs/respq/ram_ext/_919_/D (sky130_fd_sc_hd__dfxtp_1)
             7.8013   data arrival time

  20.0000   20.0000   clock clock (rise edge)
   0.0000   20.0000   clock network delay (ideal)
   0.0000   20.0000   clock reconvergence pessimism
            20.0000 ^ mshrs/respq/ram_ext/_919_/CLK (sky130_fd_sc_hd__dfxtp_1)
  -0.1214   19.8786   library setup time
            19.8786   data required time
-------------------------------------------------------------
            19.8786   data required time
            -7.8013   data arrival time
-------------------------------------------------------------
            12.0773   slack (MET)


Startpoint: mshrs/mshrs_0/rpq/_3866_
            (rising edge-triggered flip-flop clocked by clock)
Endpoint: mshrs/respq/ram_ext/_920_
          (rising edge-triggered flip-flop clocked by clock)
Path Group: clock
Path Type: max

    Delay      Time   Description
-------------------------------------------------------------
   0.0000    0.0000   clock clock (rise edge)
   0.0000    0.0000   clock network delay (ideal)
   0.0000    0.0000 ^ mshrs/mshrs_0/rpq/_3866_/CLK (sky130_fd_sc_hd__dfxtp_1)
   0.4395    0.4395 ^ mshrs/mshrs_0/rpq/_3866_/Q (sky130_fd_sc_hd__dfxtp_1)
   0.2729    0.7124 ^ mshrs/mshrs_0/rpq/_2372_/X (sky130_fd_sc_hd__clkbuf_1)
   0.5935    1.3058 ^ mshrs/mshrs_0/rpq/_2407_/Y (sky130_fd_sc_hd__nor4bb_1)
   0.3288    1.6347 ^ mshrs/mshrs_0/rpq/_2408_/X (sky130_fd_sc_hd__clkbuf_1)
   0.3003    1.9350 ^ mshrs/mshrs_0/rpq/_2409_/X (sky130_fd_sc_hd__lpflow_clkbufkapwr_1)
   0.3058    2.2408 ^ mshrs/mshrs_0/rpq/_2475_/X (sky130_fd_sc_hd__lpflow_clkbufkapwr_1)
   0.1268    2.3676 v mshrs/mshrs_0/rpq/_2489_/Y (sky130_fd_sc_hd__a21boi_0)
   0.1539    2.5215 v mshrs/mshrs_0/rpq/_2492_/X (sky130_fd_sc_hd__and3_1)
   0.1456    2.6671 ^ mshrs/mshrs_0/rpq/_2496_/Y (sky130_fd_sc_hd__nand4_1)
   0.0926    2.7597 v mshrs/mshrs_0/_0590_/Y (sky130_fd_sc_hd__nor4_1)
   0.0868    2.8465 ^ mshrs/mshrs_0/_0603_/Y (sky130_fd_sc_hd__nand3_1)
   0.1407    2.9872 v mshrs/mshrs_0/_0604_/Y (sky130_fd_sc_hd__nand2_1)
   0.2570    3.2442 ^ mshrs/lb_read_arb/_2_/X (sky130_fd_sc_hd__mux2_2)
   0.2830    3.5272 ^ mshrs/lb_ext/_1577_/X (sky130_fd_sc_hd__clkbuf_1)
   0.5167    4.0439 ^ mshrs/lb_ext/_1578_/X (sky130_fd_sc_hd__lpflow_clkbufkapwr_1)
   0.5343    4.5782 ^ mshrs/lb_ext/_1579_/X (sky130_fd_sc_hd__lpflow_clkbufkapwr_1)
   0.3985    4.9767 ^ mshrs/lb_ext/_1723_/X (sky130_fd_sc_hd__lpflow_clkbufkapwr_1)
   0.3547    5.3314 v mshrs/lb_ext/_1779_/X (sky130_fd_sc_hd__mux4_2)
   0.1754    5.5068 v mshrs/_0553_/X (sky130_fd_sc_hd__lpflow_inputiso0n_1)
   0.2831    5.7899 v mshrs/mshrs_1/_0683_/X (sky130_fd_sc_hd__mux2_2)
   0.2118    6.0018 ^ mshrs/mshrs_1/_0686_/Y (sky130_fd_sc_hd__a21oi_1)
   0.1112    6.1130 v mshrs/mshrs_1/_0691_/Y (sky130_fd_sc_hd__a21oi_1)
   0.1906    6.3037 ^ mshrs/mshrs_1/_0710_/Y (sky130_fd_sc_hd__nand3_1)
   0.2027    6.5064 v mshrs/mshrs_1/_0721_/Y (sky130_fd_sc_hd__o31ai_1)
   0.3485    6.8549 ^ mshrs/mshrs_1/_0744_/Y (sky130_fd_sc_hd__a41oi_1)
   0.3112    7.1661 ^ mshrs/mshrs_1/_0769_/X (sky130_fd_sc_hd__clkbuf_1)
   0.0836    7.2497 v mshrs/mshrs_1/_0781_/Y (sky130_fd_sc_hd__nand2_1)
   0.1286    7.3783 ^ mshrs/resp_arb/_0910_/Y (sky130_fd_sc_hd__mux2i_1)
   0.1334    7.5117 v mshrs/resp_arb/_0912_/Y (sky130_fd_sc_hd__o21ai_0)
   0.2861    7.7978 v mshrs/respq/ram_ext/_659_/X (sky130_fd_sc_hd__mux2_2)
   0.0035    7.8013 v mshrs/respq/ram_ext/_920_/D (sky130_fd_sc_hd__dfxtp_1)
             7.8013   data arrival time

  20.0000   20.0000   clock clock (rise edge)
   0.0000   20.0000   clock network delay (ideal)
   0.0000   20.0000   clock reconvergence pessimism
            20.0000 ^ mshrs/respq/ram_ext/_920_/CLK (sky130_fd_sc_hd__dfxtp_1)
  -0.1214   19.8786   library setup time
            19.8786   data required time
-------------------------------------------------------------
            19.8786   data required time
            -7.8013   data arrival time
-------------------------------------------------------------
            12.0773   slack (MET)


Startpoint: mshrs/mshrs_0/rpq/_3866_
            (rising edge-triggered flip-flop clocked by clock)
Endpoint: mshrs/respq/ram_ext/_921_
          (rising edge-triggered flip-flop clocked by clock)
Path Group: clock
Path Type: max

    Delay      Time   Description
-------------------------------------------------------------
   0.0000    0.0000   clock clock (rise edge)
   0.0000    0.0000   clock network delay (ideal)
   0.0000    0.0000 ^ mshrs/mshrs_0/rpq/_3866_/CLK (sky130_fd_sc_hd__dfxtp_1)
   0.4395    0.4395 ^ mshrs/mshrs_0/rpq/_3866_/Q (sky130_fd_sc_hd__dfxtp_1)
   0.2729    0.7124 ^ mshrs/mshrs_0/rpq/_2372_/X (sky130_fd_sc_hd__clkbuf_1)
   0.5935    1.3058 ^ mshrs/mshrs_0/rpq/_2407_/Y (sky130_fd_sc_hd__nor4bb_1)
   0.3288    1.6347 ^ mshrs/mshrs_0/rpq/_2408_/X (sky130_fd_sc_hd__clkbuf_1)
   0.3003    1.9350 ^ mshrs/mshrs_0/rpq/_2409_/X (sky130_fd_sc_hd__lpflow_clkbufkapwr_1)
   0.3058    2.2408 ^ mshrs/mshrs_0/rpq/_2475_/X (sky130_fd_sc_hd__lpflow_clkbufkapwr_1)
   0.1268    2.3676 v mshrs/mshrs_0/rpq/_2489_/Y (sky130_fd_sc_hd__a21boi_0)
   0.1539    2.5215 v mshrs/mshrs_0/rpq/_2492_/X (sky130_fd_sc_hd__and3_1)
   0.1456    2.6671 ^ mshrs/mshrs_0/rpq/_2496_/Y (sky130_fd_sc_hd__nand4_1)
   0.0926    2.7597 v mshrs/mshrs_0/_0590_/Y (sky130_fd_sc_hd__nor4_1)
   0.0868    2.8465 ^ mshrs/mshrs_0/_0603_/Y (sky130_fd_sc_hd__nand3_1)
   0.1407    2.9872 v mshrs/mshrs_0/_0604_/Y (sky130_fd_sc_hd__nand2_1)
   0.2570    3.2442 ^ mshrs/lb_read_arb/_2_/X (sky130_fd_sc_hd__mux2_2)
   0.2830    3.5272 ^ mshrs/lb_ext/_1577_/X (sky130_fd_sc_hd__clkbuf_1)
   0.5167    4.0439 ^ mshrs/lb_ext/_1578_/X (sky130_fd_sc_hd__lpflow_clkbufkapwr_1)
   0.5343    4.5782 ^ mshrs/lb_ext/_1579_/X (sky130_fd_sc_hd__lpflow_clkbufkapwr_1)
   0.3985    4.9767 ^ mshrs/lb_ext/_1723_/X (sky130_fd_sc_hd__lpflow_clkbufkapwr_1)
   0.3547    5.3314 v mshrs/lb_ext/_1779_/X (sky130_fd_sc_hd__mux4_2)
   0.1754    5.5068 v mshrs/_0553_/X (sky130_fd_sc_hd__lpflow_inputiso0n_1)
   0.2831    5.7899 v mshrs/mshrs_1/_0683_/X (sky130_fd_sc_hd__mux2_2)
   0.2118    6.0018 ^ mshrs/mshrs_1/_0686_/Y (sky130_fd_sc_hd__a21oi_1)
   0.1112    6.1130 v mshrs/mshrs_1/_0691_/Y (sky130_fd_sc_hd__a21oi_1)
   0.1906    6.3037 ^ mshrs/mshrs_1/_0710_/Y (sky130_fd_sc_hd__nand3_1)
   0.2027    6.5064 v mshrs/mshrs_1/_0721_/Y (sky130_fd_sc_hd__o31ai_1)
   0.3485    6.8549 ^ mshrs/mshrs_1/_0744_/Y (sky130_fd_sc_hd__a41oi_1)
   0.3112    7.1661 ^ mshrs/mshrs_1/_0769_/X (sky130_fd_sc_hd__clkbuf_1)
   0.0836    7.2497 v mshrs/mshrs_1/_0783_/Y (sky130_fd_sc_hd__nand2_1)
   0.1286    7.3783 ^ mshrs/resp_arb/_0914_/Y (sky130_fd_sc_hd__mux2i_1)
   0.1334    7.5117 v mshrs/resp_arb/_0917_/Y (sky130_fd_sc_hd__o21ai_0)
   0.2861    7.7978 v mshrs/respq/ram_ext/_660_/X (sky130_fd_sc_hd__mux2_2)
   0.0035    7.8013 v mshrs/respq/ram_ext/_921_/D (sky130_fd_sc_hd__dfxtp_1)
             7.8013   data arrival time

  20.0000   20.0000   clock clock (rise edge)
   0.0000   20.0000   clock network delay (ideal)
   0.0000   20.0000   clock reconvergence pessimism
            20.0000 ^ mshrs/respq/ram_ext/_921_/CLK (sky130_fd_sc_hd__dfxtp_1)
  -0.1214   19.8786   library setup time
            19.8786   data required time
-------------------------------------------------------------
            19.8786   data required time
            -7.8013   data arrival time
-------------------------------------------------------------
            12.0773   slack (MET)


Startpoint: mshrs/mshrs_0/rpq/_3866_
            (rising edge-triggered flip-flop clocked by clock)
Endpoint: mshrs/respq/ram_ext/_922_
          (rising edge-triggered flip-flop clocked by clock)
Path Group: clock
Path Type: max

    Delay      Time   Description
-------------------------------------------------------------
   0.0000    0.0000   clock clock (rise edge)
   0.0000    0.0000   clock network delay (ideal)
   0.0000    0.0000 ^ mshrs/mshrs_0/rpq/_3866_/CLK (sky130_fd_sc_hd__dfxtp_1)
   0.4395    0.4395 ^ mshrs/mshrs_0/rpq/_3866_/Q (sky130_fd_sc_hd__dfxtp_1)
   0.2729    0.7124 ^ mshrs/mshrs_0/rpq/_2372_/X (sky130_fd_sc_hd__clkbuf_1)
   0.5935    1.3058 ^ mshrs/mshrs_0/rpq/_2407_/Y (sky130_fd_sc_hd__nor4bb_1)
   0.3288    1.6347 ^ mshrs/mshrs_0/rpq/_2408_/X (sky130_fd_sc_hd__clkbuf_1)
   0.3003    1.9350 ^ mshrs/mshrs_0/rpq/_2409_/X (sky130_fd_sc_hd__lpflow_clkbufkapwr_1)
   0.3058    2.2408 ^ mshrs/mshrs_0/rpq/_2475_/X (sky130_fd_sc_hd__lpflow_clkbufkapwr_1)
   0.1268    2.3676 v mshrs/mshrs_0/rpq/_2489_/Y (sky130_fd_sc_hd__a21boi_0)
   0.1539    2.5215 v mshrs/mshrs_0/rpq/_2492_/X (sky130_fd_sc_hd__and3_1)
   0.1456    2.6671 ^ mshrs/mshrs_0/rpq/_2496_/Y (sky130_fd_sc_hd__nand4_1)
   0.0926    2.7597 v mshrs/mshrs_0/_0590_/Y (sky130_fd_sc_hd__nor4_1)
   0.0868    2.8465 ^ mshrs/mshrs_0/_0603_/Y (sky130_fd_sc_hd__nand3_1)
   0.1407    2.9872 v mshrs/mshrs_0/_0604_/Y (sky130_fd_sc_hd__nand2_1)
   0.2570    3.2442 ^ mshrs/lb_read_arb/_2_/X (sky130_fd_sc_hd__mux2_2)
   0.2830    3.5272 ^ mshrs/lb_ext/_1577_/X (sky130_fd_sc_hd__clkbuf_1)
   0.5167    4.0439 ^ mshrs/lb_ext/_1578_/X (sky130_fd_sc_hd__lpflow_clkbufkapwr_1)
   0.5343    4.5782 ^ mshrs/lb_ext/_1579_/X (sky130_fd_sc_hd__lpflow_clkbufkapwr_1)
   0.3985    4.9767 ^ mshrs/lb_ext/_1723_/X (sky130_fd_sc_hd__lpflow_clkbufkapwr_1)
   0.3547    5.3314 v mshrs/lb_ext/_1779_/X (sky130_fd_sc_hd__mux4_2)
   0.1754    5.5068 v mshrs/_0553_/X (sky130_fd_sc_hd__lpflow_inputiso0n_1)
   0.2831    5.7899 v mshrs/mshrs_1/_0683_/X (sky130_fd_sc_hd__mux2_2)
   0.2118    6.0018 ^ mshrs/mshrs_1/_0686_/Y (sky130_fd_sc_hd__a21oi_1)
   0.1112    6.1130 v mshrs/mshrs_1/_0691_/Y (sky130_fd_sc_hd__a21oi_1)
   0.1906    6.3037 ^ mshrs/mshrs_1/_0710_/Y (sky130_fd_sc_hd__nand3_1)
   0.2027    6.5064 v mshrs/mshrs_1/_0721_/Y (sky130_fd_sc_hd__o31ai_1)
   0.3485    6.8549 ^ mshrs/mshrs_1/_0744_/Y (sky130_fd_sc_hd__a41oi_1)
   0.3112    7.1661 ^ mshrs/mshrs_1/_0769_/X (sky130_fd_sc_hd__clkbuf_1)
   0.0836    7.2497 v mshrs/mshrs_1/_0785_/Y (sky130_fd_sc_hd__nand2_1)
   0.1286    7.3783 ^ mshrs/resp_arb/_0918_/Y (sky130_fd_sc_hd__mux2i_1)
   0.1334    7.5117 v mshrs/resp_arb/_0920_/Y (sky130_fd_sc_hd__o21ai_0)
   0.2861    7.7978 v mshrs/respq/ram_ext/_662_/X (sky130_fd_sc_hd__mux2_2)
   0.0035    7.8013 v mshrs/respq/ram_ext/_922_/D (sky130_fd_sc_hd__dfxtp_1)
             7.8013   data arrival time

  20.0000   20.0000   clock clock (rise edge)
   0.0000   20.0000   clock network delay (ideal)
   0.0000   20.0000   clock reconvergence pessimism
            20.0000 ^ mshrs/respq/ram_ext/_922_/CLK (sky130_fd_sc_hd__dfxtp_1)
  -0.1214   19.8786   library setup time
            19.8786   data required time
-------------------------------------------------------------
            19.8786   data required time
            -7.8013   data arrival time
-------------------------------------------------------------
            12.0773   slack (MET)


Startpoint: mshrs/mshrs_0/rpq/_3866_
            (rising edge-triggered flip-flop clocked by clock)
Endpoint: mshrs/respq/ram_ext/_923_
          (rising edge-triggered flip-flop clocked by clock)
Path Group: clock
Path Type: max

    Delay      Time   Description
-------------------------------------------------------------
   0.0000    0.0000   clock clock (rise edge)
   0.0000    0.0000   clock network delay (ideal)
   0.0000    0.0000 ^ mshrs/mshrs_0/rpq/_3866_/CLK (sky130_fd_sc_hd__dfxtp_1)
   0.4395    0.4395 ^ mshrs/mshrs_0/rpq/_3866_/Q (sky130_fd_sc_hd__dfxtp_1)
   0.2729    0.7124 ^ mshrs/mshrs_0/rpq/_2372_/X (sky130_fd_sc_hd__clkbuf_1)
   0.5935    1.3058 ^ mshrs/mshrs_0/rpq/_2407_/Y (sky130_fd_sc_hd__nor4bb_1)
   0.3288    1.6347 ^ mshrs/mshrs_0/rpq/_2408_/X (sky130_fd_sc_hd__clkbuf_1)
   0.3003    1.9350 ^ mshrs/mshrs_0/rpq/_2409_/X (sky130_fd_sc_hd__lpflow_clkbufkapwr_1)
   0.3058    2.2408 ^ mshrs/mshrs_0/rpq/_2475_/X (sky130_fd_sc_hd__lpflow_clkbufkapwr_1)
   0.1268    2.3676 v mshrs/mshrs_0/rpq/_2489_/Y (sky130_fd_sc_hd__a21boi_0)
   0.1539    2.5215 v mshrs/mshrs_0/rpq/_2492_/X (sky130_fd_sc_hd__and3_1)
   0.1456    2.6671 ^ mshrs/mshrs_0/rpq/_2496_/Y (sky130_fd_sc_hd__nand4_1)
   0.0926    2.7597 v mshrs/mshrs_0/_0590_/Y (sky130_fd_sc_hd__nor4_1)
   0.0868    2.8465 ^ mshrs/mshrs_0/_0603_/Y (sky130_fd_sc_hd__nand3_1)
   0.1407    2.9872 v mshrs/mshrs_0/_0604_/Y (sky130_fd_sc_hd__nand2_1)
   0.2570    3.2442 ^ mshrs/lb_read_arb/_2_/X (sky130_fd_sc_hd__mux2_2)
   0.2830    3.5272 ^ mshrs/lb_ext/_1577_/X (sky130_fd_sc_hd__clkbuf_1)
   0.5167    4.0439 ^ mshrs/lb_ext/_1578_/X (sky130_fd_sc_hd__lpflow_clkbufkapwr_1)
   0.5343    4.5782 ^ mshrs/lb_ext/_1579_/X (sky130_fd_sc_hd__lpflow_clkbufkapwr_1)
   0.3985    4.9767 ^ mshrs/lb_ext/_1723_/X (sky130_fd_sc_hd__lpflow_clkbufkapwr_1)
   0.3547    5.3314 v mshrs/lb_ext/_1779_/X (sky130_fd_sc_hd__mux4_2)
   0.1754    5.5068 v mshrs/_0553_/X (sky130_fd_sc_hd__lpflow_inputiso0n_1)
   0.2831    5.7899 v mshrs/mshrs_1/_0683_/X (sky130_fd_sc_hd__mux2_2)
   0.2118    6.0018 ^ mshrs/mshrs_1/_0686_/Y (sky130_fd_sc_hd__a21oi_1)
   0.1112    6.1130 v mshrs/mshrs_1/_0691_/Y (sky130_fd_sc_hd__a21oi_1)
   0.1906    6.3037 ^ mshrs/mshrs_1/_0710_/Y (sky130_fd_sc_hd__nand3_1)
   0.2027    6.5064 v mshrs/mshrs_1/_0721_/Y (sky130_fd_sc_hd__o31ai_1)
   0.3485    6.8549 ^ mshrs/mshrs_1/_0744_/Y (sky130_fd_sc_hd__a41oi_1)
   0.3112    7.1661 ^ mshrs/mshrs_1/_0769_/X (sky130_fd_sc_hd__clkbuf_1)
   0.0836    7.2497 v mshrs/mshrs_1/_0787_/Y (sky130_fd_sc_hd__nand2_1)
   0.1286    7.3783 ^ mshrs/resp_arb/_0921_/Y (sky130_fd_sc_hd__mux2i_1)
   0.1334    7.5117 v mshrs/resp_arb/_0923_/Y (sky130_fd_sc_hd__o21ai_0)
   0.2861    7.7978 v mshrs/respq/ram_ext/_663_/X (sky130_fd_sc_hd__mux2_2)
   0.0035    7.8013 v mshrs/respq/ram_ext/_923_/D (sky130_fd_sc_hd__dfxtp_1)
             7.8013   data arrival time

  20.0000   20.0000   clock clock (rise edge)
   0.0000   20.0000   clock network delay (ideal)
   0.0000   20.0000   clock reconvergence pessimism
            20.0000 ^ mshrs/respq/ram_ext/_923_/CLK (sky130_fd_sc_hd__dfxtp_1)
  -0.1214   19.8786   library setup time
            19.8786   data required time
-------------------------------------------------------------
            19.8786   data required time
            -7.8013   data arrival time
-------------------------------------------------------------
            12.0773   slack (MET)


Startpoint: mshrs/mshrs_0/rpq/_3866_
            (rising edge-triggered flip-flop clocked by clock)
Endpoint: mshrs/respq/ram_ext/_924_
          (rising edge-triggered flip-flop clocked by clock)
Path Group: clock
Path Type: max

    Delay      Time   Description
-------------------------------------------------------------
   0.0000    0.0000   clock clock (rise edge)
   0.0000    0.0000   clock network delay (ideal)
   0.0000    0.0000 ^ mshrs/mshrs_0/rpq/_3866_/CLK (sky130_fd_sc_hd__dfxtp_1)
   0.4395    0.4395 ^ mshrs/mshrs_0/rpq/_3866_/Q (sky130_fd_sc_hd__dfxtp_1)
   0.2729    0.7124 ^ mshrs/mshrs_0/rpq/_2372_/X (sky130_fd_sc_hd__clkbuf_1)
   0.5935    1.3058 ^ mshrs/mshrs_0/rpq/_2407_/Y (sky130_fd_sc_hd__nor4bb_1)
   0.3288    1.6347 ^ mshrs/mshrs_0/rpq/_2408_/X (sky130_fd_sc_hd__clkbuf_1)
   0.3003    1.9350 ^ mshrs/mshrs_0/rpq/_2409_/X (sky130_fd_sc_hd__lpflow_clkbufkapwr_1)
   0.3058    2.2408 ^ mshrs/mshrs_0/rpq/_2475_/X (sky130_fd_sc_hd__lpflow_clkbufkapwr_1)
   0.1268    2.3676 v mshrs/mshrs_0/rpq/_2489_/Y (sky130_fd_sc_hd__a21boi_0)
   0.1539    2.5215 v mshrs/mshrs_0/rpq/_2492_/X (sky130_fd_sc_hd__and3_1)
   0.1456    2.6671 ^ mshrs/mshrs_0/rpq/_2496_/Y (sky130_fd_sc_hd__nand4_1)
   0.0926    2.7597 v mshrs/mshrs_0/_0590_/Y (sky130_fd_sc_hd__nor4_1)
   0.0868    2.8465 ^ mshrs/mshrs_0/_0603_/Y (sky130_fd_sc_hd__nand3_1)
   0.1407    2.9872 v mshrs/mshrs_0/_0604_/Y (sky130_fd_sc_hd__nand2_1)
   0.2570    3.2442 ^ mshrs/lb_read_arb/_2_/X (sky130_fd_sc_hd__mux2_2)
   0.2830    3.5272 ^ mshrs/lb_ext/_1577_/X (sky130_fd_sc_hd__clkbuf_1)
   0.5167    4.0439 ^ mshrs/lb_ext/_1578_/X (sky130_fd_sc_hd__lpflow_clkbufkapwr_1)
   0.5343    4.5782 ^ mshrs/lb_ext/_1579_/X (sky130_fd_sc_hd__lpflow_clkbufkapwr_1)
   0.3985    4.9767 ^ mshrs/lb_ext/_1723_/X (sky130_fd_sc_hd__lpflow_clkbufkapwr_1)
   0.3547    5.3314 v mshrs/lb_ext/_1779_/X (sky130_fd_sc_hd__mux4_2)
   0.1754    5.5068 v mshrs/_0553_/X (sky130_fd_sc_hd__lpflow_inputiso0n_1)
   0.2831    5.7899 v mshrs/mshrs_1/_0683_/X (sky130_fd_sc_hd__mux2_2)
   0.2118    6.0018 ^ mshrs/mshrs_1/_0686_/Y (sky130_fd_sc_hd__a21oi_1)
   0.1112    6.1130 v mshrs/mshrs_1/_0691_/Y (sky130_fd_sc_hd__a21oi_1)
   0.1906    6.3037 ^ mshrs/mshrs_1/_0710_/Y (sky130_fd_sc_hd__nand3_1)
   0.2027    6.5064 v mshrs/mshrs_1/_0721_/Y (sky130_fd_sc_hd__o31ai_1)
   0.3485    6.8549 ^ mshrs/mshrs_1/_0744_/Y (sky130_fd_sc_hd__a41oi_1)
   0.3112    7.1661 ^ mshrs/mshrs_1/_0769_/X (sky130_fd_sc_hd__clkbuf_1)
   0.0836    7.2497 v mshrs/mshrs_1/_0791_/Y (sky130_fd_sc_hd__nand2_1)
   0.1286    7.3783 ^ mshrs/resp_arb/_0924_/Y (sky130_fd_sc_hd__mux2i_1)
   0.1334    7.5117 v mshrs/resp_arb/_0926_/Y (sky130_fd_sc_hd__o21ai_0)
   0.2861    7.7978 v mshrs/respq/ram_ext/_664_/X (sky130_fd_sc_hd__mux2_2)
   0.0035    7.8013 v mshrs/respq/ram_ext/_924_/D (sky130_fd_sc_hd__dfxtp_1)
             7.8013   data arrival time

  20.0000   20.0000   clock clock (rise edge)
   0.0000   20.0000   clock network delay (ideal)
   0.0000   20.0000   clock reconvergence pessimism
            20.0000 ^ mshrs/respq/ram_ext/_924_/CLK (sky130_fd_sc_hd__dfxtp_1)
  -0.1214   19.8786   library setup time
            19.8786   data required time
-------------------------------------------------------------
            19.8786   data required time
            -7.8013   data arrival time
-------------------------------------------------------------
            12.0773   slack (MET)


Startpoint: mshrs/mshrs_0/rpq/_3866_
            (rising edge-triggered flip-flop clocked by clock)
Endpoint: mshrs/respq/ram_ext/_925_
          (rising edge-triggered flip-flop clocked by clock)
Path Group: clock
Path Type: max

    Delay      Time   Description
-------------------------------------------------------------
   0.0000    0.0000   clock clock (rise edge)
   0.0000    0.0000   clock network delay (ideal)
   0.0000    0.0000 ^ mshrs/mshrs_0/rpq/_3866_/CLK (sky130_fd_sc_hd__dfxtp_1)
   0.4395    0.4395 ^ mshrs/mshrs_0/rpq/_3866_/Q (sky130_fd_sc_hd__dfxtp_1)
   0.2729    0.7124 ^ mshrs/mshrs_0/rpq/_2372_/X (sky130_fd_sc_hd__clkbuf_1)
   0.5935    1.3058 ^ mshrs/mshrs_0/rpq/_2407_/Y (sky130_fd_sc_hd__nor4bb_1)
   0.3288    1.6347 ^ mshrs/mshrs_0/rpq/_2408_/X (sky130_fd_sc_hd__clkbuf_1)
   0.3003    1.9350 ^ mshrs/mshrs_0/rpq/_2409_/X (sky130_fd_sc_hd__lpflow_clkbufkapwr_1)
   0.3058    2.2408 ^ mshrs/mshrs_0/rpq/_2475_/X (sky130_fd_sc_hd__lpflow_clkbufkapwr_1)
   0.1268    2.3676 v mshrs/mshrs_0/rpq/_2489_/Y (sky130_fd_sc_hd__a21boi_0)
   0.1539    2.5215 v mshrs/mshrs_0/rpq/_2492_/X (sky130_fd_sc_hd__and3_1)
   0.1456    2.6671 ^ mshrs/mshrs_0/rpq/_2496_/Y (sky130_fd_sc_hd__nand4_1)
   0.0926    2.7597 v mshrs/mshrs_0/_0590_/Y (sky130_fd_sc_hd__nor4_1)
   0.0868    2.8465 ^ mshrs/mshrs_0/_0603_/Y (sky130_fd_sc_hd__nand3_1)
   0.1407    2.9872 v mshrs/mshrs_0/_0604_/Y (sky130_fd_sc_hd__nand2_1)
   0.2570    3.2442 ^ mshrs/lb_read_arb/_2_/X (sky130_fd_sc_hd__mux2_2)
   0.2830    3.5272 ^ mshrs/lb_ext/_1577_/X (sky130_fd_sc_hd__clkbuf_1)
   0.5167    4.0439 ^ mshrs/lb_ext/_1578_/X (sky130_fd_sc_hd__lpflow_clkbufkapwr_1)
   0.5343    4.5782 ^ mshrs/lb_ext/_1579_/X (sky130_fd_sc_hd__lpflow_clkbufkapwr_1)
   0.3985    4.9767 ^ mshrs/lb_ext/_1723_/X (sky130_fd_sc_hd__lpflow_clkbufkapwr_1)
   0.3547    5.3314 v mshrs/lb_ext/_1779_/X (sky130_fd_sc_hd__mux4_2)
   0.1754    5.5068 v mshrs/_0553_/X (sky130_fd_sc_hd__lpflow_inputiso0n_1)
   0.2831    5.7899 v mshrs/mshrs_1/_0683_/X (sky130_fd_sc_hd__mux2_2)
   0.2118    6.0018 ^ mshrs/mshrs_1/_0686_/Y (sky130_fd_sc_hd__a21oi_1)
   0.1112    6.1130 v mshrs/mshrs_1/_0691_/Y (sky130_fd_sc_hd__a21oi_1)
   0.1906    6.3037 ^ mshrs/mshrs_1/_0710_/Y (sky130_fd_sc_hd__nand3_1)
   0.2027    6.5064 v mshrs/mshrs_1/_0721_/Y (sky130_fd_sc_hd__o31ai_1)
   0.3485    6.8549 ^ mshrs/mshrs_1/_0744_/Y (sky130_fd_sc_hd__a41oi_1)
   0.3112    7.1661 ^ mshrs/mshrs_1/_0792_/X (sky130_fd_sc_hd__clkbuf_1)
   0.0836    7.2497 v mshrs/mshrs_1/_0794_/Y (sky130_fd_sc_hd__nand2_1)
   0.1286    7.3783 ^ mshrs/resp_arb/_0928_/Y (sky130_fd_sc_hd__mux2i_1)
   0.1334    7.5117 v mshrs/resp_arb/_0930_/Y (sky130_fd_sc_hd__o21ai_0)
   0.2861    7.7978 v mshrs/respq/ram_ext/_665_/X (sky130_fd_sc_hd__mux2_2)
   0.0035    7.8013 v mshrs/respq/ram_ext/_925_/D (sky130_fd_sc_hd__dfxtp_1)
             7.8013   data arrival time

  20.0000   20.0000   clock clock (rise edge)
   0.0000   20.0000   clock network delay (ideal)
   0.0000   20.0000   clock reconvergence pessimism
            20.0000 ^ mshrs/respq/ram_ext/_925_/CLK (sky130_fd_sc_hd__dfxtp_1)
  -0.1214   19.8786   library setup time
            19.8786   data required time
-------------------------------------------------------------
            19.8786   data required time
            -7.8013   data arrival time
-------------------------------------------------------------
            12.0773   slack (MET)


Startpoint: mshrs/mshrs_0/rpq/_3866_
            (rising edge-triggered flip-flop clocked by clock)
Endpoint: mshrs/respq/ram_ext/_926_
          (rising edge-triggered flip-flop clocked by clock)
Path Group: clock
Path Type: max

    Delay      Time   Description
-------------------------------------------------------------
   0.0000    0.0000   clock clock (rise edge)
   0.0000    0.0000   clock network delay (ideal)
   0.0000    0.0000 ^ mshrs/mshrs_0/rpq/_3866_/CLK (sky130_fd_sc_hd__dfxtp_1)
   0.4395    0.4395 ^ mshrs/mshrs_0/rpq/_3866_/Q (sky130_fd_sc_hd__dfxtp_1)
   0.2729    0.7124 ^ mshrs/mshrs_0/rpq/_2372_/X (sky130_fd_sc_hd__clkbuf_1)
   0.5935    1.3058 ^ mshrs/mshrs_0/rpq/_2407_/Y (sky130_fd_sc_hd__nor4bb_1)
   0.3288    1.6347 ^ mshrs/mshrs_0/rpq/_2408_/X (sky130_fd_sc_hd__clkbuf_1)
   0.3003    1.9350 ^ mshrs/mshrs_0/rpq/_2409_/X (sky130_fd_sc_hd__lpflow_clkbufkapwr_1)
   0.3058    2.2408 ^ mshrs/mshrs_0/rpq/_2475_/X (sky130_fd_sc_hd__lpflow_clkbufkapwr_1)
   0.1268    2.3676 v mshrs/mshrs_0/rpq/_2489_/Y (sky130_fd_sc_hd__a21boi_0)
   0.1539    2.5215 v mshrs/mshrs_0/rpq/_2492_/X (sky130_fd_sc_hd__and3_1)
   0.1456    2.6671 ^ mshrs/mshrs_0/rpq/_2496_/Y (sky130_fd_sc_hd__nand4_1)
   0.0926    2.7597 v mshrs/mshrs_0/_0590_/Y (sky130_fd_sc_hd__nor4_1)
   0.0868    2.8465 ^ mshrs/mshrs_0/_0603_/Y (sky130_fd_sc_hd__nand3_1)
   0.1407    2.9872 v mshrs/mshrs_0/_0604_/Y (sky130_fd_sc_hd__nand2_1)
   0.2570    3.2442 ^ mshrs/lb_read_arb/_2_/X (sky130_fd_sc_hd__mux2_2)
   0.2830    3.5272 ^ mshrs/lb_ext/_1577_/X (sky130_fd_sc_hd__clkbuf_1)
   0.5167    4.0439 ^ mshrs/lb_ext/_1578_/X (sky130_fd_sc_hd__lpflow_clkbufkapwr_1)
   0.5343    4.5782 ^ mshrs/lb_ext/_1579_/X (sky130_fd_sc_hd__lpflow_clkbufkapwr_1)
   0.3985    4.9767 ^ mshrs/lb_ext/_1723_/X (sky130_fd_sc_hd__lpflow_clkbufkapwr_1)
   0.3547    5.3314 v mshrs/lb_ext/_1779_/X (sky130_fd_sc_hd__mux4_2)
   0.1754    5.5068 v mshrs/_0553_/X (sky130_fd_sc_hd__lpflow_inputiso0n_1)
   0.2831    5.7899 v mshrs/mshrs_1/_0683_/X (sky130_fd_sc_hd__mux2_2)
   0.2118    6.0018 ^ mshrs/mshrs_1/_0686_/Y (sky130_fd_sc_hd__a21oi_1)
   0.1112    6.1130 v mshrs/mshrs_1/_0691_/Y (sky130_fd_sc_hd__a21oi_1)
   0.1906    6.3037 ^ mshrs/mshrs_1/_0710_/Y (sky130_fd_sc_hd__nand3_1)
   0.2027    6.5064 v mshrs/mshrs_1/_0721_/Y (sky130_fd_sc_hd__o31ai_1)
   0.3485    6.8549 ^ mshrs/mshrs_1/_0744_/Y (sky130_fd_sc_hd__a41oi_1)
   0.3112    7.1661 ^ mshrs/mshrs_1/_0792_/X (sky130_fd_sc_hd__clkbuf_1)
   0.0836    7.2497 v mshrs/mshrs_1/_0796_/Y (sky130_fd_sc_hd__nand2_1)
   0.1286    7.3783 ^ mshrs/resp_arb/_0931_/Y (sky130_fd_sc_hd__mux2i_1)
   0.1334    7.5117 v mshrs/resp_arb/_0933_/Y (sky130_fd_sc_hd__o21ai_0)
   0.2861    7.7978 v mshrs/respq/ram_ext/_666_/X (sky130_fd_sc_hd__mux2_2)
   0.0035    7.8013 v mshrs/respq/ram_ext/_926_/D (sky130_fd_sc_hd__dfxtp_1)
             7.8013   data arrival time

  20.0000   20.0000   clock clock (rise edge)
   0.0000   20.0000   clock network delay (ideal)
   0.0000   20.0000   clock reconvergence pessimism
            20.0000 ^ mshrs/respq/ram_ext/_926_/CLK (sky130_fd_sc_hd__dfxtp_1)
  -0.1214   19.8786   library setup time
            19.8786   data required time
-------------------------------------------------------------
            19.8786   data required time
            -7.8013   data arrival time
-------------------------------------------------------------
            12.0773   slack (MET)


Startpoint: mshrs/mshrs_0/rpq/_3866_
            (rising edge-triggered flip-flop clocked by clock)
Endpoint: mshrs/respq/ram_ext/_927_
          (rising edge-triggered flip-flop clocked by clock)
Path Group: clock
Path Type: max

    Delay      Time   Description
-------------------------------------------------------------
   0.0000    0.0000   clock clock (rise edge)
   0.0000    0.0000   clock network delay (ideal)
   0.0000    0.0000 ^ mshrs/mshrs_0/rpq/_3866_/CLK (sky130_fd_sc_hd__dfxtp_1)
   0.4395    0.4395 ^ mshrs/mshrs_0/rpq/_3866_/Q (sky130_fd_sc_hd__dfxtp_1)
   0.2729    0.7124 ^ mshrs/mshrs_0/rpq/_2372_/X (sky130_fd_sc_hd__clkbuf_1)
   0.5935    1.3058 ^ mshrs/mshrs_0/rpq/_2407_/Y (sky130_fd_sc_hd__nor4bb_1)
   0.3288    1.6347 ^ mshrs/mshrs_0/rpq/_2408_/X (sky130_fd_sc_hd__clkbuf_1)
   0.3003    1.9350 ^ mshrs/mshrs_0/rpq/_2409_/X (sky130_fd_sc_hd__lpflow_clkbufkapwr_1)
   0.3058    2.2408 ^ mshrs/mshrs_0/rpq/_2475_/X (sky130_fd_sc_hd__lpflow_clkbufkapwr_1)
   0.1268    2.3676 v mshrs/mshrs_0/rpq/_2489_/Y (sky130_fd_sc_hd__a21boi_0)
   0.1539    2.5215 v mshrs/mshrs_0/rpq/_2492_/X (sky130_fd_sc_hd__and3_1)
   0.1456    2.6671 ^ mshrs/mshrs_0/rpq/_2496_/Y (sky130_fd_sc_hd__nand4_1)
   0.0926    2.7597 v mshrs/mshrs_0/_0590_/Y (sky130_fd_sc_hd__nor4_1)
   0.0868    2.8465 ^ mshrs/mshrs_0/_0603_/Y (sky130_fd_sc_hd__nand3_1)
   0.1407    2.9872 v mshrs/mshrs_0/_0604_/Y (sky130_fd_sc_hd__nand2_1)
   0.2570    3.2442 ^ mshrs/lb_read_arb/_2_/X (sky130_fd_sc_hd__mux2_2)
   0.2830    3.5272 ^ mshrs/lb_ext/_1577_/X (sky130_fd_sc_hd__clkbuf_1)
   0.5167    4.0439 ^ mshrs/lb_ext/_1578_/X (sky130_fd_sc_hd__lpflow_clkbufkapwr_1)
   0.5343    4.5782 ^ mshrs/lb_ext/_1579_/X (sky130_fd_sc_hd__lpflow_clkbufkapwr_1)
   0.3985    4.9767 ^ mshrs/lb_ext/_1723_/X (sky130_fd_sc_hd__lpflow_clkbufkapwr_1)
   0.3547    5.3314 v mshrs/lb_ext/_1779_/X (sky130_fd_sc_hd__mux4_2)
   0.1754    5.5068 v mshrs/_0553_/X (sky130_fd_sc_hd__lpflow_inputiso0n_1)
   0.2831    5.7899 v mshrs/mshrs_1/_0683_/X (sky130_fd_sc_hd__mux2_2)
   0.2118    6.0018 ^ mshrs/mshrs_1/_0686_/Y (sky130_fd_sc_hd__a21oi_1)
   0.1112    6.1130 v mshrs/mshrs_1/_0691_/Y (sky130_fd_sc_hd__a21oi_1)
   0.1906    6.3037 ^ mshrs/mshrs_1/_0710_/Y (sky130_fd_sc_hd__nand3_1)
   0.2027    6.5064 v mshrs/mshrs_1/_0721_/Y (sky130_fd_sc_hd__o31ai_1)
   0.3485    6.8549 ^ mshrs/mshrs_1/_0744_/Y (sky130_fd_sc_hd__a41oi_1)
   0.3112    7.1661 ^ mshrs/mshrs_1/_0792_/X (sky130_fd_sc_hd__clkbuf_1)
   0.0836    7.2497 v mshrs/mshrs_1/_0798_/Y (sky130_fd_sc_hd__nand2_1)
   0.1286    7.3783 ^ mshrs/resp_arb/_0934_/Y (sky130_fd_sc_hd__mux2i_1)
   0.1334    7.5117 v mshrs/resp_arb/_0936_/Y (sky130_fd_sc_hd__o21ai_0)
   0.2861    7.7978 v mshrs/respq/ram_ext/_667_/X (sky130_fd_sc_hd__mux2_2)
   0.0035    7.8013 v mshrs/respq/ram_ext/_927_/D (sky130_fd_sc_hd__dfxtp_1)
             7.8013   data arrival time

  20.0000   20.0000   clock clock (rise edge)
   0.0000   20.0000   clock network delay (ideal)
   0.0000   20.0000   clock reconvergence pessimism
            20.0000 ^ mshrs/respq/ram_ext/_927_/CLK (sky130_fd_sc_hd__dfxtp_1)
  -0.1214   19.8786   library setup time
            19.8786   data required time
-------------------------------------------------------------
            19.8786   data required time
            -7.8013   data arrival time
-------------------------------------------------------------
            12.0773   slack (MET)


Startpoint: mshrs/mshrs_0/rpq/_3866_
            (rising edge-triggered flip-flop clocked by clock)
Endpoint: mshrs/respq/ram_ext/_928_
          (rising edge-triggered flip-flop clocked by clock)
Path Group: clock
Path Type: max

    Delay      Time   Description
-------------------------------------------------------------
   0.0000    0.0000   clock clock (rise edge)
   0.0000    0.0000   clock network delay (ideal)
   0.0000    0.0000 ^ mshrs/mshrs_0/rpq/_3866_/CLK (sky130_fd_sc_hd__dfxtp_1)
   0.4395    0.4395 ^ mshrs/mshrs_0/rpq/_3866_/Q (sky130_fd_sc_hd__dfxtp_1)
   0.2729    0.7124 ^ mshrs/mshrs_0/rpq/_2372_/X (sky130_fd_sc_hd__clkbuf_1)
   0.5935    1.3058 ^ mshrs/mshrs_0/rpq/_2407_/Y (sky130_fd_sc_hd__nor4bb_1)
   0.3288    1.6347 ^ mshrs/mshrs_0/rpq/_2408_/X (sky130_fd_sc_hd__clkbuf_1)
   0.3003    1.9350 ^ mshrs/mshrs_0/rpq/_2409_/X (sky130_fd_sc_hd__lpflow_clkbufkapwr_1)
   0.3058    2.2408 ^ mshrs/mshrs_0/rpq/_2475_/X (sky130_fd_sc_hd__lpflow_clkbufkapwr_1)
   0.1268    2.3676 v mshrs/mshrs_0/rpq/_2489_/Y (sky130_fd_sc_hd__a21boi_0)
   0.1539    2.5215 v mshrs/mshrs_0/rpq/_2492_/X (sky130_fd_sc_hd__and3_1)
   0.1456    2.6671 ^ mshrs/mshrs_0/rpq/_2496_/Y (sky130_fd_sc_hd__nand4_1)
   0.0926    2.7597 v mshrs/mshrs_0/_0590_/Y (sky130_fd_sc_hd__nor4_1)
   0.0868    2.8465 ^ mshrs/mshrs_0/_0603_/Y (sky130_fd_sc_hd__nand3_1)
   0.1407    2.9872 v mshrs/mshrs_0/_0604_/Y (sky130_fd_sc_hd__nand2_1)
   0.2570    3.2442 ^ mshrs/lb_read_arb/_2_/X (sky130_fd_sc_hd__mux2_2)
   0.2830    3.5272 ^ mshrs/lb_ext/_1577_/X (sky130_fd_sc_hd__clkbuf_1)
   0.5167    4.0439 ^ mshrs/lb_ext/_1578_/X (sky130_fd_sc_hd__lpflow_clkbufkapwr_1)
   0.5343    4.5782 ^ mshrs/lb_ext/_1579_/X (sky130_fd_sc_hd__lpflow_clkbufkapwr_1)
   0.3985    4.9767 ^ mshrs/lb_ext/_1723_/X (sky130_fd_sc_hd__lpflow_clkbufkapwr_1)
   0.3547    5.3314 v mshrs/lb_ext/_1779_/X (sky130_fd_sc_hd__mux4_2)
   0.1754    5.5068 v mshrs/_0553_/X (sky130_fd_sc_hd__lpflow_inputiso0n_1)
   0.2831    5.7899 v mshrs/mshrs_1/_0683_/X (sky130_fd_sc_hd__mux2_2)
   0.2118    6.0018 ^ mshrs/mshrs_1/_0686_/Y (sky130_fd_sc_hd__a21oi_1)
   0.1112    6.1130 v mshrs/mshrs_1/_0691_/Y (sky130_fd_sc_hd__a21oi_1)
   0.1906    6.3037 ^ mshrs/mshrs_1/_0710_/Y (sky130_fd_sc_hd__nand3_1)
   0.2027    6.5064 v mshrs/mshrs_1/_0721_/Y (sky130_fd_sc_hd__o31ai_1)
   0.3485    6.8549 ^ mshrs/mshrs_1/_0744_/Y (sky130_fd_sc_hd__a41oi_1)
   0.3112    7.1661 ^ mshrs/mshrs_1/_0792_/X (sky130_fd_sc_hd__clkbuf_1)
   0.0836    7.2497 v mshrs/mshrs_1/_0800_/Y (sky130_fd_sc_hd__nand2_1)
   0.1286    7.3783 ^ mshrs/resp_arb/_0937_/Y (sky130_fd_sc_hd__mux2i_1)
   0.1334    7.5117 v mshrs/resp_arb/_0939_/Y (sky130_fd_sc_hd__o21ai_0)
   0.2861    7.7978 v mshrs/respq/ram_ext/_668_/X (sky130_fd_sc_hd__mux2_2)
   0.0035    7.8013 v mshrs/respq/ram_ext/_928_/D (sky130_fd_sc_hd__dfxtp_1)
             7.8013   data arrival time

  20.0000   20.0000   clock clock (rise edge)
   0.0000   20.0000   clock network delay (ideal)
   0.0000   20.0000   clock reconvergence pessimism
            20.0000 ^ mshrs/respq/ram_ext/_928_/CLK (sky130_fd_sc_hd__dfxtp_1)
  -0.1214   19.8786   library setup time
            19.8786   data required time
-------------------------------------------------------------
            19.8786   data required time
            -7.8013   data arrival time
-------------------------------------------------------------
            12.0773   slack (MET)


Startpoint: mshrs/mshrs_0/rpq/_3866_
            (rising edge-triggered flip-flop clocked by clock)
Endpoint: mshrs/respq/ram_ext/_929_
          (rising edge-triggered flip-flop clocked by clock)
Path Group: clock
Path Type: max

    Delay      Time   Description
-------------------------------------------------------------
   0.0000    0.0000   clock clock (rise edge)
   0.0000    0.0000   clock network delay (ideal)
   0.0000    0.0000 ^ mshrs/mshrs_0/rpq/_3866_/CLK (sky130_fd_sc_hd__dfxtp_1)
   0.4395    0.4395 ^ mshrs/mshrs_0/rpq/_3866_/Q (sky130_fd_sc_hd__dfxtp_1)
   0.2729    0.7124 ^ mshrs/mshrs_0/rpq/_2372_/X (sky130_fd_sc_hd__clkbuf_1)
   0.5935    1.3058 ^ mshrs/mshrs_0/rpq/_2407_/Y (sky130_fd_sc_hd__nor4bb_1)
   0.3288    1.6347 ^ mshrs/mshrs_0/rpq/_2408_/X (sky130_fd_sc_hd__clkbuf_1)
   0.3003    1.9350 ^ mshrs/mshrs_0/rpq/_2409_/X (sky130_fd_sc_hd__lpflow_clkbufkapwr_1)
   0.3058    2.2408 ^ mshrs/mshrs_0/rpq/_2475_/X (sky130_fd_sc_hd__lpflow_clkbufkapwr_1)
   0.1268    2.3676 v mshrs/mshrs_0/rpq/_2489_/Y (sky130_fd_sc_hd__a21boi_0)
   0.1539    2.5215 v mshrs/mshrs_0/rpq/_2492_/X (sky130_fd_sc_hd__and3_1)
   0.1456    2.6671 ^ mshrs/mshrs_0/rpq/_2496_/Y (sky130_fd_sc_hd__nand4_1)
   0.0926    2.7597 v mshrs/mshrs_0/_0590_/Y (sky130_fd_sc_hd__nor4_1)
   0.0868    2.8465 ^ mshrs/mshrs_0/_0603_/Y (sky130_fd_sc_hd__nand3_1)
   0.1407    2.9872 v mshrs/mshrs_0/_0604_/Y (sky130_fd_sc_hd__nand2_1)
   0.2570    3.2442 ^ mshrs/lb_read_arb/_2_/X (sky130_fd_sc_hd__mux2_2)
   0.2830    3.5272 ^ mshrs/lb_ext/_1577_/X (sky130_fd_sc_hd__clkbuf_1)
   0.5167    4.0439 ^ mshrs/lb_ext/_1578_/X (sky130_fd_sc_hd__lpflow_clkbufkapwr_1)
   0.5343    4.5782 ^ mshrs/lb_ext/_1579_/X (sky130_fd_sc_hd__lpflow_clkbufkapwr_1)
   0.3985    4.9767 ^ mshrs/lb_ext/_1723_/X (sky130_fd_sc_hd__lpflow_clkbufkapwr_1)
   0.3547    5.3314 v mshrs/lb_ext/_1779_/X (sky130_fd_sc_hd__mux4_2)
   0.1754    5.5068 v mshrs/_0553_/X (sky130_fd_sc_hd__lpflow_inputiso0n_1)
   0.2831    5.7899 v mshrs/mshrs_1/_0683_/X (sky130_fd_sc_hd__mux2_2)
   0.2118    6.0018 ^ mshrs/mshrs_1/_0686_/Y (sky130_fd_sc_hd__a21oi_1)
   0.1112    6.1130 v mshrs/mshrs_1/_0691_/Y (sky130_fd_sc_hd__a21oi_1)
   0.1906    6.3037 ^ mshrs/mshrs_1/_0710_/Y (sky130_fd_sc_hd__nand3_1)
   0.2027    6.5064 v mshrs/mshrs_1/_0721_/Y (sky130_fd_sc_hd__o31ai_1)
   0.3485    6.8549 ^ mshrs/mshrs_1/_0744_/Y (sky130_fd_sc_hd__a41oi_1)
   0.3112    7.1661 ^ mshrs/mshrs_1/_0792_/X (sky130_fd_sc_hd__clkbuf_1)
   0.0836    7.2497 v mshrs/mshrs_1/_0802_/Y (sky130_fd_sc_hd__nand2_1)
   0.1286    7.3783 ^ mshrs/resp_arb/_0940_/Y (sky130_fd_sc_hd__mux2i_1)
   0.1334    7.5117 v mshrs/resp_arb/_0942_/Y (sky130_fd_sc_hd__o21ai_0)
   0.2861    7.7978 v mshrs/respq/ram_ext/_669_/X (sky130_fd_sc_hd__mux2_2)
   0.0035    7.8013 v mshrs/respq/ram_ext/_929_/D (sky130_fd_sc_hd__dfxtp_1)
             7.8013   data arrival time

  20.0000   20.0000   clock clock (rise edge)
   0.0000   20.0000   clock network delay (ideal)
   0.0000   20.0000   clock reconvergence pessimism
            20.0000 ^ mshrs/respq/ram_ext/_929_/CLK (sky130_fd_sc_hd__dfxtp_1)
  -0.1214   19.8786   library setup time
            19.8786   data required time
-------------------------------------------------------------
            19.8786   data required time
            -7.8013   data arrival time
-------------------------------------------------------------
            12.0773   slack (MET)


Startpoint: mshrs/mshrs_0/rpq/_3866_
            (rising edge-triggered flip-flop clocked by clock)
Endpoint: mshrs/respq/ram_ext/_930_
          (rising edge-triggered flip-flop clocked by clock)
Path Group: clock
Path Type: max

    Delay      Time   Description
-------------------------------------------------------------
   0.0000    0.0000   clock clock (rise edge)
   0.0000    0.0000   clock network delay (ideal)
   0.0000    0.0000 ^ mshrs/mshrs_0/rpq/_3866_/CLK (sky130_fd_sc_hd__dfxtp_1)
   0.4395    0.4395 ^ mshrs/mshrs_0/rpq/_3866_/Q (sky130_fd_sc_hd__dfxtp_1)
   0.2729    0.7124 ^ mshrs/mshrs_0/rpq/_2372_/X (sky130_fd_sc_hd__clkbuf_1)
   0.5935    1.3058 ^ mshrs/mshrs_0/rpq/_2407_/Y (sky130_fd_sc_hd__nor4bb_1)
   0.3288    1.6347 ^ mshrs/mshrs_0/rpq/_2408_/X (sky130_fd_sc_hd__clkbuf_1)
   0.3003    1.9350 ^ mshrs/mshrs_0/rpq/_2409_/X (sky130_fd_sc_hd__lpflow_clkbufkapwr_1)
   0.3058    2.2408 ^ mshrs/mshrs_0/rpq/_2475_/X (sky130_fd_sc_hd__lpflow_clkbufkapwr_1)
   0.1268    2.3676 v mshrs/mshrs_0/rpq/_2489_/Y (sky130_fd_sc_hd__a21boi_0)
   0.1539    2.5215 v mshrs/mshrs_0/rpq/_2492_/X (sky130_fd_sc_hd__and3_1)
   0.1456    2.6671 ^ mshrs/mshrs_0/rpq/_2496_/Y (sky130_fd_sc_hd__nand4_1)
   0.0926    2.7597 v mshrs/mshrs_0/_0590_/Y (sky130_fd_sc_hd__nor4_1)
   0.0868    2.8465 ^ mshrs/mshrs_0/_0603_/Y (sky130_fd_sc_hd__nand3_1)
   0.1407    2.9872 v mshrs/mshrs_0/_0604_/Y (sky130_fd_sc_hd__nand2_1)
   0.2570    3.2442 ^ mshrs/lb_read_arb/_2_/X (sky130_fd_sc_hd__mux2_2)
   0.2830    3.5272 ^ mshrs/lb_ext/_1577_/X (sky130_fd_sc_hd__clkbuf_1)
   0.5167    4.0439 ^ mshrs/lb_ext/_1578_/X (sky130_fd_sc_hd__lpflow_clkbufkapwr_1)
   0.5343    4.5782 ^ mshrs/lb_ext/_1579_/X (sky130_fd_sc_hd__lpflow_clkbufkapwr_1)
   0.3985    4.9767 ^ mshrs/lb_ext/_1723_/X (sky130_fd_sc_hd__lpflow_clkbufkapwr_1)
   0.3547    5.3314 v mshrs/lb_ext/_1779_/X (sky130_fd_sc_hd__mux4_2)
   0.1754    5.5068 v mshrs/_0553_/X (sky130_fd_sc_hd__lpflow_inputiso0n_1)
   0.2831    5.7899 v mshrs/mshrs_1/_0683_/X (sky130_fd_sc_hd__mux2_2)
   0.2118    6.0018 ^ mshrs/mshrs_1/_0686_/Y (sky130_fd_sc_hd__a21oi_1)
   0.1112    6.1130 v mshrs/mshrs_1/_0691_/Y (sky130_fd_sc_hd__a21oi_1)
   0.1906    6.3037 ^ mshrs/mshrs_1/_0710_/Y (sky130_fd_sc_hd__nand3_1)
   0.2027    6.5064 v mshrs/mshrs_1/_0721_/Y (sky130_fd_sc_hd__o31ai_1)
   0.3485    6.8549 ^ mshrs/mshrs_1/_0744_/Y (sky130_fd_sc_hd__a41oi_1)
   0.3112    7.1661 ^ mshrs/mshrs_1/_0792_/X (sky130_fd_sc_hd__clkbuf_1)
   0.0836    7.2497 v mshrs/mshrs_1/_0804_/Y (sky130_fd_sc_hd__nand2_1)
   0.1286    7.3783 ^ mshrs/resp_arb/_0943_/Y (sky130_fd_sc_hd__mux2i_1)
   0.1334    7.5117 v mshrs/resp_arb/_0945_/Y (sky130_fd_sc_hd__o21ai_0)
   0.2861    7.7978 v mshrs/respq/ram_ext/_670_/X (sky130_fd_sc_hd__mux2_2)
   0.0035    7.8013 v mshrs/respq/ram_ext/_930_/D (sky130_fd_sc_hd__dfxtp_1)
             7.8013   data arrival time

  20.0000   20.0000   clock clock (rise edge)
   0.0000   20.0000   clock network delay (ideal)
   0.0000   20.0000   clock reconvergence pessimism
            20.0000 ^ mshrs/respq/ram_ext/_930_/CLK (sky130_fd_sc_hd__dfxtp_1)
  -0.1214   19.8786   library setup time
            19.8786   data required time
-------------------------------------------------------------
            19.8786   data required time
            -7.8013   data arrival time
-------------------------------------------------------------
            12.0773   slack (MET)


Startpoint: mshrs/mshrs_0/rpq/_3866_
            (rising edge-triggered flip-flop clocked by clock)
Endpoint: mshrs/respq/ram_ext/_911_
          (rising edge-triggered flip-flop clocked by clock)
Path Group: clock
Path Type: max

    Delay      Time   Description
-------------------------------------------------------------
   0.0000    0.0000   clock clock (rise edge)
   0.0000    0.0000   clock network delay (ideal)
   0.0000    0.0000 ^ mshrs/mshrs_0/rpq/_3866_/CLK (sky130_fd_sc_hd__dfxtp_1)
   0.4395    0.4395 ^ mshrs/mshrs_0/rpq/_3866_/Q (sky130_fd_sc_hd__dfxtp_1)
   0.2729    0.7124 ^ mshrs/mshrs_0/rpq/_2372_/X (sky130_fd_sc_hd__clkbuf_1)
   0.5935    1.3058 ^ mshrs/mshrs_0/rpq/_2407_/Y (sky130_fd_sc_hd__nor4bb_1)
   0.3288    1.6347 ^ mshrs/mshrs_0/rpq/_2408_/X (sky130_fd_sc_hd__clkbuf_1)
   0.3003    1.9350 ^ mshrs/mshrs_0/rpq/_2409_/X (sky130_fd_sc_hd__lpflow_clkbufkapwr_1)
   0.3058    2.2408 ^ mshrs/mshrs_0/rpq/_2475_/X (sky130_fd_sc_hd__lpflow_clkbufkapwr_1)
   0.1268    2.3676 v mshrs/mshrs_0/rpq/_2489_/Y (sky130_fd_sc_hd__a21boi_0)
   0.1539    2.5215 v mshrs/mshrs_0/rpq/_2492_/X (sky130_fd_sc_hd__and3_1)
   0.1456    2.6671 ^ mshrs/mshrs_0/rpq/_2496_/Y (sky130_fd_sc_hd__nand4_1)
   0.0926    2.7597 v mshrs/mshrs_0/_0590_/Y (sky130_fd_sc_hd__nor4_1)
   0.0868    2.8465 ^ mshrs/mshrs_0/_0603_/Y (sky130_fd_sc_hd__nand3_1)
   0.1407    2.9872 v mshrs/mshrs_0/_0604_/Y (sky130_fd_sc_hd__nand2_1)
   0.2570    3.2442 ^ mshrs/lb_read_arb/_2_/X (sky130_fd_sc_hd__mux2_2)
   0.2830    3.5272 ^ mshrs/lb_ext/_1577_/X (sky130_fd_sc_hd__clkbuf_1)
   0.5167    4.0439 ^ mshrs/lb_ext/_1578_/X (sky130_fd_sc_hd__lpflow_clkbufkapwr_1)
   0.5343    4.5782 ^ mshrs/lb_ext/_1579_/X (sky130_fd_sc_hd__lpflow_clkbufkapwr_1)
   0.3985    4.9767 ^ mshrs/lb_ext/_1723_/X (sky130_fd_sc_hd__lpflow_clkbufkapwr_1)
   0.3547    5.3314 v mshrs/lb_ext/_1779_/X (sky130_fd_sc_hd__mux4_2)
   0.1754    5.5068 v mshrs/_0553_/X (sky130_fd_sc_hd__lpflow_inputiso0n_1)
   0.2831    5.7899 v mshrs/mshrs_1/_0683_/X (sky130_fd_sc_hd__mux2_2)
   0.2118    6.0018 ^ mshrs/mshrs_1/_0686_/Y (sky130_fd_sc_hd__a21oi_1)
   0.1112    6.1130 v mshrs/mshrs_1/_0691_/Y (sky130_fd_sc_hd__a21oi_1)
   0.1906    6.3037 ^ mshrs/mshrs_1/_0710_/Y (sky130_fd_sc_hd__nand3_1)
   0.2027    6.5064 v mshrs/mshrs_1/_0721_/Y (sky130_fd_sc_hd__o31ai_1)
   0.3485    6.8549 ^ mshrs/mshrs_1/_0744_/Y (sky130_fd_sc_hd__a41oi_1)
   0.3112    7.1661 ^ mshrs/mshrs_1/_0746_/X (sky130_fd_sc_hd__clkbuf_1)
   0.0836    7.2497 v mshrs/mshrs_1/_0760_/Y (sky130_fd_sc_hd__nand2_1)
   0.1286    7.3783 ^ mshrs/resp_arb/_0881_/Y (sky130_fd_sc_hd__mux2i_1)
   0.1334    7.5117 v mshrs/resp_arb/_0884_/Y (sky130_fd_sc_hd__o21ai_0)
   0.2861    7.7977 v mshrs/respq/ram_ext/_649_/X (sky130_fd_sc_hd__mux2_2)
   0.0035    7.8012 v mshrs/respq/ram_ext/_911_/D (sky130_fd_sc_hd__dfxtp_1)
             7.8012   data arrival time

  20.0000   20.0000   clock clock (rise edge)
   0.0000   20.0000   clock network delay (ideal)
   0.0000   20.0000   clock reconvergence pessimism
            20.0000 ^ mshrs/respq/ram_ext/_911_/CLK (sky130_fd_sc_hd__dfxtp_1)
  -0.1214   19.8786   library setup time
            19.8786   data required time
-------------------------------------------------------------
            19.8786   data required time
            -7.8012   data arrival time
-------------------------------------------------------------
            12.0774   slack (MET)


Startpoint: mshrs/mshrs_0/rpq/_3866_
            (rising edge-triggered flip-flop clocked by clock)
Endpoint: mshrs/respq/ram_ext/_912_
          (rising edge-triggered flip-flop clocked by clock)
Path Group: clock
Path Type: max

    Delay      Time   Description
-------------------------------------------------------------
   0.0000    0.0000   clock clock (rise edge)
   0.0000    0.0000   clock network delay (ideal)
   0.0000    0.0000 ^ mshrs/mshrs_0/rpq/_3866_/CLK (sky130_fd_sc_hd__dfxtp_1)
   0.4395    0.4395 ^ mshrs/mshrs_0/rpq/_3866_/Q (sky130_fd_sc_hd__dfxtp_1)
   0.2729    0.7124 ^ mshrs/mshrs_0/rpq/_2372_/X (sky130_fd_sc_hd__clkbuf_1)
   0.5935    1.3058 ^ mshrs/mshrs_0/rpq/_2407_/Y (sky130_fd_sc_hd__nor4bb_1)
   0.3288    1.6347 ^ mshrs/mshrs_0/rpq/_2408_/X (sky130_fd_sc_hd__clkbuf_1)
   0.3003    1.9350 ^ mshrs/mshrs_0/rpq/_2409_/X (sky130_fd_sc_hd__lpflow_clkbufkapwr_1)
   0.3058    2.2408 ^ mshrs/mshrs_0/rpq/_2475_/X (sky130_fd_sc_hd__lpflow_clkbufkapwr_1)
   0.1268    2.3676 v mshrs/mshrs_0/rpq/_2489_/Y (sky130_fd_sc_hd__a21boi_0)
   0.1539    2.5215 v mshrs/mshrs_0/rpq/_2492_/X (sky130_fd_sc_hd__and3_1)
   0.1456    2.6671 ^ mshrs/mshrs_0/rpq/_2496_/Y (sky130_fd_sc_hd__nand4_1)
   0.0926    2.7597 v mshrs/mshrs_0/_0590_/Y (sky130_fd_sc_hd__nor4_1)
   0.0868    2.8465 ^ mshrs/mshrs_0/_0603_/Y (sky130_fd_sc_hd__nand3_1)
   0.1407    2.9872 v mshrs/mshrs_0/_0604_/Y (sky130_fd_sc_hd__nand2_1)
   0.2570    3.2442 ^ mshrs/lb_read_arb/_2_/X (sky130_fd_sc_hd__mux2_2)
   0.2830    3.5272 ^ mshrs/lb_ext/_1577_/X (sky130_fd_sc_hd__clkbuf_1)
   0.5167    4.0439 ^ mshrs/lb_ext/_1578_/X (sky130_fd_sc_hd__lpflow_clkbufkapwr_1)
   0.5343    4.5782 ^ mshrs/lb_ext/_1579_/X (sky130_fd_sc_hd__lpflow_clkbufkapwr_1)
   0.3985    4.9767 ^ mshrs/lb_ext/_1723_/X (sky130_fd_sc_hd__lpflow_clkbufkapwr_1)
   0.3547    5.3314 v mshrs/lb_ext/_1779_/X (sky130_fd_sc_hd__mux4_2)
   0.1754    5.5068 v mshrs/_0553_/X (sky130_fd_sc_hd__lpflow_inputiso0n_1)
   0.2831    5.7899 v mshrs/mshrs_1/_0683_/X (sky130_fd_sc_hd__mux2_2)
   0.2118    6.0018 ^ mshrs/mshrs_1/_0686_/Y (sky130_fd_sc_hd__a21oi_1)
   0.1112    6.1130 v mshrs/mshrs_1/_0691_/Y (sky130_fd_sc_hd__a21oi_1)
   0.1906    6.3037 ^ mshrs/mshrs_1/_0710_/Y (sky130_fd_sc_hd__nand3_1)
   0.2027    6.5064 v mshrs/mshrs_1/_0721_/Y (sky130_fd_sc_hd__o31ai_1)
   0.3485    6.8549 ^ mshrs/mshrs_1/_0744_/Y (sky130_fd_sc_hd__a41oi_1)
   0.3112    7.1661 ^ mshrs/mshrs_1/_0746_/X (sky130_fd_sc_hd__clkbuf_1)
   0.0836    7.2497 v mshrs/mshrs_1/_0762_/Y (sky130_fd_sc_hd__nand2_1)
   0.1286    7.3783 ^ mshrs/resp_arb/_0885_/Y (sky130_fd_sc_hd__mux2i_1)
   0.1334    7.5117 v mshrs/resp_arb/_0887_/Y (sky130_fd_sc_hd__o21ai_0)
   0.2861    7.7977 v mshrs/respq/ram_ext/_651_/X (sky130_fd_sc_hd__mux2_2)
   0.0035    7.8012 v mshrs/respq/ram_ext/_912_/D (sky130_fd_sc_hd__dfxtp_1)
             7.8012   data arrival time

  20.0000   20.0000   clock clock (rise edge)
   0.0000   20.0000   clock network delay (ideal)
   0.0000   20.0000   clock reconvergence pessimism
            20.0000 ^ mshrs/respq/ram_ext/_912_/CLK (sky130_fd_sc_hd__dfxtp_1)
  -0.1214   19.8786   library setup time
            19.8786   data required time
-------------------------------------------------------------
            19.8786   data required time
            -7.8012   data arrival time
-------------------------------------------------------------
            12.0774   slack (MET)


Startpoint: mshrs/mshrs_0/rpq/_3866_
            (rising edge-triggered flip-flop clocked by clock)
Endpoint: mshrs/respq/ram_ext/_913_
          (rising edge-triggered flip-flop clocked by clock)
Path Group: clock
Path Type: max

    Delay      Time   Description
-------------------------------------------------------------
   0.0000    0.0000   clock clock (rise edge)
   0.0000    0.0000   clock network delay (ideal)
   0.0000    0.0000 ^ mshrs/mshrs_0/rpq/_3866_/CLK (sky130_fd_sc_hd__dfxtp_1)
   0.4395    0.4395 ^ mshrs/mshrs_0/rpq/_3866_/Q (sky130_fd_sc_hd__dfxtp_1)
   0.2729    0.7124 ^ mshrs/mshrs_0/rpq/_2372_/X (sky130_fd_sc_hd__clkbuf_1)
   0.5935    1.3058 ^ mshrs/mshrs_0/rpq/_2407_/Y (sky130_fd_sc_hd__nor4bb_1)
   0.3288    1.6347 ^ mshrs/mshrs_0/rpq/_2408_/X (sky130_fd_sc_hd__clkbuf_1)
   0.3003    1.9350 ^ mshrs/mshrs_0/rpq/_2409_/X (sky130_fd_sc_hd__lpflow_clkbufkapwr_1)
   0.3058    2.2408 ^ mshrs/mshrs_0/rpq/_2475_/X (sky130_fd_sc_hd__lpflow_clkbufkapwr_1)
   0.1268    2.3676 v mshrs/mshrs_0/rpq/_2489_/Y (sky130_fd_sc_hd__a21boi_0)
   0.1539    2.5215 v mshrs/mshrs_0/rpq/_2492_/X (sky130_fd_sc_hd__and3_1)
   0.1456    2.6671 ^ mshrs/mshrs_0/rpq/_2496_/Y (sky130_fd_sc_hd__nand4_1)
   0.0926    2.7597 v mshrs/mshrs_0/_0590_/Y (sky130_fd_sc_hd__nor4_1)
   0.0868    2.8465 ^ mshrs/mshrs_0/_0603_/Y (sky130_fd_sc_hd__nand3_1)
   0.1407    2.9872 v mshrs/mshrs_0/_0604_/Y (sky130_fd_sc_hd__nand2_1)
   0.2570    3.2442 ^ mshrs/lb_read_arb/_2_/X (sky130_fd_sc_hd__mux2_2)
   0.2830    3.5272 ^ mshrs/lb_ext/_1577_/X (sky130_fd_sc_hd__clkbuf_1)
   0.5167    4.0439 ^ mshrs/lb_ext/_1578_/X (sky130_fd_sc_hd__lpflow_clkbufkapwr_1)
   0.5343    4.5782 ^ mshrs/lb_ext/_1579_/X (sky130_fd_sc_hd__lpflow_clkbufkapwr_1)
   0.3985    4.9767 ^ mshrs/lb_ext/_1723_/X (sky130_fd_sc_hd__lpflow_clkbufkapwr_1)
   0.3547    5.3314 v mshrs/lb_ext/_1779_/X (sky130_fd_sc_hd__mux4_2)
   0.1754    5.5068 v mshrs/_0553_/X (sky130_fd_sc_hd__lpflow_inputiso0n_1)
   0.2831    5.7899 v mshrs/mshrs_1/_0683_/X (sky130_fd_sc_hd__mux2_2)
   0.2118    6.0018 ^ mshrs/mshrs_1/_0686_/Y (sky130_fd_sc_hd__a21oi_1)
   0.1112    6.1130 v mshrs/mshrs_1/_0691_/Y (sky130_fd_sc_hd__a21oi_1)
   0.1906    6.3037 ^ mshrs/mshrs_1/_0710_/Y (sky130_fd_sc_hd__nand3_1)
   0.2027    6.5064 v mshrs/mshrs_1/_0721_/Y (sky130_fd_sc_hd__o31ai_1)
   0.3485    6.8549 ^ mshrs/mshrs_1/_0744_/Y (sky130_fd_sc_hd__a41oi_1)
   0.3112    7.1661 ^ mshrs/mshrs_1/_0746_/X (sky130_fd_sc_hd__clkbuf_1)
   0.0836    7.2497 v mshrs/mshrs_1/_0764_/Y (sky130_fd_sc_hd__nand2_1)
   0.1286    7.3783 ^ mshrs/resp_arb/_0888_/Y (sky130_fd_sc_hd__mux2i_1)
   0.1334    7.5117 v mshrs/resp_arb/_0890_/Y (sky130_fd_sc_hd__o21ai_0)
   0.2861    7.7977 v mshrs/respq/ram_ext/_652_/X (sky130_fd_sc_hd__mux2_2)
   0.0035    7.8012 v mshrs/respq/ram_ext/_913_/D (sky130_fd_sc_hd__dfxtp_1)
             7.8012   data arrival time

  20.0000   20.0000   clock clock (rise edge)
   0.0000   20.0000   clock network delay (ideal)
   0.0000   20.0000   clock reconvergence pessimism
            20.0000 ^ mshrs/respq/ram_ext/_913_/CLK (sky130_fd_sc_hd__dfxtp_1)
  -0.1214   19.8786   library setup time
            19.8786   data required time
-------------------------------------------------------------
            19.8786   data required time
            -7.8012   data arrival time
-------------------------------------------------------------
            12.0774   slack (MET)


Startpoint: mshrs/mshrs_0/rpq/_3866_
            (rising edge-triggered flip-flop clocked by clock)
Endpoint: mshrs/respq/ram_ext/_914_
          (rising edge-triggered flip-flop clocked by clock)
Path Group: clock
Path Type: max

    Delay      Time   Description
-------------------------------------------------------------
   0.0000    0.0000   clock clock (rise edge)
   0.0000    0.0000   clock network delay (ideal)
   0.0000    0.0000 ^ mshrs/mshrs_0/rpq/_3866_/CLK (sky130_fd_sc_hd__dfxtp_1)
   0.4395    0.4395 ^ mshrs/mshrs_0/rpq/_3866_/Q (sky130_fd_sc_hd__dfxtp_1)
   0.2729    0.7124 ^ mshrs/mshrs_0/rpq/_2372_/X (sky130_fd_sc_hd__clkbuf_1)
   0.5935    1.3058 ^ mshrs/mshrs_0/rpq/_2407_/Y (sky130_fd_sc_hd__nor4bb_1)
   0.3288    1.6347 ^ mshrs/mshrs_0/rpq/_2408_/X (sky130_fd_sc_hd__clkbuf_1)
   0.3003    1.9350 ^ mshrs/mshrs_0/rpq/_2409_/X (sky130_fd_sc_hd__lpflow_clkbufkapwr_1)
   0.3058    2.2408 ^ mshrs/mshrs_0/rpq/_2475_/X (sky130_fd_sc_hd__lpflow_clkbufkapwr_1)
   0.1268    2.3676 v mshrs/mshrs_0/rpq/_2489_/Y (sky130_fd_sc_hd__a21boi_0)
   0.1539    2.5215 v mshrs/mshrs_0/rpq/_2492_/X (sky130_fd_sc_hd__and3_1)
   0.1456    2.6671 ^ mshrs/mshrs_0/rpq/_2496_/Y (sky130_fd_sc_hd__nand4_1)
   0.0926    2.7597 v mshrs/mshrs_0/_0590_/Y (sky130_fd_sc_hd__nor4_1)
   0.0868    2.8465 ^ mshrs/mshrs_0/_0603_/Y (sky130_fd_sc_hd__nand3_1)
   0.1407    2.9872 v mshrs/mshrs_0/_0604_/Y (sky130_fd_sc_hd__nand2_1)
   0.2570    3.2442 ^ mshrs/lb_read_arb/_2_/X (sky130_fd_sc_hd__mux2_2)
   0.2830    3.5272 ^ mshrs/lb_ext/_1577_/X (sky130_fd_sc_hd__clkbuf_1)
   0.5167    4.0439 ^ mshrs/lb_ext/_1578_/X (sky130_fd_sc_hd__lpflow_clkbufkapwr_1)
   0.5343    4.5782 ^ mshrs/lb_ext/_1579_/X (sky130_fd_sc_hd__lpflow_clkbufkapwr_1)
   0.3985    4.9767 ^ mshrs/lb_ext/_1723_/X (sky130_fd_sc_hd__lpflow_clkbufkapwr_1)
   0.3547    5.3314 v mshrs/lb_ext/_1779_/X (sky130_fd_sc_hd__mux4_2)
   0.1754    5.5068 v mshrs/_0553_/X (sky130_fd_sc_hd__lpflow_inputiso0n_1)
   0.2831    5.7899 v mshrs/mshrs_1/_0683_/X (sky130_fd_sc_hd__mux2_2)
   0.2118    6.0018 ^ mshrs/mshrs_1/_0686_/Y (sky130_fd_sc_hd__a21oi_1)
   0.1112    6.1130 v mshrs/mshrs_1/_0691_/Y (sky130_fd_sc_hd__a21oi_1)
   0.1906    6.3037 ^ mshrs/mshrs_1/_0710_/Y (sky130_fd_sc_hd__nand3_1)
   0.2027    6.5064 v mshrs/mshrs_1/_0721_/Y (sky130_fd_sc_hd__o31ai_1)
   0.3485    6.8549 ^ mshrs/mshrs_1/_0744_/Y (sky130_fd_sc_hd__a41oi_1)
   0.3112    7.1661 ^ mshrs/mshrs_1/_0746_/X (sky130_fd_sc_hd__clkbuf_1)
   0.0836    7.2497 v mshrs/mshrs_1/_0768_/Y (sky130_fd_sc_hd__nand2_1)
   0.1286    7.3783 ^ mshrs/resp_arb/_0891_/Y (sky130_fd_sc_hd__mux2i_1)
   0.1334    7.5117 v mshrs/resp_arb/_0893_/Y (sky130_fd_sc_hd__o21ai_0)
   0.2861    7.7977 v mshrs/respq/ram_ext/_653_/X (sky130_fd_sc_hd__mux2_2)
   0.0035    7.8012 v mshrs/respq/ram_ext/_914_/D (sky130_fd_sc_hd__dfxtp_1)
             7.8012   data arrival time

  20.0000   20.0000   clock clock (rise edge)
   0.0000   20.0000   clock network delay (ideal)
   0.0000   20.0000   clock reconvergence pessimism
            20.0000 ^ mshrs/respq/ram_ext/_914_/CLK (sky130_fd_sc_hd__dfxtp_1)
  -0.1214   19.8786   library setup time
            19.8786   data required time
-------------------------------------------------------------
            19.8786   data required time
            -7.8012   data arrival time
-------------------------------------------------------------
            12.0774   slack (MET)


Startpoint: mshrs/mshrs_0/rpq/_3866_
            (rising edge-triggered flip-flop clocked by clock)
Endpoint: mshrs/respq/ram_ext/_720_
          (rising edge-triggered flip-flop clocked by clock)
Path Group: clock
Path Type: max

    Delay      Time   Description
-------------------------------------------------------------
   0.0000    0.0000   clock clock (rise edge)
   0.0000    0.0000   clock network delay (ideal)
   0.0000    0.0000 ^ mshrs/mshrs_0/rpq/_3866_/CLK (sky130_fd_sc_hd__dfxtp_1)
   0.4395    0.4395 ^ mshrs/mshrs_0/rpq/_3866_/Q (sky130_fd_sc_hd__dfxtp_1)
   0.2729    0.7124 ^ mshrs/mshrs_0/rpq/_2372_/X (sky130_fd_sc_hd__clkbuf_1)
   0.5935    1.3058 ^ mshrs/mshrs_0/rpq/_2407_/Y (sky130_fd_sc_hd__nor4bb_1)
   0.3288    1.6347 ^ mshrs/mshrs_0/rpq/_2408_/X (sky130_fd_sc_hd__clkbuf_1)
   0.3003    1.9350 ^ mshrs/mshrs_0/rpq/_2409_/X (sky130_fd_sc_hd__lpflow_clkbufkapwr_1)
   0.3058    2.2408 ^ mshrs/mshrs_0/rpq/_2475_/X (sky130_fd_sc_hd__lpflow_clkbufkapwr_1)
   0.1268    2.3676 v mshrs/mshrs_0/rpq/_2489_/Y (sky130_fd_sc_hd__a21boi_0)
   0.1539    2.5215 v mshrs/mshrs_0/rpq/_2492_/X (sky130_fd_sc_hd__and3_1)
   0.1456    2.6671 ^ mshrs/mshrs_0/rpq/_2496_/Y (sky130_fd_sc_hd__nand4_1)
   0.0926    2.7597 v mshrs/mshrs_0/_0590_/Y (sky130_fd_sc_hd__nor4_1)
   0.0868    2.8465 ^ mshrs/mshrs_0/_0603_/Y (sky130_fd_sc_hd__nand3_1)
   0.1407    2.9872 v mshrs/mshrs_0/_0604_/Y (sky130_fd_sc_hd__nand2_1)
   0.2570    3.2442 ^ mshrs/lb_read_arb/_2_/X (sky130_fd_sc_hd__mux2_2)
   0.2830    3.5272 ^ mshrs/lb_ext/_1577_/X (sky130_fd_sc_hd__clkbuf_1)
   0.5167    4.0439 ^ mshrs/lb_ext/_1578_/X (sky130_fd_sc_hd__lpflow_clkbufkapwr_1)
   0.5343    4.5782 ^ mshrs/lb_ext/_1579_/X (sky130_fd_sc_hd__lpflow_clkbufkapwr_1)
   0.3985    4.9767 ^ mshrs/lb_ext/_1723_/X (sky130_fd_sc_hd__lpflow_clkbufkapwr_1)
   0.3547    5.3314 v mshrs/lb_ext/_1779_/X (sky130_fd_sc_hd__mux4_2)
   0.1754    5.5068 v mshrs/_0553_/X (sky130_fd_sc_hd__lpflow_inputiso0n_1)
   0.2831    5.7899 v mshrs/mshrs_1/_0683_/X (sky130_fd_sc_hd__mux2_2)
   0.2118    6.0018 ^ mshrs/mshrs_1/_0686_/Y (sky130_fd_sc_hd__a21oi_1)
   0.1112    6.1130 v mshrs/mshrs_1/_0691_/Y (sky130_fd_sc_hd__a21oi_1)
   0.1906    6.3037 ^ mshrs/mshrs_1/_0710_/Y (sky130_fd_sc_hd__nand3_1)
   0.2027    6.5064 v mshrs/mshrs_1/_0721_/Y (sky130_fd_sc_hd__o31ai_1)
   0.3485    6.8549 ^ mshrs/mshrs_1/_0744_/Y (sky130_fd_sc_hd__a41oi_1)
   0.3112    7.1661 ^ mshrs/mshrs_1/_0769_/X (sky130_fd_sc_hd__clkbuf_1)
   0.0836    7.2497 v mshrs/mshrs_1/_0771_/Y (sky130_fd_sc_hd__nand2_1)
   0.1286    7.3783 ^ mshrs/resp_arb/_0895_/Y (sky130_fd_sc_hd__mux2i_1)
   0.1334    7.5117 v mshrs/resp_arb/_0897_/Y (sky130_fd_sc_hd__o21ai_0)
   0.2839    7.7956 v mshrs/respq/ram_ext/_435_/X (sky130_fd_sc_hd__mux2_2)
   0.0035    7.7991 v mshrs/respq/ram_ext/_720_/D (sky130_fd_sc_hd__dfxtp_1)
             7.7991   data arrival time

  20.0000   20.0000   clock clock (rise edge)
   0.0000   20.0000   clock network delay (ideal)
   0.0000   20.0000   clock reconvergence pessimism
            20.0000 ^ mshrs/respq/ram_ext/_720_/CLK (sky130_fd_sc_hd__dfxtp_1)
  -0.1214   19.8786   library setup time
            19.8786   data required time
-------------------------------------------------------------
            19.8786   data required time
            -7.7991   data arrival time
-------------------------------------------------------------
            12.0795   slack (MET)


Startpoint: mshrs/mshrs_0/rpq/_3866_
            (rising edge-triggered flip-flop clocked by clock)
Endpoint: mshrs/respq/ram_ext/_721_
          (rising edge-triggered flip-flop clocked by clock)
Path Group: clock
Path Type: max

    Delay      Time   Description
-------------------------------------------------------------
   0.0000    0.0000   clock clock (rise edge)
   0.0000    0.0000   clock network delay (ideal)
   0.0000    0.0000 ^ mshrs/mshrs_0/rpq/_3866_/CLK (sky130_fd_sc_hd__dfxtp_1)
   0.4395    0.4395 ^ mshrs/mshrs_0/rpq/_3866_/Q (sky130_fd_sc_hd__dfxtp_1)
   0.2729    0.7124 ^ mshrs/mshrs_0/rpq/_2372_/X (sky130_fd_sc_hd__clkbuf_1)
   0.5935    1.3058 ^ mshrs/mshrs_0/rpq/_2407_/Y (sky130_fd_sc_hd__nor4bb_1)
   0.3288    1.6347 ^ mshrs/mshrs_0/rpq/_2408_/X (sky130_fd_sc_hd__clkbuf_1)
   0.3003    1.9350 ^ mshrs/mshrs_0/rpq/_2409_/X (sky130_fd_sc_hd__lpflow_clkbufkapwr_1)
   0.3058    2.2408 ^ mshrs/mshrs_0/rpq/_2475_/X (sky130_fd_sc_hd__lpflow_clkbufkapwr_1)
   0.1268    2.3676 v mshrs/mshrs_0/rpq/_2489_/Y (sky130_fd_sc_hd__a21boi_0)
   0.1539    2.5215 v mshrs/mshrs_0/rpq/_2492_/X (sky130_fd_sc_hd__and3_1)
   0.1456    2.6671 ^ mshrs/mshrs_0/rpq/_2496_/Y (sky130_fd_sc_hd__nand4_1)
   0.0926    2.7597 v mshrs/mshrs_0/_0590_/Y (sky130_fd_sc_hd__nor4_1)
   0.0868    2.8465 ^ mshrs/mshrs_0/_0603_/Y (sky130_fd_sc_hd__nand3_1)
   0.1407    2.9872 v mshrs/mshrs_0/_0604_/Y (sky130_fd_sc_hd__nand2_1)
   0.2570    3.2442 ^ mshrs/lb_read_arb/_2_/X (sky130_fd_sc_hd__mux2_2)
   0.2830    3.5272 ^ mshrs/lb_ext/_1577_/X (sky130_fd_sc_hd__clkbuf_1)
   0.5167    4.0439 ^ mshrs/lb_ext/_1578_/X (sky130_fd_sc_hd__lpflow_clkbufkapwr_1)
   0.5343    4.5782 ^ mshrs/lb_ext/_1579_/X (sky130_fd_sc_hd__lpflow_clkbufkapwr_1)
   0.3985    4.9767 ^ mshrs/lb_ext/_1723_/X (sky130_fd_sc_hd__lpflow_clkbufkapwr_1)
   0.3547    5.3314 v mshrs/lb_ext/_1779_/X (sky130_fd_sc_hd__mux4_2)
   0.1754    5.5068 v mshrs/_0553_/X (sky130_fd_sc_hd__lpflow_inputiso0n_1)
   0.2831    5.7899 v mshrs/mshrs_1/_0683_/X (sky130_fd_sc_hd__mux2_2)
   0.2118    6.0018 ^ mshrs/mshrs_1/_0686_/Y (sky130_fd_sc_hd__a21oi_1)
   0.1112    6.1130 v mshrs/mshrs_1/_0691_/Y (sky130_fd_sc_hd__a21oi_1)
   0.1906    6.3037 ^ mshrs/mshrs_1/_0710_/Y (sky130_fd_sc_hd__nand3_1)
   0.2027    6.5064 v mshrs/mshrs_1/_0721_/Y (sky130_fd_sc_hd__o31ai_1)
   0.3485    6.8549 ^ mshrs/mshrs_1/_0744_/Y (sky130_fd_sc_hd__a41oi_1)
   0.3112    7.1661 ^ mshrs/mshrs_1/_0769_/X (sky130_fd_sc_hd__clkbuf_1)
   0.0836    7.2497 v mshrs/mshrs_1/_0773_/Y (sky130_fd_sc_hd__nand2_1)
   0.1286    7.3783 ^ mshrs/resp_arb/_0898_/Y (sky130_fd_sc_hd__mux2i_1)
   0.1334    7.5117 v mshrs/resp_arb/_0900_/Y (sky130_fd_sc_hd__o21ai_0)
   0.2839    7.7956 v mshrs/respq/ram_ext/_436_/X (sky130_fd_sc_hd__mux2_2)
   0.0035    7.7991 v mshrs/respq/ram_ext/_721_/D (sky130_fd_sc_hd__dfxtp_1)
             7.7991   data arrival time

  20.0000   20.0000   clock clock (rise edge)
   0.0000   20.0000   clock network delay (ideal)
   0.0000   20.0000   clock reconvergence pessimism
            20.0000 ^ mshrs/respq/ram_ext/_721_/CLK (sky130_fd_sc_hd__dfxtp_1)
  -0.1214   19.8786   library setup time
            19.8786   data required time
-------------------------------------------------------------
            19.8786   data required time
            -7.7991   data arrival time
-------------------------------------------------------------
            12.0795   slack (MET)


Startpoint: mshrs/mshrs_0/rpq/_3866_
            (rising edge-triggered flip-flop clocked by clock)
Endpoint: mshrs/respq/ram_ext/_722_
          (rising edge-triggered flip-flop clocked by clock)
Path Group: clock
Path Type: max

    Delay      Time   Description
-------------------------------------------------------------
   0.0000    0.0000   clock clock (rise edge)
   0.0000    0.0000   clock network delay (ideal)
   0.0000    0.0000 ^ mshrs/mshrs_0/rpq/_3866_/CLK (sky130_fd_sc_hd__dfxtp_1)
   0.4395    0.4395 ^ mshrs/mshrs_0/rpq/_3866_/Q (sky130_fd_sc_hd__dfxtp_1)
   0.2729    0.7124 ^ mshrs/mshrs_0/rpq/_2372_/X (sky130_fd_sc_hd__clkbuf_1)
   0.5935    1.3058 ^ mshrs/mshrs_0/rpq/_2407_/Y (sky130_fd_sc_hd__nor4bb_1)
   0.3288    1.6347 ^ mshrs/mshrs_0/rpq/_2408_/X (sky130_fd_sc_hd__clkbuf_1)
   0.3003    1.9350 ^ mshrs/mshrs_0/rpq/_2409_/X (sky130_fd_sc_hd__lpflow_clkbufkapwr_1)
   0.3058    2.2408 ^ mshrs/mshrs_0/rpq/_2475_/X (sky130_fd_sc_hd__lpflow_clkbufkapwr_1)
   0.1268    2.3676 v mshrs/mshrs_0/rpq/_2489_/Y (sky130_fd_sc_hd__a21boi_0)
   0.1539    2.5215 v mshrs/mshrs_0/rpq/_2492_/X (sky130_fd_sc_hd__and3_1)
   0.1456    2.6671 ^ mshrs/mshrs_0/rpq/_2496_/Y (sky130_fd_sc_hd__nand4_1)
   0.0926    2.7597 v mshrs/mshrs_0/_0590_/Y (sky130_fd_sc_hd__nor4_1)
   0.0868    2.8465 ^ mshrs/mshrs_0/_0603_/Y (sky130_fd_sc_hd__nand3_1)
   0.1407    2.9872 v mshrs/mshrs_0/_0604_/Y (sky130_fd_sc_hd__nand2_1)
   0.2570    3.2442 ^ mshrs/lb_read_arb/_2_/X (sky130_fd_sc_hd__mux2_2)
   0.2830    3.5272 ^ mshrs/lb_ext/_1577_/X (sky130_fd_sc_hd__clkbuf_1)
   0.5167    4.0439 ^ mshrs/lb_ext/_1578_/X (sky130_fd_sc_hd__lpflow_clkbufkapwr_1)
   0.5343    4.5782 ^ mshrs/lb_ext/_1579_/X (sky130_fd_sc_hd__lpflow_clkbufkapwr_1)
   0.3985    4.9767 ^ mshrs/lb_ext/_1723_/X (sky130_fd_sc_hd__lpflow_clkbufkapwr_1)
   0.3547    5.3314 v mshrs/lb_ext/_1779_/X (sky130_fd_sc_hd__mux4_2)
   0.1754    5.5068 v mshrs/_0553_/X (sky130_fd_sc_hd__lpflow_inputiso0n_1)
   0.2831    5.7899 v mshrs/mshrs_1/_0683_/X (sky130_fd_sc_hd__mux2_2)
   0.2118    6.0018 ^ mshrs/mshrs_1/_0686_/Y (sky130_fd_sc_hd__a21oi_1)
   0.1112    6.1130 v mshrs/mshrs_1/_0691_/Y (sky130_fd_sc_hd__a21oi_1)
   0.1906    6.3037 ^ mshrs/mshrs_1/_0710_/Y (sky130_fd_sc_hd__nand3_1)
   0.2027    6.5064 v mshrs/mshrs_1/_0721_/Y (sky130_fd_sc_hd__o31ai_1)
   0.3485    6.8549 ^ mshrs/mshrs_1/_0744_/Y (sky130_fd_sc_hd__a41oi_1)
   0.3112    7.1661 ^ mshrs/mshrs_1/_0769_/X (sky130_fd_sc_hd__clkbuf_1)
   0.0836    7.2497 v mshrs/mshrs_1/_0775_/Y (sky130_fd_sc_hd__nand2_1)
   0.1286    7.3783 ^ mshrs/resp_arb/_0901_/Y (sky130_fd_sc_hd__mux2i_1)
   0.1334    7.5117 v mshrs/resp_arb/_0903_/Y (sky130_fd_sc_hd__o21ai_0)
   0.2839    7.7956 v mshrs/respq/ram_ext/_437_/X (sky130_fd_sc_hd__mux2_2)
   0.0035    7.7991 v mshrs/respq/ram_ext/_722_/D (sky130_fd_sc_hd__dfxtp_1)
             7.7991   data arrival time

  20.0000   20.0000   clock clock (rise edge)
   0.0000   20.0000   clock network delay (ideal)
   0.0000   20.0000   clock reconvergence pessimism
            20.0000 ^ mshrs/respq/ram_ext/_722_/CLK (sky130_fd_sc_hd__dfxtp_1)
  -0.1214   19.8786   library setup time
            19.8786   data required time
-------------------------------------------------------------
            19.8786   data required time
            -7.7991   data arrival time
-------------------------------------------------------------
            12.0795   slack (MET)


Startpoint: mshrs/mshrs_0/rpq/_3866_
            (rising edge-triggered flip-flop clocked by clock)
Endpoint: mshrs/respq/ram_ext/_723_
          (rising edge-triggered flip-flop clocked by clock)
Path Group: clock
Path Type: max

    Delay      Time   Description
-------------------------------------------------------------
   0.0000    0.0000   clock clock (rise edge)
   0.0000    0.0000   clock network delay (ideal)
   0.0000    0.0000 ^ mshrs/mshrs_0/rpq/_3866_/CLK (sky130_fd_sc_hd__dfxtp_1)
   0.4395    0.4395 ^ mshrs/mshrs_0/rpq/_3866_/Q (sky130_fd_sc_hd__dfxtp_1)
   0.2729    0.7124 ^ mshrs/mshrs_0/rpq/_2372_/X (sky130_fd_sc_hd__clkbuf_1)
   0.5935    1.3058 ^ mshrs/mshrs_0/rpq/_2407_/Y (sky130_fd_sc_hd__nor4bb_1)
   0.3288    1.6347 ^ mshrs/mshrs_0/rpq/_2408_/X (sky130_fd_sc_hd__clkbuf_1)
   0.3003    1.9350 ^ mshrs/mshrs_0/rpq/_2409_/X (sky130_fd_sc_hd__lpflow_clkbufkapwr_1)
   0.3058    2.2408 ^ mshrs/mshrs_0/rpq/_2475_/X (sky130_fd_sc_hd__lpflow_clkbufkapwr_1)
   0.1268    2.3676 v mshrs/mshrs_0/rpq/_2489_/Y (sky130_fd_sc_hd__a21boi_0)
   0.1539    2.5215 v mshrs/mshrs_0/rpq/_2492_/X (sky130_fd_sc_hd__and3_1)
   0.1456    2.6671 ^ mshrs/mshrs_0/rpq/_2496_/Y (sky130_fd_sc_hd__nand4_1)
   0.0926    2.7597 v mshrs/mshrs_0/_0590_/Y (sky130_fd_sc_hd__nor4_1)
   0.0868    2.8465 ^ mshrs/mshrs_0/_0603_/Y (sky130_fd_sc_hd__nand3_1)
   0.1407    2.9872 v mshrs/mshrs_0/_0604_/Y (sky130_fd_sc_hd__nand2_1)
   0.2570    3.2442 ^ mshrs/lb_read_arb/_2_/X (sky130_fd_sc_hd__mux2_2)
   0.2830    3.5272 ^ mshrs/lb_ext/_1577_/X (sky130_fd_sc_hd__clkbuf_1)
   0.5167    4.0439 ^ mshrs/lb_ext/_1578_/X (sky130_fd_sc_hd__lpflow_clkbufkapwr_1)
   0.5343    4.5782 ^ mshrs/lb_ext/_1579_/X (sky130_fd_sc_hd__lpflow_clkbufkapwr_1)
   0.3985    4.9767 ^ mshrs/lb_ext/_1723_/X (sky130_fd_sc_hd__lpflow_clkbufkapwr_1)
   0.3547    5.3314 v mshrs/lb_ext/_1779_/X (sky130_fd_sc_hd__mux4_2)
   0.1754    5.5068 v mshrs/_0553_/X (sky130_fd_sc_hd__lpflow_inputiso0n_1)
   0.2831    5.7899 v mshrs/mshrs_1/_0683_/X (sky130_fd_sc_hd__mux2_2)
   0.2118    6.0018 ^ mshrs/mshrs_1/_0686_/Y (sky130_fd_sc_hd__a21oi_1)
   0.1112    6.1130 v mshrs/mshrs_1/_0691_/Y (sky130_fd_sc_hd__a21oi_1)
   0.1906    6.3037 ^ mshrs/mshrs_1/_0710_/Y (sky130_fd_sc_hd__nand3_1)
   0.2027    6.5064 v mshrs/mshrs_1/_0721_/Y (sky130_fd_sc_hd__o31ai_1)
   0.3485    6.8549 ^ mshrs/mshrs_1/_0744_/Y (sky130_fd_sc_hd__a41oi_1)
   0.3112    7.1661 ^ mshrs/mshrs_1/_0769_/X (sky130_fd_sc_hd__clkbuf_1)
   0.0836    7.2497 v mshrs/mshrs_1/_0777_/Y (sky130_fd_sc_hd__nand2_1)
   0.1286    7.3783 ^ mshrs/resp_arb/_0904_/Y (sky130_fd_sc_hd__mux2i_1)
   0.1334    7.5117 v mshrs/resp_arb/_0906_/Y (sky130_fd_sc_hd__o21ai_0)
   0.2839    7.7956 v mshrs/respq/ram_ext/_438_/X (sky130_fd_sc_hd__mux2_2)
   0.0035    7.7991 v mshrs/respq/ram_ext/_723_/D (sky130_fd_sc_hd__dfxtp_1)
             7.7991   data arrival time

  20.0000   20.0000   clock clock (rise edge)
   0.0000   20.0000   clock network delay (ideal)
   0.0000   20.0000   clock reconvergence pessimism
            20.0000 ^ mshrs/respq/ram_ext/_723_/CLK (sky130_fd_sc_hd__dfxtp_1)
  -0.1214   19.8786   library setup time
            19.8786   data required time
-------------------------------------------------------------
            19.8786   data required time
            -7.7991   data arrival time
-------------------------------------------------------------
            12.0795   slack (MET)


Startpoint: mshrs/mshrs_0/rpq/_3866_
            (rising edge-triggered flip-flop clocked by clock)
Endpoint: mshrs/respq/ram_ext/_724_
          (rising edge-triggered flip-flop clocked by clock)
Path Group: clock
Path Type: max

    Delay      Time   Description
-------------------------------------------------------------
   0.0000    0.0000   clock clock (rise edge)
   0.0000    0.0000   clock network delay (ideal)
   0.0000    0.0000 ^ mshrs/mshrs_0/rpq/_3866_/CLK (sky130_fd_sc_hd__dfxtp_1)
   0.4395    0.4395 ^ mshrs/mshrs_0/rpq/_3866_/Q (sky130_fd_sc_hd__dfxtp_1)
   0.2729    0.7124 ^ mshrs/mshrs_0/rpq/_2372_/X (sky130_fd_sc_hd__clkbuf_1)
   0.5935    1.3058 ^ mshrs/mshrs_0/rpq/_2407_/Y (sky130_fd_sc_hd__nor4bb_1)
   0.3288    1.6347 ^ mshrs/mshrs_0/rpq/_2408_/X (sky130_fd_sc_hd__clkbuf_1)
   0.3003    1.9350 ^ mshrs/mshrs_0/rpq/_2409_/X (sky130_fd_sc_hd__lpflow_clkbufkapwr_1)
   0.3058    2.2408 ^ mshrs/mshrs_0/rpq/_2475_/X (sky130_fd_sc_hd__lpflow_clkbufkapwr_1)
   0.1268    2.3676 v mshrs/mshrs_0/rpq/_2489_/Y (sky130_fd_sc_hd__a21boi_0)
   0.1539    2.5215 v mshrs/mshrs_0/rpq/_2492_/X (sky130_fd_sc_hd__and3_1)
   0.1456    2.6671 ^ mshrs/mshrs_0/rpq/_2496_/Y (sky130_fd_sc_hd__nand4_1)
   0.0926    2.7597 v mshrs/mshrs_0/_0590_/Y (sky130_fd_sc_hd__nor4_1)
   0.0868    2.8465 ^ mshrs/mshrs_0/_0603_/Y (sky130_fd_sc_hd__nand3_1)
   0.1407    2.9872 v mshrs/mshrs_0/_0604_/Y (sky130_fd_sc_hd__nand2_1)
   0.2570    3.2442 ^ mshrs/lb_read_arb/_2_/X (sky130_fd_sc_hd__mux2_2)
   0.2830    3.5272 ^ mshrs/lb_ext/_1577_/X (sky130_fd_sc_hd__clkbuf_1)
   0.5167    4.0439 ^ mshrs/lb_ext/_1578_/X (sky130_fd_sc_hd__lpflow_clkbufkapwr_1)
   0.5343    4.5782 ^ mshrs/lb_ext/_1579_/X (sky130_fd_sc_hd__lpflow_clkbufkapwr_1)
   0.3985    4.9767 ^ mshrs/lb_ext/_1723_/X (sky130_fd_sc_hd__lpflow_clkbufkapwr_1)
   0.3547    5.3314 v mshrs/lb_ext/_1779_/X (sky130_fd_sc_hd__mux4_2)
   0.1754    5.5068 v mshrs/_0553_/X (sky130_fd_sc_hd__lpflow_inputiso0n_1)
   0.2831    5.7899 v mshrs/mshrs_1/_0683_/X (sky130_fd_sc_hd__mux2_2)
   0.2118    6.0018 ^ mshrs/mshrs_1/_0686_/Y (sky130_fd_sc_hd__a21oi_1)
   0.1112    6.1130 v mshrs/mshrs_1/_0691_/Y (sky130_fd_sc_hd__a21oi_1)
   0.1906    6.3037 ^ mshrs/mshrs_1/_0710_/Y (sky130_fd_sc_hd__nand3_1)
   0.2027    6.5064 v mshrs/mshrs_1/_0721_/Y (sky130_fd_sc_hd__o31ai_1)
   0.3485    6.8549 ^ mshrs/mshrs_1/_0744_/Y (sky130_fd_sc_hd__a41oi_1)
   0.3112    7.1661 ^ mshrs/mshrs_1/_0769_/X (sky130_fd_sc_hd__clkbuf_1)
   0.0836    7.2497 v mshrs/mshrs_1/_0779_/Y (sky130_fd_sc_hd__nand2_1)
   0.1286    7.3783 ^ mshrs/resp_arb/_0907_/Y (sky130_fd_sc_hd__mux2i_1)
   0.1334    7.5117 v mshrs/resp_arb/_0909_/Y (sky130_fd_sc_hd__o21ai_0)
   0.2839    7.7956 v mshrs/respq/ram_ext/_439_/X (sky130_fd_sc_hd__mux2_2)
   0.0035    7.7991 v mshrs/respq/ram_ext/_724_/D (sky130_fd_sc_hd__dfxtp_1)
             7.7991   data arrival time

  20.0000   20.0000   clock clock (rise edge)
   0.0000   20.0000   clock network delay (ideal)
   0.0000   20.0000   clock reconvergence pessimism
            20.0000 ^ mshrs/respq/ram_ext/_724_/CLK (sky130_fd_sc_hd__dfxtp_1)
  -0.1214   19.8786   library setup time
            19.8786   data required time
-------------------------------------------------------------
            19.8786   data required time
            -7.7991   data arrival time
-------------------------------------------------------------
            12.0795   slack (MET)


Startpoint: mshrs/mshrs_0/rpq/_3866_
            (rising edge-triggered flip-flop clocked by clock)
Endpoint: mshrs/respq/ram_ext/_725_
          (rising edge-triggered flip-flop clocked by clock)
Path Group: clock
Path Type: max

    Delay      Time   Description
-------------------------------------------------------------
   0.0000    0.0000   clock clock (rise edge)
   0.0000    0.0000   clock network delay (ideal)
   0.0000    0.0000 ^ mshrs/mshrs_0/rpq/_3866_/CLK (sky130_fd_sc_hd__dfxtp_1)
   0.4395    0.4395 ^ mshrs/mshrs_0/rpq/_3866_/Q (sky130_fd_sc_hd__dfxtp_1)
   0.2729    0.7124 ^ mshrs/mshrs_0/rpq/_2372_/X (sky130_fd_sc_hd__clkbuf_1)
   0.5935    1.3058 ^ mshrs/mshrs_0/rpq/_2407_/Y (sky130_fd_sc_hd__nor4bb_1)
   0.3288    1.6347 ^ mshrs/mshrs_0/rpq/_2408_/X (sky130_fd_sc_hd__clkbuf_1)
   0.3003    1.9350 ^ mshrs/mshrs_0/rpq/_2409_/X (sky130_fd_sc_hd__lpflow_clkbufkapwr_1)
   0.3058    2.2408 ^ mshrs/mshrs_0/rpq/_2475_/X (sky130_fd_sc_hd__lpflow_clkbufkapwr_1)
   0.1268    2.3676 v mshrs/mshrs_0/rpq/_2489_/Y (sky130_fd_sc_hd__a21boi_0)
   0.1539    2.5215 v mshrs/mshrs_0/rpq/_2492_/X (sky130_fd_sc_hd__and3_1)
   0.1456    2.6671 ^ mshrs/mshrs_0/rpq/_2496_/Y (sky130_fd_sc_hd__nand4_1)
   0.0926    2.7597 v mshrs/mshrs_0/_0590_/Y (sky130_fd_sc_hd__nor4_1)
   0.0868    2.8465 ^ mshrs/mshrs_0/_0603_/Y (sky130_fd_sc_hd__nand3_1)
   0.1407    2.9872 v mshrs/mshrs_0/_0604_/Y (sky130_fd_sc_hd__nand2_1)
   0.2570    3.2442 ^ mshrs/lb_read_arb/_2_/X (sky130_fd_sc_hd__mux2_2)
   0.2830    3.5272 ^ mshrs/lb_ext/_1577_/X (sky130_fd_sc_hd__clkbuf_1)
   0.5167    4.0439 ^ mshrs/lb_ext/_1578_/X (sky130_fd_sc_hd__lpflow_clkbufkapwr_1)
   0.5343    4.5782 ^ mshrs/lb_ext/_1579_/X (sky130_fd_sc_hd__lpflow_clkbufkapwr_1)
   0.3985    4.9767 ^ mshrs/lb_ext/_1723_/X (sky130_fd_sc_hd__lpflow_clkbufkapwr_1)
   0.3547    5.3314 v mshrs/lb_ext/_1779_/X (sky130_fd_sc_hd__mux4_2)
   0.1754    5.5068 v mshrs/_0553_/X (sky130_fd_sc_hd__lpflow_inputiso0n_1)
   0.2831    5.7899 v mshrs/mshrs_1/_0683_/X (sky130_fd_sc_hd__mux2_2)
   0.2118    6.0018 ^ mshrs/mshrs_1/_0686_/Y (sky130_fd_sc_hd__a21oi_1)
   0.1112    6.1130 v mshrs/mshrs_1/_0691_/Y (sky130_fd_sc_hd__a21oi_1)
   0.1906    6.3037 ^ mshrs/mshrs_1/_0710_/Y (sky130_fd_sc_hd__nand3_1)
   0.2027    6.5064 v mshrs/mshrs_1/_0721_/Y (sky130_fd_sc_hd__o31ai_1)
   0.3485    6.8549 ^ mshrs/mshrs_1/_0744_/Y (sky130_fd_sc_hd__a41oi_1)
   0.3112    7.1661 ^ mshrs/mshrs_1/_0769_/X (sky130_fd_sc_hd__clkbuf_1)
   0.0836    7.2497 v mshrs/mshrs_1/_0781_/Y (sky130_fd_sc_hd__nand2_1)
   0.1286    7.3783 ^ mshrs/resp_arb/_0910_/Y (sky130_fd_sc_hd__mux2i_1)
   0.1334    7.5117 v mshrs/resp_arb/_0912_/Y (sky130_fd_sc_hd__o21ai_0)
   0.2839    7.7956 v mshrs/respq/ram_ext/_440_/X (sky130_fd_sc_hd__mux2_2)
   0.0035    7.7991 v mshrs/respq/ram_ext/_725_/D (sky130_fd_sc_hd__dfxtp_1)
             7.7991   data arrival time

  20.0000   20.0000   clock clock (rise edge)
   0.0000   20.0000   clock network delay (ideal)
   0.0000   20.0000   clock reconvergence pessimism
            20.0000 ^ mshrs/respq/ram_ext/_725_/CLK (sky130_fd_sc_hd__dfxtp_1)
  -0.1214   19.8786   library setup time
            19.8786   data required time
-------------------------------------------------------------
            19.8786   data required time
            -7.7991   data arrival time
-------------------------------------------------------------
            12.0795   slack (MET)


Startpoint: mshrs/mshrs_0/rpq/_3866_
            (rising edge-triggered flip-flop clocked by clock)
Endpoint: mshrs/respq/ram_ext/_726_
          (rising edge-triggered flip-flop clocked by clock)
Path Group: clock
Path Type: max

    Delay      Time   Description
-------------------------------------------------------------
   0.0000    0.0000   clock clock (rise edge)
   0.0000    0.0000   clock network delay (ideal)
   0.0000    0.0000 ^ mshrs/mshrs_0/rpq/_3866_/CLK (sky130_fd_sc_hd__dfxtp_1)
   0.4395    0.4395 ^ mshrs/mshrs_0/rpq/_3866_/Q (sky130_fd_sc_hd__dfxtp_1)
   0.2729    0.7124 ^ mshrs/mshrs_0/rpq/_2372_/X (sky130_fd_sc_hd__clkbuf_1)
   0.5935    1.3058 ^ mshrs/mshrs_0/rpq/_2407_/Y (sky130_fd_sc_hd__nor4bb_1)
   0.3288    1.6347 ^ mshrs/mshrs_0/rpq/_2408_/X (sky130_fd_sc_hd__clkbuf_1)
   0.3003    1.9350 ^ mshrs/mshrs_0/rpq/_2409_/X (sky130_fd_sc_hd__lpflow_clkbufkapwr_1)
   0.3058    2.2408 ^ mshrs/mshrs_0/rpq/_2475_/X (sky130_fd_sc_hd__lpflow_clkbufkapwr_1)
   0.1268    2.3676 v mshrs/mshrs_0/rpq/_2489_/Y (sky130_fd_sc_hd__a21boi_0)
   0.1539    2.5215 v mshrs/mshrs_0/rpq/_2492_/X (sky130_fd_sc_hd__and3_1)
   0.1456    2.6671 ^ mshrs/mshrs_0/rpq/_2496_/Y (sky130_fd_sc_hd__nand4_1)
   0.0926    2.7597 v mshrs/mshrs_0/_0590_/Y (sky130_fd_sc_hd__nor4_1)
   0.0868    2.8465 ^ mshrs/mshrs_0/_0603_/Y (sky130_fd_sc_hd__nand3_1)
   0.1407    2.9872 v mshrs/mshrs_0/_0604_/Y (sky130_fd_sc_hd__nand2_1)
   0.2570    3.2442 ^ mshrs/lb_read_arb/_2_/X (sky130_fd_sc_hd__mux2_2)
   0.2830    3.5272 ^ mshrs/lb_ext/_1577_/X (sky130_fd_sc_hd__clkbuf_1)
   0.5167    4.0439 ^ mshrs/lb_ext/_1578_/X (sky130_fd_sc_hd__lpflow_clkbufkapwr_1)
   0.5343    4.5782 ^ mshrs/lb_ext/_1579_/X (sky130_fd_sc_hd__lpflow_clkbufkapwr_1)
   0.3985    4.9767 ^ mshrs/lb_ext/_1723_/X (sky130_fd_sc_hd__lpflow_clkbufkapwr_1)
   0.3547    5.3314 v mshrs/lb_ext/_1779_/X (sky130_fd_sc_hd__mux4_2)
   0.1754    5.5068 v mshrs/_0553_/X (sky130_fd_sc_hd__lpflow_inputiso0n_1)
   0.2831    5.7899 v mshrs/mshrs_1/_0683_/X (sky130_fd_sc_hd__mux2_2)
   0.2118    6.0018 ^ mshrs/mshrs_1/_0686_/Y (sky130_fd_sc_hd__a21oi_1)
   0.1112    6.1130 v mshrs/mshrs_1/_0691_/Y (sky130_fd_sc_hd__a21oi_1)
   0.1906    6.3037 ^ mshrs/mshrs_1/_0710_/Y (sky130_fd_sc_hd__nand3_1)
   0.2027    6.5064 v mshrs/mshrs_1/_0721_/Y (sky130_fd_sc_hd__o31ai_1)
   0.3485    6.8549 ^ mshrs/mshrs_1/_0744_/Y (sky130_fd_sc_hd__a41oi_1)
   0.3112    7.1661 ^ mshrs/mshrs_1/_0769_/X (sky130_fd_sc_hd__clkbuf_1)
   0.0836    7.2497 v mshrs/mshrs_1/_0783_/Y (sky130_fd_sc_hd__nand2_1)
   0.1286    7.3783 ^ mshrs/resp_arb/_0914_/Y (sky130_fd_sc_hd__mux2i_1)
   0.1334    7.5117 v mshrs/resp_arb/_0917_/Y (sky130_fd_sc_hd__o21ai_0)
   0.2839    7.7956 v mshrs/respq/ram_ext/_441_/X (sky130_fd_sc_hd__mux2_2)
   0.0035    7.7991 v mshrs/respq/ram_ext/_726_/D (sky130_fd_sc_hd__dfxtp_1)
             7.7991   data arrival time

  20.0000   20.0000   clock clock (rise edge)
   0.0000   20.0000   clock network delay (ideal)
   0.0000   20.0000   clock reconvergence pessimism
            20.0000 ^ mshrs/respq/ram_ext/_726_/CLK (sky130_fd_sc_hd__dfxtp_1)
  -0.1214   19.8786   library setup time
            19.8786   data required time
-------------------------------------------------------------
            19.8786   data required time
            -7.7991   data arrival time
-------------------------------------------------------------
            12.0795   slack (MET)


Startpoint: mshrs/mshrs_0/rpq/_3866_
            (rising edge-triggered flip-flop clocked by clock)
Endpoint: mshrs/respq/ram_ext/_727_
          (rising edge-triggered flip-flop clocked by clock)
Path Group: clock
Path Type: max

    Delay      Time   Description
-------------------------------------------------------------
   0.0000    0.0000   clock clock (rise edge)
   0.0000    0.0000   clock network delay (ideal)
   0.0000    0.0000 ^ mshrs/mshrs_0/rpq/_3866_/CLK (sky130_fd_sc_hd__dfxtp_1)
   0.4395    0.4395 ^ mshrs/mshrs_0/rpq/_3866_/Q (sky130_fd_sc_hd__dfxtp_1)
   0.2729    0.7124 ^ mshrs/mshrs_0/rpq/_2372_/X (sky130_fd_sc_hd__clkbuf_1)
   0.5935    1.3058 ^ mshrs/mshrs_0/rpq/_2407_/Y (sky130_fd_sc_hd__nor4bb_1)
   0.3288    1.6347 ^ mshrs/mshrs_0/rpq/_2408_/X (sky130_fd_sc_hd__clkbuf_1)
   0.3003    1.9350 ^ mshrs/mshrs_0/rpq/_2409_/X (sky130_fd_sc_hd__lpflow_clkbufkapwr_1)
   0.3058    2.2408 ^ mshrs/mshrs_0/rpq/_2475_/X (sky130_fd_sc_hd__lpflow_clkbufkapwr_1)
   0.1268    2.3676 v mshrs/mshrs_0/rpq/_2489_/Y (sky130_fd_sc_hd__a21boi_0)
   0.1539    2.5215 v mshrs/mshrs_0/rpq/_2492_/X (sky130_fd_sc_hd__and3_1)
   0.1456    2.6671 ^ mshrs/mshrs_0/rpq/_2496_/Y (sky130_fd_sc_hd__nand4_1)
   0.0926    2.7597 v mshrs/mshrs_0/_0590_/Y (sky130_fd_sc_hd__nor4_1)
   0.0868    2.8465 ^ mshrs/mshrs_0/_0603_/Y (sky130_fd_sc_hd__nand3_1)
   0.1407    2.9872 v mshrs/mshrs_0/_0604_/Y (sky130_fd_sc_hd__nand2_1)
   0.2570    3.2442 ^ mshrs/lb_read_arb/_2_/X (sky130_fd_sc_hd__mux2_2)
   0.2830    3.5272 ^ mshrs/lb_ext/_1577_/X (sky130_fd_sc_hd__clkbuf_1)
   0.5167    4.0439 ^ mshrs/lb_ext/_1578_/X (sky130_fd_sc_hd__lpflow_clkbufkapwr_1)
   0.5343    4.5782 ^ mshrs/lb_ext/_1579_/X (sky130_fd_sc_hd__lpflow_clkbufkapwr_1)
   0.3985    4.9767 ^ mshrs/lb_ext/_1723_/X (sky130_fd_sc_hd__lpflow_clkbufkapwr_1)
   0.3547    5.3314 v mshrs/lb_ext/_1779_/X (sky130_fd_sc_hd__mux4_2)
   0.1754    5.5068 v mshrs/_0553_/X (sky130_fd_sc_hd__lpflow_inputiso0n_1)
   0.2831    5.7899 v mshrs/mshrs_1/_0683_/X (sky130_fd_sc_hd__mux2_2)
   0.2118    6.0018 ^ mshrs/mshrs_1/_0686_/Y (sky130_fd_sc_hd__a21oi_1)
   0.1112    6.1130 v mshrs/mshrs_1/_0691_/Y (sky130_fd_sc_hd__a21oi_1)
   0.1906    6.3037 ^ mshrs/mshrs_1/_0710_/Y (sky130_fd_sc_hd__nand3_1)
   0.2027    6.5064 v mshrs/mshrs_1/_0721_/Y (sky130_fd_sc_hd__o31ai_1)
   0.3485    6.8549 ^ mshrs/mshrs_1/_0744_/Y (sky130_fd_sc_hd__a41oi_1)
   0.3112    7.1661 ^ mshrs/mshrs_1/_0769_/X (sky130_fd_sc_hd__clkbuf_1)
   0.0836    7.2497 v mshrs/mshrs_1/_0785_/Y (sky130_fd_sc_hd__nand2_1)
   0.1286    7.3783 ^ mshrs/resp_arb/_0918_/Y (sky130_fd_sc_hd__mux2i_1)
   0.1334    7.5117 v mshrs/resp_arb/_0920_/Y (sky130_fd_sc_hd__o21ai_0)
   0.2839    7.7956 v mshrs/respq/ram_ext/_443_/X (sky130_fd_sc_hd__mux2_2)
   0.0035    7.7991 v mshrs/respq/ram_ext/_727_/D (sky130_fd_sc_hd__dfxtp_1)
             7.7991   data arrival time

  20.0000   20.0000   clock clock (rise edge)
   0.0000   20.0000   clock network delay (ideal)
   0.0000   20.0000   clock reconvergence pessimism
            20.0000 ^ mshrs/respq/ram_ext/_727_/CLK (sky130_fd_sc_hd__dfxtp_1)
  -0.1214   19.8786   library setup time
            19.8786   data required time
-------------------------------------------------------------
            19.8786   data required time
            -7.7991   data arrival time
-------------------------------------------------------------
            12.0795   slack (MET)


Startpoint: mshrs/mshrs_0/rpq/_3866_
            (rising edge-triggered flip-flop clocked by clock)
Endpoint: mshrs/respq/ram_ext/_728_
          (rising edge-triggered flip-flop clocked by clock)
Path Group: clock
Path Type: max

    Delay      Time   Description
-------------------------------------------------------------
   0.0000    0.0000   clock clock (rise edge)
   0.0000    0.0000   clock network delay (ideal)
   0.0000    0.0000 ^ mshrs/mshrs_0/rpq/_3866_/CLK (sky130_fd_sc_hd__dfxtp_1)
   0.4395    0.4395 ^ mshrs/mshrs_0/rpq/_3866_/Q (sky130_fd_sc_hd__dfxtp_1)
   0.2729    0.7124 ^ mshrs/mshrs_0/rpq/_2372_/X (sky130_fd_sc_hd__clkbuf_1)
   0.5935    1.3058 ^ mshrs/mshrs_0/rpq/_2407_/Y (sky130_fd_sc_hd__nor4bb_1)
   0.3288    1.6347 ^ mshrs/mshrs_0/rpq/_2408_/X (sky130_fd_sc_hd__clkbuf_1)
   0.3003    1.9350 ^ mshrs/mshrs_0/rpq/_2409_/X (sky130_fd_sc_hd__lpflow_clkbufkapwr_1)
   0.3058    2.2408 ^ mshrs/mshrs_0/rpq/_2475_/X (sky130_fd_sc_hd__lpflow_clkbufkapwr_1)
   0.1268    2.3676 v mshrs/mshrs_0/rpq/_2489_/Y (sky130_fd_sc_hd__a21boi_0)
   0.1539    2.5215 v mshrs/mshrs_0/rpq/_2492_/X (sky130_fd_sc_hd__and3_1)
   0.1456    2.6671 ^ mshrs/mshrs_0/rpq/_2496_/Y (sky130_fd_sc_hd__nand4_1)
   0.0926    2.7597 v mshrs/mshrs_0/_0590_/Y (sky130_fd_sc_hd__nor4_1)
   0.0868    2.8465 ^ mshrs/mshrs_0/_0603_/Y (sky130_fd_sc_hd__nand3_1)
   0.1407    2.9872 v mshrs/mshrs_0/_0604_/Y (sky130_fd_sc_hd__nand2_1)
   0.2570    3.2442 ^ mshrs/lb_read_arb/_2_/X (sky130_fd_sc_hd__mux2_2)
   0.2830    3.5272 ^ mshrs/lb_ext/_1577_/X (sky130_fd_sc_hd__clkbuf_1)
   0.5167    4.0439 ^ mshrs/lb_ext/_1578_/X (sky130_fd_sc_hd__lpflow_clkbufkapwr_1)
   0.5343    4.5782 ^ mshrs/lb_ext/_1579_/X (sky130_fd_sc_hd__lpflow_clkbufkapwr_1)
   0.3985    4.9767 ^ mshrs/lb_ext/_1723_/X (sky130_fd_sc_hd__lpflow_clkbufkapwr_1)
   0.3547    5.3314 v mshrs/lb_ext/_1779_/X (sky130_fd_sc_hd__mux4_2)
   0.1754    5.5068 v mshrs/_0553_/X (sky130_fd_sc_hd__lpflow_inputiso0n_1)
   0.2831    5.7899 v mshrs/mshrs_1/_0683_/X (sky130_fd_sc_hd__mux2_2)
   0.2118    6.0018 ^ mshrs/mshrs_1/_0686_/Y (sky130_fd_sc_hd__a21oi_1)
   0.1112    6.1130 v mshrs/mshrs_1/_0691_/Y (sky130_fd_sc_hd__a21oi_1)
   0.1906    6.3037 ^ mshrs/mshrs_1/_0710_/Y (sky130_fd_sc_hd__nand3_1)
   0.2027    6.5064 v mshrs/mshrs_1/_0721_/Y (sky130_fd_sc_hd__o31ai_1)
   0.3485    6.8549 ^ mshrs/mshrs_1/_0744_/Y (sky130_fd_sc_hd__a41oi_1)
   0.3112    7.1661 ^ mshrs/mshrs_1/_0769_/X (sky130_fd_sc_hd__clkbuf_1)
   0.0836    7.2497 v mshrs/mshrs_1/_0787_/Y (sky130_fd_sc_hd__nand2_1)
   0.1286    7.3783 ^ mshrs/resp_arb/_0921_/Y (sky130_fd_sc_hd__mux2i_1)
   0.1334    7.5117 v mshrs/resp_arb/_0923_/Y (sky130_fd_sc_hd__o21ai_0)
   0.2839    7.7956 v mshrs/respq/ram_ext/_444_/X (sky130_fd_sc_hd__mux2_2)
   0.0035    7.7991 v mshrs/respq/ram_ext/_728_/D (sky130_fd_sc_hd__dfxtp_1)
             7.7991   data arrival time

  20.0000   20.0000   clock clock (rise edge)
   0.0000   20.0000   clock network delay (ideal)
   0.0000   20.0000   clock reconvergence pessimism
            20.0000 ^ mshrs/respq/ram_ext/_728_/CLK (sky130_fd_sc_hd__dfxtp_1)
  -0.1214   19.8786   library setup time
            19.8786   data required time
-------------------------------------------------------------
            19.8786   data required time
            -7.7991   data arrival time
-------------------------------------------------------------
            12.0795   slack (MET)


Startpoint: mshrs/mshrs_0/rpq/_3866_
            (rising edge-triggered flip-flop clocked by clock)
Endpoint: mshrs/respq/ram_ext/_729_
          (rising edge-triggered flip-flop clocked by clock)
Path Group: clock
Path Type: max

    Delay      Time   Description
-------------------------------------------------------------
   0.0000    0.0000   clock clock (rise edge)
   0.0000    0.0000   clock network delay (ideal)
   0.0000    0.0000 ^ mshrs/mshrs_0/rpq/_3866_/CLK (sky130_fd_sc_hd__dfxtp_1)
   0.4395    0.4395 ^ mshrs/mshrs_0/rpq/_3866_/Q (sky130_fd_sc_hd__dfxtp_1)
   0.2729    0.7124 ^ mshrs/mshrs_0/rpq/_2372_/X (sky130_fd_sc_hd__clkbuf_1)
   0.5935    1.3058 ^ mshrs/mshrs_0/rpq/_2407_/Y (sky130_fd_sc_hd__nor4bb_1)
   0.3288    1.6347 ^ mshrs/mshrs_0/rpq/_2408_/X (sky130_fd_sc_hd__clkbuf_1)
   0.3003    1.9350 ^ mshrs/mshrs_0/rpq/_2409_/X (sky130_fd_sc_hd__lpflow_clkbufkapwr_1)
   0.3058    2.2408 ^ mshrs/mshrs_0/rpq/_2475_/X (sky130_fd_sc_hd__lpflow_clkbufkapwr_1)
   0.1268    2.3676 v mshrs/mshrs_0/rpq/_2489_/Y (sky130_fd_sc_hd__a21boi_0)
   0.1539    2.5215 v mshrs/mshrs_0/rpq/_2492_/X (sky130_fd_sc_hd__and3_1)
   0.1456    2.6671 ^ mshrs/mshrs_0/rpq/_2496_/Y (sky130_fd_sc_hd__nand4_1)
   0.0926    2.7597 v mshrs/mshrs_0/_0590_/Y (sky130_fd_sc_hd__nor4_1)
   0.0868    2.8465 ^ mshrs/mshrs_0/_0603_/Y (sky130_fd_sc_hd__nand3_1)
   0.1407    2.9872 v mshrs/mshrs_0/_0604_/Y (sky130_fd_sc_hd__nand2_1)
   0.2570    3.2442 ^ mshrs/lb_read_arb/_2_/X (sky130_fd_sc_hd__mux2_2)
   0.2830    3.5272 ^ mshrs/lb_ext/_1577_/X (sky130_fd_sc_hd__clkbuf_1)
   0.5167    4.0439 ^ mshrs/lb_ext/_1578_/X (sky130_fd_sc_hd__lpflow_clkbufkapwr_1)
   0.5343    4.5782 ^ mshrs/lb_ext/_1579_/X (sky130_fd_sc_hd__lpflow_clkbufkapwr_1)
   0.3985    4.9767 ^ mshrs/lb_ext/_1723_/X (sky130_fd_sc_hd__lpflow_clkbufkapwr_1)
   0.3547    5.3314 v mshrs/lb_ext/_1779_/X (sky130_fd_sc_hd__mux4_2)
   0.1754    5.5068 v mshrs/_0553_/X (sky130_fd_sc_hd__lpflow_inputiso0n_1)
   0.2831    5.7899 v mshrs/mshrs_1/_0683_/X (sky130_fd_sc_hd__mux2_2)
   0.2118    6.0018 ^ mshrs/mshrs_1/_0686_/Y (sky130_fd_sc_hd__a21oi_1)
   0.1112    6.1130 v mshrs/mshrs_1/_0691_/Y (sky130_fd_sc_hd__a21oi_1)
   0.1906    6.3037 ^ mshrs/mshrs_1/_0710_/Y (sky130_fd_sc_hd__nand3_1)
   0.2027    6.5064 v mshrs/mshrs_1/_0721_/Y (sky130_fd_sc_hd__o31ai_1)
   0.3485    6.8549 ^ mshrs/mshrs_1/_0744_/Y (sky130_fd_sc_hd__a41oi_1)
   0.3112    7.1661 ^ mshrs/mshrs_1/_0769_/X (sky130_fd_sc_hd__clkbuf_1)
   0.0836    7.2497 v mshrs/mshrs_1/_0791_/Y (sky130_fd_sc_hd__nand2_1)
   0.1286    7.3783 ^ mshrs/resp_arb/_0924_/Y (sky130_fd_sc_hd__mux2i_1)
   0.1334    7.5117 v mshrs/resp_arb/_0926_/Y (sky130_fd_sc_hd__o21ai_0)
   0.2839    7.7956 v mshrs/respq/ram_ext/_445_/X (sky130_fd_sc_hd__mux2_2)
   0.0035    7.7991 v mshrs/respq/ram_ext/_729_/D (sky130_fd_sc_hd__dfxtp_1)
             7.7991   data arrival time

  20.0000   20.0000   clock clock (rise edge)
   0.0000   20.0000   clock network delay (ideal)
   0.0000   20.0000   clock reconvergence pessimism
            20.0000 ^ mshrs/respq/ram_ext/_729_/CLK (sky130_fd_sc_hd__dfxtp_1)
  -0.1214   19.8786   library setup time
            19.8786   data required time
-------------------------------------------------------------
            19.8786   data required time
            -7.7991   data arrival time
-------------------------------------------------------------
            12.0795   slack (MET)


Startpoint: mshrs/mshrs_0/rpq/_3866_
            (rising edge-triggered flip-flop clocked by clock)
Endpoint: mshrs/respq/ram_ext/_730_
          (rising edge-triggered flip-flop clocked by clock)
Path Group: clock
Path Type: max

    Delay      Time   Description
-------------------------------------------------------------
   0.0000    0.0000   clock clock (rise edge)
   0.0000    0.0000   clock network delay (ideal)
   0.0000    0.0000 ^ mshrs/mshrs_0/rpq/_3866_/CLK (sky130_fd_sc_hd__dfxtp_1)
   0.4395    0.4395 ^ mshrs/mshrs_0/rpq/_3866_/Q (sky130_fd_sc_hd__dfxtp_1)
   0.2729    0.7124 ^ mshrs/mshrs_0/rpq/_2372_/X (sky130_fd_sc_hd__clkbuf_1)
   0.5935    1.3058 ^ mshrs/mshrs_0/rpq/_2407_/Y (sky130_fd_sc_hd__nor4bb_1)
   0.3288    1.6347 ^ mshrs/mshrs_0/rpq/_2408_/X (sky130_fd_sc_hd__clkbuf_1)
   0.3003    1.9350 ^ mshrs/mshrs_0/rpq/_2409_/X (sky130_fd_sc_hd__lpflow_clkbufkapwr_1)
   0.3058    2.2408 ^ mshrs/mshrs_0/rpq/_2475_/X (sky130_fd_sc_hd__lpflow_clkbufkapwr_1)
   0.1268    2.3676 v mshrs/mshrs_0/rpq/_2489_/Y (sky130_fd_sc_hd__a21boi_0)
   0.1539    2.5215 v mshrs/mshrs_0/rpq/_2492_/X (sky130_fd_sc_hd__and3_1)
   0.1456    2.6671 ^ mshrs/mshrs_0/rpq/_2496_/Y (sky130_fd_sc_hd__nand4_1)
   0.0926    2.7597 v mshrs/mshrs_0/_0590_/Y (sky130_fd_sc_hd__nor4_1)
   0.0868    2.8465 ^ mshrs/mshrs_0/_0603_/Y (sky130_fd_sc_hd__nand3_1)
   0.1407    2.9872 v mshrs/mshrs_0/_0604_/Y (sky130_fd_sc_hd__nand2_1)
   0.2570    3.2442 ^ mshrs/lb_read_arb/_2_/X (sky130_fd_sc_hd__mux2_2)
   0.2830    3.5272 ^ mshrs/lb_ext/_1577_/X (sky130_fd_sc_hd__clkbuf_1)
   0.5167    4.0439 ^ mshrs/lb_ext/_1578_/X (sky130_fd_sc_hd__lpflow_clkbufkapwr_1)
   0.5343    4.5782 ^ mshrs/lb_ext/_1579_/X (sky130_fd_sc_hd__lpflow_clkbufkapwr_1)
   0.3985    4.9767 ^ mshrs/lb_ext/_1723_/X (sky130_fd_sc_hd__lpflow_clkbufkapwr_1)
   0.3547    5.3314 v mshrs/lb_ext/_1779_/X (sky130_fd_sc_hd__mux4_2)
   0.1754    5.5068 v mshrs/_0553_/X (sky130_fd_sc_hd__lpflow_inputiso0n_1)
   0.2831    5.7899 v mshrs/mshrs_1/_0683_/X (sky130_fd_sc_hd__mux2_2)
   0.2118    6.0018 ^ mshrs/mshrs_1/_0686_/Y (sky130_fd_sc_hd__a21oi_1)
   0.1112    6.1130 v mshrs/mshrs_1/_0691_/Y (sky130_fd_sc_hd__a21oi_1)
   0.1906    6.3037 ^ mshrs/mshrs_1/_0710_/Y (sky130_fd_sc_hd__nand3_1)
   0.2027    6.5064 v mshrs/mshrs_1/_0721_/Y (sky130_fd_sc_hd__o31ai_1)
   0.3485    6.8549 ^ mshrs/mshrs_1/_0744_/Y (sky130_fd_sc_hd__a41oi_1)
   0.3112    7.1661 ^ mshrs/mshrs_1/_0792_/X (sky130_fd_sc_hd__clkbuf_1)
   0.0836    7.2497 v mshrs/mshrs_1/_0794_/Y (sky130_fd_sc_hd__nand2_1)
   0.1286    7.3783 ^ mshrs/resp_arb/_0928_/Y (sky130_fd_sc_hd__mux2i_1)
   0.1334    7.5117 v mshrs/resp_arb/_0930_/Y (sky130_fd_sc_hd__o21ai_0)
   0.2839    7.7956 v mshrs/respq/ram_ext/_446_/X (sky130_fd_sc_hd__mux2_2)
   0.0035    7.7991 v mshrs/respq/ram_ext/_730_/D (sky130_fd_sc_hd__dfxtp_1)
             7.7991   data arrival time

  20.0000   20.0000   clock clock (rise edge)
   0.0000   20.0000   clock network delay (ideal)
   0.0000   20.0000   clock reconvergence pessimism
            20.0000 ^ mshrs/respq/ram_ext/_730_/CLK (sky130_fd_sc_hd__dfxtp_1)
  -0.1214   19.8786   library setup time
            19.8786   data required time
-------------------------------------------------------------
            19.8786   data required time
            -7.7991   data arrival time
-------------------------------------------------------------
            12.0795   slack (MET)


Startpoint: mshrs/mshrs_0/rpq/_3866_
            (rising edge-triggered flip-flop clocked by clock)
Endpoint: mshrs/respq/ram_ext/_731_
          (rising edge-triggered flip-flop clocked by clock)
Path Group: clock
Path Type: max

    Delay      Time   Description
-------------------------------------------------------------
   0.0000    0.0000   clock clock (rise edge)
   0.0000    0.0000   clock network delay (ideal)
   0.0000    0.0000 ^ mshrs/mshrs_0/rpq/_3866_/CLK (sky130_fd_sc_hd__dfxtp_1)
   0.4395    0.4395 ^ mshrs/mshrs_0/rpq/_3866_/Q (sky130_fd_sc_hd__dfxtp_1)
   0.2729    0.7124 ^ mshrs/mshrs_0/rpq/_2372_/X (sky130_fd_sc_hd__clkbuf_1)
   0.5935    1.3058 ^ mshrs/mshrs_0/rpq/_2407_/Y (sky130_fd_sc_hd__nor4bb_1)
   0.3288    1.6347 ^ mshrs/mshrs_0/rpq/_2408_/X (sky130_fd_sc_hd__clkbuf_1)
   0.3003    1.9350 ^ mshrs/mshrs_0/rpq/_2409_/X (sky130_fd_sc_hd__lpflow_clkbufkapwr_1)
   0.3058    2.2408 ^ mshrs/mshrs_0/rpq/_2475_/X (sky130_fd_sc_hd__lpflow_clkbufkapwr_1)
   0.1268    2.3676 v mshrs/mshrs_0/rpq/_2489_/Y (sky130_fd_sc_hd__a21boi_0)
   0.1539    2.5215 v mshrs/mshrs_0/rpq/_2492_/X (sky130_fd_sc_hd__and3_1)
   0.1456    2.6671 ^ mshrs/mshrs_0/rpq/_2496_/Y (sky130_fd_sc_hd__nand4_1)
   0.0926    2.7597 v mshrs/mshrs_0/_0590_/Y (sky130_fd_sc_hd__nor4_1)
   0.0868    2.8465 ^ mshrs/mshrs_0/_0603_/Y (sky130_fd_sc_hd__nand3_1)
   0.1407    2.9872 v mshrs/mshrs_0/_0604_/Y (sky130_fd_sc_hd__nand2_1)
   0.2570    3.2442 ^ mshrs/lb_read_arb/_2_/X (sky130_fd_sc_hd__mux2_2)
   0.2830    3.5272 ^ mshrs/lb_ext/_1577_/X (sky130_fd_sc_hd__clkbuf_1)
   0.5167    4.0439 ^ mshrs/lb_ext/_1578_/X (sky130_fd_sc_hd__lpflow_clkbufkapwr_1)
   0.5343    4.5782 ^ mshrs/lb_ext/_1579_/X (sky130_fd_sc_hd__lpflow_clkbufkapwr_1)
   0.3985    4.9767 ^ mshrs/lb_ext/_1723_/X (sky130_fd_sc_hd__lpflow_clkbufkapwr_1)
   0.3547    5.3314 v mshrs/lb_ext/_1779_/X (sky130_fd_sc_hd__mux4_2)
   0.1754    5.5068 v mshrs/_0553_/X (sky130_fd_sc_hd__lpflow_inputiso0n_1)
   0.2831    5.7899 v mshrs/mshrs_1/_0683_/X (sky130_fd_sc_hd__mux2_2)
   0.2118    6.0018 ^ mshrs/mshrs_1/_0686_/Y (sky130_fd_sc_hd__a21oi_1)
   0.1112    6.1130 v mshrs/mshrs_1/_0691_/Y (sky130_fd_sc_hd__a21oi_1)
   0.1906    6.3037 ^ mshrs/mshrs_1/_0710_/Y (sky130_fd_sc_hd__nand3_1)
   0.2027    6.5064 v mshrs/mshrs_1/_0721_/Y (sky130_fd_sc_hd__o31ai_1)
   0.3485    6.8549 ^ mshrs/mshrs_1/_0744_/Y (sky130_fd_sc_hd__a41oi_1)
   0.3112    7.1661 ^ mshrs/mshrs_1/_0792_/X (sky130_fd_sc_hd__clkbuf_1)
   0.0836    7.2497 v mshrs/mshrs_1/_0796_/Y (sky130_fd_sc_hd__nand2_1)
   0.1286    7.3783 ^ mshrs/resp_arb/_0931_/Y (sky130_fd_sc_hd__mux2i_1)
   0.1334    7.5117 v mshrs/resp_arb/_0933_/Y (sky130_fd_sc_hd__o21ai_0)
   0.2839    7.7956 v mshrs/respq/ram_ext/_447_/X (sky130_fd_sc_hd__mux2_2)
   0.0035    7.7991 v mshrs/respq/ram_ext/_731_/D (sky130_fd_sc_hd__dfxtp_1)
             7.7991   data arrival time

  20.0000   20.0000   clock clock (rise edge)
   0.0000   20.0000   clock network delay (ideal)
   0.0000   20.0000   clock reconvergence pessimism
            20.0000 ^ mshrs/respq/ram_ext/_731_/CLK (sky130_fd_sc_hd__dfxtp_1)
  -0.1214   19.8786   library setup time
            19.8786   data required time
-------------------------------------------------------------
            19.8786   data required time
            -7.7991   data arrival time
-------------------------------------------------------------
            12.0795   slack (MET)


Startpoint: mshrs/mshrs_0/rpq/_3866_
            (rising edge-triggered flip-flop clocked by clock)
Endpoint: mshrs/respq/ram_ext/_732_
          (rising edge-triggered flip-flop clocked by clock)
Path Group: clock
Path Type: max

    Delay      Time   Description
-------------------------------------------------------------
   0.0000    0.0000   clock clock (rise edge)
   0.0000    0.0000   clock network delay (ideal)
   0.0000    0.0000 ^ mshrs/mshrs_0/rpq/_3866_/CLK (sky130_fd_sc_hd__dfxtp_1)
   0.4395    0.4395 ^ mshrs/mshrs_0/rpq/_3866_/Q (sky130_fd_sc_hd__dfxtp_1)
   0.2729    0.7124 ^ mshrs/mshrs_0/rpq/_2372_/X (sky130_fd_sc_hd__clkbuf_1)
   0.5935    1.3058 ^ mshrs/mshrs_0/rpq/_2407_/Y (sky130_fd_sc_hd__nor4bb_1)
   0.3288    1.6347 ^ mshrs/mshrs_0/rpq/_2408_/X (sky130_fd_sc_hd__clkbuf_1)
   0.3003    1.9350 ^ mshrs/mshrs_0/rpq/_2409_/X (sky130_fd_sc_hd__lpflow_clkbufkapwr_1)
   0.3058    2.2408 ^ mshrs/mshrs_0/rpq/_2475_/X (sky130_fd_sc_hd__lpflow_clkbufkapwr_1)
   0.1268    2.3676 v mshrs/mshrs_0/rpq/_2489_/Y (sky130_fd_sc_hd__a21boi_0)
   0.1539    2.5215 v mshrs/mshrs_0/rpq/_2492_/X (sky130_fd_sc_hd__and3_1)
   0.1456    2.6671 ^ mshrs/mshrs_0/rpq/_2496_/Y (sky130_fd_sc_hd__nand4_1)
   0.0926    2.7597 v mshrs/mshrs_0/_0590_/Y (sky130_fd_sc_hd__nor4_1)
   0.0868    2.8465 ^ mshrs/mshrs_0/_0603_/Y (sky130_fd_sc_hd__nand3_1)
   0.1407    2.9872 v mshrs/mshrs_0/_0604_/Y (sky130_fd_sc_hd__nand2_1)
   0.2570    3.2442 ^ mshrs/lb_read_arb/_2_/X (sky130_fd_sc_hd__mux2_2)
   0.2830    3.5272 ^ mshrs/lb_ext/_1577_/X (sky130_fd_sc_hd__clkbuf_1)
   0.5167    4.0439 ^ mshrs/lb_ext/_1578_/X (sky130_fd_sc_hd__lpflow_clkbufkapwr_1)
   0.5343    4.5782 ^ mshrs/lb_ext/_1579_/X (sky130_fd_sc_hd__lpflow_clkbufkapwr_1)
   0.3985    4.9767 ^ mshrs/lb_ext/_1723_/X (sky130_fd_sc_hd__lpflow_clkbufkapwr_1)
   0.3547    5.3314 v mshrs/lb_ext/_1779_/X (sky130_fd_sc_hd__mux4_2)
   0.1754    5.5068 v mshrs/_0553_/X (sky130_fd_sc_hd__lpflow_inputiso0n_1)
   0.2831    5.7899 v mshrs/mshrs_1/_0683_/X (sky130_fd_sc_hd__mux2_2)
   0.2118    6.0018 ^ mshrs/mshrs_1/_0686_/Y (sky130_fd_sc_hd__a21oi_1)
   0.1112    6.1130 v mshrs/mshrs_1/_0691_/Y (sky130_fd_sc_hd__a21oi_1)
   0.1906    6.3037 ^ mshrs/mshrs_1/_0710_/Y (sky130_fd_sc_hd__nand3_1)
   0.2027    6.5064 v mshrs/mshrs_1/_0721_/Y (sky130_fd_sc_hd__o31ai_1)
   0.3485    6.8549 ^ mshrs/mshrs_1/_0744_/Y (sky130_fd_sc_hd__a41oi_1)
   0.3112    7.1661 ^ mshrs/mshrs_1/_0792_/X (sky130_fd_sc_hd__clkbuf_1)
   0.0836    7.2497 v mshrs/mshrs_1/_0798_/Y (sky130_fd_sc_hd__nand2_1)
   0.1286    7.3783 ^ mshrs/resp_arb/_0934_/Y (sky130_fd_sc_hd__mux2i_1)
   0.1334    7.5117 v mshrs/resp_arb/_0936_/Y (sky130_fd_sc_hd__o21ai_0)
   0.2839    7.7956 v mshrs/respq/ram_ext/_448_/X (sky130_fd_sc_hd__mux2_2)
   0.0035    7.7991 v mshrs/respq/ram_ext/_732_/D (sky130_fd_sc_hd__dfxtp_1)
             7.7991   data arrival time

  20.0000   20.0000   clock clock (rise edge)
   0.0000   20.0000   clock network delay (ideal)
   0.0000   20.0000   clock reconvergence pessimism
            20.0000 ^ mshrs/respq/ram_ext/_732_/CLK (sky130_fd_sc_hd__dfxtp_1)
  -0.1214   19.8786   library setup time
            19.8786   data required time
-------------------------------------------------------------
            19.8786   data required time
            -7.7991   data arrival time
-------------------------------------------------------------
            12.0795   slack (MET)


Startpoint: mshrs/mshrs_0/rpq/_3866_
            (rising edge-triggered flip-flop clocked by clock)
Endpoint: mshrs/respq/ram_ext/_733_
          (rising edge-triggered flip-flop clocked by clock)
Path Group: clock
Path Type: max

    Delay      Time   Description
-------------------------------------------------------------
   0.0000    0.0000   clock clock (rise edge)
   0.0000    0.0000   clock network delay (ideal)
   0.0000    0.0000 ^ mshrs/mshrs_0/rpq/_3866_/CLK (sky130_fd_sc_hd__dfxtp_1)
   0.4395    0.4395 ^ mshrs/mshrs_0/rpq/_3866_/Q (sky130_fd_sc_hd__dfxtp_1)
   0.2729    0.7124 ^ mshrs/mshrs_0/rpq/_2372_/X (sky130_fd_sc_hd__clkbuf_1)
   0.5935    1.3058 ^ mshrs/mshrs_0/rpq/_2407_/Y (sky130_fd_sc_hd__nor4bb_1)
   0.3288    1.6347 ^ mshrs/mshrs_0/rpq/_2408_/X (sky130_fd_sc_hd__clkbuf_1)
   0.3003    1.9350 ^ mshrs/mshrs_0/rpq/_2409_/X (sky130_fd_sc_hd__lpflow_clkbufkapwr_1)
   0.3058    2.2408 ^ mshrs/mshrs_0/rpq/_2475_/X (sky130_fd_sc_hd__lpflow_clkbufkapwr_1)
   0.1268    2.3676 v mshrs/mshrs_0/rpq/_2489_/Y (sky130_fd_sc_hd__a21boi_0)
   0.1539    2.5215 v mshrs/mshrs_0/rpq/_2492_/X (sky130_fd_sc_hd__and3_1)
   0.1456    2.6671 ^ mshrs/mshrs_0/rpq/_2496_/Y (sky130_fd_sc_hd__nand4_1)
   0.0926    2.7597 v mshrs/mshrs_0/_0590_/Y (sky130_fd_sc_hd__nor4_1)
   0.0868    2.8465 ^ mshrs/mshrs_0/_0603_/Y (sky130_fd_sc_hd__nand3_1)
   0.1407    2.9872 v mshrs/mshrs_0/_0604_/Y (sky130_fd_sc_hd__nand2_1)
   0.2570    3.2442 ^ mshrs/lb_read_arb/_2_/X (sky130_fd_sc_hd__mux2_2)
   0.2830    3.5272 ^ mshrs/lb_ext/_1577_/X (sky130_fd_sc_hd__clkbuf_1)
   0.5167    4.0439 ^ mshrs/lb_ext/_1578_/X (sky130_fd_sc_hd__lpflow_clkbufkapwr_1)
   0.5343    4.5782 ^ mshrs/lb_ext/_1579_/X (sky130_fd_sc_hd__lpflow_clkbufkapwr_1)
   0.3985    4.9767 ^ mshrs/lb_ext/_1723_/X (sky130_fd_sc_hd__lpflow_clkbufkapwr_1)
   0.3547    5.3314 v mshrs/lb_ext/_1779_/X (sky130_fd_sc_hd__mux4_2)
   0.1754    5.5068 v mshrs/_0553_/X (sky130_fd_sc_hd__lpflow_inputiso0n_1)
   0.2831    5.7899 v mshrs/mshrs_1/_0683_/X (sky130_fd_sc_hd__mux2_2)
   0.2118    6.0018 ^ mshrs/mshrs_1/_0686_/Y (sky130_fd_sc_hd__a21oi_1)
   0.1112    6.1130 v mshrs/mshrs_1/_0691_/Y (sky130_fd_sc_hd__a21oi_1)
   0.1906    6.3037 ^ mshrs/mshrs_1/_0710_/Y (sky130_fd_sc_hd__nand3_1)
   0.2027    6.5064 v mshrs/mshrs_1/_0721_/Y (sky130_fd_sc_hd__o31ai_1)
   0.3485    6.8549 ^ mshrs/mshrs_1/_0744_/Y (sky130_fd_sc_hd__a41oi_1)
   0.3112    7.1661 ^ mshrs/mshrs_1/_0792_/X (sky130_fd_sc_hd__clkbuf_1)
   0.0836    7.2497 v mshrs/mshrs_1/_0800_/Y (sky130_fd_sc_hd__nand2_1)
   0.1286    7.3783 ^ mshrs/resp_arb/_0937_/Y (sky130_fd_sc_hd__mux2i_1)
   0.1334    7.5117 v mshrs/resp_arb/_0939_/Y (sky130_fd_sc_hd__o21ai_0)
   0.2839    7.7956 v mshrs/respq/ram_ext/_449_/X (sky130_fd_sc_hd__mux2_2)
   0.0035    7.7991 v mshrs/respq/ram_ext/_733_/D (sky130_fd_sc_hd__dfxtp_1)
             7.7991   data arrival time

  20.0000   20.0000   clock clock (rise edge)
   0.0000   20.0000   clock network delay (ideal)
   0.0000   20.0000   clock reconvergence pessimism
            20.0000 ^ mshrs/respq/ram_ext/_733_/CLK (sky130_fd_sc_hd__dfxtp_1)
  -0.1214   19.8786   library setup time
            19.8786   data required time
-------------------------------------------------------------
            19.8786   data required time
            -7.7991   data arrival time
-------------------------------------------------------------
            12.0795   slack (MET)


Startpoint: mshrs/mshrs_0/rpq/_3866_
            (rising edge-triggered flip-flop clocked by clock)
Endpoint: mshrs/respq/ram_ext/_734_
          (rising edge-triggered flip-flop clocked by clock)
Path Group: clock
Path Type: max

    Delay      Time   Description
-------------------------------------------------------------
   0.0000    0.0000   clock clock (rise edge)
   0.0000    0.0000   clock network delay (ideal)
   0.0000    0.0000 ^ mshrs/mshrs_0/rpq/_3866_/CLK (sky130_fd_sc_hd__dfxtp_1)
   0.4395    0.4395 ^ mshrs/mshrs_0/rpq/_3866_/Q (sky130_fd_sc_hd__dfxtp_1)
   0.2729    0.7124 ^ mshrs/mshrs_0/rpq/_2372_/X (sky130_fd_sc_hd__clkbuf_1)
   0.5935    1.3058 ^ mshrs/mshrs_0/rpq/_2407_/Y (sky130_fd_sc_hd__nor4bb_1)
   0.3288    1.6347 ^ mshrs/mshrs_0/rpq/_2408_/X (sky130_fd_sc_hd__clkbuf_1)
   0.3003    1.9350 ^ mshrs/mshrs_0/rpq/_2409_/X (sky130_fd_sc_hd__lpflow_clkbufkapwr_1)
   0.3058    2.2408 ^ mshrs/mshrs_0/rpq/_2475_/X (sky130_fd_sc_hd__lpflow_clkbufkapwr_1)
   0.1268    2.3676 v mshrs/mshrs_0/rpq/_2489_/Y (sky130_fd_sc_hd__a21boi_0)
   0.1539    2.5215 v mshrs/mshrs_0/rpq/_2492_/X (sky130_fd_sc_hd__and3_1)
   0.1456    2.6671 ^ mshrs/mshrs_0/rpq/_2496_/Y (sky130_fd_sc_hd__nand4_1)
   0.0926    2.7597 v mshrs/mshrs_0/_0590_/Y (sky130_fd_sc_hd__nor4_1)
   0.0868    2.8465 ^ mshrs/mshrs_0/_0603_/Y (sky130_fd_sc_hd__nand3_1)
   0.1407    2.9872 v mshrs/mshrs_0/_0604_/Y (sky130_fd_sc_hd__nand2_1)
   0.2570    3.2442 ^ mshrs/lb_read_arb/_2_/X (sky130_fd_sc_hd__mux2_2)
   0.2830    3.5272 ^ mshrs/lb_ext/_1577_/X (sky130_fd_sc_hd__clkbuf_1)
   0.5167    4.0439 ^ mshrs/lb_ext/_1578_/X (sky130_fd_sc_hd__lpflow_clkbufkapwr_1)
   0.5343    4.5782 ^ mshrs/lb_ext/_1579_/X (sky130_fd_sc_hd__lpflow_clkbufkapwr_1)
   0.3985    4.9767 ^ mshrs/lb_ext/_1723_/X (sky130_fd_sc_hd__lpflow_clkbufkapwr_1)
   0.3547    5.3314 v mshrs/lb_ext/_1779_/X (sky130_fd_sc_hd__mux4_2)
   0.1754    5.5068 v mshrs/_0553_/X (sky130_fd_sc_hd__lpflow_inputiso0n_1)
   0.2831    5.7899 v mshrs/mshrs_1/_0683_/X (sky130_fd_sc_hd__mux2_2)
   0.2118    6.0018 ^ mshrs/mshrs_1/_0686_/Y (sky130_fd_sc_hd__a21oi_1)
   0.1112    6.1130 v mshrs/mshrs_1/_0691_/Y (sky130_fd_sc_hd__a21oi_1)
   0.1906    6.3037 ^ mshrs/mshrs_1/_0710_/Y (sky130_fd_sc_hd__nand3_1)
   0.2027    6.5064 v mshrs/mshrs_1/_0721_/Y (sky130_fd_sc_hd__o31ai_1)
   0.3485    6.8549 ^ mshrs/mshrs_1/_0744_/Y (sky130_fd_sc_hd__a41oi_1)
   0.3112    7.1661 ^ mshrs/mshrs_1/_0792_/X (sky130_fd_sc_hd__clkbuf_1)
   0.0836    7.2497 v mshrs/mshrs_1/_0802_/Y (sky130_fd_sc_hd__nand2_1)
   0.1286    7.3783 ^ mshrs/resp_arb/_0940_/Y (sky130_fd_sc_hd__mux2i_1)
   0.1334    7.5117 v mshrs/resp_arb/_0942_/Y (sky130_fd_sc_hd__o21ai_0)
   0.2839    7.7956 v mshrs/respq/ram_ext/_450_/X (sky130_fd_sc_hd__mux2_2)
   0.0035    7.7991 v mshrs/respq/ram_ext/_734_/D (sky130_fd_sc_hd__dfxtp_1)
             7.7991   data arrival time

  20.0000   20.0000   clock clock (rise edge)
   0.0000   20.0000   clock network delay (ideal)
   0.0000   20.0000   clock reconvergence pessimism
            20.0000 ^ mshrs/respq/ram_ext/_734_/CLK (sky130_fd_sc_hd__dfxtp_1)
  -0.1214   19.8786   library setup time
            19.8786   data required time
-------------------------------------------------------------
            19.8786   data required time
            -7.7991   data arrival time
-------------------------------------------------------------
            12.0795   slack (MET)


Startpoint: mshrs/mshrs_0/rpq/_3866_
            (rising edge-triggered flip-flop clocked by clock)
Endpoint: mshrs/respq/ram_ext/_735_
          (rising edge-triggered flip-flop clocked by clock)
Path Group: clock
Path Type: max

    Delay      Time   Description
-------------------------------------------------------------
   0.0000    0.0000   clock clock (rise edge)
   0.0000    0.0000   clock network delay (ideal)
   0.0000    0.0000 ^ mshrs/mshrs_0/rpq/_3866_/CLK (sky130_fd_sc_hd__dfxtp_1)
   0.4395    0.4395 ^ mshrs/mshrs_0/rpq/_3866_/Q (sky130_fd_sc_hd__dfxtp_1)
   0.2729    0.7124 ^ mshrs/mshrs_0/rpq/_2372_/X (sky130_fd_sc_hd__clkbuf_1)
   0.5935    1.3058 ^ mshrs/mshrs_0/rpq/_2407_/Y (sky130_fd_sc_hd__nor4bb_1)
   0.3288    1.6347 ^ mshrs/mshrs_0/rpq/_2408_/X (sky130_fd_sc_hd__clkbuf_1)
   0.3003    1.9350 ^ mshrs/mshrs_0/rpq/_2409_/X (sky130_fd_sc_hd__lpflow_clkbufkapwr_1)
   0.3058    2.2408 ^ mshrs/mshrs_0/rpq/_2475_/X (sky130_fd_sc_hd__lpflow_clkbufkapwr_1)
   0.1268    2.3676 v mshrs/mshrs_0/rpq/_2489_/Y (sky130_fd_sc_hd__a21boi_0)
   0.1539    2.5215 v mshrs/mshrs_0/rpq/_2492_/X (sky130_fd_sc_hd__and3_1)
   0.1456    2.6671 ^ mshrs/mshrs_0/rpq/_2496_/Y (sky130_fd_sc_hd__nand4_1)
   0.0926    2.7597 v mshrs/mshrs_0/_0590_/Y (sky130_fd_sc_hd__nor4_1)
   0.0868    2.8465 ^ mshrs/mshrs_0/_0603_/Y (sky130_fd_sc_hd__nand3_1)
   0.1407    2.9872 v mshrs/mshrs_0/_0604_/Y (sky130_fd_sc_hd__nand2_1)
   0.2570    3.2442 ^ mshrs/lb_read_arb/_2_/X (sky130_fd_sc_hd__mux2_2)
   0.2830    3.5272 ^ mshrs/lb_ext/_1577_/X (sky130_fd_sc_hd__clkbuf_1)
   0.5167    4.0439 ^ mshrs/lb_ext/_1578_/X (sky130_fd_sc_hd__lpflow_clkbufkapwr_1)
   0.5343    4.5782 ^ mshrs/lb_ext/_1579_/X (sky130_fd_sc_hd__lpflow_clkbufkapwr_1)
   0.3985    4.9767 ^ mshrs/lb_ext/_1723_/X (sky130_fd_sc_hd__lpflow_clkbufkapwr_1)
   0.3547    5.3314 v mshrs/lb_ext/_1779_/X (sky130_fd_sc_hd__mux4_2)
   0.1754    5.5068 v mshrs/_0553_/X (sky130_fd_sc_hd__lpflow_inputiso0n_1)
   0.2831    5.7899 v mshrs/mshrs_1/_0683_/X (sky130_fd_sc_hd__mux2_2)
   0.2118    6.0018 ^ mshrs/mshrs_1/_0686_/Y (sky130_fd_sc_hd__a21oi_1)
   0.1112    6.1130 v mshrs/mshrs_1/_0691_/Y (sky130_fd_sc_hd__a21oi_1)
   0.1906    6.3037 ^ mshrs/mshrs_1/_0710_/Y (sky130_fd_sc_hd__nand3_1)
   0.2027    6.5064 v mshrs/mshrs_1/_0721_/Y (sky130_fd_sc_hd__o31ai_1)
   0.3485    6.8549 ^ mshrs/mshrs_1/_0744_/Y (sky130_fd_sc_hd__a41oi_1)
   0.3112    7.1661 ^ mshrs/mshrs_1/_0792_/X (sky130_fd_sc_hd__clkbuf_1)
   0.0836    7.2497 v mshrs/mshrs_1/_0804_/Y (sky130_fd_sc_hd__nand2_1)
   0.1286    7.3783 ^ mshrs/resp_arb/_0943_/Y (sky130_fd_sc_hd__mux2i_1)
   0.1334    7.5117 v mshrs/resp_arb/_0945_/Y (sky130_fd_sc_hd__o21ai_0)
   0.2839    7.7956 v mshrs/respq/ram_ext/_451_/X (sky130_fd_sc_hd__mux2_2)
   0.0035    7.7991 v mshrs/respq/ram_ext/_735_/D (sky130_fd_sc_hd__dfxtp_1)
             7.7991   data arrival time

  20.0000   20.0000   clock clock (rise edge)
   0.0000   20.0000   clock network delay (ideal)
   0.0000   20.0000   clock reconvergence pessimism
            20.0000 ^ mshrs/respq/ram_ext/_735_/CLK (sky130_fd_sc_hd__dfxtp_1)
  -0.1214   19.8786   library setup time
            19.8786   data required time
-------------------------------------------------------------
            19.8786   data required time
            -7.7991   data arrival time
-------------------------------------------------------------
            12.0795   slack (MET)


Startpoint: mshrs/mshrs_0/rpq/_3866_
            (rising edge-triggered flip-flop clocked by clock)
Endpoint: mshrs/respq/ram_ext/_785_
          (rising edge-triggered flip-flop clocked by clock)
Path Group: clock
Path Type: max

    Delay      Time   Description
-------------------------------------------------------------
   0.0000    0.0000   clock clock (rise edge)
   0.0000    0.0000   clock network delay (ideal)
   0.0000    0.0000 ^ mshrs/mshrs_0/rpq/_3866_/CLK (sky130_fd_sc_hd__dfxtp_1)
   0.4395    0.4395 ^ mshrs/mshrs_0/rpq/_3866_/Q (sky130_fd_sc_hd__dfxtp_1)
   0.2729    0.7124 ^ mshrs/mshrs_0/rpq/_2372_/X (sky130_fd_sc_hd__clkbuf_1)
   0.5935    1.3058 ^ mshrs/mshrs_0/rpq/_2407_/Y (sky130_fd_sc_hd__nor4bb_1)
   0.3288    1.6347 ^ mshrs/mshrs_0/rpq/_2408_/X (sky130_fd_sc_hd__clkbuf_1)
   0.3003    1.9350 ^ mshrs/mshrs_0/rpq/_2409_/X (sky130_fd_sc_hd__lpflow_clkbufkapwr_1)
   0.3058    2.2408 ^ mshrs/mshrs_0/rpq/_2475_/X (sky130_fd_sc_hd__lpflow_clkbufkapwr_1)
   0.1268    2.3676 v mshrs/mshrs_0/rpq/_2489_/Y (sky130_fd_sc_hd__a21boi_0)
   0.1539    2.5215 v mshrs/mshrs_0/rpq/_2492_/X (sky130_fd_sc_hd__and3_1)
   0.1456    2.6671 ^ mshrs/mshrs_0/rpq/_2496_/Y (sky130_fd_sc_hd__nand4_1)
   0.0926    2.7597 v mshrs/mshrs_0/_0590_/Y (sky130_fd_sc_hd__nor4_1)
   0.0868    2.8465 ^ mshrs/mshrs_0/_0603_/Y (sky130_fd_sc_hd__nand3_1)
   0.1407    2.9872 v mshrs/mshrs_0/_0604_/Y (sky130_fd_sc_hd__nand2_1)
   0.2570    3.2442 ^ mshrs/lb_read_arb/_2_/X (sky130_fd_sc_hd__mux2_2)
   0.2830    3.5272 ^ mshrs/lb_ext/_1577_/X (sky130_fd_sc_hd__clkbuf_1)
   0.5167    4.0439 ^ mshrs/lb_ext/_1578_/X (sky130_fd_sc_hd__lpflow_clkbufkapwr_1)
   0.5343    4.5782 ^ mshrs/lb_ext/_1579_/X (sky130_fd_sc_hd__lpflow_clkbufkapwr_1)
   0.3985    4.9767 ^ mshrs/lb_ext/_1723_/X (sky130_fd_sc_hd__lpflow_clkbufkapwr_1)
   0.3547    5.3314 v mshrs/lb_ext/_1779_/X (sky130_fd_sc_hd__mux4_2)
   0.1754    5.5068 v mshrs/_0553_/X (sky130_fd_sc_hd__lpflow_inputiso0n_1)
   0.2831    5.7899 v mshrs/mshrs_1/_0683_/X (sky130_fd_sc_hd__mux2_2)
   0.2118    6.0018 ^ mshrs/mshrs_1/_0686_/Y (sky130_fd_sc_hd__a21oi_1)
   0.1112    6.1130 v mshrs/mshrs_1/_0691_/Y (sky130_fd_sc_hd__a21oi_1)
   0.1906    6.3037 ^ mshrs/mshrs_1/_0710_/Y (sky130_fd_sc_hd__nand3_1)
   0.2027    6.5064 v mshrs/mshrs_1/_0721_/Y (sky130_fd_sc_hd__o31ai_1)
   0.3485    6.8549 ^ mshrs/mshrs_1/_0744_/Y (sky130_fd_sc_hd__a41oi_1)
   0.3112    7.1661 ^ mshrs/mshrs_1/_0769_/X (sky130_fd_sc_hd__clkbuf_1)
   0.0836    7.2497 v mshrs/mshrs_1/_0771_/Y (sky130_fd_sc_hd__nand2_1)
   0.1286    7.3783 ^ mshrs/resp_arb/_0895_/Y (sky130_fd_sc_hd__mux2i_1)
   0.1334    7.5117 v mshrs/resp_arb/_0897_/Y (sky130_fd_sc_hd__o21ai_0)
   0.2839    7.7956 v mshrs/respq/ram_ext/_508_/X (sky130_fd_sc_hd__mux2_2)
   0.0035    7.7991 v mshrs/respq/ram_ext/_785_/D (sky130_fd_sc_hd__dfxtp_1)
             7.7991   data arrival time

  20.0000   20.0000   clock clock (rise edge)
   0.0000   20.0000   clock network delay (ideal)
   0.0000   20.0000   clock reconvergence pessimism
            20.0000 ^ mshrs/respq/ram_ext/_785_/CLK (sky130_fd_sc_hd__dfxtp_1)
  -0.1214   19.8786   library setup time
            19.8786   data required time
-------------------------------------------------------------
            19.8786   data required time
            -7.7991   data arrival time
-------------------------------------------------------------
            12.0795   slack (MET)


Startpoint: mshrs/mshrs_0/rpq/_3866_
            (rising edge-triggered flip-flop clocked by clock)
Endpoint: mshrs/respq/ram_ext/_786_
          (rising edge-triggered flip-flop clocked by clock)
Path Group: clock
Path Type: max

    Delay      Time   Description
-------------------------------------------------------------
   0.0000    0.0000   clock clock (rise edge)
   0.0000    0.0000   clock network delay (ideal)
   0.0000    0.0000 ^ mshrs/mshrs_0/rpq/_3866_/CLK (sky130_fd_sc_hd__dfxtp_1)
   0.4395    0.4395 ^ mshrs/mshrs_0/rpq/_3866_/Q (sky130_fd_sc_hd__dfxtp_1)
   0.2729    0.7124 ^ mshrs/mshrs_0/rpq/_2372_/X (sky130_fd_sc_hd__clkbuf_1)
   0.5935    1.3058 ^ mshrs/mshrs_0/rpq/_2407_/Y (sky130_fd_sc_hd__nor4bb_1)
   0.3288    1.6347 ^ mshrs/mshrs_0/rpq/_2408_/X (sky130_fd_sc_hd__clkbuf_1)
   0.3003    1.9350 ^ mshrs/mshrs_0/rpq/_2409_/X (sky130_fd_sc_hd__lpflow_clkbufkapwr_1)
   0.3058    2.2408 ^ mshrs/mshrs_0/rpq/_2475_/X (sky130_fd_sc_hd__lpflow_clkbufkapwr_1)
   0.1268    2.3676 v mshrs/mshrs_0/rpq/_2489_/Y (sky130_fd_sc_hd__a21boi_0)
   0.1539    2.5215 v mshrs/mshrs_0/rpq/_2492_/X (sky130_fd_sc_hd__and3_1)
   0.1456    2.6671 ^ mshrs/mshrs_0/rpq/_2496_/Y (sky130_fd_sc_hd__nand4_1)
   0.0926    2.7597 v mshrs/mshrs_0/_0590_/Y (sky130_fd_sc_hd__nor4_1)
   0.0868    2.8465 ^ mshrs/mshrs_0/_0603_/Y (sky130_fd_sc_hd__nand3_1)
   0.1407    2.9872 v mshrs/mshrs_0/_0604_/Y (sky130_fd_sc_hd__nand2_1)
   0.2570    3.2442 ^ mshrs/lb_read_arb/_2_/X (sky130_fd_sc_hd__mux2_2)
   0.2830    3.5272 ^ mshrs/lb_ext/_1577_/X (sky130_fd_sc_hd__clkbuf_1)
   0.5167    4.0439 ^ mshrs/lb_ext/_1578_/X (sky130_fd_sc_hd__lpflow_clkbufkapwr_1)
   0.5343    4.5782 ^ mshrs/lb_ext/_1579_/X (sky130_fd_sc_hd__lpflow_clkbufkapwr_1)
   0.3985    4.9767 ^ mshrs/lb_ext/_1723_/X (sky130_fd_sc_hd__lpflow_clkbufkapwr_1)
   0.3547    5.3314 v mshrs/lb_ext/_1779_/X (sky130_fd_sc_hd__mux4_2)
   0.1754    5.5068 v mshrs/_0553_/X (sky130_fd_sc_hd__lpflow_inputiso0n_1)
   0.2831    5.7899 v mshrs/mshrs_1/_0683_/X (sky130_fd_sc_hd__mux2_2)
   0.2118    6.0018 ^ mshrs/mshrs_1/_0686_/Y (sky130_fd_sc_hd__a21oi_1)
   0.1112    6.1130 v mshrs/mshrs_1/_0691_/Y (sky130_fd_sc_hd__a21oi_1)
   0.1906    6.3037 ^ mshrs/mshrs_1/_0710_/Y (sky130_fd_sc_hd__nand3_1)
   0.2027    6.5064 v mshrs/mshrs_1/_0721_/Y (sky130_fd_sc_hd__o31ai_1)
   0.3485    6.8549 ^ mshrs/mshrs_1/_0744_/Y (sky130_fd_sc_hd__a41oi_1)
   0.3112    7.1661 ^ mshrs/mshrs_1/_0769_/X (sky130_fd_sc_hd__clkbuf_1)
   0.0836    7.2497 v mshrs/mshrs_1/_0773_/Y (sky130_fd_sc_hd__nand2_1)
   0.1286    7.3783 ^ mshrs/resp_arb/_0898_/Y (sky130_fd_sc_hd__mux2i_1)
   0.1334    7.5117 v mshrs/resp_arb/_0900_/Y (sky130_fd_sc_hd__o21ai_0)
   0.2839    7.7956 v mshrs/respq/ram_ext/_509_/X (sky130_fd_sc_hd__mux2_2)
   0.0035    7.7991 v mshrs/respq/ram_ext/_786_/D (sky130_fd_sc_hd__dfxtp_1)
             7.7991   data arrival time

  20.0000   20.0000   clock clock (rise edge)
   0.0000   20.0000   clock network delay (ideal)
   0.0000   20.0000   clock reconvergence pessimism
            20.0000 ^ mshrs/respq/ram_ext/_786_/CLK (sky130_fd_sc_hd__dfxtp_1)
  -0.1214   19.8786   library setup time
            19.8786   data required time
-------------------------------------------------------------
            19.8786   data required time
            -7.7991   data arrival time
-------------------------------------------------------------
            12.0795   slack (MET)


Startpoint: mshrs/mshrs_0/rpq/_3866_
            (rising edge-triggered flip-flop clocked by clock)
Endpoint: mshrs/respq/ram_ext/_787_
          (rising edge-triggered flip-flop clocked by clock)
Path Group: clock
Path Type: max

    Delay      Time   Description
-------------------------------------------------------------
   0.0000    0.0000   clock clock (rise edge)
   0.0000    0.0000   clock network delay (ideal)
   0.0000    0.0000 ^ mshrs/mshrs_0/rpq/_3866_/CLK (sky130_fd_sc_hd__dfxtp_1)
   0.4395    0.4395 ^ mshrs/mshrs_0/rpq/_3866_/Q (sky130_fd_sc_hd__dfxtp_1)
   0.2729    0.7124 ^ mshrs/mshrs_0/rpq/_2372_/X (sky130_fd_sc_hd__clkbuf_1)
   0.5935    1.3058 ^ mshrs/mshrs_0/rpq/_2407_/Y (sky130_fd_sc_hd__nor4bb_1)
   0.3288    1.6347 ^ mshrs/mshrs_0/rpq/_2408_/X (sky130_fd_sc_hd__clkbuf_1)
   0.3003    1.9350 ^ mshrs/mshrs_0/rpq/_2409_/X (sky130_fd_sc_hd__lpflow_clkbufkapwr_1)
   0.3058    2.2408 ^ mshrs/mshrs_0/rpq/_2475_/X (sky130_fd_sc_hd__lpflow_clkbufkapwr_1)
   0.1268    2.3676 v mshrs/mshrs_0/rpq/_2489_/Y (sky130_fd_sc_hd__a21boi_0)
   0.1539    2.5215 v mshrs/mshrs_0/rpq/_2492_/X (sky130_fd_sc_hd__and3_1)
   0.1456    2.6671 ^ mshrs/mshrs_0/rpq/_2496_/Y (sky130_fd_sc_hd__nand4_1)
   0.0926    2.7597 v mshrs/mshrs_0/_0590_/Y (sky130_fd_sc_hd__nor4_1)
   0.0868    2.8465 ^ mshrs/mshrs_0/_0603_/Y (sky130_fd_sc_hd__nand3_1)
   0.1407    2.9872 v mshrs/mshrs_0/_0604_/Y (sky130_fd_sc_hd__nand2_1)
   0.2570    3.2442 ^ mshrs/lb_read_arb/_2_/X (sky130_fd_sc_hd__mux2_2)
   0.2830    3.5272 ^ mshrs/lb_ext/_1577_/X (sky130_fd_sc_hd__clkbuf_1)
   0.5167    4.0439 ^ mshrs/lb_ext/_1578_/X (sky130_fd_sc_hd__lpflow_clkbufkapwr_1)
   0.5343    4.5782 ^ mshrs/lb_ext/_1579_/X (sky130_fd_sc_hd__lpflow_clkbufkapwr_1)
   0.3985    4.9767 ^ mshrs/lb_ext/_1723_/X (sky130_fd_sc_hd__lpflow_clkbufkapwr_1)
   0.3547    5.3314 v mshrs/lb_ext/_1779_/X (sky130_fd_sc_hd__mux4_2)
   0.1754    5.5068 v mshrs/_0553_/X (sky130_fd_sc_hd__lpflow_inputiso0n_1)
   0.2831    5.7899 v mshrs/mshrs_1/_0683_/X (sky130_fd_sc_hd__mux2_2)
   0.2118    6.0018 ^ mshrs/mshrs_1/_0686_/Y (sky130_fd_sc_hd__a21oi_1)
   0.1112    6.1130 v mshrs/mshrs_1/_0691_/Y (sky130_fd_sc_hd__a21oi_1)
   0.1906    6.3037 ^ mshrs/mshrs_1/_0710_/Y (sky130_fd_sc_hd__nand3_1)
   0.2027    6.5064 v mshrs/mshrs_1/_0721_/Y (sky130_fd_sc_hd__o31ai_1)
   0.3485    6.8549 ^ mshrs/mshrs_1/_0744_/Y (sky130_fd_sc_hd__a41oi_1)
   0.3112    7.1661 ^ mshrs/mshrs_1/_0769_/X (sky130_fd_sc_hd__clkbuf_1)
   0.0836    7.2497 v mshrs/mshrs_1/_0775_/Y (sky130_fd_sc_hd__nand2_1)
   0.1286    7.3783 ^ mshrs/resp_arb/_0901_/Y (sky130_fd_sc_hd__mux2i_1)
   0.1334    7.5117 v mshrs/resp_arb/_0903_/Y (sky130_fd_sc_hd__o21ai_0)
   0.2839    7.7956 v mshrs/respq/ram_ext/_510_/X (sky130_fd_sc_hd__mux2_2)
   0.0035    7.7991 v mshrs/respq/ram_ext/_787_/D (sky130_fd_sc_hd__dfxtp_1)
             7.7991   data arrival time

  20.0000   20.0000   clock clock (rise edge)
   0.0000   20.0000   clock network delay (ideal)
   0.0000   20.0000   clock reconvergence pessimism
            20.0000 ^ mshrs/respq/ram_ext/_787_/CLK (sky130_fd_sc_hd__dfxtp_1)
  -0.1214   19.8786   library setup time
            19.8786   data required time
-------------------------------------------------------------
            19.8786   data required time
            -7.7991   data arrival time
-------------------------------------------------------------
            12.0795   slack (MET)


Startpoint: mshrs/mshrs_0/rpq/_3866_
            (rising edge-triggered flip-flop clocked by clock)
Endpoint: mshrs/respq/ram_ext/_788_
          (rising edge-triggered flip-flop clocked by clock)
Path Group: clock
Path Type: max

    Delay      Time   Description
-------------------------------------------------------------
   0.0000    0.0000   clock clock (rise edge)
   0.0000    0.0000   clock network delay (ideal)
   0.0000    0.0000 ^ mshrs/mshrs_0/rpq/_3866_/CLK (sky130_fd_sc_hd__dfxtp_1)
   0.4395    0.4395 ^ mshrs/mshrs_0/rpq/_3866_/Q (sky130_fd_sc_hd__dfxtp_1)
   0.2729    0.7124 ^ mshrs/mshrs_0/rpq/_2372_/X (sky130_fd_sc_hd__clkbuf_1)
   0.5935    1.3058 ^ mshrs/mshrs_0/rpq/_2407_/Y (sky130_fd_sc_hd__nor4bb_1)
   0.3288    1.6347 ^ mshrs/mshrs_0/rpq/_2408_/X (sky130_fd_sc_hd__clkbuf_1)
   0.3003    1.9350 ^ mshrs/mshrs_0/rpq/_2409_/X (sky130_fd_sc_hd__lpflow_clkbufkapwr_1)
   0.3058    2.2408 ^ mshrs/mshrs_0/rpq/_2475_/X (sky130_fd_sc_hd__lpflow_clkbufkapwr_1)
   0.1268    2.3676 v mshrs/mshrs_0/rpq/_2489_/Y (sky130_fd_sc_hd__a21boi_0)
   0.1539    2.5215 v mshrs/mshrs_0/rpq/_2492_/X (sky130_fd_sc_hd__and3_1)
   0.1456    2.6671 ^ mshrs/mshrs_0/rpq/_2496_/Y (sky130_fd_sc_hd__nand4_1)
   0.0926    2.7597 v mshrs/mshrs_0/_0590_/Y (sky130_fd_sc_hd__nor4_1)
   0.0868    2.8465 ^ mshrs/mshrs_0/_0603_/Y (sky130_fd_sc_hd__nand3_1)
   0.1407    2.9872 v mshrs/mshrs_0/_0604_/Y (sky130_fd_sc_hd__nand2_1)
   0.2570    3.2442 ^ mshrs/lb_read_arb/_2_/X (sky130_fd_sc_hd__mux2_2)
   0.2830    3.5272 ^ mshrs/lb_ext/_1577_/X (sky130_fd_sc_hd__clkbuf_1)
   0.5167    4.0439 ^ mshrs/lb_ext/_1578_/X (sky130_fd_sc_hd__lpflow_clkbufkapwr_1)
   0.5343    4.5782 ^ mshrs/lb_ext/_1579_/X (sky130_fd_sc_hd__lpflow_clkbufkapwr_1)
   0.3985    4.9767 ^ mshrs/lb_ext/_1723_/X (sky130_fd_sc_hd__lpflow_clkbufkapwr_1)
   0.3547    5.3314 v mshrs/lb_ext/_1779_/X (sky130_fd_sc_hd__mux4_2)
   0.1754    5.5068 v mshrs/_0553_/X (sky130_fd_sc_hd__lpflow_inputiso0n_1)
   0.2831    5.7899 v mshrs/mshrs_1/_0683_/X (sky130_fd_sc_hd__mux2_2)
   0.2118    6.0018 ^ mshrs/mshrs_1/_0686_/Y (sky130_fd_sc_hd__a21oi_1)
   0.1112    6.1130 v mshrs/mshrs_1/_0691_/Y (sky130_fd_sc_hd__a21oi_1)
   0.1906    6.3037 ^ mshrs/mshrs_1/_0710_/Y (sky130_fd_sc_hd__nand3_1)
   0.2027    6.5064 v mshrs/mshrs_1/_0721_/Y (sky130_fd_sc_hd__o31ai_1)
   0.3485    6.8549 ^ mshrs/mshrs_1/_0744_/Y (sky130_fd_sc_hd__a41oi_1)
   0.3112    7.1661 ^ mshrs/mshrs_1/_0769_/X (sky130_fd_sc_hd__clkbuf_1)
   0.0836    7.2497 v mshrs/mshrs_1/_0777_/Y (sky130_fd_sc_hd__nand2_1)
   0.1286    7.3783 ^ mshrs/resp_arb/_0904_/Y (sky130_fd_sc_hd__mux2i_1)
   0.1334    7.5117 v mshrs/resp_arb/_0906_/Y (sky130_fd_sc_hd__o21ai_0)
   0.2839    7.7956 v mshrs/respq/ram_ext/_511_/X (sky130_fd_sc_hd__mux2_2)
   0.0035    7.7991 v mshrs/respq/ram_ext/_788_/D (sky130_fd_sc_hd__dfxtp_1)
             7.7991   data arrival time

  20.0000   20.0000   clock clock (rise edge)
   0.0000   20.0000   clock network delay (ideal)
   0.0000   20.0000   clock reconvergence pessimism
            20.0000 ^ mshrs/respq/ram_ext/_788_/CLK (sky130_fd_sc_hd__dfxtp_1)
  -0.1214   19.8786   library setup time
            19.8786   data required time
-------------------------------------------------------------
            19.8786   data required time
            -7.7991   data arrival time
-------------------------------------------------------------
            12.0795   slack (MET)


Startpoint: mshrs/mshrs_0/rpq/_3866_
            (rising edge-triggered flip-flop clocked by clock)
Endpoint: mshrs/respq/ram_ext/_789_
          (rising edge-triggered flip-flop clocked by clock)
Path Group: clock
Path Type: max

    Delay      Time   Description
-------------------------------------------------------------
   0.0000    0.0000   clock clock (rise edge)
   0.0000    0.0000   clock network delay (ideal)
   0.0000    0.0000 ^ mshrs/mshrs_0/rpq/_3866_/CLK (sky130_fd_sc_hd__dfxtp_1)
   0.4395    0.4395 ^ mshrs/mshrs_0/rpq/_3866_/Q (sky130_fd_sc_hd__dfxtp_1)
   0.2729    0.7124 ^ mshrs/mshrs_0/rpq/_2372_/X (sky130_fd_sc_hd__clkbuf_1)
   0.5935    1.3058 ^ mshrs/mshrs_0/rpq/_2407_/Y (sky130_fd_sc_hd__nor4bb_1)
   0.3288    1.6347 ^ mshrs/mshrs_0/rpq/_2408_/X (sky130_fd_sc_hd__clkbuf_1)
   0.3003    1.9350 ^ mshrs/mshrs_0/rpq/_2409_/X (sky130_fd_sc_hd__lpflow_clkbufkapwr_1)
   0.3058    2.2408 ^ mshrs/mshrs_0/rpq/_2475_/X (sky130_fd_sc_hd__lpflow_clkbufkapwr_1)
   0.1268    2.3676 v mshrs/mshrs_0/rpq/_2489_/Y (sky130_fd_sc_hd__a21boi_0)
   0.1539    2.5215 v mshrs/mshrs_0/rpq/_2492_/X (sky130_fd_sc_hd__and3_1)
   0.1456    2.6671 ^ mshrs/mshrs_0/rpq/_2496_/Y (sky130_fd_sc_hd__nand4_1)
   0.0926    2.7597 v mshrs/mshrs_0/_0590_/Y (sky130_fd_sc_hd__nor4_1)
   0.0868    2.8465 ^ mshrs/mshrs_0/_0603_/Y (sky130_fd_sc_hd__nand3_1)
   0.1407    2.9872 v mshrs/mshrs_0/_0604_/Y (sky130_fd_sc_hd__nand2_1)
   0.2570    3.2442 ^ mshrs/lb_read_arb/_2_/X (sky130_fd_sc_hd__mux2_2)
   0.2830    3.5272 ^ mshrs/lb_ext/_1577_/X (sky130_fd_sc_hd__clkbuf_1)
   0.5167    4.0439 ^ mshrs/lb_ext/_1578_/X (sky130_fd_sc_hd__lpflow_clkbufkapwr_1)
   0.5343    4.5782 ^ mshrs/lb_ext/_1579_/X (sky130_fd_sc_hd__lpflow_clkbufkapwr_1)
   0.3985    4.9767 ^ mshrs/lb_ext/_1723_/X (sky130_fd_sc_hd__lpflow_clkbufkapwr_1)
   0.3547    5.3314 v mshrs/lb_ext/_1779_/X (sky130_fd_sc_hd__mux4_2)
   0.1754    5.5068 v mshrs/_0553_/X (sky130_fd_sc_hd__lpflow_inputiso0n_1)
   0.2831    5.7899 v mshrs/mshrs_1/_0683_/X (sky130_fd_sc_hd__mux2_2)
   0.2118    6.0018 ^ mshrs/mshrs_1/_0686_/Y (sky130_fd_sc_hd__a21oi_1)
   0.1112    6.1130 v mshrs/mshrs_1/_0691_/Y (sky130_fd_sc_hd__a21oi_1)
   0.1906    6.3037 ^ mshrs/mshrs_1/_0710_/Y (sky130_fd_sc_hd__nand3_1)
   0.2027    6.5064 v mshrs/mshrs_1/_0721_/Y (sky130_fd_sc_hd__o31ai_1)
   0.3485    6.8549 ^ mshrs/mshrs_1/_0744_/Y (sky130_fd_sc_hd__a41oi_1)
   0.3112    7.1661 ^ mshrs/mshrs_1/_0769_/X (sky130_fd_sc_hd__clkbuf_1)
   0.0836    7.2497 v mshrs/mshrs_1/_0779_/Y (sky130_fd_sc_hd__nand2_1)
   0.1286    7.3783 ^ mshrs/resp_arb/_0907_/Y (sky130_fd_sc_hd__mux2i_1)
   0.1334    7.5117 v mshrs/resp_arb/_0909_/Y (sky130_fd_sc_hd__o21ai_0)
   0.2839    7.7956 v mshrs/respq/ram_ext/_512_/X (sky130_fd_sc_hd__mux2_2)
   0.0035    7.7991 v mshrs/respq/ram_ext/_789_/D (sky130_fd_sc_hd__dfxtp_1)
             7.7991   data arrival time

  20.0000   20.0000   clock clock (rise edge)
   0.0000   20.0000   clock network delay (ideal)
   0.0000   20.0000   clock reconvergence pessimism
            20.0000 ^ mshrs/respq/ram_ext/_789_/CLK (sky130_fd_sc_hd__dfxtp_1)
  -0.1214   19.8786   library setup time
            19.8786   data required time
-------------------------------------------------------------
            19.8786   data required time
            -7.7991   data arrival time
-------------------------------------------------------------
            12.0795   slack (MET)


Startpoint: mshrs/mshrs_0/rpq/_3866_
            (rising edge-triggered flip-flop clocked by clock)
Endpoint: mshrs/respq/ram_ext/_790_
          (rising edge-triggered flip-flop clocked by clock)
Path Group: clock
Path Type: max

    Delay      Time   Description
-------------------------------------------------------------
   0.0000    0.0000   clock clock (rise edge)
   0.0000    0.0000   clock network delay (ideal)
   0.0000    0.0000 ^ mshrs/mshrs_0/rpq/_3866_/CLK (sky130_fd_sc_hd__dfxtp_1)
   0.4395    0.4395 ^ mshrs/mshrs_0/rpq/_3866_/Q (sky130_fd_sc_hd__dfxtp_1)
   0.2729    0.7124 ^ mshrs/mshrs_0/rpq/_2372_/X (sky130_fd_sc_hd__clkbuf_1)
   0.5935    1.3058 ^ mshrs/mshrs_0/rpq/_2407_/Y (sky130_fd_sc_hd__nor4bb_1)
   0.3288    1.6347 ^ mshrs/mshrs_0/rpq/_2408_/X (sky130_fd_sc_hd__clkbuf_1)
   0.3003    1.9350 ^ mshrs/mshrs_0/rpq/_2409_/X (sky130_fd_sc_hd__lpflow_clkbufkapwr_1)
   0.3058    2.2408 ^ mshrs/mshrs_0/rpq/_2475_/X (sky130_fd_sc_hd__lpflow_clkbufkapwr_1)
   0.1268    2.3676 v mshrs/mshrs_0/rpq/_2489_/Y (sky130_fd_sc_hd__a21boi_0)
   0.1539    2.5215 v mshrs/mshrs_0/rpq/_2492_/X (sky130_fd_sc_hd__and3_1)
   0.1456    2.6671 ^ mshrs/mshrs_0/rpq/_2496_/Y (sky130_fd_sc_hd__nand4_1)
   0.0926    2.7597 v mshrs/mshrs_0/_0590_/Y (sky130_fd_sc_hd__nor4_1)
   0.0868    2.8465 ^ mshrs/mshrs_0/_0603_/Y (sky130_fd_sc_hd__nand3_1)
   0.1407    2.9872 v mshrs/mshrs_0/_0604_/Y (sky130_fd_sc_hd__nand2_1)
   0.2570    3.2442 ^ mshrs/lb_read_arb/_2_/X (sky130_fd_sc_hd__mux2_2)
   0.2830    3.5272 ^ mshrs/lb_ext/_1577_/X (sky130_fd_sc_hd__clkbuf_1)
   0.5167    4.0439 ^ mshrs/lb_ext/_1578_/X (sky130_fd_sc_hd__lpflow_clkbufkapwr_1)
   0.5343    4.5782 ^ mshrs/lb_ext/_1579_/X (sky130_fd_sc_hd__lpflow_clkbufkapwr_1)
   0.3985    4.9767 ^ mshrs/lb_ext/_1723_/X (sky130_fd_sc_hd__lpflow_clkbufkapwr_1)
   0.3547    5.3314 v mshrs/lb_ext/_1779_/X (sky130_fd_sc_hd__mux4_2)
   0.1754    5.5068 v mshrs/_0553_/X (sky130_fd_sc_hd__lpflow_inputiso0n_1)
   0.2831    5.7899 v mshrs/mshrs_1/_0683_/X (sky130_fd_sc_hd__mux2_2)
   0.2118    6.0018 ^ mshrs/mshrs_1/_0686_/Y (sky130_fd_sc_hd__a21oi_1)
   0.1112    6.1130 v mshrs/mshrs_1/_0691_/Y (sky130_fd_sc_hd__a21oi_1)
   0.1906    6.3037 ^ mshrs/mshrs_1/_0710_/Y (sky130_fd_sc_hd__nand3_1)
   0.2027    6.5064 v mshrs/mshrs_1/_0721_/Y (sky130_fd_sc_hd__o31ai_1)
   0.3485    6.8549 ^ mshrs/mshrs_1/_0744_/Y (sky130_fd_sc_hd__a41oi_1)
   0.3112    7.1661 ^ mshrs/mshrs_1/_0769_/X (sky130_fd_sc_hd__clkbuf_1)
   0.0836    7.2497 v mshrs/mshrs_1/_0781_/Y (sky130_fd_sc_hd__nand2_1)
   0.1286    7.3783 ^ mshrs/resp_arb/_0910_/Y (sky130_fd_sc_hd__mux2i_1)
   0.1334    7.5117 v mshrs/resp_arb/_0912_/Y (sky130_fd_sc_hd__o21ai_0)
   0.2839    7.7956 v mshrs/respq/ram_ext/_513_/X (sky130_fd_sc_hd__mux2_2)
   0.0035    7.7991 v mshrs/respq/ram_ext/_790_/D (sky130_fd_sc_hd__dfxtp_1)
             7.7991   data arrival time

  20.0000   20.0000   clock clock (rise edge)
   0.0000   20.0000   clock network delay (ideal)
   0.0000   20.0000   clock reconvergence pessimism
            20.0000 ^ mshrs/respq/ram_ext/_790_/CLK (sky130_fd_sc_hd__dfxtp_1)
  -0.1214   19.8786   library setup time
            19.8786   data required time
-------------------------------------------------------------
            19.8786   data required time
            -7.7991   data arrival time
-------------------------------------------------------------
            12.0795   slack (MET)


Startpoint: mshrs/mshrs_0/rpq/_3866_
            (rising edge-triggered flip-flop clocked by clock)
Endpoint: mshrs/respq/ram_ext/_791_
          (rising edge-triggered flip-flop clocked by clock)
Path Group: clock
Path Type: max

    Delay      Time   Description
-------------------------------------------------------------
   0.0000    0.0000   clock clock (rise edge)
   0.0000    0.0000   clock network delay (ideal)
   0.0000    0.0000 ^ mshrs/mshrs_0/rpq/_3866_/CLK (sky130_fd_sc_hd__dfxtp_1)
   0.4395    0.4395 ^ mshrs/mshrs_0/rpq/_3866_/Q (sky130_fd_sc_hd__dfxtp_1)
   0.2729    0.7124 ^ mshrs/mshrs_0/rpq/_2372_/X (sky130_fd_sc_hd__clkbuf_1)
   0.5935    1.3058 ^ mshrs/mshrs_0/rpq/_2407_/Y (sky130_fd_sc_hd__nor4bb_1)
   0.3288    1.6347 ^ mshrs/mshrs_0/rpq/_2408_/X (sky130_fd_sc_hd__clkbuf_1)
   0.3003    1.9350 ^ mshrs/mshrs_0/rpq/_2409_/X (sky130_fd_sc_hd__lpflow_clkbufkapwr_1)
   0.3058    2.2408 ^ mshrs/mshrs_0/rpq/_2475_/X (sky130_fd_sc_hd__lpflow_clkbufkapwr_1)
   0.1268    2.3676 v mshrs/mshrs_0/rpq/_2489_/Y (sky130_fd_sc_hd__a21boi_0)
   0.1539    2.5215 v mshrs/mshrs_0/rpq/_2492_/X (sky130_fd_sc_hd__and3_1)
   0.1456    2.6671 ^ mshrs/mshrs_0/rpq/_2496_/Y (sky130_fd_sc_hd__nand4_1)
   0.0926    2.7597 v mshrs/mshrs_0/_0590_/Y (sky130_fd_sc_hd__nor4_1)
   0.0868    2.8465 ^ mshrs/mshrs_0/_0603_/Y (sky130_fd_sc_hd__nand3_1)
   0.1407    2.9872 v mshrs/mshrs_0/_0604_/Y (sky130_fd_sc_hd__nand2_1)
   0.2570    3.2442 ^ mshrs/lb_read_arb/_2_/X (sky130_fd_sc_hd__mux2_2)
   0.2830    3.5272 ^ mshrs/lb_ext/_1577_/X (sky130_fd_sc_hd__clkbuf_1)
   0.5167    4.0439 ^ mshrs/lb_ext/_1578_/X (sky130_fd_sc_hd__lpflow_clkbufkapwr_1)
   0.5343    4.5782 ^ mshrs/lb_ext/_1579_/X (sky130_fd_sc_hd__lpflow_clkbufkapwr_1)
   0.3985    4.9767 ^ mshrs/lb_ext/_1723_/X (sky130_fd_sc_hd__lpflow_clkbufkapwr_1)
   0.3547    5.3314 v mshrs/lb_ext/_1779_/X (sky130_fd_sc_hd__mux4_2)
   0.1754    5.5068 v mshrs/_0553_/X (sky130_fd_sc_hd__lpflow_inputiso0n_1)
   0.2831    5.7899 v mshrs/mshrs_1/_0683_/X (sky130_fd_sc_hd__mux2_2)
   0.2118    6.0018 ^ mshrs/mshrs_1/_0686_/Y (sky130_fd_sc_hd__a21oi_1)
   0.1112    6.1130 v mshrs/mshrs_1/_0691_/Y (sky130_fd_sc_hd__a21oi_1)
   0.1906    6.3037 ^ mshrs/mshrs_1/_0710_/Y (sky130_fd_sc_hd__nand3_1)
   0.2027    6.5064 v mshrs/mshrs_1/_0721_/Y (sky130_fd_sc_hd__o31ai_1)
   0.3485    6.8549 ^ mshrs/mshrs_1/_0744_/Y (sky130_fd_sc_hd__a41oi_1)
   0.3112    7.1661 ^ mshrs/mshrs_1/_0769_/X (sky130_fd_sc_hd__clkbuf_1)
   0.0836    7.2497 v mshrs/mshrs_1/_0783_/Y (sky130_fd_sc_hd__nand2_1)
   0.1286    7.3783 ^ mshrs/resp_arb/_0914_/Y (sky130_fd_sc_hd__mux2i_1)
   0.1334    7.5117 v mshrs/resp_arb/_0917_/Y (sky130_fd_sc_hd__o21ai_0)
   0.2839    7.7956 v mshrs/respq/ram_ext/_514_/X (sky130_fd_sc_hd__mux2_2)
   0.0035    7.7991 v mshrs/respq/ram_ext/_791_/D (sky130_fd_sc_hd__dfxtp_1)
             7.7991   data arrival time

  20.0000   20.0000   clock clock (rise edge)
   0.0000   20.0000   clock network delay (ideal)
   0.0000   20.0000   clock reconvergence pessimism
            20.0000 ^ mshrs/respq/ram_ext/_791_/CLK (sky130_fd_sc_hd__dfxtp_1)
  -0.1214   19.8786   library setup time
            19.8786   data required time
-------------------------------------------------------------
            19.8786   data required time
            -7.7991   data arrival time
-------------------------------------------------------------
            12.0795   slack (MET)


Startpoint: mshrs/mshrs_0/rpq/_3866_
            (rising edge-triggered flip-flop clocked by clock)
Endpoint: mshrs/respq/ram_ext/_792_
          (rising edge-triggered flip-flop clocked by clock)
Path Group: clock
Path Type: max

    Delay      Time   Description
-------------------------------------------------------------
   0.0000    0.0000   clock clock (rise edge)
   0.0000    0.0000   clock network delay (ideal)
   0.0000    0.0000 ^ mshrs/mshrs_0/rpq/_3866_/CLK (sky130_fd_sc_hd__dfxtp_1)
   0.4395    0.4395 ^ mshrs/mshrs_0/rpq/_3866_/Q (sky130_fd_sc_hd__dfxtp_1)
   0.2729    0.7124 ^ mshrs/mshrs_0/rpq/_2372_/X (sky130_fd_sc_hd__clkbuf_1)
   0.5935    1.3058 ^ mshrs/mshrs_0/rpq/_2407_/Y (sky130_fd_sc_hd__nor4bb_1)
   0.3288    1.6347 ^ mshrs/mshrs_0/rpq/_2408_/X (sky130_fd_sc_hd__clkbuf_1)
   0.3003    1.9350 ^ mshrs/mshrs_0/rpq/_2409_/X (sky130_fd_sc_hd__lpflow_clkbufkapwr_1)
   0.3058    2.2408 ^ mshrs/mshrs_0/rpq/_2475_/X (sky130_fd_sc_hd__lpflow_clkbufkapwr_1)
   0.1268    2.3676 v mshrs/mshrs_0/rpq/_2489_/Y (sky130_fd_sc_hd__a21boi_0)
   0.1539    2.5215 v mshrs/mshrs_0/rpq/_2492_/X (sky130_fd_sc_hd__and3_1)
   0.1456    2.6671 ^ mshrs/mshrs_0/rpq/_2496_/Y (sky130_fd_sc_hd__nand4_1)
   0.0926    2.7597 v mshrs/mshrs_0/_0590_/Y (sky130_fd_sc_hd__nor4_1)
   0.0868    2.8465 ^ mshrs/mshrs_0/_0603_/Y (sky130_fd_sc_hd__nand3_1)
   0.1407    2.9872 v mshrs/mshrs_0/_0604_/Y (sky130_fd_sc_hd__nand2_1)
   0.2570    3.2442 ^ mshrs/lb_read_arb/_2_/X (sky130_fd_sc_hd__mux2_2)
   0.2830    3.5272 ^ mshrs/lb_ext/_1577_/X (sky130_fd_sc_hd__clkbuf_1)
   0.5167    4.0439 ^ mshrs/lb_ext/_1578_/X (sky130_fd_sc_hd__lpflow_clkbufkapwr_1)
   0.5343    4.5782 ^ mshrs/lb_ext/_1579_/X (sky130_fd_sc_hd__lpflow_clkbufkapwr_1)
   0.3985    4.9767 ^ mshrs/lb_ext/_1723_/X (sky130_fd_sc_hd__lpflow_clkbufkapwr_1)
   0.3547    5.3314 v mshrs/lb_ext/_1779_/X (sky130_fd_sc_hd__mux4_2)
   0.1754    5.5068 v mshrs/_0553_/X (sky130_fd_sc_hd__lpflow_inputiso0n_1)
   0.2831    5.7899 v mshrs/mshrs_1/_0683_/X (sky130_fd_sc_hd__mux2_2)
   0.2118    6.0018 ^ mshrs/mshrs_1/_0686_/Y (sky130_fd_sc_hd__a21oi_1)
   0.1112    6.1130 v mshrs/mshrs_1/_0691_/Y (sky130_fd_sc_hd__a21oi_1)
   0.1906    6.3037 ^ mshrs/mshrs_1/_0710_/Y (sky130_fd_sc_hd__nand3_1)
   0.2027    6.5064 v mshrs/mshrs_1/_0721_/Y (sky130_fd_sc_hd__o31ai_1)
   0.3485    6.8549 ^ mshrs/mshrs_1/_0744_/Y (sky130_fd_sc_hd__a41oi_1)
   0.3112    7.1661 ^ mshrs/mshrs_1/_0769_/X (sky130_fd_sc_hd__clkbuf_1)
   0.0836    7.2497 v mshrs/mshrs_1/_0785_/Y (sky130_fd_sc_hd__nand2_1)
   0.1286    7.3783 ^ mshrs/resp_arb/_0918_/Y (sky130_fd_sc_hd__mux2i_1)
   0.1334    7.5117 v mshrs/resp_arb/_0920_/Y (sky130_fd_sc_hd__o21ai_0)
   0.2839    7.7956 v mshrs/respq/ram_ext/_516_/X (sky130_fd_sc_hd__mux2_2)
   0.0035    7.7991 v mshrs/respq/ram_ext/_792_/D (sky130_fd_sc_hd__dfxtp_1)
             7.7991   data arrival time

  20.0000   20.0000   clock clock (rise edge)
   0.0000   20.0000   clock network delay (ideal)
   0.0000   20.0000   clock reconvergence pessimism
            20.0000 ^ mshrs/respq/ram_ext/_792_/CLK (sky130_fd_sc_hd__dfxtp_1)
  -0.1214   19.8786   library setup time
            19.8786   data required time
-------------------------------------------------------------
            19.8786   data required time
            -7.7991   data arrival time
-------------------------------------------------------------
            12.0795   slack (MET)


Startpoint: mshrs/mshrs_0/rpq/_3866_
            (rising edge-triggered flip-flop clocked by clock)
Endpoint: mshrs/respq/ram_ext/_793_
          (rising edge-triggered flip-flop clocked by clock)
Path Group: clock
Path Type: max

    Delay      Time   Description
-------------------------------------------------------------
   0.0000    0.0000   clock clock (rise edge)
   0.0000    0.0000   clock network delay (ideal)
   0.0000    0.0000 ^ mshrs/mshrs_0/rpq/_3866_/CLK (sky130_fd_sc_hd__dfxtp_1)
   0.4395    0.4395 ^ mshrs/mshrs_0/rpq/_3866_/Q (sky130_fd_sc_hd__dfxtp_1)
   0.2729    0.7124 ^ mshrs/mshrs_0/rpq/_2372_/X (sky130_fd_sc_hd__clkbuf_1)
   0.5935    1.3058 ^ mshrs/mshrs_0/rpq/_2407_/Y (sky130_fd_sc_hd__nor4bb_1)
   0.3288    1.6347 ^ mshrs/mshrs_0/rpq/_2408_/X (sky130_fd_sc_hd__clkbuf_1)
   0.3003    1.9350 ^ mshrs/mshrs_0/rpq/_2409_/X (sky130_fd_sc_hd__lpflow_clkbufkapwr_1)
   0.3058    2.2408 ^ mshrs/mshrs_0/rpq/_2475_/X (sky130_fd_sc_hd__lpflow_clkbufkapwr_1)
   0.1268    2.3676 v mshrs/mshrs_0/rpq/_2489_/Y (sky130_fd_sc_hd__a21boi_0)
   0.1539    2.5215 v mshrs/mshrs_0/rpq/_2492_/X (sky130_fd_sc_hd__and3_1)
   0.1456    2.6671 ^ mshrs/mshrs_0/rpq/_2496_/Y (sky130_fd_sc_hd__nand4_1)
   0.0926    2.7597 v mshrs/mshrs_0/_0590_/Y (sky130_fd_sc_hd__nor4_1)
   0.0868    2.8465 ^ mshrs/mshrs_0/_0603_/Y (sky130_fd_sc_hd__nand3_1)
   0.1407    2.9872 v mshrs/mshrs_0/_0604_/Y (sky130_fd_sc_hd__nand2_1)
   0.2570    3.2442 ^ mshrs/lb_read_arb/_2_/X (sky130_fd_sc_hd__mux2_2)
   0.2830    3.5272 ^ mshrs/lb_ext/_1577_/X (sky130_fd_sc_hd__clkbuf_1)
   0.5167    4.0439 ^ mshrs/lb_ext/_1578_/X (sky130_fd_sc_hd__lpflow_clkbufkapwr_1)
   0.5343    4.5782 ^ mshrs/lb_ext/_1579_/X (sky130_fd_sc_hd__lpflow_clkbufkapwr_1)
   0.3985    4.9767 ^ mshrs/lb_ext/_1723_/X (sky130_fd_sc_hd__lpflow_clkbufkapwr_1)
   0.3547    5.3314 v mshrs/lb_ext/_1779_/X (sky130_fd_sc_hd__mux4_2)
   0.1754    5.5068 v mshrs/_0553_/X (sky130_fd_sc_hd__lpflow_inputiso0n_1)
   0.2831    5.7899 v mshrs/mshrs_1/_0683_/X (sky130_fd_sc_hd__mux2_2)
   0.2118    6.0018 ^ mshrs/mshrs_1/_0686_/Y (sky130_fd_sc_hd__a21oi_1)
   0.1112    6.1130 v mshrs/mshrs_1/_0691_/Y (sky130_fd_sc_hd__a21oi_1)
   0.1906    6.3037 ^ mshrs/mshrs_1/_0710_/Y (sky130_fd_sc_hd__nand3_1)
   0.2027    6.5064 v mshrs/mshrs_1/_0721_/Y (sky130_fd_sc_hd__o31ai_1)
   0.3485    6.8549 ^ mshrs/mshrs_1/_0744_/Y (sky130_fd_sc_hd__a41oi_1)
   0.3112    7.1661 ^ mshrs/mshrs_1/_0769_/X (sky130_fd_sc_hd__clkbuf_1)
   0.0836    7.2497 v mshrs/mshrs_1/_0787_/Y (sky130_fd_sc_hd__nand2_1)
   0.1286    7.3783 ^ mshrs/resp_arb/_0921_/Y (sky130_fd_sc_hd__mux2i_1)
   0.1334    7.5117 v mshrs/resp_arb/_0923_/Y (sky130_fd_sc_hd__o21ai_0)
   0.2839    7.7956 v mshrs/respq/ram_ext/_517_/X (sky130_fd_sc_hd__mux2_2)
   0.0035    7.7991 v mshrs/respq/ram_ext/_793_/D (sky130_fd_sc_hd__dfxtp_1)
             7.7991   data arrival time

  20.0000   20.0000   clock clock (rise edge)
   0.0000   20.0000   clock network delay (ideal)
   0.0000   20.0000   clock reconvergence pessimism
            20.0000 ^ mshrs/respq/ram_ext/_793_/CLK (sky130_fd_sc_hd__dfxtp_1)
  -0.1214   19.8786   library setup time
            19.8786   data required time
-------------------------------------------------------------
            19.8786   data required time
            -7.7991   data arrival time
-------------------------------------------------------------
            12.0795   slack (MET)


Startpoint: mshrs/mshrs_0/rpq/_3866_
            (rising edge-triggered flip-flop clocked by clock)
Endpoint: mshrs/respq/ram_ext/_794_
          (rising edge-triggered flip-flop clocked by clock)
Path Group: clock
Path Type: max

    Delay      Time   Description
-------------------------------------------------------------
   0.0000    0.0000   clock clock (rise edge)
   0.0000    0.0000   clock network delay (ideal)
   0.0000    0.0000 ^ mshrs/mshrs_0/rpq/_3866_/CLK (sky130_fd_sc_hd__dfxtp_1)
   0.4395    0.4395 ^ mshrs/mshrs_0/rpq/_3866_/Q (sky130_fd_sc_hd__dfxtp_1)
   0.2729    0.7124 ^ mshrs/mshrs_0/rpq/_2372_/X (sky130_fd_sc_hd__clkbuf_1)
   0.5935    1.3058 ^ mshrs/mshrs_0/rpq/_2407_/Y (sky130_fd_sc_hd__nor4bb_1)
   0.3288    1.6347 ^ mshrs/mshrs_0/rpq/_2408_/X (sky130_fd_sc_hd__clkbuf_1)
   0.3003    1.9350 ^ mshrs/mshrs_0/rpq/_2409_/X (sky130_fd_sc_hd__lpflow_clkbufkapwr_1)
   0.3058    2.2408 ^ mshrs/mshrs_0/rpq/_2475_/X (sky130_fd_sc_hd__lpflow_clkbufkapwr_1)
   0.1268    2.3676 v mshrs/mshrs_0/rpq/_2489_/Y (sky130_fd_sc_hd__a21boi_0)
   0.1539    2.5215 v mshrs/mshrs_0/rpq/_2492_/X (sky130_fd_sc_hd__and3_1)
   0.1456    2.6671 ^ mshrs/mshrs_0/rpq/_2496_/Y (sky130_fd_sc_hd__nand4_1)
   0.0926    2.7597 v mshrs/mshrs_0/_0590_/Y (sky130_fd_sc_hd__nor4_1)
   0.0868    2.8465 ^ mshrs/mshrs_0/_0603_/Y (sky130_fd_sc_hd__nand3_1)
   0.1407    2.9872 v mshrs/mshrs_0/_0604_/Y (sky130_fd_sc_hd__nand2_1)
   0.2570    3.2442 ^ mshrs/lb_read_arb/_2_/X (sky130_fd_sc_hd__mux2_2)
   0.2830    3.5272 ^ mshrs/lb_ext/_1577_/X (sky130_fd_sc_hd__clkbuf_1)
   0.5167    4.0439 ^ mshrs/lb_ext/_1578_/X (sky130_fd_sc_hd__lpflow_clkbufkapwr_1)
   0.5343    4.5782 ^ mshrs/lb_ext/_1579_/X (sky130_fd_sc_hd__lpflow_clkbufkapwr_1)
   0.3985    4.9767 ^ mshrs/lb_ext/_1723_/X (sky130_fd_sc_hd__lpflow_clkbufkapwr_1)
   0.3547    5.3314 v mshrs/lb_ext/_1779_/X (sky130_fd_sc_hd__mux4_2)
   0.1754    5.5068 v mshrs/_0553_/X (sky130_fd_sc_hd__lpflow_inputiso0n_1)
   0.2831    5.7899 v mshrs/mshrs_1/_0683_/X (sky130_fd_sc_hd__mux2_2)
   0.2118    6.0018 ^ mshrs/mshrs_1/_0686_/Y (sky130_fd_sc_hd__a21oi_1)
   0.1112    6.1130 v mshrs/mshrs_1/_0691_/Y (sky130_fd_sc_hd__a21oi_1)
   0.1906    6.3037 ^ mshrs/mshrs_1/_0710_/Y (sky130_fd_sc_hd__nand3_1)
   0.2027    6.5064 v mshrs/mshrs_1/_0721_/Y (sky130_fd_sc_hd__o31ai_1)
   0.3485    6.8549 ^ mshrs/mshrs_1/_0744_/Y (sky130_fd_sc_hd__a41oi_1)
   0.3112    7.1661 ^ mshrs/mshrs_1/_0769_/X (sky130_fd_sc_hd__clkbuf_1)
   0.0836    7.2497 v mshrs/mshrs_1/_0791_/Y (sky130_fd_sc_hd__nand2_1)
   0.1286    7.3783 ^ mshrs/resp_arb/_0924_/Y (sky130_fd_sc_hd__mux2i_1)
   0.1334    7.5117 v mshrs/resp_arb/_0926_/Y (sky130_fd_sc_hd__o21ai_0)
   0.2839    7.7956 v mshrs/respq/ram_ext/_518_/X (sky130_fd_sc_hd__mux2_2)
   0.0035    7.7991 v mshrs/respq/ram_ext/_794_/D (sky130_fd_sc_hd__dfxtp_1)
             7.7991   data arrival time

  20.0000   20.0000   clock clock (rise edge)
   0.0000   20.0000   clock network delay (ideal)
   0.0000   20.0000   clock reconvergence pessimism
            20.0000 ^ mshrs/respq/ram_ext/_794_/CLK (sky130_fd_sc_hd__dfxtp_1)
  -0.1214   19.8786   library setup time
            19.8786   data required time
-------------------------------------------------------------
            19.8786   data required time
            -7.7991   data arrival time
-------------------------------------------------------------
            12.0795   slack (MET)


Startpoint: mshrs/mshrs_0/rpq/_3866_
            (rising edge-triggered flip-flop clocked by clock)
Endpoint: mshrs/respq/ram_ext/_795_
          (rising edge-triggered flip-flop clocked by clock)
Path Group: clock
Path Type: max

    Delay      Time   Description
-------------------------------------------------------------
   0.0000    0.0000   clock clock (rise edge)
   0.0000    0.0000   clock network delay (ideal)
   0.0000    0.0000 ^ mshrs/mshrs_0/rpq/_3866_/CLK (sky130_fd_sc_hd__dfxtp_1)
   0.4395    0.4395 ^ mshrs/mshrs_0/rpq/_3866_/Q (sky130_fd_sc_hd__dfxtp_1)
   0.2729    0.7124 ^ mshrs/mshrs_0/rpq/_2372_/X (sky130_fd_sc_hd__clkbuf_1)
   0.5935    1.3058 ^ mshrs/mshrs_0/rpq/_2407_/Y (sky130_fd_sc_hd__nor4bb_1)
   0.3288    1.6347 ^ mshrs/mshrs_0/rpq/_2408_/X (sky130_fd_sc_hd__clkbuf_1)
   0.3003    1.9350 ^ mshrs/mshrs_0/rpq/_2409_/X (sky130_fd_sc_hd__lpflow_clkbufkapwr_1)
   0.3058    2.2408 ^ mshrs/mshrs_0/rpq/_2475_/X (sky130_fd_sc_hd__lpflow_clkbufkapwr_1)
   0.1268    2.3676 v mshrs/mshrs_0/rpq/_2489_/Y (sky130_fd_sc_hd__a21boi_0)
   0.1539    2.5215 v mshrs/mshrs_0/rpq/_2492_/X (sky130_fd_sc_hd__and3_1)
   0.1456    2.6671 ^ mshrs/mshrs_0/rpq/_2496_/Y (sky130_fd_sc_hd__nand4_1)
   0.0926    2.7597 v mshrs/mshrs_0/_0590_/Y (sky130_fd_sc_hd__nor4_1)
   0.0868    2.8465 ^ mshrs/mshrs_0/_0603_/Y (sky130_fd_sc_hd__nand3_1)
   0.1407    2.9872 v mshrs/mshrs_0/_0604_/Y (sky130_fd_sc_hd__nand2_1)
   0.2570    3.2442 ^ mshrs/lb_read_arb/_2_/X (sky130_fd_sc_hd__mux2_2)
   0.2830    3.5272 ^ mshrs/lb_ext/_1577_/X (sky130_fd_sc_hd__clkbuf_1)
   0.5167    4.0439 ^ mshrs/lb_ext/_1578_/X (sky130_fd_sc_hd__lpflow_clkbufkapwr_1)
   0.5343    4.5782 ^ mshrs/lb_ext/_1579_/X (sky130_fd_sc_hd__lpflow_clkbufkapwr_1)
   0.3985    4.9767 ^ mshrs/lb_ext/_1723_/X (sky130_fd_sc_hd__lpflow_clkbufkapwr_1)
   0.3547    5.3314 v mshrs/lb_ext/_1779_/X (sky130_fd_sc_hd__mux4_2)
   0.1754    5.5068 v mshrs/_0553_/X (sky130_fd_sc_hd__lpflow_inputiso0n_1)
   0.2831    5.7899 v mshrs/mshrs_1/_0683_/X (sky130_fd_sc_hd__mux2_2)
   0.2118    6.0018 ^ mshrs/mshrs_1/_0686_/Y (sky130_fd_sc_hd__a21oi_1)
   0.1112    6.1130 v mshrs/mshrs_1/_0691_/Y (sky130_fd_sc_hd__a21oi_1)
   0.1906    6.3037 ^ mshrs/mshrs_1/_0710_/Y (sky130_fd_sc_hd__nand3_1)
   0.2027    6.5064 v mshrs/mshrs_1/_0721_/Y (sky130_fd_sc_hd__o31ai_1)
   0.3485    6.8549 ^ mshrs/mshrs_1/_0744_/Y (sky130_fd_sc_hd__a41oi_1)
   0.3112    7.1661 ^ mshrs/mshrs_1/_0792_/X (sky130_fd_sc_hd__clkbuf_1)
   0.0836    7.2497 v mshrs/mshrs_1/_0794_/Y (sky130_fd_sc_hd__nand2_1)
   0.1286    7.3783 ^ mshrs/resp_arb/_0928_/Y (sky130_fd_sc_hd__mux2i_1)
   0.1334    7.5117 v mshrs/resp_arb/_0930_/Y (sky130_fd_sc_hd__o21ai_0)
   0.2839    7.7956 v mshrs/respq/ram_ext/_519_/X (sky130_fd_sc_hd__mux2_2)
   0.0035    7.7991 v mshrs/respq/ram_ext/_795_/D (sky130_fd_sc_hd__dfxtp_1)
             7.7991   data arrival time

  20.0000   20.0000   clock clock (rise edge)
   0.0000   20.0000   clock network delay (ideal)
   0.0000   20.0000   clock reconvergence pessimism
            20.0000 ^ mshrs/respq/ram_ext/_795_/CLK (sky130_fd_sc_hd__dfxtp_1)
  -0.1214   19.8786   library setup time
            19.8786   data required time
-------------------------------------------------------------
            19.8786   data required time
            -7.7991   data arrival time
-------------------------------------------------------------
            12.0795   slack (MET)


Startpoint: mshrs/mshrs_0/rpq/_3866_
            (rising edge-triggered flip-flop clocked by clock)
Endpoint: mshrs/respq/ram_ext/_796_
          (rising edge-triggered flip-flop clocked by clock)
Path Group: clock
Path Type: max

    Delay      Time   Description
-------------------------------------------------------------
   0.0000    0.0000   clock clock (rise edge)
   0.0000    0.0000   clock network delay (ideal)
   0.0000    0.0000 ^ mshrs/mshrs_0/rpq/_3866_/CLK (sky130_fd_sc_hd__dfxtp_1)
   0.4395    0.4395 ^ mshrs/mshrs_0/rpq/_3866_/Q (sky130_fd_sc_hd__dfxtp_1)
   0.2729    0.7124 ^ mshrs/mshrs_0/rpq/_2372_/X (sky130_fd_sc_hd__clkbuf_1)
   0.5935    1.3058 ^ mshrs/mshrs_0/rpq/_2407_/Y (sky130_fd_sc_hd__nor4bb_1)
   0.3288    1.6347 ^ mshrs/mshrs_0/rpq/_2408_/X (sky130_fd_sc_hd__clkbuf_1)
   0.3003    1.9350 ^ mshrs/mshrs_0/rpq/_2409_/X (sky130_fd_sc_hd__lpflow_clkbufkapwr_1)
   0.3058    2.2408 ^ mshrs/mshrs_0/rpq/_2475_/X (sky130_fd_sc_hd__lpflow_clkbufkapwr_1)
   0.1268    2.3676 v mshrs/mshrs_0/rpq/_2489_/Y (sky130_fd_sc_hd__a21boi_0)
   0.1539    2.5215 v mshrs/mshrs_0/rpq/_2492_/X (sky130_fd_sc_hd__and3_1)
   0.1456    2.6671 ^ mshrs/mshrs_0/rpq/_2496_/Y (sky130_fd_sc_hd__nand4_1)
   0.0926    2.7597 v mshrs/mshrs_0/_0590_/Y (sky130_fd_sc_hd__nor4_1)
   0.0868    2.8465 ^ mshrs/mshrs_0/_0603_/Y (sky130_fd_sc_hd__nand3_1)
   0.1407    2.9872 v mshrs/mshrs_0/_0604_/Y (sky130_fd_sc_hd__nand2_1)
   0.2570    3.2442 ^ mshrs/lb_read_arb/_2_/X (sky130_fd_sc_hd__mux2_2)
   0.2830    3.5272 ^ mshrs/lb_ext/_1577_/X (sky130_fd_sc_hd__clkbuf_1)
   0.5167    4.0439 ^ mshrs/lb_ext/_1578_/X (sky130_fd_sc_hd__lpflow_clkbufkapwr_1)
   0.5343    4.5782 ^ mshrs/lb_ext/_1579_/X (sky130_fd_sc_hd__lpflow_clkbufkapwr_1)
   0.3985    4.9767 ^ mshrs/lb_ext/_1723_/X (sky130_fd_sc_hd__lpflow_clkbufkapwr_1)
   0.3547    5.3314 v mshrs/lb_ext/_1779_/X (sky130_fd_sc_hd__mux4_2)
   0.1754    5.5068 v mshrs/_0553_/X (sky130_fd_sc_hd__lpflow_inputiso0n_1)
   0.2831    5.7899 v mshrs/mshrs_1/_0683_/X (sky130_fd_sc_hd__mux2_2)
   0.2118    6.0018 ^ mshrs/mshrs_1/_0686_/Y (sky130_fd_sc_hd__a21oi_1)
   0.1112    6.1130 v mshrs/mshrs_1/_0691_/Y (sky130_fd_sc_hd__a21oi_1)
   0.1906    6.3037 ^ mshrs/mshrs_1/_0710_/Y (sky130_fd_sc_hd__nand3_1)
   0.2027    6.5064 v mshrs/mshrs_1/_0721_/Y (sky130_fd_sc_hd__o31ai_1)
   0.3485    6.8549 ^ mshrs/mshrs_1/_0744_/Y (sky130_fd_sc_hd__a41oi_1)
   0.3112    7.1661 ^ mshrs/mshrs_1/_0792_/X (sky130_fd_sc_hd__clkbuf_1)
   0.0836    7.2497 v mshrs/mshrs_1/_0796_/Y (sky130_fd_sc_hd__nand2_1)
   0.1286    7.3783 ^ mshrs/resp_arb/_0931_/Y (sky130_fd_sc_hd__mux2i_1)
   0.1334    7.5117 v mshrs/resp_arb/_0933_/Y (sky130_fd_sc_hd__o21ai_0)
   0.2839    7.7956 v mshrs/respq/ram_ext/_520_/X (sky130_fd_sc_hd__mux2_2)
   0.0035    7.7991 v mshrs/respq/ram_ext/_796_/D (sky130_fd_sc_hd__dfxtp_1)
             7.7991   data arrival time

  20.0000   20.0000   clock clock (rise edge)
   0.0000   20.0000   clock network delay (ideal)
   0.0000   20.0000   clock reconvergence pessimism
            20.0000 ^ mshrs/respq/ram_ext/_796_/CLK (sky130_fd_sc_hd__dfxtp_1)
  -0.1214   19.8786   library setup time
            19.8786   data required time
-------------------------------------------------------------
            19.8786   data required time
            -7.7991   data arrival time
-------------------------------------------------------------
            12.0795   slack (MET)


Startpoint: mshrs/mshrs_0/rpq/_3866_
            (rising edge-triggered flip-flop clocked by clock)
Endpoint: mshrs/respq/ram_ext/_797_
          (rising edge-triggered flip-flop clocked by clock)
Path Group: clock
Path Type: max

    Delay      Time   Description
-------------------------------------------------------------
   0.0000    0.0000   clock clock (rise edge)
   0.0000    0.0000   clock network delay (ideal)
   0.0000    0.0000 ^ mshrs/mshrs_0/rpq/_3866_/CLK (sky130_fd_sc_hd__dfxtp_1)
   0.4395    0.4395 ^ mshrs/mshrs_0/rpq/_3866_/Q (sky130_fd_sc_hd__dfxtp_1)
   0.2729    0.7124 ^ mshrs/mshrs_0/rpq/_2372_/X (sky130_fd_sc_hd__clkbuf_1)
   0.5935    1.3058 ^ mshrs/mshrs_0/rpq/_2407_/Y (sky130_fd_sc_hd__nor4bb_1)
   0.3288    1.6347 ^ mshrs/mshrs_0/rpq/_2408_/X (sky130_fd_sc_hd__clkbuf_1)
   0.3003    1.9350 ^ mshrs/mshrs_0/rpq/_2409_/X (sky130_fd_sc_hd__lpflow_clkbufkapwr_1)
   0.3058    2.2408 ^ mshrs/mshrs_0/rpq/_2475_/X (sky130_fd_sc_hd__lpflow_clkbufkapwr_1)
   0.1268    2.3676 v mshrs/mshrs_0/rpq/_2489_/Y (sky130_fd_sc_hd__a21boi_0)
   0.1539    2.5215 v mshrs/mshrs_0/rpq/_2492_/X (sky130_fd_sc_hd__and3_1)
   0.1456    2.6671 ^ mshrs/mshrs_0/rpq/_2496_/Y (sky130_fd_sc_hd__nand4_1)
   0.0926    2.7597 v mshrs/mshrs_0/_0590_/Y (sky130_fd_sc_hd__nor4_1)
   0.0868    2.8465 ^ mshrs/mshrs_0/_0603_/Y (sky130_fd_sc_hd__nand3_1)
   0.1407    2.9872 v mshrs/mshrs_0/_0604_/Y (sky130_fd_sc_hd__nand2_1)
   0.2570    3.2442 ^ mshrs/lb_read_arb/_2_/X (sky130_fd_sc_hd__mux2_2)
   0.2830    3.5272 ^ mshrs/lb_ext/_1577_/X (sky130_fd_sc_hd__clkbuf_1)
   0.5167    4.0439 ^ mshrs/lb_ext/_1578_/X (sky130_fd_sc_hd__lpflow_clkbufkapwr_1)
   0.5343    4.5782 ^ mshrs/lb_ext/_1579_/X (sky130_fd_sc_hd__lpflow_clkbufkapwr_1)
   0.3985    4.9767 ^ mshrs/lb_ext/_1723_/X (sky130_fd_sc_hd__lpflow_clkbufkapwr_1)
   0.3547    5.3314 v mshrs/lb_ext/_1779_/X (sky130_fd_sc_hd__mux4_2)
   0.1754    5.5068 v mshrs/_0553_/X (sky130_fd_sc_hd__lpflow_inputiso0n_1)
   0.2831    5.7899 v mshrs/mshrs_1/_0683_/X (sky130_fd_sc_hd__mux2_2)
   0.2118    6.0018 ^ mshrs/mshrs_1/_0686_/Y (sky130_fd_sc_hd__a21oi_1)
   0.1112    6.1130 v mshrs/mshrs_1/_0691_/Y (sky130_fd_sc_hd__a21oi_1)
   0.1906    6.3037 ^ mshrs/mshrs_1/_0710_/Y (sky130_fd_sc_hd__nand3_1)
   0.2027    6.5064 v mshrs/mshrs_1/_0721_/Y (sky130_fd_sc_hd__o31ai_1)
   0.3485    6.8549 ^ mshrs/mshrs_1/_0744_/Y (sky130_fd_sc_hd__a41oi_1)
   0.3112    7.1661 ^ mshrs/mshrs_1/_0792_/X (sky130_fd_sc_hd__clkbuf_1)
   0.0836    7.2497 v mshrs/mshrs_1/_0798_/Y (sky130_fd_sc_hd__nand2_1)
   0.1286    7.3783 ^ mshrs/resp_arb/_0934_/Y (sky130_fd_sc_hd__mux2i_1)
   0.1334    7.5117 v mshrs/resp_arb/_0936_/Y (sky130_fd_sc_hd__o21ai_0)
   0.2839    7.7956 v mshrs/respq/ram_ext/_521_/X (sky130_fd_sc_hd__mux2_2)
   0.0035    7.7991 v mshrs/respq/ram_ext/_797_/D (sky130_fd_sc_hd__dfxtp_1)
             7.7991   data arrival time

  20.0000   20.0000   clock clock (rise edge)
   0.0000   20.0000   clock network delay (ideal)
   0.0000   20.0000   clock reconvergence pessimism
            20.0000 ^ mshrs/respq/ram_ext/_797_/CLK (sky130_fd_sc_hd__dfxtp_1)
  -0.1214   19.8786   library setup time
            19.8786   data required time
-------------------------------------------------------------
            19.8786   data required time
            -7.7991   data arrival time
-------------------------------------------------------------
            12.0795   slack (MET)


Startpoint: mshrs/mshrs_0/rpq/_3866_
            (rising edge-triggered flip-flop clocked by clock)
Endpoint: mshrs/respq/ram_ext/_798_
          (rising edge-triggered flip-flop clocked by clock)
Path Group: clock
Path Type: max

    Delay      Time   Description
-------------------------------------------------------------
   0.0000    0.0000   clock clock (rise edge)
   0.0000    0.0000   clock network delay (ideal)
   0.0000    0.0000 ^ mshrs/mshrs_0/rpq/_3866_/CLK (sky130_fd_sc_hd__dfxtp_1)
   0.4395    0.4395 ^ mshrs/mshrs_0/rpq/_3866_/Q (sky130_fd_sc_hd__dfxtp_1)
   0.2729    0.7124 ^ mshrs/mshrs_0/rpq/_2372_/X (sky130_fd_sc_hd__clkbuf_1)
   0.5935    1.3058 ^ mshrs/mshrs_0/rpq/_2407_/Y (sky130_fd_sc_hd__nor4bb_1)
   0.3288    1.6347 ^ mshrs/mshrs_0/rpq/_2408_/X (sky130_fd_sc_hd__clkbuf_1)
   0.3003    1.9350 ^ mshrs/mshrs_0/rpq/_2409_/X (sky130_fd_sc_hd__lpflow_clkbufkapwr_1)
   0.3058    2.2408 ^ mshrs/mshrs_0/rpq/_2475_/X (sky130_fd_sc_hd__lpflow_clkbufkapwr_1)
   0.1268    2.3676 v mshrs/mshrs_0/rpq/_2489_/Y (sky130_fd_sc_hd__a21boi_0)
   0.1539    2.5215 v mshrs/mshrs_0/rpq/_2492_/X (sky130_fd_sc_hd__and3_1)
   0.1456    2.6671 ^ mshrs/mshrs_0/rpq/_2496_/Y (sky130_fd_sc_hd__nand4_1)
   0.0926    2.7597 v mshrs/mshrs_0/_0590_/Y (sky130_fd_sc_hd__nor4_1)
   0.0868    2.8465 ^ mshrs/mshrs_0/_0603_/Y (sky130_fd_sc_hd__nand3_1)
   0.1407    2.9872 v mshrs/mshrs_0/_0604_/Y (sky130_fd_sc_hd__nand2_1)
   0.2570    3.2442 ^ mshrs/lb_read_arb/_2_/X (sky130_fd_sc_hd__mux2_2)
   0.2830    3.5272 ^ mshrs/lb_ext/_1577_/X (sky130_fd_sc_hd__clkbuf_1)
   0.5167    4.0439 ^ mshrs/lb_ext/_1578_/X (sky130_fd_sc_hd__lpflow_clkbufkapwr_1)
   0.5343    4.5782 ^ mshrs/lb_ext/_1579_/X (sky130_fd_sc_hd__lpflow_clkbufkapwr_1)
   0.3985    4.9767 ^ mshrs/lb_ext/_1723_/X (sky130_fd_sc_hd__lpflow_clkbufkapwr_1)
   0.3547    5.3314 v mshrs/lb_ext/_1779_/X (sky130_fd_sc_hd__mux4_2)
   0.1754    5.5068 v mshrs/_0553_/X (sky130_fd_sc_hd__lpflow_inputiso0n_1)
   0.2831    5.7899 v mshrs/mshrs_1/_0683_/X (sky130_fd_sc_hd__mux2_2)
   0.2118    6.0018 ^ mshrs/mshrs_1/_0686_/Y (sky130_fd_sc_hd__a21oi_1)
   0.1112    6.1130 v mshrs/mshrs_1/_0691_/Y (sky130_fd_sc_hd__a21oi_1)
   0.1906    6.3037 ^ mshrs/mshrs_1/_0710_/Y (sky130_fd_sc_hd__nand3_1)
   0.2027    6.5064 v mshrs/mshrs_1/_0721_/Y (sky130_fd_sc_hd__o31ai_1)
   0.3485    6.8549 ^ mshrs/mshrs_1/_0744_/Y (sky130_fd_sc_hd__a41oi_1)
   0.3112    7.1661 ^ mshrs/mshrs_1/_0792_/X (sky130_fd_sc_hd__clkbuf_1)
   0.0836    7.2497 v mshrs/mshrs_1/_0800_/Y (sky130_fd_sc_hd__nand2_1)
   0.1286    7.3783 ^ mshrs/resp_arb/_0937_/Y (sky130_fd_sc_hd__mux2i_1)
   0.1334    7.5117 v mshrs/resp_arb/_0939_/Y (sky130_fd_sc_hd__o21ai_0)
   0.2839    7.7956 v mshrs/respq/ram_ext/_522_/X (sky130_fd_sc_hd__mux2_2)
   0.0035    7.7991 v mshrs/respq/ram_ext/_798_/D (sky130_fd_sc_hd__dfxtp_1)
             7.7991   data arrival time

  20.0000   20.0000   clock clock (rise edge)
   0.0000   20.0000   clock network delay (ideal)
   0.0000   20.0000   clock reconvergence pessimism
            20.0000 ^ mshrs/respq/ram_ext/_798_/CLK (sky130_fd_sc_hd__dfxtp_1)
  -0.1214   19.8786   library setup time
            19.8786   data required time
-------------------------------------------------------------
            19.8786   data required time
            -7.7991   data arrival time
-------------------------------------------------------------
            12.0795   slack (MET)


Startpoint: mshrs/mshrs_0/rpq/_3866_
            (rising edge-triggered flip-flop clocked by clock)
Endpoint: mshrs/respq/ram_ext/_799_
          (rising edge-triggered flip-flop clocked by clock)
Path Group: clock
Path Type: max

    Delay      Time   Description
-------------------------------------------------------------
   0.0000    0.0000   clock clock (rise edge)
   0.0000    0.0000   clock network delay (ideal)
   0.0000    0.0000 ^ mshrs/mshrs_0/rpq/_3866_/CLK (sky130_fd_sc_hd__dfxtp_1)
   0.4395    0.4395 ^ mshrs/mshrs_0/rpq/_3866_/Q (sky130_fd_sc_hd__dfxtp_1)
   0.2729    0.7124 ^ mshrs/mshrs_0/rpq/_2372_/X (sky130_fd_sc_hd__clkbuf_1)
   0.5935    1.3058 ^ mshrs/mshrs_0/rpq/_2407_/Y (sky130_fd_sc_hd__nor4bb_1)
   0.3288    1.6347 ^ mshrs/mshrs_0/rpq/_2408_/X (sky130_fd_sc_hd__clkbuf_1)
   0.3003    1.9350 ^ mshrs/mshrs_0/rpq/_2409_/X (sky130_fd_sc_hd__lpflow_clkbufkapwr_1)
   0.3058    2.2408 ^ mshrs/mshrs_0/rpq/_2475_/X (sky130_fd_sc_hd__lpflow_clkbufkapwr_1)
   0.1268    2.3676 v mshrs/mshrs_0/rpq/_2489_/Y (sky130_fd_sc_hd__a21boi_0)
   0.1539    2.5215 v mshrs/mshrs_0/rpq/_2492_/X (sky130_fd_sc_hd__and3_1)
   0.1456    2.6671 ^ mshrs/mshrs_0/rpq/_2496_/Y (sky130_fd_sc_hd__nand4_1)
   0.0926    2.7597 v mshrs/mshrs_0/_0590_/Y (sky130_fd_sc_hd__nor4_1)
   0.0868    2.8465 ^ mshrs/mshrs_0/_0603_/Y (sky130_fd_sc_hd__nand3_1)
   0.1407    2.9872 v mshrs/mshrs_0/_0604_/Y (sky130_fd_sc_hd__nand2_1)
   0.2570    3.2442 ^ mshrs/lb_read_arb/_2_/X (sky130_fd_sc_hd__mux2_2)
   0.2830    3.5272 ^ mshrs/lb_ext/_1577_/X (sky130_fd_sc_hd__clkbuf_1)
   0.5167    4.0439 ^ mshrs/lb_ext/_1578_/X (sky130_fd_sc_hd__lpflow_clkbufkapwr_1)
   0.5343    4.5782 ^ mshrs/lb_ext/_1579_/X (sky130_fd_sc_hd__lpflow_clkbufkapwr_1)
   0.3985    4.9767 ^ mshrs/lb_ext/_1723_/X (sky130_fd_sc_hd__lpflow_clkbufkapwr_1)
   0.3547    5.3314 v mshrs/lb_ext/_1779_/X (sky130_fd_sc_hd__mux4_2)
   0.1754    5.5068 v mshrs/_0553_/X (sky130_fd_sc_hd__lpflow_inputiso0n_1)
   0.2831    5.7899 v mshrs/mshrs_1/_0683_/X (sky130_fd_sc_hd__mux2_2)
   0.2118    6.0018 ^ mshrs/mshrs_1/_0686_/Y (sky130_fd_sc_hd__a21oi_1)
   0.1112    6.1130 v mshrs/mshrs_1/_0691_/Y (sky130_fd_sc_hd__a21oi_1)
   0.1906    6.3037 ^ mshrs/mshrs_1/_0710_/Y (sky130_fd_sc_hd__nand3_1)
   0.2027    6.5064 v mshrs/mshrs_1/_0721_/Y (sky130_fd_sc_hd__o31ai_1)
   0.3485    6.8549 ^ mshrs/mshrs_1/_0744_/Y (sky130_fd_sc_hd__a41oi_1)
   0.3112    7.1661 ^ mshrs/mshrs_1/_0792_/X (sky130_fd_sc_hd__clkbuf_1)
   0.0836    7.2497 v mshrs/mshrs_1/_0802_/Y (sky130_fd_sc_hd__nand2_1)
   0.1286    7.3783 ^ mshrs/resp_arb/_0940_/Y (sky130_fd_sc_hd__mux2i_1)
   0.1334    7.5117 v mshrs/resp_arb/_0942_/Y (sky130_fd_sc_hd__o21ai_0)
   0.2839    7.7956 v mshrs/respq/ram_ext/_523_/X (sky130_fd_sc_hd__mux2_2)
   0.0035    7.7991 v mshrs/respq/ram_ext/_799_/D (sky130_fd_sc_hd__dfxtp_1)
             7.7991   data arrival time

  20.0000   20.0000   clock clock (rise edge)
   0.0000   20.0000   clock network delay (ideal)
   0.0000   20.0000   clock reconvergence pessimism
            20.0000 ^ mshrs/respq/ram_ext/_799_/CLK (sky130_fd_sc_hd__dfxtp_1)
  -0.1214   19.8786   library setup time
            19.8786   data required time
-------------------------------------------------------------
            19.8786   data required time
            -7.7991   data arrival time
-------------------------------------------------------------
            12.0795   slack (MET)


Startpoint: mshrs/mshrs_0/rpq/_3866_
            (rising edge-triggered flip-flop clocked by clock)
Endpoint: mshrs/respq/ram_ext/_800_
          (rising edge-triggered flip-flop clocked by clock)
Path Group: clock
Path Type: max

    Delay      Time   Description
-------------------------------------------------------------
   0.0000    0.0000   clock clock (rise edge)
   0.0000    0.0000   clock network delay (ideal)
   0.0000    0.0000 ^ mshrs/mshrs_0/rpq/_3866_/CLK (sky130_fd_sc_hd__dfxtp_1)
   0.4395    0.4395 ^ mshrs/mshrs_0/rpq/_3866_/Q (sky130_fd_sc_hd__dfxtp_1)
   0.2729    0.7124 ^ mshrs/mshrs_0/rpq/_2372_/X (sky130_fd_sc_hd__clkbuf_1)
   0.5935    1.3058 ^ mshrs/mshrs_0/rpq/_2407_/Y (sky130_fd_sc_hd__nor4bb_1)
   0.3288    1.6347 ^ mshrs/mshrs_0/rpq/_2408_/X (sky130_fd_sc_hd__clkbuf_1)
   0.3003    1.9350 ^ mshrs/mshrs_0/rpq/_2409_/X (sky130_fd_sc_hd__lpflow_clkbufkapwr_1)
   0.3058    2.2408 ^ mshrs/mshrs_0/rpq/_2475_/X (sky130_fd_sc_hd__lpflow_clkbufkapwr_1)
   0.1268    2.3676 v mshrs/mshrs_0/rpq/_2489_/Y (sky130_fd_sc_hd__a21boi_0)
   0.1539    2.5215 v mshrs/mshrs_0/rpq/_2492_/X (sky130_fd_sc_hd__and3_1)
   0.1456    2.6671 ^ mshrs/mshrs_0/rpq/_2496_/Y (sky130_fd_sc_hd__nand4_1)
   0.0926    2.7597 v mshrs/mshrs_0/_0590_/Y (sky130_fd_sc_hd__nor4_1)
   0.0868    2.8465 ^ mshrs/mshrs_0/_0603_/Y (sky130_fd_sc_hd__nand3_1)
   0.1407    2.9872 v mshrs/mshrs_0/_0604_/Y (sky130_fd_sc_hd__nand2_1)
   0.2570    3.2442 ^ mshrs/lb_read_arb/_2_/X (sky130_fd_sc_hd__mux2_2)
   0.2830    3.5272 ^ mshrs/lb_ext/_1577_/X (sky130_fd_sc_hd__clkbuf_1)
   0.5167    4.0439 ^ mshrs/lb_ext/_1578_/X (sky130_fd_sc_hd__lpflow_clkbufkapwr_1)
   0.5343    4.5782 ^ mshrs/lb_ext/_1579_/X (sky130_fd_sc_hd__lpflow_clkbufkapwr_1)
   0.3985    4.9767 ^ mshrs/lb_ext/_1723_/X (sky130_fd_sc_hd__lpflow_clkbufkapwr_1)
   0.3547    5.3314 v mshrs/lb_ext/_1779_/X (sky130_fd_sc_hd__mux4_2)
   0.1754    5.5068 v mshrs/_0553_/X (sky130_fd_sc_hd__lpflow_inputiso0n_1)
   0.2831    5.7899 v mshrs/mshrs_1/_0683_/X (sky130_fd_sc_hd__mux2_2)
   0.2118    6.0018 ^ mshrs/mshrs_1/_0686_/Y (sky130_fd_sc_hd__a21oi_1)
   0.1112    6.1130 v mshrs/mshrs_1/_0691_/Y (sky130_fd_sc_hd__a21oi_1)
   0.1906    6.3037 ^ mshrs/mshrs_1/_0710_/Y (sky130_fd_sc_hd__nand3_1)
   0.2027    6.5064 v mshrs/mshrs_1/_0721_/Y (sky130_fd_sc_hd__o31ai_1)
   0.3485    6.8549 ^ mshrs/mshrs_1/_0744_/Y (sky130_fd_sc_hd__a41oi_1)
   0.3112    7.1661 ^ mshrs/mshrs_1/_0792_/X (sky130_fd_sc_hd__clkbuf_1)
   0.0836    7.2497 v mshrs/mshrs_1/_0804_/Y (sky130_fd_sc_hd__nand2_1)
   0.1286    7.3783 ^ mshrs/resp_arb/_0943_/Y (sky130_fd_sc_hd__mux2i_1)
   0.1334    7.5117 v mshrs/resp_arb/_0945_/Y (sky130_fd_sc_hd__o21ai_0)
   0.2839    7.7956 v mshrs/respq/ram_ext/_524_/X (sky130_fd_sc_hd__mux2_2)
   0.0035    7.7991 v mshrs/respq/ram_ext/_800_/D (sky130_fd_sc_hd__dfxtp_1)
             7.7991   data arrival time

  20.0000   20.0000   clock clock (rise edge)
   0.0000   20.0000   clock network delay (ideal)
   0.0000   20.0000   clock reconvergence pessimism
            20.0000 ^ mshrs/respq/ram_ext/_800_/CLK (sky130_fd_sc_hd__dfxtp_1)
  -0.1214   19.8786   library setup time
            19.8786   data required time
-------------------------------------------------------------
            19.8786   data required time
            -7.7991   data arrival time
-------------------------------------------------------------
            12.0795   slack (MET)


Startpoint: mshrs/mshrs_0/rpq/_3866_
            (rising edge-triggered flip-flop clocked by clock)
Endpoint: mshrs/respq/ram_ext/_850_
          (rising edge-triggered flip-flop clocked by clock)
Path Group: clock
Path Type: max

    Delay      Time   Description
-------------------------------------------------------------
   0.0000    0.0000   clock clock (rise edge)
   0.0000    0.0000   clock network delay (ideal)
   0.0000    0.0000 ^ mshrs/mshrs_0/rpq/_3866_/CLK (sky130_fd_sc_hd__dfxtp_1)
   0.4395    0.4395 ^ mshrs/mshrs_0/rpq/_3866_/Q (sky130_fd_sc_hd__dfxtp_1)
   0.2729    0.7124 ^ mshrs/mshrs_0/rpq/_2372_/X (sky130_fd_sc_hd__clkbuf_1)
   0.5935    1.3058 ^ mshrs/mshrs_0/rpq/_2407_/Y (sky130_fd_sc_hd__nor4bb_1)
   0.3288    1.6347 ^ mshrs/mshrs_0/rpq/_2408_/X (sky130_fd_sc_hd__clkbuf_1)
   0.3003    1.9350 ^ mshrs/mshrs_0/rpq/_2409_/X (sky130_fd_sc_hd__lpflow_clkbufkapwr_1)
   0.3058    2.2408 ^ mshrs/mshrs_0/rpq/_2475_/X (sky130_fd_sc_hd__lpflow_clkbufkapwr_1)
   0.1268    2.3676 v mshrs/mshrs_0/rpq/_2489_/Y (sky130_fd_sc_hd__a21boi_0)
   0.1539    2.5215 v mshrs/mshrs_0/rpq/_2492_/X (sky130_fd_sc_hd__and3_1)
   0.1456    2.6671 ^ mshrs/mshrs_0/rpq/_2496_/Y (sky130_fd_sc_hd__nand4_1)
   0.0926    2.7597 v mshrs/mshrs_0/_0590_/Y (sky130_fd_sc_hd__nor4_1)
   0.0868    2.8465 ^ mshrs/mshrs_0/_0603_/Y (sky130_fd_sc_hd__nand3_1)
   0.1407    2.9872 v mshrs/mshrs_0/_0604_/Y (sky130_fd_sc_hd__nand2_1)
   0.2570    3.2442 ^ mshrs/lb_read_arb/_2_/X (sky130_fd_sc_hd__mux2_2)
   0.2830    3.5272 ^ mshrs/lb_ext/_1577_/X (sky130_fd_sc_hd__clkbuf_1)
   0.5167    4.0439 ^ mshrs/lb_ext/_1578_/X (sky130_fd_sc_hd__lpflow_clkbufkapwr_1)
   0.5343    4.5782 ^ mshrs/lb_ext/_1579_/X (sky130_fd_sc_hd__lpflow_clkbufkapwr_1)
   0.3985    4.9767 ^ mshrs/lb_ext/_1723_/X (sky130_fd_sc_hd__lpflow_clkbufkapwr_1)
   0.3547    5.3314 v mshrs/lb_ext/_1779_/X (sky130_fd_sc_hd__mux4_2)
   0.1754    5.5068 v mshrs/_0553_/X (sky130_fd_sc_hd__lpflow_inputiso0n_1)
   0.2831    5.7899 v mshrs/mshrs_1/_0683_/X (sky130_fd_sc_hd__mux2_2)
   0.2118    6.0018 ^ mshrs/mshrs_1/_0686_/Y (sky130_fd_sc_hd__a21oi_1)
   0.1112    6.1130 v mshrs/mshrs_1/_0691_/Y (sky130_fd_sc_hd__a21oi_1)
   0.1906    6.3037 ^ mshrs/mshrs_1/_0710_/Y (sky130_fd_sc_hd__nand3_1)
   0.2027    6.5064 v mshrs/mshrs_1/_0721_/Y (sky130_fd_sc_hd__o31ai_1)
   0.3485    6.8549 ^ mshrs/mshrs_1/_0744_/Y (sky130_fd_sc_hd__a41oi_1)
   0.3112    7.1661 ^ mshrs/mshrs_1/_0769_/X (sky130_fd_sc_hd__clkbuf_1)
   0.0836    7.2497 v mshrs/mshrs_1/_0771_/Y (sky130_fd_sc_hd__nand2_1)
   0.1286    7.3783 ^ mshrs/resp_arb/_0895_/Y (sky130_fd_sc_hd__mux2i_1)
   0.1334    7.5117 v mshrs/resp_arb/_0897_/Y (sky130_fd_sc_hd__o21ai_0)
   0.2839    7.7956 v mshrs/respq/ram_ext/_581_/X (sky130_fd_sc_hd__mux2_2)
   0.0035    7.7991 v mshrs/respq/ram_ext/_850_/D (sky130_fd_sc_hd__dfxtp_1)
             7.7991   data arrival time

  20.0000   20.0000   clock clock (rise edge)
   0.0000   20.0000   clock network delay (ideal)
   0.0000   20.0000   clock reconvergence pessimism
            20.0000 ^ mshrs/respq/ram_ext/_850_/CLK (sky130_fd_sc_hd__dfxtp_1)
  -0.1214   19.8786   library setup time
            19.8786   data required time
-------------------------------------------------------------
            19.8786   data required time
            -7.7991   data arrival time
-------------------------------------------------------------
            12.0795   slack (MET)


Startpoint: mshrs/mshrs_0/rpq/_3866_
            (rising edge-triggered flip-flop clocked by clock)
Endpoint: mshrs/respq/ram_ext/_851_
          (rising edge-triggered flip-flop clocked by clock)
Path Group: clock
Path Type: max

    Delay      Time   Description
-------------------------------------------------------------
   0.0000    0.0000   clock clock (rise edge)
   0.0000    0.0000   clock network delay (ideal)
   0.0000    0.0000 ^ mshrs/mshrs_0/rpq/_3866_/CLK (sky130_fd_sc_hd__dfxtp_1)
   0.4395    0.4395 ^ mshrs/mshrs_0/rpq/_3866_/Q (sky130_fd_sc_hd__dfxtp_1)
   0.2729    0.7124 ^ mshrs/mshrs_0/rpq/_2372_/X (sky130_fd_sc_hd__clkbuf_1)
   0.5935    1.3058 ^ mshrs/mshrs_0/rpq/_2407_/Y (sky130_fd_sc_hd__nor4bb_1)
   0.3288    1.6347 ^ mshrs/mshrs_0/rpq/_2408_/X (sky130_fd_sc_hd__clkbuf_1)
   0.3003    1.9350 ^ mshrs/mshrs_0/rpq/_2409_/X (sky130_fd_sc_hd__lpflow_clkbufkapwr_1)
   0.3058    2.2408 ^ mshrs/mshrs_0/rpq/_2475_/X (sky130_fd_sc_hd__lpflow_clkbufkapwr_1)
   0.1268    2.3676 v mshrs/mshrs_0/rpq/_2489_/Y (sky130_fd_sc_hd__a21boi_0)
   0.1539    2.5215 v mshrs/mshrs_0/rpq/_2492_/X (sky130_fd_sc_hd__and3_1)
   0.1456    2.6671 ^ mshrs/mshrs_0/rpq/_2496_/Y (sky130_fd_sc_hd__nand4_1)
   0.0926    2.7597 v mshrs/mshrs_0/_0590_/Y (sky130_fd_sc_hd__nor4_1)
   0.0868    2.8465 ^ mshrs/mshrs_0/_0603_/Y (sky130_fd_sc_hd__nand3_1)
   0.1407    2.9872 v mshrs/mshrs_0/_0604_/Y (sky130_fd_sc_hd__nand2_1)
   0.2570    3.2442 ^ mshrs/lb_read_arb/_2_/X (sky130_fd_sc_hd__mux2_2)
   0.2830    3.5272 ^ mshrs/lb_ext/_1577_/X (sky130_fd_sc_hd__clkbuf_1)
   0.5167    4.0439 ^ mshrs/lb_ext/_1578_/X (sky130_fd_sc_hd__lpflow_clkbufkapwr_1)
   0.5343    4.5782 ^ mshrs/lb_ext/_1579_/X (sky130_fd_sc_hd__lpflow_clkbufkapwr_1)
   0.3985    4.9767 ^ mshrs/lb_ext/_1723_/X (sky130_fd_sc_hd__lpflow_clkbufkapwr_1)
   0.3547    5.3314 v mshrs/lb_ext/_1779_/X (sky130_fd_sc_hd__mux4_2)
   0.1754    5.5068 v mshrs/_0553_/X (sky130_fd_sc_hd__lpflow_inputiso0n_1)
   0.2831    5.7899 v mshrs/mshrs_1/_0683_/X (sky130_fd_sc_hd__mux2_2)
   0.2118    6.0018 ^ mshrs/mshrs_1/_0686_/Y (sky130_fd_sc_hd__a21oi_1)
   0.1112    6.1130 v mshrs/mshrs_1/_0691_/Y (sky130_fd_sc_hd__a21oi_1)
   0.1906    6.3037 ^ mshrs/mshrs_1/_0710_/Y (sky130_fd_sc_hd__nand3_1)
   0.2027    6.5064 v mshrs/mshrs_1/_0721_/Y (sky130_fd_sc_hd__o31ai_1)
   0.3485    6.8549 ^ mshrs/mshrs_1/_0744_/Y (sky130_fd_sc_hd__a41oi_1)
   0.3112    7.1661 ^ mshrs/mshrs_1/_0769_/X (sky130_fd_sc_hd__clkbuf_1)
   0.0836    7.2497 v mshrs/mshrs_1/_0773_/Y (sky130_fd_sc_hd__nand2_1)
   0.1286    7.3783 ^ mshrs/resp_arb/_0898_/Y (sky130_fd_sc_hd__mux2i_1)
   0.1334    7.5117 v mshrs/resp_arb/_0900_/Y (sky130_fd_sc_hd__o21ai_0)
   0.2839    7.7956 v mshrs/respq/ram_ext/_582_/X (sky130_fd_sc_hd__mux2_2)
   0.0035    7.7991 v mshrs/respq/ram_ext/_851_/D (sky130_fd_sc_hd__dfxtp_1)
             7.7991   data arrival time

  20.0000   20.0000   clock clock (rise edge)
   0.0000   20.0000   clock network delay (ideal)
   0.0000   20.0000   clock reconvergence pessimism
            20.0000 ^ mshrs/respq/ram_ext/_851_/CLK (sky130_fd_sc_hd__dfxtp_1)
  -0.1214   19.8786   library setup time
            19.8786   data required time
-------------------------------------------------------------
            19.8786   data required time
            -7.7991   data arrival time
-------------------------------------------------------------
            12.0795   slack (MET)


Startpoint: mshrs/mshrs_0/rpq/_3866_
            (rising edge-triggered flip-flop clocked by clock)
Endpoint: mshrs/respq/ram_ext/_852_
          (rising edge-triggered flip-flop clocked by clock)
Path Group: clock
Path Type: max

    Delay      Time   Description
-------------------------------------------------------------
   0.0000    0.0000   clock clock (rise edge)
   0.0000    0.0000   clock network delay (ideal)
   0.0000    0.0000 ^ mshrs/mshrs_0/rpq/_3866_/CLK (sky130_fd_sc_hd__dfxtp_1)
   0.4395    0.4395 ^ mshrs/mshrs_0/rpq/_3866_/Q (sky130_fd_sc_hd__dfxtp_1)
   0.2729    0.7124 ^ mshrs/mshrs_0/rpq/_2372_/X (sky130_fd_sc_hd__clkbuf_1)
   0.5935    1.3058 ^ mshrs/mshrs_0/rpq/_2407_/Y (sky130_fd_sc_hd__nor4bb_1)
   0.3288    1.6347 ^ mshrs/mshrs_0/rpq/_2408_/X (sky130_fd_sc_hd__clkbuf_1)
   0.3003    1.9350 ^ mshrs/mshrs_0/rpq/_2409_/X (sky130_fd_sc_hd__lpflow_clkbufkapwr_1)
   0.3058    2.2408 ^ mshrs/mshrs_0/rpq/_2475_/X (sky130_fd_sc_hd__lpflow_clkbufkapwr_1)
   0.1268    2.3676 v mshrs/mshrs_0/rpq/_2489_/Y (sky130_fd_sc_hd__a21boi_0)
   0.1539    2.5215 v mshrs/mshrs_0/rpq/_2492_/X (sky130_fd_sc_hd__and3_1)
   0.1456    2.6671 ^ mshrs/mshrs_0/rpq/_2496_/Y (sky130_fd_sc_hd__nand4_1)
   0.0926    2.7597 v mshrs/mshrs_0/_0590_/Y (sky130_fd_sc_hd__nor4_1)
   0.0868    2.8465 ^ mshrs/mshrs_0/_0603_/Y (sky130_fd_sc_hd__nand3_1)
   0.1407    2.9872 v mshrs/mshrs_0/_0604_/Y (sky130_fd_sc_hd__nand2_1)
   0.2570    3.2442 ^ mshrs/lb_read_arb/_2_/X (sky130_fd_sc_hd__mux2_2)
   0.2830    3.5272 ^ mshrs/lb_ext/_1577_/X (sky130_fd_sc_hd__clkbuf_1)
   0.5167    4.0439 ^ mshrs/lb_ext/_1578_/X (sky130_fd_sc_hd__lpflow_clkbufkapwr_1)
   0.5343    4.5782 ^ mshrs/lb_ext/_1579_/X (sky130_fd_sc_hd__lpflow_clkbufkapwr_1)
   0.3985    4.9767 ^ mshrs/lb_ext/_1723_/X (sky130_fd_sc_hd__lpflow_clkbufkapwr_1)
   0.3547    5.3314 v mshrs/lb_ext/_1779_/X (sky130_fd_sc_hd__mux4_2)
   0.1754    5.5068 v mshrs/_0553_/X (sky130_fd_sc_hd__lpflow_inputiso0n_1)
   0.2831    5.7899 v mshrs/mshrs_1/_0683_/X (sky130_fd_sc_hd__mux2_2)
   0.2118    6.0018 ^ mshrs/mshrs_1/_0686_/Y (sky130_fd_sc_hd__a21oi_1)
   0.1112    6.1130 v mshrs/mshrs_1/_0691_/Y (sky130_fd_sc_hd__a21oi_1)
   0.1906    6.3037 ^ mshrs/mshrs_1/_0710_/Y (sky130_fd_sc_hd__nand3_1)
   0.2027    6.5064 v mshrs/mshrs_1/_0721_/Y (sky130_fd_sc_hd__o31ai_1)
   0.3485    6.8549 ^ mshrs/mshrs_1/_0744_/Y (sky130_fd_sc_hd__a41oi_1)
   0.3112    7.1661 ^ mshrs/mshrs_1/_0769_/X (sky130_fd_sc_hd__clkbuf_1)
   0.0836    7.2497 v mshrs/mshrs_1/_0775_/Y (sky130_fd_sc_hd__nand2_1)
   0.1286    7.3783 ^ mshrs/resp_arb/_0901_/Y (sky130_fd_sc_hd__mux2i_1)
   0.1334    7.5117 v mshrs/resp_arb/_0903_/Y (sky130_fd_sc_hd__o21ai_0)
   0.2839    7.7956 v mshrs/respq/ram_ext/_583_/X (sky130_fd_sc_hd__mux2_2)
   0.0035    7.7991 v mshrs/respq/ram_ext/_852_/D (sky130_fd_sc_hd__dfxtp_1)
             7.7991   data arrival time

  20.0000   20.0000   clock clock (rise edge)
   0.0000   20.0000   clock network delay (ideal)
   0.0000   20.0000   clock reconvergence pessimism
            20.0000 ^ mshrs/respq/ram_ext/_852_/CLK (sky130_fd_sc_hd__dfxtp_1)
  -0.1214   19.8786   library setup time
            19.8786   data required time
-------------------------------------------------------------
            19.8786   data required time
            -7.7991   data arrival time
-------------------------------------------------------------
            12.0795   slack (MET)


Startpoint: mshrs/mshrs_0/rpq/_3866_
            (rising edge-triggered flip-flop clocked by clock)
Endpoint: mshrs/respq/ram_ext/_853_
          (rising edge-triggered flip-flop clocked by clock)
Path Group: clock
Path Type: max

    Delay      Time   Description
-------------------------------------------------------------
   0.0000    0.0000   clock clock (rise edge)
   0.0000    0.0000   clock network delay (ideal)
   0.0000    0.0000 ^ mshrs/mshrs_0/rpq/_3866_/CLK (sky130_fd_sc_hd__dfxtp_1)
   0.4395    0.4395 ^ mshrs/mshrs_0/rpq/_3866_/Q (sky130_fd_sc_hd__dfxtp_1)
   0.2729    0.7124 ^ mshrs/mshrs_0/rpq/_2372_/X (sky130_fd_sc_hd__clkbuf_1)
   0.5935    1.3058 ^ mshrs/mshrs_0/rpq/_2407_/Y (sky130_fd_sc_hd__nor4bb_1)
   0.3288    1.6347 ^ mshrs/mshrs_0/rpq/_2408_/X (sky130_fd_sc_hd__clkbuf_1)
   0.3003    1.9350 ^ mshrs/mshrs_0/rpq/_2409_/X (sky130_fd_sc_hd__lpflow_clkbufkapwr_1)
   0.3058    2.2408 ^ mshrs/mshrs_0/rpq/_2475_/X (sky130_fd_sc_hd__lpflow_clkbufkapwr_1)
   0.1268    2.3676 v mshrs/mshrs_0/rpq/_2489_/Y (sky130_fd_sc_hd__a21boi_0)
   0.1539    2.5215 v mshrs/mshrs_0/rpq/_2492_/X (sky130_fd_sc_hd__and3_1)
   0.1456    2.6671 ^ mshrs/mshrs_0/rpq/_2496_/Y (sky130_fd_sc_hd__nand4_1)
   0.0926    2.7597 v mshrs/mshrs_0/_0590_/Y (sky130_fd_sc_hd__nor4_1)
   0.0868    2.8465 ^ mshrs/mshrs_0/_0603_/Y (sky130_fd_sc_hd__nand3_1)
   0.1407    2.9872 v mshrs/mshrs_0/_0604_/Y (sky130_fd_sc_hd__nand2_1)
   0.2570    3.2442 ^ mshrs/lb_read_arb/_2_/X (sky130_fd_sc_hd__mux2_2)
   0.2830    3.5272 ^ mshrs/lb_ext/_1577_/X (sky130_fd_sc_hd__clkbuf_1)
   0.5167    4.0439 ^ mshrs/lb_ext/_1578_/X (sky130_fd_sc_hd__lpflow_clkbufkapwr_1)
   0.5343    4.5782 ^ mshrs/lb_ext/_1579_/X (sky130_fd_sc_hd__lpflow_clkbufkapwr_1)
   0.3985    4.9767 ^ mshrs/lb_ext/_1723_/X (sky130_fd_sc_hd__lpflow_clkbufkapwr_1)
   0.3547    5.3314 v mshrs/lb_ext/_1779_/X (sky130_fd_sc_hd__mux4_2)
   0.1754    5.5068 v mshrs/_0553_/X (sky130_fd_sc_hd__lpflow_inputiso0n_1)
   0.2831    5.7899 v mshrs/mshrs_1/_0683_/X (sky130_fd_sc_hd__mux2_2)
   0.2118    6.0018 ^ mshrs/mshrs_1/_0686_/Y (sky130_fd_sc_hd__a21oi_1)
   0.1112    6.1130 v mshrs/mshrs_1/_0691_/Y (sky130_fd_sc_hd__a21oi_1)
   0.1906    6.3037 ^ mshrs/mshrs_1/_0710_/Y (sky130_fd_sc_hd__nand3_1)
   0.2027    6.5064 v mshrs/mshrs_1/_0721_/Y (sky130_fd_sc_hd__o31ai_1)
   0.3485    6.8549 ^ mshrs/mshrs_1/_0744_/Y (sky130_fd_sc_hd__a41oi_1)
   0.3112    7.1661 ^ mshrs/mshrs_1/_0769_/X (sky130_fd_sc_hd__clkbuf_1)
   0.0836    7.2497 v mshrs/mshrs_1/_0777_/Y (sky130_fd_sc_hd__nand2_1)
   0.1286    7.3783 ^ mshrs/resp_arb/_0904_/Y (sky130_fd_sc_hd__mux2i_1)
   0.1334    7.5117 v mshrs/resp_arb/_0906_/Y (sky130_fd_sc_hd__o21ai_0)
   0.2839    7.7956 v mshrs/respq/ram_ext/_584_/X (sky130_fd_sc_hd__mux2_2)
   0.0035    7.7991 v mshrs/respq/ram_ext/_853_/D (sky130_fd_sc_hd__dfxtp_1)
             7.7991   data arrival time

  20.0000   20.0000   clock clock (rise edge)
   0.0000   20.0000   clock network delay (ideal)
   0.0000   20.0000   clock reconvergence pessimism
            20.0000 ^ mshrs/respq/ram_ext/_853_/CLK (sky130_fd_sc_hd__dfxtp_1)
  -0.1214   19.8786   library setup time
            19.8786   data required time
-------------------------------------------------------------
            19.8786   data required time
            -7.7991   data arrival time
-------------------------------------------------------------
            12.0795   slack (MET)


