CHIA_METRIC setup_slack
worst slack 1.2978
CHIA_METRIC hold_slack
worst slack 0.3150
CHIA_METRIC min_period
clock period_min = 18.70 fmax = 53.47
CHIA_METRIC critical_paths
Startpoint: PipelinedMulUnit/imul/_56501_
            (rising edge-triggered flip-flop clocked by clock)
Endpoint: PipelinedMulUnit/imul/_56628_
          (rising edge-triggered flip-flop clocked by clock)
Path Group: clock
Path Type: max

    Delay      Time   Description
-------------------------------------------------------------
   0.0000    0.0000   clock clock (rise edge)
   0.0000    0.0000   clock network delay (ideal)
   0.0000    0.0000 ^ PipelinedMulUnit/imul/_56501_/CLK (sky130_fd_sc_hd__dfxtp_1)
   0.3800    0.3800 ^ PipelinedMulUnit/imul/_56501_/Q (sky130_fd_sc_hd__dfxtp_1)
   0.2608    0.6408 ^ PipelinedMulUnit/imul/_28769_/X (sky130_fd_sc_hd__clkbuf_1)
   0.1282    0.7691 v PipelinedMulUnit/imul/_38732_/Y (sky130_fd_sc_hd__nand2_1)
   0.4064    1.1755 v PipelinedMulUnit/imul/_38780_/X (sky130_fd_sc_hd__xor3_1)
   0.3651    1.5405 v PipelinedMulUnit/imul/_38782_/X (sky130_fd_sc_hd__maj3_1)
   0.2861    1.8266 ^ PipelinedMulUnit/imul/_38784_/X (sky130_fd_sc_hd__xor2_1)
   0.1517    1.9783 v PipelinedMulUnit/imul/_38786_/Y (sky130_fd_sc_hd__o21ai_0)
   0.3985    2.3767 v PipelinedMulUnit/imul/_38789_/X (sky130_fd_sc_hd__maj3_1)
   0.3902    2.7670 v PipelinedMulUnit/imul/_38826_/X (sky130_fd_sc_hd__xor3_1)
   0.2564    3.0233 ^ PipelinedMulUnit/imul/_38863_/Y (sky130_fd_sc_hd__xnor2_1)
   0.6499    3.6732 v PipelinedMulUnit/imul/_38896_/X (sky130_fd_sc_hd__or4b_2)
   0.3847    4.0579 v PipelinedMulUnit/imul/_38902_/X (sky130_fd_sc_hd__maj3_1)
   0.1892    4.2471 v PipelinedMulUnit/imul/_38903_/X (sky130_fd_sc_hd__xor2_1)
   0.2183    4.4654 ^ PipelinedMulUnit/imul/_38934_/Y (sky130_fd_sc_hd__o21ai_0)
   0.2184    4.6838 ^ PipelinedMulUnit/imul/_38935_/X (sky130_fd_sc_hd__xor2_1)
   0.1069    4.7907 v PipelinedMulUnit/imul/_38959_/Y (sky130_fd_sc_hd__a22oi_1)
   0.2202    5.0109 v PipelinedMulUnit/imul/_38961_/X (sky130_fd_sc_hd__o21ba_2)
   0.2250    5.2359 ^ PipelinedMulUnit/imul/_38963_/Y (sky130_fd_sc_hd__o21ai_0)
   0.1331    5.3690 v PipelinedMulUnit/imul/_38966_/Y (sky130_fd_sc_hd__a31oi_1)
   0.1981    5.5671 ^ PipelinedMulUnit/imul/_38968_/Y (sky130_fd_sc_hd__o21ai_0)
   0.1093    5.6764 v PipelinedMulUnit/imul/_38971_/Y (sky130_fd_sc_hd__a21oi_1)
   0.1624    5.8388 ^ PipelinedMulUnit/imul/_38974_/Y (sky130_fd_sc_hd__o211ai_1)
   0.1411    5.9799 v PipelinedMulUnit/imul/_38975_/Y (sky130_fd_sc_hd__a32oi_1)
   0.2541    6.2340 ^ PipelinedMulUnit/imul/_38980_/Y (sky130_fd_sc_hd__o21ai_0)
   0.1590    6.3929 v PipelinedMulUnit/imul/_38986_/Y (sky130_fd_sc_hd__a31oi_1)
   0.2778    6.6708 v PipelinedMulUnit/imul/_38991_/X (sky130_fd_sc_hd__o31a_1)
   0.2326    6.9034 v PipelinedMulUnit/imul/_38993_/X (sky130_fd_sc_hd__o221a_2)
   0.3561    7.2594 v PipelinedMulUnit/imul/_38994_/X (sky130_fd_sc_hd__or3_1)
   0.4452    7.7046 ^ PipelinedMulUnit/imul/_38999_/Y (sky130_fd_sc_hd__a311oi_1)
   0.2916    7.9962 v PipelinedMulUnit/imul/_39006_/Y (sky130_fd_sc_hd__o311ai_0)
   0.4192    8.4154 v PipelinedMulUnit/imul/_39010_/X (sky130_fd_sc_hd__a311o_1)
   0.3054    8.7208 ^ PipelinedMulUnit/imul/_39013_/Y (sky130_fd_sc_hd__a311oi_1)
   0.1296    8.8504 v PipelinedMulUnit/imul/_39016_/Y (sky130_fd_sc_hd__o211ai_1)
   0.3919    9.2423 v PipelinedMulUnit/imul/_39021_/X (sky130_fd_sc_hd__a311o_1)
   0.2909    9.5332 ^ PipelinedMulUnit/imul/_39025_/Y (sky130_fd_sc_hd__a311oi_1)
   0.2047    9.7379 v PipelinedMulUnit/imul/_39029_/Y (sky130_fd_sc_hd__o311ai_0)
   0.4023   10.1402 ^ PipelinedMulUnit/imul/_39035_/Y (sky130_fd_sc_hd__a311oi_1)
   0.2449   10.3851 ^ PipelinedMulUnit/imul/_39038_/X (sky130_fd_sc_hd__o311a_1)
   0.1769   10.5620 v PipelinedMulUnit/imul/_39042_/Y (sky130_fd_sc_hd__o311ai_0)
   0.3618   10.9238 ^ PipelinedMulUnit/imul/_39254_/Y (sky130_fd_sc_hd__a311oi_1)
   0.1707   11.0946 v PipelinedMulUnit/imul/_39399_/Y (sky130_fd_sc_hd__a21oi_1)
   0.2150   11.3095 v PipelinedMulUnit/imul/_39623_/Y (sky130_fd_sc_hd__nand4b_1)
   0.4430   11.7525 ^ PipelinedMulUnit/imul/_40019_/Y (sky130_fd_sc_hd__a2111oi_0)
   0.2368   11.9893 ^ PipelinedMulUnit/imul/_40692_/X (sky130_fd_sc_hd__o311a_1)
   0.1218   12.1111 v PipelinedMulUnit/imul/_41025_/Y (sky130_fd_sc_hd__o21ai_0)
   0.3555   12.4666 v PipelinedMulUnit/imul/_41710_/X (sky130_fd_sc_hd__a311o_1)
   0.3717   12.8383 ^ PipelinedMulUnit/imul/_42377_/Y (sky130_fd_sc_hd__a311oi_1)
   0.2787   13.1170 v PipelinedMulUnit/imul/_43050_/Y (sky130_fd_sc_hd__o311ai_0)
   0.4261   13.5431 ^ PipelinedMulUnit/imul/_43708_/Y (sky130_fd_sc_hd__a311oi_1)
   0.2789   13.8220 v PipelinedMulUnit/imul/_44387_/Y (sky130_fd_sc_hd__o311ai_0)
   0.3923   14.2143 ^ PipelinedMulUnit/imul/_45042_/Y (sky130_fd_sc_hd__a311oi_1)
   0.2533   14.4676 ^ PipelinedMulUnit/imul/_47233_/X (sky130_fd_sc_hd__and4_1)
   0.1376   14.6052 v PipelinedMulUnit/imul/_49489_/Y (sky130_fd_sc_hd__o2111ai_1)
   0.2132   14.8185 ^ PipelinedMulUnit/imul/_49749_/Y (sky130_fd_sc_hd__a21oi_1)
   0.1502   14.9687 v PipelinedMulUnit/imul/_50285_/Y (sky130_fd_sc_hd__o21ai_0)
   0.2060   15.1747 ^ PipelinedMulUnit/imul/_50828_/Y (sky130_fd_sc_hd__a21oi_1)
   0.2219   15.3965 ^ PipelinedMulUnit/imul/_50841_/X (sky130_fd_sc_hd__o311a_1)
   0.1970   15.5935 ^ PipelinedMulUnit/imul/_51600_/X (sky130_fd_sc_hd__o311a_1)
   0.1995   15.7929 ^ PipelinedMulUnit/imul/_52090_/X (sky130_fd_sc_hd__o211a_1)
   0.2333   16.0263 ^ PipelinedMulUnit/imul/_52764_/X (sky130_fd_sc_hd__o311a_1)
   0.2151   16.2414 ^ PipelinedMulUnit/imul/_53435_/X (sky130_fd_sc_hd__o311a_1)
   0.1224   16.3638 v PipelinedMulUnit/imul/_53849_/Y (sky130_fd_sc_hd__o211ai_1)
   0.2517   16.6155 ^ PipelinedMulUnit/imul/_54276_/Y (sky130_fd_sc_hd__a211oi_1)
   0.1767   16.7923 v PipelinedMulUnit/imul/_54674_/Y (sky130_fd_sc_hd__o2111ai_1)
   0.2791   17.0714 ^ PipelinedMulUnit/imul/_55048_/Y (sky130_fd_sc_hd__a211oi_1)
   0.1933   17.2647 ^ PipelinedMulUnit/imul/_55219_/X (sky130_fd_sc_hd__o21a_1)
   0.1121   17.3768 v PipelinedMulUnit/imul/_55379_/Y (sky130_fd_sc_hd__o21ai_0)
   0.2152   17.5920 ^ PipelinedMulUnit/imul/_55559_/Y (sky130_fd_sc_hd__a21boi_0)
   0.1388   17.7308 v PipelinedMulUnit/imul/_55712_/Y (sky130_fd_sc_hd__o21ai_0)
   0.2472   17.9780 ^ PipelinedMulUnit/imul/_55880_/Y (sky130_fd_sc_hd__a21boi_0)
   0.1715   18.1495 ^ PipelinedMulUnit/imul/_56035_/X (sky130_fd_sc_hd__o21a_1)
   0.1399   18.2894 ^ PipelinedMulUnit/imul/_56201_/X (sky130_fd_sc_hd__o21a_1)
   0.0770   18.3664 v PipelinedMulUnit/imul/_56333_/Y (sky130_fd_sc_hd__o31ai_1)
   0.1204   18.4868 ^ PipelinedMulUnit/imul/_56334_/X (sky130_fd_sc_hd__lpflow_isobufsrc_1)
   0.0809   18.5678 v PipelinedMulUnit/imul/_56339_/Y (sky130_fd_sc_hd__o22ai_1)
   0.0035   18.5713 v PipelinedMulUnit/imul/_56628_/D (sky130_fd_sc_hd__dfxtp_1)
            18.5713   data arrival time

  20.0000   20.0000   clock clock (rise edge)
   0.0000   20.0000   clock network delay (ideal)
   0.0000   20.0000   clock reconvergence pessimism
            20.0000 ^ PipelinedMulUnit/imul/_56628_/CLK (sky130_fd_sc_hd__dfxtp_1)
  -0.1309   19.8691   library setup time
            19.8691   data required time
-------------------------------------------------------------
            19.8691   data required time
           -18.5713   data arrival time
-------------------------------------------------------------
             1.2978   slack (MET)


Startpoint: PipelinedMulUnit/imul/_56501_
            (rising edge-triggered flip-flop clocked by clock)
Endpoint: PipelinedMulUnit/imul/_56627_
          (rising edge-triggered flip-flop clocked by clock)
Path Group: clock
Path Type: max

    Delay      Time   Description
-------------------------------------------------------------
   0.0000    0.0000   clock clock (rise edge)
   0.0000    0.0000   clock network delay (ideal)
   0.0000    0.0000 ^ PipelinedMulUnit/imul/_56501_/CLK (sky130_fd_sc_hd__dfxtp_1)
   0.3800    0.3800 ^ PipelinedMulUnit/imul/_56501_/Q (sky130_fd_sc_hd__dfxtp_1)
   0.2608    0.6408 ^ PipelinedMulUnit/imul/_28769_/X (sky130_fd_sc_hd__clkbuf_1)
   0.1282    0.7691 v PipelinedMulUnit/imul/_38732_/Y (sky130_fd_sc_hd__nand2_1)
   0.4064    1.1755 v PipelinedMulUnit/imul/_38780_/X (sky130_fd_sc_hd__xor3_1)
   0.3651    1.5405 v PipelinedMulUnit/imul/_38782_/X (sky130_fd_sc_hd__maj3_1)
   0.2861    1.8266 ^ PipelinedMulUnit/imul/_38784_/X (sky130_fd_sc_hd__xor2_1)
   0.1517    1.9783 v PipelinedMulUnit/imul/_38786_/Y (sky130_fd_sc_hd__o21ai_0)
   0.3985    2.3767 v PipelinedMulUnit/imul/_38789_/X (sky130_fd_sc_hd__maj3_1)
   0.3902    2.7670 v PipelinedMulUnit/imul/_38826_/X (sky130_fd_sc_hd__xor3_1)
   0.2564    3.0233 ^ PipelinedMulUnit/imul/_38863_/Y (sky130_fd_sc_hd__xnor2_1)
   0.6499    3.6732 v PipelinedMulUnit/imul/_38896_/X (sky130_fd_sc_hd__or4b_2)
   0.3847    4.0579 v PipelinedMulUnit/imul/_38902_/X (sky130_fd_sc_hd__maj3_1)
   0.1892    4.2471 v PipelinedMulUnit/imul/_38903_/X (sky130_fd_sc_hd__xor2_1)
   0.2183    4.4654 ^ PipelinedMulUnit/imul/_38934_/Y (sky130_fd_sc_hd__o21ai_0)
   0.2184    4.6838 ^ PipelinedMulUnit/imul/_38935_/X (sky130_fd_sc_hd__xor2_1)
   0.1069    4.7907 v PipelinedMulUnit/imul/_38959_/Y (sky130_fd_sc_hd__a22oi_1)
   0.2202    5.0109 v PipelinedMulUnit/imul/_38961_/X (sky130_fd_sc_hd__o21ba_2)
   0.2250    5.2359 ^ PipelinedMulUnit/imul/_38963_/Y (sky130_fd_sc_hd__o21ai_0)
   0.1331    5.3690 v PipelinedMulUnit/imul/_38966_/Y (sky130_fd_sc_hd__a31oi_1)
   0.1981    5.5671 ^ PipelinedMulUnit/imul/_38968_/Y (sky130_fd_sc_hd__o21ai_0)
   0.1093    5.6764 v PipelinedMulUnit/imul/_38971_/Y (sky130_fd_sc_hd__a21oi_1)
   0.1624    5.8388 ^ PipelinedMulUnit/imul/_38974_/Y (sky130_fd_sc_hd__o211ai_1)
   0.1411    5.9799 v PipelinedMulUnit/imul/_38975_/Y (sky130_fd_sc_hd__a32oi_1)
   0.2541    6.2340 ^ PipelinedMulUnit/imul/_38980_/Y (sky130_fd_sc_hd__o21ai_0)
   0.1590    6.3929 v PipelinedMulUnit/imul/_38986_/Y (sky130_fd_sc_hd__a31oi_1)
   0.2778    6.6708 v PipelinedMulUnit/imul/_38991_/X (sky130_fd_sc_hd__o31a_1)
   0.2326    6.9034 v PipelinedMulUnit/imul/_38993_/X (sky130_fd_sc_hd__o221a_2)
   0.3561    7.2594 v PipelinedMulUnit/imul/_38994_/X (sky130_fd_sc_hd__or3_1)
   0.4452    7.7046 ^ PipelinedMulUnit/imul/_38999_/Y (sky130_fd_sc_hd__a311oi_1)
   0.2916    7.9962 v PipelinedMulUnit/imul/_39006_/Y (sky130_fd_sc_hd__o311ai_0)
   0.4192    8.4154 v PipelinedMulUnit/imul/_39010_/X (sky130_fd_sc_hd__a311o_1)
   0.3054    8.7208 ^ PipelinedMulUnit/imul/_39013_/Y (sky130_fd_sc_hd__a311oi_1)
   0.1296    8.8504 v PipelinedMulUnit/imul/_39016_/Y (sky130_fd_sc_hd__o211ai_1)
   0.3919    9.2423 v PipelinedMulUnit/imul/_39021_/X (sky130_fd_sc_hd__a311o_1)
   0.2909    9.5332 ^ PipelinedMulUnit/imul/_39025_/Y (sky130_fd_sc_hd__a311oi_1)
   0.2047    9.7379 v PipelinedMulUnit/imul/_39029_/Y (sky130_fd_sc_hd__o311ai_0)
   0.4023   10.1402 ^ PipelinedMulUnit/imul/_39035_/Y (sky130_fd_sc_hd__a311oi_1)
   0.2449   10.3851 ^ PipelinedMulUnit/imul/_39038_/X (sky130_fd_sc_hd__o311a_1)
   0.1769   10.5620 v PipelinedMulUnit/imul/_39042_/Y (sky130_fd_sc_hd__o311ai_0)
   0.3618   10.9238 ^ PipelinedMulUnit/imul/_39254_/Y (sky130_fd_sc_hd__a311oi_1)
   0.1707   11.0946 v PipelinedMulUnit/imul/_39399_/Y (sky130_fd_sc_hd__a21oi_1)
   0.2150   11.3095 v PipelinedMulUnit/imul/_39623_/Y (sky130_fd_sc_hd__nand4b_1)
   0.4430   11.7525 ^ PipelinedMulUnit/imul/_40019_/Y (sky130_fd_sc_hd__a2111oi_0)
   0.2368   11.9893 ^ PipelinedMulUnit/imul/_40692_/X (sky130_fd_sc_hd__o311a_1)
   0.1218   12.1111 v PipelinedMulUnit/imul/_41025_/Y (sky130_fd_sc_hd__o21ai_0)
   0.3555   12.4666 v PipelinedMulUnit/imul/_41710_/X (sky130_fd_sc_hd__a311o_1)
   0.3717   12.8383 ^ PipelinedMulUnit/imul/_42377_/Y (sky130_fd_sc_hd__a311oi_1)
   0.2787   13.1170 v PipelinedMulUnit/imul/_43050_/Y (sky130_fd_sc_hd__o311ai_0)
   0.4261   13.5431 ^ PipelinedMulUnit/imul/_43708_/Y (sky130_fd_sc_hd__a311oi_1)
   0.2789   13.8220 v PipelinedMulUnit/imul/_44387_/Y (sky130_fd_sc_hd__o311ai_0)
   0.3923   14.2143 ^ PipelinedMulUnit/imul/_45042_/Y (sky130_fd_sc_hd__a311oi_1)
   0.2533   14.4676 ^ PipelinedMulUnit/imul/_47233_/X (sky130_fd_sc_hd__and4_1)
   0.1376   14.6052 v PipelinedMulUnit/imul/_49489_/Y (sky130_fd_sc_hd__o2111ai_1)
   0.2132   14.8185 ^ PipelinedMulUnit/imul/_49749_/Y (sky130_fd_sc_hd__a21oi_1)
   0.1502   14.9687 v PipelinedMulUnit/imul/_50285_/Y (sky130_fd_sc_hd__o21ai_0)
   0.2060   15.1747 ^ PipelinedMulUnit/imul/_50828_/Y (sky130_fd_sc_hd__a21oi_1)
   0.2219   15.3965 ^ PipelinedMulUnit/imul/_50841_/X (sky130_fd_sc_hd__o311a_1)
   0.1970   15.5935 ^ PipelinedMulUnit/imul/_51600_/X (sky130_fd_sc_hd__o311a_1)
   0.1995   15.7929 ^ PipelinedMulUnit/imul/_52090_/X (sky130_fd_sc_hd__o211a_1)
   0.2333   16.0263 ^ PipelinedMulUnit/imul/_52764_/X (sky130_fd_sc_hd__o311a_1)
   0.2151   16.2414 ^ PipelinedMulUnit/imul/_53435_/X (sky130_fd_sc_hd__o311a_1)
   0.1224   16.3638 v PipelinedMulUnit/imul/_53849_/Y (sky130_fd_sc_hd__o211ai_1)
   0.2517   16.6155 ^ PipelinedMulUnit/imul/_54276_/Y (sky130_fd_sc_hd__a211oi_1)
   0.1767   16.7923 v PipelinedMulUnit/imul/_54674_/Y (sky130_fd_sc_hd__o2111ai_1)
   0.2791   17.0714 ^ PipelinedMulUnit/imul/_55048_/Y (sky130_fd_sc_hd__a211oi_1)
   0.1933   17.2647 ^ PipelinedMulUnit/imul/_55219_/X (sky130_fd_sc_hd__o21a_1)
   0.1121   17.3768 v PipelinedMulUnit/imul/_55379_/Y (sky130_fd_sc_hd__o21ai_0)
   0.2152   17.5920 ^ PipelinedMulUnit/imul/_55559_/Y (sky130_fd_sc_hd__a21boi_0)
   0.1388   17.7308 v PipelinedMulUnit/imul/_55712_/Y (sky130_fd_sc_hd__o21ai_0)
   0.2472   17.9780 ^ PipelinedMulUnit/imul/_55880_/Y (sky130_fd_sc_hd__a21boi_0)
   0.1715   18.1495 ^ PipelinedMulUnit/imul/_56035_/X (sky130_fd_sc_hd__o21a_1)
   0.1399   18.2894 ^ PipelinedMulUnit/imul/_56201_/X (sky130_fd_sc_hd__o21a_1)
   0.0758   18.3652 v PipelinedMulUnit/imul/_56202_/Y (sky130_fd_sc_hd__o21ai_0)
   0.1905   18.5556 v PipelinedMulUnit/imul/_56207_/X (sky130_fd_sc_hd__a22o_1)
   0.0035   18.5591 v PipelinedMulUnit/imul/_56627_/D (sky130_fd_sc_hd__dfxtp_1)
            18.5591   data arrival time

  20.0000   20.0000   clock clock (rise edge)
   0.0000   20.0000   clock network delay (ideal)
   0.0000   20.0000   clock reconvergence pessimism
            20.0000 ^ PipelinedMulUnit/imul/_56627_/CLK (sky130_fd_sc_hd__dfxtp_1)
  -0.1177   19.8823   library setup time
            19.8823   data required time
-------------------------------------------------------------
            19.8823   data required time
           -18.5591   data arrival time
-------------------------------------------------------------
             1.3232   slack (MET)


Startpoint: PipelinedMulUnit/imul/_56501_
            (rising edge-triggered flip-flop clocked by clock)
Endpoint: PipelinedMulUnit/imul/_56626_
          (rising edge-triggered flip-flop clocked by clock)
Path Group: clock
Path Type: max

    Delay      Time   Description
-------------------------------------------------------------
   0.0000    0.0000   clock clock (rise edge)
   0.0000    0.0000   clock network delay (ideal)
   0.0000    0.0000 ^ PipelinedMulUnit/imul/_56501_/CLK (sky130_fd_sc_hd__dfxtp_1)
   0.3800    0.3800 ^ PipelinedMulUnit/imul/_56501_/Q (sky130_fd_sc_hd__dfxtp_1)
   0.2608    0.6408 ^ PipelinedMulUnit/imul/_28769_/X (sky130_fd_sc_hd__clkbuf_1)
   0.1282    0.7691 v PipelinedMulUnit/imul/_38732_/Y (sky130_fd_sc_hd__nand2_1)
   0.4064    1.1755 v PipelinedMulUnit/imul/_38780_/X (sky130_fd_sc_hd__xor3_1)
   0.3651    1.5405 v PipelinedMulUnit/imul/_38782_/X (sky130_fd_sc_hd__maj3_1)
   0.2861    1.8266 ^ PipelinedMulUnit/imul/_38784_/X (sky130_fd_sc_hd__xor2_1)
   0.1517    1.9783 v PipelinedMulUnit/imul/_38786_/Y (sky130_fd_sc_hd__o21ai_0)
   0.3985    2.3767 v PipelinedMulUnit/imul/_38789_/X (sky130_fd_sc_hd__maj3_1)
   0.3902    2.7670 v PipelinedMulUnit/imul/_38826_/X (sky130_fd_sc_hd__xor3_1)
   0.2564    3.0233 ^ PipelinedMulUnit/imul/_38863_/Y (sky130_fd_sc_hd__xnor2_1)
   0.6499    3.6732 v PipelinedMulUnit/imul/_38896_/X (sky130_fd_sc_hd__or4b_2)
   0.3847    4.0579 v PipelinedMulUnit/imul/_38902_/X (sky130_fd_sc_hd__maj3_1)
   0.1892    4.2471 v PipelinedMulUnit/imul/_38903_/X (sky130_fd_sc_hd__xor2_1)
   0.2183    4.4654 ^ PipelinedMulUnit/imul/_38934_/Y (sky130_fd_sc_hd__o21ai_0)
   0.2184    4.6838 ^ PipelinedMulUnit/imul/_38935_/X (sky130_fd_sc_hd__xor2_1)
   0.1069    4.7907 v PipelinedMulUnit/imul/_38959_/Y (sky130_fd_sc_hd__a22oi_1)
   0.2202    5.0109 v PipelinedMulUnit/imul/_38961_/X (sky130_fd_sc_hd__o21ba_2)
   0.2250    5.2359 ^ PipelinedMulUnit/imul/_38963_/Y (sky130_fd_sc_hd__o21ai_0)
   0.1331    5.3690 v PipelinedMulUnit/imul/_38966_/Y (sky130_fd_sc_hd__a31oi_1)
   0.1981    5.5671 ^ PipelinedMulUnit/imul/_38968_/Y (sky130_fd_sc_hd__o21ai_0)
   0.1093    5.6764 v PipelinedMulUnit/imul/_38971_/Y (sky130_fd_sc_hd__a21oi_1)
   0.1624    5.8388 ^ PipelinedMulUnit/imul/_38974_/Y (sky130_fd_sc_hd__o211ai_1)
   0.1411    5.9799 v PipelinedMulUnit/imul/_38975_/Y (sky130_fd_sc_hd__a32oi_1)
   0.2541    6.2340 ^ PipelinedMulUnit/imul/_38980_/Y (sky130_fd_sc_hd__o21ai_0)
   0.1590    6.3929 v PipelinedMulUnit/imul/_38986_/Y (sky130_fd_sc_hd__a31oi_1)
   0.2778    6.6708 v PipelinedMulUnit/imul/_38991_/X (sky130_fd_sc_hd__o31a_1)
   0.2326    6.9034 v PipelinedMulUnit/imul/_38993_/X (sky130_fd_sc_hd__o221a_2)
   0.3561    7.2594 v PipelinedMulUnit/imul/_38994_/X (sky130_fd_sc_hd__or3_1)
   0.4452    7.7046 ^ PipelinedMulUnit/imul/_38999_/Y (sky130_fd_sc_hd__a311oi_1)
   0.2916    7.9962 v PipelinedMulUnit/imul/_39006_/Y (sky130_fd_sc_hd__o311ai_0)
   0.4192    8.4154 v PipelinedMulUnit/imul/_39010_/X (sky130_fd_sc_hd__a311o_1)
   0.3054    8.7208 ^ PipelinedMulUnit/imul/_39013_/Y (sky130_fd_sc_hd__a311oi_1)
   0.1296    8.8504 v PipelinedMulUnit/imul/_39016_/Y (sky130_fd_sc_hd__o211ai_1)
   0.3919    9.2423 v PipelinedMulUnit/imul/_39021_/X (sky130_fd_sc_hd__a311o_1)
   0.2909    9.5332 ^ PipelinedMulUnit/imul/_39025_/Y (sky130_fd_sc_hd__a311oi_1)
   0.2047    9.7379 v PipelinedMulUnit/imul/_39029_/Y (sky130_fd_sc_hd__o311ai_0)
   0.4023   10.1402 ^ PipelinedMulUnit/imul/_39035_/Y (sky130_fd_sc_hd__a311oi_1)
   0.2449   10.3851 ^ PipelinedMulUnit/imul/_39038_/X (sky130_fd_sc_hd__o311a_1)
   0.1769   10.5620 v PipelinedMulUnit/imul/_39042_/Y (sky130_fd_sc_hd__o311ai_0)
   0.3618   10.9238 ^ PipelinedMulUnit/imul/_39254_/Y (sky130_fd_sc_hd__a311oi_1)
   0.1707   11.0946 v PipelinedMulUnit/imul/_39399_/Y (sky130_fd_sc_hd__a21oi_1)
   0.2150   11.3095 v PipelinedMulUnit/imul/_39623_/Y (sky130_fd_sc_hd__nand4b_1)
   0.4430   11.7525 ^ PipelinedMulUnit/imul/_40019_/Y (sky130_fd_sc_hd__a2111oi_0)
   0.2368   11.9893 ^ PipelinedMulUnit/imul/_40692_/X (sky130_fd_sc_hd__o311a_1)
   0.1218   12.1111 v PipelinedMulUnit/imul/_41025_/Y (sky130_fd_sc_hd__o21ai_0)
   0.3555   12.4666 v PipelinedMulUnit/imul/_41710_/X (sky130_fd_sc_hd__a311o_1)
   0.3717   12.8383 ^ PipelinedMulUnit/imul/_42377_/Y (sky130_fd_sc_hd__a311oi_1)
   0.2787   13.1170 v PipelinedMulUnit/imul/_43050_/Y (sky130_fd_sc_hd__o311ai_0)
   0.4261   13.5431 ^ PipelinedMulUnit/imul/_43708_/Y (sky130_fd_sc_hd__a311oi_1)
   0.2789   13.8220 v PipelinedMulUnit/imul/_44387_/Y (sky130_fd_sc_hd__o311ai_0)
   0.3923   14.2143 ^ PipelinedMulUnit/imul/_45042_/Y (sky130_fd_sc_hd__a311oi_1)
   0.2533   14.4676 ^ PipelinedMulUnit/imul/_47233_/X (sky130_fd_sc_hd__and4_1)
   0.1376   14.6052 v PipelinedMulUnit/imul/_49489_/Y (sky130_fd_sc_hd__o2111ai_1)
   0.2132   14.8185 ^ PipelinedMulUnit/imul/_49749_/Y (sky130_fd_sc_hd__a21oi_1)
   0.1502   14.9687 v PipelinedMulUnit/imul/_50285_/Y (sky130_fd_sc_hd__o21ai_0)
   0.2060   15.1747 ^ PipelinedMulUnit/imul/_50828_/Y (sky130_fd_sc_hd__a21oi_1)
   0.2219   15.3965 ^ PipelinedMulUnit/imul/_50841_/X (sky130_fd_sc_hd__o311a_1)
   0.1970   15.5935 ^ PipelinedMulUnit/imul/_51600_/X (sky130_fd_sc_hd__o311a_1)
   0.1995   15.7929 ^ PipelinedMulUnit/imul/_52090_/X (sky130_fd_sc_hd__o211a_1)
   0.2333   16.0263 ^ PipelinedMulUnit/imul/_52764_/X (sky130_fd_sc_hd__o311a_1)
   0.2151   16.2414 ^ PipelinedMulUnit/imul/_53435_/X (sky130_fd_sc_hd__o311a_1)
   0.1224   16.3638 v PipelinedMulUnit/imul/_53849_/Y (sky130_fd_sc_hd__o211ai_1)
   0.2517   16.6155 ^ PipelinedMulUnit/imul/_54276_/Y (sky130_fd_sc_hd__a211oi_1)
   0.1767   16.7923 v PipelinedMulUnit/imul/_54674_/Y (sky130_fd_sc_hd__o2111ai_1)
   0.2791   17.0714 ^ PipelinedMulUnit/imul/_55048_/Y (sky130_fd_sc_hd__a211oi_1)
   0.1933   17.2647 ^ PipelinedMulUnit/imul/_55219_/X (sky130_fd_sc_hd__o21a_1)
   0.1121   17.3768 v PipelinedMulUnit/imul/_55379_/Y (sky130_fd_sc_hd__o21ai_0)
   0.2152   17.5920 ^ PipelinedMulUnit/imul/_55559_/Y (sky130_fd_sc_hd__a21boi_0)
   0.1388   17.7308 v PipelinedMulUnit/imul/_55712_/Y (sky130_fd_sc_hd__o21ai_0)
   0.2472   17.9780 ^ PipelinedMulUnit/imul/_55880_/Y (sky130_fd_sc_hd__a21boi_0)
   0.1715   18.1495 ^ PipelinedMulUnit/imul/_56035_/X (sky130_fd_sc_hd__o21a_1)
   0.0780   18.2275 v PipelinedMulUnit/imul/_56036_/Y (sky130_fd_sc_hd__o21ai_0)
   0.0962   18.3237 ^ PipelinedMulUnit/imul/_56040_/Y (sky130_fd_sc_hd__nand3_1)
   0.0706   18.3944 v PipelinedMulUnit/imul/_56041_/Y (sky130_fd_sc_hd__o21ai_0)
   0.0035   18.3979 v PipelinedMulUnit/imul/_56626_/D (sky130_fd_sc_hd__dfxtp_1)
            18.3979   data arrival time

  20.0000   20.0000   clock clock (rise edge)
   0.0000   20.0000   clock network delay (ideal)
   0.0000   20.0000   clock reconvergence pessimism
            20.0000 ^ PipelinedMulUnit/imul/_56626_/CLK (sky130_fd_sc_hd__dfxtp_1)
  -0.1306   19.8694   library setup time
            19.8694   data required time
-------------------------------------------------------------
            19.8694   data required time
           -18.3979   data arrival time
-------------------------------------------------------------
             1.4716   slack (MET)


Startpoint: PipelinedMulUnit/imul/_56501_
            (rising edge-triggered flip-flop clocked by clock)
Endpoint: PipelinedMulUnit/imul/_56625_
          (rising edge-triggered flip-flop clocked by clock)
Path Group: clock
Path Type: max

    Delay      Time   Description
-------------------------------------------------------------
   0.0000    0.0000   clock clock (rise edge)
   0.0000    0.0000   clock network delay (ideal)
   0.0000    0.0000 ^ PipelinedMulUnit/imul/_56501_/CLK (sky130_fd_sc_hd__dfxtp_1)
   0.3800    0.3800 ^ PipelinedMulUnit/imul/_56501_/Q (sky130_fd_sc_hd__dfxtp_1)
   0.2608    0.6408 ^ PipelinedMulUnit/imul/_28769_/X (sky130_fd_sc_hd__clkbuf_1)
   0.1282    0.7691 v PipelinedMulUnit/imul/_38732_/Y (sky130_fd_sc_hd__nand2_1)
   0.4064    1.1755 v PipelinedMulUnit/imul/_38780_/X (sky130_fd_sc_hd__xor3_1)
   0.3651    1.5405 v PipelinedMulUnit/imul/_38782_/X (sky130_fd_sc_hd__maj3_1)
   0.2861    1.8266 ^ PipelinedMulUnit/imul/_38784_/X (sky130_fd_sc_hd__xor2_1)
   0.1517    1.9783 v PipelinedMulUnit/imul/_38786_/Y (sky130_fd_sc_hd__o21ai_0)
   0.3985    2.3767 v PipelinedMulUnit/imul/_38789_/X (sky130_fd_sc_hd__maj3_1)
   0.3902    2.7670 v PipelinedMulUnit/imul/_38826_/X (sky130_fd_sc_hd__xor3_1)
   0.2564    3.0233 ^ PipelinedMulUnit/imul/_38863_/Y (sky130_fd_sc_hd__xnor2_1)
   0.6499    3.6732 v PipelinedMulUnit/imul/_38896_/X (sky130_fd_sc_hd__or4b_2)
   0.3847    4.0579 v PipelinedMulUnit/imul/_38902_/X (sky130_fd_sc_hd__maj3_1)
   0.1892    4.2471 v PipelinedMulUnit/imul/_38903_/X (sky130_fd_sc_hd__xor2_1)
   0.2183    4.4654 ^ PipelinedMulUnit/imul/_38934_/Y (sky130_fd_sc_hd__o21ai_0)
   0.2184    4.6838 ^ PipelinedMulUnit/imul/_38935_/X (sky130_fd_sc_hd__xor2_1)
   0.1069    4.7907 v PipelinedMulUnit/imul/_38959_/Y (sky130_fd_sc_hd__a22oi_1)
   0.2202    5.0109 v PipelinedMulUnit/imul/_38961_/X (sky130_fd_sc_hd__o21ba_2)
   0.2250    5.2359 ^ PipelinedMulUnit/imul/_38963_/Y (sky130_fd_sc_hd__o21ai_0)
   0.1331    5.3690 v PipelinedMulUnit/imul/_38966_/Y (sky130_fd_sc_hd__a31oi_1)
   0.1981    5.5671 ^ PipelinedMulUnit/imul/_38968_/Y (sky130_fd_sc_hd__o21ai_0)
   0.1093    5.6764 v PipelinedMulUnit/imul/_38971_/Y (sky130_fd_sc_hd__a21oi_1)
   0.1624    5.8388 ^ PipelinedMulUnit/imul/_38974_/Y (sky130_fd_sc_hd__o211ai_1)
   0.1411    5.9799 v PipelinedMulUnit/imul/_38975_/Y (sky130_fd_sc_hd__a32oi_1)
   0.2541    6.2340 ^ PipelinedMulUnit/imul/_38980_/Y (sky130_fd_sc_hd__o21ai_0)
   0.1590    6.3929 v PipelinedMulUnit/imul/_38986_/Y (sky130_fd_sc_hd__a31oi_1)
   0.2778    6.6708 v PipelinedMulUnit/imul/_38991_/X (sky130_fd_sc_hd__o31a_1)
   0.2326    6.9034 v PipelinedMulUnit/imul/_38993_/X (sky130_fd_sc_hd__o221a_2)
   0.3561    7.2594 v PipelinedMulUnit/imul/_38994_/X (sky130_fd_sc_hd__or3_1)
   0.4452    7.7046 ^ PipelinedMulUnit/imul/_38999_/Y (sky130_fd_sc_hd__a311oi_1)
   0.2916    7.9962 v PipelinedMulUnit/imul/_39006_/Y (sky130_fd_sc_hd__o311ai_0)
   0.4192    8.4154 v PipelinedMulUnit/imul/_39010_/X (sky130_fd_sc_hd__a311o_1)
   0.3054    8.7208 ^ PipelinedMulUnit/imul/_39013_/Y (sky130_fd_sc_hd__a311oi_1)
   0.1296    8.8504 v PipelinedMulUnit/imul/_39016_/Y (sky130_fd_sc_hd__o211ai_1)
   0.3919    9.2423 v PipelinedMulUnit/imul/_39021_/X (sky130_fd_sc_hd__a311o_1)
   0.2909    9.5332 ^ PipelinedMulUnit/imul/_39025_/Y (sky130_fd_sc_hd__a311oi_1)
   0.2047    9.7379 v PipelinedMulUnit/imul/_39029_/Y (sky130_fd_sc_hd__o311ai_0)
   0.4023   10.1402 ^ PipelinedMulUnit/imul/_39035_/Y (sky130_fd_sc_hd__a311oi_1)
   0.2449   10.3851 ^ PipelinedMulUnit/imul/_39038_/X (sky130_fd_sc_hd__o311a_1)
   0.1769   10.5620 v PipelinedMulUnit/imul/_39042_/Y (sky130_fd_sc_hd__o311ai_0)
   0.3618   10.9238 ^ PipelinedMulUnit/imul/_39254_/Y (sky130_fd_sc_hd__a311oi_1)
   0.1707   11.0946 v PipelinedMulUnit/imul/_39399_/Y (sky130_fd_sc_hd__a21oi_1)
   0.2150   11.3095 v PipelinedMulUnit/imul/_39623_/Y (sky130_fd_sc_hd__nand4b_1)
   0.4430   11.7525 ^ PipelinedMulUnit/imul/_40019_/Y (sky130_fd_sc_hd__a2111oi_0)
   0.2368   11.9893 ^ PipelinedMulUnit/imul/_40692_/X (sky130_fd_sc_hd__o311a_1)
   0.1218   12.1111 v PipelinedMulUnit/imul/_41025_/Y (sky130_fd_sc_hd__o21ai_0)
   0.3555   12.4666 v PipelinedMulUnit/imul/_41710_/X (sky130_fd_sc_hd__a311o_1)
   0.3717   12.8383 ^ PipelinedMulUnit/imul/_42377_/Y (sky130_fd_sc_hd__a311oi_1)
   0.2787   13.1170 v PipelinedMulUnit/imul/_43050_/Y (sky130_fd_sc_hd__o311ai_0)
   0.4261   13.5431 ^ PipelinedMulUnit/imul/_43708_/Y (sky130_fd_sc_hd__a311oi_1)
   0.2789   13.8220 v PipelinedMulUnit/imul/_44387_/Y (sky130_fd_sc_hd__o311ai_0)
   0.3923   14.2143 ^ PipelinedMulUnit/imul/_45042_/Y (sky130_fd_sc_hd__a311oi_1)
   0.2533   14.4676 ^ PipelinedMulUnit/imul/_47233_/X (sky130_fd_sc_hd__and4_1)
   0.1376   14.6052 v PipelinedMulUnit/imul/_49489_/Y (sky130_fd_sc_hd__o2111ai_1)
   0.2132   14.8185 ^ PipelinedMulUnit/imul/_49749_/Y (sky130_fd_sc_hd__a21oi_1)
   0.1502   14.9687 v PipelinedMulUnit/imul/_50285_/Y (sky130_fd_sc_hd__o21ai_0)
   0.2060   15.1747 ^ PipelinedMulUnit/imul/_50828_/Y (sky130_fd_sc_hd__a21oi_1)
   0.2219   15.3965 ^ PipelinedMulUnit/imul/_50841_/X (sky130_fd_sc_hd__o311a_1)
   0.1970   15.5935 ^ PipelinedMulUnit/imul/_51600_/X (sky130_fd_sc_hd__o311a_1)
   0.1995   15.7929 ^ PipelinedMulUnit/imul/_52090_/X (sky130_fd_sc_hd__o211a_1)
   0.2333   16.0263 ^ PipelinedMulUnit/imul/_52764_/X (sky130_fd_sc_hd__o311a_1)
   0.2151   16.2414 ^ PipelinedMulUnit/imul/_53435_/X (sky130_fd_sc_hd__o311a_1)
   0.1224   16.3638 v PipelinedMulUnit/imul/_53849_/Y (sky130_fd_sc_hd__o211ai_1)
   0.2517   16.6155 ^ PipelinedMulUnit/imul/_54276_/Y (sky130_fd_sc_hd__a211oi_1)
   0.1767   16.7923 v PipelinedMulUnit/imul/_54674_/Y (sky130_fd_sc_hd__o2111ai_1)
   0.2791   17.0714 ^ PipelinedMulUnit/imul/_55048_/Y (sky130_fd_sc_hd__a211oi_1)
   0.1933   17.2647 ^ PipelinedMulUnit/imul/_55219_/X (sky130_fd_sc_hd__o21a_1)
   0.1121   17.3768 v PipelinedMulUnit/imul/_55379_/Y (sky130_fd_sc_hd__o21ai_0)
   0.2152   17.5920 ^ PipelinedMulUnit/imul/_55559_/Y (sky130_fd_sc_hd__a21boi_0)
   0.1388   17.7308 v PipelinedMulUnit/imul/_55712_/Y (sky130_fd_sc_hd__o21ai_0)
   0.1053   17.8361 ^ PipelinedMulUnit/imul/_55722_/Y (sky130_fd_sc_hd__nand2_1)
   0.0778   17.9139 v PipelinedMulUnit/imul/_55871_/Y (sky130_fd_sc_hd__xnor2_1)
   0.2817   18.1956 v PipelinedMulUnit/imul/_55876_/X (sky130_fd_sc_hd__a211o_1)
   0.0623   18.2578 ^ PipelinedMulUnit/imul/_55877_/Y (sky130_fd_sc_hd__o21ai_0)
   0.0035   18.2613 ^ PipelinedMulUnit/imul/_56625_/D (sky130_fd_sc_hd__dfxtp_1)
            18.2613   data arrival time

  20.0000   20.0000   clock clock (rise edge)
   0.0000   20.0000   clock network delay (ideal)
   0.0000   20.0000   clock reconvergence pessimism
            20.0000 ^ PipelinedMulUnit/imul/_56625_/CLK (sky130_fd_sc_hd__dfxtp_1)
  -0.0760   19.9240   library setup time
            19.9240   data required time
-------------------------------------------------------------
            19.9240   data required time
           -18.2613   data arrival time
-------------------------------------------------------------
             1.6626   slack (MET)


Startpoint: PipelinedMulUnit/imul/_56501_
            (rising edge-triggered flip-flop clocked by clock)
Endpoint: PipelinedMulUnit/imul/_56624_
          (rising edge-triggered flip-flop clocked by clock)
Path Group: clock
Path Type: max

    Delay      Time   Description
-------------------------------------------------------------
   0.0000    0.0000   clock clock (rise edge)
   0.0000    0.0000   clock network delay (ideal)
   0.0000    0.0000 ^ PipelinedMulUnit/imul/_56501_/CLK (sky130_fd_sc_hd__dfxtp_1)
   0.3800    0.3800 ^ PipelinedMulUnit/imul/_56501_/Q (sky130_fd_sc_hd__dfxtp_1)
   0.2608    0.6408 ^ PipelinedMulUnit/imul/_28769_/X (sky130_fd_sc_hd__clkbuf_1)
   0.1282    0.7691 v PipelinedMulUnit/imul/_38732_/Y (sky130_fd_sc_hd__nand2_1)
   0.4064    1.1755 v PipelinedMulUnit/imul/_38780_/X (sky130_fd_sc_hd__xor3_1)
   0.3651    1.5405 v PipelinedMulUnit/imul/_38782_/X (sky130_fd_sc_hd__maj3_1)
   0.2861    1.8266 ^ PipelinedMulUnit/imul/_38784_/X (sky130_fd_sc_hd__xor2_1)
   0.1517    1.9783 v PipelinedMulUnit/imul/_38786_/Y (sky130_fd_sc_hd__o21ai_0)
   0.3985    2.3767 v PipelinedMulUnit/imul/_38789_/X (sky130_fd_sc_hd__maj3_1)
   0.3902    2.7670 v PipelinedMulUnit/imul/_38826_/X (sky130_fd_sc_hd__xor3_1)
   0.2564    3.0233 ^ PipelinedMulUnit/imul/_38863_/Y (sky130_fd_sc_hd__xnor2_1)
   0.6499    3.6732 v PipelinedMulUnit/imul/_38896_/X (sky130_fd_sc_hd__or4b_2)
   0.3847    4.0579 v PipelinedMulUnit/imul/_38902_/X (sky130_fd_sc_hd__maj3_1)
   0.1892    4.2471 v PipelinedMulUnit/imul/_38903_/X (sky130_fd_sc_hd__xor2_1)
   0.2183    4.4654 ^ PipelinedMulUnit/imul/_38934_/Y (sky130_fd_sc_hd__o21ai_0)
   0.2184    4.6838 ^ PipelinedMulUnit/imul/_38935_/X (sky130_fd_sc_hd__xor2_1)
   0.1069    4.7907 v PipelinedMulUnit/imul/_38959_/Y (sky130_fd_sc_hd__a22oi_1)
   0.2202    5.0109 v PipelinedMulUnit/imul/_38961_/X (sky130_fd_sc_hd__o21ba_2)
   0.2250    5.2359 ^ PipelinedMulUnit/imul/_38963_/Y (sky130_fd_sc_hd__o21ai_0)
   0.1331    5.3690 v PipelinedMulUnit/imul/_38966_/Y (sky130_fd_sc_hd__a31oi_1)
   0.1981    5.5671 ^ PipelinedMulUnit/imul/_38968_/Y (sky130_fd_sc_hd__o21ai_0)
   0.1093    5.6764 v PipelinedMulUnit/imul/_38971_/Y (sky130_fd_sc_hd__a21oi_1)
   0.1624    5.8388 ^ PipelinedMulUnit/imul/_38974_/Y (sky130_fd_sc_hd__o211ai_1)
   0.1411    5.9799 v PipelinedMulUnit/imul/_38975_/Y (sky130_fd_sc_hd__a32oi_1)
   0.2541    6.2340 ^ PipelinedMulUnit/imul/_38980_/Y (sky130_fd_sc_hd__o21ai_0)
   0.1590    6.3929 v PipelinedMulUnit/imul/_38986_/Y (sky130_fd_sc_hd__a31oi_1)
   0.2778    6.6708 v PipelinedMulUnit/imul/_38991_/X (sky130_fd_sc_hd__o31a_1)
   0.2326    6.9034 v PipelinedMulUnit/imul/_38993_/X (sky130_fd_sc_hd__o221a_2)
   0.3561    7.2594 v PipelinedMulUnit/imul/_38994_/X (sky130_fd_sc_hd__or3_1)
   0.4452    7.7046 ^ PipelinedMulUnit/imul/_38999_/Y (sky130_fd_sc_hd__a311oi_1)
   0.2916    7.9962 v PipelinedMulUnit/imul/_39006_/Y (sky130_fd_sc_hd__o311ai_0)
   0.4192    8.4154 v PipelinedMulUnit/imul/_39010_/X (sky130_fd_sc_hd__a311o_1)
   0.3054    8.7208 ^ PipelinedMulUnit/imul/_39013_/Y (sky130_fd_sc_hd__a311oi_1)
   0.1296    8.8504 v PipelinedMulUnit/imul/_39016_/Y (sky130_fd_sc_hd__o211ai_1)
   0.3919    9.2423 v PipelinedMulUnit/imul/_39021_/X (sky130_fd_sc_hd__a311o_1)
   0.2909    9.5332 ^ PipelinedMulUnit/imul/_39025_/Y (sky130_fd_sc_hd__a311oi_1)
   0.2047    9.7379 v PipelinedMulUnit/imul/_39029_/Y (sky130_fd_sc_hd__o311ai_0)
   0.4023   10.1402 ^ PipelinedMulUnit/imul/_39035_/Y (sky130_fd_sc_hd__a311oi_1)
   0.2449   10.3851 ^ PipelinedMulUnit/imul/_39038_/X (sky130_fd_sc_hd__o311a_1)
   0.1769   10.5620 v PipelinedMulUnit/imul/_39042_/Y (sky130_fd_sc_hd__o311ai_0)
   0.3618   10.9238 ^ PipelinedMulUnit/imul/_39254_/Y (sky130_fd_sc_hd__a311oi_1)
   0.1707   11.0946 v PipelinedMulUnit/imul/_39399_/Y (sky130_fd_sc_hd__a21oi_1)
   0.2150   11.3095 v PipelinedMulUnit/imul/_39623_/Y (sky130_fd_sc_hd__nand4b_1)
   0.4430   11.7525 ^ PipelinedMulUnit/imul/_40019_/Y (sky130_fd_sc_hd__a2111oi_0)
   0.2368   11.9893 ^ PipelinedMulUnit/imul/_40692_/X (sky130_fd_sc_hd__o311a_1)
   0.1218   12.1111 v PipelinedMulUnit/imul/_41025_/Y (sky130_fd_sc_hd__o21ai_0)
   0.3555   12.4666 v PipelinedMulUnit/imul/_41710_/X (sky130_fd_sc_hd__a311o_1)
   0.3717   12.8383 ^ PipelinedMulUnit/imul/_42377_/Y (sky130_fd_sc_hd__a311oi_1)
   0.2787   13.1170 v PipelinedMulUnit/imul/_43050_/Y (sky130_fd_sc_hd__o311ai_0)
   0.4261   13.5431 ^ PipelinedMulUnit/imul/_43708_/Y (sky130_fd_sc_hd__a311oi_1)
   0.2789   13.8220 v PipelinedMulUnit/imul/_44387_/Y (sky130_fd_sc_hd__o311ai_0)
   0.3923   14.2143 ^ PipelinedMulUnit/imul/_45042_/Y (sky130_fd_sc_hd__a311oi_1)
   0.2533   14.4676 ^ PipelinedMulUnit/imul/_47233_/X (sky130_fd_sc_hd__and4_1)
   0.1376   14.6052 v PipelinedMulUnit/imul/_49489_/Y (sky130_fd_sc_hd__o2111ai_1)
   0.2132   14.8185 ^ PipelinedMulUnit/imul/_49749_/Y (sky130_fd_sc_hd__a21oi_1)
   0.1502   14.9687 v PipelinedMulUnit/imul/_50285_/Y (sky130_fd_sc_hd__o21ai_0)
   0.2060   15.1747 ^ PipelinedMulUnit/imul/_50828_/Y (sky130_fd_sc_hd__a21oi_1)
   0.2219   15.3965 ^ PipelinedMulUnit/imul/_50841_/X (sky130_fd_sc_hd__o311a_1)
   0.1970   15.5935 ^ PipelinedMulUnit/imul/_51600_/X (sky130_fd_sc_hd__o311a_1)
   0.1995   15.7929 ^ PipelinedMulUnit/imul/_52090_/X (sky130_fd_sc_hd__o211a_1)
   0.2333   16.0263 ^ PipelinedMulUnit/imul/_52764_/X (sky130_fd_sc_hd__o311a_1)
   0.2151   16.2414 ^ PipelinedMulUnit/imul/_53435_/X (sky130_fd_sc_hd__o311a_1)
   0.1224   16.3638 v PipelinedMulUnit/imul/_53849_/Y (sky130_fd_sc_hd__o211ai_1)
   0.2517   16.6155 ^ PipelinedMulUnit/imul/_54276_/Y (sky130_fd_sc_hd__a211oi_1)
   0.1767   16.7923 v PipelinedMulUnit/imul/_54674_/Y (sky130_fd_sc_hd__o2111ai_1)
   0.2791   17.0714 ^ PipelinedMulUnit/imul/_55048_/Y (sky130_fd_sc_hd__a211oi_1)
   0.1933   17.2647 ^ PipelinedMulUnit/imul/_55219_/X (sky130_fd_sc_hd__o21a_1)
   0.1121   17.3768 v PipelinedMulUnit/imul/_55379_/Y (sky130_fd_sc_hd__o21ai_0)
   0.2152   17.5920 ^ PipelinedMulUnit/imul/_55559_/Y (sky130_fd_sc_hd__a21boi_0)
   0.1325   17.7245 ^ PipelinedMulUnit/imul/_55713_/X (sky130_fd_sc_hd__or3_1)
   0.0498   17.7743 v PipelinedMulUnit/imul/_55714_/Y (sky130_fd_sc_hd__nand2_1)
   0.2885   18.0628 v PipelinedMulUnit/imul/_55718_/X (sky130_fd_sc_hd__a211o_1)
   0.0623   18.1251 ^ PipelinedMulUnit/imul/_55719_/Y (sky130_fd_sc_hd__o21ai_0)
   0.0035   18.1286 ^ PipelinedMulUnit/imul/_56624_/D (sky130_fd_sc_hd__dfxtp_1)
            18.1286   data arrival time

  20.0000   20.0000   clock clock (rise edge)
   0.0000   20.0000   clock network delay (ideal)
   0.0000   20.0000   clock reconvergence pessimism
            20.0000 ^ PipelinedMulUnit/imul/_56624_/CLK (sky130_fd_sc_hd__dfxtp_1)
  -0.0760   19.9240   library setup time
            19.9240   data required time
-------------------------------------------------------------
            19.9240   data required time
           -18.1286   data arrival time
-------------------------------------------------------------
             1.7954   slack (MET)


Startpoint: PipelinedMulUnit/imul/_56501_
            (rising edge-triggered flip-flop clocked by clock)
Endpoint: PipelinedMulUnit/imul/_56623_
          (rising edge-triggered flip-flop clocked by clock)
Path Group: clock
Path Type: max

    Delay      Time   Description
-------------------------------------------------------------
   0.0000    0.0000   clock clock (rise edge)
   0.0000    0.0000   clock network delay (ideal)
   0.0000    0.0000 ^ PipelinedMulUnit/imul/_56501_/CLK (sky130_fd_sc_hd__dfxtp_1)
   0.3800    0.3800 ^ PipelinedMulUnit/imul/_56501_/Q (sky130_fd_sc_hd__dfxtp_1)
   0.2608    0.6408 ^ PipelinedMulUnit/imul/_28769_/X (sky130_fd_sc_hd__clkbuf_1)
   0.1282    0.7691 v PipelinedMulUnit/imul/_38732_/Y (sky130_fd_sc_hd__nand2_1)
   0.4064    1.1755 v PipelinedMulUnit/imul/_38780_/X (sky130_fd_sc_hd__xor3_1)
   0.3651    1.5405 v PipelinedMulUnit/imul/_38782_/X (sky130_fd_sc_hd__maj3_1)
   0.2861    1.8266 ^ PipelinedMulUnit/imul/_38784_/X (sky130_fd_sc_hd__xor2_1)
   0.1517    1.9783 v PipelinedMulUnit/imul/_38786_/Y (sky130_fd_sc_hd__o21ai_0)
   0.3985    2.3767 v PipelinedMulUnit/imul/_38789_/X (sky130_fd_sc_hd__maj3_1)
   0.3902    2.7670 v PipelinedMulUnit/imul/_38826_/X (sky130_fd_sc_hd__xor3_1)
   0.2564    3.0233 ^ PipelinedMulUnit/imul/_38863_/Y (sky130_fd_sc_hd__xnor2_1)
   0.6499    3.6732 v PipelinedMulUnit/imul/_38896_/X (sky130_fd_sc_hd__or4b_2)
   0.3847    4.0579 v PipelinedMulUnit/imul/_38902_/X (sky130_fd_sc_hd__maj3_1)
   0.1892    4.2471 v PipelinedMulUnit/imul/_38903_/X (sky130_fd_sc_hd__xor2_1)
   0.2183    4.4654 ^ PipelinedMulUnit/imul/_38934_/Y (sky130_fd_sc_hd__o21ai_0)
   0.2184    4.6838 ^ PipelinedMulUnit/imul/_38935_/X (sky130_fd_sc_hd__xor2_1)
   0.1069    4.7907 v PipelinedMulUnit/imul/_38959_/Y (sky130_fd_sc_hd__a22oi_1)
   0.2202    5.0109 v PipelinedMulUnit/imul/_38961_/X (sky130_fd_sc_hd__o21ba_2)
   0.2250    5.2359 ^ PipelinedMulUnit/imul/_38963_/Y (sky130_fd_sc_hd__o21ai_0)
   0.1331    5.3690 v PipelinedMulUnit/imul/_38966_/Y (sky130_fd_sc_hd__a31oi_1)
   0.1981    5.5671 ^ PipelinedMulUnit/imul/_38968_/Y (sky130_fd_sc_hd__o21ai_0)
   0.1093    5.6764 v PipelinedMulUnit/imul/_38971_/Y (sky130_fd_sc_hd__a21oi_1)
   0.1624    5.8388 ^ PipelinedMulUnit/imul/_38974_/Y (sky130_fd_sc_hd__o211ai_1)
   0.1411    5.9799 v PipelinedMulUnit/imul/_38975_/Y (sky130_fd_sc_hd__a32oi_1)
   0.2541    6.2340 ^ PipelinedMulUnit/imul/_38980_/Y (sky130_fd_sc_hd__o21ai_0)
   0.1590    6.3929 v PipelinedMulUnit/imul/_38986_/Y (sky130_fd_sc_hd__a31oi_1)
   0.2778    6.6708 v PipelinedMulUnit/imul/_38991_/X (sky130_fd_sc_hd__o31a_1)
   0.2326    6.9034 v PipelinedMulUnit/imul/_38993_/X (sky130_fd_sc_hd__o221a_2)
   0.3561    7.2594 v PipelinedMulUnit/imul/_38994_/X (sky130_fd_sc_hd__or3_1)
   0.4452    7.7046 ^ PipelinedMulUnit/imul/_38999_/Y (sky130_fd_sc_hd__a311oi_1)
   0.2916    7.9962 v PipelinedMulUnit/imul/_39006_/Y (sky130_fd_sc_hd__o311ai_0)
   0.4192    8.4154 v PipelinedMulUnit/imul/_39010_/X (sky130_fd_sc_hd__a311o_1)
   0.3054    8.7208 ^ PipelinedMulUnit/imul/_39013_/Y (sky130_fd_sc_hd__a311oi_1)
   0.1296    8.8504 v PipelinedMulUnit/imul/_39016_/Y (sky130_fd_sc_hd__o211ai_1)
   0.3919    9.2423 v PipelinedMulUnit/imul/_39021_/X (sky130_fd_sc_hd__a311o_1)
   0.2909    9.5332 ^ PipelinedMulUnit/imul/_39025_/Y (sky130_fd_sc_hd__a311oi_1)
   0.2047    9.7379 v PipelinedMulUnit/imul/_39029_/Y (sky130_fd_sc_hd__o311ai_0)
   0.4023   10.1402 ^ PipelinedMulUnit/imul/_39035_/Y (sky130_fd_sc_hd__a311oi_1)
   0.2449   10.3851 ^ PipelinedMulUnit/imul/_39038_/X (sky130_fd_sc_hd__o311a_1)
   0.1769   10.5620 v PipelinedMulUnit/imul/_39042_/Y (sky130_fd_sc_hd__o311ai_0)
   0.3618   10.9238 ^ PipelinedMulUnit/imul/_39254_/Y (sky130_fd_sc_hd__a311oi_1)
   0.1707   11.0946 v PipelinedMulUnit/imul/_39399_/Y (sky130_fd_sc_hd__a21oi_1)
   0.2150   11.3095 v PipelinedMulUnit/imul/_39623_/Y (sky130_fd_sc_hd__nand4b_1)
   0.4430   11.7525 ^ PipelinedMulUnit/imul/_40019_/Y (sky130_fd_sc_hd__a2111oi_0)
   0.2368   11.9893 ^ PipelinedMulUnit/imul/_40692_/X (sky130_fd_sc_hd__o311a_1)
   0.1218   12.1111 v PipelinedMulUnit/imul/_41025_/Y (sky130_fd_sc_hd__o21ai_0)
   0.3555   12.4666 v PipelinedMulUnit/imul/_41710_/X (sky130_fd_sc_hd__a311o_1)
   0.3717   12.8383 ^ PipelinedMulUnit/imul/_42377_/Y (sky130_fd_sc_hd__a311oi_1)
   0.2787   13.1170 v PipelinedMulUnit/imul/_43050_/Y (sky130_fd_sc_hd__o311ai_0)
   0.4261   13.5431 ^ PipelinedMulUnit/imul/_43708_/Y (sky130_fd_sc_hd__a311oi_1)
   0.2789   13.8220 v PipelinedMulUnit/imul/_44387_/Y (sky130_fd_sc_hd__o311ai_0)
   0.3923   14.2143 ^ PipelinedMulUnit/imul/_45042_/Y (sky130_fd_sc_hd__a311oi_1)
   0.2533   14.4676 ^ PipelinedMulUnit/imul/_47233_/X (sky130_fd_sc_hd__and4_1)
   0.1376   14.6052 v PipelinedMulUnit/imul/_49489_/Y (sky130_fd_sc_hd__o2111ai_1)
   0.2132   14.8185 ^ PipelinedMulUnit/imul/_49749_/Y (sky130_fd_sc_hd__a21oi_1)
   0.1502   14.9687 v PipelinedMulUnit/imul/_50285_/Y (sky130_fd_sc_hd__o21ai_0)
   0.2060   15.1747 ^ PipelinedMulUnit/imul/_50828_/Y (sky130_fd_sc_hd__a21oi_1)
   0.2219   15.3965 ^ PipelinedMulUnit/imul/_50841_/X (sky130_fd_sc_hd__o311a_1)
   0.1970   15.5935 ^ PipelinedMulUnit/imul/_51600_/X (sky130_fd_sc_hd__o311a_1)
   0.1995   15.7929 ^ PipelinedMulUnit/imul/_52090_/X (sky130_fd_sc_hd__o211a_1)
   0.2333   16.0263 ^ PipelinedMulUnit/imul/_52764_/X (sky130_fd_sc_hd__o311a_1)
   0.2151   16.2414 ^ PipelinedMulUnit/imul/_53435_/X (sky130_fd_sc_hd__o311a_1)
   0.1224   16.3638 v PipelinedMulUnit/imul/_53849_/Y (sky130_fd_sc_hd__o211ai_1)
   0.2517   16.6155 ^ PipelinedMulUnit/imul/_54276_/Y (sky130_fd_sc_hd__a211oi_1)
   0.1767   16.7923 v PipelinedMulUnit/imul/_54674_/Y (sky130_fd_sc_hd__o2111ai_1)
   0.2791   17.0714 ^ PipelinedMulUnit/imul/_55048_/Y (sky130_fd_sc_hd__a211oi_1)
   0.1933   17.2647 ^ PipelinedMulUnit/imul/_55219_/X (sky130_fd_sc_hd__o21a_1)
   0.1121   17.3768 v PipelinedMulUnit/imul/_55379_/Y (sky130_fd_sc_hd__o21ai_0)
   0.1065   17.4833 ^ PipelinedMulUnit/imul/_55392_/Y (sky130_fd_sc_hd__nand2_1)
   0.0778   17.5611 v PipelinedMulUnit/imul/_55550_/Y (sky130_fd_sc_hd__xnor2_1)
   0.2817   17.8428 v PipelinedMulUnit/imul/_55555_/X (sky130_fd_sc_hd__a211o_1)
   0.0623   17.9051 ^ PipelinedMulUnit/imul/_55556_/Y (sky130_fd_sc_hd__o21ai_0)
   0.0035   17.9086 ^ PipelinedMulUnit/imul/_56623_/D (sky130_fd_sc_hd__dfxtp_1)
            17.9086   data arrival time

  20.0000   20.0000   clock clock (rise edge)
   0.0000   20.0000   clock network delay (ideal)
   0.0000   20.0000   clock reconvergence pessimism
            20.0000 ^ PipelinedMulUnit/imul/_56623_/CLK (sky130_fd_sc_hd__dfxtp_1)
  -0.0760   19.9240   library setup time
            19.9240   data required time
-------------------------------------------------------------
            19.9240   data required time
           -17.9086   data arrival time
-------------------------------------------------------------
             2.0154   slack (MET)


Startpoint: PipelinedMulUnit/imul/_56501_
            (rising edge-triggered flip-flop clocked by clock)
Endpoint: PipelinedMulUnit/imul/_56621_
          (rising edge-triggered flip-flop clocked by clock)
Path Group: clock
Path Type: max

    Delay      Time   Description
-------------------------------------------------------------
   0.0000    0.0000   clock clock (rise edge)
   0.0000    0.0000   clock network delay (ideal)
   0.0000    0.0000 ^ PipelinedMulUnit/imul/_56501_/CLK (sky130_fd_sc_hd__dfxtp_1)
   0.3800    0.3800 ^ PipelinedMulUnit/imul/_56501_/Q (sky130_fd_sc_hd__dfxtp_1)
   0.2608    0.6408 ^ PipelinedMulUnit/imul/_28769_/X (sky130_fd_sc_hd__clkbuf_1)
   0.1282    0.7691 v PipelinedMulUnit/imul/_38732_/Y (sky130_fd_sc_hd__nand2_1)
   0.4064    1.1755 v PipelinedMulUnit/imul/_38780_/X (sky130_fd_sc_hd__xor3_1)
   0.3651    1.5405 v PipelinedMulUnit/imul/_38782_/X (sky130_fd_sc_hd__maj3_1)
   0.2861    1.8266 ^ PipelinedMulUnit/imul/_38784_/X (sky130_fd_sc_hd__xor2_1)
   0.1517    1.9783 v PipelinedMulUnit/imul/_38786_/Y (sky130_fd_sc_hd__o21ai_0)
   0.3985    2.3767 v PipelinedMulUnit/imul/_38789_/X (sky130_fd_sc_hd__maj3_1)
   0.3902    2.7670 v PipelinedMulUnit/imul/_38826_/X (sky130_fd_sc_hd__xor3_1)
   0.2564    3.0233 ^ PipelinedMulUnit/imul/_38863_/Y (sky130_fd_sc_hd__xnor2_1)
   0.6499    3.6732 v PipelinedMulUnit/imul/_38896_/X (sky130_fd_sc_hd__or4b_2)
   0.3847    4.0579 v PipelinedMulUnit/imul/_38902_/X (sky130_fd_sc_hd__maj3_1)
   0.1892    4.2471 v PipelinedMulUnit/imul/_38903_/X (sky130_fd_sc_hd__xor2_1)
   0.2183    4.4654 ^ PipelinedMulUnit/imul/_38934_/Y (sky130_fd_sc_hd__o21ai_0)
   0.2184    4.6838 ^ PipelinedMulUnit/imul/_38935_/X (sky130_fd_sc_hd__xor2_1)
   0.1069    4.7907 v PipelinedMulUnit/imul/_38959_/Y (sky130_fd_sc_hd__a22oi_1)
   0.2202    5.0109 v PipelinedMulUnit/imul/_38961_/X (sky130_fd_sc_hd__o21ba_2)
   0.2250    5.2359 ^ PipelinedMulUnit/imul/_38963_/Y (sky130_fd_sc_hd__o21ai_0)
   0.1331    5.3690 v PipelinedMulUnit/imul/_38966_/Y (sky130_fd_sc_hd__a31oi_1)
   0.1981    5.5671 ^ PipelinedMulUnit/imul/_38968_/Y (sky130_fd_sc_hd__o21ai_0)
   0.1093    5.6764 v PipelinedMulUnit/imul/_38971_/Y (sky130_fd_sc_hd__a21oi_1)
   0.1624    5.8388 ^ PipelinedMulUnit/imul/_38974_/Y (sky130_fd_sc_hd__o211ai_1)
   0.1411    5.9799 v PipelinedMulUnit/imul/_38975_/Y (sky130_fd_sc_hd__a32oi_1)
   0.2541    6.2340 ^ PipelinedMulUnit/imul/_38980_/Y (sky130_fd_sc_hd__o21ai_0)
   0.1590    6.3929 v PipelinedMulUnit/imul/_38986_/Y (sky130_fd_sc_hd__a31oi_1)
   0.2778    6.6708 v PipelinedMulUnit/imul/_38991_/X (sky130_fd_sc_hd__o31a_1)
   0.2326    6.9034 v PipelinedMulUnit/imul/_38993_/X (sky130_fd_sc_hd__o221a_2)
   0.3561    7.2594 v PipelinedMulUnit/imul/_38994_/X (sky130_fd_sc_hd__or3_1)
   0.4452    7.7046 ^ PipelinedMulUnit/imul/_38999_/Y (sky130_fd_sc_hd__a311oi_1)
   0.2916    7.9962 v PipelinedMulUnit/imul/_39006_/Y (sky130_fd_sc_hd__o311ai_0)
   0.4192    8.4154 v PipelinedMulUnit/imul/_39010_/X (sky130_fd_sc_hd__a311o_1)
   0.3054    8.7208 ^ PipelinedMulUnit/imul/_39013_/Y (sky130_fd_sc_hd__a311oi_1)
   0.1296    8.8504 v PipelinedMulUnit/imul/_39016_/Y (sky130_fd_sc_hd__o211ai_1)
   0.3919    9.2423 v PipelinedMulUnit/imul/_39021_/X (sky130_fd_sc_hd__a311o_1)
   0.2909    9.5332 ^ PipelinedMulUnit/imul/_39025_/Y (sky130_fd_sc_hd__a311oi_1)
   0.2047    9.7379 v PipelinedMulUnit/imul/_39029_/Y (sky130_fd_sc_hd__o311ai_0)
   0.4023   10.1402 ^ PipelinedMulUnit/imul/_39035_/Y (sky130_fd_sc_hd__a311oi_1)
   0.2449   10.3851 ^ PipelinedMulUnit/imul/_39038_/X (sky130_fd_sc_hd__o311a_1)
   0.1769   10.5620 v PipelinedMulUnit/imul/_39042_/Y (sky130_fd_sc_hd__o311ai_0)
   0.3618   10.9238 ^ PipelinedMulUnit/imul/_39254_/Y (sky130_fd_sc_hd__a311oi_1)
   0.1707   11.0946 v PipelinedMulUnit/imul/_39399_/Y (sky130_fd_sc_hd__a21oi_1)
   0.2150   11.3095 v PipelinedMulUnit/imul/_39623_/Y (sky130_fd_sc_hd__nand4b_1)
   0.4430   11.7525 ^ PipelinedMulUnit/imul/_40019_/Y (sky130_fd_sc_hd__a2111oi_0)
   0.2368   11.9893 ^ PipelinedMulUnit/imul/_40692_/X (sky130_fd_sc_hd__o311a_1)
   0.1218   12.1111 v PipelinedMulUnit/imul/_41025_/Y (sky130_fd_sc_hd__o21ai_0)
   0.3555   12.4666 v PipelinedMulUnit/imul/_41710_/X (sky130_fd_sc_hd__a311o_1)
   0.3717   12.8383 ^ PipelinedMulUnit/imul/_42377_/Y (sky130_fd_sc_hd__a311oi_1)
   0.2787   13.1170 v PipelinedMulUnit/imul/_43050_/Y (sky130_fd_sc_hd__o311ai_0)
   0.4261   13.5431 ^ PipelinedMulUnit/imul/_43708_/Y (sky130_fd_sc_hd__a311oi_1)
   0.2789   13.8220 v PipelinedMulUnit/imul/_44387_/Y (sky130_fd_sc_hd__o311ai_0)
   0.3923   14.2143 ^ PipelinedMulUnit/imul/_45042_/Y (sky130_fd_sc_hd__a311oi_1)
   0.2533   14.4676 ^ PipelinedMulUnit/imul/_47233_/X (sky130_fd_sc_hd__and4_1)
   0.1376   14.6052 v PipelinedMulUnit/imul/_49489_/Y (sky130_fd_sc_hd__o2111ai_1)
   0.2132   14.8185 ^ PipelinedMulUnit/imul/_49749_/Y (sky130_fd_sc_hd__a21oi_1)
   0.1502   14.9687 v PipelinedMulUnit/imul/_50285_/Y (sky130_fd_sc_hd__o21ai_0)
   0.2060   15.1747 ^ PipelinedMulUnit/imul/_50828_/Y (sky130_fd_sc_hd__a21oi_1)
   0.2219   15.3965 ^ PipelinedMulUnit/imul/_50841_/X (sky130_fd_sc_hd__o311a_1)
   0.1970   15.5935 ^ PipelinedMulUnit/imul/_51600_/X (sky130_fd_sc_hd__o311a_1)
   0.1995   15.7929 ^ PipelinedMulUnit/imul/_52090_/X (sky130_fd_sc_hd__o211a_1)
   0.2333   16.0263 ^ PipelinedMulUnit/imul/_52764_/X (sky130_fd_sc_hd__o311a_1)
   0.2151   16.2414 ^ PipelinedMulUnit/imul/_53435_/X (sky130_fd_sc_hd__o311a_1)
   0.1224   16.3638 v PipelinedMulUnit/imul/_53849_/Y (sky130_fd_sc_hd__o211ai_1)
   0.2517   16.6155 ^ PipelinedMulUnit/imul/_54276_/Y (sky130_fd_sc_hd__a211oi_1)
   0.1767   16.7923 v PipelinedMulUnit/imul/_54674_/Y (sky130_fd_sc_hd__o2111ai_1)
   0.2791   17.0714 ^ PipelinedMulUnit/imul/_55048_/Y (sky130_fd_sc_hd__a211oi_1)
   0.0971   17.1685 v PipelinedMulUnit/imul/_55218_/Y (sky130_fd_sc_hd__nor3_1)
   0.1094   17.2778 ^ PipelinedMulUnit/imul/_55220_/Y (sky130_fd_sc_hd__nor2_1)
   0.0439   17.3217 v PipelinedMulUnit/imul/_55221_/Y (sky130_fd_sc_hd__nor2_1)
   0.3373   17.6590 v PipelinedMulUnit/imul/_55224_/X (sky130_fd_sc_hd__or3_1)
   0.0695   17.7286 ^ PipelinedMulUnit/imul/_55225_/Y (sky130_fd_sc_hd__o21ai_0)
   0.0035   17.7320 ^ PipelinedMulUnit/imul/_56621_/D (sky130_fd_sc_hd__dfxtp_1)
            17.7320   data arrival time

  20.0000   20.0000   clock clock (rise edge)
   0.0000   20.0000   clock network delay (ideal)
   0.0000   20.0000   clock reconvergence pessimism
            20.0000 ^ PipelinedMulUnit/imul/_56621_/CLK (sky130_fd_sc_hd__dfxtp_1)
  -0.0760   19.9240   library setup time
            19.9240   data required time
-------------------------------------------------------------
            19.9240   data required time
           -17.7320   data arrival time
-------------------------------------------------------------
             2.1919   slack (MET)


Startpoint: PipelinedMulUnit/imul/_56501_
            (rising edge-triggered flip-flop clocked by clock)
Endpoint: PipelinedMulUnit/imul/_56622_
          (rising edge-triggered flip-flop clocked by clock)
Path Group: clock
Path Type: max

    Delay      Time   Description
-------------------------------------------------------------
   0.0000    0.0000   clock clock (rise edge)
   0.0000    0.0000   clock network delay (ideal)
   0.0000    0.0000 ^ PipelinedMulUnit/imul/_56501_/CLK (sky130_fd_sc_hd__dfxtp_1)
   0.3800    0.3800 ^ PipelinedMulUnit/imul/_56501_/Q (sky130_fd_sc_hd__dfxtp_1)
   0.2608    0.6408 ^ PipelinedMulUnit/imul/_28769_/X (sky130_fd_sc_hd__clkbuf_1)
   0.1282    0.7691 v PipelinedMulUnit/imul/_38732_/Y (sky130_fd_sc_hd__nand2_1)
   0.4064    1.1755 v PipelinedMulUnit/imul/_38780_/X (sky130_fd_sc_hd__xor3_1)
   0.3651    1.5405 v PipelinedMulUnit/imul/_38782_/X (sky130_fd_sc_hd__maj3_1)
   0.2861    1.8266 ^ PipelinedMulUnit/imul/_38784_/X (sky130_fd_sc_hd__xor2_1)
   0.1517    1.9783 v PipelinedMulUnit/imul/_38786_/Y (sky130_fd_sc_hd__o21ai_0)
   0.3985    2.3767 v PipelinedMulUnit/imul/_38789_/X (sky130_fd_sc_hd__maj3_1)
   0.3902    2.7670 v PipelinedMulUnit/imul/_38826_/X (sky130_fd_sc_hd__xor3_1)
   0.2564    3.0233 ^ PipelinedMulUnit/imul/_38863_/Y (sky130_fd_sc_hd__xnor2_1)
   0.6499    3.6732 v PipelinedMulUnit/imul/_38896_/X (sky130_fd_sc_hd__or4b_2)
   0.3847    4.0579 v PipelinedMulUnit/imul/_38902_/X (sky130_fd_sc_hd__maj3_1)
   0.1892    4.2471 v PipelinedMulUnit/imul/_38903_/X (sky130_fd_sc_hd__xor2_1)
   0.2183    4.4654 ^ PipelinedMulUnit/imul/_38934_/Y (sky130_fd_sc_hd__o21ai_0)
   0.2184    4.6838 ^ PipelinedMulUnit/imul/_38935_/X (sky130_fd_sc_hd__xor2_1)
   0.1069    4.7907 v PipelinedMulUnit/imul/_38959_/Y (sky130_fd_sc_hd__a22oi_1)
   0.2202    5.0109 v PipelinedMulUnit/imul/_38961_/X (sky130_fd_sc_hd__o21ba_2)
   0.2250    5.2359 ^ PipelinedMulUnit/imul/_38963_/Y (sky130_fd_sc_hd__o21ai_0)
   0.1331    5.3690 v PipelinedMulUnit/imul/_38966_/Y (sky130_fd_sc_hd__a31oi_1)
   0.1981    5.5671 ^ PipelinedMulUnit/imul/_38968_/Y (sky130_fd_sc_hd__o21ai_0)
   0.1093    5.6764 v PipelinedMulUnit/imul/_38971_/Y (sky130_fd_sc_hd__a21oi_1)
   0.1624    5.8388 ^ PipelinedMulUnit/imul/_38974_/Y (sky130_fd_sc_hd__o211ai_1)
   0.1411    5.9799 v PipelinedMulUnit/imul/_38975_/Y (sky130_fd_sc_hd__a32oi_1)
   0.2541    6.2340 ^ PipelinedMulUnit/imul/_38980_/Y (sky130_fd_sc_hd__o21ai_0)
   0.1590    6.3929 v PipelinedMulUnit/imul/_38986_/Y (sky130_fd_sc_hd__a31oi_1)
   0.2778    6.6708 v PipelinedMulUnit/imul/_38991_/X (sky130_fd_sc_hd__o31a_1)
   0.2326    6.9034 v PipelinedMulUnit/imul/_38993_/X (sky130_fd_sc_hd__o221a_2)
   0.3561    7.2594 v PipelinedMulUnit/imul/_38994_/X (sky130_fd_sc_hd__or3_1)
   0.4452    7.7046 ^ PipelinedMulUnit/imul/_38999_/Y (sky130_fd_sc_hd__a311oi_1)
   0.2916    7.9962 v PipelinedMulUnit/imul/_39006_/Y (sky130_fd_sc_hd__o311ai_0)
   0.4192    8.4154 v PipelinedMulUnit/imul/_39010_/X (sky130_fd_sc_hd__a311o_1)
   0.3054    8.7208 ^ PipelinedMulUnit/imul/_39013_/Y (sky130_fd_sc_hd__a311oi_1)
   0.1296    8.8504 v PipelinedMulUnit/imul/_39016_/Y (sky130_fd_sc_hd__o211ai_1)
   0.3919    9.2423 v PipelinedMulUnit/imul/_39021_/X (sky130_fd_sc_hd__a311o_1)
   0.2909    9.5332 ^ PipelinedMulUnit/imul/_39025_/Y (sky130_fd_sc_hd__a311oi_1)
   0.2047    9.7379 v PipelinedMulUnit/imul/_39029_/Y (sky130_fd_sc_hd__o311ai_0)
   0.4023   10.1402 ^ PipelinedMulUnit/imul/_39035_/Y (sky130_fd_sc_hd__a311oi_1)
   0.2449   10.3851 ^ PipelinedMulUnit/imul/_39038_/X (sky130_fd_sc_hd__o311a_1)
   0.1769   10.5620 v PipelinedMulUnit/imul/_39042_/Y (sky130_fd_sc_hd__o311ai_0)
   0.3618   10.9238 ^ PipelinedMulUnit/imul/_39254_/Y (sky130_fd_sc_hd__a311oi_1)
   0.1707   11.0946 v PipelinedMulUnit/imul/_39399_/Y (sky130_fd_sc_hd__a21oi_1)
   0.2150   11.3095 v PipelinedMulUnit/imul/_39623_/Y (sky130_fd_sc_hd__nand4b_1)
   0.4430   11.7525 ^ PipelinedMulUnit/imul/_40019_/Y (sky130_fd_sc_hd__a2111oi_0)
   0.2368   11.9893 ^ PipelinedMulUnit/imul/_40692_/X (sky130_fd_sc_hd__o311a_1)
   0.1218   12.1111 v PipelinedMulUnit/imul/_41025_/Y (sky130_fd_sc_hd__o21ai_0)
   0.3555   12.4666 v PipelinedMulUnit/imul/_41710_/X (sky130_fd_sc_hd__a311o_1)
   0.3717   12.8383 ^ PipelinedMulUnit/imul/_42377_/Y (sky130_fd_sc_hd__a311oi_1)
   0.2787   13.1170 v PipelinedMulUnit/imul/_43050_/Y (sky130_fd_sc_hd__o311ai_0)
   0.4261   13.5431 ^ PipelinedMulUnit/imul/_43708_/Y (sky130_fd_sc_hd__a311oi_1)
   0.2789   13.8220 v PipelinedMulUnit/imul/_44387_/Y (sky130_fd_sc_hd__o311ai_0)
   0.3923   14.2143 ^ PipelinedMulUnit/imul/_45042_/Y (sky130_fd_sc_hd__a311oi_1)
   0.2533   14.4676 ^ PipelinedMulUnit/imul/_47233_/X (sky130_fd_sc_hd__and4_1)
   0.1376   14.6052 v PipelinedMulUnit/imul/_49489_/Y (sky130_fd_sc_hd__o2111ai_1)
   0.2132   14.8185 ^ PipelinedMulUnit/imul/_49749_/Y (sky130_fd_sc_hd__a21oi_1)
   0.1502   14.9687 v PipelinedMulUnit/imul/_50285_/Y (sky130_fd_sc_hd__o21ai_0)
   0.2060   15.1747 ^ PipelinedMulUnit/imul/_50828_/Y (sky130_fd_sc_hd__a21oi_1)
   0.2219   15.3965 ^ PipelinedMulUnit/imul/_50841_/X (sky130_fd_sc_hd__o311a_1)
   0.1970   15.5935 ^ PipelinedMulUnit/imul/_51600_/X (sky130_fd_sc_hd__o311a_1)
   0.1995   15.7929 ^ PipelinedMulUnit/imul/_52090_/X (sky130_fd_sc_hd__o211a_1)
   0.2333   16.0263 ^ PipelinedMulUnit/imul/_52764_/X (sky130_fd_sc_hd__o311a_1)
   0.2151   16.2414 ^ PipelinedMulUnit/imul/_53435_/X (sky130_fd_sc_hd__o311a_1)
   0.1224   16.3638 v PipelinedMulUnit/imul/_53849_/Y (sky130_fd_sc_hd__o211ai_1)
   0.2517   16.6155 ^ PipelinedMulUnit/imul/_54276_/Y (sky130_fd_sc_hd__a211oi_1)
   0.1767   16.7923 v PipelinedMulUnit/imul/_54674_/Y (sky130_fd_sc_hd__o2111ai_1)
   0.2791   17.0714 ^ PipelinedMulUnit/imul/_55048_/Y (sky130_fd_sc_hd__a211oi_1)
   0.1933   17.2647 ^ PipelinedMulUnit/imul/_55219_/X (sky130_fd_sc_hd__o21a_1)
   0.1121   17.3768 v PipelinedMulUnit/imul/_55379_/Y (sky130_fd_sc_hd__o21ai_0)
   0.0829   17.4597 ^ PipelinedMulUnit/imul/_55381_/Y (sky130_fd_sc_hd__nand2_1)
   0.0630   17.5227 v PipelinedMulUnit/imul/_55387_/Y (sky130_fd_sc_hd__a21oi_1)
   0.1593   17.6819 v PipelinedMulUnit/imul/_55388_/X (sky130_fd_sc_hd__a21o_1)
   0.0035   17.6854 v PipelinedMulUnit/imul/_56622_/D (sky130_fd_sc_hd__dfxtp_1)
            17.6854   data arrival time

  20.0000   20.0000   clock clock (rise edge)
   0.0000   20.0000   clock network delay (ideal)
   0.0000   20.0000   clock reconvergence pessimism
            20.0000 ^ PipelinedMulUnit/imul/_56622_/CLK (sky130_fd_sc_hd__dfxtp_1)
  -0.1149   19.8851   library setup time
            19.8851   data required time
-------------------------------------------------------------
            19.8851   data required time
           -17.6854   data arrival time
-------------------------------------------------------------
             2.1997   slack (MET)


Startpoint: PipelinedMulUnit/imul/_56501_
            (rising edge-triggered flip-flop clocked by clock)
Endpoint: PipelinedMulUnit/imul/_56620_
          (rising edge-triggered flip-flop clocked by clock)
Path Group: clock
Path Type: max

    Delay      Time   Description
-------------------------------------------------------------
   0.0000    0.0000   clock clock (rise edge)
   0.0000    0.0000   clock network delay (ideal)
   0.0000    0.0000 ^ PipelinedMulUnit/imul/_56501_/CLK (sky130_fd_sc_hd__dfxtp_1)
   0.3800    0.3800 ^ PipelinedMulUnit/imul/_56501_/Q (sky130_fd_sc_hd__dfxtp_1)
   0.2608    0.6408 ^ PipelinedMulUnit/imul/_28769_/X (sky130_fd_sc_hd__clkbuf_1)
   0.1282    0.7691 v PipelinedMulUnit/imul/_38732_/Y (sky130_fd_sc_hd__nand2_1)
   0.4064    1.1755 v PipelinedMulUnit/imul/_38780_/X (sky130_fd_sc_hd__xor3_1)
   0.3651    1.5405 v PipelinedMulUnit/imul/_38782_/X (sky130_fd_sc_hd__maj3_1)
   0.2861    1.8266 ^ PipelinedMulUnit/imul/_38784_/X (sky130_fd_sc_hd__xor2_1)
   0.1517    1.9783 v PipelinedMulUnit/imul/_38786_/Y (sky130_fd_sc_hd__o21ai_0)
   0.3985    2.3767 v PipelinedMulUnit/imul/_38789_/X (sky130_fd_sc_hd__maj3_1)
   0.3902    2.7670 v PipelinedMulUnit/imul/_38826_/X (sky130_fd_sc_hd__xor3_1)
   0.2564    3.0233 ^ PipelinedMulUnit/imul/_38863_/Y (sky130_fd_sc_hd__xnor2_1)
   0.6499    3.6732 v PipelinedMulUnit/imul/_38896_/X (sky130_fd_sc_hd__or4b_2)
   0.3847    4.0579 v PipelinedMulUnit/imul/_38902_/X (sky130_fd_sc_hd__maj3_1)
   0.1892    4.2471 v PipelinedMulUnit/imul/_38903_/X (sky130_fd_sc_hd__xor2_1)
   0.2183    4.4654 ^ PipelinedMulUnit/imul/_38934_/Y (sky130_fd_sc_hd__o21ai_0)
   0.2184    4.6838 ^ PipelinedMulUnit/imul/_38935_/X (sky130_fd_sc_hd__xor2_1)
   0.1069    4.7907 v PipelinedMulUnit/imul/_38959_/Y (sky130_fd_sc_hd__a22oi_1)
   0.2202    5.0109 v PipelinedMulUnit/imul/_38961_/X (sky130_fd_sc_hd__o21ba_2)
   0.2250    5.2359 ^ PipelinedMulUnit/imul/_38963_/Y (sky130_fd_sc_hd__o21ai_0)
   0.1331    5.3690 v PipelinedMulUnit/imul/_38966_/Y (sky130_fd_sc_hd__a31oi_1)
   0.1981    5.5671 ^ PipelinedMulUnit/imul/_38968_/Y (sky130_fd_sc_hd__o21ai_0)
   0.1093    5.6764 v PipelinedMulUnit/imul/_38971_/Y (sky130_fd_sc_hd__a21oi_1)
   0.1624    5.8388 ^ PipelinedMulUnit/imul/_38974_/Y (sky130_fd_sc_hd__o211ai_1)
   0.1411    5.9799 v PipelinedMulUnit/imul/_38975_/Y (sky130_fd_sc_hd__a32oi_1)
   0.2541    6.2340 ^ PipelinedMulUnit/imul/_38980_/Y (sky130_fd_sc_hd__o21ai_0)
   0.1590    6.3929 v PipelinedMulUnit/imul/_38986_/Y (sky130_fd_sc_hd__a31oi_1)
   0.2778    6.6708 v PipelinedMulUnit/imul/_38991_/X (sky130_fd_sc_hd__o31a_1)
   0.2326    6.9034 v PipelinedMulUnit/imul/_38993_/X (sky130_fd_sc_hd__o221a_2)
   0.3561    7.2594 v PipelinedMulUnit/imul/_38994_/X (sky130_fd_sc_hd__or3_1)
   0.4452    7.7046 ^ PipelinedMulUnit/imul/_38999_/Y (sky130_fd_sc_hd__a311oi_1)
   0.2916    7.9962 v PipelinedMulUnit/imul/_39006_/Y (sky130_fd_sc_hd__o311ai_0)
   0.4192    8.4154 v PipelinedMulUnit/imul/_39010_/X (sky130_fd_sc_hd__a311o_1)
   0.3054    8.7208 ^ PipelinedMulUnit/imul/_39013_/Y (sky130_fd_sc_hd__a311oi_1)
   0.1296    8.8504 v PipelinedMulUnit/imul/_39016_/Y (sky130_fd_sc_hd__o211ai_1)
   0.3919    9.2423 v PipelinedMulUnit/imul/_39021_/X (sky130_fd_sc_hd__a311o_1)
   0.2909    9.5332 ^ PipelinedMulUnit/imul/_39025_/Y (sky130_fd_sc_hd__a311oi_1)
   0.2047    9.7379 v PipelinedMulUnit/imul/_39029_/Y (sky130_fd_sc_hd__o311ai_0)
   0.4023   10.1402 ^ PipelinedMulUnit/imul/_39035_/Y (sky130_fd_sc_hd__a311oi_1)
   0.2449   10.3851 ^ PipelinedMulUnit/imul/_39038_/X (sky130_fd_sc_hd__o311a_1)
   0.1769   10.5620 v PipelinedMulUnit/imul/_39042_/Y (sky130_fd_sc_hd__o311ai_0)
   0.3618   10.9238 ^ PipelinedMulUnit/imul/_39254_/Y (sky130_fd_sc_hd__a311oi_1)
   0.1707   11.0946 v PipelinedMulUnit/imul/_39399_/Y (sky130_fd_sc_hd__a21oi_1)
   0.2150   11.3095 v PipelinedMulUnit/imul/_39623_/Y (sky130_fd_sc_hd__nand4b_1)
   0.4430   11.7525 ^ PipelinedMulUnit/imul/_40019_/Y (sky130_fd_sc_hd__a2111oi_0)
   0.2368   11.9893 ^ PipelinedMulUnit/imul/_40692_/X (sky130_fd_sc_hd__o311a_1)
   0.1218   12.1111 v PipelinedMulUnit/imul/_41025_/Y (sky130_fd_sc_hd__o21ai_0)
   0.3555   12.4666 v PipelinedMulUnit/imul/_41710_/X (sky130_fd_sc_hd__a311o_1)
   0.3717   12.8383 ^ PipelinedMulUnit/imul/_42377_/Y (sky130_fd_sc_hd__a311oi_1)
   0.2787   13.1170 v PipelinedMulUnit/imul/_43050_/Y (sky130_fd_sc_hd__o311ai_0)
   0.4261   13.5431 ^ PipelinedMulUnit/imul/_43708_/Y (sky130_fd_sc_hd__a311oi_1)
   0.2789   13.8220 v PipelinedMulUnit/imul/_44387_/Y (sky130_fd_sc_hd__o311ai_0)
   0.3923   14.2143 ^ PipelinedMulUnit/imul/_45042_/Y (sky130_fd_sc_hd__a311oi_1)
   0.2533   14.4676 ^ PipelinedMulUnit/imul/_47233_/X (sky130_fd_sc_hd__and4_1)
   0.1376   14.6052 v PipelinedMulUnit/imul/_49489_/Y (sky130_fd_sc_hd__o2111ai_1)
   0.2132   14.8185 ^ PipelinedMulUnit/imul/_49749_/Y (sky130_fd_sc_hd__a21oi_1)
   0.1502   14.9687 v PipelinedMulUnit/imul/_50285_/Y (sky130_fd_sc_hd__o21ai_0)
   0.2060   15.1747 ^ PipelinedMulUnit/imul/_50828_/Y (sky130_fd_sc_hd__a21oi_1)
   0.2219   15.3965 ^ PipelinedMulUnit/imul/_50841_/X (sky130_fd_sc_hd__o311a_1)
   0.1970   15.5935 ^ PipelinedMulUnit/imul/_51600_/X (sky130_fd_sc_hd__o311a_1)
   0.1995   15.7929 ^ PipelinedMulUnit/imul/_52090_/X (sky130_fd_sc_hd__o211a_1)
   0.2333   16.0263 ^ PipelinedMulUnit/imul/_52764_/X (sky130_fd_sc_hd__o311a_1)
   0.2151   16.2414 ^ PipelinedMulUnit/imul/_53435_/X (sky130_fd_sc_hd__o311a_1)
   0.1224   16.3638 v PipelinedMulUnit/imul/_53849_/Y (sky130_fd_sc_hd__o211ai_1)
   0.2517   16.6155 ^ PipelinedMulUnit/imul/_54276_/Y (sky130_fd_sc_hd__a211oi_1)
   0.1767   16.7923 v PipelinedMulUnit/imul/_54674_/Y (sky130_fd_sc_hd__o2111ai_1)
   0.1142   16.9065 ^ PipelinedMulUnit/imul/_54676_/Y (sky130_fd_sc_hd__nand2_1)
   0.0779   16.9844 v PipelinedMulUnit/imul/_54856_/Y (sky130_fd_sc_hd__a21oi_1)
   0.1600   17.1443 ^ PipelinedMulUnit/imul/_55040_/Y (sky130_fd_sc_hd__o21ai_0)
   0.0594   17.2037 v PipelinedMulUnit/imul/_55041_/Y (sky130_fd_sc_hd__a21oi_1)
   0.1718   17.3756 v PipelinedMulUnit/imul/_55046_/X (sky130_fd_sc_hd__o22a_1)
   0.0035   17.3790 v PipelinedMulUnit/imul/_56620_/D (sky130_fd_sc_hd__dfxtp_1)
            17.3790   data arrival time

  20.0000   20.0000   clock clock (rise edge)
   0.0000   20.0000   clock network delay (ideal)
   0.0000   20.0000   clock reconvergence pessimism
            20.0000 ^ PipelinedMulUnit/imul/_56620_/CLK (sky130_fd_sc_hd__dfxtp_1)
  -0.1179   19.8821   library setup time
            19.8821   data required time
-------------------------------------------------------------
            19.8821   data required time
           -17.3790   data arrival time
-------------------------------------------------------------
             2.5030   slack (MET)


Startpoint: PipelinedMulUnit/imul/_56501_
            (rising edge-triggered flip-flop clocked by clock)
Endpoint: PipelinedMulUnit/imul/_56618_
          (rising edge-triggered flip-flop clocked by clock)
Path Group: clock
Path Type: max

    Delay      Time   Description
-------------------------------------------------------------
   0.0000    0.0000   clock clock (rise edge)
   0.0000    0.0000   clock network delay (ideal)
   0.0000    0.0000 ^ PipelinedMulUnit/imul/_56501_/CLK (sky130_fd_sc_hd__dfxtp_1)
   0.3800    0.3800 ^ PipelinedMulUnit/imul/_56501_/Q (sky130_fd_sc_hd__dfxtp_1)
   0.2608    0.6408 ^ PipelinedMulUnit/imul/_28769_/X (sky130_fd_sc_hd__clkbuf_1)
   0.1282    0.7691 v PipelinedMulUnit/imul/_38732_/Y (sky130_fd_sc_hd__nand2_1)
   0.4064    1.1755 v PipelinedMulUnit/imul/_38780_/X (sky130_fd_sc_hd__xor3_1)
   0.3651    1.5405 v PipelinedMulUnit/imul/_38782_/X (sky130_fd_sc_hd__maj3_1)
   0.2861    1.8266 ^ PipelinedMulUnit/imul/_38784_/X (sky130_fd_sc_hd__xor2_1)
   0.1517    1.9783 v PipelinedMulUnit/imul/_38786_/Y (sky130_fd_sc_hd__o21ai_0)
   0.3985    2.3767 v PipelinedMulUnit/imul/_38789_/X (sky130_fd_sc_hd__maj3_1)
   0.3902    2.7670 v PipelinedMulUnit/imul/_38826_/X (sky130_fd_sc_hd__xor3_1)
   0.2564    3.0233 ^ PipelinedMulUnit/imul/_38863_/Y (sky130_fd_sc_hd__xnor2_1)
   0.6499    3.6732 v PipelinedMulUnit/imul/_38896_/X (sky130_fd_sc_hd__or4b_2)
   0.3847    4.0579 v PipelinedMulUnit/imul/_38902_/X (sky130_fd_sc_hd__maj3_1)
   0.2658    4.3237 ^ PipelinedMulUnit/imul/_38903_/X (sky130_fd_sc_hd__xor2_1)
   0.1583    4.4819 v PipelinedMulUnit/imul/_38934_/Y (sky130_fd_sc_hd__o21ai_0)
   0.1784    4.6604 v PipelinedMulUnit/imul/_38935_/X (sky130_fd_sc_hd__xor2_1)
   0.1870    4.8474 ^ PipelinedMulUnit/imul/_38959_/Y (sky130_fd_sc_hd__a22oi_1)
   0.1607    5.0081 ^ PipelinedMulUnit/imul/_38961_/X (sky130_fd_sc_hd__o21ba_2)
   0.0992    5.1073 v PipelinedMulUnit/imul/_38963_/Y (sky130_fd_sc_hd__o21ai_0)
   0.2119    5.3192 ^ PipelinedMulUnit/imul/_38966_/Y (sky130_fd_sc_hd__a31oi_1)
   0.1118    5.4310 v PipelinedMulUnit/imul/_38968_/Y (sky130_fd_sc_hd__o21ai_0)
   0.1895    5.6205 ^ PipelinedMulUnit/imul/_38971_/Y (sky130_fd_sc_hd__a21oi_1)
   0.0998    5.7203 v PipelinedMulUnit/imul/_38974_/Y (sky130_fd_sc_hd__o211ai_1)
   0.2480    5.9682 ^ PipelinedMulUnit/imul/_38975_/Y (sky130_fd_sc_hd__a32oi_1)
   0.1575    6.1258 v PipelinedMulUnit/imul/_38980_/Y (sky130_fd_sc_hd__o21ai_0)
   0.2668    6.3925 ^ PipelinedMulUnit/imul/_38986_/Y (sky130_fd_sc_hd__a31oi_1)
   0.1831    6.5756 ^ PipelinedMulUnit/imul/_38991_/X (sky130_fd_sc_hd__o31a_1)
   0.1887    6.7644 ^ PipelinedMulUnit/imul/_38993_/X (sky130_fd_sc_hd__o221a_2)
   0.1417    6.9061 ^ PipelinedMulUnit/imul/_38994_/X (sky130_fd_sc_hd__or3_1)
   0.1477    7.0538 v PipelinedMulUnit/imul/_38999_/Y (sky130_fd_sc_hd__a311oi_1)
   0.6029    7.6567 ^ PipelinedMulUnit/imul/_39006_/Y (sky130_fd_sc_hd__o311ai_0)
   0.2716    7.9283 ^ PipelinedMulUnit/imul/_39010_/X (sky130_fd_sc_hd__a311o_1)
   0.1027    8.0310 v PipelinedMulUnit/imul/_39013_/Y (sky130_fd_sc_hd__a311oi_1)
   0.1912    8.2222 ^ PipelinedMulUnit/imul/_39016_/Y (sky130_fd_sc_hd__o211ai_1)
   0.2311    8.4533 ^ PipelinedMulUnit/imul/_39021_/X (sky130_fd_sc_hd__a311o_1)
   0.1049    8.5582 v PipelinedMulUnit/imul/_39025_/Y (sky130_fd_sc_hd__a311oi_1)
   0.4593    9.0174 ^ PipelinedMulUnit/imul/_39029_/Y (sky130_fd_sc_hd__o311ai_0)
   0.2034    9.2209 v PipelinedMulUnit/imul/_39035_/Y (sky130_fd_sc_hd__a311oi_1)
   0.3559    9.5768 v PipelinedMulUnit/imul/_39038_/X (sky130_fd_sc_hd__o311a_1)
   0.4623   10.0391 ^ PipelinedMulUnit/imul/_39042_/Y (sky130_fd_sc_hd__o311ai_0)
   0.1906   10.2296 v PipelinedMulUnit/imul/_39254_/Y (sky130_fd_sc_hd__a311oi_1)
   0.2798   10.5095 ^ PipelinedMulUnit/imul/_39399_/Y (sky130_fd_sc_hd__a21oi_1)
   0.1690   10.6785 ^ PipelinedMulUnit/imul/_39623_/Y (sky130_fd_sc_hd__nand4b_1)
   0.1095   10.7880 v PipelinedMulUnit/imul/_40019_/Y (sky130_fd_sc_hd__a2111oi_0)
   0.3511   11.1391 v PipelinedMulUnit/imul/_40692_/X (sky130_fd_sc_hd__o311a_1)
   0.2478   11.3869 ^ PipelinedMulUnit/imul/_41025_/Y (sky130_fd_sc_hd__o21ai_0)
   0.2421   11.6290 ^ PipelinedMulUnit/imul/_41710_/X (sky130_fd_sc_hd__a311o_1)
   0.1259   11.7549 v PipelinedMulUnit/imul/_42377_/Y (sky130_fd_sc_hd__a311oi_1)
   0.5945   12.3494 ^ PipelinedMulUnit/imul/_43050_/Y (sky130_fd_sc_hd__o311ai_0)
   0.2362   12.5856 v PipelinedMulUnit/imul/_43708_/Y (sky130_fd_sc_hd__a311oi_1)
   0.6182   13.2038 ^ PipelinedMulUnit/imul/_44387_/Y (sky130_fd_sc_hd__o311ai_0)
   0.2245   13.4282 v PipelinedMulUnit/imul/_45042_/Y (sky130_fd_sc_hd__a311oi_1)
   0.2064   13.6347 v PipelinedMulUnit/imul/_47233_/X (sky130_fd_sc_hd__and4_1)
   0.2108   13.8454 ^ PipelinedMulUnit/imul/_49489_/Y (sky130_fd_sc_hd__o2111ai_1)
   0.1194   13.9648 v PipelinedMulUnit/imul/_49749_/Y (sky130_fd_sc_hd__a21oi_1)
   0.2635   14.2283 ^ PipelinedMulUnit/imul/_50285_/Y (sky130_fd_sc_hd__o21ai_0)
   0.1305   14.3589 v PipelinedMulUnit/imul/_50828_/Y (sky130_fd_sc_hd__a21oi_1)
   0.3658   14.7247 v PipelinedMulUnit/imul/_50841_/X (sky130_fd_sc_hd__o311a_1)
   0.3555   15.0802 v PipelinedMulUnit/imul/_51600_/X (sky130_fd_sc_hd__o311a_1)
   0.2574   15.3376 v PipelinedMulUnit/imul/_52090_/X (sky130_fd_sc_hd__o211a_1)
   0.3951   15.7327 v PipelinedMulUnit/imul/_52764_/X (sky130_fd_sc_hd__o311a_1)
   0.3693   16.1020 v PipelinedMulUnit/imul/_53435_/X (sky130_fd_sc_hd__o311a_1)
   0.2164   16.3184 ^ PipelinedMulUnit/imul/_53849_/Y (sky130_fd_sc_hd__o211ai_1)
   0.1108   16.4292 v PipelinedMulUnit/imul/_54276_/Y (sky130_fd_sc_hd__a211oi_1)
   0.3045   16.7337 v PipelinedMulUnit/imul/_54278_/X (sky130_fd_sc_hd__or2_2)
   0.1485   16.8822 v PipelinedMulUnit/imul/_54474_/X (sky130_fd_sc_hd__lpflow_inputiso0n_1)
   0.1064   16.9886 ^ PipelinedMulUnit/imul/_54483_/Y (sky130_fd_sc_hd__nor2_1)
   0.0708   17.0593 v PipelinedMulUnit/imul/_54669_/Y (sky130_fd_sc_hd__a21oi_1)
   0.0821   17.1414 ^ PipelinedMulUnit/imul/_54670_/Y (sky130_fd_sc_hd__o21ai_0)
   0.1091   17.2505 v PipelinedMulUnit/imul/_54671_/Y (sky130_fd_sc_hd__o211ai_1)
   0.1238   17.3743 v PipelinedMulUnit/imul/_54672_/X (sky130_fd_sc_hd__o21a_1)
   0.0035   17.3778 v PipelinedMulUnit/imul/_56618_/D (sky130_fd_sc_hd__dfxtp_1)
            17.3778   data arrival time

  20.0000   20.0000   clock clock (rise edge)
   0.0000   20.0000   clock network delay (ideal)
   0.0000   20.0000   clock reconvergence pessimism
            20.0000 ^ PipelinedMulUnit/imul/_56618_/CLK (sky130_fd_sc_hd__dfxtp_1)
  -0.1156   19.8844   library setup time
            19.8844   data required time
-------------------------------------------------------------
            19.8844   data required time
           -17.3778   data arrival time
-------------------------------------------------------------
             2.5066   slack (MET)


Startpoint: PipelinedMulUnit/imul/_56501_
            (rising edge-triggered flip-flop clocked by clock)
Endpoint: PipelinedMulUnit/imul/_56617_
          (rising edge-triggered flip-flop clocked by clock)
Path Group: clock
Path Type: max

    Delay      Time   Description
-------------------------------------------------------------
   0.0000    0.0000   clock clock (rise edge)
   0.0000    0.0000   clock network delay (ideal)
   0.0000    0.0000 ^ PipelinedMulUnit/imul/_56501_/CLK (sky130_fd_sc_hd__dfxtp_1)
   0.3800    0.3800 ^ PipelinedMulUnit/imul/_56501_/Q (sky130_fd_sc_hd__dfxtp_1)
   0.2608    0.6408 ^ PipelinedMulUnit/imul/_28769_/X (sky130_fd_sc_hd__clkbuf_1)
   0.1282    0.7691 v PipelinedMulUnit/imul/_38732_/Y (sky130_fd_sc_hd__nand2_1)
   0.4064    1.1755 v PipelinedMulUnit/imul/_38780_/X (sky130_fd_sc_hd__xor3_1)
   0.3651    1.5405 v PipelinedMulUnit/imul/_38782_/X (sky130_fd_sc_hd__maj3_1)
   0.2861    1.8266 ^ PipelinedMulUnit/imul/_38784_/X (sky130_fd_sc_hd__xor2_1)
   0.1517    1.9783 v PipelinedMulUnit/imul/_38786_/Y (sky130_fd_sc_hd__o21ai_0)
   0.3985    2.3767 v PipelinedMulUnit/imul/_38789_/X (sky130_fd_sc_hd__maj3_1)
   0.3902    2.7670 v PipelinedMulUnit/imul/_38826_/X (sky130_fd_sc_hd__xor3_1)
   0.2564    3.0233 ^ PipelinedMulUnit/imul/_38863_/Y (sky130_fd_sc_hd__xnor2_1)
   0.6499    3.6732 v PipelinedMulUnit/imul/_38896_/X (sky130_fd_sc_hd__or4b_2)
   0.3847    4.0579 v PipelinedMulUnit/imul/_38902_/X (sky130_fd_sc_hd__maj3_1)
   0.1892    4.2471 v PipelinedMulUnit/imul/_38903_/X (sky130_fd_sc_hd__xor2_1)
   0.2183    4.4654 ^ PipelinedMulUnit/imul/_38934_/Y (sky130_fd_sc_hd__o21ai_0)
   0.2184    4.6838 ^ PipelinedMulUnit/imul/_38935_/X (sky130_fd_sc_hd__xor2_1)
   0.1069    4.7907 v PipelinedMulUnit/imul/_38959_/Y (sky130_fd_sc_hd__a22oi_1)
   0.2202    5.0109 v PipelinedMulUnit/imul/_38961_/X (sky130_fd_sc_hd__o21ba_2)
   0.2250    5.2359 ^ PipelinedMulUnit/imul/_38963_/Y (sky130_fd_sc_hd__o21ai_0)
   0.1331    5.3690 v PipelinedMulUnit/imul/_38966_/Y (sky130_fd_sc_hd__a31oi_1)
   0.1981    5.5671 ^ PipelinedMulUnit/imul/_38968_/Y (sky130_fd_sc_hd__o21ai_0)
   0.1093    5.6764 v PipelinedMulUnit/imul/_38971_/Y (sky130_fd_sc_hd__a21oi_1)
   0.1624    5.8388 ^ PipelinedMulUnit/imul/_38974_/Y (sky130_fd_sc_hd__o211ai_1)
   0.1411    5.9799 v PipelinedMulUnit/imul/_38975_/Y (sky130_fd_sc_hd__a32oi_1)
   0.2541    6.2340 ^ PipelinedMulUnit/imul/_38980_/Y (sky130_fd_sc_hd__o21ai_0)
   0.1590    6.3929 v PipelinedMulUnit/imul/_38986_/Y (sky130_fd_sc_hd__a31oi_1)
   0.2778    6.6708 v PipelinedMulUnit/imul/_38991_/X (sky130_fd_sc_hd__o31a_1)
   0.2326    6.9034 v PipelinedMulUnit/imul/_38993_/X (sky130_fd_sc_hd__o221a_2)
   0.3561    7.2594 v PipelinedMulUnit/imul/_38994_/X (sky130_fd_sc_hd__or3_1)
   0.4452    7.7046 ^ PipelinedMulUnit/imul/_38999_/Y (sky130_fd_sc_hd__a311oi_1)
   0.2916    7.9962 v PipelinedMulUnit/imul/_39006_/Y (sky130_fd_sc_hd__o311ai_0)
   0.4192    8.4154 v PipelinedMulUnit/imul/_39010_/X (sky130_fd_sc_hd__a311o_1)
   0.3054    8.7208 ^ PipelinedMulUnit/imul/_39013_/Y (sky130_fd_sc_hd__a311oi_1)
   0.1296    8.8504 v PipelinedMulUnit/imul/_39016_/Y (sky130_fd_sc_hd__o211ai_1)
   0.3919    9.2423 v PipelinedMulUnit/imul/_39021_/X (sky130_fd_sc_hd__a311o_1)
   0.2909    9.5332 ^ PipelinedMulUnit/imul/_39025_/Y (sky130_fd_sc_hd__a311oi_1)
   0.2047    9.7379 v PipelinedMulUnit/imul/_39029_/Y (sky130_fd_sc_hd__o311ai_0)
   0.4023   10.1402 ^ PipelinedMulUnit/imul/_39035_/Y (sky130_fd_sc_hd__a311oi_1)
   0.2449   10.3851 ^ PipelinedMulUnit/imul/_39038_/X (sky130_fd_sc_hd__o311a_1)
   0.1769   10.5620 v PipelinedMulUnit/imul/_39042_/Y (sky130_fd_sc_hd__o311ai_0)
   0.3618   10.9238 ^ PipelinedMulUnit/imul/_39254_/Y (sky130_fd_sc_hd__a311oi_1)
   0.1707   11.0946 v PipelinedMulUnit/imul/_39399_/Y (sky130_fd_sc_hd__a21oi_1)
   0.2150   11.3095 v PipelinedMulUnit/imul/_39623_/Y (sky130_fd_sc_hd__nand4b_1)
   0.4430   11.7525 ^ PipelinedMulUnit/imul/_40019_/Y (sky130_fd_sc_hd__a2111oi_0)
   0.2368   11.9893 ^ PipelinedMulUnit/imul/_40692_/X (sky130_fd_sc_hd__o311a_1)
   0.1218   12.1111 v PipelinedMulUnit/imul/_41025_/Y (sky130_fd_sc_hd__o21ai_0)
   0.3555   12.4666 v PipelinedMulUnit/imul/_41710_/X (sky130_fd_sc_hd__a311o_1)
   0.3717   12.8383 ^ PipelinedMulUnit/imul/_42377_/Y (sky130_fd_sc_hd__a311oi_1)
   0.2787   13.1170 v PipelinedMulUnit/imul/_43050_/Y (sky130_fd_sc_hd__o311ai_0)
   0.4261   13.5431 ^ PipelinedMulUnit/imul/_43708_/Y (sky130_fd_sc_hd__a311oi_1)
   0.2789   13.8220 v PipelinedMulUnit/imul/_44387_/Y (sky130_fd_sc_hd__o311ai_0)
   0.3923   14.2143 ^ PipelinedMulUnit/imul/_45042_/Y (sky130_fd_sc_hd__a311oi_1)
   0.2533   14.4676 ^ PipelinedMulUnit/imul/_47233_/X (sky130_fd_sc_hd__and4_1)
   0.1376   14.6052 v PipelinedMulUnit/imul/_49489_/Y (sky130_fd_sc_hd__o2111ai_1)
   0.2132   14.8185 ^ PipelinedMulUnit/imul/_49749_/Y (sky130_fd_sc_hd__a21oi_1)
   0.1502   14.9687 v PipelinedMulUnit/imul/_50285_/Y (sky130_fd_sc_hd__o21ai_0)
   0.2060   15.1747 ^ PipelinedMulUnit/imul/_50828_/Y (sky130_fd_sc_hd__a21oi_1)
   0.2219   15.3965 ^ PipelinedMulUnit/imul/_50841_/X (sky130_fd_sc_hd__o311a_1)
   0.1970   15.5935 ^ PipelinedMulUnit/imul/_51600_/X (sky130_fd_sc_hd__o311a_1)
   0.1995   15.7929 ^ PipelinedMulUnit/imul/_52090_/X (sky130_fd_sc_hd__o211a_1)
   0.2333   16.0263 ^ PipelinedMulUnit/imul/_52764_/X (sky130_fd_sc_hd__o311a_1)
   0.2151   16.2414 ^ PipelinedMulUnit/imul/_53435_/X (sky130_fd_sc_hd__o311a_1)
   0.1224   16.3638 v PipelinedMulUnit/imul/_53849_/Y (sky130_fd_sc_hd__o211ai_1)
   0.2517   16.6155 ^ PipelinedMulUnit/imul/_54276_/Y (sky130_fd_sc_hd__a211oi_1)
   0.1576   16.7731 ^ PipelinedMulUnit/imul/_54278_/X (sky130_fd_sc_hd__or2_2)
   0.1271   16.9002 ^ PipelinedMulUnit/imul/_54474_/X (sky130_fd_sc_hd__lpflow_inputiso0n_1)
   0.0412   16.9414 v PipelinedMulUnit/imul/_54475_/Y (sky130_fd_sc_hd__nor2_1)
   0.0776   17.0189 ^ PipelinedMulUnit/imul/_54476_/Y (sky130_fd_sc_hd__o21ai_0)
   0.1091   17.1280 v PipelinedMulUnit/imul/_54477_/Y (sky130_fd_sc_hd__o211ai_1)
   0.1238   17.2518 v PipelinedMulUnit/imul/_54478_/X (sky130_fd_sc_hd__o21a_1)
   0.0035   17.2553 v PipelinedMulUnit/imul/_56617_/D (sky130_fd_sc_hd__dfxtp_1)
            17.2553   data arrival time

  20.0000   20.0000   clock clock (rise edge)
   0.0000   20.0000   clock network delay (ideal)
   0.0000   20.0000   clock reconvergence pessimism
            20.0000 ^ PipelinedMulUnit/imul/_56617_/CLK (sky130_fd_sc_hd__dfxtp_1)
  -0.1156   19.8844   library setup time
            19.8844   data required time
-------------------------------------------------------------
            19.8844   data required time
           -17.2553   data arrival time
-------------------------------------------------------------
             2.6291   slack (MET)


Startpoint: PipelinedMulUnit/imul/_56501_
            (rising edge-triggered flip-flop clocked by clock)
Endpoint: PipelinedMulUnit/imul/_56619_
          (rising edge-triggered flip-flop clocked by clock)
Path Group: clock
Path Type: max

    Delay      Time   Description
-------------------------------------------------------------
   0.0000    0.0000   clock clock (rise edge)
   0.0000    0.0000   clock network delay (ideal)
   0.0000    0.0000 ^ PipelinedMulUnit/imul/_56501_/CLK (sky130_fd_sc_hd__dfxtp_1)
   0.3800    0.3800 ^ PipelinedMulUnit/imul/_56501_/Q (sky130_fd_sc_hd__dfxtp_1)
   0.2608    0.6408 ^ PipelinedMulUnit/imul/_28769_/X (sky130_fd_sc_hd__clkbuf_1)
   0.1282    0.7691 v PipelinedMulUnit/imul/_38732_/Y (sky130_fd_sc_hd__nand2_1)
   0.4064    1.1755 v PipelinedMulUnit/imul/_38780_/X (sky130_fd_sc_hd__xor3_1)
   0.3651    1.5405 v PipelinedMulUnit/imul/_38782_/X (sky130_fd_sc_hd__maj3_1)
   0.2861    1.8266 ^ PipelinedMulUnit/imul/_38784_/X (sky130_fd_sc_hd__xor2_1)
   0.1517    1.9783 v PipelinedMulUnit/imul/_38786_/Y (sky130_fd_sc_hd__o21ai_0)
   0.3985    2.3767 v PipelinedMulUnit/imul/_38789_/X (sky130_fd_sc_hd__maj3_1)
   0.3902    2.7670 v PipelinedMulUnit/imul/_38826_/X (sky130_fd_sc_hd__xor3_1)
   0.2564    3.0233 ^ PipelinedMulUnit/imul/_38863_/Y (sky130_fd_sc_hd__xnor2_1)
   0.6499    3.6732 v PipelinedMulUnit/imul/_38896_/X (sky130_fd_sc_hd__or4b_2)
   0.3847    4.0579 v PipelinedMulUnit/imul/_38902_/X (sky130_fd_sc_hd__maj3_1)
   0.1892    4.2471 v PipelinedMulUnit/imul/_38903_/X (sky130_fd_sc_hd__xor2_1)
   0.2183    4.4654 ^ PipelinedMulUnit/imul/_38934_/Y (sky130_fd_sc_hd__o21ai_0)
   0.2184    4.6838 ^ PipelinedMulUnit/imul/_38935_/X (sky130_fd_sc_hd__xor2_1)
   0.1069    4.7907 v PipelinedMulUnit/imul/_38959_/Y (sky130_fd_sc_hd__a22oi_1)
   0.2202    5.0109 v PipelinedMulUnit/imul/_38961_/X (sky130_fd_sc_hd__o21ba_2)
   0.2250    5.2359 ^ PipelinedMulUnit/imul/_38963_/Y (sky130_fd_sc_hd__o21ai_0)
   0.1331    5.3690 v PipelinedMulUnit/imul/_38966_/Y (sky130_fd_sc_hd__a31oi_1)
   0.1981    5.5671 ^ PipelinedMulUnit/imul/_38968_/Y (sky130_fd_sc_hd__o21ai_0)
   0.1093    5.6764 v PipelinedMulUnit/imul/_38971_/Y (sky130_fd_sc_hd__a21oi_1)
   0.1624    5.8388 ^ PipelinedMulUnit/imul/_38974_/Y (sky130_fd_sc_hd__o211ai_1)
   0.1411    5.9799 v PipelinedMulUnit/imul/_38975_/Y (sky130_fd_sc_hd__a32oi_1)
   0.2541    6.2340 ^ PipelinedMulUnit/imul/_38980_/Y (sky130_fd_sc_hd__o21ai_0)
   0.1590    6.3929 v PipelinedMulUnit/imul/_38986_/Y (sky130_fd_sc_hd__a31oi_1)
   0.2778    6.6708 v PipelinedMulUnit/imul/_38991_/X (sky130_fd_sc_hd__o31a_1)
   0.2326    6.9034 v PipelinedMulUnit/imul/_38993_/X (sky130_fd_sc_hd__o221a_2)
   0.3561    7.2594 v PipelinedMulUnit/imul/_38994_/X (sky130_fd_sc_hd__or3_1)
   0.4452    7.7046 ^ PipelinedMulUnit/imul/_38999_/Y (sky130_fd_sc_hd__a311oi_1)
   0.2916    7.9962 v PipelinedMulUnit/imul/_39006_/Y (sky130_fd_sc_hd__o311ai_0)
   0.4192    8.4154 v PipelinedMulUnit/imul/_39010_/X (sky130_fd_sc_hd__a311o_1)
   0.3054    8.7208 ^ PipelinedMulUnit/imul/_39013_/Y (sky130_fd_sc_hd__a311oi_1)
   0.1296    8.8504 v PipelinedMulUnit/imul/_39016_/Y (sky130_fd_sc_hd__o211ai_1)
   0.3919    9.2423 v PipelinedMulUnit/imul/_39021_/X (sky130_fd_sc_hd__a311o_1)
   0.2909    9.5332 ^ PipelinedMulUnit/imul/_39025_/Y (sky130_fd_sc_hd__a311oi_1)
   0.2047    9.7379 v PipelinedMulUnit/imul/_39029_/Y (sky130_fd_sc_hd__o311ai_0)
   0.4023   10.1402 ^ PipelinedMulUnit/imul/_39035_/Y (sky130_fd_sc_hd__a311oi_1)
   0.2449   10.3851 ^ PipelinedMulUnit/imul/_39038_/X (sky130_fd_sc_hd__o311a_1)
   0.1769   10.5620 v PipelinedMulUnit/imul/_39042_/Y (sky130_fd_sc_hd__o311ai_0)
   0.3618   10.9238 ^ PipelinedMulUnit/imul/_39254_/Y (sky130_fd_sc_hd__a311oi_1)
   0.1707   11.0946 v PipelinedMulUnit/imul/_39399_/Y (sky130_fd_sc_hd__a21oi_1)
   0.2150   11.3095 v PipelinedMulUnit/imul/_39623_/Y (sky130_fd_sc_hd__nand4b_1)
   0.4430   11.7525 ^ PipelinedMulUnit/imul/_40019_/Y (sky130_fd_sc_hd__a2111oi_0)
   0.2368   11.9893 ^ PipelinedMulUnit/imul/_40692_/X (sky130_fd_sc_hd__o311a_1)
   0.1218   12.1111 v PipelinedMulUnit/imul/_41025_/Y (sky130_fd_sc_hd__o21ai_0)
   0.3555   12.4666 v PipelinedMulUnit/imul/_41710_/X (sky130_fd_sc_hd__a311o_1)
   0.3717   12.8383 ^ PipelinedMulUnit/imul/_42377_/Y (sky130_fd_sc_hd__a311oi_1)
   0.2787   13.1170 v PipelinedMulUnit/imul/_43050_/Y (sky130_fd_sc_hd__o311ai_0)
   0.4261   13.5431 ^ PipelinedMulUnit/imul/_43708_/Y (sky130_fd_sc_hd__a311oi_1)
   0.2789   13.8220 v PipelinedMulUnit/imul/_44387_/Y (sky130_fd_sc_hd__o311ai_0)
   0.3923   14.2143 ^ PipelinedMulUnit/imul/_45042_/Y (sky130_fd_sc_hd__a311oi_1)
   0.2533   14.4676 ^ PipelinedMulUnit/imul/_47233_/X (sky130_fd_sc_hd__and4_1)
   0.1376   14.6052 v PipelinedMulUnit/imul/_49489_/Y (sky130_fd_sc_hd__o2111ai_1)
   0.2132   14.8185 ^ PipelinedMulUnit/imul/_49749_/Y (sky130_fd_sc_hd__a21oi_1)
   0.1502   14.9687 v PipelinedMulUnit/imul/_50285_/Y (sky130_fd_sc_hd__o21ai_0)
   0.2060   15.1747 ^ PipelinedMulUnit/imul/_50828_/Y (sky130_fd_sc_hd__a21oi_1)
   0.2219   15.3965 ^ PipelinedMulUnit/imul/_50841_/X (sky130_fd_sc_hd__o311a_1)
   0.1970   15.5935 ^ PipelinedMulUnit/imul/_51600_/X (sky130_fd_sc_hd__o311a_1)
   0.1995   15.7929 ^ PipelinedMulUnit/imul/_52090_/X (sky130_fd_sc_hd__o211a_1)
   0.2333   16.0263 ^ PipelinedMulUnit/imul/_52764_/X (sky130_fd_sc_hd__o311a_1)
   0.2151   16.2414 ^ PipelinedMulUnit/imul/_53435_/X (sky130_fd_sc_hd__o311a_1)
   0.1224   16.3638 v PipelinedMulUnit/imul/_53849_/Y (sky130_fd_sc_hd__o211ai_1)
   0.2517   16.6155 ^ PipelinedMulUnit/imul/_54276_/Y (sky130_fd_sc_hd__a211oi_1)
   0.1767   16.7923 v PipelinedMulUnit/imul/_54674_/Y (sky130_fd_sc_hd__o2111ai_1)
   0.1142   16.9065 ^ PipelinedMulUnit/imul/_54676_/Y (sky130_fd_sc_hd__nand2_1)
   0.0784   16.9849 v PipelinedMulUnit/imul/_54848_/Y (sky130_fd_sc_hd__xnor2_1)
   0.0854   17.0703 ^ PipelinedMulUnit/imul/_54849_/Y (sky130_fd_sc_hd__nor2_1)
   0.0802   17.1505 v PipelinedMulUnit/imul/_54854_/Y (sky130_fd_sc_hd__o22ai_1)
   0.0035   17.1540 v PipelinedMulUnit/imul/_56619_/D (sky130_fd_sc_hd__dfxtp_1)
            17.1540   data arrival time

  20.0000   20.0000   clock clock (rise edge)
   0.0000   20.0000   clock network delay (ideal)
   0.0000   20.0000   clock reconvergence pessimism
            20.0000 ^ PipelinedMulUnit/imul/_56619_/CLK (sky130_fd_sc_hd__dfxtp_1)
  -0.1309   19.8691   library setup time
            19.8691   data required time
-------------------------------------------------------------
            19.8691   data required time
           -17.1540   data arrival time
-------------------------------------------------------------
             2.7151   slack (MET)


Startpoint: PipelinedMulUnit/imul/_56501_
            (rising edge-triggered flip-flop clocked by clock)
Endpoint: PipelinedMulUnit/imul/_56616_
          (rising edge-triggered flip-flop clocked by clock)
Path Group: clock
Path Type: max

    Delay      Time   Description
-------------------------------------------------------------
   0.0000    0.0000   clock clock (rise edge)
   0.0000    0.0000   clock network delay (ideal)
   0.0000    0.0000 ^ PipelinedMulUnit/imul/_56501_/CLK (sky130_fd_sc_hd__dfxtp_1)
   0.3800    0.3800 ^ PipelinedMulUnit/imul/_56501_/Q (sky130_fd_sc_hd__dfxtp_1)
   0.2608    0.6408 ^ PipelinedMulUnit/imul/_28769_/X (sky130_fd_sc_hd__clkbuf_1)
   0.1282    0.7691 v PipelinedMulUnit/imul/_38732_/Y (sky130_fd_sc_hd__nand2_1)
   0.4064    1.1755 v PipelinedMulUnit/imul/_38780_/X (sky130_fd_sc_hd__xor3_1)
   0.3651    1.5405 v PipelinedMulUnit/imul/_38782_/X (sky130_fd_sc_hd__maj3_1)
   0.2861    1.8266 ^ PipelinedMulUnit/imul/_38784_/X (sky130_fd_sc_hd__xor2_1)
   0.1517    1.9783 v PipelinedMulUnit/imul/_38786_/Y (sky130_fd_sc_hd__o21ai_0)
   0.3985    2.3767 v PipelinedMulUnit/imul/_38789_/X (sky130_fd_sc_hd__maj3_1)
   0.3902    2.7670 v PipelinedMulUnit/imul/_38826_/X (sky130_fd_sc_hd__xor3_1)
   0.2564    3.0233 ^ PipelinedMulUnit/imul/_38863_/Y (sky130_fd_sc_hd__xnor2_1)
   0.6499    3.6732 v PipelinedMulUnit/imul/_38896_/X (sky130_fd_sc_hd__or4b_2)
   0.3847    4.0579 v PipelinedMulUnit/imul/_38902_/X (sky130_fd_sc_hd__maj3_1)
   0.2658    4.3237 ^ PipelinedMulUnit/imul/_38903_/X (sky130_fd_sc_hd__xor2_1)
   0.1583    4.4819 v PipelinedMulUnit/imul/_38934_/Y (sky130_fd_sc_hd__o21ai_0)
   0.1784    4.6604 v PipelinedMulUnit/imul/_38935_/X (sky130_fd_sc_hd__xor2_1)
   0.1870    4.8474 ^ PipelinedMulUnit/imul/_38959_/Y (sky130_fd_sc_hd__a22oi_1)
   0.1607    5.0081 ^ PipelinedMulUnit/imul/_38961_/X (sky130_fd_sc_hd__o21ba_2)
   0.0992    5.1073 v PipelinedMulUnit/imul/_38963_/Y (sky130_fd_sc_hd__o21ai_0)
   0.2119    5.3192 ^ PipelinedMulUnit/imul/_38966_/Y (sky130_fd_sc_hd__a31oi_1)
   0.1118    5.4310 v PipelinedMulUnit/imul/_38968_/Y (sky130_fd_sc_hd__o21ai_0)
   0.1895    5.6205 ^ PipelinedMulUnit/imul/_38971_/Y (sky130_fd_sc_hd__a21oi_1)
   0.0998    5.7203 v PipelinedMulUnit/imul/_38974_/Y (sky130_fd_sc_hd__o211ai_1)
   0.2480    5.9682 ^ PipelinedMulUnit/imul/_38975_/Y (sky130_fd_sc_hd__a32oi_1)
   0.1575    6.1258 v PipelinedMulUnit/imul/_38980_/Y (sky130_fd_sc_hd__o21ai_0)
   0.2668    6.3925 ^ PipelinedMulUnit/imul/_38986_/Y (sky130_fd_sc_hd__a31oi_1)
   0.1831    6.5756 ^ PipelinedMulUnit/imul/_38991_/X (sky130_fd_sc_hd__o31a_1)
   0.1887    6.7644 ^ PipelinedMulUnit/imul/_38993_/X (sky130_fd_sc_hd__o221a_2)
   0.1417    6.9061 ^ PipelinedMulUnit/imul/_38994_/X (sky130_fd_sc_hd__or3_1)
   0.1477    7.0538 v PipelinedMulUnit/imul/_38999_/Y (sky130_fd_sc_hd__a311oi_1)
   0.6029    7.6567 ^ PipelinedMulUnit/imul/_39006_/Y (sky130_fd_sc_hd__o311ai_0)
   0.2716    7.9283 ^ PipelinedMulUnit/imul/_39010_/X (sky130_fd_sc_hd__a311o_1)
   0.1027    8.0310 v PipelinedMulUnit/imul/_39013_/Y (sky130_fd_sc_hd__a311oi_1)
   0.1912    8.2222 ^ PipelinedMulUnit/imul/_39016_/Y (sky130_fd_sc_hd__o211ai_1)
   0.2311    8.4533 ^ PipelinedMulUnit/imul/_39021_/X (sky130_fd_sc_hd__a311o_1)
   0.1049    8.5582 v PipelinedMulUnit/imul/_39025_/Y (sky130_fd_sc_hd__a311oi_1)
   0.4593    9.0174 ^ PipelinedMulUnit/imul/_39029_/Y (sky130_fd_sc_hd__o311ai_0)
   0.2034    9.2209 v PipelinedMulUnit/imul/_39035_/Y (sky130_fd_sc_hd__a311oi_1)
   0.3559    9.5768 v PipelinedMulUnit/imul/_39038_/X (sky130_fd_sc_hd__o311a_1)
   0.4623   10.0391 ^ PipelinedMulUnit/imul/_39042_/Y (sky130_fd_sc_hd__o311ai_0)
   0.1906   10.2296 v PipelinedMulUnit/imul/_39254_/Y (sky130_fd_sc_hd__a311oi_1)
   0.2798   10.5095 ^ PipelinedMulUnit/imul/_39399_/Y (sky130_fd_sc_hd__a21oi_1)
   0.1690   10.6785 ^ PipelinedMulUnit/imul/_39623_/Y (sky130_fd_sc_hd__nand4b_1)
   0.1095   10.7880 v PipelinedMulUnit/imul/_40019_/Y (sky130_fd_sc_hd__a2111oi_0)
   0.3511   11.1391 v PipelinedMulUnit/imul/_40692_/X (sky130_fd_sc_hd__o311a_1)
   0.2478   11.3869 ^ PipelinedMulUnit/imul/_41025_/Y (sky130_fd_sc_hd__o21ai_0)
   0.2421   11.6290 ^ PipelinedMulUnit/imul/_41710_/X (sky130_fd_sc_hd__a311o_1)
   0.1259   11.7549 v PipelinedMulUnit/imul/_42377_/Y (sky130_fd_sc_hd__a311oi_1)
   0.5945   12.3494 ^ PipelinedMulUnit/imul/_43050_/Y (sky130_fd_sc_hd__o311ai_0)
   0.2362   12.5856 v PipelinedMulUnit/imul/_43708_/Y (sky130_fd_sc_hd__a311oi_1)
   0.6182   13.2038 ^ PipelinedMulUnit/imul/_44387_/Y (sky130_fd_sc_hd__o311ai_0)
   0.2245   13.4282 v PipelinedMulUnit/imul/_45042_/Y (sky130_fd_sc_hd__a311oi_1)
   0.2064   13.6347 v PipelinedMulUnit/imul/_47233_/X (sky130_fd_sc_hd__and4_1)
   0.2108   13.8454 ^ PipelinedMulUnit/imul/_49489_/Y (sky130_fd_sc_hd__o2111ai_1)
   0.1194   13.9648 v PipelinedMulUnit/imul/_49749_/Y (sky130_fd_sc_hd__a21oi_1)
   0.2635   14.2283 ^ PipelinedMulUnit/imul/_50285_/Y (sky130_fd_sc_hd__o21ai_0)
   0.1305   14.3589 v PipelinedMulUnit/imul/_50828_/Y (sky130_fd_sc_hd__a21oi_1)
   0.3658   14.7247 v PipelinedMulUnit/imul/_50841_/X (sky130_fd_sc_hd__o311a_1)
   0.3555   15.0802 v PipelinedMulUnit/imul/_51600_/X (sky130_fd_sc_hd__o311a_1)
   0.2574   15.3376 v PipelinedMulUnit/imul/_52090_/X (sky130_fd_sc_hd__o211a_1)
   0.3951   15.7327 v PipelinedMulUnit/imul/_52764_/X (sky130_fd_sc_hd__o311a_1)
   0.3693   16.1020 v PipelinedMulUnit/imul/_53435_/X (sky130_fd_sc_hd__o311a_1)
   0.2164   16.3184 ^ PipelinedMulUnit/imul/_53849_/Y (sky130_fd_sc_hd__o211ai_1)
   0.1066   16.4250 v PipelinedMulUnit/imul/_53851_/Y (sky130_fd_sc_hd__nand2_1)
   0.1755   16.6005 v PipelinedMulUnit/imul/_54066_/X (sky130_fd_sc_hd__a21o_1)
   0.1067   16.7071 ^ PipelinedMulUnit/imul/_54263_/Y (sky130_fd_sc_hd__a21oi_1)
   0.0906   16.7978 v PipelinedMulUnit/imul/_54264_/Y (sky130_fd_sc_hd__o21ai_0)
   0.1516   16.9493 ^ PipelinedMulUnit/imul/_54271_/Y (sky130_fd_sc_hd__a31oi_1)
   0.0035   16.9528 ^ PipelinedMulUnit/imul/_56616_/D (sky130_fd_sc_hd__dfxtp_1)
            16.9528   data arrival time

  20.0000   20.0000   clock clock (rise edge)
   0.0000   20.0000   clock network delay (ideal)
   0.0000   20.0000   clock reconvergence pessimism
            20.0000 ^ PipelinedMulUnit/imul/_56616_/CLK (sky130_fd_sc_hd__dfxtp_1)
  -0.0756   19.9244   library setup time
            19.9244   data required time
-------------------------------------------------------------
            19.9244   data required time
           -16.9528   data arrival time
-------------------------------------------------------------
             2.9716   slack (MET)


Startpoint: PipelinedMulUnit/imul/_56501_
            (rising edge-triggered flip-flop clocked by clock)
Endpoint: PipelinedMulUnit/imul/_56614_
          (rising edge-triggered flip-flop clocked by clock)
Path Group: clock
Path Type: max

    Delay      Time   Description
-------------------------------------------------------------
   0.0000    0.0000   clock clock (rise edge)
   0.0000    0.0000   clock network delay (ideal)
   0.0000    0.0000 ^ PipelinedMulUnit/imul/_56501_/CLK (sky130_fd_sc_hd__dfxtp_1)
   0.3800    0.3800 ^ PipelinedMulUnit/imul/_56501_/Q (sky130_fd_sc_hd__dfxtp_1)
   0.2608    0.6408 ^ PipelinedMulUnit/imul/_28769_/X (sky130_fd_sc_hd__clkbuf_1)
   0.1282    0.7691 v PipelinedMulUnit/imul/_38732_/Y (sky130_fd_sc_hd__nand2_1)
   0.4064    1.1755 v PipelinedMulUnit/imul/_38780_/X (sky130_fd_sc_hd__xor3_1)
   0.3651    1.5405 v PipelinedMulUnit/imul/_38782_/X (sky130_fd_sc_hd__maj3_1)
   0.2861    1.8266 ^ PipelinedMulUnit/imul/_38784_/X (sky130_fd_sc_hd__xor2_1)
   0.1517    1.9783 v PipelinedMulUnit/imul/_38786_/Y (sky130_fd_sc_hd__o21ai_0)
   0.3985    2.3767 v PipelinedMulUnit/imul/_38789_/X (sky130_fd_sc_hd__maj3_1)
   0.3902    2.7670 v PipelinedMulUnit/imul/_38826_/X (sky130_fd_sc_hd__xor3_1)
   0.2564    3.0233 ^ PipelinedMulUnit/imul/_38863_/Y (sky130_fd_sc_hd__xnor2_1)
   0.6499    3.6732 v PipelinedMulUnit/imul/_38896_/X (sky130_fd_sc_hd__or4b_2)
   0.3847    4.0579 v PipelinedMulUnit/imul/_38902_/X (sky130_fd_sc_hd__maj3_1)
   0.2658    4.3237 ^ PipelinedMulUnit/imul/_38903_/X (sky130_fd_sc_hd__xor2_1)
   0.1583    4.4819 v PipelinedMulUnit/imul/_38934_/Y (sky130_fd_sc_hd__o21ai_0)
   0.1784    4.6604 v PipelinedMulUnit/imul/_38935_/X (sky130_fd_sc_hd__xor2_1)
   0.1870    4.8474 ^ PipelinedMulUnit/imul/_38959_/Y (sky130_fd_sc_hd__a22oi_1)
   0.1607    5.0081 ^ PipelinedMulUnit/imul/_38961_/X (sky130_fd_sc_hd__o21ba_2)
   0.0992    5.1073 v PipelinedMulUnit/imul/_38963_/Y (sky130_fd_sc_hd__o21ai_0)
   0.2119    5.3192 ^ PipelinedMulUnit/imul/_38966_/Y (sky130_fd_sc_hd__a31oi_1)
   0.1118    5.4310 v PipelinedMulUnit/imul/_38968_/Y (sky130_fd_sc_hd__o21ai_0)
   0.1895    5.6205 ^ PipelinedMulUnit/imul/_38971_/Y (sky130_fd_sc_hd__a21oi_1)
   0.0998    5.7203 v PipelinedMulUnit/imul/_38974_/Y (sky130_fd_sc_hd__o211ai_1)
   0.2480    5.9682 ^ PipelinedMulUnit/imul/_38975_/Y (sky130_fd_sc_hd__a32oi_1)
   0.1575    6.1258 v PipelinedMulUnit/imul/_38980_/Y (sky130_fd_sc_hd__o21ai_0)
   0.2668    6.3925 ^ PipelinedMulUnit/imul/_38986_/Y (sky130_fd_sc_hd__a31oi_1)
   0.1831    6.5756 ^ PipelinedMulUnit/imul/_38991_/X (sky130_fd_sc_hd__o31a_1)
   0.1887    6.7644 ^ PipelinedMulUnit/imul/_38993_/X (sky130_fd_sc_hd__o221a_2)
   0.1417    6.9061 ^ PipelinedMulUnit/imul/_38994_/X (sky130_fd_sc_hd__or3_1)
   0.1477    7.0538 v PipelinedMulUnit/imul/_38999_/Y (sky130_fd_sc_hd__a311oi_1)
   0.6029    7.6567 ^ PipelinedMulUnit/imul/_39006_/Y (sky130_fd_sc_hd__o311ai_0)
   0.2716    7.9283 ^ PipelinedMulUnit/imul/_39010_/X (sky130_fd_sc_hd__a311o_1)
   0.1027    8.0310 v PipelinedMulUnit/imul/_39013_/Y (sky130_fd_sc_hd__a311oi_1)
   0.1912    8.2222 ^ PipelinedMulUnit/imul/_39016_/Y (sky130_fd_sc_hd__o211ai_1)
   0.2311    8.4533 ^ PipelinedMulUnit/imul/_39021_/X (sky130_fd_sc_hd__a311o_1)
   0.1049    8.5582 v PipelinedMulUnit/imul/_39025_/Y (sky130_fd_sc_hd__a311oi_1)
   0.4593    9.0174 ^ PipelinedMulUnit/imul/_39029_/Y (sky130_fd_sc_hd__o311ai_0)
   0.2034    9.2209 v PipelinedMulUnit/imul/_39035_/Y (sky130_fd_sc_hd__a311oi_1)
   0.3559    9.5768 v PipelinedMulUnit/imul/_39038_/X (sky130_fd_sc_hd__o311a_1)
   0.4623   10.0391 ^ PipelinedMulUnit/imul/_39042_/Y (sky130_fd_sc_hd__o311ai_0)
   0.1906   10.2296 v PipelinedMulUnit/imul/_39254_/Y (sky130_fd_sc_hd__a311oi_1)
   0.2798   10.5095 ^ PipelinedMulUnit/imul/_39399_/Y (sky130_fd_sc_hd__a21oi_1)
   0.1690   10.6785 ^ PipelinedMulUnit/imul/_39623_/Y (sky130_fd_sc_hd__nand4b_1)
   0.1095   10.7880 v PipelinedMulUnit/imul/_40019_/Y (sky130_fd_sc_hd__a2111oi_0)
   0.3511   11.1391 v PipelinedMulUnit/imul/_40692_/X (sky130_fd_sc_hd__o311a_1)
   0.2478   11.3869 ^ PipelinedMulUnit/imul/_41025_/Y (sky130_fd_sc_hd__o21ai_0)
   0.2421   11.6290 ^ PipelinedMulUnit/imul/_41710_/X (sky130_fd_sc_hd__a311o_1)
   0.1259   11.7549 v PipelinedMulUnit/imul/_42377_/Y (sky130_fd_sc_hd__a311oi_1)
   0.5945   12.3494 ^ PipelinedMulUnit/imul/_43050_/Y (sky130_fd_sc_hd__o311ai_0)
   0.2362   12.5856 v PipelinedMulUnit/imul/_43708_/Y (sky130_fd_sc_hd__a311oi_1)
   0.6182   13.2038 ^ PipelinedMulUnit/imul/_44387_/Y (sky130_fd_sc_hd__o311ai_0)
   0.2245   13.4282 v PipelinedMulUnit/imul/_45042_/Y (sky130_fd_sc_hd__a311oi_1)
   0.2064   13.6347 v PipelinedMulUnit/imul/_47233_/X (sky130_fd_sc_hd__and4_1)
   0.2108   13.8454 ^ PipelinedMulUnit/imul/_49489_/Y (sky130_fd_sc_hd__o2111ai_1)
   0.1194   13.9648 v PipelinedMulUnit/imul/_49749_/Y (sky130_fd_sc_hd__a21oi_1)
   0.2635   14.2283 ^ PipelinedMulUnit/imul/_50285_/Y (sky130_fd_sc_hd__o21ai_0)
   0.1305   14.3589 v PipelinedMulUnit/imul/_50828_/Y (sky130_fd_sc_hd__a21oi_1)
   0.3658   14.7247 v PipelinedMulUnit/imul/_50841_/X (sky130_fd_sc_hd__o311a_1)
   0.3555   15.0802 v PipelinedMulUnit/imul/_51600_/X (sky130_fd_sc_hd__o311a_1)
   0.2574   15.3376 v PipelinedMulUnit/imul/_52090_/X (sky130_fd_sc_hd__o211a_1)
   0.3951   15.7327 v PipelinedMulUnit/imul/_52764_/X (sky130_fd_sc_hd__o311a_1)
   0.3693   16.1020 v PipelinedMulUnit/imul/_53435_/X (sky130_fd_sc_hd__o311a_1)
   0.1962   16.2982 v PipelinedMulUnit/imul/_53638_/X (sky130_fd_sc_hd__o21a_1)
   0.2753   16.5735 v PipelinedMulUnit/imul/_53646_/X (sky130_fd_sc_hd__or2_2)
   0.1148   16.6883 ^ PipelinedMulUnit/imul/_53839_/Y (sky130_fd_sc_hd__a21oi_1)
   0.0906   16.7790 v PipelinedMulUnit/imul/_53840_/Y (sky130_fd_sc_hd__o21ai_0)
   0.1516   16.9305 ^ PipelinedMulUnit/imul/_53847_/Y (sky130_fd_sc_hd__a31oi_1)
   0.0035   16.9340 ^ PipelinedMulUnit/imul/_56614_/D (sky130_fd_sc_hd__dfxtp_1)
            16.9340   data arrival time

  20.0000   20.0000   clock clock (rise edge)
   0.0000   20.0000   clock network delay (ideal)
   0.0000   20.0000   clock reconvergence pessimism
            20.0000 ^ PipelinedMulUnit/imul/_56614_/CLK (sky130_fd_sc_hd__dfxtp_1)
  -0.0756   19.9244   library setup time
            19.9244   data required time
-------------------------------------------------------------
            19.9244   data required time
           -16.9340   data arrival time
-------------------------------------------------------------
             2.9904   slack (MET)


Startpoint: PipelinedMulUnit/imul/_56501_
            (rising edge-triggered flip-flop clocked by clock)
Endpoint: PipelinedMulUnit/imul/_56615_
          (rising edge-triggered flip-flop clocked by clock)
Path Group: clock
Path Type: max

    Delay      Time   Description
-------------------------------------------------------------
   0.0000    0.0000   clock clock (rise edge)
   0.0000    0.0000   clock network delay (ideal)
   0.0000    0.0000 ^ PipelinedMulUnit/imul/_56501_/CLK (sky130_fd_sc_hd__dfxtp_1)
   0.3800    0.3800 ^ PipelinedMulUnit/imul/_56501_/Q (sky130_fd_sc_hd__dfxtp_1)
   0.2608    0.6408 ^ PipelinedMulUnit/imul/_28769_/X (sky130_fd_sc_hd__clkbuf_1)
   0.1282    0.7691 v PipelinedMulUnit/imul/_38732_/Y (sky130_fd_sc_hd__nand2_1)
   0.4064    1.1755 v PipelinedMulUnit/imul/_38780_/X (sky130_fd_sc_hd__xor3_1)
   0.3651    1.5405 v PipelinedMulUnit/imul/_38782_/X (sky130_fd_sc_hd__maj3_1)
   0.2861    1.8266 ^ PipelinedMulUnit/imul/_38784_/X (sky130_fd_sc_hd__xor2_1)
   0.1517    1.9783 v PipelinedMulUnit/imul/_38786_/Y (sky130_fd_sc_hd__o21ai_0)
   0.3985    2.3767 v PipelinedMulUnit/imul/_38789_/X (sky130_fd_sc_hd__maj3_1)
   0.3902    2.7670 v PipelinedMulUnit/imul/_38826_/X (sky130_fd_sc_hd__xor3_1)
   0.2564    3.0233 ^ PipelinedMulUnit/imul/_38863_/Y (sky130_fd_sc_hd__xnor2_1)
   0.6499    3.6732 v PipelinedMulUnit/imul/_38896_/X (sky130_fd_sc_hd__or4b_2)
   0.3847    4.0579 v PipelinedMulUnit/imul/_38902_/X (sky130_fd_sc_hd__maj3_1)
   0.2658    4.3237 ^ PipelinedMulUnit/imul/_38903_/X (sky130_fd_sc_hd__xor2_1)
   0.1583    4.4819 v PipelinedMulUnit/imul/_38934_/Y (sky130_fd_sc_hd__o21ai_0)
   0.1784    4.6604 v PipelinedMulUnit/imul/_38935_/X (sky130_fd_sc_hd__xor2_1)
   0.1870    4.8474 ^ PipelinedMulUnit/imul/_38959_/Y (sky130_fd_sc_hd__a22oi_1)
   0.1607    5.0081 ^ PipelinedMulUnit/imul/_38961_/X (sky130_fd_sc_hd__o21ba_2)
   0.0992    5.1073 v PipelinedMulUnit/imul/_38963_/Y (sky130_fd_sc_hd__o21ai_0)
   0.2119    5.3192 ^ PipelinedMulUnit/imul/_38966_/Y (sky130_fd_sc_hd__a31oi_1)
   0.1118    5.4310 v PipelinedMulUnit/imul/_38968_/Y (sky130_fd_sc_hd__o21ai_0)
   0.1895    5.6205 ^ PipelinedMulUnit/imul/_38971_/Y (sky130_fd_sc_hd__a21oi_1)
   0.0998    5.7203 v PipelinedMulUnit/imul/_38974_/Y (sky130_fd_sc_hd__o211ai_1)
   0.2480    5.9682 ^ PipelinedMulUnit/imul/_38975_/Y (sky130_fd_sc_hd__a32oi_1)
   0.1575    6.1258 v PipelinedMulUnit/imul/_38980_/Y (sky130_fd_sc_hd__o21ai_0)
   0.2668    6.3925 ^ PipelinedMulUnit/imul/_38986_/Y (sky130_fd_sc_hd__a31oi_1)
   0.1831    6.5756 ^ PipelinedMulUnit/imul/_38991_/X (sky130_fd_sc_hd__o31a_1)
   0.1887    6.7644 ^ PipelinedMulUnit/imul/_38993_/X (sky130_fd_sc_hd__o221a_2)
   0.1417    6.9061 ^ PipelinedMulUnit/imul/_38994_/X (sky130_fd_sc_hd__or3_1)
   0.1477    7.0538 v PipelinedMulUnit/imul/_38999_/Y (sky130_fd_sc_hd__a311oi_1)
   0.6029    7.6567 ^ PipelinedMulUnit/imul/_39006_/Y (sky130_fd_sc_hd__o311ai_0)
   0.2716    7.9283 ^ PipelinedMulUnit/imul/_39010_/X (sky130_fd_sc_hd__a311o_1)
   0.1027    8.0310 v PipelinedMulUnit/imul/_39013_/Y (sky130_fd_sc_hd__a311oi_1)
   0.1912    8.2222 ^ PipelinedMulUnit/imul/_39016_/Y (sky130_fd_sc_hd__o211ai_1)
   0.2311    8.4533 ^ PipelinedMulUnit/imul/_39021_/X (sky130_fd_sc_hd__a311o_1)
   0.1049    8.5582 v PipelinedMulUnit/imul/_39025_/Y (sky130_fd_sc_hd__a311oi_1)
   0.4593    9.0174 ^ PipelinedMulUnit/imul/_39029_/Y (sky130_fd_sc_hd__o311ai_0)
   0.2034    9.2209 v PipelinedMulUnit/imul/_39035_/Y (sky130_fd_sc_hd__a311oi_1)
   0.3559    9.5768 v PipelinedMulUnit/imul/_39038_/X (sky130_fd_sc_hd__o311a_1)
   0.4623   10.0391 ^ PipelinedMulUnit/imul/_39042_/Y (sky130_fd_sc_hd__o311ai_0)
   0.1906   10.2296 v PipelinedMulUnit/imul/_39254_/Y (sky130_fd_sc_hd__a311oi_1)
   0.2798   10.5095 ^ PipelinedMulUnit/imul/_39399_/Y (sky130_fd_sc_hd__a21oi_1)
   0.1690   10.6785 ^ PipelinedMulUnit/imul/_39623_/Y (sky130_fd_sc_hd__nand4b_1)
   0.1095   10.7880 v PipelinedMulUnit/imul/_40019_/Y (sky130_fd_sc_hd__a2111oi_0)
   0.3511   11.1391 v PipelinedMulUnit/imul/_40692_/X (sky130_fd_sc_hd__o311a_1)
   0.2478   11.3869 ^ PipelinedMulUnit/imul/_41025_/Y (sky130_fd_sc_hd__o21ai_0)
   0.2421   11.6290 ^ PipelinedMulUnit/imul/_41710_/X (sky130_fd_sc_hd__a311o_1)
   0.1259   11.7549 v PipelinedMulUnit/imul/_42377_/Y (sky130_fd_sc_hd__a311oi_1)
   0.5945   12.3494 ^ PipelinedMulUnit/imul/_43050_/Y (sky130_fd_sc_hd__o311ai_0)
   0.2362   12.5856 v PipelinedMulUnit/imul/_43708_/Y (sky130_fd_sc_hd__a311oi_1)
   0.6182   13.2038 ^ PipelinedMulUnit/imul/_44387_/Y (sky130_fd_sc_hd__o311ai_0)
   0.2245   13.4282 v PipelinedMulUnit/imul/_45042_/Y (sky130_fd_sc_hd__a311oi_1)
   0.2064   13.6347 v PipelinedMulUnit/imul/_47233_/X (sky130_fd_sc_hd__and4_1)
   0.2108   13.8454 ^ PipelinedMulUnit/imul/_49489_/Y (sky130_fd_sc_hd__o2111ai_1)
   0.1194   13.9648 v PipelinedMulUnit/imul/_49749_/Y (sky130_fd_sc_hd__a21oi_1)
   0.2635   14.2283 ^ PipelinedMulUnit/imul/_50285_/Y (sky130_fd_sc_hd__o21ai_0)
   0.1305   14.3589 v PipelinedMulUnit/imul/_50828_/Y (sky130_fd_sc_hd__a21oi_1)
   0.3658   14.7247 v PipelinedMulUnit/imul/_50841_/X (sky130_fd_sc_hd__o311a_1)
   0.3555   15.0802 v PipelinedMulUnit/imul/_51600_/X (sky130_fd_sc_hd__o311a_1)
   0.2574   15.3376 v PipelinedMulUnit/imul/_52090_/X (sky130_fd_sc_hd__o211a_1)
   0.3951   15.7327 v PipelinedMulUnit/imul/_52764_/X (sky130_fd_sc_hd__o311a_1)
   0.3693   16.1020 v PipelinedMulUnit/imul/_53435_/X (sky130_fd_sc_hd__o311a_1)
   0.2164   16.3184 ^ PipelinedMulUnit/imul/_53849_/Y (sky130_fd_sc_hd__o211ai_1)
   0.1066   16.4250 v PipelinedMulUnit/imul/_53851_/Y (sky130_fd_sc_hd__nand2_1)
   0.1397   16.5647 v PipelinedMulUnit/imul/_54058_/Y (sky130_fd_sc_hd__xnor2_1)
   0.1443   16.7089 ^ PipelinedMulUnit/imul/_54063_/Y (sky130_fd_sc_hd__o211ai_1)
   0.0953   16.8043 v PipelinedMulUnit/imul/_54064_/Y (sky130_fd_sc_hd__o21ai_0)
   0.0035   16.8078 v PipelinedMulUnit/imul/_56615_/D (sky130_fd_sc_hd__dfxtp_1)
            16.8078   data arrival time

  20.0000   20.0000   clock clock (rise edge)
   0.0000   20.0000   clock network delay (ideal)
   0.0000   20.0000   clock reconvergence pessimism
            20.0000 ^ PipelinedMulUnit/imul/_56615_/CLK (sky130_fd_sc_hd__dfxtp_1)
  -0.1306   19.8694   library setup time
            19.8694   data required time
-------------------------------------------------------------
            19.8694   data required time
           -16.8078   data arrival time
-------------------------------------------------------------
             3.0617   slack (MET)


Startpoint: PipelinedMulUnit/imul/_56501_
            (rising edge-triggered flip-flop clocked by clock)
Endpoint: PipelinedMulUnit/imul/_56613_
          (rising edge-triggered flip-flop clocked by clock)
Path Group: clock
Path Type: max

    Delay      Time   Description
-------------------------------------------------------------
   0.0000    0.0000   clock clock (rise edge)
   0.0000    0.0000   clock network delay (ideal)
   0.0000    0.0000 ^ PipelinedMulUnit/imul/_56501_/CLK (sky130_fd_sc_hd__dfxtp_1)
   0.3800    0.3800 ^ PipelinedMulUnit/imul/_56501_/Q (sky130_fd_sc_hd__dfxtp_1)
   0.2608    0.6408 ^ PipelinedMulUnit/imul/_28769_/X (sky130_fd_sc_hd__clkbuf_1)
   0.1282    0.7691 v PipelinedMulUnit/imul/_38732_/Y (sky130_fd_sc_hd__nand2_1)
   0.4064    1.1755 v PipelinedMulUnit/imul/_38780_/X (sky130_fd_sc_hd__xor3_1)
   0.3651    1.5405 v PipelinedMulUnit/imul/_38782_/X (sky130_fd_sc_hd__maj3_1)
   0.2861    1.8266 ^ PipelinedMulUnit/imul/_38784_/X (sky130_fd_sc_hd__xor2_1)
   0.1517    1.9783 v PipelinedMulUnit/imul/_38786_/Y (sky130_fd_sc_hd__o21ai_0)
   0.3985    2.3767 v PipelinedMulUnit/imul/_38789_/X (sky130_fd_sc_hd__maj3_1)
   0.3902    2.7670 v PipelinedMulUnit/imul/_38826_/X (sky130_fd_sc_hd__xor3_1)
   0.2564    3.0233 ^ PipelinedMulUnit/imul/_38863_/Y (sky130_fd_sc_hd__xnor2_1)
   0.6499    3.6732 v PipelinedMulUnit/imul/_38896_/X (sky130_fd_sc_hd__or4b_2)
   0.3847    4.0579 v PipelinedMulUnit/imul/_38902_/X (sky130_fd_sc_hd__maj3_1)
   0.1892    4.2471 v PipelinedMulUnit/imul/_38903_/X (sky130_fd_sc_hd__xor2_1)
   0.2183    4.4654 ^ PipelinedMulUnit/imul/_38934_/Y (sky130_fd_sc_hd__o21ai_0)
   0.2184    4.6838 ^ PipelinedMulUnit/imul/_38935_/X (sky130_fd_sc_hd__xor2_1)
   0.1069    4.7907 v PipelinedMulUnit/imul/_38959_/Y (sky130_fd_sc_hd__a22oi_1)
   0.2202    5.0109 v PipelinedMulUnit/imul/_38961_/X (sky130_fd_sc_hd__o21ba_2)
   0.2250    5.2359 ^ PipelinedMulUnit/imul/_38963_/Y (sky130_fd_sc_hd__o21ai_0)
   0.1331    5.3690 v PipelinedMulUnit/imul/_38966_/Y (sky130_fd_sc_hd__a31oi_1)
   0.1981    5.5671 ^ PipelinedMulUnit/imul/_38968_/Y (sky130_fd_sc_hd__o21ai_0)
   0.1093    5.6764 v PipelinedMulUnit/imul/_38971_/Y (sky130_fd_sc_hd__a21oi_1)
   0.1624    5.8388 ^ PipelinedMulUnit/imul/_38974_/Y (sky130_fd_sc_hd__o211ai_1)
   0.1411    5.9799 v PipelinedMulUnit/imul/_38975_/Y (sky130_fd_sc_hd__a32oi_1)
   0.2541    6.2340 ^ PipelinedMulUnit/imul/_38980_/Y (sky130_fd_sc_hd__o21ai_0)
   0.1590    6.3929 v PipelinedMulUnit/imul/_38986_/Y (sky130_fd_sc_hd__a31oi_1)
   0.2778    6.6708 v PipelinedMulUnit/imul/_38991_/X (sky130_fd_sc_hd__o31a_1)
   0.2326    6.9034 v PipelinedMulUnit/imul/_38993_/X (sky130_fd_sc_hd__o221a_2)
   0.3561    7.2594 v PipelinedMulUnit/imul/_38994_/X (sky130_fd_sc_hd__or3_1)
   0.4452    7.7046 ^ PipelinedMulUnit/imul/_38999_/Y (sky130_fd_sc_hd__a311oi_1)
   0.2916    7.9962 v PipelinedMulUnit/imul/_39006_/Y (sky130_fd_sc_hd__o311ai_0)
   0.4192    8.4154 v PipelinedMulUnit/imul/_39010_/X (sky130_fd_sc_hd__a311o_1)
   0.3054    8.7208 ^ PipelinedMulUnit/imul/_39013_/Y (sky130_fd_sc_hd__a311oi_1)
   0.1296    8.8504 v PipelinedMulUnit/imul/_39016_/Y (sky130_fd_sc_hd__o211ai_1)
   0.3919    9.2423 v PipelinedMulUnit/imul/_39021_/X (sky130_fd_sc_hd__a311o_1)
   0.2909    9.5332 ^ PipelinedMulUnit/imul/_39025_/Y (sky130_fd_sc_hd__a311oi_1)
   0.2047    9.7379 v PipelinedMulUnit/imul/_39029_/Y (sky130_fd_sc_hd__o311ai_0)
   0.4023   10.1402 ^ PipelinedMulUnit/imul/_39035_/Y (sky130_fd_sc_hd__a311oi_1)
   0.2449   10.3851 ^ PipelinedMulUnit/imul/_39038_/X (sky130_fd_sc_hd__o311a_1)
   0.1769   10.5620 v PipelinedMulUnit/imul/_39042_/Y (sky130_fd_sc_hd__o311ai_0)
   0.3618   10.9238 ^ PipelinedMulUnit/imul/_39254_/Y (sky130_fd_sc_hd__a311oi_1)
   0.1707   11.0946 v PipelinedMulUnit/imul/_39399_/Y (sky130_fd_sc_hd__a21oi_1)
   0.2150   11.3095 v PipelinedMulUnit/imul/_39623_/Y (sky130_fd_sc_hd__nand4b_1)
   0.4430   11.7525 ^ PipelinedMulUnit/imul/_40019_/Y (sky130_fd_sc_hd__a2111oi_0)
   0.2368   11.9893 ^ PipelinedMulUnit/imul/_40692_/X (sky130_fd_sc_hd__o311a_1)
   0.1218   12.1111 v PipelinedMulUnit/imul/_41025_/Y (sky130_fd_sc_hd__o21ai_0)
   0.3555   12.4666 v PipelinedMulUnit/imul/_41710_/X (sky130_fd_sc_hd__a311o_1)
   0.3717   12.8383 ^ PipelinedMulUnit/imul/_42377_/Y (sky130_fd_sc_hd__a311oi_1)
   0.2787   13.1170 v PipelinedMulUnit/imul/_43050_/Y (sky130_fd_sc_hd__o311ai_0)
   0.4261   13.5431 ^ PipelinedMulUnit/imul/_43708_/Y (sky130_fd_sc_hd__a311oi_1)
   0.2789   13.8220 v PipelinedMulUnit/imul/_44387_/Y (sky130_fd_sc_hd__o311ai_0)
   0.3923   14.2143 ^ PipelinedMulUnit/imul/_45042_/Y (sky130_fd_sc_hd__a311oi_1)
   0.2533   14.4676 ^ PipelinedMulUnit/imul/_47233_/X (sky130_fd_sc_hd__and4_1)
   0.1376   14.6052 v PipelinedMulUnit/imul/_49489_/Y (sky130_fd_sc_hd__o2111ai_1)
   0.2132   14.8185 ^ PipelinedMulUnit/imul/_49749_/Y (sky130_fd_sc_hd__a21oi_1)
   0.1502   14.9687 v PipelinedMulUnit/imul/_50285_/Y (sky130_fd_sc_hd__o21ai_0)
   0.2060   15.1747 ^ PipelinedMulUnit/imul/_50828_/Y (sky130_fd_sc_hd__a21oi_1)
   0.2219   15.3965 ^ PipelinedMulUnit/imul/_50841_/X (sky130_fd_sc_hd__o311a_1)
   0.1970   15.5935 ^ PipelinedMulUnit/imul/_51600_/X (sky130_fd_sc_hd__o311a_1)
   0.1995   15.7929 ^ PipelinedMulUnit/imul/_52090_/X (sky130_fd_sc_hd__o211a_1)
   0.2333   16.0263 ^ PipelinedMulUnit/imul/_52764_/X (sky130_fd_sc_hd__o311a_1)
   0.2151   16.2414 ^ PipelinedMulUnit/imul/_53435_/X (sky130_fd_sc_hd__o311a_1)
   0.1378   16.3792 ^ PipelinedMulUnit/imul/_53638_/X (sky130_fd_sc_hd__o21a_1)
   0.0686   16.4478 v PipelinedMulUnit/imul/_53639_/Y (sky130_fd_sc_hd__o21ai_0)
   0.0962   16.5440 ^ PipelinedMulUnit/imul/_53643_/Y (sky130_fd_sc_hd__nand3_1)
   0.0706   16.6147 v PipelinedMulUnit/imul/_53644_/Y (sky130_fd_sc_hd__o21ai_0)
   0.0035   16.6182 v PipelinedMulUnit/imul/_56613_/D (sky130_fd_sc_hd__dfxtp_1)
            16.6182   data arrival time

  20.0000   20.0000   clock clock (rise edge)
   0.0000   20.0000   clock network delay (ideal)
   0.0000   20.0000   clock reconvergence pessimism
            20.0000 ^ PipelinedMulUnit/imul/_56613_/CLK (sky130_fd_sc_hd__dfxtp_1)
  -0.1306   19.8694   library setup time
            19.8694   data required time
-------------------------------------------------------------
            19.8694   data required time
           -16.6182   data arrival time
-------------------------------------------------------------
             3.2513   slack (MET)


Startpoint: PipelinedMulUnit/imul/_56501_
            (rising edge-triggered flip-flop clocked by clock)
Endpoint: PipelinedMulUnit/imul/_56612_
          (rising edge-triggered flip-flop clocked by clock)
Path Group: clock
Path Type: max

    Delay      Time   Description
-------------------------------------------------------------
   0.0000    0.0000   clock clock (rise edge)
   0.0000    0.0000   clock network delay (ideal)
   0.0000    0.0000 ^ PipelinedMulUnit/imul/_56501_/CLK (sky130_fd_sc_hd__dfxtp_1)
   0.3800    0.3800 ^ PipelinedMulUnit/imul/_56501_/Q (sky130_fd_sc_hd__dfxtp_1)
   0.2608    0.6408 ^ PipelinedMulUnit/imul/_28769_/X (sky130_fd_sc_hd__clkbuf_1)
   0.1282    0.7691 v PipelinedMulUnit/imul/_38732_/Y (sky130_fd_sc_hd__nand2_1)
   0.4064    1.1755 v PipelinedMulUnit/imul/_38780_/X (sky130_fd_sc_hd__xor3_1)
   0.3651    1.5405 v PipelinedMulUnit/imul/_38782_/X (sky130_fd_sc_hd__maj3_1)
   0.2861    1.8266 ^ PipelinedMulUnit/imul/_38784_/X (sky130_fd_sc_hd__xor2_1)
   0.1517    1.9783 v PipelinedMulUnit/imul/_38786_/Y (sky130_fd_sc_hd__o21ai_0)
   0.3985    2.3767 v PipelinedMulUnit/imul/_38789_/X (sky130_fd_sc_hd__maj3_1)
   0.3902    2.7670 v PipelinedMulUnit/imul/_38826_/X (sky130_fd_sc_hd__xor3_1)
   0.2564    3.0233 ^ PipelinedMulUnit/imul/_38863_/Y (sky130_fd_sc_hd__xnor2_1)
   0.6499    3.6732 v PipelinedMulUnit/imul/_38896_/X (sky130_fd_sc_hd__or4b_2)
   0.3847    4.0579 v PipelinedMulUnit/imul/_38902_/X (sky130_fd_sc_hd__maj3_1)
   0.1892    4.2471 v PipelinedMulUnit/imul/_38903_/X (sky130_fd_sc_hd__xor2_1)
   0.2183    4.4654 ^ PipelinedMulUnit/imul/_38934_/Y (sky130_fd_sc_hd__o21ai_0)
   0.2184    4.6838 ^ PipelinedMulUnit/imul/_38935_/X (sky130_fd_sc_hd__xor2_1)
   0.1069    4.7907 v PipelinedMulUnit/imul/_38959_/Y (sky130_fd_sc_hd__a22oi_1)
   0.2202    5.0109 v PipelinedMulUnit/imul/_38961_/X (sky130_fd_sc_hd__o21ba_2)
   0.2250    5.2359 ^ PipelinedMulUnit/imul/_38963_/Y (sky130_fd_sc_hd__o21ai_0)
   0.1331    5.3690 v PipelinedMulUnit/imul/_38966_/Y (sky130_fd_sc_hd__a31oi_1)
   0.1981    5.5671 ^ PipelinedMulUnit/imul/_38968_/Y (sky130_fd_sc_hd__o21ai_0)
   0.1093    5.6764 v PipelinedMulUnit/imul/_38971_/Y (sky130_fd_sc_hd__a21oi_1)
   0.1624    5.8388 ^ PipelinedMulUnit/imul/_38974_/Y (sky130_fd_sc_hd__o211ai_1)
   0.1411    5.9799 v PipelinedMulUnit/imul/_38975_/Y (sky130_fd_sc_hd__a32oi_1)
   0.2541    6.2340 ^ PipelinedMulUnit/imul/_38980_/Y (sky130_fd_sc_hd__o21ai_0)
   0.1590    6.3929 v PipelinedMulUnit/imul/_38986_/Y (sky130_fd_sc_hd__a31oi_1)
   0.2778    6.6708 v PipelinedMulUnit/imul/_38991_/X (sky130_fd_sc_hd__o31a_1)
   0.2326    6.9034 v PipelinedMulUnit/imul/_38993_/X (sky130_fd_sc_hd__o221a_2)
   0.3561    7.2594 v PipelinedMulUnit/imul/_38994_/X (sky130_fd_sc_hd__or3_1)
   0.4452    7.7046 ^ PipelinedMulUnit/imul/_38999_/Y (sky130_fd_sc_hd__a311oi_1)
   0.2916    7.9962 v PipelinedMulUnit/imul/_39006_/Y (sky130_fd_sc_hd__o311ai_0)
   0.4192    8.4154 v PipelinedMulUnit/imul/_39010_/X (sky130_fd_sc_hd__a311o_1)
   0.3054    8.7208 ^ PipelinedMulUnit/imul/_39013_/Y (sky130_fd_sc_hd__a311oi_1)
   0.1296    8.8504 v PipelinedMulUnit/imul/_39016_/Y (sky130_fd_sc_hd__o211ai_1)
   0.3919    9.2423 v PipelinedMulUnit/imul/_39021_/X (sky130_fd_sc_hd__a311o_1)
   0.2909    9.5332 ^ PipelinedMulUnit/imul/_39025_/Y (sky130_fd_sc_hd__a311oi_1)
   0.2047    9.7379 v PipelinedMulUnit/imul/_39029_/Y (sky130_fd_sc_hd__o311ai_0)
   0.4023   10.1402 ^ PipelinedMulUnit/imul/_39035_/Y (sky130_fd_sc_hd__a311oi_1)
   0.2449   10.3851 ^ PipelinedMulUnit/imul/_39038_/X (sky130_fd_sc_hd__o311a_1)
   0.1769   10.5620 v PipelinedMulUnit/imul/_39042_/Y (sky130_fd_sc_hd__o311ai_0)
   0.3618   10.9238 ^ PipelinedMulUnit/imul/_39254_/Y (sky130_fd_sc_hd__a311oi_1)
   0.1707   11.0946 v PipelinedMulUnit/imul/_39399_/Y (sky130_fd_sc_hd__a21oi_1)
   0.2150   11.3095 v PipelinedMulUnit/imul/_39623_/Y (sky130_fd_sc_hd__nand4b_1)
   0.4430   11.7525 ^ PipelinedMulUnit/imul/_40019_/Y (sky130_fd_sc_hd__a2111oi_0)
   0.2368   11.9893 ^ PipelinedMulUnit/imul/_40692_/X (sky130_fd_sc_hd__o311a_1)
   0.1218   12.1111 v PipelinedMulUnit/imul/_41025_/Y (sky130_fd_sc_hd__o21ai_0)
   0.3555   12.4666 v PipelinedMulUnit/imul/_41710_/X (sky130_fd_sc_hd__a311o_1)
   0.3717   12.8383 ^ PipelinedMulUnit/imul/_42377_/Y (sky130_fd_sc_hd__a311oi_1)
   0.2787   13.1170 v PipelinedMulUnit/imul/_43050_/Y (sky130_fd_sc_hd__o311ai_0)
   0.4261   13.5431 ^ PipelinedMulUnit/imul/_43708_/Y (sky130_fd_sc_hd__a311oi_1)
   0.2789   13.8220 v PipelinedMulUnit/imul/_44387_/Y (sky130_fd_sc_hd__o311ai_0)
   0.3923   14.2143 ^ PipelinedMulUnit/imul/_45042_/Y (sky130_fd_sc_hd__a311oi_1)
   0.2533   14.4676 ^ PipelinedMulUnit/imul/_47233_/X (sky130_fd_sc_hd__and4_1)
   0.1376   14.6052 v PipelinedMulUnit/imul/_49489_/Y (sky130_fd_sc_hd__o2111ai_1)
   0.2132   14.8185 ^ PipelinedMulUnit/imul/_49749_/Y (sky130_fd_sc_hd__a21oi_1)
   0.1502   14.9687 v PipelinedMulUnit/imul/_50285_/Y (sky130_fd_sc_hd__o21ai_0)
   0.2060   15.1747 ^ PipelinedMulUnit/imul/_50828_/Y (sky130_fd_sc_hd__a21oi_1)
   0.2219   15.3965 ^ PipelinedMulUnit/imul/_50841_/X (sky130_fd_sc_hd__o311a_1)
   0.1970   15.5935 ^ PipelinedMulUnit/imul/_51600_/X (sky130_fd_sc_hd__o311a_1)
   0.1995   15.7929 ^ PipelinedMulUnit/imul/_52090_/X (sky130_fd_sc_hd__o211a_1)
   0.2333   16.0263 ^ PipelinedMulUnit/imul/_52764_/X (sky130_fd_sc_hd__o311a_1)
   0.1128   16.1390 v PipelinedMulUnit/imul/_53003_/Y (sky130_fd_sc_hd__o31ai_1)
   0.1724   16.3114 ^ PipelinedMulUnit/imul/_53219_/Y (sky130_fd_sc_hd__o21bai_1)
   0.1039   16.4153 v PipelinedMulUnit/imul/_53425_/Y (sky130_fd_sc_hd__o21ai_0)
   0.1295   16.5448 ^ PipelinedMulUnit/imul/_53426_/Y (sky130_fd_sc_hd__a21oi_1)
   0.1407   16.6855 ^ PipelinedMulUnit/imul/_53432_/X (sky130_fd_sc_hd__o22a_1)
   0.0035   16.6890 ^ PipelinedMulUnit/imul/_56612_/D (sky130_fd_sc_hd__dfxtp_1)
            16.6890   data arrival time

  20.0000   20.0000   clock clock (rise edge)
   0.0000   20.0000   clock network delay (ideal)
   0.0000   20.0000   clock reconvergence pessimism
            20.0000 ^ PipelinedMulUnit/imul/_56612_/CLK (sky130_fd_sc_hd__dfxtp_1)
  -0.0590   19.9410   library setup time
            19.9410   data required time
-------------------------------------------------------------
            19.9410   data required time
           -16.6890   data arrival time
-------------------------------------------------------------
             3.2520   slack (MET)


Startpoint: PipelinedMulUnit/imul/_56501_
            (rising edge-triggered flip-flop clocked by clock)
Endpoint: PipelinedMulUnit/imul/_56611_
          (rising edge-triggered flip-flop clocked by clock)
Path Group: clock
Path Type: max

    Delay      Time   Description
-------------------------------------------------------------
   0.0000    0.0000   clock clock (rise edge)
   0.0000    0.0000   clock network delay (ideal)
   0.0000    0.0000 ^ PipelinedMulUnit/imul/_56501_/CLK (sky130_fd_sc_hd__dfxtp_1)
   0.3800    0.3800 ^ PipelinedMulUnit/imul/_56501_/Q (sky130_fd_sc_hd__dfxtp_1)
   0.2608    0.6408 ^ PipelinedMulUnit/imul/_28769_/X (sky130_fd_sc_hd__clkbuf_1)
   0.1282    0.7691 v PipelinedMulUnit/imul/_38732_/Y (sky130_fd_sc_hd__nand2_1)
   0.4064    1.1755 v PipelinedMulUnit/imul/_38780_/X (sky130_fd_sc_hd__xor3_1)
   0.3651    1.5405 v PipelinedMulUnit/imul/_38782_/X (sky130_fd_sc_hd__maj3_1)
   0.2861    1.8266 ^ PipelinedMulUnit/imul/_38784_/X (sky130_fd_sc_hd__xor2_1)
   0.1517    1.9783 v PipelinedMulUnit/imul/_38786_/Y (sky130_fd_sc_hd__o21ai_0)
   0.3985    2.3767 v PipelinedMulUnit/imul/_38789_/X (sky130_fd_sc_hd__maj3_1)
   0.3902    2.7670 v PipelinedMulUnit/imul/_38826_/X (sky130_fd_sc_hd__xor3_1)
   0.2564    3.0233 ^ PipelinedMulUnit/imul/_38863_/Y (sky130_fd_sc_hd__xnor2_1)
   0.6499    3.6732 v PipelinedMulUnit/imul/_38896_/X (sky130_fd_sc_hd__or4b_2)
   0.3847    4.0579 v PipelinedMulUnit/imul/_38902_/X (sky130_fd_sc_hd__maj3_1)
   0.1892    4.2471 v PipelinedMulUnit/imul/_38903_/X (sky130_fd_sc_hd__xor2_1)
   0.2183    4.4654 ^ PipelinedMulUnit/imul/_38934_/Y (sky130_fd_sc_hd__o21ai_0)
   0.2184    4.6838 ^ PipelinedMulUnit/imul/_38935_/X (sky130_fd_sc_hd__xor2_1)
   0.1069    4.7907 v PipelinedMulUnit/imul/_38959_/Y (sky130_fd_sc_hd__a22oi_1)
   0.2202    5.0109 v PipelinedMulUnit/imul/_38961_/X (sky130_fd_sc_hd__o21ba_2)
   0.2250    5.2359 ^ PipelinedMulUnit/imul/_38963_/Y (sky130_fd_sc_hd__o21ai_0)
   0.1331    5.3690 v PipelinedMulUnit/imul/_38966_/Y (sky130_fd_sc_hd__a31oi_1)
   0.1981    5.5671 ^ PipelinedMulUnit/imul/_38968_/Y (sky130_fd_sc_hd__o21ai_0)
   0.1093    5.6764 v PipelinedMulUnit/imul/_38971_/Y (sky130_fd_sc_hd__a21oi_1)
   0.1624    5.8388 ^ PipelinedMulUnit/imul/_38974_/Y (sky130_fd_sc_hd__o211ai_1)
   0.1411    5.9799 v PipelinedMulUnit/imul/_38975_/Y (sky130_fd_sc_hd__a32oi_1)
   0.2541    6.2340 ^ PipelinedMulUnit/imul/_38980_/Y (sky130_fd_sc_hd__o21ai_0)
   0.1590    6.3929 v PipelinedMulUnit/imul/_38986_/Y (sky130_fd_sc_hd__a31oi_1)
   0.2778    6.6708 v PipelinedMulUnit/imul/_38991_/X (sky130_fd_sc_hd__o31a_1)
   0.2326    6.9034 v PipelinedMulUnit/imul/_38993_/X (sky130_fd_sc_hd__o221a_2)
   0.3561    7.2594 v PipelinedMulUnit/imul/_38994_/X (sky130_fd_sc_hd__or3_1)
   0.4452    7.7046 ^ PipelinedMulUnit/imul/_38999_/Y (sky130_fd_sc_hd__a311oi_1)
   0.2916    7.9962 v PipelinedMulUnit/imul/_39006_/Y (sky130_fd_sc_hd__o311ai_0)
   0.4192    8.4154 v PipelinedMulUnit/imul/_39010_/X (sky130_fd_sc_hd__a311o_1)
   0.3054    8.7208 ^ PipelinedMulUnit/imul/_39013_/Y (sky130_fd_sc_hd__a311oi_1)
   0.1296    8.8504 v PipelinedMulUnit/imul/_39016_/Y (sky130_fd_sc_hd__o211ai_1)
   0.3919    9.2423 v PipelinedMulUnit/imul/_39021_/X (sky130_fd_sc_hd__a311o_1)
   0.2909    9.5332 ^ PipelinedMulUnit/imul/_39025_/Y (sky130_fd_sc_hd__a311oi_1)
   0.2047    9.7379 v PipelinedMulUnit/imul/_39029_/Y (sky130_fd_sc_hd__o311ai_0)
   0.4023   10.1402 ^ PipelinedMulUnit/imul/_39035_/Y (sky130_fd_sc_hd__a311oi_1)
   0.2449   10.3851 ^ PipelinedMulUnit/imul/_39038_/X (sky130_fd_sc_hd__o311a_1)
   0.1769   10.5620 v PipelinedMulUnit/imul/_39042_/Y (sky130_fd_sc_hd__o311ai_0)
   0.3618   10.9238 ^ PipelinedMulUnit/imul/_39254_/Y (sky130_fd_sc_hd__a311oi_1)
   0.1707   11.0946 v PipelinedMulUnit/imul/_39399_/Y (sky130_fd_sc_hd__a21oi_1)
   0.2150   11.3095 v PipelinedMulUnit/imul/_39623_/Y (sky130_fd_sc_hd__nand4b_1)
   0.4430   11.7525 ^ PipelinedMulUnit/imul/_40019_/Y (sky130_fd_sc_hd__a2111oi_0)
   0.2368   11.9893 ^ PipelinedMulUnit/imul/_40692_/X (sky130_fd_sc_hd__o311a_1)
   0.1218   12.1111 v PipelinedMulUnit/imul/_41025_/Y (sky130_fd_sc_hd__o21ai_0)
   0.3555   12.4666 v PipelinedMulUnit/imul/_41710_/X (sky130_fd_sc_hd__a311o_1)
   0.3717   12.8383 ^ PipelinedMulUnit/imul/_42377_/Y (sky130_fd_sc_hd__a311oi_1)
   0.2787   13.1170 v PipelinedMulUnit/imul/_43050_/Y (sky130_fd_sc_hd__o311ai_0)
   0.4261   13.5431 ^ PipelinedMulUnit/imul/_43708_/Y (sky130_fd_sc_hd__a311oi_1)
   0.2789   13.8220 v PipelinedMulUnit/imul/_44387_/Y (sky130_fd_sc_hd__o311ai_0)
   0.3923   14.2143 ^ PipelinedMulUnit/imul/_45042_/Y (sky130_fd_sc_hd__a311oi_1)
   0.2533   14.4676 ^ PipelinedMulUnit/imul/_47233_/X (sky130_fd_sc_hd__and4_1)
   0.1376   14.6052 v PipelinedMulUnit/imul/_49489_/Y (sky130_fd_sc_hd__o2111ai_1)
   0.2132   14.8185 ^ PipelinedMulUnit/imul/_49749_/Y (sky130_fd_sc_hd__a21oi_1)
   0.1502   14.9687 v PipelinedMulUnit/imul/_50285_/Y (sky130_fd_sc_hd__o21ai_0)
   0.2060   15.1747 ^ PipelinedMulUnit/imul/_50828_/Y (sky130_fd_sc_hd__a21oi_1)
   0.2219   15.3965 ^ PipelinedMulUnit/imul/_50841_/X (sky130_fd_sc_hd__o311a_1)
   0.1970   15.5935 ^ PipelinedMulUnit/imul/_51600_/X (sky130_fd_sc_hd__o311a_1)
   0.1995   15.7929 ^ PipelinedMulUnit/imul/_52090_/X (sky130_fd_sc_hd__o211a_1)
   0.2333   16.0263 ^ PipelinedMulUnit/imul/_52764_/X (sky130_fd_sc_hd__o311a_1)
   0.1128   16.1390 v PipelinedMulUnit/imul/_53003_/Y (sky130_fd_sc_hd__o31ai_1)
   0.1727   16.3117 v PipelinedMulUnit/imul/_53214_/X (sky130_fd_sc_hd__xor2_1)
   0.2911   16.6028 v PipelinedMulUnit/imul/_53217_/X (sky130_fd_sc_hd__a211o_1)
   0.0623   16.6651 ^ PipelinedMulUnit/imul/_53218_/Y (sky130_fd_sc_hd__o21ai_0)
   0.0035   16.6685 ^ PipelinedMulUnit/imul/_56611_/D (sky130_fd_sc_hd__dfxtp_1)
            16.6685   data arrival time

  20.0000   20.0000   clock clock (rise edge)
   0.0000   20.0000   clock network delay (ideal)
   0.0000   20.0000   clock reconvergence pessimism
            20.0000 ^ PipelinedMulUnit/imul/_56611_/CLK (sky130_fd_sc_hd__dfxtp_1)
  -0.0760   19.9240   library setup time
            19.9240   data required time
-------------------------------------------------------------
            19.9240   data required time
           -16.6685   data arrival time
-------------------------------------------------------------
             3.2554   slack (MET)


Startpoint: PipelinedMulUnit/imul/_56501_
            (rising edge-triggered flip-flop clocked by clock)
Endpoint: PipelinedMulUnit/imul/_56610_
          (rising edge-triggered flip-flop clocked by clock)
Path Group: clock
Path Type: max

    Delay      Time   Description
-------------------------------------------------------------
   0.0000    0.0000   clock clock (rise edge)
   0.0000    0.0000   clock network delay (ideal)
   0.0000    0.0000 ^ PipelinedMulUnit/imul/_56501_/CLK (sky130_fd_sc_hd__dfxtp_1)
   0.3800    0.3800 ^ PipelinedMulUnit/imul/_56501_/Q (sky130_fd_sc_hd__dfxtp_1)
   0.2608    0.6408 ^ PipelinedMulUnit/imul/_28769_/X (sky130_fd_sc_hd__clkbuf_1)
   0.1282    0.7691 v PipelinedMulUnit/imul/_38732_/Y (sky130_fd_sc_hd__nand2_1)
   0.4064    1.1755 v PipelinedMulUnit/imul/_38780_/X (sky130_fd_sc_hd__xor3_1)
   0.3651    1.5405 v PipelinedMulUnit/imul/_38782_/X (sky130_fd_sc_hd__maj3_1)
   0.2861    1.8266 ^ PipelinedMulUnit/imul/_38784_/X (sky130_fd_sc_hd__xor2_1)
   0.1517    1.9783 v PipelinedMulUnit/imul/_38786_/Y (sky130_fd_sc_hd__o21ai_0)
   0.3985    2.3767 v PipelinedMulUnit/imul/_38789_/X (sky130_fd_sc_hd__maj3_1)
   0.3902    2.7670 v PipelinedMulUnit/imul/_38826_/X (sky130_fd_sc_hd__xor3_1)
   0.2564    3.0233 ^ PipelinedMulUnit/imul/_38863_/Y (sky130_fd_sc_hd__xnor2_1)
   0.6499    3.6732 v PipelinedMulUnit/imul/_38896_/X (sky130_fd_sc_hd__or4b_2)
   0.3847    4.0579 v PipelinedMulUnit/imul/_38902_/X (sky130_fd_sc_hd__maj3_1)
   0.1892    4.2471 v PipelinedMulUnit/imul/_38903_/X (sky130_fd_sc_hd__xor2_1)
   0.2183    4.4654 ^ PipelinedMulUnit/imul/_38934_/Y (sky130_fd_sc_hd__o21ai_0)
   0.2184    4.6838 ^ PipelinedMulUnit/imul/_38935_/X (sky130_fd_sc_hd__xor2_1)
   0.1069    4.7907 v PipelinedMulUnit/imul/_38959_/Y (sky130_fd_sc_hd__a22oi_1)
   0.2202    5.0109 v PipelinedMulUnit/imul/_38961_/X (sky130_fd_sc_hd__o21ba_2)
   0.2250    5.2359 ^ PipelinedMulUnit/imul/_38963_/Y (sky130_fd_sc_hd__o21ai_0)
   0.1331    5.3690 v PipelinedMulUnit/imul/_38966_/Y (sky130_fd_sc_hd__a31oi_1)
   0.1981    5.5671 ^ PipelinedMulUnit/imul/_38968_/Y (sky130_fd_sc_hd__o21ai_0)
   0.1093    5.6764 v PipelinedMulUnit/imul/_38971_/Y (sky130_fd_sc_hd__a21oi_1)
   0.1624    5.8388 ^ PipelinedMulUnit/imul/_38974_/Y (sky130_fd_sc_hd__o211ai_1)
   0.1411    5.9799 v PipelinedMulUnit/imul/_38975_/Y (sky130_fd_sc_hd__a32oi_1)
   0.2541    6.2340 ^ PipelinedMulUnit/imul/_38980_/Y (sky130_fd_sc_hd__o21ai_0)
   0.1590    6.3929 v PipelinedMulUnit/imul/_38986_/Y (sky130_fd_sc_hd__a31oi_1)
   0.2778    6.6708 v PipelinedMulUnit/imul/_38991_/X (sky130_fd_sc_hd__o31a_1)
   0.2326    6.9034 v PipelinedMulUnit/imul/_38993_/X (sky130_fd_sc_hd__o221a_2)
   0.3561    7.2594 v PipelinedMulUnit/imul/_38994_/X (sky130_fd_sc_hd__or3_1)
   0.4452    7.7046 ^ PipelinedMulUnit/imul/_38999_/Y (sky130_fd_sc_hd__a311oi_1)
   0.2916    7.9962 v PipelinedMulUnit/imul/_39006_/Y (sky130_fd_sc_hd__o311ai_0)
   0.4192    8.4154 v PipelinedMulUnit/imul/_39010_/X (sky130_fd_sc_hd__a311o_1)
   0.3054    8.7208 ^ PipelinedMulUnit/imul/_39013_/Y (sky130_fd_sc_hd__a311oi_1)
   0.1296    8.8504 v PipelinedMulUnit/imul/_39016_/Y (sky130_fd_sc_hd__o211ai_1)
   0.3919    9.2423 v PipelinedMulUnit/imul/_39021_/X (sky130_fd_sc_hd__a311o_1)
   0.2909    9.5332 ^ PipelinedMulUnit/imul/_39025_/Y (sky130_fd_sc_hd__a311oi_1)
   0.2047    9.7379 v PipelinedMulUnit/imul/_39029_/Y (sky130_fd_sc_hd__o311ai_0)
   0.4023   10.1402 ^ PipelinedMulUnit/imul/_39035_/Y (sky130_fd_sc_hd__a311oi_1)
   0.2449   10.3851 ^ PipelinedMulUnit/imul/_39038_/X (sky130_fd_sc_hd__o311a_1)
   0.1769   10.5620 v PipelinedMulUnit/imul/_39042_/Y (sky130_fd_sc_hd__o311ai_0)
   0.3618   10.9238 ^ PipelinedMulUnit/imul/_39254_/Y (sky130_fd_sc_hd__a311oi_1)
   0.1707   11.0946 v PipelinedMulUnit/imul/_39399_/Y (sky130_fd_sc_hd__a21oi_1)
   0.2150   11.3095 v PipelinedMulUnit/imul/_39623_/Y (sky130_fd_sc_hd__nand4b_1)
   0.4430   11.7525 ^ PipelinedMulUnit/imul/_40019_/Y (sky130_fd_sc_hd__a2111oi_0)
   0.2368   11.9893 ^ PipelinedMulUnit/imul/_40692_/X (sky130_fd_sc_hd__o311a_1)
   0.1218   12.1111 v PipelinedMulUnit/imul/_41025_/Y (sky130_fd_sc_hd__o21ai_0)
   0.3555   12.4666 v PipelinedMulUnit/imul/_41710_/X (sky130_fd_sc_hd__a311o_1)
   0.3717   12.8383 ^ PipelinedMulUnit/imul/_42377_/Y (sky130_fd_sc_hd__a311oi_1)
   0.2787   13.1170 v PipelinedMulUnit/imul/_43050_/Y (sky130_fd_sc_hd__o311ai_0)
   0.4261   13.5431 ^ PipelinedMulUnit/imul/_43708_/Y (sky130_fd_sc_hd__a311oi_1)
   0.2789   13.8220 v PipelinedMulUnit/imul/_44387_/Y (sky130_fd_sc_hd__o311ai_0)
   0.3923   14.2143 ^ PipelinedMulUnit/imul/_45042_/Y (sky130_fd_sc_hd__a311oi_1)
   0.2533   14.4676 ^ PipelinedMulUnit/imul/_47233_/X (sky130_fd_sc_hd__and4_1)
   0.1376   14.6052 v PipelinedMulUnit/imul/_49489_/Y (sky130_fd_sc_hd__o2111ai_1)
   0.2132   14.8185 ^ PipelinedMulUnit/imul/_49749_/Y (sky130_fd_sc_hd__a21oi_1)
   0.1502   14.9687 v PipelinedMulUnit/imul/_50285_/Y (sky130_fd_sc_hd__o21ai_0)
   0.2060   15.1747 ^ PipelinedMulUnit/imul/_50828_/Y (sky130_fd_sc_hd__a21oi_1)
   0.2219   15.3965 ^ PipelinedMulUnit/imul/_50841_/X (sky130_fd_sc_hd__o311a_1)
   0.1970   15.5935 ^ PipelinedMulUnit/imul/_51600_/X (sky130_fd_sc_hd__o311a_1)
   0.1995   15.7929 ^ PipelinedMulUnit/imul/_52090_/X (sky130_fd_sc_hd__o211a_1)
   0.2333   16.0263 ^ PipelinedMulUnit/imul/_52764_/X (sky130_fd_sc_hd__o311a_1)
   0.0649   16.0911 v PipelinedMulUnit/imul/_52778_/Y (sky130_fd_sc_hd__nor2_1)
   0.1567   16.2478 ^ PipelinedMulUnit/imul/_52999_/Y (sky130_fd_sc_hd__o21ai_0)
   0.1091   16.3570 v PipelinedMulUnit/imul/_53000_/Y (sky130_fd_sc_hd__o211ai_1)
   0.1238   16.4808 v PipelinedMulUnit/imul/_53001_/X (sky130_fd_sc_hd__o21a_1)
   0.0035   16.4842 v PipelinedMulUnit/imul/_56610_/D (sky130_fd_sc_hd__dfxtp_1)
            16.4842   data arrival time

  20.0000   20.0000   clock clock (rise edge)
   0.0000   20.0000   clock network delay (ideal)
   0.0000   20.0000   clock reconvergence pessimism
            20.0000 ^ PipelinedMulUnit/imul/_56610_/CLK (sky130_fd_sc_hd__dfxtp_1)
  -0.1156   19.8844   library setup time
            19.8844   data required time
-------------------------------------------------------------
            19.8844   data required time
           -16.4842   data arrival time
-------------------------------------------------------------
             3.4002   slack (MET)


Startpoint: PipelinedMulUnit/imul/_56501_
            (rising edge-triggered flip-flop clocked by clock)
Endpoint: PipelinedMulUnit/imul/_56609_
          (rising edge-triggered flip-flop clocked by clock)
Path Group: clock
Path Type: max

    Delay      Time   Description
-------------------------------------------------------------
   0.0000    0.0000   clock clock (rise edge)
   0.0000    0.0000   clock network delay (ideal)
   0.0000    0.0000 ^ PipelinedMulUnit/imul/_56501_/CLK (sky130_fd_sc_hd__dfxtp_1)
   0.3800    0.3800 ^ PipelinedMulUnit/imul/_56501_/Q (sky130_fd_sc_hd__dfxtp_1)
   0.2608    0.6408 ^ PipelinedMulUnit/imul/_28769_/X (sky130_fd_sc_hd__clkbuf_1)
   0.1282    0.7691 v PipelinedMulUnit/imul/_38732_/Y (sky130_fd_sc_hd__nand2_1)
   0.4064    1.1755 v PipelinedMulUnit/imul/_38780_/X (sky130_fd_sc_hd__xor3_1)
   0.3651    1.5405 v PipelinedMulUnit/imul/_38782_/X (sky130_fd_sc_hd__maj3_1)
   0.2861    1.8266 ^ PipelinedMulUnit/imul/_38784_/X (sky130_fd_sc_hd__xor2_1)
   0.1517    1.9783 v PipelinedMulUnit/imul/_38786_/Y (sky130_fd_sc_hd__o21ai_0)
   0.3985    2.3767 v PipelinedMulUnit/imul/_38789_/X (sky130_fd_sc_hd__maj3_1)
   0.3902    2.7670 v PipelinedMulUnit/imul/_38826_/X (sky130_fd_sc_hd__xor3_1)
   0.2564    3.0233 ^ PipelinedMulUnit/imul/_38863_/Y (sky130_fd_sc_hd__xnor2_1)
   0.6499    3.6732 v PipelinedMulUnit/imul/_38896_/X (sky130_fd_sc_hd__or4b_2)
   0.3847    4.0579 v PipelinedMulUnit/imul/_38902_/X (sky130_fd_sc_hd__maj3_1)
   0.1892    4.2471 v PipelinedMulUnit/imul/_38903_/X (sky130_fd_sc_hd__xor2_1)
   0.2183    4.4654 ^ PipelinedMulUnit/imul/_38934_/Y (sky130_fd_sc_hd__o21ai_0)
   0.2184    4.6838 ^ PipelinedMulUnit/imul/_38935_/X (sky130_fd_sc_hd__xor2_1)
   0.1069    4.7907 v PipelinedMulUnit/imul/_38959_/Y (sky130_fd_sc_hd__a22oi_1)
   0.2202    5.0109 v PipelinedMulUnit/imul/_38961_/X (sky130_fd_sc_hd__o21ba_2)
   0.2250    5.2359 ^ PipelinedMulUnit/imul/_38963_/Y (sky130_fd_sc_hd__o21ai_0)
   0.1331    5.3690 v PipelinedMulUnit/imul/_38966_/Y (sky130_fd_sc_hd__a31oi_1)
   0.1981    5.5671 ^ PipelinedMulUnit/imul/_38968_/Y (sky130_fd_sc_hd__o21ai_0)
   0.1093    5.6764 v PipelinedMulUnit/imul/_38971_/Y (sky130_fd_sc_hd__a21oi_1)
   0.1624    5.8388 ^ PipelinedMulUnit/imul/_38974_/Y (sky130_fd_sc_hd__o211ai_1)
   0.1411    5.9799 v PipelinedMulUnit/imul/_38975_/Y (sky130_fd_sc_hd__a32oi_1)
   0.2541    6.2340 ^ PipelinedMulUnit/imul/_38980_/Y (sky130_fd_sc_hd__o21ai_0)
   0.1590    6.3929 v PipelinedMulUnit/imul/_38986_/Y (sky130_fd_sc_hd__a31oi_1)
   0.2778    6.6708 v PipelinedMulUnit/imul/_38991_/X (sky130_fd_sc_hd__o31a_1)
   0.2326    6.9034 v PipelinedMulUnit/imul/_38993_/X (sky130_fd_sc_hd__o221a_2)
   0.3561    7.2594 v PipelinedMulUnit/imul/_38994_/X (sky130_fd_sc_hd__or3_1)
   0.4452    7.7046 ^ PipelinedMulUnit/imul/_38999_/Y (sky130_fd_sc_hd__a311oi_1)
   0.2916    7.9962 v PipelinedMulUnit/imul/_39006_/Y (sky130_fd_sc_hd__o311ai_0)
   0.4192    8.4154 v PipelinedMulUnit/imul/_39010_/X (sky130_fd_sc_hd__a311o_1)
   0.3054    8.7208 ^ PipelinedMulUnit/imul/_39013_/Y (sky130_fd_sc_hd__a311oi_1)
   0.1296    8.8504 v PipelinedMulUnit/imul/_39016_/Y (sky130_fd_sc_hd__o211ai_1)
   0.3919    9.2423 v PipelinedMulUnit/imul/_39021_/X (sky130_fd_sc_hd__a311o_1)
   0.2909    9.5332 ^ PipelinedMulUnit/imul/_39025_/Y (sky130_fd_sc_hd__a311oi_1)
   0.2047    9.7379 v PipelinedMulUnit/imul/_39029_/Y (sky130_fd_sc_hd__o311ai_0)
   0.4023   10.1402 ^ PipelinedMulUnit/imul/_39035_/Y (sky130_fd_sc_hd__a311oi_1)
   0.2449   10.3851 ^ PipelinedMulUnit/imul/_39038_/X (sky130_fd_sc_hd__o311a_1)
   0.1769   10.5620 v PipelinedMulUnit/imul/_39042_/Y (sky130_fd_sc_hd__o311ai_0)
   0.3618   10.9238 ^ PipelinedMulUnit/imul/_39254_/Y (sky130_fd_sc_hd__a311oi_1)
   0.1707   11.0946 v PipelinedMulUnit/imul/_39399_/Y (sky130_fd_sc_hd__a21oi_1)
   0.2150   11.3095 v PipelinedMulUnit/imul/_39623_/Y (sky130_fd_sc_hd__nand4b_1)
   0.4430   11.7525 ^ PipelinedMulUnit/imul/_40019_/Y (sky130_fd_sc_hd__a2111oi_0)
   0.2368   11.9893 ^ PipelinedMulUnit/imul/_40692_/X (sky130_fd_sc_hd__o311a_1)
   0.1218   12.1111 v PipelinedMulUnit/imul/_41025_/Y (sky130_fd_sc_hd__o21ai_0)
   0.3555   12.4666 v PipelinedMulUnit/imul/_41710_/X (sky130_fd_sc_hd__a311o_1)
   0.3717   12.8383 ^ PipelinedMulUnit/imul/_42377_/Y (sky130_fd_sc_hd__a311oi_1)
   0.2787   13.1170 v PipelinedMulUnit/imul/_43050_/Y (sky130_fd_sc_hd__o311ai_0)
   0.4261   13.5431 ^ PipelinedMulUnit/imul/_43708_/Y (sky130_fd_sc_hd__a311oi_1)
   0.2789   13.8220 v PipelinedMulUnit/imul/_44387_/Y (sky130_fd_sc_hd__o311ai_0)
   0.3923   14.2143 ^ PipelinedMulUnit/imul/_45042_/Y (sky130_fd_sc_hd__a311oi_1)
   0.2533   14.4676 ^ PipelinedMulUnit/imul/_47233_/X (sky130_fd_sc_hd__and4_1)
   0.1376   14.6052 v PipelinedMulUnit/imul/_49489_/Y (sky130_fd_sc_hd__o2111ai_1)
   0.2132   14.8185 ^ PipelinedMulUnit/imul/_49749_/Y (sky130_fd_sc_hd__a21oi_1)
   0.1502   14.9687 v PipelinedMulUnit/imul/_50285_/Y (sky130_fd_sc_hd__o21ai_0)
   0.2060   15.1747 ^ PipelinedMulUnit/imul/_50828_/Y (sky130_fd_sc_hd__a21oi_1)
   0.2219   15.3965 ^ PipelinedMulUnit/imul/_50841_/X (sky130_fd_sc_hd__o311a_1)
   0.1970   15.5935 ^ PipelinedMulUnit/imul/_51600_/X (sky130_fd_sc_hd__o311a_1)
   0.1995   15.7929 ^ PipelinedMulUnit/imul/_52090_/X (sky130_fd_sc_hd__o211a_1)
   0.1129   15.9059 ^ PipelinedMulUnit/imul/_52543_/X (sky130_fd_sc_hd__or3_1)
   0.0612   15.9670 v PipelinedMulUnit/imul/_52763_/Y (sky130_fd_sc_hd__a21oi_1)
   0.0989   16.0659 ^ PipelinedMulUnit/imul/_52765_/Y (sky130_fd_sc_hd__nor2_1)
   0.0443   16.1102 v PipelinedMulUnit/imul/_52766_/Y (sky130_fd_sc_hd__nor2_1)
   0.3373   16.4475 v PipelinedMulUnit/imul/_52770_/X (sky130_fd_sc_hd__or3_1)
   0.0695   16.5170 ^ PipelinedMulUnit/imul/_52771_/Y (sky130_fd_sc_hd__o21ai_0)
   0.0035   16.5205 ^ PipelinedMulUnit/imul/_56609_/D (sky130_fd_sc_hd__dfxtp_1)
            16.5205   data arrival time

  20.0000   20.0000   clock clock (rise edge)
   0.0000   20.0000   clock network delay (ideal)
   0.0000   20.0000   clock reconvergence pessimism
            20.0000 ^ PipelinedMulUnit/imul/_56609_/CLK (sky130_fd_sc_hd__dfxtp_1)
  -0.0760   19.9240   library setup time
            19.9240   data required time
-------------------------------------------------------------
            19.9240   data required time
           -16.5205   data arrival time
-------------------------------------------------------------
             3.4035   slack (MET)


Startpoint: PipelinedMulUnit/imul/_56501_
            (rising edge-triggered flip-flop clocked by clock)
Endpoint: PipelinedMulUnit/imul/_56608_
          (rising edge-triggered flip-flop clocked by clock)
Path Group: clock
Path Type: max

    Delay      Time   Description
-------------------------------------------------------------
   0.0000    0.0000   clock clock (rise edge)
   0.0000    0.0000   clock network delay (ideal)
   0.0000    0.0000 ^ PipelinedMulUnit/imul/_56501_/CLK (sky130_fd_sc_hd__dfxtp_1)
   0.3800    0.3800 ^ PipelinedMulUnit/imul/_56501_/Q (sky130_fd_sc_hd__dfxtp_1)
   0.2608    0.6408 ^ PipelinedMulUnit/imul/_28769_/X (sky130_fd_sc_hd__clkbuf_1)
   0.1282    0.7691 v PipelinedMulUnit/imul/_38732_/Y (sky130_fd_sc_hd__nand2_1)
   0.4064    1.1755 v PipelinedMulUnit/imul/_38780_/X (sky130_fd_sc_hd__xor3_1)
   0.3651    1.5405 v PipelinedMulUnit/imul/_38782_/X (sky130_fd_sc_hd__maj3_1)
   0.2861    1.8266 ^ PipelinedMulUnit/imul/_38784_/X (sky130_fd_sc_hd__xor2_1)
   0.1517    1.9783 v PipelinedMulUnit/imul/_38786_/Y (sky130_fd_sc_hd__o21ai_0)
   0.3985    2.3767 v PipelinedMulUnit/imul/_38789_/X (sky130_fd_sc_hd__maj3_1)
   0.3902    2.7670 v PipelinedMulUnit/imul/_38826_/X (sky130_fd_sc_hd__xor3_1)
   0.2564    3.0233 ^ PipelinedMulUnit/imul/_38863_/Y (sky130_fd_sc_hd__xnor2_1)
   0.6499    3.6732 v PipelinedMulUnit/imul/_38896_/X (sky130_fd_sc_hd__or4b_2)
   0.3847    4.0579 v PipelinedMulUnit/imul/_38902_/X (sky130_fd_sc_hd__maj3_1)
   0.1892    4.2471 v PipelinedMulUnit/imul/_38903_/X (sky130_fd_sc_hd__xor2_1)
   0.2183    4.4654 ^ PipelinedMulUnit/imul/_38934_/Y (sky130_fd_sc_hd__o21ai_0)
   0.2184    4.6838 ^ PipelinedMulUnit/imul/_38935_/X (sky130_fd_sc_hd__xor2_1)
   0.1069    4.7907 v PipelinedMulUnit/imul/_38959_/Y (sky130_fd_sc_hd__a22oi_1)
   0.2202    5.0109 v PipelinedMulUnit/imul/_38961_/X (sky130_fd_sc_hd__o21ba_2)
   0.2250    5.2359 ^ PipelinedMulUnit/imul/_38963_/Y (sky130_fd_sc_hd__o21ai_0)
   0.1331    5.3690 v PipelinedMulUnit/imul/_38966_/Y (sky130_fd_sc_hd__a31oi_1)
   0.1981    5.5671 ^ PipelinedMulUnit/imul/_38968_/Y (sky130_fd_sc_hd__o21ai_0)
   0.1093    5.6764 v PipelinedMulUnit/imul/_38971_/Y (sky130_fd_sc_hd__a21oi_1)
   0.1624    5.8388 ^ PipelinedMulUnit/imul/_38974_/Y (sky130_fd_sc_hd__o211ai_1)
   0.1411    5.9799 v PipelinedMulUnit/imul/_38975_/Y (sky130_fd_sc_hd__a32oi_1)
   0.2541    6.2340 ^ PipelinedMulUnit/imul/_38980_/Y (sky130_fd_sc_hd__o21ai_0)
   0.1590    6.3929 v PipelinedMulUnit/imul/_38986_/Y (sky130_fd_sc_hd__a31oi_1)
   0.2778    6.6708 v PipelinedMulUnit/imul/_38991_/X (sky130_fd_sc_hd__o31a_1)
   0.2326    6.9034 v PipelinedMulUnit/imul/_38993_/X (sky130_fd_sc_hd__o221a_2)
   0.3561    7.2594 v PipelinedMulUnit/imul/_38994_/X (sky130_fd_sc_hd__or3_1)
   0.4452    7.7046 ^ PipelinedMulUnit/imul/_38999_/Y (sky130_fd_sc_hd__a311oi_1)
   0.2916    7.9962 v PipelinedMulUnit/imul/_39006_/Y (sky130_fd_sc_hd__o311ai_0)
   0.4192    8.4154 v PipelinedMulUnit/imul/_39010_/X (sky130_fd_sc_hd__a311o_1)
   0.3054    8.7208 ^ PipelinedMulUnit/imul/_39013_/Y (sky130_fd_sc_hd__a311oi_1)
   0.1296    8.8504 v PipelinedMulUnit/imul/_39016_/Y (sky130_fd_sc_hd__o211ai_1)
   0.3919    9.2423 v PipelinedMulUnit/imul/_39021_/X (sky130_fd_sc_hd__a311o_1)
   0.2909    9.5332 ^ PipelinedMulUnit/imul/_39025_/Y (sky130_fd_sc_hd__a311oi_1)
   0.2047    9.7379 v PipelinedMulUnit/imul/_39029_/Y (sky130_fd_sc_hd__o311ai_0)
   0.4023   10.1402 ^ PipelinedMulUnit/imul/_39035_/Y (sky130_fd_sc_hd__a311oi_1)
   0.2449   10.3851 ^ PipelinedMulUnit/imul/_39038_/X (sky130_fd_sc_hd__o311a_1)
   0.1769   10.5620 v PipelinedMulUnit/imul/_39042_/Y (sky130_fd_sc_hd__o311ai_0)
   0.3618   10.9238 ^ PipelinedMulUnit/imul/_39254_/Y (sky130_fd_sc_hd__a311oi_1)
   0.1707   11.0946 v PipelinedMulUnit/imul/_39399_/Y (sky130_fd_sc_hd__a21oi_1)
   0.2150   11.3095 v PipelinedMulUnit/imul/_39623_/Y (sky130_fd_sc_hd__nand4b_1)
   0.4430   11.7525 ^ PipelinedMulUnit/imul/_40019_/Y (sky130_fd_sc_hd__a2111oi_0)
   0.2368   11.9893 ^ PipelinedMulUnit/imul/_40692_/X (sky130_fd_sc_hd__o311a_1)
   0.1218   12.1111 v PipelinedMulUnit/imul/_41025_/Y (sky130_fd_sc_hd__o21ai_0)
   0.3555   12.4666 v PipelinedMulUnit/imul/_41710_/X (sky130_fd_sc_hd__a311o_1)
   0.3717   12.8383 ^ PipelinedMulUnit/imul/_42377_/Y (sky130_fd_sc_hd__a311oi_1)
   0.2787   13.1170 v PipelinedMulUnit/imul/_43050_/Y (sky130_fd_sc_hd__o311ai_0)
   0.4261   13.5431 ^ PipelinedMulUnit/imul/_43708_/Y (sky130_fd_sc_hd__a311oi_1)
   0.2789   13.8220 v PipelinedMulUnit/imul/_44387_/Y (sky130_fd_sc_hd__o311ai_0)
   0.3923   14.2143 ^ PipelinedMulUnit/imul/_45042_/Y (sky130_fd_sc_hd__a311oi_1)
   0.2533   14.4676 ^ PipelinedMulUnit/imul/_47233_/X (sky130_fd_sc_hd__and4_1)
   0.1376   14.6052 v PipelinedMulUnit/imul/_49489_/Y (sky130_fd_sc_hd__o2111ai_1)
   0.2132   14.8185 ^ PipelinedMulUnit/imul/_49749_/Y (sky130_fd_sc_hd__a21oi_1)
   0.1502   14.9687 v PipelinedMulUnit/imul/_50285_/Y (sky130_fd_sc_hd__o21ai_0)
   0.2060   15.1747 ^ PipelinedMulUnit/imul/_50828_/Y (sky130_fd_sc_hd__a21oi_1)
   0.2219   15.3965 ^ PipelinedMulUnit/imul/_50841_/X (sky130_fd_sc_hd__o311a_1)
   0.1970   15.5935 ^ PipelinedMulUnit/imul/_51600_/X (sky130_fd_sc_hd__o311a_1)
   0.1995   15.7929 ^ PipelinedMulUnit/imul/_52090_/X (sky130_fd_sc_hd__o211a_1)
   0.1067   15.8997 v PipelinedMulUnit/imul/_52307_/Y (sky130_fd_sc_hd__o21ai_0)
   0.1001   15.9998 ^ PipelinedMulUnit/imul/_52314_/Y (sky130_fd_sc_hd__nand2b_1)
   0.0842   16.0840 v PipelinedMulUnit/imul/_52531_/Y (sky130_fd_sc_hd__o21ai_0)
   0.1295   16.2135 ^ PipelinedMulUnit/imul/_52532_/Y (sky130_fd_sc_hd__a21oi_1)
   0.1407   16.3543 ^ PipelinedMulUnit/imul/_52538_/X (sky130_fd_sc_hd__o22a_1)
   0.0035   16.3577 ^ PipelinedMulUnit/imul/_56608_/D (sky130_fd_sc_hd__dfxtp_1)
            16.3577   data arrival time

  20.0000   20.0000   clock clock (rise edge)
   0.0000   20.0000   clock network delay (ideal)
   0.0000   20.0000   clock reconvergence pessimism
            20.0000 ^ PipelinedMulUnit/imul/_56608_/CLK (sky130_fd_sc_hd__dfxtp_1)
  -0.0590   19.9410   library setup time
            19.9410   data required time
-------------------------------------------------------------
            19.9410   data required time
           -16.3577   data arrival time
-------------------------------------------------------------
             3.5833   slack (MET)


Startpoint: PipelinedMulUnit/imul/_56501_
            (rising edge-triggered flip-flop clocked by clock)
Endpoint: PipelinedMulUnit/imul/_56607_
          (rising edge-triggered flip-flop clocked by clock)
Path Group: clock
Path Type: max

    Delay      Time   Description
-------------------------------------------------------------
   0.0000    0.0000   clock clock (rise edge)
   0.0000    0.0000   clock network delay (ideal)
   0.0000    0.0000 ^ PipelinedMulUnit/imul/_56501_/CLK (sky130_fd_sc_hd__dfxtp_1)
   0.3800    0.3800 ^ PipelinedMulUnit/imul/_56501_/Q (sky130_fd_sc_hd__dfxtp_1)
   0.2608    0.6408 ^ PipelinedMulUnit/imul/_28769_/X (sky130_fd_sc_hd__clkbuf_1)
   0.1282    0.7691 v PipelinedMulUnit/imul/_38732_/Y (sky130_fd_sc_hd__nand2_1)
   0.4064    1.1755 v PipelinedMulUnit/imul/_38780_/X (sky130_fd_sc_hd__xor3_1)
   0.3651    1.5405 v PipelinedMulUnit/imul/_38782_/X (sky130_fd_sc_hd__maj3_1)
   0.2861    1.8266 ^ PipelinedMulUnit/imul/_38784_/X (sky130_fd_sc_hd__xor2_1)
   0.1517    1.9783 v PipelinedMulUnit/imul/_38786_/Y (sky130_fd_sc_hd__o21ai_0)
   0.3985    2.3767 v PipelinedMulUnit/imul/_38789_/X (sky130_fd_sc_hd__maj3_1)
   0.3902    2.7670 v PipelinedMulUnit/imul/_38826_/X (sky130_fd_sc_hd__xor3_1)
   0.2564    3.0233 ^ PipelinedMulUnit/imul/_38863_/Y (sky130_fd_sc_hd__xnor2_1)
   0.6499    3.6732 v PipelinedMulUnit/imul/_38896_/X (sky130_fd_sc_hd__or4b_2)
   0.3847    4.0579 v PipelinedMulUnit/imul/_38902_/X (sky130_fd_sc_hd__maj3_1)
   0.1892    4.2471 v PipelinedMulUnit/imul/_38903_/X (sky130_fd_sc_hd__xor2_1)
   0.2183    4.4654 ^ PipelinedMulUnit/imul/_38934_/Y (sky130_fd_sc_hd__o21ai_0)
   0.2184    4.6838 ^ PipelinedMulUnit/imul/_38935_/X (sky130_fd_sc_hd__xor2_1)
   0.1069    4.7907 v PipelinedMulUnit/imul/_38959_/Y (sky130_fd_sc_hd__a22oi_1)
   0.2202    5.0109 v PipelinedMulUnit/imul/_38961_/X (sky130_fd_sc_hd__o21ba_2)
   0.2250    5.2359 ^ PipelinedMulUnit/imul/_38963_/Y (sky130_fd_sc_hd__o21ai_0)
   0.1331    5.3690 v PipelinedMulUnit/imul/_38966_/Y (sky130_fd_sc_hd__a31oi_1)
   0.1981    5.5671 ^ PipelinedMulUnit/imul/_38968_/Y (sky130_fd_sc_hd__o21ai_0)
   0.1093    5.6764 v PipelinedMulUnit/imul/_38971_/Y (sky130_fd_sc_hd__a21oi_1)
   0.1624    5.8388 ^ PipelinedMulUnit/imul/_38974_/Y (sky130_fd_sc_hd__o211ai_1)
   0.1411    5.9799 v PipelinedMulUnit/imul/_38975_/Y (sky130_fd_sc_hd__a32oi_1)
   0.2541    6.2340 ^ PipelinedMulUnit/imul/_38980_/Y (sky130_fd_sc_hd__o21ai_0)
   0.1590    6.3929 v PipelinedMulUnit/imul/_38986_/Y (sky130_fd_sc_hd__a31oi_1)
   0.2778    6.6708 v PipelinedMulUnit/imul/_38991_/X (sky130_fd_sc_hd__o31a_1)
   0.2326    6.9034 v PipelinedMulUnit/imul/_38993_/X (sky130_fd_sc_hd__o221a_2)
   0.3561    7.2594 v PipelinedMulUnit/imul/_38994_/X (sky130_fd_sc_hd__or3_1)
   0.4452    7.7046 ^ PipelinedMulUnit/imul/_38999_/Y (sky130_fd_sc_hd__a311oi_1)
   0.2916    7.9962 v PipelinedMulUnit/imul/_39006_/Y (sky130_fd_sc_hd__o311ai_0)
   0.4192    8.4154 v PipelinedMulUnit/imul/_39010_/X (sky130_fd_sc_hd__a311o_1)
   0.3054    8.7208 ^ PipelinedMulUnit/imul/_39013_/Y (sky130_fd_sc_hd__a311oi_1)
   0.1296    8.8504 v PipelinedMulUnit/imul/_39016_/Y (sky130_fd_sc_hd__o211ai_1)
   0.3919    9.2423 v PipelinedMulUnit/imul/_39021_/X (sky130_fd_sc_hd__a311o_1)
   0.2909    9.5332 ^ PipelinedMulUnit/imul/_39025_/Y (sky130_fd_sc_hd__a311oi_1)
   0.2047    9.7379 v PipelinedMulUnit/imul/_39029_/Y (sky130_fd_sc_hd__o311ai_0)
   0.4023   10.1402 ^ PipelinedMulUnit/imul/_39035_/Y (sky130_fd_sc_hd__a311oi_1)
   0.2449   10.3851 ^ PipelinedMulUnit/imul/_39038_/X (sky130_fd_sc_hd__o311a_1)
   0.1769   10.5620 v PipelinedMulUnit/imul/_39042_/Y (sky130_fd_sc_hd__o311ai_0)
   0.3618   10.9238 ^ PipelinedMulUnit/imul/_39254_/Y (sky130_fd_sc_hd__a311oi_1)
   0.1707   11.0946 v PipelinedMulUnit/imul/_39399_/Y (sky130_fd_sc_hd__a21oi_1)
   0.2150   11.3095 v PipelinedMulUnit/imul/_39623_/Y (sky130_fd_sc_hd__nand4b_1)
   0.4430   11.7525 ^ PipelinedMulUnit/imul/_40019_/Y (sky130_fd_sc_hd__a2111oi_0)
   0.2368   11.9893 ^ PipelinedMulUnit/imul/_40692_/X (sky130_fd_sc_hd__o311a_1)
   0.1218   12.1111 v PipelinedMulUnit/imul/_41025_/Y (sky130_fd_sc_hd__o21ai_0)
   0.3555   12.4666 v PipelinedMulUnit/imul/_41710_/X (sky130_fd_sc_hd__a311o_1)
   0.3717   12.8383 ^ PipelinedMulUnit/imul/_42377_/Y (sky130_fd_sc_hd__a311oi_1)
   0.2787   13.1170 v PipelinedMulUnit/imul/_43050_/Y (sky130_fd_sc_hd__o311ai_0)
   0.4261   13.5431 ^ PipelinedMulUnit/imul/_43708_/Y (sky130_fd_sc_hd__a311oi_1)
   0.2789   13.8220 v PipelinedMulUnit/imul/_44387_/Y (sky130_fd_sc_hd__o311ai_0)
   0.3923   14.2143 ^ PipelinedMulUnit/imul/_45042_/Y (sky130_fd_sc_hd__a311oi_1)
   0.2533   14.4676 ^ PipelinedMulUnit/imul/_47233_/X (sky130_fd_sc_hd__and4_1)
   0.1376   14.6052 v PipelinedMulUnit/imul/_49489_/Y (sky130_fd_sc_hd__o2111ai_1)
   0.2132   14.8185 ^ PipelinedMulUnit/imul/_49749_/Y (sky130_fd_sc_hd__a21oi_1)
   0.1502   14.9687 v PipelinedMulUnit/imul/_50285_/Y (sky130_fd_sc_hd__o21ai_0)
   0.2060   15.1747 ^ PipelinedMulUnit/imul/_50828_/Y (sky130_fd_sc_hd__a21oi_1)
   0.2219   15.3965 ^ PipelinedMulUnit/imul/_50841_/X (sky130_fd_sc_hd__o311a_1)
   0.1970   15.5935 ^ PipelinedMulUnit/imul/_51600_/X (sky130_fd_sc_hd__o311a_1)
   0.1995   15.7929 ^ PipelinedMulUnit/imul/_52090_/X (sky130_fd_sc_hd__o211a_1)
   0.1067   15.8997 v PipelinedMulUnit/imul/_52307_/Y (sky130_fd_sc_hd__o21ai_0)
   0.1423   16.0420 v PipelinedMulUnit/imul/_52308_/Y (sky130_fd_sc_hd__nor2b_1)
   0.1239   16.1659 ^ PipelinedMulUnit/imul/_52312_/Y (sky130_fd_sc_hd__o21ai_0)
   0.0904   16.2563 v PipelinedMulUnit/imul/_52313_/Y (sky130_fd_sc_hd__o21ai_0)
   0.0035   16.2598 v PipelinedMulUnit/imul/_56607_/D (sky130_fd_sc_hd__dfxtp_1)
            16.2598   data arrival time

  20.0000   20.0000   clock clock (rise edge)
   0.0000   20.0000   clock network delay (ideal)
   0.0000   20.0000   clock reconvergence pessimism
            20.0000 ^ PipelinedMulUnit/imul/_56607_/CLK (sky130_fd_sc_hd__dfxtp_1)
  -0.1306   19.8694   library setup time
            19.8694   data required time
-------------------------------------------------------------
            19.8694   data required time
           -16.2598   data arrival time
-------------------------------------------------------------
             3.6097   slack (MET)


Startpoint: PipelinedMulUnit/imul/_56501_
            (rising edge-triggered flip-flop clocked by clock)
Endpoint: PipelinedMulUnit/imul/_56606_
          (rising edge-triggered flip-flop clocked by clock)
Path Group: clock
Path Type: max

    Delay      Time   Description
-------------------------------------------------------------
   0.0000    0.0000   clock clock (rise edge)
   0.0000    0.0000   clock network delay (ideal)
   0.0000    0.0000 ^ PipelinedMulUnit/imul/_56501_/CLK (sky130_fd_sc_hd__dfxtp_1)
   0.3800    0.3800 ^ PipelinedMulUnit/imul/_56501_/Q (sky130_fd_sc_hd__dfxtp_1)
   0.2608    0.6408 ^ PipelinedMulUnit/imul/_28769_/X (sky130_fd_sc_hd__clkbuf_1)
   0.1282    0.7691 v PipelinedMulUnit/imul/_38732_/Y (sky130_fd_sc_hd__nand2_1)
   0.4064    1.1755 v PipelinedMulUnit/imul/_38780_/X (sky130_fd_sc_hd__xor3_1)
   0.3651    1.5405 v PipelinedMulUnit/imul/_38782_/X (sky130_fd_sc_hd__maj3_1)
   0.2861    1.8266 ^ PipelinedMulUnit/imul/_38784_/X (sky130_fd_sc_hd__xor2_1)
   0.1517    1.9783 v PipelinedMulUnit/imul/_38786_/Y (sky130_fd_sc_hd__o21ai_0)
   0.3985    2.3767 v PipelinedMulUnit/imul/_38789_/X (sky130_fd_sc_hd__maj3_1)
   0.3902    2.7670 v PipelinedMulUnit/imul/_38826_/X (sky130_fd_sc_hd__xor3_1)
   0.2564    3.0233 ^ PipelinedMulUnit/imul/_38863_/Y (sky130_fd_sc_hd__xnor2_1)
   0.6499    3.6732 v PipelinedMulUnit/imul/_38896_/X (sky130_fd_sc_hd__or4b_2)
   0.3847    4.0579 v PipelinedMulUnit/imul/_38902_/X (sky130_fd_sc_hd__maj3_1)
   0.1892    4.2471 v PipelinedMulUnit/imul/_38903_/X (sky130_fd_sc_hd__xor2_1)
   0.2183    4.4654 ^ PipelinedMulUnit/imul/_38934_/Y (sky130_fd_sc_hd__o21ai_0)
   0.2184    4.6838 ^ PipelinedMulUnit/imul/_38935_/X (sky130_fd_sc_hd__xor2_1)
   0.1069    4.7907 v PipelinedMulUnit/imul/_38959_/Y (sky130_fd_sc_hd__a22oi_1)
   0.2202    5.0109 v PipelinedMulUnit/imul/_38961_/X (sky130_fd_sc_hd__o21ba_2)
   0.2250    5.2359 ^ PipelinedMulUnit/imul/_38963_/Y (sky130_fd_sc_hd__o21ai_0)
   0.1331    5.3690 v PipelinedMulUnit/imul/_38966_/Y (sky130_fd_sc_hd__a31oi_1)
   0.1981    5.5671 ^ PipelinedMulUnit/imul/_38968_/Y (sky130_fd_sc_hd__o21ai_0)
   0.1093    5.6764 v PipelinedMulUnit/imul/_38971_/Y (sky130_fd_sc_hd__a21oi_1)
   0.1624    5.8388 ^ PipelinedMulUnit/imul/_38974_/Y (sky130_fd_sc_hd__o211ai_1)
   0.1411    5.9799 v PipelinedMulUnit/imul/_38975_/Y (sky130_fd_sc_hd__a32oi_1)
   0.2541    6.2340 ^ PipelinedMulUnit/imul/_38980_/Y (sky130_fd_sc_hd__o21ai_0)
   0.1590    6.3929 v PipelinedMulUnit/imul/_38986_/Y (sky130_fd_sc_hd__a31oi_1)
   0.2778    6.6708 v PipelinedMulUnit/imul/_38991_/X (sky130_fd_sc_hd__o31a_1)
   0.2326    6.9034 v PipelinedMulUnit/imul/_38993_/X (sky130_fd_sc_hd__o221a_2)
   0.3561    7.2594 v PipelinedMulUnit/imul/_38994_/X (sky130_fd_sc_hd__or3_1)
   0.4452    7.7046 ^ PipelinedMulUnit/imul/_38999_/Y (sky130_fd_sc_hd__a311oi_1)
   0.2916    7.9962 v PipelinedMulUnit/imul/_39006_/Y (sky130_fd_sc_hd__o311ai_0)
   0.4192    8.4154 v PipelinedMulUnit/imul/_39010_/X (sky130_fd_sc_hd__a311o_1)
   0.3054    8.7208 ^ PipelinedMulUnit/imul/_39013_/Y (sky130_fd_sc_hd__a311oi_1)
   0.1296    8.8504 v PipelinedMulUnit/imul/_39016_/Y (sky130_fd_sc_hd__o211ai_1)
   0.3919    9.2423 v PipelinedMulUnit/imul/_39021_/X (sky130_fd_sc_hd__a311o_1)
   0.2909    9.5332 ^ PipelinedMulUnit/imul/_39025_/Y (sky130_fd_sc_hd__a311oi_1)
   0.2047    9.7379 v PipelinedMulUnit/imul/_39029_/Y (sky130_fd_sc_hd__o311ai_0)
   0.4023   10.1402 ^ PipelinedMulUnit/imul/_39035_/Y (sky130_fd_sc_hd__a311oi_1)
   0.2449   10.3851 ^ PipelinedMulUnit/imul/_39038_/X (sky130_fd_sc_hd__o311a_1)
   0.1769   10.5620 v PipelinedMulUnit/imul/_39042_/Y (sky130_fd_sc_hd__o311ai_0)
   0.3618   10.9238 ^ PipelinedMulUnit/imul/_39254_/Y (sky130_fd_sc_hd__a311oi_1)
   0.1707   11.0946 v PipelinedMulUnit/imul/_39399_/Y (sky130_fd_sc_hd__a21oi_1)
   0.2150   11.3095 v PipelinedMulUnit/imul/_39623_/Y (sky130_fd_sc_hd__nand4b_1)
   0.4430   11.7525 ^ PipelinedMulUnit/imul/_40019_/Y (sky130_fd_sc_hd__a2111oi_0)
   0.2368   11.9893 ^ PipelinedMulUnit/imul/_40692_/X (sky130_fd_sc_hd__o311a_1)
   0.1218   12.1111 v PipelinedMulUnit/imul/_41025_/Y (sky130_fd_sc_hd__o21ai_0)
   0.3555   12.4666 v PipelinedMulUnit/imul/_41710_/X (sky130_fd_sc_hd__a311o_1)
   0.3717   12.8383 ^ PipelinedMulUnit/imul/_42377_/Y (sky130_fd_sc_hd__a311oi_1)
   0.2787   13.1170 v PipelinedMulUnit/imul/_43050_/Y (sky130_fd_sc_hd__o311ai_0)
   0.4261   13.5431 ^ PipelinedMulUnit/imul/_43708_/Y (sky130_fd_sc_hd__a311oi_1)
   0.2789   13.8220 v PipelinedMulUnit/imul/_44387_/Y (sky130_fd_sc_hd__o311ai_0)
   0.3923   14.2143 ^ PipelinedMulUnit/imul/_45042_/Y (sky130_fd_sc_hd__a311oi_1)
   0.2533   14.4676 ^ PipelinedMulUnit/imul/_47233_/X (sky130_fd_sc_hd__and4_1)
   0.1376   14.6052 v PipelinedMulUnit/imul/_49489_/Y (sky130_fd_sc_hd__o2111ai_1)
   0.2132   14.8185 ^ PipelinedMulUnit/imul/_49749_/Y (sky130_fd_sc_hd__a21oi_1)
   0.1502   14.9687 v PipelinedMulUnit/imul/_50285_/Y (sky130_fd_sc_hd__o21ai_0)
   0.2060   15.1747 ^ PipelinedMulUnit/imul/_50828_/Y (sky130_fd_sc_hd__a21oi_1)
   0.2219   15.3965 ^ PipelinedMulUnit/imul/_50841_/X (sky130_fd_sc_hd__o311a_1)
   0.1970   15.5935 ^ PipelinedMulUnit/imul/_51600_/X (sky130_fd_sc_hd__o311a_1)
   0.1118   15.7053 v PipelinedMulUnit/imul/_51834_/Y (sky130_fd_sc_hd__o21ai_0)
   0.0972   15.8025 ^ PipelinedMulUnit/imul/_51842_/Y (sky130_fd_sc_hd__nand2_1)
   0.0632   15.8656 v PipelinedMulUnit/imul/_52080_/Y (sky130_fd_sc_hd__a21oi_1)
   0.1146   15.9802 v PipelinedMulUnit/imul/_52081_/X (sky130_fd_sc_hd__o21a_1)
   0.1646   16.1449 v PipelinedMulUnit/imul/_52087_/X (sky130_fd_sc_hd__o22a_1)
   0.0035   16.1483 v PipelinedMulUnit/imul/_56606_/D (sky130_fd_sc_hd__dfxtp_1)
            16.1483   data arrival time

  20.0000   20.0000   clock clock (rise edge)
   0.0000   20.0000   clock network delay (ideal)
   0.0000   20.0000   clock reconvergence pessimism
            20.0000 ^ PipelinedMulUnit/imul/_56606_/CLK (sky130_fd_sc_hd__dfxtp_1)
  -0.1179   19.8821   library setup time
            19.8821   data required time
-------------------------------------------------------------
            19.8821   data required time
           -16.1483   data arrival time
-------------------------------------------------------------
             3.7337   slack (MET)


Startpoint: PipelinedMulUnit/imul/_56501_
            (rising edge-triggered flip-flop clocked by clock)
Endpoint: PipelinedMulUnit/imul/_56604_
          (rising edge-triggered flip-flop clocked by clock)
Path Group: clock
Path Type: max

    Delay      Time   Description
-------------------------------------------------------------
   0.0000    0.0000   clock clock (rise edge)
   0.0000    0.0000   clock network delay (ideal)
   0.0000    0.0000 ^ PipelinedMulUnit/imul/_56501_/CLK (sky130_fd_sc_hd__dfxtp_1)
   0.3800    0.3800 ^ PipelinedMulUnit/imul/_56501_/Q (sky130_fd_sc_hd__dfxtp_1)
   0.2608    0.6408 ^ PipelinedMulUnit/imul/_28769_/X (sky130_fd_sc_hd__clkbuf_1)
   0.1282    0.7691 v PipelinedMulUnit/imul/_38732_/Y (sky130_fd_sc_hd__nand2_1)
   0.4064    1.1755 v PipelinedMulUnit/imul/_38780_/X (sky130_fd_sc_hd__xor3_1)
   0.3651    1.5405 v PipelinedMulUnit/imul/_38782_/X (sky130_fd_sc_hd__maj3_1)
   0.2861    1.8266 ^ PipelinedMulUnit/imul/_38784_/X (sky130_fd_sc_hd__xor2_1)
   0.1517    1.9783 v PipelinedMulUnit/imul/_38786_/Y (sky130_fd_sc_hd__o21ai_0)
   0.3985    2.3767 v PipelinedMulUnit/imul/_38789_/X (sky130_fd_sc_hd__maj3_1)
   0.3902    2.7670 v PipelinedMulUnit/imul/_38826_/X (sky130_fd_sc_hd__xor3_1)
   0.2564    3.0233 ^ PipelinedMulUnit/imul/_38863_/Y (sky130_fd_sc_hd__xnor2_1)
   0.6499    3.6732 v PipelinedMulUnit/imul/_38896_/X (sky130_fd_sc_hd__or4b_2)
   0.3847    4.0579 v PipelinedMulUnit/imul/_38902_/X (sky130_fd_sc_hd__maj3_1)
   0.1892    4.2471 v PipelinedMulUnit/imul/_38903_/X (sky130_fd_sc_hd__xor2_1)
   0.2183    4.4654 ^ PipelinedMulUnit/imul/_38934_/Y (sky130_fd_sc_hd__o21ai_0)
   0.2184    4.6838 ^ PipelinedMulUnit/imul/_38935_/X (sky130_fd_sc_hd__xor2_1)
   0.1069    4.7907 v PipelinedMulUnit/imul/_38959_/Y (sky130_fd_sc_hd__a22oi_1)
   0.2202    5.0109 v PipelinedMulUnit/imul/_38961_/X (sky130_fd_sc_hd__o21ba_2)
   0.2250    5.2359 ^ PipelinedMulUnit/imul/_38963_/Y (sky130_fd_sc_hd__o21ai_0)
   0.1331    5.3690 v PipelinedMulUnit/imul/_38966_/Y (sky130_fd_sc_hd__a31oi_1)
   0.1981    5.5671 ^ PipelinedMulUnit/imul/_38968_/Y (sky130_fd_sc_hd__o21ai_0)
   0.1093    5.6764 v PipelinedMulUnit/imul/_38971_/Y (sky130_fd_sc_hd__a21oi_1)
   0.1624    5.8388 ^ PipelinedMulUnit/imul/_38974_/Y (sky130_fd_sc_hd__o211ai_1)
   0.1411    5.9799 v PipelinedMulUnit/imul/_38975_/Y (sky130_fd_sc_hd__a32oi_1)
   0.2541    6.2340 ^ PipelinedMulUnit/imul/_38980_/Y (sky130_fd_sc_hd__o21ai_0)
   0.1590    6.3929 v PipelinedMulUnit/imul/_38986_/Y (sky130_fd_sc_hd__a31oi_1)
   0.2778    6.6708 v PipelinedMulUnit/imul/_38991_/X (sky130_fd_sc_hd__o31a_1)
   0.2326    6.9034 v PipelinedMulUnit/imul/_38993_/X (sky130_fd_sc_hd__o221a_2)
   0.3561    7.2594 v PipelinedMulUnit/imul/_38994_/X (sky130_fd_sc_hd__or3_1)
   0.4452    7.7046 ^ PipelinedMulUnit/imul/_38999_/Y (sky130_fd_sc_hd__a311oi_1)
   0.2916    7.9962 v PipelinedMulUnit/imul/_39006_/Y (sky130_fd_sc_hd__o311ai_0)
   0.4192    8.4154 v PipelinedMulUnit/imul/_39010_/X (sky130_fd_sc_hd__a311o_1)
   0.3054    8.7208 ^ PipelinedMulUnit/imul/_39013_/Y (sky130_fd_sc_hd__a311oi_1)
   0.1296    8.8504 v PipelinedMulUnit/imul/_39016_/Y (sky130_fd_sc_hd__o211ai_1)
   0.3919    9.2423 v PipelinedMulUnit/imul/_39021_/X (sky130_fd_sc_hd__a311o_1)
   0.2909    9.5332 ^ PipelinedMulUnit/imul/_39025_/Y (sky130_fd_sc_hd__a311oi_1)
   0.2047    9.7379 v PipelinedMulUnit/imul/_39029_/Y (sky130_fd_sc_hd__o311ai_0)
   0.4023   10.1402 ^ PipelinedMulUnit/imul/_39035_/Y (sky130_fd_sc_hd__a311oi_1)
   0.2449   10.3851 ^ PipelinedMulUnit/imul/_39038_/X (sky130_fd_sc_hd__o311a_1)
   0.1769   10.5620 v PipelinedMulUnit/imul/_39042_/Y (sky130_fd_sc_hd__o311ai_0)
   0.3618   10.9238 ^ PipelinedMulUnit/imul/_39254_/Y (sky130_fd_sc_hd__a311oi_1)
   0.1707   11.0946 v PipelinedMulUnit/imul/_39399_/Y (sky130_fd_sc_hd__a21oi_1)
   0.2150   11.3095 v PipelinedMulUnit/imul/_39623_/Y (sky130_fd_sc_hd__nand4b_1)
   0.4430   11.7525 ^ PipelinedMulUnit/imul/_40019_/Y (sky130_fd_sc_hd__a2111oi_0)
   0.2368   11.9893 ^ PipelinedMulUnit/imul/_40692_/X (sky130_fd_sc_hd__o311a_1)
   0.1218   12.1111 v PipelinedMulUnit/imul/_41025_/Y (sky130_fd_sc_hd__o21ai_0)
   0.3555   12.4666 v PipelinedMulUnit/imul/_41710_/X (sky130_fd_sc_hd__a311o_1)
   0.3717   12.8383 ^ PipelinedMulUnit/imul/_42377_/Y (sky130_fd_sc_hd__a311oi_1)
   0.2787   13.1170 v PipelinedMulUnit/imul/_43050_/Y (sky130_fd_sc_hd__o311ai_0)
   0.4261   13.5431 ^ PipelinedMulUnit/imul/_43708_/Y (sky130_fd_sc_hd__a311oi_1)
   0.2789   13.8220 v PipelinedMulUnit/imul/_44387_/Y (sky130_fd_sc_hd__o311ai_0)
   0.3923   14.2143 ^ PipelinedMulUnit/imul/_45042_/Y (sky130_fd_sc_hd__a311oi_1)
   0.2533   14.4676 ^ PipelinedMulUnit/imul/_47233_/X (sky130_fd_sc_hd__and4_1)
   0.1376   14.6052 v PipelinedMulUnit/imul/_49489_/Y (sky130_fd_sc_hd__o2111ai_1)
   0.2132   14.8185 ^ PipelinedMulUnit/imul/_49749_/Y (sky130_fd_sc_hd__a21oi_1)
   0.1502   14.9687 v PipelinedMulUnit/imul/_50285_/Y (sky130_fd_sc_hd__o21ai_0)
   0.2060   15.1747 ^ PipelinedMulUnit/imul/_50828_/Y (sky130_fd_sc_hd__a21oi_1)
   0.2219   15.3965 ^ PipelinedMulUnit/imul/_50841_/X (sky130_fd_sc_hd__o311a_1)
   0.1711   15.5676 ^ PipelinedMulUnit/imul/_51096_/X (sky130_fd_sc_hd__o31a_1)
   0.0571   15.6247 v PipelinedMulUnit/imul/_51354_/Y (sky130_fd_sc_hd__nand2_1)
   0.0780   15.7027 ^ PipelinedMulUnit/imul/_51355_/Y (sky130_fd_sc_hd__nand2_1)
   0.0813   15.7841 v PipelinedMulUnit/imul/_51589_/Y (sky130_fd_sc_hd__o21ai_0)
   0.1295   15.9136 ^ PipelinedMulUnit/imul/_51590_/Y (sky130_fd_sc_hd__a21oi_1)
   0.1407   16.0543 ^ PipelinedMulUnit/imul/_51596_/X (sky130_fd_sc_hd__o22a_1)
   0.0035   16.0578 ^ PipelinedMulUnit/imul/_56604_/D (sky130_fd_sc_hd__dfxtp_1)
            16.0578   data arrival time

  20.0000   20.0000   clock clock (rise edge)
   0.0000   20.0000   clock network delay (ideal)
   0.0000   20.0000   clock reconvergence pessimism
            20.0000 ^ PipelinedMulUnit/imul/_56604_/CLK (sky130_fd_sc_hd__dfxtp_1)
  -0.0591   19.9409   library setup time
            19.9409   data required time
-------------------------------------------------------------
            19.9409   data required time
           -16.0578   data arrival time
-------------------------------------------------------------
             3.8831   slack (MET)


Startpoint: PipelinedMulUnit/imul/_56501_
            (rising edge-triggered flip-flop clocked by clock)
Endpoint: PipelinedMulUnit/imul/_56605_
          (rising edge-triggered flip-flop clocked by clock)
Path Group: clock
Path Type: max

    Delay      Time   Description
-------------------------------------------------------------
   0.0000    0.0000   clock clock (rise edge)
   0.0000    0.0000   clock network delay (ideal)
   0.0000    0.0000 ^ PipelinedMulUnit/imul/_56501_/CLK (sky130_fd_sc_hd__dfxtp_1)
   0.3800    0.3800 ^ PipelinedMulUnit/imul/_56501_/Q (sky130_fd_sc_hd__dfxtp_1)
   0.2608    0.6408 ^ PipelinedMulUnit/imul/_28769_/X (sky130_fd_sc_hd__clkbuf_1)
   0.1282    0.7691 v PipelinedMulUnit/imul/_38732_/Y (sky130_fd_sc_hd__nand2_1)
   0.4064    1.1755 v PipelinedMulUnit/imul/_38780_/X (sky130_fd_sc_hd__xor3_1)
   0.3651    1.5405 v PipelinedMulUnit/imul/_38782_/X (sky130_fd_sc_hd__maj3_1)
   0.2861    1.8266 ^ PipelinedMulUnit/imul/_38784_/X (sky130_fd_sc_hd__xor2_1)
   0.1517    1.9783 v PipelinedMulUnit/imul/_38786_/Y (sky130_fd_sc_hd__o21ai_0)
   0.3985    2.3767 v PipelinedMulUnit/imul/_38789_/X (sky130_fd_sc_hd__maj3_1)
   0.3902    2.7670 v PipelinedMulUnit/imul/_38826_/X (sky130_fd_sc_hd__xor3_1)
   0.2564    3.0233 ^ PipelinedMulUnit/imul/_38863_/Y (sky130_fd_sc_hd__xnor2_1)
   0.6499    3.6732 v PipelinedMulUnit/imul/_38896_/X (sky130_fd_sc_hd__or4b_2)
   0.3847    4.0579 v PipelinedMulUnit/imul/_38902_/X (sky130_fd_sc_hd__maj3_1)
   0.1892    4.2471 v PipelinedMulUnit/imul/_38903_/X (sky130_fd_sc_hd__xor2_1)
   0.2183    4.4654 ^ PipelinedMulUnit/imul/_38934_/Y (sky130_fd_sc_hd__o21ai_0)
   0.2184    4.6838 ^ PipelinedMulUnit/imul/_38935_/X (sky130_fd_sc_hd__xor2_1)
   0.1069    4.7907 v PipelinedMulUnit/imul/_38959_/Y (sky130_fd_sc_hd__a22oi_1)
   0.2202    5.0109 v PipelinedMulUnit/imul/_38961_/X (sky130_fd_sc_hd__o21ba_2)
   0.2250    5.2359 ^ PipelinedMulUnit/imul/_38963_/Y (sky130_fd_sc_hd__o21ai_0)
   0.1331    5.3690 v PipelinedMulUnit/imul/_38966_/Y (sky130_fd_sc_hd__a31oi_1)
   0.1981    5.5671 ^ PipelinedMulUnit/imul/_38968_/Y (sky130_fd_sc_hd__o21ai_0)
   0.1093    5.6764 v PipelinedMulUnit/imul/_38971_/Y (sky130_fd_sc_hd__a21oi_1)
   0.1624    5.8388 ^ PipelinedMulUnit/imul/_38974_/Y (sky130_fd_sc_hd__o211ai_1)
   0.1411    5.9799 v PipelinedMulUnit/imul/_38975_/Y (sky130_fd_sc_hd__a32oi_1)
   0.2541    6.2340 ^ PipelinedMulUnit/imul/_38980_/Y (sky130_fd_sc_hd__o21ai_0)
   0.1590    6.3929 v PipelinedMulUnit/imul/_38986_/Y (sky130_fd_sc_hd__a31oi_1)
   0.2778    6.6708 v PipelinedMulUnit/imul/_38991_/X (sky130_fd_sc_hd__o31a_1)
   0.2326    6.9034 v PipelinedMulUnit/imul/_38993_/X (sky130_fd_sc_hd__o221a_2)
   0.3561    7.2594 v PipelinedMulUnit/imul/_38994_/X (sky130_fd_sc_hd__or3_1)
   0.4452    7.7046 ^ PipelinedMulUnit/imul/_38999_/Y (sky130_fd_sc_hd__a311oi_1)
   0.2916    7.9962 v PipelinedMulUnit/imul/_39006_/Y (sky130_fd_sc_hd__o311ai_0)
   0.4192    8.4154 v PipelinedMulUnit/imul/_39010_/X (sky130_fd_sc_hd__a311o_1)
   0.3054    8.7208 ^ PipelinedMulUnit/imul/_39013_/Y (sky130_fd_sc_hd__a311oi_1)
   0.1296    8.8504 v PipelinedMulUnit/imul/_39016_/Y (sky130_fd_sc_hd__o211ai_1)
   0.3919    9.2423 v PipelinedMulUnit/imul/_39021_/X (sky130_fd_sc_hd__a311o_1)
   0.2909    9.5332 ^ PipelinedMulUnit/imul/_39025_/Y (sky130_fd_sc_hd__a311oi_1)
   0.2047    9.7379 v PipelinedMulUnit/imul/_39029_/Y (sky130_fd_sc_hd__o311ai_0)
   0.4023   10.1402 ^ PipelinedMulUnit/imul/_39035_/Y (sky130_fd_sc_hd__a311oi_1)
   0.2449   10.3851 ^ PipelinedMulUnit/imul/_39038_/X (sky130_fd_sc_hd__o311a_1)
   0.1769   10.5620 v PipelinedMulUnit/imul/_39042_/Y (sky130_fd_sc_hd__o311ai_0)
   0.3618   10.9238 ^ PipelinedMulUnit/imul/_39254_/Y (sky130_fd_sc_hd__a311oi_1)
   0.1707   11.0946 v PipelinedMulUnit/imul/_39399_/Y (sky130_fd_sc_hd__a21oi_1)
   0.2150   11.3095 v PipelinedMulUnit/imul/_39623_/Y (sky130_fd_sc_hd__nand4b_1)
   0.4430   11.7525 ^ PipelinedMulUnit/imul/_40019_/Y (sky130_fd_sc_hd__a2111oi_0)
   0.2368   11.9893 ^ PipelinedMulUnit/imul/_40692_/X (sky130_fd_sc_hd__o311a_1)
   0.1218   12.1111 v PipelinedMulUnit/imul/_41025_/Y (sky130_fd_sc_hd__o21ai_0)
   0.3555   12.4666 v PipelinedMulUnit/imul/_41710_/X (sky130_fd_sc_hd__a311o_1)
   0.3717   12.8383 ^ PipelinedMulUnit/imul/_42377_/Y (sky130_fd_sc_hd__a311oi_1)
   0.2787   13.1170 v PipelinedMulUnit/imul/_43050_/Y (sky130_fd_sc_hd__o311ai_0)
   0.4261   13.5431 ^ PipelinedMulUnit/imul/_43708_/Y (sky130_fd_sc_hd__a311oi_1)
   0.2789   13.8220 v PipelinedMulUnit/imul/_44387_/Y (sky130_fd_sc_hd__o311ai_0)
   0.3923   14.2143 ^ PipelinedMulUnit/imul/_45042_/Y (sky130_fd_sc_hd__a311oi_1)
   0.2533   14.4676 ^ PipelinedMulUnit/imul/_47233_/X (sky130_fd_sc_hd__and4_1)
   0.1376   14.6052 v PipelinedMulUnit/imul/_49489_/Y (sky130_fd_sc_hd__o2111ai_1)
   0.2132   14.8185 ^ PipelinedMulUnit/imul/_49749_/Y (sky130_fd_sc_hd__a21oi_1)
   0.1502   14.9687 v PipelinedMulUnit/imul/_50285_/Y (sky130_fd_sc_hd__o21ai_0)
   0.2060   15.1747 ^ PipelinedMulUnit/imul/_50828_/Y (sky130_fd_sc_hd__a21oi_1)
   0.2219   15.3965 ^ PipelinedMulUnit/imul/_50841_/X (sky130_fd_sc_hd__o311a_1)
   0.1970   15.5935 ^ PipelinedMulUnit/imul/_51600_/X (sky130_fd_sc_hd__o311a_1)
   0.1118   15.7053 v PipelinedMulUnit/imul/_51834_/Y (sky130_fd_sc_hd__o21ai_0)
   0.1538   15.8591 ^ PipelinedMulUnit/imul/_51835_/Y (sky130_fd_sc_hd__a21oi_1)
   0.0894   15.9485 v PipelinedMulUnit/imul/_51840_/Y (sky130_fd_sc_hd__o22ai_1)
   0.0035   15.9520 v PipelinedMulUnit/imul/_56605_/D (sky130_fd_sc_hd__dfxtp_1)
            15.9520   data arrival time

  20.0000   20.0000   clock clock (rise edge)
   0.0000   20.0000   clock network delay (ideal)
   0.0000   20.0000   clock reconvergence pessimism
            20.0000 ^ PipelinedMulUnit/imul/_56605_/CLK (sky130_fd_sc_hd__dfxtp_1)
  -0.1309   19.8691   library setup time
            19.8691   data required time
-------------------------------------------------------------
            19.8691   data required time
           -15.9520   data arrival time
-------------------------------------------------------------
             3.9171   slack (MET)


Startpoint: PipelinedMulUnit/imul/_56501_
            (rising edge-triggered flip-flop clocked by clock)
Endpoint: PipelinedMulUnit/imul/_56603_
          (rising edge-triggered flip-flop clocked by clock)
Path Group: clock
Path Type: max

    Delay      Time   Description
-------------------------------------------------------------
   0.0000    0.0000   clock clock (rise edge)
   0.0000    0.0000   clock network delay (ideal)
   0.0000    0.0000 ^ PipelinedMulUnit/imul/_56501_/CLK (sky130_fd_sc_hd__dfxtp_1)
   0.3800    0.3800 ^ PipelinedMulUnit/imul/_56501_/Q (sky130_fd_sc_hd__dfxtp_1)
   0.2608    0.6408 ^ PipelinedMulUnit/imul/_28769_/X (sky130_fd_sc_hd__clkbuf_1)
   0.1282    0.7691 v PipelinedMulUnit/imul/_38732_/Y (sky130_fd_sc_hd__nand2_1)
   0.4064    1.1755 v PipelinedMulUnit/imul/_38780_/X (sky130_fd_sc_hd__xor3_1)
   0.3651    1.5405 v PipelinedMulUnit/imul/_38782_/X (sky130_fd_sc_hd__maj3_1)
   0.2861    1.8266 ^ PipelinedMulUnit/imul/_38784_/X (sky130_fd_sc_hd__xor2_1)
   0.1517    1.9783 v PipelinedMulUnit/imul/_38786_/Y (sky130_fd_sc_hd__o21ai_0)
   0.3985    2.3767 v PipelinedMulUnit/imul/_38789_/X (sky130_fd_sc_hd__maj3_1)
   0.3902    2.7670 v PipelinedMulUnit/imul/_38826_/X (sky130_fd_sc_hd__xor3_1)
   0.2564    3.0233 ^ PipelinedMulUnit/imul/_38863_/Y (sky130_fd_sc_hd__xnor2_1)
   0.6499    3.6732 v PipelinedMulUnit/imul/_38896_/X (sky130_fd_sc_hd__or4b_2)
   0.3847    4.0579 v PipelinedMulUnit/imul/_38902_/X (sky130_fd_sc_hd__maj3_1)
   0.1892    4.2471 v PipelinedMulUnit/imul/_38903_/X (sky130_fd_sc_hd__xor2_1)
   0.2183    4.4654 ^ PipelinedMulUnit/imul/_38934_/Y (sky130_fd_sc_hd__o21ai_0)
   0.2184    4.6838 ^ PipelinedMulUnit/imul/_38935_/X (sky130_fd_sc_hd__xor2_1)
   0.1069    4.7907 v PipelinedMulUnit/imul/_38959_/Y (sky130_fd_sc_hd__a22oi_1)
   0.2202    5.0109 v PipelinedMulUnit/imul/_38961_/X (sky130_fd_sc_hd__o21ba_2)
   0.2250    5.2359 ^ PipelinedMulUnit/imul/_38963_/Y (sky130_fd_sc_hd__o21ai_0)
   0.1331    5.3690 v PipelinedMulUnit/imul/_38966_/Y (sky130_fd_sc_hd__a31oi_1)
   0.1981    5.5671 ^ PipelinedMulUnit/imul/_38968_/Y (sky130_fd_sc_hd__o21ai_0)
   0.1093    5.6764 v PipelinedMulUnit/imul/_38971_/Y (sky130_fd_sc_hd__a21oi_1)
   0.1624    5.8388 ^ PipelinedMulUnit/imul/_38974_/Y (sky130_fd_sc_hd__o211ai_1)
   0.1411    5.9799 v PipelinedMulUnit/imul/_38975_/Y (sky130_fd_sc_hd__a32oi_1)
   0.2541    6.2340 ^ PipelinedMulUnit/imul/_38980_/Y (sky130_fd_sc_hd__o21ai_0)
   0.1590    6.3929 v PipelinedMulUnit/imul/_38986_/Y (sky130_fd_sc_hd__a31oi_1)
   0.2778    6.6708 v PipelinedMulUnit/imul/_38991_/X (sky130_fd_sc_hd__o31a_1)
   0.2326    6.9034 v PipelinedMulUnit/imul/_38993_/X (sky130_fd_sc_hd__o221a_2)
   0.3561    7.2594 v PipelinedMulUnit/imul/_38994_/X (sky130_fd_sc_hd__or3_1)
   0.4452    7.7046 ^ PipelinedMulUnit/imul/_38999_/Y (sky130_fd_sc_hd__a311oi_1)
   0.2916    7.9962 v PipelinedMulUnit/imul/_39006_/Y (sky130_fd_sc_hd__o311ai_0)
   0.4192    8.4154 v PipelinedMulUnit/imul/_39010_/X (sky130_fd_sc_hd__a311o_1)
   0.3054    8.7208 ^ PipelinedMulUnit/imul/_39013_/Y (sky130_fd_sc_hd__a311oi_1)
   0.1296    8.8504 v PipelinedMulUnit/imul/_39016_/Y (sky130_fd_sc_hd__o211ai_1)
   0.3919    9.2423 v PipelinedMulUnit/imul/_39021_/X (sky130_fd_sc_hd__a311o_1)
   0.2909    9.5332 ^ PipelinedMulUnit/imul/_39025_/Y (sky130_fd_sc_hd__a311oi_1)
   0.2047    9.7379 v PipelinedMulUnit/imul/_39029_/Y (sky130_fd_sc_hd__o311ai_0)
   0.4023   10.1402 ^ PipelinedMulUnit/imul/_39035_/Y (sky130_fd_sc_hd__a311oi_1)
   0.2449   10.3851 ^ PipelinedMulUnit/imul/_39038_/X (sky130_fd_sc_hd__o311a_1)
   0.1769   10.5620 v PipelinedMulUnit/imul/_39042_/Y (sky130_fd_sc_hd__o311ai_0)
   0.3618   10.9238 ^ PipelinedMulUnit/imul/_39254_/Y (sky130_fd_sc_hd__a311oi_1)
   0.1707   11.0946 v PipelinedMulUnit/imul/_39399_/Y (sky130_fd_sc_hd__a21oi_1)
   0.2150   11.3095 v PipelinedMulUnit/imul/_39623_/Y (sky130_fd_sc_hd__nand4b_1)
   0.4430   11.7525 ^ PipelinedMulUnit/imul/_40019_/Y (sky130_fd_sc_hd__a2111oi_0)
   0.2368   11.9893 ^ PipelinedMulUnit/imul/_40692_/X (sky130_fd_sc_hd__o311a_1)
   0.1218   12.1111 v PipelinedMulUnit/imul/_41025_/Y (sky130_fd_sc_hd__o21ai_0)
   0.3555   12.4666 v PipelinedMulUnit/imul/_41710_/X (sky130_fd_sc_hd__a311o_1)
   0.3717   12.8383 ^ PipelinedMulUnit/imul/_42377_/Y (sky130_fd_sc_hd__a311oi_1)
   0.2787   13.1170 v PipelinedMulUnit/imul/_43050_/Y (sky130_fd_sc_hd__o311ai_0)
   0.4261   13.5431 ^ PipelinedMulUnit/imul/_43708_/Y (sky130_fd_sc_hd__a311oi_1)
   0.2789   13.8220 v PipelinedMulUnit/imul/_44387_/Y (sky130_fd_sc_hd__o311ai_0)
   0.3923   14.2143 ^ PipelinedMulUnit/imul/_45042_/Y (sky130_fd_sc_hd__a311oi_1)
   0.2533   14.4676 ^ PipelinedMulUnit/imul/_47233_/X (sky130_fd_sc_hd__and4_1)
   0.1376   14.6052 v PipelinedMulUnit/imul/_49489_/Y (sky130_fd_sc_hd__o2111ai_1)
   0.2132   14.8185 ^ PipelinedMulUnit/imul/_49749_/Y (sky130_fd_sc_hd__a21oi_1)
   0.1502   14.9687 v PipelinedMulUnit/imul/_50285_/Y (sky130_fd_sc_hd__o21ai_0)
   0.2060   15.1747 ^ PipelinedMulUnit/imul/_50828_/Y (sky130_fd_sc_hd__a21oi_1)
   0.2219   15.3965 ^ PipelinedMulUnit/imul/_50841_/X (sky130_fd_sc_hd__o311a_1)
   0.1711   15.5676 ^ PipelinedMulUnit/imul/_51096_/X (sky130_fd_sc_hd__o31a_1)
   0.0808   15.6484 v PipelinedMulUnit/imul/_51347_/Y (sky130_fd_sc_hd__xnor2_1)
   0.2824   15.9308 v PipelinedMulUnit/imul/_51351_/X (sky130_fd_sc_hd__a211o_1)
   0.0623   15.9931 ^ PipelinedMulUnit/imul/_51352_/Y (sky130_fd_sc_hd__o21ai_0)
   0.0035   15.9965 ^ PipelinedMulUnit/imul/_56603_/D (sky130_fd_sc_hd__dfxtp_1)
            15.9965   data arrival time

  20.0000   20.0000   clock clock (rise edge)
   0.0000   20.0000   clock network delay (ideal)
   0.0000   20.0000   clock reconvergence pessimism
            20.0000 ^ PipelinedMulUnit/imul/_56603_/CLK (sky130_fd_sc_hd__dfxtp_1)
  -0.0763   19.9237   library setup time
            19.9237   data required time
-------------------------------------------------------------
            19.9237   data required time
           -15.9965   data arrival time
-------------------------------------------------------------
             3.9272   slack (MET)


Startpoint: IntToFPUnit/ifpu/_2836_
            (rising edge-triggered flip-flop clocked by clock)
Endpoint: IntToFPUnit/ifpu/_2963_
          (rising edge-triggered flip-flop clocked by clock)
Path Group: clock
Path Type: max

    Delay      Time   Description
-------------------------------------------------------------
   0.0000    0.0000   clock clock (rise edge)
   0.0000    0.0000   clock network delay (ideal)
   0.0000    0.0000 ^ IntToFPUnit/ifpu/_2836_/CLK (sky130_fd_sc_hd__dfxtp_1)
   0.4367    0.4367 v IntToFPUnit/ifpu/_2836_/Q (sky130_fd_sc_hd__dfxtp_1)
   0.5741    1.0109 v IntToFPUnit/ifpu/i2fResults_i2f_1/_0670_/X (sky130_fd_sc_hd__or4_1)
   0.2304    1.2413 ^ IntToFPUnit/ifpu/i2fResults_i2f_1/_0671_/Y (sky130_fd_sc_hd__nor4_1)
   0.1306    1.3719 v IntToFPUnit/ifpu/i2fResults_i2f_1/_0672_/Y (sky130_fd_sc_hd__nand2b_1)
   0.4586    1.8305 v IntToFPUnit/ifpu/i2fResults_i2f_1/_0673_/X (sky130_fd_sc_hd__or4_1)
   0.4665    2.2970 v IntToFPUnit/ifpu/i2fResults_i2f_1/_0674_/X (sky130_fd_sc_hd__or4_1)
   0.4667    2.7637 v IntToFPUnit/ifpu/i2fResults_i2f_1/_0675_/X (sky130_fd_sc_hd__or4_1)
   0.4667    3.2303 v IntToFPUnit/ifpu/i2fResults_i2f_1/_0676_/X (sky130_fd_sc_hd__or4_1)
   0.4665    3.6968 v IntToFPUnit/ifpu/i2fResults_i2f_1/_0677_/X (sky130_fd_sc_hd__or4_1)
   0.4664    4.1632 v IntToFPUnit/ifpu/i2fResults_i2f_1/_0678_/X (sky130_fd_sc_hd__or4_1)
   0.4665    4.6297 v IntToFPUnit/ifpu/i2fResults_i2f_1/_0679_/X (sky130_fd_sc_hd__or4_1)
   0.4665    5.0962 v IntToFPUnit/ifpu/i2fResults_i2f_1/_0680_/X (sky130_fd_sc_hd__or4_1)
   0.4665    5.5626 v IntToFPUnit/ifpu/i2fResults_i2f_1/_0681_/X (sky130_fd_sc_hd__or4_1)
   0.4667    6.0293 v IntToFPUnit/ifpu/i2fResults_i2f_1/_0682_/X (sky130_fd_sc_hd__or4_1)
   0.4667    6.4960 v IntToFPUnit/ifpu/i2fResults_i2f_1/_0683_/X (sky130_fd_sc_hd__or4_1)
   0.4667    6.9626 v IntToFPUnit/ifpu/i2fResults_i2f_1/_0684_/X (sky130_fd_sc_hd__or4_1)
   0.4667    7.4293 v IntToFPUnit/ifpu/i2fResults_i2f_1/_0685_/X (sky130_fd_sc_hd__or4_1)
   0.4667    7.8960 v IntToFPUnit/ifpu/i2fResults_i2f_1/_0686_/X (sky130_fd_sc_hd__or4_1)
   0.4667    8.3627 v IntToFPUnit/ifpu/i2fResults_i2f_1/_0687_/X (sky130_fd_sc_hd__or4_1)
   0.4597    8.8223 v IntToFPUnit/ifpu/i2fResults_i2f_1/_0688_/X (sky130_fd_sc_hd__or4_1)
   0.4581    9.2804 v IntToFPUnit/ifpu/i2fResults_i2f_1/_0689_/X (sky130_fd_sc_hd__or4_1)
   0.4502    9.7307 v IntToFPUnit/ifpu/i2fResults_i2f_1/_0690_/X (sky130_fd_sc_hd__or4_1)
   0.2176    9.9483 ^ IntToFPUnit/ifpu/i2fResults_i2f_1/_0691_/Y (sky130_fd_sc_hd__o21ai_0)
   0.1149   10.0632 v IntToFPUnit/ifpu/i2fResults_i2f_1/_0692_/Y (sky130_fd_sc_hd__nand2_1)
   0.0813   10.1445 ^ IntToFPUnit/ifpu/i2fResults_i2f_1/_0959_/Y (sky130_fd_sc_hd__nand2_1)
   0.0645   10.2091 v IntToFPUnit/ifpu/i2fResults_i2f_1/_0960_/Y (sky130_fd_sc_hd__a21oi_1)
   0.1624   10.3715 ^ IntToFPUnit/ifpu/i2fResults_i2f_1/_0961_/Y (sky130_fd_sc_hd__nor2_1)
   0.4258   10.7973 ^ IntToFPUnit/ifpu/i2fResults_i2f_1/_0975_/X (sky130_fd_sc_hd__lpflow_clkbufkapwr_1)
   0.5128   11.3101 ^ IntToFPUnit/ifpu/i2fResults_i2f_1/_1063_/X (sky130_fd_sc_hd__lpflow_clkbufkapwr_1)
   0.2826   11.5927 ^ IntToFPUnit/ifpu/i2fResults_i2f_1/_1143_/Y (sky130_fd_sc_hd__mux2i_1)
   0.1121   11.7048 v IntToFPUnit/ifpu/i2fResults_i2f_1/_1144_/Y (sky130_fd_sc_hd__mux2i_1)
   0.1904   11.8952 ^ IntToFPUnit/ifpu/i2fResults_i2f_1/_1145_/Y (sky130_fd_sc_hd__mux2i_1)
   0.1083   12.0035 v IntToFPUnit/ifpu/i2fResults_i2f_1/_1146_/Y (sky130_fd_sc_hd__mux2i_1)
   0.2885   12.2920 v IntToFPUnit/ifpu/i2fResults_i2f_1/_1147_/X (sky130_fd_sc_hd__mux2_2)
   0.2062   12.4982 ^ IntToFPUnit/ifpu/i2fResults_i2f_1/_1148_/Y (sky130_fd_sc_hd__nor2_1)
   0.2054   12.7036 ^ IntToFPUnit/ifpu/i2fResults_i2f_1/roundAnyRawFNToRecFN/_226_/X (sky130_fd_sc_hd__and3_1)
   0.0986   12.8022 v IntToFPUnit/ifpu/i2fResults_i2f_1/roundAnyRawFNToRecFN/_227_/Y (sky130_fd_sc_hd__nand3_1)
   0.4001   13.2023 v IntToFPUnit/ifpu/i2fResults_i2f_1/roundAnyRawFNToRecFN/_265_/X (sky130_fd_sc_hd__or3_1)
   0.6406   13.8429 ^ IntToFPUnit/ifpu/i2fResults_i2f_1/roundAnyRawFNToRecFN/_330_/Y (sky130_fd_sc_hd__nor4_1)
   0.2090   14.0519 v IntToFPUnit/ifpu/i2fResults_i2f_1/roundAnyRawFNToRecFN/_338_/Y (sky130_fd_sc_hd__nand4_1)
   0.2916   14.3435 ^ IntToFPUnit/ifpu/i2fResults_i2f_1/roundAnyRawFNToRecFN/_341_/X (sky130_fd_sc_hd__lpflow_isobufsrc_1)
   0.2703   14.6138 ^ IntToFPUnit/ifpu/i2fResults_i2f_1/roundAnyRawFNToRecFN/_348_/X (sky130_fd_sc_hd__and4_1)
   0.2389   14.8527 ^ IntToFPUnit/ifpu/i2fResults_i2f_1/roundAnyRawFNToRecFN/_349_/X (sky130_fd_sc_hd__maj3_1)
   0.1994   15.0521 ^ IntToFPUnit/ifpu/i2fResults_i2f_1/roundAnyRawFNToRecFN/_350_/X (sky130_fd_sc_hd__and4_1)
   0.2078   15.2599 ^ IntToFPUnit/ifpu/i2fResults_i2f_1/roundAnyRawFNToRecFN/_351_/X (sky130_fd_sc_hd__lpflow_clkbufkapwr_1)
   0.0976   15.3574 v IntToFPUnit/ifpu/i2fResults_i2f_1/roundAnyRawFNToRecFN/_364_/Y (sky130_fd_sc_hd__nand2_1)
   0.1481   15.5055 v IntToFPUnit/ifpu/i2fResults_i2f_1/roundAnyRawFNToRecFN/_365_/Y (sky130_fd_sc_hd__xnor2_1)
   0.1689   15.6744 v IntToFPUnit/ifpu/_2786_/X (sky130_fd_sc_hd__and3_1)
   0.2491   15.9235 v IntToFPUnit/ifpu/_2787_/X (sky130_fd_sc_hd__a221o_1)
   0.0035   15.9270 v IntToFPUnit/ifpu/_2963_/D (sky130_fd_sc_hd__dfxtp_1)
            15.9270   data arrival time

  20.0000   20.0000   clock clock (rise edge)
   0.0000   20.0000   clock network delay (ideal)
   0.0000   20.0000   clock reconvergence pessimism
            20.0000 ^ IntToFPUnit/ifpu/_2963_/CLK (sky130_fd_sc_hd__dfxtp_1)
  -0.1227   19.8773   library setup time
            19.8773   data required time
-------------------------------------------------------------
            19.8773   data required time
           -15.9270   data arrival time
-------------------------------------------------------------
             3.9504   slack (MET)


Startpoint: PipelinedMulUnit/imul/_56501_
            (rising edge-triggered flip-flop clocked by clock)
Endpoint: PipelinedMulUnit/imul/_56596_
          (rising edge-triggered flip-flop clocked by clock)
Path Group: clock
Path Type: max

    Delay      Time   Description
-------------------------------------------------------------
   0.0000    0.0000   clock clock (rise edge)
   0.0000    0.0000   clock network delay (ideal)
   0.0000    0.0000 ^ PipelinedMulUnit/imul/_56501_/CLK (sky130_fd_sc_hd__dfxtp_1)
   0.3800    0.3800 ^ PipelinedMulUnit/imul/_56501_/Q (sky130_fd_sc_hd__dfxtp_1)
   0.2608    0.6408 ^ PipelinedMulUnit/imul/_28769_/X (sky130_fd_sc_hd__clkbuf_1)
   0.1282    0.7691 v PipelinedMulUnit/imul/_38732_/Y (sky130_fd_sc_hd__nand2_1)
   0.4064    1.1755 v PipelinedMulUnit/imul/_38780_/X (sky130_fd_sc_hd__xor3_1)
   0.3651    1.5405 v PipelinedMulUnit/imul/_38782_/X (sky130_fd_sc_hd__maj3_1)
   0.2861    1.8266 ^ PipelinedMulUnit/imul/_38784_/X (sky130_fd_sc_hd__xor2_1)
   0.1517    1.9783 v PipelinedMulUnit/imul/_38786_/Y (sky130_fd_sc_hd__o21ai_0)
   0.3985    2.3767 v PipelinedMulUnit/imul/_38789_/X (sky130_fd_sc_hd__maj3_1)
   0.3902    2.7670 v PipelinedMulUnit/imul/_38826_/X (sky130_fd_sc_hd__xor3_1)
   0.2564    3.0233 ^ PipelinedMulUnit/imul/_38863_/Y (sky130_fd_sc_hd__xnor2_1)
   0.6499    3.6732 v PipelinedMulUnit/imul/_38896_/X (sky130_fd_sc_hd__or4b_2)
   0.3847    4.0579 v PipelinedMulUnit/imul/_38902_/X (sky130_fd_sc_hd__maj3_1)
   0.1892    4.2471 v PipelinedMulUnit/imul/_38903_/X (sky130_fd_sc_hd__xor2_1)
   0.2183    4.4654 ^ PipelinedMulUnit/imul/_38934_/Y (sky130_fd_sc_hd__o21ai_0)
   0.2184    4.6838 ^ PipelinedMulUnit/imul/_38935_/X (sky130_fd_sc_hd__xor2_1)
   0.1069    4.7907 v PipelinedMulUnit/imul/_38959_/Y (sky130_fd_sc_hd__a22oi_1)
   0.2202    5.0109 v PipelinedMulUnit/imul/_38961_/X (sky130_fd_sc_hd__o21ba_2)
   0.2250    5.2359 ^ PipelinedMulUnit/imul/_38963_/Y (sky130_fd_sc_hd__o21ai_0)
   0.1331    5.3690 v PipelinedMulUnit/imul/_38966_/Y (sky130_fd_sc_hd__a31oi_1)
   0.1981    5.5671 ^ PipelinedMulUnit/imul/_38968_/Y (sky130_fd_sc_hd__o21ai_0)
   0.1093    5.6764 v PipelinedMulUnit/imul/_38971_/Y (sky130_fd_sc_hd__a21oi_1)
   0.1624    5.8388 ^ PipelinedMulUnit/imul/_38974_/Y (sky130_fd_sc_hd__o211ai_1)
   0.1411    5.9799 v PipelinedMulUnit/imul/_38975_/Y (sky130_fd_sc_hd__a32oi_1)
   0.2541    6.2340 ^ PipelinedMulUnit/imul/_38980_/Y (sky130_fd_sc_hd__o21ai_0)
   0.1590    6.3929 v PipelinedMulUnit/imul/_38986_/Y (sky130_fd_sc_hd__a31oi_1)
   0.2778    6.6708 v PipelinedMulUnit/imul/_38991_/X (sky130_fd_sc_hd__o31a_1)
   0.2326    6.9034 v PipelinedMulUnit/imul/_38993_/X (sky130_fd_sc_hd__o221a_2)
   0.3561    7.2594 v PipelinedMulUnit/imul/_38994_/X (sky130_fd_sc_hd__or3_1)
   0.4452    7.7046 ^ PipelinedMulUnit/imul/_38999_/Y (sky130_fd_sc_hd__a311oi_1)
   0.2916    7.9962 v PipelinedMulUnit/imul/_39006_/Y (sky130_fd_sc_hd__o311ai_0)
   0.4192    8.4154 v PipelinedMulUnit/imul/_39010_/X (sky130_fd_sc_hd__a311o_1)
   0.3054    8.7208 ^ PipelinedMulUnit/imul/_39013_/Y (sky130_fd_sc_hd__a311oi_1)
   0.1296    8.8504 v PipelinedMulUnit/imul/_39016_/Y (sky130_fd_sc_hd__o211ai_1)
   0.3919    9.2423 v PipelinedMulUnit/imul/_39021_/X (sky130_fd_sc_hd__a311o_1)
   0.2909    9.5332 ^ PipelinedMulUnit/imul/_39025_/Y (sky130_fd_sc_hd__a311oi_1)
   0.2047    9.7379 v PipelinedMulUnit/imul/_39029_/Y (sky130_fd_sc_hd__o311ai_0)
   0.4023   10.1402 ^ PipelinedMulUnit/imul/_39035_/Y (sky130_fd_sc_hd__a311oi_1)
   0.2449   10.3851 ^ PipelinedMulUnit/imul/_39038_/X (sky130_fd_sc_hd__o311a_1)
   0.1769   10.5620 v PipelinedMulUnit/imul/_39042_/Y (sky130_fd_sc_hd__o311ai_0)
   0.3618   10.9238 ^ PipelinedMulUnit/imul/_39254_/Y (sky130_fd_sc_hd__a311oi_1)
   0.1707   11.0946 v PipelinedMulUnit/imul/_39399_/Y (sky130_fd_sc_hd__a21oi_1)
   0.2150   11.3095 v PipelinedMulUnit/imul/_39623_/Y (sky130_fd_sc_hd__nand4b_1)
   0.4430   11.7525 ^ PipelinedMulUnit/imul/_40019_/Y (sky130_fd_sc_hd__a2111oi_0)
   0.2368   11.9893 ^ PipelinedMulUnit/imul/_40692_/X (sky130_fd_sc_hd__o311a_1)
   0.1218   12.1111 v PipelinedMulUnit/imul/_41025_/Y (sky130_fd_sc_hd__o21ai_0)
   0.3555   12.4666 v PipelinedMulUnit/imul/_41710_/X (sky130_fd_sc_hd__a311o_1)
   0.3717   12.8383 ^ PipelinedMulUnit/imul/_42377_/Y (sky130_fd_sc_hd__a311oi_1)
   0.2787   13.1170 v PipelinedMulUnit/imul/_43050_/Y (sky130_fd_sc_hd__o311ai_0)
   0.4261   13.5431 ^ PipelinedMulUnit/imul/_43708_/Y (sky130_fd_sc_hd__a311oi_1)
   0.2789   13.8220 v PipelinedMulUnit/imul/_44387_/Y (sky130_fd_sc_hd__o311ai_0)
   0.3923   14.2143 ^ PipelinedMulUnit/imul/_45042_/Y (sky130_fd_sc_hd__a311oi_1)
   0.2533   14.4676 ^ PipelinedMulUnit/imul/_47233_/X (sky130_fd_sc_hd__and4_1)
   0.0715   14.5391 v PipelinedMulUnit/imul/_47237_/Y (sky130_fd_sc_hd__nor2_1)
   0.2106   14.7497 ^ PipelinedMulUnit/imul/_47825_/Y (sky130_fd_sc_hd__nor3_1)
   0.0723   14.8220 v PipelinedMulUnit/imul/_48655_/Y (sky130_fd_sc_hd__nand2_1)
   0.0794   14.9013 ^ PipelinedMulUnit/imul/_48656_/Y (sky130_fd_sc_hd__nand2_1)
   0.1964   15.0977 ^ PipelinedMulUnit/imul/_48658_/X (sky130_fd_sc_hd__lpflow_isobufsrc_1)
   0.1092   15.2069 v PipelinedMulUnit/imul/_48938_/Y (sky130_fd_sc_hd__o31ai_1)
   0.3063   15.5132 v PipelinedMulUnit/imul/_49213_/X (sky130_fd_sc_hd__or2_2)
   0.0823   15.5955 ^ PipelinedMulUnit/imul/_49220_/Y (sky130_fd_sc_hd__nand2_1)
   0.0816   15.6771 v PipelinedMulUnit/imul/_49476_/Y (sky130_fd_sc_hd__o21ai_0)
   0.1295   15.8066 ^ PipelinedMulUnit/imul/_49477_/Y (sky130_fd_sc_hd__a21oi_1)
   0.1407   15.9474 ^ PipelinedMulUnit/imul/_49483_/X (sky130_fd_sc_hd__o22a_1)
   0.0035   15.9508 ^ PipelinedMulUnit/imul/_56596_/D (sky130_fd_sc_hd__dfxtp_1)
            15.9508   data arrival time

  20.0000   20.0000   clock clock (rise edge)
   0.0000   20.0000   clock network delay (ideal)
   0.0000   20.0000   clock reconvergence pessimism
            20.0000 ^ PipelinedMulUnit/imul/_56596_/CLK (sky130_fd_sc_hd__dfxtp_1)
  -0.0591   19.9409   library setup time
            19.9409   data required time
-------------------------------------------------------------
            19.9409   data required time
           -15.9508   data arrival time
-------------------------------------------------------------
             3.9901   slack (MET)


Startpoint: PipelinedMulUnit/imul/_56501_
            (rising edge-triggered flip-flop clocked by clock)
Endpoint: PipelinedMulUnit/imul/_56602_
          (rising edge-triggered flip-flop clocked by clock)
Path Group: clock
Path Type: max

    Delay      Time   Description
-------------------------------------------------------------
   0.0000    0.0000   clock clock (rise edge)
   0.0000    0.0000   clock network delay (ideal)
   0.0000    0.0000 ^ PipelinedMulUnit/imul/_56501_/CLK (sky130_fd_sc_hd__dfxtp_1)
   0.3800    0.3800 ^ PipelinedMulUnit/imul/_56501_/Q (sky130_fd_sc_hd__dfxtp_1)
   0.2608    0.6408 ^ PipelinedMulUnit/imul/_28769_/X (sky130_fd_sc_hd__clkbuf_1)
   0.1282    0.7691 v PipelinedMulUnit/imul/_38732_/Y (sky130_fd_sc_hd__nand2_1)
   0.4064    1.1755 v PipelinedMulUnit/imul/_38780_/X (sky130_fd_sc_hd__xor3_1)
   0.3651    1.5405 v PipelinedMulUnit/imul/_38782_/X (sky130_fd_sc_hd__maj3_1)
   0.2861    1.8266 ^ PipelinedMulUnit/imul/_38784_/X (sky130_fd_sc_hd__xor2_1)
   0.1517    1.9783 v PipelinedMulUnit/imul/_38786_/Y (sky130_fd_sc_hd__o21ai_0)
   0.3985    2.3767 v PipelinedMulUnit/imul/_38789_/X (sky130_fd_sc_hd__maj3_1)
   0.3902    2.7670 v PipelinedMulUnit/imul/_38826_/X (sky130_fd_sc_hd__xor3_1)
   0.2564    3.0233 ^ PipelinedMulUnit/imul/_38863_/Y (sky130_fd_sc_hd__xnor2_1)
   0.6499    3.6732 v PipelinedMulUnit/imul/_38896_/X (sky130_fd_sc_hd__or4b_2)
   0.3847    4.0579 v PipelinedMulUnit/imul/_38902_/X (sky130_fd_sc_hd__maj3_1)
   0.1892    4.2471 v PipelinedMulUnit/imul/_38903_/X (sky130_fd_sc_hd__xor2_1)
   0.2183    4.4654 ^ PipelinedMulUnit/imul/_38934_/Y (sky130_fd_sc_hd__o21ai_0)
   0.2184    4.6838 ^ PipelinedMulUnit/imul/_38935_/X (sky130_fd_sc_hd__xor2_1)
   0.1069    4.7907 v PipelinedMulUnit/imul/_38959_/Y (sky130_fd_sc_hd__a22oi_1)
   0.2202    5.0109 v PipelinedMulUnit/imul/_38961_/X (sky130_fd_sc_hd__o21ba_2)
   0.2250    5.2359 ^ PipelinedMulUnit/imul/_38963_/Y (sky130_fd_sc_hd__o21ai_0)
   0.1331    5.3690 v PipelinedMulUnit/imul/_38966_/Y (sky130_fd_sc_hd__a31oi_1)
   0.1981    5.5671 ^ PipelinedMulUnit/imul/_38968_/Y (sky130_fd_sc_hd__o21ai_0)
   0.1093    5.6764 v PipelinedMulUnit/imul/_38971_/Y (sky130_fd_sc_hd__a21oi_1)
   0.1624    5.8388 ^ PipelinedMulUnit/imul/_38974_/Y (sky130_fd_sc_hd__o211ai_1)
   0.1411    5.9799 v PipelinedMulUnit/imul/_38975_/Y (sky130_fd_sc_hd__a32oi_1)
   0.2541    6.2340 ^ PipelinedMulUnit/imul/_38980_/Y (sky130_fd_sc_hd__o21ai_0)
   0.1590    6.3929 v PipelinedMulUnit/imul/_38986_/Y (sky130_fd_sc_hd__a31oi_1)
   0.2778    6.6708 v PipelinedMulUnit/imul/_38991_/X (sky130_fd_sc_hd__o31a_1)
   0.2326    6.9034 v PipelinedMulUnit/imul/_38993_/X (sky130_fd_sc_hd__o221a_2)
   0.3561    7.2594 v PipelinedMulUnit/imul/_38994_/X (sky130_fd_sc_hd__or3_1)
   0.4452    7.7046 ^ PipelinedMulUnit/imul/_38999_/Y (sky130_fd_sc_hd__a311oi_1)
   0.2916    7.9962 v PipelinedMulUnit/imul/_39006_/Y (sky130_fd_sc_hd__o311ai_0)
   0.4192    8.4154 v PipelinedMulUnit/imul/_39010_/X (sky130_fd_sc_hd__a311o_1)
   0.3054    8.7208 ^ PipelinedMulUnit/imul/_39013_/Y (sky130_fd_sc_hd__a311oi_1)
   0.1296    8.8504 v PipelinedMulUnit/imul/_39016_/Y (sky130_fd_sc_hd__o211ai_1)
   0.3919    9.2423 v PipelinedMulUnit/imul/_39021_/X (sky130_fd_sc_hd__a311o_1)
   0.2909    9.5332 ^ PipelinedMulUnit/imul/_39025_/Y (sky130_fd_sc_hd__a311oi_1)
   0.2047    9.7379 v PipelinedMulUnit/imul/_39029_/Y (sky130_fd_sc_hd__o311ai_0)
   0.4023   10.1402 ^ PipelinedMulUnit/imul/_39035_/Y (sky130_fd_sc_hd__a311oi_1)
   0.2449   10.3851 ^ PipelinedMulUnit/imul/_39038_/X (sky130_fd_sc_hd__o311a_1)
   0.1769   10.5620 v PipelinedMulUnit/imul/_39042_/Y (sky130_fd_sc_hd__o311ai_0)
   0.3618   10.9238 ^ PipelinedMulUnit/imul/_39254_/Y (sky130_fd_sc_hd__a311oi_1)
   0.1707   11.0946 v PipelinedMulUnit/imul/_39399_/Y (sky130_fd_sc_hd__a21oi_1)
   0.2150   11.3095 v PipelinedMulUnit/imul/_39623_/Y (sky130_fd_sc_hd__nand4b_1)
   0.4430   11.7525 ^ PipelinedMulUnit/imul/_40019_/Y (sky130_fd_sc_hd__a2111oi_0)
   0.2368   11.9893 ^ PipelinedMulUnit/imul/_40692_/X (sky130_fd_sc_hd__o311a_1)
   0.1218   12.1111 v PipelinedMulUnit/imul/_41025_/Y (sky130_fd_sc_hd__o21ai_0)
   0.3555   12.4666 v PipelinedMulUnit/imul/_41710_/X (sky130_fd_sc_hd__a311o_1)
   0.3717   12.8383 ^ PipelinedMulUnit/imul/_42377_/Y (sky130_fd_sc_hd__a311oi_1)
   0.2787   13.1170 v PipelinedMulUnit/imul/_43050_/Y (sky130_fd_sc_hd__o311ai_0)
   0.4261   13.5431 ^ PipelinedMulUnit/imul/_43708_/Y (sky130_fd_sc_hd__a311oi_1)
   0.2789   13.8220 v PipelinedMulUnit/imul/_44387_/Y (sky130_fd_sc_hd__o311ai_0)
   0.3923   14.2143 ^ PipelinedMulUnit/imul/_45042_/Y (sky130_fd_sc_hd__a311oi_1)
   0.2533   14.4676 ^ PipelinedMulUnit/imul/_47233_/X (sky130_fd_sc_hd__and4_1)
   0.1376   14.6052 v PipelinedMulUnit/imul/_49489_/Y (sky130_fd_sc_hd__o2111ai_1)
   0.2132   14.8185 ^ PipelinedMulUnit/imul/_49749_/Y (sky130_fd_sc_hd__a21oi_1)
   0.1502   14.9687 v PipelinedMulUnit/imul/_50285_/Y (sky130_fd_sc_hd__o21ai_0)
   0.2060   15.1747 ^ PipelinedMulUnit/imul/_50828_/Y (sky130_fd_sc_hd__a21oi_1)
   0.2219   15.3965 ^ PipelinedMulUnit/imul/_50841_/X (sky130_fd_sc_hd__o311a_1)
   0.0584   15.4549 v PipelinedMulUnit/imul/_50842_/Y (sky130_fd_sc_hd__nor2_1)
   0.1530   15.6080 ^ PipelinedMulUnit/imul/_51092_/Y (sky130_fd_sc_hd__o21ai_0)
   0.1091   15.7171 v PipelinedMulUnit/imul/_51093_/Y (sky130_fd_sc_hd__o211ai_1)
   0.1238   15.8409 v PipelinedMulUnit/imul/_51094_/X (sky130_fd_sc_hd__o21a_1)
   0.0035   15.8443 v PipelinedMulUnit/imul/_56602_/D (sky130_fd_sc_hd__dfxtp_1)
            15.8443   data arrival time

  20.0000   20.0000   clock clock (rise edge)
   0.0000   20.0000   clock network delay (ideal)
   0.0000   20.0000   clock reconvergence pessimism
            20.0000 ^ PipelinedMulUnit/imul/_56602_/CLK (sky130_fd_sc_hd__dfxtp_1)
  -0.1156   19.8844   library setup time
            19.8844   data required time
-------------------------------------------------------------
            19.8844   data required time
           -15.8443   data arrival time
-------------------------------------------------------------
             4.0400   slack (MET)


Startpoint: PipelinedMulUnit/imul/_56501_
            (rising edge-triggered flip-flop clocked by clock)
Endpoint: PipelinedMulUnit/imul/_56601_
          (rising edge-triggered flip-flop clocked by clock)
Path Group: clock
Path Type: max

    Delay      Time   Description
-------------------------------------------------------------
   0.0000    0.0000   clock clock (rise edge)
   0.0000    0.0000   clock network delay (ideal)
   0.0000    0.0000 ^ PipelinedMulUnit/imul/_56501_/CLK (sky130_fd_sc_hd__dfxtp_1)
   0.3800    0.3800 ^ PipelinedMulUnit/imul/_56501_/Q (sky130_fd_sc_hd__dfxtp_1)
   0.2608    0.6408 ^ PipelinedMulUnit/imul/_28769_/X (sky130_fd_sc_hd__clkbuf_1)
   0.1282    0.7691 v PipelinedMulUnit/imul/_38732_/Y (sky130_fd_sc_hd__nand2_1)
   0.4064    1.1755 v PipelinedMulUnit/imul/_38780_/X (sky130_fd_sc_hd__xor3_1)
   0.3651    1.5405 v PipelinedMulUnit/imul/_38782_/X (sky130_fd_sc_hd__maj3_1)
   0.2861    1.8266 ^ PipelinedMulUnit/imul/_38784_/X (sky130_fd_sc_hd__xor2_1)
   0.1517    1.9783 v PipelinedMulUnit/imul/_38786_/Y (sky130_fd_sc_hd__o21ai_0)
   0.3985    2.3767 v PipelinedMulUnit/imul/_38789_/X (sky130_fd_sc_hd__maj3_1)
   0.3902    2.7670 v PipelinedMulUnit/imul/_38826_/X (sky130_fd_sc_hd__xor3_1)
   0.2564    3.0233 ^ PipelinedMulUnit/imul/_38863_/Y (sky130_fd_sc_hd__xnor2_1)
   0.6499    3.6732 v PipelinedMulUnit/imul/_38896_/X (sky130_fd_sc_hd__or4b_2)
   0.3847    4.0579 v PipelinedMulUnit/imul/_38902_/X (sky130_fd_sc_hd__maj3_1)
   0.1892    4.2471 v PipelinedMulUnit/imul/_38903_/X (sky130_fd_sc_hd__xor2_1)
   0.2183    4.4654 ^ PipelinedMulUnit/imul/_38934_/Y (sky130_fd_sc_hd__o21ai_0)
   0.2184    4.6838 ^ PipelinedMulUnit/imul/_38935_/X (sky130_fd_sc_hd__xor2_1)
   0.1069    4.7907 v PipelinedMulUnit/imul/_38959_/Y (sky130_fd_sc_hd__a22oi_1)
   0.2202    5.0109 v PipelinedMulUnit/imul/_38961_/X (sky130_fd_sc_hd__o21ba_2)
   0.2250    5.2359 ^ PipelinedMulUnit/imul/_38963_/Y (sky130_fd_sc_hd__o21ai_0)
   0.1331    5.3690 v PipelinedMulUnit/imul/_38966_/Y (sky130_fd_sc_hd__a31oi_1)
   0.1981    5.5671 ^ PipelinedMulUnit/imul/_38968_/Y (sky130_fd_sc_hd__o21ai_0)
   0.1093    5.6764 v PipelinedMulUnit/imul/_38971_/Y (sky130_fd_sc_hd__a21oi_1)
   0.1624    5.8388 ^ PipelinedMulUnit/imul/_38974_/Y (sky130_fd_sc_hd__o211ai_1)
   0.1411    5.9799 v PipelinedMulUnit/imul/_38975_/Y (sky130_fd_sc_hd__a32oi_1)
   0.2541    6.2340 ^ PipelinedMulUnit/imul/_38980_/Y (sky130_fd_sc_hd__o21ai_0)
   0.1590    6.3929 v PipelinedMulUnit/imul/_38986_/Y (sky130_fd_sc_hd__a31oi_1)
   0.2778    6.6708 v PipelinedMulUnit/imul/_38991_/X (sky130_fd_sc_hd__o31a_1)
   0.2326    6.9034 v PipelinedMulUnit/imul/_38993_/X (sky130_fd_sc_hd__o221a_2)
   0.3561    7.2594 v PipelinedMulUnit/imul/_38994_/X (sky130_fd_sc_hd__or3_1)
   0.4452    7.7046 ^ PipelinedMulUnit/imul/_38999_/Y (sky130_fd_sc_hd__a311oi_1)
   0.2916    7.9962 v PipelinedMulUnit/imul/_39006_/Y (sky130_fd_sc_hd__o311ai_0)
   0.4192    8.4154 v PipelinedMulUnit/imul/_39010_/X (sky130_fd_sc_hd__a311o_1)
   0.3054    8.7208 ^ PipelinedMulUnit/imul/_39013_/Y (sky130_fd_sc_hd__a311oi_1)
   0.1296    8.8504 v PipelinedMulUnit/imul/_39016_/Y (sky130_fd_sc_hd__o211ai_1)
   0.3919    9.2423 v PipelinedMulUnit/imul/_39021_/X (sky130_fd_sc_hd__a311o_1)
   0.2909    9.5332 ^ PipelinedMulUnit/imul/_39025_/Y (sky130_fd_sc_hd__a311oi_1)
   0.2047    9.7379 v PipelinedMulUnit/imul/_39029_/Y (sky130_fd_sc_hd__o311ai_0)
   0.4023   10.1402 ^ PipelinedMulUnit/imul/_39035_/Y (sky130_fd_sc_hd__a311oi_1)
   0.2449   10.3851 ^ PipelinedMulUnit/imul/_39038_/X (sky130_fd_sc_hd__o311a_1)
   0.1769   10.5620 v PipelinedMulUnit/imul/_39042_/Y (sky130_fd_sc_hd__o311ai_0)
   0.3618   10.9238 ^ PipelinedMulUnit/imul/_39254_/Y (sky130_fd_sc_hd__a311oi_1)
   0.1707   11.0946 v PipelinedMulUnit/imul/_39399_/Y (sky130_fd_sc_hd__a21oi_1)
   0.2150   11.3095 v PipelinedMulUnit/imul/_39623_/Y (sky130_fd_sc_hd__nand4b_1)
   0.4430   11.7525 ^ PipelinedMulUnit/imul/_40019_/Y (sky130_fd_sc_hd__a2111oi_0)
   0.2368   11.9893 ^ PipelinedMulUnit/imul/_40692_/X (sky130_fd_sc_hd__o311a_1)
   0.1218   12.1111 v PipelinedMulUnit/imul/_41025_/Y (sky130_fd_sc_hd__o21ai_0)
   0.3555   12.4666 v PipelinedMulUnit/imul/_41710_/X (sky130_fd_sc_hd__a311o_1)
   0.3717   12.8383 ^ PipelinedMulUnit/imul/_42377_/Y (sky130_fd_sc_hd__a311oi_1)
   0.2787   13.1170 v PipelinedMulUnit/imul/_43050_/Y (sky130_fd_sc_hd__o311ai_0)
   0.4261   13.5431 ^ PipelinedMulUnit/imul/_43708_/Y (sky130_fd_sc_hd__a311oi_1)
   0.2789   13.8220 v PipelinedMulUnit/imul/_44387_/Y (sky130_fd_sc_hd__o311ai_0)
   0.3923   14.2143 ^ PipelinedMulUnit/imul/_45042_/Y (sky130_fd_sc_hd__a311oi_1)
   0.2533   14.4676 ^ PipelinedMulUnit/imul/_47233_/X (sky130_fd_sc_hd__and4_1)
   0.1376   14.6052 v PipelinedMulUnit/imul/_49489_/Y (sky130_fd_sc_hd__o2111ai_1)
   0.2132   14.8185 ^ PipelinedMulUnit/imul/_49749_/Y (sky130_fd_sc_hd__a21oi_1)
   0.1502   14.9687 v PipelinedMulUnit/imul/_50285_/Y (sky130_fd_sc_hd__o21ai_0)
   0.2060   15.1747 ^ PipelinedMulUnit/imul/_50828_/Y (sky130_fd_sc_hd__a21oi_1)
   0.1072   15.2818 v PipelinedMulUnit/imul/_50829_/Y (sky130_fd_sc_hd__o31ai_1)
   0.1494   15.4312 v PipelinedMulUnit/imul/_50830_/X (sky130_fd_sc_hd__xor2_1)
   0.2914   15.7226 v PipelinedMulUnit/imul/_50834_/X (sky130_fd_sc_hd__a211o_1)
   0.0623   15.7849 ^ PipelinedMulUnit/imul/_50835_/Y (sky130_fd_sc_hd__o21ai_0)
   0.0035   15.7884 ^ PipelinedMulUnit/imul/_56601_/D (sky130_fd_sc_hd__dfxtp_1)
            15.7884   data arrival time

  20.0000   20.0000   clock clock (rise edge)
   0.0000   20.0000   clock network delay (ideal)
   0.0000   20.0000   clock reconvergence pessimism
            20.0000 ^ PipelinedMulUnit/imul/_56601_/CLK (sky130_fd_sc_hd__dfxtp_1)
  -0.0763   19.9237   library setup time
            19.9237   data required time
-------------------------------------------------------------
            19.9237   data required time
           -15.7884   data arrival time
-------------------------------------------------------------
             4.1354   slack (MET)


Startpoint: IntToFPUnit/ifpu/_2836_
            (rising edge-triggered flip-flop clocked by clock)
Endpoint: IntToFPUnit/ifpu/_2962_
          (rising edge-triggered flip-flop clocked by clock)
Path Group: clock
Path Type: max

    Delay      Time   Description
-------------------------------------------------------------
   0.0000    0.0000   clock clock (rise edge)
   0.0000    0.0000   clock network delay (ideal)
   0.0000    0.0000 ^ IntToFPUnit/ifpu/_2836_/CLK (sky130_fd_sc_hd__dfxtp_1)
   0.4367    0.4367 v IntToFPUnit/ifpu/_2836_/Q (sky130_fd_sc_hd__dfxtp_1)
   0.5741    1.0109 v IntToFPUnit/ifpu/i2fResults_i2f_1/_0670_/X (sky130_fd_sc_hd__or4_1)
   0.2304    1.2413 ^ IntToFPUnit/ifpu/i2fResults_i2f_1/_0671_/Y (sky130_fd_sc_hd__nor4_1)
   0.1306    1.3719 v IntToFPUnit/ifpu/i2fResults_i2f_1/_0672_/Y (sky130_fd_sc_hd__nand2b_1)
   0.4586    1.8305 v IntToFPUnit/ifpu/i2fResults_i2f_1/_0673_/X (sky130_fd_sc_hd__or4_1)
   0.4665    2.2970 v IntToFPUnit/ifpu/i2fResults_i2f_1/_0674_/X (sky130_fd_sc_hd__or4_1)
   0.4667    2.7637 v IntToFPUnit/ifpu/i2fResults_i2f_1/_0675_/X (sky130_fd_sc_hd__or4_1)
   0.4667    3.2303 v IntToFPUnit/ifpu/i2fResults_i2f_1/_0676_/X (sky130_fd_sc_hd__or4_1)
   0.4665    3.6968 v IntToFPUnit/ifpu/i2fResults_i2f_1/_0677_/X (sky130_fd_sc_hd__or4_1)
   0.4664    4.1632 v IntToFPUnit/ifpu/i2fResults_i2f_1/_0678_/X (sky130_fd_sc_hd__or4_1)
   0.4665    4.6297 v IntToFPUnit/ifpu/i2fResults_i2f_1/_0679_/X (sky130_fd_sc_hd__or4_1)
   0.4665    5.0962 v IntToFPUnit/ifpu/i2fResults_i2f_1/_0680_/X (sky130_fd_sc_hd__or4_1)
   0.4665    5.5626 v IntToFPUnit/ifpu/i2fResults_i2f_1/_0681_/X (sky130_fd_sc_hd__or4_1)
   0.4667    6.0293 v IntToFPUnit/ifpu/i2fResults_i2f_1/_0682_/X (sky130_fd_sc_hd__or4_1)
   0.4667    6.4960 v IntToFPUnit/ifpu/i2fResults_i2f_1/_0683_/X (sky130_fd_sc_hd__or4_1)
   0.4667    6.9626 v IntToFPUnit/ifpu/i2fResults_i2f_1/_0684_/X (sky130_fd_sc_hd__or4_1)
   0.4667    7.4293 v IntToFPUnit/ifpu/i2fResults_i2f_1/_0685_/X (sky130_fd_sc_hd__or4_1)
   0.4667    7.8960 v IntToFPUnit/ifpu/i2fResults_i2f_1/_0686_/X (sky130_fd_sc_hd__or4_1)
   0.4667    8.3627 v IntToFPUnit/ifpu/i2fResults_i2f_1/_0687_/X (sky130_fd_sc_hd__or4_1)
   0.4597    8.8223 v IntToFPUnit/ifpu/i2fResults_i2f_1/_0688_/X (sky130_fd_sc_hd__or4_1)
   0.4581    9.2804 v IntToFPUnit/ifpu/i2fResults_i2f_1/_0689_/X (sky130_fd_sc_hd__or4_1)
   0.4502    9.7307 v IntToFPUnit/ifpu/i2fResults_i2f_1/_0690_/X (sky130_fd_sc_hd__or4_1)
   0.2176    9.9483 ^ IntToFPUnit/ifpu/i2fResults_i2f_1/_0691_/Y (sky130_fd_sc_hd__o21ai_0)
   0.1149   10.0632 v IntToFPUnit/ifpu/i2fResults_i2f_1/_0692_/Y (sky130_fd_sc_hd__nand2_1)
   0.0813   10.1445 ^ IntToFPUnit/ifpu/i2fResults_i2f_1/_0959_/Y (sky130_fd_sc_hd__nand2_1)
   0.0645   10.2091 v IntToFPUnit/ifpu/i2fResults_i2f_1/_0960_/Y (sky130_fd_sc_hd__a21oi_1)
   0.1624   10.3715 ^ IntToFPUnit/ifpu/i2fResults_i2f_1/_0961_/Y (sky130_fd_sc_hd__nor2_1)
   0.4258   10.7973 ^ IntToFPUnit/ifpu/i2fResults_i2f_1/_0975_/X (sky130_fd_sc_hd__lpflow_clkbufkapwr_1)
   0.5128   11.3101 ^ IntToFPUnit/ifpu/i2fResults_i2f_1/_1063_/X (sky130_fd_sc_hd__lpflow_clkbufkapwr_1)
   0.2826   11.5927 ^ IntToFPUnit/ifpu/i2fResults_i2f_1/_1143_/Y (sky130_fd_sc_hd__mux2i_1)
   0.1121   11.7048 v IntToFPUnit/ifpu/i2fResults_i2f_1/_1144_/Y (sky130_fd_sc_hd__mux2i_1)
   0.1904   11.8952 ^ IntToFPUnit/ifpu/i2fResults_i2f_1/_1145_/Y (sky130_fd_sc_hd__mux2i_1)
   0.1083   12.0035 v IntToFPUnit/ifpu/i2fResults_i2f_1/_1146_/Y (sky130_fd_sc_hd__mux2i_1)
   0.2885   12.2920 v IntToFPUnit/ifpu/i2fResults_i2f_1/_1147_/X (sky130_fd_sc_hd__mux2_2)
   0.2062   12.4982 ^ IntToFPUnit/ifpu/i2fResults_i2f_1/_1148_/Y (sky130_fd_sc_hd__nor2_1)
   0.2054   12.7036 ^ IntToFPUnit/ifpu/i2fResults_i2f_1/roundAnyRawFNToRecFN/_226_/X (sky130_fd_sc_hd__and3_1)
   0.0986   12.8022 v IntToFPUnit/ifpu/i2fResults_i2f_1/roundAnyRawFNToRecFN/_227_/Y (sky130_fd_sc_hd__nand3_1)
   0.4001   13.2023 v IntToFPUnit/ifpu/i2fResults_i2f_1/roundAnyRawFNToRecFN/_265_/X (sky130_fd_sc_hd__or3_1)
   0.6406   13.8429 ^ IntToFPUnit/ifpu/i2fResults_i2f_1/roundAnyRawFNToRecFN/_330_/Y (sky130_fd_sc_hd__nor4_1)
   0.2090   14.0519 v IntToFPUnit/ifpu/i2fResults_i2f_1/roundAnyRawFNToRecFN/_338_/Y (sky130_fd_sc_hd__nand4_1)
   0.2916   14.3435 ^ IntToFPUnit/ifpu/i2fResults_i2f_1/roundAnyRawFNToRecFN/_341_/X (sky130_fd_sc_hd__lpflow_isobufsrc_1)
   0.2703   14.6138 ^ IntToFPUnit/ifpu/i2fResults_i2f_1/roundAnyRawFNToRecFN/_348_/X (sky130_fd_sc_hd__and4_1)
   0.2389   14.8527 ^ IntToFPUnit/ifpu/i2fResults_i2f_1/roundAnyRawFNToRecFN/_349_/X (sky130_fd_sc_hd__maj3_1)
   0.1994   15.0521 ^ IntToFPUnit/ifpu/i2fResults_i2f_1/roundAnyRawFNToRecFN/_350_/X (sky130_fd_sc_hd__and4_1)
   0.2078   15.2599 ^ IntToFPUnit/ifpu/i2fResults_i2f_1/roundAnyRawFNToRecFN/_351_/X (sky130_fd_sc_hd__lpflow_clkbufkapwr_1)
   0.0975   15.3574 v IntToFPUnit/ifpu/i2fResults_i2f_1/roundAnyRawFNToRecFN/_363_/X (sky130_fd_sc_hd__xor2_1)
   0.3244   15.6818 v IntToFPUnit/ifpu/_2784_/X (sky130_fd_sc_hd__a221o_1)
   0.0035   15.6852 v IntToFPUnit/ifpu/_2962_/D (sky130_fd_sc_hd__dfxtp_1)
            15.6852   data arrival time

  20.0000   20.0000   clock clock (rise edge)
   0.0000   20.0000   clock network delay (ideal)
   0.0000   20.0000   clock reconvergence pessimism
            20.0000 ^ IntToFPUnit/ifpu/_2962_/CLK (sky130_fd_sc_hd__dfxtp_1)
  -0.1226   19.8774   library setup time
            19.8774   data required time
-------------------------------------------------------------
            19.8774   data required time
           -15.6852   data arrival time
-------------------------------------------------------------
             4.1922   slack (MET)


Startpoint: PipelinedMulUnit/imul/_56501_
            (rising edge-triggered flip-flop clocked by clock)
Endpoint: PipelinedMulUnit/imul/_56595_
          (rising edge-triggered flip-flop clocked by clock)
Path Group: clock
Path Type: max

    Delay      Time   Description
-------------------------------------------------------------
   0.0000    0.0000   clock clock (rise edge)
   0.0000    0.0000   clock network delay (ideal)
   0.0000    0.0000 ^ PipelinedMulUnit/imul/_56501_/CLK (sky130_fd_sc_hd__dfxtp_1)
   0.3800    0.3800 ^ PipelinedMulUnit/imul/_56501_/Q (sky130_fd_sc_hd__dfxtp_1)
   0.2608    0.6408 ^ PipelinedMulUnit/imul/_28769_/X (sky130_fd_sc_hd__clkbuf_1)
   0.1282    0.7691 v PipelinedMulUnit/imul/_38732_/Y (sky130_fd_sc_hd__nand2_1)
   0.4064    1.1755 v PipelinedMulUnit/imul/_38780_/X (sky130_fd_sc_hd__xor3_1)
   0.3651    1.5405 v PipelinedMulUnit/imul/_38782_/X (sky130_fd_sc_hd__maj3_1)
   0.2861    1.8266 ^ PipelinedMulUnit/imul/_38784_/X (sky130_fd_sc_hd__xor2_1)
   0.1517    1.9783 v PipelinedMulUnit/imul/_38786_/Y (sky130_fd_sc_hd__o21ai_0)
   0.3985    2.3767 v PipelinedMulUnit/imul/_38789_/X (sky130_fd_sc_hd__maj3_1)
   0.3902    2.7670 v PipelinedMulUnit/imul/_38826_/X (sky130_fd_sc_hd__xor3_1)
   0.2564    3.0233 ^ PipelinedMulUnit/imul/_38863_/Y (sky130_fd_sc_hd__xnor2_1)
   0.6499    3.6732 v PipelinedMulUnit/imul/_38896_/X (sky130_fd_sc_hd__or4b_2)
   0.3847    4.0579 v PipelinedMulUnit/imul/_38902_/X (sky130_fd_sc_hd__maj3_1)
   0.1892    4.2471 v PipelinedMulUnit/imul/_38903_/X (sky130_fd_sc_hd__xor2_1)
   0.2183    4.4654 ^ PipelinedMulUnit/imul/_38934_/Y (sky130_fd_sc_hd__o21ai_0)
   0.2184    4.6838 ^ PipelinedMulUnit/imul/_38935_/X (sky130_fd_sc_hd__xor2_1)
   0.1069    4.7907 v PipelinedMulUnit/imul/_38959_/Y (sky130_fd_sc_hd__a22oi_1)
   0.2202    5.0109 v PipelinedMulUnit/imul/_38961_/X (sky130_fd_sc_hd__o21ba_2)
   0.2250    5.2359 ^ PipelinedMulUnit/imul/_38963_/Y (sky130_fd_sc_hd__o21ai_0)
   0.1331    5.3690 v PipelinedMulUnit/imul/_38966_/Y (sky130_fd_sc_hd__a31oi_1)
   0.1981    5.5671 ^ PipelinedMulUnit/imul/_38968_/Y (sky130_fd_sc_hd__o21ai_0)
   0.1093    5.6764 v PipelinedMulUnit/imul/_38971_/Y (sky130_fd_sc_hd__a21oi_1)
   0.1624    5.8388 ^ PipelinedMulUnit/imul/_38974_/Y (sky130_fd_sc_hd__o211ai_1)
   0.1411    5.9799 v PipelinedMulUnit/imul/_38975_/Y (sky130_fd_sc_hd__a32oi_1)
   0.2541    6.2340 ^ PipelinedMulUnit/imul/_38980_/Y (sky130_fd_sc_hd__o21ai_0)
   0.1590    6.3929 v PipelinedMulUnit/imul/_38986_/Y (sky130_fd_sc_hd__a31oi_1)
   0.2778    6.6708 v PipelinedMulUnit/imul/_38991_/X (sky130_fd_sc_hd__o31a_1)
   0.2326    6.9034 v PipelinedMulUnit/imul/_38993_/X (sky130_fd_sc_hd__o221a_2)
   0.3561    7.2594 v PipelinedMulUnit/imul/_38994_/X (sky130_fd_sc_hd__or3_1)
   0.4452    7.7046 ^ PipelinedMulUnit/imul/_38999_/Y (sky130_fd_sc_hd__a311oi_1)
   0.2916    7.9962 v PipelinedMulUnit/imul/_39006_/Y (sky130_fd_sc_hd__o311ai_0)
   0.4192    8.4154 v PipelinedMulUnit/imul/_39010_/X (sky130_fd_sc_hd__a311o_1)
   0.3054    8.7208 ^ PipelinedMulUnit/imul/_39013_/Y (sky130_fd_sc_hd__a311oi_1)
   0.1296    8.8504 v PipelinedMulUnit/imul/_39016_/Y (sky130_fd_sc_hd__o211ai_1)
   0.3919    9.2423 v PipelinedMulUnit/imul/_39021_/X (sky130_fd_sc_hd__a311o_1)
   0.2909    9.5332 ^ PipelinedMulUnit/imul/_39025_/Y (sky130_fd_sc_hd__a311oi_1)
   0.2047    9.7379 v PipelinedMulUnit/imul/_39029_/Y (sky130_fd_sc_hd__o311ai_0)
   0.4023   10.1402 ^ PipelinedMulUnit/imul/_39035_/Y (sky130_fd_sc_hd__a311oi_1)
   0.2449   10.3851 ^ PipelinedMulUnit/imul/_39038_/X (sky130_fd_sc_hd__o311a_1)
   0.1769   10.5620 v PipelinedMulUnit/imul/_39042_/Y (sky130_fd_sc_hd__o311ai_0)
   0.3618   10.9238 ^ PipelinedMulUnit/imul/_39254_/Y (sky130_fd_sc_hd__a311oi_1)
   0.1707   11.0946 v PipelinedMulUnit/imul/_39399_/Y (sky130_fd_sc_hd__a21oi_1)
   0.2150   11.3095 v PipelinedMulUnit/imul/_39623_/Y (sky130_fd_sc_hd__nand4b_1)
   0.4430   11.7525 ^ PipelinedMulUnit/imul/_40019_/Y (sky130_fd_sc_hd__a2111oi_0)
   0.2368   11.9893 ^ PipelinedMulUnit/imul/_40692_/X (sky130_fd_sc_hd__o311a_1)
   0.1218   12.1111 v PipelinedMulUnit/imul/_41025_/Y (sky130_fd_sc_hd__o21ai_0)
   0.3555   12.4666 v PipelinedMulUnit/imul/_41710_/X (sky130_fd_sc_hd__a311o_1)
   0.3717   12.8383 ^ PipelinedMulUnit/imul/_42377_/Y (sky130_fd_sc_hd__a311oi_1)
   0.2787   13.1170 v PipelinedMulUnit/imul/_43050_/Y (sky130_fd_sc_hd__o311ai_0)
   0.4261   13.5431 ^ PipelinedMulUnit/imul/_43708_/Y (sky130_fd_sc_hd__a311oi_1)
   0.2789   13.8220 v PipelinedMulUnit/imul/_44387_/Y (sky130_fd_sc_hd__o311ai_0)
   0.3923   14.2143 ^ PipelinedMulUnit/imul/_45042_/Y (sky130_fd_sc_hd__a311oi_1)
   0.2533   14.4676 ^ PipelinedMulUnit/imul/_47233_/X (sky130_fd_sc_hd__and4_1)
   0.0715   14.5391 v PipelinedMulUnit/imul/_47237_/Y (sky130_fd_sc_hd__nor2_1)
   0.2106   14.7497 ^ PipelinedMulUnit/imul/_47825_/Y (sky130_fd_sc_hd__nor3_1)
   0.0723   14.8220 v PipelinedMulUnit/imul/_48655_/Y (sky130_fd_sc_hd__nand2_1)
   0.0794   14.9013 ^ PipelinedMulUnit/imul/_48656_/Y (sky130_fd_sc_hd__nand2_1)
   0.1964   15.0977 ^ PipelinedMulUnit/imul/_48658_/X (sky130_fd_sc_hd__lpflow_isobufsrc_1)
   0.1092   15.2069 v PipelinedMulUnit/imul/_48938_/Y (sky130_fd_sc_hd__o31ai_1)
   0.3063   15.5132 v PipelinedMulUnit/imul/_49213_/X (sky130_fd_sc_hd__or2_2)
   0.0855   15.5987 ^ PipelinedMulUnit/imul/_49214_/Y (sky130_fd_sc_hd__nand3_1)
   0.0599   15.6586 v PipelinedMulUnit/imul/_49218_/Y (sky130_fd_sc_hd__a21oi_1)
   0.0035   15.6621 v PipelinedMulUnit/imul/_56595_/D (sky130_fd_sc_hd__dfxtp_1)
            15.6621   data arrival time

  20.0000   20.0000   clock clock (rise edge)
   0.0000   20.0000   clock network delay (ideal)
   0.0000   20.0000   clock reconvergence pessimism
            20.0000 ^ PipelinedMulUnit/imul/_56595_/CLK (sky130_fd_sc_hd__dfxtp_1)
  -0.1203   19.8797   library setup time
            19.8797   data required time
-------------------------------------------------------------
            19.8797   data required time
           -15.6621   data arrival time
-------------------------------------------------------------
             4.2176   slack (MET)


Startpoint: IntToFPUnit/ifpu/_2836_
            (rising edge-triggered flip-flop clocked by clock)
Endpoint: IntToFPUnit/ifpu/_2961_
          (rising edge-triggered flip-flop clocked by clock)
Path Group: clock
Path Type: max

    Delay      Time   Description
-------------------------------------------------------------
   0.0000    0.0000   clock clock (rise edge)
   0.0000    0.0000   clock network delay (ideal)
   0.0000    0.0000 ^ IntToFPUnit/ifpu/_2836_/CLK (sky130_fd_sc_hd__dfxtp_1)
   0.4367    0.4367 v IntToFPUnit/ifpu/_2836_/Q (sky130_fd_sc_hd__dfxtp_1)
   0.5741    1.0109 v IntToFPUnit/ifpu/i2fResults_i2f_1/_0670_/X (sky130_fd_sc_hd__or4_1)
   0.2304    1.2413 ^ IntToFPUnit/ifpu/i2fResults_i2f_1/_0671_/Y (sky130_fd_sc_hd__nor4_1)
   0.1306    1.3719 v IntToFPUnit/ifpu/i2fResults_i2f_1/_0672_/Y (sky130_fd_sc_hd__nand2b_1)
   0.4586    1.8305 v IntToFPUnit/ifpu/i2fResults_i2f_1/_0673_/X (sky130_fd_sc_hd__or4_1)
   0.4665    2.2970 v IntToFPUnit/ifpu/i2fResults_i2f_1/_0674_/X (sky130_fd_sc_hd__or4_1)
   0.4667    2.7637 v IntToFPUnit/ifpu/i2fResults_i2f_1/_0675_/X (sky130_fd_sc_hd__or4_1)
   0.4667    3.2303 v IntToFPUnit/ifpu/i2fResults_i2f_1/_0676_/X (sky130_fd_sc_hd__or4_1)
   0.4665    3.6968 v IntToFPUnit/ifpu/i2fResults_i2f_1/_0677_/X (sky130_fd_sc_hd__or4_1)
   0.4664    4.1632 v IntToFPUnit/ifpu/i2fResults_i2f_1/_0678_/X (sky130_fd_sc_hd__or4_1)
   0.4665    4.6297 v IntToFPUnit/ifpu/i2fResults_i2f_1/_0679_/X (sky130_fd_sc_hd__or4_1)
   0.4665    5.0962 v IntToFPUnit/ifpu/i2fResults_i2f_1/_0680_/X (sky130_fd_sc_hd__or4_1)
   0.4665    5.5626 v IntToFPUnit/ifpu/i2fResults_i2f_1/_0681_/X (sky130_fd_sc_hd__or4_1)
   0.4667    6.0293 v IntToFPUnit/ifpu/i2fResults_i2f_1/_0682_/X (sky130_fd_sc_hd__or4_1)
   0.4667    6.4960 v IntToFPUnit/ifpu/i2fResults_i2f_1/_0683_/X (sky130_fd_sc_hd__or4_1)
   0.4667    6.9626 v IntToFPUnit/ifpu/i2fResults_i2f_1/_0684_/X (sky130_fd_sc_hd__or4_1)
   0.4667    7.4293 v IntToFPUnit/ifpu/i2fResults_i2f_1/_0685_/X (sky130_fd_sc_hd__or4_1)
   0.4667    7.8960 v IntToFPUnit/ifpu/i2fResults_i2f_1/_0686_/X (sky130_fd_sc_hd__or4_1)
   0.4667    8.3627 v IntToFPUnit/ifpu/i2fResults_i2f_1/_0687_/X (sky130_fd_sc_hd__or4_1)
   0.4597    8.8223 v IntToFPUnit/ifpu/i2fResults_i2f_1/_0688_/X (sky130_fd_sc_hd__or4_1)
   0.4581    9.2804 v IntToFPUnit/ifpu/i2fResults_i2f_1/_0689_/X (sky130_fd_sc_hd__or4_1)
   0.4502    9.7307 v IntToFPUnit/ifpu/i2fResults_i2f_1/_0690_/X (sky130_fd_sc_hd__or4_1)
   0.2176    9.9483 ^ IntToFPUnit/ifpu/i2fResults_i2f_1/_0691_/Y (sky130_fd_sc_hd__o21ai_0)
   0.1149   10.0632 v IntToFPUnit/ifpu/i2fResults_i2f_1/_0692_/Y (sky130_fd_sc_hd__nand2_1)
   0.0813   10.1445 ^ IntToFPUnit/ifpu/i2fResults_i2f_1/_0959_/Y (sky130_fd_sc_hd__nand2_1)
   0.0645   10.2091 v IntToFPUnit/ifpu/i2fResults_i2f_1/_0960_/Y (sky130_fd_sc_hd__a21oi_1)
   0.1624   10.3715 ^ IntToFPUnit/ifpu/i2fResults_i2f_1/_0961_/Y (sky130_fd_sc_hd__nor2_1)
   0.4258   10.7973 ^ IntToFPUnit/ifpu/i2fResults_i2f_1/_0975_/X (sky130_fd_sc_hd__lpflow_clkbufkapwr_1)
   0.5128   11.3101 ^ IntToFPUnit/ifpu/i2fResults_i2f_1/_1063_/X (sky130_fd_sc_hd__lpflow_clkbufkapwr_1)
   0.2826   11.5927 ^ IntToFPUnit/ifpu/i2fResults_i2f_1/_1143_/Y (sky130_fd_sc_hd__mux2i_1)
   0.1121   11.7048 v IntToFPUnit/ifpu/i2fResults_i2f_1/_1144_/Y (sky130_fd_sc_hd__mux2i_1)
   0.1904   11.8952 ^ IntToFPUnit/ifpu/i2fResults_i2f_1/_1145_/Y (sky130_fd_sc_hd__mux2i_1)
   0.1083   12.0035 v IntToFPUnit/ifpu/i2fResults_i2f_1/_1146_/Y (sky130_fd_sc_hd__mux2i_1)
   0.2885   12.2920 v IntToFPUnit/ifpu/i2fResults_i2f_1/_1147_/X (sky130_fd_sc_hd__mux2_2)
   0.2062   12.4982 ^ IntToFPUnit/ifpu/i2fResults_i2f_1/_1148_/Y (sky130_fd_sc_hd__nor2_1)
   0.2054   12.7036 ^ IntToFPUnit/ifpu/i2fResults_i2f_1/roundAnyRawFNToRecFN/_226_/X (sky130_fd_sc_hd__and3_1)
   0.0986   12.8022 v IntToFPUnit/ifpu/i2fResults_i2f_1/roundAnyRawFNToRecFN/_227_/Y (sky130_fd_sc_hd__nand3_1)
   0.4001   13.2023 v IntToFPUnit/ifpu/i2fResults_i2f_1/roundAnyRawFNToRecFN/_265_/X (sky130_fd_sc_hd__or3_1)
   0.6406   13.8429 ^ IntToFPUnit/ifpu/i2fResults_i2f_1/roundAnyRawFNToRecFN/_330_/Y (sky130_fd_sc_hd__nor4_1)
   0.2090   14.0519 v IntToFPUnit/ifpu/i2fResults_i2f_1/roundAnyRawFNToRecFN/_338_/Y (sky130_fd_sc_hd__nand4_1)
   0.2916   14.3435 ^ IntToFPUnit/ifpu/i2fResults_i2f_1/roundAnyRawFNToRecFN/_341_/X (sky130_fd_sc_hd__lpflow_isobufsrc_1)
   0.2703   14.6138 ^ IntToFPUnit/ifpu/i2fResults_i2f_1/roundAnyRawFNToRecFN/_348_/X (sky130_fd_sc_hd__and4_1)
   0.2389   14.8527 ^ IntToFPUnit/ifpu/i2fResults_i2f_1/roundAnyRawFNToRecFN/_349_/X (sky130_fd_sc_hd__maj3_1)
   0.1994   15.0521 ^ IntToFPUnit/ifpu/i2fResults_i2f_1/roundAnyRawFNToRecFN/_350_/X (sky130_fd_sc_hd__and4_1)
   0.2078   15.2599 ^ IntToFPUnit/ifpu/i2fResults_i2f_1/roundAnyRawFNToRecFN/_351_/X (sky130_fd_sc_hd__lpflow_clkbufkapwr_1)
   0.0764   15.3363 v IntToFPUnit/ifpu/i2fResults_i2f_1/roundAnyRawFNToRecFN/_362_/Y (sky130_fd_sc_hd__nor2_1)
   0.3114   15.6477 v IntToFPUnit/ifpu/_2780_/X (sky130_fd_sc_hd__a221o_1)
   0.0035   15.6512 v IntToFPUnit/ifpu/_2961_/D (sky130_fd_sc_hd__dfxtp_1)
            15.6512   data arrival time

  20.0000   20.0000   clock clock (rise edge)
   0.0000   20.0000   clock network delay (ideal)
   0.0000   20.0000   clock reconvergence pessimism
            20.0000 ^ IntToFPUnit/ifpu/_2961_/CLK (sky130_fd_sc_hd__dfxtp_1)
  -0.1227   19.8773   library setup time
            19.8773   data required time
-------------------------------------------------------------
            19.8773   data required time
           -15.6512   data arrival time
-------------------------------------------------------------
             4.2262   slack (MET)


Startpoint: IntToFPUnit/ifpu/_2836_
            (rising edge-triggered flip-flop clocked by clock)
Endpoint: IntToFPUnit/ifpu/_2964_
          (rising edge-triggered flip-flop clocked by clock)
Path Group: clock
Path Type: max

    Delay      Time   Description
-------------------------------------------------------------
   0.0000    0.0000   clock clock (rise edge)
   0.0000    0.0000   clock network delay (ideal)
   0.0000    0.0000 ^ IntToFPUnit/ifpu/_2836_/CLK (sky130_fd_sc_hd__dfxtp_1)
   0.4367    0.4367 v IntToFPUnit/ifpu/_2836_/Q (sky130_fd_sc_hd__dfxtp_1)
   0.5741    1.0109 v IntToFPUnit/ifpu/i2fResults_i2f_1/_0670_/X (sky130_fd_sc_hd__or4_1)
   0.2304    1.2413 ^ IntToFPUnit/ifpu/i2fResults_i2f_1/_0671_/Y (sky130_fd_sc_hd__nor4_1)
   0.1306    1.3719 v IntToFPUnit/ifpu/i2fResults_i2f_1/_0672_/Y (sky130_fd_sc_hd__nand2b_1)
   0.4586    1.8305 v IntToFPUnit/ifpu/i2fResults_i2f_1/_0673_/X (sky130_fd_sc_hd__or4_1)
   0.4665    2.2970 v IntToFPUnit/ifpu/i2fResults_i2f_1/_0674_/X (sky130_fd_sc_hd__or4_1)
   0.4667    2.7637 v IntToFPUnit/ifpu/i2fResults_i2f_1/_0675_/X (sky130_fd_sc_hd__or4_1)
   0.4667    3.2303 v IntToFPUnit/ifpu/i2fResults_i2f_1/_0676_/X (sky130_fd_sc_hd__or4_1)
   0.4665    3.6968 v IntToFPUnit/ifpu/i2fResults_i2f_1/_0677_/X (sky130_fd_sc_hd__or4_1)
   0.4664    4.1632 v IntToFPUnit/ifpu/i2fResults_i2f_1/_0678_/X (sky130_fd_sc_hd__or4_1)
   0.4665    4.6297 v IntToFPUnit/ifpu/i2fResults_i2f_1/_0679_/X (sky130_fd_sc_hd__or4_1)
   0.4665    5.0962 v IntToFPUnit/ifpu/i2fResults_i2f_1/_0680_/X (sky130_fd_sc_hd__or4_1)
   0.4665    5.5626 v IntToFPUnit/ifpu/i2fResults_i2f_1/_0681_/X (sky130_fd_sc_hd__or4_1)
   0.4667    6.0293 v IntToFPUnit/ifpu/i2fResults_i2f_1/_0682_/X (sky130_fd_sc_hd__or4_1)
   0.4667    6.4960 v IntToFPUnit/ifpu/i2fResults_i2f_1/_0683_/X (sky130_fd_sc_hd__or4_1)
   0.4667    6.9626 v IntToFPUnit/ifpu/i2fResults_i2f_1/_0684_/X (sky130_fd_sc_hd__or4_1)
   0.4667    7.4293 v IntToFPUnit/ifpu/i2fResults_i2f_1/_0685_/X (sky130_fd_sc_hd__or4_1)
   0.4667    7.8960 v IntToFPUnit/ifpu/i2fResults_i2f_1/_0686_/X (sky130_fd_sc_hd__or4_1)
   0.4667    8.3627 v IntToFPUnit/ifpu/i2fResults_i2f_1/_0687_/X (sky130_fd_sc_hd__or4_1)
   0.4597    8.8223 v IntToFPUnit/ifpu/i2fResults_i2f_1/_0688_/X (sky130_fd_sc_hd__or4_1)
   0.4581    9.2804 v IntToFPUnit/ifpu/i2fResults_i2f_1/_0689_/X (sky130_fd_sc_hd__or4_1)
   0.4502    9.7307 v IntToFPUnit/ifpu/i2fResults_i2f_1/_0690_/X (sky130_fd_sc_hd__or4_1)
   0.2176    9.9483 ^ IntToFPUnit/ifpu/i2fResults_i2f_1/_0691_/Y (sky130_fd_sc_hd__o21ai_0)
   0.1149   10.0632 v IntToFPUnit/ifpu/i2fResults_i2f_1/_0692_/Y (sky130_fd_sc_hd__nand2_1)
   0.0813   10.1445 ^ IntToFPUnit/ifpu/i2fResults_i2f_1/_0959_/Y (sky130_fd_sc_hd__nand2_1)
   0.0645   10.2091 v IntToFPUnit/ifpu/i2fResults_i2f_1/_0960_/Y (sky130_fd_sc_hd__a21oi_1)
   0.1624   10.3715 ^ IntToFPUnit/ifpu/i2fResults_i2f_1/_0961_/Y (sky130_fd_sc_hd__nor2_1)
   0.4258   10.7973 ^ IntToFPUnit/ifpu/i2fResults_i2f_1/_0975_/X (sky130_fd_sc_hd__lpflow_clkbufkapwr_1)
   0.5128   11.3101 ^ IntToFPUnit/ifpu/i2fResults_i2f_1/_1063_/X (sky130_fd_sc_hd__lpflow_clkbufkapwr_1)
   0.2826   11.5927 ^ IntToFPUnit/ifpu/i2fResults_i2f_1/_1143_/Y (sky130_fd_sc_hd__mux2i_1)
   0.1121   11.7048 v IntToFPUnit/ifpu/i2fResults_i2f_1/_1144_/Y (sky130_fd_sc_hd__mux2i_1)
   0.1904   11.8952 ^ IntToFPUnit/ifpu/i2fResults_i2f_1/_1145_/Y (sky130_fd_sc_hd__mux2i_1)
   0.1083   12.0035 v IntToFPUnit/ifpu/i2fResults_i2f_1/_1146_/Y (sky130_fd_sc_hd__mux2i_1)
   0.2885   12.2920 v IntToFPUnit/ifpu/i2fResults_i2f_1/_1147_/X (sky130_fd_sc_hd__mux2_2)
   0.2062   12.4982 ^ IntToFPUnit/ifpu/i2fResults_i2f_1/_1148_/Y (sky130_fd_sc_hd__nor2_1)
   0.2054   12.7036 ^ IntToFPUnit/ifpu/i2fResults_i2f_1/roundAnyRawFNToRecFN/_226_/X (sky130_fd_sc_hd__and3_1)
   0.0986   12.8022 v IntToFPUnit/ifpu/i2fResults_i2f_1/roundAnyRawFNToRecFN/_227_/Y (sky130_fd_sc_hd__nand3_1)
   0.4001   13.2023 v IntToFPUnit/ifpu/i2fResults_i2f_1/roundAnyRawFNToRecFN/_265_/X (sky130_fd_sc_hd__or3_1)
   0.6406   13.8429 ^ IntToFPUnit/ifpu/i2fResults_i2f_1/roundAnyRawFNToRecFN/_330_/Y (sky130_fd_sc_hd__nor4_1)
   0.2090   14.0519 v IntToFPUnit/ifpu/i2fResults_i2f_1/roundAnyRawFNToRecFN/_338_/Y (sky130_fd_sc_hd__nand4_1)
   0.2916   14.3435 ^ IntToFPUnit/ifpu/i2fResults_i2f_1/roundAnyRawFNToRecFN/_341_/X (sky130_fd_sc_hd__lpflow_isobufsrc_1)
   0.2703   14.6138 ^ IntToFPUnit/ifpu/i2fResults_i2f_1/roundAnyRawFNToRecFN/_348_/X (sky130_fd_sc_hd__and4_1)
   0.2389   14.8527 ^ IntToFPUnit/ifpu/i2fResults_i2f_1/roundAnyRawFNToRecFN/_349_/X (sky130_fd_sc_hd__maj3_1)
   0.1994   15.0521 ^ IntToFPUnit/ifpu/i2fResults_i2f_1/roundAnyRawFNToRecFN/_350_/X (sky130_fd_sc_hd__and4_1)
   0.2078   15.2599 ^ IntToFPUnit/ifpu/i2fResults_i2f_1/roundAnyRawFNToRecFN/_351_/X (sky130_fd_sc_hd__lpflow_clkbufkapwr_1)
   0.1135   15.3734 v IntToFPUnit/ifpu/i2fResults_i2f_1/roundAnyRawFNToRecFN/_367_/Y (sky130_fd_sc_hd__a31oi_1)
   0.1286   15.5019 ^ IntToFPUnit/ifpu/i2fResults_i2f_1/roundAnyRawFNToRecFN/_368_/X (sky130_fd_sc_hd__lpflow_isobufsrc_1)
   0.1374   15.6394 ^ IntToFPUnit/ifpu/_2791_/X (sky130_fd_sc_hd__a221o_1)
   0.0035   15.6428 ^ IntToFPUnit/ifpu/_2964_/D (sky130_fd_sc_hd__dfxtp_1)
            15.6428   data arrival time

  20.0000   20.0000   clock clock (rise edge)
   0.0000   20.0000   clock network delay (ideal)
   0.0000   20.0000   clock reconvergence pessimism
            20.0000 ^ IntToFPUnit/ifpu/_2964_/CLK (sky130_fd_sc_hd__dfxtp_1)
  -0.0603   19.9397   library setup time
            19.9397   data required time
-------------------------------------------------------------
            19.9397   data required time
           -15.6428   data arrival time
-------------------------------------------------------------
             4.2968   slack (MET)


Startpoint: PipelinedMulUnit/imul/_56501_
            (rising edge-triggered flip-flop clocked by clock)
Endpoint: PipelinedMulUnit/imul/_56600_
          (rising edge-triggered flip-flop clocked by clock)
Path Group: clock
Path Type: max

    Delay      Time   Description
-------------------------------------------------------------
   0.0000    0.0000   clock clock (rise edge)
   0.0000    0.0000   clock network delay (ideal)
   0.0000    0.0000 ^ PipelinedMulUnit/imul/_56501_/CLK (sky130_fd_sc_hd__dfxtp_1)
   0.3800    0.3800 ^ PipelinedMulUnit/imul/_56501_/Q (sky130_fd_sc_hd__dfxtp_1)
   0.2608    0.6408 ^ PipelinedMulUnit/imul/_28769_/X (sky130_fd_sc_hd__clkbuf_1)
   0.1282    0.7691 v PipelinedMulUnit/imul/_38732_/Y (sky130_fd_sc_hd__nand2_1)
   0.4064    1.1755 v PipelinedMulUnit/imul/_38780_/X (sky130_fd_sc_hd__xor3_1)
   0.3651    1.5405 v PipelinedMulUnit/imul/_38782_/X (sky130_fd_sc_hd__maj3_1)
   0.2861    1.8266 ^ PipelinedMulUnit/imul/_38784_/X (sky130_fd_sc_hd__xor2_1)
   0.1517    1.9783 v PipelinedMulUnit/imul/_38786_/Y (sky130_fd_sc_hd__o21ai_0)
   0.3985    2.3767 v PipelinedMulUnit/imul/_38789_/X (sky130_fd_sc_hd__maj3_1)
   0.3902    2.7670 v PipelinedMulUnit/imul/_38826_/X (sky130_fd_sc_hd__xor3_1)
   0.2564    3.0233 ^ PipelinedMulUnit/imul/_38863_/Y (sky130_fd_sc_hd__xnor2_1)
   0.6499    3.6732 v PipelinedMulUnit/imul/_38896_/X (sky130_fd_sc_hd__or4b_2)
   0.3847    4.0579 v PipelinedMulUnit/imul/_38902_/X (sky130_fd_sc_hd__maj3_1)
   0.1892    4.2471 v PipelinedMulUnit/imul/_38903_/X (sky130_fd_sc_hd__xor2_1)
   0.2183    4.4654 ^ PipelinedMulUnit/imul/_38934_/Y (sky130_fd_sc_hd__o21ai_0)
   0.2184    4.6838 ^ PipelinedMulUnit/imul/_38935_/X (sky130_fd_sc_hd__xor2_1)
   0.1069    4.7907 v PipelinedMulUnit/imul/_38959_/Y (sky130_fd_sc_hd__a22oi_1)
   0.2202    5.0109 v PipelinedMulUnit/imul/_38961_/X (sky130_fd_sc_hd__o21ba_2)
   0.2250    5.2359 ^ PipelinedMulUnit/imul/_38963_/Y (sky130_fd_sc_hd__o21ai_0)
   0.1331    5.3690 v PipelinedMulUnit/imul/_38966_/Y (sky130_fd_sc_hd__a31oi_1)
   0.1981    5.5671 ^ PipelinedMulUnit/imul/_38968_/Y (sky130_fd_sc_hd__o21ai_0)
   0.1093    5.6764 v PipelinedMulUnit/imul/_38971_/Y (sky130_fd_sc_hd__a21oi_1)
   0.1624    5.8388 ^ PipelinedMulUnit/imul/_38974_/Y (sky130_fd_sc_hd__o211ai_1)
   0.1411    5.9799 v PipelinedMulUnit/imul/_38975_/Y (sky130_fd_sc_hd__a32oi_1)
   0.2541    6.2340 ^ PipelinedMulUnit/imul/_38980_/Y (sky130_fd_sc_hd__o21ai_0)
   0.1590    6.3929 v PipelinedMulUnit/imul/_38986_/Y (sky130_fd_sc_hd__a31oi_1)
   0.2778    6.6708 v PipelinedMulUnit/imul/_38991_/X (sky130_fd_sc_hd__o31a_1)
   0.2326    6.9034 v PipelinedMulUnit/imul/_38993_/X (sky130_fd_sc_hd__o221a_2)
   0.3561    7.2594 v PipelinedMulUnit/imul/_38994_/X (sky130_fd_sc_hd__or3_1)
   0.4452    7.7046 ^ PipelinedMulUnit/imul/_38999_/Y (sky130_fd_sc_hd__a311oi_1)
   0.2916    7.9962 v PipelinedMulUnit/imul/_39006_/Y (sky130_fd_sc_hd__o311ai_0)
   0.4192    8.4154 v PipelinedMulUnit/imul/_39010_/X (sky130_fd_sc_hd__a311o_1)
   0.3054    8.7208 ^ PipelinedMulUnit/imul/_39013_/Y (sky130_fd_sc_hd__a311oi_1)
   0.1296    8.8504 v PipelinedMulUnit/imul/_39016_/Y (sky130_fd_sc_hd__o211ai_1)
   0.3919    9.2423 v PipelinedMulUnit/imul/_39021_/X (sky130_fd_sc_hd__a311o_1)
   0.2909    9.5332 ^ PipelinedMulUnit/imul/_39025_/Y (sky130_fd_sc_hd__a311oi_1)
   0.2047    9.7379 v PipelinedMulUnit/imul/_39029_/Y (sky130_fd_sc_hd__o311ai_0)
   0.4023   10.1402 ^ PipelinedMulUnit/imul/_39035_/Y (sky130_fd_sc_hd__a311oi_1)
   0.2449   10.3851 ^ PipelinedMulUnit/imul/_39038_/X (sky130_fd_sc_hd__o311a_1)
   0.1769   10.5620 v PipelinedMulUnit/imul/_39042_/Y (sky130_fd_sc_hd__o311ai_0)
   0.3618   10.9238 ^ PipelinedMulUnit/imul/_39254_/Y (sky130_fd_sc_hd__a311oi_1)
   0.1707   11.0946 v PipelinedMulUnit/imul/_39399_/Y (sky130_fd_sc_hd__a21oi_1)
   0.2150   11.3095 v PipelinedMulUnit/imul/_39623_/Y (sky130_fd_sc_hd__nand4b_1)
   0.4430   11.7525 ^ PipelinedMulUnit/imul/_40019_/Y (sky130_fd_sc_hd__a2111oi_0)
   0.2368   11.9893 ^ PipelinedMulUnit/imul/_40692_/X (sky130_fd_sc_hd__o311a_1)
   0.1218   12.1111 v PipelinedMulUnit/imul/_41025_/Y (sky130_fd_sc_hd__o21ai_0)
   0.3555   12.4666 v PipelinedMulUnit/imul/_41710_/X (sky130_fd_sc_hd__a311o_1)
   0.3717   12.8383 ^ PipelinedMulUnit/imul/_42377_/Y (sky130_fd_sc_hd__a311oi_1)
   0.2787   13.1170 v PipelinedMulUnit/imul/_43050_/Y (sky130_fd_sc_hd__o311ai_0)
   0.4261   13.5431 ^ PipelinedMulUnit/imul/_43708_/Y (sky130_fd_sc_hd__a311oi_1)
   0.2789   13.8220 v PipelinedMulUnit/imul/_44387_/Y (sky130_fd_sc_hd__o311ai_0)
   0.3923   14.2143 ^ PipelinedMulUnit/imul/_45042_/Y (sky130_fd_sc_hd__a311oi_1)
   0.2533   14.4676 ^ PipelinedMulUnit/imul/_47233_/X (sky130_fd_sc_hd__and4_1)
   0.1376   14.6052 v PipelinedMulUnit/imul/_49489_/Y (sky130_fd_sc_hd__o2111ai_1)
   0.2132   14.8185 ^ PipelinedMulUnit/imul/_49749_/Y (sky130_fd_sc_hd__a21oi_1)
   0.1502   14.9687 v PipelinedMulUnit/imul/_50285_/Y (sky130_fd_sc_hd__o21ai_0)
   0.2185   15.1872 v PipelinedMulUnit/imul/_50287_/X (sky130_fd_sc_hd__a21o_1)
   0.1406   15.3278 ^ PipelinedMulUnit/imul/_50556_/Y (sky130_fd_sc_hd__a21oi_1)
   0.0654   15.3932 v PipelinedMulUnit/imul/_50558_/Y (sky130_fd_sc_hd__nor3_1)
   0.1805   15.5737 v PipelinedMulUnit/imul/_50564_/X (sky130_fd_sc_hd__o22a_1)
   0.0035   15.5772 v PipelinedMulUnit/imul/_56600_/D (sky130_fd_sc_hd__dfxtp_1)
            15.5772   data arrival time

  20.0000   20.0000   clock clock (rise edge)
   0.0000   20.0000   clock network delay (ideal)
   0.0000   20.0000   clock reconvergence pessimism
            20.0000 ^ PipelinedMulUnit/imul/_56600_/CLK (sky130_fd_sc_hd__dfxtp_1)
  -0.1179   19.8821   library setup time
            19.8821   data required time
-------------------------------------------------------------
            19.8821   data required time
           -15.5772   data arrival time
-------------------------------------------------------------
             4.3049   slack (MET)


Startpoint: PipelinedMulUnit/imul/_56501_
            (rising edge-triggered flip-flop clocked by clock)
Endpoint: PipelinedMulUnit/imul/_56594_
          (rising edge-triggered flip-flop clocked by clock)
Path Group: clock
Path Type: max

    Delay      Time   Description
-------------------------------------------------------------
   0.0000    0.0000   clock clock (rise edge)
   0.0000    0.0000   clock network delay (ideal)
   0.0000    0.0000 ^ PipelinedMulUnit/imul/_56501_/CLK (sky130_fd_sc_hd__dfxtp_1)
   0.3800    0.3800 ^ PipelinedMulUnit/imul/_56501_/Q (sky130_fd_sc_hd__dfxtp_1)
   0.2608    0.6408 ^ PipelinedMulUnit/imul/_28769_/X (sky130_fd_sc_hd__clkbuf_1)
   0.1282    0.7691 v PipelinedMulUnit/imul/_38732_/Y (sky130_fd_sc_hd__nand2_1)
   0.4064    1.1755 v PipelinedMulUnit/imul/_38780_/X (sky130_fd_sc_hd__xor3_1)
   0.3651    1.5405 v PipelinedMulUnit/imul/_38782_/X (sky130_fd_sc_hd__maj3_1)
   0.2861    1.8266 ^ PipelinedMulUnit/imul/_38784_/X (sky130_fd_sc_hd__xor2_1)
   0.1517    1.9783 v PipelinedMulUnit/imul/_38786_/Y (sky130_fd_sc_hd__o21ai_0)
   0.3985    2.3767 v PipelinedMulUnit/imul/_38789_/X (sky130_fd_sc_hd__maj3_1)
   0.3902    2.7670 v PipelinedMulUnit/imul/_38826_/X (sky130_fd_sc_hd__xor3_1)
   0.2564    3.0233 ^ PipelinedMulUnit/imul/_38863_/Y (sky130_fd_sc_hd__xnor2_1)
   0.6499    3.6732 v PipelinedMulUnit/imul/_38896_/X (sky130_fd_sc_hd__or4b_2)
   0.3847    4.0579 v PipelinedMulUnit/imul/_38902_/X (sky130_fd_sc_hd__maj3_1)
   0.1892    4.2471 v PipelinedMulUnit/imul/_38903_/X (sky130_fd_sc_hd__xor2_1)
   0.2183    4.4654 ^ PipelinedMulUnit/imul/_38934_/Y (sky130_fd_sc_hd__o21ai_0)
   0.2184    4.6838 ^ PipelinedMulUnit/imul/_38935_/X (sky130_fd_sc_hd__xor2_1)
   0.1069    4.7907 v PipelinedMulUnit/imul/_38959_/Y (sky130_fd_sc_hd__a22oi_1)
   0.2202    5.0109 v PipelinedMulUnit/imul/_38961_/X (sky130_fd_sc_hd__o21ba_2)
   0.2250    5.2359 ^ PipelinedMulUnit/imul/_38963_/Y (sky130_fd_sc_hd__o21ai_0)
   0.1331    5.3690 v PipelinedMulUnit/imul/_38966_/Y (sky130_fd_sc_hd__a31oi_1)
   0.1981    5.5671 ^ PipelinedMulUnit/imul/_38968_/Y (sky130_fd_sc_hd__o21ai_0)
   0.1093    5.6764 v PipelinedMulUnit/imul/_38971_/Y (sky130_fd_sc_hd__a21oi_1)
   0.1624    5.8388 ^ PipelinedMulUnit/imul/_38974_/Y (sky130_fd_sc_hd__o211ai_1)
   0.1411    5.9799 v PipelinedMulUnit/imul/_38975_/Y (sky130_fd_sc_hd__a32oi_1)
   0.2541    6.2340 ^ PipelinedMulUnit/imul/_38980_/Y (sky130_fd_sc_hd__o21ai_0)
   0.1590    6.3929 v PipelinedMulUnit/imul/_38986_/Y (sky130_fd_sc_hd__a31oi_1)
   0.2778    6.6708 v PipelinedMulUnit/imul/_38991_/X (sky130_fd_sc_hd__o31a_1)
   0.2326    6.9034 v PipelinedMulUnit/imul/_38993_/X (sky130_fd_sc_hd__o221a_2)
   0.3561    7.2594 v PipelinedMulUnit/imul/_38994_/X (sky130_fd_sc_hd__or3_1)
   0.4452    7.7046 ^ PipelinedMulUnit/imul/_38999_/Y (sky130_fd_sc_hd__a311oi_1)
   0.2916    7.9962 v PipelinedMulUnit/imul/_39006_/Y (sky130_fd_sc_hd__o311ai_0)
   0.4192    8.4154 v PipelinedMulUnit/imul/_39010_/X (sky130_fd_sc_hd__a311o_1)
   0.3054    8.7208 ^ PipelinedMulUnit/imul/_39013_/Y (sky130_fd_sc_hd__a311oi_1)
   0.1296    8.8504 v PipelinedMulUnit/imul/_39016_/Y (sky130_fd_sc_hd__o211ai_1)
   0.3919    9.2423 v PipelinedMulUnit/imul/_39021_/X (sky130_fd_sc_hd__a311o_1)
   0.2909    9.5332 ^ PipelinedMulUnit/imul/_39025_/Y (sky130_fd_sc_hd__a311oi_1)
   0.2047    9.7379 v PipelinedMulUnit/imul/_39029_/Y (sky130_fd_sc_hd__o311ai_0)
   0.4023   10.1402 ^ PipelinedMulUnit/imul/_39035_/Y (sky130_fd_sc_hd__a311oi_1)
   0.2449   10.3851 ^ PipelinedMulUnit/imul/_39038_/X (sky130_fd_sc_hd__o311a_1)
   0.1769   10.5620 v PipelinedMulUnit/imul/_39042_/Y (sky130_fd_sc_hd__o311ai_0)
   0.3618   10.9238 ^ PipelinedMulUnit/imul/_39254_/Y (sky130_fd_sc_hd__a311oi_1)
   0.1707   11.0946 v PipelinedMulUnit/imul/_39399_/Y (sky130_fd_sc_hd__a21oi_1)
   0.2150   11.3095 v PipelinedMulUnit/imul/_39623_/Y (sky130_fd_sc_hd__nand4b_1)
   0.4430   11.7525 ^ PipelinedMulUnit/imul/_40019_/Y (sky130_fd_sc_hd__a2111oi_0)
   0.2368   11.9893 ^ PipelinedMulUnit/imul/_40692_/X (sky130_fd_sc_hd__o311a_1)
   0.1218   12.1111 v PipelinedMulUnit/imul/_41025_/Y (sky130_fd_sc_hd__o21ai_0)
   0.3555   12.4666 v PipelinedMulUnit/imul/_41710_/X (sky130_fd_sc_hd__a311o_1)
   0.3717   12.8383 ^ PipelinedMulUnit/imul/_42377_/Y (sky130_fd_sc_hd__a311oi_1)
   0.2787   13.1170 v PipelinedMulUnit/imul/_43050_/Y (sky130_fd_sc_hd__o311ai_0)
   0.4261   13.5431 ^ PipelinedMulUnit/imul/_43708_/Y (sky130_fd_sc_hd__a311oi_1)
   0.2789   13.8220 v PipelinedMulUnit/imul/_44387_/Y (sky130_fd_sc_hd__o311ai_0)
   0.3923   14.2143 ^ PipelinedMulUnit/imul/_45042_/Y (sky130_fd_sc_hd__a311oi_1)
   0.2533   14.4676 ^ PipelinedMulUnit/imul/_47233_/X (sky130_fd_sc_hd__and4_1)
   0.0715   14.5391 v PipelinedMulUnit/imul/_47237_/Y (sky130_fd_sc_hd__nor2_1)
   0.2106   14.7497 ^ PipelinedMulUnit/imul/_47825_/Y (sky130_fd_sc_hd__nor3_1)
   0.0723   14.8220 v PipelinedMulUnit/imul/_48655_/Y (sky130_fd_sc_hd__nand2_1)
   0.0794   14.9013 ^ PipelinedMulUnit/imul/_48656_/Y (sky130_fd_sc_hd__nand2_1)
   0.1964   15.0977 ^ PipelinedMulUnit/imul/_48658_/X (sky130_fd_sc_hd__lpflow_isobufsrc_1)
   0.0724   15.1701 v PipelinedMulUnit/imul/_48665_/Y (sky130_fd_sc_hd__nor2_1)
   0.1115   15.2816 ^ PipelinedMulUnit/imul/_48929_/Y (sky130_fd_sc_hd__a21oi_1)
   0.0903   15.3719 v PipelinedMulUnit/imul/_48930_/Y (sky130_fd_sc_hd__o21ai_0)
   0.1161   15.4880 ^ PipelinedMulUnit/imul/_48937_/Y (sky130_fd_sc_hd__a21oi_1)
   0.0035   15.4915 ^ PipelinedMulUnit/imul/_56594_/D (sky130_fd_sc_hd__dfxtp_1)
            15.4915   data arrival time

  20.0000   20.0000   clock clock (rise edge)
   0.0000   20.0000   clock network delay (ideal)
   0.0000   20.0000   clock reconvergence pessimism
            20.0000 ^ PipelinedMulUnit/imul/_56594_/CLK (sky130_fd_sc_hd__dfxtp_1)
  -0.0711   19.9289   library setup time
            19.9289   data required time
-------------------------------------------------------------
            19.9289   data required time
           -15.4915   data arrival time
-------------------------------------------------------------
             4.4374   slack (MET)


Startpoint: PipelinedMulUnit/imul/_56501_
            (rising edge-triggered flip-flop clocked by clock)
Endpoint: PipelinedMulUnit/imul/_56599_
          (rising edge-triggered flip-flop clocked by clock)
Path Group: clock
Path Type: max

    Delay      Time   Description
-------------------------------------------------------------
   0.0000    0.0000   clock clock (rise edge)
   0.0000    0.0000   clock network delay (ideal)
   0.0000    0.0000 ^ PipelinedMulUnit/imul/_56501_/CLK (sky130_fd_sc_hd__dfxtp_1)
   0.3800    0.3800 ^ PipelinedMulUnit/imul/_56501_/Q (sky130_fd_sc_hd__dfxtp_1)
   0.2608    0.6408 ^ PipelinedMulUnit/imul/_28769_/X (sky130_fd_sc_hd__clkbuf_1)
   0.1282    0.7691 v PipelinedMulUnit/imul/_38732_/Y (sky130_fd_sc_hd__nand2_1)
   0.4064    1.1755 v PipelinedMulUnit/imul/_38780_/X (sky130_fd_sc_hd__xor3_1)
   0.3651    1.5405 v PipelinedMulUnit/imul/_38782_/X (sky130_fd_sc_hd__maj3_1)
   0.2861    1.8266 ^ PipelinedMulUnit/imul/_38784_/X (sky130_fd_sc_hd__xor2_1)
   0.1517    1.9783 v PipelinedMulUnit/imul/_38786_/Y (sky130_fd_sc_hd__o21ai_0)
   0.3985    2.3767 v PipelinedMulUnit/imul/_38789_/X (sky130_fd_sc_hd__maj3_1)
   0.3902    2.7670 v PipelinedMulUnit/imul/_38826_/X (sky130_fd_sc_hd__xor3_1)
   0.2564    3.0233 ^ PipelinedMulUnit/imul/_38863_/Y (sky130_fd_sc_hd__xnor2_1)
   0.6499    3.6732 v PipelinedMulUnit/imul/_38896_/X (sky130_fd_sc_hd__or4b_2)
   0.3847    4.0579 v PipelinedMulUnit/imul/_38902_/X (sky130_fd_sc_hd__maj3_1)
   0.1892    4.2471 v PipelinedMulUnit/imul/_38903_/X (sky130_fd_sc_hd__xor2_1)
   0.2183    4.4654 ^ PipelinedMulUnit/imul/_38934_/Y (sky130_fd_sc_hd__o21ai_0)
   0.2184    4.6838 ^ PipelinedMulUnit/imul/_38935_/X (sky130_fd_sc_hd__xor2_1)
   0.1069    4.7907 v PipelinedMulUnit/imul/_38959_/Y (sky130_fd_sc_hd__a22oi_1)
   0.2202    5.0109 v PipelinedMulUnit/imul/_38961_/X (sky130_fd_sc_hd__o21ba_2)
   0.2250    5.2359 ^ PipelinedMulUnit/imul/_38963_/Y (sky130_fd_sc_hd__o21ai_0)
   0.1331    5.3690 v PipelinedMulUnit/imul/_38966_/Y (sky130_fd_sc_hd__a31oi_1)
   0.1981    5.5671 ^ PipelinedMulUnit/imul/_38968_/Y (sky130_fd_sc_hd__o21ai_0)
   0.1093    5.6764 v PipelinedMulUnit/imul/_38971_/Y (sky130_fd_sc_hd__a21oi_1)
   0.1624    5.8388 ^ PipelinedMulUnit/imul/_38974_/Y (sky130_fd_sc_hd__o211ai_1)
   0.1411    5.9799 v PipelinedMulUnit/imul/_38975_/Y (sky130_fd_sc_hd__a32oi_1)
   0.2541    6.2340 ^ PipelinedMulUnit/imul/_38980_/Y (sky130_fd_sc_hd__o21ai_0)
   0.1590    6.3929 v PipelinedMulUnit/imul/_38986_/Y (sky130_fd_sc_hd__a31oi_1)
   0.2778    6.6708 v PipelinedMulUnit/imul/_38991_/X (sky130_fd_sc_hd__o31a_1)
   0.2326    6.9034 v PipelinedMulUnit/imul/_38993_/X (sky130_fd_sc_hd__o221a_2)
   0.3561    7.2594 v PipelinedMulUnit/imul/_38994_/X (sky130_fd_sc_hd__or3_1)
   0.4452    7.7046 ^ PipelinedMulUnit/imul/_38999_/Y (sky130_fd_sc_hd__a311oi_1)
   0.2916    7.9962 v PipelinedMulUnit/imul/_39006_/Y (sky130_fd_sc_hd__o311ai_0)
   0.4192    8.4154 v PipelinedMulUnit/imul/_39010_/X (sky130_fd_sc_hd__a311o_1)
   0.3054    8.7208 ^ PipelinedMulUnit/imul/_39013_/Y (sky130_fd_sc_hd__a311oi_1)
   0.1296    8.8504 v PipelinedMulUnit/imul/_39016_/Y (sky130_fd_sc_hd__o211ai_1)
   0.3919    9.2423 v PipelinedMulUnit/imul/_39021_/X (sky130_fd_sc_hd__a311o_1)
   0.2909    9.5332 ^ PipelinedMulUnit/imul/_39025_/Y (sky130_fd_sc_hd__a311oi_1)
   0.2047    9.7379 v PipelinedMulUnit/imul/_39029_/Y (sky130_fd_sc_hd__o311ai_0)
   0.4023   10.1402 ^ PipelinedMulUnit/imul/_39035_/Y (sky130_fd_sc_hd__a311oi_1)
   0.2449   10.3851 ^ PipelinedMulUnit/imul/_39038_/X (sky130_fd_sc_hd__o311a_1)
   0.1769   10.5620 v PipelinedMulUnit/imul/_39042_/Y (sky130_fd_sc_hd__o311ai_0)
   0.3618   10.9238 ^ PipelinedMulUnit/imul/_39254_/Y (sky130_fd_sc_hd__a311oi_1)
   0.1707   11.0946 v PipelinedMulUnit/imul/_39399_/Y (sky130_fd_sc_hd__a21oi_1)
   0.2150   11.3095 v PipelinedMulUnit/imul/_39623_/Y (sky130_fd_sc_hd__nand4b_1)
   0.4430   11.7525 ^ PipelinedMulUnit/imul/_40019_/Y (sky130_fd_sc_hd__a2111oi_0)
   0.2368   11.9893 ^ PipelinedMulUnit/imul/_40692_/X (sky130_fd_sc_hd__o311a_1)
   0.1218   12.1111 v PipelinedMulUnit/imul/_41025_/Y (sky130_fd_sc_hd__o21ai_0)
   0.3555   12.4666 v PipelinedMulUnit/imul/_41710_/X (sky130_fd_sc_hd__a311o_1)
   0.3717   12.8383 ^ PipelinedMulUnit/imul/_42377_/Y (sky130_fd_sc_hd__a311oi_1)
   0.2787   13.1170 v PipelinedMulUnit/imul/_43050_/Y (sky130_fd_sc_hd__o311ai_0)
   0.4261   13.5431 ^ PipelinedMulUnit/imul/_43708_/Y (sky130_fd_sc_hd__a311oi_1)
   0.2789   13.8220 v PipelinedMulUnit/imul/_44387_/Y (sky130_fd_sc_hd__o311ai_0)
   0.3923   14.2143 ^ PipelinedMulUnit/imul/_45042_/Y (sky130_fd_sc_hd__a311oi_1)
   0.2533   14.4676 ^ PipelinedMulUnit/imul/_47233_/X (sky130_fd_sc_hd__and4_1)
   0.1376   14.6052 v PipelinedMulUnit/imul/_49489_/Y (sky130_fd_sc_hd__o2111ai_1)
   0.2132   14.8185 ^ PipelinedMulUnit/imul/_49749_/Y (sky130_fd_sc_hd__a21oi_1)
   0.1502   14.9687 v PipelinedMulUnit/imul/_50285_/Y (sky130_fd_sc_hd__o21ai_0)
   0.2185   15.1872 v PipelinedMulUnit/imul/_50287_/X (sky130_fd_sc_hd__a21o_1)
   0.1403   15.3274 ^ PipelinedMulUnit/imul/_50288_/Y (sky130_fd_sc_hd__a21oi_1)
   0.0894   15.4169 v PipelinedMulUnit/imul/_50295_/Y (sky130_fd_sc_hd__o22ai_1)
   0.0035   15.4203 v PipelinedMulUnit/imul/_56599_/D (sky130_fd_sc_hd__dfxtp_1)
            15.4203   data arrival time

  20.0000   20.0000   clock clock (rise edge)
   0.0000   20.0000   clock network delay (ideal)
   0.0000   20.0000   clock reconvergence pessimism
            20.0000 ^ PipelinedMulUnit/imul/_56599_/CLK (sky130_fd_sc_hd__dfxtp_1)
  -0.1309   19.8691   library setup time
            19.8691   data required time
-------------------------------------------------------------
            19.8691   data required time
           -15.4203   data arrival time
-------------------------------------------------------------
             4.4488   slack (MET)


Startpoint: IntToFPUnit/ifpu/_2836_
            (rising edge-triggered flip-flop clocked by clock)
Endpoint: IntToFPUnit/ifpu/_2960_
          (rising edge-triggered flip-flop clocked by clock)
Path Group: clock
Path Type: max

    Delay      Time   Description
-------------------------------------------------------------
   0.0000    0.0000   clock clock (rise edge)
   0.0000    0.0000   clock network delay (ideal)
   0.0000    0.0000 ^ IntToFPUnit/ifpu/_2836_/CLK (sky130_fd_sc_hd__dfxtp_1)
   0.4367    0.4367 v IntToFPUnit/ifpu/_2836_/Q (sky130_fd_sc_hd__dfxtp_1)
   0.5741    1.0109 v IntToFPUnit/ifpu/i2fResults_i2f_1/_0670_/X (sky130_fd_sc_hd__or4_1)
   0.2304    1.2413 ^ IntToFPUnit/ifpu/i2fResults_i2f_1/_0671_/Y (sky130_fd_sc_hd__nor4_1)
   0.1306    1.3719 v IntToFPUnit/ifpu/i2fResults_i2f_1/_0672_/Y (sky130_fd_sc_hd__nand2b_1)
   0.4586    1.8305 v IntToFPUnit/ifpu/i2fResults_i2f_1/_0673_/X (sky130_fd_sc_hd__or4_1)
   0.4665    2.2970 v IntToFPUnit/ifpu/i2fResults_i2f_1/_0674_/X (sky130_fd_sc_hd__or4_1)
   0.4667    2.7637 v IntToFPUnit/ifpu/i2fResults_i2f_1/_0675_/X (sky130_fd_sc_hd__or4_1)
   0.4667    3.2303 v IntToFPUnit/ifpu/i2fResults_i2f_1/_0676_/X (sky130_fd_sc_hd__or4_1)
   0.4665    3.6968 v IntToFPUnit/ifpu/i2fResults_i2f_1/_0677_/X (sky130_fd_sc_hd__or4_1)
   0.4664    4.1632 v IntToFPUnit/ifpu/i2fResults_i2f_1/_0678_/X (sky130_fd_sc_hd__or4_1)
   0.4665    4.6297 v IntToFPUnit/ifpu/i2fResults_i2f_1/_0679_/X (sky130_fd_sc_hd__or4_1)
   0.4665    5.0962 v IntToFPUnit/ifpu/i2fResults_i2f_1/_0680_/X (sky130_fd_sc_hd__or4_1)
   0.4665    5.5626 v IntToFPUnit/ifpu/i2fResults_i2f_1/_0681_/X (sky130_fd_sc_hd__or4_1)
   0.4667    6.0293 v IntToFPUnit/ifpu/i2fResults_i2f_1/_0682_/X (sky130_fd_sc_hd__or4_1)
   0.4667    6.4960 v IntToFPUnit/ifpu/i2fResults_i2f_1/_0683_/X (sky130_fd_sc_hd__or4_1)
   0.4667    6.9626 v IntToFPUnit/ifpu/i2fResults_i2f_1/_0684_/X (sky130_fd_sc_hd__or4_1)
   0.4667    7.4293 v IntToFPUnit/ifpu/i2fResults_i2f_1/_0685_/X (sky130_fd_sc_hd__or4_1)
   0.4667    7.8960 v IntToFPUnit/ifpu/i2fResults_i2f_1/_0686_/X (sky130_fd_sc_hd__or4_1)
   0.4667    8.3627 v IntToFPUnit/ifpu/i2fResults_i2f_1/_0687_/X (sky130_fd_sc_hd__or4_1)
   0.4597    8.8223 v IntToFPUnit/ifpu/i2fResults_i2f_1/_0688_/X (sky130_fd_sc_hd__or4_1)
   0.4581    9.2804 v IntToFPUnit/ifpu/i2fResults_i2f_1/_0689_/X (sky130_fd_sc_hd__or4_1)
   0.4502    9.7307 v IntToFPUnit/ifpu/i2fResults_i2f_1/_0690_/X (sky130_fd_sc_hd__or4_1)
   0.2176    9.9483 ^ IntToFPUnit/ifpu/i2fResults_i2f_1/_0691_/Y (sky130_fd_sc_hd__o21ai_0)
   0.1149   10.0632 v IntToFPUnit/ifpu/i2fResults_i2f_1/_0692_/Y (sky130_fd_sc_hd__nand2_1)
   0.0813   10.1445 ^ IntToFPUnit/ifpu/i2fResults_i2f_1/_0959_/Y (sky130_fd_sc_hd__nand2_1)
   0.0645   10.2091 v IntToFPUnit/ifpu/i2fResults_i2f_1/_0960_/Y (sky130_fd_sc_hd__a21oi_1)
   0.1624   10.3715 ^ IntToFPUnit/ifpu/i2fResults_i2f_1/_0961_/Y (sky130_fd_sc_hd__nor2_1)
   0.4258   10.7973 ^ IntToFPUnit/ifpu/i2fResults_i2f_1/_0975_/X (sky130_fd_sc_hd__lpflow_clkbufkapwr_1)
   0.5128   11.3101 ^ IntToFPUnit/ifpu/i2fResults_i2f_1/_1063_/X (sky130_fd_sc_hd__lpflow_clkbufkapwr_1)
   0.2826   11.5927 ^ IntToFPUnit/ifpu/i2fResults_i2f_1/_1143_/Y (sky130_fd_sc_hd__mux2i_1)
   0.1121   11.7048 v IntToFPUnit/ifpu/i2fResults_i2f_1/_1144_/Y (sky130_fd_sc_hd__mux2i_1)
   0.1904   11.8952 ^ IntToFPUnit/ifpu/i2fResults_i2f_1/_1145_/Y (sky130_fd_sc_hd__mux2i_1)
   0.1083   12.0035 v IntToFPUnit/ifpu/i2fResults_i2f_1/_1146_/Y (sky130_fd_sc_hd__mux2i_1)
   0.2885   12.2920 v IntToFPUnit/ifpu/i2fResults_i2f_1/_1147_/X (sky130_fd_sc_hd__mux2_2)
   0.2062   12.4982 ^ IntToFPUnit/ifpu/i2fResults_i2f_1/_1148_/Y (sky130_fd_sc_hd__nor2_1)
   0.2054   12.7036 ^ IntToFPUnit/ifpu/i2fResults_i2f_1/roundAnyRawFNToRecFN/_226_/X (sky130_fd_sc_hd__and3_1)
   0.0986   12.8022 v IntToFPUnit/ifpu/i2fResults_i2f_1/roundAnyRawFNToRecFN/_227_/Y (sky130_fd_sc_hd__nand3_1)
   0.4001   13.2023 v IntToFPUnit/ifpu/i2fResults_i2f_1/roundAnyRawFNToRecFN/_265_/X (sky130_fd_sc_hd__or3_1)
   0.6406   13.8429 ^ IntToFPUnit/ifpu/i2fResults_i2f_1/roundAnyRawFNToRecFN/_330_/Y (sky130_fd_sc_hd__nor4_1)
   0.2090   14.0519 v IntToFPUnit/ifpu/i2fResults_i2f_1/roundAnyRawFNToRecFN/_338_/Y (sky130_fd_sc_hd__nand4_1)
   0.2916   14.3435 ^ IntToFPUnit/ifpu/i2fResults_i2f_1/roundAnyRawFNToRecFN/_341_/X (sky130_fd_sc_hd__lpflow_isobufsrc_1)
   0.2703   14.6138 ^ IntToFPUnit/ifpu/i2fResults_i2f_1/roundAnyRawFNToRecFN/_348_/X (sky130_fd_sc_hd__and4_1)
   0.2389   14.8527 ^ IntToFPUnit/ifpu/i2fResults_i2f_1/roundAnyRawFNToRecFN/_349_/X (sky130_fd_sc_hd__maj3_1)
   0.0834   14.9361 v IntToFPUnit/ifpu/i2fResults_i2f_1/roundAnyRawFNToRecFN/_359_/Y (sky130_fd_sc_hd__nand2_1)
   0.1558   15.0919 v IntToFPUnit/ifpu/i2fResults_i2f_1/roundAnyRawFNToRecFN/_360_/Y (sky130_fd_sc_hd__xnor2_1)
   0.3217   15.4136 v IntToFPUnit/ifpu/_2777_/X (sky130_fd_sc_hd__a221o_1)
   0.0035   15.4170 v IntToFPUnit/ifpu/_2960_/D (sky130_fd_sc_hd__dfxtp_1)
            15.4170   data arrival time

  20.0000   20.0000   clock clock (rise edge)
   0.0000   20.0000   clock network delay (ideal)
   0.0000   20.0000   clock reconvergence pessimism
            20.0000 ^ IntToFPUnit/ifpu/_2960_/CLK (sky130_fd_sc_hd__dfxtp_1)
  -0.1226   19.8774   library setup time
            19.8774   data required time
-------------------------------------------------------------
            19.8774   data required time
           -15.4170   data arrival time
-------------------------------------------------------------
             4.4604   slack (MET)


Startpoint: IntToFPUnit/ifpu/_2836_
            (rising edge-triggered flip-flop clocked by clock)
Endpoint: IntToFPUnit/ifpu/_2935_
          (rising edge-triggered flip-flop clocked by clock)
Path Group: clock
Path Type: max

    Delay      Time   Description
-------------------------------------------------------------
   0.0000    0.0000   clock clock (rise edge)
   0.0000    0.0000   clock network delay (ideal)
   0.0000    0.0000 ^ IntToFPUnit/ifpu/_2836_/CLK (sky130_fd_sc_hd__dfxtp_1)
   0.4367    0.4367 v IntToFPUnit/ifpu/_2836_/Q (sky130_fd_sc_hd__dfxtp_1)
   0.5741    1.0109 v IntToFPUnit/ifpu/i2fResults_i2f/_0670_/X (sky130_fd_sc_hd__or4_1)
   0.2304    1.2413 ^ IntToFPUnit/ifpu/i2fResults_i2f/_0671_/Y (sky130_fd_sc_hd__nor4_1)
   0.1306    1.3719 v IntToFPUnit/ifpu/i2fResults_i2f/_0672_/Y (sky130_fd_sc_hd__nand2b_1)
   0.4586    1.8305 v IntToFPUnit/ifpu/i2fResults_i2f/_0673_/X (sky130_fd_sc_hd__or4_1)
   0.4665    2.2970 v IntToFPUnit/ifpu/i2fResults_i2f/_0674_/X (sky130_fd_sc_hd__or4_1)
   0.4667    2.7637 v IntToFPUnit/ifpu/i2fResults_i2f/_0675_/X (sky130_fd_sc_hd__or4_1)
   0.4667    3.2303 v IntToFPUnit/ifpu/i2fResults_i2f/_0676_/X (sky130_fd_sc_hd__or4_1)
   0.4665    3.6968 v IntToFPUnit/ifpu/i2fResults_i2f/_0677_/X (sky130_fd_sc_hd__or4_1)
   0.4664    4.1632 v IntToFPUnit/ifpu/i2fResults_i2f/_0678_/X (sky130_fd_sc_hd__or4_1)
   0.4665    4.6297 v IntToFPUnit/ifpu/i2fResults_i2f/_0679_/X (sky130_fd_sc_hd__or4_1)
   0.4665    5.0962 v IntToFPUnit/ifpu/i2fResults_i2f/_0680_/X (sky130_fd_sc_hd__or4_1)
   0.4665    5.5626 v IntToFPUnit/ifpu/i2fResults_i2f/_0681_/X (sky130_fd_sc_hd__or4_1)
   0.4667    6.0293 v IntToFPUnit/ifpu/i2fResults_i2f/_0682_/X (sky130_fd_sc_hd__or4_1)
   0.4667    6.4960 v IntToFPUnit/ifpu/i2fResults_i2f/_0683_/X (sky130_fd_sc_hd__or4_1)
   0.4667    6.9626 v IntToFPUnit/ifpu/i2fResults_i2f/_0684_/X (sky130_fd_sc_hd__or4_1)
   0.4667    7.4293 v IntToFPUnit/ifpu/i2fResults_i2f/_0685_/X (sky130_fd_sc_hd__or4_1)
   0.4667    7.8960 v IntToFPUnit/ifpu/i2fResults_i2f/_0686_/X (sky130_fd_sc_hd__or4_1)
   0.4667    8.3627 v IntToFPUnit/ifpu/i2fResults_i2f/_0687_/X (sky130_fd_sc_hd__or4_1)
   0.4597    8.8223 v IntToFPUnit/ifpu/i2fResults_i2f/_0688_/X (sky130_fd_sc_hd__or4_1)
   0.4581    9.2804 v IntToFPUnit/ifpu/i2fResults_i2f/_0689_/X (sky130_fd_sc_hd__or4_1)
   0.4502    9.7307 v IntToFPUnit/ifpu/i2fResults_i2f/_0690_/X (sky130_fd_sc_hd__or4_1)
   0.2176    9.9483 ^ IntToFPUnit/ifpu/i2fResults_i2f/_0691_/Y (sky130_fd_sc_hd__o21ai_0)
   0.1149   10.0632 v IntToFPUnit/ifpu/i2fResults_i2f/_0692_/Y (sky130_fd_sc_hd__nand2_1)
   0.0813   10.1445 ^ IntToFPUnit/ifpu/i2fResults_i2f/_0959_/Y (sky130_fd_sc_hd__nand2_1)
   0.0645   10.2091 v IntToFPUnit/ifpu/i2fResults_i2f/_0960_/Y (sky130_fd_sc_hd__a21oi_1)
   0.1624   10.3715 ^ IntToFPUnit/ifpu/i2fResults_i2f/_0961_/Y (sky130_fd_sc_hd__nor2_1)
   0.4258   10.7973 ^ IntToFPUnit/ifpu/i2fResults_i2f/_0975_/X (sky130_fd_sc_hd__lpflow_clkbufkapwr_1)
   0.5128   11.3101 ^ IntToFPUnit/ifpu/i2fResults_i2f/_1063_/X (sky130_fd_sc_hd__lpflow_clkbufkapwr_1)
   0.1750   11.4851 v IntToFPUnit/ifpu/i2fResults_i2f/_1137_/Y (sky130_fd_sc_hd__mux2i_1)
   0.2224   11.7075 ^ IntToFPUnit/ifpu/i2fResults_i2f/_1138_/Y (sky130_fd_sc_hd__mux2i_1)
   0.1219   11.8294 v IntToFPUnit/ifpu/i2fResults_i2f/_1139_/Y (sky130_fd_sc_hd__mux2i_1)
   0.1685   11.9979 ^ IntToFPUnit/ifpu/i2fResults_i2f/_1194_/Y (sky130_fd_sc_hd__mux2i_1)
   0.1041   12.1020 v IntToFPUnit/ifpu/i2fResults_i2f/_1195_/Y (sky130_fd_sc_hd__o21ai_0)
   0.1863   12.2883 v IntToFPUnit/ifpu/i2fResults_i2f/_1197_/X (sky130_fd_sc_hd__a21o_1)
   0.2463   12.5346 ^ IntToFPUnit/ifpu/i2fResults_i2f/roundAnyRawFNToRecFN/_098_/Y (sky130_fd_sc_hd__nor4_1)
   0.1440   12.6787 v IntToFPUnit/ifpu/i2fResults_i2f/roundAnyRawFNToRecFN/_099_/Y (sky130_fd_sc_hd__nand4_1)
   0.4030   13.0816 ^ IntToFPUnit/ifpu/i2fResults_i2f/roundAnyRawFNToRecFN/_109_/Y (sky130_fd_sc_hd__nor4_1)
   0.2422   13.3239 v IntToFPUnit/ifpu/i2fResults_i2f/roundAnyRawFNToRecFN/_113_/Y (sky130_fd_sc_hd__o21ai_0)
   0.1580   13.4819 ^ IntToFPUnit/ifpu/i2fResults_i2f/roundAnyRawFNToRecFN/_167_/Y (sky130_fd_sc_hd__nand4_1)
   0.0826   13.5644 v IntToFPUnit/ifpu/i2fResults_i2f/roundAnyRawFNToRecFN/_179_/Y (sky130_fd_sc_hd__nor3_1)
   0.2055   13.7699 v IntToFPUnit/ifpu/i2fResults_i2f/roundAnyRawFNToRecFN/_188_/X (sky130_fd_sc_hd__and4_1)
   0.2171   13.9871 v IntToFPUnit/ifpu/i2fResults_i2f/roundAnyRawFNToRecFN/_197_/X (sky130_fd_sc_hd__and4_1)
   0.4068   14.3938 v IntToFPUnit/ifpu/i2fResults_i2f/roundAnyRawFNToRecFN/_198_/X (sky130_fd_sc_hd__maj3_1)
   0.2693   14.6631 v IntToFPUnit/ifpu/i2fResults_i2f/roundAnyRawFNToRecFN/_199_/X (sky130_fd_sc_hd__and4_1)
   0.1938   14.8569 v IntToFPUnit/ifpu/i2fResults_i2f/roundAnyRawFNToRecFN/_200_/X (sky130_fd_sc_hd__lpflow_inputiso0n_1)
   0.1438   15.0007 ^ IntToFPUnit/ifpu/i2fResults_i2f/roundAnyRawFNToRecFN/_202_/Y (sky130_fd_sc_hd__a21oi_1)
   0.0581   15.0588 v IntToFPUnit/ifpu/i2fResults_i2f/roundAnyRawFNToRecFN/_203_/Y (sky130_fd_sc_hd__nor3_1)
   0.0964   15.1552 ^ IntToFPUnit/ifpu/_2479_/Y (sky130_fd_sc_hd__nor2_1)
   0.1208   15.2760 v IntToFPUnit/ifpu/_2481_/Y (sky130_fd_sc_hd__o221ai_1)
   0.1273   15.4033 v IntToFPUnit/ifpu/_2482_/X (sky130_fd_sc_hd__o21a_1)
   0.0035   15.4068 v IntToFPUnit/ifpu/_2935_/D (sky130_fd_sc_hd__dfxtp_1)
            15.4068   data arrival time

  20.0000   20.0000   clock clock (rise edge)
   0.0000   20.0000   clock network delay (ideal)
   0.0000   20.0000   clock reconvergence pessimism
            20.0000 ^ IntToFPUnit/ifpu/_2935_/CLK (sky130_fd_sc_hd__dfxtp_1)
  -0.1156   19.8844   library setup time
            19.8844   data required time
-------------------------------------------------------------
            19.8844   data required time
           -15.4068   data arrival time
-------------------------------------------------------------
             4.4776   slack (MET)


Startpoint: PipelinedMulUnit/imul/_56501_
            (rising edge-triggered flip-flop clocked by clock)
Endpoint: PipelinedMulUnit/imul/_56592_
          (rising edge-triggered flip-flop clocked by clock)
Path Group: clock
Path Type: max

    Delay      Time   Description
-------------------------------------------------------------
   0.0000    0.0000   clock clock (rise edge)
   0.0000    0.0000   clock network delay (ideal)
   0.0000    0.0000 ^ PipelinedMulUnit/imul/_56501_/CLK (sky130_fd_sc_hd__dfxtp_1)
   0.3800    0.3800 ^ PipelinedMulUnit/imul/_56501_/Q (sky130_fd_sc_hd__dfxtp_1)
   0.2608    0.6408 ^ PipelinedMulUnit/imul/_28769_/X (sky130_fd_sc_hd__clkbuf_1)
   0.1282    0.7691 v PipelinedMulUnit/imul/_38732_/Y (sky130_fd_sc_hd__nand2_1)
   0.4064    1.1755 v PipelinedMulUnit/imul/_38780_/X (sky130_fd_sc_hd__xor3_1)
   0.3651    1.5405 v PipelinedMulUnit/imul/_38782_/X (sky130_fd_sc_hd__maj3_1)
   0.2861    1.8266 ^ PipelinedMulUnit/imul/_38784_/X (sky130_fd_sc_hd__xor2_1)
   0.1517    1.9783 v PipelinedMulUnit/imul/_38786_/Y (sky130_fd_sc_hd__o21ai_0)
   0.3985    2.3767 v PipelinedMulUnit/imul/_38789_/X (sky130_fd_sc_hd__maj3_1)
   0.3902    2.7670 v PipelinedMulUnit/imul/_38826_/X (sky130_fd_sc_hd__xor3_1)
   0.2564    3.0233 ^ PipelinedMulUnit/imul/_38863_/Y (sky130_fd_sc_hd__xnor2_1)
   0.6499    3.6732 v PipelinedMulUnit/imul/_38896_/X (sky130_fd_sc_hd__or4b_2)
   0.3847    4.0579 v PipelinedMulUnit/imul/_38902_/X (sky130_fd_sc_hd__maj3_1)
   0.1892    4.2471 v PipelinedMulUnit/imul/_38903_/X (sky130_fd_sc_hd__xor2_1)
   0.2183    4.4654 ^ PipelinedMulUnit/imul/_38934_/Y (sky130_fd_sc_hd__o21ai_0)
   0.2184    4.6838 ^ PipelinedMulUnit/imul/_38935_/X (sky130_fd_sc_hd__xor2_1)
   0.1069    4.7907 v PipelinedMulUnit/imul/_38959_/Y (sky130_fd_sc_hd__a22oi_1)
   0.2202    5.0109 v PipelinedMulUnit/imul/_38961_/X (sky130_fd_sc_hd__o21ba_2)
   0.2250    5.2359 ^ PipelinedMulUnit/imul/_38963_/Y (sky130_fd_sc_hd__o21ai_0)
   0.1331    5.3690 v PipelinedMulUnit/imul/_38966_/Y (sky130_fd_sc_hd__a31oi_1)
   0.1981    5.5671 ^ PipelinedMulUnit/imul/_38968_/Y (sky130_fd_sc_hd__o21ai_0)
   0.1093    5.6764 v PipelinedMulUnit/imul/_38971_/Y (sky130_fd_sc_hd__a21oi_1)
   0.1624    5.8388 ^ PipelinedMulUnit/imul/_38974_/Y (sky130_fd_sc_hd__o211ai_1)
   0.1411    5.9799 v PipelinedMulUnit/imul/_38975_/Y (sky130_fd_sc_hd__a32oi_1)
   0.2541    6.2340 ^ PipelinedMulUnit/imul/_38980_/Y (sky130_fd_sc_hd__o21ai_0)
   0.1590    6.3929 v PipelinedMulUnit/imul/_38986_/Y (sky130_fd_sc_hd__a31oi_1)
   0.2778    6.6708 v PipelinedMulUnit/imul/_38991_/X (sky130_fd_sc_hd__o31a_1)
   0.2326    6.9034 v PipelinedMulUnit/imul/_38993_/X (sky130_fd_sc_hd__o221a_2)
   0.3561    7.2594 v PipelinedMulUnit/imul/_38994_/X (sky130_fd_sc_hd__or3_1)
   0.4452    7.7046 ^ PipelinedMulUnit/imul/_38999_/Y (sky130_fd_sc_hd__a311oi_1)
   0.2916    7.9962 v PipelinedMulUnit/imul/_39006_/Y (sky130_fd_sc_hd__o311ai_0)
   0.4192    8.4154 v PipelinedMulUnit/imul/_39010_/X (sky130_fd_sc_hd__a311o_1)
   0.3054    8.7208 ^ PipelinedMulUnit/imul/_39013_/Y (sky130_fd_sc_hd__a311oi_1)
   0.1296    8.8504 v PipelinedMulUnit/imul/_39016_/Y (sky130_fd_sc_hd__o211ai_1)
   0.3919    9.2423 v PipelinedMulUnit/imul/_39021_/X (sky130_fd_sc_hd__a311o_1)
   0.2909    9.5332 ^ PipelinedMulUnit/imul/_39025_/Y (sky130_fd_sc_hd__a311oi_1)
   0.2047    9.7379 v PipelinedMulUnit/imul/_39029_/Y (sky130_fd_sc_hd__o311ai_0)
   0.4023   10.1402 ^ PipelinedMulUnit/imul/_39035_/Y (sky130_fd_sc_hd__a311oi_1)
   0.2449   10.3851 ^ PipelinedMulUnit/imul/_39038_/X (sky130_fd_sc_hd__o311a_1)
   0.1769   10.5620 v PipelinedMulUnit/imul/_39042_/Y (sky130_fd_sc_hd__o311ai_0)
   0.3618   10.9238 ^ PipelinedMulUnit/imul/_39254_/Y (sky130_fd_sc_hd__a311oi_1)
   0.1707   11.0946 v PipelinedMulUnit/imul/_39399_/Y (sky130_fd_sc_hd__a21oi_1)
   0.2150   11.3095 v PipelinedMulUnit/imul/_39623_/Y (sky130_fd_sc_hd__nand4b_1)
   0.4430   11.7525 ^ PipelinedMulUnit/imul/_40019_/Y (sky130_fd_sc_hd__a2111oi_0)
   0.2368   11.9893 ^ PipelinedMulUnit/imul/_40692_/X (sky130_fd_sc_hd__o311a_1)
   0.1218   12.1111 v PipelinedMulUnit/imul/_41025_/Y (sky130_fd_sc_hd__o21ai_0)
   0.3555   12.4666 v PipelinedMulUnit/imul/_41710_/X (sky130_fd_sc_hd__a311o_1)
   0.3717   12.8383 ^ PipelinedMulUnit/imul/_42377_/Y (sky130_fd_sc_hd__a311oi_1)
   0.2787   13.1170 v PipelinedMulUnit/imul/_43050_/Y (sky130_fd_sc_hd__o311ai_0)
   0.4261   13.5431 ^ PipelinedMulUnit/imul/_43708_/Y (sky130_fd_sc_hd__a311oi_1)
   0.2789   13.8220 v PipelinedMulUnit/imul/_44387_/Y (sky130_fd_sc_hd__o311ai_0)
   0.3923   14.2143 ^ PipelinedMulUnit/imul/_45042_/Y (sky130_fd_sc_hd__a311oi_1)
   0.2533   14.4676 ^ PipelinedMulUnit/imul/_47233_/X (sky130_fd_sc_hd__and4_1)
   0.0715   14.5391 v PipelinedMulUnit/imul/_47237_/Y (sky130_fd_sc_hd__nor2_1)
   0.2106   14.7497 ^ PipelinedMulUnit/imul/_47825_/Y (sky130_fd_sc_hd__nor3_1)
   0.1466   14.8963 ^ PipelinedMulUnit/imul/_47828_/X (sky130_fd_sc_hd__or2_2)
   0.1266   15.0228 ^ PipelinedMulUnit/imul/_48109_/X (sky130_fd_sc_hd__lpflow_inputiso0n_1)
   0.0518   15.0747 v PipelinedMulUnit/imul/_48117_/Y (sky130_fd_sc_hd__a21oi_1)
   0.1200   15.1947 ^ PipelinedMulUnit/imul/_48385_/Y (sky130_fd_sc_hd__a21oi_1)
   0.0906   15.2853 v PipelinedMulUnit/imul/_48386_/Y (sky130_fd_sc_hd__o21ai_0)
   0.1519   15.4372 ^ PipelinedMulUnit/imul/_48391_/Y (sky130_fd_sc_hd__a31oi_1)
   0.0035   15.4407 ^ PipelinedMulUnit/imul/_56592_/D (sky130_fd_sc_hd__dfxtp_1)
            15.4407   data arrival time

  20.0000   20.0000   clock clock (rise edge)
   0.0000   20.0000   clock network delay (ideal)
   0.0000   20.0000   clock reconvergence pessimism
            20.0000 ^ PipelinedMulUnit/imul/_56592_/CLK (sky130_fd_sc_hd__dfxtp_1)
  -0.0756   19.9244   library setup time
            19.9244   data required time
-------------------------------------------------------------
            19.9244   data required time
           -15.4407   data arrival time
-------------------------------------------------------------
             4.4838   slack (MET)


Startpoint: PipelinedMulUnit/imul/_56501_
            (rising edge-triggered flip-flop clocked by clock)
Endpoint: PipelinedMulUnit/imul/_56593_
          (rising edge-triggered flip-flop clocked by clock)
Path Group: clock
Path Type: max

    Delay      Time   Description
-------------------------------------------------------------
   0.0000    0.0000   clock clock (rise edge)
   0.0000    0.0000   clock network delay (ideal)
   0.0000    0.0000 ^ PipelinedMulUnit/imul/_56501_/CLK (sky130_fd_sc_hd__dfxtp_1)
   0.3800    0.3800 ^ PipelinedMulUnit/imul/_56501_/Q (sky130_fd_sc_hd__dfxtp_1)
   0.2608    0.6408 ^ PipelinedMulUnit/imul/_28769_/X (sky130_fd_sc_hd__clkbuf_1)
   0.1282    0.7691 v PipelinedMulUnit/imul/_38732_/Y (sky130_fd_sc_hd__nand2_1)
   0.4064    1.1755 v PipelinedMulUnit/imul/_38780_/X (sky130_fd_sc_hd__xor3_1)
   0.3651    1.5405 v PipelinedMulUnit/imul/_38782_/X (sky130_fd_sc_hd__maj3_1)
   0.2861    1.8266 ^ PipelinedMulUnit/imul/_38784_/X (sky130_fd_sc_hd__xor2_1)
   0.1517    1.9783 v PipelinedMulUnit/imul/_38786_/Y (sky130_fd_sc_hd__o21ai_0)
   0.3985    2.3767 v PipelinedMulUnit/imul/_38789_/X (sky130_fd_sc_hd__maj3_1)
   0.3902    2.7670 v PipelinedMulUnit/imul/_38826_/X (sky130_fd_sc_hd__xor3_1)
   0.2564    3.0233 ^ PipelinedMulUnit/imul/_38863_/Y (sky130_fd_sc_hd__xnor2_1)
   0.6499    3.6732 v PipelinedMulUnit/imul/_38896_/X (sky130_fd_sc_hd__or4b_2)
   0.3847    4.0579 v PipelinedMulUnit/imul/_38902_/X (sky130_fd_sc_hd__maj3_1)
   0.1892    4.2471 v PipelinedMulUnit/imul/_38903_/X (sky130_fd_sc_hd__xor2_1)
   0.2183    4.4654 ^ PipelinedMulUnit/imul/_38934_/Y (sky130_fd_sc_hd__o21ai_0)
   0.2184    4.6838 ^ PipelinedMulUnit/imul/_38935_/X (sky130_fd_sc_hd__xor2_1)
   0.1069    4.7907 v PipelinedMulUnit/imul/_38959_/Y (sky130_fd_sc_hd__a22oi_1)
   0.2202    5.0109 v PipelinedMulUnit/imul/_38961_/X (sky130_fd_sc_hd__o21ba_2)
   0.2250    5.2359 ^ PipelinedMulUnit/imul/_38963_/Y (sky130_fd_sc_hd__o21ai_0)
   0.1331    5.3690 v PipelinedMulUnit/imul/_38966_/Y (sky130_fd_sc_hd__a31oi_1)
   0.1981    5.5671 ^ PipelinedMulUnit/imul/_38968_/Y (sky130_fd_sc_hd__o21ai_0)
   0.1093    5.6764 v PipelinedMulUnit/imul/_38971_/Y (sky130_fd_sc_hd__a21oi_1)
   0.1624    5.8388 ^ PipelinedMulUnit/imul/_38974_/Y (sky130_fd_sc_hd__o211ai_1)
   0.1411    5.9799 v PipelinedMulUnit/imul/_38975_/Y (sky130_fd_sc_hd__a32oi_1)
   0.2541    6.2340 ^ PipelinedMulUnit/imul/_38980_/Y (sky130_fd_sc_hd__o21ai_0)
   0.1590    6.3929 v PipelinedMulUnit/imul/_38986_/Y (sky130_fd_sc_hd__a31oi_1)
   0.2778    6.6708 v PipelinedMulUnit/imul/_38991_/X (sky130_fd_sc_hd__o31a_1)
   0.2326    6.9034 v PipelinedMulUnit/imul/_38993_/X (sky130_fd_sc_hd__o221a_2)
   0.3561    7.2594 v PipelinedMulUnit/imul/_38994_/X (sky130_fd_sc_hd__or3_1)
   0.4452    7.7046 ^ PipelinedMulUnit/imul/_38999_/Y (sky130_fd_sc_hd__a311oi_1)
   0.2916    7.9962 v PipelinedMulUnit/imul/_39006_/Y (sky130_fd_sc_hd__o311ai_0)
   0.4192    8.4154 v PipelinedMulUnit/imul/_39010_/X (sky130_fd_sc_hd__a311o_1)
   0.3054    8.7208 ^ PipelinedMulUnit/imul/_39013_/Y (sky130_fd_sc_hd__a311oi_1)
   0.1296    8.8504 v PipelinedMulUnit/imul/_39016_/Y (sky130_fd_sc_hd__o211ai_1)
   0.3919    9.2423 v PipelinedMulUnit/imul/_39021_/X (sky130_fd_sc_hd__a311o_1)
   0.2909    9.5332 ^ PipelinedMulUnit/imul/_39025_/Y (sky130_fd_sc_hd__a311oi_1)
   0.2047    9.7379 v PipelinedMulUnit/imul/_39029_/Y (sky130_fd_sc_hd__o311ai_0)
   0.4023   10.1402 ^ PipelinedMulUnit/imul/_39035_/Y (sky130_fd_sc_hd__a311oi_1)
   0.2449   10.3851 ^ PipelinedMulUnit/imul/_39038_/X (sky130_fd_sc_hd__o311a_1)
   0.1769   10.5620 v PipelinedMulUnit/imul/_39042_/Y (sky130_fd_sc_hd__o311ai_0)
   0.3618   10.9238 ^ PipelinedMulUnit/imul/_39254_/Y (sky130_fd_sc_hd__a311oi_1)
   0.1707   11.0946 v PipelinedMulUnit/imul/_39399_/Y (sky130_fd_sc_hd__a21oi_1)
   0.2150   11.3095 v PipelinedMulUnit/imul/_39623_/Y (sky130_fd_sc_hd__nand4b_1)
   0.4430   11.7525 ^ PipelinedMulUnit/imul/_40019_/Y (sky130_fd_sc_hd__a2111oi_0)
   0.2368   11.9893 ^ PipelinedMulUnit/imul/_40692_/X (sky130_fd_sc_hd__o311a_1)
   0.1218   12.1111 v PipelinedMulUnit/imul/_41025_/Y (sky130_fd_sc_hd__o21ai_0)
   0.3555   12.4666 v PipelinedMulUnit/imul/_41710_/X (sky130_fd_sc_hd__a311o_1)
   0.3717   12.8383 ^ PipelinedMulUnit/imul/_42377_/Y (sky130_fd_sc_hd__a311oi_1)
   0.2787   13.1170 v PipelinedMulUnit/imul/_43050_/Y (sky130_fd_sc_hd__o311ai_0)
   0.4261   13.5431 ^ PipelinedMulUnit/imul/_43708_/Y (sky130_fd_sc_hd__a311oi_1)
   0.2789   13.8220 v PipelinedMulUnit/imul/_44387_/Y (sky130_fd_sc_hd__o311ai_0)
   0.3923   14.2143 ^ PipelinedMulUnit/imul/_45042_/Y (sky130_fd_sc_hd__a311oi_1)
   0.2533   14.4676 ^ PipelinedMulUnit/imul/_47233_/X (sky130_fd_sc_hd__and4_1)
   0.0715   14.5391 v PipelinedMulUnit/imul/_47237_/Y (sky130_fd_sc_hd__nor2_1)
   0.2106   14.7497 ^ PipelinedMulUnit/imul/_47825_/Y (sky130_fd_sc_hd__nor3_1)
   0.0723   14.8220 v PipelinedMulUnit/imul/_48655_/Y (sky130_fd_sc_hd__nand2_1)
   0.0794   14.9013 ^ PipelinedMulUnit/imul/_48656_/Y (sky130_fd_sc_hd__nand2_1)
   0.1964   15.0977 ^ PipelinedMulUnit/imul/_48658_/X (sky130_fd_sc_hd__lpflow_isobufsrc_1)
   0.0676   15.1653 v PipelinedMulUnit/imul/_48659_/Y (sky130_fd_sc_hd__nor3_1)
   0.1805   15.3458 v PipelinedMulUnit/imul/_48663_/X (sky130_fd_sc_hd__o22a_1)
   0.0035   15.3493 v PipelinedMulUnit/imul/_56593_/D (sky130_fd_sc_hd__dfxtp_1)
            15.3493   data arrival time

  20.0000   20.0000   clock clock (rise edge)
   0.0000   20.0000   clock network delay (ideal)
   0.0000   20.0000   clock reconvergence pessimism
            20.0000 ^ PipelinedMulUnit/imul/_56593_/CLK (sky130_fd_sc_hd__dfxtp_1)
  -0.1179   19.8821   library setup time
            19.8821   data required time
-------------------------------------------------------------
            19.8821   data required time
           -15.3493   data arrival time
-------------------------------------------------------------
             4.5328   slack (MET)


Startpoint: IntToFPUnit/ifpu/_2836_
            (rising edge-triggered flip-flop clocked by clock)
Endpoint: IntToFPUnit/ifpu/_2934_
          (rising edge-triggered flip-flop clocked by clock)
Path Group: clock
Path Type: max

    Delay      Time   Description
-------------------------------------------------------------
   0.0000    0.0000   clock clock (rise edge)
   0.0000    0.0000   clock network delay (ideal)
   0.0000    0.0000 ^ IntToFPUnit/ifpu/_2836_/CLK (sky130_fd_sc_hd__dfxtp_1)
   0.4367    0.4367 v IntToFPUnit/ifpu/_2836_/Q (sky130_fd_sc_hd__dfxtp_1)
   0.5741    1.0109 v IntToFPUnit/ifpu/i2fResults_i2f/_0670_/X (sky130_fd_sc_hd__or4_1)
   0.2304    1.2413 ^ IntToFPUnit/ifpu/i2fResults_i2f/_0671_/Y (sky130_fd_sc_hd__nor4_1)
   0.1306    1.3719 v IntToFPUnit/ifpu/i2fResults_i2f/_0672_/Y (sky130_fd_sc_hd__nand2b_1)
   0.4586    1.8305 v IntToFPUnit/ifpu/i2fResults_i2f/_0673_/X (sky130_fd_sc_hd__or4_1)
   0.4665    2.2970 v IntToFPUnit/ifpu/i2fResults_i2f/_0674_/X (sky130_fd_sc_hd__or4_1)
   0.4667    2.7637 v IntToFPUnit/ifpu/i2fResults_i2f/_0675_/X (sky130_fd_sc_hd__or4_1)
   0.4667    3.2303 v IntToFPUnit/ifpu/i2fResults_i2f/_0676_/X (sky130_fd_sc_hd__or4_1)
   0.4665    3.6968 v IntToFPUnit/ifpu/i2fResults_i2f/_0677_/X (sky130_fd_sc_hd__or4_1)
   0.4664    4.1632 v IntToFPUnit/ifpu/i2fResults_i2f/_0678_/X (sky130_fd_sc_hd__or4_1)
   0.4665    4.6297 v IntToFPUnit/ifpu/i2fResults_i2f/_0679_/X (sky130_fd_sc_hd__or4_1)
   0.4665    5.0962 v IntToFPUnit/ifpu/i2fResults_i2f/_0680_/X (sky130_fd_sc_hd__or4_1)
   0.4665    5.5626 v IntToFPUnit/ifpu/i2fResults_i2f/_0681_/X (sky130_fd_sc_hd__or4_1)
   0.4667    6.0293 v IntToFPUnit/ifpu/i2fResults_i2f/_0682_/X (sky130_fd_sc_hd__or4_1)
   0.4667    6.4960 v IntToFPUnit/ifpu/i2fResults_i2f/_0683_/X (sky130_fd_sc_hd__or4_1)
   0.4667    6.9626 v IntToFPUnit/ifpu/i2fResults_i2f/_0684_/X (sky130_fd_sc_hd__or4_1)
   0.4667    7.4293 v IntToFPUnit/ifpu/i2fResults_i2f/_0685_/X (sky130_fd_sc_hd__or4_1)
   0.4667    7.8960 v IntToFPUnit/ifpu/i2fResults_i2f/_0686_/X (sky130_fd_sc_hd__or4_1)
   0.4667    8.3627 v IntToFPUnit/ifpu/i2fResults_i2f/_0687_/X (sky130_fd_sc_hd__or4_1)
   0.4597    8.8223 v IntToFPUnit/ifpu/i2fResults_i2f/_0688_/X (sky130_fd_sc_hd__or4_1)
   0.4581    9.2804 v IntToFPUnit/ifpu/i2fResults_i2f/_0689_/X (sky130_fd_sc_hd__or4_1)
   0.4502    9.7307 v IntToFPUnit/ifpu/i2fResults_i2f/_0690_/X (sky130_fd_sc_hd__or4_1)
   0.2176    9.9483 ^ IntToFPUnit/ifpu/i2fResults_i2f/_0691_/Y (sky130_fd_sc_hd__o21ai_0)
   0.1149   10.0632 v IntToFPUnit/ifpu/i2fResults_i2f/_0692_/Y (sky130_fd_sc_hd__nand2_1)
   0.0813   10.1445 ^ IntToFPUnit/ifpu/i2fResults_i2f/_0959_/Y (sky130_fd_sc_hd__nand2_1)
   0.0645   10.2091 v IntToFPUnit/ifpu/i2fResults_i2f/_0960_/Y (sky130_fd_sc_hd__a21oi_1)
   0.1624   10.3715 ^ IntToFPUnit/ifpu/i2fResults_i2f/_0961_/Y (sky130_fd_sc_hd__nor2_1)
   0.4258   10.7973 ^ IntToFPUnit/ifpu/i2fResults_i2f/_0975_/X (sky130_fd_sc_hd__lpflow_clkbufkapwr_1)
   0.5128   11.3101 ^ IntToFPUnit/ifpu/i2fResults_i2f/_1063_/X (sky130_fd_sc_hd__lpflow_clkbufkapwr_1)
   0.1750   11.4851 v IntToFPUnit/ifpu/i2fResults_i2f/_1137_/Y (sky130_fd_sc_hd__mux2i_1)
   0.2224   11.7075 ^ IntToFPUnit/ifpu/i2fResults_i2f/_1138_/Y (sky130_fd_sc_hd__mux2i_1)
   0.1219   11.8294 v IntToFPUnit/ifpu/i2fResults_i2f/_1139_/Y (sky130_fd_sc_hd__mux2i_1)
   0.1685   11.9979 ^ IntToFPUnit/ifpu/i2fResults_i2f/_1194_/Y (sky130_fd_sc_hd__mux2i_1)
   0.1041   12.1020 v IntToFPUnit/ifpu/i2fResults_i2f/_1195_/Y (sky130_fd_sc_hd__o21ai_0)
   0.1863   12.2883 v IntToFPUnit/ifpu/i2fResults_i2f/_1197_/X (sky130_fd_sc_hd__a21o_1)
   0.2463   12.5346 ^ IntToFPUnit/ifpu/i2fResults_i2f/roundAnyRawFNToRecFN/_098_/Y (sky130_fd_sc_hd__nor4_1)
   0.1440   12.6787 v IntToFPUnit/ifpu/i2fResults_i2f/roundAnyRawFNToRecFN/_099_/Y (sky130_fd_sc_hd__nand4_1)
   0.4030   13.0816 ^ IntToFPUnit/ifpu/i2fResults_i2f/roundAnyRawFNToRecFN/_109_/Y (sky130_fd_sc_hd__nor4_1)
   0.2422   13.3239 v IntToFPUnit/ifpu/i2fResults_i2f/roundAnyRawFNToRecFN/_113_/Y (sky130_fd_sc_hd__o21ai_0)
   0.1580   13.4819 ^ IntToFPUnit/ifpu/i2fResults_i2f/roundAnyRawFNToRecFN/_167_/Y (sky130_fd_sc_hd__nand4_1)
   0.0826   13.5644 v IntToFPUnit/ifpu/i2fResults_i2f/roundAnyRawFNToRecFN/_179_/Y (sky130_fd_sc_hd__nor3_1)
   0.2055   13.7699 v IntToFPUnit/ifpu/i2fResults_i2f/roundAnyRawFNToRecFN/_188_/X (sky130_fd_sc_hd__and4_1)
   0.2171   13.9871 v IntToFPUnit/ifpu/i2fResults_i2f/roundAnyRawFNToRecFN/_197_/X (sky130_fd_sc_hd__and4_1)
   0.4068   14.3938 v IntToFPUnit/ifpu/i2fResults_i2f/roundAnyRawFNToRecFN/_198_/X (sky130_fd_sc_hd__maj3_1)
   0.2693   14.6631 v IntToFPUnit/ifpu/i2fResults_i2f/roundAnyRawFNToRecFN/_199_/X (sky130_fd_sc_hd__and4_1)
   0.1938   14.8569 v IntToFPUnit/ifpu/i2fResults_i2f/roundAnyRawFNToRecFN/_200_/X (sky130_fd_sc_hd__lpflow_inputiso0n_1)
   0.1449   15.0018 v IntToFPUnit/ifpu/i2fResults_i2f/roundAnyRawFNToRecFN/_219_/X (sky130_fd_sc_hd__xor2_1)
   0.1755   15.1774 v IntToFPUnit/ifpu/_2441_/X (sky130_fd_sc_hd__o21a_1)
   0.0649   15.2423 ^ IntToFPUnit/ifpu/_2442_/Y (sky130_fd_sc_hd__o21ai_0)
   0.0789   15.3212 v IntToFPUnit/ifpu/_2458_/Y (sky130_fd_sc_hd__a21oi_1)
   0.0035   15.3247 v IntToFPUnit/ifpu/_2934_/D (sky130_fd_sc_hd__dfxtp_1)
            15.3247   data arrival time

  20.0000   20.0000   clock clock (rise edge)
   0.0000   20.0000   clock network delay (ideal)
   0.0000   20.0000   clock reconvergence pessimism
            20.0000 ^ IntToFPUnit/ifpu/_2934_/CLK (sky130_fd_sc_hd__dfxtp_1)
  -0.1230   19.8770   library setup time
            19.8770   data required time
-------------------------------------------------------------
            19.8770   data required time
           -15.3247   data arrival time
-------------------------------------------------------------
             4.5523   slack (MET)


Startpoint: PipelinedMulUnit/imul/_56501_
            (rising edge-triggered flip-flop clocked by clock)
Endpoint: PipelinedMulUnit/imul/_56597_
          (rising edge-triggered flip-flop clocked by clock)
Path Group: clock
Path Type: max

    Delay      Time   Description
-------------------------------------------------------------
   0.0000    0.0000   clock clock (rise edge)
   0.0000    0.0000   clock network delay (ideal)
   0.0000    0.0000 ^ PipelinedMulUnit/imul/_56501_/CLK (sky130_fd_sc_hd__dfxtp_1)
   0.3800    0.3800 ^ PipelinedMulUnit/imul/_56501_/Q (sky130_fd_sc_hd__dfxtp_1)
   0.2608    0.6408 ^ PipelinedMulUnit/imul/_28769_/X (sky130_fd_sc_hd__clkbuf_1)
   0.1282    0.7691 v PipelinedMulUnit/imul/_38732_/Y (sky130_fd_sc_hd__nand2_1)
   0.4064    1.1755 v PipelinedMulUnit/imul/_38780_/X (sky130_fd_sc_hd__xor3_1)
   0.3651    1.5405 v PipelinedMulUnit/imul/_38782_/X (sky130_fd_sc_hd__maj3_1)
   0.2861    1.8266 ^ PipelinedMulUnit/imul/_38784_/X (sky130_fd_sc_hd__xor2_1)
   0.1517    1.9783 v PipelinedMulUnit/imul/_38786_/Y (sky130_fd_sc_hd__o21ai_0)
   0.3985    2.3767 v PipelinedMulUnit/imul/_38789_/X (sky130_fd_sc_hd__maj3_1)
   0.3902    2.7670 v PipelinedMulUnit/imul/_38826_/X (sky130_fd_sc_hd__xor3_1)
   0.2564    3.0233 ^ PipelinedMulUnit/imul/_38863_/Y (sky130_fd_sc_hd__xnor2_1)
   0.6499    3.6732 v PipelinedMulUnit/imul/_38896_/X (sky130_fd_sc_hd__or4b_2)
   0.3847    4.0579 v PipelinedMulUnit/imul/_38902_/X (sky130_fd_sc_hd__maj3_1)
   0.1892    4.2471 v PipelinedMulUnit/imul/_38903_/X (sky130_fd_sc_hd__xor2_1)
   0.2183    4.4654 ^ PipelinedMulUnit/imul/_38934_/Y (sky130_fd_sc_hd__o21ai_0)
   0.2184    4.6838 ^ PipelinedMulUnit/imul/_38935_/X (sky130_fd_sc_hd__xor2_1)
   0.1069    4.7907 v PipelinedMulUnit/imul/_38959_/Y (sky130_fd_sc_hd__a22oi_1)
   0.2202    5.0109 v PipelinedMulUnit/imul/_38961_/X (sky130_fd_sc_hd__o21ba_2)
   0.2250    5.2359 ^ PipelinedMulUnit/imul/_38963_/Y (sky130_fd_sc_hd__o21ai_0)
   0.1331    5.3690 v PipelinedMulUnit/imul/_38966_/Y (sky130_fd_sc_hd__a31oi_1)
   0.1981    5.5671 ^ PipelinedMulUnit/imul/_38968_/Y (sky130_fd_sc_hd__o21ai_0)
   0.1093    5.6764 v PipelinedMulUnit/imul/_38971_/Y (sky130_fd_sc_hd__a21oi_1)
   0.1624    5.8388 ^ PipelinedMulUnit/imul/_38974_/Y (sky130_fd_sc_hd__o211ai_1)
   0.1411    5.9799 v PipelinedMulUnit/imul/_38975_/Y (sky130_fd_sc_hd__a32oi_1)
   0.2541    6.2340 ^ PipelinedMulUnit/imul/_38980_/Y (sky130_fd_sc_hd__o21ai_0)
   0.1590    6.3929 v PipelinedMulUnit/imul/_38986_/Y (sky130_fd_sc_hd__a31oi_1)
   0.2778    6.6708 v PipelinedMulUnit/imul/_38991_/X (sky130_fd_sc_hd__o31a_1)
   0.2326    6.9034 v PipelinedMulUnit/imul/_38993_/X (sky130_fd_sc_hd__o221a_2)
   0.3561    7.2594 v PipelinedMulUnit/imul/_38994_/X (sky130_fd_sc_hd__or3_1)
   0.4452    7.7046 ^ PipelinedMulUnit/imul/_38999_/Y (sky130_fd_sc_hd__a311oi_1)
   0.2916    7.9962 v PipelinedMulUnit/imul/_39006_/Y (sky130_fd_sc_hd__o311ai_0)
   0.4192    8.4154 v PipelinedMulUnit/imul/_39010_/X (sky130_fd_sc_hd__a311o_1)
   0.3054    8.7208 ^ PipelinedMulUnit/imul/_39013_/Y (sky130_fd_sc_hd__a311oi_1)
   0.1296    8.8504 v PipelinedMulUnit/imul/_39016_/Y (sky130_fd_sc_hd__o211ai_1)
   0.3919    9.2423 v PipelinedMulUnit/imul/_39021_/X (sky130_fd_sc_hd__a311o_1)
   0.2909    9.5332 ^ PipelinedMulUnit/imul/_39025_/Y (sky130_fd_sc_hd__a311oi_1)
   0.2047    9.7379 v PipelinedMulUnit/imul/_39029_/Y (sky130_fd_sc_hd__o311ai_0)
   0.4023   10.1402 ^ PipelinedMulUnit/imul/_39035_/Y (sky130_fd_sc_hd__a311oi_1)
   0.2449   10.3851 ^ PipelinedMulUnit/imul/_39038_/X (sky130_fd_sc_hd__o311a_1)
   0.1769   10.5620 v PipelinedMulUnit/imul/_39042_/Y (sky130_fd_sc_hd__o311ai_0)
   0.3618   10.9238 ^ PipelinedMulUnit/imul/_39254_/Y (sky130_fd_sc_hd__a311oi_1)
   0.1707   11.0946 v PipelinedMulUnit/imul/_39399_/Y (sky130_fd_sc_hd__a21oi_1)
   0.2150   11.3095 v PipelinedMulUnit/imul/_39623_/Y (sky130_fd_sc_hd__nand4b_1)
   0.4430   11.7525 ^ PipelinedMulUnit/imul/_40019_/Y (sky130_fd_sc_hd__a2111oi_0)
   0.2368   11.9893 ^ PipelinedMulUnit/imul/_40692_/X (sky130_fd_sc_hd__o311a_1)
   0.1218   12.1111 v PipelinedMulUnit/imul/_41025_/Y (sky130_fd_sc_hd__o21ai_0)
   0.3555   12.4666 v PipelinedMulUnit/imul/_41710_/X (sky130_fd_sc_hd__a311o_1)
   0.3717   12.8383 ^ PipelinedMulUnit/imul/_42377_/Y (sky130_fd_sc_hd__a311oi_1)
   0.2787   13.1170 v PipelinedMulUnit/imul/_43050_/Y (sky130_fd_sc_hd__o311ai_0)
   0.4261   13.5431 ^ PipelinedMulUnit/imul/_43708_/Y (sky130_fd_sc_hd__a311oi_1)
   0.2789   13.8220 v PipelinedMulUnit/imul/_44387_/Y (sky130_fd_sc_hd__o311ai_0)
   0.3923   14.2143 ^ PipelinedMulUnit/imul/_45042_/Y (sky130_fd_sc_hd__a311oi_1)
   0.2533   14.4676 ^ PipelinedMulUnit/imul/_47233_/X (sky130_fd_sc_hd__and4_1)
   0.1376   14.6052 v PipelinedMulUnit/imul/_49489_/Y (sky130_fd_sc_hd__o2111ai_1)
   0.1695   14.7747 v PipelinedMulUnit/imul/_49748_/X (sky130_fd_sc_hd__and3_1)
   0.0979   14.8726 ^ PipelinedMulUnit/imul/_49750_/Y (sky130_fd_sc_hd__nor2_1)
   0.0442   14.9169 v PipelinedMulUnit/imul/_49751_/Y (sky130_fd_sc_hd__nor2_1)
   0.3373   15.2542 v PipelinedMulUnit/imul/_49760_/X (sky130_fd_sc_hd__or3_1)
   0.0695   15.3237 ^ PipelinedMulUnit/imul/_49761_/Y (sky130_fd_sc_hd__o21ai_0)
   0.0035   15.3272 ^ PipelinedMulUnit/imul/_56597_/D (sky130_fd_sc_hd__dfxtp_1)
            15.3272   data arrival time

  20.0000   20.0000   clock clock (rise edge)
   0.0000   20.0000   clock network delay (ideal)
   0.0000   20.0000   clock reconvergence pessimism
            20.0000 ^ PipelinedMulUnit/imul/_56597_/CLK (sky130_fd_sc_hd__dfxtp_1)
  -0.0763   19.9237   library setup time
            19.9237   data required time
-------------------------------------------------------------
            19.9237   data required time
           -15.3272   data arrival time
-------------------------------------------------------------
             4.5966   slack (MET)


Startpoint: IntToFPUnit/ifpu/_2836_
            (rising edge-triggered flip-flop clocked by clock)
Endpoint: IntToFPUnit/ifpu/_2959_
          (rising edge-triggered flip-flop clocked by clock)
Path Group: clock
Path Type: max

    Delay      Time   Description
-------------------------------------------------------------
   0.0000    0.0000   clock clock (rise edge)
   0.0000    0.0000   clock network delay (ideal)
   0.0000    0.0000 ^ IntToFPUnit/ifpu/_2836_/CLK (sky130_fd_sc_hd__dfxtp_1)
   0.4367    0.4367 v IntToFPUnit/ifpu/_2836_/Q (sky130_fd_sc_hd__dfxtp_1)
   0.5741    1.0109 v IntToFPUnit/ifpu/i2fResults_i2f_1/_0670_/X (sky130_fd_sc_hd__or4_1)
   0.2304    1.2413 ^ IntToFPUnit/ifpu/i2fResults_i2f_1/_0671_/Y (sky130_fd_sc_hd__nor4_1)
   0.1306    1.3719 v IntToFPUnit/ifpu/i2fResults_i2f_1/_0672_/Y (sky130_fd_sc_hd__nand2b_1)
   0.4586    1.8305 v IntToFPUnit/ifpu/i2fResults_i2f_1/_0673_/X (sky130_fd_sc_hd__or4_1)
   0.4665    2.2970 v IntToFPUnit/ifpu/i2fResults_i2f_1/_0674_/X (sky130_fd_sc_hd__or4_1)
   0.4667    2.7637 v IntToFPUnit/ifpu/i2fResults_i2f_1/_0675_/X (sky130_fd_sc_hd__or4_1)
   0.4667    3.2303 v IntToFPUnit/ifpu/i2fResults_i2f_1/_0676_/X (sky130_fd_sc_hd__or4_1)
   0.4665    3.6968 v IntToFPUnit/ifpu/i2fResults_i2f_1/_0677_/X (sky130_fd_sc_hd__or4_1)
   0.4664    4.1632 v IntToFPUnit/ifpu/i2fResults_i2f_1/_0678_/X (sky130_fd_sc_hd__or4_1)
   0.4665    4.6297 v IntToFPUnit/ifpu/i2fResults_i2f_1/_0679_/X (sky130_fd_sc_hd__or4_1)
   0.4665    5.0962 v IntToFPUnit/ifpu/i2fResults_i2f_1/_0680_/X (sky130_fd_sc_hd__or4_1)
   0.4665    5.5626 v IntToFPUnit/ifpu/i2fResults_i2f_1/_0681_/X (sky130_fd_sc_hd__or4_1)
   0.4667    6.0293 v IntToFPUnit/ifpu/i2fResults_i2f_1/_0682_/X (sky130_fd_sc_hd__or4_1)
   0.4667    6.4960 v IntToFPUnit/ifpu/i2fResults_i2f_1/_0683_/X (sky130_fd_sc_hd__or4_1)
   0.4667    6.9626 v IntToFPUnit/ifpu/i2fResults_i2f_1/_0684_/X (sky130_fd_sc_hd__or4_1)
   0.4667    7.4293 v IntToFPUnit/ifpu/i2fResults_i2f_1/_0685_/X (sky130_fd_sc_hd__or4_1)
   0.4667    7.8960 v IntToFPUnit/ifpu/i2fResults_i2f_1/_0686_/X (sky130_fd_sc_hd__or4_1)
   0.4667    8.3627 v IntToFPUnit/ifpu/i2fResults_i2f_1/_0687_/X (sky130_fd_sc_hd__or4_1)
   0.4597    8.8223 v IntToFPUnit/ifpu/i2fResults_i2f_1/_0688_/X (sky130_fd_sc_hd__or4_1)
   0.4581    9.2804 v IntToFPUnit/ifpu/i2fResults_i2f_1/_0689_/X (sky130_fd_sc_hd__or4_1)
   0.4502    9.7307 v IntToFPUnit/ifpu/i2fResults_i2f_1/_0690_/X (sky130_fd_sc_hd__or4_1)
   0.2176    9.9483 ^ IntToFPUnit/ifpu/i2fResults_i2f_1/_0691_/Y (sky130_fd_sc_hd__o21ai_0)
   0.1149   10.0632 v IntToFPUnit/ifpu/i2fResults_i2f_1/_0692_/Y (sky130_fd_sc_hd__nand2_1)
   0.0813   10.1445 ^ IntToFPUnit/ifpu/i2fResults_i2f_1/_0959_/Y (sky130_fd_sc_hd__nand2_1)
   0.0645   10.2091 v IntToFPUnit/ifpu/i2fResults_i2f_1/_0960_/Y (sky130_fd_sc_hd__a21oi_1)
   0.1624   10.3715 ^ IntToFPUnit/ifpu/i2fResults_i2f_1/_0961_/Y (sky130_fd_sc_hd__nor2_1)
   0.4258   10.7973 ^ IntToFPUnit/ifpu/i2fResults_i2f_1/_0975_/X (sky130_fd_sc_hd__lpflow_clkbufkapwr_1)
   0.5128   11.3101 ^ IntToFPUnit/ifpu/i2fResults_i2f_1/_1063_/X (sky130_fd_sc_hd__lpflow_clkbufkapwr_1)
   0.2826   11.5927 ^ IntToFPUnit/ifpu/i2fResults_i2f_1/_1143_/Y (sky130_fd_sc_hd__mux2i_1)
   0.1121   11.7048 v IntToFPUnit/ifpu/i2fResults_i2f_1/_1144_/Y (sky130_fd_sc_hd__mux2i_1)
   0.1904   11.8952 ^ IntToFPUnit/ifpu/i2fResults_i2f_1/_1145_/Y (sky130_fd_sc_hd__mux2i_1)
   0.1083   12.0035 v IntToFPUnit/ifpu/i2fResults_i2f_1/_1146_/Y (sky130_fd_sc_hd__mux2i_1)
   0.2885   12.2920 v IntToFPUnit/ifpu/i2fResults_i2f_1/_1147_/X (sky130_fd_sc_hd__mux2_2)
   0.2062   12.4982 ^ IntToFPUnit/ifpu/i2fResults_i2f_1/_1148_/Y (sky130_fd_sc_hd__nor2_1)
   0.2054   12.7036 ^ IntToFPUnit/ifpu/i2fResults_i2f_1/roundAnyRawFNToRecFN/_226_/X (sky130_fd_sc_hd__and3_1)
   0.0986   12.8022 v IntToFPUnit/ifpu/i2fResults_i2f_1/roundAnyRawFNToRecFN/_227_/Y (sky130_fd_sc_hd__nand3_1)
   0.4001   13.2023 v IntToFPUnit/ifpu/i2fResults_i2f_1/roundAnyRawFNToRecFN/_265_/X (sky130_fd_sc_hd__or3_1)
   0.6406   13.8429 ^ IntToFPUnit/ifpu/i2fResults_i2f_1/roundAnyRawFNToRecFN/_330_/Y (sky130_fd_sc_hd__nor4_1)
   0.2090   14.0519 v IntToFPUnit/ifpu/i2fResults_i2f_1/roundAnyRawFNToRecFN/_338_/Y (sky130_fd_sc_hd__nand4_1)
   0.2916   14.3435 ^ IntToFPUnit/ifpu/i2fResults_i2f_1/roundAnyRawFNToRecFN/_341_/X (sky130_fd_sc_hd__lpflow_isobufsrc_1)
   0.2703   14.6138 ^ IntToFPUnit/ifpu/i2fResults_i2f_1/roundAnyRawFNToRecFN/_348_/X (sky130_fd_sc_hd__and4_1)
   0.2389   14.8527 ^ IntToFPUnit/ifpu/i2fResults_i2f_1/roundAnyRawFNToRecFN/_349_/X (sky130_fd_sc_hd__maj3_1)
   0.0846   14.9373 v IntToFPUnit/ifpu/i2fResults_i2f_1/roundAnyRawFNToRecFN/_358_/X (sky130_fd_sc_hd__xor2_1)
   0.3268   15.2641 v IntToFPUnit/ifpu/_2774_/X (sky130_fd_sc_hd__a221o_1)
   0.0035   15.2676 v IntToFPUnit/ifpu/_2959_/D (sky130_fd_sc_hd__dfxtp_1)
            15.2676   data arrival time

  20.0000   20.0000   clock clock (rise edge)
   0.0000   20.0000   clock network delay (ideal)
   0.0000   20.0000   clock reconvergence pessimism
            20.0000 ^ IntToFPUnit/ifpu/_2959_/CLK (sky130_fd_sc_hd__dfxtp_1)
  -0.1226   19.8774   library setup time
            19.8774   data required time
-------------------------------------------------------------
            19.8774   data required time
           -15.2676   data arrival time
-------------------------------------------------------------
             4.6099   slack (MET)


Startpoint: PipelinedMulUnit/imul/_56501_
            (rising edge-triggered flip-flop clocked by clock)
Endpoint: PipelinedMulUnit/imul/_56591_
          (rising edge-triggered flip-flop clocked by clock)
Path Group: clock
Path Type: max

    Delay      Time   Description
-------------------------------------------------------------
   0.0000    0.0000   clock clock (rise edge)
   0.0000    0.0000   clock network delay (ideal)
   0.0000    0.0000 ^ PipelinedMulUnit/imul/_56501_/CLK (sky130_fd_sc_hd__dfxtp_1)
   0.3800    0.3800 ^ PipelinedMulUnit/imul/_56501_/Q (sky130_fd_sc_hd__dfxtp_1)
   0.2608    0.6408 ^ PipelinedMulUnit/imul/_28769_/X (sky130_fd_sc_hd__clkbuf_1)
   0.1282    0.7691 v PipelinedMulUnit/imul/_38732_/Y (sky130_fd_sc_hd__nand2_1)
   0.4064    1.1755 v PipelinedMulUnit/imul/_38780_/X (sky130_fd_sc_hd__xor3_1)
   0.3651    1.5405 v PipelinedMulUnit/imul/_38782_/X (sky130_fd_sc_hd__maj3_1)
   0.2861    1.8266 ^ PipelinedMulUnit/imul/_38784_/X (sky130_fd_sc_hd__xor2_1)
   0.1517    1.9783 v PipelinedMulUnit/imul/_38786_/Y (sky130_fd_sc_hd__o21ai_0)
   0.3985    2.3767 v PipelinedMulUnit/imul/_38789_/X (sky130_fd_sc_hd__maj3_1)
   0.3902    2.7670 v PipelinedMulUnit/imul/_38826_/X (sky130_fd_sc_hd__xor3_1)
   0.2564    3.0233 ^ PipelinedMulUnit/imul/_38863_/Y (sky130_fd_sc_hd__xnor2_1)
   0.6499    3.6732 v PipelinedMulUnit/imul/_38896_/X (sky130_fd_sc_hd__or4b_2)
   0.3847    4.0579 v PipelinedMulUnit/imul/_38902_/X (sky130_fd_sc_hd__maj3_1)
   0.1892    4.2471 v PipelinedMulUnit/imul/_38903_/X (sky130_fd_sc_hd__xor2_1)
   0.2183    4.4654 ^ PipelinedMulUnit/imul/_38934_/Y (sky130_fd_sc_hd__o21ai_0)
   0.2184    4.6838 ^ PipelinedMulUnit/imul/_38935_/X (sky130_fd_sc_hd__xor2_1)
   0.1069    4.7907 v PipelinedMulUnit/imul/_38959_/Y (sky130_fd_sc_hd__a22oi_1)
   0.2202    5.0109 v PipelinedMulUnit/imul/_38961_/X (sky130_fd_sc_hd__o21ba_2)
   0.2250    5.2359 ^ PipelinedMulUnit/imul/_38963_/Y (sky130_fd_sc_hd__o21ai_0)
   0.1331    5.3690 v PipelinedMulUnit/imul/_38966_/Y (sky130_fd_sc_hd__a31oi_1)
   0.1981    5.5671 ^ PipelinedMulUnit/imul/_38968_/Y (sky130_fd_sc_hd__o21ai_0)
   0.1093    5.6764 v PipelinedMulUnit/imul/_38971_/Y (sky130_fd_sc_hd__a21oi_1)
   0.1624    5.8388 ^ PipelinedMulUnit/imul/_38974_/Y (sky130_fd_sc_hd__o211ai_1)
   0.1411    5.9799 v PipelinedMulUnit/imul/_38975_/Y (sky130_fd_sc_hd__a32oi_1)
   0.2541    6.2340 ^ PipelinedMulUnit/imul/_38980_/Y (sky130_fd_sc_hd__o21ai_0)
   0.1590    6.3929 v PipelinedMulUnit/imul/_38986_/Y (sky130_fd_sc_hd__a31oi_1)
   0.2778    6.6708 v PipelinedMulUnit/imul/_38991_/X (sky130_fd_sc_hd__o31a_1)
   0.2326    6.9034 v PipelinedMulUnit/imul/_38993_/X (sky130_fd_sc_hd__o221a_2)
   0.3561    7.2594 v PipelinedMulUnit/imul/_38994_/X (sky130_fd_sc_hd__or3_1)
   0.4452    7.7046 ^ PipelinedMulUnit/imul/_38999_/Y (sky130_fd_sc_hd__a311oi_1)
   0.2916    7.9962 v PipelinedMulUnit/imul/_39006_/Y (sky130_fd_sc_hd__o311ai_0)
   0.4192    8.4154 v PipelinedMulUnit/imul/_39010_/X (sky130_fd_sc_hd__a311o_1)
   0.3054    8.7208 ^ PipelinedMulUnit/imul/_39013_/Y (sky130_fd_sc_hd__a311oi_1)
   0.1296    8.8504 v PipelinedMulUnit/imul/_39016_/Y (sky130_fd_sc_hd__o211ai_1)
   0.3919    9.2423 v PipelinedMulUnit/imul/_39021_/X (sky130_fd_sc_hd__a311o_1)
   0.2909    9.5332 ^ PipelinedMulUnit/imul/_39025_/Y (sky130_fd_sc_hd__a311oi_1)
   0.2047    9.7379 v PipelinedMulUnit/imul/_39029_/Y (sky130_fd_sc_hd__o311ai_0)
   0.4023   10.1402 ^ PipelinedMulUnit/imul/_39035_/Y (sky130_fd_sc_hd__a311oi_1)
   0.2449   10.3851 ^ PipelinedMulUnit/imul/_39038_/X (sky130_fd_sc_hd__o311a_1)
   0.1769   10.5620 v PipelinedMulUnit/imul/_39042_/Y (sky130_fd_sc_hd__o311ai_0)
   0.3618   10.9238 ^ PipelinedMulUnit/imul/_39254_/Y (sky130_fd_sc_hd__a311oi_1)
   0.1707   11.0946 v PipelinedMulUnit/imul/_39399_/Y (sky130_fd_sc_hd__a21oi_1)
   0.2150   11.3095 v PipelinedMulUnit/imul/_39623_/Y (sky130_fd_sc_hd__nand4b_1)
   0.4430   11.7525 ^ PipelinedMulUnit/imul/_40019_/Y (sky130_fd_sc_hd__a2111oi_0)
   0.2368   11.9893 ^ PipelinedMulUnit/imul/_40692_/X (sky130_fd_sc_hd__o311a_1)
   0.1218   12.1111 v PipelinedMulUnit/imul/_41025_/Y (sky130_fd_sc_hd__o21ai_0)
   0.3555   12.4666 v PipelinedMulUnit/imul/_41710_/X (sky130_fd_sc_hd__a311o_1)
   0.3717   12.8383 ^ PipelinedMulUnit/imul/_42377_/Y (sky130_fd_sc_hd__a311oi_1)
   0.2787   13.1170 v PipelinedMulUnit/imul/_43050_/Y (sky130_fd_sc_hd__o311ai_0)
   0.4261   13.5431 ^ PipelinedMulUnit/imul/_43708_/Y (sky130_fd_sc_hd__a311oi_1)
   0.2789   13.8220 v PipelinedMulUnit/imul/_44387_/Y (sky130_fd_sc_hd__o311ai_0)
   0.3923   14.2143 ^ PipelinedMulUnit/imul/_45042_/Y (sky130_fd_sc_hd__a311oi_1)
   0.2533   14.4676 ^ PipelinedMulUnit/imul/_47233_/X (sky130_fd_sc_hd__and4_1)
   0.0715   14.5391 v PipelinedMulUnit/imul/_47237_/Y (sky130_fd_sc_hd__nor2_1)
   0.2106   14.7497 ^ PipelinedMulUnit/imul/_47825_/Y (sky130_fd_sc_hd__nor3_1)
   0.1466   14.8963 ^ PipelinedMulUnit/imul/_47828_/X (sky130_fd_sc_hd__or2_2)
   0.1266   15.0228 ^ PipelinedMulUnit/imul/_48109_/X (sky130_fd_sc_hd__lpflow_inputiso0n_1)
   0.0411   15.0639 v PipelinedMulUnit/imul/_48110_/Y (sky130_fd_sc_hd__nor2_1)
   0.0793   15.1432 ^ PipelinedMulUnit/imul/_48111_/Y (sky130_fd_sc_hd__o21ai_0)
   0.0964   15.2396 v PipelinedMulUnit/imul/_48116_/Y (sky130_fd_sc_hd__a31oi_1)
   0.0035   15.2431 v PipelinedMulUnit/imul/_56591_/D (sky130_fd_sc_hd__dfxtp_1)
            15.2431   data arrival time

  20.0000   20.0000   clock clock (rise edge)
   0.0000   20.0000   clock network delay (ideal)
   0.0000   20.0000   clock reconvergence pessimism
            20.0000 ^ PipelinedMulUnit/imul/_56591_/CLK (sky130_fd_sc_hd__dfxtp_1)
  -0.1386   19.8614   library setup time
            19.8614   data required time
-------------------------------------------------------------
            19.8614   data required time
           -15.2431   data arrival time
-------------------------------------------------------------
             4.6183   slack (MET)


Startpoint: IntToFPUnit/ifpu/_2836_
            (rising edge-triggered flip-flop clocked by clock)
Endpoint: IntToFPUnit/ifpu/_2958_
          (rising edge-triggered flip-flop clocked by clock)
Path Group: clock
Path Type: max

    Delay      Time   Description
-------------------------------------------------------------
   0.0000    0.0000   clock clock (rise edge)
   0.0000    0.0000   clock network delay (ideal)
   0.0000    0.0000 ^ IntToFPUnit/ifpu/_2836_/CLK (sky130_fd_sc_hd__dfxtp_1)
   0.4367    0.4367 v IntToFPUnit/ifpu/_2836_/Q (sky130_fd_sc_hd__dfxtp_1)
   0.5741    1.0109 v IntToFPUnit/ifpu/i2fResults_i2f_1/_0670_/X (sky130_fd_sc_hd__or4_1)
   0.2304    1.2413 ^ IntToFPUnit/ifpu/i2fResults_i2f_1/_0671_/Y (sky130_fd_sc_hd__nor4_1)
   0.1306    1.3719 v IntToFPUnit/ifpu/i2fResults_i2f_1/_0672_/Y (sky130_fd_sc_hd__nand2b_1)
   0.4586    1.8305 v IntToFPUnit/ifpu/i2fResults_i2f_1/_0673_/X (sky130_fd_sc_hd__or4_1)
   0.4665    2.2970 v IntToFPUnit/ifpu/i2fResults_i2f_1/_0674_/X (sky130_fd_sc_hd__or4_1)
   0.4667    2.7637 v IntToFPUnit/ifpu/i2fResults_i2f_1/_0675_/X (sky130_fd_sc_hd__or4_1)
   0.4667    3.2303 v IntToFPUnit/ifpu/i2fResults_i2f_1/_0676_/X (sky130_fd_sc_hd__or4_1)
   0.4665    3.6968 v IntToFPUnit/ifpu/i2fResults_i2f_1/_0677_/X (sky130_fd_sc_hd__or4_1)
   0.4664    4.1632 v IntToFPUnit/ifpu/i2fResults_i2f_1/_0678_/X (sky130_fd_sc_hd__or4_1)
   0.4665    4.6297 v IntToFPUnit/ifpu/i2fResults_i2f_1/_0679_/X (sky130_fd_sc_hd__or4_1)
   0.4665    5.0962 v IntToFPUnit/ifpu/i2fResults_i2f_1/_0680_/X (sky130_fd_sc_hd__or4_1)
   0.4665    5.5626 v IntToFPUnit/ifpu/i2fResults_i2f_1/_0681_/X (sky130_fd_sc_hd__or4_1)
   0.4667    6.0293 v IntToFPUnit/ifpu/i2fResults_i2f_1/_0682_/X (sky130_fd_sc_hd__or4_1)
   0.4667    6.4960 v IntToFPUnit/ifpu/i2fResults_i2f_1/_0683_/X (sky130_fd_sc_hd__or4_1)
   0.4667    6.9626 v IntToFPUnit/ifpu/i2fResults_i2f_1/_0684_/X (sky130_fd_sc_hd__or4_1)
   0.4667    7.4293 v IntToFPUnit/ifpu/i2fResults_i2f_1/_0685_/X (sky130_fd_sc_hd__or4_1)
   0.4667    7.8960 v IntToFPUnit/ifpu/i2fResults_i2f_1/_0686_/X (sky130_fd_sc_hd__or4_1)
   0.4667    8.3627 v IntToFPUnit/ifpu/i2fResults_i2f_1/_0687_/X (sky130_fd_sc_hd__or4_1)
   0.4597    8.8223 v IntToFPUnit/ifpu/i2fResults_i2f_1/_0688_/X (sky130_fd_sc_hd__or4_1)
   0.4581    9.2804 v IntToFPUnit/ifpu/i2fResults_i2f_1/_0689_/X (sky130_fd_sc_hd__or4_1)
   0.4502    9.7307 v IntToFPUnit/ifpu/i2fResults_i2f_1/_0690_/X (sky130_fd_sc_hd__or4_1)
   0.2176    9.9483 ^ IntToFPUnit/ifpu/i2fResults_i2f_1/_0691_/Y (sky130_fd_sc_hd__o21ai_0)
   0.1149   10.0632 v IntToFPUnit/ifpu/i2fResults_i2f_1/_0692_/Y (sky130_fd_sc_hd__nand2_1)
   0.0813   10.1445 ^ IntToFPUnit/ifpu/i2fResults_i2f_1/_0959_/Y (sky130_fd_sc_hd__nand2_1)
   0.0645   10.2091 v IntToFPUnit/ifpu/i2fResults_i2f_1/_0960_/Y (sky130_fd_sc_hd__a21oi_1)
   0.1624   10.3715 ^ IntToFPUnit/ifpu/i2fResults_i2f_1/_0961_/Y (sky130_fd_sc_hd__nor2_1)
   0.4258   10.7973 ^ IntToFPUnit/ifpu/i2fResults_i2f_1/_0975_/X (sky130_fd_sc_hd__lpflow_clkbufkapwr_1)
   0.5128   11.3101 ^ IntToFPUnit/ifpu/i2fResults_i2f_1/_1063_/X (sky130_fd_sc_hd__lpflow_clkbufkapwr_1)
   0.2826   11.5927 ^ IntToFPUnit/ifpu/i2fResults_i2f_1/_1143_/Y (sky130_fd_sc_hd__mux2i_1)
   0.1121   11.7048 v IntToFPUnit/ifpu/i2fResults_i2f_1/_1144_/Y (sky130_fd_sc_hd__mux2i_1)
   0.1904   11.8952 ^ IntToFPUnit/ifpu/i2fResults_i2f_1/_1145_/Y (sky130_fd_sc_hd__mux2i_1)
   0.1083   12.0035 v IntToFPUnit/ifpu/i2fResults_i2f_1/_1146_/Y (sky130_fd_sc_hd__mux2i_1)
   0.2885   12.2920 v IntToFPUnit/ifpu/i2fResults_i2f_1/_1147_/X (sky130_fd_sc_hd__mux2_2)
   0.2062   12.4982 ^ IntToFPUnit/ifpu/i2fResults_i2f_1/_1148_/Y (sky130_fd_sc_hd__nor2_1)
   0.2054   12.7036 ^ IntToFPUnit/ifpu/i2fResults_i2f_1/roundAnyRawFNToRecFN/_226_/X (sky130_fd_sc_hd__and3_1)
   0.0986   12.8022 v IntToFPUnit/ifpu/i2fResults_i2f_1/roundAnyRawFNToRecFN/_227_/Y (sky130_fd_sc_hd__nand3_1)
   0.4001   13.2023 v IntToFPUnit/ifpu/i2fResults_i2f_1/roundAnyRawFNToRecFN/_265_/X (sky130_fd_sc_hd__or3_1)
   0.6406   13.8429 ^ IntToFPUnit/ifpu/i2fResults_i2f_1/roundAnyRawFNToRecFN/_330_/Y (sky130_fd_sc_hd__nor4_1)
   0.2090   14.0519 v IntToFPUnit/ifpu/i2fResults_i2f_1/roundAnyRawFNToRecFN/_338_/Y (sky130_fd_sc_hd__nand4_1)
   0.2916   14.3435 ^ IntToFPUnit/ifpu/i2fResults_i2f_1/roundAnyRawFNToRecFN/_341_/X (sky130_fd_sc_hd__lpflow_isobufsrc_1)
   0.2703   14.6138 ^ IntToFPUnit/ifpu/i2fResults_i2f_1/roundAnyRawFNToRecFN/_348_/X (sky130_fd_sc_hd__and4_1)
   0.0873   14.7012 v IntToFPUnit/ifpu/i2fResults_i2f_1/roundAnyRawFNToRecFN/_356_/Y (sky130_fd_sc_hd__xnor2_1)
   0.1319   14.8330 v IntToFPUnit/ifpu/i2fResults_i2f_1/roundAnyRawFNToRecFN/_357_/Y (sky130_fd_sc_hd__xnor2_1)
   0.1586   14.9916 ^ IntToFPUnit/ifpu/_2769_/Y (sky130_fd_sc_hd__a31oi_1)
   0.0956   15.0873 v IntToFPUnit/ifpu/_2770_/Y (sky130_fd_sc_hd__o21ai_0)
   0.1623   15.2496 v IntToFPUnit/ifpu/_2771_/X (sky130_fd_sc_hd__o22a_1)
   0.0035   15.2530 v IntToFPUnit/ifpu/_2958_/D (sky130_fd_sc_hd__dfxtp_1)
            15.2530   data arrival time

  20.0000   20.0000   clock clock (rise edge)
   0.0000   20.0000   clock network delay (ideal)
   0.0000   20.0000   clock reconvergence pessimism
            20.0000 ^ IntToFPUnit/ifpu/_2958_/CLK (sky130_fd_sc_hd__dfxtp_1)
  -0.1179   19.8821   library setup time
            19.8821   data required time
-------------------------------------------------------------
            19.8821   data required time
           -15.2530   data arrival time
-------------------------------------------------------------
             4.6290   slack (MET)


Startpoint: PipelinedMulUnit/imul/_56501_
            (rising edge-triggered flip-flop clocked by clock)
Endpoint: PipelinedMulUnit/imul/_56598_
          (rising edge-triggered flip-flop clocked by clock)
Path Group: clock
Path Type: max

    Delay      Time   Description
-------------------------------------------------------------
   0.0000    0.0000   clock clock (rise edge)
   0.0000    0.0000   clock network delay (ideal)
   0.0000    0.0000 ^ PipelinedMulUnit/imul/_56501_/CLK (sky130_fd_sc_hd__dfxtp_1)
   0.3800    0.3800 ^ PipelinedMulUnit/imul/_56501_/Q (sky130_fd_sc_hd__dfxtp_1)
   0.2608    0.6408 ^ PipelinedMulUnit/imul/_28769_/X (sky130_fd_sc_hd__clkbuf_1)
   0.1282    0.7691 v PipelinedMulUnit/imul/_38732_/Y (sky130_fd_sc_hd__nand2_1)
   0.4064    1.1755 v PipelinedMulUnit/imul/_38780_/X (sky130_fd_sc_hd__xor3_1)
   0.3651    1.5405 v PipelinedMulUnit/imul/_38782_/X (sky130_fd_sc_hd__maj3_1)
   0.2861    1.8266 ^ PipelinedMulUnit/imul/_38784_/X (sky130_fd_sc_hd__xor2_1)
   0.1517    1.9783 v PipelinedMulUnit/imul/_38786_/Y (sky130_fd_sc_hd__o21ai_0)
   0.3985    2.3767 v PipelinedMulUnit/imul/_38789_/X (sky130_fd_sc_hd__maj3_1)
   0.3902    2.7670 v PipelinedMulUnit/imul/_38826_/X (sky130_fd_sc_hd__xor3_1)
   0.2564    3.0233 ^ PipelinedMulUnit/imul/_38863_/Y (sky130_fd_sc_hd__xnor2_1)
   0.6499    3.6732 v PipelinedMulUnit/imul/_38896_/X (sky130_fd_sc_hd__or4b_2)
   0.3847    4.0579 v PipelinedMulUnit/imul/_38902_/X (sky130_fd_sc_hd__maj3_1)
   0.1892    4.2471 v PipelinedMulUnit/imul/_38903_/X (sky130_fd_sc_hd__xor2_1)
   0.2183    4.4654 ^ PipelinedMulUnit/imul/_38934_/Y (sky130_fd_sc_hd__o21ai_0)
   0.2184    4.6838 ^ PipelinedMulUnit/imul/_38935_/X (sky130_fd_sc_hd__xor2_1)
   0.1069    4.7907 v PipelinedMulUnit/imul/_38959_/Y (sky130_fd_sc_hd__a22oi_1)
   0.2202    5.0109 v PipelinedMulUnit/imul/_38961_/X (sky130_fd_sc_hd__o21ba_2)
   0.2250    5.2359 ^ PipelinedMulUnit/imul/_38963_/Y (sky130_fd_sc_hd__o21ai_0)
   0.1331    5.3690 v PipelinedMulUnit/imul/_38966_/Y (sky130_fd_sc_hd__a31oi_1)
   0.1981    5.5671 ^ PipelinedMulUnit/imul/_38968_/Y (sky130_fd_sc_hd__o21ai_0)
   0.1093    5.6764 v PipelinedMulUnit/imul/_38971_/Y (sky130_fd_sc_hd__a21oi_1)
   0.1624    5.8388 ^ PipelinedMulUnit/imul/_38974_/Y (sky130_fd_sc_hd__o211ai_1)
   0.1411    5.9799 v PipelinedMulUnit/imul/_38975_/Y (sky130_fd_sc_hd__a32oi_1)
   0.2541    6.2340 ^ PipelinedMulUnit/imul/_38980_/Y (sky130_fd_sc_hd__o21ai_0)
   0.1590    6.3929 v PipelinedMulUnit/imul/_38986_/Y (sky130_fd_sc_hd__a31oi_1)
   0.2778    6.6708 v PipelinedMulUnit/imul/_38991_/X (sky130_fd_sc_hd__o31a_1)
   0.2326    6.9034 v PipelinedMulUnit/imul/_38993_/X (sky130_fd_sc_hd__o221a_2)
   0.3561    7.2594 v PipelinedMulUnit/imul/_38994_/X (sky130_fd_sc_hd__or3_1)
   0.4452    7.7046 ^ PipelinedMulUnit/imul/_38999_/Y (sky130_fd_sc_hd__a311oi_1)
   0.2916    7.9962 v PipelinedMulUnit/imul/_39006_/Y (sky130_fd_sc_hd__o311ai_0)
   0.4192    8.4154 v PipelinedMulUnit/imul/_39010_/X (sky130_fd_sc_hd__a311o_1)
   0.3054    8.7208 ^ PipelinedMulUnit/imul/_39013_/Y (sky130_fd_sc_hd__a311oi_1)
   0.1296    8.8504 v PipelinedMulUnit/imul/_39016_/Y (sky130_fd_sc_hd__o211ai_1)
   0.3919    9.2423 v PipelinedMulUnit/imul/_39021_/X (sky130_fd_sc_hd__a311o_1)
   0.2909    9.5332 ^ PipelinedMulUnit/imul/_39025_/Y (sky130_fd_sc_hd__a311oi_1)
   0.2047    9.7379 v PipelinedMulUnit/imul/_39029_/Y (sky130_fd_sc_hd__o311ai_0)
   0.4023   10.1402 ^ PipelinedMulUnit/imul/_39035_/Y (sky130_fd_sc_hd__a311oi_1)
   0.2449   10.3851 ^ PipelinedMulUnit/imul/_39038_/X (sky130_fd_sc_hd__o311a_1)
   0.1769   10.5620 v PipelinedMulUnit/imul/_39042_/Y (sky130_fd_sc_hd__o311ai_0)
   0.3618   10.9238 ^ PipelinedMulUnit/imul/_39254_/Y (sky130_fd_sc_hd__a311oi_1)
   0.1707   11.0946 v PipelinedMulUnit/imul/_39399_/Y (sky130_fd_sc_hd__a21oi_1)
   0.2150   11.3095 v PipelinedMulUnit/imul/_39623_/Y (sky130_fd_sc_hd__nand4b_1)
   0.4430   11.7525 ^ PipelinedMulUnit/imul/_40019_/Y (sky130_fd_sc_hd__a2111oi_0)
   0.2368   11.9893 ^ PipelinedMulUnit/imul/_40692_/X (sky130_fd_sc_hd__o311a_1)
   0.1218   12.1111 v PipelinedMulUnit/imul/_41025_/Y (sky130_fd_sc_hd__o21ai_0)
   0.3555   12.4666 v PipelinedMulUnit/imul/_41710_/X (sky130_fd_sc_hd__a311o_1)
   0.3717   12.8383 ^ PipelinedMulUnit/imul/_42377_/Y (sky130_fd_sc_hd__a311oi_1)
   0.2787   13.1170 v PipelinedMulUnit/imul/_43050_/Y (sky130_fd_sc_hd__o311ai_0)
   0.4261   13.5431 ^ PipelinedMulUnit/imul/_43708_/Y (sky130_fd_sc_hd__a311oi_1)
   0.2789   13.8220 v PipelinedMulUnit/imul/_44387_/Y (sky130_fd_sc_hd__o311ai_0)
   0.3923   14.2143 ^ PipelinedMulUnit/imul/_45042_/Y (sky130_fd_sc_hd__a311oi_1)
   0.2533   14.4676 ^ PipelinedMulUnit/imul/_47233_/X (sky130_fd_sc_hd__and4_1)
   0.1376   14.6052 v PipelinedMulUnit/imul/_49489_/Y (sky130_fd_sc_hd__o2111ai_1)
   0.2132   14.8185 ^ PipelinedMulUnit/imul/_49749_/Y (sky130_fd_sc_hd__a21oi_1)
   0.0787   14.8972 v PipelinedMulUnit/imul/_49764_/Y (sky130_fd_sc_hd__nor2_1)
   0.1848   15.0820 v PipelinedMulUnit/imul/_50023_/X (sky130_fd_sc_hd__o21a_1)
   0.1646   15.2466 v PipelinedMulUnit/imul/_50031_/X (sky130_fd_sc_hd__o22a_1)
   0.0035   15.2501 v PipelinedMulUnit/imul/_56598_/D (sky130_fd_sc_hd__dfxtp_1)
            15.2501   data arrival time

  20.0000   20.0000   clock clock (rise edge)
   0.0000   20.0000   clock network delay (ideal)
   0.0000   20.0000   clock reconvergence pessimism
            20.0000 ^ PipelinedMulUnit/imul/_56598_/CLK (sky130_fd_sc_hd__dfxtp_1)
  -0.1179   19.8821   library setup time
            19.8821   data required time
-------------------------------------------------------------
            19.8821   data required time
           -15.2501   data arrival time
-------------------------------------------------------------
             4.6319   slack (MET)


Startpoint: IntToFPUnit/ifpu/_2836_
            (rising edge-triggered flip-flop clocked by clock)
Endpoint: IntToFPUnit/ifpu/_2933_
          (rising edge-triggered flip-flop clocked by clock)
Path Group: clock
Path Type: max

    Delay      Time   Description
-------------------------------------------------------------
   0.0000    0.0000   clock clock (rise edge)
   0.0000    0.0000   clock network delay (ideal)
   0.0000    0.0000 ^ IntToFPUnit/ifpu/_2836_/CLK (sky130_fd_sc_hd__dfxtp_1)
   0.4367    0.4367 v IntToFPUnit/ifpu/_2836_/Q (sky130_fd_sc_hd__dfxtp_1)
   0.5741    1.0109 v IntToFPUnit/ifpu/i2fResults_i2f/_0670_/X (sky130_fd_sc_hd__or4_1)
   0.2304    1.2413 ^ IntToFPUnit/ifpu/i2fResults_i2f/_0671_/Y (sky130_fd_sc_hd__nor4_1)
   0.1306    1.3719 v IntToFPUnit/ifpu/i2fResults_i2f/_0672_/Y (sky130_fd_sc_hd__nand2b_1)
   0.4586    1.8305 v IntToFPUnit/ifpu/i2fResults_i2f/_0673_/X (sky130_fd_sc_hd__or4_1)
   0.4665    2.2970 v IntToFPUnit/ifpu/i2fResults_i2f/_0674_/X (sky130_fd_sc_hd__or4_1)
   0.4667    2.7637 v IntToFPUnit/ifpu/i2fResults_i2f/_0675_/X (sky130_fd_sc_hd__or4_1)
   0.4667    3.2303 v IntToFPUnit/ifpu/i2fResults_i2f/_0676_/X (sky130_fd_sc_hd__or4_1)
   0.4665    3.6968 v IntToFPUnit/ifpu/i2fResults_i2f/_0677_/X (sky130_fd_sc_hd__or4_1)
   0.4664    4.1632 v IntToFPUnit/ifpu/i2fResults_i2f/_0678_/X (sky130_fd_sc_hd__or4_1)
   0.4665    4.6297 v IntToFPUnit/ifpu/i2fResults_i2f/_0679_/X (sky130_fd_sc_hd__or4_1)
   0.4665    5.0962 v IntToFPUnit/ifpu/i2fResults_i2f/_0680_/X (sky130_fd_sc_hd__or4_1)
   0.4665    5.5626 v IntToFPUnit/ifpu/i2fResults_i2f/_0681_/X (sky130_fd_sc_hd__or4_1)
   0.4667    6.0293 v IntToFPUnit/ifpu/i2fResults_i2f/_0682_/X (sky130_fd_sc_hd__or4_1)
   0.4667    6.4960 v IntToFPUnit/ifpu/i2fResults_i2f/_0683_/X (sky130_fd_sc_hd__or4_1)
   0.4667    6.9626 v IntToFPUnit/ifpu/i2fResults_i2f/_0684_/X (sky130_fd_sc_hd__or4_1)
   0.4667    7.4293 v IntToFPUnit/ifpu/i2fResults_i2f/_0685_/X (sky130_fd_sc_hd__or4_1)
   0.4667    7.8960 v IntToFPUnit/ifpu/i2fResults_i2f/_0686_/X (sky130_fd_sc_hd__or4_1)
   0.4667    8.3627 v IntToFPUnit/ifpu/i2fResults_i2f/_0687_/X (sky130_fd_sc_hd__or4_1)
   0.4597    8.8223 v IntToFPUnit/ifpu/i2fResults_i2f/_0688_/X (sky130_fd_sc_hd__or4_1)
   0.4581    9.2804 v IntToFPUnit/ifpu/i2fResults_i2f/_0689_/X (sky130_fd_sc_hd__or4_1)
   0.4502    9.7307 v IntToFPUnit/ifpu/i2fResults_i2f/_0690_/X (sky130_fd_sc_hd__or4_1)
   0.2176    9.9483 ^ IntToFPUnit/ifpu/i2fResults_i2f/_0691_/Y (sky130_fd_sc_hd__o21ai_0)
   0.1149   10.0632 v IntToFPUnit/ifpu/i2fResults_i2f/_0692_/Y (sky130_fd_sc_hd__nand2_1)
   0.0813   10.1445 ^ IntToFPUnit/ifpu/i2fResults_i2f/_0959_/Y (sky130_fd_sc_hd__nand2_1)
   0.0645   10.2091 v IntToFPUnit/ifpu/i2fResults_i2f/_0960_/Y (sky130_fd_sc_hd__a21oi_1)
   0.1624   10.3715 ^ IntToFPUnit/ifpu/i2fResults_i2f/_0961_/Y (sky130_fd_sc_hd__nor2_1)
   0.4258   10.7973 ^ IntToFPUnit/ifpu/i2fResults_i2f/_0975_/X (sky130_fd_sc_hd__lpflow_clkbufkapwr_1)
   0.5128   11.3101 ^ IntToFPUnit/ifpu/i2fResults_i2f/_1063_/X (sky130_fd_sc_hd__lpflow_clkbufkapwr_1)
   0.1750   11.4851 v IntToFPUnit/ifpu/i2fResults_i2f/_1137_/Y (sky130_fd_sc_hd__mux2i_1)
   0.2224   11.7075 ^ IntToFPUnit/ifpu/i2fResults_i2f/_1138_/Y (sky130_fd_sc_hd__mux2i_1)
   0.1219   11.8294 v IntToFPUnit/ifpu/i2fResults_i2f/_1139_/Y (sky130_fd_sc_hd__mux2i_1)
   0.1685   11.9979 ^ IntToFPUnit/ifpu/i2fResults_i2f/_1194_/Y (sky130_fd_sc_hd__mux2i_1)
   0.1041   12.1020 v IntToFPUnit/ifpu/i2fResults_i2f/_1195_/Y (sky130_fd_sc_hd__o21ai_0)
   0.1863   12.2883 v IntToFPUnit/ifpu/i2fResults_i2f/_1197_/X (sky130_fd_sc_hd__a21o_1)
   0.2463   12.5346 ^ IntToFPUnit/ifpu/i2fResults_i2f/roundAnyRawFNToRecFN/_098_/Y (sky130_fd_sc_hd__nor4_1)
   0.1440   12.6787 v IntToFPUnit/ifpu/i2fResults_i2f/roundAnyRawFNToRecFN/_099_/Y (sky130_fd_sc_hd__nand4_1)
   0.4030   13.0816 ^ IntToFPUnit/ifpu/i2fResults_i2f/roundAnyRawFNToRecFN/_109_/Y (sky130_fd_sc_hd__nor4_1)
   0.2422   13.3239 v IntToFPUnit/ifpu/i2fResults_i2f/roundAnyRawFNToRecFN/_113_/Y (sky130_fd_sc_hd__o21ai_0)
   0.1580   13.4819 ^ IntToFPUnit/ifpu/i2fResults_i2f/roundAnyRawFNToRecFN/_167_/Y (sky130_fd_sc_hd__nand4_1)
   0.0826   13.5644 v IntToFPUnit/ifpu/i2fResults_i2f/roundAnyRawFNToRecFN/_179_/Y (sky130_fd_sc_hd__nor3_1)
   0.2055   13.7699 v IntToFPUnit/ifpu/i2fResults_i2f/roundAnyRawFNToRecFN/_188_/X (sky130_fd_sc_hd__and4_1)
   0.2171   13.9871 v IntToFPUnit/ifpu/i2fResults_i2f/roundAnyRawFNToRecFN/_197_/X (sky130_fd_sc_hd__and4_1)
   0.4068   14.3938 v IntToFPUnit/ifpu/i2fResults_i2f/roundAnyRawFNToRecFN/_198_/X (sky130_fd_sc_hd__maj3_1)
   0.2693   14.6631 v IntToFPUnit/ifpu/i2fResults_i2f/roundAnyRawFNToRecFN/_199_/X (sky130_fd_sc_hd__and4_1)
   0.1545   14.8175 v IntToFPUnit/ifpu/i2fResults_i2f/roundAnyRawFNToRecFN/_218_/X (sky130_fd_sc_hd__xor2_1)
   0.1761   14.9936 v IntToFPUnit/ifpu/_2437_/X (sky130_fd_sc_hd__o21a_1)
   0.0650   15.0585 ^ IntToFPUnit/ifpu/_2438_/Y (sky130_fd_sc_hd__o21ai_0)
   0.0958   15.1543 v IntToFPUnit/ifpu/_2440_/Y (sky130_fd_sc_hd__a31oi_1)
   0.0035   15.1578 v IntToFPUnit/ifpu/_2933_/D (sky130_fd_sc_hd__dfxtp_1)
            15.1578   data arrival time

  20.0000   20.0000   clock clock (rise edge)
   0.0000   20.0000   clock network delay (ideal)
   0.0000   20.0000   clock reconvergence pessimism
            20.0000 ^ IntToFPUnit/ifpu/_2933_/CLK (sky130_fd_sc_hd__dfxtp_1)
  -0.1388   19.8612   library setup time
            19.8612   data required time
-------------------------------------------------------------
            19.8612   data required time
           -15.1578   data arrival time
-------------------------------------------------------------
             4.7034   slack (MET)


Startpoint: PipelinedMulUnit/imul/_56501_
            (rising edge-triggered flip-flop clocked by clock)
Endpoint: PipelinedMulUnit/imul/_56588_
          (rising edge-triggered flip-flop clocked by clock)
Path Group: clock
Path Type: max

    Delay      Time   Description
-------------------------------------------------------------
   0.0000    0.0000   clock clock (rise edge)
   0.0000    0.0000   clock network delay (ideal)
   0.0000    0.0000 ^ PipelinedMulUnit/imul/_56501_/CLK (sky130_fd_sc_hd__dfxtp_1)
   0.3800    0.3800 ^ PipelinedMulUnit/imul/_56501_/Q (sky130_fd_sc_hd__dfxtp_1)
   0.2608    0.6408 ^ PipelinedMulUnit/imul/_28769_/X (sky130_fd_sc_hd__clkbuf_1)
   0.1282    0.7691 v PipelinedMulUnit/imul/_38732_/Y (sky130_fd_sc_hd__nand2_1)
   0.4064    1.1755 v PipelinedMulUnit/imul/_38780_/X (sky130_fd_sc_hd__xor3_1)
   0.3651    1.5405 v PipelinedMulUnit/imul/_38782_/X (sky130_fd_sc_hd__maj3_1)
   0.2861    1.8266 ^ PipelinedMulUnit/imul/_38784_/X (sky130_fd_sc_hd__xor2_1)
   0.1517    1.9783 v PipelinedMulUnit/imul/_38786_/Y (sky130_fd_sc_hd__o21ai_0)
   0.3985    2.3767 v PipelinedMulUnit/imul/_38789_/X (sky130_fd_sc_hd__maj3_1)
   0.3902    2.7670 v PipelinedMulUnit/imul/_38826_/X (sky130_fd_sc_hd__xor3_1)
   0.2564    3.0233 ^ PipelinedMulUnit/imul/_38863_/Y (sky130_fd_sc_hd__xnor2_1)
   0.6499    3.6732 v PipelinedMulUnit/imul/_38896_/X (sky130_fd_sc_hd__or4b_2)
   0.3847    4.0579 v PipelinedMulUnit/imul/_38902_/X (sky130_fd_sc_hd__maj3_1)
   0.1892    4.2471 v PipelinedMulUnit/imul/_38903_/X (sky130_fd_sc_hd__xor2_1)
   0.2183    4.4654 ^ PipelinedMulUnit/imul/_38934_/Y (sky130_fd_sc_hd__o21ai_0)
   0.2184    4.6838 ^ PipelinedMulUnit/imul/_38935_/X (sky130_fd_sc_hd__xor2_1)
   0.1069    4.7907 v PipelinedMulUnit/imul/_38959_/Y (sky130_fd_sc_hd__a22oi_1)
   0.2202    5.0109 v PipelinedMulUnit/imul/_38961_/X (sky130_fd_sc_hd__o21ba_2)
   0.2250    5.2359 ^ PipelinedMulUnit/imul/_38963_/Y (sky130_fd_sc_hd__o21ai_0)
   0.1331    5.3690 v PipelinedMulUnit/imul/_38966_/Y (sky130_fd_sc_hd__a31oi_1)
   0.1981    5.5671 ^ PipelinedMulUnit/imul/_38968_/Y (sky130_fd_sc_hd__o21ai_0)
   0.1093    5.6764 v PipelinedMulUnit/imul/_38971_/Y (sky130_fd_sc_hd__a21oi_1)
   0.1624    5.8388 ^ PipelinedMulUnit/imul/_38974_/Y (sky130_fd_sc_hd__o211ai_1)
   0.1411    5.9799 v PipelinedMulUnit/imul/_38975_/Y (sky130_fd_sc_hd__a32oi_1)
   0.2541    6.2340 ^ PipelinedMulUnit/imul/_38980_/Y (sky130_fd_sc_hd__o21ai_0)
   0.1590    6.3929 v PipelinedMulUnit/imul/_38986_/Y (sky130_fd_sc_hd__a31oi_1)
   0.2778    6.6708 v PipelinedMulUnit/imul/_38991_/X (sky130_fd_sc_hd__o31a_1)
   0.2326    6.9034 v PipelinedMulUnit/imul/_38993_/X (sky130_fd_sc_hd__o221a_2)
   0.3561    7.2594 v PipelinedMulUnit/imul/_38994_/X (sky130_fd_sc_hd__or3_1)
   0.4452    7.7046 ^ PipelinedMulUnit/imul/_38999_/Y (sky130_fd_sc_hd__a311oi_1)
   0.2916    7.9962 v PipelinedMulUnit/imul/_39006_/Y (sky130_fd_sc_hd__o311ai_0)
   0.4192    8.4154 v PipelinedMulUnit/imul/_39010_/X (sky130_fd_sc_hd__a311o_1)
   0.3054    8.7208 ^ PipelinedMulUnit/imul/_39013_/Y (sky130_fd_sc_hd__a311oi_1)
   0.1296    8.8504 v PipelinedMulUnit/imul/_39016_/Y (sky130_fd_sc_hd__o211ai_1)
   0.3919    9.2423 v PipelinedMulUnit/imul/_39021_/X (sky130_fd_sc_hd__a311o_1)
   0.2909    9.5332 ^ PipelinedMulUnit/imul/_39025_/Y (sky130_fd_sc_hd__a311oi_1)
   0.2047    9.7379 v PipelinedMulUnit/imul/_39029_/Y (sky130_fd_sc_hd__o311ai_0)
   0.4023   10.1402 ^ PipelinedMulUnit/imul/_39035_/Y (sky130_fd_sc_hd__a311oi_1)
   0.2449   10.3851 ^ PipelinedMulUnit/imul/_39038_/X (sky130_fd_sc_hd__o311a_1)
   0.1769   10.5620 v PipelinedMulUnit/imul/_39042_/Y (sky130_fd_sc_hd__o311ai_0)
   0.3618   10.9238 ^ PipelinedMulUnit/imul/_39254_/Y (sky130_fd_sc_hd__a311oi_1)
   0.1707   11.0946 v PipelinedMulUnit/imul/_39399_/Y (sky130_fd_sc_hd__a21oi_1)
   0.2150   11.3095 v PipelinedMulUnit/imul/_39623_/Y (sky130_fd_sc_hd__nand4b_1)
   0.4430   11.7525 ^ PipelinedMulUnit/imul/_40019_/Y (sky130_fd_sc_hd__a2111oi_0)
   0.2368   11.9893 ^ PipelinedMulUnit/imul/_40692_/X (sky130_fd_sc_hd__o311a_1)
   0.1218   12.1111 v PipelinedMulUnit/imul/_41025_/Y (sky130_fd_sc_hd__o21ai_0)
   0.3555   12.4666 v PipelinedMulUnit/imul/_41710_/X (sky130_fd_sc_hd__a311o_1)
   0.3717   12.8383 ^ PipelinedMulUnit/imul/_42377_/Y (sky130_fd_sc_hd__a311oi_1)
   0.2787   13.1170 v PipelinedMulUnit/imul/_43050_/Y (sky130_fd_sc_hd__o311ai_0)
   0.4261   13.5431 ^ PipelinedMulUnit/imul/_43708_/Y (sky130_fd_sc_hd__a311oi_1)
   0.2789   13.8220 v PipelinedMulUnit/imul/_44387_/Y (sky130_fd_sc_hd__o311ai_0)
   0.3923   14.2143 ^ PipelinedMulUnit/imul/_45042_/Y (sky130_fd_sc_hd__a311oi_1)
   0.1953   14.4096 ^ PipelinedMulUnit/imul/_45374_/X (sky130_fd_sc_hd__lpflow_inputiso0n_1)
   0.1531   14.5627 ^ PipelinedMulUnit/imul/_45998_/X (sky130_fd_sc_hd__a21bo_2)
   0.0767   14.6394 v PipelinedMulUnit/imul/_46620_/Y (sky130_fd_sc_hd__a21oi_1)
   0.1509   14.7903 ^ PipelinedMulUnit/imul/_46923_/Y (sky130_fd_sc_hd__nor2_1)
   0.1256   14.9159 ^ PipelinedMulUnit/imul/_47224_/X (sky130_fd_sc_hd__or3_1)
   0.0730   14.9889 v PipelinedMulUnit/imul/_47225_/Y (sky130_fd_sc_hd__nand3_1)
   0.1640   15.1529 ^ PipelinedMulUnit/imul/_47230_/Y (sky130_fd_sc_hd__a31oi_1)
   0.0035   15.1564 ^ PipelinedMulUnit/imul/_56588_/D (sky130_fd_sc_hd__dfxtp_1)
            15.1564   data arrival time

  20.0000   20.0000   clock clock (rise edge)
   0.0000   20.0000   clock network delay (ideal)
   0.0000   20.0000   clock reconvergence pessimism
            20.0000 ^ PipelinedMulUnit/imul/_56588_/CLK (sky130_fd_sc_hd__dfxtp_1)
  -0.0756   19.9244   library setup time
            19.9244   data required time
-------------------------------------------------------------
            19.9244   data required time
           -15.1564   data arrival time
-------------------------------------------------------------
             4.7680   slack (MET)


Startpoint: PipelinedMulUnit/imul/_56501_
            (rising edge-triggered flip-flop clocked by clock)
Endpoint: PipelinedMulUnit/imul/_56587_
          (rising edge-triggered flip-flop clocked by clock)
Path Group: clock
Path Type: max

    Delay      Time   Description
-------------------------------------------------------------
   0.0000    0.0000   clock clock (rise edge)
   0.0000    0.0000   clock network delay (ideal)
   0.0000    0.0000 ^ PipelinedMulUnit/imul/_56501_/CLK (sky130_fd_sc_hd__dfxtp_1)
   0.3800    0.3800 ^ PipelinedMulUnit/imul/_56501_/Q (sky130_fd_sc_hd__dfxtp_1)
   0.2608    0.6408 ^ PipelinedMulUnit/imul/_28769_/X (sky130_fd_sc_hd__clkbuf_1)
   0.1282    0.7691 v PipelinedMulUnit/imul/_38732_/Y (sky130_fd_sc_hd__nand2_1)
   0.4064    1.1755 v PipelinedMulUnit/imul/_38780_/X (sky130_fd_sc_hd__xor3_1)
   0.3651    1.5405 v PipelinedMulUnit/imul/_38782_/X (sky130_fd_sc_hd__maj3_1)
   0.2861    1.8266 ^ PipelinedMulUnit/imul/_38784_/X (sky130_fd_sc_hd__xor2_1)
   0.1517    1.9783 v PipelinedMulUnit/imul/_38786_/Y (sky130_fd_sc_hd__o21ai_0)
   0.3985    2.3767 v PipelinedMulUnit/imul/_38789_/X (sky130_fd_sc_hd__maj3_1)
   0.3902    2.7670 v PipelinedMulUnit/imul/_38826_/X (sky130_fd_sc_hd__xor3_1)
   0.2564    3.0233 ^ PipelinedMulUnit/imul/_38863_/Y (sky130_fd_sc_hd__xnor2_1)
   0.6499    3.6732 v PipelinedMulUnit/imul/_38896_/X (sky130_fd_sc_hd__or4b_2)
   0.3847    4.0579 v PipelinedMulUnit/imul/_38902_/X (sky130_fd_sc_hd__maj3_1)
   0.1892    4.2471 v PipelinedMulUnit/imul/_38903_/X (sky130_fd_sc_hd__xor2_1)
   0.2183    4.4654 ^ PipelinedMulUnit/imul/_38934_/Y (sky130_fd_sc_hd__o21ai_0)
   0.2184    4.6838 ^ PipelinedMulUnit/imul/_38935_/X (sky130_fd_sc_hd__xor2_1)
   0.1069    4.7907 v PipelinedMulUnit/imul/_38959_/Y (sky130_fd_sc_hd__a22oi_1)
   0.2202    5.0109 v PipelinedMulUnit/imul/_38961_/X (sky130_fd_sc_hd__o21ba_2)
   0.2250    5.2359 ^ PipelinedMulUnit/imul/_38963_/Y (sky130_fd_sc_hd__o21ai_0)
   0.1331    5.3690 v PipelinedMulUnit/imul/_38966_/Y (sky130_fd_sc_hd__a31oi_1)
   0.1981    5.5671 ^ PipelinedMulUnit/imul/_38968_/Y (sky130_fd_sc_hd__o21ai_0)
   0.1093    5.6764 v PipelinedMulUnit/imul/_38971_/Y (sky130_fd_sc_hd__a21oi_1)
   0.1624    5.8388 ^ PipelinedMulUnit/imul/_38974_/Y (sky130_fd_sc_hd__o211ai_1)
   0.1411    5.9799 v PipelinedMulUnit/imul/_38975_/Y (sky130_fd_sc_hd__a32oi_1)
   0.2541    6.2340 ^ PipelinedMulUnit/imul/_38980_/Y (sky130_fd_sc_hd__o21ai_0)
   0.1590    6.3929 v PipelinedMulUnit/imul/_38986_/Y (sky130_fd_sc_hd__a31oi_1)
   0.2778    6.6708 v PipelinedMulUnit/imul/_38991_/X (sky130_fd_sc_hd__o31a_1)
   0.2326    6.9034 v PipelinedMulUnit/imul/_38993_/X (sky130_fd_sc_hd__o221a_2)
   0.3561    7.2594 v PipelinedMulUnit/imul/_38994_/X (sky130_fd_sc_hd__or3_1)
   0.4452    7.7046 ^ PipelinedMulUnit/imul/_38999_/Y (sky130_fd_sc_hd__a311oi_1)
   0.2916    7.9962 v PipelinedMulUnit/imul/_39006_/Y (sky130_fd_sc_hd__o311ai_0)
   0.4192    8.4154 v PipelinedMulUnit/imul/_39010_/X (sky130_fd_sc_hd__a311o_1)
   0.3054    8.7208 ^ PipelinedMulUnit/imul/_39013_/Y (sky130_fd_sc_hd__a311oi_1)
   0.1296    8.8504 v PipelinedMulUnit/imul/_39016_/Y (sky130_fd_sc_hd__o211ai_1)
   0.3919    9.2423 v PipelinedMulUnit/imul/_39021_/X (sky130_fd_sc_hd__a311o_1)
   0.2909    9.5332 ^ PipelinedMulUnit/imul/_39025_/Y (sky130_fd_sc_hd__a311oi_1)
   0.2047    9.7379 v PipelinedMulUnit/imul/_39029_/Y (sky130_fd_sc_hd__o311ai_0)
   0.4023   10.1402 ^ PipelinedMulUnit/imul/_39035_/Y (sky130_fd_sc_hd__a311oi_1)
   0.2449   10.3851 ^ PipelinedMulUnit/imul/_39038_/X (sky130_fd_sc_hd__o311a_1)
   0.1769   10.5620 v PipelinedMulUnit/imul/_39042_/Y (sky130_fd_sc_hd__o311ai_0)
   0.3618   10.9238 ^ PipelinedMulUnit/imul/_39254_/Y (sky130_fd_sc_hd__a311oi_1)
   0.1707   11.0946 v PipelinedMulUnit/imul/_39399_/Y (sky130_fd_sc_hd__a21oi_1)
   0.2150   11.3095 v PipelinedMulUnit/imul/_39623_/Y (sky130_fd_sc_hd__nand4b_1)
   0.4430   11.7525 ^ PipelinedMulUnit/imul/_40019_/Y (sky130_fd_sc_hd__a2111oi_0)
   0.2368   11.9893 ^ PipelinedMulUnit/imul/_40692_/X (sky130_fd_sc_hd__o311a_1)
   0.1218   12.1111 v PipelinedMulUnit/imul/_41025_/Y (sky130_fd_sc_hd__o21ai_0)
   0.3555   12.4666 v PipelinedMulUnit/imul/_41710_/X (sky130_fd_sc_hd__a311o_1)
   0.3717   12.8383 ^ PipelinedMulUnit/imul/_42377_/Y (sky130_fd_sc_hd__a311oi_1)
   0.2787   13.1170 v PipelinedMulUnit/imul/_43050_/Y (sky130_fd_sc_hd__o311ai_0)
   0.4261   13.5431 ^ PipelinedMulUnit/imul/_43708_/Y (sky130_fd_sc_hd__a311oi_1)
   0.2789   13.8220 v PipelinedMulUnit/imul/_44387_/Y (sky130_fd_sc_hd__o311ai_0)
   0.3923   14.2143 ^ PipelinedMulUnit/imul/_45042_/Y (sky130_fd_sc_hd__a311oi_1)
   0.1953   14.4096 ^ PipelinedMulUnit/imul/_45374_/X (sky130_fd_sc_hd__lpflow_inputiso0n_1)
   0.1531   14.5627 ^ PipelinedMulUnit/imul/_45998_/X (sky130_fd_sc_hd__a21bo_2)
   0.0767   14.6394 v PipelinedMulUnit/imul/_46620_/Y (sky130_fd_sc_hd__a21oi_1)
   0.1509   14.7903 ^ PipelinedMulUnit/imul/_46923_/Y (sky130_fd_sc_hd__nor2_1)
   0.0568   14.8470 v PipelinedMulUnit/imul/_46924_/Y (sky130_fd_sc_hd__nor2_1)
   0.1476   14.9947 ^ PipelinedMulUnit/imul/_46925_/Y (sky130_fd_sc_hd__a21oi_1)
   0.0763   15.0710 v PipelinedMulUnit/imul/_46927_/Y (sky130_fd_sc_hd__a21oi_1)
   0.0035   15.0744 v PipelinedMulUnit/imul/_56587_/D (sky130_fd_sc_hd__dfxtp_1)
            15.0744   data arrival time

  20.0000   20.0000   clock clock (rise edge)
   0.0000   20.0000   clock network delay (ideal)
   0.0000   20.0000   clock reconvergence pessimism
            20.0000 ^ PipelinedMulUnit/imul/_56587_/CLK (sky130_fd_sc_hd__dfxtp_1)
  -0.1230   19.8770   library setup time
            19.8770   data required time
-------------------------------------------------------------
            19.8770   data required time
           -15.0744   data arrival time
-------------------------------------------------------------
             4.8026   slack (MET)


Startpoint: IntToFPUnit/ifpu/_2836_
            (rising edge-triggered flip-flop clocked by clock)
Endpoint: IntToFPUnit/ifpu/_2932_
          (rising edge-triggered flip-flop clocked by clock)
Path Group: clock
Path Type: max

    Delay      Time   Description
-------------------------------------------------------------
   0.0000    0.0000   clock clock (rise edge)
   0.0000    0.0000   clock network delay (ideal)
   0.0000    0.0000 ^ IntToFPUnit/ifpu/_2836_/CLK (sky130_fd_sc_hd__dfxtp_1)
   0.4367    0.4367 v IntToFPUnit/ifpu/_2836_/Q (sky130_fd_sc_hd__dfxtp_1)
   0.5741    1.0109 v IntToFPUnit/ifpu/i2fResults_i2f/_0670_/X (sky130_fd_sc_hd__or4_1)
   0.2304    1.2413 ^ IntToFPUnit/ifpu/i2fResults_i2f/_0671_/Y (sky130_fd_sc_hd__nor4_1)
   0.1306    1.3719 v IntToFPUnit/ifpu/i2fResults_i2f/_0672_/Y (sky130_fd_sc_hd__nand2b_1)
   0.4586    1.8305 v IntToFPUnit/ifpu/i2fResults_i2f/_0673_/X (sky130_fd_sc_hd__or4_1)
   0.4665    2.2970 v IntToFPUnit/ifpu/i2fResults_i2f/_0674_/X (sky130_fd_sc_hd__or4_1)
   0.4667    2.7637 v IntToFPUnit/ifpu/i2fResults_i2f/_0675_/X (sky130_fd_sc_hd__or4_1)
   0.4667    3.2303 v IntToFPUnit/ifpu/i2fResults_i2f/_0676_/X (sky130_fd_sc_hd__or4_1)
   0.4665    3.6968 v IntToFPUnit/ifpu/i2fResults_i2f/_0677_/X (sky130_fd_sc_hd__or4_1)
   0.4664    4.1632 v IntToFPUnit/ifpu/i2fResults_i2f/_0678_/X (sky130_fd_sc_hd__or4_1)
   0.4665    4.6297 v IntToFPUnit/ifpu/i2fResults_i2f/_0679_/X (sky130_fd_sc_hd__or4_1)
   0.4665    5.0962 v IntToFPUnit/ifpu/i2fResults_i2f/_0680_/X (sky130_fd_sc_hd__or4_1)
   0.4665    5.5626 v IntToFPUnit/ifpu/i2fResults_i2f/_0681_/X (sky130_fd_sc_hd__or4_1)
   0.4667    6.0293 v IntToFPUnit/ifpu/i2fResults_i2f/_0682_/X (sky130_fd_sc_hd__or4_1)
   0.4667    6.4960 v IntToFPUnit/ifpu/i2fResults_i2f/_0683_/X (sky130_fd_sc_hd__or4_1)
   0.4667    6.9626 v IntToFPUnit/ifpu/i2fResults_i2f/_0684_/X (sky130_fd_sc_hd__or4_1)
   0.4667    7.4293 v IntToFPUnit/ifpu/i2fResults_i2f/_0685_/X (sky130_fd_sc_hd__or4_1)
   0.4667    7.8960 v IntToFPUnit/ifpu/i2fResults_i2f/_0686_/X (sky130_fd_sc_hd__or4_1)
   0.4667    8.3627 v IntToFPUnit/ifpu/i2fResults_i2f/_0687_/X (sky130_fd_sc_hd__or4_1)
   0.4597    8.8223 v IntToFPUnit/ifpu/i2fResults_i2f/_0688_/X (sky130_fd_sc_hd__or4_1)
   0.4581    9.2804 v IntToFPUnit/ifpu/i2fResults_i2f/_0689_/X (sky130_fd_sc_hd__or4_1)
   0.4502    9.7307 v IntToFPUnit/ifpu/i2fResults_i2f/_0690_/X (sky130_fd_sc_hd__or4_1)
   0.2176    9.9483 ^ IntToFPUnit/ifpu/i2fResults_i2f/_0691_/Y (sky130_fd_sc_hd__o21ai_0)
   0.1149   10.0632 v IntToFPUnit/ifpu/i2fResults_i2f/_0692_/Y (sky130_fd_sc_hd__nand2_1)
   0.0813   10.1445 ^ IntToFPUnit/ifpu/i2fResults_i2f/_0959_/Y (sky130_fd_sc_hd__nand2_1)
   0.0645   10.2091 v IntToFPUnit/ifpu/i2fResults_i2f/_0960_/Y (sky130_fd_sc_hd__a21oi_1)
   0.1624   10.3715 ^ IntToFPUnit/ifpu/i2fResults_i2f/_0961_/Y (sky130_fd_sc_hd__nor2_1)
   0.4258   10.7973 ^ IntToFPUnit/ifpu/i2fResults_i2f/_0975_/X (sky130_fd_sc_hd__lpflow_clkbufkapwr_1)
   0.5128   11.3101 ^ IntToFPUnit/ifpu/i2fResults_i2f/_1063_/X (sky130_fd_sc_hd__lpflow_clkbufkapwr_1)
   0.1750   11.4851 v IntToFPUnit/ifpu/i2fResults_i2f/_1137_/Y (sky130_fd_sc_hd__mux2i_1)
   0.2224   11.7075 ^ IntToFPUnit/ifpu/i2fResults_i2f/_1138_/Y (sky130_fd_sc_hd__mux2i_1)
   0.1219   11.8294 v IntToFPUnit/ifpu/i2fResults_i2f/_1139_/Y (sky130_fd_sc_hd__mux2i_1)
   0.1685   11.9979 ^ IntToFPUnit/ifpu/i2fResults_i2f/_1194_/Y (sky130_fd_sc_hd__mux2i_1)
   0.1041   12.1020 v IntToFPUnit/ifpu/i2fResults_i2f/_1195_/Y (sky130_fd_sc_hd__o21ai_0)
   0.1863   12.2883 v IntToFPUnit/ifpu/i2fResults_i2f/_1197_/X (sky130_fd_sc_hd__a21o_1)
   0.2463   12.5346 ^ IntToFPUnit/ifpu/i2fResults_i2f/roundAnyRawFNToRecFN/_098_/Y (sky130_fd_sc_hd__nor4_1)
   0.1440   12.6787 v IntToFPUnit/ifpu/i2fResults_i2f/roundAnyRawFNToRecFN/_099_/Y (sky130_fd_sc_hd__nand4_1)
   0.4030   13.0816 ^ IntToFPUnit/ifpu/i2fResults_i2f/roundAnyRawFNToRecFN/_109_/Y (sky130_fd_sc_hd__nor4_1)
   0.2422   13.3239 v IntToFPUnit/ifpu/i2fResults_i2f/roundAnyRawFNToRecFN/_113_/Y (sky130_fd_sc_hd__o21ai_0)
   0.1580   13.4819 ^ IntToFPUnit/ifpu/i2fResults_i2f/roundAnyRawFNToRecFN/_167_/Y (sky130_fd_sc_hd__nand4_1)
   0.0826   13.5644 v IntToFPUnit/ifpu/i2fResults_i2f/roundAnyRawFNToRecFN/_179_/Y (sky130_fd_sc_hd__nor3_1)
   0.2055   13.7699 v IntToFPUnit/ifpu/i2fResults_i2f/roundAnyRawFNToRecFN/_188_/X (sky130_fd_sc_hd__and4_1)
   0.2171   13.9871 v IntToFPUnit/ifpu/i2fResults_i2f/roundAnyRawFNToRecFN/_197_/X (sky130_fd_sc_hd__and4_1)
   0.4068   14.3938 v IntToFPUnit/ifpu/i2fResults_i2f/roundAnyRawFNToRecFN/_198_/X (sky130_fd_sc_hd__maj3_1)
   0.2693   14.6631 v IntToFPUnit/ifpu/i2fResults_i2f/roundAnyRawFNToRecFN/_199_/X (sky130_fd_sc_hd__and4_1)
   0.1142   14.7773 ^ IntToFPUnit/ifpu/i2fResults_i2f/roundAnyRawFNToRecFN/_217_/Y (sky130_fd_sc_hd__nor2_1)
   0.1089   14.8862 ^ IntToFPUnit/ifpu/_2420_/X (sky130_fd_sc_hd__o21a_1)
   0.0697   14.9559 v IntToFPUnit/ifpu/_2421_/Y (sky130_fd_sc_hd__o21ai_0)
   0.1598   15.1157 ^ IntToFPUnit/ifpu/_2423_/Y (sky130_fd_sc_hd__a31oi_1)
   0.0035   15.1192 ^ IntToFPUnit/ifpu/_2932_/D (sky130_fd_sc_hd__dfxtp_1)
            15.1192   data arrival time

  20.0000   20.0000   clock clock (rise edge)
   0.0000   20.0000   clock network delay (ideal)
   0.0000   20.0000   clock reconvergence pessimism
            20.0000 ^ IntToFPUnit/ifpu/_2932_/CLK (sky130_fd_sc_hd__dfxtp_1)
  -0.0756   19.9244   library setup time
            19.9244   data required time
-------------------------------------------------------------
            19.9244   data required time
           -15.1192   data arrival time
-------------------------------------------------------------
             4.8052   slack (MET)


Startpoint: PipelinedMulUnit/imul/_56501_
            (rising edge-triggered flip-flop clocked by clock)
Endpoint: PipelinedMulUnit/imul/_56590_
          (rising edge-triggered flip-flop clocked by clock)
Path Group: clock
Path Type: max

    Delay      Time   Description
-------------------------------------------------------------
   0.0000    0.0000   clock clock (rise edge)
   0.0000    0.0000   clock network delay (ideal)
   0.0000    0.0000 ^ PipelinedMulUnit/imul/_56501_/CLK (sky130_fd_sc_hd__dfxtp_1)
   0.3800    0.3800 ^ PipelinedMulUnit/imul/_56501_/Q (sky130_fd_sc_hd__dfxtp_1)
   0.2608    0.6408 ^ PipelinedMulUnit/imul/_28769_/X (sky130_fd_sc_hd__clkbuf_1)
   0.1282    0.7691 v PipelinedMulUnit/imul/_38732_/Y (sky130_fd_sc_hd__nand2_1)
   0.4064    1.1755 v PipelinedMulUnit/imul/_38780_/X (sky130_fd_sc_hd__xor3_1)
   0.3651    1.5405 v PipelinedMulUnit/imul/_38782_/X (sky130_fd_sc_hd__maj3_1)
   0.2861    1.8266 ^ PipelinedMulUnit/imul/_38784_/X (sky130_fd_sc_hd__xor2_1)
   0.1517    1.9783 v PipelinedMulUnit/imul/_38786_/Y (sky130_fd_sc_hd__o21ai_0)
   0.3985    2.3767 v PipelinedMulUnit/imul/_38789_/X (sky130_fd_sc_hd__maj3_1)
   0.3902    2.7670 v PipelinedMulUnit/imul/_38826_/X (sky130_fd_sc_hd__xor3_1)
   0.2564    3.0233 ^ PipelinedMulUnit/imul/_38863_/Y (sky130_fd_sc_hd__xnor2_1)
   0.6499    3.6732 v PipelinedMulUnit/imul/_38896_/X (sky130_fd_sc_hd__or4b_2)
   0.3847    4.0579 v PipelinedMulUnit/imul/_38902_/X (sky130_fd_sc_hd__maj3_1)
   0.1892    4.2471 v PipelinedMulUnit/imul/_38903_/X (sky130_fd_sc_hd__xor2_1)
   0.2183    4.4654 ^ PipelinedMulUnit/imul/_38934_/Y (sky130_fd_sc_hd__o21ai_0)
   0.2184    4.6838 ^ PipelinedMulUnit/imul/_38935_/X (sky130_fd_sc_hd__xor2_1)
   0.1069    4.7907 v PipelinedMulUnit/imul/_38959_/Y (sky130_fd_sc_hd__a22oi_1)
   0.2202    5.0109 v PipelinedMulUnit/imul/_38961_/X (sky130_fd_sc_hd__o21ba_2)
   0.2250    5.2359 ^ PipelinedMulUnit/imul/_38963_/Y (sky130_fd_sc_hd__o21ai_0)
   0.1331    5.3690 v PipelinedMulUnit/imul/_38966_/Y (sky130_fd_sc_hd__a31oi_1)
   0.1981    5.5671 ^ PipelinedMulUnit/imul/_38968_/Y (sky130_fd_sc_hd__o21ai_0)
   0.1093    5.6764 v PipelinedMulUnit/imul/_38971_/Y (sky130_fd_sc_hd__a21oi_1)
   0.1624    5.8388 ^ PipelinedMulUnit/imul/_38974_/Y (sky130_fd_sc_hd__o211ai_1)
   0.1411    5.9799 v PipelinedMulUnit/imul/_38975_/Y (sky130_fd_sc_hd__a32oi_1)
   0.2541    6.2340 ^ PipelinedMulUnit/imul/_38980_/Y (sky130_fd_sc_hd__o21ai_0)
   0.1590    6.3929 v PipelinedMulUnit/imul/_38986_/Y (sky130_fd_sc_hd__a31oi_1)
   0.2778    6.6708 v PipelinedMulUnit/imul/_38991_/X (sky130_fd_sc_hd__o31a_1)
   0.2326    6.9034 v PipelinedMulUnit/imul/_38993_/X (sky130_fd_sc_hd__o221a_2)
   0.3561    7.2594 v PipelinedMulUnit/imul/_38994_/X (sky130_fd_sc_hd__or3_1)
   0.4452    7.7046 ^ PipelinedMulUnit/imul/_38999_/Y (sky130_fd_sc_hd__a311oi_1)
   0.2916    7.9962 v PipelinedMulUnit/imul/_39006_/Y (sky130_fd_sc_hd__o311ai_0)
   0.4192    8.4154 v PipelinedMulUnit/imul/_39010_/X (sky130_fd_sc_hd__a311o_1)
   0.3054    8.7208 ^ PipelinedMulUnit/imul/_39013_/Y (sky130_fd_sc_hd__a311oi_1)
   0.1296    8.8504 v PipelinedMulUnit/imul/_39016_/Y (sky130_fd_sc_hd__o211ai_1)
   0.3919    9.2423 v PipelinedMulUnit/imul/_39021_/X (sky130_fd_sc_hd__a311o_1)
   0.2909    9.5332 ^ PipelinedMulUnit/imul/_39025_/Y (sky130_fd_sc_hd__a311oi_1)
   0.2047    9.7379 v PipelinedMulUnit/imul/_39029_/Y (sky130_fd_sc_hd__o311ai_0)
   0.4023   10.1402 ^ PipelinedMulUnit/imul/_39035_/Y (sky130_fd_sc_hd__a311oi_1)
   0.2449   10.3851 ^ PipelinedMulUnit/imul/_39038_/X (sky130_fd_sc_hd__o311a_1)
   0.1769   10.5620 v PipelinedMulUnit/imul/_39042_/Y (sky130_fd_sc_hd__o311ai_0)
   0.3618   10.9238 ^ PipelinedMulUnit/imul/_39254_/Y (sky130_fd_sc_hd__a311oi_1)
   0.1707   11.0946 v PipelinedMulUnit/imul/_39399_/Y (sky130_fd_sc_hd__a21oi_1)
   0.2150   11.3095 v PipelinedMulUnit/imul/_39623_/Y (sky130_fd_sc_hd__nand4b_1)
   0.4430   11.7525 ^ PipelinedMulUnit/imul/_40019_/Y (sky130_fd_sc_hd__a2111oi_0)
   0.2368   11.9893 ^ PipelinedMulUnit/imul/_40692_/X (sky130_fd_sc_hd__o311a_1)
   0.1218   12.1111 v PipelinedMulUnit/imul/_41025_/Y (sky130_fd_sc_hd__o21ai_0)
   0.3555   12.4666 v PipelinedMulUnit/imul/_41710_/X (sky130_fd_sc_hd__a311o_1)
   0.3717   12.8383 ^ PipelinedMulUnit/imul/_42377_/Y (sky130_fd_sc_hd__a311oi_1)
   0.2787   13.1170 v PipelinedMulUnit/imul/_43050_/Y (sky130_fd_sc_hd__o311ai_0)
   0.4261   13.5431 ^ PipelinedMulUnit/imul/_43708_/Y (sky130_fd_sc_hd__a311oi_1)
   0.2789   13.8220 v PipelinedMulUnit/imul/_44387_/Y (sky130_fd_sc_hd__o311ai_0)
   0.3923   14.2143 ^ PipelinedMulUnit/imul/_45042_/Y (sky130_fd_sc_hd__a311oi_1)
   0.2533   14.4676 ^ PipelinedMulUnit/imul/_47233_/X (sky130_fd_sc_hd__and4_1)
   0.0715   14.5391 v PipelinedMulUnit/imul/_47237_/Y (sky130_fd_sc_hd__nor2_1)
   0.1327   14.6718 ^ PipelinedMulUnit/imul/_47518_/Y (sky130_fd_sc_hd__nor2_1)
   0.0653   14.7371 v PipelinedMulUnit/imul/_47526_/Y (sky130_fd_sc_hd__a21oi_1)
   0.1199   14.8571 ^ PipelinedMulUnit/imul/_47817_/Y (sky130_fd_sc_hd__a21oi_1)
   0.0906   14.9477 v PipelinedMulUnit/imul/_47818_/Y (sky130_fd_sc_hd__o21ai_0)
   0.1519   15.0996 ^ PipelinedMulUnit/imul/_47824_/Y (sky130_fd_sc_hd__a31oi_1)
   0.0035   15.1031 ^ PipelinedMulUnit/imul/_56590_/D (sky130_fd_sc_hd__dfxtp_1)
            15.1031   data arrival time

  20.0000   20.0000   clock clock (rise edge)
   0.0000   20.0000   clock network delay (ideal)
   0.0000   20.0000   clock reconvergence pessimism
            20.0000 ^ PipelinedMulUnit/imul/_56590_/CLK (sky130_fd_sc_hd__dfxtp_1)
  -0.0756   19.9244   library setup time
            19.9244   data required time
-------------------------------------------------------------
            19.9244   data required time
           -15.1031   data arrival time
-------------------------------------------------------------
             4.8213   slack (MET)


Startpoint: PipelinedMulUnit/imul/_56501_
            (rising edge-triggered flip-flop clocked by clock)
Endpoint: PipelinedMulUnit/imul/_56584_
          (rising edge-triggered flip-flop clocked by clock)
Path Group: clock
Path Type: max

    Delay      Time   Description
-------------------------------------------------------------
   0.0000    0.0000   clock clock (rise edge)
   0.0000    0.0000   clock network delay (ideal)
   0.0000    0.0000 ^ PipelinedMulUnit/imul/_56501_/CLK (sky130_fd_sc_hd__dfxtp_1)
   0.3800    0.3800 ^ PipelinedMulUnit/imul/_56501_/Q (sky130_fd_sc_hd__dfxtp_1)
   0.2608    0.6408 ^ PipelinedMulUnit/imul/_28769_/X (sky130_fd_sc_hd__clkbuf_1)
   0.1282    0.7691 v PipelinedMulUnit/imul/_38732_/Y (sky130_fd_sc_hd__nand2_1)
   0.4064    1.1755 v PipelinedMulUnit/imul/_38780_/X (sky130_fd_sc_hd__xor3_1)
   0.3651    1.5405 v PipelinedMulUnit/imul/_38782_/X (sky130_fd_sc_hd__maj3_1)
   0.2861    1.8266 ^ PipelinedMulUnit/imul/_38784_/X (sky130_fd_sc_hd__xor2_1)
   0.1517    1.9783 v PipelinedMulUnit/imul/_38786_/Y (sky130_fd_sc_hd__o21ai_0)
   0.3985    2.3767 v PipelinedMulUnit/imul/_38789_/X (sky130_fd_sc_hd__maj3_1)
   0.3902    2.7670 v PipelinedMulUnit/imul/_38826_/X (sky130_fd_sc_hd__xor3_1)
   0.2564    3.0233 ^ PipelinedMulUnit/imul/_38863_/Y (sky130_fd_sc_hd__xnor2_1)
   0.6499    3.6732 v PipelinedMulUnit/imul/_38896_/X (sky130_fd_sc_hd__or4b_2)
   0.3847    4.0579 v PipelinedMulUnit/imul/_38902_/X (sky130_fd_sc_hd__maj3_1)
   0.1892    4.2471 v PipelinedMulUnit/imul/_38903_/X (sky130_fd_sc_hd__xor2_1)
   0.2183    4.4654 ^ PipelinedMulUnit/imul/_38934_/Y (sky130_fd_sc_hd__o21ai_0)
   0.2184    4.6838 ^ PipelinedMulUnit/imul/_38935_/X (sky130_fd_sc_hd__xor2_1)
   0.1069    4.7907 v PipelinedMulUnit/imul/_38959_/Y (sky130_fd_sc_hd__a22oi_1)
   0.2202    5.0109 v PipelinedMulUnit/imul/_38961_/X (sky130_fd_sc_hd__o21ba_2)
   0.2250    5.2359 ^ PipelinedMulUnit/imul/_38963_/Y (sky130_fd_sc_hd__o21ai_0)
   0.1331    5.3690 v PipelinedMulUnit/imul/_38966_/Y (sky130_fd_sc_hd__a31oi_1)
   0.1981    5.5671 ^ PipelinedMulUnit/imul/_38968_/Y (sky130_fd_sc_hd__o21ai_0)
   0.1093    5.6764 v PipelinedMulUnit/imul/_38971_/Y (sky130_fd_sc_hd__a21oi_1)
   0.1624    5.8388 ^ PipelinedMulUnit/imul/_38974_/Y (sky130_fd_sc_hd__o211ai_1)
   0.1411    5.9799 v PipelinedMulUnit/imul/_38975_/Y (sky130_fd_sc_hd__a32oi_1)
   0.2541    6.2340 ^ PipelinedMulUnit/imul/_38980_/Y (sky130_fd_sc_hd__o21ai_0)
   0.1590    6.3929 v PipelinedMulUnit/imul/_38986_/Y (sky130_fd_sc_hd__a31oi_1)
   0.2778    6.6708 v PipelinedMulUnit/imul/_38991_/X (sky130_fd_sc_hd__o31a_1)
   0.2326    6.9034 v PipelinedMulUnit/imul/_38993_/X (sky130_fd_sc_hd__o221a_2)
   0.3561    7.2594 v PipelinedMulUnit/imul/_38994_/X (sky130_fd_sc_hd__or3_1)
   0.4452    7.7046 ^ PipelinedMulUnit/imul/_38999_/Y (sky130_fd_sc_hd__a311oi_1)
   0.2916    7.9962 v PipelinedMulUnit/imul/_39006_/Y (sky130_fd_sc_hd__o311ai_0)
   0.4192    8.4154 v PipelinedMulUnit/imul/_39010_/X (sky130_fd_sc_hd__a311o_1)
   0.3054    8.7208 ^ PipelinedMulUnit/imul/_39013_/Y (sky130_fd_sc_hd__a311oi_1)
   0.1296    8.8504 v PipelinedMulUnit/imul/_39016_/Y (sky130_fd_sc_hd__o211ai_1)
   0.3919    9.2423 v PipelinedMulUnit/imul/_39021_/X (sky130_fd_sc_hd__a311o_1)
   0.2909    9.5332 ^ PipelinedMulUnit/imul/_39025_/Y (sky130_fd_sc_hd__a311oi_1)
   0.2047    9.7379 v PipelinedMulUnit/imul/_39029_/Y (sky130_fd_sc_hd__o311ai_0)
   0.4023   10.1402 ^ PipelinedMulUnit/imul/_39035_/Y (sky130_fd_sc_hd__a311oi_1)
   0.2449   10.3851 ^ PipelinedMulUnit/imul/_39038_/X (sky130_fd_sc_hd__o311a_1)
   0.1769   10.5620 v PipelinedMulUnit/imul/_39042_/Y (sky130_fd_sc_hd__o311ai_0)
   0.3618   10.9238 ^ PipelinedMulUnit/imul/_39254_/Y (sky130_fd_sc_hd__a311oi_1)
   0.1707   11.0946 v PipelinedMulUnit/imul/_39399_/Y (sky130_fd_sc_hd__a21oi_1)
   0.2150   11.3095 v PipelinedMulUnit/imul/_39623_/Y (sky130_fd_sc_hd__nand4b_1)
   0.4430   11.7525 ^ PipelinedMulUnit/imul/_40019_/Y (sky130_fd_sc_hd__a2111oi_0)
   0.2368   11.9893 ^ PipelinedMulUnit/imul/_40692_/X (sky130_fd_sc_hd__o311a_1)
   0.1218   12.1111 v PipelinedMulUnit/imul/_41025_/Y (sky130_fd_sc_hd__o21ai_0)
   0.3555   12.4666 v PipelinedMulUnit/imul/_41710_/X (sky130_fd_sc_hd__a311o_1)
   0.3717   12.8383 ^ PipelinedMulUnit/imul/_42377_/Y (sky130_fd_sc_hd__a311oi_1)
   0.2787   13.1170 v PipelinedMulUnit/imul/_43050_/Y (sky130_fd_sc_hd__o311ai_0)
   0.4261   13.5431 ^ PipelinedMulUnit/imul/_43708_/Y (sky130_fd_sc_hd__a311oi_1)
   0.2789   13.8220 v PipelinedMulUnit/imul/_44387_/Y (sky130_fd_sc_hd__o311ai_0)
   0.3923   14.2143 ^ PipelinedMulUnit/imul/_45042_/Y (sky130_fd_sc_hd__a311oi_1)
   0.1953   14.4096 ^ PipelinedMulUnit/imul/_45374_/X (sky130_fd_sc_hd__lpflow_inputiso0n_1)
   0.0653   14.4749 v PipelinedMulUnit/imul/_45377_/Y (sky130_fd_sc_hd__nor2_1)
   0.1039   14.5788 ^ PipelinedMulUnit/imul/_45691_/Y (sky130_fd_sc_hd__nor2_1)
   0.0558   14.6345 v PipelinedMulUnit/imul/_45692_/Y (sky130_fd_sc_hd__nor2_1)
   0.1573   14.7918 v PipelinedMulUnit/imul/_45988_/X (sky130_fd_sc_hd__xor2_1)
   0.1474   14.9392 ^ PipelinedMulUnit/imul/_45989_/Y (sky130_fd_sc_hd__a21oi_1)
   0.0763   15.0155 v PipelinedMulUnit/imul/_45991_/Y (sky130_fd_sc_hd__a21oi_1)
   0.0035   15.0190 v PipelinedMulUnit/imul/_56584_/D (sky130_fd_sc_hd__dfxtp_1)
            15.0190   data arrival time

  20.0000   20.0000   clock clock (rise edge)
   0.0000   20.0000   clock network delay (ideal)
   0.0000   20.0000   clock reconvergence pessimism
            20.0000 ^ PipelinedMulUnit/imul/_56584_/CLK (sky130_fd_sc_hd__dfxtp_1)
  -0.1230   19.8770   library setup time
            19.8770   data required time
-------------------------------------------------------------
            19.8770   data required time
           -15.0190   data arrival time
-------------------------------------------------------------
             4.8580   slack (MET)


Startpoint: IntToFPUnit/ifpu/_2836_
            (rising edge-triggered flip-flop clocked by clock)
Endpoint: IntToFPUnit/ifpu/_2957_
          (rising edge-triggered flip-flop clocked by clock)
Path Group: clock
Path Type: max

    Delay      Time   Description
-------------------------------------------------------------
   0.0000    0.0000   clock clock (rise edge)
   0.0000    0.0000   clock network delay (ideal)
   0.0000    0.0000 ^ IntToFPUnit/ifpu/_2836_/CLK (sky130_fd_sc_hd__dfxtp_1)
   0.4367    0.4367 v IntToFPUnit/ifpu/_2836_/Q (sky130_fd_sc_hd__dfxtp_1)
   0.5741    1.0109 v IntToFPUnit/ifpu/i2fResults_i2f_1/_0670_/X (sky130_fd_sc_hd__or4_1)
   0.2304    1.2413 ^ IntToFPUnit/ifpu/i2fResults_i2f_1/_0671_/Y (sky130_fd_sc_hd__nor4_1)
   0.1306    1.3719 v IntToFPUnit/ifpu/i2fResults_i2f_1/_0672_/Y (sky130_fd_sc_hd__nand2b_1)
   0.4586    1.8305 v IntToFPUnit/ifpu/i2fResults_i2f_1/_0673_/X (sky130_fd_sc_hd__or4_1)
   0.4665    2.2970 v IntToFPUnit/ifpu/i2fResults_i2f_1/_0674_/X (sky130_fd_sc_hd__or4_1)
   0.4667    2.7637 v IntToFPUnit/ifpu/i2fResults_i2f_1/_0675_/X (sky130_fd_sc_hd__or4_1)
   0.4667    3.2303 v IntToFPUnit/ifpu/i2fResults_i2f_1/_0676_/X (sky130_fd_sc_hd__or4_1)
   0.4665    3.6968 v IntToFPUnit/ifpu/i2fResults_i2f_1/_0677_/X (sky130_fd_sc_hd__or4_1)
   0.4664    4.1632 v IntToFPUnit/ifpu/i2fResults_i2f_1/_0678_/X (sky130_fd_sc_hd__or4_1)
   0.4665    4.6297 v IntToFPUnit/ifpu/i2fResults_i2f_1/_0679_/X (sky130_fd_sc_hd__or4_1)
   0.4665    5.0962 v IntToFPUnit/ifpu/i2fResults_i2f_1/_0680_/X (sky130_fd_sc_hd__or4_1)
   0.4665    5.5626 v IntToFPUnit/ifpu/i2fResults_i2f_1/_0681_/X (sky130_fd_sc_hd__or4_1)
   0.4667    6.0293 v IntToFPUnit/ifpu/i2fResults_i2f_1/_0682_/X (sky130_fd_sc_hd__or4_1)
   0.4667    6.4960 v IntToFPUnit/ifpu/i2fResults_i2f_1/_0683_/X (sky130_fd_sc_hd__or4_1)
   0.4667    6.9626 v IntToFPUnit/ifpu/i2fResults_i2f_1/_0684_/X (sky130_fd_sc_hd__or4_1)
   0.4667    7.4293 v IntToFPUnit/ifpu/i2fResults_i2f_1/_0685_/X (sky130_fd_sc_hd__or4_1)
   0.4667    7.8960 v IntToFPUnit/ifpu/i2fResults_i2f_1/_0686_/X (sky130_fd_sc_hd__or4_1)
   0.4667    8.3627 v IntToFPUnit/ifpu/i2fResults_i2f_1/_0687_/X (sky130_fd_sc_hd__or4_1)
   0.4597    8.8223 v IntToFPUnit/ifpu/i2fResults_i2f_1/_0688_/X (sky130_fd_sc_hd__or4_1)
   0.4581    9.2804 v IntToFPUnit/ifpu/i2fResults_i2f_1/_0689_/X (sky130_fd_sc_hd__or4_1)
   0.4502    9.7307 v IntToFPUnit/ifpu/i2fResults_i2f_1/_0690_/X (sky130_fd_sc_hd__or4_1)
   0.2176    9.9483 ^ IntToFPUnit/ifpu/i2fResults_i2f_1/_0691_/Y (sky130_fd_sc_hd__o21ai_0)
   0.1149   10.0632 v IntToFPUnit/ifpu/i2fResults_i2f_1/_0692_/Y (sky130_fd_sc_hd__nand2_1)
   0.0813   10.1445 ^ IntToFPUnit/ifpu/i2fResults_i2f_1/_0959_/Y (sky130_fd_sc_hd__nand2_1)
   0.0645   10.2091 v IntToFPUnit/ifpu/i2fResults_i2f_1/_0960_/Y (sky130_fd_sc_hd__a21oi_1)
   0.1624   10.3715 ^ IntToFPUnit/ifpu/i2fResults_i2f_1/_0961_/Y (sky130_fd_sc_hd__nor2_1)
   0.4258   10.7973 ^ IntToFPUnit/ifpu/i2fResults_i2f_1/_0975_/X (sky130_fd_sc_hd__lpflow_clkbufkapwr_1)
   0.5128   11.3101 ^ IntToFPUnit/ifpu/i2fResults_i2f_1/_1063_/X (sky130_fd_sc_hd__lpflow_clkbufkapwr_1)
   0.2826   11.5927 ^ IntToFPUnit/ifpu/i2fResults_i2f_1/_1143_/Y (sky130_fd_sc_hd__mux2i_1)
   0.1121   11.7048 v IntToFPUnit/ifpu/i2fResults_i2f_1/_1144_/Y (sky130_fd_sc_hd__mux2i_1)
   0.1904   11.8952 ^ IntToFPUnit/ifpu/i2fResults_i2f_1/_1145_/Y (sky130_fd_sc_hd__mux2i_1)
   0.1083   12.0035 v IntToFPUnit/ifpu/i2fResults_i2f_1/_1146_/Y (sky130_fd_sc_hd__mux2i_1)
   0.2885   12.2920 v IntToFPUnit/ifpu/i2fResults_i2f_1/_1147_/X (sky130_fd_sc_hd__mux2_2)
   0.2062   12.4982 ^ IntToFPUnit/ifpu/i2fResults_i2f_1/_1148_/Y (sky130_fd_sc_hd__nor2_1)
   0.2054   12.7036 ^ IntToFPUnit/ifpu/i2fResults_i2f_1/roundAnyRawFNToRecFN/_226_/X (sky130_fd_sc_hd__and3_1)
   0.0986   12.8022 v IntToFPUnit/ifpu/i2fResults_i2f_1/roundAnyRawFNToRecFN/_227_/Y (sky130_fd_sc_hd__nand3_1)
   0.4001   13.2023 v IntToFPUnit/ifpu/i2fResults_i2f_1/roundAnyRawFNToRecFN/_265_/X (sky130_fd_sc_hd__or3_1)
   0.6406   13.8429 ^ IntToFPUnit/ifpu/i2fResults_i2f_1/roundAnyRawFNToRecFN/_330_/Y (sky130_fd_sc_hd__nor4_1)
   0.2090   14.0519 v IntToFPUnit/ifpu/i2fResults_i2f_1/roundAnyRawFNToRecFN/_338_/Y (sky130_fd_sc_hd__nand4_1)
   0.2916   14.3435 ^ IntToFPUnit/ifpu/i2fResults_i2f_1/roundAnyRawFNToRecFN/_341_/X (sky130_fd_sc_hd__lpflow_isobufsrc_1)
   0.1965   14.5399 ^ IntToFPUnit/ifpu/i2fResults_i2f_1/roundAnyRawFNToRecFN/_346_/X (sky130_fd_sc_hd__and3_1)
   0.0432   14.5831 v IntToFPUnit/ifpu/i2fResults_i2f_1/roundAnyRawFNToRecFN/_347_/Y (sky130_fd_sc_hd__nor3_1)
   0.1686   14.7517 v IntToFPUnit/ifpu/_2764_/X (sky130_fd_sc_hd__and3_1)
   0.2491   15.0008 v IntToFPUnit/ifpu/_2765_/X (sky130_fd_sc_hd__a221o_1)
   0.0035   15.0043 v IntToFPUnit/ifpu/_2957_/D (sky130_fd_sc_hd__dfxtp_1)
            15.0043   data arrival time

  20.0000   20.0000   clock clock (rise edge)
   0.0000   20.0000   clock network delay (ideal)
   0.0000   20.0000   clock reconvergence pessimism
            20.0000 ^ IntToFPUnit/ifpu/_2957_/CLK (sky130_fd_sc_hd__dfxtp_1)
  -0.1226   19.8774   library setup time
            19.8774   data required time
-------------------------------------------------------------
            19.8774   data required time
           -15.0043   data arrival time
-------------------------------------------------------------
             4.8731   slack (MET)


Startpoint: PipelinedMulUnit/imul/_56501_
            (rising edge-triggered flip-flop clocked by clock)
Endpoint: PipelinedMulUnit/imul/_56586_
          (rising edge-triggered flip-flop clocked by clock)
Path Group: clock
Path Type: max

    Delay      Time   Description
-------------------------------------------------------------
   0.0000    0.0000   clock clock (rise edge)
   0.0000    0.0000   clock network delay (ideal)
   0.0000    0.0000 ^ PipelinedMulUnit/imul/_56501_/CLK (sky130_fd_sc_hd__dfxtp_1)
   0.3800    0.3800 ^ PipelinedMulUnit/imul/_56501_/Q (sky130_fd_sc_hd__dfxtp_1)
   0.2608    0.6408 ^ PipelinedMulUnit/imul/_28769_/X (sky130_fd_sc_hd__clkbuf_1)
   0.1282    0.7691 v PipelinedMulUnit/imul/_38732_/Y (sky130_fd_sc_hd__nand2_1)
   0.4064    1.1755 v PipelinedMulUnit/imul/_38780_/X (sky130_fd_sc_hd__xor3_1)
   0.3651    1.5405 v PipelinedMulUnit/imul/_38782_/X (sky130_fd_sc_hd__maj3_1)
   0.2861    1.8266 ^ PipelinedMulUnit/imul/_38784_/X (sky130_fd_sc_hd__xor2_1)
   0.1517    1.9783 v PipelinedMulUnit/imul/_38786_/Y (sky130_fd_sc_hd__o21ai_0)
   0.3985    2.3767 v PipelinedMulUnit/imul/_38789_/X (sky130_fd_sc_hd__maj3_1)
   0.3902    2.7670 v PipelinedMulUnit/imul/_38826_/X (sky130_fd_sc_hd__xor3_1)
   0.2564    3.0233 ^ PipelinedMulUnit/imul/_38863_/Y (sky130_fd_sc_hd__xnor2_1)
   0.6499    3.6732 v PipelinedMulUnit/imul/_38896_/X (sky130_fd_sc_hd__or4b_2)
   0.3847    4.0579 v PipelinedMulUnit/imul/_38902_/X (sky130_fd_sc_hd__maj3_1)
   0.1892    4.2471 v PipelinedMulUnit/imul/_38903_/X (sky130_fd_sc_hd__xor2_1)
   0.2183    4.4654 ^ PipelinedMulUnit/imul/_38934_/Y (sky130_fd_sc_hd__o21ai_0)
   0.2184    4.6838 ^ PipelinedMulUnit/imul/_38935_/X (sky130_fd_sc_hd__xor2_1)
   0.1069    4.7907 v PipelinedMulUnit/imul/_38959_/Y (sky130_fd_sc_hd__a22oi_1)
   0.2202    5.0109 v PipelinedMulUnit/imul/_38961_/X (sky130_fd_sc_hd__o21ba_2)
   0.2250    5.2359 ^ PipelinedMulUnit/imul/_38963_/Y (sky130_fd_sc_hd__o21ai_0)
   0.1331    5.3690 v PipelinedMulUnit/imul/_38966_/Y (sky130_fd_sc_hd__a31oi_1)
   0.1981    5.5671 ^ PipelinedMulUnit/imul/_38968_/Y (sky130_fd_sc_hd__o21ai_0)
   0.1093    5.6764 v PipelinedMulUnit/imul/_38971_/Y (sky130_fd_sc_hd__a21oi_1)
   0.1624    5.8388 ^ PipelinedMulUnit/imul/_38974_/Y (sky130_fd_sc_hd__o211ai_1)
   0.1411    5.9799 v PipelinedMulUnit/imul/_38975_/Y (sky130_fd_sc_hd__a32oi_1)
   0.2541    6.2340 ^ PipelinedMulUnit/imul/_38980_/Y (sky130_fd_sc_hd__o21ai_0)
   0.1590    6.3929 v PipelinedMulUnit/imul/_38986_/Y (sky130_fd_sc_hd__a31oi_1)
   0.2778    6.6708 v PipelinedMulUnit/imul/_38991_/X (sky130_fd_sc_hd__o31a_1)
   0.2326    6.9034 v PipelinedMulUnit/imul/_38993_/X (sky130_fd_sc_hd__o221a_2)
   0.3561    7.2594 v PipelinedMulUnit/imul/_38994_/X (sky130_fd_sc_hd__or3_1)
   0.4452    7.7046 ^ PipelinedMulUnit/imul/_38999_/Y (sky130_fd_sc_hd__a311oi_1)
   0.2916    7.9962 v PipelinedMulUnit/imul/_39006_/Y (sky130_fd_sc_hd__o311ai_0)
   0.4192    8.4154 v PipelinedMulUnit/imul/_39010_/X (sky130_fd_sc_hd__a311o_1)
   0.3054    8.7208 ^ PipelinedMulUnit/imul/_39013_/Y (sky130_fd_sc_hd__a311oi_1)
   0.1296    8.8504 v PipelinedMulUnit/imul/_39016_/Y (sky130_fd_sc_hd__o211ai_1)
   0.3919    9.2423 v PipelinedMulUnit/imul/_39021_/X (sky130_fd_sc_hd__a311o_1)
   0.2909    9.5332 ^ PipelinedMulUnit/imul/_39025_/Y (sky130_fd_sc_hd__a311oi_1)
   0.2047    9.7379 v PipelinedMulUnit/imul/_39029_/Y (sky130_fd_sc_hd__o311ai_0)
   0.4023   10.1402 ^ PipelinedMulUnit/imul/_39035_/Y (sky130_fd_sc_hd__a311oi_1)
   0.2449   10.3851 ^ PipelinedMulUnit/imul/_39038_/X (sky130_fd_sc_hd__o311a_1)
   0.1769   10.5620 v PipelinedMulUnit/imul/_39042_/Y (sky130_fd_sc_hd__o311ai_0)
   0.3618   10.9238 ^ PipelinedMulUnit/imul/_39254_/Y (sky130_fd_sc_hd__a311oi_1)
   0.1707   11.0946 v PipelinedMulUnit/imul/_39399_/Y (sky130_fd_sc_hd__a21oi_1)
   0.2150   11.3095 v PipelinedMulUnit/imul/_39623_/Y (sky130_fd_sc_hd__nand4b_1)
   0.4430   11.7525 ^ PipelinedMulUnit/imul/_40019_/Y (sky130_fd_sc_hd__a2111oi_0)
   0.2368   11.9893 ^ PipelinedMulUnit/imul/_40692_/X (sky130_fd_sc_hd__o311a_1)
   0.1218   12.1111 v PipelinedMulUnit/imul/_41025_/Y (sky130_fd_sc_hd__o21ai_0)
   0.3555   12.4666 v PipelinedMulUnit/imul/_41710_/X (sky130_fd_sc_hd__a311o_1)
   0.3717   12.8383 ^ PipelinedMulUnit/imul/_42377_/Y (sky130_fd_sc_hd__a311oi_1)
   0.2787   13.1170 v PipelinedMulUnit/imul/_43050_/Y (sky130_fd_sc_hd__o311ai_0)
   0.4261   13.5431 ^ PipelinedMulUnit/imul/_43708_/Y (sky130_fd_sc_hd__a311oi_1)
   0.2789   13.8220 v PipelinedMulUnit/imul/_44387_/Y (sky130_fd_sc_hd__o311ai_0)
   0.3923   14.2143 ^ PipelinedMulUnit/imul/_45042_/Y (sky130_fd_sc_hd__a311oi_1)
   0.1953   14.4096 ^ PipelinedMulUnit/imul/_45374_/X (sky130_fd_sc_hd__lpflow_inputiso0n_1)
   0.1531   14.5627 ^ PipelinedMulUnit/imul/_45998_/X (sky130_fd_sc_hd__a21bo_2)
   0.1677   14.7305 ^ PipelinedMulUnit/imul/_46309_/X (sky130_fd_sc_hd__maj3_1)
   0.1213   14.8518 ^ PipelinedMulUnit/imul/_46605_/Y (sky130_fd_sc_hd__xnor2_1)
   0.0684   14.9202 v PipelinedMulUnit/imul/_46606_/Y (sky130_fd_sc_hd__nand2_1)
   0.1213   15.0415 ^ PipelinedMulUnit/imul/_46613_/Y (sky130_fd_sc_hd__a21oi_1)
   0.0035   15.0450 ^ PipelinedMulUnit/imul/_56586_/D (sky130_fd_sc_hd__dfxtp_1)
            15.0450   data arrival time

  20.0000   20.0000   clock clock (rise edge)
   0.0000   20.0000   clock network delay (ideal)
   0.0000   20.0000   clock reconvergence pessimism
            20.0000 ^ PipelinedMulUnit/imul/_56586_/CLK (sky130_fd_sc_hd__dfxtp_1)
  -0.0711   19.9289   library setup time
            19.9289   data required time
-------------------------------------------------------------
            19.9289   data required time
           -15.0450   data arrival time
-------------------------------------------------------------
             4.8839   slack (MET)


Startpoint: IntToFPUnit/ifpu/_2836_
            (rising edge-triggered flip-flop clocked by clock)
Endpoint: IntToFPUnit/ifpu/_2931_
          (rising edge-triggered flip-flop clocked by clock)
Path Group: clock
Path Type: max

    Delay      Time   Description
-------------------------------------------------------------
   0.0000    0.0000   clock clock (rise edge)
   0.0000    0.0000   clock network delay (ideal)
   0.0000    0.0000 ^ IntToFPUnit/ifpu/_2836_/CLK (sky130_fd_sc_hd__dfxtp_1)
   0.4367    0.4367 v IntToFPUnit/ifpu/_2836_/Q (sky130_fd_sc_hd__dfxtp_1)
   0.5741    1.0109 v IntToFPUnit/ifpu/i2fResults_i2f/_0670_/X (sky130_fd_sc_hd__or4_1)
   0.2304    1.2413 ^ IntToFPUnit/ifpu/i2fResults_i2f/_0671_/Y (sky130_fd_sc_hd__nor4_1)
   0.1306    1.3719 v IntToFPUnit/ifpu/i2fResults_i2f/_0672_/Y (sky130_fd_sc_hd__nand2b_1)
   0.4586    1.8305 v IntToFPUnit/ifpu/i2fResults_i2f/_0673_/X (sky130_fd_sc_hd__or4_1)
   0.4665    2.2970 v IntToFPUnit/ifpu/i2fResults_i2f/_0674_/X (sky130_fd_sc_hd__or4_1)
   0.4667    2.7637 v IntToFPUnit/ifpu/i2fResults_i2f/_0675_/X (sky130_fd_sc_hd__or4_1)
   0.4667    3.2303 v IntToFPUnit/ifpu/i2fResults_i2f/_0676_/X (sky130_fd_sc_hd__or4_1)
   0.4665    3.6968 v IntToFPUnit/ifpu/i2fResults_i2f/_0677_/X (sky130_fd_sc_hd__or4_1)
   0.4664    4.1632 v IntToFPUnit/ifpu/i2fResults_i2f/_0678_/X (sky130_fd_sc_hd__or4_1)
   0.4665    4.6297 v IntToFPUnit/ifpu/i2fResults_i2f/_0679_/X (sky130_fd_sc_hd__or4_1)
   0.4665    5.0962 v IntToFPUnit/ifpu/i2fResults_i2f/_0680_/X (sky130_fd_sc_hd__or4_1)
   0.4665    5.5626 v IntToFPUnit/ifpu/i2fResults_i2f/_0681_/X (sky130_fd_sc_hd__or4_1)
   0.4667    6.0293 v IntToFPUnit/ifpu/i2fResults_i2f/_0682_/X (sky130_fd_sc_hd__or4_1)
   0.4667    6.4960 v IntToFPUnit/ifpu/i2fResults_i2f/_0683_/X (sky130_fd_sc_hd__or4_1)
   0.4667    6.9626 v IntToFPUnit/ifpu/i2fResults_i2f/_0684_/X (sky130_fd_sc_hd__or4_1)
   0.4667    7.4293 v IntToFPUnit/ifpu/i2fResults_i2f/_0685_/X (sky130_fd_sc_hd__or4_1)
   0.4667    7.8960 v IntToFPUnit/ifpu/i2fResults_i2f/_0686_/X (sky130_fd_sc_hd__or4_1)
   0.4667    8.3627 v IntToFPUnit/ifpu/i2fResults_i2f/_0687_/X (sky130_fd_sc_hd__or4_1)
   0.4597    8.8223 v IntToFPUnit/ifpu/i2fResults_i2f/_0688_/X (sky130_fd_sc_hd__or4_1)
   0.4581    9.2804 v IntToFPUnit/ifpu/i2fResults_i2f/_0689_/X (sky130_fd_sc_hd__or4_1)
   0.4502    9.7307 v IntToFPUnit/ifpu/i2fResults_i2f/_0690_/X (sky130_fd_sc_hd__or4_1)
   0.2176    9.9483 ^ IntToFPUnit/ifpu/i2fResults_i2f/_0691_/Y (sky130_fd_sc_hd__o21ai_0)
   0.1149   10.0632 v IntToFPUnit/ifpu/i2fResults_i2f/_0692_/Y (sky130_fd_sc_hd__nand2_1)
   0.0813   10.1445 ^ IntToFPUnit/ifpu/i2fResults_i2f/_0959_/Y (sky130_fd_sc_hd__nand2_1)
   0.0645   10.2091 v IntToFPUnit/ifpu/i2fResults_i2f/_0960_/Y (sky130_fd_sc_hd__a21oi_1)
   0.1624   10.3715 ^ IntToFPUnit/ifpu/i2fResults_i2f/_0961_/Y (sky130_fd_sc_hd__nor2_1)
   0.4258   10.7973 ^ IntToFPUnit/ifpu/i2fResults_i2f/_0975_/X (sky130_fd_sc_hd__lpflow_clkbufkapwr_1)
   0.5128   11.3101 ^ IntToFPUnit/ifpu/i2fResults_i2f/_1063_/X (sky130_fd_sc_hd__lpflow_clkbufkapwr_1)
   0.1750   11.4851 v IntToFPUnit/ifpu/i2fResults_i2f/_1137_/Y (sky130_fd_sc_hd__mux2i_1)
   0.2224   11.7075 ^ IntToFPUnit/ifpu/i2fResults_i2f/_1138_/Y (sky130_fd_sc_hd__mux2i_1)
   0.1219   11.8294 v IntToFPUnit/ifpu/i2fResults_i2f/_1139_/Y (sky130_fd_sc_hd__mux2i_1)
   0.1685   11.9979 ^ IntToFPUnit/ifpu/i2fResults_i2f/_1194_/Y (sky130_fd_sc_hd__mux2i_1)
   0.1041   12.1020 v IntToFPUnit/ifpu/i2fResults_i2f/_1195_/Y (sky130_fd_sc_hd__o21ai_0)
   0.1863   12.2883 v IntToFPUnit/ifpu/i2fResults_i2f/_1197_/X (sky130_fd_sc_hd__a21o_1)
   0.2463   12.5346 ^ IntToFPUnit/ifpu/i2fResults_i2f/roundAnyRawFNToRecFN/_098_/Y (sky130_fd_sc_hd__nor4_1)
   0.1440   12.6787 v IntToFPUnit/ifpu/i2fResults_i2f/roundAnyRawFNToRecFN/_099_/Y (sky130_fd_sc_hd__nand4_1)
   0.4030   13.0816 ^ IntToFPUnit/ifpu/i2fResults_i2f/roundAnyRawFNToRecFN/_109_/Y (sky130_fd_sc_hd__nor4_1)
   0.2422   13.3239 v IntToFPUnit/ifpu/i2fResults_i2f/roundAnyRawFNToRecFN/_113_/Y (sky130_fd_sc_hd__o21ai_0)
   0.1580   13.4819 ^ IntToFPUnit/ifpu/i2fResults_i2f/roundAnyRawFNToRecFN/_167_/Y (sky130_fd_sc_hd__nand4_1)
   0.0826   13.5644 v IntToFPUnit/ifpu/i2fResults_i2f/roundAnyRawFNToRecFN/_179_/Y (sky130_fd_sc_hd__nor3_1)
   0.2055   13.7699 v IntToFPUnit/ifpu/i2fResults_i2f/roundAnyRawFNToRecFN/_188_/X (sky130_fd_sc_hd__and4_1)
   0.2171   13.9871 v IntToFPUnit/ifpu/i2fResults_i2f/roundAnyRawFNToRecFN/_197_/X (sky130_fd_sc_hd__and4_1)
   0.4068   14.3938 v IntToFPUnit/ifpu/i2fResults_i2f/roundAnyRawFNToRecFN/_198_/X (sky130_fd_sc_hd__maj3_1)
   0.1041   14.4979 ^ IntToFPUnit/ifpu/i2fResults_i2f/roundAnyRawFNToRecFN/_214_/Y (sky130_fd_sc_hd__nand2_1)
   0.1267   14.6247 ^ IntToFPUnit/ifpu/i2fResults_i2f/roundAnyRawFNToRecFN/_215_/Y (sky130_fd_sc_hd__xnor2_1)
   0.1196   14.7443 ^ IntToFPUnit/ifpu/_2404_/X (sky130_fd_sc_hd__o21a_1)
   0.0697   14.8140 v IntToFPUnit/ifpu/_2405_/Y (sky130_fd_sc_hd__o21ai_0)
   0.1598   14.9738 ^ IntToFPUnit/ifpu/_2407_/Y (sky130_fd_sc_hd__a31oi_1)
   0.0035   14.9773 ^ IntToFPUnit/ifpu/_2931_/D (sky130_fd_sc_hd__dfxtp_1)
            14.9773   data arrival time

  20.0000   20.0000   clock clock (rise edge)
   0.0000   20.0000   clock network delay (ideal)
   0.0000   20.0000   clock reconvergence pessimism
            20.0000 ^ IntToFPUnit/ifpu/_2931_/CLK (sky130_fd_sc_hd__dfxtp_1)
  -0.0756   19.9244   library setup time
            19.9244   data required time
-------------------------------------------------------------
            19.9244   data required time
           -14.9773   data arrival time
-------------------------------------------------------------
             4.9471   slack (MET)


Startpoint: PipelinedMulUnit/imul/_56501_
            (rising edge-triggered flip-flop clocked by clock)
Endpoint: PipelinedMulUnit/imul/_56589_
          (rising edge-triggered flip-flop clocked by clock)
Path Group: clock
Path Type: max

    Delay      Time   Description
-------------------------------------------------------------
   0.0000    0.0000   clock clock (rise edge)
   0.0000    0.0000   clock network delay (ideal)
   0.0000    0.0000 ^ PipelinedMulUnit/imul/_56501_/CLK (sky130_fd_sc_hd__dfxtp_1)
   0.3800    0.3800 ^ PipelinedMulUnit/imul/_56501_/Q (sky130_fd_sc_hd__dfxtp_1)
   0.2608    0.6408 ^ PipelinedMulUnit/imul/_28769_/X (sky130_fd_sc_hd__clkbuf_1)
   0.1282    0.7691 v PipelinedMulUnit/imul/_38732_/Y (sky130_fd_sc_hd__nand2_1)
   0.4064    1.1755 v PipelinedMulUnit/imul/_38780_/X (sky130_fd_sc_hd__xor3_1)
   0.3651    1.5405 v PipelinedMulUnit/imul/_38782_/X (sky130_fd_sc_hd__maj3_1)
   0.2861    1.8266 ^ PipelinedMulUnit/imul/_38784_/X (sky130_fd_sc_hd__xor2_1)
   0.1517    1.9783 v PipelinedMulUnit/imul/_38786_/Y (sky130_fd_sc_hd__o21ai_0)
   0.3985    2.3767 v PipelinedMulUnit/imul/_38789_/X (sky130_fd_sc_hd__maj3_1)
   0.3902    2.7670 v PipelinedMulUnit/imul/_38826_/X (sky130_fd_sc_hd__xor3_1)
   0.2564    3.0233 ^ PipelinedMulUnit/imul/_38863_/Y (sky130_fd_sc_hd__xnor2_1)
   0.6499    3.6732 v PipelinedMulUnit/imul/_38896_/X (sky130_fd_sc_hd__or4b_2)
   0.3847    4.0579 v PipelinedMulUnit/imul/_38902_/X (sky130_fd_sc_hd__maj3_1)
   0.1892    4.2471 v PipelinedMulUnit/imul/_38903_/X (sky130_fd_sc_hd__xor2_1)
   0.2183    4.4654 ^ PipelinedMulUnit/imul/_38934_/Y (sky130_fd_sc_hd__o21ai_0)
   0.2184    4.6838 ^ PipelinedMulUnit/imul/_38935_/X (sky130_fd_sc_hd__xor2_1)
   0.1069    4.7907 v PipelinedMulUnit/imul/_38959_/Y (sky130_fd_sc_hd__a22oi_1)
   0.2202    5.0109 v PipelinedMulUnit/imul/_38961_/X (sky130_fd_sc_hd__o21ba_2)
   0.2250    5.2359 ^ PipelinedMulUnit/imul/_38963_/Y (sky130_fd_sc_hd__o21ai_0)
   0.1331    5.3690 v PipelinedMulUnit/imul/_38966_/Y (sky130_fd_sc_hd__a31oi_1)
   0.1981    5.5671 ^ PipelinedMulUnit/imul/_38968_/Y (sky130_fd_sc_hd__o21ai_0)
   0.1093    5.6764 v PipelinedMulUnit/imul/_38971_/Y (sky130_fd_sc_hd__a21oi_1)
   0.1624    5.8388 ^ PipelinedMulUnit/imul/_38974_/Y (sky130_fd_sc_hd__o211ai_1)
   0.1411    5.9799 v PipelinedMulUnit/imul/_38975_/Y (sky130_fd_sc_hd__a32oi_1)
   0.2541    6.2340 ^ PipelinedMulUnit/imul/_38980_/Y (sky130_fd_sc_hd__o21ai_0)
   0.1590    6.3929 v PipelinedMulUnit/imul/_38986_/Y (sky130_fd_sc_hd__a31oi_1)
   0.2778    6.6708 v PipelinedMulUnit/imul/_38991_/X (sky130_fd_sc_hd__o31a_1)
   0.2326    6.9034 v PipelinedMulUnit/imul/_38993_/X (sky130_fd_sc_hd__o221a_2)
   0.3561    7.2594 v PipelinedMulUnit/imul/_38994_/X (sky130_fd_sc_hd__or3_1)
   0.4452    7.7046 ^ PipelinedMulUnit/imul/_38999_/Y (sky130_fd_sc_hd__a311oi_1)
   0.2916    7.9962 v PipelinedMulUnit/imul/_39006_/Y (sky130_fd_sc_hd__o311ai_0)
   0.4192    8.4154 v PipelinedMulUnit/imul/_39010_/X (sky130_fd_sc_hd__a311o_1)
   0.3054    8.7208 ^ PipelinedMulUnit/imul/_39013_/Y (sky130_fd_sc_hd__a311oi_1)
   0.1296    8.8504 v PipelinedMulUnit/imul/_39016_/Y (sky130_fd_sc_hd__o211ai_1)
   0.3919    9.2423 v PipelinedMulUnit/imul/_39021_/X (sky130_fd_sc_hd__a311o_1)
   0.2909    9.5332 ^ PipelinedMulUnit/imul/_39025_/Y (sky130_fd_sc_hd__a311oi_1)
   0.2047    9.7379 v PipelinedMulUnit/imul/_39029_/Y (sky130_fd_sc_hd__o311ai_0)
   0.4023   10.1402 ^ PipelinedMulUnit/imul/_39035_/Y (sky130_fd_sc_hd__a311oi_1)
   0.2449   10.3851 ^ PipelinedMulUnit/imul/_39038_/X (sky130_fd_sc_hd__o311a_1)
   0.1769   10.5620 v PipelinedMulUnit/imul/_39042_/Y (sky130_fd_sc_hd__o311ai_0)
   0.3618   10.9238 ^ PipelinedMulUnit/imul/_39254_/Y (sky130_fd_sc_hd__a311oi_1)
   0.1707   11.0946 v PipelinedMulUnit/imul/_39399_/Y (sky130_fd_sc_hd__a21oi_1)
   0.2150   11.3095 v PipelinedMulUnit/imul/_39623_/Y (sky130_fd_sc_hd__nand4b_1)
   0.4430   11.7525 ^ PipelinedMulUnit/imul/_40019_/Y (sky130_fd_sc_hd__a2111oi_0)
   0.2368   11.9893 ^ PipelinedMulUnit/imul/_40692_/X (sky130_fd_sc_hd__o311a_1)
   0.1218   12.1111 v PipelinedMulUnit/imul/_41025_/Y (sky130_fd_sc_hd__o21ai_0)
   0.3555   12.4666 v PipelinedMulUnit/imul/_41710_/X (sky130_fd_sc_hd__a311o_1)
   0.3717   12.8383 ^ PipelinedMulUnit/imul/_42377_/Y (sky130_fd_sc_hd__a311oi_1)
   0.2787   13.1170 v PipelinedMulUnit/imul/_43050_/Y (sky130_fd_sc_hd__o311ai_0)
   0.4261   13.5431 ^ PipelinedMulUnit/imul/_43708_/Y (sky130_fd_sc_hd__a311oi_1)
   0.2789   13.8220 v PipelinedMulUnit/imul/_44387_/Y (sky130_fd_sc_hd__o311ai_0)
   0.3923   14.2143 ^ PipelinedMulUnit/imul/_45042_/Y (sky130_fd_sc_hd__a311oi_1)
   0.2533   14.4676 ^ PipelinedMulUnit/imul/_47233_/X (sky130_fd_sc_hd__and4_1)
   0.0715   14.5391 v PipelinedMulUnit/imul/_47237_/Y (sky130_fd_sc_hd__nor2_1)
   0.1327   14.6718 ^ PipelinedMulUnit/imul/_47518_/Y (sky130_fd_sc_hd__nor2_1)
   0.0547   14.7266 v PipelinedMulUnit/imul/_47519_/Y (sky130_fd_sc_hd__nor2_1)
   0.0752   14.8018 ^ PipelinedMulUnit/imul/_47520_/Y (sky130_fd_sc_hd__nand2_1)
   0.0726   14.8744 v PipelinedMulUnit/imul/_47525_/Y (sky130_fd_sc_hd__a31oi_1)
   0.0035   14.8779 v PipelinedMulUnit/imul/_56589_/D (sky130_fd_sc_hd__dfxtp_1)
            14.8779   data arrival time

  20.0000   20.0000   clock clock (rise edge)
   0.0000   20.0000   clock network delay (ideal)
   0.0000   20.0000   clock reconvergence pessimism
            20.0000 ^ PipelinedMulUnit/imul/_56589_/CLK (sky130_fd_sc_hd__dfxtp_1)
  -0.1386   19.8614   library setup time
            19.8614   data required time
-------------------------------------------------------------
            19.8614   data required time
           -14.8779   data arrival time
-------------------------------------------------------------
             4.9835   slack (MET)


Startpoint: IntToFPUnit/ifpu/_2836_
            (rising edge-triggered flip-flop clocked by clock)
Endpoint: IntToFPUnit/ifpu/_2925_
          (rising edge-triggered flip-flop clocked by clock)
Path Group: clock
Path Type: max

    Delay      Time   Description
-------------------------------------------------------------
   0.0000    0.0000   clock clock (rise edge)
   0.0000    0.0000   clock network delay (ideal)
   0.0000    0.0000 ^ IntToFPUnit/ifpu/_2836_/CLK (sky130_fd_sc_hd__dfxtp_1)
   0.4367    0.4367 v IntToFPUnit/ifpu/_2836_/Q (sky130_fd_sc_hd__dfxtp_1)
   0.5741    1.0109 v IntToFPUnit/ifpu/i2fResults_i2f/_0670_/X (sky130_fd_sc_hd__or4_1)
   0.2304    1.2413 ^ IntToFPUnit/ifpu/i2fResults_i2f/_0671_/Y (sky130_fd_sc_hd__nor4_1)
   0.1306    1.3719 v IntToFPUnit/ifpu/i2fResults_i2f/_0672_/Y (sky130_fd_sc_hd__nand2b_1)
   0.4586    1.8305 v IntToFPUnit/ifpu/i2fResults_i2f/_0673_/X (sky130_fd_sc_hd__or4_1)
   0.4665    2.2970 v IntToFPUnit/ifpu/i2fResults_i2f/_0674_/X (sky130_fd_sc_hd__or4_1)
   0.4667    2.7637 v IntToFPUnit/ifpu/i2fResults_i2f/_0675_/X (sky130_fd_sc_hd__or4_1)
   0.4667    3.2303 v IntToFPUnit/ifpu/i2fResults_i2f/_0676_/X (sky130_fd_sc_hd__or4_1)
   0.4665    3.6968 v IntToFPUnit/ifpu/i2fResults_i2f/_0677_/X (sky130_fd_sc_hd__or4_1)
   0.4664    4.1632 v IntToFPUnit/ifpu/i2fResults_i2f/_0678_/X (sky130_fd_sc_hd__or4_1)
   0.4665    4.6297 v IntToFPUnit/ifpu/i2fResults_i2f/_0679_/X (sky130_fd_sc_hd__or4_1)
   0.4665    5.0962 v IntToFPUnit/ifpu/i2fResults_i2f/_0680_/X (sky130_fd_sc_hd__or4_1)
   0.4665    5.5626 v IntToFPUnit/ifpu/i2fResults_i2f/_0681_/X (sky130_fd_sc_hd__or4_1)
   0.4667    6.0293 v IntToFPUnit/ifpu/i2fResults_i2f/_0682_/X (sky130_fd_sc_hd__or4_1)
   0.4667    6.4960 v IntToFPUnit/ifpu/i2fResults_i2f/_0683_/X (sky130_fd_sc_hd__or4_1)
   0.4667    6.9626 v IntToFPUnit/ifpu/i2fResults_i2f/_0684_/X (sky130_fd_sc_hd__or4_1)
   0.4667    7.4293 v IntToFPUnit/ifpu/i2fResults_i2f/_0685_/X (sky130_fd_sc_hd__or4_1)
   0.4667    7.8960 v IntToFPUnit/ifpu/i2fResults_i2f/_0686_/X (sky130_fd_sc_hd__or4_1)
   0.4667    8.3627 v IntToFPUnit/ifpu/i2fResults_i2f/_0687_/X (sky130_fd_sc_hd__or4_1)
   0.4597    8.8223 v IntToFPUnit/ifpu/i2fResults_i2f/_0688_/X (sky130_fd_sc_hd__or4_1)
   0.4581    9.2804 v IntToFPUnit/ifpu/i2fResults_i2f/_0689_/X (sky130_fd_sc_hd__or4_1)
   0.4502    9.7307 v IntToFPUnit/ifpu/i2fResults_i2f/_0690_/X (sky130_fd_sc_hd__or4_1)
   0.2176    9.9483 ^ IntToFPUnit/ifpu/i2fResults_i2f/_0691_/Y (sky130_fd_sc_hd__o21ai_0)
   0.1149   10.0632 v IntToFPUnit/ifpu/i2fResults_i2f/_0692_/Y (sky130_fd_sc_hd__nand2_1)
   0.0813   10.1445 ^ IntToFPUnit/ifpu/i2fResults_i2f/_0959_/Y (sky130_fd_sc_hd__nand2_1)
   0.0645   10.2091 v IntToFPUnit/ifpu/i2fResults_i2f/_0960_/Y (sky130_fd_sc_hd__a21oi_1)
   0.1624   10.3715 ^ IntToFPUnit/ifpu/i2fResults_i2f/_0961_/Y (sky130_fd_sc_hd__nor2_1)
   0.4258   10.7973 ^ IntToFPUnit/ifpu/i2fResults_i2f/_0975_/X (sky130_fd_sc_hd__lpflow_clkbufkapwr_1)
   0.5128   11.3101 ^ IntToFPUnit/ifpu/i2fResults_i2f/_1063_/X (sky130_fd_sc_hd__lpflow_clkbufkapwr_1)
   0.1750   11.4851 v IntToFPUnit/ifpu/i2fResults_i2f/_1137_/Y (sky130_fd_sc_hd__mux2i_1)
   0.2224   11.7075 ^ IntToFPUnit/ifpu/i2fResults_i2f/_1138_/Y (sky130_fd_sc_hd__mux2i_1)
   0.1219   11.8294 v IntToFPUnit/ifpu/i2fResults_i2f/_1139_/Y (sky130_fd_sc_hd__mux2i_1)
   0.1685   11.9979 ^ IntToFPUnit/ifpu/i2fResults_i2f/_1194_/Y (sky130_fd_sc_hd__mux2i_1)
   0.1041   12.1020 v IntToFPUnit/ifpu/i2fResults_i2f/_1195_/Y (sky130_fd_sc_hd__o21ai_0)
   0.1863   12.2883 v IntToFPUnit/ifpu/i2fResults_i2f/_1197_/X (sky130_fd_sc_hd__a21o_1)
   0.2463   12.5346 ^ IntToFPUnit/ifpu/i2fResults_i2f/roundAnyRawFNToRecFN/_098_/Y (sky130_fd_sc_hd__nor4_1)
   0.1440   12.6787 v IntToFPUnit/ifpu/i2fResults_i2f/roundAnyRawFNToRecFN/_099_/Y (sky130_fd_sc_hd__nand4_1)
   0.4030   13.0816 ^ IntToFPUnit/ifpu/i2fResults_i2f/roundAnyRawFNToRecFN/_109_/Y (sky130_fd_sc_hd__nor4_1)
   0.2422   13.3239 v IntToFPUnit/ifpu/i2fResults_i2f/roundAnyRawFNToRecFN/_113_/Y (sky130_fd_sc_hd__o21ai_0)
   0.2149   13.5388 v IntToFPUnit/ifpu/i2fResults_i2f/roundAnyRawFNToRecFN/_134_/X (sky130_fd_sc_hd__and3_1)
   0.1379   13.6767 v IntToFPUnit/ifpu/i2fResults_i2f/roundAnyRawFNToRecFN/_135_/X (sky130_fd_sc_hd__clkbuf_1)
   0.2051   13.8819 v IntToFPUnit/ifpu/i2fResults_i2f/roundAnyRawFNToRecFN/_157_/X (sky130_fd_sc_hd__and3_1)
   0.1752   14.0571 v IntToFPUnit/ifpu/i2fResults_i2f/roundAnyRawFNToRecFN/_160_/X (sky130_fd_sc_hd__lpflow_inputiso0n_1)
   0.1452   14.2023 v IntToFPUnit/ifpu/i2fResults_i2f/roundAnyRawFNToRecFN/_175_/X (sky130_fd_sc_hd__lpflow_isobufsrc_1)
   0.1872   14.3895 v IntToFPUnit/ifpu/i2fResults_i2f/roundAnyRawFNToRecFN/_182_/X (sky130_fd_sc_hd__and3_1)
   0.0849   14.4744 ^ IntToFPUnit/ifpu/i2fResults_i2f/roundAnyRawFNToRecFN/_184_/Y (sky130_fd_sc_hd__nor2_1)
   0.0586   14.5329 v IntToFPUnit/ifpu/i2fResults_i2f/roundAnyRawFNToRecFN/_186_/Y (sky130_fd_sc_hd__nor3_1)
   0.1735   14.7064 v IntToFPUnit/ifpu/_2274_/X (sky130_fd_sc_hd__o21a_1)
   0.0650   14.7713 ^ IntToFPUnit/ifpu/_2275_/Y (sky130_fd_sc_hd__o21ai_0)
   0.0958   14.8671 v IntToFPUnit/ifpu/_2278_/Y (sky130_fd_sc_hd__a31oi_1)
   0.0035   14.8706 v IntToFPUnit/ifpu/_2925_/D (sky130_fd_sc_hd__dfxtp_1)
            14.8706   data arrival time

  20.0000   20.0000   clock clock (rise edge)
   0.0000   20.0000   clock network delay (ideal)
   0.0000   20.0000   clock reconvergence pessimism
            20.0000 ^ IntToFPUnit/ifpu/_2925_/CLK (sky130_fd_sc_hd__dfxtp_1)
  -0.1386   19.8614   library setup time
            19.8614   data required time
-------------------------------------------------------------
            19.8614   data required time
           -14.8706   data arrival time
-------------------------------------------------------------
             4.9908   slack (MET)


Startpoint: IntToFPUnit/ifpu/_2836_
            (rising edge-triggered flip-flop clocked by clock)
Endpoint: IntToFPUnit/ifpu/_2930_
          (rising edge-triggered flip-flop clocked by clock)
Path Group: clock
Path Type: max

    Delay      Time   Description
-------------------------------------------------------------
   0.0000    0.0000   clock clock (rise edge)
   0.0000    0.0000   clock network delay (ideal)
   0.0000    0.0000 ^ IntToFPUnit/ifpu/_2836_/CLK (sky130_fd_sc_hd__dfxtp_1)
   0.4367    0.4367 v IntToFPUnit/ifpu/_2836_/Q (sky130_fd_sc_hd__dfxtp_1)
   0.5741    1.0109 v IntToFPUnit/ifpu/i2fResults_i2f/_0670_/X (sky130_fd_sc_hd__or4_1)
   0.2304    1.2413 ^ IntToFPUnit/ifpu/i2fResults_i2f/_0671_/Y (sky130_fd_sc_hd__nor4_1)
   0.1306    1.3719 v IntToFPUnit/ifpu/i2fResults_i2f/_0672_/Y (sky130_fd_sc_hd__nand2b_1)
   0.4586    1.8305 v IntToFPUnit/ifpu/i2fResults_i2f/_0673_/X (sky130_fd_sc_hd__or4_1)
   0.4665    2.2970 v IntToFPUnit/ifpu/i2fResults_i2f/_0674_/X (sky130_fd_sc_hd__or4_1)
   0.4667    2.7637 v IntToFPUnit/ifpu/i2fResults_i2f/_0675_/X (sky130_fd_sc_hd__or4_1)
   0.4667    3.2303 v IntToFPUnit/ifpu/i2fResults_i2f/_0676_/X (sky130_fd_sc_hd__or4_1)
   0.4665    3.6968 v IntToFPUnit/ifpu/i2fResults_i2f/_0677_/X (sky130_fd_sc_hd__or4_1)
   0.4664    4.1632 v IntToFPUnit/ifpu/i2fResults_i2f/_0678_/X (sky130_fd_sc_hd__or4_1)
   0.4665    4.6297 v IntToFPUnit/ifpu/i2fResults_i2f/_0679_/X (sky130_fd_sc_hd__or4_1)
   0.4665    5.0962 v IntToFPUnit/ifpu/i2fResults_i2f/_0680_/X (sky130_fd_sc_hd__or4_1)
   0.4665    5.5626 v IntToFPUnit/ifpu/i2fResults_i2f/_0681_/X (sky130_fd_sc_hd__or4_1)
   0.4667    6.0293 v IntToFPUnit/ifpu/i2fResults_i2f/_0682_/X (sky130_fd_sc_hd__or4_1)
   0.4667    6.4960 v IntToFPUnit/ifpu/i2fResults_i2f/_0683_/X (sky130_fd_sc_hd__or4_1)
   0.4667    6.9626 v IntToFPUnit/ifpu/i2fResults_i2f/_0684_/X (sky130_fd_sc_hd__or4_1)
   0.4667    7.4293 v IntToFPUnit/ifpu/i2fResults_i2f/_0685_/X (sky130_fd_sc_hd__or4_1)
   0.4667    7.8960 v IntToFPUnit/ifpu/i2fResults_i2f/_0686_/X (sky130_fd_sc_hd__or4_1)
   0.4667    8.3627 v IntToFPUnit/ifpu/i2fResults_i2f/_0687_/X (sky130_fd_sc_hd__or4_1)
   0.4597    8.8223 v IntToFPUnit/ifpu/i2fResults_i2f/_0688_/X (sky130_fd_sc_hd__or4_1)
   0.4581    9.2804 v IntToFPUnit/ifpu/i2fResults_i2f/_0689_/X (sky130_fd_sc_hd__or4_1)
   0.4502    9.7307 v IntToFPUnit/ifpu/i2fResults_i2f/_0690_/X (sky130_fd_sc_hd__or4_1)
   0.2176    9.9483 ^ IntToFPUnit/ifpu/i2fResults_i2f/_0691_/Y (sky130_fd_sc_hd__o21ai_0)
   0.1149   10.0632 v IntToFPUnit/ifpu/i2fResults_i2f/_0692_/Y (sky130_fd_sc_hd__nand2_1)
   0.0813   10.1445 ^ IntToFPUnit/ifpu/i2fResults_i2f/_0959_/Y (sky130_fd_sc_hd__nand2_1)
   0.0645   10.2091 v IntToFPUnit/ifpu/i2fResults_i2f/_0960_/Y (sky130_fd_sc_hd__a21oi_1)
   0.1624   10.3715 ^ IntToFPUnit/ifpu/i2fResults_i2f/_0961_/Y (sky130_fd_sc_hd__nor2_1)
   0.4258   10.7973 ^ IntToFPUnit/ifpu/i2fResults_i2f/_0975_/X (sky130_fd_sc_hd__lpflow_clkbufkapwr_1)
   0.5128   11.3101 ^ IntToFPUnit/ifpu/i2fResults_i2f/_1063_/X (sky130_fd_sc_hd__lpflow_clkbufkapwr_1)
   0.1750   11.4851 v IntToFPUnit/ifpu/i2fResults_i2f/_1137_/Y (sky130_fd_sc_hd__mux2i_1)
   0.2224   11.7075 ^ IntToFPUnit/ifpu/i2fResults_i2f/_1138_/Y (sky130_fd_sc_hd__mux2i_1)
   0.1219   11.8294 v IntToFPUnit/ifpu/i2fResults_i2f/_1139_/Y (sky130_fd_sc_hd__mux2i_1)
   0.1685   11.9979 ^ IntToFPUnit/ifpu/i2fResults_i2f/_1194_/Y (sky130_fd_sc_hd__mux2i_1)
   0.1041   12.1020 v IntToFPUnit/ifpu/i2fResults_i2f/_1195_/Y (sky130_fd_sc_hd__o21ai_0)
   0.1863   12.2883 v IntToFPUnit/ifpu/i2fResults_i2f/_1197_/X (sky130_fd_sc_hd__a21o_1)
   0.2463   12.5346 ^ IntToFPUnit/ifpu/i2fResults_i2f/roundAnyRawFNToRecFN/_098_/Y (sky130_fd_sc_hd__nor4_1)
   0.1440   12.6787 v IntToFPUnit/ifpu/i2fResults_i2f/roundAnyRawFNToRecFN/_099_/Y (sky130_fd_sc_hd__nand4_1)
   0.4030   13.0816 ^ IntToFPUnit/ifpu/i2fResults_i2f/roundAnyRawFNToRecFN/_109_/Y (sky130_fd_sc_hd__nor4_1)
   0.2422   13.3239 v IntToFPUnit/ifpu/i2fResults_i2f/roundAnyRawFNToRecFN/_113_/Y (sky130_fd_sc_hd__o21ai_0)
   0.1580   13.4819 ^ IntToFPUnit/ifpu/i2fResults_i2f/roundAnyRawFNToRecFN/_167_/Y (sky130_fd_sc_hd__nand4_1)
   0.0826   13.5644 v IntToFPUnit/ifpu/i2fResults_i2f/roundAnyRawFNToRecFN/_179_/Y (sky130_fd_sc_hd__nor3_1)
   0.2055   13.7699 v IntToFPUnit/ifpu/i2fResults_i2f/roundAnyRawFNToRecFN/_188_/X (sky130_fd_sc_hd__and4_1)
   0.2171   13.9871 v IntToFPUnit/ifpu/i2fResults_i2f/roundAnyRawFNToRecFN/_197_/X (sky130_fd_sc_hd__and4_1)
   0.4068   14.3938 v IntToFPUnit/ifpu/i2fResults_i2f/roundAnyRawFNToRecFN/_198_/X (sky130_fd_sc_hd__maj3_1)
   0.1630   14.5568 v IntToFPUnit/ifpu/i2fResults_i2f/roundAnyRawFNToRecFN/_213_/X (sky130_fd_sc_hd__xor2_1)
   0.1042   14.6611 ^ IntToFPUnit/ifpu/_2372_/Y (sky130_fd_sc_hd__nor2_1)
   0.0549   14.7159 v IntToFPUnit/ifpu/_2374_/Y (sky130_fd_sc_hd__nor2_1)
   0.1657   14.8816 v IntToFPUnit/ifpu/_2387_/X (sky130_fd_sc_hd__o22a_1)
   0.0035   14.8851 v IntToFPUnit/ifpu/_2930_/D (sky130_fd_sc_hd__dfxtp_1)
            14.8851   data arrival time

  20.0000   20.0000   clock clock (rise edge)
   0.0000   20.0000   clock network delay (ideal)
   0.0000   20.0000   clock reconvergence pessimism
            20.0000 ^ IntToFPUnit/ifpu/_2930_/CLK (sky130_fd_sc_hd__dfxtp_1)
  -0.1179   19.8821   library setup time
            19.8821   data required time
-------------------------------------------------------------
            19.8821   data required time
           -14.8851   data arrival time
-------------------------------------------------------------
             4.9969   slack (MET)


Startpoint: PipelinedMulUnit/imul/_56501_
            (rising edge-triggered flip-flop clocked by clock)
Endpoint: PipelinedMulUnit/imul/_56583_
          (rising edge-triggered flip-flop clocked by clock)
Path Group: clock
Path Type: max

    Delay      Time   Description
-------------------------------------------------------------
   0.0000    0.0000   clock clock (rise edge)
   0.0000    0.0000   clock network delay (ideal)
   0.0000    0.0000 ^ PipelinedMulUnit/imul/_56501_/CLK (sky130_fd_sc_hd__dfxtp_1)
   0.3800    0.3800 ^ PipelinedMulUnit/imul/_56501_/Q (sky130_fd_sc_hd__dfxtp_1)
   0.2608    0.6408 ^ PipelinedMulUnit/imul/_28769_/X (sky130_fd_sc_hd__clkbuf_1)
   0.1282    0.7691 v PipelinedMulUnit/imul/_38732_/Y (sky130_fd_sc_hd__nand2_1)
   0.4064    1.1755 v PipelinedMulUnit/imul/_38780_/X (sky130_fd_sc_hd__xor3_1)
   0.3651    1.5405 v PipelinedMulUnit/imul/_38782_/X (sky130_fd_sc_hd__maj3_1)
   0.2861    1.8266 ^ PipelinedMulUnit/imul/_38784_/X (sky130_fd_sc_hd__xor2_1)
   0.1517    1.9783 v PipelinedMulUnit/imul/_38786_/Y (sky130_fd_sc_hd__o21ai_0)
   0.3985    2.3767 v PipelinedMulUnit/imul/_38789_/X (sky130_fd_sc_hd__maj3_1)
   0.3902    2.7670 v PipelinedMulUnit/imul/_38826_/X (sky130_fd_sc_hd__xor3_1)
   0.2564    3.0233 ^ PipelinedMulUnit/imul/_38863_/Y (sky130_fd_sc_hd__xnor2_1)
   0.6499    3.6732 v PipelinedMulUnit/imul/_38896_/X (sky130_fd_sc_hd__or4b_2)
   0.3847    4.0579 v PipelinedMulUnit/imul/_38902_/X (sky130_fd_sc_hd__maj3_1)
   0.1892    4.2471 v PipelinedMulUnit/imul/_38903_/X (sky130_fd_sc_hd__xor2_1)
   0.2183    4.4654 ^ PipelinedMulUnit/imul/_38934_/Y (sky130_fd_sc_hd__o21ai_0)
   0.2184    4.6838 ^ PipelinedMulUnit/imul/_38935_/X (sky130_fd_sc_hd__xor2_1)
   0.1069    4.7907 v PipelinedMulUnit/imul/_38959_/Y (sky130_fd_sc_hd__a22oi_1)
   0.2202    5.0109 v PipelinedMulUnit/imul/_38961_/X (sky130_fd_sc_hd__o21ba_2)
   0.2250    5.2359 ^ PipelinedMulUnit/imul/_38963_/Y (sky130_fd_sc_hd__o21ai_0)
   0.1331    5.3690 v PipelinedMulUnit/imul/_38966_/Y (sky130_fd_sc_hd__a31oi_1)
   0.1981    5.5671 ^ PipelinedMulUnit/imul/_38968_/Y (sky130_fd_sc_hd__o21ai_0)
   0.1093    5.6764 v PipelinedMulUnit/imul/_38971_/Y (sky130_fd_sc_hd__a21oi_1)
   0.1624    5.8388 ^ PipelinedMulUnit/imul/_38974_/Y (sky130_fd_sc_hd__o211ai_1)
   0.1411    5.9799 v PipelinedMulUnit/imul/_38975_/Y (sky130_fd_sc_hd__a32oi_1)
   0.2541    6.2340 ^ PipelinedMulUnit/imul/_38980_/Y (sky130_fd_sc_hd__o21ai_0)
   0.1590    6.3929 v PipelinedMulUnit/imul/_38986_/Y (sky130_fd_sc_hd__a31oi_1)
   0.2778    6.6708 v PipelinedMulUnit/imul/_38991_/X (sky130_fd_sc_hd__o31a_1)
   0.2326    6.9034 v PipelinedMulUnit/imul/_38993_/X (sky130_fd_sc_hd__o221a_2)
   0.3561    7.2594 v PipelinedMulUnit/imul/_38994_/X (sky130_fd_sc_hd__or3_1)
   0.4452    7.7046 ^ PipelinedMulUnit/imul/_38999_/Y (sky130_fd_sc_hd__a311oi_1)
   0.2916    7.9962 v PipelinedMulUnit/imul/_39006_/Y (sky130_fd_sc_hd__o311ai_0)
   0.4192    8.4154 v PipelinedMulUnit/imul/_39010_/X (sky130_fd_sc_hd__a311o_1)
   0.3054    8.7208 ^ PipelinedMulUnit/imul/_39013_/Y (sky130_fd_sc_hd__a311oi_1)
   0.1296    8.8504 v PipelinedMulUnit/imul/_39016_/Y (sky130_fd_sc_hd__o211ai_1)
   0.3919    9.2423 v PipelinedMulUnit/imul/_39021_/X (sky130_fd_sc_hd__a311o_1)
   0.2909    9.5332 ^ PipelinedMulUnit/imul/_39025_/Y (sky130_fd_sc_hd__a311oi_1)
   0.2047    9.7379 v PipelinedMulUnit/imul/_39029_/Y (sky130_fd_sc_hd__o311ai_0)
   0.4023   10.1402 ^ PipelinedMulUnit/imul/_39035_/Y (sky130_fd_sc_hd__a311oi_1)
   0.2449   10.3851 ^ PipelinedMulUnit/imul/_39038_/X (sky130_fd_sc_hd__o311a_1)
   0.1769   10.5620 v PipelinedMulUnit/imul/_39042_/Y (sky130_fd_sc_hd__o311ai_0)
   0.3618   10.9238 ^ PipelinedMulUnit/imul/_39254_/Y (sky130_fd_sc_hd__a311oi_1)
   0.1707   11.0946 v PipelinedMulUnit/imul/_39399_/Y (sky130_fd_sc_hd__a21oi_1)
   0.2150   11.3095 v PipelinedMulUnit/imul/_39623_/Y (sky130_fd_sc_hd__nand4b_1)
   0.4430   11.7525 ^ PipelinedMulUnit/imul/_40019_/Y (sky130_fd_sc_hd__a2111oi_0)
   0.2368   11.9893 ^ PipelinedMulUnit/imul/_40692_/X (sky130_fd_sc_hd__o311a_1)
   0.1218   12.1111 v PipelinedMulUnit/imul/_41025_/Y (sky130_fd_sc_hd__o21ai_0)
   0.3555   12.4666 v PipelinedMulUnit/imul/_41710_/X (sky130_fd_sc_hd__a311o_1)
   0.3717   12.8383 ^ PipelinedMulUnit/imul/_42377_/Y (sky130_fd_sc_hd__a311oi_1)
   0.2787   13.1170 v PipelinedMulUnit/imul/_43050_/Y (sky130_fd_sc_hd__o311ai_0)
   0.4261   13.5431 ^ PipelinedMulUnit/imul/_43708_/Y (sky130_fd_sc_hd__a311oi_1)
   0.2789   13.8220 v PipelinedMulUnit/imul/_44387_/Y (sky130_fd_sc_hd__o311ai_0)
   0.3923   14.2143 ^ PipelinedMulUnit/imul/_45042_/Y (sky130_fd_sc_hd__a311oi_1)
   0.1953   14.4096 ^ PipelinedMulUnit/imul/_45374_/X (sky130_fd_sc_hd__lpflow_inputiso0n_1)
   0.0653   14.4749 v PipelinedMulUnit/imul/_45377_/Y (sky130_fd_sc_hd__nor2_1)
   0.1622   14.6371 v PipelinedMulUnit/imul/_45683_/X (sky130_fd_sc_hd__xor2_1)
   0.1511   14.7881 ^ PipelinedMulUnit/imul/_45684_/Y (sky130_fd_sc_hd__a21oi_1)
   0.0764   14.8646 v PipelinedMulUnit/imul/_45686_/Y (sky130_fd_sc_hd__a21oi_1)
   0.0035   14.8680 v PipelinedMulUnit/imul/_56583_/D (sky130_fd_sc_hd__dfxtp_1)
            14.8680   data arrival time

  20.0000   20.0000   clock clock (rise edge)
   0.0000   20.0000   clock network delay (ideal)
   0.0000   20.0000   clock reconvergence pessimism
            20.0000 ^ PipelinedMulUnit/imul/_56583_/CLK (sky130_fd_sc_hd__dfxtp_1)
  -0.1194   19.8806   library setup time
            19.8806   data required time
-------------------------------------------------------------
            19.8806   data required time
           -14.8680   data arrival time
-------------------------------------------------------------
             5.0125   slack (MET)


Startpoint: PipelinedMulUnit/imul/_56501_
            (rising edge-triggered flip-flop clocked by clock)
Endpoint: PipelinedMulUnit/imul/_56585_
          (rising edge-triggered flip-flop clocked by clock)
Path Group: clock
Path Type: max

    Delay      Time   Description
-------------------------------------------------------------
   0.0000    0.0000   clock clock (rise edge)
   0.0000    0.0000   clock network delay (ideal)
   0.0000    0.0000 ^ PipelinedMulUnit/imul/_56501_/CLK (sky130_fd_sc_hd__dfxtp_1)
   0.3800    0.3800 ^ PipelinedMulUnit/imul/_56501_/Q (sky130_fd_sc_hd__dfxtp_1)
   0.2608    0.6408 ^ PipelinedMulUnit/imul/_28769_/X (sky130_fd_sc_hd__clkbuf_1)
   0.1282    0.7691 v PipelinedMulUnit/imul/_38732_/Y (sky130_fd_sc_hd__nand2_1)
   0.4064    1.1755 v PipelinedMulUnit/imul/_38780_/X (sky130_fd_sc_hd__xor3_1)
   0.3651    1.5405 v PipelinedMulUnit/imul/_38782_/X (sky130_fd_sc_hd__maj3_1)
   0.2861    1.8266 ^ PipelinedMulUnit/imul/_38784_/X (sky130_fd_sc_hd__xor2_1)
   0.1517    1.9783 v PipelinedMulUnit/imul/_38786_/Y (sky130_fd_sc_hd__o21ai_0)
   0.3985    2.3767 v PipelinedMulUnit/imul/_38789_/X (sky130_fd_sc_hd__maj3_1)
   0.3902    2.7670 v PipelinedMulUnit/imul/_38826_/X (sky130_fd_sc_hd__xor3_1)
   0.2564    3.0233 ^ PipelinedMulUnit/imul/_38863_/Y (sky130_fd_sc_hd__xnor2_1)
   0.6499    3.6732 v PipelinedMulUnit/imul/_38896_/X (sky130_fd_sc_hd__or4b_2)
   0.3847    4.0579 v PipelinedMulUnit/imul/_38902_/X (sky130_fd_sc_hd__maj3_1)
   0.1892    4.2471 v PipelinedMulUnit/imul/_38903_/X (sky130_fd_sc_hd__xor2_1)
   0.2183    4.4654 ^ PipelinedMulUnit/imul/_38934_/Y (sky130_fd_sc_hd__o21ai_0)
   0.2184    4.6838 ^ PipelinedMulUnit/imul/_38935_/X (sky130_fd_sc_hd__xor2_1)
   0.1069    4.7907 v PipelinedMulUnit/imul/_38959_/Y (sky130_fd_sc_hd__a22oi_1)
   0.2202    5.0109 v PipelinedMulUnit/imul/_38961_/X (sky130_fd_sc_hd__o21ba_2)
   0.2250    5.2359 ^ PipelinedMulUnit/imul/_38963_/Y (sky130_fd_sc_hd__o21ai_0)
   0.1331    5.3690 v PipelinedMulUnit/imul/_38966_/Y (sky130_fd_sc_hd__a31oi_1)
   0.1981    5.5671 ^ PipelinedMulUnit/imul/_38968_/Y (sky130_fd_sc_hd__o21ai_0)
   0.1093    5.6764 v PipelinedMulUnit/imul/_38971_/Y (sky130_fd_sc_hd__a21oi_1)
   0.1624    5.8388 ^ PipelinedMulUnit/imul/_38974_/Y (sky130_fd_sc_hd__o211ai_1)
   0.1411    5.9799 v PipelinedMulUnit/imul/_38975_/Y (sky130_fd_sc_hd__a32oi_1)
   0.2541    6.2340 ^ PipelinedMulUnit/imul/_38980_/Y (sky130_fd_sc_hd__o21ai_0)
   0.1590    6.3929 v PipelinedMulUnit/imul/_38986_/Y (sky130_fd_sc_hd__a31oi_1)
   0.2778    6.6708 v PipelinedMulUnit/imul/_38991_/X (sky130_fd_sc_hd__o31a_1)
   0.2326    6.9034 v PipelinedMulUnit/imul/_38993_/X (sky130_fd_sc_hd__o221a_2)
   0.3561    7.2594 v PipelinedMulUnit/imul/_38994_/X (sky130_fd_sc_hd__or3_1)
   0.4452    7.7046 ^ PipelinedMulUnit/imul/_38999_/Y (sky130_fd_sc_hd__a311oi_1)
   0.2916    7.9962 v PipelinedMulUnit/imul/_39006_/Y (sky130_fd_sc_hd__o311ai_0)
   0.4192    8.4154 v PipelinedMulUnit/imul/_39010_/X (sky130_fd_sc_hd__a311o_1)
   0.3054    8.7208 ^ PipelinedMulUnit/imul/_39013_/Y (sky130_fd_sc_hd__a311oi_1)
   0.1296    8.8504 v PipelinedMulUnit/imul/_39016_/Y (sky130_fd_sc_hd__o211ai_1)
   0.3919    9.2423 v PipelinedMulUnit/imul/_39021_/X (sky130_fd_sc_hd__a311o_1)
   0.2909    9.5332 ^ PipelinedMulUnit/imul/_39025_/Y (sky130_fd_sc_hd__a311oi_1)
   0.2047    9.7379 v PipelinedMulUnit/imul/_39029_/Y (sky130_fd_sc_hd__o311ai_0)
   0.4023   10.1402 ^ PipelinedMulUnit/imul/_39035_/Y (sky130_fd_sc_hd__a311oi_1)
   0.2449   10.3851 ^ PipelinedMulUnit/imul/_39038_/X (sky130_fd_sc_hd__o311a_1)
   0.1769   10.5620 v PipelinedMulUnit/imul/_39042_/Y (sky130_fd_sc_hd__o311ai_0)
   0.3618   10.9238 ^ PipelinedMulUnit/imul/_39254_/Y (sky130_fd_sc_hd__a311oi_1)
   0.1707   11.0946 v PipelinedMulUnit/imul/_39399_/Y (sky130_fd_sc_hd__a21oi_1)
   0.2150   11.3095 v PipelinedMulUnit/imul/_39623_/Y (sky130_fd_sc_hd__nand4b_1)
   0.4430   11.7525 ^ PipelinedMulUnit/imul/_40019_/Y (sky130_fd_sc_hd__a2111oi_0)
   0.2368   11.9893 ^ PipelinedMulUnit/imul/_40692_/X (sky130_fd_sc_hd__o311a_1)
   0.1218   12.1111 v PipelinedMulUnit/imul/_41025_/Y (sky130_fd_sc_hd__o21ai_0)
   0.3555   12.4666 v PipelinedMulUnit/imul/_41710_/X (sky130_fd_sc_hd__a311o_1)
   0.3717   12.8383 ^ PipelinedMulUnit/imul/_42377_/Y (sky130_fd_sc_hd__a311oi_1)
   0.2787   13.1170 v PipelinedMulUnit/imul/_43050_/Y (sky130_fd_sc_hd__o311ai_0)
   0.4261   13.5431 ^ PipelinedMulUnit/imul/_43708_/Y (sky130_fd_sc_hd__a311oi_1)
   0.2789   13.8220 v PipelinedMulUnit/imul/_44387_/Y (sky130_fd_sc_hd__o311ai_0)
   0.3923   14.2143 ^ PipelinedMulUnit/imul/_45042_/Y (sky130_fd_sc_hd__a311oi_1)
   0.1953   14.4096 ^ PipelinedMulUnit/imul/_45374_/X (sky130_fd_sc_hd__lpflow_inputiso0n_1)
   0.1531   14.5627 ^ PipelinedMulUnit/imul/_45998_/X (sky130_fd_sc_hd__a21bo_2)
   0.1174   14.6802 ^ PipelinedMulUnit/imul/_46305_/Y (sky130_fd_sc_hd__xnor2_1)
   0.0821   14.7623 v PipelinedMulUnit/imul/_46306_/Y (sky130_fd_sc_hd__a21oi_1)
   0.1410   14.9033 ^ PipelinedMulUnit/imul/_46308_/Y (sky130_fd_sc_hd__a21oi_1)
   0.0035   14.9068 ^ PipelinedMulUnit/imul/_56585_/D (sky130_fd_sc_hd__dfxtp_1)
            14.9068   data arrival time

  20.0000   20.0000   clock clock (rise edge)
   0.0000   20.0000   clock network delay (ideal)
   0.0000   20.0000   clock reconvergence pessimism
            20.0000 ^ PipelinedMulUnit/imul/_56585_/CLK (sky130_fd_sc_hd__dfxtp_1)
  -0.0711   19.9289   library setup time
            19.9289   data required time
-------------------------------------------------------------
            19.9289   data required time
           -14.9068   data arrival time
-------------------------------------------------------------
             5.0221   slack (MET)


Startpoint: IntToFPUnit/ifpu/_2836_
            (rising edge-triggered flip-flop clocked by clock)
Endpoint: IntToFPUnit/ifpu/_2939_
          (rising edge-triggered flip-flop clocked by clock)
Path Group: clock
Path Type: max

    Delay      Time   Description
-------------------------------------------------------------
   0.0000    0.0000   clock clock (rise edge)
   0.0000    0.0000   clock network delay (ideal)
   0.0000    0.0000 ^ IntToFPUnit/ifpu/_2836_/CLK (sky130_fd_sc_hd__dfxtp_1)
   0.4367    0.4367 v IntToFPUnit/ifpu/_2836_/Q (sky130_fd_sc_hd__dfxtp_1)
   0.5741    1.0109 v IntToFPUnit/ifpu/i2fResults_i2f_1/_0670_/X (sky130_fd_sc_hd__or4_1)
   0.2304    1.2413 ^ IntToFPUnit/ifpu/i2fResults_i2f_1/_0671_/Y (sky130_fd_sc_hd__nor4_1)
   0.1306    1.3719 v IntToFPUnit/ifpu/i2fResults_i2f_1/_0672_/Y (sky130_fd_sc_hd__nand2b_1)
   0.4586    1.8305 v IntToFPUnit/ifpu/i2fResults_i2f_1/_0673_/X (sky130_fd_sc_hd__or4_1)
   0.4665    2.2970 v IntToFPUnit/ifpu/i2fResults_i2f_1/_0674_/X (sky130_fd_sc_hd__or4_1)
   0.4667    2.7637 v IntToFPUnit/ifpu/i2fResults_i2f_1/_0675_/X (sky130_fd_sc_hd__or4_1)
   0.4667    3.2303 v IntToFPUnit/ifpu/i2fResults_i2f_1/_0676_/X (sky130_fd_sc_hd__or4_1)
   0.4665    3.6968 v IntToFPUnit/ifpu/i2fResults_i2f_1/_0677_/X (sky130_fd_sc_hd__or4_1)
   0.4664    4.1632 v IntToFPUnit/ifpu/i2fResults_i2f_1/_0678_/X (sky130_fd_sc_hd__or4_1)
   0.4665    4.6297 v IntToFPUnit/ifpu/i2fResults_i2f_1/_0679_/X (sky130_fd_sc_hd__or4_1)
   0.4665    5.0962 v IntToFPUnit/ifpu/i2fResults_i2f_1/_0680_/X (sky130_fd_sc_hd__or4_1)
   0.4665    5.5626 v IntToFPUnit/ifpu/i2fResults_i2f_1/_0681_/X (sky130_fd_sc_hd__or4_1)
   0.4667    6.0293 v IntToFPUnit/ifpu/i2fResults_i2f_1/_0682_/X (sky130_fd_sc_hd__or4_1)
   0.4667    6.4960 v IntToFPUnit/ifpu/i2fResults_i2f_1/_0683_/X (sky130_fd_sc_hd__or4_1)
   0.4667    6.9626 v IntToFPUnit/ifpu/i2fResults_i2f_1/_0684_/X (sky130_fd_sc_hd__or4_1)
   0.4667    7.4293 v IntToFPUnit/ifpu/i2fResults_i2f_1/_0685_/X (sky130_fd_sc_hd__or4_1)
   0.4667    7.8960 v IntToFPUnit/ifpu/i2fResults_i2f_1/_0686_/X (sky130_fd_sc_hd__or4_1)
   0.4667    8.3627 v IntToFPUnit/ifpu/i2fResults_i2f_1/_0687_/X (sky130_fd_sc_hd__or4_1)
   0.4597    8.8223 v IntToFPUnit/ifpu/i2fResults_i2f_1/_0688_/X (sky130_fd_sc_hd__or4_1)
   0.4581    9.2804 v IntToFPUnit/ifpu/i2fResults_i2f_1/_0689_/X (sky130_fd_sc_hd__or4_1)
   0.4502    9.7307 v IntToFPUnit/ifpu/i2fResults_i2f_1/_0690_/X (sky130_fd_sc_hd__or4_1)
   0.2176    9.9483 ^ IntToFPUnit/ifpu/i2fResults_i2f_1/_0691_/Y (sky130_fd_sc_hd__o21ai_0)
   0.1149   10.0632 v IntToFPUnit/ifpu/i2fResults_i2f_1/_0692_/Y (sky130_fd_sc_hd__nand2_1)
   0.0813   10.1445 ^ IntToFPUnit/ifpu/i2fResults_i2f_1/_0959_/Y (sky130_fd_sc_hd__nand2_1)
   0.0645   10.2091 v IntToFPUnit/ifpu/i2fResults_i2f_1/_0960_/Y (sky130_fd_sc_hd__a21oi_1)
   0.1624   10.3715 ^ IntToFPUnit/ifpu/i2fResults_i2f_1/_0961_/Y (sky130_fd_sc_hd__nor2_1)
   0.4258   10.7973 ^ IntToFPUnit/ifpu/i2fResults_i2f_1/_0975_/X (sky130_fd_sc_hd__lpflow_clkbufkapwr_1)
   0.5128   11.3101 ^ IntToFPUnit/ifpu/i2fResults_i2f_1/_1063_/X (sky130_fd_sc_hd__lpflow_clkbufkapwr_1)
   0.2826   11.5927 ^ IntToFPUnit/ifpu/i2fResults_i2f_1/_1143_/Y (sky130_fd_sc_hd__mux2i_1)
   0.1121   11.7048 v IntToFPUnit/ifpu/i2fResults_i2f_1/_1144_/Y (sky130_fd_sc_hd__mux2i_1)
   0.1904   11.8952 ^ IntToFPUnit/ifpu/i2fResults_i2f_1/_1145_/Y (sky130_fd_sc_hd__mux2i_1)
   0.1083   12.0035 v IntToFPUnit/ifpu/i2fResults_i2f_1/_1146_/Y (sky130_fd_sc_hd__mux2i_1)
   0.2885   12.2920 v IntToFPUnit/ifpu/i2fResults_i2f_1/_1147_/X (sky130_fd_sc_hd__mux2_2)
   0.2062   12.4982 ^ IntToFPUnit/ifpu/i2fResults_i2f_1/_1148_/Y (sky130_fd_sc_hd__nor2_1)
   0.2054   12.7036 ^ IntToFPUnit/ifpu/i2fResults_i2f_1/roundAnyRawFNToRecFN/_226_/X (sky130_fd_sc_hd__and3_1)
   0.0986   12.8022 v IntToFPUnit/ifpu/i2fResults_i2f_1/roundAnyRawFNToRecFN/_227_/Y (sky130_fd_sc_hd__nand3_1)
   0.5271   13.3293 v IntToFPUnit/ifpu/i2fResults_i2f_1/roundAnyRawFNToRecFN/_258_/X (sky130_fd_sc_hd__or4_1)
   0.2183   13.5475 ^ IntToFPUnit/ifpu/i2fResults_i2f_1/roundAnyRawFNToRecFN/_259_/Y (sky130_fd_sc_hd__nor2_1)
   0.2834   13.8309 ^ IntToFPUnit/ifpu/i2fResults_i2f_1/roundAnyRawFNToRecFN/_270_/X (sky130_fd_sc_hd__and4_1)
   0.2730   14.1040 ^ IntToFPUnit/ifpu/i2fResults_i2f_1/roundAnyRawFNToRecFN/_280_/X (sky130_fd_sc_hd__lpflow_isobufsrc_1)
   0.2626   14.3665 ^ IntToFPUnit/ifpu/i2fResults_i2f_1/roundAnyRawFNToRecFN/_285_/X (sky130_fd_sc_hd__and3_1)
   0.0575   14.4240 v IntToFPUnit/ifpu/i2fResults_i2f_1/roundAnyRawFNToRecFN/_286_/Y (sky130_fd_sc_hd__nor3_1)
   0.1704   14.5944 v IntToFPUnit/ifpu/_2536_/X (sky130_fd_sc_hd__and3_1)
   0.2491   14.8435 v IntToFPUnit/ifpu/_2537_/X (sky130_fd_sc_hd__a221o_1)
   0.0035   14.8469 v IntToFPUnit/ifpu/_2939_/D (sky130_fd_sc_hd__dfxtp_1)
            14.8469   data arrival time

  20.0000   20.0000   clock clock (rise edge)
   0.0000   20.0000   clock network delay (ideal)
   0.0000   20.0000   clock reconvergence pessimism
            20.0000 ^ IntToFPUnit/ifpu/_2939_/CLK (sky130_fd_sc_hd__dfxtp_1)
  -0.1226   19.8774   library setup time
            19.8774   data required time
-------------------------------------------------------------
            19.8774   data required time
           -14.8469   data arrival time
-------------------------------------------------------------
             5.0305   slack (MET)


Startpoint: IntToFPUnit/ifpu/_2836_
            (rising edge-triggered flip-flop clocked by clock)
Endpoint: IntToFPUnit/ifpu/_2941_
          (rising edge-triggered flip-flop clocked by clock)
Path Group: clock
Path Type: max

    Delay      Time   Description
-------------------------------------------------------------
   0.0000    0.0000   clock clock (rise edge)
   0.0000    0.0000   clock network delay (ideal)
   0.0000    0.0000 ^ IntToFPUnit/ifpu/_2836_/CLK (sky130_fd_sc_hd__dfxtp_1)
   0.4367    0.4367 v IntToFPUnit/ifpu/_2836_/Q (sky130_fd_sc_hd__dfxtp_1)
   0.5741    1.0109 v IntToFPUnit/ifpu/i2fResults_i2f_1/_0670_/X (sky130_fd_sc_hd__or4_1)
   0.2304    1.2413 ^ IntToFPUnit/ifpu/i2fResults_i2f_1/_0671_/Y (sky130_fd_sc_hd__nor4_1)
   0.1306    1.3719 v IntToFPUnit/ifpu/i2fResults_i2f_1/_0672_/Y (sky130_fd_sc_hd__nand2b_1)
   0.4586    1.8305 v IntToFPUnit/ifpu/i2fResults_i2f_1/_0673_/X (sky130_fd_sc_hd__or4_1)
   0.4665    2.2970 v IntToFPUnit/ifpu/i2fResults_i2f_1/_0674_/X (sky130_fd_sc_hd__or4_1)
   0.4667    2.7637 v IntToFPUnit/ifpu/i2fResults_i2f_1/_0675_/X (sky130_fd_sc_hd__or4_1)
   0.4667    3.2303 v IntToFPUnit/ifpu/i2fResults_i2f_1/_0676_/X (sky130_fd_sc_hd__or4_1)
   0.4665    3.6968 v IntToFPUnit/ifpu/i2fResults_i2f_1/_0677_/X (sky130_fd_sc_hd__or4_1)
   0.4664    4.1632 v IntToFPUnit/ifpu/i2fResults_i2f_1/_0678_/X (sky130_fd_sc_hd__or4_1)
   0.4665    4.6297 v IntToFPUnit/ifpu/i2fResults_i2f_1/_0679_/X (sky130_fd_sc_hd__or4_1)
   0.4665    5.0962 v IntToFPUnit/ifpu/i2fResults_i2f_1/_0680_/X (sky130_fd_sc_hd__or4_1)
   0.4665    5.5626 v IntToFPUnit/ifpu/i2fResults_i2f_1/_0681_/X (sky130_fd_sc_hd__or4_1)
   0.4667    6.0293 v IntToFPUnit/ifpu/i2fResults_i2f_1/_0682_/X (sky130_fd_sc_hd__or4_1)
   0.4667    6.4960 v IntToFPUnit/ifpu/i2fResults_i2f_1/_0683_/X (sky130_fd_sc_hd__or4_1)
   0.4667    6.9626 v IntToFPUnit/ifpu/i2fResults_i2f_1/_0684_/X (sky130_fd_sc_hd__or4_1)
   0.4667    7.4293 v IntToFPUnit/ifpu/i2fResults_i2f_1/_0685_/X (sky130_fd_sc_hd__or4_1)
   0.4667    7.8960 v IntToFPUnit/ifpu/i2fResults_i2f_1/_0686_/X (sky130_fd_sc_hd__or4_1)
   0.4667    8.3627 v IntToFPUnit/ifpu/i2fResults_i2f_1/_0687_/X (sky130_fd_sc_hd__or4_1)
   0.4597    8.8223 v IntToFPUnit/ifpu/i2fResults_i2f_1/_0688_/X (sky130_fd_sc_hd__or4_1)
   0.4581    9.2804 v IntToFPUnit/ifpu/i2fResults_i2f_1/_0689_/X (sky130_fd_sc_hd__or4_1)
   0.4502    9.7307 v IntToFPUnit/ifpu/i2fResults_i2f_1/_0690_/X (sky130_fd_sc_hd__or4_1)
   0.2176    9.9483 ^ IntToFPUnit/ifpu/i2fResults_i2f_1/_0691_/Y (sky130_fd_sc_hd__o21ai_0)
   0.1149   10.0632 v IntToFPUnit/ifpu/i2fResults_i2f_1/_0692_/Y (sky130_fd_sc_hd__nand2_1)
   0.0813   10.1445 ^ IntToFPUnit/ifpu/i2fResults_i2f_1/_0959_/Y (sky130_fd_sc_hd__nand2_1)
   0.0645   10.2091 v IntToFPUnit/ifpu/i2fResults_i2f_1/_0960_/Y (sky130_fd_sc_hd__a21oi_1)
   0.1624   10.3715 ^ IntToFPUnit/ifpu/i2fResults_i2f_1/_0961_/Y (sky130_fd_sc_hd__nor2_1)
   0.4258   10.7973 ^ IntToFPUnit/ifpu/i2fResults_i2f_1/_0975_/X (sky130_fd_sc_hd__lpflow_clkbufkapwr_1)
   0.5128   11.3101 ^ IntToFPUnit/ifpu/i2fResults_i2f_1/_1063_/X (sky130_fd_sc_hd__lpflow_clkbufkapwr_1)
   0.2826   11.5927 ^ IntToFPUnit/ifpu/i2fResults_i2f_1/_1143_/Y (sky130_fd_sc_hd__mux2i_1)
   0.1121   11.7048 v IntToFPUnit/ifpu/i2fResults_i2f_1/_1144_/Y (sky130_fd_sc_hd__mux2i_1)
   0.1904   11.8952 ^ IntToFPUnit/ifpu/i2fResults_i2f_1/_1145_/Y (sky130_fd_sc_hd__mux2i_1)
   0.1083   12.0035 v IntToFPUnit/ifpu/i2fResults_i2f_1/_1146_/Y (sky130_fd_sc_hd__mux2i_1)
   0.2885   12.2920 v IntToFPUnit/ifpu/i2fResults_i2f_1/_1147_/X (sky130_fd_sc_hd__mux2_2)
   0.2062   12.4982 ^ IntToFPUnit/ifpu/i2fResults_i2f_1/_1148_/Y (sky130_fd_sc_hd__nor2_1)
   0.2054   12.7036 ^ IntToFPUnit/ifpu/i2fResults_i2f_1/roundAnyRawFNToRecFN/_226_/X (sky130_fd_sc_hd__and3_1)
   0.0986   12.8022 v IntToFPUnit/ifpu/i2fResults_i2f_1/roundAnyRawFNToRecFN/_227_/Y (sky130_fd_sc_hd__nand3_1)
   0.5271   13.3293 v IntToFPUnit/ifpu/i2fResults_i2f_1/roundAnyRawFNToRecFN/_258_/X (sky130_fd_sc_hd__or4_1)
   0.2183   13.5475 ^ IntToFPUnit/ifpu/i2fResults_i2f_1/roundAnyRawFNToRecFN/_259_/Y (sky130_fd_sc_hd__nor2_1)
   0.2834   13.8309 ^ IntToFPUnit/ifpu/i2fResults_i2f_1/roundAnyRawFNToRecFN/_270_/X (sky130_fd_sc_hd__and4_1)
   0.2730   14.1040 ^ IntToFPUnit/ifpu/i2fResults_i2f_1/roundAnyRawFNToRecFN/_280_/X (sky130_fd_sc_hd__lpflow_isobufsrc_1)
   0.2626   14.3665 ^ IntToFPUnit/ifpu/i2fResults_i2f_1/roundAnyRawFNToRecFN/_285_/X (sky130_fd_sc_hd__and3_1)
   0.1690   14.5355 ^ IntToFPUnit/ifpu/i2fResults_i2f_1/roundAnyRawFNToRecFN/_290_/X (sky130_fd_sc_hd__and3_1)
   0.0457   14.5812 v IntToFPUnit/ifpu/i2fResults_i2f_1/roundAnyRawFNToRecFN/_291_/Y (sky130_fd_sc_hd__nor3_1)
   0.1527   14.7338 ^ IntToFPUnit/ifpu/_2564_/Y (sky130_fd_sc_hd__a22oi_1)
   0.0956   14.8295 v IntToFPUnit/ifpu/_2565_/Y (sky130_fd_sc_hd__o21ai_0)
   0.0035   14.8330 v IntToFPUnit/ifpu/_2941_/D (sky130_fd_sc_hd__dfxtp_1)
            14.8330   data arrival time

  20.0000   20.0000   clock clock (rise edge)
   0.0000   20.0000   clock network delay (ideal)
   0.0000   20.0000   clock reconvergence pessimism
            20.0000 ^ IntToFPUnit/ifpu/_2941_/CLK (sky130_fd_sc_hd__dfxtp_1)
  -0.1312   19.8688   library setup time
            19.8688   data required time
-------------------------------------------------------------
            19.8688   data required time
           -14.8330   data arrival time
-------------------------------------------------------------
             5.0358   slack (MET)


Startpoint: IntToFPUnit/ifpu/_2836_
            (rising edge-triggered flip-flop clocked by clock)
Endpoint: IntToFPUnit/ifpu/_2955_
          (rising edge-triggered flip-flop clocked by clock)
Path Group: clock
Path Type: max

    Delay      Time   Description
-------------------------------------------------------------
   0.0000    0.0000   clock clock (rise edge)
   0.0000    0.0000   clock network delay (ideal)
   0.0000    0.0000 ^ IntToFPUnit/ifpu/_2836_/CLK (sky130_fd_sc_hd__dfxtp_1)
   0.4367    0.4367 v IntToFPUnit/ifpu/_2836_/Q (sky130_fd_sc_hd__dfxtp_1)
   0.5741    1.0109 v IntToFPUnit/ifpu/i2fResults_i2f_1/_0670_/X (sky130_fd_sc_hd__or4_1)
   0.2304    1.2413 ^ IntToFPUnit/ifpu/i2fResults_i2f_1/_0671_/Y (sky130_fd_sc_hd__nor4_1)
   0.1306    1.3719 v IntToFPUnit/ifpu/i2fResults_i2f_1/_0672_/Y (sky130_fd_sc_hd__nand2b_1)
   0.4586    1.8305 v IntToFPUnit/ifpu/i2fResults_i2f_1/_0673_/X (sky130_fd_sc_hd__or4_1)
   0.4665    2.2970 v IntToFPUnit/ifpu/i2fResults_i2f_1/_0674_/X (sky130_fd_sc_hd__or4_1)
   0.4667    2.7637 v IntToFPUnit/ifpu/i2fResults_i2f_1/_0675_/X (sky130_fd_sc_hd__or4_1)
   0.4667    3.2303 v IntToFPUnit/ifpu/i2fResults_i2f_1/_0676_/X (sky130_fd_sc_hd__or4_1)
   0.4665    3.6968 v IntToFPUnit/ifpu/i2fResults_i2f_1/_0677_/X (sky130_fd_sc_hd__or4_1)
   0.4664    4.1632 v IntToFPUnit/ifpu/i2fResults_i2f_1/_0678_/X (sky130_fd_sc_hd__or4_1)
   0.4665    4.6297 v IntToFPUnit/ifpu/i2fResults_i2f_1/_0679_/X (sky130_fd_sc_hd__or4_1)
   0.4665    5.0962 v IntToFPUnit/ifpu/i2fResults_i2f_1/_0680_/X (sky130_fd_sc_hd__or4_1)
   0.4665    5.5626 v IntToFPUnit/ifpu/i2fResults_i2f_1/_0681_/X (sky130_fd_sc_hd__or4_1)
   0.4667    6.0293 v IntToFPUnit/ifpu/i2fResults_i2f_1/_0682_/X (sky130_fd_sc_hd__or4_1)
   0.4667    6.4960 v IntToFPUnit/ifpu/i2fResults_i2f_1/_0683_/X (sky130_fd_sc_hd__or4_1)
   0.4667    6.9626 v IntToFPUnit/ifpu/i2fResults_i2f_1/_0684_/X (sky130_fd_sc_hd__or4_1)
   0.4667    7.4293 v IntToFPUnit/ifpu/i2fResults_i2f_1/_0685_/X (sky130_fd_sc_hd__or4_1)
   0.4667    7.8960 v IntToFPUnit/ifpu/i2fResults_i2f_1/_0686_/X (sky130_fd_sc_hd__or4_1)
   0.4667    8.3627 v IntToFPUnit/ifpu/i2fResults_i2f_1/_0687_/X (sky130_fd_sc_hd__or4_1)
   0.4597    8.8223 v IntToFPUnit/ifpu/i2fResults_i2f_1/_0688_/X (sky130_fd_sc_hd__or4_1)
   0.4581    9.2804 v IntToFPUnit/ifpu/i2fResults_i2f_1/_0689_/X (sky130_fd_sc_hd__or4_1)
   0.4502    9.7307 v IntToFPUnit/ifpu/i2fResults_i2f_1/_0690_/X (sky130_fd_sc_hd__or4_1)
   0.2176    9.9483 ^ IntToFPUnit/ifpu/i2fResults_i2f_1/_0691_/Y (sky130_fd_sc_hd__o21ai_0)
   0.1149   10.0632 v IntToFPUnit/ifpu/i2fResults_i2f_1/_0692_/Y (sky130_fd_sc_hd__nand2_1)
   0.0813   10.1445 ^ IntToFPUnit/ifpu/i2fResults_i2f_1/_0959_/Y (sky130_fd_sc_hd__nand2_1)
   0.0645   10.2091 v IntToFPUnit/ifpu/i2fResults_i2f_1/_0960_/Y (sky130_fd_sc_hd__a21oi_1)
   0.1624   10.3715 ^ IntToFPUnit/ifpu/i2fResults_i2f_1/_0961_/Y (sky130_fd_sc_hd__nor2_1)
   0.4258   10.7973 ^ IntToFPUnit/ifpu/i2fResults_i2f_1/_0975_/X (sky130_fd_sc_hd__lpflow_clkbufkapwr_1)
   0.5128   11.3101 ^ IntToFPUnit/ifpu/i2fResults_i2f_1/_1063_/X (sky130_fd_sc_hd__lpflow_clkbufkapwr_1)
   0.2826   11.5927 ^ IntToFPUnit/ifpu/i2fResults_i2f_1/_1143_/Y (sky130_fd_sc_hd__mux2i_1)
   0.1121   11.7048 v IntToFPUnit/ifpu/i2fResults_i2f_1/_1144_/Y (sky130_fd_sc_hd__mux2i_1)
   0.1904   11.8952 ^ IntToFPUnit/ifpu/i2fResults_i2f_1/_1145_/Y (sky130_fd_sc_hd__mux2i_1)
   0.1083   12.0035 v IntToFPUnit/ifpu/i2fResults_i2f_1/_1146_/Y (sky130_fd_sc_hd__mux2i_1)
   0.2885   12.2920 v IntToFPUnit/ifpu/i2fResults_i2f_1/_1147_/X (sky130_fd_sc_hd__mux2_2)
   0.2062   12.4982 ^ IntToFPUnit/ifpu/i2fResults_i2f_1/_1148_/Y (sky130_fd_sc_hd__nor2_1)
   0.2054   12.7036 ^ IntToFPUnit/ifpu/i2fResults_i2f_1/roundAnyRawFNToRecFN/_226_/X (sky130_fd_sc_hd__and3_1)
   0.0986   12.8022 v IntToFPUnit/ifpu/i2fResults_i2f_1/roundAnyRawFNToRecFN/_227_/Y (sky130_fd_sc_hd__nand3_1)
   0.4001   13.2023 v IntToFPUnit/ifpu/i2fResults_i2f_1/roundAnyRawFNToRecFN/_265_/X (sky130_fd_sc_hd__or3_1)
   0.6406   13.8429 ^ IntToFPUnit/ifpu/i2fResults_i2f_1/roundAnyRawFNToRecFN/_330_/Y (sky130_fd_sc_hd__nor4_1)
   0.2090   14.0519 v IntToFPUnit/ifpu/i2fResults_i2f_1/roundAnyRawFNToRecFN/_338_/Y (sky130_fd_sc_hd__nand4_1)
   0.2916   14.3435 ^ IntToFPUnit/ifpu/i2fResults_i2f_1/roundAnyRawFNToRecFN/_341_/X (sky130_fd_sc_hd__lpflow_isobufsrc_1)
   0.0711   14.4146 v IntToFPUnit/ifpu/i2fResults_i2f_1/roundAnyRawFNToRecFN/_342_/Y (sky130_fd_sc_hd__nor3_1)
   0.1686   14.5832 v IntToFPUnit/ifpu/_2743_/X (sky130_fd_sc_hd__and3_1)
   0.2491   14.8323 v IntToFPUnit/ifpu/_2744_/X (sky130_fd_sc_hd__a221o_1)
   0.0035   14.8358 v IntToFPUnit/ifpu/_2955_/D (sky130_fd_sc_hd__dfxtp_1)
            14.8358   data arrival time

  20.0000   20.0000   clock clock (rise edge)
   0.0000   20.0000   clock network delay (ideal)
   0.0000   20.0000   clock reconvergence pessimism
            20.0000 ^ IntToFPUnit/ifpu/_2955_/CLK (sky130_fd_sc_hd__dfxtp_1)
  -0.1226   19.8774   library setup time
            19.8774   data required time
-------------------------------------------------------------
            19.8774   data required time
           -14.8358   data arrival time
-------------------------------------------------------------
             5.0416   slack (MET)


Startpoint: IntToFPUnit/ifpu/_2836_
            (rising edge-triggered flip-flop clocked by clock)
Endpoint: IntToFPUnit/ifpu/_2924_
          (rising edge-triggered flip-flop clocked by clock)
Path Group: clock
Path Type: max

    Delay      Time   Description
-------------------------------------------------------------
   0.0000    0.0000   clock clock (rise edge)
   0.0000    0.0000   clock network delay (ideal)
   0.0000    0.0000 ^ IntToFPUnit/ifpu/_2836_/CLK (sky130_fd_sc_hd__dfxtp_1)
   0.4367    0.4367 v IntToFPUnit/ifpu/_2836_/Q (sky130_fd_sc_hd__dfxtp_1)
   0.5741    1.0109 v IntToFPUnit/ifpu/i2fResults_i2f/_0670_/X (sky130_fd_sc_hd__or4_1)
   0.2304    1.2413 ^ IntToFPUnit/ifpu/i2fResults_i2f/_0671_/Y (sky130_fd_sc_hd__nor4_1)
   0.1306    1.3719 v IntToFPUnit/ifpu/i2fResults_i2f/_0672_/Y (sky130_fd_sc_hd__nand2b_1)
   0.4586    1.8305 v IntToFPUnit/ifpu/i2fResults_i2f/_0673_/X (sky130_fd_sc_hd__or4_1)
   0.4665    2.2970 v IntToFPUnit/ifpu/i2fResults_i2f/_0674_/X (sky130_fd_sc_hd__or4_1)
   0.4667    2.7637 v IntToFPUnit/ifpu/i2fResults_i2f/_0675_/X (sky130_fd_sc_hd__or4_1)
   0.4667    3.2303 v IntToFPUnit/ifpu/i2fResults_i2f/_0676_/X (sky130_fd_sc_hd__or4_1)
   0.4665    3.6968 v IntToFPUnit/ifpu/i2fResults_i2f/_0677_/X (sky130_fd_sc_hd__or4_1)
   0.4664    4.1632 v IntToFPUnit/ifpu/i2fResults_i2f/_0678_/X (sky130_fd_sc_hd__or4_1)
   0.4665    4.6297 v IntToFPUnit/ifpu/i2fResults_i2f/_0679_/X (sky130_fd_sc_hd__or4_1)
   0.4665    5.0962 v IntToFPUnit/ifpu/i2fResults_i2f/_0680_/X (sky130_fd_sc_hd__or4_1)
   0.4665    5.5626 v IntToFPUnit/ifpu/i2fResults_i2f/_0681_/X (sky130_fd_sc_hd__or4_1)
   0.4667    6.0293 v IntToFPUnit/ifpu/i2fResults_i2f/_0682_/X (sky130_fd_sc_hd__or4_1)
   0.4667    6.4960 v IntToFPUnit/ifpu/i2fResults_i2f/_0683_/X (sky130_fd_sc_hd__or4_1)
   0.4667    6.9626 v IntToFPUnit/ifpu/i2fResults_i2f/_0684_/X (sky130_fd_sc_hd__or4_1)
   0.4667    7.4293 v IntToFPUnit/ifpu/i2fResults_i2f/_0685_/X (sky130_fd_sc_hd__or4_1)
   0.4667    7.8960 v IntToFPUnit/ifpu/i2fResults_i2f/_0686_/X (sky130_fd_sc_hd__or4_1)
   0.4667    8.3627 v IntToFPUnit/ifpu/i2fResults_i2f/_0687_/X (sky130_fd_sc_hd__or4_1)
   0.4597    8.8223 v IntToFPUnit/ifpu/i2fResults_i2f/_0688_/X (sky130_fd_sc_hd__or4_1)
   0.4581    9.2804 v IntToFPUnit/ifpu/i2fResults_i2f/_0689_/X (sky130_fd_sc_hd__or4_1)
   0.4502    9.7307 v IntToFPUnit/ifpu/i2fResults_i2f/_0690_/X (sky130_fd_sc_hd__or4_1)
   0.2176    9.9483 ^ IntToFPUnit/ifpu/i2fResults_i2f/_0691_/Y (sky130_fd_sc_hd__o21ai_0)
   0.1149   10.0632 v IntToFPUnit/ifpu/i2fResults_i2f/_0692_/Y (sky130_fd_sc_hd__nand2_1)
   0.0813   10.1445 ^ IntToFPUnit/ifpu/i2fResults_i2f/_0959_/Y (sky130_fd_sc_hd__nand2_1)
   0.0645   10.2091 v IntToFPUnit/ifpu/i2fResults_i2f/_0960_/Y (sky130_fd_sc_hd__a21oi_1)
   0.1624   10.3715 ^ IntToFPUnit/ifpu/i2fResults_i2f/_0961_/Y (sky130_fd_sc_hd__nor2_1)
   0.4258   10.7973 ^ IntToFPUnit/ifpu/i2fResults_i2f/_0975_/X (sky130_fd_sc_hd__lpflow_clkbufkapwr_1)
   0.5128   11.3101 ^ IntToFPUnit/ifpu/i2fResults_i2f/_1063_/X (sky130_fd_sc_hd__lpflow_clkbufkapwr_1)
   0.1750   11.4851 v IntToFPUnit/ifpu/i2fResults_i2f/_1137_/Y (sky130_fd_sc_hd__mux2i_1)
   0.2224   11.7075 ^ IntToFPUnit/ifpu/i2fResults_i2f/_1138_/Y (sky130_fd_sc_hd__mux2i_1)
   0.1219   11.8294 v IntToFPUnit/ifpu/i2fResults_i2f/_1139_/Y (sky130_fd_sc_hd__mux2i_1)
   0.1685   11.9979 ^ IntToFPUnit/ifpu/i2fResults_i2f/_1194_/Y (sky130_fd_sc_hd__mux2i_1)
   0.1041   12.1020 v IntToFPUnit/ifpu/i2fResults_i2f/_1195_/Y (sky130_fd_sc_hd__o21ai_0)
   0.1863   12.2883 v IntToFPUnit/ifpu/i2fResults_i2f/_1197_/X (sky130_fd_sc_hd__a21o_1)
   0.2463   12.5346 ^ IntToFPUnit/ifpu/i2fResults_i2f/roundAnyRawFNToRecFN/_098_/Y (sky130_fd_sc_hd__nor4_1)
   0.1440   12.6787 v IntToFPUnit/ifpu/i2fResults_i2f/roundAnyRawFNToRecFN/_099_/Y (sky130_fd_sc_hd__nand4_1)
   0.4030   13.0816 ^ IntToFPUnit/ifpu/i2fResults_i2f/roundAnyRawFNToRecFN/_109_/Y (sky130_fd_sc_hd__nor4_1)
   0.2422   13.3239 v IntToFPUnit/ifpu/i2fResults_i2f/roundAnyRawFNToRecFN/_113_/Y (sky130_fd_sc_hd__o21ai_0)
   0.2149   13.5388 v IntToFPUnit/ifpu/i2fResults_i2f/roundAnyRawFNToRecFN/_134_/X (sky130_fd_sc_hd__and3_1)
   0.1379   13.6767 v IntToFPUnit/ifpu/i2fResults_i2f/roundAnyRawFNToRecFN/_135_/X (sky130_fd_sc_hd__clkbuf_1)
   0.2051   13.8819 v IntToFPUnit/ifpu/i2fResults_i2f/roundAnyRawFNToRecFN/_157_/X (sky130_fd_sc_hd__and3_1)
   0.1752   14.0571 v IntToFPUnit/ifpu/i2fResults_i2f/roundAnyRawFNToRecFN/_160_/X (sky130_fd_sc_hd__lpflow_inputiso0n_1)
   0.1452   14.2023 v IntToFPUnit/ifpu/i2fResults_i2f/roundAnyRawFNToRecFN/_175_/X (sky130_fd_sc_hd__lpflow_isobufsrc_1)
   0.1872   14.3895 v IntToFPUnit/ifpu/i2fResults_i2f/roundAnyRawFNToRecFN/_182_/X (sky130_fd_sc_hd__and3_1)
   0.1307   14.5201 ^ IntToFPUnit/ifpu/i2fResults_i2f/roundAnyRawFNToRecFN/_183_/Y (sky130_fd_sc_hd__nor3_1)
   0.1243   14.6445 ^ IntToFPUnit/ifpu/_2249_/X (sky130_fd_sc_hd__o21a_1)
   0.0698   14.7142 v IntToFPUnit/ifpu/_2250_/Y (sky130_fd_sc_hd__o21ai_0)
   0.1597   14.8739 ^ IntToFPUnit/ifpu/_2252_/Y (sky130_fd_sc_hd__a31oi_1)
   0.0035   14.8774 ^ IntToFPUnit/ifpu/_2924_/D (sky130_fd_sc_hd__dfxtp_1)
            14.8774   data arrival time

  20.0000   20.0000   clock clock (rise edge)
   0.0000   20.0000   clock network delay (ideal)
   0.0000   20.0000   clock reconvergence pessimism
            20.0000 ^ IntToFPUnit/ifpu/_2924_/CLK (sky130_fd_sc_hd__dfxtp_1)
  -0.0756   19.9244   library setup time
            19.9244   data required time
-------------------------------------------------------------
            19.9244   data required time
           -14.8774   data arrival time
-------------------------------------------------------------
             5.0471   slack (MET)


Startpoint: IntToFPUnit/ifpu/_2836_
            (rising edge-triggered flip-flop clocked by clock)
Endpoint: IntToFPUnit/ifpu/_2956_
          (rising edge-triggered flip-flop clocked by clock)
Path Group: clock
Path Type: max

    Delay      Time   Description
-------------------------------------------------------------
   0.0000    0.0000   clock clock (rise edge)
   0.0000    0.0000   clock network delay (ideal)
   0.0000    0.0000 ^ IntToFPUnit/ifpu/_2836_/CLK (sky130_fd_sc_hd__dfxtp_1)
   0.4367    0.4367 v IntToFPUnit/ifpu/_2836_/Q (sky130_fd_sc_hd__dfxtp_1)
   0.5741    1.0109 v IntToFPUnit/ifpu/i2fResults_i2f_1/_0670_/X (sky130_fd_sc_hd__or4_1)
   0.2304    1.2413 ^ IntToFPUnit/ifpu/i2fResults_i2f_1/_0671_/Y (sky130_fd_sc_hd__nor4_1)
   0.1306    1.3719 v IntToFPUnit/ifpu/i2fResults_i2f_1/_0672_/Y (sky130_fd_sc_hd__nand2b_1)
   0.4586    1.8305 v IntToFPUnit/ifpu/i2fResults_i2f_1/_0673_/X (sky130_fd_sc_hd__or4_1)
   0.4665    2.2970 v IntToFPUnit/ifpu/i2fResults_i2f_1/_0674_/X (sky130_fd_sc_hd__or4_1)
   0.4667    2.7637 v IntToFPUnit/ifpu/i2fResults_i2f_1/_0675_/X (sky130_fd_sc_hd__or4_1)
   0.4667    3.2303 v IntToFPUnit/ifpu/i2fResults_i2f_1/_0676_/X (sky130_fd_sc_hd__or4_1)
   0.4665    3.6968 v IntToFPUnit/ifpu/i2fResults_i2f_1/_0677_/X (sky130_fd_sc_hd__or4_1)
   0.4664    4.1632 v IntToFPUnit/ifpu/i2fResults_i2f_1/_0678_/X (sky130_fd_sc_hd__or4_1)
   0.4665    4.6297 v IntToFPUnit/ifpu/i2fResults_i2f_1/_0679_/X (sky130_fd_sc_hd__or4_1)
   0.4665    5.0962 v IntToFPUnit/ifpu/i2fResults_i2f_1/_0680_/X (sky130_fd_sc_hd__or4_1)
   0.4665    5.5626 v IntToFPUnit/ifpu/i2fResults_i2f_1/_0681_/X (sky130_fd_sc_hd__or4_1)
   0.4667    6.0293 v IntToFPUnit/ifpu/i2fResults_i2f_1/_0682_/X (sky130_fd_sc_hd__or4_1)
   0.4667    6.4960 v IntToFPUnit/ifpu/i2fResults_i2f_1/_0683_/X (sky130_fd_sc_hd__or4_1)
   0.4667    6.9626 v IntToFPUnit/ifpu/i2fResults_i2f_1/_0684_/X (sky130_fd_sc_hd__or4_1)
   0.4667    7.4293 v IntToFPUnit/ifpu/i2fResults_i2f_1/_0685_/X (sky130_fd_sc_hd__or4_1)
   0.4667    7.8960 v IntToFPUnit/ifpu/i2fResults_i2f_1/_0686_/X (sky130_fd_sc_hd__or4_1)
   0.4667    8.3627 v IntToFPUnit/ifpu/i2fResults_i2f_1/_0687_/X (sky130_fd_sc_hd__or4_1)
   0.4597    8.8223 v IntToFPUnit/ifpu/i2fResults_i2f_1/_0688_/X (sky130_fd_sc_hd__or4_1)
   0.4581    9.2804 v IntToFPUnit/ifpu/i2fResults_i2f_1/_0689_/X (sky130_fd_sc_hd__or4_1)
   0.4502    9.7307 v IntToFPUnit/ifpu/i2fResults_i2f_1/_0690_/X (sky130_fd_sc_hd__or4_1)
   0.2176    9.9483 ^ IntToFPUnit/ifpu/i2fResults_i2f_1/_0691_/Y (sky130_fd_sc_hd__o21ai_0)
   0.1149   10.0632 v IntToFPUnit/ifpu/i2fResults_i2f_1/_0692_/Y (sky130_fd_sc_hd__nand2_1)
   0.0813   10.1445 ^ IntToFPUnit/ifpu/i2fResults_i2f_1/_0959_/Y (sky130_fd_sc_hd__nand2_1)
   0.0645   10.2091 v IntToFPUnit/ifpu/i2fResults_i2f_1/_0960_/Y (sky130_fd_sc_hd__a21oi_1)
   0.1624   10.3715 ^ IntToFPUnit/ifpu/i2fResults_i2f_1/_0961_/Y (sky130_fd_sc_hd__nor2_1)
   0.4258   10.7973 ^ IntToFPUnit/ifpu/i2fResults_i2f_1/_0975_/X (sky130_fd_sc_hd__lpflow_clkbufkapwr_1)
   0.5128   11.3101 ^ IntToFPUnit/ifpu/i2fResults_i2f_1/_1063_/X (sky130_fd_sc_hd__lpflow_clkbufkapwr_1)
   0.2826   11.5927 ^ IntToFPUnit/ifpu/i2fResults_i2f_1/_1143_/Y (sky130_fd_sc_hd__mux2i_1)
   0.1121   11.7048 v IntToFPUnit/ifpu/i2fResults_i2f_1/_1144_/Y (sky130_fd_sc_hd__mux2i_1)
   0.1904   11.8952 ^ IntToFPUnit/ifpu/i2fResults_i2f_1/_1145_/Y (sky130_fd_sc_hd__mux2i_1)
   0.1083   12.0035 v IntToFPUnit/ifpu/i2fResults_i2f_1/_1146_/Y (sky130_fd_sc_hd__mux2i_1)
   0.2885   12.2920 v IntToFPUnit/ifpu/i2fResults_i2f_1/_1147_/X (sky130_fd_sc_hd__mux2_2)
   0.2062   12.4982 ^ IntToFPUnit/ifpu/i2fResults_i2f_1/_1148_/Y (sky130_fd_sc_hd__nor2_1)
   0.2054   12.7036 ^ IntToFPUnit/ifpu/i2fResults_i2f_1/roundAnyRawFNToRecFN/_226_/X (sky130_fd_sc_hd__and3_1)
   0.0986   12.8022 v IntToFPUnit/ifpu/i2fResults_i2f_1/roundAnyRawFNToRecFN/_227_/Y (sky130_fd_sc_hd__nand3_1)
   0.4001   13.2023 v IntToFPUnit/ifpu/i2fResults_i2f_1/roundAnyRawFNToRecFN/_265_/X (sky130_fd_sc_hd__or3_1)
   0.6406   13.8429 ^ IntToFPUnit/ifpu/i2fResults_i2f_1/roundAnyRawFNToRecFN/_330_/Y (sky130_fd_sc_hd__nor4_1)
   0.2090   14.0519 v IntToFPUnit/ifpu/i2fResults_i2f_1/roundAnyRawFNToRecFN/_338_/Y (sky130_fd_sc_hd__nand4_1)
   0.2916   14.3435 ^ IntToFPUnit/ifpu/i2fResults_i2f_1/roundAnyRawFNToRecFN/_341_/X (sky130_fd_sc_hd__lpflow_isobufsrc_1)
   0.1119   14.4554 v IntToFPUnit/ifpu/i2fResults_i2f_1/roundAnyRawFNToRecFN/_344_/Y (sky130_fd_sc_hd__a21oi_1)
   0.1514   14.6068 ^ IntToFPUnit/ifpu/_2754_/Y (sky130_fd_sc_hd__a22oi_1)
   0.0956   14.7024 v IntToFPUnit/ifpu/_2755_/Y (sky130_fd_sc_hd__o21ai_0)
   0.0035   14.7059 v IntToFPUnit/ifpu/_2956_/D (sky130_fd_sc_hd__dfxtp_1)
            14.7059   data arrival time

  20.0000   20.0000   clock clock (rise edge)
   0.0000   20.0000   clock network delay (ideal)
   0.0000   20.0000   clock reconvergence pessimism
            20.0000 ^ IntToFPUnit/ifpu/_2956_/CLK (sky130_fd_sc_hd__dfxtp_1)
  -0.1312   19.8688   library setup time
            19.8688   data required time
-------------------------------------------------------------
            19.8688   data required time
           -14.7059   data arrival time
-------------------------------------------------------------
             5.1628   slack (MET)


Startpoint: IntToFPUnit/ifpu/_2836_
            (rising edge-triggered flip-flop clocked by clock)
Endpoint: IntToFPUnit/ifpu/_2940_
          (rising edge-triggered flip-flop clocked by clock)
Path Group: clock
Path Type: max

    Delay      Time   Description
-------------------------------------------------------------
   0.0000    0.0000   clock clock (rise edge)
   0.0000    0.0000   clock network delay (ideal)
   0.0000    0.0000 ^ IntToFPUnit/ifpu/_2836_/CLK (sky130_fd_sc_hd__dfxtp_1)
   0.4367    0.4367 v IntToFPUnit/ifpu/_2836_/Q (sky130_fd_sc_hd__dfxtp_1)
   0.5741    1.0109 v IntToFPUnit/ifpu/i2fResults_i2f_1/_0670_/X (sky130_fd_sc_hd__or4_1)
   0.2304    1.2413 ^ IntToFPUnit/ifpu/i2fResults_i2f_1/_0671_/Y (sky130_fd_sc_hd__nor4_1)
   0.1306    1.3719 v IntToFPUnit/ifpu/i2fResults_i2f_1/_0672_/Y (sky130_fd_sc_hd__nand2b_1)
   0.4586    1.8305 v IntToFPUnit/ifpu/i2fResults_i2f_1/_0673_/X (sky130_fd_sc_hd__or4_1)
   0.4665    2.2970 v IntToFPUnit/ifpu/i2fResults_i2f_1/_0674_/X (sky130_fd_sc_hd__or4_1)
   0.4667    2.7637 v IntToFPUnit/ifpu/i2fResults_i2f_1/_0675_/X (sky130_fd_sc_hd__or4_1)
   0.4667    3.2303 v IntToFPUnit/ifpu/i2fResults_i2f_1/_0676_/X (sky130_fd_sc_hd__or4_1)
   0.4665    3.6968 v IntToFPUnit/ifpu/i2fResults_i2f_1/_0677_/X (sky130_fd_sc_hd__or4_1)
   0.4664    4.1632 v IntToFPUnit/ifpu/i2fResults_i2f_1/_0678_/X (sky130_fd_sc_hd__or4_1)
   0.4665    4.6297 v IntToFPUnit/ifpu/i2fResults_i2f_1/_0679_/X (sky130_fd_sc_hd__or4_1)
   0.4665    5.0962 v IntToFPUnit/ifpu/i2fResults_i2f_1/_0680_/X (sky130_fd_sc_hd__or4_1)
   0.4665    5.5626 v IntToFPUnit/ifpu/i2fResults_i2f_1/_0681_/X (sky130_fd_sc_hd__or4_1)
   0.4667    6.0293 v IntToFPUnit/ifpu/i2fResults_i2f_1/_0682_/X (sky130_fd_sc_hd__or4_1)
   0.4667    6.4960 v IntToFPUnit/ifpu/i2fResults_i2f_1/_0683_/X (sky130_fd_sc_hd__or4_1)
   0.4667    6.9626 v IntToFPUnit/ifpu/i2fResults_i2f_1/_0684_/X (sky130_fd_sc_hd__or4_1)
   0.4667    7.4293 v IntToFPUnit/ifpu/i2fResults_i2f_1/_0685_/X (sky130_fd_sc_hd__or4_1)
   0.4667    7.8960 v IntToFPUnit/ifpu/i2fResults_i2f_1/_0686_/X (sky130_fd_sc_hd__or4_1)
   0.4667    8.3627 v IntToFPUnit/ifpu/i2fResults_i2f_1/_0687_/X (sky130_fd_sc_hd__or4_1)
   0.4597    8.8223 v IntToFPUnit/ifpu/i2fResults_i2f_1/_0688_/X (sky130_fd_sc_hd__or4_1)
   0.4581    9.2804 v IntToFPUnit/ifpu/i2fResults_i2f_1/_0689_/X (sky130_fd_sc_hd__or4_1)
   0.4502    9.7307 v IntToFPUnit/ifpu/i2fResults_i2f_1/_0690_/X (sky130_fd_sc_hd__or4_1)
   0.2176    9.9483 ^ IntToFPUnit/ifpu/i2fResults_i2f_1/_0691_/Y (sky130_fd_sc_hd__o21ai_0)
   0.1149   10.0632 v IntToFPUnit/ifpu/i2fResults_i2f_1/_0692_/Y (sky130_fd_sc_hd__nand2_1)
   0.0813   10.1445 ^ IntToFPUnit/ifpu/i2fResults_i2f_1/_0959_/Y (sky130_fd_sc_hd__nand2_1)
   0.0645   10.2091 v IntToFPUnit/ifpu/i2fResults_i2f_1/_0960_/Y (sky130_fd_sc_hd__a21oi_1)
   0.1624   10.3715 ^ IntToFPUnit/ifpu/i2fResults_i2f_1/_0961_/Y (sky130_fd_sc_hd__nor2_1)
   0.4258   10.7973 ^ IntToFPUnit/ifpu/i2fResults_i2f_1/_0975_/X (sky130_fd_sc_hd__lpflow_clkbufkapwr_1)
   0.5128   11.3101 ^ IntToFPUnit/ifpu/i2fResults_i2f_1/_1063_/X (sky130_fd_sc_hd__lpflow_clkbufkapwr_1)
   0.2826   11.5927 ^ IntToFPUnit/ifpu/i2fResults_i2f_1/_1143_/Y (sky130_fd_sc_hd__mux2i_1)
   0.1121   11.7048 v IntToFPUnit/ifpu/i2fResults_i2f_1/_1144_/Y (sky130_fd_sc_hd__mux2i_1)
   0.1904   11.8952 ^ IntToFPUnit/ifpu/i2fResults_i2f_1/_1145_/Y (sky130_fd_sc_hd__mux2i_1)
   0.1083   12.0035 v IntToFPUnit/ifpu/i2fResults_i2f_1/_1146_/Y (sky130_fd_sc_hd__mux2i_1)
   0.2885   12.2920 v IntToFPUnit/ifpu/i2fResults_i2f_1/_1147_/X (sky130_fd_sc_hd__mux2_2)
   0.2062   12.4982 ^ IntToFPUnit/ifpu/i2fResults_i2f_1/_1148_/Y (sky130_fd_sc_hd__nor2_1)
   0.2054   12.7036 ^ IntToFPUnit/ifpu/i2fResults_i2f_1/roundAnyRawFNToRecFN/_226_/X (sky130_fd_sc_hd__and3_1)
   0.0986   12.8022 v IntToFPUnit/ifpu/i2fResults_i2f_1/roundAnyRawFNToRecFN/_227_/Y (sky130_fd_sc_hd__nand3_1)
   0.5271   13.3293 v IntToFPUnit/ifpu/i2fResults_i2f_1/roundAnyRawFNToRecFN/_258_/X (sky130_fd_sc_hd__or4_1)
   0.2183   13.5475 ^ IntToFPUnit/ifpu/i2fResults_i2f_1/roundAnyRawFNToRecFN/_259_/Y (sky130_fd_sc_hd__nor2_1)
   0.2834   13.8309 ^ IntToFPUnit/ifpu/i2fResults_i2f_1/roundAnyRawFNToRecFN/_270_/X (sky130_fd_sc_hd__and4_1)
   0.2730   14.1040 ^ IntToFPUnit/ifpu/i2fResults_i2f_1/roundAnyRawFNToRecFN/_280_/X (sky130_fd_sc_hd__lpflow_isobufsrc_1)
   0.2626   14.3665 ^ IntToFPUnit/ifpu/i2fResults_i2f_1/roundAnyRawFNToRecFN/_285_/X (sky130_fd_sc_hd__and3_1)
   0.0850   14.4515 v IntToFPUnit/ifpu/i2fResults_i2f_1/roundAnyRawFNToRecFN/_288_/Y (sky130_fd_sc_hd__a21oi_1)
   0.1428   14.5943 ^ IntToFPUnit/ifpu/_2552_/Y (sky130_fd_sc_hd__a22oi_1)
   0.0957   14.6899 v IntToFPUnit/ifpu/_2553_/Y (sky130_fd_sc_hd__o21ai_0)
   0.0035   14.6934 v IntToFPUnit/ifpu/_2940_/D (sky130_fd_sc_hd__dfxtp_1)
            14.6934   data arrival time

  20.0000   20.0000   clock clock (rise edge)
   0.0000   20.0000   clock network delay (ideal)
   0.0000   20.0000   clock reconvergence pessimism
            20.0000 ^ IntToFPUnit/ifpu/_2940_/CLK (sky130_fd_sc_hd__dfxtp_1)
  -0.1312   19.8688   library setup time
            19.8688   data required time
-------------------------------------------------------------
            19.8688   data required time
           -14.6934   data arrival time
-------------------------------------------------------------
             5.1754   slack (MET)


Startpoint: IntToFPUnit/ifpu/_2836_
            (rising edge-triggered flip-flop clocked by clock)
Endpoint: IntToFPUnit/ifpu/_2916_
          (rising edge-triggered flip-flop clocked by clock)
Path Group: clock
Path Type: max

    Delay      Time   Description
-------------------------------------------------------------
   0.0000    0.0000   clock clock (rise edge)
   0.0000    0.0000   clock network delay (ideal)
   0.0000    0.0000 ^ IntToFPUnit/ifpu/_2836_/CLK (sky130_fd_sc_hd__dfxtp_1)
   0.4367    0.4367 v IntToFPUnit/ifpu/_2836_/Q (sky130_fd_sc_hd__dfxtp_1)
   0.5741    1.0109 v IntToFPUnit/ifpu/i2fResults_i2f/_0670_/X (sky130_fd_sc_hd__or4_1)
   0.2304    1.2413 ^ IntToFPUnit/ifpu/i2fResults_i2f/_0671_/Y (sky130_fd_sc_hd__nor4_1)
   0.1306    1.3719 v IntToFPUnit/ifpu/i2fResults_i2f/_0672_/Y (sky130_fd_sc_hd__nand2b_1)
   0.4586    1.8305 v IntToFPUnit/ifpu/i2fResults_i2f/_0673_/X (sky130_fd_sc_hd__or4_1)
   0.4665    2.2970 v IntToFPUnit/ifpu/i2fResults_i2f/_0674_/X (sky130_fd_sc_hd__or4_1)
   0.4667    2.7637 v IntToFPUnit/ifpu/i2fResults_i2f/_0675_/X (sky130_fd_sc_hd__or4_1)
   0.4667    3.2303 v IntToFPUnit/ifpu/i2fResults_i2f/_0676_/X (sky130_fd_sc_hd__or4_1)
   0.4665    3.6968 v IntToFPUnit/ifpu/i2fResults_i2f/_0677_/X (sky130_fd_sc_hd__or4_1)
   0.4664    4.1632 v IntToFPUnit/ifpu/i2fResults_i2f/_0678_/X (sky130_fd_sc_hd__or4_1)
   0.4665    4.6297 v IntToFPUnit/ifpu/i2fResults_i2f/_0679_/X (sky130_fd_sc_hd__or4_1)
   0.4665    5.0962 v IntToFPUnit/ifpu/i2fResults_i2f/_0680_/X (sky130_fd_sc_hd__or4_1)
   0.4665    5.5626 v IntToFPUnit/ifpu/i2fResults_i2f/_0681_/X (sky130_fd_sc_hd__or4_1)
   0.4667    6.0293 v IntToFPUnit/ifpu/i2fResults_i2f/_0682_/X (sky130_fd_sc_hd__or4_1)
   0.4667    6.4960 v IntToFPUnit/ifpu/i2fResults_i2f/_0683_/X (sky130_fd_sc_hd__or4_1)
   0.4667    6.9626 v IntToFPUnit/ifpu/i2fResults_i2f/_0684_/X (sky130_fd_sc_hd__or4_1)
   0.4667    7.4293 v IntToFPUnit/ifpu/i2fResults_i2f/_0685_/X (sky130_fd_sc_hd__or4_1)
   0.4667    7.8960 v IntToFPUnit/ifpu/i2fResults_i2f/_0686_/X (sky130_fd_sc_hd__or4_1)
   0.4667    8.3627 v IntToFPUnit/ifpu/i2fResults_i2f/_0687_/X (sky130_fd_sc_hd__or4_1)
   0.4597    8.8223 v IntToFPUnit/ifpu/i2fResults_i2f/_0688_/X (sky130_fd_sc_hd__or4_1)
   0.4581    9.2804 v IntToFPUnit/ifpu/i2fResults_i2f/_0689_/X (sky130_fd_sc_hd__or4_1)
   0.4502    9.7307 v IntToFPUnit/ifpu/i2fResults_i2f/_0690_/X (sky130_fd_sc_hd__or4_1)
   0.2176    9.9483 ^ IntToFPUnit/ifpu/i2fResults_i2f/_0691_/Y (sky130_fd_sc_hd__o21ai_0)
   0.1149   10.0632 v IntToFPUnit/ifpu/i2fResults_i2f/_0692_/Y (sky130_fd_sc_hd__nand2_1)
   0.0813   10.1445 ^ IntToFPUnit/ifpu/i2fResults_i2f/_0959_/Y (sky130_fd_sc_hd__nand2_1)
   0.0645   10.2091 v IntToFPUnit/ifpu/i2fResults_i2f/_0960_/Y (sky130_fd_sc_hd__a21oi_1)
   0.1624   10.3715 ^ IntToFPUnit/ifpu/i2fResults_i2f/_0961_/Y (sky130_fd_sc_hd__nor2_1)
   0.4258   10.7973 ^ IntToFPUnit/ifpu/i2fResults_i2f/_0975_/X (sky130_fd_sc_hd__lpflow_clkbufkapwr_1)
   0.5128   11.3101 ^ IntToFPUnit/ifpu/i2fResults_i2f/_1063_/X (sky130_fd_sc_hd__lpflow_clkbufkapwr_1)
   0.1750   11.4851 v IntToFPUnit/ifpu/i2fResults_i2f/_1137_/Y (sky130_fd_sc_hd__mux2i_1)
   0.2224   11.7075 ^ IntToFPUnit/ifpu/i2fResults_i2f/_1138_/Y (sky130_fd_sc_hd__mux2i_1)
   0.1219   11.8294 v IntToFPUnit/ifpu/i2fResults_i2f/_1139_/Y (sky130_fd_sc_hd__mux2i_1)
   0.1685   11.9979 ^ IntToFPUnit/ifpu/i2fResults_i2f/_1194_/Y (sky130_fd_sc_hd__mux2i_1)
   0.1041   12.1020 v IntToFPUnit/ifpu/i2fResults_i2f/_1195_/Y (sky130_fd_sc_hd__o21ai_0)
   0.1863   12.2883 v IntToFPUnit/ifpu/i2fResults_i2f/_1197_/X (sky130_fd_sc_hd__a21o_1)
   0.2463   12.5346 ^ IntToFPUnit/ifpu/i2fResults_i2f/roundAnyRawFNToRecFN/_098_/Y (sky130_fd_sc_hd__nor4_1)
   0.1440   12.6787 v IntToFPUnit/ifpu/i2fResults_i2f/roundAnyRawFNToRecFN/_099_/Y (sky130_fd_sc_hd__nand4_1)
   0.4030   13.0816 ^ IntToFPUnit/ifpu/i2fResults_i2f/roundAnyRawFNToRecFN/_109_/Y (sky130_fd_sc_hd__nor4_1)
   0.2422   13.3239 v IntToFPUnit/ifpu/i2fResults_i2f/roundAnyRawFNToRecFN/_113_/Y (sky130_fd_sc_hd__o21ai_0)
   0.2149   13.5388 v IntToFPUnit/ifpu/i2fResults_i2f/roundAnyRawFNToRecFN/_134_/X (sky130_fd_sc_hd__and3_1)
   0.1379   13.6767 v IntToFPUnit/ifpu/i2fResults_i2f/roundAnyRawFNToRecFN/_135_/X (sky130_fd_sc_hd__clkbuf_1)
   0.2342   13.9109 v IntToFPUnit/ifpu/i2fResults_i2f/roundAnyRawFNToRecFN/_140_/X (sky130_fd_sc_hd__and3_1)
   0.2219   14.1328 v IntToFPUnit/ifpu/i2fResults_i2f/roundAnyRawFNToRecFN/_145_/X (sky130_fd_sc_hd__and3_1)
   0.1474   14.2803 ^ IntToFPUnit/ifpu/i2fResults_i2f/roundAnyRawFNToRecFN/_149_/Y (sky130_fd_sc_hd__a21oi_1)
   0.0653   14.3455 v IntToFPUnit/ifpu/i2fResults_i2f/roundAnyRawFNToRecFN/_154_/Y (sky130_fd_sc_hd__nor3_1)
   0.1734   14.5189 v IntToFPUnit/ifpu/_2055_/X (sky130_fd_sc_hd__o21a_1)
   0.0650   14.5839 ^ IntToFPUnit/ifpu/_2056_/Y (sky130_fd_sc_hd__o21ai_0)
   0.0958   14.6796 v IntToFPUnit/ifpu/_2058_/Y (sky130_fd_sc_hd__a31oi_1)
   0.0035   14.6831 v IntToFPUnit/ifpu/_2916_/D (sky130_fd_sc_hd__dfxtp_1)
            14.6831   data arrival time

  20.0000   20.0000   clock clock (rise edge)
   0.0000   20.0000   clock network delay (ideal)
   0.0000   20.0000   clock reconvergence pessimism
            20.0000 ^ IntToFPUnit/ifpu/_2916_/CLK (sky130_fd_sc_hd__dfxtp_1)
  -0.1386   19.8614   library setup time
            19.8614   data required time
-------------------------------------------------------------
            19.8614   data required time
           -14.6831   data arrival time
-------------------------------------------------------------
             5.1783   slack (MET)


Startpoint: IntToFPUnit/ifpu/_2836_
            (rising edge-triggered flip-flop clocked by clock)
Endpoint: IntToFPUnit/ifpu/_2923_
          (rising edge-triggered flip-flop clocked by clock)
Path Group: clock
Path Type: max

    Delay      Time   Description
-------------------------------------------------------------
   0.0000    0.0000   clock clock (rise edge)
   0.0000    0.0000   clock network delay (ideal)
   0.0000    0.0000 ^ IntToFPUnit/ifpu/_2836_/CLK (sky130_fd_sc_hd__dfxtp_1)
   0.4367    0.4367 v IntToFPUnit/ifpu/_2836_/Q (sky130_fd_sc_hd__dfxtp_1)
   0.5741    1.0109 v IntToFPUnit/ifpu/i2fResults_i2f/_0670_/X (sky130_fd_sc_hd__or4_1)
   0.2304    1.2413 ^ IntToFPUnit/ifpu/i2fResults_i2f/_0671_/Y (sky130_fd_sc_hd__nor4_1)
   0.1306    1.3719 v IntToFPUnit/ifpu/i2fResults_i2f/_0672_/Y (sky130_fd_sc_hd__nand2b_1)
   0.4586    1.8305 v IntToFPUnit/ifpu/i2fResults_i2f/_0673_/X (sky130_fd_sc_hd__or4_1)
   0.4665    2.2970 v IntToFPUnit/ifpu/i2fResults_i2f/_0674_/X (sky130_fd_sc_hd__or4_1)
   0.4667    2.7637 v IntToFPUnit/ifpu/i2fResults_i2f/_0675_/X (sky130_fd_sc_hd__or4_1)
   0.4667    3.2303 v IntToFPUnit/ifpu/i2fResults_i2f/_0676_/X (sky130_fd_sc_hd__or4_1)
   0.4665    3.6968 v IntToFPUnit/ifpu/i2fResults_i2f/_0677_/X (sky130_fd_sc_hd__or4_1)
   0.4664    4.1632 v IntToFPUnit/ifpu/i2fResults_i2f/_0678_/X (sky130_fd_sc_hd__or4_1)
   0.4665    4.6297 v IntToFPUnit/ifpu/i2fResults_i2f/_0679_/X (sky130_fd_sc_hd__or4_1)
   0.4665    5.0962 v IntToFPUnit/ifpu/i2fResults_i2f/_0680_/X (sky130_fd_sc_hd__or4_1)
   0.4665    5.5626 v IntToFPUnit/ifpu/i2fResults_i2f/_0681_/X (sky130_fd_sc_hd__or4_1)
   0.4667    6.0293 v IntToFPUnit/ifpu/i2fResults_i2f/_0682_/X (sky130_fd_sc_hd__or4_1)
   0.4667    6.4960 v IntToFPUnit/ifpu/i2fResults_i2f/_0683_/X (sky130_fd_sc_hd__or4_1)
   0.4667    6.9626 v IntToFPUnit/ifpu/i2fResults_i2f/_0684_/X (sky130_fd_sc_hd__or4_1)
   0.4667    7.4293 v IntToFPUnit/ifpu/i2fResults_i2f/_0685_/X (sky130_fd_sc_hd__or4_1)
   0.4667    7.8960 v IntToFPUnit/ifpu/i2fResults_i2f/_0686_/X (sky130_fd_sc_hd__or4_1)
   0.4667    8.3627 v IntToFPUnit/ifpu/i2fResults_i2f/_0687_/X (sky130_fd_sc_hd__or4_1)
   0.4597    8.8223 v IntToFPUnit/ifpu/i2fResults_i2f/_0688_/X (sky130_fd_sc_hd__or4_1)
   0.4581    9.2804 v IntToFPUnit/ifpu/i2fResults_i2f/_0689_/X (sky130_fd_sc_hd__or4_1)
   0.4502    9.7307 v IntToFPUnit/ifpu/i2fResults_i2f/_0690_/X (sky130_fd_sc_hd__or4_1)
   0.2176    9.9483 ^ IntToFPUnit/ifpu/i2fResults_i2f/_0691_/Y (sky130_fd_sc_hd__o21ai_0)
   0.1149   10.0632 v IntToFPUnit/ifpu/i2fResults_i2f/_0692_/Y (sky130_fd_sc_hd__nand2_1)
   0.0813   10.1445 ^ IntToFPUnit/ifpu/i2fResults_i2f/_0959_/Y (sky130_fd_sc_hd__nand2_1)
   0.0645   10.2091 v IntToFPUnit/ifpu/i2fResults_i2f/_0960_/Y (sky130_fd_sc_hd__a21oi_1)
   0.1624   10.3715 ^ IntToFPUnit/ifpu/i2fResults_i2f/_0961_/Y (sky130_fd_sc_hd__nor2_1)
   0.4258   10.7973 ^ IntToFPUnit/ifpu/i2fResults_i2f/_0975_/X (sky130_fd_sc_hd__lpflow_clkbufkapwr_1)
   0.5128   11.3101 ^ IntToFPUnit/ifpu/i2fResults_i2f/_1063_/X (sky130_fd_sc_hd__lpflow_clkbufkapwr_1)
   0.1750   11.4851 v IntToFPUnit/ifpu/i2fResults_i2f/_1137_/Y (sky130_fd_sc_hd__mux2i_1)
   0.2224   11.7075 ^ IntToFPUnit/ifpu/i2fResults_i2f/_1138_/Y (sky130_fd_sc_hd__mux2i_1)
   0.1219   11.8294 v IntToFPUnit/ifpu/i2fResults_i2f/_1139_/Y (sky130_fd_sc_hd__mux2i_1)
   0.1685   11.9979 ^ IntToFPUnit/ifpu/i2fResults_i2f/_1194_/Y (sky130_fd_sc_hd__mux2i_1)
   0.1041   12.1020 v IntToFPUnit/ifpu/i2fResults_i2f/_1195_/Y (sky130_fd_sc_hd__o21ai_0)
   0.1863   12.2883 v IntToFPUnit/ifpu/i2fResults_i2f/_1197_/X (sky130_fd_sc_hd__a21o_1)
   0.2463   12.5346 ^ IntToFPUnit/ifpu/i2fResults_i2f/roundAnyRawFNToRecFN/_098_/Y (sky130_fd_sc_hd__nor4_1)
   0.1440   12.6787 v IntToFPUnit/ifpu/i2fResults_i2f/roundAnyRawFNToRecFN/_099_/Y (sky130_fd_sc_hd__nand4_1)
   0.4030   13.0816 ^ IntToFPUnit/ifpu/i2fResults_i2f/roundAnyRawFNToRecFN/_109_/Y (sky130_fd_sc_hd__nor4_1)
   0.2422   13.3239 v IntToFPUnit/ifpu/i2fResults_i2f/roundAnyRawFNToRecFN/_113_/Y (sky130_fd_sc_hd__o21ai_0)
   0.2149   13.5388 v IntToFPUnit/ifpu/i2fResults_i2f/roundAnyRawFNToRecFN/_134_/X (sky130_fd_sc_hd__and3_1)
   0.1379   13.6767 v IntToFPUnit/ifpu/i2fResults_i2f/roundAnyRawFNToRecFN/_135_/X (sky130_fd_sc_hd__clkbuf_1)
   0.2051   13.8819 v IntToFPUnit/ifpu/i2fResults_i2f/roundAnyRawFNToRecFN/_157_/X (sky130_fd_sc_hd__and3_1)
   0.1752   14.0571 v IntToFPUnit/ifpu/i2fResults_i2f/roundAnyRawFNToRecFN/_160_/X (sky130_fd_sc_hd__lpflow_inputiso0n_1)
   0.1452   14.2023 v IntToFPUnit/ifpu/i2fResults_i2f/roundAnyRawFNToRecFN/_175_/X (sky130_fd_sc_hd__lpflow_isobufsrc_1)
   0.0854   14.2877 ^ IntToFPUnit/ifpu/i2fResults_i2f/roundAnyRawFNToRecFN/_177_/Y (sky130_fd_sc_hd__nor2_1)
   0.0575   14.3452 v IntToFPUnit/ifpu/i2fResults_i2f/roundAnyRawFNToRecFN/_180_/Y (sky130_fd_sc_hd__nor3_1)
   0.1735   14.5186 v IntToFPUnit/ifpu/_2224_/X (sky130_fd_sc_hd__o21a_1)
   0.0650   14.5836 ^ IntToFPUnit/ifpu/_2225_/Y (sky130_fd_sc_hd__o21ai_0)
   0.0958   14.6794 v IntToFPUnit/ifpu/_2227_/Y (sky130_fd_sc_hd__a31oi_1)
   0.0035   14.6828 v IntToFPUnit/ifpu/_2923_/D (sky130_fd_sc_hd__dfxtp_1)
            14.6828   data arrival time

  20.0000   20.0000   clock clock (rise edge)
   0.0000   20.0000   clock network delay (ideal)
   0.0000   20.0000   clock reconvergence pessimism
            20.0000 ^ IntToFPUnit/ifpu/_2923_/CLK (sky130_fd_sc_hd__dfxtp_1)
  -0.1386   19.8614   library setup time
            19.8614   data required time
-------------------------------------------------------------
            19.8614   data required time
           -14.6828   data arrival time
-------------------------------------------------------------
             5.1785   slack (MET)


Startpoint: IntToFPUnit/ifpu/_2836_
            (rising edge-triggered flip-flop clocked by clock)
Endpoint: IntToFPUnit/ifpu/_2915_
          (rising edge-triggered flip-flop clocked by clock)
Path Group: clock
Path Type: max

    Delay      Time   Description
-------------------------------------------------------------
   0.0000    0.0000   clock clock (rise edge)
   0.0000    0.0000   clock network delay (ideal)
   0.0000    0.0000 ^ IntToFPUnit/ifpu/_2836_/CLK (sky130_fd_sc_hd__dfxtp_1)
   0.4367    0.4367 v IntToFPUnit/ifpu/_2836_/Q (sky130_fd_sc_hd__dfxtp_1)
   0.5741    1.0109 v IntToFPUnit/ifpu/i2fResults_i2f/_0670_/X (sky130_fd_sc_hd__or4_1)
   0.2304    1.2413 ^ IntToFPUnit/ifpu/i2fResults_i2f/_0671_/Y (sky130_fd_sc_hd__nor4_1)
   0.1306    1.3719 v IntToFPUnit/ifpu/i2fResults_i2f/_0672_/Y (sky130_fd_sc_hd__nand2b_1)
   0.4586    1.8305 v IntToFPUnit/ifpu/i2fResults_i2f/_0673_/X (sky130_fd_sc_hd__or4_1)
   0.4665    2.2970 v IntToFPUnit/ifpu/i2fResults_i2f/_0674_/X (sky130_fd_sc_hd__or4_1)
   0.4667    2.7637 v IntToFPUnit/ifpu/i2fResults_i2f/_0675_/X (sky130_fd_sc_hd__or4_1)
   0.4667    3.2303 v IntToFPUnit/ifpu/i2fResults_i2f/_0676_/X (sky130_fd_sc_hd__or4_1)
   0.4665    3.6968 v IntToFPUnit/ifpu/i2fResults_i2f/_0677_/X (sky130_fd_sc_hd__or4_1)
   0.4664    4.1632 v IntToFPUnit/ifpu/i2fResults_i2f/_0678_/X (sky130_fd_sc_hd__or4_1)
   0.4665    4.6297 v IntToFPUnit/ifpu/i2fResults_i2f/_0679_/X (sky130_fd_sc_hd__or4_1)
   0.4665    5.0962 v IntToFPUnit/ifpu/i2fResults_i2f/_0680_/X (sky130_fd_sc_hd__or4_1)
   0.4665    5.5626 v IntToFPUnit/ifpu/i2fResults_i2f/_0681_/X (sky130_fd_sc_hd__or4_1)
   0.4667    6.0293 v IntToFPUnit/ifpu/i2fResults_i2f/_0682_/X (sky130_fd_sc_hd__or4_1)
   0.4667    6.4960 v IntToFPUnit/ifpu/i2fResults_i2f/_0683_/X (sky130_fd_sc_hd__or4_1)
   0.4667    6.9626 v IntToFPUnit/ifpu/i2fResults_i2f/_0684_/X (sky130_fd_sc_hd__or4_1)
   0.4667    7.4293 v IntToFPUnit/ifpu/i2fResults_i2f/_0685_/X (sky130_fd_sc_hd__or4_1)
   0.4667    7.8960 v IntToFPUnit/ifpu/i2fResults_i2f/_0686_/X (sky130_fd_sc_hd__or4_1)
   0.4667    8.3627 v IntToFPUnit/ifpu/i2fResults_i2f/_0687_/X (sky130_fd_sc_hd__or4_1)
   0.4597    8.8223 v IntToFPUnit/ifpu/i2fResults_i2f/_0688_/X (sky130_fd_sc_hd__or4_1)
   0.4581    9.2804 v IntToFPUnit/ifpu/i2fResults_i2f/_0689_/X (sky130_fd_sc_hd__or4_1)
   0.4502    9.7307 v IntToFPUnit/ifpu/i2fResults_i2f/_0690_/X (sky130_fd_sc_hd__or4_1)
   0.2176    9.9483 ^ IntToFPUnit/ifpu/i2fResults_i2f/_0691_/Y (sky130_fd_sc_hd__o21ai_0)
   0.1149   10.0632 v IntToFPUnit/ifpu/i2fResults_i2f/_0692_/Y (sky130_fd_sc_hd__nand2_1)
   0.0813   10.1445 ^ IntToFPUnit/ifpu/i2fResults_i2f/_0959_/Y (sky130_fd_sc_hd__nand2_1)
   0.0645   10.2091 v IntToFPUnit/ifpu/i2fResults_i2f/_0960_/Y (sky130_fd_sc_hd__a21oi_1)
   0.1624   10.3715 ^ IntToFPUnit/ifpu/i2fResults_i2f/_0961_/Y (sky130_fd_sc_hd__nor2_1)
   0.4258   10.7973 ^ IntToFPUnit/ifpu/i2fResults_i2f/_0975_/X (sky130_fd_sc_hd__lpflow_clkbufkapwr_1)
   0.5128   11.3101 ^ IntToFPUnit/ifpu/i2fResults_i2f/_1063_/X (sky130_fd_sc_hd__lpflow_clkbufkapwr_1)
   0.1750   11.4851 v IntToFPUnit/ifpu/i2fResults_i2f/_1137_/Y (sky130_fd_sc_hd__mux2i_1)
   0.2224   11.7075 ^ IntToFPUnit/ifpu/i2fResults_i2f/_1138_/Y (sky130_fd_sc_hd__mux2i_1)
   0.1219   11.8294 v IntToFPUnit/ifpu/i2fResults_i2f/_1139_/Y (sky130_fd_sc_hd__mux2i_1)
   0.1685   11.9979 ^ IntToFPUnit/ifpu/i2fResults_i2f/_1194_/Y (sky130_fd_sc_hd__mux2i_1)
   0.1041   12.1020 v IntToFPUnit/ifpu/i2fResults_i2f/_1195_/Y (sky130_fd_sc_hd__o21ai_0)
   0.1863   12.2883 v IntToFPUnit/ifpu/i2fResults_i2f/_1197_/X (sky130_fd_sc_hd__a21o_1)
   0.2463   12.5346 ^ IntToFPUnit/ifpu/i2fResults_i2f/roundAnyRawFNToRecFN/_098_/Y (sky130_fd_sc_hd__nor4_1)
   0.1440   12.6787 v IntToFPUnit/ifpu/i2fResults_i2f/roundAnyRawFNToRecFN/_099_/Y (sky130_fd_sc_hd__nand4_1)
   0.4030   13.0816 ^ IntToFPUnit/ifpu/i2fResults_i2f/roundAnyRawFNToRecFN/_109_/Y (sky130_fd_sc_hd__nor4_1)
   0.2422   13.3239 v IntToFPUnit/ifpu/i2fResults_i2f/roundAnyRawFNToRecFN/_113_/Y (sky130_fd_sc_hd__o21ai_0)
   0.2149   13.5388 v IntToFPUnit/ifpu/i2fResults_i2f/roundAnyRawFNToRecFN/_134_/X (sky130_fd_sc_hd__and3_1)
   0.1379   13.6767 v IntToFPUnit/ifpu/i2fResults_i2f/roundAnyRawFNToRecFN/_135_/X (sky130_fd_sc_hd__clkbuf_1)
   0.2342   13.9109 v IntToFPUnit/ifpu/i2fResults_i2f/roundAnyRawFNToRecFN/_140_/X (sky130_fd_sc_hd__and3_1)
   0.2219   14.1328 v IntToFPUnit/ifpu/i2fResults_i2f/roundAnyRawFNToRecFN/_145_/X (sky130_fd_sc_hd__and3_1)
   0.1263   14.2591 ^ IntToFPUnit/ifpu/i2fResults_i2f/roundAnyRawFNToRecFN/_147_/Y (sky130_fd_sc_hd__o21bai_1)
   0.0550   14.3142 v IntToFPUnit/ifpu/i2fResults_i2f/roundAnyRawFNToRecFN/_148_/Y (sky130_fd_sc_hd__a21oi_1)
   0.1736   14.4878 v IntToFPUnit/ifpu/_2028_/X (sky130_fd_sc_hd__o21a_1)
   0.0650   14.5527 ^ IntToFPUnit/ifpu/_2029_/Y (sky130_fd_sc_hd__o21ai_0)
   0.0958   14.6485 v IntToFPUnit/ifpu/_2031_/Y (sky130_fd_sc_hd__a31oi_1)
   0.0035   14.6520 v IntToFPUnit/ifpu/_2915_/D (sky130_fd_sc_hd__dfxtp_1)
            14.6520   data arrival time

  20.0000   20.0000   clock clock (rise edge)
   0.0000   20.0000   clock network delay (ideal)
   0.0000   20.0000   clock reconvergence pessimism
            20.0000 ^ IntToFPUnit/ifpu/_2915_/CLK (sky130_fd_sc_hd__dfxtp_1)
  -0.1386   19.8614   library setup time
            19.8614   data required time
-------------------------------------------------------------
            19.8614   data required time
           -14.6520   data arrival time
-------------------------------------------------------------
             5.2094   slack (MET)


Startpoint: IntToFPUnit/ifpu/_2836_
            (rising edge-triggered flip-flop clocked by clock)
Endpoint: IntToFPUnit/ifpu/_2954_
          (rising edge-triggered flip-flop clocked by clock)
Path Group: clock
Path Type: max

    Delay      Time   Description
-------------------------------------------------------------
   0.0000    0.0000   clock clock (rise edge)
   0.0000    0.0000   clock network delay (ideal)
   0.0000    0.0000 ^ IntToFPUnit/ifpu/_2836_/CLK (sky130_fd_sc_hd__dfxtp_1)
   0.4367    0.4367 v IntToFPUnit/ifpu/_2836_/Q (sky130_fd_sc_hd__dfxtp_1)
   0.5741    1.0109 v IntToFPUnit/ifpu/i2fResults_i2f_1/_0670_/X (sky130_fd_sc_hd__or4_1)
   0.2304    1.2413 ^ IntToFPUnit/ifpu/i2fResults_i2f_1/_0671_/Y (sky130_fd_sc_hd__nor4_1)
   0.1306    1.3719 v IntToFPUnit/ifpu/i2fResults_i2f_1/_0672_/Y (sky130_fd_sc_hd__nand2b_1)
   0.4586    1.8305 v IntToFPUnit/ifpu/i2fResults_i2f_1/_0673_/X (sky130_fd_sc_hd__or4_1)
   0.4665    2.2970 v IntToFPUnit/ifpu/i2fResults_i2f_1/_0674_/X (sky130_fd_sc_hd__or4_1)
   0.4667    2.7637 v IntToFPUnit/ifpu/i2fResults_i2f_1/_0675_/X (sky130_fd_sc_hd__or4_1)
   0.4667    3.2303 v IntToFPUnit/ifpu/i2fResults_i2f_1/_0676_/X (sky130_fd_sc_hd__or4_1)
   0.4665    3.6968 v IntToFPUnit/ifpu/i2fResults_i2f_1/_0677_/X (sky130_fd_sc_hd__or4_1)
   0.4664    4.1632 v IntToFPUnit/ifpu/i2fResults_i2f_1/_0678_/X (sky130_fd_sc_hd__or4_1)
   0.4665    4.6297 v IntToFPUnit/ifpu/i2fResults_i2f_1/_0679_/X (sky130_fd_sc_hd__or4_1)
   0.4665    5.0962 v IntToFPUnit/ifpu/i2fResults_i2f_1/_0680_/X (sky130_fd_sc_hd__or4_1)
   0.4665    5.5626 v IntToFPUnit/ifpu/i2fResults_i2f_1/_0681_/X (sky130_fd_sc_hd__or4_1)
   0.4667    6.0293 v IntToFPUnit/ifpu/i2fResults_i2f_1/_0682_/X (sky130_fd_sc_hd__or4_1)
   0.4667    6.4960 v IntToFPUnit/ifpu/i2fResults_i2f_1/_0683_/X (sky130_fd_sc_hd__or4_1)
   0.4667    6.9626 v IntToFPUnit/ifpu/i2fResults_i2f_1/_0684_/X (sky130_fd_sc_hd__or4_1)
   0.4667    7.4293 v IntToFPUnit/ifpu/i2fResults_i2f_1/_0685_/X (sky130_fd_sc_hd__or4_1)
   0.4667    7.8960 v IntToFPUnit/ifpu/i2fResults_i2f_1/_0686_/X (sky130_fd_sc_hd__or4_1)
   0.4667    8.3627 v IntToFPUnit/ifpu/i2fResults_i2f_1/_0687_/X (sky130_fd_sc_hd__or4_1)
   0.4597    8.8223 v IntToFPUnit/ifpu/i2fResults_i2f_1/_0688_/X (sky130_fd_sc_hd__or4_1)
   0.4581    9.2804 v IntToFPUnit/ifpu/i2fResults_i2f_1/_0689_/X (sky130_fd_sc_hd__or4_1)
   0.4502    9.7307 v IntToFPUnit/ifpu/i2fResults_i2f_1/_0690_/X (sky130_fd_sc_hd__or4_1)
   0.2176    9.9483 ^ IntToFPUnit/ifpu/i2fResults_i2f_1/_0691_/Y (sky130_fd_sc_hd__o21ai_0)
   0.1149   10.0632 v IntToFPUnit/ifpu/i2fResults_i2f_1/_0692_/Y (sky130_fd_sc_hd__nand2_1)
   0.0813   10.1445 ^ IntToFPUnit/ifpu/i2fResults_i2f_1/_0959_/Y (sky130_fd_sc_hd__nand2_1)
   0.0645   10.2091 v IntToFPUnit/ifpu/i2fResults_i2f_1/_0960_/Y (sky130_fd_sc_hd__a21oi_1)
   0.1624   10.3715 ^ IntToFPUnit/ifpu/i2fResults_i2f_1/_0961_/Y (sky130_fd_sc_hd__nor2_1)
   0.4258   10.7973 ^ IntToFPUnit/ifpu/i2fResults_i2f_1/_0975_/X (sky130_fd_sc_hd__lpflow_clkbufkapwr_1)
   0.5128   11.3101 ^ IntToFPUnit/ifpu/i2fResults_i2f_1/_1063_/X (sky130_fd_sc_hd__lpflow_clkbufkapwr_1)
   0.2826   11.5927 ^ IntToFPUnit/ifpu/i2fResults_i2f_1/_1143_/Y (sky130_fd_sc_hd__mux2i_1)
   0.1121   11.7048 v IntToFPUnit/ifpu/i2fResults_i2f_1/_1144_/Y (sky130_fd_sc_hd__mux2i_1)
   0.1904   11.8952 ^ IntToFPUnit/ifpu/i2fResults_i2f_1/_1145_/Y (sky130_fd_sc_hd__mux2i_1)
   0.1083   12.0035 v IntToFPUnit/ifpu/i2fResults_i2f_1/_1146_/Y (sky130_fd_sc_hd__mux2i_1)
   0.2885   12.2920 v IntToFPUnit/ifpu/i2fResults_i2f_1/_1147_/X (sky130_fd_sc_hd__mux2_2)
   0.2062   12.4982 ^ IntToFPUnit/ifpu/i2fResults_i2f_1/_1148_/Y (sky130_fd_sc_hd__nor2_1)
   0.2054   12.7036 ^ IntToFPUnit/ifpu/i2fResults_i2f_1/roundAnyRawFNToRecFN/_226_/X (sky130_fd_sc_hd__and3_1)
   0.0986   12.8022 v IntToFPUnit/ifpu/i2fResults_i2f_1/roundAnyRawFNToRecFN/_227_/Y (sky130_fd_sc_hd__nand3_1)
   0.4001   13.2023 v IntToFPUnit/ifpu/i2fResults_i2f_1/roundAnyRawFNToRecFN/_265_/X (sky130_fd_sc_hd__or3_1)
   0.6406   13.8429 ^ IntToFPUnit/ifpu/i2fResults_i2f_1/roundAnyRawFNToRecFN/_330_/Y (sky130_fd_sc_hd__nor4_1)
   0.2090   14.0519 v IntToFPUnit/ifpu/i2fResults_i2f_1/roundAnyRawFNToRecFN/_338_/Y (sky130_fd_sc_hd__nand4_1)
   0.1771   14.2291 v IntToFPUnit/ifpu/i2fResults_i2f_1/roundAnyRawFNToRecFN/_339_/Y (sky130_fd_sc_hd__nor3b_1)
   0.1683   14.3973 v IntToFPUnit/ifpu/_2728_/X (sky130_fd_sc_hd__and3_1)
   0.2491   14.6464 v IntToFPUnit/ifpu/_2729_/X (sky130_fd_sc_hd__a221o_1)
   0.0035   14.6499 v IntToFPUnit/ifpu/_2954_/D (sky130_fd_sc_hd__dfxtp_1)
            14.6499   data arrival time

  20.0000   20.0000   clock clock (rise edge)
   0.0000   20.0000   clock network delay (ideal)
   0.0000   20.0000   clock reconvergence pessimism
            20.0000 ^ IntToFPUnit/ifpu/_2954_/CLK (sky130_fd_sc_hd__dfxtp_1)
  -0.1226   19.8774   library setup time
            19.8774   data required time
-------------------------------------------------------------
            19.8774   data required time
           -14.6499   data arrival time
-------------------------------------------------------------
             5.2274   slack (MET)


Startpoint: PipelinedMulUnit/imul/_56501_
            (rising edge-triggered flip-flop clocked by clock)
Endpoint: PipelinedMulUnit/imul/_56582_
          (rising edge-triggered flip-flop clocked by clock)
Path Group: clock
Path Type: max

    Delay      Time   Description
-------------------------------------------------------------
   0.0000    0.0000   clock clock (rise edge)
   0.0000    0.0000   clock network delay (ideal)
   0.0000    0.0000 ^ PipelinedMulUnit/imul/_56501_/CLK (sky130_fd_sc_hd__dfxtp_1)
   0.3800    0.3800 ^ PipelinedMulUnit/imul/_56501_/Q (sky130_fd_sc_hd__dfxtp_1)
   0.2608    0.6408 ^ PipelinedMulUnit/imul/_28769_/X (sky130_fd_sc_hd__clkbuf_1)
   0.1282    0.7691 v PipelinedMulUnit/imul/_38732_/Y (sky130_fd_sc_hd__nand2_1)
   0.4064    1.1755 v PipelinedMulUnit/imul/_38780_/X (sky130_fd_sc_hd__xor3_1)
   0.3651    1.5405 v PipelinedMulUnit/imul/_38782_/X (sky130_fd_sc_hd__maj3_1)
   0.2861    1.8266 ^ PipelinedMulUnit/imul/_38784_/X (sky130_fd_sc_hd__xor2_1)
   0.1517    1.9783 v PipelinedMulUnit/imul/_38786_/Y (sky130_fd_sc_hd__o21ai_0)
   0.3985    2.3767 v PipelinedMulUnit/imul/_38789_/X (sky130_fd_sc_hd__maj3_1)
   0.3902    2.7670 v PipelinedMulUnit/imul/_38826_/X (sky130_fd_sc_hd__xor3_1)
   0.2564    3.0233 ^ PipelinedMulUnit/imul/_38863_/Y (sky130_fd_sc_hd__xnor2_1)
   0.6499    3.6732 v PipelinedMulUnit/imul/_38896_/X (sky130_fd_sc_hd__or4b_2)
   0.3847    4.0579 v PipelinedMulUnit/imul/_38902_/X (sky130_fd_sc_hd__maj3_1)
   0.1892    4.2471 v PipelinedMulUnit/imul/_38903_/X (sky130_fd_sc_hd__xor2_1)
   0.2183    4.4654 ^ PipelinedMulUnit/imul/_38934_/Y (sky130_fd_sc_hd__o21ai_0)
   0.2184    4.6838 ^ PipelinedMulUnit/imul/_38935_/X (sky130_fd_sc_hd__xor2_1)
   0.1069    4.7907 v PipelinedMulUnit/imul/_38959_/Y (sky130_fd_sc_hd__a22oi_1)
   0.2202    5.0109 v PipelinedMulUnit/imul/_38961_/X (sky130_fd_sc_hd__o21ba_2)
   0.2250    5.2359 ^ PipelinedMulUnit/imul/_38963_/Y (sky130_fd_sc_hd__o21ai_0)
   0.1331    5.3690 v PipelinedMulUnit/imul/_38966_/Y (sky130_fd_sc_hd__a31oi_1)
   0.1981    5.5671 ^ PipelinedMulUnit/imul/_38968_/Y (sky130_fd_sc_hd__o21ai_0)
   0.1093    5.6764 v PipelinedMulUnit/imul/_38971_/Y (sky130_fd_sc_hd__a21oi_1)
   0.1624    5.8388 ^ PipelinedMulUnit/imul/_38974_/Y (sky130_fd_sc_hd__o211ai_1)
   0.1411    5.9799 v PipelinedMulUnit/imul/_38975_/Y (sky130_fd_sc_hd__a32oi_1)
   0.2541    6.2340 ^ PipelinedMulUnit/imul/_38980_/Y (sky130_fd_sc_hd__o21ai_0)
   0.1590    6.3929 v PipelinedMulUnit/imul/_38986_/Y (sky130_fd_sc_hd__a31oi_1)
   0.2778    6.6708 v PipelinedMulUnit/imul/_38991_/X (sky130_fd_sc_hd__o31a_1)
   0.2326    6.9034 v PipelinedMulUnit/imul/_38993_/X (sky130_fd_sc_hd__o221a_2)
   0.3561    7.2594 v PipelinedMulUnit/imul/_38994_/X (sky130_fd_sc_hd__or3_1)
   0.4452    7.7046 ^ PipelinedMulUnit/imul/_38999_/Y (sky130_fd_sc_hd__a311oi_1)
   0.2916    7.9962 v PipelinedMulUnit/imul/_39006_/Y (sky130_fd_sc_hd__o311ai_0)
   0.4192    8.4154 v PipelinedMulUnit/imul/_39010_/X (sky130_fd_sc_hd__a311o_1)
   0.3054    8.7208 ^ PipelinedMulUnit/imul/_39013_/Y (sky130_fd_sc_hd__a311oi_1)
   0.1296    8.8504 v PipelinedMulUnit/imul/_39016_/Y (sky130_fd_sc_hd__o211ai_1)
   0.3919    9.2423 v PipelinedMulUnit/imul/_39021_/X (sky130_fd_sc_hd__a311o_1)
   0.2909    9.5332 ^ PipelinedMulUnit/imul/_39025_/Y (sky130_fd_sc_hd__a311oi_1)
   0.2047    9.7379 v PipelinedMulUnit/imul/_39029_/Y (sky130_fd_sc_hd__o311ai_0)
   0.4023   10.1402 ^ PipelinedMulUnit/imul/_39035_/Y (sky130_fd_sc_hd__a311oi_1)
   0.2449   10.3851 ^ PipelinedMulUnit/imul/_39038_/X (sky130_fd_sc_hd__o311a_1)
   0.1769   10.5620 v PipelinedMulUnit/imul/_39042_/Y (sky130_fd_sc_hd__o311ai_0)
   0.3618   10.9238 ^ PipelinedMulUnit/imul/_39254_/Y (sky130_fd_sc_hd__a311oi_1)
   0.1707   11.0946 v PipelinedMulUnit/imul/_39399_/Y (sky130_fd_sc_hd__a21oi_1)
   0.2150   11.3095 v PipelinedMulUnit/imul/_39623_/Y (sky130_fd_sc_hd__nand4b_1)
   0.4430   11.7525 ^ PipelinedMulUnit/imul/_40019_/Y (sky130_fd_sc_hd__a2111oi_0)
   0.2368   11.9893 ^ PipelinedMulUnit/imul/_40692_/X (sky130_fd_sc_hd__o311a_1)
   0.1218   12.1111 v PipelinedMulUnit/imul/_41025_/Y (sky130_fd_sc_hd__o21ai_0)
   0.3555   12.4666 v PipelinedMulUnit/imul/_41710_/X (sky130_fd_sc_hd__a311o_1)
   0.3717   12.8383 ^ PipelinedMulUnit/imul/_42377_/Y (sky130_fd_sc_hd__a311oi_1)
   0.2787   13.1170 v PipelinedMulUnit/imul/_43050_/Y (sky130_fd_sc_hd__o311ai_0)
   0.4261   13.5431 ^ PipelinedMulUnit/imul/_43708_/Y (sky130_fd_sc_hd__a311oi_1)
   0.2789   13.8220 v PipelinedMulUnit/imul/_44387_/Y (sky130_fd_sc_hd__o311ai_0)
   0.3923   14.2143 ^ PipelinedMulUnit/imul/_45042_/Y (sky130_fd_sc_hd__a311oi_1)
   0.0904   14.3047 v PipelinedMulUnit/imul/_45043_/Y (sky130_fd_sc_hd__a21oi_1)
   0.1683   14.4730 ^ PipelinedMulUnit/imul/_45360_/Y (sky130_fd_sc_hd__xnor2_1)
   0.0684   14.5414 v PipelinedMulUnit/imul/_45361_/Y (sky130_fd_sc_hd__nand2_1)
   0.1213   14.6627 ^ PipelinedMulUnit/imul/_45369_/Y (sky130_fd_sc_hd__a21oi_1)
   0.0035   14.6662 ^ PipelinedMulUnit/imul/_56582_/D (sky130_fd_sc_hd__dfxtp_1)
            14.6662   data arrival time

  20.0000   20.0000   clock clock (rise edge)
   0.0000   20.0000   clock network delay (ideal)
   0.0000   20.0000   clock reconvergence pessimism
            20.0000 ^ PipelinedMulUnit/imul/_56582_/CLK (sky130_fd_sc_hd__dfxtp_1)
  -0.0711   19.9289   library setup time
            19.9289   data required time
-------------------------------------------------------------
            19.9289   data required time
           -14.6662   data arrival time
-------------------------------------------------------------
             5.2627   slack (MET)


Startpoint: IntToFPUnit/ifpu/_2836_
            (rising edge-triggered flip-flop clocked by clock)
Endpoint: IntToFPUnit/ifpu/_2929_
          (rising edge-triggered flip-flop clocked by clock)
Path Group: clock
Path Type: max

    Delay      Time   Description
-------------------------------------------------------------
   0.0000    0.0000   clock clock (rise edge)
   0.0000    0.0000   clock network delay (ideal)
   0.0000    0.0000 ^ IntToFPUnit/ifpu/_2836_/CLK (sky130_fd_sc_hd__dfxtp_1)
   0.4367    0.4367 v IntToFPUnit/ifpu/_2836_/Q (sky130_fd_sc_hd__dfxtp_1)
   0.5741    1.0109 v IntToFPUnit/ifpu/i2fResults_i2f/_0670_/X (sky130_fd_sc_hd__or4_1)
   0.2304    1.2413 ^ IntToFPUnit/ifpu/i2fResults_i2f/_0671_/Y (sky130_fd_sc_hd__nor4_1)
   0.1306    1.3719 v IntToFPUnit/ifpu/i2fResults_i2f/_0672_/Y (sky130_fd_sc_hd__nand2b_1)
   0.4586    1.8305 v IntToFPUnit/ifpu/i2fResults_i2f/_0673_/X (sky130_fd_sc_hd__or4_1)
   0.4665    2.2970 v IntToFPUnit/ifpu/i2fResults_i2f/_0674_/X (sky130_fd_sc_hd__or4_1)
   0.4667    2.7637 v IntToFPUnit/ifpu/i2fResults_i2f/_0675_/X (sky130_fd_sc_hd__or4_1)
   0.4667    3.2303 v IntToFPUnit/ifpu/i2fResults_i2f/_0676_/X (sky130_fd_sc_hd__or4_1)
   0.4665    3.6968 v IntToFPUnit/ifpu/i2fResults_i2f/_0677_/X (sky130_fd_sc_hd__or4_1)
   0.4664    4.1632 v IntToFPUnit/ifpu/i2fResults_i2f/_0678_/X (sky130_fd_sc_hd__or4_1)
   0.4665    4.6297 v IntToFPUnit/ifpu/i2fResults_i2f/_0679_/X (sky130_fd_sc_hd__or4_1)
   0.4665    5.0962 v IntToFPUnit/ifpu/i2fResults_i2f/_0680_/X (sky130_fd_sc_hd__or4_1)
   0.4665    5.5626 v IntToFPUnit/ifpu/i2fResults_i2f/_0681_/X (sky130_fd_sc_hd__or4_1)
   0.4667    6.0293 v IntToFPUnit/ifpu/i2fResults_i2f/_0682_/X (sky130_fd_sc_hd__or4_1)
   0.4667    6.4960 v IntToFPUnit/ifpu/i2fResults_i2f/_0683_/X (sky130_fd_sc_hd__or4_1)
   0.4667    6.9626 v IntToFPUnit/ifpu/i2fResults_i2f/_0684_/X (sky130_fd_sc_hd__or4_1)
   0.4667    7.4293 v IntToFPUnit/ifpu/i2fResults_i2f/_0685_/X (sky130_fd_sc_hd__or4_1)
   0.4667    7.8960 v IntToFPUnit/ifpu/i2fResults_i2f/_0686_/X (sky130_fd_sc_hd__or4_1)
   0.4667    8.3627 v IntToFPUnit/ifpu/i2fResults_i2f/_0687_/X (sky130_fd_sc_hd__or4_1)
   0.4597    8.8223 v IntToFPUnit/ifpu/i2fResults_i2f/_0688_/X (sky130_fd_sc_hd__or4_1)
   0.4581    9.2804 v IntToFPUnit/ifpu/i2fResults_i2f/_0689_/X (sky130_fd_sc_hd__or4_1)
   0.4502    9.7307 v IntToFPUnit/ifpu/i2fResults_i2f/_0690_/X (sky130_fd_sc_hd__or4_1)
   0.2176    9.9483 ^ IntToFPUnit/ifpu/i2fResults_i2f/_0691_/Y (sky130_fd_sc_hd__o21ai_0)
   0.1149   10.0632 v IntToFPUnit/ifpu/i2fResults_i2f/_0692_/Y (sky130_fd_sc_hd__nand2_1)
   0.0813   10.1445 ^ IntToFPUnit/ifpu/i2fResults_i2f/_0959_/Y (sky130_fd_sc_hd__nand2_1)
   0.0645   10.2091 v IntToFPUnit/ifpu/i2fResults_i2f/_0960_/Y (sky130_fd_sc_hd__a21oi_1)
   0.1624   10.3715 ^ IntToFPUnit/ifpu/i2fResults_i2f/_0961_/Y (sky130_fd_sc_hd__nor2_1)
   0.4258   10.7973 ^ IntToFPUnit/ifpu/i2fResults_i2f/_0975_/X (sky130_fd_sc_hd__lpflow_clkbufkapwr_1)
   0.5128   11.3101 ^ IntToFPUnit/ifpu/i2fResults_i2f/_1063_/X (sky130_fd_sc_hd__lpflow_clkbufkapwr_1)
   0.1750   11.4851 v IntToFPUnit/ifpu/i2fResults_i2f/_1137_/Y (sky130_fd_sc_hd__mux2i_1)
   0.2224   11.7075 ^ IntToFPUnit/ifpu/i2fResults_i2f/_1138_/Y (sky130_fd_sc_hd__mux2i_1)
   0.1219   11.8294 v IntToFPUnit/ifpu/i2fResults_i2f/_1139_/Y (sky130_fd_sc_hd__mux2i_1)
   0.1685   11.9979 ^ IntToFPUnit/ifpu/i2fResults_i2f/_1194_/Y (sky130_fd_sc_hd__mux2i_1)
   0.1041   12.1020 v IntToFPUnit/ifpu/i2fResults_i2f/_1195_/Y (sky130_fd_sc_hd__o21ai_0)
   0.1863   12.2883 v IntToFPUnit/ifpu/i2fResults_i2f/_1197_/X (sky130_fd_sc_hd__a21o_1)
   0.2463   12.5346 ^ IntToFPUnit/ifpu/i2fResults_i2f/roundAnyRawFNToRecFN/_098_/Y (sky130_fd_sc_hd__nor4_1)
   0.1440   12.6787 v IntToFPUnit/ifpu/i2fResults_i2f/roundAnyRawFNToRecFN/_099_/Y (sky130_fd_sc_hd__nand4_1)
   0.4030   13.0816 ^ IntToFPUnit/ifpu/i2fResults_i2f/roundAnyRawFNToRecFN/_109_/Y (sky130_fd_sc_hd__nor4_1)
   0.2422   13.3239 v IntToFPUnit/ifpu/i2fResults_i2f/roundAnyRawFNToRecFN/_113_/Y (sky130_fd_sc_hd__o21ai_0)
   0.1580   13.4819 ^ IntToFPUnit/ifpu/i2fResults_i2f/roundAnyRawFNToRecFN/_167_/Y (sky130_fd_sc_hd__nand4_1)
   0.0826   13.5644 v IntToFPUnit/ifpu/i2fResults_i2f/roundAnyRawFNToRecFN/_179_/Y (sky130_fd_sc_hd__nor3_1)
   0.2055   13.7699 v IntToFPUnit/ifpu/i2fResults_i2f/roundAnyRawFNToRecFN/_188_/X (sky130_fd_sc_hd__and4_1)
   0.2171   13.9871 v IntToFPUnit/ifpu/i2fResults_i2f/roundAnyRawFNToRecFN/_197_/X (sky130_fd_sc_hd__and4_1)
   0.1707   14.1577 ^ IntToFPUnit/ifpu/i2fResults_i2f/roundAnyRawFNToRecFN/_211_/Y (sky130_fd_sc_hd__xnor2_1)
   0.1428   14.3005 ^ IntToFPUnit/ifpu/i2fResults_i2f/roundAnyRawFNToRecFN/_212_/Y (sky130_fd_sc_hd__xnor2_1)
   0.1194   14.4200 ^ IntToFPUnit/ifpu/_2368_/X (sky130_fd_sc_hd__o21a_1)
   0.0697   14.4897 v IntToFPUnit/ifpu/_2369_/Y (sky130_fd_sc_hd__o21ai_0)
   0.1598   14.6495 ^ IntToFPUnit/ifpu/_2371_/Y (sky130_fd_sc_hd__a31oi_1)
   0.0035   14.6530 ^ IntToFPUnit/ifpu/_2929_/D (sky130_fd_sc_hd__dfxtp_1)
            14.6530   data arrival time

  20.0000   20.0000   clock clock (rise edge)
   0.0000   20.0000   clock network delay (ideal)
   0.0000   20.0000   clock reconvergence pessimism
            20.0000 ^ IntToFPUnit/ifpu/_2929_/CLK (sky130_fd_sc_hd__dfxtp_1)
  -0.0756   19.9244   library setup time
            19.9244   data required time
-------------------------------------------------------------
            19.9244   data required time
           -14.6530   data arrival time
-------------------------------------------------------------
             5.2714   slack (MET)


Startpoint: IntToFPUnit/ifpu/_2836_
            (rising edge-triggered flip-flop clocked by clock)
Endpoint: IntToFPUnit/ifpu/_2922_
          (rising edge-triggered flip-flop clocked by clock)
Path Group: clock
Path Type: max

    Delay      Time   Description
-------------------------------------------------------------
   0.0000    0.0000   clock clock (rise edge)
   0.0000    0.0000   clock network delay (ideal)
   0.0000    0.0000 ^ IntToFPUnit/ifpu/_2836_/CLK (sky130_fd_sc_hd__dfxtp_1)
   0.4367    0.4367 v IntToFPUnit/ifpu/_2836_/Q (sky130_fd_sc_hd__dfxtp_1)
   0.5741    1.0109 v IntToFPUnit/ifpu/i2fResults_i2f/_0670_/X (sky130_fd_sc_hd__or4_1)
   0.2304    1.2413 ^ IntToFPUnit/ifpu/i2fResults_i2f/_0671_/Y (sky130_fd_sc_hd__nor4_1)
   0.1306    1.3719 v IntToFPUnit/ifpu/i2fResults_i2f/_0672_/Y (sky130_fd_sc_hd__nand2b_1)
   0.4586    1.8305 v IntToFPUnit/ifpu/i2fResults_i2f/_0673_/X (sky130_fd_sc_hd__or4_1)
   0.4665    2.2970 v IntToFPUnit/ifpu/i2fResults_i2f/_0674_/X (sky130_fd_sc_hd__or4_1)
   0.4667    2.7637 v IntToFPUnit/ifpu/i2fResults_i2f/_0675_/X (sky130_fd_sc_hd__or4_1)
   0.4667    3.2303 v IntToFPUnit/ifpu/i2fResults_i2f/_0676_/X (sky130_fd_sc_hd__or4_1)
   0.4665    3.6968 v IntToFPUnit/ifpu/i2fResults_i2f/_0677_/X (sky130_fd_sc_hd__or4_1)
   0.4664    4.1632 v IntToFPUnit/ifpu/i2fResults_i2f/_0678_/X (sky130_fd_sc_hd__or4_1)
   0.4665    4.6297 v IntToFPUnit/ifpu/i2fResults_i2f/_0679_/X (sky130_fd_sc_hd__or4_1)
   0.4665    5.0962 v IntToFPUnit/ifpu/i2fResults_i2f/_0680_/X (sky130_fd_sc_hd__or4_1)
   0.4665    5.5626 v IntToFPUnit/ifpu/i2fResults_i2f/_0681_/X (sky130_fd_sc_hd__or4_1)
   0.4667    6.0293 v IntToFPUnit/ifpu/i2fResults_i2f/_0682_/X (sky130_fd_sc_hd__or4_1)
   0.4667    6.4960 v IntToFPUnit/ifpu/i2fResults_i2f/_0683_/X (sky130_fd_sc_hd__or4_1)
   0.4667    6.9626 v IntToFPUnit/ifpu/i2fResults_i2f/_0684_/X (sky130_fd_sc_hd__or4_1)
   0.4667    7.4293 v IntToFPUnit/ifpu/i2fResults_i2f/_0685_/X (sky130_fd_sc_hd__or4_1)
   0.4667    7.8960 v IntToFPUnit/ifpu/i2fResults_i2f/_0686_/X (sky130_fd_sc_hd__or4_1)
   0.4667    8.3627 v IntToFPUnit/ifpu/i2fResults_i2f/_0687_/X (sky130_fd_sc_hd__or4_1)
   0.4597    8.8223 v IntToFPUnit/ifpu/i2fResults_i2f/_0688_/X (sky130_fd_sc_hd__or4_1)
   0.4581    9.2804 v IntToFPUnit/ifpu/i2fResults_i2f/_0689_/X (sky130_fd_sc_hd__or4_1)
   0.4502    9.7307 v IntToFPUnit/ifpu/i2fResults_i2f/_0690_/X (sky130_fd_sc_hd__or4_1)
   0.2176    9.9483 ^ IntToFPUnit/ifpu/i2fResults_i2f/_0691_/Y (sky130_fd_sc_hd__o21ai_0)
   0.1149   10.0632 v IntToFPUnit/ifpu/i2fResults_i2f/_0692_/Y (sky130_fd_sc_hd__nand2_1)
   0.0813   10.1445 ^ IntToFPUnit/ifpu/i2fResults_i2f/_0959_/Y (sky130_fd_sc_hd__nand2_1)
   0.0645   10.2091 v IntToFPUnit/ifpu/i2fResults_i2f/_0960_/Y (sky130_fd_sc_hd__a21oi_1)
   0.1624   10.3715 ^ IntToFPUnit/ifpu/i2fResults_i2f/_0961_/Y (sky130_fd_sc_hd__nor2_1)
   0.4258   10.7973 ^ IntToFPUnit/ifpu/i2fResults_i2f/_0975_/X (sky130_fd_sc_hd__lpflow_clkbufkapwr_1)
   0.5128   11.3101 ^ IntToFPUnit/ifpu/i2fResults_i2f/_1063_/X (sky130_fd_sc_hd__lpflow_clkbufkapwr_1)
   0.1750   11.4851 v IntToFPUnit/ifpu/i2fResults_i2f/_1137_/Y (sky130_fd_sc_hd__mux2i_1)
   0.2224   11.7075 ^ IntToFPUnit/ifpu/i2fResults_i2f/_1138_/Y (sky130_fd_sc_hd__mux2i_1)
   0.1219   11.8294 v IntToFPUnit/ifpu/i2fResults_i2f/_1139_/Y (sky130_fd_sc_hd__mux2i_1)
   0.1685   11.9979 ^ IntToFPUnit/ifpu/i2fResults_i2f/_1194_/Y (sky130_fd_sc_hd__mux2i_1)
   0.1041   12.1020 v IntToFPUnit/ifpu/i2fResults_i2f/_1195_/Y (sky130_fd_sc_hd__o21ai_0)
   0.1863   12.2883 v IntToFPUnit/ifpu/i2fResults_i2f/_1197_/X (sky130_fd_sc_hd__a21o_1)
   0.2463   12.5346 ^ IntToFPUnit/ifpu/i2fResults_i2f/roundAnyRawFNToRecFN/_098_/Y (sky130_fd_sc_hd__nor4_1)
   0.1440   12.6787 v IntToFPUnit/ifpu/i2fResults_i2f/roundAnyRawFNToRecFN/_099_/Y (sky130_fd_sc_hd__nand4_1)
   0.4030   13.0816 ^ IntToFPUnit/ifpu/i2fResults_i2f/roundAnyRawFNToRecFN/_109_/Y (sky130_fd_sc_hd__nor4_1)
   0.2422   13.3239 v IntToFPUnit/ifpu/i2fResults_i2f/roundAnyRawFNToRecFN/_113_/Y (sky130_fd_sc_hd__o21ai_0)
   0.2149   13.5388 v IntToFPUnit/ifpu/i2fResults_i2f/roundAnyRawFNToRecFN/_134_/X (sky130_fd_sc_hd__and3_1)
   0.1379   13.6767 v IntToFPUnit/ifpu/i2fResults_i2f/roundAnyRawFNToRecFN/_135_/X (sky130_fd_sc_hd__clkbuf_1)
   0.2051   13.8819 v IntToFPUnit/ifpu/i2fResults_i2f/roundAnyRawFNToRecFN/_157_/X (sky130_fd_sc_hd__and3_1)
   0.1752   14.0571 v IntToFPUnit/ifpu/i2fResults_i2f/roundAnyRawFNToRecFN/_160_/X (sky130_fd_sc_hd__lpflow_inputiso0n_1)
   0.1452   14.2023 v IntToFPUnit/ifpu/i2fResults_i2f/roundAnyRawFNToRecFN/_175_/X (sky130_fd_sc_hd__lpflow_isobufsrc_1)
   0.1311   14.3333 ^ IntToFPUnit/ifpu/i2fResults_i2f/roundAnyRawFNToRecFN/_176_/Y (sky130_fd_sc_hd__nor3_1)
   0.1243   14.4577 ^ IntToFPUnit/ifpu/_2182_/X (sky130_fd_sc_hd__o21a_1)
   0.0703   14.5280 v IntToFPUnit/ifpu/_2183_/Y (sky130_fd_sc_hd__o21ai_0)
   0.1223   14.6503 ^ IntToFPUnit/ifpu/_2203_/Y (sky130_fd_sc_hd__a21oi_1)
   0.0035   14.6537 ^ IntToFPUnit/ifpu/_2922_/D (sky130_fd_sc_hd__dfxtp_1)
            14.6537   data arrival time

  20.0000   20.0000   clock clock (rise edge)
   0.0000   20.0000   clock network delay (ideal)
   0.0000   20.0000   clock reconvergence pessimism
            20.0000 ^ IntToFPUnit/ifpu/_2922_/CLK (sky130_fd_sc_hd__dfxtp_1)
  -0.0711   19.9289   library setup time
            19.9289   data required time
-------------------------------------------------------------
            19.9289   data required time
           -14.6537   data arrival time
-------------------------------------------------------------
             5.2752   slack (MET)


Startpoint: IntToFPUnit/ifpu/_2836_
            (rising edge-triggered flip-flop clocked by clock)
Endpoint: IntToFPUnit/ifpu/_2914_
          (rising edge-triggered flip-flop clocked by clock)
Path Group: clock
Path Type: max

    Delay      Time   Description
-------------------------------------------------------------
   0.0000    0.0000   clock clock (rise edge)
   0.0000    0.0000   clock network delay (ideal)
   0.0000    0.0000 ^ IntToFPUnit/ifpu/_2836_/CLK (sky130_fd_sc_hd__dfxtp_1)
   0.4367    0.4367 v IntToFPUnit/ifpu/_2836_/Q (sky130_fd_sc_hd__dfxtp_1)
   0.5741    1.0109 v IntToFPUnit/ifpu/i2fResults_i2f/_0670_/X (sky130_fd_sc_hd__or4_1)
   0.2304    1.2413 ^ IntToFPUnit/ifpu/i2fResults_i2f/_0671_/Y (sky130_fd_sc_hd__nor4_1)
   0.1306    1.3719 v IntToFPUnit/ifpu/i2fResults_i2f/_0672_/Y (sky130_fd_sc_hd__nand2b_1)
   0.4586    1.8305 v IntToFPUnit/ifpu/i2fResults_i2f/_0673_/X (sky130_fd_sc_hd__or4_1)
   0.4665    2.2970 v IntToFPUnit/ifpu/i2fResults_i2f/_0674_/X (sky130_fd_sc_hd__or4_1)
   0.4667    2.7637 v IntToFPUnit/ifpu/i2fResults_i2f/_0675_/X (sky130_fd_sc_hd__or4_1)
   0.4667    3.2303 v IntToFPUnit/ifpu/i2fResults_i2f/_0676_/X (sky130_fd_sc_hd__or4_1)
   0.4665    3.6968 v IntToFPUnit/ifpu/i2fResults_i2f/_0677_/X (sky130_fd_sc_hd__or4_1)
   0.4664    4.1632 v IntToFPUnit/ifpu/i2fResults_i2f/_0678_/X (sky130_fd_sc_hd__or4_1)
   0.4665    4.6297 v IntToFPUnit/ifpu/i2fResults_i2f/_0679_/X (sky130_fd_sc_hd__or4_1)
   0.4665    5.0962 v IntToFPUnit/ifpu/i2fResults_i2f/_0680_/X (sky130_fd_sc_hd__or4_1)
   0.4665    5.5626 v IntToFPUnit/ifpu/i2fResults_i2f/_0681_/X (sky130_fd_sc_hd__or4_1)
   0.4667    6.0293 v IntToFPUnit/ifpu/i2fResults_i2f/_0682_/X (sky130_fd_sc_hd__or4_1)
   0.4667    6.4960 v IntToFPUnit/ifpu/i2fResults_i2f/_0683_/X (sky130_fd_sc_hd__or4_1)
   0.4667    6.9626 v IntToFPUnit/ifpu/i2fResults_i2f/_0684_/X (sky130_fd_sc_hd__or4_1)
   0.4667    7.4293 v IntToFPUnit/ifpu/i2fResults_i2f/_0685_/X (sky130_fd_sc_hd__or4_1)
   0.4667    7.8960 v IntToFPUnit/ifpu/i2fResults_i2f/_0686_/X (sky130_fd_sc_hd__or4_1)
   0.4667    8.3627 v IntToFPUnit/ifpu/i2fResults_i2f/_0687_/X (sky130_fd_sc_hd__or4_1)
   0.4597    8.8223 v IntToFPUnit/ifpu/i2fResults_i2f/_0688_/X (sky130_fd_sc_hd__or4_1)
   0.4581    9.2804 v IntToFPUnit/ifpu/i2fResults_i2f/_0689_/X (sky130_fd_sc_hd__or4_1)
   0.4502    9.7307 v IntToFPUnit/ifpu/i2fResults_i2f/_0690_/X (sky130_fd_sc_hd__or4_1)
   0.2176    9.9483 ^ IntToFPUnit/ifpu/i2fResults_i2f/_0691_/Y (sky130_fd_sc_hd__o21ai_0)
   0.1149   10.0632 v IntToFPUnit/ifpu/i2fResults_i2f/_0692_/Y (sky130_fd_sc_hd__nand2_1)
   0.0813   10.1445 ^ IntToFPUnit/ifpu/i2fResults_i2f/_0959_/Y (sky130_fd_sc_hd__nand2_1)
   0.0645   10.2091 v IntToFPUnit/ifpu/i2fResults_i2f/_0960_/Y (sky130_fd_sc_hd__a21oi_1)
   0.1624   10.3715 ^ IntToFPUnit/ifpu/i2fResults_i2f/_0961_/Y (sky130_fd_sc_hd__nor2_1)
   0.4258   10.7973 ^ IntToFPUnit/ifpu/i2fResults_i2f/_0975_/X (sky130_fd_sc_hd__lpflow_clkbufkapwr_1)
   0.5128   11.3101 ^ IntToFPUnit/ifpu/i2fResults_i2f/_1063_/X (sky130_fd_sc_hd__lpflow_clkbufkapwr_1)
   0.1750   11.4851 v IntToFPUnit/ifpu/i2fResults_i2f/_1137_/Y (sky130_fd_sc_hd__mux2i_1)
   0.2224   11.7075 ^ IntToFPUnit/ifpu/i2fResults_i2f/_1138_/Y (sky130_fd_sc_hd__mux2i_1)
   0.1219   11.8294 v IntToFPUnit/ifpu/i2fResults_i2f/_1139_/Y (sky130_fd_sc_hd__mux2i_1)
   0.1685   11.9979 ^ IntToFPUnit/ifpu/i2fResults_i2f/_1194_/Y (sky130_fd_sc_hd__mux2i_1)
   0.1041   12.1020 v IntToFPUnit/ifpu/i2fResults_i2f/_1195_/Y (sky130_fd_sc_hd__o21ai_0)
   0.1863   12.2883 v IntToFPUnit/ifpu/i2fResults_i2f/_1197_/X (sky130_fd_sc_hd__a21o_1)
   0.2463   12.5346 ^ IntToFPUnit/ifpu/i2fResults_i2f/roundAnyRawFNToRecFN/_098_/Y (sky130_fd_sc_hd__nor4_1)
   0.1440   12.6787 v IntToFPUnit/ifpu/i2fResults_i2f/roundAnyRawFNToRecFN/_099_/Y (sky130_fd_sc_hd__nand4_1)
   0.4030   13.0816 ^ IntToFPUnit/ifpu/i2fResults_i2f/roundAnyRawFNToRecFN/_109_/Y (sky130_fd_sc_hd__nor4_1)
   0.2422   13.3239 v IntToFPUnit/ifpu/i2fResults_i2f/roundAnyRawFNToRecFN/_113_/Y (sky130_fd_sc_hd__o21ai_0)
   0.2149   13.5388 v IntToFPUnit/ifpu/i2fResults_i2f/roundAnyRawFNToRecFN/_134_/X (sky130_fd_sc_hd__and3_1)
   0.1379   13.6767 v IntToFPUnit/ifpu/i2fResults_i2f/roundAnyRawFNToRecFN/_135_/X (sky130_fd_sc_hd__clkbuf_1)
   0.2342   13.9109 v IntToFPUnit/ifpu/i2fResults_i2f/roundAnyRawFNToRecFN/_140_/X (sky130_fd_sc_hd__and3_1)
   0.2219   14.1328 v IntToFPUnit/ifpu/i2fResults_i2f/roundAnyRawFNToRecFN/_145_/X (sky130_fd_sc_hd__and3_1)
   0.1373   14.2702 ^ IntToFPUnit/ifpu/i2fResults_i2f/roundAnyRawFNToRecFN/_146_/Y (sky130_fd_sc_hd__nor3_1)
   0.1243   14.3945 ^ IntToFPUnit/ifpu/_2006_/X (sky130_fd_sc_hd__o21a_1)
   0.0697   14.4643 v IntToFPUnit/ifpu/_2007_/Y (sky130_fd_sc_hd__o21ai_0)
   0.1597   14.6239 ^ IntToFPUnit/ifpu/_2010_/Y (sky130_fd_sc_hd__a31oi_1)
   0.0035   14.6274 ^ IntToFPUnit/ifpu/_2914_/D (sky130_fd_sc_hd__dfxtp_1)
            14.6274   data arrival time

  20.0000   20.0000   clock clock (rise edge)
   0.0000   20.0000   clock network delay (ideal)
   0.0000   20.0000   clock reconvergence pessimism
            20.0000 ^ IntToFPUnit/ifpu/_2914_/CLK (sky130_fd_sc_hd__dfxtp_1)
  -0.0756   19.9244   library setup time
            19.9244   data required time
-------------------------------------------------------------
            19.9244   data required time
           -14.6274   data arrival time
-------------------------------------------------------------
             5.2970   slack (MET)


Startpoint: IntToFPUnit/ifpu/_2836_
            (rising edge-triggered flip-flop clocked by clock)
Endpoint: IntToFPUnit/ifpu/_2948_
          (rising edge-triggered flip-flop clocked by clock)
Path Group: clock
Path Type: max

    Delay      Time   Description
-------------------------------------------------------------
   0.0000    0.0000   clock clock (rise edge)
   0.0000    0.0000   clock network delay (ideal)
   0.0000    0.0000 ^ IntToFPUnit/ifpu/_2836_/CLK (sky130_fd_sc_hd__dfxtp_1)
   0.4367    0.4367 v IntToFPUnit/ifpu/_2836_/Q (sky130_fd_sc_hd__dfxtp_1)
   0.5741    1.0109 v IntToFPUnit/ifpu/i2fResults_i2f_1/_0670_/X (sky130_fd_sc_hd__or4_1)
   0.2304    1.2413 ^ IntToFPUnit/ifpu/i2fResults_i2f_1/_0671_/Y (sky130_fd_sc_hd__nor4_1)
   0.1306    1.3719 v IntToFPUnit/ifpu/i2fResults_i2f_1/_0672_/Y (sky130_fd_sc_hd__nand2b_1)
   0.4586    1.8305 v IntToFPUnit/ifpu/i2fResults_i2f_1/_0673_/X (sky130_fd_sc_hd__or4_1)
   0.4665    2.2970 v IntToFPUnit/ifpu/i2fResults_i2f_1/_0674_/X (sky130_fd_sc_hd__or4_1)
   0.4667    2.7637 v IntToFPUnit/ifpu/i2fResults_i2f_1/_0675_/X (sky130_fd_sc_hd__or4_1)
   0.4667    3.2303 v IntToFPUnit/ifpu/i2fResults_i2f_1/_0676_/X (sky130_fd_sc_hd__or4_1)
   0.4665    3.6968 v IntToFPUnit/ifpu/i2fResults_i2f_1/_0677_/X (sky130_fd_sc_hd__or4_1)
   0.4664    4.1632 v IntToFPUnit/ifpu/i2fResults_i2f_1/_0678_/X (sky130_fd_sc_hd__or4_1)
   0.4665    4.6297 v IntToFPUnit/ifpu/i2fResults_i2f_1/_0679_/X (sky130_fd_sc_hd__or4_1)
   0.4665    5.0962 v IntToFPUnit/ifpu/i2fResults_i2f_1/_0680_/X (sky130_fd_sc_hd__or4_1)
   0.4665    5.5626 v IntToFPUnit/ifpu/i2fResults_i2f_1/_0681_/X (sky130_fd_sc_hd__or4_1)
   0.4667    6.0293 v IntToFPUnit/ifpu/i2fResults_i2f_1/_0682_/X (sky130_fd_sc_hd__or4_1)
   0.4667    6.4960 v IntToFPUnit/ifpu/i2fResults_i2f_1/_0683_/X (sky130_fd_sc_hd__or4_1)
   0.4667    6.9626 v IntToFPUnit/ifpu/i2fResults_i2f_1/_0684_/X (sky130_fd_sc_hd__or4_1)
   0.4667    7.4293 v IntToFPUnit/ifpu/i2fResults_i2f_1/_0685_/X (sky130_fd_sc_hd__or4_1)
   0.4667    7.8960 v IntToFPUnit/ifpu/i2fResults_i2f_1/_0686_/X (sky130_fd_sc_hd__or4_1)
   0.4667    8.3627 v IntToFPUnit/ifpu/i2fResults_i2f_1/_0687_/X (sky130_fd_sc_hd__or4_1)
   0.4597    8.8223 v IntToFPUnit/ifpu/i2fResults_i2f_1/_0688_/X (sky130_fd_sc_hd__or4_1)
   0.4581    9.2804 v IntToFPUnit/ifpu/i2fResults_i2f_1/_0689_/X (sky130_fd_sc_hd__or4_1)
   0.4502    9.7307 v IntToFPUnit/ifpu/i2fResults_i2f_1/_0690_/X (sky130_fd_sc_hd__or4_1)
   0.2176    9.9483 ^ IntToFPUnit/ifpu/i2fResults_i2f_1/_0691_/Y (sky130_fd_sc_hd__o21ai_0)
   0.1149   10.0632 v IntToFPUnit/ifpu/i2fResults_i2f_1/_0692_/Y (sky130_fd_sc_hd__nand2_1)
   0.0813   10.1445 ^ IntToFPUnit/ifpu/i2fResults_i2f_1/_0959_/Y (sky130_fd_sc_hd__nand2_1)
   0.0645   10.2091 v IntToFPUnit/ifpu/i2fResults_i2f_1/_0960_/Y (sky130_fd_sc_hd__a21oi_1)
   0.1624   10.3715 ^ IntToFPUnit/ifpu/i2fResults_i2f_1/_0961_/Y (sky130_fd_sc_hd__nor2_1)
   0.4258   10.7973 ^ IntToFPUnit/ifpu/i2fResults_i2f_1/_0975_/X (sky130_fd_sc_hd__lpflow_clkbufkapwr_1)
   0.5128   11.3101 ^ IntToFPUnit/ifpu/i2fResults_i2f_1/_1063_/X (sky130_fd_sc_hd__lpflow_clkbufkapwr_1)
   0.2826   11.5927 ^ IntToFPUnit/ifpu/i2fResults_i2f_1/_1092_/Y (sky130_fd_sc_hd__mux2i_1)
   0.1121   11.7048 v IntToFPUnit/ifpu/i2fResults_i2f_1/_1093_/Y (sky130_fd_sc_hd__mux2i_1)
   0.1904   11.8952 ^ IntToFPUnit/ifpu/i2fResults_i2f_1/_1094_/Y (sky130_fd_sc_hd__mux2i_1)
   0.1083   12.0035 v IntToFPUnit/ifpu/i2fResults_i2f_1/_1095_/Y (sky130_fd_sc_hd__mux2i_1)
   0.2954   12.2990 v IntToFPUnit/ifpu/i2fResults_i2f_1/_1096_/X (sky130_fd_sc_hd__mux2_2)
   0.1532   12.4521 ^ IntToFPUnit/ifpu/i2fResults_i2f_1/_1097_/Y (sky130_fd_sc_hd__nor2_1)
   0.1167   12.5688 v IntToFPUnit/ifpu/i2fResults_i2f_1/roundAnyRawFNToRecFN/_196_/Y (sky130_fd_sc_hd__nand3_1)
   0.2086   12.7774 ^ IntToFPUnit/ifpu/i2fResults_i2f_1/roundAnyRawFNToRecFN/_210_/Y (sky130_fd_sc_hd__nor3_1)
   0.1237   12.9011 v IntToFPUnit/ifpu/i2fResults_i2f_1/roundAnyRawFNToRecFN/_211_/Y (sky130_fd_sc_hd__nand4_1)
   0.3338   13.2349 v IntToFPUnit/ifpu/i2fResults_i2f_1/roundAnyRawFNToRecFN/_212_/X (sky130_fd_sc_hd__or2_2)
   0.1239   13.3589 ^ IntToFPUnit/ifpu/i2fResults_i2f_1/roundAnyRawFNToRecFN/_266_/Y (sky130_fd_sc_hd__nor2_1)
   0.1879   13.5468 ^ IntToFPUnit/ifpu/i2fResults_i2f_1/roundAnyRawFNToRecFN/_296_/X (sky130_fd_sc_hd__and3_1)
   0.1951   13.7419 ^ IntToFPUnit/ifpu/i2fResults_i2f_1/roundAnyRawFNToRecFN/_299_/X (sky130_fd_sc_hd__lpflow_inputiso0n_1)
   0.2763   14.0182 ^ IntToFPUnit/ifpu/i2fResults_i2f_1/roundAnyRawFNToRecFN/_311_/X (sky130_fd_sc_hd__and4_1)
   0.1899   14.2081 ^ IntToFPUnit/ifpu/i2fResults_i2f_1/roundAnyRawFNToRecFN/_316_/X (sky130_fd_sc_hd__and3_1)
   0.0494   14.2575 v IntToFPUnit/ifpu/i2fResults_i2f_1/roundAnyRawFNToRecFN/_317_/Y (sky130_fd_sc_hd__nor3_1)
   0.3187   14.5762 v IntToFPUnit/ifpu/_2652_/X (sky130_fd_sc_hd__a221o_1)
   0.0035   14.5797 v IntToFPUnit/ifpu/_2948_/D (sky130_fd_sc_hd__dfxtp_1)
            14.5797   data arrival time

  20.0000   20.0000   clock clock (rise edge)
   0.0000   20.0000   clock network delay (ideal)
   0.0000   20.0000   clock reconvergence pessimism
            20.0000 ^ IntToFPUnit/ifpu/_2948_/CLK (sky130_fd_sc_hd__dfxtp_1)
  -0.1226   19.8774   library setup time
            19.8774   data required time
-------------------------------------------------------------
            19.8774   data required time
           -14.5797   data arrival time
-------------------------------------------------------------
             5.2977   slack (MET)


Startpoint: IntToFPUnit/ifpu/_2836_
            (rising edge-triggered flip-flop clocked by clock)
Endpoint: IntToFPUnit/ifpu/_2920_
          (rising edge-triggered flip-flop clocked by clock)
Path Group: clock
Path Type: max

    Delay      Time   Description
-------------------------------------------------------------
   0.0000    0.0000   clock clock (rise edge)
   0.0000    0.0000   clock network delay (ideal)
   0.0000    0.0000 ^ IntToFPUnit/ifpu/_2836_/CLK (sky130_fd_sc_hd__dfxtp_1)
   0.4367    0.4367 v IntToFPUnit/ifpu/_2836_/Q (sky130_fd_sc_hd__dfxtp_1)
   0.5741    1.0109 v IntToFPUnit/ifpu/i2fResults_i2f/_0670_/X (sky130_fd_sc_hd__or4_1)
   0.2304    1.2413 ^ IntToFPUnit/ifpu/i2fResults_i2f/_0671_/Y (sky130_fd_sc_hd__nor4_1)
   0.1306    1.3719 v IntToFPUnit/ifpu/i2fResults_i2f/_0672_/Y (sky130_fd_sc_hd__nand2b_1)
   0.4586    1.8305 v IntToFPUnit/ifpu/i2fResults_i2f/_0673_/X (sky130_fd_sc_hd__or4_1)
   0.4665    2.2970 v IntToFPUnit/ifpu/i2fResults_i2f/_0674_/X (sky130_fd_sc_hd__or4_1)
   0.4667    2.7637 v IntToFPUnit/ifpu/i2fResults_i2f/_0675_/X (sky130_fd_sc_hd__or4_1)
   0.4667    3.2303 v IntToFPUnit/ifpu/i2fResults_i2f/_0676_/X (sky130_fd_sc_hd__or4_1)
   0.4665    3.6968 v IntToFPUnit/ifpu/i2fResults_i2f/_0677_/X (sky130_fd_sc_hd__or4_1)
   0.4664    4.1632 v IntToFPUnit/ifpu/i2fResults_i2f/_0678_/X (sky130_fd_sc_hd__or4_1)
   0.4665    4.6297 v IntToFPUnit/ifpu/i2fResults_i2f/_0679_/X (sky130_fd_sc_hd__or4_1)
   0.4665    5.0962 v IntToFPUnit/ifpu/i2fResults_i2f/_0680_/X (sky130_fd_sc_hd__or4_1)
   0.4665    5.5626 v IntToFPUnit/ifpu/i2fResults_i2f/_0681_/X (sky130_fd_sc_hd__or4_1)
   0.4667    6.0293 v IntToFPUnit/ifpu/i2fResults_i2f/_0682_/X (sky130_fd_sc_hd__or4_1)
   0.4667    6.4960 v IntToFPUnit/ifpu/i2fResults_i2f/_0683_/X (sky130_fd_sc_hd__or4_1)
   0.4667    6.9626 v IntToFPUnit/ifpu/i2fResults_i2f/_0684_/X (sky130_fd_sc_hd__or4_1)
   0.4667    7.4293 v IntToFPUnit/ifpu/i2fResults_i2f/_0685_/X (sky130_fd_sc_hd__or4_1)
   0.4667    7.8960 v IntToFPUnit/ifpu/i2fResults_i2f/_0686_/X (sky130_fd_sc_hd__or4_1)
   0.4667    8.3627 v IntToFPUnit/ifpu/i2fResults_i2f/_0687_/X (sky130_fd_sc_hd__or4_1)
   0.4597    8.8223 v IntToFPUnit/ifpu/i2fResults_i2f/_0688_/X (sky130_fd_sc_hd__or4_1)
   0.4581    9.2804 v IntToFPUnit/ifpu/i2fResults_i2f/_0689_/X (sky130_fd_sc_hd__or4_1)
   0.4502    9.7307 v IntToFPUnit/ifpu/i2fResults_i2f/_0690_/X (sky130_fd_sc_hd__or4_1)
   0.2176    9.9483 ^ IntToFPUnit/ifpu/i2fResults_i2f/_0691_/Y (sky130_fd_sc_hd__o21ai_0)
   0.1149   10.0632 v IntToFPUnit/ifpu/i2fResults_i2f/_0692_/Y (sky130_fd_sc_hd__nand2_1)
   0.0813   10.1445 ^ IntToFPUnit/ifpu/i2fResults_i2f/_0959_/Y (sky130_fd_sc_hd__nand2_1)
   0.0645   10.2091 v IntToFPUnit/ifpu/i2fResults_i2f/_0960_/Y (sky130_fd_sc_hd__a21oi_1)
   0.1624   10.3715 ^ IntToFPUnit/ifpu/i2fResults_i2f/_0961_/Y (sky130_fd_sc_hd__nor2_1)
   0.4258   10.7973 ^ IntToFPUnit/ifpu/i2fResults_i2f/_0975_/X (sky130_fd_sc_hd__lpflow_clkbufkapwr_1)
   0.5128   11.3101 ^ IntToFPUnit/ifpu/i2fResults_i2f/_1063_/X (sky130_fd_sc_hd__lpflow_clkbufkapwr_1)
   0.1750   11.4851 v IntToFPUnit/ifpu/i2fResults_i2f/_1137_/Y (sky130_fd_sc_hd__mux2i_1)
   0.2224   11.7075 ^ IntToFPUnit/ifpu/i2fResults_i2f/_1138_/Y (sky130_fd_sc_hd__mux2i_1)
   0.1219   11.8294 v IntToFPUnit/ifpu/i2fResults_i2f/_1139_/Y (sky130_fd_sc_hd__mux2i_1)
   0.1685   11.9979 ^ IntToFPUnit/ifpu/i2fResults_i2f/_1194_/Y (sky130_fd_sc_hd__mux2i_1)
   0.1041   12.1020 v IntToFPUnit/ifpu/i2fResults_i2f/_1195_/Y (sky130_fd_sc_hd__o21ai_0)
   0.1863   12.2883 v IntToFPUnit/ifpu/i2fResults_i2f/_1197_/X (sky130_fd_sc_hd__a21o_1)
   0.2463   12.5346 ^ IntToFPUnit/ifpu/i2fResults_i2f/roundAnyRawFNToRecFN/_098_/Y (sky130_fd_sc_hd__nor4_1)
   0.1440   12.6787 v IntToFPUnit/ifpu/i2fResults_i2f/roundAnyRawFNToRecFN/_099_/Y (sky130_fd_sc_hd__nand4_1)
   0.4030   13.0816 ^ IntToFPUnit/ifpu/i2fResults_i2f/roundAnyRawFNToRecFN/_109_/Y (sky130_fd_sc_hd__nor4_1)
   0.2422   13.3239 v IntToFPUnit/ifpu/i2fResults_i2f/roundAnyRawFNToRecFN/_113_/Y (sky130_fd_sc_hd__o21ai_0)
   0.2149   13.5388 v IntToFPUnit/ifpu/i2fResults_i2f/roundAnyRawFNToRecFN/_134_/X (sky130_fd_sc_hd__and3_1)
   0.1379   13.6767 v IntToFPUnit/ifpu/i2fResults_i2f/roundAnyRawFNToRecFN/_135_/X (sky130_fd_sc_hd__clkbuf_1)
   0.2051   13.8819 v IntToFPUnit/ifpu/i2fResults_i2f/roundAnyRawFNToRecFN/_157_/X (sky130_fd_sc_hd__and3_1)
   0.1932   14.0750 v IntToFPUnit/ifpu/i2fResults_i2f/roundAnyRawFNToRecFN/_162_/X (sky130_fd_sc_hd__and3_1)
   0.0850   14.1601 ^ IntToFPUnit/ifpu/i2fResults_i2f/roundAnyRawFNToRecFN/_165_/Y (sky130_fd_sc_hd__nor2_1)
   0.0576   14.2177 v IntToFPUnit/ifpu/i2fResults_i2f/roundAnyRawFNToRecFN/_170_/Y (sky130_fd_sc_hd__nor3_1)
   0.1735   14.3912 v IntToFPUnit/ifpu/_2155_/X (sky130_fd_sc_hd__o21a_1)
   0.0650   14.4561 ^ IntToFPUnit/ifpu/_2156_/Y (sky130_fd_sc_hd__o21ai_0)
   0.0958   14.5519 v IntToFPUnit/ifpu/_2158_/Y (sky130_fd_sc_hd__a31oi_1)
   0.0035   14.5554 v IntToFPUnit/ifpu/_2920_/D (sky130_fd_sc_hd__dfxtp_1)
            14.5554   data arrival time

  20.0000   20.0000   clock clock (rise edge)
   0.0000   20.0000   clock network delay (ideal)
   0.0000   20.0000   clock reconvergence pessimism
            20.0000 ^ IntToFPUnit/ifpu/_2920_/CLK (sky130_fd_sc_hd__dfxtp_1)
  -0.1386   19.8614   library setup time
            19.8614   data required time
-------------------------------------------------------------
            19.8614   data required time
           -14.5554   data arrival time
-------------------------------------------------------------
             5.3060   slack (MET)


Startpoint: IntToFPUnit/ifpu/_2836_
            (rising edge-triggered flip-flop clocked by clock)
Endpoint: IntToFPUnit/ifpu/_2937_
          (rising edge-triggered flip-flop clocked by clock)
Path Group: clock
Path Type: max

    Delay      Time   Description
-------------------------------------------------------------
   0.0000    0.0000   clock clock (rise edge)
   0.0000    0.0000   clock network delay (ideal)
   0.0000    0.0000 ^ IntToFPUnit/ifpu/_2836_/CLK (sky130_fd_sc_hd__dfxtp_1)
   0.4367    0.4367 v IntToFPUnit/ifpu/_2836_/Q (sky130_fd_sc_hd__dfxtp_1)
   0.5741    1.0109 v IntToFPUnit/ifpu/i2fResults_i2f_1/_0670_/X (sky130_fd_sc_hd__or4_1)
   0.2304    1.2413 ^ IntToFPUnit/ifpu/i2fResults_i2f_1/_0671_/Y (sky130_fd_sc_hd__nor4_1)
   0.1306    1.3719 v IntToFPUnit/ifpu/i2fResults_i2f_1/_0672_/Y (sky130_fd_sc_hd__nand2b_1)
   0.4586    1.8305 v IntToFPUnit/ifpu/i2fResults_i2f_1/_0673_/X (sky130_fd_sc_hd__or4_1)
   0.4665    2.2970 v IntToFPUnit/ifpu/i2fResults_i2f_1/_0674_/X (sky130_fd_sc_hd__or4_1)
   0.4667    2.7637 v IntToFPUnit/ifpu/i2fResults_i2f_1/_0675_/X (sky130_fd_sc_hd__or4_1)
   0.4667    3.2303 v IntToFPUnit/ifpu/i2fResults_i2f_1/_0676_/X (sky130_fd_sc_hd__or4_1)
   0.4665    3.6968 v IntToFPUnit/ifpu/i2fResults_i2f_1/_0677_/X (sky130_fd_sc_hd__or4_1)
   0.4664    4.1632 v IntToFPUnit/ifpu/i2fResults_i2f_1/_0678_/X (sky130_fd_sc_hd__or4_1)
   0.4665    4.6297 v IntToFPUnit/ifpu/i2fResults_i2f_1/_0679_/X (sky130_fd_sc_hd__or4_1)
   0.4665    5.0962 v IntToFPUnit/ifpu/i2fResults_i2f_1/_0680_/X (sky130_fd_sc_hd__or4_1)
   0.4665    5.5626 v IntToFPUnit/ifpu/i2fResults_i2f_1/_0681_/X (sky130_fd_sc_hd__or4_1)
   0.4667    6.0293 v IntToFPUnit/ifpu/i2fResults_i2f_1/_0682_/X (sky130_fd_sc_hd__or4_1)
   0.4667    6.4960 v IntToFPUnit/ifpu/i2fResults_i2f_1/_0683_/X (sky130_fd_sc_hd__or4_1)
   0.4667    6.9626 v IntToFPUnit/ifpu/i2fResults_i2f_1/_0684_/X (sky130_fd_sc_hd__or4_1)
   0.4667    7.4293 v IntToFPUnit/ifpu/i2fResults_i2f_1/_0685_/X (sky130_fd_sc_hd__or4_1)
   0.4667    7.8960 v IntToFPUnit/ifpu/i2fResults_i2f_1/_0686_/X (sky130_fd_sc_hd__or4_1)
   0.4667    8.3627 v IntToFPUnit/ifpu/i2fResults_i2f_1/_0687_/X (sky130_fd_sc_hd__or4_1)
   0.4597    8.8223 v IntToFPUnit/ifpu/i2fResults_i2f_1/_0688_/X (sky130_fd_sc_hd__or4_1)
   0.4581    9.2804 v IntToFPUnit/ifpu/i2fResults_i2f_1/_0689_/X (sky130_fd_sc_hd__or4_1)
   0.4502    9.7307 v IntToFPUnit/ifpu/i2fResults_i2f_1/_0690_/X (sky130_fd_sc_hd__or4_1)
   0.2176    9.9483 ^ IntToFPUnit/ifpu/i2fResults_i2f_1/_0691_/Y (sky130_fd_sc_hd__o21ai_0)
   0.1149   10.0632 v IntToFPUnit/ifpu/i2fResults_i2f_1/_0692_/Y (sky130_fd_sc_hd__nand2_1)
   0.0813   10.1445 ^ IntToFPUnit/ifpu/i2fResults_i2f_1/_0959_/Y (sky130_fd_sc_hd__nand2_1)
   0.0645   10.2091 v IntToFPUnit/ifpu/i2fResults_i2f_1/_0960_/Y (sky130_fd_sc_hd__a21oi_1)
   0.1624   10.3715 ^ IntToFPUnit/ifpu/i2fResults_i2f_1/_0961_/Y (sky130_fd_sc_hd__nor2_1)
   0.4258   10.7973 ^ IntToFPUnit/ifpu/i2fResults_i2f_1/_0975_/X (sky130_fd_sc_hd__lpflow_clkbufkapwr_1)
   0.5128   11.3101 ^ IntToFPUnit/ifpu/i2fResults_i2f_1/_1063_/X (sky130_fd_sc_hd__lpflow_clkbufkapwr_1)
   0.2826   11.5927 ^ IntToFPUnit/ifpu/i2fResults_i2f_1/_1143_/Y (sky130_fd_sc_hd__mux2i_1)
   0.1121   11.7048 v IntToFPUnit/ifpu/i2fResults_i2f_1/_1144_/Y (sky130_fd_sc_hd__mux2i_1)
   0.1904   11.8952 ^ IntToFPUnit/ifpu/i2fResults_i2f_1/_1145_/Y (sky130_fd_sc_hd__mux2i_1)
   0.1083   12.0035 v IntToFPUnit/ifpu/i2fResults_i2f_1/_1146_/Y (sky130_fd_sc_hd__mux2i_1)
   0.2885   12.2920 v IntToFPUnit/ifpu/i2fResults_i2f_1/_1147_/X (sky130_fd_sc_hd__mux2_2)
   0.2062   12.4982 ^ IntToFPUnit/ifpu/i2fResults_i2f_1/_1148_/Y (sky130_fd_sc_hd__nor2_1)
   0.2054   12.7036 ^ IntToFPUnit/ifpu/i2fResults_i2f_1/roundAnyRawFNToRecFN/_226_/X (sky130_fd_sc_hd__and3_1)
   0.0986   12.8022 v IntToFPUnit/ifpu/i2fResults_i2f_1/roundAnyRawFNToRecFN/_227_/Y (sky130_fd_sc_hd__nand3_1)
   0.5271   13.3293 v IntToFPUnit/ifpu/i2fResults_i2f_1/roundAnyRawFNToRecFN/_258_/X (sky130_fd_sc_hd__or4_1)
   0.2183   13.5475 ^ IntToFPUnit/ifpu/i2fResults_i2f_1/roundAnyRawFNToRecFN/_259_/Y (sky130_fd_sc_hd__nor2_1)
   0.2834   13.8309 ^ IntToFPUnit/ifpu/i2fResults_i2f_1/roundAnyRawFNToRecFN/_270_/X (sky130_fd_sc_hd__and4_1)
   0.2730   14.1040 ^ IntToFPUnit/ifpu/i2fResults_i2f_1/roundAnyRawFNToRecFN/_280_/X (sky130_fd_sc_hd__lpflow_isobufsrc_1)
   0.0704   14.1743 v IntToFPUnit/ifpu/i2fResults_i2f_1/roundAnyRawFNToRecFN/_281_/Y (sky130_fd_sc_hd__nor3_1)
   0.1510   14.3253 ^ IntToFPUnit/ifpu/_2505_/Y (sky130_fd_sc_hd__o21ai_0)
   0.1184   14.4437 v IntToFPUnit/ifpu/_2506_/Y (sky130_fd_sc_hd__o221ai_1)
   0.1273   14.5710 v IntToFPUnit/ifpu/_2507_/X (sky130_fd_sc_hd__o21a_1)
   0.0035   14.5744 v IntToFPUnit/ifpu/_2937_/D (sky130_fd_sc_hd__dfxtp_1)
            14.5744   data arrival time

  20.0000   20.0000   clock clock (rise edge)
   0.0000   20.0000   clock network delay (ideal)
   0.0000   20.0000   clock reconvergence pessimism
            20.0000 ^ IntToFPUnit/ifpu/_2937_/CLK (sky130_fd_sc_hd__dfxtp_1)
  -0.1156   19.8844   library setup time
            19.8844   data required time
-------------------------------------------------------------
            19.8844   data required time
           -14.5744   data arrival time
-------------------------------------------------------------
             5.3099   slack (MET)


Startpoint: IntToFPUnit/ifpu/_2836_
            (rising edge-triggered flip-flop clocked by clock)
Endpoint: IntToFPUnit/ifpu/_2953_
          (rising edge-triggered flip-flop clocked by clock)
Path Group: clock
Path Type: max

    Delay      Time   Description
-------------------------------------------------------------
   0.0000    0.0000   clock clock (rise edge)
   0.0000    0.0000   clock network delay (ideal)
   0.0000    0.0000 ^ IntToFPUnit/ifpu/_2836_/CLK (sky130_fd_sc_hd__dfxtp_1)
   0.4367    0.4367 v IntToFPUnit/ifpu/_2836_/Q (sky130_fd_sc_hd__dfxtp_1)
   0.5741    1.0109 v IntToFPUnit/ifpu/i2fResults_i2f_1/_0670_/X (sky130_fd_sc_hd__or4_1)
   0.2304    1.2413 ^ IntToFPUnit/ifpu/i2fResults_i2f_1/_0671_/Y (sky130_fd_sc_hd__nor4_1)
   0.1306    1.3719 v IntToFPUnit/ifpu/i2fResults_i2f_1/_0672_/Y (sky130_fd_sc_hd__nand2b_1)
   0.4586    1.8305 v IntToFPUnit/ifpu/i2fResults_i2f_1/_0673_/X (sky130_fd_sc_hd__or4_1)
   0.4665    2.2970 v IntToFPUnit/ifpu/i2fResults_i2f_1/_0674_/X (sky130_fd_sc_hd__or4_1)
   0.4667    2.7637 v IntToFPUnit/ifpu/i2fResults_i2f_1/_0675_/X (sky130_fd_sc_hd__or4_1)
   0.4667    3.2303 v IntToFPUnit/ifpu/i2fResults_i2f_1/_0676_/X (sky130_fd_sc_hd__or4_1)
   0.4665    3.6968 v IntToFPUnit/ifpu/i2fResults_i2f_1/_0677_/X (sky130_fd_sc_hd__or4_1)
   0.4664    4.1632 v IntToFPUnit/ifpu/i2fResults_i2f_1/_0678_/X (sky130_fd_sc_hd__or4_1)
   0.4665    4.6297 v IntToFPUnit/ifpu/i2fResults_i2f_1/_0679_/X (sky130_fd_sc_hd__or4_1)
   0.4665    5.0962 v IntToFPUnit/ifpu/i2fResults_i2f_1/_0680_/X (sky130_fd_sc_hd__or4_1)
   0.4665    5.5626 v IntToFPUnit/ifpu/i2fResults_i2f_1/_0681_/X (sky130_fd_sc_hd__or4_1)
   0.4667    6.0293 v IntToFPUnit/ifpu/i2fResults_i2f_1/_0682_/X (sky130_fd_sc_hd__or4_1)
   0.4667    6.4960 v IntToFPUnit/ifpu/i2fResults_i2f_1/_0683_/X (sky130_fd_sc_hd__or4_1)
   0.4667    6.9626 v IntToFPUnit/ifpu/i2fResults_i2f_1/_0684_/X (sky130_fd_sc_hd__or4_1)
   0.4667    7.4293 v IntToFPUnit/ifpu/i2fResults_i2f_1/_0685_/X (sky130_fd_sc_hd__or4_1)
   0.4667    7.8960 v IntToFPUnit/ifpu/i2fResults_i2f_1/_0686_/X (sky130_fd_sc_hd__or4_1)
   0.4667    8.3627 v IntToFPUnit/ifpu/i2fResults_i2f_1/_0687_/X (sky130_fd_sc_hd__or4_1)
   0.4597    8.8223 v IntToFPUnit/ifpu/i2fResults_i2f_1/_0688_/X (sky130_fd_sc_hd__or4_1)
   0.4581    9.2804 v IntToFPUnit/ifpu/i2fResults_i2f_1/_0689_/X (sky130_fd_sc_hd__or4_1)
   0.4502    9.7307 v IntToFPUnit/ifpu/i2fResults_i2f_1/_0690_/X (sky130_fd_sc_hd__or4_1)
   0.2176    9.9483 ^ IntToFPUnit/ifpu/i2fResults_i2f_1/_0691_/Y (sky130_fd_sc_hd__o21ai_0)
   0.1149   10.0632 v IntToFPUnit/ifpu/i2fResults_i2f_1/_0692_/Y (sky130_fd_sc_hd__nand2_1)
   0.0813   10.1445 ^ IntToFPUnit/ifpu/i2fResults_i2f_1/_0959_/Y (sky130_fd_sc_hd__nand2_1)
   0.0645   10.2091 v IntToFPUnit/ifpu/i2fResults_i2f_1/_0960_/Y (sky130_fd_sc_hd__a21oi_1)
   0.1624   10.3715 ^ IntToFPUnit/ifpu/i2fResults_i2f_1/_0961_/Y (sky130_fd_sc_hd__nor2_1)
   0.4258   10.7973 ^ IntToFPUnit/ifpu/i2fResults_i2f_1/_0975_/X (sky130_fd_sc_hd__lpflow_clkbufkapwr_1)
   0.5128   11.3101 ^ IntToFPUnit/ifpu/i2fResults_i2f_1/_1063_/X (sky130_fd_sc_hd__lpflow_clkbufkapwr_1)
   0.2826   11.5927 ^ IntToFPUnit/ifpu/i2fResults_i2f_1/_1143_/Y (sky130_fd_sc_hd__mux2i_1)
   0.1121   11.7048 v IntToFPUnit/ifpu/i2fResults_i2f_1/_1144_/Y (sky130_fd_sc_hd__mux2i_1)
   0.1904   11.8952 ^ IntToFPUnit/ifpu/i2fResults_i2f_1/_1145_/Y (sky130_fd_sc_hd__mux2i_1)
   0.1083   12.0035 v IntToFPUnit/ifpu/i2fResults_i2f_1/_1146_/Y (sky130_fd_sc_hd__mux2i_1)
   0.2885   12.2920 v IntToFPUnit/ifpu/i2fResults_i2f_1/_1147_/X (sky130_fd_sc_hd__mux2_2)
   0.2062   12.4982 ^ IntToFPUnit/ifpu/i2fResults_i2f_1/_1148_/Y (sky130_fd_sc_hd__nor2_1)
   0.2054   12.7036 ^ IntToFPUnit/ifpu/i2fResults_i2f_1/roundAnyRawFNToRecFN/_226_/X (sky130_fd_sc_hd__and3_1)
   0.0986   12.8022 v IntToFPUnit/ifpu/i2fResults_i2f_1/roundAnyRawFNToRecFN/_227_/Y (sky130_fd_sc_hd__nand3_1)
   0.4001   13.2023 v IntToFPUnit/ifpu/i2fResults_i2f_1/roundAnyRawFNToRecFN/_265_/X (sky130_fd_sc_hd__or3_1)
   0.6406   13.8429 ^ IntToFPUnit/ifpu/i2fResults_i2f_1/roundAnyRawFNToRecFN/_330_/Y (sky130_fd_sc_hd__nor4_1)
   0.2462   14.0891 ^ IntToFPUnit/ifpu/i2fResults_i2f_1/roundAnyRawFNToRecFN/_335_/X (sky130_fd_sc_hd__and3_1)
   0.0447   14.1338 v IntToFPUnit/ifpu/i2fResults_i2f_1/roundAnyRawFNToRecFN/_336_/Y (sky130_fd_sc_hd__nor3_1)
   0.1686   14.3024 v IntToFPUnit/ifpu/_2715_/X (sky130_fd_sc_hd__and3_1)
   0.2491   14.5515 v IntToFPUnit/ifpu/_2716_/X (sky130_fd_sc_hd__a221o_1)
   0.0035   14.5550 v IntToFPUnit/ifpu/_2953_/D (sky130_fd_sc_hd__dfxtp_1)
            14.5550   data arrival time

  20.0000   20.0000   clock clock (rise edge)
   0.0000   20.0000   clock network delay (ideal)
   0.0000   20.0000   clock reconvergence pessimism
            20.0000 ^ IntToFPUnit/ifpu/_2953_/CLK (sky130_fd_sc_hd__dfxtp_1)
  -0.1227   19.8773   library setup time
            19.8773   data required time
-------------------------------------------------------------
            19.8773   data required time
           -14.5550   data arrival time
-------------------------------------------------------------
             5.3224   slack (MET)


Startpoint: IntToFPUnit/ifpu/_2836_
            (rising edge-triggered flip-flop clocked by clock)
Endpoint: IntToFPUnit/ifpu/_2919_
          (rising edge-triggered flip-flop clocked by clock)
Path Group: clock
Path Type: max

    Delay      Time   Description
-------------------------------------------------------------
   0.0000    0.0000   clock clock (rise edge)
   0.0000    0.0000   clock network delay (ideal)
   0.0000    0.0000 ^ IntToFPUnit/ifpu/_2836_/CLK (sky130_fd_sc_hd__dfxtp_1)
   0.4367    0.4367 v IntToFPUnit/ifpu/_2836_/Q (sky130_fd_sc_hd__dfxtp_1)
   0.5741    1.0109 v IntToFPUnit/ifpu/i2fResults_i2f/_0670_/X (sky130_fd_sc_hd__or4_1)
   0.2304    1.2413 ^ IntToFPUnit/ifpu/i2fResults_i2f/_0671_/Y (sky130_fd_sc_hd__nor4_1)
   0.1306    1.3719 v IntToFPUnit/ifpu/i2fResults_i2f/_0672_/Y (sky130_fd_sc_hd__nand2b_1)
   0.4586    1.8305 v IntToFPUnit/ifpu/i2fResults_i2f/_0673_/X (sky130_fd_sc_hd__or4_1)
   0.4665    2.2970 v IntToFPUnit/ifpu/i2fResults_i2f/_0674_/X (sky130_fd_sc_hd__or4_1)
   0.4667    2.7637 v IntToFPUnit/ifpu/i2fResults_i2f/_0675_/X (sky130_fd_sc_hd__or4_1)
   0.4667    3.2303 v IntToFPUnit/ifpu/i2fResults_i2f/_0676_/X (sky130_fd_sc_hd__or4_1)
   0.4665    3.6968 v IntToFPUnit/ifpu/i2fResults_i2f/_0677_/X (sky130_fd_sc_hd__or4_1)
   0.4664    4.1632 v IntToFPUnit/ifpu/i2fResults_i2f/_0678_/X (sky130_fd_sc_hd__or4_1)
   0.4665    4.6297 v IntToFPUnit/ifpu/i2fResults_i2f/_0679_/X (sky130_fd_sc_hd__or4_1)
   0.4665    5.0962 v IntToFPUnit/ifpu/i2fResults_i2f/_0680_/X (sky130_fd_sc_hd__or4_1)
   0.4665    5.5626 v IntToFPUnit/ifpu/i2fResults_i2f/_0681_/X (sky130_fd_sc_hd__or4_1)
   0.4667    6.0293 v IntToFPUnit/ifpu/i2fResults_i2f/_0682_/X (sky130_fd_sc_hd__or4_1)
   0.4667    6.4960 v IntToFPUnit/ifpu/i2fResults_i2f/_0683_/X (sky130_fd_sc_hd__or4_1)
   0.4667    6.9626 v IntToFPUnit/ifpu/i2fResults_i2f/_0684_/X (sky130_fd_sc_hd__or4_1)
   0.4667    7.4293 v IntToFPUnit/ifpu/i2fResults_i2f/_0685_/X (sky130_fd_sc_hd__or4_1)
   0.4667    7.8960 v IntToFPUnit/ifpu/i2fResults_i2f/_0686_/X (sky130_fd_sc_hd__or4_1)
   0.4667    8.3627 v IntToFPUnit/ifpu/i2fResults_i2f/_0687_/X (sky130_fd_sc_hd__or4_1)
   0.4597    8.8223 v IntToFPUnit/ifpu/i2fResults_i2f/_0688_/X (sky130_fd_sc_hd__or4_1)
   0.4581    9.2804 v IntToFPUnit/ifpu/i2fResults_i2f/_0689_/X (sky130_fd_sc_hd__or4_1)
   0.4502    9.7307 v IntToFPUnit/ifpu/i2fResults_i2f/_0690_/X (sky130_fd_sc_hd__or4_1)
   0.2176    9.9483 ^ IntToFPUnit/ifpu/i2fResults_i2f/_0691_/Y (sky130_fd_sc_hd__o21ai_0)
   0.1149   10.0632 v IntToFPUnit/ifpu/i2fResults_i2f/_0692_/Y (sky130_fd_sc_hd__nand2_1)
   0.0813   10.1445 ^ IntToFPUnit/ifpu/i2fResults_i2f/_0959_/Y (sky130_fd_sc_hd__nand2_1)
   0.0645   10.2091 v IntToFPUnit/ifpu/i2fResults_i2f/_0960_/Y (sky130_fd_sc_hd__a21oi_1)
   0.1624   10.3715 ^ IntToFPUnit/ifpu/i2fResults_i2f/_0961_/Y (sky130_fd_sc_hd__nor2_1)
   0.4258   10.7973 ^ IntToFPUnit/ifpu/i2fResults_i2f/_0975_/X (sky130_fd_sc_hd__lpflow_clkbufkapwr_1)
   0.5128   11.3101 ^ IntToFPUnit/ifpu/i2fResults_i2f/_1063_/X (sky130_fd_sc_hd__lpflow_clkbufkapwr_1)
   0.1750   11.4851 v IntToFPUnit/ifpu/i2fResults_i2f/_1137_/Y (sky130_fd_sc_hd__mux2i_1)
   0.2224   11.7075 ^ IntToFPUnit/ifpu/i2fResults_i2f/_1138_/Y (sky130_fd_sc_hd__mux2i_1)
   0.1219   11.8294 v IntToFPUnit/ifpu/i2fResults_i2f/_1139_/Y (sky130_fd_sc_hd__mux2i_1)
   0.1685   11.9979 ^ IntToFPUnit/ifpu/i2fResults_i2f/_1194_/Y (sky130_fd_sc_hd__mux2i_1)
   0.1041   12.1020 v IntToFPUnit/ifpu/i2fResults_i2f/_1195_/Y (sky130_fd_sc_hd__o21ai_0)
   0.1863   12.2883 v IntToFPUnit/ifpu/i2fResults_i2f/_1197_/X (sky130_fd_sc_hd__a21o_1)
   0.2463   12.5346 ^ IntToFPUnit/ifpu/i2fResults_i2f/roundAnyRawFNToRecFN/_098_/Y (sky130_fd_sc_hd__nor4_1)
   0.1440   12.6787 v IntToFPUnit/ifpu/i2fResults_i2f/roundAnyRawFNToRecFN/_099_/Y (sky130_fd_sc_hd__nand4_1)
   0.4030   13.0816 ^ IntToFPUnit/ifpu/i2fResults_i2f/roundAnyRawFNToRecFN/_109_/Y (sky130_fd_sc_hd__nor4_1)
   0.2422   13.3239 v IntToFPUnit/ifpu/i2fResults_i2f/roundAnyRawFNToRecFN/_113_/Y (sky130_fd_sc_hd__o21ai_0)
   0.2149   13.5388 v IntToFPUnit/ifpu/i2fResults_i2f/roundAnyRawFNToRecFN/_134_/X (sky130_fd_sc_hd__and3_1)
   0.1379   13.6767 v IntToFPUnit/ifpu/i2fResults_i2f/roundAnyRawFNToRecFN/_135_/X (sky130_fd_sc_hd__clkbuf_1)
   0.2051   13.8819 v IntToFPUnit/ifpu/i2fResults_i2f/roundAnyRawFNToRecFN/_157_/X (sky130_fd_sc_hd__and3_1)
   0.1932   14.0750 v IntToFPUnit/ifpu/i2fResults_i2f/roundAnyRawFNToRecFN/_162_/X (sky130_fd_sc_hd__and3_1)
   0.1664   14.2414 ^ IntToFPUnit/ifpu/i2fResults_i2f/roundAnyRawFNToRecFN/_164_/Y (sky130_fd_sc_hd__nor3_1)
   0.1243   14.3657 ^ IntToFPUnit/ifpu/_2132_/X (sky130_fd_sc_hd__o21a_1)
   0.0698   14.4355 v IntToFPUnit/ifpu/_2133_/Y (sky130_fd_sc_hd__o21ai_0)
   0.1597   14.5951 ^ IntToFPUnit/ifpu/_2135_/Y (sky130_fd_sc_hd__a31oi_1)
   0.0035   14.5986 ^ IntToFPUnit/ifpu/_2919_/D (sky130_fd_sc_hd__dfxtp_1)
            14.5986   data arrival time

  20.0000   20.0000   clock clock (rise edge)
   0.0000   20.0000   clock network delay (ideal)
   0.0000   20.0000   clock reconvergence pessimism
            20.0000 ^ IntToFPUnit/ifpu/_2919_/CLK (sky130_fd_sc_hd__dfxtp_1)
  -0.0756   19.9244   library setup time
            19.9244   data required time
-------------------------------------------------------------
            19.9244   data required time
           -14.5986   data arrival time
-------------------------------------------------------------
             5.3258   slack (MET)


Startpoint: IntToFPUnit/ifpu/_2836_
            (rising edge-triggered flip-flop clocked by clock)
Endpoint: IntToFPUnit/ifpu/_2938_
          (rising edge-triggered flip-flop clocked by clock)
Path Group: clock
Path Type: max

    Delay      Time   Description
-------------------------------------------------------------
   0.0000    0.0000   clock clock (rise edge)
   0.0000    0.0000   clock network delay (ideal)
   0.0000    0.0000 ^ IntToFPUnit/ifpu/_2836_/CLK (sky130_fd_sc_hd__dfxtp_1)
   0.4367    0.4367 v IntToFPUnit/ifpu/_2836_/Q (sky130_fd_sc_hd__dfxtp_1)
   0.5741    1.0109 v IntToFPUnit/ifpu/i2fResults_i2f_1/_0670_/X (sky130_fd_sc_hd__or4_1)
   0.2304    1.2413 ^ IntToFPUnit/ifpu/i2fResults_i2f_1/_0671_/Y (sky130_fd_sc_hd__nor4_1)
   0.1306    1.3719 v IntToFPUnit/ifpu/i2fResults_i2f_1/_0672_/Y (sky130_fd_sc_hd__nand2b_1)
   0.4586    1.8305 v IntToFPUnit/ifpu/i2fResults_i2f_1/_0673_/X (sky130_fd_sc_hd__or4_1)
   0.4665    2.2970 v IntToFPUnit/ifpu/i2fResults_i2f_1/_0674_/X (sky130_fd_sc_hd__or4_1)
   0.4667    2.7637 v IntToFPUnit/ifpu/i2fResults_i2f_1/_0675_/X (sky130_fd_sc_hd__or4_1)
   0.4667    3.2303 v IntToFPUnit/ifpu/i2fResults_i2f_1/_0676_/X (sky130_fd_sc_hd__or4_1)
   0.4665    3.6968 v IntToFPUnit/ifpu/i2fResults_i2f_1/_0677_/X (sky130_fd_sc_hd__or4_1)
   0.4664    4.1632 v IntToFPUnit/ifpu/i2fResults_i2f_1/_0678_/X (sky130_fd_sc_hd__or4_1)
   0.4665    4.6297 v IntToFPUnit/ifpu/i2fResults_i2f_1/_0679_/X (sky130_fd_sc_hd__or4_1)
   0.4665    5.0962 v IntToFPUnit/ifpu/i2fResults_i2f_1/_0680_/X (sky130_fd_sc_hd__or4_1)
   0.4665    5.5626 v IntToFPUnit/ifpu/i2fResults_i2f_1/_0681_/X (sky130_fd_sc_hd__or4_1)
   0.4667    6.0293 v IntToFPUnit/ifpu/i2fResults_i2f_1/_0682_/X (sky130_fd_sc_hd__or4_1)
   0.4667    6.4960 v IntToFPUnit/ifpu/i2fResults_i2f_1/_0683_/X (sky130_fd_sc_hd__or4_1)
   0.4667    6.9626 v IntToFPUnit/ifpu/i2fResults_i2f_1/_0684_/X (sky130_fd_sc_hd__or4_1)
   0.4667    7.4293 v IntToFPUnit/ifpu/i2fResults_i2f_1/_0685_/X (sky130_fd_sc_hd__or4_1)
   0.4667    7.8960 v IntToFPUnit/ifpu/i2fResults_i2f_1/_0686_/X (sky130_fd_sc_hd__or4_1)
   0.4667    8.3627 v IntToFPUnit/ifpu/i2fResults_i2f_1/_0687_/X (sky130_fd_sc_hd__or4_1)
   0.4597    8.8223 v IntToFPUnit/ifpu/i2fResults_i2f_1/_0688_/X (sky130_fd_sc_hd__or4_1)
   0.4581    9.2804 v IntToFPUnit/ifpu/i2fResults_i2f_1/_0689_/X (sky130_fd_sc_hd__or4_1)
   0.4502    9.7307 v IntToFPUnit/ifpu/i2fResults_i2f_1/_0690_/X (sky130_fd_sc_hd__or4_1)
   0.2176    9.9483 ^ IntToFPUnit/ifpu/i2fResults_i2f_1/_0691_/Y (sky130_fd_sc_hd__o21ai_0)
   0.1149   10.0632 v IntToFPUnit/ifpu/i2fResults_i2f_1/_0692_/Y (sky130_fd_sc_hd__nand2_1)
   0.0813   10.1445 ^ IntToFPUnit/ifpu/i2fResults_i2f_1/_0959_/Y (sky130_fd_sc_hd__nand2_1)
   0.0645   10.2091 v IntToFPUnit/ifpu/i2fResults_i2f_1/_0960_/Y (sky130_fd_sc_hd__a21oi_1)
   0.1624   10.3715 ^ IntToFPUnit/ifpu/i2fResults_i2f_1/_0961_/Y (sky130_fd_sc_hd__nor2_1)
   0.4258   10.7973 ^ IntToFPUnit/ifpu/i2fResults_i2f_1/_0975_/X (sky130_fd_sc_hd__lpflow_clkbufkapwr_1)
   0.5128   11.3101 ^ IntToFPUnit/ifpu/i2fResults_i2f_1/_1063_/X (sky130_fd_sc_hd__lpflow_clkbufkapwr_1)
   0.2826   11.5927 ^ IntToFPUnit/ifpu/i2fResults_i2f_1/_1143_/Y (sky130_fd_sc_hd__mux2i_1)
   0.1121   11.7048 v IntToFPUnit/ifpu/i2fResults_i2f_1/_1144_/Y (sky130_fd_sc_hd__mux2i_1)
   0.1904   11.8952 ^ IntToFPUnit/ifpu/i2fResults_i2f_1/_1145_/Y (sky130_fd_sc_hd__mux2i_1)
   0.1083   12.0035 v IntToFPUnit/ifpu/i2fResults_i2f_1/_1146_/Y (sky130_fd_sc_hd__mux2i_1)
   0.2885   12.2920 v IntToFPUnit/ifpu/i2fResults_i2f_1/_1147_/X (sky130_fd_sc_hd__mux2_2)
   0.2062   12.4982 ^ IntToFPUnit/ifpu/i2fResults_i2f_1/_1148_/Y (sky130_fd_sc_hd__nor2_1)
   0.2054   12.7036 ^ IntToFPUnit/ifpu/i2fResults_i2f_1/roundAnyRawFNToRecFN/_226_/X (sky130_fd_sc_hd__and3_1)
   0.0986   12.8022 v IntToFPUnit/ifpu/i2fResults_i2f_1/roundAnyRawFNToRecFN/_227_/Y (sky130_fd_sc_hd__nand3_1)
   0.5271   13.3293 v IntToFPUnit/ifpu/i2fResults_i2f_1/roundAnyRawFNToRecFN/_258_/X (sky130_fd_sc_hd__or4_1)
   0.2183   13.5475 ^ IntToFPUnit/ifpu/i2fResults_i2f_1/roundAnyRawFNToRecFN/_259_/Y (sky130_fd_sc_hd__nor2_1)
   0.2834   13.8309 ^ IntToFPUnit/ifpu/i2fResults_i2f_1/roundAnyRawFNToRecFN/_270_/X (sky130_fd_sc_hd__and4_1)
   0.2730   14.1040 ^ IntToFPUnit/ifpu/i2fResults_i2f_1/roundAnyRawFNToRecFN/_280_/X (sky130_fd_sc_hd__lpflow_isobufsrc_1)
   0.0930   14.1969 v IntToFPUnit/ifpu/i2fResults_i2f_1/roundAnyRawFNToRecFN/_282_/Y (sky130_fd_sc_hd__o21bai_1)
   0.1072   14.3042 ^ IntToFPUnit/ifpu/i2fResults_i2f_1/roundAnyRawFNToRecFN/_283_/Y (sky130_fd_sc_hd__a21oi_1)
   0.0812   14.3854 v IntToFPUnit/ifpu/_2518_/Y (sky130_fd_sc_hd__o21ai_0)
   0.1598   14.5452 ^ IntToFPUnit/ifpu/_2520_/Y (sky130_fd_sc_hd__a31oi_1)
   0.0035   14.5486 ^ IntToFPUnit/ifpu/_2938_/D (sky130_fd_sc_hd__dfxtp_1)
            14.5486   data arrival time

  20.0000   20.0000   clock clock (rise edge)
   0.0000   20.0000   clock network delay (ideal)
   0.0000   20.0000   clock reconvergence pessimism
            20.0000 ^ IntToFPUnit/ifpu/_2938_/CLK (sky130_fd_sc_hd__dfxtp_1)
  -0.0756   19.9244   library setup time
            19.9244   data required time
-------------------------------------------------------------
            19.9244   data required time
           -14.5486   data arrival time
-------------------------------------------------------------
             5.3758   slack (MET)


Startpoint: IntToFPUnit/ifpu/_2836_
            (rising edge-triggered flip-flop clocked by clock)
Endpoint: IntToFPUnit/ifpu/_2918_
          (rising edge-triggered flip-flop clocked by clock)
Path Group: clock
Path Type: max

    Delay      Time   Description
-------------------------------------------------------------
   0.0000    0.0000   clock clock (rise edge)
   0.0000    0.0000   clock network delay (ideal)
   0.0000    0.0000 ^ IntToFPUnit/ifpu/_2836_/CLK (sky130_fd_sc_hd__dfxtp_1)
   0.4367    0.4367 v IntToFPUnit/ifpu/_2836_/Q (sky130_fd_sc_hd__dfxtp_1)
   0.5741    1.0109 v IntToFPUnit/ifpu/i2fResults_i2f/_0670_/X (sky130_fd_sc_hd__or4_1)
   0.2304    1.2413 ^ IntToFPUnit/ifpu/i2fResults_i2f/_0671_/Y (sky130_fd_sc_hd__nor4_1)
   0.1306    1.3719 v IntToFPUnit/ifpu/i2fResults_i2f/_0672_/Y (sky130_fd_sc_hd__nand2b_1)
   0.4586    1.8305 v IntToFPUnit/ifpu/i2fResults_i2f/_0673_/X (sky130_fd_sc_hd__or4_1)
   0.4665    2.2970 v IntToFPUnit/ifpu/i2fResults_i2f/_0674_/X (sky130_fd_sc_hd__or4_1)
   0.4667    2.7637 v IntToFPUnit/ifpu/i2fResults_i2f/_0675_/X (sky130_fd_sc_hd__or4_1)
   0.4667    3.2303 v IntToFPUnit/ifpu/i2fResults_i2f/_0676_/X (sky130_fd_sc_hd__or4_1)
   0.4665    3.6968 v IntToFPUnit/ifpu/i2fResults_i2f/_0677_/X (sky130_fd_sc_hd__or4_1)
   0.4664    4.1632 v IntToFPUnit/ifpu/i2fResults_i2f/_0678_/X (sky130_fd_sc_hd__or4_1)
   0.4665    4.6297 v IntToFPUnit/ifpu/i2fResults_i2f/_0679_/X (sky130_fd_sc_hd__or4_1)
   0.4665    5.0962 v IntToFPUnit/ifpu/i2fResults_i2f/_0680_/X (sky130_fd_sc_hd__or4_1)
   0.4665    5.5626 v IntToFPUnit/ifpu/i2fResults_i2f/_0681_/X (sky130_fd_sc_hd__or4_1)
   0.4667    6.0293 v IntToFPUnit/ifpu/i2fResults_i2f/_0682_/X (sky130_fd_sc_hd__or4_1)
   0.4667    6.4960 v IntToFPUnit/ifpu/i2fResults_i2f/_0683_/X (sky130_fd_sc_hd__or4_1)
   0.4667    6.9626 v IntToFPUnit/ifpu/i2fResults_i2f/_0684_/X (sky130_fd_sc_hd__or4_1)
   0.4667    7.4293 v IntToFPUnit/ifpu/i2fResults_i2f/_0685_/X (sky130_fd_sc_hd__or4_1)
   0.4667    7.8960 v IntToFPUnit/ifpu/i2fResults_i2f/_0686_/X (sky130_fd_sc_hd__or4_1)
   0.4667    8.3627 v IntToFPUnit/ifpu/i2fResults_i2f/_0687_/X (sky130_fd_sc_hd__or4_1)
   0.4597    8.8223 v IntToFPUnit/ifpu/i2fResults_i2f/_0688_/X (sky130_fd_sc_hd__or4_1)
   0.4581    9.2804 v IntToFPUnit/ifpu/i2fResults_i2f/_0689_/X (sky130_fd_sc_hd__or4_1)
   0.4502    9.7307 v IntToFPUnit/ifpu/i2fResults_i2f/_0690_/X (sky130_fd_sc_hd__or4_1)
   0.2176    9.9483 ^ IntToFPUnit/ifpu/i2fResults_i2f/_0691_/Y (sky130_fd_sc_hd__o21ai_0)
   0.1149   10.0632 v IntToFPUnit/ifpu/i2fResults_i2f/_0692_/Y (sky130_fd_sc_hd__nand2_1)
   0.0813   10.1445 ^ IntToFPUnit/ifpu/i2fResults_i2f/_0959_/Y (sky130_fd_sc_hd__nand2_1)
   0.0645   10.2091 v IntToFPUnit/ifpu/i2fResults_i2f/_0960_/Y (sky130_fd_sc_hd__a21oi_1)
   0.1624   10.3715 ^ IntToFPUnit/ifpu/i2fResults_i2f/_0961_/Y (sky130_fd_sc_hd__nor2_1)
   0.4258   10.7973 ^ IntToFPUnit/ifpu/i2fResults_i2f/_0975_/X (sky130_fd_sc_hd__lpflow_clkbufkapwr_1)
   0.5128   11.3101 ^ IntToFPUnit/ifpu/i2fResults_i2f/_1063_/X (sky130_fd_sc_hd__lpflow_clkbufkapwr_1)
   0.1750   11.4851 v IntToFPUnit/ifpu/i2fResults_i2f/_1137_/Y (sky130_fd_sc_hd__mux2i_1)
   0.2224   11.7075 ^ IntToFPUnit/ifpu/i2fResults_i2f/_1138_/Y (sky130_fd_sc_hd__mux2i_1)
   0.1219   11.8294 v IntToFPUnit/ifpu/i2fResults_i2f/_1139_/Y (sky130_fd_sc_hd__mux2i_1)
   0.1685   11.9979 ^ IntToFPUnit/ifpu/i2fResults_i2f/_1194_/Y (sky130_fd_sc_hd__mux2i_1)
   0.1041   12.1020 v IntToFPUnit/ifpu/i2fResults_i2f/_1195_/Y (sky130_fd_sc_hd__o21ai_0)
   0.1863   12.2883 v IntToFPUnit/ifpu/i2fResults_i2f/_1197_/X (sky130_fd_sc_hd__a21o_1)
   0.2463   12.5346 ^ IntToFPUnit/ifpu/i2fResults_i2f/roundAnyRawFNToRecFN/_098_/Y (sky130_fd_sc_hd__nor4_1)
   0.1440   12.6787 v IntToFPUnit/ifpu/i2fResults_i2f/roundAnyRawFNToRecFN/_099_/Y (sky130_fd_sc_hd__nand4_1)
   0.4030   13.0816 ^ IntToFPUnit/ifpu/i2fResults_i2f/roundAnyRawFNToRecFN/_109_/Y (sky130_fd_sc_hd__nor4_1)
   0.2422   13.3239 v IntToFPUnit/ifpu/i2fResults_i2f/roundAnyRawFNToRecFN/_113_/Y (sky130_fd_sc_hd__o21ai_0)
   0.2149   13.5388 v IntToFPUnit/ifpu/i2fResults_i2f/roundAnyRawFNToRecFN/_134_/X (sky130_fd_sc_hd__and3_1)
   0.1379   13.6767 v IntToFPUnit/ifpu/i2fResults_i2f/roundAnyRawFNToRecFN/_135_/X (sky130_fd_sc_hd__clkbuf_1)
   0.2051   13.8819 v IntToFPUnit/ifpu/i2fResults_i2f/roundAnyRawFNToRecFN/_157_/X (sky130_fd_sc_hd__and3_1)
   0.1752   14.0571 v IntToFPUnit/ifpu/i2fResults_i2f/roundAnyRawFNToRecFN/_160_/X (sky130_fd_sc_hd__lpflow_inputiso0n_1)
   0.1318   14.1889 ^ IntToFPUnit/ifpu/i2fResults_i2f/roundAnyRawFNToRecFN/_161_/Y (sky130_fd_sc_hd__nor3_1)
   0.1243   14.3132 ^ IntToFPUnit/ifpu/_2110_/X (sky130_fd_sc_hd__o21a_1)
   0.0698   14.3829 v IntToFPUnit/ifpu/_2111_/Y (sky130_fd_sc_hd__o21ai_0)
   0.1597   14.5426 ^ IntToFPUnit/ifpu/_2113_/Y (sky130_fd_sc_hd__a31oi_1)
   0.0035   14.5461 ^ IntToFPUnit/ifpu/_2918_/D (sky130_fd_sc_hd__dfxtp_1)
            14.5461   data arrival time

  20.0000   20.0000   clock clock (rise edge)
   0.0000   20.0000   clock network delay (ideal)
   0.0000   20.0000   clock reconvergence pessimism
            20.0000 ^ IntToFPUnit/ifpu/_2918_/CLK (sky130_fd_sc_hd__dfxtp_1)
  -0.0756   19.9244   library setup time
            19.9244   data required time
-------------------------------------------------------------
            19.9244   data required time
           -14.5461   data arrival time
-------------------------------------------------------------
             5.3783   slack (MET)


Startpoint: IntToFPUnit/ifpu/_2836_
            (rising edge-triggered flip-flop clocked by clock)
Endpoint: IntToFPUnit/ifpu/_2913_
          (rising edge-triggered flip-flop clocked by clock)
Path Group: clock
Path Type: max

    Delay      Time   Description
-------------------------------------------------------------
   0.0000    0.0000   clock clock (rise edge)
   0.0000    0.0000   clock network delay (ideal)
   0.0000    0.0000 ^ IntToFPUnit/ifpu/_2836_/CLK (sky130_fd_sc_hd__dfxtp_1)
   0.4367    0.4367 v IntToFPUnit/ifpu/_2836_/Q (sky130_fd_sc_hd__dfxtp_1)
   0.5741    1.0109 v IntToFPUnit/ifpu/i2fResults_i2f/_0670_/X (sky130_fd_sc_hd__or4_1)
   0.2304    1.2413 ^ IntToFPUnit/ifpu/i2fResults_i2f/_0671_/Y (sky130_fd_sc_hd__nor4_1)
   0.1306    1.3719 v IntToFPUnit/ifpu/i2fResults_i2f/_0672_/Y (sky130_fd_sc_hd__nand2b_1)
   0.4586    1.8305 v IntToFPUnit/ifpu/i2fResults_i2f/_0673_/X (sky130_fd_sc_hd__or4_1)
   0.4665    2.2970 v IntToFPUnit/ifpu/i2fResults_i2f/_0674_/X (sky130_fd_sc_hd__or4_1)
   0.4667    2.7637 v IntToFPUnit/ifpu/i2fResults_i2f/_0675_/X (sky130_fd_sc_hd__or4_1)
   0.4667    3.2303 v IntToFPUnit/ifpu/i2fResults_i2f/_0676_/X (sky130_fd_sc_hd__or4_1)
   0.4665    3.6968 v IntToFPUnit/ifpu/i2fResults_i2f/_0677_/X (sky130_fd_sc_hd__or4_1)
   0.4664    4.1632 v IntToFPUnit/ifpu/i2fResults_i2f/_0678_/X (sky130_fd_sc_hd__or4_1)
   0.4665    4.6297 v IntToFPUnit/ifpu/i2fResults_i2f/_0679_/X (sky130_fd_sc_hd__or4_1)
   0.4665    5.0962 v IntToFPUnit/ifpu/i2fResults_i2f/_0680_/X (sky130_fd_sc_hd__or4_1)
   0.4665    5.5626 v IntToFPUnit/ifpu/i2fResults_i2f/_0681_/X (sky130_fd_sc_hd__or4_1)
   0.4667    6.0293 v IntToFPUnit/ifpu/i2fResults_i2f/_0682_/X (sky130_fd_sc_hd__or4_1)
   0.4667    6.4960 v IntToFPUnit/ifpu/i2fResults_i2f/_0683_/X (sky130_fd_sc_hd__or4_1)
   0.4667    6.9626 v IntToFPUnit/ifpu/i2fResults_i2f/_0684_/X (sky130_fd_sc_hd__or4_1)
   0.4667    7.4293 v IntToFPUnit/ifpu/i2fResults_i2f/_0685_/X (sky130_fd_sc_hd__or4_1)
   0.4667    7.8960 v IntToFPUnit/ifpu/i2fResults_i2f/_0686_/X (sky130_fd_sc_hd__or4_1)
   0.4667    8.3627 v IntToFPUnit/ifpu/i2fResults_i2f/_0687_/X (sky130_fd_sc_hd__or4_1)
   0.4597    8.8223 v IntToFPUnit/ifpu/i2fResults_i2f/_0688_/X (sky130_fd_sc_hd__or4_1)
   0.4581    9.2804 v IntToFPUnit/ifpu/i2fResults_i2f/_0689_/X (sky130_fd_sc_hd__or4_1)
   0.4502    9.7307 v IntToFPUnit/ifpu/i2fResults_i2f/_0690_/X (sky130_fd_sc_hd__or4_1)
   0.2176    9.9483 ^ IntToFPUnit/ifpu/i2fResults_i2f/_0691_/Y (sky130_fd_sc_hd__o21ai_0)
   0.1149   10.0632 v IntToFPUnit/ifpu/i2fResults_i2f/_0692_/Y (sky130_fd_sc_hd__nand2_1)
   0.0813   10.1445 ^ IntToFPUnit/ifpu/i2fResults_i2f/_0959_/Y (sky130_fd_sc_hd__nand2_1)
   0.0645   10.2091 v IntToFPUnit/ifpu/i2fResults_i2f/_0960_/Y (sky130_fd_sc_hd__a21oi_1)
   0.1624   10.3715 ^ IntToFPUnit/ifpu/i2fResults_i2f/_0961_/Y (sky130_fd_sc_hd__nor2_1)
   0.4258   10.7973 ^ IntToFPUnit/ifpu/i2fResults_i2f/_0975_/X (sky130_fd_sc_hd__lpflow_clkbufkapwr_1)
   0.5128   11.3101 ^ IntToFPUnit/ifpu/i2fResults_i2f/_1063_/X (sky130_fd_sc_hd__lpflow_clkbufkapwr_1)
   0.1750   11.4851 v IntToFPUnit/ifpu/i2fResults_i2f/_1137_/Y (sky130_fd_sc_hd__mux2i_1)
   0.2224   11.7075 ^ IntToFPUnit/ifpu/i2fResults_i2f/_1138_/Y (sky130_fd_sc_hd__mux2i_1)
   0.1219   11.8294 v IntToFPUnit/ifpu/i2fResults_i2f/_1139_/Y (sky130_fd_sc_hd__mux2i_1)
   0.1685   11.9979 ^ IntToFPUnit/ifpu/i2fResults_i2f/_1194_/Y (sky130_fd_sc_hd__mux2i_1)
   0.1041   12.1020 v IntToFPUnit/ifpu/i2fResults_i2f/_1195_/Y (sky130_fd_sc_hd__o21ai_0)
   0.1863   12.2883 v IntToFPUnit/ifpu/i2fResults_i2f/_1197_/X (sky130_fd_sc_hd__a21o_1)
   0.2463   12.5346 ^ IntToFPUnit/ifpu/i2fResults_i2f/roundAnyRawFNToRecFN/_098_/Y (sky130_fd_sc_hd__nor4_1)
   0.1440   12.6787 v IntToFPUnit/ifpu/i2fResults_i2f/roundAnyRawFNToRecFN/_099_/Y (sky130_fd_sc_hd__nand4_1)
   0.4030   13.0816 ^ IntToFPUnit/ifpu/i2fResults_i2f/roundAnyRawFNToRecFN/_109_/Y (sky130_fd_sc_hd__nor4_1)
   0.2422   13.3239 v IntToFPUnit/ifpu/i2fResults_i2f/roundAnyRawFNToRecFN/_113_/Y (sky130_fd_sc_hd__o21ai_0)
   0.2149   13.5388 v IntToFPUnit/ifpu/i2fResults_i2f/roundAnyRawFNToRecFN/_134_/X (sky130_fd_sc_hd__and3_1)
   0.1379   13.6767 v IntToFPUnit/ifpu/i2fResults_i2f/roundAnyRawFNToRecFN/_135_/X (sky130_fd_sc_hd__clkbuf_1)
   0.2342   13.9109 v IntToFPUnit/ifpu/i2fResults_i2f/roundAnyRawFNToRecFN/_140_/X (sky130_fd_sc_hd__and3_1)
   0.1492   14.0601 ^ IntToFPUnit/ifpu/i2fResults_i2f/roundAnyRawFNToRecFN/_142_/Y (sky130_fd_sc_hd__a21oi_1)
   0.1311   14.1913 ^ IntToFPUnit/ifpu/i2fResults_i2f/roundAnyRawFNToRecFN/_143_/X (sky130_fd_sc_hd__o21a_1)
   0.0980   14.2893 ^ IntToFPUnit/ifpu/_1979_/X (sky130_fd_sc_hd__o21a_1)
   0.0698   14.3590 v IntToFPUnit/ifpu/_1980_/Y (sky130_fd_sc_hd__o21ai_0)
   0.1597   14.5187 ^ IntToFPUnit/ifpu/_1982_/Y (sky130_fd_sc_hd__a31oi_1)
   0.0035   14.5222 ^ IntToFPUnit/ifpu/_2913_/D (sky130_fd_sc_hd__dfxtp_1)
            14.5222   data arrival time

  20.0000   20.0000   clock clock (rise edge)
   0.0000   20.0000   clock network delay (ideal)
   0.0000   20.0000   clock reconvergence pessimism
            20.0000 ^ IntToFPUnit/ifpu/_2913_/CLK (sky130_fd_sc_hd__dfxtp_1)
  -0.0756   19.9244   library setup time
            19.9244   data required time
-------------------------------------------------------------
            19.9244   data required time
           -14.5222   data arrival time
-------------------------------------------------------------
             5.4022   slack (MET)


Startpoint: IntToFPUnit/ifpu/_2836_
            (rising edge-triggered flip-flop clocked by clock)
Endpoint: IntToFPUnit/ifpu/_2949_
          (rising edge-triggered flip-flop clocked by clock)
Path Group: clock
Path Type: max

    Delay      Time   Description
-------------------------------------------------------------
   0.0000    0.0000   clock clock (rise edge)
   0.0000    0.0000   clock network delay (ideal)
   0.0000    0.0000 ^ IntToFPUnit/ifpu/_2836_/CLK (sky130_fd_sc_hd__dfxtp_1)
   0.4367    0.4367 v IntToFPUnit/ifpu/_2836_/Q (sky130_fd_sc_hd__dfxtp_1)
   0.5741    1.0109 v IntToFPUnit/ifpu/i2fResults_i2f_1/_0670_/X (sky130_fd_sc_hd__or4_1)
   0.2304    1.2413 ^ IntToFPUnit/ifpu/i2fResults_i2f_1/_0671_/Y (sky130_fd_sc_hd__nor4_1)
   0.1306    1.3719 v IntToFPUnit/ifpu/i2fResults_i2f_1/_0672_/Y (sky130_fd_sc_hd__nand2b_1)
   0.4586    1.8305 v IntToFPUnit/ifpu/i2fResults_i2f_1/_0673_/X (sky130_fd_sc_hd__or4_1)
   0.4665    2.2970 v IntToFPUnit/ifpu/i2fResults_i2f_1/_0674_/X (sky130_fd_sc_hd__or4_1)
   0.4667    2.7637 v IntToFPUnit/ifpu/i2fResults_i2f_1/_0675_/X (sky130_fd_sc_hd__or4_1)
   0.4667    3.2303 v IntToFPUnit/ifpu/i2fResults_i2f_1/_0676_/X (sky130_fd_sc_hd__or4_1)
   0.4665    3.6968 v IntToFPUnit/ifpu/i2fResults_i2f_1/_0677_/X (sky130_fd_sc_hd__or4_1)
   0.4664    4.1632 v IntToFPUnit/ifpu/i2fResults_i2f_1/_0678_/X (sky130_fd_sc_hd__or4_1)
   0.4665    4.6297 v IntToFPUnit/ifpu/i2fResults_i2f_1/_0679_/X (sky130_fd_sc_hd__or4_1)
   0.4665    5.0962 v IntToFPUnit/ifpu/i2fResults_i2f_1/_0680_/X (sky130_fd_sc_hd__or4_1)
   0.4665    5.5626 v IntToFPUnit/ifpu/i2fResults_i2f_1/_0681_/X (sky130_fd_sc_hd__or4_1)
   0.4667    6.0293 v IntToFPUnit/ifpu/i2fResults_i2f_1/_0682_/X (sky130_fd_sc_hd__or4_1)
   0.4667    6.4960 v IntToFPUnit/ifpu/i2fResults_i2f_1/_0683_/X (sky130_fd_sc_hd__or4_1)
   0.4667    6.9626 v IntToFPUnit/ifpu/i2fResults_i2f_1/_0684_/X (sky130_fd_sc_hd__or4_1)
   0.4667    7.4293 v IntToFPUnit/ifpu/i2fResults_i2f_1/_0685_/X (sky130_fd_sc_hd__or4_1)
   0.4667    7.8960 v IntToFPUnit/ifpu/i2fResults_i2f_1/_0686_/X (sky130_fd_sc_hd__or4_1)
   0.4667    8.3627 v IntToFPUnit/ifpu/i2fResults_i2f_1/_0687_/X (sky130_fd_sc_hd__or4_1)
   0.4597    8.8223 v IntToFPUnit/ifpu/i2fResults_i2f_1/_0688_/X (sky130_fd_sc_hd__or4_1)
   0.4581    9.2804 v IntToFPUnit/ifpu/i2fResults_i2f_1/_0689_/X (sky130_fd_sc_hd__or4_1)
   0.4502    9.7307 v IntToFPUnit/ifpu/i2fResults_i2f_1/_0690_/X (sky130_fd_sc_hd__or4_1)
   0.2176    9.9483 ^ IntToFPUnit/ifpu/i2fResults_i2f_1/_0691_/Y (sky130_fd_sc_hd__o21ai_0)
   0.1149   10.0632 v IntToFPUnit/ifpu/i2fResults_i2f_1/_0692_/Y (sky130_fd_sc_hd__nand2_1)
   0.0813   10.1445 ^ IntToFPUnit/ifpu/i2fResults_i2f_1/_0959_/Y (sky130_fd_sc_hd__nand2_1)
   0.0645   10.2091 v IntToFPUnit/ifpu/i2fResults_i2f_1/_0960_/Y (sky130_fd_sc_hd__a21oi_1)
   0.1624   10.3715 ^ IntToFPUnit/ifpu/i2fResults_i2f_1/_0961_/Y (sky130_fd_sc_hd__nor2_1)
   0.4258   10.7973 ^ IntToFPUnit/ifpu/i2fResults_i2f_1/_0975_/X (sky130_fd_sc_hd__lpflow_clkbufkapwr_1)
   0.5128   11.3101 ^ IntToFPUnit/ifpu/i2fResults_i2f_1/_1063_/X (sky130_fd_sc_hd__lpflow_clkbufkapwr_1)
   0.2826   11.5927 ^ IntToFPUnit/ifpu/i2fResults_i2f_1/_1092_/Y (sky130_fd_sc_hd__mux2i_1)
   0.1121   11.7048 v IntToFPUnit/ifpu/i2fResults_i2f_1/_1093_/Y (sky130_fd_sc_hd__mux2i_1)
   0.1904   11.8952 ^ IntToFPUnit/ifpu/i2fResults_i2f_1/_1094_/Y (sky130_fd_sc_hd__mux2i_1)
   0.1083   12.0035 v IntToFPUnit/ifpu/i2fResults_i2f_1/_1095_/Y (sky130_fd_sc_hd__mux2i_1)
   0.2954   12.2990 v IntToFPUnit/ifpu/i2fResults_i2f_1/_1096_/X (sky130_fd_sc_hd__mux2_2)
   0.1532   12.4521 ^ IntToFPUnit/ifpu/i2fResults_i2f_1/_1097_/Y (sky130_fd_sc_hd__nor2_1)
   0.1167   12.5688 v IntToFPUnit/ifpu/i2fResults_i2f_1/roundAnyRawFNToRecFN/_196_/Y (sky130_fd_sc_hd__nand3_1)
   0.2086   12.7774 ^ IntToFPUnit/ifpu/i2fResults_i2f_1/roundAnyRawFNToRecFN/_210_/Y (sky130_fd_sc_hd__nor3_1)
   0.1237   12.9011 v IntToFPUnit/ifpu/i2fResults_i2f_1/roundAnyRawFNToRecFN/_211_/Y (sky130_fd_sc_hd__nand4_1)
   0.3338   13.2349 v IntToFPUnit/ifpu/i2fResults_i2f_1/roundAnyRawFNToRecFN/_212_/X (sky130_fd_sc_hd__or2_2)
   0.1239   13.3589 ^ IntToFPUnit/ifpu/i2fResults_i2f_1/roundAnyRawFNToRecFN/_266_/Y (sky130_fd_sc_hd__nor2_1)
   0.1879   13.5468 ^ IntToFPUnit/ifpu/i2fResults_i2f_1/roundAnyRawFNToRecFN/_296_/X (sky130_fd_sc_hd__and3_1)
   0.1951   13.7419 ^ IntToFPUnit/ifpu/i2fResults_i2f_1/roundAnyRawFNToRecFN/_299_/X (sky130_fd_sc_hd__lpflow_inputiso0n_1)
   0.2763   14.0182 ^ IntToFPUnit/ifpu/i2fResults_i2f_1/roundAnyRawFNToRecFN/_311_/X (sky130_fd_sc_hd__and4_1)
   0.1899   14.2081 ^ IntToFPUnit/ifpu/i2fResults_i2f_1/roundAnyRawFNToRecFN/_316_/X (sky130_fd_sc_hd__and3_1)
   0.0649   14.2730 v IntToFPUnit/ifpu/i2fResults_i2f_1/roundAnyRawFNToRecFN/_318_/Y (sky130_fd_sc_hd__o21bai_1)
   0.1024   14.3753 ^ IntToFPUnit/ifpu/i2fResults_i2f_1/roundAnyRawFNToRecFN/_321_/Y (sky130_fd_sc_hd__nor2_1)
   0.1355   14.5108 ^ IntToFPUnit/ifpu/_2665_/X (sky130_fd_sc_hd__a221o_1)
   0.0035   14.5143 ^ IntToFPUnit/ifpu/_2949_/D (sky130_fd_sc_hd__dfxtp_1)
            14.5143   data arrival time

  20.0000   20.0000   clock clock (rise edge)
   0.0000   20.0000   clock network delay (ideal)
   0.0000   20.0000   clock reconvergence pessimism
            20.0000 ^ IntToFPUnit/ifpu/_2949_/CLK (sky130_fd_sc_hd__dfxtp_1)
  -0.0603   19.9397   library setup time
            19.9397   data required time
-------------------------------------------------------------
            19.9397   data required time
           -14.5143   data arrival time
-------------------------------------------------------------
             5.4254   slack (MET)


Startpoint: PipelinedMulUnit/imul/_56501_
            (rising edge-triggered flip-flop clocked by clock)
Endpoint: PipelinedMulUnit/imul/_56581_
          (rising edge-triggered flip-flop clocked by clock)
Path Group: clock
Path Type: max

    Delay      Time   Description
-------------------------------------------------------------
   0.0000    0.0000   clock clock (rise edge)
   0.0000    0.0000   clock network delay (ideal)
   0.0000    0.0000 ^ PipelinedMulUnit/imul/_56501_/CLK (sky130_fd_sc_hd__dfxtp_1)
   0.3800    0.3800 ^ PipelinedMulUnit/imul/_56501_/Q (sky130_fd_sc_hd__dfxtp_1)
   0.2608    0.6408 ^ PipelinedMulUnit/imul/_28769_/X (sky130_fd_sc_hd__clkbuf_1)
   0.1282    0.7691 v PipelinedMulUnit/imul/_38732_/Y (sky130_fd_sc_hd__nand2_1)
   0.4064    1.1755 v PipelinedMulUnit/imul/_38780_/X (sky130_fd_sc_hd__xor3_1)
   0.3651    1.5405 v PipelinedMulUnit/imul/_38782_/X (sky130_fd_sc_hd__maj3_1)
   0.2861    1.8266 ^ PipelinedMulUnit/imul/_38784_/X (sky130_fd_sc_hd__xor2_1)
   0.1517    1.9783 v PipelinedMulUnit/imul/_38786_/Y (sky130_fd_sc_hd__o21ai_0)
   0.3985    2.3767 v PipelinedMulUnit/imul/_38789_/X (sky130_fd_sc_hd__maj3_1)
   0.3902    2.7670 v PipelinedMulUnit/imul/_38826_/X (sky130_fd_sc_hd__xor3_1)
   0.2564    3.0233 ^ PipelinedMulUnit/imul/_38863_/Y (sky130_fd_sc_hd__xnor2_1)
   0.6499    3.6732 v PipelinedMulUnit/imul/_38896_/X (sky130_fd_sc_hd__or4b_2)
   0.3847    4.0579 v PipelinedMulUnit/imul/_38902_/X (sky130_fd_sc_hd__maj3_1)
   0.1892    4.2471 v PipelinedMulUnit/imul/_38903_/X (sky130_fd_sc_hd__xor2_1)
   0.2183    4.4654 ^ PipelinedMulUnit/imul/_38934_/Y (sky130_fd_sc_hd__o21ai_0)
   0.2184    4.6838 ^ PipelinedMulUnit/imul/_38935_/X (sky130_fd_sc_hd__xor2_1)
   0.1069    4.7907 v PipelinedMulUnit/imul/_38959_/Y (sky130_fd_sc_hd__a22oi_1)
   0.2202    5.0109 v PipelinedMulUnit/imul/_38961_/X (sky130_fd_sc_hd__o21ba_2)
   0.2250    5.2359 ^ PipelinedMulUnit/imul/_38963_/Y (sky130_fd_sc_hd__o21ai_0)
   0.1331    5.3690 v PipelinedMulUnit/imul/_38966_/Y (sky130_fd_sc_hd__a31oi_1)
   0.1981    5.5671 ^ PipelinedMulUnit/imul/_38968_/Y (sky130_fd_sc_hd__o21ai_0)
   0.1093    5.6764 v PipelinedMulUnit/imul/_38971_/Y (sky130_fd_sc_hd__a21oi_1)
   0.1624    5.8388 ^ PipelinedMulUnit/imul/_38974_/Y (sky130_fd_sc_hd__o211ai_1)
   0.1411    5.9799 v PipelinedMulUnit/imul/_38975_/Y (sky130_fd_sc_hd__a32oi_1)
   0.2541    6.2340 ^ PipelinedMulUnit/imul/_38980_/Y (sky130_fd_sc_hd__o21ai_0)
   0.1590    6.3929 v PipelinedMulUnit/imul/_38986_/Y (sky130_fd_sc_hd__a31oi_1)
   0.2778    6.6708 v PipelinedMulUnit/imul/_38991_/X (sky130_fd_sc_hd__o31a_1)
   0.2326    6.9034 v PipelinedMulUnit/imul/_38993_/X (sky130_fd_sc_hd__o221a_2)
   0.3561    7.2594 v PipelinedMulUnit/imul/_38994_/X (sky130_fd_sc_hd__or3_1)
   0.4452    7.7046 ^ PipelinedMulUnit/imul/_38999_/Y (sky130_fd_sc_hd__a311oi_1)
   0.2916    7.9962 v PipelinedMulUnit/imul/_39006_/Y (sky130_fd_sc_hd__o311ai_0)
   0.4192    8.4154 v PipelinedMulUnit/imul/_39010_/X (sky130_fd_sc_hd__a311o_1)
   0.3054    8.7208 ^ PipelinedMulUnit/imul/_39013_/Y (sky130_fd_sc_hd__a311oi_1)
   0.1296    8.8504 v PipelinedMulUnit/imul/_39016_/Y (sky130_fd_sc_hd__o211ai_1)
   0.3919    9.2423 v PipelinedMulUnit/imul/_39021_/X (sky130_fd_sc_hd__a311o_1)
   0.2909    9.5332 ^ PipelinedMulUnit/imul/_39025_/Y (sky130_fd_sc_hd__a311oi_1)
   0.2047    9.7379 v PipelinedMulUnit/imul/_39029_/Y (sky130_fd_sc_hd__o311ai_0)
   0.4023   10.1402 ^ PipelinedMulUnit/imul/_39035_/Y (sky130_fd_sc_hd__a311oi_1)
   0.2449   10.3851 ^ PipelinedMulUnit/imul/_39038_/X (sky130_fd_sc_hd__o311a_1)
   0.1769   10.5620 v PipelinedMulUnit/imul/_39042_/Y (sky130_fd_sc_hd__o311ai_0)
   0.3618   10.9238 ^ PipelinedMulUnit/imul/_39254_/Y (sky130_fd_sc_hd__a311oi_1)
   0.1707   11.0946 v PipelinedMulUnit/imul/_39399_/Y (sky130_fd_sc_hd__a21oi_1)
   0.2150   11.3095 v PipelinedMulUnit/imul/_39623_/Y (sky130_fd_sc_hd__nand4b_1)
   0.4430   11.7525 ^ PipelinedMulUnit/imul/_40019_/Y (sky130_fd_sc_hd__a2111oi_0)
   0.2368   11.9893 ^ PipelinedMulUnit/imul/_40692_/X (sky130_fd_sc_hd__o311a_1)
   0.1218   12.1111 v PipelinedMulUnit/imul/_41025_/Y (sky130_fd_sc_hd__o21ai_0)
   0.3555   12.4666 v PipelinedMulUnit/imul/_41710_/X (sky130_fd_sc_hd__a311o_1)
   0.3717   12.8383 ^ PipelinedMulUnit/imul/_42377_/Y (sky130_fd_sc_hd__a311oi_1)
   0.2787   13.1170 v PipelinedMulUnit/imul/_43050_/Y (sky130_fd_sc_hd__o311ai_0)
   0.4261   13.5431 ^ PipelinedMulUnit/imul/_43708_/Y (sky130_fd_sc_hd__a311oi_1)
   0.2789   13.8220 v PipelinedMulUnit/imul/_44387_/Y (sky130_fd_sc_hd__o311ai_0)
   0.2591   14.0811 ^ PipelinedMulUnit/imul/_45033_/Y (sky130_fd_sc_hd__a31oi_1)
   0.1435   14.2246 ^ PipelinedMulUnit/imul/_45034_/Y (sky130_fd_sc_hd__xnor2_1)
   0.0693   14.2939 v PipelinedMulUnit/imul/_45035_/Y (sky130_fd_sc_hd__nand2_1)
   0.1566   14.4506 ^ PipelinedMulUnit/imul/_45041_/Y (sky130_fd_sc_hd__a31oi_1)
   0.0035   14.4541 ^ PipelinedMulUnit/imul/_56581_/D (sky130_fd_sc_hd__dfxtp_1)
            14.4541   data arrival time

  20.0000   20.0000   clock clock (rise edge)
   0.0000   20.0000   clock network delay (ideal)
   0.0000   20.0000   clock reconvergence pessimism
            20.0000 ^ PipelinedMulUnit/imul/_56581_/CLK (sky130_fd_sc_hd__dfxtp_1)
  -0.0756   19.9244   library setup time
            19.9244   data required time
-------------------------------------------------------------
            19.9244   data required time
           -14.4541   data arrival time
-------------------------------------------------------------
             5.4704   slack (MET)


Startpoint: IntToFPUnit/ifpu/_2836_
            (rising edge-triggered flip-flop clocked by clock)
Endpoint: IntToFPUnit/ifpu/_2928_
          (rising edge-triggered flip-flop clocked by clock)
Path Group: clock
Path Type: max

    Delay      Time   Description
-------------------------------------------------------------
   0.0000    0.0000   clock clock (rise edge)
   0.0000    0.0000   clock network delay (ideal)
   0.0000    0.0000 ^ IntToFPUnit/ifpu/_2836_/CLK (sky130_fd_sc_hd__dfxtp_1)
   0.4367    0.4367 v IntToFPUnit/ifpu/_2836_/Q (sky130_fd_sc_hd__dfxtp_1)
   0.5741    1.0109 v IntToFPUnit/ifpu/i2fResults_i2f/_0670_/X (sky130_fd_sc_hd__or4_1)
   0.2304    1.2413 ^ IntToFPUnit/ifpu/i2fResults_i2f/_0671_/Y (sky130_fd_sc_hd__nor4_1)
   0.1306    1.3719 v IntToFPUnit/ifpu/i2fResults_i2f/_0672_/Y (sky130_fd_sc_hd__nand2b_1)
   0.4586    1.8305 v IntToFPUnit/ifpu/i2fResults_i2f/_0673_/X (sky130_fd_sc_hd__or4_1)
   0.4665    2.2970 v IntToFPUnit/ifpu/i2fResults_i2f/_0674_/X (sky130_fd_sc_hd__or4_1)
   0.4667    2.7637 v IntToFPUnit/ifpu/i2fResults_i2f/_0675_/X (sky130_fd_sc_hd__or4_1)
   0.4667    3.2303 v IntToFPUnit/ifpu/i2fResults_i2f/_0676_/X (sky130_fd_sc_hd__or4_1)
   0.4665    3.6968 v IntToFPUnit/ifpu/i2fResults_i2f/_0677_/X (sky130_fd_sc_hd__or4_1)
   0.4664    4.1632 v IntToFPUnit/ifpu/i2fResults_i2f/_0678_/X (sky130_fd_sc_hd__or4_1)
   0.4665    4.6297 v IntToFPUnit/ifpu/i2fResults_i2f/_0679_/X (sky130_fd_sc_hd__or4_1)
   0.4665    5.0962 v IntToFPUnit/ifpu/i2fResults_i2f/_0680_/X (sky130_fd_sc_hd__or4_1)
   0.4665    5.5626 v IntToFPUnit/ifpu/i2fResults_i2f/_0681_/X (sky130_fd_sc_hd__or4_1)
   0.4667    6.0293 v IntToFPUnit/ifpu/i2fResults_i2f/_0682_/X (sky130_fd_sc_hd__or4_1)
   0.4667    6.4960 v IntToFPUnit/ifpu/i2fResults_i2f/_0683_/X (sky130_fd_sc_hd__or4_1)
   0.4667    6.9626 v IntToFPUnit/ifpu/i2fResults_i2f/_0684_/X (sky130_fd_sc_hd__or4_1)
   0.4667    7.4293 v IntToFPUnit/ifpu/i2fResults_i2f/_0685_/X (sky130_fd_sc_hd__or4_1)
   0.4667    7.8960 v IntToFPUnit/ifpu/i2fResults_i2f/_0686_/X (sky130_fd_sc_hd__or4_1)
   0.4667    8.3627 v IntToFPUnit/ifpu/i2fResults_i2f/_0687_/X (sky130_fd_sc_hd__or4_1)
   0.4597    8.8223 v IntToFPUnit/ifpu/i2fResults_i2f/_0688_/X (sky130_fd_sc_hd__or4_1)
   0.4581    9.2804 v IntToFPUnit/ifpu/i2fResults_i2f/_0689_/X (sky130_fd_sc_hd__or4_1)
   0.4502    9.7307 v IntToFPUnit/ifpu/i2fResults_i2f/_0690_/X (sky130_fd_sc_hd__or4_1)
   0.2176    9.9483 ^ IntToFPUnit/ifpu/i2fResults_i2f/_0691_/Y (sky130_fd_sc_hd__o21ai_0)
   0.1149   10.0632 v IntToFPUnit/ifpu/i2fResults_i2f/_0692_/Y (sky130_fd_sc_hd__nand2_1)
   0.0813   10.1445 ^ IntToFPUnit/ifpu/i2fResults_i2f/_0959_/Y (sky130_fd_sc_hd__nand2_1)
   0.0645   10.2091 v IntToFPUnit/ifpu/i2fResults_i2f/_0960_/Y (sky130_fd_sc_hd__a21oi_1)
   0.1624   10.3715 ^ IntToFPUnit/ifpu/i2fResults_i2f/_0961_/Y (sky130_fd_sc_hd__nor2_1)
   0.4258   10.7973 ^ IntToFPUnit/ifpu/i2fResults_i2f/_0975_/X (sky130_fd_sc_hd__lpflow_clkbufkapwr_1)
   0.5128   11.3101 ^ IntToFPUnit/ifpu/i2fResults_i2f/_1063_/X (sky130_fd_sc_hd__lpflow_clkbufkapwr_1)
   0.1750   11.4851 v IntToFPUnit/ifpu/i2fResults_i2f/_1137_/Y (sky130_fd_sc_hd__mux2i_1)
   0.2224   11.7075 ^ IntToFPUnit/ifpu/i2fResults_i2f/_1138_/Y (sky130_fd_sc_hd__mux2i_1)
   0.1219   11.8294 v IntToFPUnit/ifpu/i2fResults_i2f/_1139_/Y (sky130_fd_sc_hd__mux2i_1)
   0.1685   11.9979 ^ IntToFPUnit/ifpu/i2fResults_i2f/_1194_/Y (sky130_fd_sc_hd__mux2i_1)
   0.1041   12.1020 v IntToFPUnit/ifpu/i2fResults_i2f/_1195_/Y (sky130_fd_sc_hd__o21ai_0)
   0.1863   12.2883 v IntToFPUnit/ifpu/i2fResults_i2f/_1197_/X (sky130_fd_sc_hd__a21o_1)
   0.2463   12.5346 ^ IntToFPUnit/ifpu/i2fResults_i2f/roundAnyRawFNToRecFN/_098_/Y (sky130_fd_sc_hd__nor4_1)
   0.1440   12.6787 v IntToFPUnit/ifpu/i2fResults_i2f/roundAnyRawFNToRecFN/_099_/Y (sky130_fd_sc_hd__nand4_1)
   0.4030   13.0816 ^ IntToFPUnit/ifpu/i2fResults_i2f/roundAnyRawFNToRecFN/_109_/Y (sky130_fd_sc_hd__nor4_1)
   0.2422   13.3239 v IntToFPUnit/ifpu/i2fResults_i2f/roundAnyRawFNToRecFN/_113_/Y (sky130_fd_sc_hd__o21ai_0)
   0.1580   13.4819 ^ IntToFPUnit/ifpu/i2fResults_i2f/roundAnyRawFNToRecFN/_167_/Y (sky130_fd_sc_hd__nand4_1)
   0.0826   13.5644 v IntToFPUnit/ifpu/i2fResults_i2f/roundAnyRawFNToRecFN/_179_/Y (sky130_fd_sc_hd__nor3_1)
   0.2024   13.7668 v IntToFPUnit/ifpu/i2fResults_i2f/roundAnyRawFNToRecFN/_185_/X (sky130_fd_sc_hd__and3_1)
   0.0856   13.8524 ^ IntToFPUnit/ifpu/i2fResults_i2f/roundAnyRawFNToRecFN/_191_/Y (sky130_fd_sc_hd__nand2_1)
   0.0623   13.9148 v IntToFPUnit/ifpu/i2fResults_i2f/roundAnyRawFNToRecFN/_193_/Y (sky130_fd_sc_hd__nor2_1)
   0.1176   14.0324 ^ IntToFPUnit/ifpu/i2fResults_i2f/roundAnyRawFNToRecFN/_195_/Y (sky130_fd_sc_hd__o21bai_1)
   0.0547   14.0871 v IntToFPUnit/ifpu/i2fResults_i2f/roundAnyRawFNToRecFN/_196_/Y (sky130_fd_sc_hd__a21oi_1)
   0.1695   14.2565 v IntToFPUnit/ifpu/_2331_/X (sky130_fd_sc_hd__o21a_1)
   0.0649   14.3214 ^ IntToFPUnit/ifpu/_2332_/Y (sky130_fd_sc_hd__o21ai_0)
   0.0789   14.4004 v IntToFPUnit/ifpu/_2350_/Y (sky130_fd_sc_hd__a21oi_1)
   0.0035   14.4038 v IntToFPUnit/ifpu/_2928_/D (sky130_fd_sc_hd__dfxtp_1)
            14.4038   data arrival time

  20.0000   20.0000   clock clock (rise edge)
   0.0000   20.0000   clock network delay (ideal)
   0.0000   20.0000   clock reconvergence pessimism
            20.0000 ^ IntToFPUnit/ifpu/_2928_/CLK (sky130_fd_sc_hd__dfxtp_1)
  -0.1230   19.8770   library setup time
            19.8770   data required time
-------------------------------------------------------------
            19.8770   data required time
           -14.4038   data arrival time
-------------------------------------------------------------
             5.4732   slack (MET)


Startpoint: IntToFPUnit/ifpu/_2836_
            (rising edge-triggered flip-flop clocked by clock)
Endpoint: IntToFPUnit/ifpu/_2927_
          (rising edge-triggered flip-flop clocked by clock)
Path Group: clock
Path Type: max

    Delay      Time   Description
-------------------------------------------------------------
   0.0000    0.0000   clock clock (rise edge)
   0.0000    0.0000   clock network delay (ideal)
   0.0000    0.0000 ^ IntToFPUnit/ifpu/_2836_/CLK (sky130_fd_sc_hd__dfxtp_1)
   0.4367    0.4367 v IntToFPUnit/ifpu/_2836_/Q (sky130_fd_sc_hd__dfxtp_1)
   0.5741    1.0109 v IntToFPUnit/ifpu/i2fResults_i2f/_0670_/X (sky130_fd_sc_hd__or4_1)
   0.2304    1.2413 ^ IntToFPUnit/ifpu/i2fResults_i2f/_0671_/Y (sky130_fd_sc_hd__nor4_1)
   0.1306    1.3719 v IntToFPUnit/ifpu/i2fResults_i2f/_0672_/Y (sky130_fd_sc_hd__nand2b_1)
   0.4586    1.8305 v IntToFPUnit/ifpu/i2fResults_i2f/_0673_/X (sky130_fd_sc_hd__or4_1)
   0.4665    2.2970 v IntToFPUnit/ifpu/i2fResults_i2f/_0674_/X (sky130_fd_sc_hd__or4_1)
   0.4667    2.7637 v IntToFPUnit/ifpu/i2fResults_i2f/_0675_/X (sky130_fd_sc_hd__or4_1)
   0.4667    3.2303 v IntToFPUnit/ifpu/i2fResults_i2f/_0676_/X (sky130_fd_sc_hd__or4_1)
   0.4665    3.6968 v IntToFPUnit/ifpu/i2fResults_i2f/_0677_/X (sky130_fd_sc_hd__or4_1)
   0.4664    4.1632 v IntToFPUnit/ifpu/i2fResults_i2f/_0678_/X (sky130_fd_sc_hd__or4_1)
   0.4665    4.6297 v IntToFPUnit/ifpu/i2fResults_i2f/_0679_/X (sky130_fd_sc_hd__or4_1)
   0.4665    5.0962 v IntToFPUnit/ifpu/i2fResults_i2f/_0680_/X (sky130_fd_sc_hd__or4_1)
   0.4665    5.5626 v IntToFPUnit/ifpu/i2fResults_i2f/_0681_/X (sky130_fd_sc_hd__or4_1)
   0.4667    6.0293 v IntToFPUnit/ifpu/i2fResults_i2f/_0682_/X (sky130_fd_sc_hd__or4_1)
   0.4667    6.4960 v IntToFPUnit/ifpu/i2fResults_i2f/_0683_/X (sky130_fd_sc_hd__or4_1)
   0.4667    6.9626 v IntToFPUnit/ifpu/i2fResults_i2f/_0684_/X (sky130_fd_sc_hd__or4_1)
   0.4667    7.4293 v IntToFPUnit/ifpu/i2fResults_i2f/_0685_/X (sky130_fd_sc_hd__or4_1)
   0.4667    7.8960 v IntToFPUnit/ifpu/i2fResults_i2f/_0686_/X (sky130_fd_sc_hd__or4_1)
   0.4667    8.3627 v IntToFPUnit/ifpu/i2fResults_i2f/_0687_/X (sky130_fd_sc_hd__or4_1)
   0.4597    8.8223 v IntToFPUnit/ifpu/i2fResults_i2f/_0688_/X (sky130_fd_sc_hd__or4_1)
   0.4581    9.2804 v IntToFPUnit/ifpu/i2fResults_i2f/_0689_/X (sky130_fd_sc_hd__or4_1)
   0.4502    9.7307 v IntToFPUnit/ifpu/i2fResults_i2f/_0690_/X (sky130_fd_sc_hd__or4_1)
   0.2176    9.9483 ^ IntToFPUnit/ifpu/i2fResults_i2f/_0691_/Y (sky130_fd_sc_hd__o21ai_0)
   0.1149   10.0632 v IntToFPUnit/ifpu/i2fResults_i2f/_0692_/Y (sky130_fd_sc_hd__nand2_1)
   0.0813   10.1445 ^ IntToFPUnit/ifpu/i2fResults_i2f/_0959_/Y (sky130_fd_sc_hd__nand2_1)
   0.0645   10.2091 v IntToFPUnit/ifpu/i2fResults_i2f/_0960_/Y (sky130_fd_sc_hd__a21oi_1)
   0.1624   10.3715 ^ IntToFPUnit/ifpu/i2fResults_i2f/_0961_/Y (sky130_fd_sc_hd__nor2_1)
   0.4258   10.7973 ^ IntToFPUnit/ifpu/i2fResults_i2f/_0975_/X (sky130_fd_sc_hd__lpflow_clkbufkapwr_1)
   0.5128   11.3101 ^ IntToFPUnit/ifpu/i2fResults_i2f/_1063_/X (sky130_fd_sc_hd__lpflow_clkbufkapwr_1)
   0.1750   11.4851 v IntToFPUnit/ifpu/i2fResults_i2f/_1137_/Y (sky130_fd_sc_hd__mux2i_1)
   0.2224   11.7075 ^ IntToFPUnit/ifpu/i2fResults_i2f/_1138_/Y (sky130_fd_sc_hd__mux2i_1)
   0.1219   11.8294 v IntToFPUnit/ifpu/i2fResults_i2f/_1139_/Y (sky130_fd_sc_hd__mux2i_1)
   0.1685   11.9979 ^ IntToFPUnit/ifpu/i2fResults_i2f/_1194_/Y (sky130_fd_sc_hd__mux2i_1)
   0.1041   12.1020 v IntToFPUnit/ifpu/i2fResults_i2f/_1195_/Y (sky130_fd_sc_hd__o21ai_0)
   0.1863   12.2883 v IntToFPUnit/ifpu/i2fResults_i2f/_1197_/X (sky130_fd_sc_hd__a21o_1)
   0.2463   12.5346 ^ IntToFPUnit/ifpu/i2fResults_i2f/roundAnyRawFNToRecFN/_098_/Y (sky130_fd_sc_hd__nor4_1)
   0.1440   12.6787 v IntToFPUnit/ifpu/i2fResults_i2f/roundAnyRawFNToRecFN/_099_/Y (sky130_fd_sc_hd__nand4_1)
   0.4030   13.0816 ^ IntToFPUnit/ifpu/i2fResults_i2f/roundAnyRawFNToRecFN/_109_/Y (sky130_fd_sc_hd__nor4_1)
   0.2422   13.3239 v IntToFPUnit/ifpu/i2fResults_i2f/roundAnyRawFNToRecFN/_113_/Y (sky130_fd_sc_hd__o21ai_0)
   0.1580   13.4819 ^ IntToFPUnit/ifpu/i2fResults_i2f/roundAnyRawFNToRecFN/_167_/Y (sky130_fd_sc_hd__nand4_1)
   0.0826   13.5644 v IntToFPUnit/ifpu/i2fResults_i2f/roundAnyRawFNToRecFN/_179_/Y (sky130_fd_sc_hd__nor3_1)
   0.2024   13.7668 v IntToFPUnit/ifpu/i2fResults_i2f/roundAnyRawFNToRecFN/_185_/X (sky130_fd_sc_hd__and3_1)
   0.0856   13.8524 ^ IntToFPUnit/ifpu/i2fResults_i2f/roundAnyRawFNToRecFN/_191_/Y (sky130_fd_sc_hd__nand2_1)
   0.0624   13.9148 v IntToFPUnit/ifpu/i2fResults_i2f/roundAnyRawFNToRecFN/_192_/Y (sky130_fd_sc_hd__a21oi_1)
   0.1337   14.0485 v IntToFPUnit/ifpu/i2fResults_i2f/roundAnyRawFNToRecFN/_194_/X (sky130_fd_sc_hd__lpflow_isobufsrc_1)
   0.1615   14.2100 v IntToFPUnit/ifpu/_2327_/X (sky130_fd_sc_hd__o21a_1)
   0.0650   14.2750 ^ IntToFPUnit/ifpu/_2328_/Y (sky130_fd_sc_hd__o21ai_0)
   0.0958   14.3707 v IntToFPUnit/ifpu/_2330_/Y (sky130_fd_sc_hd__a31oi_1)
   0.0035   14.3742 v IntToFPUnit/ifpu/_2927_/D (sky130_fd_sc_hd__dfxtp_1)
            14.3742   data arrival time

  20.0000   20.0000   clock clock (rise edge)
   0.0000   20.0000   clock network delay (ideal)
   0.0000   20.0000   clock reconvergence pessimism
            20.0000 ^ IntToFPUnit/ifpu/_2927_/CLK (sky130_fd_sc_hd__dfxtp_1)
  -0.1388   19.8612   library setup time
            19.8612   data required time
-------------------------------------------------------------
            19.8612   data required time
           -14.3742   data arrival time
-------------------------------------------------------------
             5.4870   slack (MET)


Startpoint: IntToFPUnit/ifpu/_2836_
            (rising edge-triggered flip-flop clocked by clock)
Endpoint: IntToFPUnit/ifpu/_2936_
          (rising edge-triggered flip-flop clocked by clock)
Path Group: clock
Path Type: max

    Delay      Time   Description
-------------------------------------------------------------
   0.0000    0.0000   clock clock (rise edge)
   0.0000    0.0000   clock network delay (ideal)
   0.0000    0.0000 ^ IntToFPUnit/ifpu/_2836_/CLK (sky130_fd_sc_hd__dfxtp_1)
   0.4367    0.4367 v IntToFPUnit/ifpu/_2836_/Q (sky130_fd_sc_hd__dfxtp_1)
   0.5741    1.0109 v IntToFPUnit/ifpu/i2fResults_i2f_1/_0670_/X (sky130_fd_sc_hd__or4_1)
   0.2304    1.2413 ^ IntToFPUnit/ifpu/i2fResults_i2f_1/_0671_/Y (sky130_fd_sc_hd__nor4_1)
   0.1306    1.3719 v IntToFPUnit/ifpu/i2fResults_i2f_1/_0672_/Y (sky130_fd_sc_hd__nand2b_1)
   0.4586    1.8305 v IntToFPUnit/ifpu/i2fResults_i2f_1/_0673_/X (sky130_fd_sc_hd__or4_1)
   0.4665    2.2970 v IntToFPUnit/ifpu/i2fResults_i2f_1/_0674_/X (sky130_fd_sc_hd__or4_1)
   0.4667    2.7637 v IntToFPUnit/ifpu/i2fResults_i2f_1/_0675_/X (sky130_fd_sc_hd__or4_1)
   0.4667    3.2303 v IntToFPUnit/ifpu/i2fResults_i2f_1/_0676_/X (sky130_fd_sc_hd__or4_1)
   0.4665    3.6968 v IntToFPUnit/ifpu/i2fResults_i2f_1/_0677_/X (sky130_fd_sc_hd__or4_1)
   0.4664    4.1632 v IntToFPUnit/ifpu/i2fResults_i2f_1/_0678_/X (sky130_fd_sc_hd__or4_1)
   0.4665    4.6297 v IntToFPUnit/ifpu/i2fResults_i2f_1/_0679_/X (sky130_fd_sc_hd__or4_1)
   0.4665    5.0962 v IntToFPUnit/ifpu/i2fResults_i2f_1/_0680_/X (sky130_fd_sc_hd__or4_1)
   0.4665    5.5626 v IntToFPUnit/ifpu/i2fResults_i2f_1/_0681_/X (sky130_fd_sc_hd__or4_1)
   0.4667    6.0293 v IntToFPUnit/ifpu/i2fResults_i2f_1/_0682_/X (sky130_fd_sc_hd__or4_1)
   0.4667    6.4960 v IntToFPUnit/ifpu/i2fResults_i2f_1/_0683_/X (sky130_fd_sc_hd__or4_1)
   0.4667    6.9626 v IntToFPUnit/ifpu/i2fResults_i2f_1/_0684_/X (sky130_fd_sc_hd__or4_1)
   0.4667    7.4293 v IntToFPUnit/ifpu/i2fResults_i2f_1/_0685_/X (sky130_fd_sc_hd__or4_1)
   0.4667    7.8960 v IntToFPUnit/ifpu/i2fResults_i2f_1/_0686_/X (sky130_fd_sc_hd__or4_1)
   0.4667    8.3627 v IntToFPUnit/ifpu/i2fResults_i2f_1/_0687_/X (sky130_fd_sc_hd__or4_1)
   0.4597    8.8223 v IntToFPUnit/ifpu/i2fResults_i2f_1/_0688_/X (sky130_fd_sc_hd__or4_1)
   0.4581    9.2804 v IntToFPUnit/ifpu/i2fResults_i2f_1/_0689_/X (sky130_fd_sc_hd__or4_1)
   0.4502    9.7307 v IntToFPUnit/ifpu/i2fResults_i2f_1/_0690_/X (sky130_fd_sc_hd__or4_1)
   0.2176    9.9483 ^ IntToFPUnit/ifpu/i2fResults_i2f_1/_0691_/Y (sky130_fd_sc_hd__o21ai_0)
   0.1149   10.0632 v IntToFPUnit/ifpu/i2fResults_i2f_1/_0692_/Y (sky130_fd_sc_hd__nand2_1)
   0.0813   10.1445 ^ IntToFPUnit/ifpu/i2fResults_i2f_1/_0959_/Y (sky130_fd_sc_hd__nand2_1)
   0.0645   10.2091 v IntToFPUnit/ifpu/i2fResults_i2f_1/_0960_/Y (sky130_fd_sc_hd__a21oi_1)
   0.1624   10.3715 ^ IntToFPUnit/ifpu/i2fResults_i2f_1/_0961_/Y (sky130_fd_sc_hd__nor2_1)
   0.4258   10.7973 ^ IntToFPUnit/ifpu/i2fResults_i2f_1/_0975_/X (sky130_fd_sc_hd__lpflow_clkbufkapwr_1)
   0.5128   11.3101 ^ IntToFPUnit/ifpu/i2fResults_i2f_1/_1063_/X (sky130_fd_sc_hd__lpflow_clkbufkapwr_1)
   0.2826   11.5927 ^ IntToFPUnit/ifpu/i2fResults_i2f_1/_1143_/Y (sky130_fd_sc_hd__mux2i_1)
   0.1121   11.7048 v IntToFPUnit/ifpu/i2fResults_i2f_1/_1144_/Y (sky130_fd_sc_hd__mux2i_1)
   0.1904   11.8952 ^ IntToFPUnit/ifpu/i2fResults_i2f_1/_1145_/Y (sky130_fd_sc_hd__mux2i_1)
   0.1083   12.0035 v IntToFPUnit/ifpu/i2fResults_i2f_1/_1146_/Y (sky130_fd_sc_hd__mux2i_1)
   0.2885   12.2920 v IntToFPUnit/ifpu/i2fResults_i2f_1/_1147_/X (sky130_fd_sc_hd__mux2_2)
   0.2062   12.4982 ^ IntToFPUnit/ifpu/i2fResults_i2f_1/_1148_/Y (sky130_fd_sc_hd__nor2_1)
   0.2054   12.7036 ^ IntToFPUnit/ifpu/i2fResults_i2f_1/roundAnyRawFNToRecFN/_226_/X (sky130_fd_sc_hd__and3_1)
   0.0986   12.8022 v IntToFPUnit/ifpu/i2fResults_i2f_1/roundAnyRawFNToRecFN/_227_/Y (sky130_fd_sc_hd__nand3_1)
   0.5271   13.3293 v IntToFPUnit/ifpu/i2fResults_i2f_1/roundAnyRawFNToRecFN/_258_/X (sky130_fd_sc_hd__or4_1)
   0.2183   13.5475 ^ IntToFPUnit/ifpu/i2fResults_i2f_1/roundAnyRawFNToRecFN/_259_/Y (sky130_fd_sc_hd__nor2_1)
   0.2834   13.8309 ^ IntToFPUnit/ifpu/i2fResults_i2f_1/roundAnyRawFNToRecFN/_270_/X (sky130_fd_sc_hd__and4_1)
   0.1578   13.9887 ^ IntToFPUnit/ifpu/i2fResults_i2f_1/roundAnyRawFNToRecFN/_273_/X (sky130_fd_sc_hd__lpflow_inputiso0n_1)
   0.0442   14.0329 v IntToFPUnit/ifpu/i2fResults_i2f_1/roundAnyRawFNToRecFN/_275_/Y (sky130_fd_sc_hd__nor2_1)
   0.1468   14.1797 ^ IntToFPUnit/ifpu/i2fResults_i2f_1/roundAnyRawFNToRecFN/_277_/Y (sky130_fd_sc_hd__nor3_1)
   0.0911   14.2708 v IntToFPUnit/ifpu/_2492_/Y (sky130_fd_sc_hd__o21ai_0)
   0.1598   14.4306 ^ IntToFPUnit/ifpu/_2494_/Y (sky130_fd_sc_hd__a31oi_1)
   0.0035   14.4341 ^ IntToFPUnit/ifpu/_2936_/D (sky130_fd_sc_hd__dfxtp_1)
            14.4341   data arrival time

  20.0000   20.0000   clock clock (rise edge)
   0.0000   20.0000   clock network delay (ideal)
   0.0000   20.0000   clock reconvergence pessimism
            20.0000 ^ IntToFPUnit/ifpu/_2936_/CLK (sky130_fd_sc_hd__dfxtp_1)
  -0.0756   19.9244   library setup time
            19.9244   data required time
-------------------------------------------------------------
            19.9244   data required time
           -14.4341   data arrival time
-------------------------------------------------------------
             5.4903   slack (MET)


Startpoint: IntToFPUnit/ifpu/_2836_
            (rising edge-triggered flip-flop clocked by clock)
Endpoint: IntToFPUnit/ifpu/_2912_
          (rising edge-triggered flip-flop clocked by clock)
Path Group: clock
Path Type: max

    Delay      Time   Description
-------------------------------------------------------------
   0.0000    0.0000   clock clock (rise edge)
   0.0000    0.0000   clock network delay (ideal)
   0.0000    0.0000 ^ IntToFPUnit/ifpu/_2836_/CLK (sky130_fd_sc_hd__dfxtp_1)
   0.4367    0.4367 v IntToFPUnit/ifpu/_2836_/Q (sky130_fd_sc_hd__dfxtp_1)
   0.5741    1.0109 v IntToFPUnit/ifpu/i2fResults_i2f/_0670_/X (sky130_fd_sc_hd__or4_1)
   0.2304    1.2413 ^ IntToFPUnit/ifpu/i2fResults_i2f/_0671_/Y (sky130_fd_sc_hd__nor4_1)
   0.1306    1.3719 v IntToFPUnit/ifpu/i2fResults_i2f/_0672_/Y (sky130_fd_sc_hd__nand2b_1)
   0.4586    1.8305 v IntToFPUnit/ifpu/i2fResults_i2f/_0673_/X (sky130_fd_sc_hd__or4_1)
   0.4665    2.2970 v IntToFPUnit/ifpu/i2fResults_i2f/_0674_/X (sky130_fd_sc_hd__or4_1)
   0.4667    2.7637 v IntToFPUnit/ifpu/i2fResults_i2f/_0675_/X (sky130_fd_sc_hd__or4_1)
   0.4667    3.2303 v IntToFPUnit/ifpu/i2fResults_i2f/_0676_/X (sky130_fd_sc_hd__or4_1)
   0.4665    3.6968 v IntToFPUnit/ifpu/i2fResults_i2f/_0677_/X (sky130_fd_sc_hd__or4_1)
   0.4664    4.1632 v IntToFPUnit/ifpu/i2fResults_i2f/_0678_/X (sky130_fd_sc_hd__or4_1)
   0.4665    4.6297 v IntToFPUnit/ifpu/i2fResults_i2f/_0679_/X (sky130_fd_sc_hd__or4_1)
   0.4665    5.0962 v IntToFPUnit/ifpu/i2fResults_i2f/_0680_/X (sky130_fd_sc_hd__or4_1)
   0.4665    5.5626 v IntToFPUnit/ifpu/i2fResults_i2f/_0681_/X (sky130_fd_sc_hd__or4_1)
   0.4667    6.0293 v IntToFPUnit/ifpu/i2fResults_i2f/_0682_/X (sky130_fd_sc_hd__or4_1)
   0.4667    6.4960 v IntToFPUnit/ifpu/i2fResults_i2f/_0683_/X (sky130_fd_sc_hd__or4_1)
   0.4667    6.9626 v IntToFPUnit/ifpu/i2fResults_i2f/_0684_/X (sky130_fd_sc_hd__or4_1)
   0.4667    7.4293 v IntToFPUnit/ifpu/i2fResults_i2f/_0685_/X (sky130_fd_sc_hd__or4_1)
   0.4667    7.8960 v IntToFPUnit/ifpu/i2fResults_i2f/_0686_/X (sky130_fd_sc_hd__or4_1)
   0.4667    8.3627 v IntToFPUnit/ifpu/i2fResults_i2f/_0687_/X (sky130_fd_sc_hd__or4_1)
   0.4597    8.8223 v IntToFPUnit/ifpu/i2fResults_i2f/_0688_/X (sky130_fd_sc_hd__or4_1)
   0.4581    9.2804 v IntToFPUnit/ifpu/i2fResults_i2f/_0689_/X (sky130_fd_sc_hd__or4_1)
   0.4502    9.7307 v IntToFPUnit/ifpu/i2fResults_i2f/_0690_/X (sky130_fd_sc_hd__or4_1)
   0.2176    9.9483 ^ IntToFPUnit/ifpu/i2fResults_i2f/_0691_/Y (sky130_fd_sc_hd__o21ai_0)
   0.1149   10.0632 v IntToFPUnit/ifpu/i2fResults_i2f/_0692_/Y (sky130_fd_sc_hd__nand2_1)
   0.0813   10.1445 ^ IntToFPUnit/ifpu/i2fResults_i2f/_0959_/Y (sky130_fd_sc_hd__nand2_1)
   0.0645   10.2091 v IntToFPUnit/ifpu/i2fResults_i2f/_0960_/Y (sky130_fd_sc_hd__a21oi_1)
   0.1624   10.3715 ^ IntToFPUnit/ifpu/i2fResults_i2f/_0961_/Y (sky130_fd_sc_hd__nor2_1)
   0.4258   10.7973 ^ IntToFPUnit/ifpu/i2fResults_i2f/_0975_/X (sky130_fd_sc_hd__lpflow_clkbufkapwr_1)
   0.5128   11.3101 ^ IntToFPUnit/ifpu/i2fResults_i2f/_1063_/X (sky130_fd_sc_hd__lpflow_clkbufkapwr_1)
   0.1750   11.4851 v IntToFPUnit/ifpu/i2fResults_i2f/_1137_/Y (sky130_fd_sc_hd__mux2i_1)
   0.2224   11.7075 ^ IntToFPUnit/ifpu/i2fResults_i2f/_1138_/Y (sky130_fd_sc_hd__mux2i_1)
   0.1219   11.8294 v IntToFPUnit/ifpu/i2fResults_i2f/_1139_/Y (sky130_fd_sc_hd__mux2i_1)
   0.1685   11.9979 ^ IntToFPUnit/ifpu/i2fResults_i2f/_1194_/Y (sky130_fd_sc_hd__mux2i_1)
   0.1041   12.1020 v IntToFPUnit/ifpu/i2fResults_i2f/_1195_/Y (sky130_fd_sc_hd__o21ai_0)
   0.1863   12.2883 v IntToFPUnit/ifpu/i2fResults_i2f/_1197_/X (sky130_fd_sc_hd__a21o_1)
   0.2463   12.5346 ^ IntToFPUnit/ifpu/i2fResults_i2f/roundAnyRawFNToRecFN/_098_/Y (sky130_fd_sc_hd__nor4_1)
   0.1440   12.6787 v IntToFPUnit/ifpu/i2fResults_i2f/roundAnyRawFNToRecFN/_099_/Y (sky130_fd_sc_hd__nand4_1)
   0.4030   13.0816 ^ IntToFPUnit/ifpu/i2fResults_i2f/roundAnyRawFNToRecFN/_109_/Y (sky130_fd_sc_hd__nor4_1)
   0.2422   13.3239 v IntToFPUnit/ifpu/i2fResults_i2f/roundAnyRawFNToRecFN/_113_/Y (sky130_fd_sc_hd__o21ai_0)
   0.2149   13.5388 v IntToFPUnit/ifpu/i2fResults_i2f/roundAnyRawFNToRecFN/_134_/X (sky130_fd_sc_hd__and3_1)
   0.1379   13.6767 v IntToFPUnit/ifpu/i2fResults_i2f/roundAnyRawFNToRecFN/_135_/X (sky130_fd_sc_hd__clkbuf_1)
   0.2342   13.9109 v IntToFPUnit/ifpu/i2fResults_i2f/roundAnyRawFNToRecFN/_140_/X (sky130_fd_sc_hd__and3_1)
   0.1400   14.0510 ^ IntToFPUnit/ifpu/i2fResults_i2f/roundAnyRawFNToRecFN/_141_/Y (sky130_fd_sc_hd__nor3_1)
   0.1243   14.1753 ^ IntToFPUnit/ifpu/_1953_/X (sky130_fd_sc_hd__o21a_1)
   0.0698   14.2450 v IntToFPUnit/ifpu/_1954_/Y (sky130_fd_sc_hd__o21ai_0)
   0.1597   14.4047 ^ IntToFPUnit/ifpu/_1956_/Y (sky130_fd_sc_hd__a31oi_1)
   0.0035   14.4082 ^ IntToFPUnit/ifpu/_2912_/D (sky130_fd_sc_hd__dfxtp_1)
            14.4082   data arrival time

  20.0000   20.0000   clock clock (rise edge)
   0.0000   20.0000   clock network delay (ideal)
   0.0000   20.0000   clock reconvergence pessimism
            20.0000 ^ IntToFPUnit/ifpu/_2912_/CLK (sky130_fd_sc_hd__dfxtp_1)
  -0.0756   19.9244   library setup time
            19.9244   data required time
-------------------------------------------------------------
            19.9244   data required time
           -14.4082   data arrival time
-------------------------------------------------------------
             5.5162   slack (MET)


Startpoint: IntToFPUnit/ifpu/_2836_
            (rising edge-triggered flip-flop clocked by clock)
Endpoint: IntToFPUnit/ifpu/_2947_
          (rising edge-triggered flip-flop clocked by clock)
Path Group: clock
Path Type: max

    Delay      Time   Description
-------------------------------------------------------------
   0.0000    0.0000   clock clock (rise edge)
   0.0000    0.0000   clock network delay (ideal)
   0.0000    0.0000 ^ IntToFPUnit/ifpu/_2836_/CLK (sky130_fd_sc_hd__dfxtp_1)
   0.4367    0.4367 v IntToFPUnit/ifpu/_2836_/Q (sky130_fd_sc_hd__dfxtp_1)
   0.5741    1.0109 v IntToFPUnit/ifpu/i2fResults_i2f_1/_0670_/X (sky130_fd_sc_hd__or4_1)
   0.2304    1.2413 ^ IntToFPUnit/ifpu/i2fResults_i2f_1/_0671_/Y (sky130_fd_sc_hd__nor4_1)
   0.1306    1.3719 v IntToFPUnit/ifpu/i2fResults_i2f_1/_0672_/Y (sky130_fd_sc_hd__nand2b_1)
   0.4586    1.8305 v IntToFPUnit/ifpu/i2fResults_i2f_1/_0673_/X (sky130_fd_sc_hd__or4_1)
   0.4665    2.2970 v IntToFPUnit/ifpu/i2fResults_i2f_1/_0674_/X (sky130_fd_sc_hd__or4_1)
   0.4667    2.7637 v IntToFPUnit/ifpu/i2fResults_i2f_1/_0675_/X (sky130_fd_sc_hd__or4_1)
   0.4667    3.2303 v IntToFPUnit/ifpu/i2fResults_i2f_1/_0676_/X (sky130_fd_sc_hd__or4_1)
   0.4665    3.6968 v IntToFPUnit/ifpu/i2fResults_i2f_1/_0677_/X (sky130_fd_sc_hd__or4_1)
   0.4664    4.1632 v IntToFPUnit/ifpu/i2fResults_i2f_1/_0678_/X (sky130_fd_sc_hd__or4_1)
   0.4665    4.6297 v IntToFPUnit/ifpu/i2fResults_i2f_1/_0679_/X (sky130_fd_sc_hd__or4_1)
   0.4665    5.0962 v IntToFPUnit/ifpu/i2fResults_i2f_1/_0680_/X (sky130_fd_sc_hd__or4_1)
   0.4665    5.5626 v IntToFPUnit/ifpu/i2fResults_i2f_1/_0681_/X (sky130_fd_sc_hd__or4_1)
   0.4667    6.0293 v IntToFPUnit/ifpu/i2fResults_i2f_1/_0682_/X (sky130_fd_sc_hd__or4_1)
   0.4667    6.4960 v IntToFPUnit/ifpu/i2fResults_i2f_1/_0683_/X (sky130_fd_sc_hd__or4_1)
   0.4667    6.9626 v IntToFPUnit/ifpu/i2fResults_i2f_1/_0684_/X (sky130_fd_sc_hd__or4_1)
   0.4667    7.4293 v IntToFPUnit/ifpu/i2fResults_i2f_1/_0685_/X (sky130_fd_sc_hd__or4_1)
   0.4667    7.8960 v IntToFPUnit/ifpu/i2fResults_i2f_1/_0686_/X (sky130_fd_sc_hd__or4_1)
   0.4667    8.3627 v IntToFPUnit/ifpu/i2fResults_i2f_1/_0687_/X (sky130_fd_sc_hd__or4_1)
   0.4597    8.8223 v IntToFPUnit/ifpu/i2fResults_i2f_1/_0688_/X (sky130_fd_sc_hd__or4_1)
   0.4581    9.2804 v IntToFPUnit/ifpu/i2fResults_i2f_1/_0689_/X (sky130_fd_sc_hd__or4_1)
   0.4502    9.7307 v IntToFPUnit/ifpu/i2fResults_i2f_1/_0690_/X (sky130_fd_sc_hd__or4_1)
   0.2176    9.9483 ^ IntToFPUnit/ifpu/i2fResults_i2f_1/_0691_/Y (sky130_fd_sc_hd__o21ai_0)
   0.1149   10.0632 v IntToFPUnit/ifpu/i2fResults_i2f_1/_0692_/Y (sky130_fd_sc_hd__nand2_1)
   0.0813   10.1445 ^ IntToFPUnit/ifpu/i2fResults_i2f_1/_0959_/Y (sky130_fd_sc_hd__nand2_1)
   0.0645   10.2091 v IntToFPUnit/ifpu/i2fResults_i2f_1/_0960_/Y (sky130_fd_sc_hd__a21oi_1)
   0.1624   10.3715 ^ IntToFPUnit/ifpu/i2fResults_i2f_1/_0961_/Y (sky130_fd_sc_hd__nor2_1)
   0.4258   10.7973 ^ IntToFPUnit/ifpu/i2fResults_i2f_1/_0975_/X (sky130_fd_sc_hd__lpflow_clkbufkapwr_1)
   0.5128   11.3101 ^ IntToFPUnit/ifpu/i2fResults_i2f_1/_1063_/X (sky130_fd_sc_hd__lpflow_clkbufkapwr_1)
   0.2826   11.5927 ^ IntToFPUnit/ifpu/i2fResults_i2f_1/_1092_/Y (sky130_fd_sc_hd__mux2i_1)
   0.1121   11.7048 v IntToFPUnit/ifpu/i2fResults_i2f_1/_1093_/Y (sky130_fd_sc_hd__mux2i_1)
   0.1904   11.8952 ^ IntToFPUnit/ifpu/i2fResults_i2f_1/_1094_/Y (sky130_fd_sc_hd__mux2i_1)
   0.1083   12.0035 v IntToFPUnit/ifpu/i2fResults_i2f_1/_1095_/Y (sky130_fd_sc_hd__mux2i_1)
   0.2954   12.2990 v IntToFPUnit/ifpu/i2fResults_i2f_1/_1096_/X (sky130_fd_sc_hd__mux2_2)
   0.1532   12.4521 ^ IntToFPUnit/ifpu/i2fResults_i2f_1/_1097_/Y (sky130_fd_sc_hd__nor2_1)
   0.1167   12.5688 v IntToFPUnit/ifpu/i2fResults_i2f_1/roundAnyRawFNToRecFN/_196_/Y (sky130_fd_sc_hd__nand3_1)
   0.2086   12.7774 ^ IntToFPUnit/ifpu/i2fResults_i2f_1/roundAnyRawFNToRecFN/_210_/Y (sky130_fd_sc_hd__nor3_1)
   0.1237   12.9011 v IntToFPUnit/ifpu/i2fResults_i2f_1/roundAnyRawFNToRecFN/_211_/Y (sky130_fd_sc_hd__nand4_1)
   0.3338   13.2349 v IntToFPUnit/ifpu/i2fResults_i2f_1/roundAnyRawFNToRecFN/_212_/X (sky130_fd_sc_hd__or2_2)
   0.1239   13.3589 ^ IntToFPUnit/ifpu/i2fResults_i2f_1/roundAnyRawFNToRecFN/_266_/Y (sky130_fd_sc_hd__nor2_1)
   0.1879   13.5468 ^ IntToFPUnit/ifpu/i2fResults_i2f_1/roundAnyRawFNToRecFN/_296_/X (sky130_fd_sc_hd__and3_1)
   0.1951   13.7419 ^ IntToFPUnit/ifpu/i2fResults_i2f_1/roundAnyRawFNToRecFN/_299_/X (sky130_fd_sc_hd__lpflow_inputiso0n_1)
   0.2763   14.0182 ^ IntToFPUnit/ifpu/i2fResults_i2f_1/roundAnyRawFNToRecFN/_311_/X (sky130_fd_sc_hd__and4_1)
   0.0856   14.1037 v IntToFPUnit/ifpu/i2fResults_i2f_1/roundAnyRawFNToRecFN/_314_/Y (sky130_fd_sc_hd__a21oi_1)
   0.1439   14.2477 ^ IntToFPUnit/ifpu/_2637_/Y (sky130_fd_sc_hd__a22oi_1)
   0.0957   14.3433 v IntToFPUnit/ifpu/_2638_/Y (sky130_fd_sc_hd__o21ai_0)
   0.0035   14.3468 v IntToFPUnit/ifpu/_2947_/D (sky130_fd_sc_hd__dfxtp_1)
            14.3468   data arrival time

  20.0000   20.0000   clock clock (rise edge)
   0.0000   20.0000   clock network delay (ideal)
   0.0000   20.0000   clock reconvergence pessimism
            20.0000 ^ IntToFPUnit/ifpu/_2947_/CLK (sky130_fd_sc_hd__dfxtp_1)
  -0.1312   19.8688   library setup time
            19.8688   data required time
-------------------------------------------------------------
            19.8688   data required time
           -14.3468   data arrival time
-------------------------------------------------------------
             5.5220   slack (MET)


Startpoint: IntToFPUnit/ifpu/_2836_
            (rising edge-triggered flip-flop clocked by clock)
Endpoint: IntToFPUnit/ifpu/_2946_
          (rising edge-triggered flip-flop clocked by clock)
Path Group: clock
Path Type: max

    Delay      Time   Description
-------------------------------------------------------------
   0.0000    0.0000   clock clock (rise edge)
   0.0000    0.0000   clock network delay (ideal)
   0.0000    0.0000 ^ IntToFPUnit/ifpu/_2836_/CLK (sky130_fd_sc_hd__dfxtp_1)
   0.4367    0.4367 v IntToFPUnit/ifpu/_2836_/Q (sky130_fd_sc_hd__dfxtp_1)
   0.5741    1.0109 v IntToFPUnit/ifpu/i2fResults_i2f_1/_0670_/X (sky130_fd_sc_hd__or4_1)
   0.2304    1.2413 ^ IntToFPUnit/ifpu/i2fResults_i2f_1/_0671_/Y (sky130_fd_sc_hd__nor4_1)
   0.1306    1.3719 v IntToFPUnit/ifpu/i2fResults_i2f_1/_0672_/Y (sky130_fd_sc_hd__nand2b_1)
   0.4586    1.8305 v IntToFPUnit/ifpu/i2fResults_i2f_1/_0673_/X (sky130_fd_sc_hd__or4_1)
   0.4665    2.2970 v IntToFPUnit/ifpu/i2fResults_i2f_1/_0674_/X (sky130_fd_sc_hd__or4_1)
   0.4667    2.7637 v IntToFPUnit/ifpu/i2fResults_i2f_1/_0675_/X (sky130_fd_sc_hd__or4_1)
   0.4667    3.2303 v IntToFPUnit/ifpu/i2fResults_i2f_1/_0676_/X (sky130_fd_sc_hd__or4_1)
   0.4665    3.6968 v IntToFPUnit/ifpu/i2fResults_i2f_1/_0677_/X (sky130_fd_sc_hd__or4_1)
   0.4664    4.1632 v IntToFPUnit/ifpu/i2fResults_i2f_1/_0678_/X (sky130_fd_sc_hd__or4_1)
   0.4665    4.6297 v IntToFPUnit/ifpu/i2fResults_i2f_1/_0679_/X (sky130_fd_sc_hd__or4_1)
   0.4665    5.0962 v IntToFPUnit/ifpu/i2fResults_i2f_1/_0680_/X (sky130_fd_sc_hd__or4_1)
   0.4665    5.5626 v IntToFPUnit/ifpu/i2fResults_i2f_1/_0681_/X (sky130_fd_sc_hd__or4_1)
   0.4667    6.0293 v IntToFPUnit/ifpu/i2fResults_i2f_1/_0682_/X (sky130_fd_sc_hd__or4_1)
   0.4667    6.4960 v IntToFPUnit/ifpu/i2fResults_i2f_1/_0683_/X (sky130_fd_sc_hd__or4_1)
   0.4667    6.9626 v IntToFPUnit/ifpu/i2fResults_i2f_1/_0684_/X (sky130_fd_sc_hd__or4_1)
   0.4667    7.4293 v IntToFPUnit/ifpu/i2fResults_i2f_1/_0685_/X (sky130_fd_sc_hd__or4_1)
   0.4667    7.8960 v IntToFPUnit/ifpu/i2fResults_i2f_1/_0686_/X (sky130_fd_sc_hd__or4_1)
   0.4667    8.3627 v IntToFPUnit/ifpu/i2fResults_i2f_1/_0687_/X (sky130_fd_sc_hd__or4_1)
   0.4597    8.8223 v IntToFPUnit/ifpu/i2fResults_i2f_1/_0688_/X (sky130_fd_sc_hd__or4_1)
   0.4581    9.2804 v IntToFPUnit/ifpu/i2fResults_i2f_1/_0689_/X (sky130_fd_sc_hd__or4_1)
   0.4502    9.7307 v IntToFPUnit/ifpu/i2fResults_i2f_1/_0690_/X (sky130_fd_sc_hd__or4_1)
   0.2176    9.9483 ^ IntToFPUnit/ifpu/i2fResults_i2f_1/_0691_/Y (sky130_fd_sc_hd__o21ai_0)
   0.1149   10.0632 v IntToFPUnit/ifpu/i2fResults_i2f_1/_0692_/Y (sky130_fd_sc_hd__nand2_1)
   0.0813   10.1445 ^ IntToFPUnit/ifpu/i2fResults_i2f_1/_0959_/Y (sky130_fd_sc_hd__nand2_1)
   0.0645   10.2091 v IntToFPUnit/ifpu/i2fResults_i2f_1/_0960_/Y (sky130_fd_sc_hd__a21oi_1)
   0.1624   10.3715 ^ IntToFPUnit/ifpu/i2fResults_i2f_1/_0961_/Y (sky130_fd_sc_hd__nor2_1)
   0.4258   10.7973 ^ IntToFPUnit/ifpu/i2fResults_i2f_1/_0975_/X (sky130_fd_sc_hd__lpflow_clkbufkapwr_1)
   0.5128   11.3101 ^ IntToFPUnit/ifpu/i2fResults_i2f_1/_1063_/X (sky130_fd_sc_hd__lpflow_clkbufkapwr_1)
   0.2826   11.5927 ^ IntToFPUnit/ifpu/i2fResults_i2f_1/_1092_/Y (sky130_fd_sc_hd__mux2i_1)
   0.1121   11.7048 v IntToFPUnit/ifpu/i2fResults_i2f_1/_1093_/Y (sky130_fd_sc_hd__mux2i_1)
   0.1904   11.8952 ^ IntToFPUnit/ifpu/i2fResults_i2f_1/_1094_/Y (sky130_fd_sc_hd__mux2i_1)
   0.1083   12.0035 v IntToFPUnit/ifpu/i2fResults_i2f_1/_1095_/Y (sky130_fd_sc_hd__mux2i_1)
   0.2954   12.2990 v IntToFPUnit/ifpu/i2fResults_i2f_1/_1096_/X (sky130_fd_sc_hd__mux2_2)
   0.1532   12.4521 ^ IntToFPUnit/ifpu/i2fResults_i2f_1/_1097_/Y (sky130_fd_sc_hd__nor2_1)
   0.1167   12.5688 v IntToFPUnit/ifpu/i2fResults_i2f_1/roundAnyRawFNToRecFN/_196_/Y (sky130_fd_sc_hd__nand3_1)
   0.2086   12.7774 ^ IntToFPUnit/ifpu/i2fResults_i2f_1/roundAnyRawFNToRecFN/_210_/Y (sky130_fd_sc_hd__nor3_1)
   0.1237   12.9011 v IntToFPUnit/ifpu/i2fResults_i2f_1/roundAnyRawFNToRecFN/_211_/Y (sky130_fd_sc_hd__nand4_1)
   0.3338   13.2349 v IntToFPUnit/ifpu/i2fResults_i2f_1/roundAnyRawFNToRecFN/_212_/X (sky130_fd_sc_hd__or2_2)
   0.1239   13.3589 ^ IntToFPUnit/ifpu/i2fResults_i2f_1/roundAnyRawFNToRecFN/_266_/Y (sky130_fd_sc_hd__nor2_1)
   0.1879   13.5468 ^ IntToFPUnit/ifpu/i2fResults_i2f_1/roundAnyRawFNToRecFN/_296_/X (sky130_fd_sc_hd__and3_1)
   0.1951   13.7419 ^ IntToFPUnit/ifpu/i2fResults_i2f_1/roundAnyRawFNToRecFN/_299_/X (sky130_fd_sc_hd__lpflow_inputiso0n_1)
   0.2763   14.0182 ^ IntToFPUnit/ifpu/i2fResults_i2f_1/roundAnyRawFNToRecFN/_311_/X (sky130_fd_sc_hd__and4_1)
   0.0623   14.0805 v IntToFPUnit/ifpu/i2fResults_i2f_1/roundAnyRawFNToRecFN/_312_/Y (sky130_fd_sc_hd__nor3_1)
   0.1527   14.2332 ^ IntToFPUnit/ifpu/_2624_/Y (sky130_fd_sc_hd__a22oi_1)
   0.0956   14.3288 v IntToFPUnit/ifpu/_2625_/Y (sky130_fd_sc_hd__o21ai_0)
   0.0035   14.3323 v IntToFPUnit/ifpu/_2946_/D (sky130_fd_sc_hd__dfxtp_1)
            14.3323   data arrival time

  20.0000   20.0000   clock clock (rise edge)
   0.0000   20.0000   clock network delay (ideal)
   0.0000   20.0000   clock reconvergence pessimism
            20.0000 ^ IntToFPUnit/ifpu/_2946_/CLK (sky130_fd_sc_hd__dfxtp_1)
  -0.1312   19.8688   library setup time
            19.8688   data required time
-------------------------------------------------------------
            19.8688   data required time
           -14.3323   data arrival time
-------------------------------------------------------------
             5.5365   slack (MET)


Startpoint: IntToFPUnit/ifpu/_2836_
            (rising edge-triggered flip-flop clocked by clock)
Endpoint: IntToFPUnit/ifpu/_2917_
          (rising edge-triggered flip-flop clocked by clock)
Path Group: clock
Path Type: max

    Delay      Time   Description
-------------------------------------------------------------
   0.0000    0.0000   clock clock (rise edge)
   0.0000    0.0000   clock network delay (ideal)
   0.0000    0.0000 ^ IntToFPUnit/ifpu/_2836_/CLK (sky130_fd_sc_hd__dfxtp_1)
   0.4367    0.4367 v IntToFPUnit/ifpu/_2836_/Q (sky130_fd_sc_hd__dfxtp_1)
   0.5741    1.0109 v IntToFPUnit/ifpu/i2fResults_i2f/_0670_/X (sky130_fd_sc_hd__or4_1)
   0.2304    1.2413 ^ IntToFPUnit/ifpu/i2fResults_i2f/_0671_/Y (sky130_fd_sc_hd__nor4_1)
   0.1306    1.3719 v IntToFPUnit/ifpu/i2fResults_i2f/_0672_/Y (sky130_fd_sc_hd__nand2b_1)
   0.4586    1.8305 v IntToFPUnit/ifpu/i2fResults_i2f/_0673_/X (sky130_fd_sc_hd__or4_1)
   0.4665    2.2970 v IntToFPUnit/ifpu/i2fResults_i2f/_0674_/X (sky130_fd_sc_hd__or4_1)
   0.4667    2.7637 v IntToFPUnit/ifpu/i2fResults_i2f/_0675_/X (sky130_fd_sc_hd__or4_1)
   0.4667    3.2303 v IntToFPUnit/ifpu/i2fResults_i2f/_0676_/X (sky130_fd_sc_hd__or4_1)
   0.4665    3.6968 v IntToFPUnit/ifpu/i2fResults_i2f/_0677_/X (sky130_fd_sc_hd__or4_1)
   0.4664    4.1632 v IntToFPUnit/ifpu/i2fResults_i2f/_0678_/X (sky130_fd_sc_hd__or4_1)
   0.4665    4.6297 v IntToFPUnit/ifpu/i2fResults_i2f/_0679_/X (sky130_fd_sc_hd__or4_1)
   0.4665    5.0962 v IntToFPUnit/ifpu/i2fResults_i2f/_0680_/X (sky130_fd_sc_hd__or4_1)
   0.4665    5.5626 v IntToFPUnit/ifpu/i2fResults_i2f/_0681_/X (sky130_fd_sc_hd__or4_1)
   0.4667    6.0293 v IntToFPUnit/ifpu/i2fResults_i2f/_0682_/X (sky130_fd_sc_hd__or4_1)
   0.4667    6.4960 v IntToFPUnit/ifpu/i2fResults_i2f/_0683_/X (sky130_fd_sc_hd__or4_1)
   0.4667    6.9626 v IntToFPUnit/ifpu/i2fResults_i2f/_0684_/X (sky130_fd_sc_hd__or4_1)
   0.4667    7.4293 v IntToFPUnit/ifpu/i2fResults_i2f/_0685_/X (sky130_fd_sc_hd__or4_1)
   0.4667    7.8960 v IntToFPUnit/ifpu/i2fResults_i2f/_0686_/X (sky130_fd_sc_hd__or4_1)
   0.4667    8.3627 v IntToFPUnit/ifpu/i2fResults_i2f/_0687_/X (sky130_fd_sc_hd__or4_1)
   0.4597    8.8223 v IntToFPUnit/ifpu/i2fResults_i2f/_0688_/X (sky130_fd_sc_hd__or4_1)
   0.4581    9.2804 v IntToFPUnit/ifpu/i2fResults_i2f/_0689_/X (sky130_fd_sc_hd__or4_1)
   0.4502    9.7307 v IntToFPUnit/ifpu/i2fResults_i2f/_0690_/X (sky130_fd_sc_hd__or4_1)
   0.2176    9.9483 ^ IntToFPUnit/ifpu/i2fResults_i2f/_0691_/Y (sky130_fd_sc_hd__o21ai_0)
   0.1149   10.0632 v IntToFPUnit/ifpu/i2fResults_i2f/_0692_/Y (sky130_fd_sc_hd__nand2_1)
   0.0813   10.1445 ^ IntToFPUnit/ifpu/i2fResults_i2f/_0959_/Y (sky130_fd_sc_hd__nand2_1)
   0.0645   10.2091 v IntToFPUnit/ifpu/i2fResults_i2f/_0960_/Y (sky130_fd_sc_hd__a21oi_1)
   0.1624   10.3715 ^ IntToFPUnit/ifpu/i2fResults_i2f/_0961_/Y (sky130_fd_sc_hd__nor2_1)
   0.4258   10.7973 ^ IntToFPUnit/ifpu/i2fResults_i2f/_0975_/X (sky130_fd_sc_hd__lpflow_clkbufkapwr_1)
   0.5128   11.3101 ^ IntToFPUnit/ifpu/i2fResults_i2f/_1063_/X (sky130_fd_sc_hd__lpflow_clkbufkapwr_1)
   0.1750   11.4851 v IntToFPUnit/ifpu/i2fResults_i2f/_1137_/Y (sky130_fd_sc_hd__mux2i_1)
   0.2224   11.7075 ^ IntToFPUnit/ifpu/i2fResults_i2f/_1138_/Y (sky130_fd_sc_hd__mux2i_1)
   0.1219   11.8294 v IntToFPUnit/ifpu/i2fResults_i2f/_1139_/Y (sky130_fd_sc_hd__mux2i_1)
   0.1685   11.9979 ^ IntToFPUnit/ifpu/i2fResults_i2f/_1194_/Y (sky130_fd_sc_hd__mux2i_1)
   0.1041   12.1020 v IntToFPUnit/ifpu/i2fResults_i2f/_1195_/Y (sky130_fd_sc_hd__o21ai_0)
   0.1863   12.2883 v IntToFPUnit/ifpu/i2fResults_i2f/_1197_/X (sky130_fd_sc_hd__a21o_1)
   0.2463   12.5346 ^ IntToFPUnit/ifpu/i2fResults_i2f/roundAnyRawFNToRecFN/_098_/Y (sky130_fd_sc_hd__nor4_1)
   0.1440   12.6787 v IntToFPUnit/ifpu/i2fResults_i2f/roundAnyRawFNToRecFN/_099_/Y (sky130_fd_sc_hd__nand4_1)
   0.4030   13.0816 ^ IntToFPUnit/ifpu/i2fResults_i2f/roundAnyRawFNToRecFN/_109_/Y (sky130_fd_sc_hd__nor4_1)
   0.2422   13.3239 v IntToFPUnit/ifpu/i2fResults_i2f/roundAnyRawFNToRecFN/_113_/Y (sky130_fd_sc_hd__o21ai_0)
   0.2149   13.5388 v IntToFPUnit/ifpu/i2fResults_i2f/roundAnyRawFNToRecFN/_134_/X (sky130_fd_sc_hd__and3_1)
   0.1379   13.6767 v IntToFPUnit/ifpu/i2fResults_i2f/roundAnyRawFNToRecFN/_135_/X (sky130_fd_sc_hd__clkbuf_1)
   0.1624   13.8391 v IntToFPUnit/ifpu/i2fResults_i2f/roundAnyRawFNToRecFN/_153_/X (sky130_fd_sc_hd__lpflow_inputiso0n_1)
   0.0842   13.9233 ^ IntToFPUnit/ifpu/i2fResults_i2f/roundAnyRawFNToRecFN/_156_/Y (sky130_fd_sc_hd__nor2_1)
   0.0585   13.9818 v IntToFPUnit/ifpu/i2fResults_i2f/roundAnyRawFNToRecFN/_158_/Y (sky130_fd_sc_hd__nor3_1)
   0.1735   14.1553 v IntToFPUnit/ifpu/_2085_/X (sky130_fd_sc_hd__o21a_1)
   0.0650   14.2203 ^ IntToFPUnit/ifpu/_2086_/Y (sky130_fd_sc_hd__o21ai_0)
   0.0958   14.3160 v IntToFPUnit/ifpu/_2088_/Y (sky130_fd_sc_hd__a31oi_1)
   0.0035   14.3195 v IntToFPUnit/ifpu/_2917_/D (sky130_fd_sc_hd__dfxtp_1)
            14.3195   data arrival time

  20.0000   20.0000   clock clock (rise edge)
   0.0000   20.0000   clock network delay (ideal)
   0.0000   20.0000   clock reconvergence pessimism
            20.0000 ^ IntToFPUnit/ifpu/_2917_/CLK (sky130_fd_sc_hd__dfxtp_1)
  -0.1386   19.8614   library setup time
            19.8614   data required time
-------------------------------------------------------------
            19.8614   data required time
           -14.3195   data arrival time
-------------------------------------------------------------
             5.5419   slack (MET)


Startpoint: IntToFPUnit/ifpu/_2836_
            (rising edge-triggered flip-flop clocked by clock)
Endpoint: IntToFPUnit/ifpu/_2952_
          (rising edge-triggered flip-flop clocked by clock)
Path Group: clock
Path Type: max

    Delay      Time   Description
-------------------------------------------------------------
   0.0000    0.0000   clock clock (rise edge)
   0.0000    0.0000   clock network delay (ideal)
   0.0000    0.0000 ^ IntToFPUnit/ifpu/_2836_/CLK (sky130_fd_sc_hd__dfxtp_1)
   0.4367    0.4367 v IntToFPUnit/ifpu/_2836_/Q (sky130_fd_sc_hd__dfxtp_1)
   0.5741    1.0109 v IntToFPUnit/ifpu/i2fResults_i2f_1/_0670_/X (sky130_fd_sc_hd__or4_1)
   0.2304    1.2413 ^ IntToFPUnit/ifpu/i2fResults_i2f_1/_0671_/Y (sky130_fd_sc_hd__nor4_1)
   0.1306    1.3719 v IntToFPUnit/ifpu/i2fResults_i2f_1/_0672_/Y (sky130_fd_sc_hd__nand2b_1)
   0.4586    1.8305 v IntToFPUnit/ifpu/i2fResults_i2f_1/_0673_/X (sky130_fd_sc_hd__or4_1)
   0.4665    2.2970 v IntToFPUnit/ifpu/i2fResults_i2f_1/_0674_/X (sky130_fd_sc_hd__or4_1)
   0.4667    2.7637 v IntToFPUnit/ifpu/i2fResults_i2f_1/_0675_/X (sky130_fd_sc_hd__or4_1)
   0.4667    3.2303 v IntToFPUnit/ifpu/i2fResults_i2f_1/_0676_/X (sky130_fd_sc_hd__or4_1)
   0.4665    3.6968 v IntToFPUnit/ifpu/i2fResults_i2f_1/_0677_/X (sky130_fd_sc_hd__or4_1)
   0.4664    4.1632 v IntToFPUnit/ifpu/i2fResults_i2f_1/_0678_/X (sky130_fd_sc_hd__or4_1)
   0.4665    4.6297 v IntToFPUnit/ifpu/i2fResults_i2f_1/_0679_/X (sky130_fd_sc_hd__or4_1)
   0.4665    5.0962 v IntToFPUnit/ifpu/i2fResults_i2f_1/_0680_/X (sky130_fd_sc_hd__or4_1)
   0.4665    5.5626 v IntToFPUnit/ifpu/i2fResults_i2f_1/_0681_/X (sky130_fd_sc_hd__or4_1)
   0.4667    6.0293 v IntToFPUnit/ifpu/i2fResults_i2f_1/_0682_/X (sky130_fd_sc_hd__or4_1)
   0.4667    6.4960 v IntToFPUnit/ifpu/i2fResults_i2f_1/_0683_/X (sky130_fd_sc_hd__or4_1)
   0.4667    6.9626 v IntToFPUnit/ifpu/i2fResults_i2f_1/_0684_/X (sky130_fd_sc_hd__or4_1)
   0.4667    7.4293 v IntToFPUnit/ifpu/i2fResults_i2f_1/_0685_/X (sky130_fd_sc_hd__or4_1)
   0.4667    7.8960 v IntToFPUnit/ifpu/i2fResults_i2f_1/_0686_/X (sky130_fd_sc_hd__or4_1)
   0.4667    8.3627 v IntToFPUnit/ifpu/i2fResults_i2f_1/_0687_/X (sky130_fd_sc_hd__or4_1)
   0.4597    8.8223 v IntToFPUnit/ifpu/i2fResults_i2f_1/_0688_/X (sky130_fd_sc_hd__or4_1)
   0.4581    9.2804 v IntToFPUnit/ifpu/i2fResults_i2f_1/_0689_/X (sky130_fd_sc_hd__or4_1)
   0.4502    9.7307 v IntToFPUnit/ifpu/i2fResults_i2f_1/_0690_/X (sky130_fd_sc_hd__or4_1)
   0.2176    9.9483 ^ IntToFPUnit/ifpu/i2fResults_i2f_1/_0691_/Y (sky130_fd_sc_hd__o21ai_0)
   0.1149   10.0632 v IntToFPUnit/ifpu/i2fResults_i2f_1/_0692_/Y (sky130_fd_sc_hd__nand2_1)
   0.0813   10.1445 ^ IntToFPUnit/ifpu/i2fResults_i2f_1/_0959_/Y (sky130_fd_sc_hd__nand2_1)
   0.0645   10.2091 v IntToFPUnit/ifpu/i2fResults_i2f_1/_0960_/Y (sky130_fd_sc_hd__a21oi_1)
   0.1624   10.3715 ^ IntToFPUnit/ifpu/i2fResults_i2f_1/_0961_/Y (sky130_fd_sc_hd__nor2_1)
   0.4258   10.7973 ^ IntToFPUnit/ifpu/i2fResults_i2f_1/_0975_/X (sky130_fd_sc_hd__lpflow_clkbufkapwr_1)
   0.5128   11.3101 ^ IntToFPUnit/ifpu/i2fResults_i2f_1/_1063_/X (sky130_fd_sc_hd__lpflow_clkbufkapwr_1)
   0.2826   11.5927 ^ IntToFPUnit/ifpu/i2fResults_i2f_1/_1143_/Y (sky130_fd_sc_hd__mux2i_1)
   0.1121   11.7048 v IntToFPUnit/ifpu/i2fResults_i2f_1/_1144_/Y (sky130_fd_sc_hd__mux2i_1)
   0.1904   11.8952 ^ IntToFPUnit/ifpu/i2fResults_i2f_1/_1145_/Y (sky130_fd_sc_hd__mux2i_1)
   0.1083   12.0035 v IntToFPUnit/ifpu/i2fResults_i2f_1/_1146_/Y (sky130_fd_sc_hd__mux2i_1)
   0.2885   12.2920 v IntToFPUnit/ifpu/i2fResults_i2f_1/_1147_/X (sky130_fd_sc_hd__mux2_2)
   0.2062   12.4982 ^ IntToFPUnit/ifpu/i2fResults_i2f_1/_1148_/Y (sky130_fd_sc_hd__nor2_1)
   0.2054   12.7036 ^ IntToFPUnit/ifpu/i2fResults_i2f_1/roundAnyRawFNToRecFN/_226_/X (sky130_fd_sc_hd__and3_1)
   0.0986   12.8022 v IntToFPUnit/ifpu/i2fResults_i2f_1/roundAnyRawFNToRecFN/_227_/Y (sky130_fd_sc_hd__nand3_1)
   0.4001   13.2023 v IntToFPUnit/ifpu/i2fResults_i2f_1/roundAnyRawFNToRecFN/_265_/X (sky130_fd_sc_hd__or3_1)
   0.6406   13.8429 ^ IntToFPUnit/ifpu/i2fResults_i2f_1/roundAnyRawFNToRecFN/_330_/Y (sky130_fd_sc_hd__nor4_1)
   0.1496   13.9925 v IntToFPUnit/ifpu/i2fResults_i2f_1/roundAnyRawFNToRecFN/_333_/Y (sky130_fd_sc_hd__a21oi_1)
   0.3350   14.3275 v IntToFPUnit/ifpu/_2704_/X (sky130_fd_sc_hd__a221o_1)
   0.0035   14.3310 v IntToFPUnit/ifpu/_2952_/D (sky130_fd_sc_hd__dfxtp_1)
            14.3310   data arrival time

  20.0000   20.0000   clock clock (rise edge)
   0.0000   20.0000   clock network delay (ideal)
   0.0000   20.0000   clock reconvergence pessimism
            20.0000 ^ IntToFPUnit/ifpu/_2952_/CLK (sky130_fd_sc_hd__dfxtp_1)
  -0.1226   19.8774   library setup time
            19.8774   data required time
-------------------------------------------------------------
            19.8774   data required time
           -14.3310   data arrival time
-------------------------------------------------------------
             5.5465   slack (MET)


Startpoint: PipelinedMulUnit/imul/_56501_
            (rising edge-triggered flip-flop clocked by clock)
Endpoint: PipelinedMulUnit/imul/_56580_
          (rising edge-triggered flip-flop clocked by clock)
Path Group: clock
Path Type: max

    Delay      Time   Description
-------------------------------------------------------------
   0.0000    0.0000   clock clock (rise edge)
   0.0000    0.0000   clock network delay (ideal)
   0.0000    0.0000 ^ PipelinedMulUnit/imul/_56501_/CLK (sky130_fd_sc_hd__dfxtp_1)
   0.3800    0.3800 ^ PipelinedMulUnit/imul/_56501_/Q (sky130_fd_sc_hd__dfxtp_1)
   0.2608    0.6408 ^ PipelinedMulUnit/imul/_28769_/X (sky130_fd_sc_hd__clkbuf_1)
   0.1282    0.7691 v PipelinedMulUnit/imul/_38732_/Y (sky130_fd_sc_hd__nand2_1)
   0.4064    1.1755 v PipelinedMulUnit/imul/_38780_/X (sky130_fd_sc_hd__xor3_1)
   0.3651    1.5405 v PipelinedMulUnit/imul/_38782_/X (sky130_fd_sc_hd__maj3_1)
   0.2861    1.8266 ^ PipelinedMulUnit/imul/_38784_/X (sky130_fd_sc_hd__xor2_1)
   0.1517    1.9783 v PipelinedMulUnit/imul/_38786_/Y (sky130_fd_sc_hd__o21ai_0)
   0.3985    2.3767 v PipelinedMulUnit/imul/_38789_/X (sky130_fd_sc_hd__maj3_1)
   0.3902    2.7670 v PipelinedMulUnit/imul/_38826_/X (sky130_fd_sc_hd__xor3_1)
   0.2564    3.0233 ^ PipelinedMulUnit/imul/_38863_/Y (sky130_fd_sc_hd__xnor2_1)
   0.6499    3.6732 v PipelinedMulUnit/imul/_38896_/X (sky130_fd_sc_hd__or4b_2)
   0.3847    4.0579 v PipelinedMulUnit/imul/_38902_/X (sky130_fd_sc_hd__maj3_1)
   0.1892    4.2471 v PipelinedMulUnit/imul/_38903_/X (sky130_fd_sc_hd__xor2_1)
   0.2183    4.4654 ^ PipelinedMulUnit/imul/_38934_/Y (sky130_fd_sc_hd__o21ai_0)
   0.2184    4.6838 ^ PipelinedMulUnit/imul/_38935_/X (sky130_fd_sc_hd__xor2_1)
   0.1069    4.7907 v PipelinedMulUnit/imul/_38959_/Y (sky130_fd_sc_hd__a22oi_1)
   0.2202    5.0109 v PipelinedMulUnit/imul/_38961_/X (sky130_fd_sc_hd__o21ba_2)
   0.2250    5.2359 ^ PipelinedMulUnit/imul/_38963_/Y (sky130_fd_sc_hd__o21ai_0)
   0.1331    5.3690 v PipelinedMulUnit/imul/_38966_/Y (sky130_fd_sc_hd__a31oi_1)
   0.1981    5.5671 ^ PipelinedMulUnit/imul/_38968_/Y (sky130_fd_sc_hd__o21ai_0)
   0.1093    5.6764 v PipelinedMulUnit/imul/_38971_/Y (sky130_fd_sc_hd__a21oi_1)
   0.1624    5.8388 ^ PipelinedMulUnit/imul/_38974_/Y (sky130_fd_sc_hd__o211ai_1)
   0.1411    5.9799 v PipelinedMulUnit/imul/_38975_/Y (sky130_fd_sc_hd__a32oi_1)
   0.2541    6.2340 ^ PipelinedMulUnit/imul/_38980_/Y (sky130_fd_sc_hd__o21ai_0)
   0.1590    6.3929 v PipelinedMulUnit/imul/_38986_/Y (sky130_fd_sc_hd__a31oi_1)
   0.2778    6.6708 v PipelinedMulUnit/imul/_38991_/X (sky130_fd_sc_hd__o31a_1)
   0.2326    6.9034 v PipelinedMulUnit/imul/_38993_/X (sky130_fd_sc_hd__o221a_2)
   0.3561    7.2594 v PipelinedMulUnit/imul/_38994_/X (sky130_fd_sc_hd__or3_1)
   0.4452    7.7046 ^ PipelinedMulUnit/imul/_38999_/Y (sky130_fd_sc_hd__a311oi_1)
   0.2916    7.9962 v PipelinedMulUnit/imul/_39006_/Y (sky130_fd_sc_hd__o311ai_0)
   0.4192    8.4154 v PipelinedMulUnit/imul/_39010_/X (sky130_fd_sc_hd__a311o_1)
   0.3054    8.7208 ^ PipelinedMulUnit/imul/_39013_/Y (sky130_fd_sc_hd__a311oi_1)
   0.1296    8.8504 v PipelinedMulUnit/imul/_39016_/Y (sky130_fd_sc_hd__o211ai_1)
   0.3919    9.2423 v PipelinedMulUnit/imul/_39021_/X (sky130_fd_sc_hd__a311o_1)
   0.2909    9.5332 ^ PipelinedMulUnit/imul/_39025_/Y (sky130_fd_sc_hd__a311oi_1)
   0.2047    9.7379 v PipelinedMulUnit/imul/_39029_/Y (sky130_fd_sc_hd__o311ai_0)
   0.4023   10.1402 ^ PipelinedMulUnit/imul/_39035_/Y (sky130_fd_sc_hd__a311oi_1)
   0.2449   10.3851 ^ PipelinedMulUnit/imul/_39038_/X (sky130_fd_sc_hd__o311a_1)
   0.1769   10.5620 v PipelinedMulUnit/imul/_39042_/Y (sky130_fd_sc_hd__o311ai_0)
   0.3618   10.9238 ^ PipelinedMulUnit/imul/_39254_/Y (sky130_fd_sc_hd__a311oi_1)
   0.1707   11.0946 v PipelinedMulUnit/imul/_39399_/Y (sky130_fd_sc_hd__a21oi_1)
   0.2150   11.3095 v PipelinedMulUnit/imul/_39623_/Y (sky130_fd_sc_hd__nand4b_1)
   0.4430   11.7525 ^ PipelinedMulUnit/imul/_40019_/Y (sky130_fd_sc_hd__a2111oi_0)
   0.2368   11.9893 ^ PipelinedMulUnit/imul/_40692_/X (sky130_fd_sc_hd__o311a_1)
   0.1218   12.1111 v PipelinedMulUnit/imul/_41025_/Y (sky130_fd_sc_hd__o21ai_0)
   0.3555   12.4666 v PipelinedMulUnit/imul/_41710_/X (sky130_fd_sc_hd__a311o_1)
   0.3717   12.8383 ^ PipelinedMulUnit/imul/_42377_/Y (sky130_fd_sc_hd__a311oi_1)
   0.2787   13.1170 v PipelinedMulUnit/imul/_43050_/Y (sky130_fd_sc_hd__o311ai_0)
   0.4261   13.5431 ^ PipelinedMulUnit/imul/_43708_/Y (sky130_fd_sc_hd__a311oi_1)
   0.2789   13.8220 v PipelinedMulUnit/imul/_44387_/Y (sky130_fd_sc_hd__o311ai_0)
   0.1522   13.9742 ^ PipelinedMulUnit/imul/_44402_/Y (sky130_fd_sc_hd__nand2_1)
   0.0491   14.0232 v PipelinedMulUnit/imul/_44720_/Y (sky130_fd_sc_hd__a21oi_1)
   0.1116   14.1348 ^ PipelinedMulUnit/imul/_44721_/Y (sky130_fd_sc_hd__a21oi_1)
   0.0788   14.2136 v PipelinedMulUnit/imul/_44722_/Y (sky130_fd_sc_hd__a21oi_1)
   0.1410   14.3547 ^ PipelinedMulUnit/imul/_44724_/Y (sky130_fd_sc_hd__a21oi_1)
   0.0035   14.3581 ^ PipelinedMulUnit/imul/_56580_/D (sky130_fd_sc_hd__dfxtp_1)
            14.3581   data arrival time

  20.0000   20.0000   clock clock (rise edge)
   0.0000   20.0000   clock network delay (ideal)
   0.0000   20.0000   clock reconvergence pessimism
            20.0000 ^ PipelinedMulUnit/imul/_56580_/CLK (sky130_fd_sc_hd__dfxtp_1)
  -0.0711   19.9289   library setup time
            19.9289   data required time
-------------------------------------------------------------
            19.9289   data required time
           -14.3581   data arrival time
-------------------------------------------------------------
             5.5708   slack (MET)


Startpoint: IntToFPUnit/ifpu/_2836_
            (rising edge-triggered flip-flop clocked by clock)
Endpoint: IntToFPUnit/ifpu/_2910_
          (rising edge-triggered flip-flop clocked by clock)
Path Group: clock
Path Type: max

    Delay      Time   Description
-------------------------------------------------------------
   0.0000    0.0000   clock clock (rise edge)
   0.0000    0.0000   clock network delay (ideal)
   0.0000    0.0000 ^ IntToFPUnit/ifpu/_2836_/CLK (sky130_fd_sc_hd__dfxtp_1)
   0.4367    0.4367 v IntToFPUnit/ifpu/_2836_/Q (sky130_fd_sc_hd__dfxtp_1)
   0.5741    1.0109 v IntToFPUnit/ifpu/i2fResults_i2f/_0670_/X (sky130_fd_sc_hd__or4_1)
   0.2304    1.2413 ^ IntToFPUnit/ifpu/i2fResults_i2f/_0671_/Y (sky130_fd_sc_hd__nor4_1)
   0.1306    1.3719 v IntToFPUnit/ifpu/i2fResults_i2f/_0672_/Y (sky130_fd_sc_hd__nand2b_1)
   0.4586    1.8305 v IntToFPUnit/ifpu/i2fResults_i2f/_0673_/X (sky130_fd_sc_hd__or4_1)
   0.4665    2.2970 v IntToFPUnit/ifpu/i2fResults_i2f/_0674_/X (sky130_fd_sc_hd__or4_1)
   0.4667    2.7637 v IntToFPUnit/ifpu/i2fResults_i2f/_0675_/X (sky130_fd_sc_hd__or4_1)
   0.4667    3.2303 v IntToFPUnit/ifpu/i2fResults_i2f/_0676_/X (sky130_fd_sc_hd__or4_1)
   0.4665    3.6968 v IntToFPUnit/ifpu/i2fResults_i2f/_0677_/X (sky130_fd_sc_hd__or4_1)
   0.4664    4.1632 v IntToFPUnit/ifpu/i2fResults_i2f/_0678_/X (sky130_fd_sc_hd__or4_1)
   0.4665    4.6297 v IntToFPUnit/ifpu/i2fResults_i2f/_0679_/X (sky130_fd_sc_hd__or4_1)
   0.4665    5.0962 v IntToFPUnit/ifpu/i2fResults_i2f/_0680_/X (sky130_fd_sc_hd__or4_1)
   0.4665    5.5626 v IntToFPUnit/ifpu/i2fResults_i2f/_0681_/X (sky130_fd_sc_hd__or4_1)
   0.4667    6.0293 v IntToFPUnit/ifpu/i2fResults_i2f/_0682_/X (sky130_fd_sc_hd__or4_1)
   0.4667    6.4960 v IntToFPUnit/ifpu/i2fResults_i2f/_0683_/X (sky130_fd_sc_hd__or4_1)
   0.4667    6.9626 v IntToFPUnit/ifpu/i2fResults_i2f/_0684_/X (sky130_fd_sc_hd__or4_1)
   0.4667    7.4293 v IntToFPUnit/ifpu/i2fResults_i2f/_0685_/X (sky130_fd_sc_hd__or4_1)
   0.4667    7.8960 v IntToFPUnit/ifpu/i2fResults_i2f/_0686_/X (sky130_fd_sc_hd__or4_1)
   0.4667    8.3627 v IntToFPUnit/ifpu/i2fResults_i2f/_0687_/X (sky130_fd_sc_hd__or4_1)
   0.4597    8.8223 v IntToFPUnit/ifpu/i2fResults_i2f/_0688_/X (sky130_fd_sc_hd__or4_1)
   0.4581    9.2804 v IntToFPUnit/ifpu/i2fResults_i2f/_0689_/X (sky130_fd_sc_hd__or4_1)
   0.4502    9.7307 v IntToFPUnit/ifpu/i2fResults_i2f/_0690_/X (sky130_fd_sc_hd__or4_1)
   0.2176    9.9483 ^ IntToFPUnit/ifpu/i2fResults_i2f/_0691_/Y (sky130_fd_sc_hd__o21ai_0)
   0.1149   10.0632 v IntToFPUnit/ifpu/i2fResults_i2f/_0692_/Y (sky130_fd_sc_hd__nand2_1)
   0.0813   10.1445 ^ IntToFPUnit/ifpu/i2fResults_i2f/_0959_/Y (sky130_fd_sc_hd__nand2_1)
   0.0645   10.2091 v IntToFPUnit/ifpu/i2fResults_i2f/_0960_/Y (sky130_fd_sc_hd__a21oi_1)
   0.1624   10.3715 ^ IntToFPUnit/ifpu/i2fResults_i2f/_0961_/Y (sky130_fd_sc_hd__nor2_1)
   0.4258   10.7973 ^ IntToFPUnit/ifpu/i2fResults_i2f/_0975_/X (sky130_fd_sc_hd__lpflow_clkbufkapwr_1)
   0.5128   11.3101 ^ IntToFPUnit/ifpu/i2fResults_i2f/_1063_/X (sky130_fd_sc_hd__lpflow_clkbufkapwr_1)
   0.1750   11.4851 v IntToFPUnit/ifpu/i2fResults_i2f/_1137_/Y (sky130_fd_sc_hd__mux2i_1)
   0.2224   11.7075 ^ IntToFPUnit/ifpu/i2fResults_i2f/_1138_/Y (sky130_fd_sc_hd__mux2i_1)
   0.1219   11.8294 v IntToFPUnit/ifpu/i2fResults_i2f/_1139_/Y (sky130_fd_sc_hd__mux2i_1)
   0.1685   11.9979 ^ IntToFPUnit/ifpu/i2fResults_i2f/_1194_/Y (sky130_fd_sc_hd__mux2i_1)
   0.1041   12.1020 v IntToFPUnit/ifpu/i2fResults_i2f/_1195_/Y (sky130_fd_sc_hd__o21ai_0)
   0.1863   12.2883 v IntToFPUnit/ifpu/i2fResults_i2f/_1197_/X (sky130_fd_sc_hd__a21o_1)
   0.2463   12.5346 ^ IntToFPUnit/ifpu/i2fResults_i2f/roundAnyRawFNToRecFN/_098_/Y (sky130_fd_sc_hd__nor4_1)
   0.1440   12.6787 v IntToFPUnit/ifpu/i2fResults_i2f/roundAnyRawFNToRecFN/_099_/Y (sky130_fd_sc_hd__nand4_1)
   0.4030   13.0816 ^ IntToFPUnit/ifpu/i2fResults_i2f/roundAnyRawFNToRecFN/_109_/Y (sky130_fd_sc_hd__nor4_1)
   0.2422   13.3239 v IntToFPUnit/ifpu/i2fResults_i2f/roundAnyRawFNToRecFN/_113_/Y (sky130_fd_sc_hd__o21ai_0)
   0.2602   13.5841 v IntToFPUnit/ifpu/i2fResults_i2f/roundAnyRawFNToRecFN/_123_/X (sky130_fd_sc_hd__and3_1)
   0.1933   13.7773 v IntToFPUnit/ifpu/i2fResults_i2f/roundAnyRawFNToRecFN/_129_/X (sky130_fd_sc_hd__and3_1)
   0.0850   13.8624 ^ IntToFPUnit/ifpu/i2fResults_i2f/roundAnyRawFNToRecFN/_132_/Y (sky130_fd_sc_hd__nor2_1)
   0.0575   13.9199 v IntToFPUnit/ifpu/i2fResults_i2f/roundAnyRawFNToRecFN/_136_/Y (sky130_fd_sc_hd__nor3_1)
   0.1734   14.0933 v IntToFPUnit/ifpu/_1907_/X (sky130_fd_sc_hd__o21a_1)
   0.0650   14.1582 ^ IntToFPUnit/ifpu/_1908_/Y (sky130_fd_sc_hd__o21ai_0)
   0.0958   14.2540 v IntToFPUnit/ifpu/_1910_/Y (sky130_fd_sc_hd__a31oi_1)
   0.0035   14.2575 v IntToFPUnit/ifpu/_2910_/D (sky130_fd_sc_hd__dfxtp_1)
            14.2575   data arrival time

  20.0000   20.0000   clock clock (rise edge)
   0.0000   20.0000   clock network delay (ideal)
   0.0000   20.0000   clock reconvergence pessimism
            20.0000 ^ IntToFPUnit/ifpu/_2910_/CLK (sky130_fd_sc_hd__dfxtp_1)
  -0.1386   19.8614   library setup time
            19.8614   data required time
-------------------------------------------------------------
            19.8614   data required time
           -14.2575   data arrival time
-------------------------------------------------------------
             5.6039   slack (MET)


Startpoint: IntToFPUnit/ifpu/_2836_
            (rising edge-triggered flip-flop clocked by clock)
Endpoint: IntToFPUnit/ifpu/_2951_
          (rising edge-triggered flip-flop clocked by clock)
Path Group: clock
Path Type: max

    Delay      Time   Description
-------------------------------------------------------------
   0.0000    0.0000   clock clock (rise edge)
   0.0000    0.0000   clock network delay (ideal)
   0.0000    0.0000 ^ IntToFPUnit/ifpu/_2836_/CLK (sky130_fd_sc_hd__dfxtp_1)
   0.4367    0.4367 v IntToFPUnit/ifpu/_2836_/Q (sky130_fd_sc_hd__dfxtp_1)
   0.5741    1.0109 v IntToFPUnit/ifpu/i2fResults_i2f_1/_0670_/X (sky130_fd_sc_hd__or4_1)
   0.2304    1.2413 ^ IntToFPUnit/ifpu/i2fResults_i2f_1/_0671_/Y (sky130_fd_sc_hd__nor4_1)
   0.1306    1.3719 v IntToFPUnit/ifpu/i2fResults_i2f_1/_0672_/Y (sky130_fd_sc_hd__nand2b_1)
   0.4586    1.8305 v IntToFPUnit/ifpu/i2fResults_i2f_1/_0673_/X (sky130_fd_sc_hd__or4_1)
   0.4665    2.2970 v IntToFPUnit/ifpu/i2fResults_i2f_1/_0674_/X (sky130_fd_sc_hd__or4_1)
   0.4667    2.7637 v IntToFPUnit/ifpu/i2fResults_i2f_1/_0675_/X (sky130_fd_sc_hd__or4_1)
   0.4667    3.2303 v IntToFPUnit/ifpu/i2fResults_i2f_1/_0676_/X (sky130_fd_sc_hd__or4_1)
   0.4665    3.6968 v IntToFPUnit/ifpu/i2fResults_i2f_1/_0677_/X (sky130_fd_sc_hd__or4_1)
   0.4664    4.1632 v IntToFPUnit/ifpu/i2fResults_i2f_1/_0678_/X (sky130_fd_sc_hd__or4_1)
   0.4665    4.6297 v IntToFPUnit/ifpu/i2fResults_i2f_1/_0679_/X (sky130_fd_sc_hd__or4_1)
   0.4665    5.0962 v IntToFPUnit/ifpu/i2fResults_i2f_1/_0680_/X (sky130_fd_sc_hd__or4_1)
   0.4665    5.5626 v IntToFPUnit/ifpu/i2fResults_i2f_1/_0681_/X (sky130_fd_sc_hd__or4_1)
   0.4667    6.0293 v IntToFPUnit/ifpu/i2fResults_i2f_1/_0682_/X (sky130_fd_sc_hd__or4_1)
   0.4667    6.4960 v IntToFPUnit/ifpu/i2fResults_i2f_1/_0683_/X (sky130_fd_sc_hd__or4_1)
   0.4667    6.9626 v IntToFPUnit/ifpu/i2fResults_i2f_1/_0684_/X (sky130_fd_sc_hd__or4_1)
   0.4667    7.4293 v IntToFPUnit/ifpu/i2fResults_i2f_1/_0685_/X (sky130_fd_sc_hd__or4_1)
   0.4667    7.8960 v IntToFPUnit/ifpu/i2fResults_i2f_1/_0686_/X (sky130_fd_sc_hd__or4_1)
   0.4667    8.3627 v IntToFPUnit/ifpu/i2fResults_i2f_1/_0687_/X (sky130_fd_sc_hd__or4_1)
   0.4597    8.8223 v IntToFPUnit/ifpu/i2fResults_i2f_1/_0688_/X (sky130_fd_sc_hd__or4_1)
   0.4581    9.2804 v IntToFPUnit/ifpu/i2fResults_i2f_1/_0689_/X (sky130_fd_sc_hd__or4_1)
   0.4502    9.7307 v IntToFPUnit/ifpu/i2fResults_i2f_1/_0690_/X (sky130_fd_sc_hd__or4_1)
   0.2176    9.9483 ^ IntToFPUnit/ifpu/i2fResults_i2f_1/_0691_/Y (sky130_fd_sc_hd__o21ai_0)
   0.1149   10.0632 v IntToFPUnit/ifpu/i2fResults_i2f_1/_0692_/Y (sky130_fd_sc_hd__nand2_1)
   0.0813   10.1445 ^ IntToFPUnit/ifpu/i2fResults_i2f_1/_0959_/Y (sky130_fd_sc_hd__nand2_1)
   0.0645   10.2091 v IntToFPUnit/ifpu/i2fResults_i2f_1/_0960_/Y (sky130_fd_sc_hd__a21oi_1)
   0.1624   10.3715 ^ IntToFPUnit/ifpu/i2fResults_i2f_1/_0961_/Y (sky130_fd_sc_hd__nor2_1)
   0.4258   10.7973 ^ IntToFPUnit/ifpu/i2fResults_i2f_1/_0975_/X (sky130_fd_sc_hd__lpflow_clkbufkapwr_1)
   0.5128   11.3101 ^ IntToFPUnit/ifpu/i2fResults_i2f_1/_1063_/X (sky130_fd_sc_hd__lpflow_clkbufkapwr_1)
   0.2826   11.5927 ^ IntToFPUnit/ifpu/i2fResults_i2f_1/_1092_/Y (sky130_fd_sc_hd__mux2i_1)
   0.1121   11.7048 v IntToFPUnit/ifpu/i2fResults_i2f_1/_1093_/Y (sky130_fd_sc_hd__mux2i_1)
   0.1904   11.8952 ^ IntToFPUnit/ifpu/i2fResults_i2f_1/_1094_/Y (sky130_fd_sc_hd__mux2i_1)
   0.1083   12.0035 v IntToFPUnit/ifpu/i2fResults_i2f_1/_1095_/Y (sky130_fd_sc_hd__mux2i_1)
   0.2954   12.2990 v IntToFPUnit/ifpu/i2fResults_i2f_1/_1096_/X (sky130_fd_sc_hd__mux2_2)
   0.1532   12.4521 ^ IntToFPUnit/ifpu/i2fResults_i2f_1/_1097_/Y (sky130_fd_sc_hd__nor2_1)
   0.1167   12.5688 v IntToFPUnit/ifpu/i2fResults_i2f_1/roundAnyRawFNToRecFN/_196_/Y (sky130_fd_sc_hd__nand3_1)
   0.2086   12.7774 ^ IntToFPUnit/ifpu/i2fResults_i2f_1/roundAnyRawFNToRecFN/_210_/Y (sky130_fd_sc_hd__nor3_1)
   0.1237   12.9011 v IntToFPUnit/ifpu/i2fResults_i2f_1/roundAnyRawFNToRecFN/_211_/Y (sky130_fd_sc_hd__nand4_1)
   0.3338   13.2349 v IntToFPUnit/ifpu/i2fResults_i2f_1/roundAnyRawFNToRecFN/_212_/X (sky130_fd_sc_hd__or2_2)
   0.2955   13.5304 ^ IntToFPUnit/ifpu/i2fResults_i2f_1/roundAnyRawFNToRecFN/_308_/X (sky130_fd_sc_hd__and4b_1)
   0.1028   13.6332 v IntToFPUnit/ifpu/i2fResults_i2f_1/roundAnyRawFNToRecFN/_319_/Y (sky130_fd_sc_hd__nand4_1)
   0.2300   13.8632 ^ IntToFPUnit/ifpu/i2fResults_i2f_1/roundAnyRawFNToRecFN/_320_/X (sky130_fd_sc_hd__lpflow_isobufsrc_1)
   0.1014   13.9646 v IntToFPUnit/ifpu/i2fResults_i2f_1/roundAnyRawFNToRecFN/_324_/Y (sky130_fd_sc_hd__a21oi_1)
   0.1783   14.1430 ^ IntToFPUnit/ifpu/i2fResults_i2f_1/roundAnyRawFNToRecFN/_331_/Y (sky130_fd_sc_hd__nor3_1)
   0.0840   14.2270 v IntToFPUnit/ifpu/_2691_/Y (sky130_fd_sc_hd__a22oi_1)
   0.0852   14.3121 ^ IntToFPUnit/ifpu/_2692_/Y (sky130_fd_sc_hd__o21ai_0)
   0.0035   14.3156 ^ IntToFPUnit/ifpu/_2951_/D (sky130_fd_sc_hd__dfxtp_1)
            14.3156   data arrival time

  20.0000   20.0000   clock clock (rise edge)
   0.0000   20.0000   clock network delay (ideal)
   0.0000   20.0000   clock reconvergence pessimism
            20.0000 ^ IntToFPUnit/ifpu/_2951_/CLK (sky130_fd_sc_hd__dfxtp_1)
  -0.0760   19.9240   library setup time
            19.9240   data required time
-------------------------------------------------------------
            19.9240   data required time
           -14.3156   data arrival time
-------------------------------------------------------------
             5.6083   slack (MET)


Startpoint: IntToFPUnit/ifpu/_2836_
            (rising edge-triggered flip-flop clocked by clock)
Endpoint: IntToFPUnit/ifpu/_2926_
          (rising edge-triggered flip-flop clocked by clock)
Path Group: clock
Path Type: max

    Delay      Time   Description
-------------------------------------------------------------
   0.0000    0.0000   clock clock (rise edge)
   0.0000    0.0000   clock network delay (ideal)
   0.0000    0.0000 ^ IntToFPUnit/ifpu/_2836_/CLK (sky130_fd_sc_hd__dfxtp_1)
   0.4367    0.4367 v IntToFPUnit/ifpu/_2836_/Q (sky130_fd_sc_hd__dfxtp_1)
   0.5741    1.0109 v IntToFPUnit/ifpu/i2fResults_i2f/_0670_/X (sky130_fd_sc_hd__or4_1)
   0.2304    1.2413 ^ IntToFPUnit/ifpu/i2fResults_i2f/_0671_/Y (sky130_fd_sc_hd__nor4_1)
   0.1306    1.3719 v IntToFPUnit/ifpu/i2fResults_i2f/_0672_/Y (sky130_fd_sc_hd__nand2b_1)
   0.4586    1.8305 v IntToFPUnit/ifpu/i2fResults_i2f/_0673_/X (sky130_fd_sc_hd__or4_1)
   0.4665    2.2970 v IntToFPUnit/ifpu/i2fResults_i2f/_0674_/X (sky130_fd_sc_hd__or4_1)
   0.4667    2.7637 v IntToFPUnit/ifpu/i2fResults_i2f/_0675_/X (sky130_fd_sc_hd__or4_1)
   0.4667    3.2303 v IntToFPUnit/ifpu/i2fResults_i2f/_0676_/X (sky130_fd_sc_hd__or4_1)
   0.4665    3.6968 v IntToFPUnit/ifpu/i2fResults_i2f/_0677_/X (sky130_fd_sc_hd__or4_1)
   0.4664    4.1632 v IntToFPUnit/ifpu/i2fResults_i2f/_0678_/X (sky130_fd_sc_hd__or4_1)
   0.4665    4.6297 v IntToFPUnit/ifpu/i2fResults_i2f/_0679_/X (sky130_fd_sc_hd__or4_1)
   0.4665    5.0962 v IntToFPUnit/ifpu/i2fResults_i2f/_0680_/X (sky130_fd_sc_hd__or4_1)
   0.4665    5.5626 v IntToFPUnit/ifpu/i2fResults_i2f/_0681_/X (sky130_fd_sc_hd__or4_1)
   0.4667    6.0293 v IntToFPUnit/ifpu/i2fResults_i2f/_0682_/X (sky130_fd_sc_hd__or4_1)
   0.4667    6.4960 v IntToFPUnit/ifpu/i2fResults_i2f/_0683_/X (sky130_fd_sc_hd__or4_1)
   0.4667    6.9626 v IntToFPUnit/ifpu/i2fResults_i2f/_0684_/X (sky130_fd_sc_hd__or4_1)
   0.4667    7.4293 v IntToFPUnit/ifpu/i2fResults_i2f/_0685_/X (sky130_fd_sc_hd__or4_1)
   0.4667    7.8960 v IntToFPUnit/ifpu/i2fResults_i2f/_0686_/X (sky130_fd_sc_hd__or4_1)
   0.4667    8.3627 v IntToFPUnit/ifpu/i2fResults_i2f/_0687_/X (sky130_fd_sc_hd__or4_1)
   0.4597    8.8223 v IntToFPUnit/ifpu/i2fResults_i2f/_0688_/X (sky130_fd_sc_hd__or4_1)
   0.4581    9.2804 v IntToFPUnit/ifpu/i2fResults_i2f/_0689_/X (sky130_fd_sc_hd__or4_1)
   0.4502    9.7307 v IntToFPUnit/ifpu/i2fResults_i2f/_0690_/X (sky130_fd_sc_hd__or4_1)
   0.2176    9.9483 ^ IntToFPUnit/ifpu/i2fResults_i2f/_0691_/Y (sky130_fd_sc_hd__o21ai_0)
   0.1149   10.0632 v IntToFPUnit/ifpu/i2fResults_i2f/_0692_/Y (sky130_fd_sc_hd__nand2_1)
   0.0813   10.1445 ^ IntToFPUnit/ifpu/i2fResults_i2f/_0959_/Y (sky130_fd_sc_hd__nand2_1)
   0.0645   10.2091 v IntToFPUnit/ifpu/i2fResults_i2f/_0960_/Y (sky130_fd_sc_hd__a21oi_1)
   0.1624   10.3715 ^ IntToFPUnit/ifpu/i2fResults_i2f/_0961_/Y (sky130_fd_sc_hd__nor2_1)
   0.4258   10.7973 ^ IntToFPUnit/ifpu/i2fResults_i2f/_0975_/X (sky130_fd_sc_hd__lpflow_clkbufkapwr_1)
   0.5128   11.3101 ^ IntToFPUnit/ifpu/i2fResults_i2f/_1063_/X (sky130_fd_sc_hd__lpflow_clkbufkapwr_1)
   0.1750   11.4851 v IntToFPUnit/ifpu/i2fResults_i2f/_1137_/Y (sky130_fd_sc_hd__mux2i_1)
   0.2224   11.7075 ^ IntToFPUnit/ifpu/i2fResults_i2f/_1138_/Y (sky130_fd_sc_hd__mux2i_1)
   0.1219   11.8294 v IntToFPUnit/ifpu/i2fResults_i2f/_1139_/Y (sky130_fd_sc_hd__mux2i_1)
   0.1685   11.9979 ^ IntToFPUnit/ifpu/i2fResults_i2f/_1194_/Y (sky130_fd_sc_hd__mux2i_1)
   0.1041   12.1020 v IntToFPUnit/ifpu/i2fResults_i2f/_1195_/Y (sky130_fd_sc_hd__o21ai_0)
   0.1863   12.2883 v IntToFPUnit/ifpu/i2fResults_i2f/_1197_/X (sky130_fd_sc_hd__a21o_1)
   0.2463   12.5346 ^ IntToFPUnit/ifpu/i2fResults_i2f/roundAnyRawFNToRecFN/_098_/Y (sky130_fd_sc_hd__nor4_1)
   0.1440   12.6787 v IntToFPUnit/ifpu/i2fResults_i2f/roundAnyRawFNToRecFN/_099_/Y (sky130_fd_sc_hd__nand4_1)
   0.4030   13.0816 ^ IntToFPUnit/ifpu/i2fResults_i2f/roundAnyRawFNToRecFN/_109_/Y (sky130_fd_sc_hd__nor4_1)
   0.2422   13.3239 v IntToFPUnit/ifpu/i2fResults_i2f/roundAnyRawFNToRecFN/_113_/Y (sky130_fd_sc_hd__o21ai_0)
   0.1580   13.4819 ^ IntToFPUnit/ifpu/i2fResults_i2f/roundAnyRawFNToRecFN/_167_/Y (sky130_fd_sc_hd__nand4_1)
   0.0826   13.5644 v IntToFPUnit/ifpu/i2fResults_i2f/roundAnyRawFNToRecFN/_179_/Y (sky130_fd_sc_hd__nor3_1)
   0.2024   13.7668 v IntToFPUnit/ifpu/i2fResults_i2f/roundAnyRawFNToRecFN/_185_/X (sky130_fd_sc_hd__and3_1)
   0.0891   13.8559 ^ IntToFPUnit/ifpu/i2fResults_i2f/roundAnyRawFNToRecFN/_187_/Y (sky130_fd_sc_hd__nor2_1)
   0.0581   13.9140 v IntToFPUnit/ifpu/i2fResults_i2f/roundAnyRawFNToRecFN/_189_/Y (sky130_fd_sc_hd__nor3_1)
   0.1735   14.0875 v IntToFPUnit/ifpu/_2300_/X (sky130_fd_sc_hd__o21a_1)
   0.0650   14.1524 ^ IntToFPUnit/ifpu/_2301_/Y (sky130_fd_sc_hd__o21ai_0)
   0.0958   14.2482 v IntToFPUnit/ifpu/_2303_/Y (sky130_fd_sc_hd__a31oi_1)
   0.0035   14.2517 v IntToFPUnit/ifpu/_2926_/D (sky130_fd_sc_hd__dfxtp_1)
            14.2517   data arrival time

  20.0000   20.0000   clock clock (rise edge)
   0.0000   20.0000   clock network delay (ideal)
   0.0000   20.0000   clock reconvergence pessimism
            20.0000 ^ IntToFPUnit/ifpu/_2926_/CLK (sky130_fd_sc_hd__dfxtp_1)
  -0.1386   19.8614   library setup time
            19.8614   data required time
-------------------------------------------------------------
            19.8614   data required time
           -14.2517   data arrival time
-------------------------------------------------------------
             5.6097   slack (MET)


Startpoint: IntToFPUnit/ifpu/_2836_
            (rising edge-triggered flip-flop clocked by clock)
Endpoint: IntToFPUnit/ifpu/_2909_
          (rising edge-triggered flip-flop clocked by clock)
Path Group: clock
Path Type: max

    Delay      Time   Description
-------------------------------------------------------------
   0.0000    0.0000   clock clock (rise edge)
   0.0000    0.0000   clock network delay (ideal)
   0.0000    0.0000 ^ IntToFPUnit/ifpu/_2836_/CLK (sky130_fd_sc_hd__dfxtp_1)
   0.4367    0.4367 v IntToFPUnit/ifpu/_2836_/Q (sky130_fd_sc_hd__dfxtp_1)
   0.5741    1.0109 v IntToFPUnit/ifpu/i2fResults_i2f/_0670_/X (sky130_fd_sc_hd__or4_1)
   0.2304    1.2413 ^ IntToFPUnit/ifpu/i2fResults_i2f/_0671_/Y (sky130_fd_sc_hd__nor4_1)
   0.1306    1.3719 v IntToFPUnit/ifpu/i2fResults_i2f/_0672_/Y (sky130_fd_sc_hd__nand2b_1)
   0.4586    1.8305 v IntToFPUnit/ifpu/i2fResults_i2f/_0673_/X (sky130_fd_sc_hd__or4_1)
   0.4665    2.2970 v IntToFPUnit/ifpu/i2fResults_i2f/_0674_/X (sky130_fd_sc_hd__or4_1)
   0.4667    2.7637 v IntToFPUnit/ifpu/i2fResults_i2f/_0675_/X (sky130_fd_sc_hd__or4_1)
   0.4667    3.2303 v IntToFPUnit/ifpu/i2fResults_i2f/_0676_/X (sky130_fd_sc_hd__or4_1)
   0.4665    3.6968 v IntToFPUnit/ifpu/i2fResults_i2f/_0677_/X (sky130_fd_sc_hd__or4_1)
   0.4664    4.1632 v IntToFPUnit/ifpu/i2fResults_i2f/_0678_/X (sky130_fd_sc_hd__or4_1)
   0.4665    4.6297 v IntToFPUnit/ifpu/i2fResults_i2f/_0679_/X (sky130_fd_sc_hd__or4_1)
   0.4665    5.0962 v IntToFPUnit/ifpu/i2fResults_i2f/_0680_/X (sky130_fd_sc_hd__or4_1)
   0.4665    5.5626 v IntToFPUnit/ifpu/i2fResults_i2f/_0681_/X (sky130_fd_sc_hd__or4_1)
   0.4667    6.0293 v IntToFPUnit/ifpu/i2fResults_i2f/_0682_/X (sky130_fd_sc_hd__or4_1)
   0.4667    6.4960 v IntToFPUnit/ifpu/i2fResults_i2f/_0683_/X (sky130_fd_sc_hd__or4_1)
   0.4667    6.9626 v IntToFPUnit/ifpu/i2fResults_i2f/_0684_/X (sky130_fd_sc_hd__or4_1)
   0.4667    7.4293 v IntToFPUnit/ifpu/i2fResults_i2f/_0685_/X (sky130_fd_sc_hd__or4_1)
   0.4667    7.8960 v IntToFPUnit/ifpu/i2fResults_i2f/_0686_/X (sky130_fd_sc_hd__or4_1)
   0.4667    8.3627 v IntToFPUnit/ifpu/i2fResults_i2f/_0687_/X (sky130_fd_sc_hd__or4_1)
   0.4597    8.8223 v IntToFPUnit/ifpu/i2fResults_i2f/_0688_/X (sky130_fd_sc_hd__or4_1)
   0.4581    9.2804 v IntToFPUnit/ifpu/i2fResults_i2f/_0689_/X (sky130_fd_sc_hd__or4_1)
   0.4502    9.7307 v IntToFPUnit/ifpu/i2fResults_i2f/_0690_/X (sky130_fd_sc_hd__or4_1)
   0.2176    9.9483 ^ IntToFPUnit/ifpu/i2fResults_i2f/_0691_/Y (sky130_fd_sc_hd__o21ai_0)
   0.1149   10.0632 v IntToFPUnit/ifpu/i2fResults_i2f/_0692_/Y (sky130_fd_sc_hd__nand2_1)
   0.0813   10.1445 ^ IntToFPUnit/ifpu/i2fResults_i2f/_0959_/Y (sky130_fd_sc_hd__nand2_1)
   0.0645   10.2091 v IntToFPUnit/ifpu/i2fResults_i2f/_0960_/Y (sky130_fd_sc_hd__a21oi_1)
   0.1624   10.3715 ^ IntToFPUnit/ifpu/i2fResults_i2f/_0961_/Y (sky130_fd_sc_hd__nor2_1)
   0.4258   10.7973 ^ IntToFPUnit/ifpu/i2fResults_i2f/_0975_/X (sky130_fd_sc_hd__lpflow_clkbufkapwr_1)
   0.5128   11.3101 ^ IntToFPUnit/ifpu/i2fResults_i2f/_1063_/X (sky130_fd_sc_hd__lpflow_clkbufkapwr_1)
   0.1750   11.4851 v IntToFPUnit/ifpu/i2fResults_i2f/_1137_/Y (sky130_fd_sc_hd__mux2i_1)
   0.2224   11.7075 ^ IntToFPUnit/ifpu/i2fResults_i2f/_1138_/Y (sky130_fd_sc_hd__mux2i_1)
   0.1219   11.8294 v IntToFPUnit/ifpu/i2fResults_i2f/_1139_/Y (sky130_fd_sc_hd__mux2i_1)
   0.1685   11.9979 ^ IntToFPUnit/ifpu/i2fResults_i2f/_1194_/Y (sky130_fd_sc_hd__mux2i_1)
   0.1041   12.1020 v IntToFPUnit/ifpu/i2fResults_i2f/_1195_/Y (sky130_fd_sc_hd__o21ai_0)
   0.1863   12.2883 v IntToFPUnit/ifpu/i2fResults_i2f/_1197_/X (sky130_fd_sc_hd__a21o_1)
   0.2463   12.5346 ^ IntToFPUnit/ifpu/i2fResults_i2f/roundAnyRawFNToRecFN/_098_/Y (sky130_fd_sc_hd__nor4_1)
   0.1440   12.6787 v IntToFPUnit/ifpu/i2fResults_i2f/roundAnyRawFNToRecFN/_099_/Y (sky130_fd_sc_hd__nand4_1)
   0.4030   13.0816 ^ IntToFPUnit/ifpu/i2fResults_i2f/roundAnyRawFNToRecFN/_109_/Y (sky130_fd_sc_hd__nor4_1)
   0.2422   13.3239 v IntToFPUnit/ifpu/i2fResults_i2f/roundAnyRawFNToRecFN/_113_/Y (sky130_fd_sc_hd__o21ai_0)
   0.2602   13.5841 v IntToFPUnit/ifpu/i2fResults_i2f/roundAnyRawFNToRecFN/_123_/X (sky130_fd_sc_hd__and3_1)
   0.1933   13.7773 v IntToFPUnit/ifpu/i2fResults_i2f/roundAnyRawFNToRecFN/_129_/X (sky130_fd_sc_hd__and3_1)
   0.1664   13.9437 ^ IntToFPUnit/ifpu/i2fResults_i2f/roundAnyRawFNToRecFN/_131_/Y (sky130_fd_sc_hd__nor3_1)
   0.1243   14.0680 ^ IntToFPUnit/ifpu/_1881_/X (sky130_fd_sc_hd__o21a_1)
   0.0698   14.1378 v IntToFPUnit/ifpu/_1882_/Y (sky130_fd_sc_hd__o21ai_0)
   0.1597   14.2975 ^ IntToFPUnit/ifpu/_1884_/Y (sky130_fd_sc_hd__a31oi_1)
   0.0035   14.3009 ^ IntToFPUnit/ifpu/_2909_/D (sky130_fd_sc_hd__dfxtp_1)
            14.3009   data arrival time

  20.0000   20.0000   clock clock (rise edge)
   0.0000   20.0000   clock network delay (ideal)
   0.0000   20.0000   clock reconvergence pessimism
            20.0000 ^ IntToFPUnit/ifpu/_2909_/CLK (sky130_fd_sc_hd__dfxtp_1)
  -0.0756   19.9244   library setup time
            19.9244   data required time
-------------------------------------------------------------
            19.9244   data required time
           -14.3009   data arrival time
-------------------------------------------------------------
             5.6235   slack (MET)


Startpoint: IntToFPUnit/ifpu/_2836_
            (rising edge-triggered flip-flop clocked by clock)
Endpoint: IntToFPUnit/ifpu/_2944_
          (rising edge-triggered flip-flop clocked by clock)
Path Group: clock
Path Type: max

    Delay      Time   Description
-------------------------------------------------------------
   0.0000    0.0000   clock clock (rise edge)
   0.0000    0.0000   clock network delay (ideal)
   0.0000    0.0000 ^ IntToFPUnit/ifpu/_2836_/CLK (sky130_fd_sc_hd__dfxtp_1)
   0.4367    0.4367 v IntToFPUnit/ifpu/_2836_/Q (sky130_fd_sc_hd__dfxtp_1)
   0.5741    1.0109 v IntToFPUnit/ifpu/i2fResults_i2f_1/_0670_/X (sky130_fd_sc_hd__or4_1)
   0.2304    1.2413 ^ IntToFPUnit/ifpu/i2fResults_i2f_1/_0671_/Y (sky130_fd_sc_hd__nor4_1)
   0.1306    1.3719 v IntToFPUnit/ifpu/i2fResults_i2f_1/_0672_/Y (sky130_fd_sc_hd__nand2b_1)
   0.4586    1.8305 v IntToFPUnit/ifpu/i2fResults_i2f_1/_0673_/X (sky130_fd_sc_hd__or4_1)
   0.4665    2.2970 v IntToFPUnit/ifpu/i2fResults_i2f_1/_0674_/X (sky130_fd_sc_hd__or4_1)
   0.4667    2.7637 v IntToFPUnit/ifpu/i2fResults_i2f_1/_0675_/X (sky130_fd_sc_hd__or4_1)
   0.4667    3.2303 v IntToFPUnit/ifpu/i2fResults_i2f_1/_0676_/X (sky130_fd_sc_hd__or4_1)
   0.4665    3.6968 v IntToFPUnit/ifpu/i2fResults_i2f_1/_0677_/X (sky130_fd_sc_hd__or4_1)
   0.4664    4.1632 v IntToFPUnit/ifpu/i2fResults_i2f_1/_0678_/X (sky130_fd_sc_hd__or4_1)
   0.4665    4.6297 v IntToFPUnit/ifpu/i2fResults_i2f_1/_0679_/X (sky130_fd_sc_hd__or4_1)
   0.4665    5.0962 v IntToFPUnit/ifpu/i2fResults_i2f_1/_0680_/X (sky130_fd_sc_hd__or4_1)
   0.4665    5.5626 v IntToFPUnit/ifpu/i2fResults_i2f_1/_0681_/X (sky130_fd_sc_hd__or4_1)
   0.4667    6.0293 v IntToFPUnit/ifpu/i2fResults_i2f_1/_0682_/X (sky130_fd_sc_hd__or4_1)
   0.4667    6.4960 v IntToFPUnit/ifpu/i2fResults_i2f_1/_0683_/X (sky130_fd_sc_hd__or4_1)
   0.4667    6.9626 v IntToFPUnit/ifpu/i2fResults_i2f_1/_0684_/X (sky130_fd_sc_hd__or4_1)
   0.4667    7.4293 v IntToFPUnit/ifpu/i2fResults_i2f_1/_0685_/X (sky130_fd_sc_hd__or4_1)
   0.4667    7.8960 v IntToFPUnit/ifpu/i2fResults_i2f_1/_0686_/X (sky130_fd_sc_hd__or4_1)
   0.4667    8.3627 v IntToFPUnit/ifpu/i2fResults_i2f_1/_0687_/X (sky130_fd_sc_hd__or4_1)
   0.4597    8.8223 v IntToFPUnit/ifpu/i2fResults_i2f_1/_0688_/X (sky130_fd_sc_hd__or4_1)
   0.4581    9.2804 v IntToFPUnit/ifpu/i2fResults_i2f_1/_0689_/X (sky130_fd_sc_hd__or4_1)
   0.4502    9.7307 v IntToFPUnit/ifpu/i2fResults_i2f_1/_0690_/X (sky130_fd_sc_hd__or4_1)
   0.2176    9.9483 ^ IntToFPUnit/ifpu/i2fResults_i2f_1/_0691_/Y (sky130_fd_sc_hd__o21ai_0)
   0.1149   10.0632 v IntToFPUnit/ifpu/i2fResults_i2f_1/_0692_/Y (sky130_fd_sc_hd__nand2_1)
   0.0813   10.1445 ^ IntToFPUnit/ifpu/i2fResults_i2f_1/_0959_/Y (sky130_fd_sc_hd__nand2_1)
   0.0645   10.2091 v IntToFPUnit/ifpu/i2fResults_i2f_1/_0960_/Y (sky130_fd_sc_hd__a21oi_1)
   0.1624   10.3715 ^ IntToFPUnit/ifpu/i2fResults_i2f_1/_0961_/Y (sky130_fd_sc_hd__nor2_1)
   0.4258   10.7973 ^ IntToFPUnit/ifpu/i2fResults_i2f_1/_0975_/X (sky130_fd_sc_hd__lpflow_clkbufkapwr_1)
   0.5128   11.3101 ^ IntToFPUnit/ifpu/i2fResults_i2f_1/_1063_/X (sky130_fd_sc_hd__lpflow_clkbufkapwr_1)
   0.2826   11.5927 ^ IntToFPUnit/ifpu/i2fResults_i2f_1/_1092_/Y (sky130_fd_sc_hd__mux2i_1)
   0.1121   11.7048 v IntToFPUnit/ifpu/i2fResults_i2f_1/_1093_/Y (sky130_fd_sc_hd__mux2i_1)
   0.1904   11.8952 ^ IntToFPUnit/ifpu/i2fResults_i2f_1/_1094_/Y (sky130_fd_sc_hd__mux2i_1)
   0.1083   12.0035 v IntToFPUnit/ifpu/i2fResults_i2f_1/_1095_/Y (sky130_fd_sc_hd__mux2i_1)
   0.2954   12.2990 v IntToFPUnit/ifpu/i2fResults_i2f_1/_1096_/X (sky130_fd_sc_hd__mux2_2)
   0.1532   12.4521 ^ IntToFPUnit/ifpu/i2fResults_i2f_1/_1097_/Y (sky130_fd_sc_hd__nor2_1)
   0.1167   12.5688 v IntToFPUnit/ifpu/i2fResults_i2f_1/roundAnyRawFNToRecFN/_196_/Y (sky130_fd_sc_hd__nand3_1)
   0.2086   12.7774 ^ IntToFPUnit/ifpu/i2fResults_i2f_1/roundAnyRawFNToRecFN/_210_/Y (sky130_fd_sc_hd__nor3_1)
   0.1237   12.9011 v IntToFPUnit/ifpu/i2fResults_i2f_1/roundAnyRawFNToRecFN/_211_/Y (sky130_fd_sc_hd__nand4_1)
   0.3338   13.2349 v IntToFPUnit/ifpu/i2fResults_i2f_1/roundAnyRawFNToRecFN/_212_/X (sky130_fd_sc_hd__or2_2)
   0.1239   13.3589 ^ IntToFPUnit/ifpu/i2fResults_i2f_1/roundAnyRawFNToRecFN/_266_/Y (sky130_fd_sc_hd__nor2_1)
   0.1879   13.5468 ^ IntToFPUnit/ifpu/i2fResults_i2f_1/roundAnyRawFNToRecFN/_296_/X (sky130_fd_sc_hd__and3_1)
   0.1951   13.7419 ^ IntToFPUnit/ifpu/i2fResults_i2f_1/roundAnyRawFNToRecFN/_299_/X (sky130_fd_sc_hd__lpflow_inputiso0n_1)
   0.0800   13.8219 v IntToFPUnit/ifpu/i2fResults_i2f_1/roundAnyRawFNToRecFN/_302_/Y (sky130_fd_sc_hd__a21oi_1)
   0.1729   13.9948 v IntToFPUnit/ifpu/_2598_/X (sky130_fd_sc_hd__and3_1)
   0.2491   14.2439 v IntToFPUnit/ifpu/_2599_/X (sky130_fd_sc_hd__a221o_1)
   0.0035   14.2474 v IntToFPUnit/ifpu/_2944_/D (sky130_fd_sc_hd__dfxtp_1)
            14.2474   data arrival time

  20.0000   20.0000   clock clock (rise edge)
   0.0000   20.0000   clock network delay (ideal)
   0.0000   20.0000   clock reconvergence pessimism
            20.0000 ^ IntToFPUnit/ifpu/_2944_/CLK (sky130_fd_sc_hd__dfxtp_1)
  -0.1226   19.8774   library setup time
            19.8774   data required time
-------------------------------------------------------------
            19.8774   data required time
           -14.2474   data arrival time
-------------------------------------------------------------
             5.6300   slack (MET)


Startpoint: IntToFPUnit/ifpu/_2836_
            (rising edge-triggered flip-flop clocked by clock)
Endpoint: IntToFPUnit/ifpu/_2908_
          (rising edge-triggered flip-flop clocked by clock)
Path Group: clock
Path Type: max

    Delay      Time   Description
-------------------------------------------------------------
   0.0000    0.0000   clock clock (rise edge)
   0.0000    0.0000   clock network delay (ideal)
   0.0000    0.0000 ^ IntToFPUnit/ifpu/_2836_/CLK (sky130_fd_sc_hd__dfxtp_1)
   0.4367    0.4367 v IntToFPUnit/ifpu/_2836_/Q (sky130_fd_sc_hd__dfxtp_1)
   0.5741    1.0109 v IntToFPUnit/ifpu/i2fResults_i2f/_0670_/X (sky130_fd_sc_hd__or4_1)
   0.2304    1.2413 ^ IntToFPUnit/ifpu/i2fResults_i2f/_0671_/Y (sky130_fd_sc_hd__nor4_1)
   0.1306    1.3719 v IntToFPUnit/ifpu/i2fResults_i2f/_0672_/Y (sky130_fd_sc_hd__nand2b_1)
   0.4586    1.8305 v IntToFPUnit/ifpu/i2fResults_i2f/_0673_/X (sky130_fd_sc_hd__or4_1)
   0.4665    2.2970 v IntToFPUnit/ifpu/i2fResults_i2f/_0674_/X (sky130_fd_sc_hd__or4_1)
   0.4667    2.7637 v IntToFPUnit/ifpu/i2fResults_i2f/_0675_/X (sky130_fd_sc_hd__or4_1)
   0.4667    3.2303 v IntToFPUnit/ifpu/i2fResults_i2f/_0676_/X (sky130_fd_sc_hd__or4_1)
   0.4665    3.6968 v IntToFPUnit/ifpu/i2fResults_i2f/_0677_/X (sky130_fd_sc_hd__or4_1)
   0.4664    4.1632 v IntToFPUnit/ifpu/i2fResults_i2f/_0678_/X (sky130_fd_sc_hd__or4_1)
   0.4665    4.6297 v IntToFPUnit/ifpu/i2fResults_i2f/_0679_/X (sky130_fd_sc_hd__or4_1)
   0.4665    5.0962 v IntToFPUnit/ifpu/i2fResults_i2f/_0680_/X (sky130_fd_sc_hd__or4_1)
   0.4665    5.5626 v IntToFPUnit/ifpu/i2fResults_i2f/_0681_/X (sky130_fd_sc_hd__or4_1)
   0.4667    6.0293 v IntToFPUnit/ifpu/i2fResults_i2f/_0682_/X (sky130_fd_sc_hd__or4_1)
   0.4667    6.4960 v IntToFPUnit/ifpu/i2fResults_i2f/_0683_/X (sky130_fd_sc_hd__or4_1)
   0.4667    6.9626 v IntToFPUnit/ifpu/i2fResults_i2f/_0684_/X (sky130_fd_sc_hd__or4_1)
   0.4667    7.4293 v IntToFPUnit/ifpu/i2fResults_i2f/_0685_/X (sky130_fd_sc_hd__or4_1)
   0.4667    7.8960 v IntToFPUnit/ifpu/i2fResults_i2f/_0686_/X (sky130_fd_sc_hd__or4_1)
   0.4667    8.3627 v IntToFPUnit/ifpu/i2fResults_i2f/_0687_/X (sky130_fd_sc_hd__or4_1)
   0.4597    8.8223 v IntToFPUnit/ifpu/i2fResults_i2f/_0688_/X (sky130_fd_sc_hd__or4_1)
   0.4581    9.2804 v IntToFPUnit/ifpu/i2fResults_i2f/_0689_/X (sky130_fd_sc_hd__or4_1)
   0.4502    9.7307 v IntToFPUnit/ifpu/i2fResults_i2f/_0690_/X (sky130_fd_sc_hd__or4_1)
   0.2176    9.9483 ^ IntToFPUnit/ifpu/i2fResults_i2f/_0691_/Y (sky130_fd_sc_hd__o21ai_0)
   0.1149   10.0632 v IntToFPUnit/ifpu/i2fResults_i2f/_0692_/Y (sky130_fd_sc_hd__nand2_1)
   0.0813   10.1445 ^ IntToFPUnit/ifpu/i2fResults_i2f/_0959_/Y (sky130_fd_sc_hd__nand2_1)
   0.0645   10.2091 v IntToFPUnit/ifpu/i2fResults_i2f/_0960_/Y (sky130_fd_sc_hd__a21oi_1)
   0.1624   10.3715 ^ IntToFPUnit/ifpu/i2fResults_i2f/_0961_/Y (sky130_fd_sc_hd__nor2_1)
   0.4258   10.7973 ^ IntToFPUnit/ifpu/i2fResults_i2f/_0975_/X (sky130_fd_sc_hd__lpflow_clkbufkapwr_1)
   0.5128   11.3101 ^ IntToFPUnit/ifpu/i2fResults_i2f/_1063_/X (sky130_fd_sc_hd__lpflow_clkbufkapwr_1)
   0.1750   11.4851 v IntToFPUnit/ifpu/i2fResults_i2f/_1137_/Y (sky130_fd_sc_hd__mux2i_1)
   0.2224   11.7075 ^ IntToFPUnit/ifpu/i2fResults_i2f/_1138_/Y (sky130_fd_sc_hd__mux2i_1)
   0.1219   11.8294 v IntToFPUnit/ifpu/i2fResults_i2f/_1139_/Y (sky130_fd_sc_hd__mux2i_1)
   0.1685   11.9979 ^ IntToFPUnit/ifpu/i2fResults_i2f/_1194_/Y (sky130_fd_sc_hd__mux2i_1)
   0.1041   12.1020 v IntToFPUnit/ifpu/i2fResults_i2f/_1195_/Y (sky130_fd_sc_hd__o21ai_0)
   0.1863   12.2883 v IntToFPUnit/ifpu/i2fResults_i2f/_1197_/X (sky130_fd_sc_hd__a21o_1)
   0.2463   12.5346 ^ IntToFPUnit/ifpu/i2fResults_i2f/roundAnyRawFNToRecFN/_098_/Y (sky130_fd_sc_hd__nor4_1)
   0.1440   12.6787 v IntToFPUnit/ifpu/i2fResults_i2f/roundAnyRawFNToRecFN/_099_/Y (sky130_fd_sc_hd__nand4_1)
   0.4030   13.0816 ^ IntToFPUnit/ifpu/i2fResults_i2f/roundAnyRawFNToRecFN/_109_/Y (sky130_fd_sc_hd__nor4_1)
   0.2422   13.3239 v IntToFPUnit/ifpu/i2fResults_i2f/roundAnyRawFNToRecFN/_113_/Y (sky130_fd_sc_hd__o21ai_0)
   0.2602   13.5841 v IntToFPUnit/ifpu/i2fResults_i2f/roundAnyRawFNToRecFN/_123_/X (sky130_fd_sc_hd__and3_1)
   0.1691   13.7532 v IntToFPUnit/ifpu/i2fResults_i2f/roundAnyRawFNToRecFN/_126_/X (sky130_fd_sc_hd__lpflow_inputiso0n_1)
   0.1656   13.9188 ^ IntToFPUnit/ifpu/i2fResults_i2f/roundAnyRawFNToRecFN/_128_/Y (sky130_fd_sc_hd__nor3_1)
   0.1243   14.0431 ^ IntToFPUnit/ifpu/_1849_/X (sky130_fd_sc_hd__o21a_1)
   0.0698   14.1128 v IntToFPUnit/ifpu/_1850_/Y (sky130_fd_sc_hd__o21ai_0)
   0.1597   14.2725 ^ IntToFPUnit/ifpu/_1852_/Y (sky130_fd_sc_hd__a31oi_1)
   0.0035   14.2760 ^ IntToFPUnit/ifpu/_2908_/D (sky130_fd_sc_hd__dfxtp_1)
            14.2760   data arrival time

  20.0000   20.0000   clock clock (rise edge)
   0.0000   20.0000   clock network delay (ideal)
   0.0000   20.0000   clock reconvergence pessimism
            20.0000 ^ IntToFPUnit/ifpu/_2908_/CLK (sky130_fd_sc_hd__dfxtp_1)
  -0.0756   19.9244   library setup time
            19.9244   data required time
-------------------------------------------------------------
            19.9244   data required time
           -14.2760   data arrival time
-------------------------------------------------------------
             5.6484   slack (MET)


