CHIA_METRIC setup_slack
worst slack -0.4461
CHIA_METRIC hold_slack
worst slack 0.3157
CHIA_METRIC min_period
clock period_min = 20.45 fmax = 48.91
CHIA_METRIC critical_paths
Startpoint: fpu_exe_unit/FPUUnit/fpu/dfma/_1310_
            (rising edge-triggered flip-flop clocked by clock)
Endpoint: fpu_exe_unit/FPUUnit/fpu/dfma/fma/_31139_
          (rising edge-triggered flip-flop clocked by clock)
Path Group: clock
Path Type: max

    Delay      Time   Description
-------------------------------------------------------------
   0.0000    0.0000   clock clock (rise edge)
   0.0000    0.0000   clock network delay (ideal)
   0.0000    0.0000 ^ fpu_exe_unit/FPUUnit/fpu/dfma/_1310_/CLK (sky130_fd_sc_hd__dfxtp_1)
   0.2995    0.2995 v fpu_exe_unit/FPUUnit/fpu/dfma/_1310_/Q (sky130_fd_sc_hd__dfxtp_1)
   0.1614    0.4609 v fpu_exe_unit/FPUUnit/fpu/dfma/fma/mulAddRecFNToRaw_preMul/_1092_/Y (sky130_fd_sc_hd__xnor2_1)
   0.3226    0.7835 ^ fpu_exe_unit/FPUUnit/fpu/dfma/fma/mulAddRecFNToRaw_preMul/_1094_/Y (sky130_fd_sc_hd__o21ai_0)
   0.1761    0.9596 v fpu_exe_unit/FPUUnit/fpu/dfma/fma/mulAddRecFNToRaw_preMul/_1097_/Y (sky130_fd_sc_hd__a31oi_1)
   0.4045    1.3640 v fpu_exe_unit/FPUUnit/fpu/dfma/fma/mulAddRecFNToRaw_preMul/_1098_/X (sky130_fd_sc_hd__maj3_1)
   0.3959    1.7600 v fpu_exe_unit/FPUUnit/fpu/dfma/fma/mulAddRecFNToRaw_preMul/_1099_/X (sky130_fd_sc_hd__maj3_1)
   0.3973    2.1573 v fpu_exe_unit/FPUUnit/fpu/dfma/fma/mulAddRecFNToRaw_preMul/_1100_/X (sky130_fd_sc_hd__maj3_1)
   0.4055    2.5628 v fpu_exe_unit/FPUUnit/fpu/dfma/fma/mulAddRecFNToRaw_preMul/_1101_/X (sky130_fd_sc_hd__maj3_1)
   0.3551    2.9179 v fpu_exe_unit/FPUUnit/fpu/dfma/fma/mulAddRecFNToRaw_preMul/_1121_/X (sky130_fd_sc_hd__maj3_1)
   0.2007    3.1186 v fpu_exe_unit/FPUUnit/fpu/dfma/fma/mulAddRecFNToRaw_preMul/_1122_/X (sky130_fd_sc_hd__xor2_1)
   0.1942    3.3128 ^ fpu_exe_unit/FPUUnit/fpu/dfma/fma/mulAddRecFNToRaw_preMul/_1152_/Y (sky130_fd_sc_hd__o221ai_1)
   0.1518    3.4647 v fpu_exe_unit/FPUUnit/fpu/dfma/fma/mulAddRecFNToRaw_preMul/_1158_/Y (sky130_fd_sc_hd__a32oi_1)
   0.4189    3.8835 v fpu_exe_unit/FPUUnit/fpu/dfma/fma/mulAddRecFNToRaw_preMul/_1159_/X (sky130_fd_sc_hd__maj3_1)
   0.2588    4.1424 v fpu_exe_unit/FPUUnit/fpu/dfma/fma/mulAddRecFNToRaw_preMul/_1177_/X (sky130_fd_sc_hd__o2111a_1)
   0.1835    4.3259 v fpu_exe_unit/FPUUnit/fpu/dfma/fma/mulAddRecFNToRaw_preMul/_1178_/X (sky130_fd_sc_hd__clkbuf_1)
   0.1411    4.4670 ^ fpu_exe_unit/FPUUnit/fpu/dfma/fma/mulAddRecFNToRaw_preMul/_1203_/Y (sky130_fd_sc_hd__nand4_1)
   0.3339    4.8008 ^ fpu_exe_unit/FPUUnit/fpu/dfma/fma/mulAddRecFNToRaw_preMul/_1204_/X (sky130_fd_sc_hd__lpflow_clkbufkapwr_1)
   0.3198    5.1206 ^ fpu_exe_unit/FPUUnit/fpu/dfma/fma/mulAddRecFNToRaw_preMul/_1307_/X (sky130_fd_sc_hd__buf_2)
   0.4406    5.5612 ^ fpu_exe_unit/FPUUnit/fpu/dfma/fma/mulAddRecFNToRaw_preMul/_1308_/X (sky130_fd_sc_hd__lpflow_clkbufkapwr_1)
   0.4049    5.9661 v fpu_exe_unit/FPUUnit/fpu/dfma/fma/mulAddRecFNToRaw_preMul/_1618_/X (sky130_fd_sc_hd__mux2_2)
   0.1693    6.1354 ^ fpu_exe_unit/FPUUnit/fpu/dfma/fma/mulAddRecFNToRaw_preMul/_1760_/Y (sky130_fd_sc_hd__mux2i_1)
   0.0586    6.1940 v fpu_exe_unit/FPUUnit/fpu/dfma/fma/mulAddRecFNToRaw_preMul/_1761_/Y (sky130_fd_sc_hd__nor2_1)
   0.1499    6.3440 ^ fpu_exe_unit/FPUUnit/fpu/dfma/fma/mulAddRecFNToRaw_preMul/_1762_/Y (sky130_fd_sc_hd__a21oi_1)
   0.1072    6.4511 v fpu_exe_unit/FPUUnit/fpu/dfma/fma/mulAddRecFNToRaw_preMul/_1763_/Y (sky130_fd_sc_hd__mux2i_1)
   0.2246    6.6758 ^ fpu_exe_unit/FPUUnit/fpu/dfma/fma/mulAddRecFNToRaw_preMul/_1764_/Y (sky130_fd_sc_hd__a21oi_1)
   0.0630    6.7388 v fpu_exe_unit/FPUUnit/fpu/dfma/fma/mulAddRecFNToRaw_preMul/_1765_/Y (sky130_fd_sc_hd__nor2_1)
   0.1979    6.9367 v fpu_exe_unit/FPUUnit/fpu/dfma/fma/mulAddRecFNToRaw_preMul/_1766_/X (sky130_fd_sc_hd__o22a_1)
   0.3822    7.3188 v fpu_exe_unit/FPUUnit/fpu/dfma/fma/_15656_/X (sky130_fd_sc_hd__xnor3_1)
   0.3964    7.7153 v fpu_exe_unit/FPUUnit/fpu/dfma/fma/_15669_/X (sky130_fd_sc_hd__maj3_1)
   0.3777    8.0930 v fpu_exe_unit/FPUUnit/fpu/dfma/fma/_15690_/X (sky130_fd_sc_hd__maj3_1)
   0.3929    8.4858 v fpu_exe_unit/FPUUnit/fpu/dfma/fma/_15718_/X (sky130_fd_sc_hd__maj3_1)
   0.3979    8.8837 v fpu_exe_unit/FPUUnit/fpu/dfma/fma/_15741_/X (sky130_fd_sc_hd__xor3_1)
   0.1695    9.0532 ^ fpu_exe_unit/FPUUnit/fpu/dfma/fma/_15751_/Y (sky130_fd_sc_hd__nor2_1)
   0.2943    9.3475 ^ fpu_exe_unit/FPUUnit/fpu/dfma/fma/_15789_/X (sky130_fd_sc_hd__xor3_1)
   0.1440    9.4915 v fpu_exe_unit/FPUUnit/fpu/dfma/fma/_15790_/Y (sky130_fd_sc_hd__nand4bb_1)
   0.3515    9.8430 v fpu_exe_unit/FPUUnit/fpu/dfma/fma/_15837_/X (sky130_fd_sc_hd__or2_2)
   0.3724   10.2154 v fpu_exe_unit/FPUUnit/fpu/dfma/fma/_15891_/X (sky130_fd_sc_hd__maj3_1)
   0.3778   10.5932 v fpu_exe_unit/FPUUnit/fpu/dfma/fma/_15946_/X (sky130_fd_sc_hd__maj3_1)
   0.3853   10.9785 v fpu_exe_unit/FPUUnit/fpu/dfma/fma/_16018_/X (sky130_fd_sc_hd__maj3_1)
   0.3669   11.3454 v fpu_exe_unit/FPUUnit/fpu/dfma/fma/_16084_/X (sky130_fd_sc_hd__maj3_1)
   0.3753   11.7207 v fpu_exe_unit/FPUUnit/fpu/dfma/fma/_16150_/X (sky130_fd_sc_hd__maj3_1)
   0.3716   12.0924 v fpu_exe_unit/FPUUnit/fpu/dfma/fma/_16236_/X (sky130_fd_sc_hd__maj3_1)
   0.3656   12.4580 v fpu_exe_unit/FPUUnit/fpu/dfma/fma/_16331_/X (sky130_fd_sc_hd__maj3_1)
   0.3227   12.7806 ^ fpu_exe_unit/FPUUnit/fpu/dfma/fma/_16425_/Y (sky130_fd_sc_hd__o21ai_0)
   0.1187   12.8993 v fpu_exe_unit/FPUUnit/fpu/dfma/fma/_16955_/Y (sky130_fd_sc_hd__a211oi_1)
   0.3448   13.2441 ^ fpu_exe_unit/FPUUnit/fpu/dfma/fma/_16956_/Y (sky130_fd_sc_hd__o311ai_0)
   0.1911   13.4352 v fpu_exe_unit/FPUUnit/fpu/dfma/fma/_17093_/Y (sky130_fd_sc_hd__nand4_1)
   0.3235   13.7588 ^ fpu_exe_unit/FPUUnit/fpu/dfma/fma/_17388_/Y (sky130_fd_sc_hd__a211oi_1)
   0.1962   13.9550 v fpu_exe_unit/FPUUnit/fpu/dfma/fma/_17685_/Y (sky130_fd_sc_hd__o311ai_0)
   0.2651   14.2201 ^ fpu_exe_unit/FPUUnit/fpu/dfma/fma/_17989_/Y (sky130_fd_sc_hd__a211oi_1)
   0.1397   14.3598 v fpu_exe_unit/FPUUnit/fpu/dfma/fma/_18300_/Y (sky130_fd_sc_hd__o211ai_1)
   0.4212   14.7810 ^ fpu_exe_unit/FPUUnit/fpu/dfma/fma/_19021_/Y (sky130_fd_sc_hd__a2111oi_0)
   0.2639   15.0448 v fpu_exe_unit/FPUUnit/fpu/dfma/fma/_19832_/Y (sky130_fd_sc_hd__a2111oi_0)
   0.3827   15.4275 v fpu_exe_unit/FPUUnit/fpu/dfma/fma/_21839_/X (sky130_fd_sc_hd__o31a_1)
   0.3912   15.8187 ^ fpu_exe_unit/FPUUnit/fpu/dfma/fma/_22105_/Y (sky130_fd_sc_hd__o31ai_1)
   0.2506   16.0693 ^ fpu_exe_unit/FPUUnit/fpu/dfma/fma/_22629_/X (sky130_fd_sc_hd__a31o_2)
   0.1211   16.1903 v fpu_exe_unit/FPUUnit/fpu/dfma/fma/_23185_/Y (sky130_fd_sc_hd__a31oi_1)
   0.3854   16.5758 ^ fpu_exe_unit/FPUUnit/fpu/dfma/fma/_23741_/Y (sky130_fd_sc_hd__o21ai_0)
   0.1565   16.7322 v fpu_exe_unit/FPUUnit/fpu/dfma/fma/_25946_/Y (sky130_fd_sc_hd__nand4bb_1)
   0.5684   17.3006 ^ fpu_exe_unit/FPUUnit/fpu/dfma/fma/_26630_/Y (sky130_fd_sc_hd__a2111oi_0)
   0.2519   17.5525 v fpu_exe_unit/FPUUnit/fpu/dfma/fma/_28157_/Y (sky130_fd_sc_hd__o2111ai_1)
   0.3749   17.9274 v fpu_exe_unit/FPUUnit/fpu/dfma/fma/_29062_/X (sky130_fd_sc_hd__a221o_1)
   0.1542   18.0816 ^ fpu_exe_unit/FPUUnit/fpu/dfma/fma/_29326_/Y (sky130_fd_sc_hd__a21oi_1)
   0.1200   18.2016 v fpu_exe_unit/FPUUnit/fpu/dfma/fma/_29570_/Y (sky130_fd_sc_hd__o21ai_0)
   0.1323   18.3339 ^ fpu_exe_unit/FPUUnit/fpu/dfma/fma/_30179_/Y (sky130_fd_sc_hd__a21oi_1)
   0.1252   18.4591 v fpu_exe_unit/FPUUnit/fpu/dfma/fma/_30182_/Y (sky130_fd_sc_hd__o211ai_1)
   0.1733   18.6324 ^ fpu_exe_unit/FPUUnit/fpu/dfma/fma/_30488_/Y (sky130_fd_sc_hd__a21oi_1)
   0.1534   18.7858 v fpu_exe_unit/FPUUnit/fpu/dfma/fma/_30606_/Y (sky130_fd_sc_hd__o211ai_1)
   0.2803   19.0661 ^ fpu_exe_unit/FPUUnit/fpu/dfma/fma/_30700_/Y (sky130_fd_sc_hd__a211oi_1)
   0.2198   19.2859 ^ fpu_exe_unit/FPUUnit/fpu/dfma/fma/_30735_/X (sky130_fd_sc_hd__o21a_1)
   0.2279   19.5137 v fpu_exe_unit/FPUUnit/fpu/dfma/fma/_30796_/Y (sky130_fd_sc_hd__o311ai_0)
   0.4023   19.9160 ^ fpu_exe_unit/FPUUnit/fpu/dfma/fma/_30833_/Y (sky130_fd_sc_hd__a311oi_1)
   0.1529   20.0689 v fpu_exe_unit/FPUUnit/fpu/dfma/fma/_30847_/Y (sky130_fd_sc_hd__o21ai_0)
   0.2569   20.3258 v fpu_exe_unit/FPUUnit/fpu/dfma/fma/_30849_/X (sky130_fd_sc_hd__a31o_2)
   0.0035   20.3293 v fpu_exe_unit/FPUUnit/fpu/dfma/fma/_31139_/D (sky130_fd_sc_hd__dfxtp_1)
            20.3293   data arrival time

  20.0000   20.0000   clock clock (rise edge)
   0.0000   20.0000   clock network delay (ideal)
   0.0000   20.0000   clock reconvergence pessimism
            20.0000 ^ fpu_exe_unit/FPUUnit/fpu/dfma/fma/_31139_/CLK (sky130_fd_sc_hd__dfxtp_1)
  -0.1168   19.8832   library setup time
            19.8832   data required time
-------------------------------------------------------------
            19.8832   data required time
           -20.3293   data arrival time
-------------------------------------------------------------
            -0.4461   slack (VIOLATED)


Startpoint: fpu_exe_unit/FPUUnit/fpu/dfma/_1310_
            (rising edge-triggered flip-flop clocked by clock)
Endpoint: fpu_exe_unit/FPUUnit/fpu/dfma/fma/_31140_
          (rising edge-triggered flip-flop clocked by clock)
Path Group: clock
Path Type: max

    Delay      Time   Description
-------------------------------------------------------------
   0.0000    0.0000   clock clock (rise edge)
   0.0000    0.0000   clock network delay (ideal)
   0.0000    0.0000 ^ fpu_exe_unit/FPUUnit/fpu/dfma/_1310_/CLK (sky130_fd_sc_hd__dfxtp_1)
   0.2995    0.2995 v fpu_exe_unit/FPUUnit/fpu/dfma/_1310_/Q (sky130_fd_sc_hd__dfxtp_1)
   0.1614    0.4609 v fpu_exe_unit/FPUUnit/fpu/dfma/fma/mulAddRecFNToRaw_preMul/_1092_/Y (sky130_fd_sc_hd__xnor2_1)
   0.3226    0.7835 ^ fpu_exe_unit/FPUUnit/fpu/dfma/fma/mulAddRecFNToRaw_preMul/_1094_/Y (sky130_fd_sc_hd__o21ai_0)
   0.1761    0.9596 v fpu_exe_unit/FPUUnit/fpu/dfma/fma/mulAddRecFNToRaw_preMul/_1097_/Y (sky130_fd_sc_hd__a31oi_1)
   0.4045    1.3640 v fpu_exe_unit/FPUUnit/fpu/dfma/fma/mulAddRecFNToRaw_preMul/_1098_/X (sky130_fd_sc_hd__maj3_1)
   0.3959    1.7600 v fpu_exe_unit/FPUUnit/fpu/dfma/fma/mulAddRecFNToRaw_preMul/_1099_/X (sky130_fd_sc_hd__maj3_1)
   0.3973    2.1573 v fpu_exe_unit/FPUUnit/fpu/dfma/fma/mulAddRecFNToRaw_preMul/_1100_/X (sky130_fd_sc_hd__maj3_1)
   0.4055    2.5628 v fpu_exe_unit/FPUUnit/fpu/dfma/fma/mulAddRecFNToRaw_preMul/_1101_/X (sky130_fd_sc_hd__maj3_1)
   0.3551    2.9179 v fpu_exe_unit/FPUUnit/fpu/dfma/fma/mulAddRecFNToRaw_preMul/_1121_/X (sky130_fd_sc_hd__maj3_1)
   0.2007    3.1186 v fpu_exe_unit/FPUUnit/fpu/dfma/fma/mulAddRecFNToRaw_preMul/_1122_/X (sky130_fd_sc_hd__xor2_1)
   0.1942    3.3128 ^ fpu_exe_unit/FPUUnit/fpu/dfma/fma/mulAddRecFNToRaw_preMul/_1152_/Y (sky130_fd_sc_hd__o221ai_1)
   0.1518    3.4647 v fpu_exe_unit/FPUUnit/fpu/dfma/fma/mulAddRecFNToRaw_preMul/_1158_/Y (sky130_fd_sc_hd__a32oi_1)
   0.4189    3.8835 v fpu_exe_unit/FPUUnit/fpu/dfma/fma/mulAddRecFNToRaw_preMul/_1159_/X (sky130_fd_sc_hd__maj3_1)
   0.2588    4.1424 v fpu_exe_unit/FPUUnit/fpu/dfma/fma/mulAddRecFNToRaw_preMul/_1177_/X (sky130_fd_sc_hd__o2111a_1)
   0.1835    4.3259 v fpu_exe_unit/FPUUnit/fpu/dfma/fma/mulAddRecFNToRaw_preMul/_1178_/X (sky130_fd_sc_hd__clkbuf_1)
   0.1411    4.4670 ^ fpu_exe_unit/FPUUnit/fpu/dfma/fma/mulAddRecFNToRaw_preMul/_1203_/Y (sky130_fd_sc_hd__nand4_1)
   0.3339    4.8008 ^ fpu_exe_unit/FPUUnit/fpu/dfma/fma/mulAddRecFNToRaw_preMul/_1204_/X (sky130_fd_sc_hd__lpflow_clkbufkapwr_1)
   0.3198    5.1206 ^ fpu_exe_unit/FPUUnit/fpu/dfma/fma/mulAddRecFNToRaw_preMul/_1307_/X (sky130_fd_sc_hd__buf_2)
   0.4406    5.5612 ^ fpu_exe_unit/FPUUnit/fpu/dfma/fma/mulAddRecFNToRaw_preMul/_1308_/X (sky130_fd_sc_hd__lpflow_clkbufkapwr_1)
   0.4049    5.9661 v fpu_exe_unit/FPUUnit/fpu/dfma/fma/mulAddRecFNToRaw_preMul/_1618_/X (sky130_fd_sc_hd__mux2_2)
   0.1693    6.1354 ^ fpu_exe_unit/FPUUnit/fpu/dfma/fma/mulAddRecFNToRaw_preMul/_1760_/Y (sky130_fd_sc_hd__mux2i_1)
   0.0586    6.1940 v fpu_exe_unit/FPUUnit/fpu/dfma/fma/mulAddRecFNToRaw_preMul/_1761_/Y (sky130_fd_sc_hd__nor2_1)
   0.1499    6.3440 ^ fpu_exe_unit/FPUUnit/fpu/dfma/fma/mulAddRecFNToRaw_preMul/_1762_/Y (sky130_fd_sc_hd__a21oi_1)
   0.1072    6.4511 v fpu_exe_unit/FPUUnit/fpu/dfma/fma/mulAddRecFNToRaw_preMul/_1763_/Y (sky130_fd_sc_hd__mux2i_1)
   0.2246    6.6758 ^ fpu_exe_unit/FPUUnit/fpu/dfma/fma/mulAddRecFNToRaw_preMul/_1764_/Y (sky130_fd_sc_hd__a21oi_1)
   0.0630    6.7388 v fpu_exe_unit/FPUUnit/fpu/dfma/fma/mulAddRecFNToRaw_preMul/_1765_/Y (sky130_fd_sc_hd__nor2_1)
   0.1979    6.9367 v fpu_exe_unit/FPUUnit/fpu/dfma/fma/mulAddRecFNToRaw_preMul/_1766_/X (sky130_fd_sc_hd__o22a_1)
   0.3822    7.3188 v fpu_exe_unit/FPUUnit/fpu/dfma/fma/_15656_/X (sky130_fd_sc_hd__xnor3_1)
   0.3964    7.7153 v fpu_exe_unit/FPUUnit/fpu/dfma/fma/_15669_/X (sky130_fd_sc_hd__maj3_1)
   0.3777    8.0930 v fpu_exe_unit/FPUUnit/fpu/dfma/fma/_15690_/X (sky130_fd_sc_hd__maj3_1)
   0.3929    8.4858 v fpu_exe_unit/FPUUnit/fpu/dfma/fma/_15718_/X (sky130_fd_sc_hd__maj3_1)
   0.3979    8.8837 v fpu_exe_unit/FPUUnit/fpu/dfma/fma/_15741_/X (sky130_fd_sc_hd__xor3_1)
   0.1695    9.0532 ^ fpu_exe_unit/FPUUnit/fpu/dfma/fma/_15751_/Y (sky130_fd_sc_hd__nor2_1)
   0.2943    9.3475 ^ fpu_exe_unit/FPUUnit/fpu/dfma/fma/_15789_/X (sky130_fd_sc_hd__xor3_1)
   0.1440    9.4915 v fpu_exe_unit/FPUUnit/fpu/dfma/fma/_15790_/Y (sky130_fd_sc_hd__nand4bb_1)
   0.3515    9.8430 v fpu_exe_unit/FPUUnit/fpu/dfma/fma/_15837_/X (sky130_fd_sc_hd__or2_2)
   0.3724   10.2154 v fpu_exe_unit/FPUUnit/fpu/dfma/fma/_15891_/X (sky130_fd_sc_hd__maj3_1)
   0.3778   10.5932 v fpu_exe_unit/FPUUnit/fpu/dfma/fma/_15946_/X (sky130_fd_sc_hd__maj3_1)
   0.3853   10.9785 v fpu_exe_unit/FPUUnit/fpu/dfma/fma/_16018_/X (sky130_fd_sc_hd__maj3_1)
   0.3669   11.3454 v fpu_exe_unit/FPUUnit/fpu/dfma/fma/_16084_/X (sky130_fd_sc_hd__maj3_1)
   0.3753   11.7207 v fpu_exe_unit/FPUUnit/fpu/dfma/fma/_16150_/X (sky130_fd_sc_hd__maj3_1)
   0.3716   12.0924 v fpu_exe_unit/FPUUnit/fpu/dfma/fma/_16236_/X (sky130_fd_sc_hd__maj3_1)
   0.3656   12.4580 v fpu_exe_unit/FPUUnit/fpu/dfma/fma/_16331_/X (sky130_fd_sc_hd__maj3_1)
   0.3227   12.7806 ^ fpu_exe_unit/FPUUnit/fpu/dfma/fma/_16425_/Y (sky130_fd_sc_hd__o21ai_0)
   0.1187   12.8993 v fpu_exe_unit/FPUUnit/fpu/dfma/fma/_16955_/Y (sky130_fd_sc_hd__a211oi_1)
   0.3448   13.2441 ^ fpu_exe_unit/FPUUnit/fpu/dfma/fma/_16956_/Y (sky130_fd_sc_hd__o311ai_0)
   0.1911   13.4352 v fpu_exe_unit/FPUUnit/fpu/dfma/fma/_17093_/Y (sky130_fd_sc_hd__nand4_1)
   0.3235   13.7588 ^ fpu_exe_unit/FPUUnit/fpu/dfma/fma/_17388_/Y (sky130_fd_sc_hd__a211oi_1)
   0.1962   13.9550 v fpu_exe_unit/FPUUnit/fpu/dfma/fma/_17685_/Y (sky130_fd_sc_hd__o311ai_0)
   0.2651   14.2201 ^ fpu_exe_unit/FPUUnit/fpu/dfma/fma/_17989_/Y (sky130_fd_sc_hd__a211oi_1)
   0.1397   14.3598 v fpu_exe_unit/FPUUnit/fpu/dfma/fma/_18300_/Y (sky130_fd_sc_hd__o211ai_1)
   0.4212   14.7810 ^ fpu_exe_unit/FPUUnit/fpu/dfma/fma/_19021_/Y (sky130_fd_sc_hd__a2111oi_0)
   0.2639   15.0448 v fpu_exe_unit/FPUUnit/fpu/dfma/fma/_19832_/Y (sky130_fd_sc_hd__a2111oi_0)
   0.3827   15.4275 v fpu_exe_unit/FPUUnit/fpu/dfma/fma/_21839_/X (sky130_fd_sc_hd__o31a_1)
   0.3912   15.8187 ^ fpu_exe_unit/FPUUnit/fpu/dfma/fma/_22105_/Y (sky130_fd_sc_hd__o31ai_1)
   0.2506   16.0693 ^ fpu_exe_unit/FPUUnit/fpu/dfma/fma/_22629_/X (sky130_fd_sc_hd__a31o_2)
   0.1211   16.1903 v fpu_exe_unit/FPUUnit/fpu/dfma/fma/_23185_/Y (sky130_fd_sc_hd__a31oi_1)
   0.3854   16.5758 ^ fpu_exe_unit/FPUUnit/fpu/dfma/fma/_23741_/Y (sky130_fd_sc_hd__o21ai_0)
   0.1565   16.7322 v fpu_exe_unit/FPUUnit/fpu/dfma/fma/_25946_/Y (sky130_fd_sc_hd__nand4bb_1)
   0.5684   17.3006 ^ fpu_exe_unit/FPUUnit/fpu/dfma/fma/_26630_/Y (sky130_fd_sc_hd__a2111oi_0)
   0.2519   17.5525 v fpu_exe_unit/FPUUnit/fpu/dfma/fma/_28157_/Y (sky130_fd_sc_hd__o2111ai_1)
   0.3749   17.9274 v fpu_exe_unit/FPUUnit/fpu/dfma/fma/_29062_/X (sky130_fd_sc_hd__a221o_1)
   0.1542   18.0816 ^ fpu_exe_unit/FPUUnit/fpu/dfma/fma/_29326_/Y (sky130_fd_sc_hd__a21oi_1)
   0.1200   18.2016 v fpu_exe_unit/FPUUnit/fpu/dfma/fma/_29570_/Y (sky130_fd_sc_hd__o21ai_0)
   0.1323   18.3339 ^ fpu_exe_unit/FPUUnit/fpu/dfma/fma/_30179_/Y (sky130_fd_sc_hd__a21oi_1)
   0.1252   18.4591 v fpu_exe_unit/FPUUnit/fpu/dfma/fma/_30182_/Y (sky130_fd_sc_hd__o211ai_1)
   0.1733   18.6324 ^ fpu_exe_unit/FPUUnit/fpu/dfma/fma/_30488_/Y (sky130_fd_sc_hd__a21oi_1)
   0.1534   18.7858 v fpu_exe_unit/FPUUnit/fpu/dfma/fma/_30606_/Y (sky130_fd_sc_hd__o211ai_1)
   0.2803   19.0661 ^ fpu_exe_unit/FPUUnit/fpu/dfma/fma/_30700_/Y (sky130_fd_sc_hd__a211oi_1)
   0.2198   19.2859 ^ fpu_exe_unit/FPUUnit/fpu/dfma/fma/_30735_/X (sky130_fd_sc_hd__o21a_1)
   0.2279   19.5137 v fpu_exe_unit/FPUUnit/fpu/dfma/fma/_30796_/Y (sky130_fd_sc_hd__o311ai_0)
   0.4023   19.9160 ^ fpu_exe_unit/FPUUnit/fpu/dfma/fma/_30833_/Y (sky130_fd_sc_hd__a311oi_1)
   0.1529   20.0689 v fpu_exe_unit/FPUUnit/fpu/dfma/fma/_30847_/Y (sky130_fd_sc_hd__o21ai_0)
   0.1842   20.2531 ^ fpu_exe_unit/FPUUnit/fpu/dfma/fma/_30855_/Y (sky130_fd_sc_hd__a41oi_1)
   0.0035   20.2566 ^ fpu_exe_unit/FPUUnit/fpu/dfma/fma/_31140_/D (sky130_fd_sc_hd__dfxtp_1)
            20.2566   data arrival time

  20.0000   20.0000   clock clock (rise edge)
   0.0000   20.0000   clock network delay (ideal)
   0.0000   20.0000   clock reconvergence pessimism
            20.0000 ^ fpu_exe_unit/FPUUnit/fpu/dfma/fma/_31140_/CLK (sky130_fd_sc_hd__dfxtp_1)
  -0.0821   19.9179   library setup time
            19.9179   data required time
-------------------------------------------------------------
            19.9179   data required time
           -20.2566   data arrival time
-------------------------------------------------------------
            -0.3387   slack (VIOLATED)


Startpoint: fpu_exe_unit/FPUUnit/fpu/dfma/_1310_
            (rising edge-triggered flip-flop clocked by clock)
Endpoint: fpu_exe_unit/FPUUnit/fpu/dfma/fma/_31138_
          (rising edge-triggered flip-flop clocked by clock)
Path Group: clock
Path Type: max

    Delay      Time   Description
-------------------------------------------------------------
   0.0000    0.0000   clock clock (rise edge)
   0.0000    0.0000   clock network delay (ideal)
   0.0000    0.0000 ^ fpu_exe_unit/FPUUnit/fpu/dfma/_1310_/CLK (sky130_fd_sc_hd__dfxtp_1)
   0.2995    0.2995 v fpu_exe_unit/FPUUnit/fpu/dfma/_1310_/Q (sky130_fd_sc_hd__dfxtp_1)
   0.1614    0.4609 v fpu_exe_unit/FPUUnit/fpu/dfma/fma/mulAddRecFNToRaw_preMul/_1092_/Y (sky130_fd_sc_hd__xnor2_1)
   0.3226    0.7835 ^ fpu_exe_unit/FPUUnit/fpu/dfma/fma/mulAddRecFNToRaw_preMul/_1094_/Y (sky130_fd_sc_hd__o21ai_0)
   0.1761    0.9596 v fpu_exe_unit/FPUUnit/fpu/dfma/fma/mulAddRecFNToRaw_preMul/_1097_/Y (sky130_fd_sc_hd__a31oi_1)
   0.4045    1.3640 v fpu_exe_unit/FPUUnit/fpu/dfma/fma/mulAddRecFNToRaw_preMul/_1098_/X (sky130_fd_sc_hd__maj3_1)
   0.3959    1.7600 v fpu_exe_unit/FPUUnit/fpu/dfma/fma/mulAddRecFNToRaw_preMul/_1099_/X (sky130_fd_sc_hd__maj3_1)
   0.3973    2.1573 v fpu_exe_unit/FPUUnit/fpu/dfma/fma/mulAddRecFNToRaw_preMul/_1100_/X (sky130_fd_sc_hd__maj3_1)
   0.4055    2.5628 v fpu_exe_unit/FPUUnit/fpu/dfma/fma/mulAddRecFNToRaw_preMul/_1101_/X (sky130_fd_sc_hd__maj3_1)
   0.3551    2.9179 v fpu_exe_unit/FPUUnit/fpu/dfma/fma/mulAddRecFNToRaw_preMul/_1121_/X (sky130_fd_sc_hd__maj3_1)
   0.2007    3.1186 v fpu_exe_unit/FPUUnit/fpu/dfma/fma/mulAddRecFNToRaw_preMul/_1122_/X (sky130_fd_sc_hd__xor2_1)
   0.1942    3.3128 ^ fpu_exe_unit/FPUUnit/fpu/dfma/fma/mulAddRecFNToRaw_preMul/_1152_/Y (sky130_fd_sc_hd__o221ai_1)
   0.1518    3.4647 v fpu_exe_unit/FPUUnit/fpu/dfma/fma/mulAddRecFNToRaw_preMul/_1158_/Y (sky130_fd_sc_hd__a32oi_1)
   0.4189    3.8835 v fpu_exe_unit/FPUUnit/fpu/dfma/fma/mulAddRecFNToRaw_preMul/_1159_/X (sky130_fd_sc_hd__maj3_1)
   0.2588    4.1424 v fpu_exe_unit/FPUUnit/fpu/dfma/fma/mulAddRecFNToRaw_preMul/_1177_/X (sky130_fd_sc_hd__o2111a_1)
   0.1835    4.3259 v fpu_exe_unit/FPUUnit/fpu/dfma/fma/mulAddRecFNToRaw_preMul/_1178_/X (sky130_fd_sc_hd__clkbuf_1)
   0.1411    4.4670 ^ fpu_exe_unit/FPUUnit/fpu/dfma/fma/mulAddRecFNToRaw_preMul/_1203_/Y (sky130_fd_sc_hd__nand4_1)
   0.3339    4.8008 ^ fpu_exe_unit/FPUUnit/fpu/dfma/fma/mulAddRecFNToRaw_preMul/_1204_/X (sky130_fd_sc_hd__lpflow_clkbufkapwr_1)
   0.3198    5.1206 ^ fpu_exe_unit/FPUUnit/fpu/dfma/fma/mulAddRecFNToRaw_preMul/_1307_/X (sky130_fd_sc_hd__buf_2)
   0.4406    5.5612 ^ fpu_exe_unit/FPUUnit/fpu/dfma/fma/mulAddRecFNToRaw_preMul/_1308_/X (sky130_fd_sc_hd__lpflow_clkbufkapwr_1)
   0.4049    5.9661 v fpu_exe_unit/FPUUnit/fpu/dfma/fma/mulAddRecFNToRaw_preMul/_1618_/X (sky130_fd_sc_hd__mux2_2)
   0.1693    6.1354 ^ fpu_exe_unit/FPUUnit/fpu/dfma/fma/mulAddRecFNToRaw_preMul/_1760_/Y (sky130_fd_sc_hd__mux2i_1)
   0.0586    6.1940 v fpu_exe_unit/FPUUnit/fpu/dfma/fma/mulAddRecFNToRaw_preMul/_1761_/Y (sky130_fd_sc_hd__nor2_1)
   0.1499    6.3440 ^ fpu_exe_unit/FPUUnit/fpu/dfma/fma/mulAddRecFNToRaw_preMul/_1762_/Y (sky130_fd_sc_hd__a21oi_1)
   0.1072    6.4511 v fpu_exe_unit/FPUUnit/fpu/dfma/fma/mulAddRecFNToRaw_preMul/_1763_/Y (sky130_fd_sc_hd__mux2i_1)
   0.2246    6.6758 ^ fpu_exe_unit/FPUUnit/fpu/dfma/fma/mulAddRecFNToRaw_preMul/_1764_/Y (sky130_fd_sc_hd__a21oi_1)
   0.0630    6.7388 v fpu_exe_unit/FPUUnit/fpu/dfma/fma/mulAddRecFNToRaw_preMul/_1765_/Y (sky130_fd_sc_hd__nor2_1)
   0.1979    6.9367 v fpu_exe_unit/FPUUnit/fpu/dfma/fma/mulAddRecFNToRaw_preMul/_1766_/X (sky130_fd_sc_hd__o22a_1)
   0.3822    7.3188 v fpu_exe_unit/FPUUnit/fpu/dfma/fma/_15656_/X (sky130_fd_sc_hd__xnor3_1)
   0.3964    7.7153 v fpu_exe_unit/FPUUnit/fpu/dfma/fma/_15669_/X (sky130_fd_sc_hd__maj3_1)
   0.3777    8.0930 v fpu_exe_unit/FPUUnit/fpu/dfma/fma/_15690_/X (sky130_fd_sc_hd__maj3_1)
   0.3929    8.4858 v fpu_exe_unit/FPUUnit/fpu/dfma/fma/_15718_/X (sky130_fd_sc_hd__maj3_1)
   0.3979    8.8837 v fpu_exe_unit/FPUUnit/fpu/dfma/fma/_15741_/X (sky130_fd_sc_hd__xor3_1)
   0.1695    9.0532 ^ fpu_exe_unit/FPUUnit/fpu/dfma/fma/_15751_/Y (sky130_fd_sc_hd__nor2_1)
   0.2943    9.3475 ^ fpu_exe_unit/FPUUnit/fpu/dfma/fma/_15789_/X (sky130_fd_sc_hd__xor3_1)
   0.1440    9.4915 v fpu_exe_unit/FPUUnit/fpu/dfma/fma/_15790_/Y (sky130_fd_sc_hd__nand4bb_1)
   0.3515    9.8430 v fpu_exe_unit/FPUUnit/fpu/dfma/fma/_15837_/X (sky130_fd_sc_hd__or2_2)
   0.3724   10.2154 v fpu_exe_unit/FPUUnit/fpu/dfma/fma/_15891_/X (sky130_fd_sc_hd__maj3_1)
   0.3778   10.5932 v fpu_exe_unit/FPUUnit/fpu/dfma/fma/_15946_/X (sky130_fd_sc_hd__maj3_1)
   0.3853   10.9785 v fpu_exe_unit/FPUUnit/fpu/dfma/fma/_16018_/X (sky130_fd_sc_hd__maj3_1)
   0.3669   11.3454 v fpu_exe_unit/FPUUnit/fpu/dfma/fma/_16084_/X (sky130_fd_sc_hd__maj3_1)
   0.3753   11.7207 v fpu_exe_unit/FPUUnit/fpu/dfma/fma/_16150_/X (sky130_fd_sc_hd__maj3_1)
   0.3716   12.0924 v fpu_exe_unit/FPUUnit/fpu/dfma/fma/_16236_/X (sky130_fd_sc_hd__maj3_1)
   0.3656   12.4580 v fpu_exe_unit/FPUUnit/fpu/dfma/fma/_16331_/X (sky130_fd_sc_hd__maj3_1)
   0.3227   12.7806 ^ fpu_exe_unit/FPUUnit/fpu/dfma/fma/_16425_/Y (sky130_fd_sc_hd__o21ai_0)
   0.1187   12.8993 v fpu_exe_unit/FPUUnit/fpu/dfma/fma/_16955_/Y (sky130_fd_sc_hd__a211oi_1)
   0.3448   13.2441 ^ fpu_exe_unit/FPUUnit/fpu/dfma/fma/_16956_/Y (sky130_fd_sc_hd__o311ai_0)
   0.1911   13.4352 v fpu_exe_unit/FPUUnit/fpu/dfma/fma/_17093_/Y (sky130_fd_sc_hd__nand4_1)
   0.3235   13.7588 ^ fpu_exe_unit/FPUUnit/fpu/dfma/fma/_17388_/Y (sky130_fd_sc_hd__a211oi_1)
   0.1962   13.9550 v fpu_exe_unit/FPUUnit/fpu/dfma/fma/_17685_/Y (sky130_fd_sc_hd__o311ai_0)
   0.2651   14.2201 ^ fpu_exe_unit/FPUUnit/fpu/dfma/fma/_17989_/Y (sky130_fd_sc_hd__a211oi_1)
   0.1397   14.3598 v fpu_exe_unit/FPUUnit/fpu/dfma/fma/_18300_/Y (sky130_fd_sc_hd__o211ai_1)
   0.4212   14.7810 ^ fpu_exe_unit/FPUUnit/fpu/dfma/fma/_19021_/Y (sky130_fd_sc_hd__a2111oi_0)
   0.2639   15.0448 v fpu_exe_unit/FPUUnit/fpu/dfma/fma/_19832_/Y (sky130_fd_sc_hd__a2111oi_0)
   0.3827   15.4275 v fpu_exe_unit/FPUUnit/fpu/dfma/fma/_21839_/X (sky130_fd_sc_hd__o31a_1)
   0.3912   15.8187 ^ fpu_exe_unit/FPUUnit/fpu/dfma/fma/_22105_/Y (sky130_fd_sc_hd__o31ai_1)
   0.2506   16.0693 ^ fpu_exe_unit/FPUUnit/fpu/dfma/fma/_22629_/X (sky130_fd_sc_hd__a31o_2)
   0.1211   16.1903 v fpu_exe_unit/FPUUnit/fpu/dfma/fma/_23185_/Y (sky130_fd_sc_hd__a31oi_1)
   0.3854   16.5758 ^ fpu_exe_unit/FPUUnit/fpu/dfma/fma/_23741_/Y (sky130_fd_sc_hd__o21ai_0)
   0.1565   16.7322 v fpu_exe_unit/FPUUnit/fpu/dfma/fma/_25946_/Y (sky130_fd_sc_hd__nand4bb_1)
   0.5684   17.3006 ^ fpu_exe_unit/FPUUnit/fpu/dfma/fma/_26630_/Y (sky130_fd_sc_hd__a2111oi_0)
   0.2519   17.5525 v fpu_exe_unit/FPUUnit/fpu/dfma/fma/_28157_/Y (sky130_fd_sc_hd__o2111ai_1)
   0.3749   17.9274 v fpu_exe_unit/FPUUnit/fpu/dfma/fma/_29062_/X (sky130_fd_sc_hd__a221o_1)
   0.1542   18.0816 ^ fpu_exe_unit/FPUUnit/fpu/dfma/fma/_29326_/Y (sky130_fd_sc_hd__a21oi_1)
   0.1200   18.2016 v fpu_exe_unit/FPUUnit/fpu/dfma/fma/_29570_/Y (sky130_fd_sc_hd__o21ai_0)
   0.1323   18.3339 ^ fpu_exe_unit/FPUUnit/fpu/dfma/fma/_30179_/Y (sky130_fd_sc_hd__a21oi_1)
   0.1252   18.4591 v fpu_exe_unit/FPUUnit/fpu/dfma/fma/_30182_/Y (sky130_fd_sc_hd__o211ai_1)
   0.1733   18.6324 ^ fpu_exe_unit/FPUUnit/fpu/dfma/fma/_30488_/Y (sky130_fd_sc_hd__a21oi_1)
   0.1534   18.7858 v fpu_exe_unit/FPUUnit/fpu/dfma/fma/_30606_/Y (sky130_fd_sc_hd__o211ai_1)
   0.2803   19.0661 ^ fpu_exe_unit/FPUUnit/fpu/dfma/fma/_30700_/Y (sky130_fd_sc_hd__a211oi_1)
   0.2198   19.2859 ^ fpu_exe_unit/FPUUnit/fpu/dfma/fma/_30735_/X (sky130_fd_sc_hd__o21a_1)
   0.2279   19.5137 v fpu_exe_unit/FPUUnit/fpu/dfma/fma/_30796_/Y (sky130_fd_sc_hd__o311ai_0)
   0.4023   19.9160 ^ fpu_exe_unit/FPUUnit/fpu/dfma/fma/_30833_/Y (sky130_fd_sc_hd__a311oi_1)
   0.1123   20.0283 v fpu_exe_unit/FPUUnit/fpu/dfma/fma/_30837_/Y (sky130_fd_sc_hd__o2bb2ai_1)
   0.0035   20.0318 v fpu_exe_unit/FPUUnit/fpu/dfma/fma/_31138_/D (sky130_fd_sc_hd__dfxtp_1)
            20.0318   data arrival time

  20.0000   20.0000   clock clock (rise edge)
   0.0000   20.0000   clock network delay (ideal)
   0.0000   20.0000   clock reconvergence pessimism
            20.0000 ^ fpu_exe_unit/FPUUnit/fpu/dfma/fma/_31138_/CLK (sky130_fd_sc_hd__dfxtp_1)
  -0.1292   19.8708   library setup time
            19.8708   data required time
-------------------------------------------------------------
            19.8708   data required time
           -20.0318   data arrival time
-------------------------------------------------------------
            -0.1610   slack (VIOLATED)


Startpoint: fpu_exe_unit/FPUUnit/fpu/dfma/_1310_
            (rising edge-triggered flip-flop clocked by clock)
Endpoint: fpu_exe_unit/FPUUnit/fpu/dfma/fma/_31137_
          (rising edge-triggered flip-flop clocked by clock)
Path Group: clock
Path Type: max

    Delay      Time   Description
-------------------------------------------------------------
   0.0000    0.0000   clock clock (rise edge)
   0.0000    0.0000   clock network delay (ideal)
   0.0000    0.0000 ^ fpu_exe_unit/FPUUnit/fpu/dfma/_1310_/CLK (sky130_fd_sc_hd__dfxtp_1)
   0.2995    0.2995 v fpu_exe_unit/FPUUnit/fpu/dfma/_1310_/Q (sky130_fd_sc_hd__dfxtp_1)
   0.1614    0.4609 v fpu_exe_unit/FPUUnit/fpu/dfma/fma/mulAddRecFNToRaw_preMul/_1092_/Y (sky130_fd_sc_hd__xnor2_1)
   0.3226    0.7835 ^ fpu_exe_unit/FPUUnit/fpu/dfma/fma/mulAddRecFNToRaw_preMul/_1094_/Y (sky130_fd_sc_hd__o21ai_0)
   0.1761    0.9596 v fpu_exe_unit/FPUUnit/fpu/dfma/fma/mulAddRecFNToRaw_preMul/_1097_/Y (sky130_fd_sc_hd__a31oi_1)
   0.4045    1.3640 v fpu_exe_unit/FPUUnit/fpu/dfma/fma/mulAddRecFNToRaw_preMul/_1098_/X (sky130_fd_sc_hd__maj3_1)
   0.3959    1.7600 v fpu_exe_unit/FPUUnit/fpu/dfma/fma/mulAddRecFNToRaw_preMul/_1099_/X (sky130_fd_sc_hd__maj3_1)
   0.3973    2.1573 v fpu_exe_unit/FPUUnit/fpu/dfma/fma/mulAddRecFNToRaw_preMul/_1100_/X (sky130_fd_sc_hd__maj3_1)
   0.4055    2.5628 v fpu_exe_unit/FPUUnit/fpu/dfma/fma/mulAddRecFNToRaw_preMul/_1101_/X (sky130_fd_sc_hd__maj3_1)
   0.3551    2.9179 v fpu_exe_unit/FPUUnit/fpu/dfma/fma/mulAddRecFNToRaw_preMul/_1121_/X (sky130_fd_sc_hd__maj3_1)
   0.2007    3.1186 v fpu_exe_unit/FPUUnit/fpu/dfma/fma/mulAddRecFNToRaw_preMul/_1122_/X (sky130_fd_sc_hd__xor2_1)
   0.1942    3.3128 ^ fpu_exe_unit/FPUUnit/fpu/dfma/fma/mulAddRecFNToRaw_preMul/_1152_/Y (sky130_fd_sc_hd__o221ai_1)
   0.1518    3.4647 v fpu_exe_unit/FPUUnit/fpu/dfma/fma/mulAddRecFNToRaw_preMul/_1158_/Y (sky130_fd_sc_hd__a32oi_1)
   0.4189    3.8835 v fpu_exe_unit/FPUUnit/fpu/dfma/fma/mulAddRecFNToRaw_preMul/_1159_/X (sky130_fd_sc_hd__maj3_1)
   0.2588    4.1424 v fpu_exe_unit/FPUUnit/fpu/dfma/fma/mulAddRecFNToRaw_preMul/_1177_/X (sky130_fd_sc_hd__o2111a_1)
   0.1835    4.3259 v fpu_exe_unit/FPUUnit/fpu/dfma/fma/mulAddRecFNToRaw_preMul/_1178_/X (sky130_fd_sc_hd__clkbuf_1)
   0.1411    4.4670 ^ fpu_exe_unit/FPUUnit/fpu/dfma/fma/mulAddRecFNToRaw_preMul/_1203_/Y (sky130_fd_sc_hd__nand4_1)
   0.3339    4.8008 ^ fpu_exe_unit/FPUUnit/fpu/dfma/fma/mulAddRecFNToRaw_preMul/_1204_/X (sky130_fd_sc_hd__lpflow_clkbufkapwr_1)
   0.3198    5.1206 ^ fpu_exe_unit/FPUUnit/fpu/dfma/fma/mulAddRecFNToRaw_preMul/_1307_/X (sky130_fd_sc_hd__buf_2)
   0.4406    5.5612 ^ fpu_exe_unit/FPUUnit/fpu/dfma/fma/mulAddRecFNToRaw_preMul/_1308_/X (sky130_fd_sc_hd__lpflow_clkbufkapwr_1)
   0.4049    5.9661 v fpu_exe_unit/FPUUnit/fpu/dfma/fma/mulAddRecFNToRaw_preMul/_1618_/X (sky130_fd_sc_hd__mux2_2)
   0.1693    6.1354 ^ fpu_exe_unit/FPUUnit/fpu/dfma/fma/mulAddRecFNToRaw_preMul/_1760_/Y (sky130_fd_sc_hd__mux2i_1)
   0.0586    6.1940 v fpu_exe_unit/FPUUnit/fpu/dfma/fma/mulAddRecFNToRaw_preMul/_1761_/Y (sky130_fd_sc_hd__nor2_1)
   0.1499    6.3440 ^ fpu_exe_unit/FPUUnit/fpu/dfma/fma/mulAddRecFNToRaw_preMul/_1762_/Y (sky130_fd_sc_hd__a21oi_1)
   0.1072    6.4511 v fpu_exe_unit/FPUUnit/fpu/dfma/fma/mulAddRecFNToRaw_preMul/_1763_/Y (sky130_fd_sc_hd__mux2i_1)
   0.2246    6.6758 ^ fpu_exe_unit/FPUUnit/fpu/dfma/fma/mulAddRecFNToRaw_preMul/_1764_/Y (sky130_fd_sc_hd__a21oi_1)
   0.0630    6.7388 v fpu_exe_unit/FPUUnit/fpu/dfma/fma/mulAddRecFNToRaw_preMul/_1765_/Y (sky130_fd_sc_hd__nor2_1)
   0.1979    6.9367 v fpu_exe_unit/FPUUnit/fpu/dfma/fma/mulAddRecFNToRaw_preMul/_1766_/X (sky130_fd_sc_hd__o22a_1)
   0.3822    7.3188 v fpu_exe_unit/FPUUnit/fpu/dfma/fma/_15656_/X (sky130_fd_sc_hd__xnor3_1)
   0.3964    7.7153 v fpu_exe_unit/FPUUnit/fpu/dfma/fma/_15669_/X (sky130_fd_sc_hd__maj3_1)
   0.3777    8.0930 v fpu_exe_unit/FPUUnit/fpu/dfma/fma/_15690_/X (sky130_fd_sc_hd__maj3_1)
   0.3929    8.4858 v fpu_exe_unit/FPUUnit/fpu/dfma/fma/_15718_/X (sky130_fd_sc_hd__maj3_1)
   0.3979    8.8837 v fpu_exe_unit/FPUUnit/fpu/dfma/fma/_15741_/X (sky130_fd_sc_hd__xor3_1)
   0.1695    9.0532 ^ fpu_exe_unit/FPUUnit/fpu/dfma/fma/_15751_/Y (sky130_fd_sc_hd__nor2_1)
   0.2943    9.3475 ^ fpu_exe_unit/FPUUnit/fpu/dfma/fma/_15789_/X (sky130_fd_sc_hd__xor3_1)
   0.1440    9.4915 v fpu_exe_unit/FPUUnit/fpu/dfma/fma/_15790_/Y (sky130_fd_sc_hd__nand4bb_1)
   0.3515    9.8430 v fpu_exe_unit/FPUUnit/fpu/dfma/fma/_15837_/X (sky130_fd_sc_hd__or2_2)
   0.3724   10.2154 v fpu_exe_unit/FPUUnit/fpu/dfma/fma/_15891_/X (sky130_fd_sc_hd__maj3_1)
   0.3778   10.5932 v fpu_exe_unit/FPUUnit/fpu/dfma/fma/_15946_/X (sky130_fd_sc_hd__maj3_1)
   0.3853   10.9785 v fpu_exe_unit/FPUUnit/fpu/dfma/fma/_16018_/X (sky130_fd_sc_hd__maj3_1)
   0.3669   11.3454 v fpu_exe_unit/FPUUnit/fpu/dfma/fma/_16084_/X (sky130_fd_sc_hd__maj3_1)
   0.3753   11.7207 v fpu_exe_unit/FPUUnit/fpu/dfma/fma/_16150_/X (sky130_fd_sc_hd__maj3_1)
   0.3716   12.0924 v fpu_exe_unit/FPUUnit/fpu/dfma/fma/_16236_/X (sky130_fd_sc_hd__maj3_1)
   0.3656   12.4580 v fpu_exe_unit/FPUUnit/fpu/dfma/fma/_16331_/X (sky130_fd_sc_hd__maj3_1)
   0.3227   12.7806 ^ fpu_exe_unit/FPUUnit/fpu/dfma/fma/_16425_/Y (sky130_fd_sc_hd__o21ai_0)
   0.1187   12.8993 v fpu_exe_unit/FPUUnit/fpu/dfma/fma/_16955_/Y (sky130_fd_sc_hd__a211oi_1)
   0.3448   13.2441 ^ fpu_exe_unit/FPUUnit/fpu/dfma/fma/_16956_/Y (sky130_fd_sc_hd__o311ai_0)
   0.1911   13.4352 v fpu_exe_unit/FPUUnit/fpu/dfma/fma/_17093_/Y (sky130_fd_sc_hd__nand4_1)
   0.3235   13.7588 ^ fpu_exe_unit/FPUUnit/fpu/dfma/fma/_17388_/Y (sky130_fd_sc_hd__a211oi_1)
   0.1962   13.9550 v fpu_exe_unit/FPUUnit/fpu/dfma/fma/_17685_/Y (sky130_fd_sc_hd__o311ai_0)
   0.2651   14.2201 ^ fpu_exe_unit/FPUUnit/fpu/dfma/fma/_17989_/Y (sky130_fd_sc_hd__a211oi_1)
   0.1397   14.3598 v fpu_exe_unit/FPUUnit/fpu/dfma/fma/_18300_/Y (sky130_fd_sc_hd__o211ai_1)
   0.4212   14.7810 ^ fpu_exe_unit/FPUUnit/fpu/dfma/fma/_19021_/Y (sky130_fd_sc_hd__a2111oi_0)
   0.2639   15.0448 v fpu_exe_unit/FPUUnit/fpu/dfma/fma/_19832_/Y (sky130_fd_sc_hd__a2111oi_0)
   0.3827   15.4275 v fpu_exe_unit/FPUUnit/fpu/dfma/fma/_21839_/X (sky130_fd_sc_hd__o31a_1)
   0.3912   15.8187 ^ fpu_exe_unit/FPUUnit/fpu/dfma/fma/_22105_/Y (sky130_fd_sc_hd__o31ai_1)
   0.2506   16.0693 ^ fpu_exe_unit/FPUUnit/fpu/dfma/fma/_22629_/X (sky130_fd_sc_hd__a31o_2)
   0.1211   16.1903 v fpu_exe_unit/FPUUnit/fpu/dfma/fma/_23185_/Y (sky130_fd_sc_hd__a31oi_1)
   0.3854   16.5758 ^ fpu_exe_unit/FPUUnit/fpu/dfma/fma/_23741_/Y (sky130_fd_sc_hd__o21ai_0)
   0.1565   16.7322 v fpu_exe_unit/FPUUnit/fpu/dfma/fma/_25946_/Y (sky130_fd_sc_hd__nand4bb_1)
   0.5684   17.3006 ^ fpu_exe_unit/FPUUnit/fpu/dfma/fma/_26630_/Y (sky130_fd_sc_hd__a2111oi_0)
   0.2519   17.5525 v fpu_exe_unit/FPUUnit/fpu/dfma/fma/_28157_/Y (sky130_fd_sc_hd__o2111ai_1)
   0.3749   17.9274 v fpu_exe_unit/FPUUnit/fpu/dfma/fma/_29062_/X (sky130_fd_sc_hd__a221o_1)
   0.1542   18.0816 ^ fpu_exe_unit/FPUUnit/fpu/dfma/fma/_29326_/Y (sky130_fd_sc_hd__a21oi_1)
   0.1200   18.2016 v fpu_exe_unit/FPUUnit/fpu/dfma/fma/_29570_/Y (sky130_fd_sc_hd__o21ai_0)
   0.1323   18.3339 ^ fpu_exe_unit/FPUUnit/fpu/dfma/fma/_30179_/Y (sky130_fd_sc_hd__a21oi_1)
   0.1252   18.4591 v fpu_exe_unit/FPUUnit/fpu/dfma/fma/_30182_/Y (sky130_fd_sc_hd__o211ai_1)
   0.1733   18.6324 ^ fpu_exe_unit/FPUUnit/fpu/dfma/fma/_30488_/Y (sky130_fd_sc_hd__a21oi_1)
   0.1534   18.7858 v fpu_exe_unit/FPUUnit/fpu/dfma/fma/_30606_/Y (sky130_fd_sc_hd__o211ai_1)
   0.2803   19.0661 ^ fpu_exe_unit/FPUUnit/fpu/dfma/fma/_30700_/Y (sky130_fd_sc_hd__a211oi_1)
   0.2198   19.2859 ^ fpu_exe_unit/FPUUnit/fpu/dfma/fma/_30735_/X (sky130_fd_sc_hd__o21a_1)
   0.2279   19.5137 v fpu_exe_unit/FPUUnit/fpu/dfma/fma/_30796_/Y (sky130_fd_sc_hd__o311ai_0)
   0.1484   19.6622 ^ fpu_exe_unit/FPUUnit/fpu/dfma/fma/_30802_/Y (sky130_fd_sc_hd__nand2_1)
   0.0790   19.7412 v fpu_exe_unit/FPUUnit/fpu/dfma/fma/_30821_/Y (sky130_fd_sc_hd__xnor2_1)
   0.2536   19.9948 v fpu_exe_unit/FPUUnit/fpu/dfma/fma/_30822_/X (sky130_fd_sc_hd__mux2_2)
   0.0035   19.9983 v fpu_exe_unit/FPUUnit/fpu/dfma/fma/_31137_/D (sky130_fd_sc_hd__dfxtp_1)
            19.9983   data arrival time

  20.0000   20.0000   clock clock (rise edge)
   0.0000   20.0000   clock network delay (ideal)
   0.0000   20.0000   clock reconvergence pessimism
            20.0000 ^ fpu_exe_unit/FPUUnit/fpu/dfma/fma/_31137_/CLK (sky130_fd_sc_hd__dfxtp_1)
  -0.1214   19.8786   library setup time
            19.8786   data required time
-------------------------------------------------------------
            19.8786   data required time
           -19.9983   data arrival time
-------------------------------------------------------------
            -0.1197   slack (VIOLATED)


Startpoint: fpu_exe_unit/FPUUnit/fpu/dfma/_1310_
            (rising edge-triggered flip-flop clocked by clock)
Endpoint: fpu_exe_unit/FPUUnit/fpu/dfma/fma/_31136_
          (rising edge-triggered flip-flop clocked by clock)
Path Group: clock
Path Type: max

    Delay      Time   Description
-------------------------------------------------------------
   0.0000    0.0000   clock clock (rise edge)
   0.0000    0.0000   clock network delay (ideal)
   0.0000    0.0000 ^ fpu_exe_unit/FPUUnit/fpu/dfma/_1310_/CLK (sky130_fd_sc_hd__dfxtp_1)
   0.2995    0.2995 v fpu_exe_unit/FPUUnit/fpu/dfma/_1310_/Q (sky130_fd_sc_hd__dfxtp_1)
   0.1614    0.4609 v fpu_exe_unit/FPUUnit/fpu/dfma/fma/mulAddRecFNToRaw_preMul/_1092_/Y (sky130_fd_sc_hd__xnor2_1)
   0.3226    0.7835 ^ fpu_exe_unit/FPUUnit/fpu/dfma/fma/mulAddRecFNToRaw_preMul/_1094_/Y (sky130_fd_sc_hd__o21ai_0)
   0.1761    0.9596 v fpu_exe_unit/FPUUnit/fpu/dfma/fma/mulAddRecFNToRaw_preMul/_1097_/Y (sky130_fd_sc_hd__a31oi_1)
   0.4045    1.3640 v fpu_exe_unit/FPUUnit/fpu/dfma/fma/mulAddRecFNToRaw_preMul/_1098_/X (sky130_fd_sc_hd__maj3_1)
   0.3959    1.7600 v fpu_exe_unit/FPUUnit/fpu/dfma/fma/mulAddRecFNToRaw_preMul/_1099_/X (sky130_fd_sc_hd__maj3_1)
   0.3973    2.1573 v fpu_exe_unit/FPUUnit/fpu/dfma/fma/mulAddRecFNToRaw_preMul/_1100_/X (sky130_fd_sc_hd__maj3_1)
   0.4055    2.5628 v fpu_exe_unit/FPUUnit/fpu/dfma/fma/mulAddRecFNToRaw_preMul/_1101_/X (sky130_fd_sc_hd__maj3_1)
   0.3551    2.9179 v fpu_exe_unit/FPUUnit/fpu/dfma/fma/mulAddRecFNToRaw_preMul/_1121_/X (sky130_fd_sc_hd__maj3_1)
   0.2007    3.1186 v fpu_exe_unit/FPUUnit/fpu/dfma/fma/mulAddRecFNToRaw_preMul/_1122_/X (sky130_fd_sc_hd__xor2_1)
   0.1942    3.3128 ^ fpu_exe_unit/FPUUnit/fpu/dfma/fma/mulAddRecFNToRaw_preMul/_1152_/Y (sky130_fd_sc_hd__o221ai_1)
   0.1518    3.4647 v fpu_exe_unit/FPUUnit/fpu/dfma/fma/mulAddRecFNToRaw_preMul/_1158_/Y (sky130_fd_sc_hd__a32oi_1)
   0.4189    3.8835 v fpu_exe_unit/FPUUnit/fpu/dfma/fma/mulAddRecFNToRaw_preMul/_1159_/X (sky130_fd_sc_hd__maj3_1)
   0.2588    4.1424 v fpu_exe_unit/FPUUnit/fpu/dfma/fma/mulAddRecFNToRaw_preMul/_1177_/X (sky130_fd_sc_hd__o2111a_1)
   0.1835    4.3259 v fpu_exe_unit/FPUUnit/fpu/dfma/fma/mulAddRecFNToRaw_preMul/_1178_/X (sky130_fd_sc_hd__clkbuf_1)
   0.1411    4.4670 ^ fpu_exe_unit/FPUUnit/fpu/dfma/fma/mulAddRecFNToRaw_preMul/_1203_/Y (sky130_fd_sc_hd__nand4_1)
   0.3339    4.8008 ^ fpu_exe_unit/FPUUnit/fpu/dfma/fma/mulAddRecFNToRaw_preMul/_1204_/X (sky130_fd_sc_hd__lpflow_clkbufkapwr_1)
   0.3198    5.1206 ^ fpu_exe_unit/FPUUnit/fpu/dfma/fma/mulAddRecFNToRaw_preMul/_1307_/X (sky130_fd_sc_hd__buf_2)
   0.4406    5.5612 ^ fpu_exe_unit/FPUUnit/fpu/dfma/fma/mulAddRecFNToRaw_preMul/_1308_/X (sky130_fd_sc_hd__lpflow_clkbufkapwr_1)
   0.4049    5.9661 v fpu_exe_unit/FPUUnit/fpu/dfma/fma/mulAddRecFNToRaw_preMul/_1618_/X (sky130_fd_sc_hd__mux2_2)
   0.1693    6.1354 ^ fpu_exe_unit/FPUUnit/fpu/dfma/fma/mulAddRecFNToRaw_preMul/_1760_/Y (sky130_fd_sc_hd__mux2i_1)
   0.0586    6.1940 v fpu_exe_unit/FPUUnit/fpu/dfma/fma/mulAddRecFNToRaw_preMul/_1761_/Y (sky130_fd_sc_hd__nor2_1)
   0.1499    6.3440 ^ fpu_exe_unit/FPUUnit/fpu/dfma/fma/mulAddRecFNToRaw_preMul/_1762_/Y (sky130_fd_sc_hd__a21oi_1)
   0.1072    6.4511 v fpu_exe_unit/FPUUnit/fpu/dfma/fma/mulAddRecFNToRaw_preMul/_1763_/Y (sky130_fd_sc_hd__mux2i_1)
   0.2246    6.6758 ^ fpu_exe_unit/FPUUnit/fpu/dfma/fma/mulAddRecFNToRaw_preMul/_1764_/Y (sky130_fd_sc_hd__a21oi_1)
   0.0630    6.7388 v fpu_exe_unit/FPUUnit/fpu/dfma/fma/mulAddRecFNToRaw_preMul/_1765_/Y (sky130_fd_sc_hd__nor2_1)
   0.1979    6.9367 v fpu_exe_unit/FPUUnit/fpu/dfma/fma/mulAddRecFNToRaw_preMul/_1766_/X (sky130_fd_sc_hd__o22a_1)
   0.3822    7.3188 v fpu_exe_unit/FPUUnit/fpu/dfma/fma/_15656_/X (sky130_fd_sc_hd__xnor3_1)
   0.3964    7.7153 v fpu_exe_unit/FPUUnit/fpu/dfma/fma/_15669_/X (sky130_fd_sc_hd__maj3_1)
   0.3777    8.0930 v fpu_exe_unit/FPUUnit/fpu/dfma/fma/_15690_/X (sky130_fd_sc_hd__maj3_1)
   0.3929    8.4858 v fpu_exe_unit/FPUUnit/fpu/dfma/fma/_15718_/X (sky130_fd_sc_hd__maj3_1)
   0.3979    8.8837 v fpu_exe_unit/FPUUnit/fpu/dfma/fma/_15741_/X (sky130_fd_sc_hd__xor3_1)
   0.1695    9.0532 ^ fpu_exe_unit/FPUUnit/fpu/dfma/fma/_15751_/Y (sky130_fd_sc_hd__nor2_1)
   0.2943    9.3475 ^ fpu_exe_unit/FPUUnit/fpu/dfma/fma/_15789_/X (sky130_fd_sc_hd__xor3_1)
   0.1440    9.4915 v fpu_exe_unit/FPUUnit/fpu/dfma/fma/_15790_/Y (sky130_fd_sc_hd__nand4bb_1)
   0.3515    9.8430 v fpu_exe_unit/FPUUnit/fpu/dfma/fma/_15837_/X (sky130_fd_sc_hd__or2_2)
   0.3724   10.2154 v fpu_exe_unit/FPUUnit/fpu/dfma/fma/_15891_/X (sky130_fd_sc_hd__maj3_1)
   0.3778   10.5932 v fpu_exe_unit/FPUUnit/fpu/dfma/fma/_15946_/X (sky130_fd_sc_hd__maj3_1)
   0.3853   10.9785 v fpu_exe_unit/FPUUnit/fpu/dfma/fma/_16018_/X (sky130_fd_sc_hd__maj3_1)
   0.3669   11.3454 v fpu_exe_unit/FPUUnit/fpu/dfma/fma/_16084_/X (sky130_fd_sc_hd__maj3_1)
   0.3753   11.7207 v fpu_exe_unit/FPUUnit/fpu/dfma/fma/_16150_/X (sky130_fd_sc_hd__maj3_1)
   0.3716   12.0924 v fpu_exe_unit/FPUUnit/fpu/dfma/fma/_16236_/X (sky130_fd_sc_hd__maj3_1)
   0.3656   12.4580 v fpu_exe_unit/FPUUnit/fpu/dfma/fma/_16331_/X (sky130_fd_sc_hd__maj3_1)
   0.3227   12.7806 ^ fpu_exe_unit/FPUUnit/fpu/dfma/fma/_16425_/Y (sky130_fd_sc_hd__o21ai_0)
   0.1187   12.8993 v fpu_exe_unit/FPUUnit/fpu/dfma/fma/_16955_/Y (sky130_fd_sc_hd__a211oi_1)
   0.3448   13.2441 ^ fpu_exe_unit/FPUUnit/fpu/dfma/fma/_16956_/Y (sky130_fd_sc_hd__o311ai_0)
   0.1911   13.4352 v fpu_exe_unit/FPUUnit/fpu/dfma/fma/_17093_/Y (sky130_fd_sc_hd__nand4_1)
   0.3235   13.7588 ^ fpu_exe_unit/FPUUnit/fpu/dfma/fma/_17388_/Y (sky130_fd_sc_hd__a211oi_1)
   0.1962   13.9550 v fpu_exe_unit/FPUUnit/fpu/dfma/fma/_17685_/Y (sky130_fd_sc_hd__o311ai_0)
   0.2651   14.2201 ^ fpu_exe_unit/FPUUnit/fpu/dfma/fma/_17989_/Y (sky130_fd_sc_hd__a211oi_1)
   0.1397   14.3598 v fpu_exe_unit/FPUUnit/fpu/dfma/fma/_18300_/Y (sky130_fd_sc_hd__o211ai_1)
   0.4212   14.7810 ^ fpu_exe_unit/FPUUnit/fpu/dfma/fma/_19021_/Y (sky130_fd_sc_hd__a2111oi_0)
   0.2639   15.0448 v fpu_exe_unit/FPUUnit/fpu/dfma/fma/_19832_/Y (sky130_fd_sc_hd__a2111oi_0)
   0.3827   15.4275 v fpu_exe_unit/FPUUnit/fpu/dfma/fma/_21839_/X (sky130_fd_sc_hd__o31a_1)
   0.3912   15.8187 ^ fpu_exe_unit/FPUUnit/fpu/dfma/fma/_22105_/Y (sky130_fd_sc_hd__o31ai_1)
   0.2506   16.0693 ^ fpu_exe_unit/FPUUnit/fpu/dfma/fma/_22629_/X (sky130_fd_sc_hd__a31o_2)
   0.1211   16.1903 v fpu_exe_unit/FPUUnit/fpu/dfma/fma/_23185_/Y (sky130_fd_sc_hd__a31oi_1)
   0.3854   16.5758 ^ fpu_exe_unit/FPUUnit/fpu/dfma/fma/_23741_/Y (sky130_fd_sc_hd__o21ai_0)
   0.1565   16.7322 v fpu_exe_unit/FPUUnit/fpu/dfma/fma/_25946_/Y (sky130_fd_sc_hd__nand4bb_1)
   0.5684   17.3006 ^ fpu_exe_unit/FPUUnit/fpu/dfma/fma/_26630_/Y (sky130_fd_sc_hd__a2111oi_0)
   0.2519   17.5525 v fpu_exe_unit/FPUUnit/fpu/dfma/fma/_28157_/Y (sky130_fd_sc_hd__o2111ai_1)
   0.3749   17.9274 v fpu_exe_unit/FPUUnit/fpu/dfma/fma/_29062_/X (sky130_fd_sc_hd__a221o_1)
   0.1542   18.0816 ^ fpu_exe_unit/FPUUnit/fpu/dfma/fma/_29326_/Y (sky130_fd_sc_hd__a21oi_1)
   0.1200   18.2016 v fpu_exe_unit/FPUUnit/fpu/dfma/fma/_29570_/Y (sky130_fd_sc_hd__o21ai_0)
   0.1323   18.3339 ^ fpu_exe_unit/FPUUnit/fpu/dfma/fma/_30179_/Y (sky130_fd_sc_hd__a21oi_1)
   0.1252   18.4591 v fpu_exe_unit/FPUUnit/fpu/dfma/fma/_30182_/Y (sky130_fd_sc_hd__o211ai_1)
   0.1733   18.6324 ^ fpu_exe_unit/FPUUnit/fpu/dfma/fma/_30488_/Y (sky130_fd_sc_hd__a21oi_1)
   0.1534   18.7858 v fpu_exe_unit/FPUUnit/fpu/dfma/fma/_30606_/Y (sky130_fd_sc_hd__o211ai_1)
   0.2803   19.0661 ^ fpu_exe_unit/FPUUnit/fpu/dfma/fma/_30700_/Y (sky130_fd_sc_hd__a211oi_1)
   0.2198   19.2859 ^ fpu_exe_unit/FPUUnit/fpu/dfma/fma/_30735_/X (sky130_fd_sc_hd__o21a_1)
   0.2279   19.5137 v fpu_exe_unit/FPUUnit/fpu/dfma/fma/_30796_/Y (sky130_fd_sc_hd__o311ai_0)
   0.2930   19.8067 v fpu_exe_unit/FPUUnit/fpu/dfma/fma/_30800_/X (sky130_fd_sc_hd__a31o_2)
   0.0035   19.8102 v fpu_exe_unit/FPUUnit/fpu/dfma/fma/_31136_/D (sky130_fd_sc_hd__dfxtp_1)
            19.8102   data arrival time

  20.0000   20.0000   clock clock (rise edge)
   0.0000   20.0000   clock network delay (ideal)
   0.0000   20.0000   clock reconvergence pessimism
            20.0000 ^ fpu_exe_unit/FPUUnit/fpu/dfma/fma/_31136_/CLK (sky130_fd_sc_hd__dfxtp_1)
  -0.1168   19.8832   library setup time
            19.8832   data required time
-------------------------------------------------------------
            19.8832   data required time
           -19.8102   data arrival time
-------------------------------------------------------------
             0.0730   slack (MET)


Startpoint: fpu_exe_unit/FPUUnit/fpu/dfma/_1310_
            (rising edge-triggered flip-flop clocked by clock)
Endpoint: fpu_exe_unit/FPUUnit/fpu/dfma/fma/_31135_
          (rising edge-triggered flip-flop clocked by clock)
Path Group: clock
Path Type: max

    Delay      Time   Description
-------------------------------------------------------------
   0.0000    0.0000   clock clock (rise edge)
   0.0000    0.0000   clock network delay (ideal)
   0.0000    0.0000 ^ fpu_exe_unit/FPUUnit/fpu/dfma/_1310_/CLK (sky130_fd_sc_hd__dfxtp_1)
   0.2995    0.2995 v fpu_exe_unit/FPUUnit/fpu/dfma/_1310_/Q (sky130_fd_sc_hd__dfxtp_1)
   0.1614    0.4609 v fpu_exe_unit/FPUUnit/fpu/dfma/fma/mulAddRecFNToRaw_preMul/_1092_/Y (sky130_fd_sc_hd__xnor2_1)
   0.3226    0.7835 ^ fpu_exe_unit/FPUUnit/fpu/dfma/fma/mulAddRecFNToRaw_preMul/_1094_/Y (sky130_fd_sc_hd__o21ai_0)
   0.1761    0.9596 v fpu_exe_unit/FPUUnit/fpu/dfma/fma/mulAddRecFNToRaw_preMul/_1097_/Y (sky130_fd_sc_hd__a31oi_1)
   0.4045    1.3640 v fpu_exe_unit/FPUUnit/fpu/dfma/fma/mulAddRecFNToRaw_preMul/_1098_/X (sky130_fd_sc_hd__maj3_1)
   0.3959    1.7600 v fpu_exe_unit/FPUUnit/fpu/dfma/fma/mulAddRecFNToRaw_preMul/_1099_/X (sky130_fd_sc_hd__maj3_1)
   0.3973    2.1573 v fpu_exe_unit/FPUUnit/fpu/dfma/fma/mulAddRecFNToRaw_preMul/_1100_/X (sky130_fd_sc_hd__maj3_1)
   0.4055    2.5628 v fpu_exe_unit/FPUUnit/fpu/dfma/fma/mulAddRecFNToRaw_preMul/_1101_/X (sky130_fd_sc_hd__maj3_1)
   0.3551    2.9179 v fpu_exe_unit/FPUUnit/fpu/dfma/fma/mulAddRecFNToRaw_preMul/_1121_/X (sky130_fd_sc_hd__maj3_1)
   0.2007    3.1186 v fpu_exe_unit/FPUUnit/fpu/dfma/fma/mulAddRecFNToRaw_preMul/_1122_/X (sky130_fd_sc_hd__xor2_1)
   0.1942    3.3128 ^ fpu_exe_unit/FPUUnit/fpu/dfma/fma/mulAddRecFNToRaw_preMul/_1152_/Y (sky130_fd_sc_hd__o221ai_1)
   0.1518    3.4647 v fpu_exe_unit/FPUUnit/fpu/dfma/fma/mulAddRecFNToRaw_preMul/_1158_/Y (sky130_fd_sc_hd__a32oi_1)
   0.4189    3.8835 v fpu_exe_unit/FPUUnit/fpu/dfma/fma/mulAddRecFNToRaw_preMul/_1159_/X (sky130_fd_sc_hd__maj3_1)
   0.2588    4.1424 v fpu_exe_unit/FPUUnit/fpu/dfma/fma/mulAddRecFNToRaw_preMul/_1177_/X (sky130_fd_sc_hd__o2111a_1)
   0.1835    4.3259 v fpu_exe_unit/FPUUnit/fpu/dfma/fma/mulAddRecFNToRaw_preMul/_1178_/X (sky130_fd_sc_hd__clkbuf_1)
   0.1411    4.4670 ^ fpu_exe_unit/FPUUnit/fpu/dfma/fma/mulAddRecFNToRaw_preMul/_1203_/Y (sky130_fd_sc_hd__nand4_1)
   0.3339    4.8008 ^ fpu_exe_unit/FPUUnit/fpu/dfma/fma/mulAddRecFNToRaw_preMul/_1204_/X (sky130_fd_sc_hd__lpflow_clkbufkapwr_1)
   0.3198    5.1206 ^ fpu_exe_unit/FPUUnit/fpu/dfma/fma/mulAddRecFNToRaw_preMul/_1307_/X (sky130_fd_sc_hd__buf_2)
   0.4406    5.5612 ^ fpu_exe_unit/FPUUnit/fpu/dfma/fma/mulAddRecFNToRaw_preMul/_1308_/X (sky130_fd_sc_hd__lpflow_clkbufkapwr_1)
   0.4049    5.9661 v fpu_exe_unit/FPUUnit/fpu/dfma/fma/mulAddRecFNToRaw_preMul/_1618_/X (sky130_fd_sc_hd__mux2_2)
   0.1693    6.1354 ^ fpu_exe_unit/FPUUnit/fpu/dfma/fma/mulAddRecFNToRaw_preMul/_1760_/Y (sky130_fd_sc_hd__mux2i_1)
   0.0586    6.1940 v fpu_exe_unit/FPUUnit/fpu/dfma/fma/mulAddRecFNToRaw_preMul/_1761_/Y (sky130_fd_sc_hd__nor2_1)
   0.1499    6.3440 ^ fpu_exe_unit/FPUUnit/fpu/dfma/fma/mulAddRecFNToRaw_preMul/_1762_/Y (sky130_fd_sc_hd__a21oi_1)
   0.1072    6.4511 v fpu_exe_unit/FPUUnit/fpu/dfma/fma/mulAddRecFNToRaw_preMul/_1763_/Y (sky130_fd_sc_hd__mux2i_1)
   0.2246    6.6758 ^ fpu_exe_unit/FPUUnit/fpu/dfma/fma/mulAddRecFNToRaw_preMul/_1764_/Y (sky130_fd_sc_hd__a21oi_1)
   0.0630    6.7388 v fpu_exe_unit/FPUUnit/fpu/dfma/fma/mulAddRecFNToRaw_preMul/_1765_/Y (sky130_fd_sc_hd__nor2_1)
   0.1979    6.9367 v fpu_exe_unit/FPUUnit/fpu/dfma/fma/mulAddRecFNToRaw_preMul/_1766_/X (sky130_fd_sc_hd__o22a_1)
   0.3822    7.3188 v fpu_exe_unit/FPUUnit/fpu/dfma/fma/_15656_/X (sky130_fd_sc_hd__xnor3_1)
   0.3964    7.7153 v fpu_exe_unit/FPUUnit/fpu/dfma/fma/_15669_/X (sky130_fd_sc_hd__maj3_1)
   0.3777    8.0930 v fpu_exe_unit/FPUUnit/fpu/dfma/fma/_15690_/X (sky130_fd_sc_hd__maj3_1)
   0.3929    8.4858 v fpu_exe_unit/FPUUnit/fpu/dfma/fma/_15718_/X (sky130_fd_sc_hd__maj3_1)
   0.3979    8.8837 v fpu_exe_unit/FPUUnit/fpu/dfma/fma/_15741_/X (sky130_fd_sc_hd__xor3_1)
   0.1695    9.0532 ^ fpu_exe_unit/FPUUnit/fpu/dfma/fma/_15751_/Y (sky130_fd_sc_hd__nor2_1)
   0.2943    9.3475 ^ fpu_exe_unit/FPUUnit/fpu/dfma/fma/_15789_/X (sky130_fd_sc_hd__xor3_1)
   0.1440    9.4915 v fpu_exe_unit/FPUUnit/fpu/dfma/fma/_15790_/Y (sky130_fd_sc_hd__nand4bb_1)
   0.3515    9.8430 v fpu_exe_unit/FPUUnit/fpu/dfma/fma/_15837_/X (sky130_fd_sc_hd__or2_2)
   0.3724   10.2154 v fpu_exe_unit/FPUUnit/fpu/dfma/fma/_15891_/X (sky130_fd_sc_hd__maj3_1)
   0.3778   10.5932 v fpu_exe_unit/FPUUnit/fpu/dfma/fma/_15946_/X (sky130_fd_sc_hd__maj3_1)
   0.3853   10.9785 v fpu_exe_unit/FPUUnit/fpu/dfma/fma/_16018_/X (sky130_fd_sc_hd__maj3_1)
   0.3669   11.3454 v fpu_exe_unit/FPUUnit/fpu/dfma/fma/_16084_/X (sky130_fd_sc_hd__maj3_1)
   0.3753   11.7207 v fpu_exe_unit/FPUUnit/fpu/dfma/fma/_16150_/X (sky130_fd_sc_hd__maj3_1)
   0.3716   12.0924 v fpu_exe_unit/FPUUnit/fpu/dfma/fma/_16236_/X (sky130_fd_sc_hd__maj3_1)
   0.3656   12.4580 v fpu_exe_unit/FPUUnit/fpu/dfma/fma/_16331_/X (sky130_fd_sc_hd__maj3_1)
   0.3227   12.7806 ^ fpu_exe_unit/FPUUnit/fpu/dfma/fma/_16425_/Y (sky130_fd_sc_hd__o21ai_0)
   0.1187   12.8993 v fpu_exe_unit/FPUUnit/fpu/dfma/fma/_16955_/Y (sky130_fd_sc_hd__a211oi_1)
   0.3448   13.2441 ^ fpu_exe_unit/FPUUnit/fpu/dfma/fma/_16956_/Y (sky130_fd_sc_hd__o311ai_0)
   0.1911   13.4352 v fpu_exe_unit/FPUUnit/fpu/dfma/fma/_17093_/Y (sky130_fd_sc_hd__nand4_1)
   0.3235   13.7588 ^ fpu_exe_unit/FPUUnit/fpu/dfma/fma/_17388_/Y (sky130_fd_sc_hd__a211oi_1)
   0.1962   13.9550 v fpu_exe_unit/FPUUnit/fpu/dfma/fma/_17685_/Y (sky130_fd_sc_hd__o311ai_0)
   0.2651   14.2201 ^ fpu_exe_unit/FPUUnit/fpu/dfma/fma/_17989_/Y (sky130_fd_sc_hd__a211oi_1)
   0.1397   14.3598 v fpu_exe_unit/FPUUnit/fpu/dfma/fma/_18300_/Y (sky130_fd_sc_hd__o211ai_1)
   0.4212   14.7810 ^ fpu_exe_unit/FPUUnit/fpu/dfma/fma/_19021_/Y (sky130_fd_sc_hd__a2111oi_0)
   0.2639   15.0448 v fpu_exe_unit/FPUUnit/fpu/dfma/fma/_19832_/Y (sky130_fd_sc_hd__a2111oi_0)
   0.3827   15.4275 v fpu_exe_unit/FPUUnit/fpu/dfma/fma/_21839_/X (sky130_fd_sc_hd__o31a_1)
   0.3912   15.8187 ^ fpu_exe_unit/FPUUnit/fpu/dfma/fma/_22105_/Y (sky130_fd_sc_hd__o31ai_1)
   0.2506   16.0693 ^ fpu_exe_unit/FPUUnit/fpu/dfma/fma/_22629_/X (sky130_fd_sc_hd__a31o_2)
   0.1211   16.1903 v fpu_exe_unit/FPUUnit/fpu/dfma/fma/_23185_/Y (sky130_fd_sc_hd__a31oi_1)
   0.3854   16.5758 ^ fpu_exe_unit/FPUUnit/fpu/dfma/fma/_23741_/Y (sky130_fd_sc_hd__o21ai_0)
   0.1565   16.7322 v fpu_exe_unit/FPUUnit/fpu/dfma/fma/_25946_/Y (sky130_fd_sc_hd__nand4bb_1)
   0.5684   17.3006 ^ fpu_exe_unit/FPUUnit/fpu/dfma/fma/_26630_/Y (sky130_fd_sc_hd__a2111oi_0)
   0.2519   17.5525 v fpu_exe_unit/FPUUnit/fpu/dfma/fma/_28157_/Y (sky130_fd_sc_hd__o2111ai_1)
   0.3749   17.9274 v fpu_exe_unit/FPUUnit/fpu/dfma/fma/_29062_/X (sky130_fd_sc_hd__a221o_1)
   0.1542   18.0816 ^ fpu_exe_unit/FPUUnit/fpu/dfma/fma/_29326_/Y (sky130_fd_sc_hd__a21oi_1)
   0.1200   18.2016 v fpu_exe_unit/FPUUnit/fpu/dfma/fma/_29570_/Y (sky130_fd_sc_hd__o21ai_0)
   0.1323   18.3339 ^ fpu_exe_unit/FPUUnit/fpu/dfma/fma/_30179_/Y (sky130_fd_sc_hd__a21oi_1)
   0.1252   18.4591 v fpu_exe_unit/FPUUnit/fpu/dfma/fma/_30182_/Y (sky130_fd_sc_hd__o211ai_1)
   0.1733   18.6324 ^ fpu_exe_unit/FPUUnit/fpu/dfma/fma/_30488_/Y (sky130_fd_sc_hd__a21oi_1)
   0.1534   18.7858 v fpu_exe_unit/FPUUnit/fpu/dfma/fma/_30606_/Y (sky130_fd_sc_hd__o211ai_1)
   0.2803   19.0661 ^ fpu_exe_unit/FPUUnit/fpu/dfma/fma/_30700_/Y (sky130_fd_sc_hd__a211oi_1)
   0.2198   19.2859 ^ fpu_exe_unit/FPUUnit/fpu/dfma/fma/_30735_/X (sky130_fd_sc_hd__o21a_1)
   0.0626   19.3484 v fpu_exe_unit/FPUUnit/fpu/dfma/fma/_30740_/Y (sky130_fd_sc_hd__nor2_1)
   0.1550   19.5034 ^ fpu_exe_unit/FPUUnit/fpu/dfma/fma/_30770_/Y (sky130_fd_sc_hd__xnor2_1)
   0.0787   19.5821 v fpu_exe_unit/FPUUnit/fpu/dfma/fma/_30772_/Y (sky130_fd_sc_hd__a21oi_1)
   0.0035   19.5855 v fpu_exe_unit/FPUUnit/fpu/dfma/fma/_31135_/D (sky130_fd_sc_hd__dfxtp_1)
            19.5855   data arrival time

  20.0000   20.0000   clock clock (rise edge)
   0.0000   20.0000   clock network delay (ideal)
   0.0000   20.0000   clock reconvergence pessimism
            20.0000 ^ fpu_exe_unit/FPUUnit/fpu/dfma/fma/_31135_/CLK (sky130_fd_sc_hd__dfxtp_1)
  -0.1345   19.8655   library setup time
            19.8655   data required time
-------------------------------------------------------------
            19.8655   data required time
           -19.5855   data arrival time
-------------------------------------------------------------
             0.2799   slack (MET)


Startpoint: fpu_exe_unit/FPUUnit/fpu/dfma/_1310_
            (rising edge-triggered flip-flop clocked by clock)
Endpoint: fpu_exe_unit/FPUUnit/fpu/dfma/fma/_31129_
          (rising edge-triggered flip-flop clocked by clock)
Path Group: clock
Path Type: max

    Delay      Time   Description
-------------------------------------------------------------
   0.0000    0.0000   clock clock (rise edge)
   0.0000    0.0000   clock network delay (ideal)
   0.0000    0.0000 ^ fpu_exe_unit/FPUUnit/fpu/dfma/_1310_/CLK (sky130_fd_sc_hd__dfxtp_1)
   0.2995    0.2995 v fpu_exe_unit/FPUUnit/fpu/dfma/_1310_/Q (sky130_fd_sc_hd__dfxtp_1)
   0.1614    0.4609 v fpu_exe_unit/FPUUnit/fpu/dfma/fma/mulAddRecFNToRaw_preMul/_1092_/Y (sky130_fd_sc_hd__xnor2_1)
   0.3226    0.7835 ^ fpu_exe_unit/FPUUnit/fpu/dfma/fma/mulAddRecFNToRaw_preMul/_1094_/Y (sky130_fd_sc_hd__o21ai_0)
   0.1761    0.9596 v fpu_exe_unit/FPUUnit/fpu/dfma/fma/mulAddRecFNToRaw_preMul/_1097_/Y (sky130_fd_sc_hd__a31oi_1)
   0.4045    1.3640 v fpu_exe_unit/FPUUnit/fpu/dfma/fma/mulAddRecFNToRaw_preMul/_1098_/X (sky130_fd_sc_hd__maj3_1)
   0.3959    1.7600 v fpu_exe_unit/FPUUnit/fpu/dfma/fma/mulAddRecFNToRaw_preMul/_1099_/X (sky130_fd_sc_hd__maj3_1)
   0.3973    2.1573 v fpu_exe_unit/FPUUnit/fpu/dfma/fma/mulAddRecFNToRaw_preMul/_1100_/X (sky130_fd_sc_hd__maj3_1)
   0.4055    2.5628 v fpu_exe_unit/FPUUnit/fpu/dfma/fma/mulAddRecFNToRaw_preMul/_1101_/X (sky130_fd_sc_hd__maj3_1)
   0.3551    2.9179 v fpu_exe_unit/FPUUnit/fpu/dfma/fma/mulAddRecFNToRaw_preMul/_1121_/X (sky130_fd_sc_hd__maj3_1)
   0.2007    3.1186 v fpu_exe_unit/FPUUnit/fpu/dfma/fma/mulAddRecFNToRaw_preMul/_1122_/X (sky130_fd_sc_hd__xor2_1)
   0.1942    3.3128 ^ fpu_exe_unit/FPUUnit/fpu/dfma/fma/mulAddRecFNToRaw_preMul/_1152_/Y (sky130_fd_sc_hd__o221ai_1)
   0.1518    3.4647 v fpu_exe_unit/FPUUnit/fpu/dfma/fma/mulAddRecFNToRaw_preMul/_1158_/Y (sky130_fd_sc_hd__a32oi_1)
   0.4189    3.8835 v fpu_exe_unit/FPUUnit/fpu/dfma/fma/mulAddRecFNToRaw_preMul/_1159_/X (sky130_fd_sc_hd__maj3_1)
   0.2588    4.1424 v fpu_exe_unit/FPUUnit/fpu/dfma/fma/mulAddRecFNToRaw_preMul/_1177_/X (sky130_fd_sc_hd__o2111a_1)
   0.1835    4.3259 v fpu_exe_unit/FPUUnit/fpu/dfma/fma/mulAddRecFNToRaw_preMul/_1178_/X (sky130_fd_sc_hd__clkbuf_1)
   0.1411    4.4670 ^ fpu_exe_unit/FPUUnit/fpu/dfma/fma/mulAddRecFNToRaw_preMul/_1203_/Y (sky130_fd_sc_hd__nand4_1)
   0.3339    4.8008 ^ fpu_exe_unit/FPUUnit/fpu/dfma/fma/mulAddRecFNToRaw_preMul/_1204_/X (sky130_fd_sc_hd__lpflow_clkbufkapwr_1)
   0.3198    5.1206 ^ fpu_exe_unit/FPUUnit/fpu/dfma/fma/mulAddRecFNToRaw_preMul/_1307_/X (sky130_fd_sc_hd__buf_2)
   0.4406    5.5612 ^ fpu_exe_unit/FPUUnit/fpu/dfma/fma/mulAddRecFNToRaw_preMul/_1308_/X (sky130_fd_sc_hd__lpflow_clkbufkapwr_1)
   0.4049    5.9661 v fpu_exe_unit/FPUUnit/fpu/dfma/fma/mulAddRecFNToRaw_preMul/_1618_/X (sky130_fd_sc_hd__mux2_2)
   0.1693    6.1354 ^ fpu_exe_unit/FPUUnit/fpu/dfma/fma/mulAddRecFNToRaw_preMul/_1760_/Y (sky130_fd_sc_hd__mux2i_1)
   0.0586    6.1940 v fpu_exe_unit/FPUUnit/fpu/dfma/fma/mulAddRecFNToRaw_preMul/_1761_/Y (sky130_fd_sc_hd__nor2_1)
   0.1499    6.3440 ^ fpu_exe_unit/FPUUnit/fpu/dfma/fma/mulAddRecFNToRaw_preMul/_1762_/Y (sky130_fd_sc_hd__a21oi_1)
   0.1072    6.4511 v fpu_exe_unit/FPUUnit/fpu/dfma/fma/mulAddRecFNToRaw_preMul/_1763_/Y (sky130_fd_sc_hd__mux2i_1)
   0.2246    6.6758 ^ fpu_exe_unit/FPUUnit/fpu/dfma/fma/mulAddRecFNToRaw_preMul/_1764_/Y (sky130_fd_sc_hd__a21oi_1)
   0.0630    6.7388 v fpu_exe_unit/FPUUnit/fpu/dfma/fma/mulAddRecFNToRaw_preMul/_1765_/Y (sky130_fd_sc_hd__nor2_1)
   0.1979    6.9367 v fpu_exe_unit/FPUUnit/fpu/dfma/fma/mulAddRecFNToRaw_preMul/_1766_/X (sky130_fd_sc_hd__o22a_1)
   0.3822    7.3188 v fpu_exe_unit/FPUUnit/fpu/dfma/fma/_15656_/X (sky130_fd_sc_hd__xnor3_1)
   0.3964    7.7153 v fpu_exe_unit/FPUUnit/fpu/dfma/fma/_15669_/X (sky130_fd_sc_hd__maj3_1)
   0.3777    8.0930 v fpu_exe_unit/FPUUnit/fpu/dfma/fma/_15690_/X (sky130_fd_sc_hd__maj3_1)
   0.3929    8.4858 v fpu_exe_unit/FPUUnit/fpu/dfma/fma/_15718_/X (sky130_fd_sc_hd__maj3_1)
   0.3979    8.8837 v fpu_exe_unit/FPUUnit/fpu/dfma/fma/_15741_/X (sky130_fd_sc_hd__xor3_1)
   0.1695    9.0532 ^ fpu_exe_unit/FPUUnit/fpu/dfma/fma/_15751_/Y (sky130_fd_sc_hd__nor2_1)
   0.2943    9.3475 ^ fpu_exe_unit/FPUUnit/fpu/dfma/fma/_15789_/X (sky130_fd_sc_hd__xor3_1)
   0.1440    9.4915 v fpu_exe_unit/FPUUnit/fpu/dfma/fma/_15790_/Y (sky130_fd_sc_hd__nand4bb_1)
   0.3515    9.8430 v fpu_exe_unit/FPUUnit/fpu/dfma/fma/_15837_/X (sky130_fd_sc_hd__or2_2)
   0.3724   10.2154 v fpu_exe_unit/FPUUnit/fpu/dfma/fma/_15891_/X (sky130_fd_sc_hd__maj3_1)
   0.3778   10.5932 v fpu_exe_unit/FPUUnit/fpu/dfma/fma/_15946_/X (sky130_fd_sc_hd__maj3_1)
   0.3853   10.9785 v fpu_exe_unit/FPUUnit/fpu/dfma/fma/_16018_/X (sky130_fd_sc_hd__maj3_1)
   0.3669   11.3454 v fpu_exe_unit/FPUUnit/fpu/dfma/fma/_16084_/X (sky130_fd_sc_hd__maj3_1)
   0.3753   11.7207 v fpu_exe_unit/FPUUnit/fpu/dfma/fma/_16150_/X (sky130_fd_sc_hd__maj3_1)
   0.3716   12.0924 v fpu_exe_unit/FPUUnit/fpu/dfma/fma/_16236_/X (sky130_fd_sc_hd__maj3_1)
   0.3656   12.4580 v fpu_exe_unit/FPUUnit/fpu/dfma/fma/_16331_/X (sky130_fd_sc_hd__maj3_1)
   0.3227   12.7806 ^ fpu_exe_unit/FPUUnit/fpu/dfma/fma/_16425_/Y (sky130_fd_sc_hd__o21ai_0)
   0.1187   12.8993 v fpu_exe_unit/FPUUnit/fpu/dfma/fma/_16955_/Y (sky130_fd_sc_hd__a211oi_1)
   0.3448   13.2441 ^ fpu_exe_unit/FPUUnit/fpu/dfma/fma/_16956_/Y (sky130_fd_sc_hd__o311ai_0)
   0.1911   13.4352 v fpu_exe_unit/FPUUnit/fpu/dfma/fma/_17093_/Y (sky130_fd_sc_hd__nand4_1)
   0.3235   13.7588 ^ fpu_exe_unit/FPUUnit/fpu/dfma/fma/_17388_/Y (sky130_fd_sc_hd__a211oi_1)
   0.1962   13.9550 v fpu_exe_unit/FPUUnit/fpu/dfma/fma/_17685_/Y (sky130_fd_sc_hd__o311ai_0)
   0.2651   14.2201 ^ fpu_exe_unit/FPUUnit/fpu/dfma/fma/_17989_/Y (sky130_fd_sc_hd__a211oi_1)
   0.1397   14.3598 v fpu_exe_unit/FPUUnit/fpu/dfma/fma/_18300_/Y (sky130_fd_sc_hd__o211ai_1)
   0.4212   14.7810 ^ fpu_exe_unit/FPUUnit/fpu/dfma/fma/_19021_/Y (sky130_fd_sc_hd__a2111oi_0)
   0.2639   15.0448 v fpu_exe_unit/FPUUnit/fpu/dfma/fma/_19832_/Y (sky130_fd_sc_hd__a2111oi_0)
   0.3827   15.4275 v fpu_exe_unit/FPUUnit/fpu/dfma/fma/_21839_/X (sky130_fd_sc_hd__o31a_1)
   0.3912   15.8187 ^ fpu_exe_unit/FPUUnit/fpu/dfma/fma/_22105_/Y (sky130_fd_sc_hd__o31ai_1)
   0.2506   16.0693 ^ fpu_exe_unit/FPUUnit/fpu/dfma/fma/_22629_/X (sky130_fd_sc_hd__a31o_2)
   0.1211   16.1903 v fpu_exe_unit/FPUUnit/fpu/dfma/fma/_23185_/Y (sky130_fd_sc_hd__a31oi_1)
   0.3854   16.5758 ^ fpu_exe_unit/FPUUnit/fpu/dfma/fma/_23741_/Y (sky130_fd_sc_hd__o21ai_0)
   0.1565   16.7322 v fpu_exe_unit/FPUUnit/fpu/dfma/fma/_25946_/Y (sky130_fd_sc_hd__nand4bb_1)
   0.5684   17.3006 ^ fpu_exe_unit/FPUUnit/fpu/dfma/fma/_26630_/Y (sky130_fd_sc_hd__a2111oi_0)
   0.2519   17.5525 v fpu_exe_unit/FPUUnit/fpu/dfma/fma/_28157_/Y (sky130_fd_sc_hd__o2111ai_1)
   0.3749   17.9274 v fpu_exe_unit/FPUUnit/fpu/dfma/fma/_29062_/X (sky130_fd_sc_hd__a221o_1)
   0.1542   18.0816 ^ fpu_exe_unit/FPUUnit/fpu/dfma/fma/_29326_/Y (sky130_fd_sc_hd__a21oi_1)
   0.1200   18.2016 v fpu_exe_unit/FPUUnit/fpu/dfma/fma/_29570_/Y (sky130_fd_sc_hd__o21ai_0)
   0.1713   18.3728 v fpu_exe_unit/FPUUnit/fpu/dfma/fma/_29573_/X (sky130_fd_sc_hd__lpflow_inputiso0n_1)
   0.2889   18.6617 ^ fpu_exe_unit/FPUUnit/fpu/dfma/fma/_29798_/Y (sky130_fd_sc_hd__o21ai_0)
   0.2091   18.8708 ^ fpu_exe_unit/FPUUnit/fpu/dfma/fma/_29999_/X (sky130_fd_sc_hd__lpflow_inputiso0n_1)
   0.0660   18.9368 v fpu_exe_unit/FPUUnit/fpu/dfma/fma/_30351_/Y (sky130_fd_sc_hd__a21oi_1)
   0.2504   19.1872 ^ fpu_exe_unit/FPUUnit/fpu/dfma/fma/_30354_/Y (sky130_fd_sc_hd__o21ai_0)
   0.1213   19.3085 v fpu_exe_unit/FPUUnit/fpu/dfma/fma/_30422_/Y (sky130_fd_sc_hd__a21oi_1)
   0.1692   19.4778 ^ fpu_exe_unit/FPUUnit/fpu/dfma/fma/_30483_/Y (sky130_fd_sc_hd__xnor2_1)
   0.0787   19.5564 v fpu_exe_unit/FPUUnit/fpu/dfma/fma/_30485_/Y (sky130_fd_sc_hd__a21oi_1)
   0.0035   19.5599 v fpu_exe_unit/FPUUnit/fpu/dfma/fma/_31129_/D (sky130_fd_sc_hd__dfxtp_1)
            19.5599   data arrival time

  20.0000   20.0000   clock clock (rise edge)
   0.0000   20.0000   clock network delay (ideal)
   0.0000   20.0000   clock reconvergence pessimism
            20.0000 ^ fpu_exe_unit/FPUUnit/fpu/dfma/fma/_31129_/CLK (sky130_fd_sc_hd__dfxtp_1)
  -0.1345   19.8655   library setup time
            19.8655   data required time
-------------------------------------------------------------
            19.8655   data required time
           -19.5599   data arrival time
-------------------------------------------------------------
             0.3056   slack (MET)


Startpoint: fpu_exe_unit/FPUUnit/fpu/dfma/_1310_
            (rising edge-triggered flip-flop clocked by clock)
Endpoint: fpu_exe_unit/FPUUnit/fpu/dfma/fma/_31128_
          (rising edge-triggered flip-flop clocked by clock)
Path Group: clock
Path Type: max

    Delay      Time   Description
-------------------------------------------------------------
   0.0000    0.0000   clock clock (rise edge)
   0.0000    0.0000   clock network delay (ideal)
   0.0000    0.0000 ^ fpu_exe_unit/FPUUnit/fpu/dfma/_1310_/CLK (sky130_fd_sc_hd__dfxtp_1)
   0.2995    0.2995 v fpu_exe_unit/FPUUnit/fpu/dfma/_1310_/Q (sky130_fd_sc_hd__dfxtp_1)
   0.1614    0.4609 v fpu_exe_unit/FPUUnit/fpu/dfma/fma/mulAddRecFNToRaw_preMul/_1092_/Y (sky130_fd_sc_hd__xnor2_1)
   0.3226    0.7835 ^ fpu_exe_unit/FPUUnit/fpu/dfma/fma/mulAddRecFNToRaw_preMul/_1094_/Y (sky130_fd_sc_hd__o21ai_0)
   0.1761    0.9596 v fpu_exe_unit/FPUUnit/fpu/dfma/fma/mulAddRecFNToRaw_preMul/_1097_/Y (sky130_fd_sc_hd__a31oi_1)
   0.4045    1.3640 v fpu_exe_unit/FPUUnit/fpu/dfma/fma/mulAddRecFNToRaw_preMul/_1098_/X (sky130_fd_sc_hd__maj3_1)
   0.3959    1.7600 v fpu_exe_unit/FPUUnit/fpu/dfma/fma/mulAddRecFNToRaw_preMul/_1099_/X (sky130_fd_sc_hd__maj3_1)
   0.3973    2.1573 v fpu_exe_unit/FPUUnit/fpu/dfma/fma/mulAddRecFNToRaw_preMul/_1100_/X (sky130_fd_sc_hd__maj3_1)
   0.4055    2.5628 v fpu_exe_unit/FPUUnit/fpu/dfma/fma/mulAddRecFNToRaw_preMul/_1101_/X (sky130_fd_sc_hd__maj3_1)
   0.3551    2.9179 v fpu_exe_unit/FPUUnit/fpu/dfma/fma/mulAddRecFNToRaw_preMul/_1121_/X (sky130_fd_sc_hd__maj3_1)
   0.2007    3.1186 v fpu_exe_unit/FPUUnit/fpu/dfma/fma/mulAddRecFNToRaw_preMul/_1122_/X (sky130_fd_sc_hd__xor2_1)
   0.1942    3.3128 ^ fpu_exe_unit/FPUUnit/fpu/dfma/fma/mulAddRecFNToRaw_preMul/_1152_/Y (sky130_fd_sc_hd__o221ai_1)
   0.1518    3.4647 v fpu_exe_unit/FPUUnit/fpu/dfma/fma/mulAddRecFNToRaw_preMul/_1158_/Y (sky130_fd_sc_hd__a32oi_1)
   0.4189    3.8835 v fpu_exe_unit/FPUUnit/fpu/dfma/fma/mulAddRecFNToRaw_preMul/_1159_/X (sky130_fd_sc_hd__maj3_1)
   0.2588    4.1424 v fpu_exe_unit/FPUUnit/fpu/dfma/fma/mulAddRecFNToRaw_preMul/_1177_/X (sky130_fd_sc_hd__o2111a_1)
   0.1835    4.3259 v fpu_exe_unit/FPUUnit/fpu/dfma/fma/mulAddRecFNToRaw_preMul/_1178_/X (sky130_fd_sc_hd__clkbuf_1)
   0.1411    4.4670 ^ fpu_exe_unit/FPUUnit/fpu/dfma/fma/mulAddRecFNToRaw_preMul/_1203_/Y (sky130_fd_sc_hd__nand4_1)
   0.3339    4.8008 ^ fpu_exe_unit/FPUUnit/fpu/dfma/fma/mulAddRecFNToRaw_preMul/_1204_/X (sky130_fd_sc_hd__lpflow_clkbufkapwr_1)
   0.3198    5.1206 ^ fpu_exe_unit/FPUUnit/fpu/dfma/fma/mulAddRecFNToRaw_preMul/_1307_/X (sky130_fd_sc_hd__buf_2)
   0.4406    5.5612 ^ fpu_exe_unit/FPUUnit/fpu/dfma/fma/mulAddRecFNToRaw_preMul/_1308_/X (sky130_fd_sc_hd__lpflow_clkbufkapwr_1)
   0.4049    5.9661 v fpu_exe_unit/FPUUnit/fpu/dfma/fma/mulAddRecFNToRaw_preMul/_1618_/X (sky130_fd_sc_hd__mux2_2)
   0.1693    6.1354 ^ fpu_exe_unit/FPUUnit/fpu/dfma/fma/mulAddRecFNToRaw_preMul/_1760_/Y (sky130_fd_sc_hd__mux2i_1)
   0.0586    6.1940 v fpu_exe_unit/FPUUnit/fpu/dfma/fma/mulAddRecFNToRaw_preMul/_1761_/Y (sky130_fd_sc_hd__nor2_1)
   0.1499    6.3440 ^ fpu_exe_unit/FPUUnit/fpu/dfma/fma/mulAddRecFNToRaw_preMul/_1762_/Y (sky130_fd_sc_hd__a21oi_1)
   0.1072    6.4511 v fpu_exe_unit/FPUUnit/fpu/dfma/fma/mulAddRecFNToRaw_preMul/_1763_/Y (sky130_fd_sc_hd__mux2i_1)
   0.2246    6.6758 ^ fpu_exe_unit/FPUUnit/fpu/dfma/fma/mulAddRecFNToRaw_preMul/_1764_/Y (sky130_fd_sc_hd__a21oi_1)
   0.0630    6.7388 v fpu_exe_unit/FPUUnit/fpu/dfma/fma/mulAddRecFNToRaw_preMul/_1765_/Y (sky130_fd_sc_hd__nor2_1)
   0.1979    6.9367 v fpu_exe_unit/FPUUnit/fpu/dfma/fma/mulAddRecFNToRaw_preMul/_1766_/X (sky130_fd_sc_hd__o22a_1)
   0.3822    7.3188 v fpu_exe_unit/FPUUnit/fpu/dfma/fma/_15656_/X (sky130_fd_sc_hd__xnor3_1)
   0.3964    7.7153 v fpu_exe_unit/FPUUnit/fpu/dfma/fma/_15669_/X (sky130_fd_sc_hd__maj3_1)
   0.3777    8.0930 v fpu_exe_unit/FPUUnit/fpu/dfma/fma/_15690_/X (sky130_fd_sc_hd__maj3_1)
   0.3929    8.4858 v fpu_exe_unit/FPUUnit/fpu/dfma/fma/_15718_/X (sky130_fd_sc_hd__maj3_1)
   0.3979    8.8837 v fpu_exe_unit/FPUUnit/fpu/dfma/fma/_15741_/X (sky130_fd_sc_hd__xor3_1)
   0.1695    9.0532 ^ fpu_exe_unit/FPUUnit/fpu/dfma/fma/_15751_/Y (sky130_fd_sc_hd__nor2_1)
   0.2943    9.3475 ^ fpu_exe_unit/FPUUnit/fpu/dfma/fma/_15789_/X (sky130_fd_sc_hd__xor3_1)
   0.1440    9.4915 v fpu_exe_unit/FPUUnit/fpu/dfma/fma/_15790_/Y (sky130_fd_sc_hd__nand4bb_1)
   0.3515    9.8430 v fpu_exe_unit/FPUUnit/fpu/dfma/fma/_15837_/X (sky130_fd_sc_hd__or2_2)
   0.3724   10.2154 v fpu_exe_unit/FPUUnit/fpu/dfma/fma/_15891_/X (sky130_fd_sc_hd__maj3_1)
   0.3778   10.5932 v fpu_exe_unit/FPUUnit/fpu/dfma/fma/_15946_/X (sky130_fd_sc_hd__maj3_1)
   0.3853   10.9785 v fpu_exe_unit/FPUUnit/fpu/dfma/fma/_16018_/X (sky130_fd_sc_hd__maj3_1)
   0.3669   11.3454 v fpu_exe_unit/FPUUnit/fpu/dfma/fma/_16084_/X (sky130_fd_sc_hd__maj3_1)
   0.3753   11.7207 v fpu_exe_unit/FPUUnit/fpu/dfma/fma/_16150_/X (sky130_fd_sc_hd__maj3_1)
   0.3716   12.0924 v fpu_exe_unit/FPUUnit/fpu/dfma/fma/_16236_/X (sky130_fd_sc_hd__maj3_1)
   0.3656   12.4580 v fpu_exe_unit/FPUUnit/fpu/dfma/fma/_16331_/X (sky130_fd_sc_hd__maj3_1)
   0.3227   12.7806 ^ fpu_exe_unit/FPUUnit/fpu/dfma/fma/_16425_/Y (sky130_fd_sc_hd__o21ai_0)
   0.1187   12.8993 v fpu_exe_unit/FPUUnit/fpu/dfma/fma/_16955_/Y (sky130_fd_sc_hd__a211oi_1)
   0.3448   13.2441 ^ fpu_exe_unit/FPUUnit/fpu/dfma/fma/_16956_/Y (sky130_fd_sc_hd__o311ai_0)
   0.1911   13.4352 v fpu_exe_unit/FPUUnit/fpu/dfma/fma/_17093_/Y (sky130_fd_sc_hd__nand4_1)
   0.3235   13.7588 ^ fpu_exe_unit/FPUUnit/fpu/dfma/fma/_17388_/Y (sky130_fd_sc_hd__a211oi_1)
   0.1962   13.9550 v fpu_exe_unit/FPUUnit/fpu/dfma/fma/_17685_/Y (sky130_fd_sc_hd__o311ai_0)
   0.2651   14.2201 ^ fpu_exe_unit/FPUUnit/fpu/dfma/fma/_17989_/Y (sky130_fd_sc_hd__a211oi_1)
   0.1397   14.3598 v fpu_exe_unit/FPUUnit/fpu/dfma/fma/_18300_/Y (sky130_fd_sc_hd__o211ai_1)
   0.4212   14.7810 ^ fpu_exe_unit/FPUUnit/fpu/dfma/fma/_19021_/Y (sky130_fd_sc_hd__a2111oi_0)
   0.2639   15.0448 v fpu_exe_unit/FPUUnit/fpu/dfma/fma/_19832_/Y (sky130_fd_sc_hd__a2111oi_0)
   0.3827   15.4275 v fpu_exe_unit/FPUUnit/fpu/dfma/fma/_21839_/X (sky130_fd_sc_hd__o31a_1)
   0.3912   15.8187 ^ fpu_exe_unit/FPUUnit/fpu/dfma/fma/_22105_/Y (sky130_fd_sc_hd__o31ai_1)
   0.2506   16.0693 ^ fpu_exe_unit/FPUUnit/fpu/dfma/fma/_22629_/X (sky130_fd_sc_hd__a31o_2)
   0.1211   16.1903 v fpu_exe_unit/FPUUnit/fpu/dfma/fma/_23185_/Y (sky130_fd_sc_hd__a31oi_1)
   0.3854   16.5758 ^ fpu_exe_unit/FPUUnit/fpu/dfma/fma/_23741_/Y (sky130_fd_sc_hd__o21ai_0)
   0.1565   16.7322 v fpu_exe_unit/FPUUnit/fpu/dfma/fma/_25946_/Y (sky130_fd_sc_hd__nand4bb_1)
   0.5684   17.3006 ^ fpu_exe_unit/FPUUnit/fpu/dfma/fma/_26630_/Y (sky130_fd_sc_hd__a2111oi_0)
   0.2519   17.5525 v fpu_exe_unit/FPUUnit/fpu/dfma/fma/_28157_/Y (sky130_fd_sc_hd__o2111ai_1)
   0.3749   17.9274 v fpu_exe_unit/FPUUnit/fpu/dfma/fma/_29062_/X (sky130_fd_sc_hd__a221o_1)
   0.1542   18.0816 ^ fpu_exe_unit/FPUUnit/fpu/dfma/fma/_29326_/Y (sky130_fd_sc_hd__a21oi_1)
   0.1200   18.2016 v fpu_exe_unit/FPUUnit/fpu/dfma/fma/_29570_/Y (sky130_fd_sc_hd__o21ai_0)
   0.1713   18.3728 v fpu_exe_unit/FPUUnit/fpu/dfma/fma/_29573_/X (sky130_fd_sc_hd__lpflow_inputiso0n_1)
   0.2889   18.6617 ^ fpu_exe_unit/FPUUnit/fpu/dfma/fma/_29798_/Y (sky130_fd_sc_hd__o21ai_0)
   0.2091   18.8708 ^ fpu_exe_unit/FPUUnit/fpu/dfma/fma/_29999_/X (sky130_fd_sc_hd__lpflow_inputiso0n_1)
   0.0660   18.9368 v fpu_exe_unit/FPUUnit/fpu/dfma/fma/_30351_/Y (sky130_fd_sc_hd__a21oi_1)
   0.2504   19.1872 ^ fpu_exe_unit/FPUUnit/fpu/dfma/fma/_30354_/Y (sky130_fd_sc_hd__o21ai_0)
   0.1555   19.3427 ^ fpu_exe_unit/FPUUnit/fpu/dfma/fma/_30419_/Y (sky130_fd_sc_hd__xnor2_1)
   0.0787   19.4214 v fpu_exe_unit/FPUUnit/fpu/dfma/fma/_30421_/Y (sky130_fd_sc_hd__a21oi_1)
   0.0035   19.4248 v fpu_exe_unit/FPUUnit/fpu/dfma/fma/_31128_/D (sky130_fd_sc_hd__dfxtp_1)
            19.4248   data arrival time

  20.0000   20.0000   clock clock (rise edge)
   0.0000   20.0000   clock network delay (ideal)
   0.0000   20.0000   clock reconvergence pessimism
            20.0000 ^ fpu_exe_unit/FPUUnit/fpu/dfma/fma/_31128_/CLK (sky130_fd_sc_hd__dfxtp_1)
  -0.1345   19.8655   library setup time
            19.8655   data required time
-------------------------------------------------------------
            19.8655   data required time
           -19.4248   data arrival time
-------------------------------------------------------------
             0.4407   slack (MET)


Startpoint: fpu_exe_unit/FPUUnit/fpu/dfma/_1310_
            (rising edge-triggered flip-flop clocked by clock)
Endpoint: fpu_exe_unit/FPUUnit/fpu/dfma/fma/_31134_
          (rising edge-triggered flip-flop clocked by clock)
Path Group: clock
Path Type: max

    Delay      Time   Description
-------------------------------------------------------------
   0.0000    0.0000   clock clock (rise edge)
   0.0000    0.0000   clock network delay (ideal)
   0.0000    0.0000 ^ fpu_exe_unit/FPUUnit/fpu/dfma/_1310_/CLK (sky130_fd_sc_hd__dfxtp_1)
   0.2995    0.2995 v fpu_exe_unit/FPUUnit/fpu/dfma/_1310_/Q (sky130_fd_sc_hd__dfxtp_1)
   0.1614    0.4609 v fpu_exe_unit/FPUUnit/fpu/dfma/fma/mulAddRecFNToRaw_preMul/_1092_/Y (sky130_fd_sc_hd__xnor2_1)
   0.3226    0.7835 ^ fpu_exe_unit/FPUUnit/fpu/dfma/fma/mulAddRecFNToRaw_preMul/_1094_/Y (sky130_fd_sc_hd__o21ai_0)
   0.1761    0.9596 v fpu_exe_unit/FPUUnit/fpu/dfma/fma/mulAddRecFNToRaw_preMul/_1097_/Y (sky130_fd_sc_hd__a31oi_1)
   0.4045    1.3640 v fpu_exe_unit/FPUUnit/fpu/dfma/fma/mulAddRecFNToRaw_preMul/_1098_/X (sky130_fd_sc_hd__maj3_1)
   0.3959    1.7600 v fpu_exe_unit/FPUUnit/fpu/dfma/fma/mulAddRecFNToRaw_preMul/_1099_/X (sky130_fd_sc_hd__maj3_1)
   0.3973    2.1573 v fpu_exe_unit/FPUUnit/fpu/dfma/fma/mulAddRecFNToRaw_preMul/_1100_/X (sky130_fd_sc_hd__maj3_1)
   0.4055    2.5628 v fpu_exe_unit/FPUUnit/fpu/dfma/fma/mulAddRecFNToRaw_preMul/_1101_/X (sky130_fd_sc_hd__maj3_1)
   0.3551    2.9179 v fpu_exe_unit/FPUUnit/fpu/dfma/fma/mulAddRecFNToRaw_preMul/_1121_/X (sky130_fd_sc_hd__maj3_1)
   0.2007    3.1186 v fpu_exe_unit/FPUUnit/fpu/dfma/fma/mulAddRecFNToRaw_preMul/_1122_/X (sky130_fd_sc_hd__xor2_1)
   0.1942    3.3128 ^ fpu_exe_unit/FPUUnit/fpu/dfma/fma/mulAddRecFNToRaw_preMul/_1152_/Y (sky130_fd_sc_hd__o221ai_1)
   0.1518    3.4647 v fpu_exe_unit/FPUUnit/fpu/dfma/fma/mulAddRecFNToRaw_preMul/_1158_/Y (sky130_fd_sc_hd__a32oi_1)
   0.4189    3.8835 v fpu_exe_unit/FPUUnit/fpu/dfma/fma/mulAddRecFNToRaw_preMul/_1159_/X (sky130_fd_sc_hd__maj3_1)
   0.2588    4.1424 v fpu_exe_unit/FPUUnit/fpu/dfma/fma/mulAddRecFNToRaw_preMul/_1177_/X (sky130_fd_sc_hd__o2111a_1)
   0.1835    4.3259 v fpu_exe_unit/FPUUnit/fpu/dfma/fma/mulAddRecFNToRaw_preMul/_1178_/X (sky130_fd_sc_hd__clkbuf_1)
   0.1411    4.4670 ^ fpu_exe_unit/FPUUnit/fpu/dfma/fma/mulAddRecFNToRaw_preMul/_1203_/Y (sky130_fd_sc_hd__nand4_1)
   0.3339    4.8008 ^ fpu_exe_unit/FPUUnit/fpu/dfma/fma/mulAddRecFNToRaw_preMul/_1204_/X (sky130_fd_sc_hd__lpflow_clkbufkapwr_1)
   0.3198    5.1206 ^ fpu_exe_unit/FPUUnit/fpu/dfma/fma/mulAddRecFNToRaw_preMul/_1307_/X (sky130_fd_sc_hd__buf_2)
   0.4406    5.5612 ^ fpu_exe_unit/FPUUnit/fpu/dfma/fma/mulAddRecFNToRaw_preMul/_1308_/X (sky130_fd_sc_hd__lpflow_clkbufkapwr_1)
   0.4049    5.9661 v fpu_exe_unit/FPUUnit/fpu/dfma/fma/mulAddRecFNToRaw_preMul/_1618_/X (sky130_fd_sc_hd__mux2_2)
   0.1693    6.1354 ^ fpu_exe_unit/FPUUnit/fpu/dfma/fma/mulAddRecFNToRaw_preMul/_1760_/Y (sky130_fd_sc_hd__mux2i_1)
   0.0586    6.1940 v fpu_exe_unit/FPUUnit/fpu/dfma/fma/mulAddRecFNToRaw_preMul/_1761_/Y (sky130_fd_sc_hd__nor2_1)
   0.1499    6.3440 ^ fpu_exe_unit/FPUUnit/fpu/dfma/fma/mulAddRecFNToRaw_preMul/_1762_/Y (sky130_fd_sc_hd__a21oi_1)
   0.1072    6.4511 v fpu_exe_unit/FPUUnit/fpu/dfma/fma/mulAddRecFNToRaw_preMul/_1763_/Y (sky130_fd_sc_hd__mux2i_1)
   0.2246    6.6758 ^ fpu_exe_unit/FPUUnit/fpu/dfma/fma/mulAddRecFNToRaw_preMul/_1764_/Y (sky130_fd_sc_hd__a21oi_1)
   0.0630    6.7388 v fpu_exe_unit/FPUUnit/fpu/dfma/fma/mulAddRecFNToRaw_preMul/_1765_/Y (sky130_fd_sc_hd__nor2_1)
   0.1979    6.9367 v fpu_exe_unit/FPUUnit/fpu/dfma/fma/mulAddRecFNToRaw_preMul/_1766_/X (sky130_fd_sc_hd__o22a_1)
   0.3822    7.3188 v fpu_exe_unit/FPUUnit/fpu/dfma/fma/_15656_/X (sky130_fd_sc_hd__xnor3_1)
   0.3964    7.7153 v fpu_exe_unit/FPUUnit/fpu/dfma/fma/_15669_/X (sky130_fd_sc_hd__maj3_1)
   0.3777    8.0930 v fpu_exe_unit/FPUUnit/fpu/dfma/fma/_15690_/X (sky130_fd_sc_hd__maj3_1)
   0.3929    8.4858 v fpu_exe_unit/FPUUnit/fpu/dfma/fma/_15718_/X (sky130_fd_sc_hd__maj3_1)
   0.3979    8.8837 v fpu_exe_unit/FPUUnit/fpu/dfma/fma/_15741_/X (sky130_fd_sc_hd__xor3_1)
   0.1695    9.0532 ^ fpu_exe_unit/FPUUnit/fpu/dfma/fma/_15751_/Y (sky130_fd_sc_hd__nor2_1)
   0.2943    9.3475 ^ fpu_exe_unit/FPUUnit/fpu/dfma/fma/_15789_/X (sky130_fd_sc_hd__xor3_1)
   0.1440    9.4915 v fpu_exe_unit/FPUUnit/fpu/dfma/fma/_15790_/Y (sky130_fd_sc_hd__nand4bb_1)
   0.3515    9.8430 v fpu_exe_unit/FPUUnit/fpu/dfma/fma/_15837_/X (sky130_fd_sc_hd__or2_2)
   0.3724   10.2154 v fpu_exe_unit/FPUUnit/fpu/dfma/fma/_15891_/X (sky130_fd_sc_hd__maj3_1)
   0.3778   10.5932 v fpu_exe_unit/FPUUnit/fpu/dfma/fma/_15946_/X (sky130_fd_sc_hd__maj3_1)
   0.3853   10.9785 v fpu_exe_unit/FPUUnit/fpu/dfma/fma/_16018_/X (sky130_fd_sc_hd__maj3_1)
   0.3669   11.3454 v fpu_exe_unit/FPUUnit/fpu/dfma/fma/_16084_/X (sky130_fd_sc_hd__maj3_1)
   0.3753   11.7207 v fpu_exe_unit/FPUUnit/fpu/dfma/fma/_16150_/X (sky130_fd_sc_hd__maj3_1)
   0.3716   12.0924 v fpu_exe_unit/FPUUnit/fpu/dfma/fma/_16236_/X (sky130_fd_sc_hd__maj3_1)
   0.3656   12.4580 v fpu_exe_unit/FPUUnit/fpu/dfma/fma/_16331_/X (sky130_fd_sc_hd__maj3_1)
   0.3227   12.7806 ^ fpu_exe_unit/FPUUnit/fpu/dfma/fma/_16425_/Y (sky130_fd_sc_hd__o21ai_0)
   0.1187   12.8993 v fpu_exe_unit/FPUUnit/fpu/dfma/fma/_16955_/Y (sky130_fd_sc_hd__a211oi_1)
   0.3448   13.2441 ^ fpu_exe_unit/FPUUnit/fpu/dfma/fma/_16956_/Y (sky130_fd_sc_hd__o311ai_0)
   0.1911   13.4352 v fpu_exe_unit/FPUUnit/fpu/dfma/fma/_17093_/Y (sky130_fd_sc_hd__nand4_1)
   0.3235   13.7588 ^ fpu_exe_unit/FPUUnit/fpu/dfma/fma/_17388_/Y (sky130_fd_sc_hd__a211oi_1)
   0.1962   13.9550 v fpu_exe_unit/FPUUnit/fpu/dfma/fma/_17685_/Y (sky130_fd_sc_hd__o311ai_0)
   0.2651   14.2201 ^ fpu_exe_unit/FPUUnit/fpu/dfma/fma/_17989_/Y (sky130_fd_sc_hd__a211oi_1)
   0.1397   14.3598 v fpu_exe_unit/FPUUnit/fpu/dfma/fma/_18300_/Y (sky130_fd_sc_hd__o211ai_1)
   0.4212   14.7810 ^ fpu_exe_unit/FPUUnit/fpu/dfma/fma/_19021_/Y (sky130_fd_sc_hd__a2111oi_0)
   0.2639   15.0448 v fpu_exe_unit/FPUUnit/fpu/dfma/fma/_19832_/Y (sky130_fd_sc_hd__a2111oi_0)
   0.3827   15.4275 v fpu_exe_unit/FPUUnit/fpu/dfma/fma/_21839_/X (sky130_fd_sc_hd__o31a_1)
   0.3912   15.8187 ^ fpu_exe_unit/FPUUnit/fpu/dfma/fma/_22105_/Y (sky130_fd_sc_hd__o31ai_1)
   0.2506   16.0693 ^ fpu_exe_unit/FPUUnit/fpu/dfma/fma/_22629_/X (sky130_fd_sc_hd__a31o_2)
   0.1211   16.1903 v fpu_exe_unit/FPUUnit/fpu/dfma/fma/_23185_/Y (sky130_fd_sc_hd__a31oi_1)
   0.3854   16.5758 ^ fpu_exe_unit/FPUUnit/fpu/dfma/fma/_23741_/Y (sky130_fd_sc_hd__o21ai_0)
   0.1565   16.7322 v fpu_exe_unit/FPUUnit/fpu/dfma/fma/_25946_/Y (sky130_fd_sc_hd__nand4bb_1)
   0.5684   17.3006 ^ fpu_exe_unit/FPUUnit/fpu/dfma/fma/_26630_/Y (sky130_fd_sc_hd__a2111oi_0)
   0.2519   17.5525 v fpu_exe_unit/FPUUnit/fpu/dfma/fma/_28157_/Y (sky130_fd_sc_hd__o2111ai_1)
   0.3749   17.9274 v fpu_exe_unit/FPUUnit/fpu/dfma/fma/_29062_/X (sky130_fd_sc_hd__a221o_1)
   0.1542   18.0816 ^ fpu_exe_unit/FPUUnit/fpu/dfma/fma/_29326_/Y (sky130_fd_sc_hd__a21oi_1)
   0.1200   18.2016 v fpu_exe_unit/FPUUnit/fpu/dfma/fma/_29570_/Y (sky130_fd_sc_hd__o21ai_0)
   0.1323   18.3339 ^ fpu_exe_unit/FPUUnit/fpu/dfma/fma/_30179_/Y (sky130_fd_sc_hd__a21oi_1)
   0.1252   18.4591 v fpu_exe_unit/FPUUnit/fpu/dfma/fma/_30182_/Y (sky130_fd_sc_hd__o211ai_1)
   0.1733   18.6324 ^ fpu_exe_unit/FPUUnit/fpu/dfma/fma/_30488_/Y (sky130_fd_sc_hd__a21oi_1)
   0.1534   18.7858 v fpu_exe_unit/FPUUnit/fpu/dfma/fma/_30606_/Y (sky130_fd_sc_hd__o211ai_1)
   0.2803   19.0661 ^ fpu_exe_unit/FPUUnit/fpu/dfma/fma/_30700_/Y (sky130_fd_sc_hd__a211oi_1)
   0.2198   19.2859 ^ fpu_exe_unit/FPUUnit/fpu/dfma/fma/_30735_/X (sky130_fd_sc_hd__o21a_1)
   0.0827   19.3686 v fpu_exe_unit/FPUUnit/fpu/dfma/fma/_30738_/Y (sky130_fd_sc_hd__o31ai_1)
   0.0035   19.3721 v fpu_exe_unit/FPUUnit/fpu/dfma/fma/_31134_/D (sky130_fd_sc_hd__dfxtp_1)
            19.3721   data arrival time

  20.0000   20.0000   clock clock (rise edge)
   0.0000   20.0000   clock network delay (ideal)
   0.0000   20.0000   clock reconvergence pessimism
            20.0000 ^ fpu_exe_unit/FPUUnit/fpu/dfma/fma/_31134_/CLK (sky130_fd_sc_hd__dfxtp_1)
  -0.1323   19.8677   library setup time
            19.8677   data required time
-------------------------------------------------------------
            19.8677   data required time
           -19.3721   data arrival time
-------------------------------------------------------------
             0.4956   slack (MET)


Startpoint: fpu_exe_unit/FPUUnit/fpu/dfma/_1310_
            (rising edge-triggered flip-flop clocked by clock)
Endpoint: fpu_exe_unit/FPUUnit/fpu/dfma/fma/_31133_
          (rising edge-triggered flip-flop clocked by clock)
Path Group: clock
Path Type: max

    Delay      Time   Description
-------------------------------------------------------------
   0.0000    0.0000   clock clock (rise edge)
   0.0000    0.0000   clock network delay (ideal)
   0.0000    0.0000 ^ fpu_exe_unit/FPUUnit/fpu/dfma/_1310_/CLK (sky130_fd_sc_hd__dfxtp_1)
   0.2995    0.2995 v fpu_exe_unit/FPUUnit/fpu/dfma/_1310_/Q (sky130_fd_sc_hd__dfxtp_1)
   0.1614    0.4609 v fpu_exe_unit/FPUUnit/fpu/dfma/fma/mulAddRecFNToRaw_preMul/_1092_/Y (sky130_fd_sc_hd__xnor2_1)
   0.3226    0.7835 ^ fpu_exe_unit/FPUUnit/fpu/dfma/fma/mulAddRecFNToRaw_preMul/_1094_/Y (sky130_fd_sc_hd__o21ai_0)
   0.1761    0.9596 v fpu_exe_unit/FPUUnit/fpu/dfma/fma/mulAddRecFNToRaw_preMul/_1097_/Y (sky130_fd_sc_hd__a31oi_1)
   0.4045    1.3640 v fpu_exe_unit/FPUUnit/fpu/dfma/fma/mulAddRecFNToRaw_preMul/_1098_/X (sky130_fd_sc_hd__maj3_1)
   0.3959    1.7600 v fpu_exe_unit/FPUUnit/fpu/dfma/fma/mulAddRecFNToRaw_preMul/_1099_/X (sky130_fd_sc_hd__maj3_1)
   0.3973    2.1573 v fpu_exe_unit/FPUUnit/fpu/dfma/fma/mulAddRecFNToRaw_preMul/_1100_/X (sky130_fd_sc_hd__maj3_1)
   0.4055    2.5628 v fpu_exe_unit/FPUUnit/fpu/dfma/fma/mulAddRecFNToRaw_preMul/_1101_/X (sky130_fd_sc_hd__maj3_1)
   0.3551    2.9179 v fpu_exe_unit/FPUUnit/fpu/dfma/fma/mulAddRecFNToRaw_preMul/_1121_/X (sky130_fd_sc_hd__maj3_1)
   0.2007    3.1186 v fpu_exe_unit/FPUUnit/fpu/dfma/fma/mulAddRecFNToRaw_preMul/_1122_/X (sky130_fd_sc_hd__xor2_1)
   0.1942    3.3128 ^ fpu_exe_unit/FPUUnit/fpu/dfma/fma/mulAddRecFNToRaw_preMul/_1152_/Y (sky130_fd_sc_hd__o221ai_1)
   0.1518    3.4647 v fpu_exe_unit/FPUUnit/fpu/dfma/fma/mulAddRecFNToRaw_preMul/_1158_/Y (sky130_fd_sc_hd__a32oi_1)
   0.4189    3.8835 v fpu_exe_unit/FPUUnit/fpu/dfma/fma/mulAddRecFNToRaw_preMul/_1159_/X (sky130_fd_sc_hd__maj3_1)
   0.2588    4.1424 v fpu_exe_unit/FPUUnit/fpu/dfma/fma/mulAddRecFNToRaw_preMul/_1177_/X (sky130_fd_sc_hd__o2111a_1)
   0.1835    4.3259 v fpu_exe_unit/FPUUnit/fpu/dfma/fma/mulAddRecFNToRaw_preMul/_1178_/X (sky130_fd_sc_hd__clkbuf_1)
   0.1411    4.4670 ^ fpu_exe_unit/FPUUnit/fpu/dfma/fma/mulAddRecFNToRaw_preMul/_1203_/Y (sky130_fd_sc_hd__nand4_1)
   0.3339    4.8008 ^ fpu_exe_unit/FPUUnit/fpu/dfma/fma/mulAddRecFNToRaw_preMul/_1204_/X (sky130_fd_sc_hd__lpflow_clkbufkapwr_1)
   0.3198    5.1206 ^ fpu_exe_unit/FPUUnit/fpu/dfma/fma/mulAddRecFNToRaw_preMul/_1307_/X (sky130_fd_sc_hd__buf_2)
   0.4406    5.5612 ^ fpu_exe_unit/FPUUnit/fpu/dfma/fma/mulAddRecFNToRaw_preMul/_1308_/X (sky130_fd_sc_hd__lpflow_clkbufkapwr_1)
   0.4049    5.9661 v fpu_exe_unit/FPUUnit/fpu/dfma/fma/mulAddRecFNToRaw_preMul/_1618_/X (sky130_fd_sc_hd__mux2_2)
   0.1693    6.1354 ^ fpu_exe_unit/FPUUnit/fpu/dfma/fma/mulAddRecFNToRaw_preMul/_1760_/Y (sky130_fd_sc_hd__mux2i_1)
   0.0586    6.1940 v fpu_exe_unit/FPUUnit/fpu/dfma/fma/mulAddRecFNToRaw_preMul/_1761_/Y (sky130_fd_sc_hd__nor2_1)
   0.1499    6.3440 ^ fpu_exe_unit/FPUUnit/fpu/dfma/fma/mulAddRecFNToRaw_preMul/_1762_/Y (sky130_fd_sc_hd__a21oi_1)
   0.1072    6.4511 v fpu_exe_unit/FPUUnit/fpu/dfma/fma/mulAddRecFNToRaw_preMul/_1763_/Y (sky130_fd_sc_hd__mux2i_1)
   0.2246    6.6758 ^ fpu_exe_unit/FPUUnit/fpu/dfma/fma/mulAddRecFNToRaw_preMul/_1764_/Y (sky130_fd_sc_hd__a21oi_1)
   0.0630    6.7388 v fpu_exe_unit/FPUUnit/fpu/dfma/fma/mulAddRecFNToRaw_preMul/_1765_/Y (sky130_fd_sc_hd__nor2_1)
   0.1979    6.9367 v fpu_exe_unit/FPUUnit/fpu/dfma/fma/mulAddRecFNToRaw_preMul/_1766_/X (sky130_fd_sc_hd__o22a_1)
   0.3822    7.3188 v fpu_exe_unit/FPUUnit/fpu/dfma/fma/_15656_/X (sky130_fd_sc_hd__xnor3_1)
   0.3964    7.7153 v fpu_exe_unit/FPUUnit/fpu/dfma/fma/_15669_/X (sky130_fd_sc_hd__maj3_1)
   0.3777    8.0930 v fpu_exe_unit/FPUUnit/fpu/dfma/fma/_15690_/X (sky130_fd_sc_hd__maj3_1)
   0.3929    8.4858 v fpu_exe_unit/FPUUnit/fpu/dfma/fma/_15718_/X (sky130_fd_sc_hd__maj3_1)
   0.3979    8.8837 v fpu_exe_unit/FPUUnit/fpu/dfma/fma/_15741_/X (sky130_fd_sc_hd__xor3_1)
   0.1695    9.0532 ^ fpu_exe_unit/FPUUnit/fpu/dfma/fma/_15751_/Y (sky130_fd_sc_hd__nor2_1)
   0.2943    9.3475 ^ fpu_exe_unit/FPUUnit/fpu/dfma/fma/_15789_/X (sky130_fd_sc_hd__xor3_1)
   0.1440    9.4915 v fpu_exe_unit/FPUUnit/fpu/dfma/fma/_15790_/Y (sky130_fd_sc_hd__nand4bb_1)
   0.3515    9.8430 v fpu_exe_unit/FPUUnit/fpu/dfma/fma/_15837_/X (sky130_fd_sc_hd__or2_2)
   0.3724   10.2154 v fpu_exe_unit/FPUUnit/fpu/dfma/fma/_15891_/X (sky130_fd_sc_hd__maj3_1)
   0.3778   10.5932 v fpu_exe_unit/FPUUnit/fpu/dfma/fma/_15946_/X (sky130_fd_sc_hd__maj3_1)
   0.3853   10.9785 v fpu_exe_unit/FPUUnit/fpu/dfma/fma/_16018_/X (sky130_fd_sc_hd__maj3_1)
   0.3669   11.3454 v fpu_exe_unit/FPUUnit/fpu/dfma/fma/_16084_/X (sky130_fd_sc_hd__maj3_1)
   0.3753   11.7207 v fpu_exe_unit/FPUUnit/fpu/dfma/fma/_16150_/X (sky130_fd_sc_hd__maj3_1)
   0.3716   12.0924 v fpu_exe_unit/FPUUnit/fpu/dfma/fma/_16236_/X (sky130_fd_sc_hd__maj3_1)
   0.3656   12.4580 v fpu_exe_unit/FPUUnit/fpu/dfma/fma/_16331_/X (sky130_fd_sc_hd__maj3_1)
   0.3227   12.7806 ^ fpu_exe_unit/FPUUnit/fpu/dfma/fma/_16425_/Y (sky130_fd_sc_hd__o21ai_0)
   0.1187   12.8993 v fpu_exe_unit/FPUUnit/fpu/dfma/fma/_16955_/Y (sky130_fd_sc_hd__a211oi_1)
   0.3448   13.2441 ^ fpu_exe_unit/FPUUnit/fpu/dfma/fma/_16956_/Y (sky130_fd_sc_hd__o311ai_0)
   0.1911   13.4352 v fpu_exe_unit/FPUUnit/fpu/dfma/fma/_17093_/Y (sky130_fd_sc_hd__nand4_1)
   0.3235   13.7588 ^ fpu_exe_unit/FPUUnit/fpu/dfma/fma/_17388_/Y (sky130_fd_sc_hd__a211oi_1)
   0.1962   13.9550 v fpu_exe_unit/FPUUnit/fpu/dfma/fma/_17685_/Y (sky130_fd_sc_hd__o311ai_0)
   0.2651   14.2201 ^ fpu_exe_unit/FPUUnit/fpu/dfma/fma/_17989_/Y (sky130_fd_sc_hd__a211oi_1)
   0.1397   14.3598 v fpu_exe_unit/FPUUnit/fpu/dfma/fma/_18300_/Y (sky130_fd_sc_hd__o211ai_1)
   0.4212   14.7810 ^ fpu_exe_unit/FPUUnit/fpu/dfma/fma/_19021_/Y (sky130_fd_sc_hd__a2111oi_0)
   0.2639   15.0448 v fpu_exe_unit/FPUUnit/fpu/dfma/fma/_19832_/Y (sky130_fd_sc_hd__a2111oi_0)
   0.3827   15.4275 v fpu_exe_unit/FPUUnit/fpu/dfma/fma/_21839_/X (sky130_fd_sc_hd__o31a_1)
   0.3912   15.8187 ^ fpu_exe_unit/FPUUnit/fpu/dfma/fma/_22105_/Y (sky130_fd_sc_hd__o31ai_1)
   0.2506   16.0693 ^ fpu_exe_unit/FPUUnit/fpu/dfma/fma/_22629_/X (sky130_fd_sc_hd__a31o_2)
   0.1211   16.1903 v fpu_exe_unit/FPUUnit/fpu/dfma/fma/_23185_/Y (sky130_fd_sc_hd__a31oi_1)
   0.3854   16.5758 ^ fpu_exe_unit/FPUUnit/fpu/dfma/fma/_23741_/Y (sky130_fd_sc_hd__o21ai_0)
   0.1565   16.7322 v fpu_exe_unit/FPUUnit/fpu/dfma/fma/_25946_/Y (sky130_fd_sc_hd__nand4bb_1)
   0.5684   17.3006 ^ fpu_exe_unit/FPUUnit/fpu/dfma/fma/_26630_/Y (sky130_fd_sc_hd__a2111oi_0)
   0.2519   17.5525 v fpu_exe_unit/FPUUnit/fpu/dfma/fma/_28157_/Y (sky130_fd_sc_hd__o2111ai_1)
   0.3749   17.9274 v fpu_exe_unit/FPUUnit/fpu/dfma/fma/_29062_/X (sky130_fd_sc_hd__a221o_1)
   0.1542   18.0816 ^ fpu_exe_unit/FPUUnit/fpu/dfma/fma/_29326_/Y (sky130_fd_sc_hd__a21oi_1)
   0.1200   18.2016 v fpu_exe_unit/FPUUnit/fpu/dfma/fma/_29570_/Y (sky130_fd_sc_hd__o21ai_0)
   0.1323   18.3339 ^ fpu_exe_unit/FPUUnit/fpu/dfma/fma/_30179_/Y (sky130_fd_sc_hd__a21oi_1)
   0.1252   18.4591 v fpu_exe_unit/FPUUnit/fpu/dfma/fma/_30182_/Y (sky130_fd_sc_hd__o211ai_1)
   0.1733   18.6324 ^ fpu_exe_unit/FPUUnit/fpu/dfma/fma/_30488_/Y (sky130_fd_sc_hd__a21oi_1)
   0.1534   18.7858 v fpu_exe_unit/FPUUnit/fpu/dfma/fma/_30606_/Y (sky130_fd_sc_hd__o211ai_1)
   0.1891   18.9749 v fpu_exe_unit/FPUUnit/fpu/dfma/fma/_30647_/X (sky130_fd_sc_hd__a21o_1)
   0.0878   19.0627 ^ fpu_exe_unit/FPUUnit/fpu/dfma/fma/_30652_/Y (sky130_fd_sc_hd__o21ai_0)
   0.1656   19.2283 ^ fpu_exe_unit/FPUUnit/fpu/dfma/fma/_30697_/X (sky130_fd_sc_hd__xor2_1)
   0.0775   19.3058 v fpu_exe_unit/FPUUnit/fpu/dfma/fma/_30699_/Y (sky130_fd_sc_hd__a21oi_1)
   0.0035   19.3093 v fpu_exe_unit/FPUUnit/fpu/dfma/fma/_31133_/D (sky130_fd_sc_hd__dfxtp_1)
            19.3093   data arrival time

  20.0000   20.0000   clock clock (rise edge)
   0.0000   20.0000   clock network delay (ideal)
   0.0000   20.0000   clock reconvergence pessimism
            20.0000 ^ fpu_exe_unit/FPUUnit/fpu/dfma/fma/_31133_/CLK (sky130_fd_sc_hd__dfxtp_1)
  -0.1345   19.8655   library setup time
            19.8655   data required time
-------------------------------------------------------------
            19.8655   data required time
           -19.3093   data arrival time
-------------------------------------------------------------
             0.5562   slack (MET)


Startpoint: fpu_exe_unit/FPUUnit/fpu/dfma/_1310_
            (rising edge-triggered flip-flop clocked by clock)
Endpoint: fpu_exe_unit/FPUUnit/fpu/dfma/fma/_31125_
          (rising edge-triggered flip-flop clocked by clock)
Path Group: clock
Path Type: max

    Delay      Time   Description
-------------------------------------------------------------
   0.0000    0.0000   clock clock (rise edge)
   0.0000    0.0000   clock network delay (ideal)
   0.0000    0.0000 ^ fpu_exe_unit/FPUUnit/fpu/dfma/_1310_/CLK (sky130_fd_sc_hd__dfxtp_1)
   0.2995    0.2995 v fpu_exe_unit/FPUUnit/fpu/dfma/_1310_/Q (sky130_fd_sc_hd__dfxtp_1)
   0.1614    0.4609 v fpu_exe_unit/FPUUnit/fpu/dfma/fma/mulAddRecFNToRaw_preMul/_1092_/Y (sky130_fd_sc_hd__xnor2_1)
   0.3226    0.7835 ^ fpu_exe_unit/FPUUnit/fpu/dfma/fma/mulAddRecFNToRaw_preMul/_1094_/Y (sky130_fd_sc_hd__o21ai_0)
   0.1761    0.9596 v fpu_exe_unit/FPUUnit/fpu/dfma/fma/mulAddRecFNToRaw_preMul/_1097_/Y (sky130_fd_sc_hd__a31oi_1)
   0.4045    1.3640 v fpu_exe_unit/FPUUnit/fpu/dfma/fma/mulAddRecFNToRaw_preMul/_1098_/X (sky130_fd_sc_hd__maj3_1)
   0.3959    1.7600 v fpu_exe_unit/FPUUnit/fpu/dfma/fma/mulAddRecFNToRaw_preMul/_1099_/X (sky130_fd_sc_hd__maj3_1)
   0.3973    2.1573 v fpu_exe_unit/FPUUnit/fpu/dfma/fma/mulAddRecFNToRaw_preMul/_1100_/X (sky130_fd_sc_hd__maj3_1)
   0.4055    2.5628 v fpu_exe_unit/FPUUnit/fpu/dfma/fma/mulAddRecFNToRaw_preMul/_1101_/X (sky130_fd_sc_hd__maj3_1)
   0.3551    2.9179 v fpu_exe_unit/FPUUnit/fpu/dfma/fma/mulAddRecFNToRaw_preMul/_1121_/X (sky130_fd_sc_hd__maj3_1)
   0.2007    3.1186 v fpu_exe_unit/FPUUnit/fpu/dfma/fma/mulAddRecFNToRaw_preMul/_1122_/X (sky130_fd_sc_hd__xor2_1)
   0.1942    3.3128 ^ fpu_exe_unit/FPUUnit/fpu/dfma/fma/mulAddRecFNToRaw_preMul/_1152_/Y (sky130_fd_sc_hd__o221ai_1)
   0.1518    3.4647 v fpu_exe_unit/FPUUnit/fpu/dfma/fma/mulAddRecFNToRaw_preMul/_1158_/Y (sky130_fd_sc_hd__a32oi_1)
   0.4189    3.8835 v fpu_exe_unit/FPUUnit/fpu/dfma/fma/mulAddRecFNToRaw_preMul/_1159_/X (sky130_fd_sc_hd__maj3_1)
   0.2588    4.1424 v fpu_exe_unit/FPUUnit/fpu/dfma/fma/mulAddRecFNToRaw_preMul/_1177_/X (sky130_fd_sc_hd__o2111a_1)
   0.1835    4.3259 v fpu_exe_unit/FPUUnit/fpu/dfma/fma/mulAddRecFNToRaw_preMul/_1178_/X (sky130_fd_sc_hd__clkbuf_1)
   0.1411    4.4670 ^ fpu_exe_unit/FPUUnit/fpu/dfma/fma/mulAddRecFNToRaw_preMul/_1203_/Y (sky130_fd_sc_hd__nand4_1)
   0.3339    4.8008 ^ fpu_exe_unit/FPUUnit/fpu/dfma/fma/mulAddRecFNToRaw_preMul/_1204_/X (sky130_fd_sc_hd__lpflow_clkbufkapwr_1)
   0.3198    5.1206 ^ fpu_exe_unit/FPUUnit/fpu/dfma/fma/mulAddRecFNToRaw_preMul/_1307_/X (sky130_fd_sc_hd__buf_2)
   0.4406    5.5612 ^ fpu_exe_unit/FPUUnit/fpu/dfma/fma/mulAddRecFNToRaw_preMul/_1308_/X (sky130_fd_sc_hd__lpflow_clkbufkapwr_1)
   0.4049    5.9661 v fpu_exe_unit/FPUUnit/fpu/dfma/fma/mulAddRecFNToRaw_preMul/_1618_/X (sky130_fd_sc_hd__mux2_2)
   0.1693    6.1354 ^ fpu_exe_unit/FPUUnit/fpu/dfma/fma/mulAddRecFNToRaw_preMul/_1760_/Y (sky130_fd_sc_hd__mux2i_1)
   0.0586    6.1940 v fpu_exe_unit/FPUUnit/fpu/dfma/fma/mulAddRecFNToRaw_preMul/_1761_/Y (sky130_fd_sc_hd__nor2_1)
   0.1499    6.3440 ^ fpu_exe_unit/FPUUnit/fpu/dfma/fma/mulAddRecFNToRaw_preMul/_1762_/Y (sky130_fd_sc_hd__a21oi_1)
   0.1072    6.4511 v fpu_exe_unit/FPUUnit/fpu/dfma/fma/mulAddRecFNToRaw_preMul/_1763_/Y (sky130_fd_sc_hd__mux2i_1)
   0.2246    6.6758 ^ fpu_exe_unit/FPUUnit/fpu/dfma/fma/mulAddRecFNToRaw_preMul/_1764_/Y (sky130_fd_sc_hd__a21oi_1)
   0.0630    6.7388 v fpu_exe_unit/FPUUnit/fpu/dfma/fma/mulAddRecFNToRaw_preMul/_1765_/Y (sky130_fd_sc_hd__nor2_1)
   0.1979    6.9367 v fpu_exe_unit/FPUUnit/fpu/dfma/fma/mulAddRecFNToRaw_preMul/_1766_/X (sky130_fd_sc_hd__o22a_1)
   0.3822    7.3188 v fpu_exe_unit/FPUUnit/fpu/dfma/fma/_15656_/X (sky130_fd_sc_hd__xnor3_1)
   0.3964    7.7153 v fpu_exe_unit/FPUUnit/fpu/dfma/fma/_15669_/X (sky130_fd_sc_hd__maj3_1)
   0.3777    8.0930 v fpu_exe_unit/FPUUnit/fpu/dfma/fma/_15690_/X (sky130_fd_sc_hd__maj3_1)
   0.3929    8.4858 v fpu_exe_unit/FPUUnit/fpu/dfma/fma/_15718_/X (sky130_fd_sc_hd__maj3_1)
   0.3979    8.8837 v fpu_exe_unit/FPUUnit/fpu/dfma/fma/_15741_/X (sky130_fd_sc_hd__xor3_1)
   0.1695    9.0532 ^ fpu_exe_unit/FPUUnit/fpu/dfma/fma/_15751_/Y (sky130_fd_sc_hd__nor2_1)
   0.2943    9.3475 ^ fpu_exe_unit/FPUUnit/fpu/dfma/fma/_15789_/X (sky130_fd_sc_hd__xor3_1)
   0.1440    9.4915 v fpu_exe_unit/FPUUnit/fpu/dfma/fma/_15790_/Y (sky130_fd_sc_hd__nand4bb_1)
   0.3515    9.8430 v fpu_exe_unit/FPUUnit/fpu/dfma/fma/_15837_/X (sky130_fd_sc_hd__or2_2)
   0.3724   10.2154 v fpu_exe_unit/FPUUnit/fpu/dfma/fma/_15891_/X (sky130_fd_sc_hd__maj3_1)
   0.3778   10.5932 v fpu_exe_unit/FPUUnit/fpu/dfma/fma/_15946_/X (sky130_fd_sc_hd__maj3_1)
   0.3853   10.9785 v fpu_exe_unit/FPUUnit/fpu/dfma/fma/_16018_/X (sky130_fd_sc_hd__maj3_1)
   0.3669   11.3454 v fpu_exe_unit/FPUUnit/fpu/dfma/fma/_16084_/X (sky130_fd_sc_hd__maj3_1)
   0.3753   11.7207 v fpu_exe_unit/FPUUnit/fpu/dfma/fma/_16150_/X (sky130_fd_sc_hd__maj3_1)
   0.3716   12.0924 v fpu_exe_unit/FPUUnit/fpu/dfma/fma/_16236_/X (sky130_fd_sc_hd__maj3_1)
   0.3656   12.4580 v fpu_exe_unit/FPUUnit/fpu/dfma/fma/_16331_/X (sky130_fd_sc_hd__maj3_1)
   0.3227   12.7806 ^ fpu_exe_unit/FPUUnit/fpu/dfma/fma/_16425_/Y (sky130_fd_sc_hd__o21ai_0)
   0.1187   12.8993 v fpu_exe_unit/FPUUnit/fpu/dfma/fma/_16955_/Y (sky130_fd_sc_hd__a211oi_1)
   0.3448   13.2441 ^ fpu_exe_unit/FPUUnit/fpu/dfma/fma/_16956_/Y (sky130_fd_sc_hd__o311ai_0)
   0.1911   13.4352 v fpu_exe_unit/FPUUnit/fpu/dfma/fma/_17093_/Y (sky130_fd_sc_hd__nand4_1)
   0.3235   13.7588 ^ fpu_exe_unit/FPUUnit/fpu/dfma/fma/_17388_/Y (sky130_fd_sc_hd__a211oi_1)
   0.1962   13.9550 v fpu_exe_unit/FPUUnit/fpu/dfma/fma/_17685_/Y (sky130_fd_sc_hd__o311ai_0)
   0.2651   14.2201 ^ fpu_exe_unit/FPUUnit/fpu/dfma/fma/_17989_/Y (sky130_fd_sc_hd__a211oi_1)
   0.1397   14.3598 v fpu_exe_unit/FPUUnit/fpu/dfma/fma/_18300_/Y (sky130_fd_sc_hd__o211ai_1)
   0.4212   14.7810 ^ fpu_exe_unit/FPUUnit/fpu/dfma/fma/_19021_/Y (sky130_fd_sc_hd__a2111oi_0)
   0.2639   15.0448 v fpu_exe_unit/FPUUnit/fpu/dfma/fma/_19832_/Y (sky130_fd_sc_hd__a2111oi_0)
   0.3827   15.4275 v fpu_exe_unit/FPUUnit/fpu/dfma/fma/_21839_/X (sky130_fd_sc_hd__o31a_1)
   0.3912   15.8187 ^ fpu_exe_unit/FPUUnit/fpu/dfma/fma/_22105_/Y (sky130_fd_sc_hd__o31ai_1)
   0.2506   16.0693 ^ fpu_exe_unit/FPUUnit/fpu/dfma/fma/_22629_/X (sky130_fd_sc_hd__a31o_2)
   0.1211   16.1903 v fpu_exe_unit/FPUUnit/fpu/dfma/fma/_23185_/Y (sky130_fd_sc_hd__a31oi_1)
   0.3854   16.5758 ^ fpu_exe_unit/FPUUnit/fpu/dfma/fma/_23741_/Y (sky130_fd_sc_hd__o21ai_0)
   0.1565   16.7322 v fpu_exe_unit/FPUUnit/fpu/dfma/fma/_25946_/Y (sky130_fd_sc_hd__nand4bb_1)
   0.5684   17.3006 ^ fpu_exe_unit/FPUUnit/fpu/dfma/fma/_26630_/Y (sky130_fd_sc_hd__a2111oi_0)
   0.2519   17.5525 v fpu_exe_unit/FPUUnit/fpu/dfma/fma/_28157_/Y (sky130_fd_sc_hd__o2111ai_1)
   0.3749   17.9274 v fpu_exe_unit/FPUUnit/fpu/dfma/fma/_29062_/X (sky130_fd_sc_hd__a221o_1)
   0.1542   18.0816 ^ fpu_exe_unit/FPUUnit/fpu/dfma/fma/_29326_/Y (sky130_fd_sc_hd__a21oi_1)
   0.1200   18.2016 v fpu_exe_unit/FPUUnit/fpu/dfma/fma/_29570_/Y (sky130_fd_sc_hd__o21ai_0)
   0.1713   18.3728 v fpu_exe_unit/FPUUnit/fpu/dfma/fma/_29573_/X (sky130_fd_sc_hd__lpflow_inputiso0n_1)
   0.2889   18.6617 ^ fpu_exe_unit/FPUUnit/fpu/dfma/fma/_29798_/Y (sky130_fd_sc_hd__o21ai_0)
   0.2091   18.8708 ^ fpu_exe_unit/FPUUnit/fpu/dfma/fma/_29999_/X (sky130_fd_sc_hd__lpflow_inputiso0n_1)
   0.1145   18.9854 v fpu_exe_unit/FPUUnit/fpu/dfma/fma/_30083_/Y (sky130_fd_sc_hd__o21ai_0)
   0.1061   19.0915 ^ fpu_exe_unit/FPUUnit/fpu/dfma/fma/_30087_/Y (sky130_fd_sc_hd__nand2b_1)
   0.1217   19.2132 ^ fpu_exe_unit/FPUUnit/fpu/dfma/fma/_30176_/Y (sky130_fd_sc_hd__xnor2_1)
   0.0787   19.2918 v fpu_exe_unit/FPUUnit/fpu/dfma/fma/_30178_/Y (sky130_fd_sc_hd__a21oi_1)
   0.0035   19.2953 v fpu_exe_unit/FPUUnit/fpu/dfma/fma/_31125_/D (sky130_fd_sc_hd__dfxtp_1)
            19.2953   data arrival time

  20.0000   20.0000   clock clock (rise edge)
   0.0000   20.0000   clock network delay (ideal)
   0.0000   20.0000   clock reconvergence pessimism
            20.0000 ^ fpu_exe_unit/FPUUnit/fpu/dfma/fma/_31125_/CLK (sky130_fd_sc_hd__dfxtp_1)
  -0.1345   19.8655   library setup time
            19.8655   data required time
-------------------------------------------------------------
            19.8655   data required time
           -19.2953   data arrival time
-------------------------------------------------------------
             0.5702   slack (MET)


Startpoint: fpu_exe_unit/FPUUnit/fpu/dfma/_1310_
            (rising edge-triggered flip-flop clocked by clock)
Endpoint: fpu_exe_unit/FPUUnit/fpu/dfma/fma/_31124_
          (rising edge-triggered flip-flop clocked by clock)
Path Group: clock
Path Type: max

    Delay      Time   Description
-------------------------------------------------------------
   0.0000    0.0000   clock clock (rise edge)
   0.0000    0.0000   clock network delay (ideal)
   0.0000    0.0000 ^ fpu_exe_unit/FPUUnit/fpu/dfma/_1310_/CLK (sky130_fd_sc_hd__dfxtp_1)
   0.2995    0.2995 v fpu_exe_unit/FPUUnit/fpu/dfma/_1310_/Q (sky130_fd_sc_hd__dfxtp_1)
   0.1614    0.4609 v fpu_exe_unit/FPUUnit/fpu/dfma/fma/mulAddRecFNToRaw_preMul/_1092_/Y (sky130_fd_sc_hd__xnor2_1)
   0.3226    0.7835 ^ fpu_exe_unit/FPUUnit/fpu/dfma/fma/mulAddRecFNToRaw_preMul/_1094_/Y (sky130_fd_sc_hd__o21ai_0)
   0.1761    0.9596 v fpu_exe_unit/FPUUnit/fpu/dfma/fma/mulAddRecFNToRaw_preMul/_1097_/Y (sky130_fd_sc_hd__a31oi_1)
   0.4045    1.3640 v fpu_exe_unit/FPUUnit/fpu/dfma/fma/mulAddRecFNToRaw_preMul/_1098_/X (sky130_fd_sc_hd__maj3_1)
   0.3959    1.7600 v fpu_exe_unit/FPUUnit/fpu/dfma/fma/mulAddRecFNToRaw_preMul/_1099_/X (sky130_fd_sc_hd__maj3_1)
   0.3973    2.1573 v fpu_exe_unit/FPUUnit/fpu/dfma/fma/mulAddRecFNToRaw_preMul/_1100_/X (sky130_fd_sc_hd__maj3_1)
   0.4055    2.5628 v fpu_exe_unit/FPUUnit/fpu/dfma/fma/mulAddRecFNToRaw_preMul/_1101_/X (sky130_fd_sc_hd__maj3_1)
   0.3551    2.9179 v fpu_exe_unit/FPUUnit/fpu/dfma/fma/mulAddRecFNToRaw_preMul/_1121_/X (sky130_fd_sc_hd__maj3_1)
   0.2007    3.1186 v fpu_exe_unit/FPUUnit/fpu/dfma/fma/mulAddRecFNToRaw_preMul/_1122_/X (sky130_fd_sc_hd__xor2_1)
   0.1942    3.3128 ^ fpu_exe_unit/FPUUnit/fpu/dfma/fma/mulAddRecFNToRaw_preMul/_1152_/Y (sky130_fd_sc_hd__o221ai_1)
   0.1518    3.4647 v fpu_exe_unit/FPUUnit/fpu/dfma/fma/mulAddRecFNToRaw_preMul/_1158_/Y (sky130_fd_sc_hd__a32oi_1)
   0.4189    3.8835 v fpu_exe_unit/FPUUnit/fpu/dfma/fma/mulAddRecFNToRaw_preMul/_1159_/X (sky130_fd_sc_hd__maj3_1)
   0.2588    4.1424 v fpu_exe_unit/FPUUnit/fpu/dfma/fma/mulAddRecFNToRaw_preMul/_1177_/X (sky130_fd_sc_hd__o2111a_1)
   0.1835    4.3259 v fpu_exe_unit/FPUUnit/fpu/dfma/fma/mulAddRecFNToRaw_preMul/_1178_/X (sky130_fd_sc_hd__clkbuf_1)
   0.1411    4.4670 ^ fpu_exe_unit/FPUUnit/fpu/dfma/fma/mulAddRecFNToRaw_preMul/_1203_/Y (sky130_fd_sc_hd__nand4_1)
   0.3339    4.8008 ^ fpu_exe_unit/FPUUnit/fpu/dfma/fma/mulAddRecFNToRaw_preMul/_1204_/X (sky130_fd_sc_hd__lpflow_clkbufkapwr_1)
   0.3198    5.1206 ^ fpu_exe_unit/FPUUnit/fpu/dfma/fma/mulAddRecFNToRaw_preMul/_1307_/X (sky130_fd_sc_hd__buf_2)
   0.4406    5.5612 ^ fpu_exe_unit/FPUUnit/fpu/dfma/fma/mulAddRecFNToRaw_preMul/_1308_/X (sky130_fd_sc_hd__lpflow_clkbufkapwr_1)
   0.4049    5.9661 v fpu_exe_unit/FPUUnit/fpu/dfma/fma/mulAddRecFNToRaw_preMul/_1618_/X (sky130_fd_sc_hd__mux2_2)
   0.1693    6.1354 ^ fpu_exe_unit/FPUUnit/fpu/dfma/fma/mulAddRecFNToRaw_preMul/_1760_/Y (sky130_fd_sc_hd__mux2i_1)
   0.0586    6.1940 v fpu_exe_unit/FPUUnit/fpu/dfma/fma/mulAddRecFNToRaw_preMul/_1761_/Y (sky130_fd_sc_hd__nor2_1)
   0.1499    6.3440 ^ fpu_exe_unit/FPUUnit/fpu/dfma/fma/mulAddRecFNToRaw_preMul/_1762_/Y (sky130_fd_sc_hd__a21oi_1)
   0.1072    6.4511 v fpu_exe_unit/FPUUnit/fpu/dfma/fma/mulAddRecFNToRaw_preMul/_1763_/Y (sky130_fd_sc_hd__mux2i_1)
   0.2246    6.6758 ^ fpu_exe_unit/FPUUnit/fpu/dfma/fma/mulAddRecFNToRaw_preMul/_1764_/Y (sky130_fd_sc_hd__a21oi_1)
   0.0630    6.7388 v fpu_exe_unit/FPUUnit/fpu/dfma/fma/mulAddRecFNToRaw_preMul/_1765_/Y (sky130_fd_sc_hd__nor2_1)
   0.1979    6.9367 v fpu_exe_unit/FPUUnit/fpu/dfma/fma/mulAddRecFNToRaw_preMul/_1766_/X (sky130_fd_sc_hd__o22a_1)
   0.3822    7.3188 v fpu_exe_unit/FPUUnit/fpu/dfma/fma/_15656_/X (sky130_fd_sc_hd__xnor3_1)
   0.3964    7.7153 v fpu_exe_unit/FPUUnit/fpu/dfma/fma/_15669_/X (sky130_fd_sc_hd__maj3_1)
   0.3777    8.0930 v fpu_exe_unit/FPUUnit/fpu/dfma/fma/_15690_/X (sky130_fd_sc_hd__maj3_1)
   0.3929    8.4858 v fpu_exe_unit/FPUUnit/fpu/dfma/fma/_15718_/X (sky130_fd_sc_hd__maj3_1)
   0.3979    8.8837 v fpu_exe_unit/FPUUnit/fpu/dfma/fma/_15741_/X (sky130_fd_sc_hd__xor3_1)
   0.1695    9.0532 ^ fpu_exe_unit/FPUUnit/fpu/dfma/fma/_15751_/Y (sky130_fd_sc_hd__nor2_1)
   0.2943    9.3475 ^ fpu_exe_unit/FPUUnit/fpu/dfma/fma/_15789_/X (sky130_fd_sc_hd__xor3_1)
   0.1440    9.4915 v fpu_exe_unit/FPUUnit/fpu/dfma/fma/_15790_/Y (sky130_fd_sc_hd__nand4bb_1)
   0.3515    9.8430 v fpu_exe_unit/FPUUnit/fpu/dfma/fma/_15837_/X (sky130_fd_sc_hd__or2_2)
   0.3724   10.2154 v fpu_exe_unit/FPUUnit/fpu/dfma/fma/_15891_/X (sky130_fd_sc_hd__maj3_1)
   0.3778   10.5932 v fpu_exe_unit/FPUUnit/fpu/dfma/fma/_15946_/X (sky130_fd_sc_hd__maj3_1)
   0.3853   10.9785 v fpu_exe_unit/FPUUnit/fpu/dfma/fma/_16018_/X (sky130_fd_sc_hd__maj3_1)
   0.3669   11.3454 v fpu_exe_unit/FPUUnit/fpu/dfma/fma/_16084_/X (sky130_fd_sc_hd__maj3_1)
   0.3753   11.7207 v fpu_exe_unit/FPUUnit/fpu/dfma/fma/_16150_/X (sky130_fd_sc_hd__maj3_1)
   0.3716   12.0924 v fpu_exe_unit/FPUUnit/fpu/dfma/fma/_16236_/X (sky130_fd_sc_hd__maj3_1)
   0.3656   12.4580 v fpu_exe_unit/FPUUnit/fpu/dfma/fma/_16331_/X (sky130_fd_sc_hd__maj3_1)
   0.3227   12.7806 ^ fpu_exe_unit/FPUUnit/fpu/dfma/fma/_16425_/Y (sky130_fd_sc_hd__o21ai_0)
   0.1187   12.8993 v fpu_exe_unit/FPUUnit/fpu/dfma/fma/_16955_/Y (sky130_fd_sc_hd__a211oi_1)
   0.3448   13.2441 ^ fpu_exe_unit/FPUUnit/fpu/dfma/fma/_16956_/Y (sky130_fd_sc_hd__o311ai_0)
   0.1911   13.4352 v fpu_exe_unit/FPUUnit/fpu/dfma/fma/_17093_/Y (sky130_fd_sc_hd__nand4_1)
   0.3235   13.7588 ^ fpu_exe_unit/FPUUnit/fpu/dfma/fma/_17388_/Y (sky130_fd_sc_hd__a211oi_1)
   0.1962   13.9550 v fpu_exe_unit/FPUUnit/fpu/dfma/fma/_17685_/Y (sky130_fd_sc_hd__o311ai_0)
   0.2651   14.2201 ^ fpu_exe_unit/FPUUnit/fpu/dfma/fma/_17989_/Y (sky130_fd_sc_hd__a211oi_1)
   0.1397   14.3598 v fpu_exe_unit/FPUUnit/fpu/dfma/fma/_18300_/Y (sky130_fd_sc_hd__o211ai_1)
   0.4212   14.7810 ^ fpu_exe_unit/FPUUnit/fpu/dfma/fma/_19021_/Y (sky130_fd_sc_hd__a2111oi_0)
   0.2639   15.0448 v fpu_exe_unit/FPUUnit/fpu/dfma/fma/_19832_/Y (sky130_fd_sc_hd__a2111oi_0)
   0.3827   15.4275 v fpu_exe_unit/FPUUnit/fpu/dfma/fma/_21839_/X (sky130_fd_sc_hd__o31a_1)
   0.3912   15.8187 ^ fpu_exe_unit/FPUUnit/fpu/dfma/fma/_22105_/Y (sky130_fd_sc_hd__o31ai_1)
   0.2506   16.0693 ^ fpu_exe_unit/FPUUnit/fpu/dfma/fma/_22629_/X (sky130_fd_sc_hd__a31o_2)
   0.1211   16.1903 v fpu_exe_unit/FPUUnit/fpu/dfma/fma/_23185_/Y (sky130_fd_sc_hd__a31oi_1)
   0.3854   16.5758 ^ fpu_exe_unit/FPUUnit/fpu/dfma/fma/_23741_/Y (sky130_fd_sc_hd__o21ai_0)
   0.1565   16.7322 v fpu_exe_unit/FPUUnit/fpu/dfma/fma/_25946_/Y (sky130_fd_sc_hd__nand4bb_1)
   0.5684   17.3006 ^ fpu_exe_unit/FPUUnit/fpu/dfma/fma/_26630_/Y (sky130_fd_sc_hd__a2111oi_0)
   0.2519   17.5525 v fpu_exe_unit/FPUUnit/fpu/dfma/fma/_28157_/Y (sky130_fd_sc_hd__o2111ai_1)
   0.3749   17.9274 v fpu_exe_unit/FPUUnit/fpu/dfma/fma/_29062_/X (sky130_fd_sc_hd__a221o_1)
   0.1542   18.0816 ^ fpu_exe_unit/FPUUnit/fpu/dfma/fma/_29326_/Y (sky130_fd_sc_hd__a21oi_1)
   0.1200   18.2016 v fpu_exe_unit/FPUUnit/fpu/dfma/fma/_29570_/Y (sky130_fd_sc_hd__o21ai_0)
   0.1713   18.3728 v fpu_exe_unit/FPUUnit/fpu/dfma/fma/_29573_/X (sky130_fd_sc_hd__lpflow_inputiso0n_1)
   0.2889   18.6617 ^ fpu_exe_unit/FPUUnit/fpu/dfma/fma/_29798_/Y (sky130_fd_sc_hd__o21ai_0)
   0.2091   18.8708 ^ fpu_exe_unit/FPUUnit/fpu/dfma/fma/_29999_/X (sky130_fd_sc_hd__lpflow_inputiso0n_1)
   0.1145   18.9854 v fpu_exe_unit/FPUUnit/fpu/dfma/fma/_30083_/Y (sky130_fd_sc_hd__o21ai_0)
   0.1903   19.1757 v fpu_exe_unit/FPUUnit/fpu/dfma/fma/_30085_/X (sky130_fd_sc_hd__a22o_1)
   0.0035   19.1792 v fpu_exe_unit/FPUUnit/fpu/dfma/fma/_31124_/D (sky130_fd_sc_hd__dfxtp_1)
            19.1792   data arrival time

  20.0000   20.0000   clock clock (rise edge)
   0.0000   20.0000   clock network delay (ideal)
   0.0000   20.0000   clock reconvergence pessimism
            20.0000 ^ fpu_exe_unit/FPUUnit/fpu/dfma/fma/_31124_/CLK (sky130_fd_sc_hd__dfxtp_1)
  -0.1177   19.8823   library setup time
            19.8823   data required time
-------------------------------------------------------------
            19.8823   data required time
           -19.1792   data arrival time
-------------------------------------------------------------
             0.7031   slack (MET)


Startpoint: fpu_exe_unit/FPUUnit/fpu/dfma/_1310_
            (rising edge-triggered flip-flop clocked by clock)
Endpoint: fpu_exe_unit/FPUUnit/fpu/dfma/fma/_31131_
          (rising edge-triggered flip-flop clocked by clock)
Path Group: clock
Path Type: max

    Delay      Time   Description
-------------------------------------------------------------
   0.0000    0.0000   clock clock (rise edge)
   0.0000    0.0000   clock network delay (ideal)
   0.0000    0.0000 ^ fpu_exe_unit/FPUUnit/fpu/dfma/_1310_/CLK (sky130_fd_sc_hd__dfxtp_1)
   0.2995    0.2995 v fpu_exe_unit/FPUUnit/fpu/dfma/_1310_/Q (sky130_fd_sc_hd__dfxtp_1)
   0.1614    0.4609 v fpu_exe_unit/FPUUnit/fpu/dfma/fma/mulAddRecFNToRaw_preMul/_1092_/Y (sky130_fd_sc_hd__xnor2_1)
   0.3226    0.7835 ^ fpu_exe_unit/FPUUnit/fpu/dfma/fma/mulAddRecFNToRaw_preMul/_1094_/Y (sky130_fd_sc_hd__o21ai_0)
   0.1761    0.9596 v fpu_exe_unit/FPUUnit/fpu/dfma/fma/mulAddRecFNToRaw_preMul/_1097_/Y (sky130_fd_sc_hd__a31oi_1)
   0.4045    1.3640 v fpu_exe_unit/FPUUnit/fpu/dfma/fma/mulAddRecFNToRaw_preMul/_1098_/X (sky130_fd_sc_hd__maj3_1)
   0.3959    1.7600 v fpu_exe_unit/FPUUnit/fpu/dfma/fma/mulAddRecFNToRaw_preMul/_1099_/X (sky130_fd_sc_hd__maj3_1)
   0.3973    2.1573 v fpu_exe_unit/FPUUnit/fpu/dfma/fma/mulAddRecFNToRaw_preMul/_1100_/X (sky130_fd_sc_hd__maj3_1)
   0.4055    2.5628 v fpu_exe_unit/FPUUnit/fpu/dfma/fma/mulAddRecFNToRaw_preMul/_1101_/X (sky130_fd_sc_hd__maj3_1)
   0.3551    2.9179 v fpu_exe_unit/FPUUnit/fpu/dfma/fma/mulAddRecFNToRaw_preMul/_1121_/X (sky130_fd_sc_hd__maj3_1)
   0.2007    3.1186 v fpu_exe_unit/FPUUnit/fpu/dfma/fma/mulAddRecFNToRaw_preMul/_1122_/X (sky130_fd_sc_hd__xor2_1)
   0.1942    3.3128 ^ fpu_exe_unit/FPUUnit/fpu/dfma/fma/mulAddRecFNToRaw_preMul/_1152_/Y (sky130_fd_sc_hd__o221ai_1)
   0.1518    3.4647 v fpu_exe_unit/FPUUnit/fpu/dfma/fma/mulAddRecFNToRaw_preMul/_1158_/Y (sky130_fd_sc_hd__a32oi_1)
   0.4189    3.8835 v fpu_exe_unit/FPUUnit/fpu/dfma/fma/mulAddRecFNToRaw_preMul/_1159_/X (sky130_fd_sc_hd__maj3_1)
   0.2588    4.1424 v fpu_exe_unit/FPUUnit/fpu/dfma/fma/mulAddRecFNToRaw_preMul/_1177_/X (sky130_fd_sc_hd__o2111a_1)
   0.1835    4.3259 v fpu_exe_unit/FPUUnit/fpu/dfma/fma/mulAddRecFNToRaw_preMul/_1178_/X (sky130_fd_sc_hd__clkbuf_1)
   0.1411    4.4670 ^ fpu_exe_unit/FPUUnit/fpu/dfma/fma/mulAddRecFNToRaw_preMul/_1203_/Y (sky130_fd_sc_hd__nand4_1)
   0.3339    4.8008 ^ fpu_exe_unit/FPUUnit/fpu/dfma/fma/mulAddRecFNToRaw_preMul/_1204_/X (sky130_fd_sc_hd__lpflow_clkbufkapwr_1)
   0.3198    5.1206 ^ fpu_exe_unit/FPUUnit/fpu/dfma/fma/mulAddRecFNToRaw_preMul/_1307_/X (sky130_fd_sc_hd__buf_2)
   0.4406    5.5612 ^ fpu_exe_unit/FPUUnit/fpu/dfma/fma/mulAddRecFNToRaw_preMul/_1308_/X (sky130_fd_sc_hd__lpflow_clkbufkapwr_1)
   0.4049    5.9661 v fpu_exe_unit/FPUUnit/fpu/dfma/fma/mulAddRecFNToRaw_preMul/_1618_/X (sky130_fd_sc_hd__mux2_2)
   0.1693    6.1354 ^ fpu_exe_unit/FPUUnit/fpu/dfma/fma/mulAddRecFNToRaw_preMul/_1760_/Y (sky130_fd_sc_hd__mux2i_1)
   0.0586    6.1940 v fpu_exe_unit/FPUUnit/fpu/dfma/fma/mulAddRecFNToRaw_preMul/_1761_/Y (sky130_fd_sc_hd__nor2_1)
   0.1499    6.3440 ^ fpu_exe_unit/FPUUnit/fpu/dfma/fma/mulAddRecFNToRaw_preMul/_1762_/Y (sky130_fd_sc_hd__a21oi_1)
   0.1072    6.4511 v fpu_exe_unit/FPUUnit/fpu/dfma/fma/mulAddRecFNToRaw_preMul/_1763_/Y (sky130_fd_sc_hd__mux2i_1)
   0.2246    6.6758 ^ fpu_exe_unit/FPUUnit/fpu/dfma/fma/mulAddRecFNToRaw_preMul/_1764_/Y (sky130_fd_sc_hd__a21oi_1)
   0.0630    6.7388 v fpu_exe_unit/FPUUnit/fpu/dfma/fma/mulAddRecFNToRaw_preMul/_1765_/Y (sky130_fd_sc_hd__nor2_1)
   0.1979    6.9367 v fpu_exe_unit/FPUUnit/fpu/dfma/fma/mulAddRecFNToRaw_preMul/_1766_/X (sky130_fd_sc_hd__o22a_1)
   0.3822    7.3188 v fpu_exe_unit/FPUUnit/fpu/dfma/fma/_15656_/X (sky130_fd_sc_hd__xnor3_1)
   0.3964    7.7153 v fpu_exe_unit/FPUUnit/fpu/dfma/fma/_15669_/X (sky130_fd_sc_hd__maj3_1)
   0.3777    8.0930 v fpu_exe_unit/FPUUnit/fpu/dfma/fma/_15690_/X (sky130_fd_sc_hd__maj3_1)
   0.3929    8.4858 v fpu_exe_unit/FPUUnit/fpu/dfma/fma/_15718_/X (sky130_fd_sc_hd__maj3_1)
   0.3979    8.8837 v fpu_exe_unit/FPUUnit/fpu/dfma/fma/_15741_/X (sky130_fd_sc_hd__xor3_1)
   0.1695    9.0532 ^ fpu_exe_unit/FPUUnit/fpu/dfma/fma/_15751_/Y (sky130_fd_sc_hd__nor2_1)
   0.2943    9.3475 ^ fpu_exe_unit/FPUUnit/fpu/dfma/fma/_15789_/X (sky130_fd_sc_hd__xor3_1)
   0.1440    9.4915 v fpu_exe_unit/FPUUnit/fpu/dfma/fma/_15790_/Y (sky130_fd_sc_hd__nand4bb_1)
   0.3515    9.8430 v fpu_exe_unit/FPUUnit/fpu/dfma/fma/_15837_/X (sky130_fd_sc_hd__or2_2)
   0.3724   10.2154 v fpu_exe_unit/FPUUnit/fpu/dfma/fma/_15891_/X (sky130_fd_sc_hd__maj3_1)
   0.3778   10.5932 v fpu_exe_unit/FPUUnit/fpu/dfma/fma/_15946_/X (sky130_fd_sc_hd__maj3_1)
   0.3853   10.9785 v fpu_exe_unit/FPUUnit/fpu/dfma/fma/_16018_/X (sky130_fd_sc_hd__maj3_1)
   0.3669   11.3454 v fpu_exe_unit/FPUUnit/fpu/dfma/fma/_16084_/X (sky130_fd_sc_hd__maj3_1)
   0.3753   11.7207 v fpu_exe_unit/FPUUnit/fpu/dfma/fma/_16150_/X (sky130_fd_sc_hd__maj3_1)
   0.3716   12.0924 v fpu_exe_unit/FPUUnit/fpu/dfma/fma/_16236_/X (sky130_fd_sc_hd__maj3_1)
   0.3656   12.4580 v fpu_exe_unit/FPUUnit/fpu/dfma/fma/_16331_/X (sky130_fd_sc_hd__maj3_1)
   0.3227   12.7806 ^ fpu_exe_unit/FPUUnit/fpu/dfma/fma/_16425_/Y (sky130_fd_sc_hd__o21ai_0)
   0.1187   12.8993 v fpu_exe_unit/FPUUnit/fpu/dfma/fma/_16955_/Y (sky130_fd_sc_hd__a211oi_1)
   0.3448   13.2441 ^ fpu_exe_unit/FPUUnit/fpu/dfma/fma/_16956_/Y (sky130_fd_sc_hd__o311ai_0)
   0.1911   13.4352 v fpu_exe_unit/FPUUnit/fpu/dfma/fma/_17093_/Y (sky130_fd_sc_hd__nand4_1)
   0.3235   13.7588 ^ fpu_exe_unit/FPUUnit/fpu/dfma/fma/_17388_/Y (sky130_fd_sc_hd__a211oi_1)
   0.1962   13.9550 v fpu_exe_unit/FPUUnit/fpu/dfma/fma/_17685_/Y (sky130_fd_sc_hd__o311ai_0)
   0.2651   14.2201 ^ fpu_exe_unit/FPUUnit/fpu/dfma/fma/_17989_/Y (sky130_fd_sc_hd__a211oi_1)
   0.1397   14.3598 v fpu_exe_unit/FPUUnit/fpu/dfma/fma/_18300_/Y (sky130_fd_sc_hd__o211ai_1)
   0.4212   14.7810 ^ fpu_exe_unit/FPUUnit/fpu/dfma/fma/_19021_/Y (sky130_fd_sc_hd__a2111oi_0)
   0.2639   15.0448 v fpu_exe_unit/FPUUnit/fpu/dfma/fma/_19832_/Y (sky130_fd_sc_hd__a2111oi_0)
   0.3827   15.4275 v fpu_exe_unit/FPUUnit/fpu/dfma/fma/_21839_/X (sky130_fd_sc_hd__o31a_1)
   0.3912   15.8187 ^ fpu_exe_unit/FPUUnit/fpu/dfma/fma/_22105_/Y (sky130_fd_sc_hd__o31ai_1)
   0.2506   16.0693 ^ fpu_exe_unit/FPUUnit/fpu/dfma/fma/_22629_/X (sky130_fd_sc_hd__a31o_2)
   0.1211   16.1903 v fpu_exe_unit/FPUUnit/fpu/dfma/fma/_23185_/Y (sky130_fd_sc_hd__a31oi_1)
   0.3854   16.5758 ^ fpu_exe_unit/FPUUnit/fpu/dfma/fma/_23741_/Y (sky130_fd_sc_hd__o21ai_0)
   0.1565   16.7322 v fpu_exe_unit/FPUUnit/fpu/dfma/fma/_25946_/Y (sky130_fd_sc_hd__nand4bb_1)
   0.5684   17.3006 ^ fpu_exe_unit/FPUUnit/fpu/dfma/fma/_26630_/Y (sky130_fd_sc_hd__a2111oi_0)
   0.2519   17.5525 v fpu_exe_unit/FPUUnit/fpu/dfma/fma/_28157_/Y (sky130_fd_sc_hd__o2111ai_1)
   0.3749   17.9274 v fpu_exe_unit/FPUUnit/fpu/dfma/fma/_29062_/X (sky130_fd_sc_hd__a221o_1)
   0.1542   18.0816 ^ fpu_exe_unit/FPUUnit/fpu/dfma/fma/_29326_/Y (sky130_fd_sc_hd__a21oi_1)
   0.1200   18.2016 v fpu_exe_unit/FPUUnit/fpu/dfma/fma/_29570_/Y (sky130_fd_sc_hd__o21ai_0)
   0.1323   18.3339 ^ fpu_exe_unit/FPUUnit/fpu/dfma/fma/_30179_/Y (sky130_fd_sc_hd__a21oi_1)
   0.1252   18.4591 v fpu_exe_unit/FPUUnit/fpu/dfma/fma/_30182_/Y (sky130_fd_sc_hd__o211ai_1)
   0.1733   18.6324 ^ fpu_exe_unit/FPUUnit/fpu/dfma/fma/_30488_/Y (sky130_fd_sc_hd__a21oi_1)
   0.0870   18.7194 v fpu_exe_unit/FPUUnit/fpu/dfma/fma/_30492_/Y (sky130_fd_sc_hd__nor2_1)
   0.2043   18.9236 ^ fpu_exe_unit/FPUUnit/fpu/dfma/fma/_30553_/Y (sky130_fd_sc_hd__o21ai_0)
   0.1469   19.0705 ^ fpu_exe_unit/FPUUnit/fpu/dfma/fma/_30602_/Y (sky130_fd_sc_hd__xnor2_1)
   0.0787   19.1492 v fpu_exe_unit/FPUUnit/fpu/dfma/fma/_30604_/Y (sky130_fd_sc_hd__a21oi_1)
   0.0035   19.1527 v fpu_exe_unit/FPUUnit/fpu/dfma/fma/_31131_/D (sky130_fd_sc_hd__dfxtp_1)
            19.1527   data arrival time

  20.0000   20.0000   clock clock (rise edge)
   0.0000   20.0000   clock network delay (ideal)
   0.0000   20.0000   clock reconvergence pessimism
            20.0000 ^ fpu_exe_unit/FPUUnit/fpu/dfma/fma/_31131_/CLK (sky130_fd_sc_hd__dfxtp_1)
  -0.1345   19.8655   library setup time
            19.8655   data required time
-------------------------------------------------------------
            19.8655   data required time
           -19.1527   data arrival time
-------------------------------------------------------------
             0.7128   slack (MET)


Startpoint: fpu_exe_unit/FPUUnit/fpu/dfma/_1310_
            (rising edge-triggered flip-flop clocked by clock)
Endpoint: fpu_exe_unit/FPUUnit/fpu/dfma/fma/_31132_
          (rising edge-triggered flip-flop clocked by clock)
Path Group: clock
Path Type: max

    Delay      Time   Description
-------------------------------------------------------------
   0.0000    0.0000   clock clock (rise edge)
   0.0000    0.0000   clock network delay (ideal)
   0.0000    0.0000 ^ fpu_exe_unit/FPUUnit/fpu/dfma/_1310_/CLK (sky130_fd_sc_hd__dfxtp_1)
   0.2995    0.2995 v fpu_exe_unit/FPUUnit/fpu/dfma/_1310_/Q (sky130_fd_sc_hd__dfxtp_1)
   0.1614    0.4609 v fpu_exe_unit/FPUUnit/fpu/dfma/fma/mulAddRecFNToRaw_preMul/_1092_/Y (sky130_fd_sc_hd__xnor2_1)
   0.3226    0.7835 ^ fpu_exe_unit/FPUUnit/fpu/dfma/fma/mulAddRecFNToRaw_preMul/_1094_/Y (sky130_fd_sc_hd__o21ai_0)
   0.1761    0.9596 v fpu_exe_unit/FPUUnit/fpu/dfma/fma/mulAddRecFNToRaw_preMul/_1097_/Y (sky130_fd_sc_hd__a31oi_1)
   0.4045    1.3640 v fpu_exe_unit/FPUUnit/fpu/dfma/fma/mulAddRecFNToRaw_preMul/_1098_/X (sky130_fd_sc_hd__maj3_1)
   0.3959    1.7600 v fpu_exe_unit/FPUUnit/fpu/dfma/fma/mulAddRecFNToRaw_preMul/_1099_/X (sky130_fd_sc_hd__maj3_1)
   0.3973    2.1573 v fpu_exe_unit/FPUUnit/fpu/dfma/fma/mulAddRecFNToRaw_preMul/_1100_/X (sky130_fd_sc_hd__maj3_1)
   0.4055    2.5628 v fpu_exe_unit/FPUUnit/fpu/dfma/fma/mulAddRecFNToRaw_preMul/_1101_/X (sky130_fd_sc_hd__maj3_1)
   0.3551    2.9179 v fpu_exe_unit/FPUUnit/fpu/dfma/fma/mulAddRecFNToRaw_preMul/_1121_/X (sky130_fd_sc_hd__maj3_1)
   0.2007    3.1186 v fpu_exe_unit/FPUUnit/fpu/dfma/fma/mulAddRecFNToRaw_preMul/_1122_/X (sky130_fd_sc_hd__xor2_1)
   0.1942    3.3128 ^ fpu_exe_unit/FPUUnit/fpu/dfma/fma/mulAddRecFNToRaw_preMul/_1152_/Y (sky130_fd_sc_hd__o221ai_1)
   0.1518    3.4647 v fpu_exe_unit/FPUUnit/fpu/dfma/fma/mulAddRecFNToRaw_preMul/_1158_/Y (sky130_fd_sc_hd__a32oi_1)
   0.4189    3.8835 v fpu_exe_unit/FPUUnit/fpu/dfma/fma/mulAddRecFNToRaw_preMul/_1159_/X (sky130_fd_sc_hd__maj3_1)
   0.2588    4.1424 v fpu_exe_unit/FPUUnit/fpu/dfma/fma/mulAddRecFNToRaw_preMul/_1177_/X (sky130_fd_sc_hd__o2111a_1)
   0.1835    4.3259 v fpu_exe_unit/FPUUnit/fpu/dfma/fma/mulAddRecFNToRaw_preMul/_1178_/X (sky130_fd_sc_hd__clkbuf_1)
   0.1411    4.4670 ^ fpu_exe_unit/FPUUnit/fpu/dfma/fma/mulAddRecFNToRaw_preMul/_1203_/Y (sky130_fd_sc_hd__nand4_1)
   0.3339    4.8008 ^ fpu_exe_unit/FPUUnit/fpu/dfma/fma/mulAddRecFNToRaw_preMul/_1204_/X (sky130_fd_sc_hd__lpflow_clkbufkapwr_1)
   0.3198    5.1206 ^ fpu_exe_unit/FPUUnit/fpu/dfma/fma/mulAddRecFNToRaw_preMul/_1307_/X (sky130_fd_sc_hd__buf_2)
   0.4406    5.5612 ^ fpu_exe_unit/FPUUnit/fpu/dfma/fma/mulAddRecFNToRaw_preMul/_1308_/X (sky130_fd_sc_hd__lpflow_clkbufkapwr_1)
   0.4049    5.9661 v fpu_exe_unit/FPUUnit/fpu/dfma/fma/mulAddRecFNToRaw_preMul/_1618_/X (sky130_fd_sc_hd__mux2_2)
   0.1693    6.1354 ^ fpu_exe_unit/FPUUnit/fpu/dfma/fma/mulAddRecFNToRaw_preMul/_1760_/Y (sky130_fd_sc_hd__mux2i_1)
   0.0586    6.1940 v fpu_exe_unit/FPUUnit/fpu/dfma/fma/mulAddRecFNToRaw_preMul/_1761_/Y (sky130_fd_sc_hd__nor2_1)
   0.1499    6.3440 ^ fpu_exe_unit/FPUUnit/fpu/dfma/fma/mulAddRecFNToRaw_preMul/_1762_/Y (sky130_fd_sc_hd__a21oi_1)
   0.1072    6.4511 v fpu_exe_unit/FPUUnit/fpu/dfma/fma/mulAddRecFNToRaw_preMul/_1763_/Y (sky130_fd_sc_hd__mux2i_1)
   0.2246    6.6758 ^ fpu_exe_unit/FPUUnit/fpu/dfma/fma/mulAddRecFNToRaw_preMul/_1764_/Y (sky130_fd_sc_hd__a21oi_1)
   0.0630    6.7388 v fpu_exe_unit/FPUUnit/fpu/dfma/fma/mulAddRecFNToRaw_preMul/_1765_/Y (sky130_fd_sc_hd__nor2_1)
   0.1979    6.9367 v fpu_exe_unit/FPUUnit/fpu/dfma/fma/mulAddRecFNToRaw_preMul/_1766_/X (sky130_fd_sc_hd__o22a_1)
   0.3822    7.3188 v fpu_exe_unit/FPUUnit/fpu/dfma/fma/_15656_/X (sky130_fd_sc_hd__xnor3_1)
   0.3964    7.7153 v fpu_exe_unit/FPUUnit/fpu/dfma/fma/_15669_/X (sky130_fd_sc_hd__maj3_1)
   0.3777    8.0930 v fpu_exe_unit/FPUUnit/fpu/dfma/fma/_15690_/X (sky130_fd_sc_hd__maj3_1)
   0.3929    8.4858 v fpu_exe_unit/FPUUnit/fpu/dfma/fma/_15718_/X (sky130_fd_sc_hd__maj3_1)
   0.3979    8.8837 v fpu_exe_unit/FPUUnit/fpu/dfma/fma/_15741_/X (sky130_fd_sc_hd__xor3_1)
   0.1695    9.0532 ^ fpu_exe_unit/FPUUnit/fpu/dfma/fma/_15751_/Y (sky130_fd_sc_hd__nor2_1)
   0.2943    9.3475 ^ fpu_exe_unit/FPUUnit/fpu/dfma/fma/_15789_/X (sky130_fd_sc_hd__xor3_1)
   0.1440    9.4915 v fpu_exe_unit/FPUUnit/fpu/dfma/fma/_15790_/Y (sky130_fd_sc_hd__nand4bb_1)
   0.3515    9.8430 v fpu_exe_unit/FPUUnit/fpu/dfma/fma/_15837_/X (sky130_fd_sc_hd__or2_2)
   0.3724   10.2154 v fpu_exe_unit/FPUUnit/fpu/dfma/fma/_15891_/X (sky130_fd_sc_hd__maj3_1)
   0.3778   10.5932 v fpu_exe_unit/FPUUnit/fpu/dfma/fma/_15946_/X (sky130_fd_sc_hd__maj3_1)
   0.3853   10.9785 v fpu_exe_unit/FPUUnit/fpu/dfma/fma/_16018_/X (sky130_fd_sc_hd__maj3_1)
   0.3669   11.3454 v fpu_exe_unit/FPUUnit/fpu/dfma/fma/_16084_/X (sky130_fd_sc_hd__maj3_1)
   0.3753   11.7207 v fpu_exe_unit/FPUUnit/fpu/dfma/fma/_16150_/X (sky130_fd_sc_hd__maj3_1)
   0.3716   12.0924 v fpu_exe_unit/FPUUnit/fpu/dfma/fma/_16236_/X (sky130_fd_sc_hd__maj3_1)
   0.3656   12.4580 v fpu_exe_unit/FPUUnit/fpu/dfma/fma/_16331_/X (sky130_fd_sc_hd__maj3_1)
   0.3227   12.7806 ^ fpu_exe_unit/FPUUnit/fpu/dfma/fma/_16425_/Y (sky130_fd_sc_hd__o21ai_0)
   0.1187   12.8993 v fpu_exe_unit/FPUUnit/fpu/dfma/fma/_16955_/Y (sky130_fd_sc_hd__a211oi_1)
   0.3448   13.2441 ^ fpu_exe_unit/FPUUnit/fpu/dfma/fma/_16956_/Y (sky130_fd_sc_hd__o311ai_0)
   0.1911   13.4352 v fpu_exe_unit/FPUUnit/fpu/dfma/fma/_17093_/Y (sky130_fd_sc_hd__nand4_1)
   0.3235   13.7588 ^ fpu_exe_unit/FPUUnit/fpu/dfma/fma/_17388_/Y (sky130_fd_sc_hd__a211oi_1)
   0.1962   13.9550 v fpu_exe_unit/FPUUnit/fpu/dfma/fma/_17685_/Y (sky130_fd_sc_hd__o311ai_0)
   0.2651   14.2201 ^ fpu_exe_unit/FPUUnit/fpu/dfma/fma/_17989_/Y (sky130_fd_sc_hd__a211oi_1)
   0.1397   14.3598 v fpu_exe_unit/FPUUnit/fpu/dfma/fma/_18300_/Y (sky130_fd_sc_hd__o211ai_1)
   0.4212   14.7810 ^ fpu_exe_unit/FPUUnit/fpu/dfma/fma/_19021_/Y (sky130_fd_sc_hd__a2111oi_0)
   0.2639   15.0448 v fpu_exe_unit/FPUUnit/fpu/dfma/fma/_19832_/Y (sky130_fd_sc_hd__a2111oi_0)
   0.3827   15.4275 v fpu_exe_unit/FPUUnit/fpu/dfma/fma/_21839_/X (sky130_fd_sc_hd__o31a_1)
   0.3912   15.8187 ^ fpu_exe_unit/FPUUnit/fpu/dfma/fma/_22105_/Y (sky130_fd_sc_hd__o31ai_1)
   0.2506   16.0693 ^ fpu_exe_unit/FPUUnit/fpu/dfma/fma/_22629_/X (sky130_fd_sc_hd__a31o_2)
   0.1211   16.1903 v fpu_exe_unit/FPUUnit/fpu/dfma/fma/_23185_/Y (sky130_fd_sc_hd__a31oi_1)
   0.3854   16.5758 ^ fpu_exe_unit/FPUUnit/fpu/dfma/fma/_23741_/Y (sky130_fd_sc_hd__o21ai_0)
   0.1565   16.7322 v fpu_exe_unit/FPUUnit/fpu/dfma/fma/_25946_/Y (sky130_fd_sc_hd__nand4bb_1)
   0.5684   17.3006 ^ fpu_exe_unit/FPUUnit/fpu/dfma/fma/_26630_/Y (sky130_fd_sc_hd__a2111oi_0)
   0.2519   17.5525 v fpu_exe_unit/FPUUnit/fpu/dfma/fma/_28157_/Y (sky130_fd_sc_hd__o2111ai_1)
   0.3749   17.9274 v fpu_exe_unit/FPUUnit/fpu/dfma/fma/_29062_/X (sky130_fd_sc_hd__a221o_1)
   0.1542   18.0816 ^ fpu_exe_unit/FPUUnit/fpu/dfma/fma/_29326_/Y (sky130_fd_sc_hd__a21oi_1)
   0.1200   18.2016 v fpu_exe_unit/FPUUnit/fpu/dfma/fma/_29570_/Y (sky130_fd_sc_hd__o21ai_0)
   0.1323   18.3339 ^ fpu_exe_unit/FPUUnit/fpu/dfma/fma/_30179_/Y (sky130_fd_sc_hd__a21oi_1)
   0.1252   18.4591 v fpu_exe_unit/FPUUnit/fpu/dfma/fma/_30182_/Y (sky130_fd_sc_hd__o211ai_1)
   0.1733   18.6324 ^ fpu_exe_unit/FPUUnit/fpu/dfma/fma/_30488_/Y (sky130_fd_sc_hd__a21oi_1)
   0.1534   18.7858 v fpu_exe_unit/FPUUnit/fpu/dfma/fma/_30606_/Y (sky130_fd_sc_hd__o211ai_1)
   0.1891   18.9749 v fpu_exe_unit/FPUUnit/fpu/dfma/fma/_30647_/X (sky130_fd_sc_hd__a21o_1)
   0.1175   19.0925 ^ fpu_exe_unit/FPUUnit/fpu/dfma/fma/_30649_/Y (sky130_fd_sc_hd__a21oi_1)
   0.0590   19.1515 v fpu_exe_unit/FPUUnit/fpu/dfma/fma/_30651_/Y (sky130_fd_sc_hd__nor2_1)
   0.0035   19.1549 v fpu_exe_unit/FPUUnit/fpu/dfma/fma/_31132_/D (sky130_fd_sc_hd__dfxtp_1)
            19.1549   data arrival time

  20.0000   20.0000   clock clock (rise edge)
   0.0000   20.0000   clock network delay (ideal)
   0.0000   20.0000   clock reconvergence pessimism
            20.0000 ^ fpu_exe_unit/FPUUnit/fpu/dfma/fma/_31132_/CLK (sky130_fd_sc_hd__dfxtp_1)
  -0.1165   19.8835   library setup time
            19.8835   data required time
-------------------------------------------------------------
            19.8835   data required time
           -19.1549   data arrival time
-------------------------------------------------------------
             0.7285   slack (MET)


Startpoint: fpu_exe_unit/FPUUnit/fpu/dfma/_1310_
            (rising edge-triggered flip-flop clocked by clock)
Endpoint: fpu_exe_unit/FPUUnit/fpu/dfma/fma/_31123_
          (rising edge-triggered flip-flop clocked by clock)
Path Group: clock
Path Type: max

    Delay      Time   Description
-------------------------------------------------------------
   0.0000    0.0000   clock clock (rise edge)
   0.0000    0.0000   clock network delay (ideal)
   0.0000    0.0000 ^ fpu_exe_unit/FPUUnit/fpu/dfma/_1310_/CLK (sky130_fd_sc_hd__dfxtp_1)
   0.2995    0.2995 v fpu_exe_unit/FPUUnit/fpu/dfma/_1310_/Q (sky130_fd_sc_hd__dfxtp_1)
   0.1614    0.4609 v fpu_exe_unit/FPUUnit/fpu/dfma/fma/mulAddRecFNToRaw_preMul/_1092_/Y (sky130_fd_sc_hd__xnor2_1)
   0.3226    0.7835 ^ fpu_exe_unit/FPUUnit/fpu/dfma/fma/mulAddRecFNToRaw_preMul/_1094_/Y (sky130_fd_sc_hd__o21ai_0)
   0.1761    0.9596 v fpu_exe_unit/FPUUnit/fpu/dfma/fma/mulAddRecFNToRaw_preMul/_1097_/Y (sky130_fd_sc_hd__a31oi_1)
   0.4045    1.3640 v fpu_exe_unit/FPUUnit/fpu/dfma/fma/mulAddRecFNToRaw_preMul/_1098_/X (sky130_fd_sc_hd__maj3_1)
   0.3959    1.7600 v fpu_exe_unit/FPUUnit/fpu/dfma/fma/mulAddRecFNToRaw_preMul/_1099_/X (sky130_fd_sc_hd__maj3_1)
   0.3973    2.1573 v fpu_exe_unit/FPUUnit/fpu/dfma/fma/mulAddRecFNToRaw_preMul/_1100_/X (sky130_fd_sc_hd__maj3_1)
   0.4055    2.5628 v fpu_exe_unit/FPUUnit/fpu/dfma/fma/mulAddRecFNToRaw_preMul/_1101_/X (sky130_fd_sc_hd__maj3_1)
   0.3551    2.9179 v fpu_exe_unit/FPUUnit/fpu/dfma/fma/mulAddRecFNToRaw_preMul/_1121_/X (sky130_fd_sc_hd__maj3_1)
   0.2007    3.1186 v fpu_exe_unit/FPUUnit/fpu/dfma/fma/mulAddRecFNToRaw_preMul/_1122_/X (sky130_fd_sc_hd__xor2_1)
   0.1942    3.3128 ^ fpu_exe_unit/FPUUnit/fpu/dfma/fma/mulAddRecFNToRaw_preMul/_1152_/Y (sky130_fd_sc_hd__o221ai_1)
   0.1518    3.4647 v fpu_exe_unit/FPUUnit/fpu/dfma/fma/mulAddRecFNToRaw_preMul/_1158_/Y (sky130_fd_sc_hd__a32oi_1)
   0.4189    3.8835 v fpu_exe_unit/FPUUnit/fpu/dfma/fma/mulAddRecFNToRaw_preMul/_1159_/X (sky130_fd_sc_hd__maj3_1)
   0.2588    4.1424 v fpu_exe_unit/FPUUnit/fpu/dfma/fma/mulAddRecFNToRaw_preMul/_1177_/X (sky130_fd_sc_hd__o2111a_1)
   0.1835    4.3259 v fpu_exe_unit/FPUUnit/fpu/dfma/fma/mulAddRecFNToRaw_preMul/_1178_/X (sky130_fd_sc_hd__clkbuf_1)
   0.1411    4.4670 ^ fpu_exe_unit/FPUUnit/fpu/dfma/fma/mulAddRecFNToRaw_preMul/_1203_/Y (sky130_fd_sc_hd__nand4_1)
   0.3339    4.8008 ^ fpu_exe_unit/FPUUnit/fpu/dfma/fma/mulAddRecFNToRaw_preMul/_1204_/X (sky130_fd_sc_hd__lpflow_clkbufkapwr_1)
   0.3198    5.1206 ^ fpu_exe_unit/FPUUnit/fpu/dfma/fma/mulAddRecFNToRaw_preMul/_1307_/X (sky130_fd_sc_hd__buf_2)
   0.4406    5.5612 ^ fpu_exe_unit/FPUUnit/fpu/dfma/fma/mulAddRecFNToRaw_preMul/_1308_/X (sky130_fd_sc_hd__lpflow_clkbufkapwr_1)
   0.4049    5.9661 v fpu_exe_unit/FPUUnit/fpu/dfma/fma/mulAddRecFNToRaw_preMul/_1618_/X (sky130_fd_sc_hd__mux2_2)
   0.1693    6.1354 ^ fpu_exe_unit/FPUUnit/fpu/dfma/fma/mulAddRecFNToRaw_preMul/_1760_/Y (sky130_fd_sc_hd__mux2i_1)
   0.0586    6.1940 v fpu_exe_unit/FPUUnit/fpu/dfma/fma/mulAddRecFNToRaw_preMul/_1761_/Y (sky130_fd_sc_hd__nor2_1)
   0.1499    6.3440 ^ fpu_exe_unit/FPUUnit/fpu/dfma/fma/mulAddRecFNToRaw_preMul/_1762_/Y (sky130_fd_sc_hd__a21oi_1)
   0.1072    6.4511 v fpu_exe_unit/FPUUnit/fpu/dfma/fma/mulAddRecFNToRaw_preMul/_1763_/Y (sky130_fd_sc_hd__mux2i_1)
   0.2246    6.6758 ^ fpu_exe_unit/FPUUnit/fpu/dfma/fma/mulAddRecFNToRaw_preMul/_1764_/Y (sky130_fd_sc_hd__a21oi_1)
   0.0630    6.7388 v fpu_exe_unit/FPUUnit/fpu/dfma/fma/mulAddRecFNToRaw_preMul/_1765_/Y (sky130_fd_sc_hd__nor2_1)
   0.1979    6.9367 v fpu_exe_unit/FPUUnit/fpu/dfma/fma/mulAddRecFNToRaw_preMul/_1766_/X (sky130_fd_sc_hd__o22a_1)
   0.3822    7.3188 v fpu_exe_unit/FPUUnit/fpu/dfma/fma/_15656_/X (sky130_fd_sc_hd__xnor3_1)
   0.3964    7.7153 v fpu_exe_unit/FPUUnit/fpu/dfma/fma/_15669_/X (sky130_fd_sc_hd__maj3_1)
   0.3777    8.0930 v fpu_exe_unit/FPUUnit/fpu/dfma/fma/_15690_/X (sky130_fd_sc_hd__maj3_1)
   0.3929    8.4858 v fpu_exe_unit/FPUUnit/fpu/dfma/fma/_15718_/X (sky130_fd_sc_hd__maj3_1)
   0.3979    8.8837 v fpu_exe_unit/FPUUnit/fpu/dfma/fma/_15741_/X (sky130_fd_sc_hd__xor3_1)
   0.1695    9.0532 ^ fpu_exe_unit/FPUUnit/fpu/dfma/fma/_15751_/Y (sky130_fd_sc_hd__nor2_1)
   0.2943    9.3475 ^ fpu_exe_unit/FPUUnit/fpu/dfma/fma/_15789_/X (sky130_fd_sc_hd__xor3_1)
   0.1440    9.4915 v fpu_exe_unit/FPUUnit/fpu/dfma/fma/_15790_/Y (sky130_fd_sc_hd__nand4bb_1)
   0.3515    9.8430 v fpu_exe_unit/FPUUnit/fpu/dfma/fma/_15837_/X (sky130_fd_sc_hd__or2_2)
   0.3724   10.2154 v fpu_exe_unit/FPUUnit/fpu/dfma/fma/_15891_/X (sky130_fd_sc_hd__maj3_1)
   0.3778   10.5932 v fpu_exe_unit/FPUUnit/fpu/dfma/fma/_15946_/X (sky130_fd_sc_hd__maj3_1)
   0.3853   10.9785 v fpu_exe_unit/FPUUnit/fpu/dfma/fma/_16018_/X (sky130_fd_sc_hd__maj3_1)
   0.3669   11.3454 v fpu_exe_unit/FPUUnit/fpu/dfma/fma/_16084_/X (sky130_fd_sc_hd__maj3_1)
   0.3753   11.7207 v fpu_exe_unit/FPUUnit/fpu/dfma/fma/_16150_/X (sky130_fd_sc_hd__maj3_1)
   0.3716   12.0924 v fpu_exe_unit/FPUUnit/fpu/dfma/fma/_16236_/X (sky130_fd_sc_hd__maj3_1)
   0.3656   12.4580 v fpu_exe_unit/FPUUnit/fpu/dfma/fma/_16331_/X (sky130_fd_sc_hd__maj3_1)
   0.3227   12.7806 ^ fpu_exe_unit/FPUUnit/fpu/dfma/fma/_16425_/Y (sky130_fd_sc_hd__o21ai_0)
   0.1187   12.8993 v fpu_exe_unit/FPUUnit/fpu/dfma/fma/_16955_/Y (sky130_fd_sc_hd__a211oi_1)
   0.3448   13.2441 ^ fpu_exe_unit/FPUUnit/fpu/dfma/fma/_16956_/Y (sky130_fd_sc_hd__o311ai_0)
   0.1911   13.4352 v fpu_exe_unit/FPUUnit/fpu/dfma/fma/_17093_/Y (sky130_fd_sc_hd__nand4_1)
   0.3235   13.7588 ^ fpu_exe_unit/FPUUnit/fpu/dfma/fma/_17388_/Y (sky130_fd_sc_hd__a211oi_1)
   0.1962   13.9550 v fpu_exe_unit/FPUUnit/fpu/dfma/fma/_17685_/Y (sky130_fd_sc_hd__o311ai_0)
   0.2651   14.2201 ^ fpu_exe_unit/FPUUnit/fpu/dfma/fma/_17989_/Y (sky130_fd_sc_hd__a211oi_1)
   0.1397   14.3598 v fpu_exe_unit/FPUUnit/fpu/dfma/fma/_18300_/Y (sky130_fd_sc_hd__o211ai_1)
   0.4212   14.7810 ^ fpu_exe_unit/FPUUnit/fpu/dfma/fma/_19021_/Y (sky130_fd_sc_hd__a2111oi_0)
   0.2639   15.0448 v fpu_exe_unit/FPUUnit/fpu/dfma/fma/_19832_/Y (sky130_fd_sc_hd__a2111oi_0)
   0.3827   15.4275 v fpu_exe_unit/FPUUnit/fpu/dfma/fma/_21839_/X (sky130_fd_sc_hd__o31a_1)
   0.3912   15.8187 ^ fpu_exe_unit/FPUUnit/fpu/dfma/fma/_22105_/Y (sky130_fd_sc_hd__o31ai_1)
   0.2506   16.0693 ^ fpu_exe_unit/FPUUnit/fpu/dfma/fma/_22629_/X (sky130_fd_sc_hd__a31o_2)
   0.1211   16.1903 v fpu_exe_unit/FPUUnit/fpu/dfma/fma/_23185_/Y (sky130_fd_sc_hd__a31oi_1)
   0.3854   16.5758 ^ fpu_exe_unit/FPUUnit/fpu/dfma/fma/_23741_/Y (sky130_fd_sc_hd__o21ai_0)
   0.1565   16.7322 v fpu_exe_unit/FPUUnit/fpu/dfma/fma/_25946_/Y (sky130_fd_sc_hd__nand4bb_1)
   0.5684   17.3006 ^ fpu_exe_unit/FPUUnit/fpu/dfma/fma/_26630_/Y (sky130_fd_sc_hd__a2111oi_0)
   0.2519   17.5525 v fpu_exe_unit/FPUUnit/fpu/dfma/fma/_28157_/Y (sky130_fd_sc_hd__o2111ai_1)
   0.3749   17.9274 v fpu_exe_unit/FPUUnit/fpu/dfma/fma/_29062_/X (sky130_fd_sc_hd__a221o_1)
   0.1542   18.0816 ^ fpu_exe_unit/FPUUnit/fpu/dfma/fma/_29326_/Y (sky130_fd_sc_hd__a21oi_1)
   0.1200   18.2016 v fpu_exe_unit/FPUUnit/fpu/dfma/fma/_29570_/Y (sky130_fd_sc_hd__o21ai_0)
   0.1713   18.3728 v fpu_exe_unit/FPUUnit/fpu/dfma/fma/_29573_/X (sky130_fd_sc_hd__lpflow_inputiso0n_1)
   0.2889   18.6617 ^ fpu_exe_unit/FPUUnit/fpu/dfma/fma/_29798_/Y (sky130_fd_sc_hd__o21ai_0)
   0.1269   18.7887 v fpu_exe_unit/FPUUnit/fpu/dfma/fma/_29900_/Y (sky130_fd_sc_hd__a21oi_1)
   0.1798   18.9684 v fpu_exe_unit/FPUUnit/fpu/dfma/fma/_29994_/X (sky130_fd_sc_hd__xor2_1)
   0.1328   19.1012 ^ fpu_exe_unit/FPUUnit/fpu/dfma/fma/_29997_/Y (sky130_fd_sc_hd__a21oi_1)
   0.0035   19.1047 ^ fpu_exe_unit/FPUUnit/fpu/dfma/fma/_31123_/D (sky130_fd_sc_hd__dfxtp_1)
            19.1047   data arrival time

  20.0000   20.0000   clock clock (rise edge)
   0.0000   20.0000   clock network delay (ideal)
   0.0000   20.0000   clock reconvergence pessimism
            20.0000 ^ fpu_exe_unit/FPUUnit/fpu/dfma/fma/_31123_/CLK (sky130_fd_sc_hd__dfxtp_1)
  -0.0711   19.9289   library setup time
            19.9289   data required time
-------------------------------------------------------------
            19.9289   data required time
           -19.1047   data arrival time
-------------------------------------------------------------
             0.8242   slack (MET)


Startpoint: fpu_exe_unit/FPUUnit/fpu/dfma/_1310_
            (rising edge-triggered flip-flop clocked by clock)
Endpoint: fpu_exe_unit/FPUUnit/fpu/dfma/fma/_31130_
          (rising edge-triggered flip-flop clocked by clock)
Path Group: clock
Path Type: max

    Delay      Time   Description
-------------------------------------------------------------
   0.0000    0.0000   clock clock (rise edge)
   0.0000    0.0000   clock network delay (ideal)
   0.0000    0.0000 ^ fpu_exe_unit/FPUUnit/fpu/dfma/_1310_/CLK (sky130_fd_sc_hd__dfxtp_1)
   0.2995    0.2995 v fpu_exe_unit/FPUUnit/fpu/dfma/_1310_/Q (sky130_fd_sc_hd__dfxtp_1)
   0.1614    0.4609 v fpu_exe_unit/FPUUnit/fpu/dfma/fma/mulAddRecFNToRaw_preMul/_1092_/Y (sky130_fd_sc_hd__xnor2_1)
   0.3226    0.7835 ^ fpu_exe_unit/FPUUnit/fpu/dfma/fma/mulAddRecFNToRaw_preMul/_1094_/Y (sky130_fd_sc_hd__o21ai_0)
   0.1761    0.9596 v fpu_exe_unit/FPUUnit/fpu/dfma/fma/mulAddRecFNToRaw_preMul/_1097_/Y (sky130_fd_sc_hd__a31oi_1)
   0.4045    1.3640 v fpu_exe_unit/FPUUnit/fpu/dfma/fma/mulAddRecFNToRaw_preMul/_1098_/X (sky130_fd_sc_hd__maj3_1)
   0.3959    1.7600 v fpu_exe_unit/FPUUnit/fpu/dfma/fma/mulAddRecFNToRaw_preMul/_1099_/X (sky130_fd_sc_hd__maj3_1)
   0.3973    2.1573 v fpu_exe_unit/FPUUnit/fpu/dfma/fma/mulAddRecFNToRaw_preMul/_1100_/X (sky130_fd_sc_hd__maj3_1)
   0.4055    2.5628 v fpu_exe_unit/FPUUnit/fpu/dfma/fma/mulAddRecFNToRaw_preMul/_1101_/X (sky130_fd_sc_hd__maj3_1)
   0.3551    2.9179 v fpu_exe_unit/FPUUnit/fpu/dfma/fma/mulAddRecFNToRaw_preMul/_1121_/X (sky130_fd_sc_hd__maj3_1)
   0.2007    3.1186 v fpu_exe_unit/FPUUnit/fpu/dfma/fma/mulAddRecFNToRaw_preMul/_1122_/X (sky130_fd_sc_hd__xor2_1)
   0.1942    3.3128 ^ fpu_exe_unit/FPUUnit/fpu/dfma/fma/mulAddRecFNToRaw_preMul/_1152_/Y (sky130_fd_sc_hd__o221ai_1)
   0.1518    3.4647 v fpu_exe_unit/FPUUnit/fpu/dfma/fma/mulAddRecFNToRaw_preMul/_1158_/Y (sky130_fd_sc_hd__a32oi_1)
   0.4189    3.8835 v fpu_exe_unit/FPUUnit/fpu/dfma/fma/mulAddRecFNToRaw_preMul/_1159_/X (sky130_fd_sc_hd__maj3_1)
   0.2588    4.1424 v fpu_exe_unit/FPUUnit/fpu/dfma/fma/mulAddRecFNToRaw_preMul/_1177_/X (sky130_fd_sc_hd__o2111a_1)
   0.1835    4.3259 v fpu_exe_unit/FPUUnit/fpu/dfma/fma/mulAddRecFNToRaw_preMul/_1178_/X (sky130_fd_sc_hd__clkbuf_1)
   0.1411    4.4670 ^ fpu_exe_unit/FPUUnit/fpu/dfma/fma/mulAddRecFNToRaw_preMul/_1203_/Y (sky130_fd_sc_hd__nand4_1)
   0.3339    4.8008 ^ fpu_exe_unit/FPUUnit/fpu/dfma/fma/mulAddRecFNToRaw_preMul/_1204_/X (sky130_fd_sc_hd__lpflow_clkbufkapwr_1)
   0.3198    5.1206 ^ fpu_exe_unit/FPUUnit/fpu/dfma/fma/mulAddRecFNToRaw_preMul/_1307_/X (sky130_fd_sc_hd__buf_2)
   0.4406    5.5612 ^ fpu_exe_unit/FPUUnit/fpu/dfma/fma/mulAddRecFNToRaw_preMul/_1308_/X (sky130_fd_sc_hd__lpflow_clkbufkapwr_1)
   0.4049    5.9661 v fpu_exe_unit/FPUUnit/fpu/dfma/fma/mulAddRecFNToRaw_preMul/_1618_/X (sky130_fd_sc_hd__mux2_2)
   0.1693    6.1354 ^ fpu_exe_unit/FPUUnit/fpu/dfma/fma/mulAddRecFNToRaw_preMul/_1760_/Y (sky130_fd_sc_hd__mux2i_1)
   0.0586    6.1940 v fpu_exe_unit/FPUUnit/fpu/dfma/fma/mulAddRecFNToRaw_preMul/_1761_/Y (sky130_fd_sc_hd__nor2_1)
   0.1499    6.3440 ^ fpu_exe_unit/FPUUnit/fpu/dfma/fma/mulAddRecFNToRaw_preMul/_1762_/Y (sky130_fd_sc_hd__a21oi_1)
   0.1072    6.4511 v fpu_exe_unit/FPUUnit/fpu/dfma/fma/mulAddRecFNToRaw_preMul/_1763_/Y (sky130_fd_sc_hd__mux2i_1)
   0.2246    6.6758 ^ fpu_exe_unit/FPUUnit/fpu/dfma/fma/mulAddRecFNToRaw_preMul/_1764_/Y (sky130_fd_sc_hd__a21oi_1)
   0.0630    6.7388 v fpu_exe_unit/FPUUnit/fpu/dfma/fma/mulAddRecFNToRaw_preMul/_1765_/Y (sky130_fd_sc_hd__nor2_1)
   0.1979    6.9367 v fpu_exe_unit/FPUUnit/fpu/dfma/fma/mulAddRecFNToRaw_preMul/_1766_/X (sky130_fd_sc_hd__o22a_1)
   0.3822    7.3188 v fpu_exe_unit/FPUUnit/fpu/dfma/fma/_15656_/X (sky130_fd_sc_hd__xnor3_1)
   0.3964    7.7153 v fpu_exe_unit/FPUUnit/fpu/dfma/fma/_15669_/X (sky130_fd_sc_hd__maj3_1)
   0.3777    8.0930 v fpu_exe_unit/FPUUnit/fpu/dfma/fma/_15690_/X (sky130_fd_sc_hd__maj3_1)
   0.3929    8.4858 v fpu_exe_unit/FPUUnit/fpu/dfma/fma/_15718_/X (sky130_fd_sc_hd__maj3_1)
   0.3979    8.8837 v fpu_exe_unit/FPUUnit/fpu/dfma/fma/_15741_/X (sky130_fd_sc_hd__xor3_1)
   0.1695    9.0532 ^ fpu_exe_unit/FPUUnit/fpu/dfma/fma/_15751_/Y (sky130_fd_sc_hd__nor2_1)
   0.2943    9.3475 ^ fpu_exe_unit/FPUUnit/fpu/dfma/fma/_15789_/X (sky130_fd_sc_hd__xor3_1)
   0.1440    9.4915 v fpu_exe_unit/FPUUnit/fpu/dfma/fma/_15790_/Y (sky130_fd_sc_hd__nand4bb_1)
   0.3515    9.8430 v fpu_exe_unit/FPUUnit/fpu/dfma/fma/_15837_/X (sky130_fd_sc_hd__or2_2)
   0.3724   10.2154 v fpu_exe_unit/FPUUnit/fpu/dfma/fma/_15891_/X (sky130_fd_sc_hd__maj3_1)
   0.3778   10.5932 v fpu_exe_unit/FPUUnit/fpu/dfma/fma/_15946_/X (sky130_fd_sc_hd__maj3_1)
   0.3853   10.9785 v fpu_exe_unit/FPUUnit/fpu/dfma/fma/_16018_/X (sky130_fd_sc_hd__maj3_1)
   0.3669   11.3454 v fpu_exe_unit/FPUUnit/fpu/dfma/fma/_16084_/X (sky130_fd_sc_hd__maj3_1)
   0.3753   11.7207 v fpu_exe_unit/FPUUnit/fpu/dfma/fma/_16150_/X (sky130_fd_sc_hd__maj3_1)
   0.3716   12.0924 v fpu_exe_unit/FPUUnit/fpu/dfma/fma/_16236_/X (sky130_fd_sc_hd__maj3_1)
   0.3656   12.4580 v fpu_exe_unit/FPUUnit/fpu/dfma/fma/_16331_/X (sky130_fd_sc_hd__maj3_1)
   0.3227   12.7806 ^ fpu_exe_unit/FPUUnit/fpu/dfma/fma/_16425_/Y (sky130_fd_sc_hd__o21ai_0)
   0.1187   12.8993 v fpu_exe_unit/FPUUnit/fpu/dfma/fma/_16955_/Y (sky130_fd_sc_hd__a211oi_1)
   0.3448   13.2441 ^ fpu_exe_unit/FPUUnit/fpu/dfma/fma/_16956_/Y (sky130_fd_sc_hd__o311ai_0)
   0.1911   13.4352 v fpu_exe_unit/FPUUnit/fpu/dfma/fma/_17093_/Y (sky130_fd_sc_hd__nand4_1)
   0.3235   13.7588 ^ fpu_exe_unit/FPUUnit/fpu/dfma/fma/_17388_/Y (sky130_fd_sc_hd__a211oi_1)
   0.1962   13.9550 v fpu_exe_unit/FPUUnit/fpu/dfma/fma/_17685_/Y (sky130_fd_sc_hd__o311ai_0)
   0.2651   14.2201 ^ fpu_exe_unit/FPUUnit/fpu/dfma/fma/_17989_/Y (sky130_fd_sc_hd__a211oi_1)
   0.1397   14.3598 v fpu_exe_unit/FPUUnit/fpu/dfma/fma/_18300_/Y (sky130_fd_sc_hd__o211ai_1)
   0.4212   14.7810 ^ fpu_exe_unit/FPUUnit/fpu/dfma/fma/_19021_/Y (sky130_fd_sc_hd__a2111oi_0)
   0.2639   15.0448 v fpu_exe_unit/FPUUnit/fpu/dfma/fma/_19832_/Y (sky130_fd_sc_hd__a2111oi_0)
   0.3827   15.4275 v fpu_exe_unit/FPUUnit/fpu/dfma/fma/_21839_/X (sky130_fd_sc_hd__o31a_1)
   0.3912   15.8187 ^ fpu_exe_unit/FPUUnit/fpu/dfma/fma/_22105_/Y (sky130_fd_sc_hd__o31ai_1)
   0.2506   16.0693 ^ fpu_exe_unit/FPUUnit/fpu/dfma/fma/_22629_/X (sky130_fd_sc_hd__a31o_2)
   0.1211   16.1903 v fpu_exe_unit/FPUUnit/fpu/dfma/fma/_23185_/Y (sky130_fd_sc_hd__a31oi_1)
   0.3854   16.5758 ^ fpu_exe_unit/FPUUnit/fpu/dfma/fma/_23741_/Y (sky130_fd_sc_hd__o21ai_0)
   0.1565   16.7322 v fpu_exe_unit/FPUUnit/fpu/dfma/fma/_25946_/Y (sky130_fd_sc_hd__nand4bb_1)
   0.5684   17.3006 ^ fpu_exe_unit/FPUUnit/fpu/dfma/fma/_26630_/Y (sky130_fd_sc_hd__a2111oi_0)
   0.2519   17.5525 v fpu_exe_unit/FPUUnit/fpu/dfma/fma/_28157_/Y (sky130_fd_sc_hd__o2111ai_1)
   0.3749   17.9274 v fpu_exe_unit/FPUUnit/fpu/dfma/fma/_29062_/X (sky130_fd_sc_hd__a221o_1)
   0.1542   18.0816 ^ fpu_exe_unit/FPUUnit/fpu/dfma/fma/_29326_/Y (sky130_fd_sc_hd__a21oi_1)
   0.1200   18.2016 v fpu_exe_unit/FPUUnit/fpu/dfma/fma/_29570_/Y (sky130_fd_sc_hd__o21ai_0)
   0.1323   18.3339 ^ fpu_exe_unit/FPUUnit/fpu/dfma/fma/_30179_/Y (sky130_fd_sc_hd__a21oi_1)
   0.1252   18.4591 v fpu_exe_unit/FPUUnit/fpu/dfma/fma/_30182_/Y (sky130_fd_sc_hd__o211ai_1)
   0.1733   18.6324 ^ fpu_exe_unit/FPUUnit/fpu/dfma/fma/_30488_/Y (sky130_fd_sc_hd__a21oi_1)
   0.0870   18.7194 v fpu_exe_unit/FPUUnit/fpu/dfma/fma/_30492_/Y (sky130_fd_sc_hd__nor2_1)
   0.1537   18.8730 ^ fpu_exe_unit/FPUUnit/fpu/dfma/fma/_30549_/Y (sky130_fd_sc_hd__xnor2_1)
   0.0787   18.9517 v fpu_exe_unit/FPUUnit/fpu/dfma/fma/_30551_/Y (sky130_fd_sc_hd__a21oi_1)
   0.0035   18.9552 v fpu_exe_unit/FPUUnit/fpu/dfma/fma/_31130_/D (sky130_fd_sc_hd__dfxtp_1)
            18.9552   data arrival time

  20.0000   20.0000   clock clock (rise edge)
   0.0000   20.0000   clock network delay (ideal)
   0.0000   20.0000   clock reconvergence pessimism
            20.0000 ^ fpu_exe_unit/FPUUnit/fpu/dfma/fma/_31130_/CLK (sky130_fd_sc_hd__dfxtp_1)
  -0.1345   19.8655   library setup time
            19.8655   data required time
-------------------------------------------------------------
            19.8655   data required time
           -18.9552   data arrival time
-------------------------------------------------------------
             0.9104   slack (MET)


Startpoint: fpu_exe_unit/FPUUnit/fpu/dfma/_1310_
            (rising edge-triggered flip-flop clocked by clock)
Endpoint: fpu_exe_unit/FPUUnit/fpu/dfma/fma/_31122_
          (rising edge-triggered flip-flop clocked by clock)
Path Group: clock
Path Type: max

    Delay      Time   Description
-------------------------------------------------------------
   0.0000    0.0000   clock clock (rise edge)
   0.0000    0.0000   clock network delay (ideal)
   0.0000    0.0000 ^ fpu_exe_unit/FPUUnit/fpu/dfma/_1310_/CLK (sky130_fd_sc_hd__dfxtp_1)
   0.2995    0.2995 v fpu_exe_unit/FPUUnit/fpu/dfma/_1310_/Q (sky130_fd_sc_hd__dfxtp_1)
   0.1614    0.4609 v fpu_exe_unit/FPUUnit/fpu/dfma/fma/mulAddRecFNToRaw_preMul/_1092_/Y (sky130_fd_sc_hd__xnor2_1)
   0.3226    0.7835 ^ fpu_exe_unit/FPUUnit/fpu/dfma/fma/mulAddRecFNToRaw_preMul/_1094_/Y (sky130_fd_sc_hd__o21ai_0)
   0.1761    0.9596 v fpu_exe_unit/FPUUnit/fpu/dfma/fma/mulAddRecFNToRaw_preMul/_1097_/Y (sky130_fd_sc_hd__a31oi_1)
   0.4045    1.3640 v fpu_exe_unit/FPUUnit/fpu/dfma/fma/mulAddRecFNToRaw_preMul/_1098_/X (sky130_fd_sc_hd__maj3_1)
   0.3959    1.7600 v fpu_exe_unit/FPUUnit/fpu/dfma/fma/mulAddRecFNToRaw_preMul/_1099_/X (sky130_fd_sc_hd__maj3_1)
   0.3973    2.1573 v fpu_exe_unit/FPUUnit/fpu/dfma/fma/mulAddRecFNToRaw_preMul/_1100_/X (sky130_fd_sc_hd__maj3_1)
   0.4055    2.5628 v fpu_exe_unit/FPUUnit/fpu/dfma/fma/mulAddRecFNToRaw_preMul/_1101_/X (sky130_fd_sc_hd__maj3_1)
   0.3551    2.9179 v fpu_exe_unit/FPUUnit/fpu/dfma/fma/mulAddRecFNToRaw_preMul/_1121_/X (sky130_fd_sc_hd__maj3_1)
   0.2007    3.1186 v fpu_exe_unit/FPUUnit/fpu/dfma/fma/mulAddRecFNToRaw_preMul/_1122_/X (sky130_fd_sc_hd__xor2_1)
   0.1942    3.3128 ^ fpu_exe_unit/FPUUnit/fpu/dfma/fma/mulAddRecFNToRaw_preMul/_1152_/Y (sky130_fd_sc_hd__o221ai_1)
   0.1518    3.4647 v fpu_exe_unit/FPUUnit/fpu/dfma/fma/mulAddRecFNToRaw_preMul/_1158_/Y (sky130_fd_sc_hd__a32oi_1)
   0.4189    3.8835 v fpu_exe_unit/FPUUnit/fpu/dfma/fma/mulAddRecFNToRaw_preMul/_1159_/X (sky130_fd_sc_hd__maj3_1)
   0.2588    4.1424 v fpu_exe_unit/FPUUnit/fpu/dfma/fma/mulAddRecFNToRaw_preMul/_1177_/X (sky130_fd_sc_hd__o2111a_1)
   0.1835    4.3259 v fpu_exe_unit/FPUUnit/fpu/dfma/fma/mulAddRecFNToRaw_preMul/_1178_/X (sky130_fd_sc_hd__clkbuf_1)
   0.1411    4.4670 ^ fpu_exe_unit/FPUUnit/fpu/dfma/fma/mulAddRecFNToRaw_preMul/_1203_/Y (sky130_fd_sc_hd__nand4_1)
   0.3339    4.8008 ^ fpu_exe_unit/FPUUnit/fpu/dfma/fma/mulAddRecFNToRaw_preMul/_1204_/X (sky130_fd_sc_hd__lpflow_clkbufkapwr_1)
   0.3198    5.1206 ^ fpu_exe_unit/FPUUnit/fpu/dfma/fma/mulAddRecFNToRaw_preMul/_1307_/X (sky130_fd_sc_hd__buf_2)
   0.4406    5.5612 ^ fpu_exe_unit/FPUUnit/fpu/dfma/fma/mulAddRecFNToRaw_preMul/_1308_/X (sky130_fd_sc_hd__lpflow_clkbufkapwr_1)
   0.4049    5.9661 v fpu_exe_unit/FPUUnit/fpu/dfma/fma/mulAddRecFNToRaw_preMul/_1618_/X (sky130_fd_sc_hd__mux2_2)
   0.1693    6.1354 ^ fpu_exe_unit/FPUUnit/fpu/dfma/fma/mulAddRecFNToRaw_preMul/_1760_/Y (sky130_fd_sc_hd__mux2i_1)
   0.0586    6.1940 v fpu_exe_unit/FPUUnit/fpu/dfma/fma/mulAddRecFNToRaw_preMul/_1761_/Y (sky130_fd_sc_hd__nor2_1)
   0.1499    6.3440 ^ fpu_exe_unit/FPUUnit/fpu/dfma/fma/mulAddRecFNToRaw_preMul/_1762_/Y (sky130_fd_sc_hd__a21oi_1)
   0.1072    6.4511 v fpu_exe_unit/FPUUnit/fpu/dfma/fma/mulAddRecFNToRaw_preMul/_1763_/Y (sky130_fd_sc_hd__mux2i_1)
   0.2246    6.6758 ^ fpu_exe_unit/FPUUnit/fpu/dfma/fma/mulAddRecFNToRaw_preMul/_1764_/Y (sky130_fd_sc_hd__a21oi_1)
   0.0630    6.7388 v fpu_exe_unit/FPUUnit/fpu/dfma/fma/mulAddRecFNToRaw_preMul/_1765_/Y (sky130_fd_sc_hd__nor2_1)
   0.1979    6.9367 v fpu_exe_unit/FPUUnit/fpu/dfma/fma/mulAddRecFNToRaw_preMul/_1766_/X (sky130_fd_sc_hd__o22a_1)
   0.3822    7.3188 v fpu_exe_unit/FPUUnit/fpu/dfma/fma/_15656_/X (sky130_fd_sc_hd__xnor3_1)
   0.3964    7.7153 v fpu_exe_unit/FPUUnit/fpu/dfma/fma/_15669_/X (sky130_fd_sc_hd__maj3_1)
   0.3777    8.0930 v fpu_exe_unit/FPUUnit/fpu/dfma/fma/_15690_/X (sky130_fd_sc_hd__maj3_1)
   0.3929    8.4858 v fpu_exe_unit/FPUUnit/fpu/dfma/fma/_15718_/X (sky130_fd_sc_hd__maj3_1)
   0.3979    8.8837 v fpu_exe_unit/FPUUnit/fpu/dfma/fma/_15741_/X (sky130_fd_sc_hd__xor3_1)
   0.1695    9.0532 ^ fpu_exe_unit/FPUUnit/fpu/dfma/fma/_15751_/Y (sky130_fd_sc_hd__nor2_1)
   0.2943    9.3475 ^ fpu_exe_unit/FPUUnit/fpu/dfma/fma/_15789_/X (sky130_fd_sc_hd__xor3_1)
   0.1440    9.4915 v fpu_exe_unit/FPUUnit/fpu/dfma/fma/_15790_/Y (sky130_fd_sc_hd__nand4bb_1)
   0.3515    9.8430 v fpu_exe_unit/FPUUnit/fpu/dfma/fma/_15837_/X (sky130_fd_sc_hd__or2_2)
   0.3724   10.2154 v fpu_exe_unit/FPUUnit/fpu/dfma/fma/_15891_/X (sky130_fd_sc_hd__maj3_1)
   0.3778   10.5932 v fpu_exe_unit/FPUUnit/fpu/dfma/fma/_15946_/X (sky130_fd_sc_hd__maj3_1)
   0.3853   10.9785 v fpu_exe_unit/FPUUnit/fpu/dfma/fma/_16018_/X (sky130_fd_sc_hd__maj3_1)
   0.3669   11.3454 v fpu_exe_unit/FPUUnit/fpu/dfma/fma/_16084_/X (sky130_fd_sc_hd__maj3_1)
   0.3753   11.7207 v fpu_exe_unit/FPUUnit/fpu/dfma/fma/_16150_/X (sky130_fd_sc_hd__maj3_1)
   0.3716   12.0924 v fpu_exe_unit/FPUUnit/fpu/dfma/fma/_16236_/X (sky130_fd_sc_hd__maj3_1)
   0.3656   12.4580 v fpu_exe_unit/FPUUnit/fpu/dfma/fma/_16331_/X (sky130_fd_sc_hd__maj3_1)
   0.3227   12.7806 ^ fpu_exe_unit/FPUUnit/fpu/dfma/fma/_16425_/Y (sky130_fd_sc_hd__o21ai_0)
   0.1187   12.8993 v fpu_exe_unit/FPUUnit/fpu/dfma/fma/_16955_/Y (sky130_fd_sc_hd__a211oi_1)
   0.3448   13.2441 ^ fpu_exe_unit/FPUUnit/fpu/dfma/fma/_16956_/Y (sky130_fd_sc_hd__o311ai_0)
   0.1911   13.4352 v fpu_exe_unit/FPUUnit/fpu/dfma/fma/_17093_/Y (sky130_fd_sc_hd__nand4_1)
   0.3235   13.7588 ^ fpu_exe_unit/FPUUnit/fpu/dfma/fma/_17388_/Y (sky130_fd_sc_hd__a211oi_1)
   0.1962   13.9550 v fpu_exe_unit/FPUUnit/fpu/dfma/fma/_17685_/Y (sky130_fd_sc_hd__o311ai_0)
   0.2651   14.2201 ^ fpu_exe_unit/FPUUnit/fpu/dfma/fma/_17989_/Y (sky130_fd_sc_hd__a211oi_1)
   0.1397   14.3598 v fpu_exe_unit/FPUUnit/fpu/dfma/fma/_18300_/Y (sky130_fd_sc_hd__o211ai_1)
   0.4212   14.7810 ^ fpu_exe_unit/FPUUnit/fpu/dfma/fma/_19021_/Y (sky130_fd_sc_hd__a2111oi_0)
   0.2639   15.0448 v fpu_exe_unit/FPUUnit/fpu/dfma/fma/_19832_/Y (sky130_fd_sc_hd__a2111oi_0)
   0.3827   15.4275 v fpu_exe_unit/FPUUnit/fpu/dfma/fma/_21839_/X (sky130_fd_sc_hd__o31a_1)
   0.3912   15.8187 ^ fpu_exe_unit/FPUUnit/fpu/dfma/fma/_22105_/Y (sky130_fd_sc_hd__o31ai_1)
   0.2506   16.0693 ^ fpu_exe_unit/FPUUnit/fpu/dfma/fma/_22629_/X (sky130_fd_sc_hd__a31o_2)
   0.1211   16.1903 v fpu_exe_unit/FPUUnit/fpu/dfma/fma/_23185_/Y (sky130_fd_sc_hd__a31oi_1)
   0.3854   16.5758 ^ fpu_exe_unit/FPUUnit/fpu/dfma/fma/_23741_/Y (sky130_fd_sc_hd__o21ai_0)
   0.1565   16.7322 v fpu_exe_unit/FPUUnit/fpu/dfma/fma/_25946_/Y (sky130_fd_sc_hd__nand4bb_1)
   0.5684   17.3006 ^ fpu_exe_unit/FPUUnit/fpu/dfma/fma/_26630_/Y (sky130_fd_sc_hd__a2111oi_0)
   0.2519   17.5525 v fpu_exe_unit/FPUUnit/fpu/dfma/fma/_28157_/Y (sky130_fd_sc_hd__o2111ai_1)
   0.3749   17.9274 v fpu_exe_unit/FPUUnit/fpu/dfma/fma/_29062_/X (sky130_fd_sc_hd__a221o_1)
   0.1542   18.0816 ^ fpu_exe_unit/FPUUnit/fpu/dfma/fma/_29326_/Y (sky130_fd_sc_hd__a21oi_1)
   0.1200   18.2016 v fpu_exe_unit/FPUUnit/fpu/dfma/fma/_29570_/Y (sky130_fd_sc_hd__o21ai_0)
   0.1713   18.3728 v fpu_exe_unit/FPUUnit/fpu/dfma/fma/_29573_/X (sky130_fd_sc_hd__lpflow_inputiso0n_1)
   0.2889   18.6617 ^ fpu_exe_unit/FPUUnit/fpu/dfma/fma/_29798_/Y (sky130_fd_sc_hd__o21ai_0)
   0.1783   18.8400 ^ fpu_exe_unit/FPUUnit/fpu/dfma/fma/_29896_/X (sky130_fd_sc_hd__xor2_1)
   0.0777   18.9176 v fpu_exe_unit/FPUUnit/fpu/dfma/fma/_29898_/Y (sky130_fd_sc_hd__a21oi_1)
   0.0035   18.9211 v fpu_exe_unit/FPUUnit/fpu/dfma/fma/_31122_/D (sky130_fd_sc_hd__dfxtp_1)
            18.9211   data arrival time

  20.0000   20.0000   clock clock (rise edge)
   0.0000   20.0000   clock network delay (ideal)
   0.0000   20.0000   clock reconvergence pessimism
            20.0000 ^ fpu_exe_unit/FPUUnit/fpu/dfma/fma/_31122_/CLK (sky130_fd_sc_hd__dfxtp_1)
  -0.1345   19.8655   library setup time
            19.8655   data required time
-------------------------------------------------------------
            19.8655   data required time
           -18.9211   data arrival time
-------------------------------------------------------------
             0.9444   slack (MET)


Startpoint: fpu_exe_unit/FPUUnit/fpu/dfma/_1310_
            (rising edge-triggered flip-flop clocked by clock)
Endpoint: fpu_exe_unit/FPUUnit/fpu/dfma/fma/_31127_
          (rising edge-triggered flip-flop clocked by clock)
Path Group: clock
Path Type: max

    Delay      Time   Description
-------------------------------------------------------------
   0.0000    0.0000   clock clock (rise edge)
   0.0000    0.0000   clock network delay (ideal)
   0.0000    0.0000 ^ fpu_exe_unit/FPUUnit/fpu/dfma/_1310_/CLK (sky130_fd_sc_hd__dfxtp_1)
   0.2995    0.2995 v fpu_exe_unit/FPUUnit/fpu/dfma/_1310_/Q (sky130_fd_sc_hd__dfxtp_1)
   0.1614    0.4609 v fpu_exe_unit/FPUUnit/fpu/dfma/fma/mulAddRecFNToRaw_preMul/_1092_/Y (sky130_fd_sc_hd__xnor2_1)
   0.3226    0.7835 ^ fpu_exe_unit/FPUUnit/fpu/dfma/fma/mulAddRecFNToRaw_preMul/_1094_/Y (sky130_fd_sc_hd__o21ai_0)
   0.1761    0.9596 v fpu_exe_unit/FPUUnit/fpu/dfma/fma/mulAddRecFNToRaw_preMul/_1097_/Y (sky130_fd_sc_hd__a31oi_1)
   0.4045    1.3640 v fpu_exe_unit/FPUUnit/fpu/dfma/fma/mulAddRecFNToRaw_preMul/_1098_/X (sky130_fd_sc_hd__maj3_1)
   0.3959    1.7600 v fpu_exe_unit/FPUUnit/fpu/dfma/fma/mulAddRecFNToRaw_preMul/_1099_/X (sky130_fd_sc_hd__maj3_1)
   0.3973    2.1573 v fpu_exe_unit/FPUUnit/fpu/dfma/fma/mulAddRecFNToRaw_preMul/_1100_/X (sky130_fd_sc_hd__maj3_1)
   0.4055    2.5628 v fpu_exe_unit/FPUUnit/fpu/dfma/fma/mulAddRecFNToRaw_preMul/_1101_/X (sky130_fd_sc_hd__maj3_1)
   0.3551    2.9179 v fpu_exe_unit/FPUUnit/fpu/dfma/fma/mulAddRecFNToRaw_preMul/_1121_/X (sky130_fd_sc_hd__maj3_1)
   0.2007    3.1186 v fpu_exe_unit/FPUUnit/fpu/dfma/fma/mulAddRecFNToRaw_preMul/_1122_/X (sky130_fd_sc_hd__xor2_1)
   0.1942    3.3128 ^ fpu_exe_unit/FPUUnit/fpu/dfma/fma/mulAddRecFNToRaw_preMul/_1152_/Y (sky130_fd_sc_hd__o221ai_1)
   0.1518    3.4647 v fpu_exe_unit/FPUUnit/fpu/dfma/fma/mulAddRecFNToRaw_preMul/_1158_/Y (sky130_fd_sc_hd__a32oi_1)
   0.4189    3.8835 v fpu_exe_unit/FPUUnit/fpu/dfma/fma/mulAddRecFNToRaw_preMul/_1159_/X (sky130_fd_sc_hd__maj3_1)
   0.2588    4.1424 v fpu_exe_unit/FPUUnit/fpu/dfma/fma/mulAddRecFNToRaw_preMul/_1177_/X (sky130_fd_sc_hd__o2111a_1)
   0.1835    4.3259 v fpu_exe_unit/FPUUnit/fpu/dfma/fma/mulAddRecFNToRaw_preMul/_1178_/X (sky130_fd_sc_hd__clkbuf_1)
   0.1411    4.4670 ^ fpu_exe_unit/FPUUnit/fpu/dfma/fma/mulAddRecFNToRaw_preMul/_1203_/Y (sky130_fd_sc_hd__nand4_1)
   0.3339    4.8008 ^ fpu_exe_unit/FPUUnit/fpu/dfma/fma/mulAddRecFNToRaw_preMul/_1204_/X (sky130_fd_sc_hd__lpflow_clkbufkapwr_1)
   0.3198    5.1206 ^ fpu_exe_unit/FPUUnit/fpu/dfma/fma/mulAddRecFNToRaw_preMul/_1307_/X (sky130_fd_sc_hd__buf_2)
   0.4406    5.5612 ^ fpu_exe_unit/FPUUnit/fpu/dfma/fma/mulAddRecFNToRaw_preMul/_1308_/X (sky130_fd_sc_hd__lpflow_clkbufkapwr_1)
   0.4049    5.9661 v fpu_exe_unit/FPUUnit/fpu/dfma/fma/mulAddRecFNToRaw_preMul/_1618_/X (sky130_fd_sc_hd__mux2_2)
   0.1693    6.1354 ^ fpu_exe_unit/FPUUnit/fpu/dfma/fma/mulAddRecFNToRaw_preMul/_1760_/Y (sky130_fd_sc_hd__mux2i_1)
   0.0586    6.1940 v fpu_exe_unit/FPUUnit/fpu/dfma/fma/mulAddRecFNToRaw_preMul/_1761_/Y (sky130_fd_sc_hd__nor2_1)
   0.1499    6.3440 ^ fpu_exe_unit/FPUUnit/fpu/dfma/fma/mulAddRecFNToRaw_preMul/_1762_/Y (sky130_fd_sc_hd__a21oi_1)
   0.1072    6.4511 v fpu_exe_unit/FPUUnit/fpu/dfma/fma/mulAddRecFNToRaw_preMul/_1763_/Y (sky130_fd_sc_hd__mux2i_1)
   0.2246    6.6758 ^ fpu_exe_unit/FPUUnit/fpu/dfma/fma/mulAddRecFNToRaw_preMul/_1764_/Y (sky130_fd_sc_hd__a21oi_1)
   0.0630    6.7388 v fpu_exe_unit/FPUUnit/fpu/dfma/fma/mulAddRecFNToRaw_preMul/_1765_/Y (sky130_fd_sc_hd__nor2_1)
   0.1979    6.9367 v fpu_exe_unit/FPUUnit/fpu/dfma/fma/mulAddRecFNToRaw_preMul/_1766_/X (sky130_fd_sc_hd__o22a_1)
   0.3822    7.3188 v fpu_exe_unit/FPUUnit/fpu/dfma/fma/_15656_/X (sky130_fd_sc_hd__xnor3_1)
   0.3964    7.7153 v fpu_exe_unit/FPUUnit/fpu/dfma/fma/_15669_/X (sky130_fd_sc_hd__maj3_1)
   0.3777    8.0930 v fpu_exe_unit/FPUUnit/fpu/dfma/fma/_15690_/X (sky130_fd_sc_hd__maj3_1)
   0.3929    8.4858 v fpu_exe_unit/FPUUnit/fpu/dfma/fma/_15718_/X (sky130_fd_sc_hd__maj3_1)
   0.3979    8.8837 v fpu_exe_unit/FPUUnit/fpu/dfma/fma/_15741_/X (sky130_fd_sc_hd__xor3_1)
   0.1695    9.0532 ^ fpu_exe_unit/FPUUnit/fpu/dfma/fma/_15751_/Y (sky130_fd_sc_hd__nor2_1)
   0.2943    9.3475 ^ fpu_exe_unit/FPUUnit/fpu/dfma/fma/_15789_/X (sky130_fd_sc_hd__xor3_1)
   0.1440    9.4915 v fpu_exe_unit/FPUUnit/fpu/dfma/fma/_15790_/Y (sky130_fd_sc_hd__nand4bb_1)
   0.3515    9.8430 v fpu_exe_unit/FPUUnit/fpu/dfma/fma/_15837_/X (sky130_fd_sc_hd__or2_2)
   0.3724   10.2154 v fpu_exe_unit/FPUUnit/fpu/dfma/fma/_15891_/X (sky130_fd_sc_hd__maj3_1)
   0.3778   10.5932 v fpu_exe_unit/FPUUnit/fpu/dfma/fma/_15946_/X (sky130_fd_sc_hd__maj3_1)
   0.3853   10.9785 v fpu_exe_unit/FPUUnit/fpu/dfma/fma/_16018_/X (sky130_fd_sc_hd__maj3_1)
   0.3669   11.3454 v fpu_exe_unit/FPUUnit/fpu/dfma/fma/_16084_/X (sky130_fd_sc_hd__maj3_1)
   0.3753   11.7207 v fpu_exe_unit/FPUUnit/fpu/dfma/fma/_16150_/X (sky130_fd_sc_hd__maj3_1)
   0.3716   12.0924 v fpu_exe_unit/FPUUnit/fpu/dfma/fma/_16236_/X (sky130_fd_sc_hd__maj3_1)
   0.3656   12.4580 v fpu_exe_unit/FPUUnit/fpu/dfma/fma/_16331_/X (sky130_fd_sc_hd__maj3_1)
   0.3227   12.7806 ^ fpu_exe_unit/FPUUnit/fpu/dfma/fma/_16425_/Y (sky130_fd_sc_hd__o21ai_0)
   0.1187   12.8993 v fpu_exe_unit/FPUUnit/fpu/dfma/fma/_16955_/Y (sky130_fd_sc_hd__a211oi_1)
   0.3448   13.2441 ^ fpu_exe_unit/FPUUnit/fpu/dfma/fma/_16956_/Y (sky130_fd_sc_hd__o311ai_0)
   0.1911   13.4352 v fpu_exe_unit/FPUUnit/fpu/dfma/fma/_17093_/Y (sky130_fd_sc_hd__nand4_1)
   0.3235   13.7588 ^ fpu_exe_unit/FPUUnit/fpu/dfma/fma/_17388_/Y (sky130_fd_sc_hd__a211oi_1)
   0.1962   13.9550 v fpu_exe_unit/FPUUnit/fpu/dfma/fma/_17685_/Y (sky130_fd_sc_hd__o311ai_0)
   0.2651   14.2201 ^ fpu_exe_unit/FPUUnit/fpu/dfma/fma/_17989_/Y (sky130_fd_sc_hd__a211oi_1)
   0.1397   14.3598 v fpu_exe_unit/FPUUnit/fpu/dfma/fma/_18300_/Y (sky130_fd_sc_hd__o211ai_1)
   0.4212   14.7810 ^ fpu_exe_unit/FPUUnit/fpu/dfma/fma/_19021_/Y (sky130_fd_sc_hd__a2111oi_0)
   0.2639   15.0448 v fpu_exe_unit/FPUUnit/fpu/dfma/fma/_19832_/Y (sky130_fd_sc_hd__a2111oi_0)
   0.3827   15.4275 v fpu_exe_unit/FPUUnit/fpu/dfma/fma/_21839_/X (sky130_fd_sc_hd__o31a_1)
   0.3912   15.8187 ^ fpu_exe_unit/FPUUnit/fpu/dfma/fma/_22105_/Y (sky130_fd_sc_hd__o31ai_1)
   0.2506   16.0693 ^ fpu_exe_unit/FPUUnit/fpu/dfma/fma/_22629_/X (sky130_fd_sc_hd__a31o_2)
   0.1211   16.1903 v fpu_exe_unit/FPUUnit/fpu/dfma/fma/_23185_/Y (sky130_fd_sc_hd__a31oi_1)
   0.3854   16.5758 ^ fpu_exe_unit/FPUUnit/fpu/dfma/fma/_23741_/Y (sky130_fd_sc_hd__o21ai_0)
   0.1565   16.7322 v fpu_exe_unit/FPUUnit/fpu/dfma/fma/_25946_/Y (sky130_fd_sc_hd__nand4bb_1)
   0.5684   17.3006 ^ fpu_exe_unit/FPUUnit/fpu/dfma/fma/_26630_/Y (sky130_fd_sc_hd__a2111oi_0)
   0.2519   17.5525 v fpu_exe_unit/FPUUnit/fpu/dfma/fma/_28157_/Y (sky130_fd_sc_hd__o2111ai_1)
   0.3749   17.9274 v fpu_exe_unit/FPUUnit/fpu/dfma/fma/_29062_/X (sky130_fd_sc_hd__a221o_1)
   0.1542   18.0816 ^ fpu_exe_unit/FPUUnit/fpu/dfma/fma/_29326_/Y (sky130_fd_sc_hd__a21oi_1)
   0.1200   18.2016 v fpu_exe_unit/FPUUnit/fpu/dfma/fma/_29570_/Y (sky130_fd_sc_hd__o21ai_0)
   0.1323   18.3339 ^ fpu_exe_unit/FPUUnit/fpu/dfma/fma/_30179_/Y (sky130_fd_sc_hd__a21oi_1)
   0.1252   18.4591 v fpu_exe_unit/FPUUnit/fpu/dfma/fma/_30182_/Y (sky130_fd_sc_hd__o211ai_1)
   0.1023   18.5615 ^ fpu_exe_unit/FPUUnit/fpu/dfma/fma/_30187_/Y (sky130_fd_sc_hd__nand2_1)
   0.1262   18.6877 ^ fpu_exe_unit/FPUUnit/fpu/dfma/fma/_30272_/X (sky130_fd_sc_hd__a21o_1)
   0.1179   18.8056 ^ fpu_exe_unit/FPUUnit/fpu/dfma/fma/_30348_/Y (sky130_fd_sc_hd__xnor2_1)
   0.0787   18.8843 v fpu_exe_unit/FPUUnit/fpu/dfma/fma/_30350_/Y (sky130_fd_sc_hd__a21oi_1)
   0.0035   18.8878 v fpu_exe_unit/FPUUnit/fpu/dfma/fma/_31127_/D (sky130_fd_sc_hd__dfxtp_1)
            18.8878   data arrival time

  20.0000   20.0000   clock clock (rise edge)
   0.0000   20.0000   clock network delay (ideal)
   0.0000   20.0000   clock reconvergence pessimism
            20.0000 ^ fpu_exe_unit/FPUUnit/fpu/dfma/fma/_31127_/CLK (sky130_fd_sc_hd__dfxtp_1)
  -0.1345   19.8655   library setup time
            19.8655   data required time
-------------------------------------------------------------
            19.8655   data required time
           -18.8878   data arrival time
-------------------------------------------------------------
             0.9778   slack (MET)


Startpoint: fpu_exe_unit/FPUUnit/fpu/dfma/_1310_
            (rising edge-triggered flip-flop clocked by clock)
Endpoint: fpu_exe_unit/FPUUnit/fpu/dfma/fma/_31121_
          (rising edge-triggered flip-flop clocked by clock)
Path Group: clock
Path Type: max

    Delay      Time   Description
-------------------------------------------------------------
   0.0000    0.0000   clock clock (rise edge)
   0.0000    0.0000   clock network delay (ideal)
   0.0000    0.0000 ^ fpu_exe_unit/FPUUnit/fpu/dfma/_1310_/CLK (sky130_fd_sc_hd__dfxtp_1)
   0.2995    0.2995 v fpu_exe_unit/FPUUnit/fpu/dfma/_1310_/Q (sky130_fd_sc_hd__dfxtp_1)
   0.1614    0.4609 v fpu_exe_unit/FPUUnit/fpu/dfma/fma/mulAddRecFNToRaw_preMul/_1092_/Y (sky130_fd_sc_hd__xnor2_1)
   0.3226    0.7835 ^ fpu_exe_unit/FPUUnit/fpu/dfma/fma/mulAddRecFNToRaw_preMul/_1094_/Y (sky130_fd_sc_hd__o21ai_0)
   0.1761    0.9596 v fpu_exe_unit/FPUUnit/fpu/dfma/fma/mulAddRecFNToRaw_preMul/_1097_/Y (sky130_fd_sc_hd__a31oi_1)
   0.4045    1.3640 v fpu_exe_unit/FPUUnit/fpu/dfma/fma/mulAddRecFNToRaw_preMul/_1098_/X (sky130_fd_sc_hd__maj3_1)
   0.3959    1.7600 v fpu_exe_unit/FPUUnit/fpu/dfma/fma/mulAddRecFNToRaw_preMul/_1099_/X (sky130_fd_sc_hd__maj3_1)
   0.3973    2.1573 v fpu_exe_unit/FPUUnit/fpu/dfma/fma/mulAddRecFNToRaw_preMul/_1100_/X (sky130_fd_sc_hd__maj3_1)
   0.4055    2.5628 v fpu_exe_unit/FPUUnit/fpu/dfma/fma/mulAddRecFNToRaw_preMul/_1101_/X (sky130_fd_sc_hd__maj3_1)
   0.3551    2.9179 v fpu_exe_unit/FPUUnit/fpu/dfma/fma/mulAddRecFNToRaw_preMul/_1121_/X (sky130_fd_sc_hd__maj3_1)
   0.2007    3.1186 v fpu_exe_unit/FPUUnit/fpu/dfma/fma/mulAddRecFNToRaw_preMul/_1122_/X (sky130_fd_sc_hd__xor2_1)
   0.1942    3.3128 ^ fpu_exe_unit/FPUUnit/fpu/dfma/fma/mulAddRecFNToRaw_preMul/_1152_/Y (sky130_fd_sc_hd__o221ai_1)
   0.1518    3.4647 v fpu_exe_unit/FPUUnit/fpu/dfma/fma/mulAddRecFNToRaw_preMul/_1158_/Y (sky130_fd_sc_hd__a32oi_1)
   0.4189    3.8835 v fpu_exe_unit/FPUUnit/fpu/dfma/fma/mulAddRecFNToRaw_preMul/_1159_/X (sky130_fd_sc_hd__maj3_1)
   0.2588    4.1424 v fpu_exe_unit/FPUUnit/fpu/dfma/fma/mulAddRecFNToRaw_preMul/_1177_/X (sky130_fd_sc_hd__o2111a_1)
   0.1835    4.3259 v fpu_exe_unit/FPUUnit/fpu/dfma/fma/mulAddRecFNToRaw_preMul/_1178_/X (sky130_fd_sc_hd__clkbuf_1)
   0.1411    4.4670 ^ fpu_exe_unit/FPUUnit/fpu/dfma/fma/mulAddRecFNToRaw_preMul/_1203_/Y (sky130_fd_sc_hd__nand4_1)
   0.3339    4.8008 ^ fpu_exe_unit/FPUUnit/fpu/dfma/fma/mulAddRecFNToRaw_preMul/_1204_/X (sky130_fd_sc_hd__lpflow_clkbufkapwr_1)
   0.3198    5.1206 ^ fpu_exe_unit/FPUUnit/fpu/dfma/fma/mulAddRecFNToRaw_preMul/_1307_/X (sky130_fd_sc_hd__buf_2)
   0.4406    5.5612 ^ fpu_exe_unit/FPUUnit/fpu/dfma/fma/mulAddRecFNToRaw_preMul/_1308_/X (sky130_fd_sc_hd__lpflow_clkbufkapwr_1)
   0.4049    5.9661 v fpu_exe_unit/FPUUnit/fpu/dfma/fma/mulAddRecFNToRaw_preMul/_1618_/X (sky130_fd_sc_hd__mux2_2)
   0.1693    6.1354 ^ fpu_exe_unit/FPUUnit/fpu/dfma/fma/mulAddRecFNToRaw_preMul/_1760_/Y (sky130_fd_sc_hd__mux2i_1)
   0.0586    6.1940 v fpu_exe_unit/FPUUnit/fpu/dfma/fma/mulAddRecFNToRaw_preMul/_1761_/Y (sky130_fd_sc_hd__nor2_1)
   0.1499    6.3440 ^ fpu_exe_unit/FPUUnit/fpu/dfma/fma/mulAddRecFNToRaw_preMul/_1762_/Y (sky130_fd_sc_hd__a21oi_1)
   0.1072    6.4511 v fpu_exe_unit/FPUUnit/fpu/dfma/fma/mulAddRecFNToRaw_preMul/_1763_/Y (sky130_fd_sc_hd__mux2i_1)
   0.2246    6.6758 ^ fpu_exe_unit/FPUUnit/fpu/dfma/fma/mulAddRecFNToRaw_preMul/_1764_/Y (sky130_fd_sc_hd__a21oi_1)
   0.0630    6.7388 v fpu_exe_unit/FPUUnit/fpu/dfma/fma/mulAddRecFNToRaw_preMul/_1765_/Y (sky130_fd_sc_hd__nor2_1)
   0.1979    6.9367 v fpu_exe_unit/FPUUnit/fpu/dfma/fma/mulAddRecFNToRaw_preMul/_1766_/X (sky130_fd_sc_hd__o22a_1)
   0.3822    7.3188 v fpu_exe_unit/FPUUnit/fpu/dfma/fma/_15656_/X (sky130_fd_sc_hd__xnor3_1)
   0.3964    7.7153 v fpu_exe_unit/FPUUnit/fpu/dfma/fma/_15669_/X (sky130_fd_sc_hd__maj3_1)
   0.3777    8.0930 v fpu_exe_unit/FPUUnit/fpu/dfma/fma/_15690_/X (sky130_fd_sc_hd__maj3_1)
   0.3929    8.4858 v fpu_exe_unit/FPUUnit/fpu/dfma/fma/_15718_/X (sky130_fd_sc_hd__maj3_1)
   0.3979    8.8837 v fpu_exe_unit/FPUUnit/fpu/dfma/fma/_15741_/X (sky130_fd_sc_hd__xor3_1)
   0.1695    9.0532 ^ fpu_exe_unit/FPUUnit/fpu/dfma/fma/_15751_/Y (sky130_fd_sc_hd__nor2_1)
   0.2943    9.3475 ^ fpu_exe_unit/FPUUnit/fpu/dfma/fma/_15789_/X (sky130_fd_sc_hd__xor3_1)
   0.1440    9.4915 v fpu_exe_unit/FPUUnit/fpu/dfma/fma/_15790_/Y (sky130_fd_sc_hd__nand4bb_1)
   0.3515    9.8430 v fpu_exe_unit/FPUUnit/fpu/dfma/fma/_15837_/X (sky130_fd_sc_hd__or2_2)
   0.3724   10.2154 v fpu_exe_unit/FPUUnit/fpu/dfma/fma/_15891_/X (sky130_fd_sc_hd__maj3_1)
   0.3778   10.5932 v fpu_exe_unit/FPUUnit/fpu/dfma/fma/_15946_/X (sky130_fd_sc_hd__maj3_1)
   0.3853   10.9785 v fpu_exe_unit/FPUUnit/fpu/dfma/fma/_16018_/X (sky130_fd_sc_hd__maj3_1)
   0.3669   11.3454 v fpu_exe_unit/FPUUnit/fpu/dfma/fma/_16084_/X (sky130_fd_sc_hd__maj3_1)
   0.3753   11.7207 v fpu_exe_unit/FPUUnit/fpu/dfma/fma/_16150_/X (sky130_fd_sc_hd__maj3_1)
   0.3716   12.0924 v fpu_exe_unit/FPUUnit/fpu/dfma/fma/_16236_/X (sky130_fd_sc_hd__maj3_1)
   0.3656   12.4580 v fpu_exe_unit/FPUUnit/fpu/dfma/fma/_16331_/X (sky130_fd_sc_hd__maj3_1)
   0.3227   12.7806 ^ fpu_exe_unit/FPUUnit/fpu/dfma/fma/_16425_/Y (sky130_fd_sc_hd__o21ai_0)
   0.1187   12.8993 v fpu_exe_unit/FPUUnit/fpu/dfma/fma/_16955_/Y (sky130_fd_sc_hd__a211oi_1)
   0.3448   13.2441 ^ fpu_exe_unit/FPUUnit/fpu/dfma/fma/_16956_/Y (sky130_fd_sc_hd__o311ai_0)
   0.1911   13.4352 v fpu_exe_unit/FPUUnit/fpu/dfma/fma/_17093_/Y (sky130_fd_sc_hd__nand4_1)
   0.3235   13.7588 ^ fpu_exe_unit/FPUUnit/fpu/dfma/fma/_17388_/Y (sky130_fd_sc_hd__a211oi_1)
   0.1962   13.9550 v fpu_exe_unit/FPUUnit/fpu/dfma/fma/_17685_/Y (sky130_fd_sc_hd__o311ai_0)
   0.2651   14.2201 ^ fpu_exe_unit/FPUUnit/fpu/dfma/fma/_17989_/Y (sky130_fd_sc_hd__a211oi_1)
   0.1397   14.3598 v fpu_exe_unit/FPUUnit/fpu/dfma/fma/_18300_/Y (sky130_fd_sc_hd__o211ai_1)
   0.4212   14.7810 ^ fpu_exe_unit/FPUUnit/fpu/dfma/fma/_19021_/Y (sky130_fd_sc_hd__a2111oi_0)
   0.2639   15.0448 v fpu_exe_unit/FPUUnit/fpu/dfma/fma/_19832_/Y (sky130_fd_sc_hd__a2111oi_0)
   0.3827   15.4275 v fpu_exe_unit/FPUUnit/fpu/dfma/fma/_21839_/X (sky130_fd_sc_hd__o31a_1)
   0.3912   15.8187 ^ fpu_exe_unit/FPUUnit/fpu/dfma/fma/_22105_/Y (sky130_fd_sc_hd__o31ai_1)
   0.2506   16.0693 ^ fpu_exe_unit/FPUUnit/fpu/dfma/fma/_22629_/X (sky130_fd_sc_hd__a31o_2)
   0.1211   16.1903 v fpu_exe_unit/FPUUnit/fpu/dfma/fma/_23185_/Y (sky130_fd_sc_hd__a31oi_1)
   0.3854   16.5758 ^ fpu_exe_unit/FPUUnit/fpu/dfma/fma/_23741_/Y (sky130_fd_sc_hd__o21ai_0)
   0.1565   16.7322 v fpu_exe_unit/FPUUnit/fpu/dfma/fma/_25946_/Y (sky130_fd_sc_hd__nand4bb_1)
   0.5684   17.3006 ^ fpu_exe_unit/FPUUnit/fpu/dfma/fma/_26630_/Y (sky130_fd_sc_hd__a2111oi_0)
   0.2519   17.5525 v fpu_exe_unit/FPUUnit/fpu/dfma/fma/_28157_/Y (sky130_fd_sc_hd__o2111ai_1)
   0.3749   17.9274 v fpu_exe_unit/FPUUnit/fpu/dfma/fma/_29062_/X (sky130_fd_sc_hd__a221o_1)
   0.1542   18.0816 ^ fpu_exe_unit/FPUUnit/fpu/dfma/fma/_29326_/Y (sky130_fd_sc_hd__a21oi_1)
   0.1200   18.2016 v fpu_exe_unit/FPUUnit/fpu/dfma/fma/_29570_/Y (sky130_fd_sc_hd__o21ai_0)
   0.1713   18.3728 v fpu_exe_unit/FPUUnit/fpu/dfma/fma/_29573_/X (sky130_fd_sc_hd__lpflow_inputiso0n_1)
   0.2023   18.5751 ^ fpu_exe_unit/FPUUnit/fpu/dfma/fma/_29685_/Y (sky130_fd_sc_hd__o21ai_0)
   0.1656   18.7407 ^ fpu_exe_unit/FPUUnit/fpu/dfma/fma/_29792_/X (sky130_fd_sc_hd__xor2_1)
   0.0775   18.8183 v fpu_exe_unit/FPUUnit/fpu/dfma/fma/_29794_/Y (sky130_fd_sc_hd__a21oi_1)
   0.0035   18.8217 v fpu_exe_unit/FPUUnit/fpu/dfma/fma/_31121_/D (sky130_fd_sc_hd__dfxtp_1)
            18.8217   data arrival time

  20.0000   20.0000   clock clock (rise edge)
   0.0000   20.0000   clock network delay (ideal)
   0.0000   20.0000   clock reconvergence pessimism
            20.0000 ^ fpu_exe_unit/FPUUnit/fpu/dfma/fma/_31121_/CLK (sky130_fd_sc_hd__dfxtp_1)
  -0.1345   19.8655   library setup time
            19.8655   data required time
-------------------------------------------------------------
            19.8655   data required time
           -18.8217   data arrival time
-------------------------------------------------------------
             1.0438   slack (MET)


Startpoint: fpu_exe_unit/FPUUnit/fpu/dfma/_1310_
            (rising edge-triggered flip-flop clocked by clock)
Endpoint: fpu_exe_unit/FPUUnit/fpu/dfma/fma/_31126_
          (rising edge-triggered flip-flop clocked by clock)
Path Group: clock
Path Type: max

    Delay      Time   Description
-------------------------------------------------------------
   0.0000    0.0000   clock clock (rise edge)
   0.0000    0.0000   clock network delay (ideal)
   0.0000    0.0000 ^ fpu_exe_unit/FPUUnit/fpu/dfma/_1310_/CLK (sky130_fd_sc_hd__dfxtp_1)
   0.2995    0.2995 v fpu_exe_unit/FPUUnit/fpu/dfma/_1310_/Q (sky130_fd_sc_hd__dfxtp_1)
   0.1614    0.4609 v fpu_exe_unit/FPUUnit/fpu/dfma/fma/mulAddRecFNToRaw_preMul/_1092_/Y (sky130_fd_sc_hd__xnor2_1)
   0.3226    0.7835 ^ fpu_exe_unit/FPUUnit/fpu/dfma/fma/mulAddRecFNToRaw_preMul/_1094_/Y (sky130_fd_sc_hd__o21ai_0)
   0.1761    0.9596 v fpu_exe_unit/FPUUnit/fpu/dfma/fma/mulAddRecFNToRaw_preMul/_1097_/Y (sky130_fd_sc_hd__a31oi_1)
   0.4045    1.3640 v fpu_exe_unit/FPUUnit/fpu/dfma/fma/mulAddRecFNToRaw_preMul/_1098_/X (sky130_fd_sc_hd__maj3_1)
   0.3959    1.7600 v fpu_exe_unit/FPUUnit/fpu/dfma/fma/mulAddRecFNToRaw_preMul/_1099_/X (sky130_fd_sc_hd__maj3_1)
   0.3973    2.1573 v fpu_exe_unit/FPUUnit/fpu/dfma/fma/mulAddRecFNToRaw_preMul/_1100_/X (sky130_fd_sc_hd__maj3_1)
   0.4055    2.5628 v fpu_exe_unit/FPUUnit/fpu/dfma/fma/mulAddRecFNToRaw_preMul/_1101_/X (sky130_fd_sc_hd__maj3_1)
   0.3551    2.9179 v fpu_exe_unit/FPUUnit/fpu/dfma/fma/mulAddRecFNToRaw_preMul/_1121_/X (sky130_fd_sc_hd__maj3_1)
   0.2007    3.1186 v fpu_exe_unit/FPUUnit/fpu/dfma/fma/mulAddRecFNToRaw_preMul/_1122_/X (sky130_fd_sc_hd__xor2_1)
   0.1942    3.3128 ^ fpu_exe_unit/FPUUnit/fpu/dfma/fma/mulAddRecFNToRaw_preMul/_1152_/Y (sky130_fd_sc_hd__o221ai_1)
   0.1518    3.4647 v fpu_exe_unit/FPUUnit/fpu/dfma/fma/mulAddRecFNToRaw_preMul/_1158_/Y (sky130_fd_sc_hd__a32oi_1)
   0.4189    3.8835 v fpu_exe_unit/FPUUnit/fpu/dfma/fma/mulAddRecFNToRaw_preMul/_1159_/X (sky130_fd_sc_hd__maj3_1)
   0.2588    4.1424 v fpu_exe_unit/FPUUnit/fpu/dfma/fma/mulAddRecFNToRaw_preMul/_1177_/X (sky130_fd_sc_hd__o2111a_1)
   0.1835    4.3259 v fpu_exe_unit/FPUUnit/fpu/dfma/fma/mulAddRecFNToRaw_preMul/_1178_/X (sky130_fd_sc_hd__clkbuf_1)
   0.1411    4.4670 ^ fpu_exe_unit/FPUUnit/fpu/dfma/fma/mulAddRecFNToRaw_preMul/_1203_/Y (sky130_fd_sc_hd__nand4_1)
   0.3339    4.8008 ^ fpu_exe_unit/FPUUnit/fpu/dfma/fma/mulAddRecFNToRaw_preMul/_1204_/X (sky130_fd_sc_hd__lpflow_clkbufkapwr_1)
   0.3198    5.1206 ^ fpu_exe_unit/FPUUnit/fpu/dfma/fma/mulAddRecFNToRaw_preMul/_1307_/X (sky130_fd_sc_hd__buf_2)
   0.4406    5.5612 ^ fpu_exe_unit/FPUUnit/fpu/dfma/fma/mulAddRecFNToRaw_preMul/_1308_/X (sky130_fd_sc_hd__lpflow_clkbufkapwr_1)
   0.4049    5.9661 v fpu_exe_unit/FPUUnit/fpu/dfma/fma/mulAddRecFNToRaw_preMul/_1618_/X (sky130_fd_sc_hd__mux2_2)
   0.1693    6.1354 ^ fpu_exe_unit/FPUUnit/fpu/dfma/fma/mulAddRecFNToRaw_preMul/_1760_/Y (sky130_fd_sc_hd__mux2i_1)
   0.0586    6.1940 v fpu_exe_unit/FPUUnit/fpu/dfma/fma/mulAddRecFNToRaw_preMul/_1761_/Y (sky130_fd_sc_hd__nor2_1)
   0.1499    6.3440 ^ fpu_exe_unit/FPUUnit/fpu/dfma/fma/mulAddRecFNToRaw_preMul/_1762_/Y (sky130_fd_sc_hd__a21oi_1)
   0.1072    6.4511 v fpu_exe_unit/FPUUnit/fpu/dfma/fma/mulAddRecFNToRaw_preMul/_1763_/Y (sky130_fd_sc_hd__mux2i_1)
   0.2246    6.6758 ^ fpu_exe_unit/FPUUnit/fpu/dfma/fma/mulAddRecFNToRaw_preMul/_1764_/Y (sky130_fd_sc_hd__a21oi_1)
   0.0630    6.7388 v fpu_exe_unit/FPUUnit/fpu/dfma/fma/mulAddRecFNToRaw_preMul/_1765_/Y (sky130_fd_sc_hd__nor2_1)
   0.1979    6.9367 v fpu_exe_unit/FPUUnit/fpu/dfma/fma/mulAddRecFNToRaw_preMul/_1766_/X (sky130_fd_sc_hd__o22a_1)
   0.3822    7.3188 v fpu_exe_unit/FPUUnit/fpu/dfma/fma/_15656_/X (sky130_fd_sc_hd__xnor3_1)
   0.3964    7.7153 v fpu_exe_unit/FPUUnit/fpu/dfma/fma/_15669_/X (sky130_fd_sc_hd__maj3_1)
   0.3777    8.0930 v fpu_exe_unit/FPUUnit/fpu/dfma/fma/_15690_/X (sky130_fd_sc_hd__maj3_1)
   0.3929    8.4858 v fpu_exe_unit/FPUUnit/fpu/dfma/fma/_15718_/X (sky130_fd_sc_hd__maj3_1)
   0.3979    8.8837 v fpu_exe_unit/FPUUnit/fpu/dfma/fma/_15741_/X (sky130_fd_sc_hd__xor3_1)
   0.1695    9.0532 ^ fpu_exe_unit/FPUUnit/fpu/dfma/fma/_15751_/Y (sky130_fd_sc_hd__nor2_1)
   0.2943    9.3475 ^ fpu_exe_unit/FPUUnit/fpu/dfma/fma/_15789_/X (sky130_fd_sc_hd__xor3_1)
   0.1440    9.4915 v fpu_exe_unit/FPUUnit/fpu/dfma/fma/_15790_/Y (sky130_fd_sc_hd__nand4bb_1)
   0.3515    9.8430 v fpu_exe_unit/FPUUnit/fpu/dfma/fma/_15837_/X (sky130_fd_sc_hd__or2_2)
   0.3724   10.2154 v fpu_exe_unit/FPUUnit/fpu/dfma/fma/_15891_/X (sky130_fd_sc_hd__maj3_1)
   0.3778   10.5932 v fpu_exe_unit/FPUUnit/fpu/dfma/fma/_15946_/X (sky130_fd_sc_hd__maj3_1)
   0.3853   10.9785 v fpu_exe_unit/FPUUnit/fpu/dfma/fma/_16018_/X (sky130_fd_sc_hd__maj3_1)
   0.3669   11.3454 v fpu_exe_unit/FPUUnit/fpu/dfma/fma/_16084_/X (sky130_fd_sc_hd__maj3_1)
   0.3753   11.7207 v fpu_exe_unit/FPUUnit/fpu/dfma/fma/_16150_/X (sky130_fd_sc_hd__maj3_1)
   0.3716   12.0924 v fpu_exe_unit/FPUUnit/fpu/dfma/fma/_16236_/X (sky130_fd_sc_hd__maj3_1)
   0.3656   12.4580 v fpu_exe_unit/FPUUnit/fpu/dfma/fma/_16331_/X (sky130_fd_sc_hd__maj3_1)
   0.3227   12.7806 ^ fpu_exe_unit/FPUUnit/fpu/dfma/fma/_16425_/Y (sky130_fd_sc_hd__o21ai_0)
   0.1187   12.8993 v fpu_exe_unit/FPUUnit/fpu/dfma/fma/_16955_/Y (sky130_fd_sc_hd__a211oi_1)
   0.3448   13.2441 ^ fpu_exe_unit/FPUUnit/fpu/dfma/fma/_16956_/Y (sky130_fd_sc_hd__o311ai_0)
   0.1911   13.4352 v fpu_exe_unit/FPUUnit/fpu/dfma/fma/_17093_/Y (sky130_fd_sc_hd__nand4_1)
   0.3235   13.7588 ^ fpu_exe_unit/FPUUnit/fpu/dfma/fma/_17388_/Y (sky130_fd_sc_hd__a211oi_1)
   0.1962   13.9550 v fpu_exe_unit/FPUUnit/fpu/dfma/fma/_17685_/Y (sky130_fd_sc_hd__o311ai_0)
   0.2651   14.2201 ^ fpu_exe_unit/FPUUnit/fpu/dfma/fma/_17989_/Y (sky130_fd_sc_hd__a211oi_1)
   0.1397   14.3598 v fpu_exe_unit/FPUUnit/fpu/dfma/fma/_18300_/Y (sky130_fd_sc_hd__o211ai_1)
   0.4212   14.7810 ^ fpu_exe_unit/FPUUnit/fpu/dfma/fma/_19021_/Y (sky130_fd_sc_hd__a2111oi_0)
   0.2639   15.0448 v fpu_exe_unit/FPUUnit/fpu/dfma/fma/_19832_/Y (sky130_fd_sc_hd__a2111oi_0)
   0.3827   15.4275 v fpu_exe_unit/FPUUnit/fpu/dfma/fma/_21839_/X (sky130_fd_sc_hd__o31a_1)
   0.3912   15.8187 ^ fpu_exe_unit/FPUUnit/fpu/dfma/fma/_22105_/Y (sky130_fd_sc_hd__o31ai_1)
   0.2506   16.0693 ^ fpu_exe_unit/FPUUnit/fpu/dfma/fma/_22629_/X (sky130_fd_sc_hd__a31o_2)
   0.1211   16.1903 v fpu_exe_unit/FPUUnit/fpu/dfma/fma/_23185_/Y (sky130_fd_sc_hd__a31oi_1)
   0.3854   16.5758 ^ fpu_exe_unit/FPUUnit/fpu/dfma/fma/_23741_/Y (sky130_fd_sc_hd__o21ai_0)
   0.1565   16.7322 v fpu_exe_unit/FPUUnit/fpu/dfma/fma/_25946_/Y (sky130_fd_sc_hd__nand4bb_1)
   0.5684   17.3006 ^ fpu_exe_unit/FPUUnit/fpu/dfma/fma/_26630_/Y (sky130_fd_sc_hd__a2111oi_0)
   0.2519   17.5525 v fpu_exe_unit/FPUUnit/fpu/dfma/fma/_28157_/Y (sky130_fd_sc_hd__o2111ai_1)
   0.3749   17.9274 v fpu_exe_unit/FPUUnit/fpu/dfma/fma/_29062_/X (sky130_fd_sc_hd__a221o_1)
   0.1542   18.0816 ^ fpu_exe_unit/FPUUnit/fpu/dfma/fma/_29326_/Y (sky130_fd_sc_hd__a21oi_1)
   0.1200   18.2016 v fpu_exe_unit/FPUUnit/fpu/dfma/fma/_29570_/Y (sky130_fd_sc_hd__o21ai_0)
   0.1323   18.3339 ^ fpu_exe_unit/FPUUnit/fpu/dfma/fma/_30179_/Y (sky130_fd_sc_hd__a21oi_1)
   0.1252   18.4591 v fpu_exe_unit/FPUUnit/fpu/dfma/fma/_30182_/Y (sky130_fd_sc_hd__o211ai_1)
   0.1023   18.5615 ^ fpu_exe_unit/FPUUnit/fpu/dfma/fma/_30187_/Y (sky130_fd_sc_hd__nand2_1)
   0.1210   18.6825 ^ fpu_exe_unit/FPUUnit/fpu/dfma/fma/_30269_/Y (sky130_fd_sc_hd__xnor2_1)
   0.0787   18.7612 v fpu_exe_unit/FPUUnit/fpu/dfma/fma/_30271_/Y (sky130_fd_sc_hd__a21oi_1)
   0.0035   18.7646 v fpu_exe_unit/FPUUnit/fpu/dfma/fma/_31126_/D (sky130_fd_sc_hd__dfxtp_1)
            18.7646   data arrival time

  20.0000   20.0000   clock clock (rise edge)
   0.0000   20.0000   clock network delay (ideal)
   0.0000   20.0000   clock reconvergence pessimism
            20.0000 ^ fpu_exe_unit/FPUUnit/fpu/dfma/fma/_31126_/CLK (sky130_fd_sc_hd__dfxtp_1)
  -0.1345   19.8655   library setup time
            19.8655   data required time
-------------------------------------------------------------
            19.8655   data required time
           -18.7646   data arrival time
-------------------------------------------------------------
             1.1009   slack (MET)


Startpoint: fpu_exe_unit/FPUUnit/fpu/dfma/_1310_
            (rising edge-triggered flip-flop clocked by clock)
Endpoint: fpu_exe_unit/FPUUnit/fpu/dfma/fma/_31120_
          (rising edge-triggered flip-flop clocked by clock)
Path Group: clock
Path Type: max

    Delay      Time   Description
-------------------------------------------------------------
   0.0000    0.0000   clock clock (rise edge)
   0.0000    0.0000   clock network delay (ideal)
   0.0000    0.0000 ^ fpu_exe_unit/FPUUnit/fpu/dfma/_1310_/CLK (sky130_fd_sc_hd__dfxtp_1)
   0.2995    0.2995 v fpu_exe_unit/FPUUnit/fpu/dfma/_1310_/Q (sky130_fd_sc_hd__dfxtp_1)
   0.1614    0.4609 v fpu_exe_unit/FPUUnit/fpu/dfma/fma/mulAddRecFNToRaw_preMul/_1092_/Y (sky130_fd_sc_hd__xnor2_1)
   0.3226    0.7835 ^ fpu_exe_unit/FPUUnit/fpu/dfma/fma/mulAddRecFNToRaw_preMul/_1094_/Y (sky130_fd_sc_hd__o21ai_0)
   0.1761    0.9596 v fpu_exe_unit/FPUUnit/fpu/dfma/fma/mulAddRecFNToRaw_preMul/_1097_/Y (sky130_fd_sc_hd__a31oi_1)
   0.4045    1.3640 v fpu_exe_unit/FPUUnit/fpu/dfma/fma/mulAddRecFNToRaw_preMul/_1098_/X (sky130_fd_sc_hd__maj3_1)
   0.3959    1.7600 v fpu_exe_unit/FPUUnit/fpu/dfma/fma/mulAddRecFNToRaw_preMul/_1099_/X (sky130_fd_sc_hd__maj3_1)
   0.3973    2.1573 v fpu_exe_unit/FPUUnit/fpu/dfma/fma/mulAddRecFNToRaw_preMul/_1100_/X (sky130_fd_sc_hd__maj3_1)
   0.4055    2.5628 v fpu_exe_unit/FPUUnit/fpu/dfma/fma/mulAddRecFNToRaw_preMul/_1101_/X (sky130_fd_sc_hd__maj3_1)
   0.3551    2.9179 v fpu_exe_unit/FPUUnit/fpu/dfma/fma/mulAddRecFNToRaw_preMul/_1121_/X (sky130_fd_sc_hd__maj3_1)
   0.2007    3.1186 v fpu_exe_unit/FPUUnit/fpu/dfma/fma/mulAddRecFNToRaw_preMul/_1122_/X (sky130_fd_sc_hd__xor2_1)
   0.1942    3.3128 ^ fpu_exe_unit/FPUUnit/fpu/dfma/fma/mulAddRecFNToRaw_preMul/_1152_/Y (sky130_fd_sc_hd__o221ai_1)
   0.1518    3.4647 v fpu_exe_unit/FPUUnit/fpu/dfma/fma/mulAddRecFNToRaw_preMul/_1158_/Y (sky130_fd_sc_hd__a32oi_1)
   0.4189    3.8835 v fpu_exe_unit/FPUUnit/fpu/dfma/fma/mulAddRecFNToRaw_preMul/_1159_/X (sky130_fd_sc_hd__maj3_1)
   0.2588    4.1424 v fpu_exe_unit/FPUUnit/fpu/dfma/fma/mulAddRecFNToRaw_preMul/_1177_/X (sky130_fd_sc_hd__o2111a_1)
   0.1835    4.3259 v fpu_exe_unit/FPUUnit/fpu/dfma/fma/mulAddRecFNToRaw_preMul/_1178_/X (sky130_fd_sc_hd__clkbuf_1)
   0.1411    4.4670 ^ fpu_exe_unit/FPUUnit/fpu/dfma/fma/mulAddRecFNToRaw_preMul/_1203_/Y (sky130_fd_sc_hd__nand4_1)
   0.3339    4.8008 ^ fpu_exe_unit/FPUUnit/fpu/dfma/fma/mulAddRecFNToRaw_preMul/_1204_/X (sky130_fd_sc_hd__lpflow_clkbufkapwr_1)
   0.3198    5.1206 ^ fpu_exe_unit/FPUUnit/fpu/dfma/fma/mulAddRecFNToRaw_preMul/_1307_/X (sky130_fd_sc_hd__buf_2)
   0.4406    5.5612 ^ fpu_exe_unit/FPUUnit/fpu/dfma/fma/mulAddRecFNToRaw_preMul/_1308_/X (sky130_fd_sc_hd__lpflow_clkbufkapwr_1)
   0.4049    5.9661 v fpu_exe_unit/FPUUnit/fpu/dfma/fma/mulAddRecFNToRaw_preMul/_1618_/X (sky130_fd_sc_hd__mux2_2)
   0.1693    6.1354 ^ fpu_exe_unit/FPUUnit/fpu/dfma/fma/mulAddRecFNToRaw_preMul/_1760_/Y (sky130_fd_sc_hd__mux2i_1)
   0.0586    6.1940 v fpu_exe_unit/FPUUnit/fpu/dfma/fma/mulAddRecFNToRaw_preMul/_1761_/Y (sky130_fd_sc_hd__nor2_1)
   0.1499    6.3440 ^ fpu_exe_unit/FPUUnit/fpu/dfma/fma/mulAddRecFNToRaw_preMul/_1762_/Y (sky130_fd_sc_hd__a21oi_1)
   0.1072    6.4511 v fpu_exe_unit/FPUUnit/fpu/dfma/fma/mulAddRecFNToRaw_preMul/_1763_/Y (sky130_fd_sc_hd__mux2i_1)
   0.2246    6.6758 ^ fpu_exe_unit/FPUUnit/fpu/dfma/fma/mulAddRecFNToRaw_preMul/_1764_/Y (sky130_fd_sc_hd__a21oi_1)
   0.0630    6.7388 v fpu_exe_unit/FPUUnit/fpu/dfma/fma/mulAddRecFNToRaw_preMul/_1765_/Y (sky130_fd_sc_hd__nor2_1)
   0.1979    6.9367 v fpu_exe_unit/FPUUnit/fpu/dfma/fma/mulAddRecFNToRaw_preMul/_1766_/X (sky130_fd_sc_hd__o22a_1)
   0.3822    7.3188 v fpu_exe_unit/FPUUnit/fpu/dfma/fma/_15656_/X (sky130_fd_sc_hd__xnor3_1)
   0.3964    7.7153 v fpu_exe_unit/FPUUnit/fpu/dfma/fma/_15669_/X (sky130_fd_sc_hd__maj3_1)
   0.3777    8.0930 v fpu_exe_unit/FPUUnit/fpu/dfma/fma/_15690_/X (sky130_fd_sc_hd__maj3_1)
   0.3929    8.4858 v fpu_exe_unit/FPUUnit/fpu/dfma/fma/_15718_/X (sky130_fd_sc_hd__maj3_1)
   0.3979    8.8837 v fpu_exe_unit/FPUUnit/fpu/dfma/fma/_15741_/X (sky130_fd_sc_hd__xor3_1)
   0.1695    9.0532 ^ fpu_exe_unit/FPUUnit/fpu/dfma/fma/_15751_/Y (sky130_fd_sc_hd__nor2_1)
   0.2943    9.3475 ^ fpu_exe_unit/FPUUnit/fpu/dfma/fma/_15789_/X (sky130_fd_sc_hd__xor3_1)
   0.1440    9.4915 v fpu_exe_unit/FPUUnit/fpu/dfma/fma/_15790_/Y (sky130_fd_sc_hd__nand4bb_1)
   0.3515    9.8430 v fpu_exe_unit/FPUUnit/fpu/dfma/fma/_15837_/X (sky130_fd_sc_hd__or2_2)
   0.3724   10.2154 v fpu_exe_unit/FPUUnit/fpu/dfma/fma/_15891_/X (sky130_fd_sc_hd__maj3_1)
   0.3778   10.5932 v fpu_exe_unit/FPUUnit/fpu/dfma/fma/_15946_/X (sky130_fd_sc_hd__maj3_1)
   0.3853   10.9785 v fpu_exe_unit/FPUUnit/fpu/dfma/fma/_16018_/X (sky130_fd_sc_hd__maj3_1)
   0.3669   11.3454 v fpu_exe_unit/FPUUnit/fpu/dfma/fma/_16084_/X (sky130_fd_sc_hd__maj3_1)
   0.3753   11.7207 v fpu_exe_unit/FPUUnit/fpu/dfma/fma/_16150_/X (sky130_fd_sc_hd__maj3_1)
   0.3716   12.0924 v fpu_exe_unit/FPUUnit/fpu/dfma/fma/_16236_/X (sky130_fd_sc_hd__maj3_1)
   0.3656   12.4580 v fpu_exe_unit/FPUUnit/fpu/dfma/fma/_16331_/X (sky130_fd_sc_hd__maj3_1)
   0.3227   12.7806 ^ fpu_exe_unit/FPUUnit/fpu/dfma/fma/_16425_/Y (sky130_fd_sc_hd__o21ai_0)
   0.1187   12.8993 v fpu_exe_unit/FPUUnit/fpu/dfma/fma/_16955_/Y (sky130_fd_sc_hd__a211oi_1)
   0.3448   13.2441 ^ fpu_exe_unit/FPUUnit/fpu/dfma/fma/_16956_/Y (sky130_fd_sc_hd__o311ai_0)
   0.1911   13.4352 v fpu_exe_unit/FPUUnit/fpu/dfma/fma/_17093_/Y (sky130_fd_sc_hd__nand4_1)
   0.3235   13.7588 ^ fpu_exe_unit/FPUUnit/fpu/dfma/fma/_17388_/Y (sky130_fd_sc_hd__a211oi_1)
   0.1962   13.9550 v fpu_exe_unit/FPUUnit/fpu/dfma/fma/_17685_/Y (sky130_fd_sc_hd__o311ai_0)
   0.2651   14.2201 ^ fpu_exe_unit/FPUUnit/fpu/dfma/fma/_17989_/Y (sky130_fd_sc_hd__a211oi_1)
   0.1397   14.3598 v fpu_exe_unit/FPUUnit/fpu/dfma/fma/_18300_/Y (sky130_fd_sc_hd__o211ai_1)
   0.4212   14.7810 ^ fpu_exe_unit/FPUUnit/fpu/dfma/fma/_19021_/Y (sky130_fd_sc_hd__a2111oi_0)
   0.2639   15.0448 v fpu_exe_unit/FPUUnit/fpu/dfma/fma/_19832_/Y (sky130_fd_sc_hd__a2111oi_0)
   0.3827   15.4275 v fpu_exe_unit/FPUUnit/fpu/dfma/fma/_21839_/X (sky130_fd_sc_hd__o31a_1)
   0.3912   15.8187 ^ fpu_exe_unit/FPUUnit/fpu/dfma/fma/_22105_/Y (sky130_fd_sc_hd__o31ai_1)
   0.2506   16.0693 ^ fpu_exe_unit/FPUUnit/fpu/dfma/fma/_22629_/X (sky130_fd_sc_hd__a31o_2)
   0.1211   16.1903 v fpu_exe_unit/FPUUnit/fpu/dfma/fma/_23185_/Y (sky130_fd_sc_hd__a31oi_1)
   0.3854   16.5758 ^ fpu_exe_unit/FPUUnit/fpu/dfma/fma/_23741_/Y (sky130_fd_sc_hd__o21ai_0)
   0.1565   16.7322 v fpu_exe_unit/FPUUnit/fpu/dfma/fma/_25946_/Y (sky130_fd_sc_hd__nand4bb_1)
   0.5684   17.3006 ^ fpu_exe_unit/FPUUnit/fpu/dfma/fma/_26630_/Y (sky130_fd_sc_hd__a2111oi_0)
   0.2519   17.5525 v fpu_exe_unit/FPUUnit/fpu/dfma/fma/_28157_/Y (sky130_fd_sc_hd__o2111ai_1)
   0.3749   17.9274 v fpu_exe_unit/FPUUnit/fpu/dfma/fma/_29062_/X (sky130_fd_sc_hd__a221o_1)
   0.1542   18.0816 ^ fpu_exe_unit/FPUUnit/fpu/dfma/fma/_29326_/Y (sky130_fd_sc_hd__a21oi_1)
   0.1200   18.2016 v fpu_exe_unit/FPUUnit/fpu/dfma/fma/_29570_/Y (sky130_fd_sc_hd__o21ai_0)
   0.1713   18.3728 v fpu_exe_unit/FPUUnit/fpu/dfma/fma/_29573_/X (sky130_fd_sc_hd__lpflow_inputiso0n_1)
   0.1545   18.5273 ^ fpu_exe_unit/FPUUnit/fpu/dfma/fma/_29681_/Y (sky130_fd_sc_hd__xnor2_1)
   0.0787   18.6060 v fpu_exe_unit/FPUUnit/fpu/dfma/fma/_29683_/Y (sky130_fd_sc_hd__a21oi_1)
   0.0035   18.6095 v fpu_exe_unit/FPUUnit/fpu/dfma/fma/_31120_/D (sky130_fd_sc_hd__dfxtp_1)
            18.6095   data arrival time

  20.0000   20.0000   clock clock (rise edge)
   0.0000   20.0000   clock network delay (ideal)
   0.0000   20.0000   clock reconvergence pessimism
            20.0000 ^ fpu_exe_unit/FPUUnit/fpu/dfma/fma/_31120_/CLK (sky130_fd_sc_hd__dfxtp_1)
  -0.1345   19.8655   library setup time
            19.8655   data required time
-------------------------------------------------------------
            19.8655   data required time
           -18.6095   data arrival time
-------------------------------------------------------------
             1.2560   slack (MET)


Startpoint: fpu_exe_unit/FPUUnit/fpu/dfma/_1310_
            (rising edge-triggered flip-flop clocked by clock)
Endpoint: fpu_exe_unit/FPUUnit/fpu/dfma/fma/_31119_
          (rising edge-triggered flip-flop clocked by clock)
Path Group: clock
Path Type: max

    Delay      Time   Description
-------------------------------------------------------------
   0.0000    0.0000   clock clock (rise edge)
   0.0000    0.0000   clock network delay (ideal)
   0.0000    0.0000 ^ fpu_exe_unit/FPUUnit/fpu/dfma/_1310_/CLK (sky130_fd_sc_hd__dfxtp_1)
   0.2995    0.2995 v fpu_exe_unit/FPUUnit/fpu/dfma/_1310_/Q (sky130_fd_sc_hd__dfxtp_1)
   0.1614    0.4609 v fpu_exe_unit/FPUUnit/fpu/dfma/fma/mulAddRecFNToRaw_preMul/_1092_/Y (sky130_fd_sc_hd__xnor2_1)
   0.3226    0.7835 ^ fpu_exe_unit/FPUUnit/fpu/dfma/fma/mulAddRecFNToRaw_preMul/_1094_/Y (sky130_fd_sc_hd__o21ai_0)
   0.1761    0.9596 v fpu_exe_unit/FPUUnit/fpu/dfma/fma/mulAddRecFNToRaw_preMul/_1097_/Y (sky130_fd_sc_hd__a31oi_1)
   0.4045    1.3640 v fpu_exe_unit/FPUUnit/fpu/dfma/fma/mulAddRecFNToRaw_preMul/_1098_/X (sky130_fd_sc_hd__maj3_1)
   0.3959    1.7600 v fpu_exe_unit/FPUUnit/fpu/dfma/fma/mulAddRecFNToRaw_preMul/_1099_/X (sky130_fd_sc_hd__maj3_1)
   0.3973    2.1573 v fpu_exe_unit/FPUUnit/fpu/dfma/fma/mulAddRecFNToRaw_preMul/_1100_/X (sky130_fd_sc_hd__maj3_1)
   0.4055    2.5628 v fpu_exe_unit/FPUUnit/fpu/dfma/fma/mulAddRecFNToRaw_preMul/_1101_/X (sky130_fd_sc_hd__maj3_1)
   0.3551    2.9179 v fpu_exe_unit/FPUUnit/fpu/dfma/fma/mulAddRecFNToRaw_preMul/_1121_/X (sky130_fd_sc_hd__maj3_1)
   0.2007    3.1186 v fpu_exe_unit/FPUUnit/fpu/dfma/fma/mulAddRecFNToRaw_preMul/_1122_/X (sky130_fd_sc_hd__xor2_1)
   0.1942    3.3128 ^ fpu_exe_unit/FPUUnit/fpu/dfma/fma/mulAddRecFNToRaw_preMul/_1152_/Y (sky130_fd_sc_hd__o221ai_1)
   0.1518    3.4647 v fpu_exe_unit/FPUUnit/fpu/dfma/fma/mulAddRecFNToRaw_preMul/_1158_/Y (sky130_fd_sc_hd__a32oi_1)
   0.4189    3.8835 v fpu_exe_unit/FPUUnit/fpu/dfma/fma/mulAddRecFNToRaw_preMul/_1159_/X (sky130_fd_sc_hd__maj3_1)
   0.2588    4.1424 v fpu_exe_unit/FPUUnit/fpu/dfma/fma/mulAddRecFNToRaw_preMul/_1177_/X (sky130_fd_sc_hd__o2111a_1)
   0.1835    4.3259 v fpu_exe_unit/FPUUnit/fpu/dfma/fma/mulAddRecFNToRaw_preMul/_1178_/X (sky130_fd_sc_hd__clkbuf_1)
   0.1411    4.4670 ^ fpu_exe_unit/FPUUnit/fpu/dfma/fma/mulAddRecFNToRaw_preMul/_1203_/Y (sky130_fd_sc_hd__nand4_1)
   0.3339    4.8008 ^ fpu_exe_unit/FPUUnit/fpu/dfma/fma/mulAddRecFNToRaw_preMul/_1204_/X (sky130_fd_sc_hd__lpflow_clkbufkapwr_1)
   0.3198    5.1206 ^ fpu_exe_unit/FPUUnit/fpu/dfma/fma/mulAddRecFNToRaw_preMul/_1307_/X (sky130_fd_sc_hd__buf_2)
   0.4406    5.5612 ^ fpu_exe_unit/FPUUnit/fpu/dfma/fma/mulAddRecFNToRaw_preMul/_1308_/X (sky130_fd_sc_hd__lpflow_clkbufkapwr_1)
   0.4049    5.9661 v fpu_exe_unit/FPUUnit/fpu/dfma/fma/mulAddRecFNToRaw_preMul/_1618_/X (sky130_fd_sc_hd__mux2_2)
   0.1693    6.1354 ^ fpu_exe_unit/FPUUnit/fpu/dfma/fma/mulAddRecFNToRaw_preMul/_1760_/Y (sky130_fd_sc_hd__mux2i_1)
   0.0586    6.1940 v fpu_exe_unit/FPUUnit/fpu/dfma/fma/mulAddRecFNToRaw_preMul/_1761_/Y (sky130_fd_sc_hd__nor2_1)
   0.1499    6.3440 ^ fpu_exe_unit/FPUUnit/fpu/dfma/fma/mulAddRecFNToRaw_preMul/_1762_/Y (sky130_fd_sc_hd__a21oi_1)
   0.1072    6.4511 v fpu_exe_unit/FPUUnit/fpu/dfma/fma/mulAddRecFNToRaw_preMul/_1763_/Y (sky130_fd_sc_hd__mux2i_1)
   0.2246    6.6758 ^ fpu_exe_unit/FPUUnit/fpu/dfma/fma/mulAddRecFNToRaw_preMul/_1764_/Y (sky130_fd_sc_hd__a21oi_1)
   0.0630    6.7388 v fpu_exe_unit/FPUUnit/fpu/dfma/fma/mulAddRecFNToRaw_preMul/_1765_/Y (sky130_fd_sc_hd__nor2_1)
   0.1979    6.9367 v fpu_exe_unit/FPUUnit/fpu/dfma/fma/mulAddRecFNToRaw_preMul/_1766_/X (sky130_fd_sc_hd__o22a_1)
   0.3822    7.3188 v fpu_exe_unit/FPUUnit/fpu/dfma/fma/_15656_/X (sky130_fd_sc_hd__xnor3_1)
   0.3964    7.7153 v fpu_exe_unit/FPUUnit/fpu/dfma/fma/_15669_/X (sky130_fd_sc_hd__maj3_1)
   0.3777    8.0930 v fpu_exe_unit/FPUUnit/fpu/dfma/fma/_15690_/X (sky130_fd_sc_hd__maj3_1)
   0.3929    8.4858 v fpu_exe_unit/FPUUnit/fpu/dfma/fma/_15718_/X (sky130_fd_sc_hd__maj3_1)
   0.3979    8.8837 v fpu_exe_unit/FPUUnit/fpu/dfma/fma/_15741_/X (sky130_fd_sc_hd__xor3_1)
   0.1695    9.0532 ^ fpu_exe_unit/FPUUnit/fpu/dfma/fma/_15751_/Y (sky130_fd_sc_hd__nor2_1)
   0.2943    9.3475 ^ fpu_exe_unit/FPUUnit/fpu/dfma/fma/_15789_/X (sky130_fd_sc_hd__xor3_1)
   0.1440    9.4915 v fpu_exe_unit/FPUUnit/fpu/dfma/fma/_15790_/Y (sky130_fd_sc_hd__nand4bb_1)
   0.3515    9.8430 v fpu_exe_unit/FPUUnit/fpu/dfma/fma/_15837_/X (sky130_fd_sc_hd__or2_2)
   0.3724   10.2154 v fpu_exe_unit/FPUUnit/fpu/dfma/fma/_15891_/X (sky130_fd_sc_hd__maj3_1)
   0.3778   10.5932 v fpu_exe_unit/FPUUnit/fpu/dfma/fma/_15946_/X (sky130_fd_sc_hd__maj3_1)
   0.3853   10.9785 v fpu_exe_unit/FPUUnit/fpu/dfma/fma/_16018_/X (sky130_fd_sc_hd__maj3_1)
   0.3669   11.3454 v fpu_exe_unit/FPUUnit/fpu/dfma/fma/_16084_/X (sky130_fd_sc_hd__maj3_1)
   0.3753   11.7207 v fpu_exe_unit/FPUUnit/fpu/dfma/fma/_16150_/X (sky130_fd_sc_hd__maj3_1)
   0.3716   12.0924 v fpu_exe_unit/FPUUnit/fpu/dfma/fma/_16236_/X (sky130_fd_sc_hd__maj3_1)
   0.3656   12.4580 v fpu_exe_unit/FPUUnit/fpu/dfma/fma/_16331_/X (sky130_fd_sc_hd__maj3_1)
   0.3227   12.7806 ^ fpu_exe_unit/FPUUnit/fpu/dfma/fma/_16425_/Y (sky130_fd_sc_hd__o21ai_0)
   0.1187   12.8993 v fpu_exe_unit/FPUUnit/fpu/dfma/fma/_16955_/Y (sky130_fd_sc_hd__a211oi_1)
   0.3448   13.2441 ^ fpu_exe_unit/FPUUnit/fpu/dfma/fma/_16956_/Y (sky130_fd_sc_hd__o311ai_0)
   0.1911   13.4352 v fpu_exe_unit/FPUUnit/fpu/dfma/fma/_17093_/Y (sky130_fd_sc_hd__nand4_1)
   0.3235   13.7588 ^ fpu_exe_unit/FPUUnit/fpu/dfma/fma/_17388_/Y (sky130_fd_sc_hd__a211oi_1)
   0.1962   13.9550 v fpu_exe_unit/FPUUnit/fpu/dfma/fma/_17685_/Y (sky130_fd_sc_hd__o311ai_0)
   0.2651   14.2201 ^ fpu_exe_unit/FPUUnit/fpu/dfma/fma/_17989_/Y (sky130_fd_sc_hd__a211oi_1)
   0.1397   14.3598 v fpu_exe_unit/FPUUnit/fpu/dfma/fma/_18300_/Y (sky130_fd_sc_hd__o211ai_1)
   0.4212   14.7810 ^ fpu_exe_unit/FPUUnit/fpu/dfma/fma/_19021_/Y (sky130_fd_sc_hd__a2111oi_0)
   0.2639   15.0448 v fpu_exe_unit/FPUUnit/fpu/dfma/fma/_19832_/Y (sky130_fd_sc_hd__a2111oi_0)
   0.3827   15.4275 v fpu_exe_unit/FPUUnit/fpu/dfma/fma/_21839_/X (sky130_fd_sc_hd__o31a_1)
   0.3912   15.8187 ^ fpu_exe_unit/FPUUnit/fpu/dfma/fma/_22105_/Y (sky130_fd_sc_hd__o31ai_1)
   0.2506   16.0693 ^ fpu_exe_unit/FPUUnit/fpu/dfma/fma/_22629_/X (sky130_fd_sc_hd__a31o_2)
   0.1211   16.1903 v fpu_exe_unit/FPUUnit/fpu/dfma/fma/_23185_/Y (sky130_fd_sc_hd__a31oi_1)
   0.3854   16.5758 ^ fpu_exe_unit/FPUUnit/fpu/dfma/fma/_23741_/Y (sky130_fd_sc_hd__o21ai_0)
   0.1565   16.7322 v fpu_exe_unit/FPUUnit/fpu/dfma/fma/_25946_/Y (sky130_fd_sc_hd__nand4bb_1)
   0.5684   17.3006 ^ fpu_exe_unit/FPUUnit/fpu/dfma/fma/_26630_/Y (sky130_fd_sc_hd__a2111oi_0)
   0.2519   17.5525 v fpu_exe_unit/FPUUnit/fpu/dfma/fma/_28157_/Y (sky130_fd_sc_hd__o2111ai_1)
   0.3749   17.9274 v fpu_exe_unit/FPUUnit/fpu/dfma/fma/_29062_/X (sky130_fd_sc_hd__a221o_1)
   0.1542   18.0816 ^ fpu_exe_unit/FPUUnit/fpu/dfma/fma/_29326_/Y (sky130_fd_sc_hd__a21oi_1)
   0.0869   18.1685 v fpu_exe_unit/FPUUnit/fpu/dfma/fma/_29329_/Y (sky130_fd_sc_hd__nor2_1)
   0.1948   18.3632 v fpu_exe_unit/FPUUnit/fpu/dfma/fma/_29450_/X (sky130_fd_sc_hd__o21a_1)
   0.1526   18.5158 ^ fpu_exe_unit/FPUUnit/fpu/dfma/fma/_29565_/Y (sky130_fd_sc_hd__xnor2_1)
   0.0787   18.5945 v fpu_exe_unit/FPUUnit/fpu/dfma/fma/_29567_/Y (sky130_fd_sc_hd__a21oi_1)
   0.0035   18.5980 v fpu_exe_unit/FPUUnit/fpu/dfma/fma/_31119_/D (sky130_fd_sc_hd__dfxtp_1)
            18.5980   data arrival time

  20.0000   20.0000   clock clock (rise edge)
   0.0000   20.0000   clock network delay (ideal)
   0.0000   20.0000   clock reconvergence pessimism
            20.0000 ^ fpu_exe_unit/FPUUnit/fpu/dfma/fma/_31119_/CLK (sky130_fd_sc_hd__dfxtp_1)
  -0.1345   19.8655   library setup time
            19.8655   data required time
-------------------------------------------------------------
            19.8655   data required time
           -18.5980   data arrival time
-------------------------------------------------------------
             1.2676   slack (MET)


Startpoint: fpu_exe_unit/FPUUnit/fpu/dfma/_1310_
            (rising edge-triggered flip-flop clocked by clock)
Endpoint: fpu_exe_unit/FPUUnit/fpu/dfma/fma/_31118_
          (rising edge-triggered flip-flop clocked by clock)
Path Group: clock
Path Type: max

    Delay      Time   Description
-------------------------------------------------------------
   0.0000    0.0000   clock clock (rise edge)
   0.0000    0.0000   clock network delay (ideal)
   0.0000    0.0000 ^ fpu_exe_unit/FPUUnit/fpu/dfma/_1310_/CLK (sky130_fd_sc_hd__dfxtp_1)
   0.2995    0.2995 v fpu_exe_unit/FPUUnit/fpu/dfma/_1310_/Q (sky130_fd_sc_hd__dfxtp_1)
   0.1614    0.4609 v fpu_exe_unit/FPUUnit/fpu/dfma/fma/mulAddRecFNToRaw_preMul/_1092_/Y (sky130_fd_sc_hd__xnor2_1)
   0.3226    0.7835 ^ fpu_exe_unit/FPUUnit/fpu/dfma/fma/mulAddRecFNToRaw_preMul/_1094_/Y (sky130_fd_sc_hd__o21ai_0)
   0.1761    0.9596 v fpu_exe_unit/FPUUnit/fpu/dfma/fma/mulAddRecFNToRaw_preMul/_1097_/Y (sky130_fd_sc_hd__a31oi_1)
   0.4045    1.3640 v fpu_exe_unit/FPUUnit/fpu/dfma/fma/mulAddRecFNToRaw_preMul/_1098_/X (sky130_fd_sc_hd__maj3_1)
   0.3959    1.7600 v fpu_exe_unit/FPUUnit/fpu/dfma/fma/mulAddRecFNToRaw_preMul/_1099_/X (sky130_fd_sc_hd__maj3_1)
   0.3973    2.1573 v fpu_exe_unit/FPUUnit/fpu/dfma/fma/mulAddRecFNToRaw_preMul/_1100_/X (sky130_fd_sc_hd__maj3_1)
   0.4055    2.5628 v fpu_exe_unit/FPUUnit/fpu/dfma/fma/mulAddRecFNToRaw_preMul/_1101_/X (sky130_fd_sc_hd__maj3_1)
   0.3551    2.9179 v fpu_exe_unit/FPUUnit/fpu/dfma/fma/mulAddRecFNToRaw_preMul/_1121_/X (sky130_fd_sc_hd__maj3_1)
   0.2007    3.1186 v fpu_exe_unit/FPUUnit/fpu/dfma/fma/mulAddRecFNToRaw_preMul/_1122_/X (sky130_fd_sc_hd__xor2_1)
   0.1942    3.3128 ^ fpu_exe_unit/FPUUnit/fpu/dfma/fma/mulAddRecFNToRaw_preMul/_1152_/Y (sky130_fd_sc_hd__o221ai_1)
   0.1518    3.4647 v fpu_exe_unit/FPUUnit/fpu/dfma/fma/mulAddRecFNToRaw_preMul/_1158_/Y (sky130_fd_sc_hd__a32oi_1)
   0.4189    3.8835 v fpu_exe_unit/FPUUnit/fpu/dfma/fma/mulAddRecFNToRaw_preMul/_1159_/X (sky130_fd_sc_hd__maj3_1)
   0.2588    4.1424 v fpu_exe_unit/FPUUnit/fpu/dfma/fma/mulAddRecFNToRaw_preMul/_1177_/X (sky130_fd_sc_hd__o2111a_1)
   0.1835    4.3259 v fpu_exe_unit/FPUUnit/fpu/dfma/fma/mulAddRecFNToRaw_preMul/_1178_/X (sky130_fd_sc_hd__clkbuf_1)
   0.1411    4.4670 ^ fpu_exe_unit/FPUUnit/fpu/dfma/fma/mulAddRecFNToRaw_preMul/_1203_/Y (sky130_fd_sc_hd__nand4_1)
   0.3339    4.8008 ^ fpu_exe_unit/FPUUnit/fpu/dfma/fma/mulAddRecFNToRaw_preMul/_1204_/X (sky130_fd_sc_hd__lpflow_clkbufkapwr_1)
   0.3198    5.1206 ^ fpu_exe_unit/FPUUnit/fpu/dfma/fma/mulAddRecFNToRaw_preMul/_1307_/X (sky130_fd_sc_hd__buf_2)
   0.4406    5.5612 ^ fpu_exe_unit/FPUUnit/fpu/dfma/fma/mulAddRecFNToRaw_preMul/_1308_/X (sky130_fd_sc_hd__lpflow_clkbufkapwr_1)
   0.4049    5.9661 v fpu_exe_unit/FPUUnit/fpu/dfma/fma/mulAddRecFNToRaw_preMul/_1618_/X (sky130_fd_sc_hd__mux2_2)
   0.1693    6.1354 ^ fpu_exe_unit/FPUUnit/fpu/dfma/fma/mulAddRecFNToRaw_preMul/_1760_/Y (sky130_fd_sc_hd__mux2i_1)
   0.0586    6.1940 v fpu_exe_unit/FPUUnit/fpu/dfma/fma/mulAddRecFNToRaw_preMul/_1761_/Y (sky130_fd_sc_hd__nor2_1)
   0.1499    6.3440 ^ fpu_exe_unit/FPUUnit/fpu/dfma/fma/mulAddRecFNToRaw_preMul/_1762_/Y (sky130_fd_sc_hd__a21oi_1)
   0.1072    6.4511 v fpu_exe_unit/FPUUnit/fpu/dfma/fma/mulAddRecFNToRaw_preMul/_1763_/Y (sky130_fd_sc_hd__mux2i_1)
   0.2246    6.6758 ^ fpu_exe_unit/FPUUnit/fpu/dfma/fma/mulAddRecFNToRaw_preMul/_1764_/Y (sky130_fd_sc_hd__a21oi_1)
   0.0630    6.7388 v fpu_exe_unit/FPUUnit/fpu/dfma/fma/mulAddRecFNToRaw_preMul/_1765_/Y (sky130_fd_sc_hd__nor2_1)
   0.1979    6.9367 v fpu_exe_unit/FPUUnit/fpu/dfma/fma/mulAddRecFNToRaw_preMul/_1766_/X (sky130_fd_sc_hd__o22a_1)
   0.3822    7.3188 v fpu_exe_unit/FPUUnit/fpu/dfma/fma/_15656_/X (sky130_fd_sc_hd__xnor3_1)
   0.3964    7.7153 v fpu_exe_unit/FPUUnit/fpu/dfma/fma/_15669_/X (sky130_fd_sc_hd__maj3_1)
   0.3777    8.0930 v fpu_exe_unit/FPUUnit/fpu/dfma/fma/_15690_/X (sky130_fd_sc_hd__maj3_1)
   0.3929    8.4858 v fpu_exe_unit/FPUUnit/fpu/dfma/fma/_15718_/X (sky130_fd_sc_hd__maj3_1)
   0.3979    8.8837 v fpu_exe_unit/FPUUnit/fpu/dfma/fma/_15741_/X (sky130_fd_sc_hd__xor3_1)
   0.1695    9.0532 ^ fpu_exe_unit/FPUUnit/fpu/dfma/fma/_15751_/Y (sky130_fd_sc_hd__nor2_1)
   0.2943    9.3475 ^ fpu_exe_unit/FPUUnit/fpu/dfma/fma/_15789_/X (sky130_fd_sc_hd__xor3_1)
   0.1440    9.4915 v fpu_exe_unit/FPUUnit/fpu/dfma/fma/_15790_/Y (sky130_fd_sc_hd__nand4bb_1)
   0.3515    9.8430 v fpu_exe_unit/FPUUnit/fpu/dfma/fma/_15837_/X (sky130_fd_sc_hd__or2_2)
   0.3724   10.2154 v fpu_exe_unit/FPUUnit/fpu/dfma/fma/_15891_/X (sky130_fd_sc_hd__maj3_1)
   0.3778   10.5932 v fpu_exe_unit/FPUUnit/fpu/dfma/fma/_15946_/X (sky130_fd_sc_hd__maj3_1)
   0.3853   10.9785 v fpu_exe_unit/FPUUnit/fpu/dfma/fma/_16018_/X (sky130_fd_sc_hd__maj3_1)
   0.3669   11.3454 v fpu_exe_unit/FPUUnit/fpu/dfma/fma/_16084_/X (sky130_fd_sc_hd__maj3_1)
   0.3753   11.7207 v fpu_exe_unit/FPUUnit/fpu/dfma/fma/_16150_/X (sky130_fd_sc_hd__maj3_1)
   0.3716   12.0924 v fpu_exe_unit/FPUUnit/fpu/dfma/fma/_16236_/X (sky130_fd_sc_hd__maj3_1)
   0.3656   12.4580 v fpu_exe_unit/FPUUnit/fpu/dfma/fma/_16331_/X (sky130_fd_sc_hd__maj3_1)
   0.3227   12.7806 ^ fpu_exe_unit/FPUUnit/fpu/dfma/fma/_16425_/Y (sky130_fd_sc_hd__o21ai_0)
   0.1187   12.8993 v fpu_exe_unit/FPUUnit/fpu/dfma/fma/_16955_/Y (sky130_fd_sc_hd__a211oi_1)
   0.3448   13.2441 ^ fpu_exe_unit/FPUUnit/fpu/dfma/fma/_16956_/Y (sky130_fd_sc_hd__o311ai_0)
   0.1911   13.4352 v fpu_exe_unit/FPUUnit/fpu/dfma/fma/_17093_/Y (sky130_fd_sc_hd__nand4_1)
   0.3235   13.7588 ^ fpu_exe_unit/FPUUnit/fpu/dfma/fma/_17388_/Y (sky130_fd_sc_hd__a211oi_1)
   0.1962   13.9550 v fpu_exe_unit/FPUUnit/fpu/dfma/fma/_17685_/Y (sky130_fd_sc_hd__o311ai_0)
   0.2651   14.2201 ^ fpu_exe_unit/FPUUnit/fpu/dfma/fma/_17989_/Y (sky130_fd_sc_hd__a211oi_1)
   0.1397   14.3598 v fpu_exe_unit/FPUUnit/fpu/dfma/fma/_18300_/Y (sky130_fd_sc_hd__o211ai_1)
   0.4212   14.7810 ^ fpu_exe_unit/FPUUnit/fpu/dfma/fma/_19021_/Y (sky130_fd_sc_hd__a2111oi_0)
   0.2639   15.0448 v fpu_exe_unit/FPUUnit/fpu/dfma/fma/_19832_/Y (sky130_fd_sc_hd__a2111oi_0)
   0.3827   15.4275 v fpu_exe_unit/FPUUnit/fpu/dfma/fma/_21839_/X (sky130_fd_sc_hd__o31a_1)
   0.3912   15.8187 ^ fpu_exe_unit/FPUUnit/fpu/dfma/fma/_22105_/Y (sky130_fd_sc_hd__o31ai_1)
   0.2506   16.0693 ^ fpu_exe_unit/FPUUnit/fpu/dfma/fma/_22629_/X (sky130_fd_sc_hd__a31o_2)
   0.1211   16.1903 v fpu_exe_unit/FPUUnit/fpu/dfma/fma/_23185_/Y (sky130_fd_sc_hd__a31oi_1)
   0.3854   16.5758 ^ fpu_exe_unit/FPUUnit/fpu/dfma/fma/_23741_/Y (sky130_fd_sc_hd__o21ai_0)
   0.1565   16.7322 v fpu_exe_unit/FPUUnit/fpu/dfma/fma/_25946_/Y (sky130_fd_sc_hd__nand4bb_1)
   0.5684   17.3006 ^ fpu_exe_unit/FPUUnit/fpu/dfma/fma/_26630_/Y (sky130_fd_sc_hd__a2111oi_0)
   0.2519   17.5525 v fpu_exe_unit/FPUUnit/fpu/dfma/fma/_28157_/Y (sky130_fd_sc_hd__o2111ai_1)
   0.3749   17.9274 v fpu_exe_unit/FPUUnit/fpu/dfma/fma/_29062_/X (sky130_fd_sc_hd__a221o_1)
   0.1542   18.0816 ^ fpu_exe_unit/FPUUnit/fpu/dfma/fma/_29326_/Y (sky130_fd_sc_hd__a21oi_1)
   0.0869   18.1685 v fpu_exe_unit/FPUUnit/fpu/dfma/fma/_29329_/Y (sky130_fd_sc_hd__nor2_1)
   0.1534   18.3219 ^ fpu_exe_unit/FPUUnit/fpu/dfma/fma/_29447_/Y (sky130_fd_sc_hd__xnor2_1)
   0.0787   18.4006 v fpu_exe_unit/FPUUnit/fpu/dfma/fma/_29449_/Y (sky130_fd_sc_hd__a21oi_1)
   0.0035   18.4040 v fpu_exe_unit/FPUUnit/fpu/dfma/fma/_31118_/D (sky130_fd_sc_hd__dfxtp_1)
            18.4040   data arrival time

  20.0000   20.0000   clock clock (rise edge)
   0.0000   20.0000   clock network delay (ideal)
   0.0000   20.0000   clock reconvergence pessimism
            20.0000 ^ fpu_exe_unit/FPUUnit/fpu/dfma/fma/_31118_/CLK (sky130_fd_sc_hd__dfxtp_1)
  -0.1345   19.8655   library setup time
            19.8655   data required time
-------------------------------------------------------------
            19.8655   data required time
           -18.4040   data arrival time
-------------------------------------------------------------
             1.4615   slack (MET)


Startpoint: fpu_exe_unit/FPUUnit/fpu/dfma/_1310_
            (rising edge-triggered flip-flop clocked by clock)
Endpoint: fpu_exe_unit/FPUUnit/fpu/dfma/fma/_31117_
          (rising edge-triggered flip-flop clocked by clock)
Path Group: clock
Path Type: max

    Delay      Time   Description
-------------------------------------------------------------
   0.0000    0.0000   clock clock (rise edge)
   0.0000    0.0000   clock network delay (ideal)
   0.0000    0.0000 ^ fpu_exe_unit/FPUUnit/fpu/dfma/_1310_/CLK (sky130_fd_sc_hd__dfxtp_1)
   0.2995    0.2995 v fpu_exe_unit/FPUUnit/fpu/dfma/_1310_/Q (sky130_fd_sc_hd__dfxtp_1)
   0.1614    0.4609 v fpu_exe_unit/FPUUnit/fpu/dfma/fma/mulAddRecFNToRaw_preMul/_1092_/Y (sky130_fd_sc_hd__xnor2_1)
   0.3226    0.7835 ^ fpu_exe_unit/FPUUnit/fpu/dfma/fma/mulAddRecFNToRaw_preMul/_1094_/Y (sky130_fd_sc_hd__o21ai_0)
   0.1761    0.9596 v fpu_exe_unit/FPUUnit/fpu/dfma/fma/mulAddRecFNToRaw_preMul/_1097_/Y (sky130_fd_sc_hd__a31oi_1)
   0.4045    1.3640 v fpu_exe_unit/FPUUnit/fpu/dfma/fma/mulAddRecFNToRaw_preMul/_1098_/X (sky130_fd_sc_hd__maj3_1)
   0.3959    1.7600 v fpu_exe_unit/FPUUnit/fpu/dfma/fma/mulAddRecFNToRaw_preMul/_1099_/X (sky130_fd_sc_hd__maj3_1)
   0.3973    2.1573 v fpu_exe_unit/FPUUnit/fpu/dfma/fma/mulAddRecFNToRaw_preMul/_1100_/X (sky130_fd_sc_hd__maj3_1)
   0.4055    2.5628 v fpu_exe_unit/FPUUnit/fpu/dfma/fma/mulAddRecFNToRaw_preMul/_1101_/X (sky130_fd_sc_hd__maj3_1)
   0.3551    2.9179 v fpu_exe_unit/FPUUnit/fpu/dfma/fma/mulAddRecFNToRaw_preMul/_1121_/X (sky130_fd_sc_hd__maj3_1)
   0.2007    3.1186 v fpu_exe_unit/FPUUnit/fpu/dfma/fma/mulAddRecFNToRaw_preMul/_1122_/X (sky130_fd_sc_hd__xor2_1)
   0.1942    3.3128 ^ fpu_exe_unit/FPUUnit/fpu/dfma/fma/mulAddRecFNToRaw_preMul/_1152_/Y (sky130_fd_sc_hd__o221ai_1)
   0.1518    3.4647 v fpu_exe_unit/FPUUnit/fpu/dfma/fma/mulAddRecFNToRaw_preMul/_1158_/Y (sky130_fd_sc_hd__a32oi_1)
   0.4189    3.8835 v fpu_exe_unit/FPUUnit/fpu/dfma/fma/mulAddRecFNToRaw_preMul/_1159_/X (sky130_fd_sc_hd__maj3_1)
   0.2588    4.1424 v fpu_exe_unit/FPUUnit/fpu/dfma/fma/mulAddRecFNToRaw_preMul/_1177_/X (sky130_fd_sc_hd__o2111a_1)
   0.1835    4.3259 v fpu_exe_unit/FPUUnit/fpu/dfma/fma/mulAddRecFNToRaw_preMul/_1178_/X (sky130_fd_sc_hd__clkbuf_1)
   0.1411    4.4670 ^ fpu_exe_unit/FPUUnit/fpu/dfma/fma/mulAddRecFNToRaw_preMul/_1203_/Y (sky130_fd_sc_hd__nand4_1)
   0.3339    4.8008 ^ fpu_exe_unit/FPUUnit/fpu/dfma/fma/mulAddRecFNToRaw_preMul/_1204_/X (sky130_fd_sc_hd__lpflow_clkbufkapwr_1)
   0.3198    5.1206 ^ fpu_exe_unit/FPUUnit/fpu/dfma/fma/mulAddRecFNToRaw_preMul/_1307_/X (sky130_fd_sc_hd__buf_2)
   0.4406    5.5612 ^ fpu_exe_unit/FPUUnit/fpu/dfma/fma/mulAddRecFNToRaw_preMul/_1308_/X (sky130_fd_sc_hd__lpflow_clkbufkapwr_1)
   0.4049    5.9661 v fpu_exe_unit/FPUUnit/fpu/dfma/fma/mulAddRecFNToRaw_preMul/_1618_/X (sky130_fd_sc_hd__mux2_2)
   0.1693    6.1354 ^ fpu_exe_unit/FPUUnit/fpu/dfma/fma/mulAddRecFNToRaw_preMul/_1760_/Y (sky130_fd_sc_hd__mux2i_1)
   0.0586    6.1940 v fpu_exe_unit/FPUUnit/fpu/dfma/fma/mulAddRecFNToRaw_preMul/_1761_/Y (sky130_fd_sc_hd__nor2_1)
   0.1499    6.3440 ^ fpu_exe_unit/FPUUnit/fpu/dfma/fma/mulAddRecFNToRaw_preMul/_1762_/Y (sky130_fd_sc_hd__a21oi_1)
   0.1072    6.4511 v fpu_exe_unit/FPUUnit/fpu/dfma/fma/mulAddRecFNToRaw_preMul/_1763_/Y (sky130_fd_sc_hd__mux2i_1)
   0.2246    6.6758 ^ fpu_exe_unit/FPUUnit/fpu/dfma/fma/mulAddRecFNToRaw_preMul/_1764_/Y (sky130_fd_sc_hd__a21oi_1)
   0.0630    6.7388 v fpu_exe_unit/FPUUnit/fpu/dfma/fma/mulAddRecFNToRaw_preMul/_1765_/Y (sky130_fd_sc_hd__nor2_1)
   0.1979    6.9367 v fpu_exe_unit/FPUUnit/fpu/dfma/fma/mulAddRecFNToRaw_preMul/_1766_/X (sky130_fd_sc_hd__o22a_1)
   0.3822    7.3188 v fpu_exe_unit/FPUUnit/fpu/dfma/fma/_15656_/X (sky130_fd_sc_hd__xnor3_1)
   0.3964    7.7153 v fpu_exe_unit/FPUUnit/fpu/dfma/fma/_15669_/X (sky130_fd_sc_hd__maj3_1)
   0.3777    8.0930 v fpu_exe_unit/FPUUnit/fpu/dfma/fma/_15690_/X (sky130_fd_sc_hd__maj3_1)
   0.3929    8.4858 v fpu_exe_unit/FPUUnit/fpu/dfma/fma/_15718_/X (sky130_fd_sc_hd__maj3_1)
   0.3979    8.8837 v fpu_exe_unit/FPUUnit/fpu/dfma/fma/_15741_/X (sky130_fd_sc_hd__xor3_1)
   0.1695    9.0532 ^ fpu_exe_unit/FPUUnit/fpu/dfma/fma/_15751_/Y (sky130_fd_sc_hd__nor2_1)
   0.2943    9.3475 ^ fpu_exe_unit/FPUUnit/fpu/dfma/fma/_15789_/X (sky130_fd_sc_hd__xor3_1)
   0.1440    9.4915 v fpu_exe_unit/FPUUnit/fpu/dfma/fma/_15790_/Y (sky130_fd_sc_hd__nand4bb_1)
   0.3515    9.8430 v fpu_exe_unit/FPUUnit/fpu/dfma/fma/_15837_/X (sky130_fd_sc_hd__or2_2)
   0.3724   10.2154 v fpu_exe_unit/FPUUnit/fpu/dfma/fma/_15891_/X (sky130_fd_sc_hd__maj3_1)
   0.3778   10.5932 v fpu_exe_unit/FPUUnit/fpu/dfma/fma/_15946_/X (sky130_fd_sc_hd__maj3_1)
   0.3853   10.9785 v fpu_exe_unit/FPUUnit/fpu/dfma/fma/_16018_/X (sky130_fd_sc_hd__maj3_1)
   0.3669   11.3454 v fpu_exe_unit/FPUUnit/fpu/dfma/fma/_16084_/X (sky130_fd_sc_hd__maj3_1)
   0.3753   11.7207 v fpu_exe_unit/FPUUnit/fpu/dfma/fma/_16150_/X (sky130_fd_sc_hd__maj3_1)
   0.3716   12.0924 v fpu_exe_unit/FPUUnit/fpu/dfma/fma/_16236_/X (sky130_fd_sc_hd__maj3_1)
   0.3656   12.4580 v fpu_exe_unit/FPUUnit/fpu/dfma/fma/_16331_/X (sky130_fd_sc_hd__maj3_1)
   0.3227   12.7806 ^ fpu_exe_unit/FPUUnit/fpu/dfma/fma/_16425_/Y (sky130_fd_sc_hd__o21ai_0)
   0.1187   12.8993 v fpu_exe_unit/FPUUnit/fpu/dfma/fma/_16955_/Y (sky130_fd_sc_hd__a211oi_1)
   0.3448   13.2441 ^ fpu_exe_unit/FPUUnit/fpu/dfma/fma/_16956_/Y (sky130_fd_sc_hd__o311ai_0)
   0.1911   13.4352 v fpu_exe_unit/FPUUnit/fpu/dfma/fma/_17093_/Y (sky130_fd_sc_hd__nand4_1)
   0.3235   13.7588 ^ fpu_exe_unit/FPUUnit/fpu/dfma/fma/_17388_/Y (sky130_fd_sc_hd__a211oi_1)
   0.1962   13.9550 v fpu_exe_unit/FPUUnit/fpu/dfma/fma/_17685_/Y (sky130_fd_sc_hd__o311ai_0)
   0.2651   14.2201 ^ fpu_exe_unit/FPUUnit/fpu/dfma/fma/_17989_/Y (sky130_fd_sc_hd__a211oi_1)
   0.1397   14.3598 v fpu_exe_unit/FPUUnit/fpu/dfma/fma/_18300_/Y (sky130_fd_sc_hd__o211ai_1)
   0.4212   14.7810 ^ fpu_exe_unit/FPUUnit/fpu/dfma/fma/_19021_/Y (sky130_fd_sc_hd__a2111oi_0)
   0.2639   15.0448 v fpu_exe_unit/FPUUnit/fpu/dfma/fma/_19832_/Y (sky130_fd_sc_hd__a2111oi_0)
   0.3827   15.4275 v fpu_exe_unit/FPUUnit/fpu/dfma/fma/_21839_/X (sky130_fd_sc_hd__o31a_1)
   0.3912   15.8187 ^ fpu_exe_unit/FPUUnit/fpu/dfma/fma/_22105_/Y (sky130_fd_sc_hd__o31ai_1)
   0.2506   16.0693 ^ fpu_exe_unit/FPUUnit/fpu/dfma/fma/_22629_/X (sky130_fd_sc_hd__a31o_2)
   0.1211   16.1903 v fpu_exe_unit/FPUUnit/fpu/dfma/fma/_23185_/Y (sky130_fd_sc_hd__a31oi_1)
   0.3854   16.5758 ^ fpu_exe_unit/FPUUnit/fpu/dfma/fma/_23741_/Y (sky130_fd_sc_hd__o21ai_0)
   0.1565   16.7322 v fpu_exe_unit/FPUUnit/fpu/dfma/fma/_25946_/Y (sky130_fd_sc_hd__nand4bb_1)
   0.5684   17.3006 ^ fpu_exe_unit/FPUUnit/fpu/dfma/fma/_26630_/Y (sky130_fd_sc_hd__a2111oi_0)
   0.2519   17.5525 v fpu_exe_unit/FPUUnit/fpu/dfma/fma/_28157_/Y (sky130_fd_sc_hd__o2111ai_1)
   0.3749   17.9274 v fpu_exe_unit/FPUUnit/fpu/dfma/fma/_29062_/X (sky130_fd_sc_hd__a221o_1)
   0.0919   18.0194 ^ fpu_exe_unit/FPUUnit/fpu/dfma/fma/_29064_/Y (sky130_fd_sc_hd__nand2_1)
   0.0787   18.0981 v fpu_exe_unit/FPUUnit/fpu/dfma/fma/_29196_/Y (sky130_fd_sc_hd__a21oi_1)
   0.1638   18.2619 ^ fpu_exe_unit/FPUUnit/fpu/dfma/fma/_29321_/Y (sky130_fd_sc_hd__xnor2_1)
   0.0787   18.3405 v fpu_exe_unit/FPUUnit/fpu/dfma/fma/_29323_/Y (sky130_fd_sc_hd__a21oi_1)
   0.0035   18.3440 v fpu_exe_unit/FPUUnit/fpu/dfma/fma/_31117_/D (sky130_fd_sc_hd__dfxtp_1)
            18.3440   data arrival time

  20.0000   20.0000   clock clock (rise edge)
   0.0000   20.0000   clock network delay (ideal)
   0.0000   20.0000   clock reconvergence pessimism
            20.0000 ^ fpu_exe_unit/FPUUnit/fpu/dfma/fma/_31117_/CLK (sky130_fd_sc_hd__dfxtp_1)
  -0.1345   19.8655   library setup time
            19.8655   data required time
-------------------------------------------------------------
            19.8655   data required time
           -18.3440   data arrival time
-------------------------------------------------------------
             1.5215   slack (MET)


Startpoint: fpu_exe_unit/FPUUnit/fpu/dfma/_1310_
            (rising edge-triggered flip-flop clocked by clock)
Endpoint: fpu_exe_unit/FPUUnit/fpu/dfma/fma/_31113_
          (rising edge-triggered flip-flop clocked by clock)
Path Group: clock
Path Type: max

    Delay      Time   Description
-------------------------------------------------------------
   0.0000    0.0000   clock clock (rise edge)
   0.0000    0.0000   clock network delay (ideal)
   0.0000    0.0000 ^ fpu_exe_unit/FPUUnit/fpu/dfma/_1310_/CLK (sky130_fd_sc_hd__dfxtp_1)
   0.2995    0.2995 v fpu_exe_unit/FPUUnit/fpu/dfma/_1310_/Q (sky130_fd_sc_hd__dfxtp_1)
   0.1614    0.4609 v fpu_exe_unit/FPUUnit/fpu/dfma/fma/mulAddRecFNToRaw_preMul/_1092_/Y (sky130_fd_sc_hd__xnor2_1)
   0.3226    0.7835 ^ fpu_exe_unit/FPUUnit/fpu/dfma/fma/mulAddRecFNToRaw_preMul/_1094_/Y (sky130_fd_sc_hd__o21ai_0)
   0.1761    0.9596 v fpu_exe_unit/FPUUnit/fpu/dfma/fma/mulAddRecFNToRaw_preMul/_1097_/Y (sky130_fd_sc_hd__a31oi_1)
   0.4045    1.3640 v fpu_exe_unit/FPUUnit/fpu/dfma/fma/mulAddRecFNToRaw_preMul/_1098_/X (sky130_fd_sc_hd__maj3_1)
   0.3959    1.7600 v fpu_exe_unit/FPUUnit/fpu/dfma/fma/mulAddRecFNToRaw_preMul/_1099_/X (sky130_fd_sc_hd__maj3_1)
   0.3973    2.1573 v fpu_exe_unit/FPUUnit/fpu/dfma/fma/mulAddRecFNToRaw_preMul/_1100_/X (sky130_fd_sc_hd__maj3_1)
   0.4055    2.5628 v fpu_exe_unit/FPUUnit/fpu/dfma/fma/mulAddRecFNToRaw_preMul/_1101_/X (sky130_fd_sc_hd__maj3_1)
   0.3551    2.9179 v fpu_exe_unit/FPUUnit/fpu/dfma/fma/mulAddRecFNToRaw_preMul/_1121_/X (sky130_fd_sc_hd__maj3_1)
   0.2007    3.1186 v fpu_exe_unit/FPUUnit/fpu/dfma/fma/mulAddRecFNToRaw_preMul/_1122_/X (sky130_fd_sc_hd__xor2_1)
   0.1942    3.3128 ^ fpu_exe_unit/FPUUnit/fpu/dfma/fma/mulAddRecFNToRaw_preMul/_1152_/Y (sky130_fd_sc_hd__o221ai_1)
   0.1518    3.4647 v fpu_exe_unit/FPUUnit/fpu/dfma/fma/mulAddRecFNToRaw_preMul/_1158_/Y (sky130_fd_sc_hd__a32oi_1)
   0.4189    3.8835 v fpu_exe_unit/FPUUnit/fpu/dfma/fma/mulAddRecFNToRaw_preMul/_1159_/X (sky130_fd_sc_hd__maj3_1)
   0.2588    4.1424 v fpu_exe_unit/FPUUnit/fpu/dfma/fma/mulAddRecFNToRaw_preMul/_1177_/X (sky130_fd_sc_hd__o2111a_1)
   0.1835    4.3259 v fpu_exe_unit/FPUUnit/fpu/dfma/fma/mulAddRecFNToRaw_preMul/_1178_/X (sky130_fd_sc_hd__clkbuf_1)
   0.1411    4.4670 ^ fpu_exe_unit/FPUUnit/fpu/dfma/fma/mulAddRecFNToRaw_preMul/_1203_/Y (sky130_fd_sc_hd__nand4_1)
   0.3339    4.8008 ^ fpu_exe_unit/FPUUnit/fpu/dfma/fma/mulAddRecFNToRaw_preMul/_1204_/X (sky130_fd_sc_hd__lpflow_clkbufkapwr_1)
   0.3198    5.1206 ^ fpu_exe_unit/FPUUnit/fpu/dfma/fma/mulAddRecFNToRaw_preMul/_1307_/X (sky130_fd_sc_hd__buf_2)
   0.4406    5.5612 ^ fpu_exe_unit/FPUUnit/fpu/dfma/fma/mulAddRecFNToRaw_preMul/_1308_/X (sky130_fd_sc_hd__lpflow_clkbufkapwr_1)
   0.4049    5.9661 v fpu_exe_unit/FPUUnit/fpu/dfma/fma/mulAddRecFNToRaw_preMul/_1618_/X (sky130_fd_sc_hd__mux2_2)
   0.1693    6.1354 ^ fpu_exe_unit/FPUUnit/fpu/dfma/fma/mulAddRecFNToRaw_preMul/_1760_/Y (sky130_fd_sc_hd__mux2i_1)
   0.0586    6.1940 v fpu_exe_unit/FPUUnit/fpu/dfma/fma/mulAddRecFNToRaw_preMul/_1761_/Y (sky130_fd_sc_hd__nor2_1)
   0.1499    6.3440 ^ fpu_exe_unit/FPUUnit/fpu/dfma/fma/mulAddRecFNToRaw_preMul/_1762_/Y (sky130_fd_sc_hd__a21oi_1)
   0.1072    6.4511 v fpu_exe_unit/FPUUnit/fpu/dfma/fma/mulAddRecFNToRaw_preMul/_1763_/Y (sky130_fd_sc_hd__mux2i_1)
   0.2246    6.6758 ^ fpu_exe_unit/FPUUnit/fpu/dfma/fma/mulAddRecFNToRaw_preMul/_1764_/Y (sky130_fd_sc_hd__a21oi_1)
   0.0630    6.7388 v fpu_exe_unit/FPUUnit/fpu/dfma/fma/mulAddRecFNToRaw_preMul/_1765_/Y (sky130_fd_sc_hd__nor2_1)
   0.1979    6.9367 v fpu_exe_unit/FPUUnit/fpu/dfma/fma/mulAddRecFNToRaw_preMul/_1766_/X (sky130_fd_sc_hd__o22a_1)
   0.3822    7.3188 v fpu_exe_unit/FPUUnit/fpu/dfma/fma/_15656_/X (sky130_fd_sc_hd__xnor3_1)
   0.3964    7.7153 v fpu_exe_unit/FPUUnit/fpu/dfma/fma/_15669_/X (sky130_fd_sc_hd__maj3_1)
   0.3777    8.0930 v fpu_exe_unit/FPUUnit/fpu/dfma/fma/_15690_/X (sky130_fd_sc_hd__maj3_1)
   0.3929    8.4858 v fpu_exe_unit/FPUUnit/fpu/dfma/fma/_15718_/X (sky130_fd_sc_hd__maj3_1)
   0.3979    8.8837 v fpu_exe_unit/FPUUnit/fpu/dfma/fma/_15741_/X (sky130_fd_sc_hd__xor3_1)
   0.1695    9.0532 ^ fpu_exe_unit/FPUUnit/fpu/dfma/fma/_15751_/Y (sky130_fd_sc_hd__nor2_1)
   0.2943    9.3475 ^ fpu_exe_unit/FPUUnit/fpu/dfma/fma/_15789_/X (sky130_fd_sc_hd__xor3_1)
   0.1440    9.4915 v fpu_exe_unit/FPUUnit/fpu/dfma/fma/_15790_/Y (sky130_fd_sc_hd__nand4bb_1)
   0.3515    9.8430 v fpu_exe_unit/FPUUnit/fpu/dfma/fma/_15837_/X (sky130_fd_sc_hd__or2_2)
   0.3724   10.2154 v fpu_exe_unit/FPUUnit/fpu/dfma/fma/_15891_/X (sky130_fd_sc_hd__maj3_1)
   0.3778   10.5932 v fpu_exe_unit/FPUUnit/fpu/dfma/fma/_15946_/X (sky130_fd_sc_hd__maj3_1)
   0.3853   10.9785 v fpu_exe_unit/FPUUnit/fpu/dfma/fma/_16018_/X (sky130_fd_sc_hd__maj3_1)
   0.3669   11.3454 v fpu_exe_unit/FPUUnit/fpu/dfma/fma/_16084_/X (sky130_fd_sc_hd__maj3_1)
   0.3753   11.7207 v fpu_exe_unit/FPUUnit/fpu/dfma/fma/_16150_/X (sky130_fd_sc_hd__maj3_1)
   0.3716   12.0924 v fpu_exe_unit/FPUUnit/fpu/dfma/fma/_16236_/X (sky130_fd_sc_hd__maj3_1)
   0.3656   12.4580 v fpu_exe_unit/FPUUnit/fpu/dfma/fma/_16331_/X (sky130_fd_sc_hd__maj3_1)
   0.3227   12.7806 ^ fpu_exe_unit/FPUUnit/fpu/dfma/fma/_16425_/Y (sky130_fd_sc_hd__o21ai_0)
   0.1187   12.8993 v fpu_exe_unit/FPUUnit/fpu/dfma/fma/_16955_/Y (sky130_fd_sc_hd__a211oi_1)
   0.3448   13.2441 ^ fpu_exe_unit/FPUUnit/fpu/dfma/fma/_16956_/Y (sky130_fd_sc_hd__o311ai_0)
   0.1911   13.4352 v fpu_exe_unit/FPUUnit/fpu/dfma/fma/_17093_/Y (sky130_fd_sc_hd__nand4_1)
   0.3235   13.7588 ^ fpu_exe_unit/FPUUnit/fpu/dfma/fma/_17388_/Y (sky130_fd_sc_hd__a211oi_1)
   0.1962   13.9550 v fpu_exe_unit/FPUUnit/fpu/dfma/fma/_17685_/Y (sky130_fd_sc_hd__o311ai_0)
   0.2651   14.2201 ^ fpu_exe_unit/FPUUnit/fpu/dfma/fma/_17989_/Y (sky130_fd_sc_hd__a211oi_1)
   0.1397   14.3598 v fpu_exe_unit/FPUUnit/fpu/dfma/fma/_18300_/Y (sky130_fd_sc_hd__o211ai_1)
   0.4212   14.7810 ^ fpu_exe_unit/FPUUnit/fpu/dfma/fma/_19021_/Y (sky130_fd_sc_hd__a2111oi_0)
   0.2639   15.0448 v fpu_exe_unit/FPUUnit/fpu/dfma/fma/_19832_/Y (sky130_fd_sc_hd__a2111oi_0)
   0.3827   15.4275 v fpu_exe_unit/FPUUnit/fpu/dfma/fma/_21839_/X (sky130_fd_sc_hd__o31a_1)
   0.3912   15.8187 ^ fpu_exe_unit/FPUUnit/fpu/dfma/fma/_22105_/Y (sky130_fd_sc_hd__o31ai_1)
   0.2506   16.0693 ^ fpu_exe_unit/FPUUnit/fpu/dfma/fma/_22629_/X (sky130_fd_sc_hd__a31o_2)
   0.1211   16.1903 v fpu_exe_unit/FPUUnit/fpu/dfma/fma/_23185_/Y (sky130_fd_sc_hd__a31oi_1)
   0.3854   16.5758 ^ fpu_exe_unit/FPUUnit/fpu/dfma/fma/_23741_/Y (sky130_fd_sc_hd__o21ai_0)
   0.1565   16.7322 v fpu_exe_unit/FPUUnit/fpu/dfma/fma/_25946_/Y (sky130_fd_sc_hd__nand4bb_1)
   0.5684   17.3006 ^ fpu_exe_unit/FPUUnit/fpu/dfma/fma/_26630_/Y (sky130_fd_sc_hd__a2111oi_0)
   0.2519   17.5525 v fpu_exe_unit/FPUUnit/fpu/dfma/fma/_28157_/Y (sky130_fd_sc_hd__o2111ai_1)
   0.1804   17.7329 ^ fpu_exe_unit/FPUUnit/fpu/dfma/fma/_28158_/Y (sky130_fd_sc_hd__nand3_1)
   0.1037   17.8366 v fpu_exe_unit/FPUUnit/fpu/dfma/fma/_28472_/Y (sky130_fd_sc_hd__a21oi_1)
   0.2095   18.0461 ^ fpu_exe_unit/FPUUnit/fpu/dfma/fma/_28622_/Y (sky130_fd_sc_hd__o21ai_0)
   0.1046   18.1507 v fpu_exe_unit/FPUUnit/fpu/dfma/fma/_28768_/Y (sky130_fd_sc_hd__xnor2_1)
   0.0889   18.2396 ^ fpu_exe_unit/FPUUnit/fpu/dfma/fma/_28769_/Y (sky130_fd_sc_hd__nor2_1)
   0.0454   18.2850 v fpu_exe_unit/FPUUnit/fpu/dfma/fma/_28770_/Y (sky130_fd_sc_hd__nor2_1)
   0.0035   18.2885 v fpu_exe_unit/FPUUnit/fpu/dfma/fma/_31113_/D (sky130_fd_sc_hd__dfxtp_1)
            18.2885   data arrival time

  20.0000   20.0000   clock clock (rise edge)
   0.0000   20.0000   clock network delay (ideal)
   0.0000   20.0000   clock reconvergence pessimism
            20.0000 ^ fpu_exe_unit/FPUUnit/fpu/dfma/fma/_31113_/CLK (sky130_fd_sc_hd__dfxtp_1)
  -0.1143   19.8857   library setup time
            19.8857   data required time
-------------------------------------------------------------
            19.8857   data required time
           -18.2885   data arrival time
-------------------------------------------------------------
             1.5972   slack (MET)


Startpoint: fpu_exe_unit/FPUUnit/fpu/dfma/_1310_
            (rising edge-triggered flip-flop clocked by clock)
Endpoint: fpu_exe_unit/FPUUnit/fpu/dfma/fma/_31105_
          (rising edge-triggered flip-flop clocked by clock)
Path Group: clock
Path Type: max

    Delay      Time   Description
-------------------------------------------------------------
   0.0000    0.0000   clock clock (rise edge)
   0.0000    0.0000   clock network delay (ideal)
   0.0000    0.0000 ^ fpu_exe_unit/FPUUnit/fpu/dfma/_1310_/CLK (sky130_fd_sc_hd__dfxtp_1)
   0.2995    0.2995 v fpu_exe_unit/FPUUnit/fpu/dfma/_1310_/Q (sky130_fd_sc_hd__dfxtp_1)
   0.1614    0.4609 v fpu_exe_unit/FPUUnit/fpu/dfma/fma/mulAddRecFNToRaw_preMul/_1092_/Y (sky130_fd_sc_hd__xnor2_1)
   0.3226    0.7835 ^ fpu_exe_unit/FPUUnit/fpu/dfma/fma/mulAddRecFNToRaw_preMul/_1094_/Y (sky130_fd_sc_hd__o21ai_0)
   0.1761    0.9596 v fpu_exe_unit/FPUUnit/fpu/dfma/fma/mulAddRecFNToRaw_preMul/_1097_/Y (sky130_fd_sc_hd__a31oi_1)
   0.4045    1.3640 v fpu_exe_unit/FPUUnit/fpu/dfma/fma/mulAddRecFNToRaw_preMul/_1098_/X (sky130_fd_sc_hd__maj3_1)
   0.3959    1.7600 v fpu_exe_unit/FPUUnit/fpu/dfma/fma/mulAddRecFNToRaw_preMul/_1099_/X (sky130_fd_sc_hd__maj3_1)
   0.3973    2.1573 v fpu_exe_unit/FPUUnit/fpu/dfma/fma/mulAddRecFNToRaw_preMul/_1100_/X (sky130_fd_sc_hd__maj3_1)
   0.4055    2.5628 v fpu_exe_unit/FPUUnit/fpu/dfma/fma/mulAddRecFNToRaw_preMul/_1101_/X (sky130_fd_sc_hd__maj3_1)
   0.3551    2.9179 v fpu_exe_unit/FPUUnit/fpu/dfma/fma/mulAddRecFNToRaw_preMul/_1121_/X (sky130_fd_sc_hd__maj3_1)
   0.2007    3.1186 v fpu_exe_unit/FPUUnit/fpu/dfma/fma/mulAddRecFNToRaw_preMul/_1122_/X (sky130_fd_sc_hd__xor2_1)
   0.1942    3.3128 ^ fpu_exe_unit/FPUUnit/fpu/dfma/fma/mulAddRecFNToRaw_preMul/_1152_/Y (sky130_fd_sc_hd__o221ai_1)
   0.1518    3.4647 v fpu_exe_unit/FPUUnit/fpu/dfma/fma/mulAddRecFNToRaw_preMul/_1158_/Y (sky130_fd_sc_hd__a32oi_1)
   0.4189    3.8835 v fpu_exe_unit/FPUUnit/fpu/dfma/fma/mulAddRecFNToRaw_preMul/_1159_/X (sky130_fd_sc_hd__maj3_1)
   0.2588    4.1424 v fpu_exe_unit/FPUUnit/fpu/dfma/fma/mulAddRecFNToRaw_preMul/_1177_/X (sky130_fd_sc_hd__o2111a_1)
   0.1835    4.3259 v fpu_exe_unit/FPUUnit/fpu/dfma/fma/mulAddRecFNToRaw_preMul/_1178_/X (sky130_fd_sc_hd__clkbuf_1)
   0.1411    4.4670 ^ fpu_exe_unit/FPUUnit/fpu/dfma/fma/mulAddRecFNToRaw_preMul/_1203_/Y (sky130_fd_sc_hd__nand4_1)
   0.3339    4.8008 ^ fpu_exe_unit/FPUUnit/fpu/dfma/fma/mulAddRecFNToRaw_preMul/_1204_/X (sky130_fd_sc_hd__lpflow_clkbufkapwr_1)
   0.3198    5.1206 ^ fpu_exe_unit/FPUUnit/fpu/dfma/fma/mulAddRecFNToRaw_preMul/_1307_/X (sky130_fd_sc_hd__buf_2)
   0.4406    5.5612 ^ fpu_exe_unit/FPUUnit/fpu/dfma/fma/mulAddRecFNToRaw_preMul/_1308_/X (sky130_fd_sc_hd__lpflow_clkbufkapwr_1)
   0.4049    5.9661 v fpu_exe_unit/FPUUnit/fpu/dfma/fma/mulAddRecFNToRaw_preMul/_1618_/X (sky130_fd_sc_hd__mux2_2)
   0.1693    6.1354 ^ fpu_exe_unit/FPUUnit/fpu/dfma/fma/mulAddRecFNToRaw_preMul/_1760_/Y (sky130_fd_sc_hd__mux2i_1)
   0.0586    6.1940 v fpu_exe_unit/FPUUnit/fpu/dfma/fma/mulAddRecFNToRaw_preMul/_1761_/Y (sky130_fd_sc_hd__nor2_1)
   0.1499    6.3440 ^ fpu_exe_unit/FPUUnit/fpu/dfma/fma/mulAddRecFNToRaw_preMul/_1762_/Y (sky130_fd_sc_hd__a21oi_1)
   0.1072    6.4511 v fpu_exe_unit/FPUUnit/fpu/dfma/fma/mulAddRecFNToRaw_preMul/_1763_/Y (sky130_fd_sc_hd__mux2i_1)
   0.2246    6.6758 ^ fpu_exe_unit/FPUUnit/fpu/dfma/fma/mulAddRecFNToRaw_preMul/_1764_/Y (sky130_fd_sc_hd__a21oi_1)
   0.0630    6.7388 v fpu_exe_unit/FPUUnit/fpu/dfma/fma/mulAddRecFNToRaw_preMul/_1765_/Y (sky130_fd_sc_hd__nor2_1)
   0.1979    6.9367 v fpu_exe_unit/FPUUnit/fpu/dfma/fma/mulAddRecFNToRaw_preMul/_1766_/X (sky130_fd_sc_hd__o22a_1)
   0.3822    7.3188 v fpu_exe_unit/FPUUnit/fpu/dfma/fma/_15656_/X (sky130_fd_sc_hd__xnor3_1)
   0.3964    7.7153 v fpu_exe_unit/FPUUnit/fpu/dfma/fma/_15669_/X (sky130_fd_sc_hd__maj3_1)
   0.3777    8.0930 v fpu_exe_unit/FPUUnit/fpu/dfma/fma/_15690_/X (sky130_fd_sc_hd__maj3_1)
   0.3929    8.4858 v fpu_exe_unit/FPUUnit/fpu/dfma/fma/_15718_/X (sky130_fd_sc_hd__maj3_1)
   0.3979    8.8837 v fpu_exe_unit/FPUUnit/fpu/dfma/fma/_15741_/X (sky130_fd_sc_hd__xor3_1)
   0.1695    9.0532 ^ fpu_exe_unit/FPUUnit/fpu/dfma/fma/_15751_/Y (sky130_fd_sc_hd__nor2_1)
   0.2943    9.3475 ^ fpu_exe_unit/FPUUnit/fpu/dfma/fma/_15789_/X (sky130_fd_sc_hd__xor3_1)
   0.1440    9.4915 v fpu_exe_unit/FPUUnit/fpu/dfma/fma/_15790_/Y (sky130_fd_sc_hd__nand4bb_1)
   0.3515    9.8430 v fpu_exe_unit/FPUUnit/fpu/dfma/fma/_15837_/X (sky130_fd_sc_hd__or2_2)
   0.3724   10.2154 v fpu_exe_unit/FPUUnit/fpu/dfma/fma/_15891_/X (sky130_fd_sc_hd__maj3_1)
   0.3778   10.5932 v fpu_exe_unit/FPUUnit/fpu/dfma/fma/_15946_/X (sky130_fd_sc_hd__maj3_1)
   0.3853   10.9785 v fpu_exe_unit/FPUUnit/fpu/dfma/fma/_16018_/X (sky130_fd_sc_hd__maj3_1)
   0.3669   11.3454 v fpu_exe_unit/FPUUnit/fpu/dfma/fma/_16084_/X (sky130_fd_sc_hd__maj3_1)
   0.3753   11.7207 v fpu_exe_unit/FPUUnit/fpu/dfma/fma/_16150_/X (sky130_fd_sc_hd__maj3_1)
   0.3716   12.0924 v fpu_exe_unit/FPUUnit/fpu/dfma/fma/_16236_/X (sky130_fd_sc_hd__maj3_1)
   0.3656   12.4580 v fpu_exe_unit/FPUUnit/fpu/dfma/fma/_16331_/X (sky130_fd_sc_hd__maj3_1)
   0.3227   12.7806 ^ fpu_exe_unit/FPUUnit/fpu/dfma/fma/_16425_/Y (sky130_fd_sc_hd__o21ai_0)
   0.1187   12.8993 v fpu_exe_unit/FPUUnit/fpu/dfma/fma/_16955_/Y (sky130_fd_sc_hd__a211oi_1)
   0.3448   13.2441 ^ fpu_exe_unit/FPUUnit/fpu/dfma/fma/_16956_/Y (sky130_fd_sc_hd__o311ai_0)
   0.1911   13.4352 v fpu_exe_unit/FPUUnit/fpu/dfma/fma/_17093_/Y (sky130_fd_sc_hd__nand4_1)
   0.3235   13.7588 ^ fpu_exe_unit/FPUUnit/fpu/dfma/fma/_17388_/Y (sky130_fd_sc_hd__a211oi_1)
   0.1962   13.9550 v fpu_exe_unit/FPUUnit/fpu/dfma/fma/_17685_/Y (sky130_fd_sc_hd__o311ai_0)
   0.2651   14.2201 ^ fpu_exe_unit/FPUUnit/fpu/dfma/fma/_17989_/Y (sky130_fd_sc_hd__a211oi_1)
   0.1397   14.3598 v fpu_exe_unit/FPUUnit/fpu/dfma/fma/_18300_/Y (sky130_fd_sc_hd__o211ai_1)
   0.4212   14.7810 ^ fpu_exe_unit/FPUUnit/fpu/dfma/fma/_19021_/Y (sky130_fd_sc_hd__a2111oi_0)
   0.2639   15.0448 v fpu_exe_unit/FPUUnit/fpu/dfma/fma/_19832_/Y (sky130_fd_sc_hd__a2111oi_0)
   0.3827   15.4275 v fpu_exe_unit/FPUUnit/fpu/dfma/fma/_21839_/X (sky130_fd_sc_hd__o31a_1)
   0.3912   15.8187 ^ fpu_exe_unit/FPUUnit/fpu/dfma/fma/_22105_/Y (sky130_fd_sc_hd__o31ai_1)
   0.2506   16.0693 ^ fpu_exe_unit/FPUUnit/fpu/dfma/fma/_22629_/X (sky130_fd_sc_hd__a31o_2)
   0.1211   16.1903 v fpu_exe_unit/FPUUnit/fpu/dfma/fma/_23185_/Y (sky130_fd_sc_hd__a31oi_1)
   0.3854   16.5758 ^ fpu_exe_unit/FPUUnit/fpu/dfma/fma/_23741_/Y (sky130_fd_sc_hd__o21ai_0)
   0.1565   16.7322 v fpu_exe_unit/FPUUnit/fpu/dfma/fma/_25946_/Y (sky130_fd_sc_hd__nand4bb_1)
   0.5684   17.3006 ^ fpu_exe_unit/FPUUnit/fpu/dfma/fma/_26630_/Y (sky130_fd_sc_hd__a2111oi_0)
   0.1687   17.4694 v fpu_exe_unit/FPUUnit/fpu/dfma/fma/_26633_/Y (sky130_fd_sc_hd__nor2_1)
   0.2861   17.7555 ^ fpu_exe_unit/FPUUnit/fpu/dfma/fma/_27050_/Y (sky130_fd_sc_hd__o21ai_0)
   0.1214   17.8769 v fpu_exe_unit/FPUUnit/fpu/dfma/fma/_27244_/Y (sky130_fd_sc_hd__a21oi_1)
   0.1416   18.0185 v fpu_exe_unit/FPUUnit/fpu/dfma/fma/_27433_/Y (sky130_fd_sc_hd__xnor2_1)
   0.2553   18.2738 v fpu_exe_unit/FPUUnit/fpu/dfma/fma/_27434_/X (sky130_fd_sc_hd__mux2_2)
   0.0035   18.2772 v fpu_exe_unit/FPUUnit/fpu/dfma/fma/_31105_/D (sky130_fd_sc_hd__dfxtp_1)
            18.2772   data arrival time

  20.0000   20.0000   clock clock (rise edge)
   0.0000   20.0000   clock network delay (ideal)
   0.0000   20.0000   clock reconvergence pessimism
            20.0000 ^ fpu_exe_unit/FPUUnit/fpu/dfma/fma/_31105_/CLK (sky130_fd_sc_hd__dfxtp_1)
  -0.1214   19.8786   library setup time
            19.8786   data required time
-------------------------------------------------------------
            19.8786   data required time
           -18.2772   data arrival time
-------------------------------------------------------------
             1.6014   slack (MET)


Startpoint: fpu_exe_unit/FPUUnit/fpu/dfma/_1310_
            (rising edge-triggered flip-flop clocked by clock)
Endpoint: fpu_exe_unit/FPUUnit/fpu/dfma/fma/_31109_
          (rising edge-triggered flip-flop clocked by clock)
Path Group: clock
Path Type: max

    Delay      Time   Description
-------------------------------------------------------------
   0.0000    0.0000   clock clock (rise edge)
   0.0000    0.0000   clock network delay (ideal)
   0.0000    0.0000 ^ fpu_exe_unit/FPUUnit/fpu/dfma/_1310_/CLK (sky130_fd_sc_hd__dfxtp_1)
   0.2995    0.2995 v fpu_exe_unit/FPUUnit/fpu/dfma/_1310_/Q (sky130_fd_sc_hd__dfxtp_1)
   0.1614    0.4609 v fpu_exe_unit/FPUUnit/fpu/dfma/fma/mulAddRecFNToRaw_preMul/_1092_/Y (sky130_fd_sc_hd__xnor2_1)
   0.3226    0.7835 ^ fpu_exe_unit/FPUUnit/fpu/dfma/fma/mulAddRecFNToRaw_preMul/_1094_/Y (sky130_fd_sc_hd__o21ai_0)
   0.1761    0.9596 v fpu_exe_unit/FPUUnit/fpu/dfma/fma/mulAddRecFNToRaw_preMul/_1097_/Y (sky130_fd_sc_hd__a31oi_1)
   0.4045    1.3640 v fpu_exe_unit/FPUUnit/fpu/dfma/fma/mulAddRecFNToRaw_preMul/_1098_/X (sky130_fd_sc_hd__maj3_1)
   0.3959    1.7600 v fpu_exe_unit/FPUUnit/fpu/dfma/fma/mulAddRecFNToRaw_preMul/_1099_/X (sky130_fd_sc_hd__maj3_1)
   0.3973    2.1573 v fpu_exe_unit/FPUUnit/fpu/dfma/fma/mulAddRecFNToRaw_preMul/_1100_/X (sky130_fd_sc_hd__maj3_1)
   0.4055    2.5628 v fpu_exe_unit/FPUUnit/fpu/dfma/fma/mulAddRecFNToRaw_preMul/_1101_/X (sky130_fd_sc_hd__maj3_1)
   0.3551    2.9179 v fpu_exe_unit/FPUUnit/fpu/dfma/fma/mulAddRecFNToRaw_preMul/_1121_/X (sky130_fd_sc_hd__maj3_1)
   0.2007    3.1186 v fpu_exe_unit/FPUUnit/fpu/dfma/fma/mulAddRecFNToRaw_preMul/_1122_/X (sky130_fd_sc_hd__xor2_1)
   0.1942    3.3128 ^ fpu_exe_unit/FPUUnit/fpu/dfma/fma/mulAddRecFNToRaw_preMul/_1152_/Y (sky130_fd_sc_hd__o221ai_1)
   0.1518    3.4647 v fpu_exe_unit/FPUUnit/fpu/dfma/fma/mulAddRecFNToRaw_preMul/_1158_/Y (sky130_fd_sc_hd__a32oi_1)
   0.4189    3.8835 v fpu_exe_unit/FPUUnit/fpu/dfma/fma/mulAddRecFNToRaw_preMul/_1159_/X (sky130_fd_sc_hd__maj3_1)
   0.2588    4.1424 v fpu_exe_unit/FPUUnit/fpu/dfma/fma/mulAddRecFNToRaw_preMul/_1177_/X (sky130_fd_sc_hd__o2111a_1)
   0.1835    4.3259 v fpu_exe_unit/FPUUnit/fpu/dfma/fma/mulAddRecFNToRaw_preMul/_1178_/X (sky130_fd_sc_hd__clkbuf_1)
   0.1411    4.4670 ^ fpu_exe_unit/FPUUnit/fpu/dfma/fma/mulAddRecFNToRaw_preMul/_1203_/Y (sky130_fd_sc_hd__nand4_1)
   0.3339    4.8008 ^ fpu_exe_unit/FPUUnit/fpu/dfma/fma/mulAddRecFNToRaw_preMul/_1204_/X (sky130_fd_sc_hd__lpflow_clkbufkapwr_1)
   0.3198    5.1206 ^ fpu_exe_unit/FPUUnit/fpu/dfma/fma/mulAddRecFNToRaw_preMul/_1307_/X (sky130_fd_sc_hd__buf_2)
   0.4406    5.5612 ^ fpu_exe_unit/FPUUnit/fpu/dfma/fma/mulAddRecFNToRaw_preMul/_1308_/X (sky130_fd_sc_hd__lpflow_clkbufkapwr_1)
   0.4049    5.9661 v fpu_exe_unit/FPUUnit/fpu/dfma/fma/mulAddRecFNToRaw_preMul/_1618_/X (sky130_fd_sc_hd__mux2_2)
   0.1693    6.1354 ^ fpu_exe_unit/FPUUnit/fpu/dfma/fma/mulAddRecFNToRaw_preMul/_1760_/Y (sky130_fd_sc_hd__mux2i_1)
   0.0586    6.1940 v fpu_exe_unit/FPUUnit/fpu/dfma/fma/mulAddRecFNToRaw_preMul/_1761_/Y (sky130_fd_sc_hd__nor2_1)
   0.1499    6.3440 ^ fpu_exe_unit/FPUUnit/fpu/dfma/fma/mulAddRecFNToRaw_preMul/_1762_/Y (sky130_fd_sc_hd__a21oi_1)
   0.1072    6.4511 v fpu_exe_unit/FPUUnit/fpu/dfma/fma/mulAddRecFNToRaw_preMul/_1763_/Y (sky130_fd_sc_hd__mux2i_1)
   0.2246    6.6758 ^ fpu_exe_unit/FPUUnit/fpu/dfma/fma/mulAddRecFNToRaw_preMul/_1764_/Y (sky130_fd_sc_hd__a21oi_1)
   0.0630    6.7388 v fpu_exe_unit/FPUUnit/fpu/dfma/fma/mulAddRecFNToRaw_preMul/_1765_/Y (sky130_fd_sc_hd__nor2_1)
   0.1979    6.9367 v fpu_exe_unit/FPUUnit/fpu/dfma/fma/mulAddRecFNToRaw_preMul/_1766_/X (sky130_fd_sc_hd__o22a_1)
   0.3822    7.3188 v fpu_exe_unit/FPUUnit/fpu/dfma/fma/_15656_/X (sky130_fd_sc_hd__xnor3_1)
   0.3964    7.7153 v fpu_exe_unit/FPUUnit/fpu/dfma/fma/_15669_/X (sky130_fd_sc_hd__maj3_1)
   0.3777    8.0930 v fpu_exe_unit/FPUUnit/fpu/dfma/fma/_15690_/X (sky130_fd_sc_hd__maj3_1)
   0.3929    8.4858 v fpu_exe_unit/FPUUnit/fpu/dfma/fma/_15718_/X (sky130_fd_sc_hd__maj3_1)
   0.3979    8.8837 v fpu_exe_unit/FPUUnit/fpu/dfma/fma/_15741_/X (sky130_fd_sc_hd__xor3_1)
   0.1695    9.0532 ^ fpu_exe_unit/FPUUnit/fpu/dfma/fma/_15751_/Y (sky130_fd_sc_hd__nor2_1)
   0.2943    9.3475 ^ fpu_exe_unit/FPUUnit/fpu/dfma/fma/_15789_/X (sky130_fd_sc_hd__xor3_1)
   0.1440    9.4915 v fpu_exe_unit/FPUUnit/fpu/dfma/fma/_15790_/Y (sky130_fd_sc_hd__nand4bb_1)
   0.3515    9.8430 v fpu_exe_unit/FPUUnit/fpu/dfma/fma/_15837_/X (sky130_fd_sc_hd__or2_2)
   0.3724   10.2154 v fpu_exe_unit/FPUUnit/fpu/dfma/fma/_15891_/X (sky130_fd_sc_hd__maj3_1)
   0.3778   10.5932 v fpu_exe_unit/FPUUnit/fpu/dfma/fma/_15946_/X (sky130_fd_sc_hd__maj3_1)
   0.3853   10.9785 v fpu_exe_unit/FPUUnit/fpu/dfma/fma/_16018_/X (sky130_fd_sc_hd__maj3_1)
   0.3669   11.3454 v fpu_exe_unit/FPUUnit/fpu/dfma/fma/_16084_/X (sky130_fd_sc_hd__maj3_1)
   0.3753   11.7207 v fpu_exe_unit/FPUUnit/fpu/dfma/fma/_16150_/X (sky130_fd_sc_hd__maj3_1)
   0.3716   12.0924 v fpu_exe_unit/FPUUnit/fpu/dfma/fma/_16236_/X (sky130_fd_sc_hd__maj3_1)
   0.3656   12.4580 v fpu_exe_unit/FPUUnit/fpu/dfma/fma/_16331_/X (sky130_fd_sc_hd__maj3_1)
   0.3227   12.7806 ^ fpu_exe_unit/FPUUnit/fpu/dfma/fma/_16425_/Y (sky130_fd_sc_hd__o21ai_0)
   0.1187   12.8993 v fpu_exe_unit/FPUUnit/fpu/dfma/fma/_16955_/Y (sky130_fd_sc_hd__a211oi_1)
   0.3448   13.2441 ^ fpu_exe_unit/FPUUnit/fpu/dfma/fma/_16956_/Y (sky130_fd_sc_hd__o311ai_0)
   0.1911   13.4352 v fpu_exe_unit/FPUUnit/fpu/dfma/fma/_17093_/Y (sky130_fd_sc_hd__nand4_1)
   0.3235   13.7588 ^ fpu_exe_unit/FPUUnit/fpu/dfma/fma/_17388_/Y (sky130_fd_sc_hd__a211oi_1)
   0.1962   13.9550 v fpu_exe_unit/FPUUnit/fpu/dfma/fma/_17685_/Y (sky130_fd_sc_hd__o311ai_0)
   0.2651   14.2201 ^ fpu_exe_unit/FPUUnit/fpu/dfma/fma/_17989_/Y (sky130_fd_sc_hd__a211oi_1)
   0.1397   14.3598 v fpu_exe_unit/FPUUnit/fpu/dfma/fma/_18300_/Y (sky130_fd_sc_hd__o211ai_1)
   0.4212   14.7810 ^ fpu_exe_unit/FPUUnit/fpu/dfma/fma/_19021_/Y (sky130_fd_sc_hd__a2111oi_0)
   0.2639   15.0448 v fpu_exe_unit/FPUUnit/fpu/dfma/fma/_19832_/Y (sky130_fd_sc_hd__a2111oi_0)
   0.3827   15.4275 v fpu_exe_unit/FPUUnit/fpu/dfma/fma/_21839_/X (sky130_fd_sc_hd__o31a_1)
   0.3912   15.8187 ^ fpu_exe_unit/FPUUnit/fpu/dfma/fma/_22105_/Y (sky130_fd_sc_hd__o31ai_1)
   0.2506   16.0693 ^ fpu_exe_unit/FPUUnit/fpu/dfma/fma/_22629_/X (sky130_fd_sc_hd__a31o_2)
   0.1211   16.1903 v fpu_exe_unit/FPUUnit/fpu/dfma/fma/_23185_/Y (sky130_fd_sc_hd__a31oi_1)
   0.3854   16.5758 ^ fpu_exe_unit/FPUUnit/fpu/dfma/fma/_23741_/Y (sky130_fd_sc_hd__o21ai_0)
   0.1565   16.7322 v fpu_exe_unit/FPUUnit/fpu/dfma/fma/_25946_/Y (sky130_fd_sc_hd__nand4bb_1)
   0.5684   17.3006 ^ fpu_exe_unit/FPUUnit/fpu/dfma/fma/_26630_/Y (sky130_fd_sc_hd__a2111oi_0)
   0.2241   17.5247 ^ fpu_exe_unit/FPUUnit/fpu/dfma/fma/_27617_/X (sky130_fd_sc_hd__or2_2)
   0.0690   17.5937 v fpu_exe_unit/FPUUnit/fpu/dfma/fma/_27618_/Y (sky130_fd_sc_hd__nand2_1)
   0.2645   17.8583 ^ fpu_exe_unit/FPUUnit/fpu/dfma/fma/_27809_/Y (sky130_fd_sc_hd__o21ai_0)
   0.1853   18.0436 ^ fpu_exe_unit/FPUUnit/fpu/dfma/fma/_27983_/X (sky130_fd_sc_hd__a21bo_2)
   0.1145   18.1581 ^ fpu_exe_unit/FPUUnit/fpu/dfma/fma/_28150_/Y (sky130_fd_sc_hd__xnor2_1)
   0.0787   18.2368 v fpu_exe_unit/FPUUnit/fpu/dfma/fma/_28152_/Y (sky130_fd_sc_hd__a21oi_1)
   0.0035   18.2402 v fpu_exe_unit/FPUUnit/fpu/dfma/fma/_31109_/D (sky130_fd_sc_hd__dfxtp_1)
            18.2402   data arrival time

  20.0000   20.0000   clock clock (rise edge)
   0.0000   20.0000   clock network delay (ideal)
   0.0000   20.0000   clock reconvergence pessimism
            20.0000 ^ fpu_exe_unit/FPUUnit/fpu/dfma/fma/_31109_/CLK (sky130_fd_sc_hd__dfxtp_1)
  -0.1345   19.8655   library setup time
            19.8655   data required time
-------------------------------------------------------------
            19.8655   data required time
           -18.2402   data arrival time
-------------------------------------------------------------
             1.6253   slack (MET)


Startpoint: fpu_exe_unit/FPUUnit/fpu/dfma/_1310_
            (rising edge-triggered flip-flop clocked by clock)
Endpoint: fpu_exe_unit/FPUUnit/fpu/dfma/fma/_31115_
          (rising edge-triggered flip-flop clocked by clock)
Path Group: clock
Path Type: max

    Delay      Time   Description
-------------------------------------------------------------
   0.0000    0.0000   clock clock (rise edge)
   0.0000    0.0000   clock network delay (ideal)
   0.0000    0.0000 ^ fpu_exe_unit/FPUUnit/fpu/dfma/_1310_/CLK (sky130_fd_sc_hd__dfxtp_1)
   0.2995    0.2995 v fpu_exe_unit/FPUUnit/fpu/dfma/_1310_/Q (sky130_fd_sc_hd__dfxtp_1)
   0.1614    0.4609 v fpu_exe_unit/FPUUnit/fpu/dfma/fma/mulAddRecFNToRaw_preMul/_1092_/Y (sky130_fd_sc_hd__xnor2_1)
   0.3226    0.7835 ^ fpu_exe_unit/FPUUnit/fpu/dfma/fma/mulAddRecFNToRaw_preMul/_1094_/Y (sky130_fd_sc_hd__o21ai_0)
   0.1761    0.9596 v fpu_exe_unit/FPUUnit/fpu/dfma/fma/mulAddRecFNToRaw_preMul/_1097_/Y (sky130_fd_sc_hd__a31oi_1)
   0.4045    1.3640 v fpu_exe_unit/FPUUnit/fpu/dfma/fma/mulAddRecFNToRaw_preMul/_1098_/X (sky130_fd_sc_hd__maj3_1)
   0.3959    1.7600 v fpu_exe_unit/FPUUnit/fpu/dfma/fma/mulAddRecFNToRaw_preMul/_1099_/X (sky130_fd_sc_hd__maj3_1)
   0.3973    2.1573 v fpu_exe_unit/FPUUnit/fpu/dfma/fma/mulAddRecFNToRaw_preMul/_1100_/X (sky130_fd_sc_hd__maj3_1)
   0.4055    2.5628 v fpu_exe_unit/FPUUnit/fpu/dfma/fma/mulAddRecFNToRaw_preMul/_1101_/X (sky130_fd_sc_hd__maj3_1)
   0.3551    2.9179 v fpu_exe_unit/FPUUnit/fpu/dfma/fma/mulAddRecFNToRaw_preMul/_1121_/X (sky130_fd_sc_hd__maj3_1)
   0.2007    3.1186 v fpu_exe_unit/FPUUnit/fpu/dfma/fma/mulAddRecFNToRaw_preMul/_1122_/X (sky130_fd_sc_hd__xor2_1)
   0.1942    3.3128 ^ fpu_exe_unit/FPUUnit/fpu/dfma/fma/mulAddRecFNToRaw_preMul/_1152_/Y (sky130_fd_sc_hd__o221ai_1)
   0.1518    3.4647 v fpu_exe_unit/FPUUnit/fpu/dfma/fma/mulAddRecFNToRaw_preMul/_1158_/Y (sky130_fd_sc_hd__a32oi_1)
   0.4189    3.8835 v fpu_exe_unit/FPUUnit/fpu/dfma/fma/mulAddRecFNToRaw_preMul/_1159_/X (sky130_fd_sc_hd__maj3_1)
   0.2588    4.1424 v fpu_exe_unit/FPUUnit/fpu/dfma/fma/mulAddRecFNToRaw_preMul/_1177_/X (sky130_fd_sc_hd__o2111a_1)
   0.1835    4.3259 v fpu_exe_unit/FPUUnit/fpu/dfma/fma/mulAddRecFNToRaw_preMul/_1178_/X (sky130_fd_sc_hd__clkbuf_1)
   0.1411    4.4670 ^ fpu_exe_unit/FPUUnit/fpu/dfma/fma/mulAddRecFNToRaw_preMul/_1203_/Y (sky130_fd_sc_hd__nand4_1)
   0.3339    4.8008 ^ fpu_exe_unit/FPUUnit/fpu/dfma/fma/mulAddRecFNToRaw_preMul/_1204_/X (sky130_fd_sc_hd__lpflow_clkbufkapwr_1)
   0.3198    5.1206 ^ fpu_exe_unit/FPUUnit/fpu/dfma/fma/mulAddRecFNToRaw_preMul/_1307_/X (sky130_fd_sc_hd__buf_2)
   0.4406    5.5612 ^ fpu_exe_unit/FPUUnit/fpu/dfma/fma/mulAddRecFNToRaw_preMul/_1308_/X (sky130_fd_sc_hd__lpflow_clkbufkapwr_1)
   0.4049    5.9661 v fpu_exe_unit/FPUUnit/fpu/dfma/fma/mulAddRecFNToRaw_preMul/_1618_/X (sky130_fd_sc_hd__mux2_2)
   0.1693    6.1354 ^ fpu_exe_unit/FPUUnit/fpu/dfma/fma/mulAddRecFNToRaw_preMul/_1760_/Y (sky130_fd_sc_hd__mux2i_1)
   0.0586    6.1940 v fpu_exe_unit/FPUUnit/fpu/dfma/fma/mulAddRecFNToRaw_preMul/_1761_/Y (sky130_fd_sc_hd__nor2_1)
   0.1499    6.3440 ^ fpu_exe_unit/FPUUnit/fpu/dfma/fma/mulAddRecFNToRaw_preMul/_1762_/Y (sky130_fd_sc_hd__a21oi_1)
   0.1072    6.4511 v fpu_exe_unit/FPUUnit/fpu/dfma/fma/mulAddRecFNToRaw_preMul/_1763_/Y (sky130_fd_sc_hd__mux2i_1)
   0.2246    6.6758 ^ fpu_exe_unit/FPUUnit/fpu/dfma/fma/mulAddRecFNToRaw_preMul/_1764_/Y (sky130_fd_sc_hd__a21oi_1)
   0.0630    6.7388 v fpu_exe_unit/FPUUnit/fpu/dfma/fma/mulAddRecFNToRaw_preMul/_1765_/Y (sky130_fd_sc_hd__nor2_1)
   0.1979    6.9367 v fpu_exe_unit/FPUUnit/fpu/dfma/fma/mulAddRecFNToRaw_preMul/_1766_/X (sky130_fd_sc_hd__o22a_1)
   0.3822    7.3188 v fpu_exe_unit/FPUUnit/fpu/dfma/fma/_15656_/X (sky130_fd_sc_hd__xnor3_1)
   0.3964    7.7153 v fpu_exe_unit/FPUUnit/fpu/dfma/fma/_15669_/X (sky130_fd_sc_hd__maj3_1)
   0.3777    8.0930 v fpu_exe_unit/FPUUnit/fpu/dfma/fma/_15690_/X (sky130_fd_sc_hd__maj3_1)
   0.3929    8.4858 v fpu_exe_unit/FPUUnit/fpu/dfma/fma/_15718_/X (sky130_fd_sc_hd__maj3_1)
   0.3979    8.8837 v fpu_exe_unit/FPUUnit/fpu/dfma/fma/_15741_/X (sky130_fd_sc_hd__xor3_1)
   0.1695    9.0532 ^ fpu_exe_unit/FPUUnit/fpu/dfma/fma/_15751_/Y (sky130_fd_sc_hd__nor2_1)
   0.2943    9.3475 ^ fpu_exe_unit/FPUUnit/fpu/dfma/fma/_15789_/X (sky130_fd_sc_hd__xor3_1)
   0.1440    9.4915 v fpu_exe_unit/FPUUnit/fpu/dfma/fma/_15790_/Y (sky130_fd_sc_hd__nand4bb_1)
   0.3515    9.8430 v fpu_exe_unit/FPUUnit/fpu/dfma/fma/_15837_/X (sky130_fd_sc_hd__or2_2)
   0.3724   10.2154 v fpu_exe_unit/FPUUnit/fpu/dfma/fma/_15891_/X (sky130_fd_sc_hd__maj3_1)
   0.3778   10.5932 v fpu_exe_unit/FPUUnit/fpu/dfma/fma/_15946_/X (sky130_fd_sc_hd__maj3_1)
   0.3853   10.9785 v fpu_exe_unit/FPUUnit/fpu/dfma/fma/_16018_/X (sky130_fd_sc_hd__maj3_1)
   0.3669   11.3454 v fpu_exe_unit/FPUUnit/fpu/dfma/fma/_16084_/X (sky130_fd_sc_hd__maj3_1)
   0.3753   11.7207 v fpu_exe_unit/FPUUnit/fpu/dfma/fma/_16150_/X (sky130_fd_sc_hd__maj3_1)
   0.3716   12.0924 v fpu_exe_unit/FPUUnit/fpu/dfma/fma/_16236_/X (sky130_fd_sc_hd__maj3_1)
   0.3656   12.4580 v fpu_exe_unit/FPUUnit/fpu/dfma/fma/_16331_/X (sky130_fd_sc_hd__maj3_1)
   0.3227   12.7806 ^ fpu_exe_unit/FPUUnit/fpu/dfma/fma/_16425_/Y (sky130_fd_sc_hd__o21ai_0)
   0.1187   12.8993 v fpu_exe_unit/FPUUnit/fpu/dfma/fma/_16955_/Y (sky130_fd_sc_hd__a211oi_1)
   0.3448   13.2441 ^ fpu_exe_unit/FPUUnit/fpu/dfma/fma/_16956_/Y (sky130_fd_sc_hd__o311ai_0)
   0.1911   13.4352 v fpu_exe_unit/FPUUnit/fpu/dfma/fma/_17093_/Y (sky130_fd_sc_hd__nand4_1)
   0.3235   13.7588 ^ fpu_exe_unit/FPUUnit/fpu/dfma/fma/_17388_/Y (sky130_fd_sc_hd__a211oi_1)
   0.1962   13.9550 v fpu_exe_unit/FPUUnit/fpu/dfma/fma/_17685_/Y (sky130_fd_sc_hd__o311ai_0)
   0.2651   14.2201 ^ fpu_exe_unit/FPUUnit/fpu/dfma/fma/_17989_/Y (sky130_fd_sc_hd__a211oi_1)
   0.1397   14.3598 v fpu_exe_unit/FPUUnit/fpu/dfma/fma/_18300_/Y (sky130_fd_sc_hd__o211ai_1)
   0.4212   14.7810 ^ fpu_exe_unit/FPUUnit/fpu/dfma/fma/_19021_/Y (sky130_fd_sc_hd__a2111oi_0)
   0.2639   15.0448 v fpu_exe_unit/FPUUnit/fpu/dfma/fma/_19832_/Y (sky130_fd_sc_hd__a2111oi_0)
   0.3827   15.4275 v fpu_exe_unit/FPUUnit/fpu/dfma/fma/_21839_/X (sky130_fd_sc_hd__o31a_1)
   0.3912   15.8187 ^ fpu_exe_unit/FPUUnit/fpu/dfma/fma/_22105_/Y (sky130_fd_sc_hd__o31ai_1)
   0.2506   16.0693 ^ fpu_exe_unit/FPUUnit/fpu/dfma/fma/_22629_/X (sky130_fd_sc_hd__a31o_2)
   0.1211   16.1903 v fpu_exe_unit/FPUUnit/fpu/dfma/fma/_23185_/Y (sky130_fd_sc_hd__a31oi_1)
   0.3854   16.5758 ^ fpu_exe_unit/FPUUnit/fpu/dfma/fma/_23741_/Y (sky130_fd_sc_hd__o21ai_0)
   0.1565   16.7322 v fpu_exe_unit/FPUUnit/fpu/dfma/fma/_25946_/Y (sky130_fd_sc_hd__nand4bb_1)
   0.5684   17.3006 ^ fpu_exe_unit/FPUUnit/fpu/dfma/fma/_26630_/Y (sky130_fd_sc_hd__a2111oi_0)
   0.2519   17.5525 v fpu_exe_unit/FPUUnit/fpu/dfma/fma/_28157_/Y (sky130_fd_sc_hd__o2111ai_1)
   0.2531   17.8056 v fpu_exe_unit/FPUUnit/fpu/dfma/fma/_28918_/X (sky130_fd_sc_hd__a22o_1)
   0.1179   17.9235 ^ fpu_exe_unit/FPUUnit/fpu/dfma/fma/_28919_/Y (sky130_fd_sc_hd__nor2_1)
   0.0648   17.9883 v fpu_exe_unit/FPUUnit/fpu/dfma/fma/_28924_/Y (sky130_fd_sc_hd__nor2_1)
   0.1527   18.1410 ^ fpu_exe_unit/FPUUnit/fpu/dfma/fma/_29058_/Y (sky130_fd_sc_hd__xnor2_1)
   0.0787   18.2197 v fpu_exe_unit/FPUUnit/fpu/dfma/fma/_29060_/Y (sky130_fd_sc_hd__a21oi_1)
   0.0035   18.2232 v fpu_exe_unit/FPUUnit/fpu/dfma/fma/_31115_/D (sky130_fd_sc_hd__dfxtp_1)
            18.2232   data arrival time

  20.0000   20.0000   clock clock (rise edge)
   0.0000   20.0000   clock network delay (ideal)
   0.0000   20.0000   clock reconvergence pessimism
            20.0000 ^ fpu_exe_unit/FPUUnit/fpu/dfma/fma/_31115_/CLK (sky130_fd_sc_hd__dfxtp_1)
  -0.1345   19.8655   library setup time
            19.8655   data required time
-------------------------------------------------------------
            19.8655   data required time
           -18.2232   data arrival time
-------------------------------------------------------------
             1.6424   slack (MET)


Startpoint: fpu_exe_unit/FPUUnit/fpu/dfma/_1310_
            (rising edge-triggered flip-flop clocked by clock)
Endpoint: fpu_exe_unit/FPUUnit/fpu/dfma/fma/_31116_
          (rising edge-triggered flip-flop clocked by clock)
Path Group: clock
Path Type: max

    Delay      Time   Description
-------------------------------------------------------------
   0.0000    0.0000   clock clock (rise edge)
   0.0000    0.0000   clock network delay (ideal)
   0.0000    0.0000 ^ fpu_exe_unit/FPUUnit/fpu/dfma/_1310_/CLK (sky130_fd_sc_hd__dfxtp_1)
   0.2995    0.2995 v fpu_exe_unit/FPUUnit/fpu/dfma/_1310_/Q (sky130_fd_sc_hd__dfxtp_1)
   0.1614    0.4609 v fpu_exe_unit/FPUUnit/fpu/dfma/fma/mulAddRecFNToRaw_preMul/_1092_/Y (sky130_fd_sc_hd__xnor2_1)
   0.3226    0.7835 ^ fpu_exe_unit/FPUUnit/fpu/dfma/fma/mulAddRecFNToRaw_preMul/_1094_/Y (sky130_fd_sc_hd__o21ai_0)
   0.1761    0.9596 v fpu_exe_unit/FPUUnit/fpu/dfma/fma/mulAddRecFNToRaw_preMul/_1097_/Y (sky130_fd_sc_hd__a31oi_1)
   0.4045    1.3640 v fpu_exe_unit/FPUUnit/fpu/dfma/fma/mulAddRecFNToRaw_preMul/_1098_/X (sky130_fd_sc_hd__maj3_1)
   0.3959    1.7600 v fpu_exe_unit/FPUUnit/fpu/dfma/fma/mulAddRecFNToRaw_preMul/_1099_/X (sky130_fd_sc_hd__maj3_1)
   0.3973    2.1573 v fpu_exe_unit/FPUUnit/fpu/dfma/fma/mulAddRecFNToRaw_preMul/_1100_/X (sky130_fd_sc_hd__maj3_1)
   0.4055    2.5628 v fpu_exe_unit/FPUUnit/fpu/dfma/fma/mulAddRecFNToRaw_preMul/_1101_/X (sky130_fd_sc_hd__maj3_1)
   0.3551    2.9179 v fpu_exe_unit/FPUUnit/fpu/dfma/fma/mulAddRecFNToRaw_preMul/_1121_/X (sky130_fd_sc_hd__maj3_1)
   0.2007    3.1186 v fpu_exe_unit/FPUUnit/fpu/dfma/fma/mulAddRecFNToRaw_preMul/_1122_/X (sky130_fd_sc_hd__xor2_1)
   0.1942    3.3128 ^ fpu_exe_unit/FPUUnit/fpu/dfma/fma/mulAddRecFNToRaw_preMul/_1152_/Y (sky130_fd_sc_hd__o221ai_1)
   0.1518    3.4647 v fpu_exe_unit/FPUUnit/fpu/dfma/fma/mulAddRecFNToRaw_preMul/_1158_/Y (sky130_fd_sc_hd__a32oi_1)
   0.4189    3.8835 v fpu_exe_unit/FPUUnit/fpu/dfma/fma/mulAddRecFNToRaw_preMul/_1159_/X (sky130_fd_sc_hd__maj3_1)
   0.2588    4.1424 v fpu_exe_unit/FPUUnit/fpu/dfma/fma/mulAddRecFNToRaw_preMul/_1177_/X (sky130_fd_sc_hd__o2111a_1)
   0.1835    4.3259 v fpu_exe_unit/FPUUnit/fpu/dfma/fma/mulAddRecFNToRaw_preMul/_1178_/X (sky130_fd_sc_hd__clkbuf_1)
   0.1411    4.4670 ^ fpu_exe_unit/FPUUnit/fpu/dfma/fma/mulAddRecFNToRaw_preMul/_1203_/Y (sky130_fd_sc_hd__nand4_1)
   0.3339    4.8008 ^ fpu_exe_unit/FPUUnit/fpu/dfma/fma/mulAddRecFNToRaw_preMul/_1204_/X (sky130_fd_sc_hd__lpflow_clkbufkapwr_1)
   0.3198    5.1206 ^ fpu_exe_unit/FPUUnit/fpu/dfma/fma/mulAddRecFNToRaw_preMul/_1307_/X (sky130_fd_sc_hd__buf_2)
   0.4406    5.5612 ^ fpu_exe_unit/FPUUnit/fpu/dfma/fma/mulAddRecFNToRaw_preMul/_1308_/X (sky130_fd_sc_hd__lpflow_clkbufkapwr_1)
   0.4049    5.9661 v fpu_exe_unit/FPUUnit/fpu/dfma/fma/mulAddRecFNToRaw_preMul/_1618_/X (sky130_fd_sc_hd__mux2_2)
   0.1693    6.1354 ^ fpu_exe_unit/FPUUnit/fpu/dfma/fma/mulAddRecFNToRaw_preMul/_1760_/Y (sky130_fd_sc_hd__mux2i_1)
   0.0586    6.1940 v fpu_exe_unit/FPUUnit/fpu/dfma/fma/mulAddRecFNToRaw_preMul/_1761_/Y (sky130_fd_sc_hd__nor2_1)
   0.1499    6.3440 ^ fpu_exe_unit/FPUUnit/fpu/dfma/fma/mulAddRecFNToRaw_preMul/_1762_/Y (sky130_fd_sc_hd__a21oi_1)
   0.1072    6.4511 v fpu_exe_unit/FPUUnit/fpu/dfma/fma/mulAddRecFNToRaw_preMul/_1763_/Y (sky130_fd_sc_hd__mux2i_1)
   0.2246    6.6758 ^ fpu_exe_unit/FPUUnit/fpu/dfma/fma/mulAddRecFNToRaw_preMul/_1764_/Y (sky130_fd_sc_hd__a21oi_1)
   0.0630    6.7388 v fpu_exe_unit/FPUUnit/fpu/dfma/fma/mulAddRecFNToRaw_preMul/_1765_/Y (sky130_fd_sc_hd__nor2_1)
   0.1979    6.9367 v fpu_exe_unit/FPUUnit/fpu/dfma/fma/mulAddRecFNToRaw_preMul/_1766_/X (sky130_fd_sc_hd__o22a_1)
   0.3822    7.3188 v fpu_exe_unit/FPUUnit/fpu/dfma/fma/_15656_/X (sky130_fd_sc_hd__xnor3_1)
   0.3964    7.7153 v fpu_exe_unit/FPUUnit/fpu/dfma/fma/_15669_/X (sky130_fd_sc_hd__maj3_1)
   0.3777    8.0930 v fpu_exe_unit/FPUUnit/fpu/dfma/fma/_15690_/X (sky130_fd_sc_hd__maj3_1)
   0.3929    8.4858 v fpu_exe_unit/FPUUnit/fpu/dfma/fma/_15718_/X (sky130_fd_sc_hd__maj3_1)
   0.3979    8.8837 v fpu_exe_unit/FPUUnit/fpu/dfma/fma/_15741_/X (sky130_fd_sc_hd__xor3_1)
   0.1695    9.0532 ^ fpu_exe_unit/FPUUnit/fpu/dfma/fma/_15751_/Y (sky130_fd_sc_hd__nor2_1)
   0.2943    9.3475 ^ fpu_exe_unit/FPUUnit/fpu/dfma/fma/_15789_/X (sky130_fd_sc_hd__xor3_1)
   0.1440    9.4915 v fpu_exe_unit/FPUUnit/fpu/dfma/fma/_15790_/Y (sky130_fd_sc_hd__nand4bb_1)
   0.3515    9.8430 v fpu_exe_unit/FPUUnit/fpu/dfma/fma/_15837_/X (sky130_fd_sc_hd__or2_2)
   0.3724   10.2154 v fpu_exe_unit/FPUUnit/fpu/dfma/fma/_15891_/X (sky130_fd_sc_hd__maj3_1)
   0.3778   10.5932 v fpu_exe_unit/FPUUnit/fpu/dfma/fma/_15946_/X (sky130_fd_sc_hd__maj3_1)
   0.3853   10.9785 v fpu_exe_unit/FPUUnit/fpu/dfma/fma/_16018_/X (sky130_fd_sc_hd__maj3_1)
   0.3669   11.3454 v fpu_exe_unit/FPUUnit/fpu/dfma/fma/_16084_/X (sky130_fd_sc_hd__maj3_1)
   0.3753   11.7207 v fpu_exe_unit/FPUUnit/fpu/dfma/fma/_16150_/X (sky130_fd_sc_hd__maj3_1)
   0.3716   12.0924 v fpu_exe_unit/FPUUnit/fpu/dfma/fma/_16236_/X (sky130_fd_sc_hd__maj3_1)
   0.3656   12.4580 v fpu_exe_unit/FPUUnit/fpu/dfma/fma/_16331_/X (sky130_fd_sc_hd__maj3_1)
   0.3227   12.7806 ^ fpu_exe_unit/FPUUnit/fpu/dfma/fma/_16425_/Y (sky130_fd_sc_hd__o21ai_0)
   0.1187   12.8993 v fpu_exe_unit/FPUUnit/fpu/dfma/fma/_16955_/Y (sky130_fd_sc_hd__a211oi_1)
   0.3448   13.2441 ^ fpu_exe_unit/FPUUnit/fpu/dfma/fma/_16956_/Y (sky130_fd_sc_hd__o311ai_0)
   0.1911   13.4352 v fpu_exe_unit/FPUUnit/fpu/dfma/fma/_17093_/Y (sky130_fd_sc_hd__nand4_1)
   0.3235   13.7588 ^ fpu_exe_unit/FPUUnit/fpu/dfma/fma/_17388_/Y (sky130_fd_sc_hd__a211oi_1)
   0.1962   13.9550 v fpu_exe_unit/FPUUnit/fpu/dfma/fma/_17685_/Y (sky130_fd_sc_hd__o311ai_0)
   0.2651   14.2201 ^ fpu_exe_unit/FPUUnit/fpu/dfma/fma/_17989_/Y (sky130_fd_sc_hd__a211oi_1)
   0.1397   14.3598 v fpu_exe_unit/FPUUnit/fpu/dfma/fma/_18300_/Y (sky130_fd_sc_hd__o211ai_1)
   0.4212   14.7810 ^ fpu_exe_unit/FPUUnit/fpu/dfma/fma/_19021_/Y (sky130_fd_sc_hd__a2111oi_0)
   0.2639   15.0448 v fpu_exe_unit/FPUUnit/fpu/dfma/fma/_19832_/Y (sky130_fd_sc_hd__a2111oi_0)
   0.3827   15.4275 v fpu_exe_unit/FPUUnit/fpu/dfma/fma/_21839_/X (sky130_fd_sc_hd__o31a_1)
   0.3912   15.8187 ^ fpu_exe_unit/FPUUnit/fpu/dfma/fma/_22105_/Y (sky130_fd_sc_hd__o31ai_1)
   0.2506   16.0693 ^ fpu_exe_unit/FPUUnit/fpu/dfma/fma/_22629_/X (sky130_fd_sc_hd__a31o_2)
   0.1211   16.1903 v fpu_exe_unit/FPUUnit/fpu/dfma/fma/_23185_/Y (sky130_fd_sc_hd__a31oi_1)
   0.3854   16.5758 ^ fpu_exe_unit/FPUUnit/fpu/dfma/fma/_23741_/Y (sky130_fd_sc_hd__o21ai_0)
   0.1565   16.7322 v fpu_exe_unit/FPUUnit/fpu/dfma/fma/_25946_/Y (sky130_fd_sc_hd__nand4bb_1)
   0.5684   17.3006 ^ fpu_exe_unit/FPUUnit/fpu/dfma/fma/_26630_/Y (sky130_fd_sc_hd__a2111oi_0)
   0.2519   17.5525 v fpu_exe_unit/FPUUnit/fpu/dfma/fma/_28157_/Y (sky130_fd_sc_hd__o2111ai_1)
   0.3749   17.9274 v fpu_exe_unit/FPUUnit/fpu/dfma/fma/_29062_/X (sky130_fd_sc_hd__a221o_1)
   0.0919   18.0194 ^ fpu_exe_unit/FPUUnit/fpu/dfma/fma/_29064_/Y (sky130_fd_sc_hd__nand2_1)
   0.1211   18.1405 ^ fpu_exe_unit/FPUUnit/fpu/dfma/fma/_29192_/Y (sky130_fd_sc_hd__xnor2_1)
   0.0787   18.2191 v fpu_exe_unit/FPUUnit/fpu/dfma/fma/_29194_/Y (sky130_fd_sc_hd__a21oi_1)
   0.0035   18.2226 v fpu_exe_unit/FPUUnit/fpu/dfma/fma/_31116_/D (sky130_fd_sc_hd__dfxtp_1)
            18.2226   data arrival time

  20.0000   20.0000   clock clock (rise edge)
   0.0000   20.0000   clock network delay (ideal)
   0.0000   20.0000   clock reconvergence pessimism
            20.0000 ^ fpu_exe_unit/FPUUnit/fpu/dfma/fma/_31116_/CLK (sky130_fd_sc_hd__dfxtp_1)
  -0.1345   19.8655   library setup time
            19.8655   data required time
-------------------------------------------------------------
            19.8655   data required time
           -18.2226   data arrival time
-------------------------------------------------------------
             1.6429   slack (MET)


Startpoint: fpu_exe_unit/FPUUnit/fpu/dfma/_1310_
            (rising edge-triggered flip-flop clocked by clock)
Endpoint: fpu_exe_unit/FPUUnit/fpu/dfma/fma/_31111_
          (rising edge-triggered flip-flop clocked by clock)
Path Group: clock
Path Type: max

    Delay      Time   Description
-------------------------------------------------------------
   0.0000    0.0000   clock clock (rise edge)
   0.0000    0.0000   clock network delay (ideal)
   0.0000    0.0000 ^ fpu_exe_unit/FPUUnit/fpu/dfma/_1310_/CLK (sky130_fd_sc_hd__dfxtp_1)
   0.2995    0.2995 v fpu_exe_unit/FPUUnit/fpu/dfma/_1310_/Q (sky130_fd_sc_hd__dfxtp_1)
   0.1614    0.4609 v fpu_exe_unit/FPUUnit/fpu/dfma/fma/mulAddRecFNToRaw_preMul/_1092_/Y (sky130_fd_sc_hd__xnor2_1)
   0.3226    0.7835 ^ fpu_exe_unit/FPUUnit/fpu/dfma/fma/mulAddRecFNToRaw_preMul/_1094_/Y (sky130_fd_sc_hd__o21ai_0)
   0.1761    0.9596 v fpu_exe_unit/FPUUnit/fpu/dfma/fma/mulAddRecFNToRaw_preMul/_1097_/Y (sky130_fd_sc_hd__a31oi_1)
   0.4045    1.3640 v fpu_exe_unit/FPUUnit/fpu/dfma/fma/mulAddRecFNToRaw_preMul/_1098_/X (sky130_fd_sc_hd__maj3_1)
   0.3959    1.7600 v fpu_exe_unit/FPUUnit/fpu/dfma/fma/mulAddRecFNToRaw_preMul/_1099_/X (sky130_fd_sc_hd__maj3_1)
   0.3973    2.1573 v fpu_exe_unit/FPUUnit/fpu/dfma/fma/mulAddRecFNToRaw_preMul/_1100_/X (sky130_fd_sc_hd__maj3_1)
   0.4055    2.5628 v fpu_exe_unit/FPUUnit/fpu/dfma/fma/mulAddRecFNToRaw_preMul/_1101_/X (sky130_fd_sc_hd__maj3_1)
   0.3551    2.9179 v fpu_exe_unit/FPUUnit/fpu/dfma/fma/mulAddRecFNToRaw_preMul/_1121_/X (sky130_fd_sc_hd__maj3_1)
   0.2007    3.1186 v fpu_exe_unit/FPUUnit/fpu/dfma/fma/mulAddRecFNToRaw_preMul/_1122_/X (sky130_fd_sc_hd__xor2_1)
   0.1942    3.3128 ^ fpu_exe_unit/FPUUnit/fpu/dfma/fma/mulAddRecFNToRaw_preMul/_1152_/Y (sky130_fd_sc_hd__o221ai_1)
   0.1518    3.4647 v fpu_exe_unit/FPUUnit/fpu/dfma/fma/mulAddRecFNToRaw_preMul/_1158_/Y (sky130_fd_sc_hd__a32oi_1)
   0.4189    3.8835 v fpu_exe_unit/FPUUnit/fpu/dfma/fma/mulAddRecFNToRaw_preMul/_1159_/X (sky130_fd_sc_hd__maj3_1)
   0.2588    4.1424 v fpu_exe_unit/FPUUnit/fpu/dfma/fma/mulAddRecFNToRaw_preMul/_1177_/X (sky130_fd_sc_hd__o2111a_1)
   0.1835    4.3259 v fpu_exe_unit/FPUUnit/fpu/dfma/fma/mulAddRecFNToRaw_preMul/_1178_/X (sky130_fd_sc_hd__clkbuf_1)
   0.1411    4.4670 ^ fpu_exe_unit/FPUUnit/fpu/dfma/fma/mulAddRecFNToRaw_preMul/_1203_/Y (sky130_fd_sc_hd__nand4_1)
   0.3339    4.8008 ^ fpu_exe_unit/FPUUnit/fpu/dfma/fma/mulAddRecFNToRaw_preMul/_1204_/X (sky130_fd_sc_hd__lpflow_clkbufkapwr_1)
   0.3198    5.1206 ^ fpu_exe_unit/FPUUnit/fpu/dfma/fma/mulAddRecFNToRaw_preMul/_1307_/X (sky130_fd_sc_hd__buf_2)
   0.4406    5.5612 ^ fpu_exe_unit/FPUUnit/fpu/dfma/fma/mulAddRecFNToRaw_preMul/_1308_/X (sky130_fd_sc_hd__lpflow_clkbufkapwr_1)
   0.4049    5.9661 v fpu_exe_unit/FPUUnit/fpu/dfma/fma/mulAddRecFNToRaw_preMul/_1618_/X (sky130_fd_sc_hd__mux2_2)
   0.1693    6.1354 ^ fpu_exe_unit/FPUUnit/fpu/dfma/fma/mulAddRecFNToRaw_preMul/_1760_/Y (sky130_fd_sc_hd__mux2i_1)
   0.0586    6.1940 v fpu_exe_unit/FPUUnit/fpu/dfma/fma/mulAddRecFNToRaw_preMul/_1761_/Y (sky130_fd_sc_hd__nor2_1)
   0.1499    6.3440 ^ fpu_exe_unit/FPUUnit/fpu/dfma/fma/mulAddRecFNToRaw_preMul/_1762_/Y (sky130_fd_sc_hd__a21oi_1)
   0.1072    6.4511 v fpu_exe_unit/FPUUnit/fpu/dfma/fma/mulAddRecFNToRaw_preMul/_1763_/Y (sky130_fd_sc_hd__mux2i_1)
   0.2246    6.6758 ^ fpu_exe_unit/FPUUnit/fpu/dfma/fma/mulAddRecFNToRaw_preMul/_1764_/Y (sky130_fd_sc_hd__a21oi_1)
   0.0630    6.7388 v fpu_exe_unit/FPUUnit/fpu/dfma/fma/mulAddRecFNToRaw_preMul/_1765_/Y (sky130_fd_sc_hd__nor2_1)
   0.1979    6.9367 v fpu_exe_unit/FPUUnit/fpu/dfma/fma/mulAddRecFNToRaw_preMul/_1766_/X (sky130_fd_sc_hd__o22a_1)
   0.3822    7.3188 v fpu_exe_unit/FPUUnit/fpu/dfma/fma/_15656_/X (sky130_fd_sc_hd__xnor3_1)
   0.3964    7.7153 v fpu_exe_unit/FPUUnit/fpu/dfma/fma/_15669_/X (sky130_fd_sc_hd__maj3_1)
   0.3777    8.0930 v fpu_exe_unit/FPUUnit/fpu/dfma/fma/_15690_/X (sky130_fd_sc_hd__maj3_1)
   0.3929    8.4858 v fpu_exe_unit/FPUUnit/fpu/dfma/fma/_15718_/X (sky130_fd_sc_hd__maj3_1)
   0.3979    8.8837 v fpu_exe_unit/FPUUnit/fpu/dfma/fma/_15741_/X (sky130_fd_sc_hd__xor3_1)
   0.1695    9.0532 ^ fpu_exe_unit/FPUUnit/fpu/dfma/fma/_15751_/Y (sky130_fd_sc_hd__nor2_1)
   0.2943    9.3475 ^ fpu_exe_unit/FPUUnit/fpu/dfma/fma/_15789_/X (sky130_fd_sc_hd__xor3_1)
   0.1440    9.4915 v fpu_exe_unit/FPUUnit/fpu/dfma/fma/_15790_/Y (sky130_fd_sc_hd__nand4bb_1)
   0.3515    9.8430 v fpu_exe_unit/FPUUnit/fpu/dfma/fma/_15837_/X (sky130_fd_sc_hd__or2_2)
   0.3724   10.2154 v fpu_exe_unit/FPUUnit/fpu/dfma/fma/_15891_/X (sky130_fd_sc_hd__maj3_1)
   0.3778   10.5932 v fpu_exe_unit/FPUUnit/fpu/dfma/fma/_15946_/X (sky130_fd_sc_hd__maj3_1)
   0.3853   10.9785 v fpu_exe_unit/FPUUnit/fpu/dfma/fma/_16018_/X (sky130_fd_sc_hd__maj3_1)
   0.3669   11.3454 v fpu_exe_unit/FPUUnit/fpu/dfma/fma/_16084_/X (sky130_fd_sc_hd__maj3_1)
   0.3753   11.7207 v fpu_exe_unit/FPUUnit/fpu/dfma/fma/_16150_/X (sky130_fd_sc_hd__maj3_1)
   0.3716   12.0924 v fpu_exe_unit/FPUUnit/fpu/dfma/fma/_16236_/X (sky130_fd_sc_hd__maj3_1)
   0.3656   12.4580 v fpu_exe_unit/FPUUnit/fpu/dfma/fma/_16331_/X (sky130_fd_sc_hd__maj3_1)
   0.3227   12.7806 ^ fpu_exe_unit/FPUUnit/fpu/dfma/fma/_16425_/Y (sky130_fd_sc_hd__o21ai_0)
   0.1187   12.8993 v fpu_exe_unit/FPUUnit/fpu/dfma/fma/_16955_/Y (sky130_fd_sc_hd__a211oi_1)
   0.3448   13.2441 ^ fpu_exe_unit/FPUUnit/fpu/dfma/fma/_16956_/Y (sky130_fd_sc_hd__o311ai_0)
   0.1911   13.4352 v fpu_exe_unit/FPUUnit/fpu/dfma/fma/_17093_/Y (sky130_fd_sc_hd__nand4_1)
   0.3235   13.7588 ^ fpu_exe_unit/FPUUnit/fpu/dfma/fma/_17388_/Y (sky130_fd_sc_hd__a211oi_1)
   0.1962   13.9550 v fpu_exe_unit/FPUUnit/fpu/dfma/fma/_17685_/Y (sky130_fd_sc_hd__o311ai_0)
   0.2651   14.2201 ^ fpu_exe_unit/FPUUnit/fpu/dfma/fma/_17989_/Y (sky130_fd_sc_hd__a211oi_1)
   0.1397   14.3598 v fpu_exe_unit/FPUUnit/fpu/dfma/fma/_18300_/Y (sky130_fd_sc_hd__o211ai_1)
   0.4212   14.7810 ^ fpu_exe_unit/FPUUnit/fpu/dfma/fma/_19021_/Y (sky130_fd_sc_hd__a2111oi_0)
   0.2639   15.0448 v fpu_exe_unit/FPUUnit/fpu/dfma/fma/_19832_/Y (sky130_fd_sc_hd__a2111oi_0)
   0.3827   15.4275 v fpu_exe_unit/FPUUnit/fpu/dfma/fma/_21839_/X (sky130_fd_sc_hd__o31a_1)
   0.3912   15.8187 ^ fpu_exe_unit/FPUUnit/fpu/dfma/fma/_22105_/Y (sky130_fd_sc_hd__o31ai_1)
   0.2506   16.0693 ^ fpu_exe_unit/FPUUnit/fpu/dfma/fma/_22629_/X (sky130_fd_sc_hd__a31o_2)
   0.1211   16.1903 v fpu_exe_unit/FPUUnit/fpu/dfma/fma/_23185_/Y (sky130_fd_sc_hd__a31oi_1)
   0.3854   16.5758 ^ fpu_exe_unit/FPUUnit/fpu/dfma/fma/_23741_/Y (sky130_fd_sc_hd__o21ai_0)
   0.1565   16.7322 v fpu_exe_unit/FPUUnit/fpu/dfma/fma/_25946_/Y (sky130_fd_sc_hd__nand4bb_1)
   0.5684   17.3006 ^ fpu_exe_unit/FPUUnit/fpu/dfma/fma/_26630_/Y (sky130_fd_sc_hd__a2111oi_0)
   0.2519   17.5525 v fpu_exe_unit/FPUUnit/fpu/dfma/fma/_28157_/Y (sky130_fd_sc_hd__o2111ai_1)
   0.1804   17.7329 ^ fpu_exe_unit/FPUUnit/fpu/dfma/fma/_28158_/Y (sky130_fd_sc_hd__nand3_1)
   0.1888   17.9217 ^ fpu_exe_unit/FPUUnit/fpu/dfma/fma/_28313_/X (sky130_fd_sc_hd__maj3_1)
   0.1424   18.0641 ^ fpu_exe_unit/FPUUnit/fpu/dfma/fma/_28463_/X (sky130_fd_sc_hd__xor2_1)
   0.0775   18.1416 v fpu_exe_unit/FPUUnit/fpu/dfma/fma/_28466_/Y (sky130_fd_sc_hd__a21oi_1)
   0.0035   18.1451 v fpu_exe_unit/FPUUnit/fpu/dfma/fma/_31111_/D (sky130_fd_sc_hd__dfxtp_1)
            18.1451   data arrival time

  20.0000   20.0000   clock clock (rise edge)
   0.0000   20.0000   clock network delay (ideal)
   0.0000   20.0000   clock reconvergence pessimism
            20.0000 ^ fpu_exe_unit/FPUUnit/fpu/dfma/fma/_31111_/CLK (sky130_fd_sc_hd__dfxtp_1)
  -0.1345   19.8655   library setup time
            19.8655   data required time
-------------------------------------------------------------
            19.8655   data required time
           -18.1451   data arrival time
-------------------------------------------------------------
             1.7204   slack (MET)


Startpoint: fpu_exe_unit/FPUUnit/fpu/dfma/_1310_
            (rising edge-triggered flip-flop clocked by clock)
Endpoint: fpu_exe_unit/FPUUnit/fpu/dfma/fma/_31103_
          (rising edge-triggered flip-flop clocked by clock)
Path Group: clock
Path Type: max

    Delay      Time   Description
-------------------------------------------------------------
   0.0000    0.0000   clock clock (rise edge)
   0.0000    0.0000   clock network delay (ideal)
   0.0000    0.0000 ^ fpu_exe_unit/FPUUnit/fpu/dfma/_1310_/CLK (sky130_fd_sc_hd__dfxtp_1)
   0.2995    0.2995 v fpu_exe_unit/FPUUnit/fpu/dfma/_1310_/Q (sky130_fd_sc_hd__dfxtp_1)
   0.1614    0.4609 v fpu_exe_unit/FPUUnit/fpu/dfma/fma/mulAddRecFNToRaw_preMul/_1092_/Y (sky130_fd_sc_hd__xnor2_1)
   0.3226    0.7835 ^ fpu_exe_unit/FPUUnit/fpu/dfma/fma/mulAddRecFNToRaw_preMul/_1094_/Y (sky130_fd_sc_hd__o21ai_0)
   0.1761    0.9596 v fpu_exe_unit/FPUUnit/fpu/dfma/fma/mulAddRecFNToRaw_preMul/_1097_/Y (sky130_fd_sc_hd__a31oi_1)
   0.4045    1.3640 v fpu_exe_unit/FPUUnit/fpu/dfma/fma/mulAddRecFNToRaw_preMul/_1098_/X (sky130_fd_sc_hd__maj3_1)
   0.3959    1.7600 v fpu_exe_unit/FPUUnit/fpu/dfma/fma/mulAddRecFNToRaw_preMul/_1099_/X (sky130_fd_sc_hd__maj3_1)
   0.3973    2.1573 v fpu_exe_unit/FPUUnit/fpu/dfma/fma/mulAddRecFNToRaw_preMul/_1100_/X (sky130_fd_sc_hd__maj3_1)
   0.4055    2.5628 v fpu_exe_unit/FPUUnit/fpu/dfma/fma/mulAddRecFNToRaw_preMul/_1101_/X (sky130_fd_sc_hd__maj3_1)
   0.3551    2.9179 v fpu_exe_unit/FPUUnit/fpu/dfma/fma/mulAddRecFNToRaw_preMul/_1121_/X (sky130_fd_sc_hd__maj3_1)
   0.2007    3.1186 v fpu_exe_unit/FPUUnit/fpu/dfma/fma/mulAddRecFNToRaw_preMul/_1122_/X (sky130_fd_sc_hd__xor2_1)
   0.1942    3.3128 ^ fpu_exe_unit/FPUUnit/fpu/dfma/fma/mulAddRecFNToRaw_preMul/_1152_/Y (sky130_fd_sc_hd__o221ai_1)
   0.1518    3.4647 v fpu_exe_unit/FPUUnit/fpu/dfma/fma/mulAddRecFNToRaw_preMul/_1158_/Y (sky130_fd_sc_hd__a32oi_1)
   0.4189    3.8835 v fpu_exe_unit/FPUUnit/fpu/dfma/fma/mulAddRecFNToRaw_preMul/_1159_/X (sky130_fd_sc_hd__maj3_1)
   0.2588    4.1424 v fpu_exe_unit/FPUUnit/fpu/dfma/fma/mulAddRecFNToRaw_preMul/_1177_/X (sky130_fd_sc_hd__o2111a_1)
   0.1835    4.3259 v fpu_exe_unit/FPUUnit/fpu/dfma/fma/mulAddRecFNToRaw_preMul/_1178_/X (sky130_fd_sc_hd__clkbuf_1)
   0.1411    4.4670 ^ fpu_exe_unit/FPUUnit/fpu/dfma/fma/mulAddRecFNToRaw_preMul/_1203_/Y (sky130_fd_sc_hd__nand4_1)
   0.3339    4.8008 ^ fpu_exe_unit/FPUUnit/fpu/dfma/fma/mulAddRecFNToRaw_preMul/_1204_/X (sky130_fd_sc_hd__lpflow_clkbufkapwr_1)
   0.3198    5.1206 ^ fpu_exe_unit/FPUUnit/fpu/dfma/fma/mulAddRecFNToRaw_preMul/_1307_/X (sky130_fd_sc_hd__buf_2)
   0.4406    5.5612 ^ fpu_exe_unit/FPUUnit/fpu/dfma/fma/mulAddRecFNToRaw_preMul/_1308_/X (sky130_fd_sc_hd__lpflow_clkbufkapwr_1)
   0.4049    5.9661 v fpu_exe_unit/FPUUnit/fpu/dfma/fma/mulAddRecFNToRaw_preMul/_1618_/X (sky130_fd_sc_hd__mux2_2)
   0.1693    6.1354 ^ fpu_exe_unit/FPUUnit/fpu/dfma/fma/mulAddRecFNToRaw_preMul/_1760_/Y (sky130_fd_sc_hd__mux2i_1)
   0.0586    6.1940 v fpu_exe_unit/FPUUnit/fpu/dfma/fma/mulAddRecFNToRaw_preMul/_1761_/Y (sky130_fd_sc_hd__nor2_1)
   0.1499    6.3440 ^ fpu_exe_unit/FPUUnit/fpu/dfma/fma/mulAddRecFNToRaw_preMul/_1762_/Y (sky130_fd_sc_hd__a21oi_1)
   0.1072    6.4511 v fpu_exe_unit/FPUUnit/fpu/dfma/fma/mulAddRecFNToRaw_preMul/_1763_/Y (sky130_fd_sc_hd__mux2i_1)
   0.2246    6.6758 ^ fpu_exe_unit/FPUUnit/fpu/dfma/fma/mulAddRecFNToRaw_preMul/_1764_/Y (sky130_fd_sc_hd__a21oi_1)
   0.0630    6.7388 v fpu_exe_unit/FPUUnit/fpu/dfma/fma/mulAddRecFNToRaw_preMul/_1765_/Y (sky130_fd_sc_hd__nor2_1)
   0.1979    6.9367 v fpu_exe_unit/FPUUnit/fpu/dfma/fma/mulAddRecFNToRaw_preMul/_1766_/X (sky130_fd_sc_hd__o22a_1)
   0.3822    7.3188 v fpu_exe_unit/FPUUnit/fpu/dfma/fma/_15656_/X (sky130_fd_sc_hd__xnor3_1)
   0.3964    7.7153 v fpu_exe_unit/FPUUnit/fpu/dfma/fma/_15669_/X (sky130_fd_sc_hd__maj3_1)
   0.3777    8.0930 v fpu_exe_unit/FPUUnit/fpu/dfma/fma/_15690_/X (sky130_fd_sc_hd__maj3_1)
   0.3929    8.4858 v fpu_exe_unit/FPUUnit/fpu/dfma/fma/_15718_/X (sky130_fd_sc_hd__maj3_1)
   0.3979    8.8837 v fpu_exe_unit/FPUUnit/fpu/dfma/fma/_15741_/X (sky130_fd_sc_hd__xor3_1)
   0.1695    9.0532 ^ fpu_exe_unit/FPUUnit/fpu/dfma/fma/_15751_/Y (sky130_fd_sc_hd__nor2_1)
   0.2943    9.3475 ^ fpu_exe_unit/FPUUnit/fpu/dfma/fma/_15789_/X (sky130_fd_sc_hd__xor3_1)
   0.1440    9.4915 v fpu_exe_unit/FPUUnit/fpu/dfma/fma/_15790_/Y (sky130_fd_sc_hd__nand4bb_1)
   0.3515    9.8430 v fpu_exe_unit/FPUUnit/fpu/dfma/fma/_15837_/X (sky130_fd_sc_hd__or2_2)
   0.3724   10.2154 v fpu_exe_unit/FPUUnit/fpu/dfma/fma/_15891_/X (sky130_fd_sc_hd__maj3_1)
   0.3778   10.5932 v fpu_exe_unit/FPUUnit/fpu/dfma/fma/_15946_/X (sky130_fd_sc_hd__maj3_1)
   0.3853   10.9785 v fpu_exe_unit/FPUUnit/fpu/dfma/fma/_16018_/X (sky130_fd_sc_hd__maj3_1)
   0.3669   11.3454 v fpu_exe_unit/FPUUnit/fpu/dfma/fma/_16084_/X (sky130_fd_sc_hd__maj3_1)
   0.3753   11.7207 v fpu_exe_unit/FPUUnit/fpu/dfma/fma/_16150_/X (sky130_fd_sc_hd__maj3_1)
   0.3716   12.0924 v fpu_exe_unit/FPUUnit/fpu/dfma/fma/_16236_/X (sky130_fd_sc_hd__maj3_1)
   0.3656   12.4580 v fpu_exe_unit/FPUUnit/fpu/dfma/fma/_16331_/X (sky130_fd_sc_hd__maj3_1)
   0.3227   12.7806 ^ fpu_exe_unit/FPUUnit/fpu/dfma/fma/_16425_/Y (sky130_fd_sc_hd__o21ai_0)
   0.1187   12.8993 v fpu_exe_unit/FPUUnit/fpu/dfma/fma/_16955_/Y (sky130_fd_sc_hd__a211oi_1)
   0.3448   13.2441 ^ fpu_exe_unit/FPUUnit/fpu/dfma/fma/_16956_/Y (sky130_fd_sc_hd__o311ai_0)
   0.1911   13.4352 v fpu_exe_unit/FPUUnit/fpu/dfma/fma/_17093_/Y (sky130_fd_sc_hd__nand4_1)
   0.3235   13.7588 ^ fpu_exe_unit/FPUUnit/fpu/dfma/fma/_17388_/Y (sky130_fd_sc_hd__a211oi_1)
   0.1962   13.9550 v fpu_exe_unit/FPUUnit/fpu/dfma/fma/_17685_/Y (sky130_fd_sc_hd__o311ai_0)
   0.2651   14.2201 ^ fpu_exe_unit/FPUUnit/fpu/dfma/fma/_17989_/Y (sky130_fd_sc_hd__a211oi_1)
   0.1397   14.3598 v fpu_exe_unit/FPUUnit/fpu/dfma/fma/_18300_/Y (sky130_fd_sc_hd__o211ai_1)
   0.4212   14.7810 ^ fpu_exe_unit/FPUUnit/fpu/dfma/fma/_19021_/Y (sky130_fd_sc_hd__a2111oi_0)
   0.2639   15.0448 v fpu_exe_unit/FPUUnit/fpu/dfma/fma/_19832_/Y (sky130_fd_sc_hd__a2111oi_0)
   0.3827   15.4275 v fpu_exe_unit/FPUUnit/fpu/dfma/fma/_21839_/X (sky130_fd_sc_hd__o31a_1)
   0.3912   15.8187 ^ fpu_exe_unit/FPUUnit/fpu/dfma/fma/_22105_/Y (sky130_fd_sc_hd__o31ai_1)
   0.2506   16.0693 ^ fpu_exe_unit/FPUUnit/fpu/dfma/fma/_22629_/X (sky130_fd_sc_hd__a31o_2)
   0.1211   16.1903 v fpu_exe_unit/FPUUnit/fpu/dfma/fma/_23185_/Y (sky130_fd_sc_hd__a31oi_1)
   0.3854   16.5758 ^ fpu_exe_unit/FPUUnit/fpu/dfma/fma/_23741_/Y (sky130_fd_sc_hd__o21ai_0)
   0.1565   16.7322 v fpu_exe_unit/FPUUnit/fpu/dfma/fma/_25946_/Y (sky130_fd_sc_hd__nand4bb_1)
   0.5684   17.3006 ^ fpu_exe_unit/FPUUnit/fpu/dfma/fma/_26630_/Y (sky130_fd_sc_hd__a2111oi_0)
   0.1687   17.4694 v fpu_exe_unit/FPUUnit/fpu/dfma/fma/_26633_/Y (sky130_fd_sc_hd__nor2_1)
   0.3917   17.8610 v fpu_exe_unit/FPUUnit/fpu/dfma/fma/_26847_/X (sky130_fd_sc_hd__maj3_1)
   0.1726   18.0336 v fpu_exe_unit/FPUUnit/fpu/dfma/fma/_27044_/X (sky130_fd_sc_hd__xor2_1)
   0.1337   18.1674 ^ fpu_exe_unit/FPUUnit/fpu/dfma/fma/_27046_/Y (sky130_fd_sc_hd__a21oi_1)
   0.0035   18.1709 ^ fpu_exe_unit/FPUUnit/fpu/dfma/fma/_31103_/D (sky130_fd_sc_hd__dfxtp_1)
            18.1709   data arrival time

  20.0000   20.0000   clock clock (rise edge)
   0.0000   20.0000   clock network delay (ideal)
   0.0000   20.0000   clock reconvergence pessimism
            20.0000 ^ fpu_exe_unit/FPUUnit/fpu/dfma/fma/_31103_/CLK (sky130_fd_sc_hd__dfxtp_1)
  -0.0711   19.9289   library setup time
            19.9289   data required time
-------------------------------------------------------------
            19.9289   data required time
           -18.1709   data arrival time
-------------------------------------------------------------
             1.7581   slack (MET)


Startpoint: fpu_exe_unit/FPUUnit/fpu/dfma/_1310_
            (rising edge-triggered flip-flop clocked by clock)
Endpoint: fpu_exe_unit/FPUUnit/fpu/dfma/fma/_31108_
          (rising edge-triggered flip-flop clocked by clock)
Path Group: clock
Path Type: max

    Delay      Time   Description
-------------------------------------------------------------
   0.0000    0.0000   clock clock (rise edge)
   0.0000    0.0000   clock network delay (ideal)
   0.0000    0.0000 ^ fpu_exe_unit/FPUUnit/fpu/dfma/_1310_/CLK (sky130_fd_sc_hd__dfxtp_1)
   0.2995    0.2995 v fpu_exe_unit/FPUUnit/fpu/dfma/_1310_/Q (sky130_fd_sc_hd__dfxtp_1)
   0.1614    0.4609 v fpu_exe_unit/FPUUnit/fpu/dfma/fma/mulAddRecFNToRaw_preMul/_1092_/Y (sky130_fd_sc_hd__xnor2_1)
   0.3226    0.7835 ^ fpu_exe_unit/FPUUnit/fpu/dfma/fma/mulAddRecFNToRaw_preMul/_1094_/Y (sky130_fd_sc_hd__o21ai_0)
   0.1761    0.9596 v fpu_exe_unit/FPUUnit/fpu/dfma/fma/mulAddRecFNToRaw_preMul/_1097_/Y (sky130_fd_sc_hd__a31oi_1)
   0.4045    1.3640 v fpu_exe_unit/FPUUnit/fpu/dfma/fma/mulAddRecFNToRaw_preMul/_1098_/X (sky130_fd_sc_hd__maj3_1)
   0.3959    1.7600 v fpu_exe_unit/FPUUnit/fpu/dfma/fma/mulAddRecFNToRaw_preMul/_1099_/X (sky130_fd_sc_hd__maj3_1)
   0.3973    2.1573 v fpu_exe_unit/FPUUnit/fpu/dfma/fma/mulAddRecFNToRaw_preMul/_1100_/X (sky130_fd_sc_hd__maj3_1)
   0.4055    2.5628 v fpu_exe_unit/FPUUnit/fpu/dfma/fma/mulAddRecFNToRaw_preMul/_1101_/X (sky130_fd_sc_hd__maj3_1)
   0.3551    2.9179 v fpu_exe_unit/FPUUnit/fpu/dfma/fma/mulAddRecFNToRaw_preMul/_1121_/X (sky130_fd_sc_hd__maj3_1)
   0.2007    3.1186 v fpu_exe_unit/FPUUnit/fpu/dfma/fma/mulAddRecFNToRaw_preMul/_1122_/X (sky130_fd_sc_hd__xor2_1)
   0.1942    3.3128 ^ fpu_exe_unit/FPUUnit/fpu/dfma/fma/mulAddRecFNToRaw_preMul/_1152_/Y (sky130_fd_sc_hd__o221ai_1)
   0.1518    3.4647 v fpu_exe_unit/FPUUnit/fpu/dfma/fma/mulAddRecFNToRaw_preMul/_1158_/Y (sky130_fd_sc_hd__a32oi_1)
   0.4189    3.8835 v fpu_exe_unit/FPUUnit/fpu/dfma/fma/mulAddRecFNToRaw_preMul/_1159_/X (sky130_fd_sc_hd__maj3_1)
   0.2588    4.1424 v fpu_exe_unit/FPUUnit/fpu/dfma/fma/mulAddRecFNToRaw_preMul/_1177_/X (sky130_fd_sc_hd__o2111a_1)
   0.1835    4.3259 v fpu_exe_unit/FPUUnit/fpu/dfma/fma/mulAddRecFNToRaw_preMul/_1178_/X (sky130_fd_sc_hd__clkbuf_1)
   0.1411    4.4670 ^ fpu_exe_unit/FPUUnit/fpu/dfma/fma/mulAddRecFNToRaw_preMul/_1203_/Y (sky130_fd_sc_hd__nand4_1)
   0.3339    4.8008 ^ fpu_exe_unit/FPUUnit/fpu/dfma/fma/mulAddRecFNToRaw_preMul/_1204_/X (sky130_fd_sc_hd__lpflow_clkbufkapwr_1)
   0.3198    5.1206 ^ fpu_exe_unit/FPUUnit/fpu/dfma/fma/mulAddRecFNToRaw_preMul/_1307_/X (sky130_fd_sc_hd__buf_2)
   0.4406    5.5612 ^ fpu_exe_unit/FPUUnit/fpu/dfma/fma/mulAddRecFNToRaw_preMul/_1308_/X (sky130_fd_sc_hd__lpflow_clkbufkapwr_1)
   0.4049    5.9661 v fpu_exe_unit/FPUUnit/fpu/dfma/fma/mulAddRecFNToRaw_preMul/_1618_/X (sky130_fd_sc_hd__mux2_2)
   0.1693    6.1354 ^ fpu_exe_unit/FPUUnit/fpu/dfma/fma/mulAddRecFNToRaw_preMul/_1760_/Y (sky130_fd_sc_hd__mux2i_1)
   0.0586    6.1940 v fpu_exe_unit/FPUUnit/fpu/dfma/fma/mulAddRecFNToRaw_preMul/_1761_/Y (sky130_fd_sc_hd__nor2_1)
   0.1499    6.3440 ^ fpu_exe_unit/FPUUnit/fpu/dfma/fma/mulAddRecFNToRaw_preMul/_1762_/Y (sky130_fd_sc_hd__a21oi_1)
   0.1072    6.4511 v fpu_exe_unit/FPUUnit/fpu/dfma/fma/mulAddRecFNToRaw_preMul/_1763_/Y (sky130_fd_sc_hd__mux2i_1)
   0.2246    6.6758 ^ fpu_exe_unit/FPUUnit/fpu/dfma/fma/mulAddRecFNToRaw_preMul/_1764_/Y (sky130_fd_sc_hd__a21oi_1)
   0.0630    6.7388 v fpu_exe_unit/FPUUnit/fpu/dfma/fma/mulAddRecFNToRaw_preMul/_1765_/Y (sky130_fd_sc_hd__nor2_1)
   0.1979    6.9367 v fpu_exe_unit/FPUUnit/fpu/dfma/fma/mulAddRecFNToRaw_preMul/_1766_/X (sky130_fd_sc_hd__o22a_1)
   0.3822    7.3188 v fpu_exe_unit/FPUUnit/fpu/dfma/fma/_15656_/X (sky130_fd_sc_hd__xnor3_1)
   0.3964    7.7153 v fpu_exe_unit/FPUUnit/fpu/dfma/fma/_15669_/X (sky130_fd_sc_hd__maj3_1)
   0.3777    8.0930 v fpu_exe_unit/FPUUnit/fpu/dfma/fma/_15690_/X (sky130_fd_sc_hd__maj3_1)
   0.3929    8.4858 v fpu_exe_unit/FPUUnit/fpu/dfma/fma/_15718_/X (sky130_fd_sc_hd__maj3_1)
   0.3979    8.8837 v fpu_exe_unit/FPUUnit/fpu/dfma/fma/_15741_/X (sky130_fd_sc_hd__xor3_1)
   0.1695    9.0532 ^ fpu_exe_unit/FPUUnit/fpu/dfma/fma/_15751_/Y (sky130_fd_sc_hd__nor2_1)
   0.2943    9.3475 ^ fpu_exe_unit/FPUUnit/fpu/dfma/fma/_15789_/X (sky130_fd_sc_hd__xor3_1)
   0.1440    9.4915 v fpu_exe_unit/FPUUnit/fpu/dfma/fma/_15790_/Y (sky130_fd_sc_hd__nand4bb_1)
   0.3515    9.8430 v fpu_exe_unit/FPUUnit/fpu/dfma/fma/_15837_/X (sky130_fd_sc_hd__or2_2)
   0.3724   10.2154 v fpu_exe_unit/FPUUnit/fpu/dfma/fma/_15891_/X (sky130_fd_sc_hd__maj3_1)
   0.3778   10.5932 v fpu_exe_unit/FPUUnit/fpu/dfma/fma/_15946_/X (sky130_fd_sc_hd__maj3_1)
   0.3853   10.9785 v fpu_exe_unit/FPUUnit/fpu/dfma/fma/_16018_/X (sky130_fd_sc_hd__maj3_1)
   0.3669   11.3454 v fpu_exe_unit/FPUUnit/fpu/dfma/fma/_16084_/X (sky130_fd_sc_hd__maj3_1)
   0.3753   11.7207 v fpu_exe_unit/FPUUnit/fpu/dfma/fma/_16150_/X (sky130_fd_sc_hd__maj3_1)
   0.3716   12.0924 v fpu_exe_unit/FPUUnit/fpu/dfma/fma/_16236_/X (sky130_fd_sc_hd__maj3_1)
   0.3656   12.4580 v fpu_exe_unit/FPUUnit/fpu/dfma/fma/_16331_/X (sky130_fd_sc_hd__maj3_1)
   0.3227   12.7806 ^ fpu_exe_unit/FPUUnit/fpu/dfma/fma/_16425_/Y (sky130_fd_sc_hd__o21ai_0)
   0.1187   12.8993 v fpu_exe_unit/FPUUnit/fpu/dfma/fma/_16955_/Y (sky130_fd_sc_hd__a211oi_1)
   0.3448   13.2441 ^ fpu_exe_unit/FPUUnit/fpu/dfma/fma/_16956_/Y (sky130_fd_sc_hd__o311ai_0)
   0.1911   13.4352 v fpu_exe_unit/FPUUnit/fpu/dfma/fma/_17093_/Y (sky130_fd_sc_hd__nand4_1)
   0.3235   13.7588 ^ fpu_exe_unit/FPUUnit/fpu/dfma/fma/_17388_/Y (sky130_fd_sc_hd__a211oi_1)
   0.1962   13.9550 v fpu_exe_unit/FPUUnit/fpu/dfma/fma/_17685_/Y (sky130_fd_sc_hd__o311ai_0)
   0.2651   14.2201 ^ fpu_exe_unit/FPUUnit/fpu/dfma/fma/_17989_/Y (sky130_fd_sc_hd__a211oi_1)
   0.1397   14.3598 v fpu_exe_unit/FPUUnit/fpu/dfma/fma/_18300_/Y (sky130_fd_sc_hd__o211ai_1)
   0.4212   14.7810 ^ fpu_exe_unit/FPUUnit/fpu/dfma/fma/_19021_/Y (sky130_fd_sc_hd__a2111oi_0)
   0.2639   15.0448 v fpu_exe_unit/FPUUnit/fpu/dfma/fma/_19832_/Y (sky130_fd_sc_hd__a2111oi_0)
   0.3827   15.4275 v fpu_exe_unit/FPUUnit/fpu/dfma/fma/_21839_/X (sky130_fd_sc_hd__o31a_1)
   0.3912   15.8187 ^ fpu_exe_unit/FPUUnit/fpu/dfma/fma/_22105_/Y (sky130_fd_sc_hd__o31ai_1)
   0.2506   16.0693 ^ fpu_exe_unit/FPUUnit/fpu/dfma/fma/_22629_/X (sky130_fd_sc_hd__a31o_2)
   0.1211   16.1903 v fpu_exe_unit/FPUUnit/fpu/dfma/fma/_23185_/Y (sky130_fd_sc_hd__a31oi_1)
   0.3854   16.5758 ^ fpu_exe_unit/FPUUnit/fpu/dfma/fma/_23741_/Y (sky130_fd_sc_hd__o21ai_0)
   0.1565   16.7322 v fpu_exe_unit/FPUUnit/fpu/dfma/fma/_25946_/Y (sky130_fd_sc_hd__nand4bb_1)
   0.5684   17.3006 ^ fpu_exe_unit/FPUUnit/fpu/dfma/fma/_26630_/Y (sky130_fd_sc_hd__a2111oi_0)
   0.2241   17.5247 ^ fpu_exe_unit/FPUUnit/fpu/dfma/fma/_27617_/X (sky130_fd_sc_hd__or2_2)
   0.0690   17.5937 v fpu_exe_unit/FPUUnit/fpu/dfma/fma/_27618_/Y (sky130_fd_sc_hd__nand2_1)
   0.2645   17.8583 ^ fpu_exe_unit/FPUUnit/fpu/dfma/fma/_27809_/Y (sky130_fd_sc_hd__o21ai_0)
   0.1557   18.0140 ^ fpu_exe_unit/FPUUnit/fpu/dfma/fma/_27979_/Y (sky130_fd_sc_hd__xnor2_1)
   0.0787   18.0927 v fpu_exe_unit/FPUUnit/fpu/dfma/fma/_27981_/Y (sky130_fd_sc_hd__a21oi_1)
   0.0035   18.0962 v fpu_exe_unit/FPUUnit/fpu/dfma/fma/_31108_/D (sky130_fd_sc_hd__dfxtp_1)
            18.0962   data arrival time

  20.0000   20.0000   clock clock (rise edge)
   0.0000   20.0000   clock network delay (ideal)
   0.0000   20.0000   clock reconvergence pessimism
            20.0000 ^ fpu_exe_unit/FPUUnit/fpu/dfma/fma/_31108_/CLK (sky130_fd_sc_hd__dfxtp_1)
  -0.1345   19.8655   library setup time
            19.8655   data required time
-------------------------------------------------------------
            19.8655   data required time
           -18.0962   data arrival time
-------------------------------------------------------------
             1.7694   slack (MET)


Startpoint: fpu_exe_unit/FPUUnit/fpu/dfma/_1310_
            (rising edge-triggered flip-flop clocked by clock)
Endpoint: fpu_exe_unit/FPUUnit/fpu/dfma/fma/_31112_
          (rising edge-triggered flip-flop clocked by clock)
Path Group: clock
Path Type: max

    Delay      Time   Description
-------------------------------------------------------------
   0.0000    0.0000   clock clock (rise edge)
   0.0000    0.0000   clock network delay (ideal)
   0.0000    0.0000 ^ fpu_exe_unit/FPUUnit/fpu/dfma/_1310_/CLK (sky130_fd_sc_hd__dfxtp_1)
   0.2995    0.2995 v fpu_exe_unit/FPUUnit/fpu/dfma/_1310_/Q (sky130_fd_sc_hd__dfxtp_1)
   0.1614    0.4609 v fpu_exe_unit/FPUUnit/fpu/dfma/fma/mulAddRecFNToRaw_preMul/_1092_/Y (sky130_fd_sc_hd__xnor2_1)
   0.3226    0.7835 ^ fpu_exe_unit/FPUUnit/fpu/dfma/fma/mulAddRecFNToRaw_preMul/_1094_/Y (sky130_fd_sc_hd__o21ai_0)
   0.1761    0.9596 v fpu_exe_unit/FPUUnit/fpu/dfma/fma/mulAddRecFNToRaw_preMul/_1097_/Y (sky130_fd_sc_hd__a31oi_1)
   0.4045    1.3640 v fpu_exe_unit/FPUUnit/fpu/dfma/fma/mulAddRecFNToRaw_preMul/_1098_/X (sky130_fd_sc_hd__maj3_1)
   0.3959    1.7600 v fpu_exe_unit/FPUUnit/fpu/dfma/fma/mulAddRecFNToRaw_preMul/_1099_/X (sky130_fd_sc_hd__maj3_1)
   0.3973    2.1573 v fpu_exe_unit/FPUUnit/fpu/dfma/fma/mulAddRecFNToRaw_preMul/_1100_/X (sky130_fd_sc_hd__maj3_1)
   0.4055    2.5628 v fpu_exe_unit/FPUUnit/fpu/dfma/fma/mulAddRecFNToRaw_preMul/_1101_/X (sky130_fd_sc_hd__maj3_1)
   0.3551    2.9179 v fpu_exe_unit/FPUUnit/fpu/dfma/fma/mulAddRecFNToRaw_preMul/_1121_/X (sky130_fd_sc_hd__maj3_1)
   0.2007    3.1186 v fpu_exe_unit/FPUUnit/fpu/dfma/fma/mulAddRecFNToRaw_preMul/_1122_/X (sky130_fd_sc_hd__xor2_1)
   0.1942    3.3128 ^ fpu_exe_unit/FPUUnit/fpu/dfma/fma/mulAddRecFNToRaw_preMul/_1152_/Y (sky130_fd_sc_hd__o221ai_1)
   0.1518    3.4647 v fpu_exe_unit/FPUUnit/fpu/dfma/fma/mulAddRecFNToRaw_preMul/_1158_/Y (sky130_fd_sc_hd__a32oi_1)
   0.4189    3.8835 v fpu_exe_unit/FPUUnit/fpu/dfma/fma/mulAddRecFNToRaw_preMul/_1159_/X (sky130_fd_sc_hd__maj3_1)
   0.2588    4.1424 v fpu_exe_unit/FPUUnit/fpu/dfma/fma/mulAddRecFNToRaw_preMul/_1177_/X (sky130_fd_sc_hd__o2111a_1)
   0.1835    4.3259 v fpu_exe_unit/FPUUnit/fpu/dfma/fma/mulAddRecFNToRaw_preMul/_1178_/X (sky130_fd_sc_hd__clkbuf_1)
   0.1411    4.4670 ^ fpu_exe_unit/FPUUnit/fpu/dfma/fma/mulAddRecFNToRaw_preMul/_1203_/Y (sky130_fd_sc_hd__nand4_1)
   0.3339    4.8008 ^ fpu_exe_unit/FPUUnit/fpu/dfma/fma/mulAddRecFNToRaw_preMul/_1204_/X (sky130_fd_sc_hd__lpflow_clkbufkapwr_1)
   0.3198    5.1206 ^ fpu_exe_unit/FPUUnit/fpu/dfma/fma/mulAddRecFNToRaw_preMul/_1307_/X (sky130_fd_sc_hd__buf_2)
   0.4406    5.5612 ^ fpu_exe_unit/FPUUnit/fpu/dfma/fma/mulAddRecFNToRaw_preMul/_1308_/X (sky130_fd_sc_hd__lpflow_clkbufkapwr_1)
   0.4049    5.9661 v fpu_exe_unit/FPUUnit/fpu/dfma/fma/mulAddRecFNToRaw_preMul/_1618_/X (sky130_fd_sc_hd__mux2_2)
   0.1693    6.1354 ^ fpu_exe_unit/FPUUnit/fpu/dfma/fma/mulAddRecFNToRaw_preMul/_1760_/Y (sky130_fd_sc_hd__mux2i_1)
   0.0586    6.1940 v fpu_exe_unit/FPUUnit/fpu/dfma/fma/mulAddRecFNToRaw_preMul/_1761_/Y (sky130_fd_sc_hd__nor2_1)
   0.1499    6.3440 ^ fpu_exe_unit/FPUUnit/fpu/dfma/fma/mulAddRecFNToRaw_preMul/_1762_/Y (sky130_fd_sc_hd__a21oi_1)
   0.1072    6.4511 v fpu_exe_unit/FPUUnit/fpu/dfma/fma/mulAddRecFNToRaw_preMul/_1763_/Y (sky130_fd_sc_hd__mux2i_1)
   0.2246    6.6758 ^ fpu_exe_unit/FPUUnit/fpu/dfma/fma/mulAddRecFNToRaw_preMul/_1764_/Y (sky130_fd_sc_hd__a21oi_1)
   0.0630    6.7388 v fpu_exe_unit/FPUUnit/fpu/dfma/fma/mulAddRecFNToRaw_preMul/_1765_/Y (sky130_fd_sc_hd__nor2_1)
   0.1979    6.9367 v fpu_exe_unit/FPUUnit/fpu/dfma/fma/mulAddRecFNToRaw_preMul/_1766_/X (sky130_fd_sc_hd__o22a_1)
   0.3822    7.3188 v fpu_exe_unit/FPUUnit/fpu/dfma/fma/_15656_/X (sky130_fd_sc_hd__xnor3_1)
   0.3964    7.7153 v fpu_exe_unit/FPUUnit/fpu/dfma/fma/_15669_/X (sky130_fd_sc_hd__maj3_1)
   0.3777    8.0930 v fpu_exe_unit/FPUUnit/fpu/dfma/fma/_15690_/X (sky130_fd_sc_hd__maj3_1)
   0.3929    8.4858 v fpu_exe_unit/FPUUnit/fpu/dfma/fma/_15718_/X (sky130_fd_sc_hd__maj3_1)
   0.3979    8.8837 v fpu_exe_unit/FPUUnit/fpu/dfma/fma/_15741_/X (sky130_fd_sc_hd__xor3_1)
   0.1695    9.0532 ^ fpu_exe_unit/FPUUnit/fpu/dfma/fma/_15751_/Y (sky130_fd_sc_hd__nor2_1)
   0.2943    9.3475 ^ fpu_exe_unit/FPUUnit/fpu/dfma/fma/_15789_/X (sky130_fd_sc_hd__xor3_1)
   0.1440    9.4915 v fpu_exe_unit/FPUUnit/fpu/dfma/fma/_15790_/Y (sky130_fd_sc_hd__nand4bb_1)
   0.3515    9.8430 v fpu_exe_unit/FPUUnit/fpu/dfma/fma/_15837_/X (sky130_fd_sc_hd__or2_2)
   0.3724   10.2154 v fpu_exe_unit/FPUUnit/fpu/dfma/fma/_15891_/X (sky130_fd_sc_hd__maj3_1)
   0.3778   10.5932 v fpu_exe_unit/FPUUnit/fpu/dfma/fma/_15946_/X (sky130_fd_sc_hd__maj3_1)
   0.3853   10.9785 v fpu_exe_unit/FPUUnit/fpu/dfma/fma/_16018_/X (sky130_fd_sc_hd__maj3_1)
   0.3669   11.3454 v fpu_exe_unit/FPUUnit/fpu/dfma/fma/_16084_/X (sky130_fd_sc_hd__maj3_1)
   0.3753   11.7207 v fpu_exe_unit/FPUUnit/fpu/dfma/fma/_16150_/X (sky130_fd_sc_hd__maj3_1)
   0.3716   12.0924 v fpu_exe_unit/FPUUnit/fpu/dfma/fma/_16236_/X (sky130_fd_sc_hd__maj3_1)
   0.3656   12.4580 v fpu_exe_unit/FPUUnit/fpu/dfma/fma/_16331_/X (sky130_fd_sc_hd__maj3_1)
   0.3227   12.7806 ^ fpu_exe_unit/FPUUnit/fpu/dfma/fma/_16425_/Y (sky130_fd_sc_hd__o21ai_0)
   0.1187   12.8993 v fpu_exe_unit/FPUUnit/fpu/dfma/fma/_16955_/Y (sky130_fd_sc_hd__a211oi_1)
   0.3448   13.2441 ^ fpu_exe_unit/FPUUnit/fpu/dfma/fma/_16956_/Y (sky130_fd_sc_hd__o311ai_0)
   0.1911   13.4352 v fpu_exe_unit/FPUUnit/fpu/dfma/fma/_17093_/Y (sky130_fd_sc_hd__nand4_1)
   0.3235   13.7588 ^ fpu_exe_unit/FPUUnit/fpu/dfma/fma/_17388_/Y (sky130_fd_sc_hd__a211oi_1)
   0.1962   13.9550 v fpu_exe_unit/FPUUnit/fpu/dfma/fma/_17685_/Y (sky130_fd_sc_hd__o311ai_0)
   0.2651   14.2201 ^ fpu_exe_unit/FPUUnit/fpu/dfma/fma/_17989_/Y (sky130_fd_sc_hd__a211oi_1)
   0.1397   14.3598 v fpu_exe_unit/FPUUnit/fpu/dfma/fma/_18300_/Y (sky130_fd_sc_hd__o211ai_1)
   0.4212   14.7810 ^ fpu_exe_unit/FPUUnit/fpu/dfma/fma/_19021_/Y (sky130_fd_sc_hd__a2111oi_0)
   0.2639   15.0448 v fpu_exe_unit/FPUUnit/fpu/dfma/fma/_19832_/Y (sky130_fd_sc_hd__a2111oi_0)
   0.3827   15.4275 v fpu_exe_unit/FPUUnit/fpu/dfma/fma/_21839_/X (sky130_fd_sc_hd__o31a_1)
   0.3912   15.8187 ^ fpu_exe_unit/FPUUnit/fpu/dfma/fma/_22105_/Y (sky130_fd_sc_hd__o31ai_1)
   0.2506   16.0693 ^ fpu_exe_unit/FPUUnit/fpu/dfma/fma/_22629_/X (sky130_fd_sc_hd__a31o_2)
   0.1211   16.1903 v fpu_exe_unit/FPUUnit/fpu/dfma/fma/_23185_/Y (sky130_fd_sc_hd__a31oi_1)
   0.3854   16.5758 ^ fpu_exe_unit/FPUUnit/fpu/dfma/fma/_23741_/Y (sky130_fd_sc_hd__o21ai_0)
   0.1565   16.7322 v fpu_exe_unit/FPUUnit/fpu/dfma/fma/_25946_/Y (sky130_fd_sc_hd__nand4bb_1)
   0.5684   17.3006 ^ fpu_exe_unit/FPUUnit/fpu/dfma/fma/_26630_/Y (sky130_fd_sc_hd__a2111oi_0)
   0.2519   17.5525 v fpu_exe_unit/FPUUnit/fpu/dfma/fma/_28157_/Y (sky130_fd_sc_hd__o2111ai_1)
   0.1804   17.7329 ^ fpu_exe_unit/FPUUnit/fpu/dfma/fma/_28158_/Y (sky130_fd_sc_hd__nand3_1)
   0.1037   17.8366 v fpu_exe_unit/FPUUnit/fpu/dfma/fma/_28472_/Y (sky130_fd_sc_hd__a21oi_1)
   0.1594   17.9960 ^ fpu_exe_unit/FPUUnit/fpu/dfma/fma/_28617_/Y (sky130_fd_sc_hd__xnor2_1)
   0.0787   18.0746 v fpu_exe_unit/FPUUnit/fpu/dfma/fma/_28619_/Y (sky130_fd_sc_hd__a21oi_1)
   0.0035   18.0781 v fpu_exe_unit/FPUUnit/fpu/dfma/fma/_31112_/D (sky130_fd_sc_hd__dfxtp_1)
            18.0781   data arrival time

  20.0000   20.0000   clock clock (rise edge)
   0.0000   20.0000   clock network delay (ideal)
   0.0000   20.0000   clock reconvergence pessimism
            20.0000 ^ fpu_exe_unit/FPUUnit/fpu/dfma/fma/_31112_/CLK (sky130_fd_sc_hd__dfxtp_1)
  -0.1345   19.8655   library setup time
            19.8655   data required time
-------------------------------------------------------------
            19.8655   data required time
           -18.0781   data arrival time
-------------------------------------------------------------
             1.7874   slack (MET)


Startpoint: fpu_exe_unit/FPUUnit/fpu/dfma/_1310_
            (rising edge-triggered flip-flop clocked by clock)
Endpoint: fpu_exe_unit/FPUUnit/fpu/dfma/fma/_31114_
          (rising edge-triggered flip-flop clocked by clock)
Path Group: clock
Path Type: max

    Delay      Time   Description
-------------------------------------------------------------
   0.0000    0.0000   clock clock (rise edge)
   0.0000    0.0000   clock network delay (ideal)
   0.0000    0.0000 ^ fpu_exe_unit/FPUUnit/fpu/dfma/_1310_/CLK (sky130_fd_sc_hd__dfxtp_1)
   0.2995    0.2995 v fpu_exe_unit/FPUUnit/fpu/dfma/_1310_/Q (sky130_fd_sc_hd__dfxtp_1)
   0.1614    0.4609 v fpu_exe_unit/FPUUnit/fpu/dfma/fma/mulAddRecFNToRaw_preMul/_1092_/Y (sky130_fd_sc_hd__xnor2_1)
   0.3226    0.7835 ^ fpu_exe_unit/FPUUnit/fpu/dfma/fma/mulAddRecFNToRaw_preMul/_1094_/Y (sky130_fd_sc_hd__o21ai_0)
   0.1761    0.9596 v fpu_exe_unit/FPUUnit/fpu/dfma/fma/mulAddRecFNToRaw_preMul/_1097_/Y (sky130_fd_sc_hd__a31oi_1)
   0.4045    1.3640 v fpu_exe_unit/FPUUnit/fpu/dfma/fma/mulAddRecFNToRaw_preMul/_1098_/X (sky130_fd_sc_hd__maj3_1)
   0.3959    1.7600 v fpu_exe_unit/FPUUnit/fpu/dfma/fma/mulAddRecFNToRaw_preMul/_1099_/X (sky130_fd_sc_hd__maj3_1)
   0.3973    2.1573 v fpu_exe_unit/FPUUnit/fpu/dfma/fma/mulAddRecFNToRaw_preMul/_1100_/X (sky130_fd_sc_hd__maj3_1)
   0.4055    2.5628 v fpu_exe_unit/FPUUnit/fpu/dfma/fma/mulAddRecFNToRaw_preMul/_1101_/X (sky130_fd_sc_hd__maj3_1)
   0.3551    2.9179 v fpu_exe_unit/FPUUnit/fpu/dfma/fma/mulAddRecFNToRaw_preMul/_1121_/X (sky130_fd_sc_hd__maj3_1)
   0.2007    3.1186 v fpu_exe_unit/FPUUnit/fpu/dfma/fma/mulAddRecFNToRaw_preMul/_1122_/X (sky130_fd_sc_hd__xor2_1)
   0.1942    3.3128 ^ fpu_exe_unit/FPUUnit/fpu/dfma/fma/mulAddRecFNToRaw_preMul/_1152_/Y (sky130_fd_sc_hd__o221ai_1)
   0.1518    3.4647 v fpu_exe_unit/FPUUnit/fpu/dfma/fma/mulAddRecFNToRaw_preMul/_1158_/Y (sky130_fd_sc_hd__a32oi_1)
   0.4189    3.8835 v fpu_exe_unit/FPUUnit/fpu/dfma/fma/mulAddRecFNToRaw_preMul/_1159_/X (sky130_fd_sc_hd__maj3_1)
   0.2588    4.1424 v fpu_exe_unit/FPUUnit/fpu/dfma/fma/mulAddRecFNToRaw_preMul/_1177_/X (sky130_fd_sc_hd__o2111a_1)
   0.1835    4.3259 v fpu_exe_unit/FPUUnit/fpu/dfma/fma/mulAddRecFNToRaw_preMul/_1178_/X (sky130_fd_sc_hd__clkbuf_1)
   0.1411    4.4670 ^ fpu_exe_unit/FPUUnit/fpu/dfma/fma/mulAddRecFNToRaw_preMul/_1203_/Y (sky130_fd_sc_hd__nand4_1)
   0.3339    4.8008 ^ fpu_exe_unit/FPUUnit/fpu/dfma/fma/mulAddRecFNToRaw_preMul/_1204_/X (sky130_fd_sc_hd__lpflow_clkbufkapwr_1)
   0.3198    5.1206 ^ fpu_exe_unit/FPUUnit/fpu/dfma/fma/mulAddRecFNToRaw_preMul/_1307_/X (sky130_fd_sc_hd__buf_2)
   0.4406    5.5612 ^ fpu_exe_unit/FPUUnit/fpu/dfma/fma/mulAddRecFNToRaw_preMul/_1308_/X (sky130_fd_sc_hd__lpflow_clkbufkapwr_1)
   0.4049    5.9661 v fpu_exe_unit/FPUUnit/fpu/dfma/fma/mulAddRecFNToRaw_preMul/_1618_/X (sky130_fd_sc_hd__mux2_2)
   0.1693    6.1354 ^ fpu_exe_unit/FPUUnit/fpu/dfma/fma/mulAddRecFNToRaw_preMul/_1760_/Y (sky130_fd_sc_hd__mux2i_1)
   0.0586    6.1940 v fpu_exe_unit/FPUUnit/fpu/dfma/fma/mulAddRecFNToRaw_preMul/_1761_/Y (sky130_fd_sc_hd__nor2_1)
   0.1499    6.3440 ^ fpu_exe_unit/FPUUnit/fpu/dfma/fma/mulAddRecFNToRaw_preMul/_1762_/Y (sky130_fd_sc_hd__a21oi_1)
   0.1072    6.4511 v fpu_exe_unit/FPUUnit/fpu/dfma/fma/mulAddRecFNToRaw_preMul/_1763_/Y (sky130_fd_sc_hd__mux2i_1)
   0.2246    6.6758 ^ fpu_exe_unit/FPUUnit/fpu/dfma/fma/mulAddRecFNToRaw_preMul/_1764_/Y (sky130_fd_sc_hd__a21oi_1)
   0.0630    6.7388 v fpu_exe_unit/FPUUnit/fpu/dfma/fma/mulAddRecFNToRaw_preMul/_1765_/Y (sky130_fd_sc_hd__nor2_1)
   0.1979    6.9367 v fpu_exe_unit/FPUUnit/fpu/dfma/fma/mulAddRecFNToRaw_preMul/_1766_/X (sky130_fd_sc_hd__o22a_1)
   0.3822    7.3188 v fpu_exe_unit/FPUUnit/fpu/dfma/fma/_15656_/X (sky130_fd_sc_hd__xnor3_1)
   0.3964    7.7153 v fpu_exe_unit/FPUUnit/fpu/dfma/fma/_15669_/X (sky130_fd_sc_hd__maj3_1)
   0.3777    8.0930 v fpu_exe_unit/FPUUnit/fpu/dfma/fma/_15690_/X (sky130_fd_sc_hd__maj3_1)
   0.3929    8.4858 v fpu_exe_unit/FPUUnit/fpu/dfma/fma/_15718_/X (sky130_fd_sc_hd__maj3_1)
   0.3979    8.8837 v fpu_exe_unit/FPUUnit/fpu/dfma/fma/_15741_/X (sky130_fd_sc_hd__xor3_1)
   0.1695    9.0532 ^ fpu_exe_unit/FPUUnit/fpu/dfma/fma/_15751_/Y (sky130_fd_sc_hd__nor2_1)
   0.2943    9.3475 ^ fpu_exe_unit/FPUUnit/fpu/dfma/fma/_15789_/X (sky130_fd_sc_hd__xor3_1)
   0.1440    9.4915 v fpu_exe_unit/FPUUnit/fpu/dfma/fma/_15790_/Y (sky130_fd_sc_hd__nand4bb_1)
   0.3515    9.8430 v fpu_exe_unit/FPUUnit/fpu/dfma/fma/_15837_/X (sky130_fd_sc_hd__or2_2)
   0.3724   10.2154 v fpu_exe_unit/FPUUnit/fpu/dfma/fma/_15891_/X (sky130_fd_sc_hd__maj3_1)
   0.3778   10.5932 v fpu_exe_unit/FPUUnit/fpu/dfma/fma/_15946_/X (sky130_fd_sc_hd__maj3_1)
   0.3853   10.9785 v fpu_exe_unit/FPUUnit/fpu/dfma/fma/_16018_/X (sky130_fd_sc_hd__maj3_1)
   0.3669   11.3454 v fpu_exe_unit/FPUUnit/fpu/dfma/fma/_16084_/X (sky130_fd_sc_hd__maj3_1)
   0.3753   11.7207 v fpu_exe_unit/FPUUnit/fpu/dfma/fma/_16150_/X (sky130_fd_sc_hd__maj3_1)
   0.3716   12.0924 v fpu_exe_unit/FPUUnit/fpu/dfma/fma/_16236_/X (sky130_fd_sc_hd__maj3_1)
   0.3656   12.4580 v fpu_exe_unit/FPUUnit/fpu/dfma/fma/_16331_/X (sky130_fd_sc_hd__maj3_1)
   0.3227   12.7806 ^ fpu_exe_unit/FPUUnit/fpu/dfma/fma/_16425_/Y (sky130_fd_sc_hd__o21ai_0)
   0.1187   12.8993 v fpu_exe_unit/FPUUnit/fpu/dfma/fma/_16955_/Y (sky130_fd_sc_hd__a211oi_1)
   0.3448   13.2441 ^ fpu_exe_unit/FPUUnit/fpu/dfma/fma/_16956_/Y (sky130_fd_sc_hd__o311ai_0)
   0.1911   13.4352 v fpu_exe_unit/FPUUnit/fpu/dfma/fma/_17093_/Y (sky130_fd_sc_hd__nand4_1)
   0.3235   13.7588 ^ fpu_exe_unit/FPUUnit/fpu/dfma/fma/_17388_/Y (sky130_fd_sc_hd__a211oi_1)
   0.1962   13.9550 v fpu_exe_unit/FPUUnit/fpu/dfma/fma/_17685_/Y (sky130_fd_sc_hd__o311ai_0)
   0.2651   14.2201 ^ fpu_exe_unit/FPUUnit/fpu/dfma/fma/_17989_/Y (sky130_fd_sc_hd__a211oi_1)
   0.1397   14.3598 v fpu_exe_unit/FPUUnit/fpu/dfma/fma/_18300_/Y (sky130_fd_sc_hd__o211ai_1)
   0.4212   14.7810 ^ fpu_exe_unit/FPUUnit/fpu/dfma/fma/_19021_/Y (sky130_fd_sc_hd__a2111oi_0)
   0.2639   15.0448 v fpu_exe_unit/FPUUnit/fpu/dfma/fma/_19832_/Y (sky130_fd_sc_hd__a2111oi_0)
   0.3827   15.4275 v fpu_exe_unit/FPUUnit/fpu/dfma/fma/_21839_/X (sky130_fd_sc_hd__o31a_1)
   0.3912   15.8187 ^ fpu_exe_unit/FPUUnit/fpu/dfma/fma/_22105_/Y (sky130_fd_sc_hd__o31ai_1)
   0.2506   16.0693 ^ fpu_exe_unit/FPUUnit/fpu/dfma/fma/_22629_/X (sky130_fd_sc_hd__a31o_2)
   0.1211   16.1903 v fpu_exe_unit/FPUUnit/fpu/dfma/fma/_23185_/Y (sky130_fd_sc_hd__a31oi_1)
   0.3854   16.5758 ^ fpu_exe_unit/FPUUnit/fpu/dfma/fma/_23741_/Y (sky130_fd_sc_hd__o21ai_0)
   0.1565   16.7322 v fpu_exe_unit/FPUUnit/fpu/dfma/fma/_25946_/Y (sky130_fd_sc_hd__nand4bb_1)
   0.5684   17.3006 ^ fpu_exe_unit/FPUUnit/fpu/dfma/fma/_26630_/Y (sky130_fd_sc_hd__a2111oi_0)
   0.2519   17.5525 v fpu_exe_unit/FPUUnit/fpu/dfma/fma/_28157_/Y (sky130_fd_sc_hd__o2111ai_1)
   0.2531   17.8056 v fpu_exe_unit/FPUUnit/fpu/dfma/fma/_28918_/X (sky130_fd_sc_hd__a22o_1)
   0.1179   17.9235 ^ fpu_exe_unit/FPUUnit/fpu/dfma/fma/_28919_/Y (sky130_fd_sc_hd__nor2_1)
   0.0814   18.0049 v fpu_exe_unit/FPUUnit/fpu/dfma/fma/_28922_/Y (sky130_fd_sc_hd__o2bb2ai_1)
   0.0035   18.0084 v fpu_exe_unit/FPUUnit/fpu/dfma/fma/_31114_/D (sky130_fd_sc_hd__dfxtp_1)
            18.0084   data arrival time

  20.0000   20.0000   clock clock (rise edge)
   0.0000   20.0000   clock network delay (ideal)
   0.0000   20.0000   clock reconvergence pessimism
            20.0000 ^ fpu_exe_unit/FPUUnit/fpu/dfma/fma/_31114_/CLK (sky130_fd_sc_hd__dfxtp_1)
  -0.1197   19.8803   library setup time
            19.8803   data required time
-------------------------------------------------------------
            19.8803   data required time
           -18.0084   data arrival time
-------------------------------------------------------------
             1.8719   slack (MET)


Startpoint: fpu_exe_unit/FPUUnit/fpu/dfma/_1310_
            (rising edge-triggered flip-flop clocked by clock)
Endpoint: fpu_exe_unit/FPUUnit/fpu/dfma/fma/_31104_
          (rising edge-triggered flip-flop clocked by clock)
Path Group: clock
Path Type: max

    Delay      Time   Description
-------------------------------------------------------------
   0.0000    0.0000   clock clock (rise edge)
   0.0000    0.0000   clock network delay (ideal)
   0.0000    0.0000 ^ fpu_exe_unit/FPUUnit/fpu/dfma/_1310_/CLK (sky130_fd_sc_hd__dfxtp_1)
   0.2995    0.2995 v fpu_exe_unit/FPUUnit/fpu/dfma/_1310_/Q (sky130_fd_sc_hd__dfxtp_1)
   0.1614    0.4609 v fpu_exe_unit/FPUUnit/fpu/dfma/fma/mulAddRecFNToRaw_preMul/_1092_/Y (sky130_fd_sc_hd__xnor2_1)
   0.3226    0.7835 ^ fpu_exe_unit/FPUUnit/fpu/dfma/fma/mulAddRecFNToRaw_preMul/_1094_/Y (sky130_fd_sc_hd__o21ai_0)
   0.1761    0.9596 v fpu_exe_unit/FPUUnit/fpu/dfma/fma/mulAddRecFNToRaw_preMul/_1097_/Y (sky130_fd_sc_hd__a31oi_1)
   0.4045    1.3640 v fpu_exe_unit/FPUUnit/fpu/dfma/fma/mulAddRecFNToRaw_preMul/_1098_/X (sky130_fd_sc_hd__maj3_1)
   0.3959    1.7600 v fpu_exe_unit/FPUUnit/fpu/dfma/fma/mulAddRecFNToRaw_preMul/_1099_/X (sky130_fd_sc_hd__maj3_1)
   0.3973    2.1573 v fpu_exe_unit/FPUUnit/fpu/dfma/fma/mulAddRecFNToRaw_preMul/_1100_/X (sky130_fd_sc_hd__maj3_1)
   0.4055    2.5628 v fpu_exe_unit/FPUUnit/fpu/dfma/fma/mulAddRecFNToRaw_preMul/_1101_/X (sky130_fd_sc_hd__maj3_1)
   0.3551    2.9179 v fpu_exe_unit/FPUUnit/fpu/dfma/fma/mulAddRecFNToRaw_preMul/_1121_/X (sky130_fd_sc_hd__maj3_1)
   0.2007    3.1186 v fpu_exe_unit/FPUUnit/fpu/dfma/fma/mulAddRecFNToRaw_preMul/_1122_/X (sky130_fd_sc_hd__xor2_1)
   0.1942    3.3128 ^ fpu_exe_unit/FPUUnit/fpu/dfma/fma/mulAddRecFNToRaw_preMul/_1152_/Y (sky130_fd_sc_hd__o221ai_1)
   0.1518    3.4647 v fpu_exe_unit/FPUUnit/fpu/dfma/fma/mulAddRecFNToRaw_preMul/_1158_/Y (sky130_fd_sc_hd__a32oi_1)
   0.4189    3.8835 v fpu_exe_unit/FPUUnit/fpu/dfma/fma/mulAddRecFNToRaw_preMul/_1159_/X (sky130_fd_sc_hd__maj3_1)
   0.2588    4.1424 v fpu_exe_unit/FPUUnit/fpu/dfma/fma/mulAddRecFNToRaw_preMul/_1177_/X (sky130_fd_sc_hd__o2111a_1)
   0.1835    4.3259 v fpu_exe_unit/FPUUnit/fpu/dfma/fma/mulAddRecFNToRaw_preMul/_1178_/X (sky130_fd_sc_hd__clkbuf_1)
   0.1411    4.4670 ^ fpu_exe_unit/FPUUnit/fpu/dfma/fma/mulAddRecFNToRaw_preMul/_1203_/Y (sky130_fd_sc_hd__nand4_1)
   0.3339    4.8008 ^ fpu_exe_unit/FPUUnit/fpu/dfma/fma/mulAddRecFNToRaw_preMul/_1204_/X (sky130_fd_sc_hd__lpflow_clkbufkapwr_1)
   0.3198    5.1206 ^ fpu_exe_unit/FPUUnit/fpu/dfma/fma/mulAddRecFNToRaw_preMul/_1307_/X (sky130_fd_sc_hd__buf_2)
   0.4406    5.5612 ^ fpu_exe_unit/FPUUnit/fpu/dfma/fma/mulAddRecFNToRaw_preMul/_1308_/X (sky130_fd_sc_hd__lpflow_clkbufkapwr_1)
   0.4049    5.9661 v fpu_exe_unit/FPUUnit/fpu/dfma/fma/mulAddRecFNToRaw_preMul/_1618_/X (sky130_fd_sc_hd__mux2_2)
   0.1693    6.1354 ^ fpu_exe_unit/FPUUnit/fpu/dfma/fma/mulAddRecFNToRaw_preMul/_1760_/Y (sky130_fd_sc_hd__mux2i_1)
   0.0586    6.1940 v fpu_exe_unit/FPUUnit/fpu/dfma/fma/mulAddRecFNToRaw_preMul/_1761_/Y (sky130_fd_sc_hd__nor2_1)
   0.1499    6.3440 ^ fpu_exe_unit/FPUUnit/fpu/dfma/fma/mulAddRecFNToRaw_preMul/_1762_/Y (sky130_fd_sc_hd__a21oi_1)
   0.1072    6.4511 v fpu_exe_unit/FPUUnit/fpu/dfma/fma/mulAddRecFNToRaw_preMul/_1763_/Y (sky130_fd_sc_hd__mux2i_1)
   0.2246    6.6758 ^ fpu_exe_unit/FPUUnit/fpu/dfma/fma/mulAddRecFNToRaw_preMul/_1764_/Y (sky130_fd_sc_hd__a21oi_1)
   0.0630    6.7388 v fpu_exe_unit/FPUUnit/fpu/dfma/fma/mulAddRecFNToRaw_preMul/_1765_/Y (sky130_fd_sc_hd__nor2_1)
   0.1979    6.9367 v fpu_exe_unit/FPUUnit/fpu/dfma/fma/mulAddRecFNToRaw_preMul/_1766_/X (sky130_fd_sc_hd__o22a_1)
   0.3822    7.3188 v fpu_exe_unit/FPUUnit/fpu/dfma/fma/_15656_/X (sky130_fd_sc_hd__xnor3_1)
   0.3964    7.7153 v fpu_exe_unit/FPUUnit/fpu/dfma/fma/_15669_/X (sky130_fd_sc_hd__maj3_1)
   0.3777    8.0930 v fpu_exe_unit/FPUUnit/fpu/dfma/fma/_15690_/X (sky130_fd_sc_hd__maj3_1)
   0.3929    8.4858 v fpu_exe_unit/FPUUnit/fpu/dfma/fma/_15718_/X (sky130_fd_sc_hd__maj3_1)
   0.3979    8.8837 v fpu_exe_unit/FPUUnit/fpu/dfma/fma/_15741_/X (sky130_fd_sc_hd__xor3_1)
   0.1695    9.0532 ^ fpu_exe_unit/FPUUnit/fpu/dfma/fma/_15751_/Y (sky130_fd_sc_hd__nor2_1)
   0.2943    9.3475 ^ fpu_exe_unit/FPUUnit/fpu/dfma/fma/_15789_/X (sky130_fd_sc_hd__xor3_1)
   0.1440    9.4915 v fpu_exe_unit/FPUUnit/fpu/dfma/fma/_15790_/Y (sky130_fd_sc_hd__nand4bb_1)
   0.3515    9.8430 v fpu_exe_unit/FPUUnit/fpu/dfma/fma/_15837_/X (sky130_fd_sc_hd__or2_2)
   0.3724   10.2154 v fpu_exe_unit/FPUUnit/fpu/dfma/fma/_15891_/X (sky130_fd_sc_hd__maj3_1)
   0.3778   10.5932 v fpu_exe_unit/FPUUnit/fpu/dfma/fma/_15946_/X (sky130_fd_sc_hd__maj3_1)
   0.3853   10.9785 v fpu_exe_unit/FPUUnit/fpu/dfma/fma/_16018_/X (sky130_fd_sc_hd__maj3_1)
   0.3669   11.3454 v fpu_exe_unit/FPUUnit/fpu/dfma/fma/_16084_/X (sky130_fd_sc_hd__maj3_1)
   0.3753   11.7207 v fpu_exe_unit/FPUUnit/fpu/dfma/fma/_16150_/X (sky130_fd_sc_hd__maj3_1)
   0.3716   12.0924 v fpu_exe_unit/FPUUnit/fpu/dfma/fma/_16236_/X (sky130_fd_sc_hd__maj3_1)
   0.3656   12.4580 v fpu_exe_unit/FPUUnit/fpu/dfma/fma/_16331_/X (sky130_fd_sc_hd__maj3_1)
   0.3227   12.7806 ^ fpu_exe_unit/FPUUnit/fpu/dfma/fma/_16425_/Y (sky130_fd_sc_hd__o21ai_0)
   0.1187   12.8993 v fpu_exe_unit/FPUUnit/fpu/dfma/fma/_16955_/Y (sky130_fd_sc_hd__a211oi_1)
   0.3448   13.2441 ^ fpu_exe_unit/FPUUnit/fpu/dfma/fma/_16956_/Y (sky130_fd_sc_hd__o311ai_0)
   0.1911   13.4352 v fpu_exe_unit/FPUUnit/fpu/dfma/fma/_17093_/Y (sky130_fd_sc_hd__nand4_1)
   0.3235   13.7588 ^ fpu_exe_unit/FPUUnit/fpu/dfma/fma/_17388_/Y (sky130_fd_sc_hd__a211oi_1)
   0.1962   13.9550 v fpu_exe_unit/FPUUnit/fpu/dfma/fma/_17685_/Y (sky130_fd_sc_hd__o311ai_0)
   0.2651   14.2201 ^ fpu_exe_unit/FPUUnit/fpu/dfma/fma/_17989_/Y (sky130_fd_sc_hd__a211oi_1)
   0.1397   14.3598 v fpu_exe_unit/FPUUnit/fpu/dfma/fma/_18300_/Y (sky130_fd_sc_hd__o211ai_1)
   0.4212   14.7810 ^ fpu_exe_unit/FPUUnit/fpu/dfma/fma/_19021_/Y (sky130_fd_sc_hd__a2111oi_0)
   0.2639   15.0448 v fpu_exe_unit/FPUUnit/fpu/dfma/fma/_19832_/Y (sky130_fd_sc_hd__a2111oi_0)
   0.3827   15.4275 v fpu_exe_unit/FPUUnit/fpu/dfma/fma/_21839_/X (sky130_fd_sc_hd__o31a_1)
   0.3912   15.8187 ^ fpu_exe_unit/FPUUnit/fpu/dfma/fma/_22105_/Y (sky130_fd_sc_hd__o31ai_1)
   0.2506   16.0693 ^ fpu_exe_unit/FPUUnit/fpu/dfma/fma/_22629_/X (sky130_fd_sc_hd__a31o_2)
   0.1211   16.1903 v fpu_exe_unit/FPUUnit/fpu/dfma/fma/_23185_/Y (sky130_fd_sc_hd__a31oi_1)
   0.3854   16.5758 ^ fpu_exe_unit/FPUUnit/fpu/dfma/fma/_23741_/Y (sky130_fd_sc_hd__o21ai_0)
   0.1565   16.7322 v fpu_exe_unit/FPUUnit/fpu/dfma/fma/_25946_/Y (sky130_fd_sc_hd__nand4bb_1)
   0.5684   17.3006 ^ fpu_exe_unit/FPUUnit/fpu/dfma/fma/_26630_/Y (sky130_fd_sc_hd__a2111oi_0)
   0.1687   17.4694 v fpu_exe_unit/FPUUnit/fpu/dfma/fma/_26633_/Y (sky130_fd_sc_hd__nor2_1)
   0.2861   17.7555 ^ fpu_exe_unit/FPUUnit/fpu/dfma/fma/_27050_/Y (sky130_fd_sc_hd__o21ai_0)
   0.1555   17.9110 ^ fpu_exe_unit/FPUUnit/fpu/dfma/fma/_27240_/Y (sky130_fd_sc_hd__xnor2_1)
   0.0787   17.9897 v fpu_exe_unit/FPUUnit/fpu/dfma/fma/_27242_/Y (sky130_fd_sc_hd__a21oi_1)
   0.0035   17.9932 v fpu_exe_unit/FPUUnit/fpu/dfma/fma/_31104_/D (sky130_fd_sc_hd__dfxtp_1)
            17.9932   data arrival time

  20.0000   20.0000   clock clock (rise edge)
   0.0000   20.0000   clock network delay (ideal)
   0.0000   20.0000   clock reconvergence pessimism
            20.0000 ^ fpu_exe_unit/FPUUnit/fpu/dfma/fma/_31104_/CLK (sky130_fd_sc_hd__dfxtp_1)
  -0.1345   19.8655   library setup time
            19.8655   data required time
-------------------------------------------------------------
            19.8655   data required time
           -17.9932   data arrival time
-------------------------------------------------------------
             1.8724   slack (MET)


Startpoint: fpu_exe_unit/FPUUnit/fpu/dfma/_1310_
            (rising edge-triggered flip-flop clocked by clock)
Endpoint: fpu_exe_unit/FPUUnit/fpu/dfma/fma/_31110_
          (rising edge-triggered flip-flop clocked by clock)
Path Group: clock
Path Type: max

    Delay      Time   Description
-------------------------------------------------------------
   0.0000    0.0000   clock clock (rise edge)
   0.0000    0.0000   clock network delay (ideal)
   0.0000    0.0000 ^ fpu_exe_unit/FPUUnit/fpu/dfma/_1310_/CLK (sky130_fd_sc_hd__dfxtp_1)
   0.2995    0.2995 v fpu_exe_unit/FPUUnit/fpu/dfma/_1310_/Q (sky130_fd_sc_hd__dfxtp_1)
   0.1614    0.4609 v fpu_exe_unit/FPUUnit/fpu/dfma/fma/mulAddRecFNToRaw_preMul/_1092_/Y (sky130_fd_sc_hd__xnor2_1)
   0.3226    0.7835 ^ fpu_exe_unit/FPUUnit/fpu/dfma/fma/mulAddRecFNToRaw_preMul/_1094_/Y (sky130_fd_sc_hd__o21ai_0)
   0.1761    0.9596 v fpu_exe_unit/FPUUnit/fpu/dfma/fma/mulAddRecFNToRaw_preMul/_1097_/Y (sky130_fd_sc_hd__a31oi_1)
   0.4045    1.3640 v fpu_exe_unit/FPUUnit/fpu/dfma/fma/mulAddRecFNToRaw_preMul/_1098_/X (sky130_fd_sc_hd__maj3_1)
   0.3959    1.7600 v fpu_exe_unit/FPUUnit/fpu/dfma/fma/mulAddRecFNToRaw_preMul/_1099_/X (sky130_fd_sc_hd__maj3_1)
   0.3973    2.1573 v fpu_exe_unit/FPUUnit/fpu/dfma/fma/mulAddRecFNToRaw_preMul/_1100_/X (sky130_fd_sc_hd__maj3_1)
   0.4055    2.5628 v fpu_exe_unit/FPUUnit/fpu/dfma/fma/mulAddRecFNToRaw_preMul/_1101_/X (sky130_fd_sc_hd__maj3_1)
   0.3551    2.9179 v fpu_exe_unit/FPUUnit/fpu/dfma/fma/mulAddRecFNToRaw_preMul/_1121_/X (sky130_fd_sc_hd__maj3_1)
   0.2007    3.1186 v fpu_exe_unit/FPUUnit/fpu/dfma/fma/mulAddRecFNToRaw_preMul/_1122_/X (sky130_fd_sc_hd__xor2_1)
   0.1942    3.3128 ^ fpu_exe_unit/FPUUnit/fpu/dfma/fma/mulAddRecFNToRaw_preMul/_1152_/Y (sky130_fd_sc_hd__o221ai_1)
   0.1518    3.4647 v fpu_exe_unit/FPUUnit/fpu/dfma/fma/mulAddRecFNToRaw_preMul/_1158_/Y (sky130_fd_sc_hd__a32oi_1)
   0.4189    3.8835 v fpu_exe_unit/FPUUnit/fpu/dfma/fma/mulAddRecFNToRaw_preMul/_1159_/X (sky130_fd_sc_hd__maj3_1)
   0.2588    4.1424 v fpu_exe_unit/FPUUnit/fpu/dfma/fma/mulAddRecFNToRaw_preMul/_1177_/X (sky130_fd_sc_hd__o2111a_1)
   0.1835    4.3259 v fpu_exe_unit/FPUUnit/fpu/dfma/fma/mulAddRecFNToRaw_preMul/_1178_/X (sky130_fd_sc_hd__clkbuf_1)
   0.1411    4.4670 ^ fpu_exe_unit/FPUUnit/fpu/dfma/fma/mulAddRecFNToRaw_preMul/_1203_/Y (sky130_fd_sc_hd__nand4_1)
   0.3339    4.8008 ^ fpu_exe_unit/FPUUnit/fpu/dfma/fma/mulAddRecFNToRaw_preMul/_1204_/X (sky130_fd_sc_hd__lpflow_clkbufkapwr_1)
   0.3198    5.1206 ^ fpu_exe_unit/FPUUnit/fpu/dfma/fma/mulAddRecFNToRaw_preMul/_1307_/X (sky130_fd_sc_hd__buf_2)
   0.4406    5.5612 ^ fpu_exe_unit/FPUUnit/fpu/dfma/fma/mulAddRecFNToRaw_preMul/_1308_/X (sky130_fd_sc_hd__lpflow_clkbufkapwr_1)
   0.4049    5.9661 v fpu_exe_unit/FPUUnit/fpu/dfma/fma/mulAddRecFNToRaw_preMul/_1618_/X (sky130_fd_sc_hd__mux2_2)
   0.1693    6.1354 ^ fpu_exe_unit/FPUUnit/fpu/dfma/fma/mulAddRecFNToRaw_preMul/_1760_/Y (sky130_fd_sc_hd__mux2i_1)
   0.0586    6.1940 v fpu_exe_unit/FPUUnit/fpu/dfma/fma/mulAddRecFNToRaw_preMul/_1761_/Y (sky130_fd_sc_hd__nor2_1)
   0.1499    6.3440 ^ fpu_exe_unit/FPUUnit/fpu/dfma/fma/mulAddRecFNToRaw_preMul/_1762_/Y (sky130_fd_sc_hd__a21oi_1)
   0.1072    6.4511 v fpu_exe_unit/FPUUnit/fpu/dfma/fma/mulAddRecFNToRaw_preMul/_1763_/Y (sky130_fd_sc_hd__mux2i_1)
   0.2246    6.6758 ^ fpu_exe_unit/FPUUnit/fpu/dfma/fma/mulAddRecFNToRaw_preMul/_1764_/Y (sky130_fd_sc_hd__a21oi_1)
   0.0630    6.7388 v fpu_exe_unit/FPUUnit/fpu/dfma/fma/mulAddRecFNToRaw_preMul/_1765_/Y (sky130_fd_sc_hd__nor2_1)
   0.1979    6.9367 v fpu_exe_unit/FPUUnit/fpu/dfma/fma/mulAddRecFNToRaw_preMul/_1766_/X (sky130_fd_sc_hd__o22a_1)
   0.3822    7.3188 v fpu_exe_unit/FPUUnit/fpu/dfma/fma/_15656_/X (sky130_fd_sc_hd__xnor3_1)
   0.3964    7.7153 v fpu_exe_unit/FPUUnit/fpu/dfma/fma/_15669_/X (sky130_fd_sc_hd__maj3_1)
   0.3777    8.0930 v fpu_exe_unit/FPUUnit/fpu/dfma/fma/_15690_/X (sky130_fd_sc_hd__maj3_1)
   0.3929    8.4858 v fpu_exe_unit/FPUUnit/fpu/dfma/fma/_15718_/X (sky130_fd_sc_hd__maj3_1)
   0.3979    8.8837 v fpu_exe_unit/FPUUnit/fpu/dfma/fma/_15741_/X (sky130_fd_sc_hd__xor3_1)
   0.1695    9.0532 ^ fpu_exe_unit/FPUUnit/fpu/dfma/fma/_15751_/Y (sky130_fd_sc_hd__nor2_1)
   0.2943    9.3475 ^ fpu_exe_unit/FPUUnit/fpu/dfma/fma/_15789_/X (sky130_fd_sc_hd__xor3_1)
   0.1440    9.4915 v fpu_exe_unit/FPUUnit/fpu/dfma/fma/_15790_/Y (sky130_fd_sc_hd__nand4bb_1)
   0.3515    9.8430 v fpu_exe_unit/FPUUnit/fpu/dfma/fma/_15837_/X (sky130_fd_sc_hd__or2_2)
   0.3724   10.2154 v fpu_exe_unit/FPUUnit/fpu/dfma/fma/_15891_/X (sky130_fd_sc_hd__maj3_1)
   0.3778   10.5932 v fpu_exe_unit/FPUUnit/fpu/dfma/fma/_15946_/X (sky130_fd_sc_hd__maj3_1)
   0.3853   10.9785 v fpu_exe_unit/FPUUnit/fpu/dfma/fma/_16018_/X (sky130_fd_sc_hd__maj3_1)
   0.3669   11.3454 v fpu_exe_unit/FPUUnit/fpu/dfma/fma/_16084_/X (sky130_fd_sc_hd__maj3_1)
   0.3753   11.7207 v fpu_exe_unit/FPUUnit/fpu/dfma/fma/_16150_/X (sky130_fd_sc_hd__maj3_1)
   0.3716   12.0924 v fpu_exe_unit/FPUUnit/fpu/dfma/fma/_16236_/X (sky130_fd_sc_hd__maj3_1)
   0.3656   12.4580 v fpu_exe_unit/FPUUnit/fpu/dfma/fma/_16331_/X (sky130_fd_sc_hd__maj3_1)
   0.3227   12.7806 ^ fpu_exe_unit/FPUUnit/fpu/dfma/fma/_16425_/Y (sky130_fd_sc_hd__o21ai_0)
   0.1187   12.8993 v fpu_exe_unit/FPUUnit/fpu/dfma/fma/_16955_/Y (sky130_fd_sc_hd__a211oi_1)
   0.3448   13.2441 ^ fpu_exe_unit/FPUUnit/fpu/dfma/fma/_16956_/Y (sky130_fd_sc_hd__o311ai_0)
   0.1911   13.4352 v fpu_exe_unit/FPUUnit/fpu/dfma/fma/_17093_/Y (sky130_fd_sc_hd__nand4_1)
   0.3235   13.7588 ^ fpu_exe_unit/FPUUnit/fpu/dfma/fma/_17388_/Y (sky130_fd_sc_hd__a211oi_1)
   0.1962   13.9550 v fpu_exe_unit/FPUUnit/fpu/dfma/fma/_17685_/Y (sky130_fd_sc_hd__o311ai_0)
   0.2651   14.2201 ^ fpu_exe_unit/FPUUnit/fpu/dfma/fma/_17989_/Y (sky130_fd_sc_hd__a211oi_1)
   0.1397   14.3598 v fpu_exe_unit/FPUUnit/fpu/dfma/fma/_18300_/Y (sky130_fd_sc_hd__o211ai_1)
   0.4212   14.7810 ^ fpu_exe_unit/FPUUnit/fpu/dfma/fma/_19021_/Y (sky130_fd_sc_hd__a2111oi_0)
   0.2639   15.0448 v fpu_exe_unit/FPUUnit/fpu/dfma/fma/_19832_/Y (sky130_fd_sc_hd__a2111oi_0)
   0.3827   15.4275 v fpu_exe_unit/FPUUnit/fpu/dfma/fma/_21839_/X (sky130_fd_sc_hd__o31a_1)
   0.3912   15.8187 ^ fpu_exe_unit/FPUUnit/fpu/dfma/fma/_22105_/Y (sky130_fd_sc_hd__o31ai_1)
   0.2506   16.0693 ^ fpu_exe_unit/FPUUnit/fpu/dfma/fma/_22629_/X (sky130_fd_sc_hd__a31o_2)
   0.1211   16.1903 v fpu_exe_unit/FPUUnit/fpu/dfma/fma/_23185_/Y (sky130_fd_sc_hd__a31oi_1)
   0.3854   16.5758 ^ fpu_exe_unit/FPUUnit/fpu/dfma/fma/_23741_/Y (sky130_fd_sc_hd__o21ai_0)
   0.1565   16.7322 v fpu_exe_unit/FPUUnit/fpu/dfma/fma/_25946_/Y (sky130_fd_sc_hd__nand4bb_1)
   0.5684   17.3006 ^ fpu_exe_unit/FPUUnit/fpu/dfma/fma/_26630_/Y (sky130_fd_sc_hd__a2111oi_0)
   0.2519   17.5525 v fpu_exe_unit/FPUUnit/fpu/dfma/fma/_28157_/Y (sky130_fd_sc_hd__o2111ai_1)
   0.1804   17.7329 ^ fpu_exe_unit/FPUUnit/fpu/dfma/fma/_28158_/Y (sky130_fd_sc_hd__nand3_1)
   0.1536   17.8865 ^ fpu_exe_unit/FPUUnit/fpu/dfma/fma/_28310_/X (sky130_fd_sc_hd__xor2_1)
   0.0776   17.9641 v fpu_exe_unit/FPUUnit/fpu/dfma/fma/_28312_/Y (sky130_fd_sc_hd__a21oi_1)
   0.0035   17.9676 v fpu_exe_unit/FPUUnit/fpu/dfma/fma/_31110_/D (sky130_fd_sc_hd__dfxtp_1)
            17.9676   data arrival time

  20.0000   20.0000   clock clock (rise edge)
   0.0000   20.0000   clock network delay (ideal)
   0.0000   20.0000   clock reconvergence pessimism
            20.0000 ^ fpu_exe_unit/FPUUnit/fpu/dfma/fma/_31110_/CLK (sky130_fd_sc_hd__dfxtp_1)
  -0.1345   19.8655   library setup time
            19.8655   data required time
-------------------------------------------------------------
            19.8655   data required time
           -17.9676   data arrival time
-------------------------------------------------------------
             1.8979   slack (MET)


Startpoint: fpu_exe_unit/FPUUnit/fpu/dfma/_1310_
            (rising edge-triggered flip-flop clocked by clock)
Endpoint: fpu_exe_unit/FPUUnit/fpu/dfma/fma/_31107_
          (rising edge-triggered flip-flop clocked by clock)
Path Group: clock
Path Type: max

    Delay      Time   Description
-------------------------------------------------------------
   0.0000    0.0000   clock clock (rise edge)
   0.0000    0.0000   clock network delay (ideal)
   0.0000    0.0000 ^ fpu_exe_unit/FPUUnit/fpu/dfma/_1310_/CLK (sky130_fd_sc_hd__dfxtp_1)
   0.2995    0.2995 v fpu_exe_unit/FPUUnit/fpu/dfma/_1310_/Q (sky130_fd_sc_hd__dfxtp_1)
   0.1614    0.4609 v fpu_exe_unit/FPUUnit/fpu/dfma/fma/mulAddRecFNToRaw_preMul/_1092_/Y (sky130_fd_sc_hd__xnor2_1)
   0.3226    0.7835 ^ fpu_exe_unit/FPUUnit/fpu/dfma/fma/mulAddRecFNToRaw_preMul/_1094_/Y (sky130_fd_sc_hd__o21ai_0)
   0.1761    0.9596 v fpu_exe_unit/FPUUnit/fpu/dfma/fma/mulAddRecFNToRaw_preMul/_1097_/Y (sky130_fd_sc_hd__a31oi_1)
   0.4045    1.3640 v fpu_exe_unit/FPUUnit/fpu/dfma/fma/mulAddRecFNToRaw_preMul/_1098_/X (sky130_fd_sc_hd__maj3_1)
   0.3959    1.7600 v fpu_exe_unit/FPUUnit/fpu/dfma/fma/mulAddRecFNToRaw_preMul/_1099_/X (sky130_fd_sc_hd__maj3_1)
   0.3973    2.1573 v fpu_exe_unit/FPUUnit/fpu/dfma/fma/mulAddRecFNToRaw_preMul/_1100_/X (sky130_fd_sc_hd__maj3_1)
   0.4055    2.5628 v fpu_exe_unit/FPUUnit/fpu/dfma/fma/mulAddRecFNToRaw_preMul/_1101_/X (sky130_fd_sc_hd__maj3_1)
   0.3551    2.9179 v fpu_exe_unit/FPUUnit/fpu/dfma/fma/mulAddRecFNToRaw_preMul/_1121_/X (sky130_fd_sc_hd__maj3_1)
   0.2007    3.1186 v fpu_exe_unit/FPUUnit/fpu/dfma/fma/mulAddRecFNToRaw_preMul/_1122_/X (sky130_fd_sc_hd__xor2_1)
   0.1942    3.3128 ^ fpu_exe_unit/FPUUnit/fpu/dfma/fma/mulAddRecFNToRaw_preMul/_1152_/Y (sky130_fd_sc_hd__o221ai_1)
   0.1518    3.4647 v fpu_exe_unit/FPUUnit/fpu/dfma/fma/mulAddRecFNToRaw_preMul/_1158_/Y (sky130_fd_sc_hd__a32oi_1)
   0.4189    3.8835 v fpu_exe_unit/FPUUnit/fpu/dfma/fma/mulAddRecFNToRaw_preMul/_1159_/X (sky130_fd_sc_hd__maj3_1)
   0.2588    4.1424 v fpu_exe_unit/FPUUnit/fpu/dfma/fma/mulAddRecFNToRaw_preMul/_1177_/X (sky130_fd_sc_hd__o2111a_1)
   0.1835    4.3259 v fpu_exe_unit/FPUUnit/fpu/dfma/fma/mulAddRecFNToRaw_preMul/_1178_/X (sky130_fd_sc_hd__clkbuf_1)
   0.1411    4.4670 ^ fpu_exe_unit/FPUUnit/fpu/dfma/fma/mulAddRecFNToRaw_preMul/_1203_/Y (sky130_fd_sc_hd__nand4_1)
   0.3339    4.8008 ^ fpu_exe_unit/FPUUnit/fpu/dfma/fma/mulAddRecFNToRaw_preMul/_1204_/X (sky130_fd_sc_hd__lpflow_clkbufkapwr_1)
   0.3198    5.1206 ^ fpu_exe_unit/FPUUnit/fpu/dfma/fma/mulAddRecFNToRaw_preMul/_1307_/X (sky130_fd_sc_hd__buf_2)
   0.4406    5.5612 ^ fpu_exe_unit/FPUUnit/fpu/dfma/fma/mulAddRecFNToRaw_preMul/_1308_/X (sky130_fd_sc_hd__lpflow_clkbufkapwr_1)
   0.4049    5.9661 v fpu_exe_unit/FPUUnit/fpu/dfma/fma/mulAddRecFNToRaw_preMul/_1618_/X (sky130_fd_sc_hd__mux2_2)
   0.1693    6.1354 ^ fpu_exe_unit/FPUUnit/fpu/dfma/fma/mulAddRecFNToRaw_preMul/_1760_/Y (sky130_fd_sc_hd__mux2i_1)
   0.0586    6.1940 v fpu_exe_unit/FPUUnit/fpu/dfma/fma/mulAddRecFNToRaw_preMul/_1761_/Y (sky130_fd_sc_hd__nor2_1)
   0.1499    6.3440 ^ fpu_exe_unit/FPUUnit/fpu/dfma/fma/mulAddRecFNToRaw_preMul/_1762_/Y (sky130_fd_sc_hd__a21oi_1)
   0.1072    6.4511 v fpu_exe_unit/FPUUnit/fpu/dfma/fma/mulAddRecFNToRaw_preMul/_1763_/Y (sky130_fd_sc_hd__mux2i_1)
   0.2246    6.6758 ^ fpu_exe_unit/FPUUnit/fpu/dfma/fma/mulAddRecFNToRaw_preMul/_1764_/Y (sky130_fd_sc_hd__a21oi_1)
   0.0630    6.7388 v fpu_exe_unit/FPUUnit/fpu/dfma/fma/mulAddRecFNToRaw_preMul/_1765_/Y (sky130_fd_sc_hd__nor2_1)
   0.1979    6.9367 v fpu_exe_unit/FPUUnit/fpu/dfma/fma/mulAddRecFNToRaw_preMul/_1766_/X (sky130_fd_sc_hd__o22a_1)
   0.3822    7.3188 v fpu_exe_unit/FPUUnit/fpu/dfma/fma/_15656_/X (sky130_fd_sc_hd__xnor3_1)
   0.3964    7.7153 v fpu_exe_unit/FPUUnit/fpu/dfma/fma/_15669_/X (sky130_fd_sc_hd__maj3_1)
   0.3777    8.0930 v fpu_exe_unit/FPUUnit/fpu/dfma/fma/_15690_/X (sky130_fd_sc_hd__maj3_1)
   0.3929    8.4858 v fpu_exe_unit/FPUUnit/fpu/dfma/fma/_15718_/X (sky130_fd_sc_hd__maj3_1)
   0.3979    8.8837 v fpu_exe_unit/FPUUnit/fpu/dfma/fma/_15741_/X (sky130_fd_sc_hd__xor3_1)
   0.1695    9.0532 ^ fpu_exe_unit/FPUUnit/fpu/dfma/fma/_15751_/Y (sky130_fd_sc_hd__nor2_1)
   0.2943    9.3475 ^ fpu_exe_unit/FPUUnit/fpu/dfma/fma/_15789_/X (sky130_fd_sc_hd__xor3_1)
   0.1440    9.4915 v fpu_exe_unit/FPUUnit/fpu/dfma/fma/_15790_/Y (sky130_fd_sc_hd__nand4bb_1)
   0.3515    9.8430 v fpu_exe_unit/FPUUnit/fpu/dfma/fma/_15837_/X (sky130_fd_sc_hd__or2_2)
   0.3724   10.2154 v fpu_exe_unit/FPUUnit/fpu/dfma/fma/_15891_/X (sky130_fd_sc_hd__maj3_1)
   0.3778   10.5932 v fpu_exe_unit/FPUUnit/fpu/dfma/fma/_15946_/X (sky130_fd_sc_hd__maj3_1)
   0.3853   10.9785 v fpu_exe_unit/FPUUnit/fpu/dfma/fma/_16018_/X (sky130_fd_sc_hd__maj3_1)
   0.3669   11.3454 v fpu_exe_unit/FPUUnit/fpu/dfma/fma/_16084_/X (sky130_fd_sc_hd__maj3_1)
   0.3753   11.7207 v fpu_exe_unit/FPUUnit/fpu/dfma/fma/_16150_/X (sky130_fd_sc_hd__maj3_1)
   0.3716   12.0924 v fpu_exe_unit/FPUUnit/fpu/dfma/fma/_16236_/X (sky130_fd_sc_hd__maj3_1)
   0.3656   12.4580 v fpu_exe_unit/FPUUnit/fpu/dfma/fma/_16331_/X (sky130_fd_sc_hd__maj3_1)
   0.3227   12.7806 ^ fpu_exe_unit/FPUUnit/fpu/dfma/fma/_16425_/Y (sky130_fd_sc_hd__o21ai_0)
   0.1187   12.8993 v fpu_exe_unit/FPUUnit/fpu/dfma/fma/_16955_/Y (sky130_fd_sc_hd__a211oi_1)
   0.3448   13.2441 ^ fpu_exe_unit/FPUUnit/fpu/dfma/fma/_16956_/Y (sky130_fd_sc_hd__o311ai_0)
   0.1911   13.4352 v fpu_exe_unit/FPUUnit/fpu/dfma/fma/_17093_/Y (sky130_fd_sc_hd__nand4_1)
   0.3235   13.7588 ^ fpu_exe_unit/FPUUnit/fpu/dfma/fma/_17388_/Y (sky130_fd_sc_hd__a211oi_1)
   0.1962   13.9550 v fpu_exe_unit/FPUUnit/fpu/dfma/fma/_17685_/Y (sky130_fd_sc_hd__o311ai_0)
   0.2651   14.2201 ^ fpu_exe_unit/FPUUnit/fpu/dfma/fma/_17989_/Y (sky130_fd_sc_hd__a211oi_1)
   0.1397   14.3598 v fpu_exe_unit/FPUUnit/fpu/dfma/fma/_18300_/Y (sky130_fd_sc_hd__o211ai_1)
   0.4212   14.7810 ^ fpu_exe_unit/FPUUnit/fpu/dfma/fma/_19021_/Y (sky130_fd_sc_hd__a2111oi_0)
   0.2639   15.0448 v fpu_exe_unit/FPUUnit/fpu/dfma/fma/_19832_/Y (sky130_fd_sc_hd__a2111oi_0)
   0.3827   15.4275 v fpu_exe_unit/FPUUnit/fpu/dfma/fma/_21839_/X (sky130_fd_sc_hd__o31a_1)
   0.3912   15.8187 ^ fpu_exe_unit/FPUUnit/fpu/dfma/fma/_22105_/Y (sky130_fd_sc_hd__o31ai_1)
   0.2506   16.0693 ^ fpu_exe_unit/FPUUnit/fpu/dfma/fma/_22629_/X (sky130_fd_sc_hd__a31o_2)
   0.1211   16.1903 v fpu_exe_unit/FPUUnit/fpu/dfma/fma/_23185_/Y (sky130_fd_sc_hd__a31oi_1)
   0.3854   16.5758 ^ fpu_exe_unit/FPUUnit/fpu/dfma/fma/_23741_/Y (sky130_fd_sc_hd__o21ai_0)
   0.1565   16.7322 v fpu_exe_unit/FPUUnit/fpu/dfma/fma/_25946_/Y (sky130_fd_sc_hd__nand4bb_1)
   0.5684   17.3006 ^ fpu_exe_unit/FPUUnit/fpu/dfma/fma/_26630_/Y (sky130_fd_sc_hd__a2111oi_0)
   0.2241   17.5247 ^ fpu_exe_unit/FPUUnit/fpu/dfma/fma/_27617_/X (sky130_fd_sc_hd__or2_2)
   0.0922   17.6169 v fpu_exe_unit/FPUUnit/fpu/dfma/fma/_27623_/Y (sky130_fd_sc_hd__a31oi_1)
   0.1806   17.7975 v fpu_exe_unit/FPUUnit/fpu/dfma/fma/_27803_/X (sky130_fd_sc_hd__xor2_1)
   0.1337   17.9312 ^ fpu_exe_unit/FPUUnit/fpu/dfma/fma/_27805_/Y (sky130_fd_sc_hd__a21oi_1)
   0.0035   17.9347 ^ fpu_exe_unit/FPUUnit/fpu/dfma/fma/_31107_/D (sky130_fd_sc_hd__dfxtp_1)
            17.9347   data arrival time

  20.0000   20.0000   clock clock (rise edge)
   0.0000   20.0000   clock network delay (ideal)
   0.0000   20.0000   clock reconvergence pessimism
            20.0000 ^ fpu_exe_unit/FPUUnit/fpu/dfma/fma/_31107_/CLK (sky130_fd_sc_hd__dfxtp_1)
  -0.0711   19.9289   library setup time
            19.9289   data required time
-------------------------------------------------------------
            19.9289   data required time
           -17.9347   data arrival time
-------------------------------------------------------------
             1.9942   slack (MET)


Startpoint: fpu_exe_unit/FPUUnit/fpu/dfma/_1310_
            (rising edge-triggered flip-flop clocked by clock)
Endpoint: fpu_exe_unit/FPUUnit/fpu/dfma/fma/_31106_
          (rising edge-triggered flip-flop clocked by clock)
Path Group: clock
Path Type: max

    Delay      Time   Description
-------------------------------------------------------------
   0.0000    0.0000   clock clock (rise edge)
   0.0000    0.0000   clock network delay (ideal)
   0.0000    0.0000 ^ fpu_exe_unit/FPUUnit/fpu/dfma/_1310_/CLK (sky130_fd_sc_hd__dfxtp_1)
   0.2995    0.2995 v fpu_exe_unit/FPUUnit/fpu/dfma/_1310_/Q (sky130_fd_sc_hd__dfxtp_1)
   0.1614    0.4609 v fpu_exe_unit/FPUUnit/fpu/dfma/fma/mulAddRecFNToRaw_preMul/_1092_/Y (sky130_fd_sc_hd__xnor2_1)
   0.3226    0.7835 ^ fpu_exe_unit/FPUUnit/fpu/dfma/fma/mulAddRecFNToRaw_preMul/_1094_/Y (sky130_fd_sc_hd__o21ai_0)
   0.1761    0.9596 v fpu_exe_unit/FPUUnit/fpu/dfma/fma/mulAddRecFNToRaw_preMul/_1097_/Y (sky130_fd_sc_hd__a31oi_1)
   0.4045    1.3640 v fpu_exe_unit/FPUUnit/fpu/dfma/fma/mulAddRecFNToRaw_preMul/_1098_/X (sky130_fd_sc_hd__maj3_1)
   0.3959    1.7600 v fpu_exe_unit/FPUUnit/fpu/dfma/fma/mulAddRecFNToRaw_preMul/_1099_/X (sky130_fd_sc_hd__maj3_1)
   0.3973    2.1573 v fpu_exe_unit/FPUUnit/fpu/dfma/fma/mulAddRecFNToRaw_preMul/_1100_/X (sky130_fd_sc_hd__maj3_1)
   0.4055    2.5628 v fpu_exe_unit/FPUUnit/fpu/dfma/fma/mulAddRecFNToRaw_preMul/_1101_/X (sky130_fd_sc_hd__maj3_1)
   0.3551    2.9179 v fpu_exe_unit/FPUUnit/fpu/dfma/fma/mulAddRecFNToRaw_preMul/_1121_/X (sky130_fd_sc_hd__maj3_1)
   0.2007    3.1186 v fpu_exe_unit/FPUUnit/fpu/dfma/fma/mulAddRecFNToRaw_preMul/_1122_/X (sky130_fd_sc_hd__xor2_1)
   0.1942    3.3128 ^ fpu_exe_unit/FPUUnit/fpu/dfma/fma/mulAddRecFNToRaw_preMul/_1152_/Y (sky130_fd_sc_hd__o221ai_1)
   0.1518    3.4647 v fpu_exe_unit/FPUUnit/fpu/dfma/fma/mulAddRecFNToRaw_preMul/_1158_/Y (sky130_fd_sc_hd__a32oi_1)
   0.4189    3.8835 v fpu_exe_unit/FPUUnit/fpu/dfma/fma/mulAddRecFNToRaw_preMul/_1159_/X (sky130_fd_sc_hd__maj3_1)
   0.2588    4.1424 v fpu_exe_unit/FPUUnit/fpu/dfma/fma/mulAddRecFNToRaw_preMul/_1177_/X (sky130_fd_sc_hd__o2111a_1)
   0.1835    4.3259 v fpu_exe_unit/FPUUnit/fpu/dfma/fma/mulAddRecFNToRaw_preMul/_1178_/X (sky130_fd_sc_hd__clkbuf_1)
   0.1411    4.4670 ^ fpu_exe_unit/FPUUnit/fpu/dfma/fma/mulAddRecFNToRaw_preMul/_1203_/Y (sky130_fd_sc_hd__nand4_1)
   0.3339    4.8008 ^ fpu_exe_unit/FPUUnit/fpu/dfma/fma/mulAddRecFNToRaw_preMul/_1204_/X (sky130_fd_sc_hd__lpflow_clkbufkapwr_1)
   0.3198    5.1206 ^ fpu_exe_unit/FPUUnit/fpu/dfma/fma/mulAddRecFNToRaw_preMul/_1307_/X (sky130_fd_sc_hd__buf_2)
   0.4406    5.5612 ^ fpu_exe_unit/FPUUnit/fpu/dfma/fma/mulAddRecFNToRaw_preMul/_1308_/X (sky130_fd_sc_hd__lpflow_clkbufkapwr_1)
   0.4049    5.9661 v fpu_exe_unit/FPUUnit/fpu/dfma/fma/mulAddRecFNToRaw_preMul/_1618_/X (sky130_fd_sc_hd__mux2_2)
   0.1693    6.1354 ^ fpu_exe_unit/FPUUnit/fpu/dfma/fma/mulAddRecFNToRaw_preMul/_1760_/Y (sky130_fd_sc_hd__mux2i_1)
   0.0586    6.1940 v fpu_exe_unit/FPUUnit/fpu/dfma/fma/mulAddRecFNToRaw_preMul/_1761_/Y (sky130_fd_sc_hd__nor2_1)
   0.1499    6.3440 ^ fpu_exe_unit/FPUUnit/fpu/dfma/fma/mulAddRecFNToRaw_preMul/_1762_/Y (sky130_fd_sc_hd__a21oi_1)
   0.1072    6.4511 v fpu_exe_unit/FPUUnit/fpu/dfma/fma/mulAddRecFNToRaw_preMul/_1763_/Y (sky130_fd_sc_hd__mux2i_1)
   0.2246    6.6758 ^ fpu_exe_unit/FPUUnit/fpu/dfma/fma/mulAddRecFNToRaw_preMul/_1764_/Y (sky130_fd_sc_hd__a21oi_1)
   0.0630    6.7388 v fpu_exe_unit/FPUUnit/fpu/dfma/fma/mulAddRecFNToRaw_preMul/_1765_/Y (sky130_fd_sc_hd__nor2_1)
   0.1979    6.9367 v fpu_exe_unit/FPUUnit/fpu/dfma/fma/mulAddRecFNToRaw_preMul/_1766_/X (sky130_fd_sc_hd__o22a_1)
   0.3822    7.3188 v fpu_exe_unit/FPUUnit/fpu/dfma/fma/_15656_/X (sky130_fd_sc_hd__xnor3_1)
   0.3964    7.7153 v fpu_exe_unit/FPUUnit/fpu/dfma/fma/_15669_/X (sky130_fd_sc_hd__maj3_1)
   0.3777    8.0930 v fpu_exe_unit/FPUUnit/fpu/dfma/fma/_15690_/X (sky130_fd_sc_hd__maj3_1)
   0.3929    8.4858 v fpu_exe_unit/FPUUnit/fpu/dfma/fma/_15718_/X (sky130_fd_sc_hd__maj3_1)
   0.3979    8.8837 v fpu_exe_unit/FPUUnit/fpu/dfma/fma/_15741_/X (sky130_fd_sc_hd__xor3_1)
   0.1695    9.0532 ^ fpu_exe_unit/FPUUnit/fpu/dfma/fma/_15751_/Y (sky130_fd_sc_hd__nor2_1)
   0.2943    9.3475 ^ fpu_exe_unit/FPUUnit/fpu/dfma/fma/_15789_/X (sky130_fd_sc_hd__xor3_1)
   0.1440    9.4915 v fpu_exe_unit/FPUUnit/fpu/dfma/fma/_15790_/Y (sky130_fd_sc_hd__nand4bb_1)
   0.3515    9.8430 v fpu_exe_unit/FPUUnit/fpu/dfma/fma/_15837_/X (sky130_fd_sc_hd__or2_2)
   0.3724   10.2154 v fpu_exe_unit/FPUUnit/fpu/dfma/fma/_15891_/X (sky130_fd_sc_hd__maj3_1)
   0.3778   10.5932 v fpu_exe_unit/FPUUnit/fpu/dfma/fma/_15946_/X (sky130_fd_sc_hd__maj3_1)
   0.3853   10.9785 v fpu_exe_unit/FPUUnit/fpu/dfma/fma/_16018_/X (sky130_fd_sc_hd__maj3_1)
   0.3669   11.3454 v fpu_exe_unit/FPUUnit/fpu/dfma/fma/_16084_/X (sky130_fd_sc_hd__maj3_1)
   0.3753   11.7207 v fpu_exe_unit/FPUUnit/fpu/dfma/fma/_16150_/X (sky130_fd_sc_hd__maj3_1)
   0.3716   12.0924 v fpu_exe_unit/FPUUnit/fpu/dfma/fma/_16236_/X (sky130_fd_sc_hd__maj3_1)
   0.3656   12.4580 v fpu_exe_unit/FPUUnit/fpu/dfma/fma/_16331_/X (sky130_fd_sc_hd__maj3_1)
   0.3227   12.7806 ^ fpu_exe_unit/FPUUnit/fpu/dfma/fma/_16425_/Y (sky130_fd_sc_hd__o21ai_0)
   0.1187   12.8993 v fpu_exe_unit/FPUUnit/fpu/dfma/fma/_16955_/Y (sky130_fd_sc_hd__a211oi_1)
   0.3448   13.2441 ^ fpu_exe_unit/FPUUnit/fpu/dfma/fma/_16956_/Y (sky130_fd_sc_hd__o311ai_0)
   0.1911   13.4352 v fpu_exe_unit/FPUUnit/fpu/dfma/fma/_17093_/Y (sky130_fd_sc_hd__nand4_1)
   0.3235   13.7588 ^ fpu_exe_unit/FPUUnit/fpu/dfma/fma/_17388_/Y (sky130_fd_sc_hd__a211oi_1)
   0.1962   13.9550 v fpu_exe_unit/FPUUnit/fpu/dfma/fma/_17685_/Y (sky130_fd_sc_hd__o311ai_0)
   0.2651   14.2201 ^ fpu_exe_unit/FPUUnit/fpu/dfma/fma/_17989_/Y (sky130_fd_sc_hd__a211oi_1)
   0.1397   14.3598 v fpu_exe_unit/FPUUnit/fpu/dfma/fma/_18300_/Y (sky130_fd_sc_hd__o211ai_1)
   0.4212   14.7810 ^ fpu_exe_unit/FPUUnit/fpu/dfma/fma/_19021_/Y (sky130_fd_sc_hd__a2111oi_0)
   0.2639   15.0448 v fpu_exe_unit/FPUUnit/fpu/dfma/fma/_19832_/Y (sky130_fd_sc_hd__a2111oi_0)
   0.3827   15.4275 v fpu_exe_unit/FPUUnit/fpu/dfma/fma/_21839_/X (sky130_fd_sc_hd__o31a_1)
   0.3912   15.8187 ^ fpu_exe_unit/FPUUnit/fpu/dfma/fma/_22105_/Y (sky130_fd_sc_hd__o31ai_1)
   0.2506   16.0693 ^ fpu_exe_unit/FPUUnit/fpu/dfma/fma/_22629_/X (sky130_fd_sc_hd__a31o_2)
   0.1211   16.1903 v fpu_exe_unit/FPUUnit/fpu/dfma/fma/_23185_/Y (sky130_fd_sc_hd__a31oi_1)
   0.3854   16.5758 ^ fpu_exe_unit/FPUUnit/fpu/dfma/fma/_23741_/Y (sky130_fd_sc_hd__o21ai_0)
   0.1565   16.7322 v fpu_exe_unit/FPUUnit/fpu/dfma/fma/_25946_/Y (sky130_fd_sc_hd__nand4bb_1)
   0.5684   17.3006 ^ fpu_exe_unit/FPUUnit/fpu/dfma/fma/_26630_/Y (sky130_fd_sc_hd__a2111oi_0)
   0.2241   17.5247 ^ fpu_exe_unit/FPUUnit/fpu/dfma/fma/_27617_/X (sky130_fd_sc_hd__or2_2)
   0.0690   17.5937 v fpu_exe_unit/FPUUnit/fpu/dfma/fma/_27618_/Y (sky130_fd_sc_hd__nand2_1)
   0.1525   17.7462 v fpu_exe_unit/FPUUnit/fpu/dfma/fma/_27619_/X (sky130_fd_sc_hd__xor2_1)
   0.1353   17.8815 ^ fpu_exe_unit/FPUUnit/fpu/dfma/fma/_27621_/Y (sky130_fd_sc_hd__a21oi_1)
   0.0035   17.8850 ^ fpu_exe_unit/FPUUnit/fpu/dfma/fma/_31106_/D (sky130_fd_sc_hd__dfxtp_1)
            17.8850   data arrival time

  20.0000   20.0000   clock clock (rise edge)
   0.0000   20.0000   clock network delay (ideal)
   0.0000   20.0000   clock reconvergence pessimism
            20.0000 ^ fpu_exe_unit/FPUUnit/fpu/dfma/fma/_31106_/CLK (sky130_fd_sc_hd__dfxtp_1)
  -0.0711   19.9289   library setup time
            19.9289   data required time
-------------------------------------------------------------
            19.9289   data required time
           -17.8850   data arrival time
-------------------------------------------------------------
             2.0439   slack (MET)


Startpoint: fpu_exe_unit/FPUUnit/fpu/dfma/_1310_
            (rising edge-triggered flip-flop clocked by clock)
Endpoint: fpu_exe_unit/FPUUnit/fpu/dfma/fma/_31102_
          (rising edge-triggered flip-flop clocked by clock)
Path Group: clock
Path Type: max

    Delay      Time   Description
-------------------------------------------------------------
   0.0000    0.0000   clock clock (rise edge)
   0.0000    0.0000   clock network delay (ideal)
   0.0000    0.0000 ^ fpu_exe_unit/FPUUnit/fpu/dfma/_1310_/CLK (sky130_fd_sc_hd__dfxtp_1)
   0.2995    0.2995 v fpu_exe_unit/FPUUnit/fpu/dfma/_1310_/Q (sky130_fd_sc_hd__dfxtp_1)
   0.1614    0.4609 v fpu_exe_unit/FPUUnit/fpu/dfma/fma/mulAddRecFNToRaw_preMul/_1092_/Y (sky130_fd_sc_hd__xnor2_1)
   0.3226    0.7835 ^ fpu_exe_unit/FPUUnit/fpu/dfma/fma/mulAddRecFNToRaw_preMul/_1094_/Y (sky130_fd_sc_hd__o21ai_0)
   0.1761    0.9596 v fpu_exe_unit/FPUUnit/fpu/dfma/fma/mulAddRecFNToRaw_preMul/_1097_/Y (sky130_fd_sc_hd__a31oi_1)
   0.4045    1.3640 v fpu_exe_unit/FPUUnit/fpu/dfma/fma/mulAddRecFNToRaw_preMul/_1098_/X (sky130_fd_sc_hd__maj3_1)
   0.3959    1.7600 v fpu_exe_unit/FPUUnit/fpu/dfma/fma/mulAddRecFNToRaw_preMul/_1099_/X (sky130_fd_sc_hd__maj3_1)
   0.3973    2.1573 v fpu_exe_unit/FPUUnit/fpu/dfma/fma/mulAddRecFNToRaw_preMul/_1100_/X (sky130_fd_sc_hd__maj3_1)
   0.4055    2.5628 v fpu_exe_unit/FPUUnit/fpu/dfma/fma/mulAddRecFNToRaw_preMul/_1101_/X (sky130_fd_sc_hd__maj3_1)
   0.3551    2.9179 v fpu_exe_unit/FPUUnit/fpu/dfma/fma/mulAddRecFNToRaw_preMul/_1121_/X (sky130_fd_sc_hd__maj3_1)
   0.2007    3.1186 v fpu_exe_unit/FPUUnit/fpu/dfma/fma/mulAddRecFNToRaw_preMul/_1122_/X (sky130_fd_sc_hd__xor2_1)
   0.1942    3.3128 ^ fpu_exe_unit/FPUUnit/fpu/dfma/fma/mulAddRecFNToRaw_preMul/_1152_/Y (sky130_fd_sc_hd__o221ai_1)
   0.1518    3.4647 v fpu_exe_unit/FPUUnit/fpu/dfma/fma/mulAddRecFNToRaw_preMul/_1158_/Y (sky130_fd_sc_hd__a32oi_1)
   0.4189    3.8835 v fpu_exe_unit/FPUUnit/fpu/dfma/fma/mulAddRecFNToRaw_preMul/_1159_/X (sky130_fd_sc_hd__maj3_1)
   0.2588    4.1424 v fpu_exe_unit/FPUUnit/fpu/dfma/fma/mulAddRecFNToRaw_preMul/_1177_/X (sky130_fd_sc_hd__o2111a_1)
   0.1835    4.3259 v fpu_exe_unit/FPUUnit/fpu/dfma/fma/mulAddRecFNToRaw_preMul/_1178_/X (sky130_fd_sc_hd__clkbuf_1)
   0.1411    4.4670 ^ fpu_exe_unit/FPUUnit/fpu/dfma/fma/mulAddRecFNToRaw_preMul/_1203_/Y (sky130_fd_sc_hd__nand4_1)
   0.3339    4.8008 ^ fpu_exe_unit/FPUUnit/fpu/dfma/fma/mulAddRecFNToRaw_preMul/_1204_/X (sky130_fd_sc_hd__lpflow_clkbufkapwr_1)
   0.3198    5.1206 ^ fpu_exe_unit/FPUUnit/fpu/dfma/fma/mulAddRecFNToRaw_preMul/_1307_/X (sky130_fd_sc_hd__buf_2)
   0.4406    5.5612 ^ fpu_exe_unit/FPUUnit/fpu/dfma/fma/mulAddRecFNToRaw_preMul/_1308_/X (sky130_fd_sc_hd__lpflow_clkbufkapwr_1)
   0.4049    5.9661 v fpu_exe_unit/FPUUnit/fpu/dfma/fma/mulAddRecFNToRaw_preMul/_1618_/X (sky130_fd_sc_hd__mux2_2)
   0.1693    6.1354 ^ fpu_exe_unit/FPUUnit/fpu/dfma/fma/mulAddRecFNToRaw_preMul/_1760_/Y (sky130_fd_sc_hd__mux2i_1)
   0.0586    6.1940 v fpu_exe_unit/FPUUnit/fpu/dfma/fma/mulAddRecFNToRaw_preMul/_1761_/Y (sky130_fd_sc_hd__nor2_1)
   0.1499    6.3440 ^ fpu_exe_unit/FPUUnit/fpu/dfma/fma/mulAddRecFNToRaw_preMul/_1762_/Y (sky130_fd_sc_hd__a21oi_1)
   0.1072    6.4511 v fpu_exe_unit/FPUUnit/fpu/dfma/fma/mulAddRecFNToRaw_preMul/_1763_/Y (sky130_fd_sc_hd__mux2i_1)
   0.2246    6.6758 ^ fpu_exe_unit/FPUUnit/fpu/dfma/fma/mulAddRecFNToRaw_preMul/_1764_/Y (sky130_fd_sc_hd__a21oi_1)
   0.0630    6.7388 v fpu_exe_unit/FPUUnit/fpu/dfma/fma/mulAddRecFNToRaw_preMul/_1765_/Y (sky130_fd_sc_hd__nor2_1)
   0.1979    6.9367 v fpu_exe_unit/FPUUnit/fpu/dfma/fma/mulAddRecFNToRaw_preMul/_1766_/X (sky130_fd_sc_hd__o22a_1)
   0.3822    7.3188 v fpu_exe_unit/FPUUnit/fpu/dfma/fma/_15656_/X (sky130_fd_sc_hd__xnor3_1)
   0.3964    7.7153 v fpu_exe_unit/FPUUnit/fpu/dfma/fma/_15669_/X (sky130_fd_sc_hd__maj3_1)
   0.3777    8.0930 v fpu_exe_unit/FPUUnit/fpu/dfma/fma/_15690_/X (sky130_fd_sc_hd__maj3_1)
   0.3929    8.4858 v fpu_exe_unit/FPUUnit/fpu/dfma/fma/_15718_/X (sky130_fd_sc_hd__maj3_1)
   0.3979    8.8837 v fpu_exe_unit/FPUUnit/fpu/dfma/fma/_15741_/X (sky130_fd_sc_hd__xor3_1)
   0.1695    9.0532 ^ fpu_exe_unit/FPUUnit/fpu/dfma/fma/_15751_/Y (sky130_fd_sc_hd__nor2_1)
   0.2943    9.3475 ^ fpu_exe_unit/FPUUnit/fpu/dfma/fma/_15789_/X (sky130_fd_sc_hd__xor3_1)
   0.1440    9.4915 v fpu_exe_unit/FPUUnit/fpu/dfma/fma/_15790_/Y (sky130_fd_sc_hd__nand4bb_1)
   0.3515    9.8430 v fpu_exe_unit/FPUUnit/fpu/dfma/fma/_15837_/X (sky130_fd_sc_hd__or2_2)
   0.3724   10.2154 v fpu_exe_unit/FPUUnit/fpu/dfma/fma/_15891_/X (sky130_fd_sc_hd__maj3_1)
   0.3778   10.5932 v fpu_exe_unit/FPUUnit/fpu/dfma/fma/_15946_/X (sky130_fd_sc_hd__maj3_1)
   0.3853   10.9785 v fpu_exe_unit/FPUUnit/fpu/dfma/fma/_16018_/X (sky130_fd_sc_hd__maj3_1)
   0.3669   11.3454 v fpu_exe_unit/FPUUnit/fpu/dfma/fma/_16084_/X (sky130_fd_sc_hd__maj3_1)
   0.3753   11.7207 v fpu_exe_unit/FPUUnit/fpu/dfma/fma/_16150_/X (sky130_fd_sc_hd__maj3_1)
   0.3716   12.0924 v fpu_exe_unit/FPUUnit/fpu/dfma/fma/_16236_/X (sky130_fd_sc_hd__maj3_1)
   0.3656   12.4580 v fpu_exe_unit/FPUUnit/fpu/dfma/fma/_16331_/X (sky130_fd_sc_hd__maj3_1)
   0.3227   12.7806 ^ fpu_exe_unit/FPUUnit/fpu/dfma/fma/_16425_/Y (sky130_fd_sc_hd__o21ai_0)
   0.1187   12.8993 v fpu_exe_unit/FPUUnit/fpu/dfma/fma/_16955_/Y (sky130_fd_sc_hd__a211oi_1)
   0.3448   13.2441 ^ fpu_exe_unit/FPUUnit/fpu/dfma/fma/_16956_/Y (sky130_fd_sc_hd__o311ai_0)
   0.1911   13.4352 v fpu_exe_unit/FPUUnit/fpu/dfma/fma/_17093_/Y (sky130_fd_sc_hd__nand4_1)
   0.3235   13.7588 ^ fpu_exe_unit/FPUUnit/fpu/dfma/fma/_17388_/Y (sky130_fd_sc_hd__a211oi_1)
   0.1962   13.9550 v fpu_exe_unit/FPUUnit/fpu/dfma/fma/_17685_/Y (sky130_fd_sc_hd__o311ai_0)
   0.2651   14.2201 ^ fpu_exe_unit/FPUUnit/fpu/dfma/fma/_17989_/Y (sky130_fd_sc_hd__a211oi_1)
   0.1397   14.3598 v fpu_exe_unit/FPUUnit/fpu/dfma/fma/_18300_/Y (sky130_fd_sc_hd__o211ai_1)
   0.4212   14.7810 ^ fpu_exe_unit/FPUUnit/fpu/dfma/fma/_19021_/Y (sky130_fd_sc_hd__a2111oi_0)
   0.2639   15.0448 v fpu_exe_unit/FPUUnit/fpu/dfma/fma/_19832_/Y (sky130_fd_sc_hd__a2111oi_0)
   0.3827   15.4275 v fpu_exe_unit/FPUUnit/fpu/dfma/fma/_21839_/X (sky130_fd_sc_hd__o31a_1)
   0.3912   15.8187 ^ fpu_exe_unit/FPUUnit/fpu/dfma/fma/_22105_/Y (sky130_fd_sc_hd__o31ai_1)
   0.2506   16.0693 ^ fpu_exe_unit/FPUUnit/fpu/dfma/fma/_22629_/X (sky130_fd_sc_hd__a31o_2)
   0.1211   16.1903 v fpu_exe_unit/FPUUnit/fpu/dfma/fma/_23185_/Y (sky130_fd_sc_hd__a31oi_1)
   0.3854   16.5758 ^ fpu_exe_unit/FPUUnit/fpu/dfma/fma/_23741_/Y (sky130_fd_sc_hd__o21ai_0)
   0.1565   16.7322 v fpu_exe_unit/FPUUnit/fpu/dfma/fma/_25946_/Y (sky130_fd_sc_hd__nand4bb_1)
   0.5684   17.3006 ^ fpu_exe_unit/FPUUnit/fpu/dfma/fma/_26630_/Y (sky130_fd_sc_hd__a2111oi_0)
   0.1687   17.4694 v fpu_exe_unit/FPUUnit/fpu/dfma/fma/_26633_/Y (sky130_fd_sc_hd__nor2_1)
   0.1951   17.6645 v fpu_exe_unit/FPUUnit/fpu/dfma/fma/_26844_/X (sky130_fd_sc_hd__xor2_1)
   0.1358   17.8003 ^ fpu_exe_unit/FPUUnit/fpu/dfma/fma/_26846_/Y (sky130_fd_sc_hd__a21oi_1)
   0.0035   17.8037 ^ fpu_exe_unit/FPUUnit/fpu/dfma/fma/_31102_/D (sky130_fd_sc_hd__dfxtp_1)
            17.8037   data arrival time

  20.0000   20.0000   clock clock (rise edge)
   0.0000   20.0000   clock network delay (ideal)
   0.0000   20.0000   clock reconvergence pessimism
            20.0000 ^ fpu_exe_unit/FPUUnit/fpu/dfma/fma/_31102_/CLK (sky130_fd_sc_hd__dfxtp_1)
  -0.0711   19.9289   library setup time
            19.9289   data required time
-------------------------------------------------------------
            19.9289   data required time
           -17.8037   data arrival time
-------------------------------------------------------------
             2.1252   slack (MET)


Startpoint: fpu_exe_unit/FPUUnit/fpu/dfma/_1310_
            (rising edge-triggered flip-flop clocked by clock)
Endpoint: fpu_exe_unit/FPUUnit/fpu/dfma/fma/_31097_
          (rising edge-triggered flip-flop clocked by clock)
Path Group: clock
Path Type: max

    Delay      Time   Description
-------------------------------------------------------------
   0.0000    0.0000   clock clock (rise edge)
   0.0000    0.0000   clock network delay (ideal)
   0.0000    0.0000 ^ fpu_exe_unit/FPUUnit/fpu/dfma/_1310_/CLK (sky130_fd_sc_hd__dfxtp_1)
   0.2995    0.2995 v fpu_exe_unit/FPUUnit/fpu/dfma/_1310_/Q (sky130_fd_sc_hd__dfxtp_1)
   0.1614    0.4609 v fpu_exe_unit/FPUUnit/fpu/dfma/fma/mulAddRecFNToRaw_preMul/_1092_/Y (sky130_fd_sc_hd__xnor2_1)
   0.3226    0.7835 ^ fpu_exe_unit/FPUUnit/fpu/dfma/fma/mulAddRecFNToRaw_preMul/_1094_/Y (sky130_fd_sc_hd__o21ai_0)
   0.1761    0.9596 v fpu_exe_unit/FPUUnit/fpu/dfma/fma/mulAddRecFNToRaw_preMul/_1097_/Y (sky130_fd_sc_hd__a31oi_1)
   0.4045    1.3640 v fpu_exe_unit/FPUUnit/fpu/dfma/fma/mulAddRecFNToRaw_preMul/_1098_/X (sky130_fd_sc_hd__maj3_1)
   0.3959    1.7600 v fpu_exe_unit/FPUUnit/fpu/dfma/fma/mulAddRecFNToRaw_preMul/_1099_/X (sky130_fd_sc_hd__maj3_1)
   0.3973    2.1573 v fpu_exe_unit/FPUUnit/fpu/dfma/fma/mulAddRecFNToRaw_preMul/_1100_/X (sky130_fd_sc_hd__maj3_1)
   0.4055    2.5628 v fpu_exe_unit/FPUUnit/fpu/dfma/fma/mulAddRecFNToRaw_preMul/_1101_/X (sky130_fd_sc_hd__maj3_1)
   0.3551    2.9179 v fpu_exe_unit/FPUUnit/fpu/dfma/fma/mulAddRecFNToRaw_preMul/_1121_/X (sky130_fd_sc_hd__maj3_1)
   0.2007    3.1186 v fpu_exe_unit/FPUUnit/fpu/dfma/fma/mulAddRecFNToRaw_preMul/_1122_/X (sky130_fd_sc_hd__xor2_1)
   0.1942    3.3128 ^ fpu_exe_unit/FPUUnit/fpu/dfma/fma/mulAddRecFNToRaw_preMul/_1152_/Y (sky130_fd_sc_hd__o221ai_1)
   0.1518    3.4647 v fpu_exe_unit/FPUUnit/fpu/dfma/fma/mulAddRecFNToRaw_preMul/_1158_/Y (sky130_fd_sc_hd__a32oi_1)
   0.4189    3.8835 v fpu_exe_unit/FPUUnit/fpu/dfma/fma/mulAddRecFNToRaw_preMul/_1159_/X (sky130_fd_sc_hd__maj3_1)
   0.2588    4.1424 v fpu_exe_unit/FPUUnit/fpu/dfma/fma/mulAddRecFNToRaw_preMul/_1177_/X (sky130_fd_sc_hd__o2111a_1)
   0.1835    4.3259 v fpu_exe_unit/FPUUnit/fpu/dfma/fma/mulAddRecFNToRaw_preMul/_1178_/X (sky130_fd_sc_hd__clkbuf_1)
   0.1411    4.4670 ^ fpu_exe_unit/FPUUnit/fpu/dfma/fma/mulAddRecFNToRaw_preMul/_1203_/Y (sky130_fd_sc_hd__nand4_1)
   0.3339    4.8008 ^ fpu_exe_unit/FPUUnit/fpu/dfma/fma/mulAddRecFNToRaw_preMul/_1204_/X (sky130_fd_sc_hd__lpflow_clkbufkapwr_1)
   0.3198    5.1206 ^ fpu_exe_unit/FPUUnit/fpu/dfma/fma/mulAddRecFNToRaw_preMul/_1307_/X (sky130_fd_sc_hd__buf_2)
   0.4406    5.5612 ^ fpu_exe_unit/FPUUnit/fpu/dfma/fma/mulAddRecFNToRaw_preMul/_1308_/X (sky130_fd_sc_hd__lpflow_clkbufkapwr_1)
   0.4049    5.9661 v fpu_exe_unit/FPUUnit/fpu/dfma/fma/mulAddRecFNToRaw_preMul/_1618_/X (sky130_fd_sc_hd__mux2_2)
   0.1693    6.1354 ^ fpu_exe_unit/FPUUnit/fpu/dfma/fma/mulAddRecFNToRaw_preMul/_1760_/Y (sky130_fd_sc_hd__mux2i_1)
   0.0586    6.1940 v fpu_exe_unit/FPUUnit/fpu/dfma/fma/mulAddRecFNToRaw_preMul/_1761_/Y (sky130_fd_sc_hd__nor2_1)
   0.1499    6.3440 ^ fpu_exe_unit/FPUUnit/fpu/dfma/fma/mulAddRecFNToRaw_preMul/_1762_/Y (sky130_fd_sc_hd__a21oi_1)
   0.1072    6.4511 v fpu_exe_unit/FPUUnit/fpu/dfma/fma/mulAddRecFNToRaw_preMul/_1763_/Y (sky130_fd_sc_hd__mux2i_1)
   0.2246    6.6758 ^ fpu_exe_unit/FPUUnit/fpu/dfma/fma/mulAddRecFNToRaw_preMul/_1764_/Y (sky130_fd_sc_hd__a21oi_1)
   0.0630    6.7388 v fpu_exe_unit/FPUUnit/fpu/dfma/fma/mulAddRecFNToRaw_preMul/_1765_/Y (sky130_fd_sc_hd__nor2_1)
   0.1979    6.9367 v fpu_exe_unit/FPUUnit/fpu/dfma/fma/mulAddRecFNToRaw_preMul/_1766_/X (sky130_fd_sc_hd__o22a_1)
   0.3822    7.3188 v fpu_exe_unit/FPUUnit/fpu/dfma/fma/_15656_/X (sky130_fd_sc_hd__xnor3_1)
   0.3964    7.7153 v fpu_exe_unit/FPUUnit/fpu/dfma/fma/_15669_/X (sky130_fd_sc_hd__maj3_1)
   0.3777    8.0930 v fpu_exe_unit/FPUUnit/fpu/dfma/fma/_15690_/X (sky130_fd_sc_hd__maj3_1)
   0.3929    8.4858 v fpu_exe_unit/FPUUnit/fpu/dfma/fma/_15718_/X (sky130_fd_sc_hd__maj3_1)
   0.3979    8.8837 v fpu_exe_unit/FPUUnit/fpu/dfma/fma/_15741_/X (sky130_fd_sc_hd__xor3_1)
   0.1695    9.0532 ^ fpu_exe_unit/FPUUnit/fpu/dfma/fma/_15751_/Y (sky130_fd_sc_hd__nor2_1)
   0.2943    9.3475 ^ fpu_exe_unit/FPUUnit/fpu/dfma/fma/_15789_/X (sky130_fd_sc_hd__xor3_1)
   0.1440    9.4915 v fpu_exe_unit/FPUUnit/fpu/dfma/fma/_15790_/Y (sky130_fd_sc_hd__nand4bb_1)
   0.3515    9.8430 v fpu_exe_unit/FPUUnit/fpu/dfma/fma/_15837_/X (sky130_fd_sc_hd__or2_2)
   0.3724   10.2154 v fpu_exe_unit/FPUUnit/fpu/dfma/fma/_15891_/X (sky130_fd_sc_hd__maj3_1)
   0.3778   10.5932 v fpu_exe_unit/FPUUnit/fpu/dfma/fma/_15946_/X (sky130_fd_sc_hd__maj3_1)
   0.3853   10.9785 v fpu_exe_unit/FPUUnit/fpu/dfma/fma/_16018_/X (sky130_fd_sc_hd__maj3_1)
   0.3669   11.3454 v fpu_exe_unit/FPUUnit/fpu/dfma/fma/_16084_/X (sky130_fd_sc_hd__maj3_1)
   0.3753   11.7207 v fpu_exe_unit/FPUUnit/fpu/dfma/fma/_16150_/X (sky130_fd_sc_hd__maj3_1)
   0.3716   12.0924 v fpu_exe_unit/FPUUnit/fpu/dfma/fma/_16236_/X (sky130_fd_sc_hd__maj3_1)
   0.3656   12.4580 v fpu_exe_unit/FPUUnit/fpu/dfma/fma/_16331_/X (sky130_fd_sc_hd__maj3_1)
   0.3227   12.7806 ^ fpu_exe_unit/FPUUnit/fpu/dfma/fma/_16425_/Y (sky130_fd_sc_hd__o21ai_0)
   0.1187   12.8993 v fpu_exe_unit/FPUUnit/fpu/dfma/fma/_16955_/Y (sky130_fd_sc_hd__a211oi_1)
   0.3448   13.2441 ^ fpu_exe_unit/FPUUnit/fpu/dfma/fma/_16956_/Y (sky130_fd_sc_hd__o311ai_0)
   0.1911   13.4352 v fpu_exe_unit/FPUUnit/fpu/dfma/fma/_17093_/Y (sky130_fd_sc_hd__nand4_1)
   0.3235   13.7588 ^ fpu_exe_unit/FPUUnit/fpu/dfma/fma/_17388_/Y (sky130_fd_sc_hd__a211oi_1)
   0.1962   13.9550 v fpu_exe_unit/FPUUnit/fpu/dfma/fma/_17685_/Y (sky130_fd_sc_hd__o311ai_0)
   0.2651   14.2201 ^ fpu_exe_unit/FPUUnit/fpu/dfma/fma/_17989_/Y (sky130_fd_sc_hd__a211oi_1)
   0.1397   14.3598 v fpu_exe_unit/FPUUnit/fpu/dfma/fma/_18300_/Y (sky130_fd_sc_hd__o211ai_1)
   0.4212   14.7810 ^ fpu_exe_unit/FPUUnit/fpu/dfma/fma/_19021_/Y (sky130_fd_sc_hd__a2111oi_0)
   0.2639   15.0448 v fpu_exe_unit/FPUUnit/fpu/dfma/fma/_19832_/Y (sky130_fd_sc_hd__a2111oi_0)
   0.3827   15.4275 v fpu_exe_unit/FPUUnit/fpu/dfma/fma/_21839_/X (sky130_fd_sc_hd__o31a_1)
   0.3912   15.8187 ^ fpu_exe_unit/FPUUnit/fpu/dfma/fma/_22105_/Y (sky130_fd_sc_hd__o31ai_1)
   0.2506   16.0693 ^ fpu_exe_unit/FPUUnit/fpu/dfma/fma/_22629_/X (sky130_fd_sc_hd__a31o_2)
   0.1211   16.1903 v fpu_exe_unit/FPUUnit/fpu/dfma/fma/_23185_/Y (sky130_fd_sc_hd__a31oi_1)
   0.3854   16.5758 ^ fpu_exe_unit/FPUUnit/fpu/dfma/fma/_23741_/Y (sky130_fd_sc_hd__o21ai_0)
   0.1509   16.7266 v fpu_exe_unit/FPUUnit/fpu/dfma/fma/_24255_/Y (sky130_fd_sc_hd__nand3_1)
   0.1293   16.8559 ^ fpu_exe_unit/FPUUnit/fpu/dfma/fma/_24751_/Y (sky130_fd_sc_hd__nor2_1)
   0.0724   16.9283 v fpu_exe_unit/FPUUnit/fpu/dfma/fma/_24752_/Y (sky130_fd_sc_hd__nor2_1)
   0.2626   17.1908 ^ fpu_exe_unit/FPUUnit/fpu/dfma/fma/_25240_/Y (sky130_fd_sc_hd__o21ai_0)
   0.1213   17.3122 v fpu_exe_unit/FPUUnit/fpu/dfma/fma/_25483_/Y (sky130_fd_sc_hd__a21oi_1)
   0.1453   17.4575 v fpu_exe_unit/FPUUnit/fpu/dfma/fma/_25713_/Y (sky130_fd_sc_hd__xnor2_1)
   0.0870   17.5444 ^ fpu_exe_unit/FPUUnit/fpu/dfma/fma/_25714_/Y (sky130_fd_sc_hd__nor2_1)
   0.0454   17.5899 v fpu_exe_unit/FPUUnit/fpu/dfma/fma/_25715_/Y (sky130_fd_sc_hd__nor2_1)
   0.0035   17.5933 v fpu_exe_unit/FPUUnit/fpu/dfma/fma/_31097_/D (sky130_fd_sc_hd__dfxtp_1)
            17.5933   data arrival time

  20.0000   20.0000   clock clock (rise edge)
   0.0000   20.0000   clock network delay (ideal)
   0.0000   20.0000   clock reconvergence pessimism
            20.0000 ^ fpu_exe_unit/FPUUnit/fpu/dfma/fma/_31097_/CLK (sky130_fd_sc_hd__dfxtp_1)
  -0.1143   19.8857   library setup time
            19.8857   data required time
-------------------------------------------------------------
            19.8857   data required time
           -17.5933   data arrival time
-------------------------------------------------------------
             2.2923   slack (MET)


Startpoint: fpu_exe_unit/FPUUnit/fpu/dfma/_1310_
            (rising edge-triggered flip-flop clocked by clock)
Endpoint: fpu_exe_unit/FPUUnit/fpu/dfma/fma/_31095_
          (rising edge-triggered flip-flop clocked by clock)
Path Group: clock
Path Type: max

    Delay      Time   Description
-------------------------------------------------------------
   0.0000    0.0000   clock clock (rise edge)
   0.0000    0.0000   clock network delay (ideal)
   0.0000    0.0000 ^ fpu_exe_unit/FPUUnit/fpu/dfma/_1310_/CLK (sky130_fd_sc_hd__dfxtp_1)
   0.2995    0.2995 v fpu_exe_unit/FPUUnit/fpu/dfma/_1310_/Q (sky130_fd_sc_hd__dfxtp_1)
   0.1614    0.4609 v fpu_exe_unit/FPUUnit/fpu/dfma/fma/mulAddRecFNToRaw_preMul/_1092_/Y (sky130_fd_sc_hd__xnor2_1)
   0.3226    0.7835 ^ fpu_exe_unit/FPUUnit/fpu/dfma/fma/mulAddRecFNToRaw_preMul/_1094_/Y (sky130_fd_sc_hd__o21ai_0)
   0.1761    0.9596 v fpu_exe_unit/FPUUnit/fpu/dfma/fma/mulAddRecFNToRaw_preMul/_1097_/Y (sky130_fd_sc_hd__a31oi_1)
   0.4045    1.3640 v fpu_exe_unit/FPUUnit/fpu/dfma/fma/mulAddRecFNToRaw_preMul/_1098_/X (sky130_fd_sc_hd__maj3_1)
   0.3959    1.7600 v fpu_exe_unit/FPUUnit/fpu/dfma/fma/mulAddRecFNToRaw_preMul/_1099_/X (sky130_fd_sc_hd__maj3_1)
   0.3973    2.1573 v fpu_exe_unit/FPUUnit/fpu/dfma/fma/mulAddRecFNToRaw_preMul/_1100_/X (sky130_fd_sc_hd__maj3_1)
   0.4055    2.5628 v fpu_exe_unit/FPUUnit/fpu/dfma/fma/mulAddRecFNToRaw_preMul/_1101_/X (sky130_fd_sc_hd__maj3_1)
   0.3551    2.9179 v fpu_exe_unit/FPUUnit/fpu/dfma/fma/mulAddRecFNToRaw_preMul/_1121_/X (sky130_fd_sc_hd__maj3_1)
   0.2007    3.1186 v fpu_exe_unit/FPUUnit/fpu/dfma/fma/mulAddRecFNToRaw_preMul/_1122_/X (sky130_fd_sc_hd__xor2_1)
   0.1942    3.3128 ^ fpu_exe_unit/FPUUnit/fpu/dfma/fma/mulAddRecFNToRaw_preMul/_1152_/Y (sky130_fd_sc_hd__o221ai_1)
   0.1518    3.4647 v fpu_exe_unit/FPUUnit/fpu/dfma/fma/mulAddRecFNToRaw_preMul/_1158_/Y (sky130_fd_sc_hd__a32oi_1)
   0.4189    3.8835 v fpu_exe_unit/FPUUnit/fpu/dfma/fma/mulAddRecFNToRaw_preMul/_1159_/X (sky130_fd_sc_hd__maj3_1)
   0.2588    4.1424 v fpu_exe_unit/FPUUnit/fpu/dfma/fma/mulAddRecFNToRaw_preMul/_1177_/X (sky130_fd_sc_hd__o2111a_1)
   0.1835    4.3259 v fpu_exe_unit/FPUUnit/fpu/dfma/fma/mulAddRecFNToRaw_preMul/_1178_/X (sky130_fd_sc_hd__clkbuf_1)
   0.1411    4.4670 ^ fpu_exe_unit/FPUUnit/fpu/dfma/fma/mulAddRecFNToRaw_preMul/_1203_/Y (sky130_fd_sc_hd__nand4_1)
   0.3339    4.8008 ^ fpu_exe_unit/FPUUnit/fpu/dfma/fma/mulAddRecFNToRaw_preMul/_1204_/X (sky130_fd_sc_hd__lpflow_clkbufkapwr_1)
   0.3198    5.1206 ^ fpu_exe_unit/FPUUnit/fpu/dfma/fma/mulAddRecFNToRaw_preMul/_1307_/X (sky130_fd_sc_hd__buf_2)
   0.4406    5.5612 ^ fpu_exe_unit/FPUUnit/fpu/dfma/fma/mulAddRecFNToRaw_preMul/_1308_/X (sky130_fd_sc_hd__lpflow_clkbufkapwr_1)
   0.4049    5.9661 v fpu_exe_unit/FPUUnit/fpu/dfma/fma/mulAddRecFNToRaw_preMul/_1618_/X (sky130_fd_sc_hd__mux2_2)
   0.1693    6.1354 ^ fpu_exe_unit/FPUUnit/fpu/dfma/fma/mulAddRecFNToRaw_preMul/_1760_/Y (sky130_fd_sc_hd__mux2i_1)
   0.0586    6.1940 v fpu_exe_unit/FPUUnit/fpu/dfma/fma/mulAddRecFNToRaw_preMul/_1761_/Y (sky130_fd_sc_hd__nor2_1)
   0.1499    6.3440 ^ fpu_exe_unit/FPUUnit/fpu/dfma/fma/mulAddRecFNToRaw_preMul/_1762_/Y (sky130_fd_sc_hd__a21oi_1)
   0.1072    6.4511 v fpu_exe_unit/FPUUnit/fpu/dfma/fma/mulAddRecFNToRaw_preMul/_1763_/Y (sky130_fd_sc_hd__mux2i_1)
   0.2246    6.6758 ^ fpu_exe_unit/FPUUnit/fpu/dfma/fma/mulAddRecFNToRaw_preMul/_1764_/Y (sky130_fd_sc_hd__a21oi_1)
   0.0630    6.7388 v fpu_exe_unit/FPUUnit/fpu/dfma/fma/mulAddRecFNToRaw_preMul/_1765_/Y (sky130_fd_sc_hd__nor2_1)
   0.1979    6.9367 v fpu_exe_unit/FPUUnit/fpu/dfma/fma/mulAddRecFNToRaw_preMul/_1766_/X (sky130_fd_sc_hd__o22a_1)
   0.3822    7.3188 v fpu_exe_unit/FPUUnit/fpu/dfma/fma/_15656_/X (sky130_fd_sc_hd__xnor3_1)
   0.3964    7.7153 v fpu_exe_unit/FPUUnit/fpu/dfma/fma/_15669_/X (sky130_fd_sc_hd__maj3_1)
   0.3777    8.0930 v fpu_exe_unit/FPUUnit/fpu/dfma/fma/_15690_/X (sky130_fd_sc_hd__maj3_1)
   0.3929    8.4858 v fpu_exe_unit/FPUUnit/fpu/dfma/fma/_15718_/X (sky130_fd_sc_hd__maj3_1)
   0.3979    8.8837 v fpu_exe_unit/FPUUnit/fpu/dfma/fma/_15741_/X (sky130_fd_sc_hd__xor3_1)
   0.1695    9.0532 ^ fpu_exe_unit/FPUUnit/fpu/dfma/fma/_15751_/Y (sky130_fd_sc_hd__nor2_1)
   0.2943    9.3475 ^ fpu_exe_unit/FPUUnit/fpu/dfma/fma/_15789_/X (sky130_fd_sc_hd__xor3_1)
   0.1440    9.4915 v fpu_exe_unit/FPUUnit/fpu/dfma/fma/_15790_/Y (sky130_fd_sc_hd__nand4bb_1)
   0.3515    9.8430 v fpu_exe_unit/FPUUnit/fpu/dfma/fma/_15837_/X (sky130_fd_sc_hd__or2_2)
   0.3724   10.2154 v fpu_exe_unit/FPUUnit/fpu/dfma/fma/_15891_/X (sky130_fd_sc_hd__maj3_1)
   0.3778   10.5932 v fpu_exe_unit/FPUUnit/fpu/dfma/fma/_15946_/X (sky130_fd_sc_hd__maj3_1)
   0.3853   10.9785 v fpu_exe_unit/FPUUnit/fpu/dfma/fma/_16018_/X (sky130_fd_sc_hd__maj3_1)
   0.3669   11.3454 v fpu_exe_unit/FPUUnit/fpu/dfma/fma/_16084_/X (sky130_fd_sc_hd__maj3_1)
   0.3753   11.7207 v fpu_exe_unit/FPUUnit/fpu/dfma/fma/_16150_/X (sky130_fd_sc_hd__maj3_1)
   0.3716   12.0924 v fpu_exe_unit/FPUUnit/fpu/dfma/fma/_16236_/X (sky130_fd_sc_hd__maj3_1)
   0.3656   12.4580 v fpu_exe_unit/FPUUnit/fpu/dfma/fma/_16331_/X (sky130_fd_sc_hd__maj3_1)
   0.3227   12.7806 ^ fpu_exe_unit/FPUUnit/fpu/dfma/fma/_16425_/Y (sky130_fd_sc_hd__o21ai_0)
   0.1187   12.8993 v fpu_exe_unit/FPUUnit/fpu/dfma/fma/_16955_/Y (sky130_fd_sc_hd__a211oi_1)
   0.3448   13.2441 ^ fpu_exe_unit/FPUUnit/fpu/dfma/fma/_16956_/Y (sky130_fd_sc_hd__o311ai_0)
   0.1911   13.4352 v fpu_exe_unit/FPUUnit/fpu/dfma/fma/_17093_/Y (sky130_fd_sc_hd__nand4_1)
   0.3235   13.7588 ^ fpu_exe_unit/FPUUnit/fpu/dfma/fma/_17388_/Y (sky130_fd_sc_hd__a211oi_1)
   0.1962   13.9550 v fpu_exe_unit/FPUUnit/fpu/dfma/fma/_17685_/Y (sky130_fd_sc_hd__o311ai_0)
   0.2651   14.2201 ^ fpu_exe_unit/FPUUnit/fpu/dfma/fma/_17989_/Y (sky130_fd_sc_hd__a211oi_1)
   0.1397   14.3598 v fpu_exe_unit/FPUUnit/fpu/dfma/fma/_18300_/Y (sky130_fd_sc_hd__o211ai_1)
   0.4212   14.7810 ^ fpu_exe_unit/FPUUnit/fpu/dfma/fma/_19021_/Y (sky130_fd_sc_hd__a2111oi_0)
   0.2639   15.0448 v fpu_exe_unit/FPUUnit/fpu/dfma/fma/_19832_/Y (sky130_fd_sc_hd__a2111oi_0)
   0.3827   15.4275 v fpu_exe_unit/FPUUnit/fpu/dfma/fma/_21839_/X (sky130_fd_sc_hd__o31a_1)
   0.3912   15.8187 ^ fpu_exe_unit/FPUUnit/fpu/dfma/fma/_22105_/Y (sky130_fd_sc_hd__o31ai_1)
   0.2506   16.0693 ^ fpu_exe_unit/FPUUnit/fpu/dfma/fma/_22629_/X (sky130_fd_sc_hd__a31o_2)
   0.1211   16.1903 v fpu_exe_unit/FPUUnit/fpu/dfma/fma/_23185_/Y (sky130_fd_sc_hd__a31oi_1)
   0.3854   16.5758 ^ fpu_exe_unit/FPUUnit/fpu/dfma/fma/_23741_/Y (sky130_fd_sc_hd__o21ai_0)
   0.1509   16.7266 v fpu_exe_unit/FPUUnit/fpu/dfma/fma/_24255_/Y (sky130_fd_sc_hd__nand3_1)
   0.1293   16.8559 ^ fpu_exe_unit/FPUUnit/fpu/dfma/fma/_24751_/Y (sky130_fd_sc_hd__nor2_1)
   0.0724   16.9283 v fpu_exe_unit/FPUUnit/fpu/dfma/fma/_24752_/Y (sky130_fd_sc_hd__nor2_1)
   0.3678   17.2960 v fpu_exe_unit/FPUUnit/fpu/dfma/fma/_24994_/X (sky130_fd_sc_hd__maj3_1)
   0.1726   17.4686 v fpu_exe_unit/FPUUnit/fpu/dfma/fma/_25234_/X (sky130_fd_sc_hd__xor2_1)
   0.1337   17.6023 ^ fpu_exe_unit/FPUUnit/fpu/dfma/fma/_25236_/Y (sky130_fd_sc_hd__a21oi_1)
   0.0035   17.6058 ^ fpu_exe_unit/FPUUnit/fpu/dfma/fma/_31095_/D (sky130_fd_sc_hd__dfxtp_1)
            17.6058   data arrival time

  20.0000   20.0000   clock clock (rise edge)
   0.0000   20.0000   clock network delay (ideal)
   0.0000   20.0000   clock reconvergence pessimism
            20.0000 ^ fpu_exe_unit/FPUUnit/fpu/dfma/fma/_31095_/CLK (sky130_fd_sc_hd__dfxtp_1)
  -0.0711   19.9289   library setup time
            19.9289   data required time
-------------------------------------------------------------
            19.9289   data required time
           -17.6058   data arrival time
-------------------------------------------------------------
             2.3231   slack (MET)


Startpoint: fpu_exe_unit/FPUUnit/fpu/dfma/_1310_
            (rising edge-triggered flip-flop clocked by clock)
Endpoint: fpu_exe_unit/FPUUnit/fpu/dfma/fma/_31101_
          (rising edge-triggered flip-flop clocked by clock)
Path Group: clock
Path Type: max

    Delay      Time   Description
-------------------------------------------------------------
   0.0000    0.0000   clock clock (rise edge)
   0.0000    0.0000   clock network delay (ideal)
   0.0000    0.0000 ^ fpu_exe_unit/FPUUnit/fpu/dfma/_1310_/CLK (sky130_fd_sc_hd__dfxtp_1)
   0.2995    0.2995 v fpu_exe_unit/FPUUnit/fpu/dfma/_1310_/Q (sky130_fd_sc_hd__dfxtp_1)
   0.1614    0.4609 v fpu_exe_unit/FPUUnit/fpu/dfma/fma/mulAddRecFNToRaw_preMul/_1092_/Y (sky130_fd_sc_hd__xnor2_1)
   0.3226    0.7835 ^ fpu_exe_unit/FPUUnit/fpu/dfma/fma/mulAddRecFNToRaw_preMul/_1094_/Y (sky130_fd_sc_hd__o21ai_0)
   0.1761    0.9596 v fpu_exe_unit/FPUUnit/fpu/dfma/fma/mulAddRecFNToRaw_preMul/_1097_/Y (sky130_fd_sc_hd__a31oi_1)
   0.4045    1.3640 v fpu_exe_unit/FPUUnit/fpu/dfma/fma/mulAddRecFNToRaw_preMul/_1098_/X (sky130_fd_sc_hd__maj3_1)
   0.3959    1.7600 v fpu_exe_unit/FPUUnit/fpu/dfma/fma/mulAddRecFNToRaw_preMul/_1099_/X (sky130_fd_sc_hd__maj3_1)
   0.3973    2.1573 v fpu_exe_unit/FPUUnit/fpu/dfma/fma/mulAddRecFNToRaw_preMul/_1100_/X (sky130_fd_sc_hd__maj3_1)
   0.4055    2.5628 v fpu_exe_unit/FPUUnit/fpu/dfma/fma/mulAddRecFNToRaw_preMul/_1101_/X (sky130_fd_sc_hd__maj3_1)
   0.3551    2.9179 v fpu_exe_unit/FPUUnit/fpu/dfma/fma/mulAddRecFNToRaw_preMul/_1121_/X (sky130_fd_sc_hd__maj3_1)
   0.2007    3.1186 v fpu_exe_unit/FPUUnit/fpu/dfma/fma/mulAddRecFNToRaw_preMul/_1122_/X (sky130_fd_sc_hd__xor2_1)
   0.1942    3.3128 ^ fpu_exe_unit/FPUUnit/fpu/dfma/fma/mulAddRecFNToRaw_preMul/_1152_/Y (sky130_fd_sc_hd__o221ai_1)
   0.1518    3.4647 v fpu_exe_unit/FPUUnit/fpu/dfma/fma/mulAddRecFNToRaw_preMul/_1158_/Y (sky130_fd_sc_hd__a32oi_1)
   0.4189    3.8835 v fpu_exe_unit/FPUUnit/fpu/dfma/fma/mulAddRecFNToRaw_preMul/_1159_/X (sky130_fd_sc_hd__maj3_1)
   0.2588    4.1424 v fpu_exe_unit/FPUUnit/fpu/dfma/fma/mulAddRecFNToRaw_preMul/_1177_/X (sky130_fd_sc_hd__o2111a_1)
   0.1835    4.3259 v fpu_exe_unit/FPUUnit/fpu/dfma/fma/mulAddRecFNToRaw_preMul/_1178_/X (sky130_fd_sc_hd__clkbuf_1)
   0.1411    4.4670 ^ fpu_exe_unit/FPUUnit/fpu/dfma/fma/mulAddRecFNToRaw_preMul/_1203_/Y (sky130_fd_sc_hd__nand4_1)
   0.3339    4.8008 ^ fpu_exe_unit/FPUUnit/fpu/dfma/fma/mulAddRecFNToRaw_preMul/_1204_/X (sky130_fd_sc_hd__lpflow_clkbufkapwr_1)
   0.3198    5.1206 ^ fpu_exe_unit/FPUUnit/fpu/dfma/fma/mulAddRecFNToRaw_preMul/_1307_/X (sky130_fd_sc_hd__buf_2)
   0.4406    5.5612 ^ fpu_exe_unit/FPUUnit/fpu/dfma/fma/mulAddRecFNToRaw_preMul/_1308_/X (sky130_fd_sc_hd__lpflow_clkbufkapwr_1)
   0.4049    5.9661 v fpu_exe_unit/FPUUnit/fpu/dfma/fma/mulAddRecFNToRaw_preMul/_1618_/X (sky130_fd_sc_hd__mux2_2)
   0.1693    6.1354 ^ fpu_exe_unit/FPUUnit/fpu/dfma/fma/mulAddRecFNToRaw_preMul/_1760_/Y (sky130_fd_sc_hd__mux2i_1)
   0.0586    6.1940 v fpu_exe_unit/FPUUnit/fpu/dfma/fma/mulAddRecFNToRaw_preMul/_1761_/Y (sky130_fd_sc_hd__nor2_1)
   0.1499    6.3440 ^ fpu_exe_unit/FPUUnit/fpu/dfma/fma/mulAddRecFNToRaw_preMul/_1762_/Y (sky130_fd_sc_hd__a21oi_1)
   0.1072    6.4511 v fpu_exe_unit/FPUUnit/fpu/dfma/fma/mulAddRecFNToRaw_preMul/_1763_/Y (sky130_fd_sc_hd__mux2i_1)
   0.2246    6.6758 ^ fpu_exe_unit/FPUUnit/fpu/dfma/fma/mulAddRecFNToRaw_preMul/_1764_/Y (sky130_fd_sc_hd__a21oi_1)
   0.0630    6.7388 v fpu_exe_unit/FPUUnit/fpu/dfma/fma/mulAddRecFNToRaw_preMul/_1765_/Y (sky130_fd_sc_hd__nor2_1)
   0.1979    6.9367 v fpu_exe_unit/FPUUnit/fpu/dfma/fma/mulAddRecFNToRaw_preMul/_1766_/X (sky130_fd_sc_hd__o22a_1)
   0.3822    7.3188 v fpu_exe_unit/FPUUnit/fpu/dfma/fma/_15656_/X (sky130_fd_sc_hd__xnor3_1)
   0.3964    7.7153 v fpu_exe_unit/FPUUnit/fpu/dfma/fma/_15669_/X (sky130_fd_sc_hd__maj3_1)
   0.3777    8.0930 v fpu_exe_unit/FPUUnit/fpu/dfma/fma/_15690_/X (sky130_fd_sc_hd__maj3_1)
   0.3929    8.4858 v fpu_exe_unit/FPUUnit/fpu/dfma/fma/_15718_/X (sky130_fd_sc_hd__maj3_1)
   0.3979    8.8837 v fpu_exe_unit/FPUUnit/fpu/dfma/fma/_15741_/X (sky130_fd_sc_hd__xor3_1)
   0.1695    9.0532 ^ fpu_exe_unit/FPUUnit/fpu/dfma/fma/_15751_/Y (sky130_fd_sc_hd__nor2_1)
   0.2943    9.3475 ^ fpu_exe_unit/FPUUnit/fpu/dfma/fma/_15789_/X (sky130_fd_sc_hd__xor3_1)
   0.1440    9.4915 v fpu_exe_unit/FPUUnit/fpu/dfma/fma/_15790_/Y (sky130_fd_sc_hd__nand4bb_1)
   0.3515    9.8430 v fpu_exe_unit/FPUUnit/fpu/dfma/fma/_15837_/X (sky130_fd_sc_hd__or2_2)
   0.3724   10.2154 v fpu_exe_unit/FPUUnit/fpu/dfma/fma/_15891_/X (sky130_fd_sc_hd__maj3_1)
   0.3778   10.5932 v fpu_exe_unit/FPUUnit/fpu/dfma/fma/_15946_/X (sky130_fd_sc_hd__maj3_1)
   0.3853   10.9785 v fpu_exe_unit/FPUUnit/fpu/dfma/fma/_16018_/X (sky130_fd_sc_hd__maj3_1)
   0.3669   11.3454 v fpu_exe_unit/FPUUnit/fpu/dfma/fma/_16084_/X (sky130_fd_sc_hd__maj3_1)
   0.3753   11.7207 v fpu_exe_unit/FPUUnit/fpu/dfma/fma/_16150_/X (sky130_fd_sc_hd__maj3_1)
   0.3716   12.0924 v fpu_exe_unit/FPUUnit/fpu/dfma/fma/_16236_/X (sky130_fd_sc_hd__maj3_1)
   0.3656   12.4580 v fpu_exe_unit/FPUUnit/fpu/dfma/fma/_16331_/X (sky130_fd_sc_hd__maj3_1)
   0.3227   12.7806 ^ fpu_exe_unit/FPUUnit/fpu/dfma/fma/_16425_/Y (sky130_fd_sc_hd__o21ai_0)
   0.1187   12.8993 v fpu_exe_unit/FPUUnit/fpu/dfma/fma/_16955_/Y (sky130_fd_sc_hd__a211oi_1)
   0.3448   13.2441 ^ fpu_exe_unit/FPUUnit/fpu/dfma/fma/_16956_/Y (sky130_fd_sc_hd__o311ai_0)
   0.1911   13.4352 v fpu_exe_unit/FPUUnit/fpu/dfma/fma/_17093_/Y (sky130_fd_sc_hd__nand4_1)
   0.3235   13.7588 ^ fpu_exe_unit/FPUUnit/fpu/dfma/fma/_17388_/Y (sky130_fd_sc_hd__a211oi_1)
   0.1962   13.9550 v fpu_exe_unit/FPUUnit/fpu/dfma/fma/_17685_/Y (sky130_fd_sc_hd__o311ai_0)
   0.2651   14.2201 ^ fpu_exe_unit/FPUUnit/fpu/dfma/fma/_17989_/Y (sky130_fd_sc_hd__a211oi_1)
   0.1397   14.3598 v fpu_exe_unit/FPUUnit/fpu/dfma/fma/_18300_/Y (sky130_fd_sc_hd__o211ai_1)
   0.4212   14.7810 ^ fpu_exe_unit/FPUUnit/fpu/dfma/fma/_19021_/Y (sky130_fd_sc_hd__a2111oi_0)
   0.2639   15.0448 v fpu_exe_unit/FPUUnit/fpu/dfma/fma/_19832_/Y (sky130_fd_sc_hd__a2111oi_0)
   0.3827   15.4275 v fpu_exe_unit/FPUUnit/fpu/dfma/fma/_21839_/X (sky130_fd_sc_hd__o31a_1)
   0.3912   15.8187 ^ fpu_exe_unit/FPUUnit/fpu/dfma/fma/_22105_/Y (sky130_fd_sc_hd__o31ai_1)
   0.2506   16.0693 ^ fpu_exe_unit/FPUUnit/fpu/dfma/fma/_22629_/X (sky130_fd_sc_hd__a31o_2)
   0.1211   16.1903 v fpu_exe_unit/FPUUnit/fpu/dfma/fma/_23185_/Y (sky130_fd_sc_hd__a31oi_1)
   0.3854   16.5758 ^ fpu_exe_unit/FPUUnit/fpu/dfma/fma/_23741_/Y (sky130_fd_sc_hd__o21ai_0)
   0.1565   16.7322 v fpu_exe_unit/FPUUnit/fpu/dfma/fma/_25946_/Y (sky130_fd_sc_hd__nand4bb_1)
   0.1690   16.9013 v fpu_exe_unit/FPUUnit/fpu/dfma/fma/_25950_/X (sky130_fd_sc_hd__lpflow_inputiso0n_1)
   0.1480   17.0493 ^ fpu_exe_unit/FPUUnit/fpu/dfma/fma/_25951_/Y (sky130_fd_sc_hd__nor2_1)
   0.0698   17.1191 v fpu_exe_unit/FPUUnit/fpu/dfma/fma/_26181_/Y (sky130_fd_sc_hd__nand2_1)
   0.0884   17.2074 ^ fpu_exe_unit/FPUUnit/fpu/dfma/fma/_26183_/Y (sky130_fd_sc_hd__nand2_1)
   0.1267   17.3341 ^ fpu_exe_unit/FPUUnit/fpu/dfma/fma/_26408_/X (sky130_fd_sc_hd__a21o_1)
   0.1179   17.4520 ^ fpu_exe_unit/FPUUnit/fpu/dfma/fma/_26625_/Y (sky130_fd_sc_hd__xnor2_1)
   0.0787   17.5307 v fpu_exe_unit/FPUUnit/fpu/dfma/fma/_26627_/Y (sky130_fd_sc_hd__a21oi_1)
   0.0035   17.5341 v fpu_exe_unit/FPUUnit/fpu/dfma/fma/_31101_/D (sky130_fd_sc_hd__dfxtp_1)
            17.5341   data arrival time

  20.0000   20.0000   clock clock (rise edge)
   0.0000   20.0000   clock network delay (ideal)
   0.0000   20.0000   clock reconvergence pessimism
            20.0000 ^ fpu_exe_unit/FPUUnit/fpu/dfma/fma/_31101_/CLK (sky130_fd_sc_hd__dfxtp_1)
  -0.1345   19.8655   library setup time
            19.8655   data required time
-------------------------------------------------------------
            19.8655   data required time
           -17.5341   data arrival time
-------------------------------------------------------------
             2.3314   slack (MET)


Startpoint: fpu_exe_unit/FPUUnit/fpu/dfma/_1310_
            (rising edge-triggered flip-flop clocked by clock)
Endpoint: fpu_exe_unit/FPUUnit/fpu/dfma/fma/_31096_
          (rising edge-triggered flip-flop clocked by clock)
Path Group: clock
Path Type: max

    Delay      Time   Description
-------------------------------------------------------------
   0.0000    0.0000   clock clock (rise edge)
   0.0000    0.0000   clock network delay (ideal)
   0.0000    0.0000 ^ fpu_exe_unit/FPUUnit/fpu/dfma/_1310_/CLK (sky130_fd_sc_hd__dfxtp_1)
   0.2995    0.2995 v fpu_exe_unit/FPUUnit/fpu/dfma/_1310_/Q (sky130_fd_sc_hd__dfxtp_1)
   0.1614    0.4609 v fpu_exe_unit/FPUUnit/fpu/dfma/fma/mulAddRecFNToRaw_preMul/_1092_/Y (sky130_fd_sc_hd__xnor2_1)
   0.3226    0.7835 ^ fpu_exe_unit/FPUUnit/fpu/dfma/fma/mulAddRecFNToRaw_preMul/_1094_/Y (sky130_fd_sc_hd__o21ai_0)
   0.1761    0.9596 v fpu_exe_unit/FPUUnit/fpu/dfma/fma/mulAddRecFNToRaw_preMul/_1097_/Y (sky130_fd_sc_hd__a31oi_1)
   0.4045    1.3640 v fpu_exe_unit/FPUUnit/fpu/dfma/fma/mulAddRecFNToRaw_preMul/_1098_/X (sky130_fd_sc_hd__maj3_1)
   0.3959    1.7600 v fpu_exe_unit/FPUUnit/fpu/dfma/fma/mulAddRecFNToRaw_preMul/_1099_/X (sky130_fd_sc_hd__maj3_1)
   0.3973    2.1573 v fpu_exe_unit/FPUUnit/fpu/dfma/fma/mulAddRecFNToRaw_preMul/_1100_/X (sky130_fd_sc_hd__maj3_1)
   0.4055    2.5628 v fpu_exe_unit/FPUUnit/fpu/dfma/fma/mulAddRecFNToRaw_preMul/_1101_/X (sky130_fd_sc_hd__maj3_1)
   0.3551    2.9179 v fpu_exe_unit/FPUUnit/fpu/dfma/fma/mulAddRecFNToRaw_preMul/_1121_/X (sky130_fd_sc_hd__maj3_1)
   0.2007    3.1186 v fpu_exe_unit/FPUUnit/fpu/dfma/fma/mulAddRecFNToRaw_preMul/_1122_/X (sky130_fd_sc_hd__xor2_1)
   0.1942    3.3128 ^ fpu_exe_unit/FPUUnit/fpu/dfma/fma/mulAddRecFNToRaw_preMul/_1152_/Y (sky130_fd_sc_hd__o221ai_1)
   0.1518    3.4647 v fpu_exe_unit/FPUUnit/fpu/dfma/fma/mulAddRecFNToRaw_preMul/_1158_/Y (sky130_fd_sc_hd__a32oi_1)
   0.4189    3.8835 v fpu_exe_unit/FPUUnit/fpu/dfma/fma/mulAddRecFNToRaw_preMul/_1159_/X (sky130_fd_sc_hd__maj3_1)
   0.2588    4.1424 v fpu_exe_unit/FPUUnit/fpu/dfma/fma/mulAddRecFNToRaw_preMul/_1177_/X (sky130_fd_sc_hd__o2111a_1)
   0.1835    4.3259 v fpu_exe_unit/FPUUnit/fpu/dfma/fma/mulAddRecFNToRaw_preMul/_1178_/X (sky130_fd_sc_hd__clkbuf_1)
   0.1411    4.4670 ^ fpu_exe_unit/FPUUnit/fpu/dfma/fma/mulAddRecFNToRaw_preMul/_1203_/Y (sky130_fd_sc_hd__nand4_1)
   0.3339    4.8008 ^ fpu_exe_unit/FPUUnit/fpu/dfma/fma/mulAddRecFNToRaw_preMul/_1204_/X (sky130_fd_sc_hd__lpflow_clkbufkapwr_1)
   0.3198    5.1206 ^ fpu_exe_unit/FPUUnit/fpu/dfma/fma/mulAddRecFNToRaw_preMul/_1307_/X (sky130_fd_sc_hd__buf_2)
   0.4406    5.5612 ^ fpu_exe_unit/FPUUnit/fpu/dfma/fma/mulAddRecFNToRaw_preMul/_1308_/X (sky130_fd_sc_hd__lpflow_clkbufkapwr_1)
   0.4049    5.9661 v fpu_exe_unit/FPUUnit/fpu/dfma/fma/mulAddRecFNToRaw_preMul/_1618_/X (sky130_fd_sc_hd__mux2_2)
   0.1693    6.1354 ^ fpu_exe_unit/FPUUnit/fpu/dfma/fma/mulAddRecFNToRaw_preMul/_1760_/Y (sky130_fd_sc_hd__mux2i_1)
   0.0586    6.1940 v fpu_exe_unit/FPUUnit/fpu/dfma/fma/mulAddRecFNToRaw_preMul/_1761_/Y (sky130_fd_sc_hd__nor2_1)
   0.1499    6.3440 ^ fpu_exe_unit/FPUUnit/fpu/dfma/fma/mulAddRecFNToRaw_preMul/_1762_/Y (sky130_fd_sc_hd__a21oi_1)
   0.1072    6.4511 v fpu_exe_unit/FPUUnit/fpu/dfma/fma/mulAddRecFNToRaw_preMul/_1763_/Y (sky130_fd_sc_hd__mux2i_1)
   0.2246    6.6758 ^ fpu_exe_unit/FPUUnit/fpu/dfma/fma/mulAddRecFNToRaw_preMul/_1764_/Y (sky130_fd_sc_hd__a21oi_1)
   0.0630    6.7388 v fpu_exe_unit/FPUUnit/fpu/dfma/fma/mulAddRecFNToRaw_preMul/_1765_/Y (sky130_fd_sc_hd__nor2_1)
   0.1979    6.9367 v fpu_exe_unit/FPUUnit/fpu/dfma/fma/mulAddRecFNToRaw_preMul/_1766_/X (sky130_fd_sc_hd__o22a_1)
   0.3822    7.3188 v fpu_exe_unit/FPUUnit/fpu/dfma/fma/_15656_/X (sky130_fd_sc_hd__xnor3_1)
   0.3964    7.7153 v fpu_exe_unit/FPUUnit/fpu/dfma/fma/_15669_/X (sky130_fd_sc_hd__maj3_1)
   0.3777    8.0930 v fpu_exe_unit/FPUUnit/fpu/dfma/fma/_15690_/X (sky130_fd_sc_hd__maj3_1)
   0.3929    8.4858 v fpu_exe_unit/FPUUnit/fpu/dfma/fma/_15718_/X (sky130_fd_sc_hd__maj3_1)
   0.3979    8.8837 v fpu_exe_unit/FPUUnit/fpu/dfma/fma/_15741_/X (sky130_fd_sc_hd__xor3_1)
   0.1695    9.0532 ^ fpu_exe_unit/FPUUnit/fpu/dfma/fma/_15751_/Y (sky130_fd_sc_hd__nor2_1)
   0.2943    9.3475 ^ fpu_exe_unit/FPUUnit/fpu/dfma/fma/_15789_/X (sky130_fd_sc_hd__xor3_1)
   0.1440    9.4915 v fpu_exe_unit/FPUUnit/fpu/dfma/fma/_15790_/Y (sky130_fd_sc_hd__nand4bb_1)
   0.3515    9.8430 v fpu_exe_unit/FPUUnit/fpu/dfma/fma/_15837_/X (sky130_fd_sc_hd__or2_2)
   0.3724   10.2154 v fpu_exe_unit/FPUUnit/fpu/dfma/fma/_15891_/X (sky130_fd_sc_hd__maj3_1)
   0.3778   10.5932 v fpu_exe_unit/FPUUnit/fpu/dfma/fma/_15946_/X (sky130_fd_sc_hd__maj3_1)
   0.3853   10.9785 v fpu_exe_unit/FPUUnit/fpu/dfma/fma/_16018_/X (sky130_fd_sc_hd__maj3_1)
   0.3669   11.3454 v fpu_exe_unit/FPUUnit/fpu/dfma/fma/_16084_/X (sky130_fd_sc_hd__maj3_1)
   0.3753   11.7207 v fpu_exe_unit/FPUUnit/fpu/dfma/fma/_16150_/X (sky130_fd_sc_hd__maj3_1)
   0.3716   12.0924 v fpu_exe_unit/FPUUnit/fpu/dfma/fma/_16236_/X (sky130_fd_sc_hd__maj3_1)
   0.3656   12.4580 v fpu_exe_unit/FPUUnit/fpu/dfma/fma/_16331_/X (sky130_fd_sc_hd__maj3_1)
   0.3227   12.7806 ^ fpu_exe_unit/FPUUnit/fpu/dfma/fma/_16425_/Y (sky130_fd_sc_hd__o21ai_0)
   0.1187   12.8993 v fpu_exe_unit/FPUUnit/fpu/dfma/fma/_16955_/Y (sky130_fd_sc_hd__a211oi_1)
   0.3448   13.2441 ^ fpu_exe_unit/FPUUnit/fpu/dfma/fma/_16956_/Y (sky130_fd_sc_hd__o311ai_0)
   0.1911   13.4352 v fpu_exe_unit/FPUUnit/fpu/dfma/fma/_17093_/Y (sky130_fd_sc_hd__nand4_1)
   0.3235   13.7588 ^ fpu_exe_unit/FPUUnit/fpu/dfma/fma/_17388_/Y (sky130_fd_sc_hd__a211oi_1)
   0.1962   13.9550 v fpu_exe_unit/FPUUnit/fpu/dfma/fma/_17685_/Y (sky130_fd_sc_hd__o311ai_0)
   0.2651   14.2201 ^ fpu_exe_unit/FPUUnit/fpu/dfma/fma/_17989_/Y (sky130_fd_sc_hd__a211oi_1)
   0.1397   14.3598 v fpu_exe_unit/FPUUnit/fpu/dfma/fma/_18300_/Y (sky130_fd_sc_hd__o211ai_1)
   0.4212   14.7810 ^ fpu_exe_unit/FPUUnit/fpu/dfma/fma/_19021_/Y (sky130_fd_sc_hd__a2111oi_0)
   0.2639   15.0448 v fpu_exe_unit/FPUUnit/fpu/dfma/fma/_19832_/Y (sky130_fd_sc_hd__a2111oi_0)
   0.3827   15.4275 v fpu_exe_unit/FPUUnit/fpu/dfma/fma/_21839_/X (sky130_fd_sc_hd__o31a_1)
   0.3912   15.8187 ^ fpu_exe_unit/FPUUnit/fpu/dfma/fma/_22105_/Y (sky130_fd_sc_hd__o31ai_1)
   0.2506   16.0693 ^ fpu_exe_unit/FPUUnit/fpu/dfma/fma/_22629_/X (sky130_fd_sc_hd__a31o_2)
   0.1211   16.1903 v fpu_exe_unit/FPUUnit/fpu/dfma/fma/_23185_/Y (sky130_fd_sc_hd__a31oi_1)
   0.3854   16.5758 ^ fpu_exe_unit/FPUUnit/fpu/dfma/fma/_23741_/Y (sky130_fd_sc_hd__o21ai_0)
   0.1509   16.7266 v fpu_exe_unit/FPUUnit/fpu/dfma/fma/_24255_/Y (sky130_fd_sc_hd__nand3_1)
   0.1293   16.8559 ^ fpu_exe_unit/FPUUnit/fpu/dfma/fma/_24751_/Y (sky130_fd_sc_hd__nor2_1)
   0.0724   16.9283 v fpu_exe_unit/FPUUnit/fpu/dfma/fma/_24752_/Y (sky130_fd_sc_hd__nor2_1)
   0.2626   17.1908 ^ fpu_exe_unit/FPUUnit/fpu/dfma/fma/_25240_/Y (sky130_fd_sc_hd__o21ai_0)
   0.1555   17.3463 ^ fpu_exe_unit/FPUUnit/fpu/dfma/fma/_25478_/Y (sky130_fd_sc_hd__xnor2_1)
   0.0787   17.4250 v fpu_exe_unit/FPUUnit/fpu/dfma/fma/_25480_/Y (sky130_fd_sc_hd__a21oi_1)
   0.0035   17.4285 v fpu_exe_unit/FPUUnit/fpu/dfma/fma/_31096_/D (sky130_fd_sc_hd__dfxtp_1)
            17.4285   data arrival time

  20.0000   20.0000   clock clock (rise edge)
   0.0000   20.0000   clock network delay (ideal)
   0.0000   20.0000   clock reconvergence pessimism
            20.0000 ^ fpu_exe_unit/FPUUnit/fpu/dfma/fma/_31096_/CLK (sky130_fd_sc_hd__dfxtp_1)
  -0.1345   19.8655   library setup time
            19.8655   data required time
-------------------------------------------------------------
            19.8655   data required time
           -17.4285   data arrival time
-------------------------------------------------------------
             2.4371   slack (MET)


Startpoint: fpu_exe_unit/FPUUnit/fpu/dfma/_1310_
            (rising edge-triggered flip-flop clocked by clock)
Endpoint: fpu_exe_unit/FPUUnit/fpu/dfma/fma/_31100_
          (rising edge-triggered flip-flop clocked by clock)
Path Group: clock
Path Type: max

    Delay      Time   Description
-------------------------------------------------------------
   0.0000    0.0000   clock clock (rise edge)
   0.0000    0.0000   clock network delay (ideal)
   0.0000    0.0000 ^ fpu_exe_unit/FPUUnit/fpu/dfma/_1310_/CLK (sky130_fd_sc_hd__dfxtp_1)
   0.2995    0.2995 v fpu_exe_unit/FPUUnit/fpu/dfma/_1310_/Q (sky130_fd_sc_hd__dfxtp_1)
   0.1614    0.4609 v fpu_exe_unit/FPUUnit/fpu/dfma/fma/mulAddRecFNToRaw_preMul/_1092_/Y (sky130_fd_sc_hd__xnor2_1)
   0.3226    0.7835 ^ fpu_exe_unit/FPUUnit/fpu/dfma/fma/mulAddRecFNToRaw_preMul/_1094_/Y (sky130_fd_sc_hd__o21ai_0)
   0.1761    0.9596 v fpu_exe_unit/FPUUnit/fpu/dfma/fma/mulAddRecFNToRaw_preMul/_1097_/Y (sky130_fd_sc_hd__a31oi_1)
   0.4045    1.3640 v fpu_exe_unit/FPUUnit/fpu/dfma/fma/mulAddRecFNToRaw_preMul/_1098_/X (sky130_fd_sc_hd__maj3_1)
   0.3959    1.7600 v fpu_exe_unit/FPUUnit/fpu/dfma/fma/mulAddRecFNToRaw_preMul/_1099_/X (sky130_fd_sc_hd__maj3_1)
   0.3973    2.1573 v fpu_exe_unit/FPUUnit/fpu/dfma/fma/mulAddRecFNToRaw_preMul/_1100_/X (sky130_fd_sc_hd__maj3_1)
   0.4055    2.5628 v fpu_exe_unit/FPUUnit/fpu/dfma/fma/mulAddRecFNToRaw_preMul/_1101_/X (sky130_fd_sc_hd__maj3_1)
   0.3551    2.9179 v fpu_exe_unit/FPUUnit/fpu/dfma/fma/mulAddRecFNToRaw_preMul/_1121_/X (sky130_fd_sc_hd__maj3_1)
   0.2007    3.1186 v fpu_exe_unit/FPUUnit/fpu/dfma/fma/mulAddRecFNToRaw_preMul/_1122_/X (sky130_fd_sc_hd__xor2_1)
   0.1942    3.3128 ^ fpu_exe_unit/FPUUnit/fpu/dfma/fma/mulAddRecFNToRaw_preMul/_1152_/Y (sky130_fd_sc_hd__o221ai_1)
   0.1518    3.4647 v fpu_exe_unit/FPUUnit/fpu/dfma/fma/mulAddRecFNToRaw_preMul/_1158_/Y (sky130_fd_sc_hd__a32oi_1)
   0.4189    3.8835 v fpu_exe_unit/FPUUnit/fpu/dfma/fma/mulAddRecFNToRaw_preMul/_1159_/X (sky130_fd_sc_hd__maj3_1)
   0.2588    4.1424 v fpu_exe_unit/FPUUnit/fpu/dfma/fma/mulAddRecFNToRaw_preMul/_1177_/X (sky130_fd_sc_hd__o2111a_1)
   0.1835    4.3259 v fpu_exe_unit/FPUUnit/fpu/dfma/fma/mulAddRecFNToRaw_preMul/_1178_/X (sky130_fd_sc_hd__clkbuf_1)
   0.1411    4.4670 ^ fpu_exe_unit/FPUUnit/fpu/dfma/fma/mulAddRecFNToRaw_preMul/_1203_/Y (sky130_fd_sc_hd__nand4_1)
   0.3339    4.8008 ^ fpu_exe_unit/FPUUnit/fpu/dfma/fma/mulAddRecFNToRaw_preMul/_1204_/X (sky130_fd_sc_hd__lpflow_clkbufkapwr_1)
   0.3198    5.1206 ^ fpu_exe_unit/FPUUnit/fpu/dfma/fma/mulAddRecFNToRaw_preMul/_1307_/X (sky130_fd_sc_hd__buf_2)
   0.4406    5.5612 ^ fpu_exe_unit/FPUUnit/fpu/dfma/fma/mulAddRecFNToRaw_preMul/_1308_/X (sky130_fd_sc_hd__lpflow_clkbufkapwr_1)
   0.4049    5.9661 v fpu_exe_unit/FPUUnit/fpu/dfma/fma/mulAddRecFNToRaw_preMul/_1618_/X (sky130_fd_sc_hd__mux2_2)
   0.1693    6.1354 ^ fpu_exe_unit/FPUUnit/fpu/dfma/fma/mulAddRecFNToRaw_preMul/_1760_/Y (sky130_fd_sc_hd__mux2i_1)
   0.0586    6.1940 v fpu_exe_unit/FPUUnit/fpu/dfma/fma/mulAddRecFNToRaw_preMul/_1761_/Y (sky130_fd_sc_hd__nor2_1)
   0.1499    6.3440 ^ fpu_exe_unit/FPUUnit/fpu/dfma/fma/mulAddRecFNToRaw_preMul/_1762_/Y (sky130_fd_sc_hd__a21oi_1)
   0.1072    6.4511 v fpu_exe_unit/FPUUnit/fpu/dfma/fma/mulAddRecFNToRaw_preMul/_1763_/Y (sky130_fd_sc_hd__mux2i_1)
   0.2246    6.6758 ^ fpu_exe_unit/FPUUnit/fpu/dfma/fma/mulAddRecFNToRaw_preMul/_1764_/Y (sky130_fd_sc_hd__a21oi_1)
   0.0630    6.7388 v fpu_exe_unit/FPUUnit/fpu/dfma/fma/mulAddRecFNToRaw_preMul/_1765_/Y (sky130_fd_sc_hd__nor2_1)
   0.1979    6.9367 v fpu_exe_unit/FPUUnit/fpu/dfma/fma/mulAddRecFNToRaw_preMul/_1766_/X (sky130_fd_sc_hd__o22a_1)
   0.3822    7.3188 v fpu_exe_unit/FPUUnit/fpu/dfma/fma/_15656_/X (sky130_fd_sc_hd__xnor3_1)
   0.3964    7.7153 v fpu_exe_unit/FPUUnit/fpu/dfma/fma/_15669_/X (sky130_fd_sc_hd__maj3_1)
   0.3777    8.0930 v fpu_exe_unit/FPUUnit/fpu/dfma/fma/_15690_/X (sky130_fd_sc_hd__maj3_1)
   0.3929    8.4858 v fpu_exe_unit/FPUUnit/fpu/dfma/fma/_15718_/X (sky130_fd_sc_hd__maj3_1)
   0.3979    8.8837 v fpu_exe_unit/FPUUnit/fpu/dfma/fma/_15741_/X (sky130_fd_sc_hd__xor3_1)
   0.1695    9.0532 ^ fpu_exe_unit/FPUUnit/fpu/dfma/fma/_15751_/Y (sky130_fd_sc_hd__nor2_1)
   0.2943    9.3475 ^ fpu_exe_unit/FPUUnit/fpu/dfma/fma/_15789_/X (sky130_fd_sc_hd__xor3_1)
   0.1440    9.4915 v fpu_exe_unit/FPUUnit/fpu/dfma/fma/_15790_/Y (sky130_fd_sc_hd__nand4bb_1)
   0.3515    9.8430 v fpu_exe_unit/FPUUnit/fpu/dfma/fma/_15837_/X (sky130_fd_sc_hd__or2_2)
   0.3724   10.2154 v fpu_exe_unit/FPUUnit/fpu/dfma/fma/_15891_/X (sky130_fd_sc_hd__maj3_1)
   0.3778   10.5932 v fpu_exe_unit/FPUUnit/fpu/dfma/fma/_15946_/X (sky130_fd_sc_hd__maj3_1)
   0.3853   10.9785 v fpu_exe_unit/FPUUnit/fpu/dfma/fma/_16018_/X (sky130_fd_sc_hd__maj3_1)
   0.3669   11.3454 v fpu_exe_unit/FPUUnit/fpu/dfma/fma/_16084_/X (sky130_fd_sc_hd__maj3_1)
   0.3753   11.7207 v fpu_exe_unit/FPUUnit/fpu/dfma/fma/_16150_/X (sky130_fd_sc_hd__maj3_1)
   0.3716   12.0924 v fpu_exe_unit/FPUUnit/fpu/dfma/fma/_16236_/X (sky130_fd_sc_hd__maj3_1)
   0.3656   12.4580 v fpu_exe_unit/FPUUnit/fpu/dfma/fma/_16331_/X (sky130_fd_sc_hd__maj3_1)
   0.3227   12.7806 ^ fpu_exe_unit/FPUUnit/fpu/dfma/fma/_16425_/Y (sky130_fd_sc_hd__o21ai_0)
   0.1187   12.8993 v fpu_exe_unit/FPUUnit/fpu/dfma/fma/_16955_/Y (sky130_fd_sc_hd__a211oi_1)
   0.3448   13.2441 ^ fpu_exe_unit/FPUUnit/fpu/dfma/fma/_16956_/Y (sky130_fd_sc_hd__o311ai_0)
   0.1911   13.4352 v fpu_exe_unit/FPUUnit/fpu/dfma/fma/_17093_/Y (sky130_fd_sc_hd__nand4_1)
   0.3235   13.7588 ^ fpu_exe_unit/FPUUnit/fpu/dfma/fma/_17388_/Y (sky130_fd_sc_hd__a211oi_1)
   0.1962   13.9550 v fpu_exe_unit/FPUUnit/fpu/dfma/fma/_17685_/Y (sky130_fd_sc_hd__o311ai_0)
   0.2651   14.2201 ^ fpu_exe_unit/FPUUnit/fpu/dfma/fma/_17989_/Y (sky130_fd_sc_hd__a211oi_1)
   0.1397   14.3598 v fpu_exe_unit/FPUUnit/fpu/dfma/fma/_18300_/Y (sky130_fd_sc_hd__o211ai_1)
   0.4212   14.7810 ^ fpu_exe_unit/FPUUnit/fpu/dfma/fma/_19021_/Y (sky130_fd_sc_hd__a2111oi_0)
   0.2639   15.0448 v fpu_exe_unit/FPUUnit/fpu/dfma/fma/_19832_/Y (sky130_fd_sc_hd__a2111oi_0)
   0.3827   15.4275 v fpu_exe_unit/FPUUnit/fpu/dfma/fma/_21839_/X (sky130_fd_sc_hd__o31a_1)
   0.3912   15.8187 ^ fpu_exe_unit/FPUUnit/fpu/dfma/fma/_22105_/Y (sky130_fd_sc_hd__o31ai_1)
   0.2506   16.0693 ^ fpu_exe_unit/FPUUnit/fpu/dfma/fma/_22629_/X (sky130_fd_sc_hd__a31o_2)
   0.1211   16.1903 v fpu_exe_unit/FPUUnit/fpu/dfma/fma/_23185_/Y (sky130_fd_sc_hd__a31oi_1)
   0.3854   16.5758 ^ fpu_exe_unit/FPUUnit/fpu/dfma/fma/_23741_/Y (sky130_fd_sc_hd__o21ai_0)
   0.1565   16.7322 v fpu_exe_unit/FPUUnit/fpu/dfma/fma/_25946_/Y (sky130_fd_sc_hd__nand4bb_1)
   0.1690   16.9013 v fpu_exe_unit/FPUUnit/fpu/dfma/fma/_25950_/X (sky130_fd_sc_hd__lpflow_inputiso0n_1)
   0.1480   17.0493 ^ fpu_exe_unit/FPUUnit/fpu/dfma/fma/_25951_/Y (sky130_fd_sc_hd__nor2_1)
   0.0698   17.1191 v fpu_exe_unit/FPUUnit/fpu/dfma/fma/_26181_/Y (sky130_fd_sc_hd__nand2_1)
   0.0884   17.2074 ^ fpu_exe_unit/FPUUnit/fpu/dfma/fma/_26183_/Y (sky130_fd_sc_hd__nand2_1)
   0.1214   17.3288 ^ fpu_exe_unit/FPUUnit/fpu/dfma/fma/_26403_/Y (sky130_fd_sc_hd__xnor2_1)
   0.0787   17.4075 v fpu_exe_unit/FPUUnit/fpu/dfma/fma/_26406_/Y (sky130_fd_sc_hd__a21oi_1)
   0.0035   17.4110 v fpu_exe_unit/FPUUnit/fpu/dfma/fma/_31100_/D (sky130_fd_sc_hd__dfxtp_1)
            17.4110   data arrival time

  20.0000   20.0000   clock clock (rise edge)
   0.0000   20.0000   clock network delay (ideal)
   0.0000   20.0000   clock reconvergence pessimism
            20.0000 ^ fpu_exe_unit/FPUUnit/fpu/dfma/fma/_31100_/CLK (sky130_fd_sc_hd__dfxtp_1)
  -0.1345   19.8655   library setup time
            19.8655   data required time
-------------------------------------------------------------
            19.8655   data required time
           -17.4110   data arrival time
-------------------------------------------------------------
             2.4545   slack (MET)


Startpoint: fpu_exe_unit/FPUUnit/fpu/dfma/_1310_
            (rising edge-triggered flip-flop clocked by clock)
Endpoint: fpu_exe_unit/FPUUnit/fpu/dfma/fma/_31099_
          (rising edge-triggered flip-flop clocked by clock)
Path Group: clock
Path Type: max

    Delay      Time   Description
-------------------------------------------------------------
   0.0000    0.0000   clock clock (rise edge)
   0.0000    0.0000   clock network delay (ideal)
   0.0000    0.0000 ^ fpu_exe_unit/FPUUnit/fpu/dfma/_1310_/CLK (sky130_fd_sc_hd__dfxtp_1)
   0.2995    0.2995 v fpu_exe_unit/FPUUnit/fpu/dfma/_1310_/Q (sky130_fd_sc_hd__dfxtp_1)
   0.1614    0.4609 v fpu_exe_unit/FPUUnit/fpu/dfma/fma/mulAddRecFNToRaw_preMul/_1092_/Y (sky130_fd_sc_hd__xnor2_1)
   0.3226    0.7835 ^ fpu_exe_unit/FPUUnit/fpu/dfma/fma/mulAddRecFNToRaw_preMul/_1094_/Y (sky130_fd_sc_hd__o21ai_0)
   0.1761    0.9596 v fpu_exe_unit/FPUUnit/fpu/dfma/fma/mulAddRecFNToRaw_preMul/_1097_/Y (sky130_fd_sc_hd__a31oi_1)
   0.4045    1.3640 v fpu_exe_unit/FPUUnit/fpu/dfma/fma/mulAddRecFNToRaw_preMul/_1098_/X (sky130_fd_sc_hd__maj3_1)
   0.3959    1.7600 v fpu_exe_unit/FPUUnit/fpu/dfma/fma/mulAddRecFNToRaw_preMul/_1099_/X (sky130_fd_sc_hd__maj3_1)
   0.3973    2.1573 v fpu_exe_unit/FPUUnit/fpu/dfma/fma/mulAddRecFNToRaw_preMul/_1100_/X (sky130_fd_sc_hd__maj3_1)
   0.4055    2.5628 v fpu_exe_unit/FPUUnit/fpu/dfma/fma/mulAddRecFNToRaw_preMul/_1101_/X (sky130_fd_sc_hd__maj3_1)
   0.3551    2.9179 v fpu_exe_unit/FPUUnit/fpu/dfma/fma/mulAddRecFNToRaw_preMul/_1121_/X (sky130_fd_sc_hd__maj3_1)
   0.2007    3.1186 v fpu_exe_unit/FPUUnit/fpu/dfma/fma/mulAddRecFNToRaw_preMul/_1122_/X (sky130_fd_sc_hd__xor2_1)
   0.1942    3.3128 ^ fpu_exe_unit/FPUUnit/fpu/dfma/fma/mulAddRecFNToRaw_preMul/_1152_/Y (sky130_fd_sc_hd__o221ai_1)
   0.1518    3.4647 v fpu_exe_unit/FPUUnit/fpu/dfma/fma/mulAddRecFNToRaw_preMul/_1158_/Y (sky130_fd_sc_hd__a32oi_1)
   0.4189    3.8835 v fpu_exe_unit/FPUUnit/fpu/dfma/fma/mulAddRecFNToRaw_preMul/_1159_/X (sky130_fd_sc_hd__maj3_1)
   0.2588    4.1424 v fpu_exe_unit/FPUUnit/fpu/dfma/fma/mulAddRecFNToRaw_preMul/_1177_/X (sky130_fd_sc_hd__o2111a_1)
   0.1835    4.3259 v fpu_exe_unit/FPUUnit/fpu/dfma/fma/mulAddRecFNToRaw_preMul/_1178_/X (sky130_fd_sc_hd__clkbuf_1)
   0.1411    4.4670 ^ fpu_exe_unit/FPUUnit/fpu/dfma/fma/mulAddRecFNToRaw_preMul/_1203_/Y (sky130_fd_sc_hd__nand4_1)
   0.3339    4.8008 ^ fpu_exe_unit/FPUUnit/fpu/dfma/fma/mulAddRecFNToRaw_preMul/_1204_/X (sky130_fd_sc_hd__lpflow_clkbufkapwr_1)
   0.3198    5.1206 ^ fpu_exe_unit/FPUUnit/fpu/dfma/fma/mulAddRecFNToRaw_preMul/_1307_/X (sky130_fd_sc_hd__buf_2)
   0.4406    5.5612 ^ fpu_exe_unit/FPUUnit/fpu/dfma/fma/mulAddRecFNToRaw_preMul/_1308_/X (sky130_fd_sc_hd__lpflow_clkbufkapwr_1)
   0.4049    5.9661 v fpu_exe_unit/FPUUnit/fpu/dfma/fma/mulAddRecFNToRaw_preMul/_1618_/X (sky130_fd_sc_hd__mux2_2)
   0.1693    6.1354 ^ fpu_exe_unit/FPUUnit/fpu/dfma/fma/mulAddRecFNToRaw_preMul/_1760_/Y (sky130_fd_sc_hd__mux2i_1)
   0.0586    6.1940 v fpu_exe_unit/FPUUnit/fpu/dfma/fma/mulAddRecFNToRaw_preMul/_1761_/Y (sky130_fd_sc_hd__nor2_1)
   0.1499    6.3440 ^ fpu_exe_unit/FPUUnit/fpu/dfma/fma/mulAddRecFNToRaw_preMul/_1762_/Y (sky130_fd_sc_hd__a21oi_1)
   0.1072    6.4511 v fpu_exe_unit/FPUUnit/fpu/dfma/fma/mulAddRecFNToRaw_preMul/_1763_/Y (sky130_fd_sc_hd__mux2i_1)
   0.2246    6.6758 ^ fpu_exe_unit/FPUUnit/fpu/dfma/fma/mulAddRecFNToRaw_preMul/_1764_/Y (sky130_fd_sc_hd__a21oi_1)
   0.0630    6.7388 v fpu_exe_unit/FPUUnit/fpu/dfma/fma/mulAddRecFNToRaw_preMul/_1765_/Y (sky130_fd_sc_hd__nor2_1)
   0.1979    6.9367 v fpu_exe_unit/FPUUnit/fpu/dfma/fma/mulAddRecFNToRaw_preMul/_1766_/X (sky130_fd_sc_hd__o22a_1)
   0.3822    7.3188 v fpu_exe_unit/FPUUnit/fpu/dfma/fma/_15656_/X (sky130_fd_sc_hd__xnor3_1)
   0.3964    7.7153 v fpu_exe_unit/FPUUnit/fpu/dfma/fma/_15669_/X (sky130_fd_sc_hd__maj3_1)
   0.3777    8.0930 v fpu_exe_unit/FPUUnit/fpu/dfma/fma/_15690_/X (sky130_fd_sc_hd__maj3_1)
   0.3929    8.4858 v fpu_exe_unit/FPUUnit/fpu/dfma/fma/_15718_/X (sky130_fd_sc_hd__maj3_1)
   0.3979    8.8837 v fpu_exe_unit/FPUUnit/fpu/dfma/fma/_15741_/X (sky130_fd_sc_hd__xor3_1)
   0.1695    9.0532 ^ fpu_exe_unit/FPUUnit/fpu/dfma/fma/_15751_/Y (sky130_fd_sc_hd__nor2_1)
   0.2943    9.3475 ^ fpu_exe_unit/FPUUnit/fpu/dfma/fma/_15789_/X (sky130_fd_sc_hd__xor3_1)
   0.1440    9.4915 v fpu_exe_unit/FPUUnit/fpu/dfma/fma/_15790_/Y (sky130_fd_sc_hd__nand4bb_1)
   0.3515    9.8430 v fpu_exe_unit/FPUUnit/fpu/dfma/fma/_15837_/X (sky130_fd_sc_hd__or2_2)
   0.3724   10.2154 v fpu_exe_unit/FPUUnit/fpu/dfma/fma/_15891_/X (sky130_fd_sc_hd__maj3_1)
   0.3778   10.5932 v fpu_exe_unit/FPUUnit/fpu/dfma/fma/_15946_/X (sky130_fd_sc_hd__maj3_1)
   0.3853   10.9785 v fpu_exe_unit/FPUUnit/fpu/dfma/fma/_16018_/X (sky130_fd_sc_hd__maj3_1)
   0.3669   11.3454 v fpu_exe_unit/FPUUnit/fpu/dfma/fma/_16084_/X (sky130_fd_sc_hd__maj3_1)
   0.3753   11.7207 v fpu_exe_unit/FPUUnit/fpu/dfma/fma/_16150_/X (sky130_fd_sc_hd__maj3_1)
   0.3716   12.0924 v fpu_exe_unit/FPUUnit/fpu/dfma/fma/_16236_/X (sky130_fd_sc_hd__maj3_1)
   0.3656   12.4580 v fpu_exe_unit/FPUUnit/fpu/dfma/fma/_16331_/X (sky130_fd_sc_hd__maj3_1)
   0.3227   12.7806 ^ fpu_exe_unit/FPUUnit/fpu/dfma/fma/_16425_/Y (sky130_fd_sc_hd__o21ai_0)
   0.1187   12.8993 v fpu_exe_unit/FPUUnit/fpu/dfma/fma/_16955_/Y (sky130_fd_sc_hd__a211oi_1)
   0.3448   13.2441 ^ fpu_exe_unit/FPUUnit/fpu/dfma/fma/_16956_/Y (sky130_fd_sc_hd__o311ai_0)
   0.1911   13.4352 v fpu_exe_unit/FPUUnit/fpu/dfma/fma/_17093_/Y (sky130_fd_sc_hd__nand4_1)
   0.3235   13.7588 ^ fpu_exe_unit/FPUUnit/fpu/dfma/fma/_17388_/Y (sky130_fd_sc_hd__a211oi_1)
   0.1962   13.9550 v fpu_exe_unit/FPUUnit/fpu/dfma/fma/_17685_/Y (sky130_fd_sc_hd__o311ai_0)
   0.2651   14.2201 ^ fpu_exe_unit/FPUUnit/fpu/dfma/fma/_17989_/Y (sky130_fd_sc_hd__a211oi_1)
   0.1397   14.3598 v fpu_exe_unit/FPUUnit/fpu/dfma/fma/_18300_/Y (sky130_fd_sc_hd__o211ai_1)
   0.4212   14.7810 ^ fpu_exe_unit/FPUUnit/fpu/dfma/fma/_19021_/Y (sky130_fd_sc_hd__a2111oi_0)
   0.2639   15.0448 v fpu_exe_unit/FPUUnit/fpu/dfma/fma/_19832_/Y (sky130_fd_sc_hd__a2111oi_0)
   0.3827   15.4275 v fpu_exe_unit/FPUUnit/fpu/dfma/fma/_21839_/X (sky130_fd_sc_hd__o31a_1)
   0.3912   15.8187 ^ fpu_exe_unit/FPUUnit/fpu/dfma/fma/_22105_/Y (sky130_fd_sc_hd__o31ai_1)
   0.2506   16.0693 ^ fpu_exe_unit/FPUUnit/fpu/dfma/fma/_22629_/X (sky130_fd_sc_hd__a31o_2)
   0.1211   16.1903 v fpu_exe_unit/FPUUnit/fpu/dfma/fma/_23185_/Y (sky130_fd_sc_hd__a31oi_1)
   0.3854   16.5758 ^ fpu_exe_unit/FPUUnit/fpu/dfma/fma/_23741_/Y (sky130_fd_sc_hd__o21ai_0)
   0.1565   16.7322 v fpu_exe_unit/FPUUnit/fpu/dfma/fma/_25946_/Y (sky130_fd_sc_hd__nand4bb_1)
   0.1690   16.9013 v fpu_exe_unit/FPUUnit/fpu/dfma/fma/_25950_/X (sky130_fd_sc_hd__lpflow_inputiso0n_1)
   0.1480   17.0493 ^ fpu_exe_unit/FPUUnit/fpu/dfma/fma/_25951_/Y (sky130_fd_sc_hd__nor2_1)
   0.0715   17.1207 v fpu_exe_unit/FPUUnit/fpu/dfma/fma/_25956_/Y (sky130_fd_sc_hd__nor2_1)
   0.1554   17.2761 ^ fpu_exe_unit/FPUUnit/fpu/dfma/fma/_26178_/Y (sky130_fd_sc_hd__xnor2_1)
   0.0787   17.3548 v fpu_exe_unit/FPUUnit/fpu/dfma/fma/_26180_/Y (sky130_fd_sc_hd__a21oi_1)
   0.0035   17.3583 v fpu_exe_unit/FPUUnit/fpu/dfma/fma/_31099_/D (sky130_fd_sc_hd__dfxtp_1)
            17.3583   data arrival time

  20.0000   20.0000   clock clock (rise edge)
   0.0000   20.0000   clock network delay (ideal)
   0.0000   20.0000   clock reconvergence pessimism
            20.0000 ^ fpu_exe_unit/FPUUnit/fpu/dfma/fma/_31099_/CLK (sky130_fd_sc_hd__dfxtp_1)
  -0.1345   19.8655   library setup time
            19.8655   data required time
-------------------------------------------------------------
            19.8655   data required time
           -17.3583   data arrival time
-------------------------------------------------------------
             2.5073   slack (MET)


Startpoint: fpu_exe_unit/FPUUnit/fpu/dfma/_1310_
            (rising edge-triggered flip-flop clocked by clock)
Endpoint: fpu_exe_unit/FPUUnit/fpu/dfma/fma/_31094_
          (rising edge-triggered flip-flop clocked by clock)
Path Group: clock
Path Type: max

    Delay      Time   Description
-------------------------------------------------------------
   0.0000    0.0000   clock clock (rise edge)
   0.0000    0.0000   clock network delay (ideal)
   0.0000    0.0000 ^ fpu_exe_unit/FPUUnit/fpu/dfma/_1310_/CLK (sky130_fd_sc_hd__dfxtp_1)
   0.2995    0.2995 v fpu_exe_unit/FPUUnit/fpu/dfma/_1310_/Q (sky130_fd_sc_hd__dfxtp_1)
   0.1614    0.4609 v fpu_exe_unit/FPUUnit/fpu/dfma/fma/mulAddRecFNToRaw_preMul/_1092_/Y (sky130_fd_sc_hd__xnor2_1)
   0.3226    0.7835 ^ fpu_exe_unit/FPUUnit/fpu/dfma/fma/mulAddRecFNToRaw_preMul/_1094_/Y (sky130_fd_sc_hd__o21ai_0)
   0.1761    0.9596 v fpu_exe_unit/FPUUnit/fpu/dfma/fma/mulAddRecFNToRaw_preMul/_1097_/Y (sky130_fd_sc_hd__a31oi_1)
   0.4045    1.3640 v fpu_exe_unit/FPUUnit/fpu/dfma/fma/mulAddRecFNToRaw_preMul/_1098_/X (sky130_fd_sc_hd__maj3_1)
   0.3959    1.7600 v fpu_exe_unit/FPUUnit/fpu/dfma/fma/mulAddRecFNToRaw_preMul/_1099_/X (sky130_fd_sc_hd__maj3_1)
   0.3973    2.1573 v fpu_exe_unit/FPUUnit/fpu/dfma/fma/mulAddRecFNToRaw_preMul/_1100_/X (sky130_fd_sc_hd__maj3_1)
   0.4055    2.5628 v fpu_exe_unit/FPUUnit/fpu/dfma/fma/mulAddRecFNToRaw_preMul/_1101_/X (sky130_fd_sc_hd__maj3_1)
   0.3551    2.9179 v fpu_exe_unit/FPUUnit/fpu/dfma/fma/mulAddRecFNToRaw_preMul/_1121_/X (sky130_fd_sc_hd__maj3_1)
   0.2007    3.1186 v fpu_exe_unit/FPUUnit/fpu/dfma/fma/mulAddRecFNToRaw_preMul/_1122_/X (sky130_fd_sc_hd__xor2_1)
   0.1942    3.3128 ^ fpu_exe_unit/FPUUnit/fpu/dfma/fma/mulAddRecFNToRaw_preMul/_1152_/Y (sky130_fd_sc_hd__o221ai_1)
   0.1518    3.4647 v fpu_exe_unit/FPUUnit/fpu/dfma/fma/mulAddRecFNToRaw_preMul/_1158_/Y (sky130_fd_sc_hd__a32oi_1)
   0.4189    3.8835 v fpu_exe_unit/FPUUnit/fpu/dfma/fma/mulAddRecFNToRaw_preMul/_1159_/X (sky130_fd_sc_hd__maj3_1)
   0.2588    4.1424 v fpu_exe_unit/FPUUnit/fpu/dfma/fma/mulAddRecFNToRaw_preMul/_1177_/X (sky130_fd_sc_hd__o2111a_1)
   0.1835    4.3259 v fpu_exe_unit/FPUUnit/fpu/dfma/fma/mulAddRecFNToRaw_preMul/_1178_/X (sky130_fd_sc_hd__clkbuf_1)
   0.1411    4.4670 ^ fpu_exe_unit/FPUUnit/fpu/dfma/fma/mulAddRecFNToRaw_preMul/_1203_/Y (sky130_fd_sc_hd__nand4_1)
   0.3339    4.8008 ^ fpu_exe_unit/FPUUnit/fpu/dfma/fma/mulAddRecFNToRaw_preMul/_1204_/X (sky130_fd_sc_hd__lpflow_clkbufkapwr_1)
   0.3198    5.1206 ^ fpu_exe_unit/FPUUnit/fpu/dfma/fma/mulAddRecFNToRaw_preMul/_1307_/X (sky130_fd_sc_hd__buf_2)
   0.4406    5.5612 ^ fpu_exe_unit/FPUUnit/fpu/dfma/fma/mulAddRecFNToRaw_preMul/_1308_/X (sky130_fd_sc_hd__lpflow_clkbufkapwr_1)
   0.4049    5.9661 v fpu_exe_unit/FPUUnit/fpu/dfma/fma/mulAddRecFNToRaw_preMul/_1618_/X (sky130_fd_sc_hd__mux2_2)
   0.1693    6.1354 ^ fpu_exe_unit/FPUUnit/fpu/dfma/fma/mulAddRecFNToRaw_preMul/_1760_/Y (sky130_fd_sc_hd__mux2i_1)
   0.0586    6.1940 v fpu_exe_unit/FPUUnit/fpu/dfma/fma/mulAddRecFNToRaw_preMul/_1761_/Y (sky130_fd_sc_hd__nor2_1)
   0.1499    6.3440 ^ fpu_exe_unit/FPUUnit/fpu/dfma/fma/mulAddRecFNToRaw_preMul/_1762_/Y (sky130_fd_sc_hd__a21oi_1)
   0.1072    6.4511 v fpu_exe_unit/FPUUnit/fpu/dfma/fma/mulAddRecFNToRaw_preMul/_1763_/Y (sky130_fd_sc_hd__mux2i_1)
   0.2246    6.6758 ^ fpu_exe_unit/FPUUnit/fpu/dfma/fma/mulAddRecFNToRaw_preMul/_1764_/Y (sky130_fd_sc_hd__a21oi_1)
   0.0630    6.7388 v fpu_exe_unit/FPUUnit/fpu/dfma/fma/mulAddRecFNToRaw_preMul/_1765_/Y (sky130_fd_sc_hd__nor2_1)
   0.1979    6.9367 v fpu_exe_unit/FPUUnit/fpu/dfma/fma/mulAddRecFNToRaw_preMul/_1766_/X (sky130_fd_sc_hd__o22a_1)
   0.3822    7.3188 v fpu_exe_unit/FPUUnit/fpu/dfma/fma/_15656_/X (sky130_fd_sc_hd__xnor3_1)
   0.3964    7.7153 v fpu_exe_unit/FPUUnit/fpu/dfma/fma/_15669_/X (sky130_fd_sc_hd__maj3_1)
   0.3777    8.0930 v fpu_exe_unit/FPUUnit/fpu/dfma/fma/_15690_/X (sky130_fd_sc_hd__maj3_1)
   0.3929    8.4858 v fpu_exe_unit/FPUUnit/fpu/dfma/fma/_15718_/X (sky130_fd_sc_hd__maj3_1)
   0.3979    8.8837 v fpu_exe_unit/FPUUnit/fpu/dfma/fma/_15741_/X (sky130_fd_sc_hd__xor3_1)
   0.1695    9.0532 ^ fpu_exe_unit/FPUUnit/fpu/dfma/fma/_15751_/Y (sky130_fd_sc_hd__nor2_1)
   0.2943    9.3475 ^ fpu_exe_unit/FPUUnit/fpu/dfma/fma/_15789_/X (sky130_fd_sc_hd__xor3_1)
   0.1440    9.4915 v fpu_exe_unit/FPUUnit/fpu/dfma/fma/_15790_/Y (sky130_fd_sc_hd__nand4bb_1)
   0.3515    9.8430 v fpu_exe_unit/FPUUnit/fpu/dfma/fma/_15837_/X (sky130_fd_sc_hd__or2_2)
   0.3724   10.2154 v fpu_exe_unit/FPUUnit/fpu/dfma/fma/_15891_/X (sky130_fd_sc_hd__maj3_1)
   0.3778   10.5932 v fpu_exe_unit/FPUUnit/fpu/dfma/fma/_15946_/X (sky130_fd_sc_hd__maj3_1)
   0.3853   10.9785 v fpu_exe_unit/FPUUnit/fpu/dfma/fma/_16018_/X (sky130_fd_sc_hd__maj3_1)
   0.3669   11.3454 v fpu_exe_unit/FPUUnit/fpu/dfma/fma/_16084_/X (sky130_fd_sc_hd__maj3_1)
   0.3753   11.7207 v fpu_exe_unit/FPUUnit/fpu/dfma/fma/_16150_/X (sky130_fd_sc_hd__maj3_1)
   0.3716   12.0924 v fpu_exe_unit/FPUUnit/fpu/dfma/fma/_16236_/X (sky130_fd_sc_hd__maj3_1)
   0.3656   12.4580 v fpu_exe_unit/FPUUnit/fpu/dfma/fma/_16331_/X (sky130_fd_sc_hd__maj3_1)
   0.3227   12.7806 ^ fpu_exe_unit/FPUUnit/fpu/dfma/fma/_16425_/Y (sky130_fd_sc_hd__o21ai_0)
   0.1187   12.8993 v fpu_exe_unit/FPUUnit/fpu/dfma/fma/_16955_/Y (sky130_fd_sc_hd__a211oi_1)
   0.3448   13.2441 ^ fpu_exe_unit/FPUUnit/fpu/dfma/fma/_16956_/Y (sky130_fd_sc_hd__o311ai_0)
   0.1911   13.4352 v fpu_exe_unit/FPUUnit/fpu/dfma/fma/_17093_/Y (sky130_fd_sc_hd__nand4_1)
   0.3235   13.7588 ^ fpu_exe_unit/FPUUnit/fpu/dfma/fma/_17388_/Y (sky130_fd_sc_hd__a211oi_1)
   0.1962   13.9550 v fpu_exe_unit/FPUUnit/fpu/dfma/fma/_17685_/Y (sky130_fd_sc_hd__o311ai_0)
   0.2651   14.2201 ^ fpu_exe_unit/FPUUnit/fpu/dfma/fma/_17989_/Y (sky130_fd_sc_hd__a211oi_1)
   0.1397   14.3598 v fpu_exe_unit/FPUUnit/fpu/dfma/fma/_18300_/Y (sky130_fd_sc_hd__o211ai_1)
   0.4212   14.7810 ^ fpu_exe_unit/FPUUnit/fpu/dfma/fma/_19021_/Y (sky130_fd_sc_hd__a2111oi_0)
   0.2639   15.0448 v fpu_exe_unit/FPUUnit/fpu/dfma/fma/_19832_/Y (sky130_fd_sc_hd__a2111oi_0)
   0.3827   15.4275 v fpu_exe_unit/FPUUnit/fpu/dfma/fma/_21839_/X (sky130_fd_sc_hd__o31a_1)
   0.3912   15.8187 ^ fpu_exe_unit/FPUUnit/fpu/dfma/fma/_22105_/Y (sky130_fd_sc_hd__o31ai_1)
   0.2506   16.0693 ^ fpu_exe_unit/FPUUnit/fpu/dfma/fma/_22629_/X (sky130_fd_sc_hd__a31o_2)
   0.1211   16.1903 v fpu_exe_unit/FPUUnit/fpu/dfma/fma/_23185_/Y (sky130_fd_sc_hd__a31oi_1)
   0.3854   16.5758 ^ fpu_exe_unit/FPUUnit/fpu/dfma/fma/_23741_/Y (sky130_fd_sc_hd__o21ai_0)
   0.1509   16.7266 v fpu_exe_unit/FPUUnit/fpu/dfma/fma/_24255_/Y (sky130_fd_sc_hd__nand3_1)
   0.1293   16.8559 ^ fpu_exe_unit/FPUUnit/fpu/dfma/fma/_24751_/Y (sky130_fd_sc_hd__nor2_1)
   0.0724   16.9283 v fpu_exe_unit/FPUUnit/fpu/dfma/fma/_24752_/Y (sky130_fd_sc_hd__nor2_1)
   0.1700   17.0983 v fpu_exe_unit/FPUUnit/fpu/dfma/fma/_24990_/X (sky130_fd_sc_hd__xor2_1)
   0.1358   17.2341 ^ fpu_exe_unit/FPUUnit/fpu/dfma/fma/_24992_/Y (sky130_fd_sc_hd__a21oi_1)
   0.0035   17.2375 ^ fpu_exe_unit/FPUUnit/fpu/dfma/fma/_31094_/D (sky130_fd_sc_hd__dfxtp_1)
            17.2375   data arrival time

  20.0000   20.0000   clock clock (rise edge)
   0.0000   20.0000   clock network delay (ideal)
   0.0000   20.0000   clock reconvergence pessimism
            20.0000 ^ fpu_exe_unit/FPUUnit/fpu/dfma/fma/_31094_/CLK (sky130_fd_sc_hd__dfxtp_1)
  -0.0711   19.9289   library setup time
            19.9289   data required time
-------------------------------------------------------------
            19.9289   data required time
           -17.2375   data arrival time
-------------------------------------------------------------
             2.6914   slack (MET)


Startpoint: fpu_exe_unit/FPUUnit/fpu/dfma/_1310_
            (rising edge-triggered flip-flop clocked by clock)
Endpoint: fpu_exe_unit/FPUUnit/fpu/dfma/fma/_31093_
          (rising edge-triggered flip-flop clocked by clock)
Path Group: clock
Path Type: max

    Delay      Time   Description
-------------------------------------------------------------
   0.0000    0.0000   clock clock (rise edge)
   0.0000    0.0000   clock network delay (ideal)
   0.0000    0.0000 ^ fpu_exe_unit/FPUUnit/fpu/dfma/_1310_/CLK (sky130_fd_sc_hd__dfxtp_1)
   0.2995    0.2995 v fpu_exe_unit/FPUUnit/fpu/dfma/_1310_/Q (sky130_fd_sc_hd__dfxtp_1)
   0.1614    0.4609 v fpu_exe_unit/FPUUnit/fpu/dfma/fma/mulAddRecFNToRaw_preMul/_1092_/Y (sky130_fd_sc_hd__xnor2_1)
   0.3226    0.7835 ^ fpu_exe_unit/FPUUnit/fpu/dfma/fma/mulAddRecFNToRaw_preMul/_1094_/Y (sky130_fd_sc_hd__o21ai_0)
   0.1761    0.9596 v fpu_exe_unit/FPUUnit/fpu/dfma/fma/mulAddRecFNToRaw_preMul/_1097_/Y (sky130_fd_sc_hd__a31oi_1)
   0.4045    1.3640 v fpu_exe_unit/FPUUnit/fpu/dfma/fma/mulAddRecFNToRaw_preMul/_1098_/X (sky130_fd_sc_hd__maj3_1)
   0.3959    1.7600 v fpu_exe_unit/FPUUnit/fpu/dfma/fma/mulAddRecFNToRaw_preMul/_1099_/X (sky130_fd_sc_hd__maj3_1)
   0.3973    2.1573 v fpu_exe_unit/FPUUnit/fpu/dfma/fma/mulAddRecFNToRaw_preMul/_1100_/X (sky130_fd_sc_hd__maj3_1)
   0.4055    2.5628 v fpu_exe_unit/FPUUnit/fpu/dfma/fma/mulAddRecFNToRaw_preMul/_1101_/X (sky130_fd_sc_hd__maj3_1)
   0.3551    2.9179 v fpu_exe_unit/FPUUnit/fpu/dfma/fma/mulAddRecFNToRaw_preMul/_1121_/X (sky130_fd_sc_hd__maj3_1)
   0.2007    3.1186 v fpu_exe_unit/FPUUnit/fpu/dfma/fma/mulAddRecFNToRaw_preMul/_1122_/X (sky130_fd_sc_hd__xor2_1)
   0.1942    3.3128 ^ fpu_exe_unit/FPUUnit/fpu/dfma/fma/mulAddRecFNToRaw_preMul/_1152_/Y (sky130_fd_sc_hd__o221ai_1)
   0.1518    3.4647 v fpu_exe_unit/FPUUnit/fpu/dfma/fma/mulAddRecFNToRaw_preMul/_1158_/Y (sky130_fd_sc_hd__a32oi_1)
   0.4189    3.8835 v fpu_exe_unit/FPUUnit/fpu/dfma/fma/mulAddRecFNToRaw_preMul/_1159_/X (sky130_fd_sc_hd__maj3_1)
   0.2588    4.1424 v fpu_exe_unit/FPUUnit/fpu/dfma/fma/mulAddRecFNToRaw_preMul/_1177_/X (sky130_fd_sc_hd__o2111a_1)
   0.1835    4.3259 v fpu_exe_unit/FPUUnit/fpu/dfma/fma/mulAddRecFNToRaw_preMul/_1178_/X (sky130_fd_sc_hd__clkbuf_1)
   0.1411    4.4670 ^ fpu_exe_unit/FPUUnit/fpu/dfma/fma/mulAddRecFNToRaw_preMul/_1203_/Y (sky130_fd_sc_hd__nand4_1)
   0.3339    4.8008 ^ fpu_exe_unit/FPUUnit/fpu/dfma/fma/mulAddRecFNToRaw_preMul/_1204_/X (sky130_fd_sc_hd__lpflow_clkbufkapwr_1)
   0.3198    5.1206 ^ fpu_exe_unit/FPUUnit/fpu/dfma/fma/mulAddRecFNToRaw_preMul/_1307_/X (sky130_fd_sc_hd__buf_2)
   0.4406    5.5612 ^ fpu_exe_unit/FPUUnit/fpu/dfma/fma/mulAddRecFNToRaw_preMul/_1308_/X (sky130_fd_sc_hd__lpflow_clkbufkapwr_1)
   0.4049    5.9661 v fpu_exe_unit/FPUUnit/fpu/dfma/fma/mulAddRecFNToRaw_preMul/_1618_/X (sky130_fd_sc_hd__mux2_2)
   0.1693    6.1354 ^ fpu_exe_unit/FPUUnit/fpu/dfma/fma/mulAddRecFNToRaw_preMul/_1760_/Y (sky130_fd_sc_hd__mux2i_1)
   0.0586    6.1940 v fpu_exe_unit/FPUUnit/fpu/dfma/fma/mulAddRecFNToRaw_preMul/_1761_/Y (sky130_fd_sc_hd__nor2_1)
   0.1499    6.3440 ^ fpu_exe_unit/FPUUnit/fpu/dfma/fma/mulAddRecFNToRaw_preMul/_1762_/Y (sky130_fd_sc_hd__a21oi_1)
   0.1072    6.4511 v fpu_exe_unit/FPUUnit/fpu/dfma/fma/mulAddRecFNToRaw_preMul/_1763_/Y (sky130_fd_sc_hd__mux2i_1)
   0.2246    6.6758 ^ fpu_exe_unit/FPUUnit/fpu/dfma/fma/mulAddRecFNToRaw_preMul/_1764_/Y (sky130_fd_sc_hd__a21oi_1)
   0.0630    6.7388 v fpu_exe_unit/FPUUnit/fpu/dfma/fma/mulAddRecFNToRaw_preMul/_1765_/Y (sky130_fd_sc_hd__nor2_1)
   0.1979    6.9367 v fpu_exe_unit/FPUUnit/fpu/dfma/fma/mulAddRecFNToRaw_preMul/_1766_/X (sky130_fd_sc_hd__o22a_1)
   0.3822    7.3188 v fpu_exe_unit/FPUUnit/fpu/dfma/fma/_15656_/X (sky130_fd_sc_hd__xnor3_1)
   0.3964    7.7153 v fpu_exe_unit/FPUUnit/fpu/dfma/fma/_15669_/X (sky130_fd_sc_hd__maj3_1)
   0.3777    8.0930 v fpu_exe_unit/FPUUnit/fpu/dfma/fma/_15690_/X (sky130_fd_sc_hd__maj3_1)
   0.3929    8.4858 v fpu_exe_unit/FPUUnit/fpu/dfma/fma/_15718_/X (sky130_fd_sc_hd__maj3_1)
   0.3979    8.8837 v fpu_exe_unit/FPUUnit/fpu/dfma/fma/_15741_/X (sky130_fd_sc_hd__xor3_1)
   0.1695    9.0532 ^ fpu_exe_unit/FPUUnit/fpu/dfma/fma/_15751_/Y (sky130_fd_sc_hd__nor2_1)
   0.2943    9.3475 ^ fpu_exe_unit/FPUUnit/fpu/dfma/fma/_15789_/X (sky130_fd_sc_hd__xor3_1)
   0.1440    9.4915 v fpu_exe_unit/FPUUnit/fpu/dfma/fma/_15790_/Y (sky130_fd_sc_hd__nand4bb_1)
   0.3515    9.8430 v fpu_exe_unit/FPUUnit/fpu/dfma/fma/_15837_/X (sky130_fd_sc_hd__or2_2)
   0.3724   10.2154 v fpu_exe_unit/FPUUnit/fpu/dfma/fma/_15891_/X (sky130_fd_sc_hd__maj3_1)
   0.3778   10.5932 v fpu_exe_unit/FPUUnit/fpu/dfma/fma/_15946_/X (sky130_fd_sc_hd__maj3_1)
   0.3853   10.9785 v fpu_exe_unit/FPUUnit/fpu/dfma/fma/_16018_/X (sky130_fd_sc_hd__maj3_1)
   0.3669   11.3454 v fpu_exe_unit/FPUUnit/fpu/dfma/fma/_16084_/X (sky130_fd_sc_hd__maj3_1)
   0.3753   11.7207 v fpu_exe_unit/FPUUnit/fpu/dfma/fma/_16150_/X (sky130_fd_sc_hd__maj3_1)
   0.3716   12.0924 v fpu_exe_unit/FPUUnit/fpu/dfma/fma/_16236_/X (sky130_fd_sc_hd__maj3_1)
   0.3656   12.4580 v fpu_exe_unit/FPUUnit/fpu/dfma/fma/_16331_/X (sky130_fd_sc_hd__maj3_1)
   0.3227   12.7806 ^ fpu_exe_unit/FPUUnit/fpu/dfma/fma/_16425_/Y (sky130_fd_sc_hd__o21ai_0)
   0.1187   12.8993 v fpu_exe_unit/FPUUnit/fpu/dfma/fma/_16955_/Y (sky130_fd_sc_hd__a211oi_1)
   0.3448   13.2441 ^ fpu_exe_unit/FPUUnit/fpu/dfma/fma/_16956_/Y (sky130_fd_sc_hd__o311ai_0)
   0.1911   13.4352 v fpu_exe_unit/FPUUnit/fpu/dfma/fma/_17093_/Y (sky130_fd_sc_hd__nand4_1)
   0.3235   13.7588 ^ fpu_exe_unit/FPUUnit/fpu/dfma/fma/_17388_/Y (sky130_fd_sc_hd__a211oi_1)
   0.1962   13.9550 v fpu_exe_unit/FPUUnit/fpu/dfma/fma/_17685_/Y (sky130_fd_sc_hd__o311ai_0)
   0.2651   14.2201 ^ fpu_exe_unit/FPUUnit/fpu/dfma/fma/_17989_/Y (sky130_fd_sc_hd__a211oi_1)
   0.1397   14.3598 v fpu_exe_unit/FPUUnit/fpu/dfma/fma/_18300_/Y (sky130_fd_sc_hd__o211ai_1)
   0.4212   14.7810 ^ fpu_exe_unit/FPUUnit/fpu/dfma/fma/_19021_/Y (sky130_fd_sc_hd__a2111oi_0)
   0.2639   15.0448 v fpu_exe_unit/FPUUnit/fpu/dfma/fma/_19832_/Y (sky130_fd_sc_hd__a2111oi_0)
   0.3827   15.4275 v fpu_exe_unit/FPUUnit/fpu/dfma/fma/_21839_/X (sky130_fd_sc_hd__o31a_1)
   0.3912   15.8187 ^ fpu_exe_unit/FPUUnit/fpu/dfma/fma/_22105_/Y (sky130_fd_sc_hd__o31ai_1)
   0.2506   16.0693 ^ fpu_exe_unit/FPUUnit/fpu/dfma/fma/_22629_/X (sky130_fd_sc_hd__a31o_2)
   0.1211   16.1903 v fpu_exe_unit/FPUUnit/fpu/dfma/fma/_23185_/Y (sky130_fd_sc_hd__a31oi_1)
   0.3854   16.5758 ^ fpu_exe_unit/FPUUnit/fpu/dfma/fma/_23741_/Y (sky130_fd_sc_hd__o21ai_0)
   0.1509   16.7266 v fpu_exe_unit/FPUUnit/fpu/dfma/fma/_24255_/Y (sky130_fd_sc_hd__nand3_1)
   0.1197   16.8464 ^ fpu_exe_unit/FPUUnit/fpu/dfma/fma/_24257_/Y (sky130_fd_sc_hd__nand2_1)
   0.0783   16.9247 v fpu_exe_unit/FPUUnit/fpu/dfma/fma/_24505_/Y (sky130_fd_sc_hd__a21oi_1)
   0.1716   17.0963 v fpu_exe_unit/FPUUnit/fpu/dfma/fma/_24744_/X (sky130_fd_sc_hd__xor2_1)
   0.1358   17.2322 ^ fpu_exe_unit/FPUUnit/fpu/dfma/fma/_24746_/Y (sky130_fd_sc_hd__a21oi_1)
   0.0035   17.2356 ^ fpu_exe_unit/FPUUnit/fpu/dfma/fma/_31093_/D (sky130_fd_sc_hd__dfxtp_1)
            17.2356   data arrival time

  20.0000   20.0000   clock clock (rise edge)
   0.0000   20.0000   clock network delay (ideal)
   0.0000   20.0000   clock reconvergence pessimism
            20.0000 ^ fpu_exe_unit/FPUUnit/fpu/dfma/fma/_31093_/CLK (sky130_fd_sc_hd__dfxtp_1)
  -0.0711   19.9289   library setup time
            19.9289   data required time
-------------------------------------------------------------
            19.9289   data required time
           -17.2356   data arrival time
-------------------------------------------------------------
             2.6933   slack (MET)


Startpoint: fpu_exe_unit/FPUUnit/fpu/dfma/_1310_
            (rising edge-triggered flip-flop clocked by clock)
Endpoint: fpu_exe_unit/FPUUnit/fpu/dfma/fma/_31098_
          (rising edge-triggered flip-flop clocked by clock)
Path Group: clock
Path Type: max

    Delay      Time   Description
-------------------------------------------------------------
   0.0000    0.0000   clock clock (rise edge)
   0.0000    0.0000   clock network delay (ideal)
   0.0000    0.0000 ^ fpu_exe_unit/FPUUnit/fpu/dfma/_1310_/CLK (sky130_fd_sc_hd__dfxtp_1)
   0.2995    0.2995 v fpu_exe_unit/FPUUnit/fpu/dfma/_1310_/Q (sky130_fd_sc_hd__dfxtp_1)
   0.1614    0.4609 v fpu_exe_unit/FPUUnit/fpu/dfma/fma/mulAddRecFNToRaw_preMul/_1092_/Y (sky130_fd_sc_hd__xnor2_1)
   0.3226    0.7835 ^ fpu_exe_unit/FPUUnit/fpu/dfma/fma/mulAddRecFNToRaw_preMul/_1094_/Y (sky130_fd_sc_hd__o21ai_0)
   0.1761    0.9596 v fpu_exe_unit/FPUUnit/fpu/dfma/fma/mulAddRecFNToRaw_preMul/_1097_/Y (sky130_fd_sc_hd__a31oi_1)
   0.4045    1.3640 v fpu_exe_unit/FPUUnit/fpu/dfma/fma/mulAddRecFNToRaw_preMul/_1098_/X (sky130_fd_sc_hd__maj3_1)
   0.3959    1.7600 v fpu_exe_unit/FPUUnit/fpu/dfma/fma/mulAddRecFNToRaw_preMul/_1099_/X (sky130_fd_sc_hd__maj3_1)
   0.3973    2.1573 v fpu_exe_unit/FPUUnit/fpu/dfma/fma/mulAddRecFNToRaw_preMul/_1100_/X (sky130_fd_sc_hd__maj3_1)
   0.4055    2.5628 v fpu_exe_unit/FPUUnit/fpu/dfma/fma/mulAddRecFNToRaw_preMul/_1101_/X (sky130_fd_sc_hd__maj3_1)
   0.3551    2.9179 v fpu_exe_unit/FPUUnit/fpu/dfma/fma/mulAddRecFNToRaw_preMul/_1121_/X (sky130_fd_sc_hd__maj3_1)
   0.2007    3.1186 v fpu_exe_unit/FPUUnit/fpu/dfma/fma/mulAddRecFNToRaw_preMul/_1122_/X (sky130_fd_sc_hd__xor2_1)
   0.1942    3.3128 ^ fpu_exe_unit/FPUUnit/fpu/dfma/fma/mulAddRecFNToRaw_preMul/_1152_/Y (sky130_fd_sc_hd__o221ai_1)
   0.1518    3.4647 v fpu_exe_unit/FPUUnit/fpu/dfma/fma/mulAddRecFNToRaw_preMul/_1158_/Y (sky130_fd_sc_hd__a32oi_1)
   0.4189    3.8835 v fpu_exe_unit/FPUUnit/fpu/dfma/fma/mulAddRecFNToRaw_preMul/_1159_/X (sky130_fd_sc_hd__maj3_1)
   0.2588    4.1424 v fpu_exe_unit/FPUUnit/fpu/dfma/fma/mulAddRecFNToRaw_preMul/_1177_/X (sky130_fd_sc_hd__o2111a_1)
   0.1835    4.3259 v fpu_exe_unit/FPUUnit/fpu/dfma/fma/mulAddRecFNToRaw_preMul/_1178_/X (sky130_fd_sc_hd__clkbuf_1)
   0.1411    4.4670 ^ fpu_exe_unit/FPUUnit/fpu/dfma/fma/mulAddRecFNToRaw_preMul/_1203_/Y (sky130_fd_sc_hd__nand4_1)
   0.3339    4.8008 ^ fpu_exe_unit/FPUUnit/fpu/dfma/fma/mulAddRecFNToRaw_preMul/_1204_/X (sky130_fd_sc_hd__lpflow_clkbufkapwr_1)
   0.3198    5.1206 ^ fpu_exe_unit/FPUUnit/fpu/dfma/fma/mulAddRecFNToRaw_preMul/_1307_/X (sky130_fd_sc_hd__buf_2)
   0.4406    5.5612 ^ fpu_exe_unit/FPUUnit/fpu/dfma/fma/mulAddRecFNToRaw_preMul/_1308_/X (sky130_fd_sc_hd__lpflow_clkbufkapwr_1)
   0.4049    5.9661 v fpu_exe_unit/FPUUnit/fpu/dfma/fma/mulAddRecFNToRaw_preMul/_1618_/X (sky130_fd_sc_hd__mux2_2)
   0.1693    6.1354 ^ fpu_exe_unit/FPUUnit/fpu/dfma/fma/mulAddRecFNToRaw_preMul/_1760_/Y (sky130_fd_sc_hd__mux2i_1)
   0.0586    6.1940 v fpu_exe_unit/FPUUnit/fpu/dfma/fma/mulAddRecFNToRaw_preMul/_1761_/Y (sky130_fd_sc_hd__nor2_1)
   0.1499    6.3440 ^ fpu_exe_unit/FPUUnit/fpu/dfma/fma/mulAddRecFNToRaw_preMul/_1762_/Y (sky130_fd_sc_hd__a21oi_1)
   0.1072    6.4511 v fpu_exe_unit/FPUUnit/fpu/dfma/fma/mulAddRecFNToRaw_preMul/_1763_/Y (sky130_fd_sc_hd__mux2i_1)
   0.2246    6.6758 ^ fpu_exe_unit/FPUUnit/fpu/dfma/fma/mulAddRecFNToRaw_preMul/_1764_/Y (sky130_fd_sc_hd__a21oi_1)
   0.0630    6.7388 v fpu_exe_unit/FPUUnit/fpu/dfma/fma/mulAddRecFNToRaw_preMul/_1765_/Y (sky130_fd_sc_hd__nor2_1)
   0.1979    6.9367 v fpu_exe_unit/FPUUnit/fpu/dfma/fma/mulAddRecFNToRaw_preMul/_1766_/X (sky130_fd_sc_hd__o22a_1)
   0.3822    7.3188 v fpu_exe_unit/FPUUnit/fpu/dfma/fma/_15656_/X (sky130_fd_sc_hd__xnor3_1)
   0.3964    7.7153 v fpu_exe_unit/FPUUnit/fpu/dfma/fma/_15669_/X (sky130_fd_sc_hd__maj3_1)
   0.3777    8.0930 v fpu_exe_unit/FPUUnit/fpu/dfma/fma/_15690_/X (sky130_fd_sc_hd__maj3_1)
   0.3929    8.4858 v fpu_exe_unit/FPUUnit/fpu/dfma/fma/_15718_/X (sky130_fd_sc_hd__maj3_1)
   0.3979    8.8837 v fpu_exe_unit/FPUUnit/fpu/dfma/fma/_15741_/X (sky130_fd_sc_hd__xor3_1)
   0.1695    9.0532 ^ fpu_exe_unit/FPUUnit/fpu/dfma/fma/_15751_/Y (sky130_fd_sc_hd__nor2_1)
   0.2943    9.3475 ^ fpu_exe_unit/FPUUnit/fpu/dfma/fma/_15789_/X (sky130_fd_sc_hd__xor3_1)
   0.1440    9.4915 v fpu_exe_unit/FPUUnit/fpu/dfma/fma/_15790_/Y (sky130_fd_sc_hd__nand4bb_1)
   0.3515    9.8430 v fpu_exe_unit/FPUUnit/fpu/dfma/fma/_15837_/X (sky130_fd_sc_hd__or2_2)
   0.3724   10.2154 v fpu_exe_unit/FPUUnit/fpu/dfma/fma/_15891_/X (sky130_fd_sc_hd__maj3_1)
   0.3778   10.5932 v fpu_exe_unit/FPUUnit/fpu/dfma/fma/_15946_/X (sky130_fd_sc_hd__maj3_1)
   0.3853   10.9785 v fpu_exe_unit/FPUUnit/fpu/dfma/fma/_16018_/X (sky130_fd_sc_hd__maj3_1)
   0.3669   11.3454 v fpu_exe_unit/FPUUnit/fpu/dfma/fma/_16084_/X (sky130_fd_sc_hd__maj3_1)
   0.3753   11.7207 v fpu_exe_unit/FPUUnit/fpu/dfma/fma/_16150_/X (sky130_fd_sc_hd__maj3_1)
   0.3716   12.0924 v fpu_exe_unit/FPUUnit/fpu/dfma/fma/_16236_/X (sky130_fd_sc_hd__maj3_1)
   0.3656   12.4580 v fpu_exe_unit/FPUUnit/fpu/dfma/fma/_16331_/X (sky130_fd_sc_hd__maj3_1)
   0.3227   12.7806 ^ fpu_exe_unit/FPUUnit/fpu/dfma/fma/_16425_/Y (sky130_fd_sc_hd__o21ai_0)
   0.1187   12.8993 v fpu_exe_unit/FPUUnit/fpu/dfma/fma/_16955_/Y (sky130_fd_sc_hd__a211oi_1)
   0.3448   13.2441 ^ fpu_exe_unit/FPUUnit/fpu/dfma/fma/_16956_/Y (sky130_fd_sc_hd__o311ai_0)
   0.1911   13.4352 v fpu_exe_unit/FPUUnit/fpu/dfma/fma/_17093_/Y (sky130_fd_sc_hd__nand4_1)
   0.3235   13.7588 ^ fpu_exe_unit/FPUUnit/fpu/dfma/fma/_17388_/Y (sky130_fd_sc_hd__a211oi_1)
   0.1962   13.9550 v fpu_exe_unit/FPUUnit/fpu/dfma/fma/_17685_/Y (sky130_fd_sc_hd__o311ai_0)
   0.2651   14.2201 ^ fpu_exe_unit/FPUUnit/fpu/dfma/fma/_17989_/Y (sky130_fd_sc_hd__a211oi_1)
   0.1397   14.3598 v fpu_exe_unit/FPUUnit/fpu/dfma/fma/_18300_/Y (sky130_fd_sc_hd__o211ai_1)
   0.4212   14.7810 ^ fpu_exe_unit/FPUUnit/fpu/dfma/fma/_19021_/Y (sky130_fd_sc_hd__a2111oi_0)
   0.2639   15.0448 v fpu_exe_unit/FPUUnit/fpu/dfma/fma/_19832_/Y (sky130_fd_sc_hd__a2111oi_0)
   0.3827   15.4275 v fpu_exe_unit/FPUUnit/fpu/dfma/fma/_21839_/X (sky130_fd_sc_hd__o31a_1)
   0.3912   15.8187 ^ fpu_exe_unit/FPUUnit/fpu/dfma/fma/_22105_/Y (sky130_fd_sc_hd__o31ai_1)
   0.2506   16.0693 ^ fpu_exe_unit/FPUUnit/fpu/dfma/fma/_22629_/X (sky130_fd_sc_hd__a31o_2)
   0.1211   16.1903 v fpu_exe_unit/FPUUnit/fpu/dfma/fma/_23185_/Y (sky130_fd_sc_hd__a31oi_1)
   0.3854   16.5758 ^ fpu_exe_unit/FPUUnit/fpu/dfma/fma/_23741_/Y (sky130_fd_sc_hd__o21ai_0)
   0.1565   16.7322 v fpu_exe_unit/FPUUnit/fpu/dfma/fma/_25946_/Y (sky130_fd_sc_hd__nand4bb_1)
   0.1690   16.9013 v fpu_exe_unit/FPUUnit/fpu/dfma/fma/_25950_/X (sky130_fd_sc_hd__lpflow_inputiso0n_1)
   0.1480   17.0493 ^ fpu_exe_unit/FPUUnit/fpu/dfma/fma/_25951_/Y (sky130_fd_sc_hd__nor2_1)
   0.0892   17.1385 v fpu_exe_unit/FPUUnit/fpu/dfma/fma/_25954_/Y (sky130_fd_sc_hd__o2bb2ai_1)
   0.0035   17.1419 v fpu_exe_unit/FPUUnit/fpu/dfma/fma/_31098_/D (sky130_fd_sc_hd__dfxtp_1)
            17.1419   data arrival time

  20.0000   20.0000   clock clock (rise edge)
   0.0000   20.0000   clock network delay (ideal)
   0.0000   20.0000   clock reconvergence pessimism
            20.0000 ^ fpu_exe_unit/FPUUnit/fpu/dfma/fma/_31098_/CLK (sky130_fd_sc_hd__dfxtp_1)
  -0.1218   19.8782   library setup time
            19.8782   data required time
-------------------------------------------------------------
            19.8782   data required time
           -17.1419   data arrival time
-------------------------------------------------------------
             2.7362   slack (MET)


Startpoint: fpu_exe_unit/FPUUnit/fpu/dfma/_1310_
            (rising edge-triggered flip-flop clocked by clock)
Endpoint: fpu_exe_unit/FPUUnit/fpu/dfma/fma/_31092_
          (rising edge-triggered flip-flop clocked by clock)
Path Group: clock
Path Type: max

    Delay      Time   Description
-------------------------------------------------------------
   0.0000    0.0000   clock clock (rise edge)
   0.0000    0.0000   clock network delay (ideal)
   0.0000    0.0000 ^ fpu_exe_unit/FPUUnit/fpu/dfma/_1310_/CLK (sky130_fd_sc_hd__dfxtp_1)
   0.2995    0.2995 v fpu_exe_unit/FPUUnit/fpu/dfma/_1310_/Q (sky130_fd_sc_hd__dfxtp_1)
   0.1614    0.4609 v fpu_exe_unit/FPUUnit/fpu/dfma/fma/mulAddRecFNToRaw_preMul/_1092_/Y (sky130_fd_sc_hd__xnor2_1)
   0.3226    0.7835 ^ fpu_exe_unit/FPUUnit/fpu/dfma/fma/mulAddRecFNToRaw_preMul/_1094_/Y (sky130_fd_sc_hd__o21ai_0)
   0.1761    0.9596 v fpu_exe_unit/FPUUnit/fpu/dfma/fma/mulAddRecFNToRaw_preMul/_1097_/Y (sky130_fd_sc_hd__a31oi_1)
   0.4045    1.3640 v fpu_exe_unit/FPUUnit/fpu/dfma/fma/mulAddRecFNToRaw_preMul/_1098_/X (sky130_fd_sc_hd__maj3_1)
   0.3959    1.7600 v fpu_exe_unit/FPUUnit/fpu/dfma/fma/mulAddRecFNToRaw_preMul/_1099_/X (sky130_fd_sc_hd__maj3_1)
   0.3973    2.1573 v fpu_exe_unit/FPUUnit/fpu/dfma/fma/mulAddRecFNToRaw_preMul/_1100_/X (sky130_fd_sc_hd__maj3_1)
   0.4055    2.5628 v fpu_exe_unit/FPUUnit/fpu/dfma/fma/mulAddRecFNToRaw_preMul/_1101_/X (sky130_fd_sc_hd__maj3_1)
   0.3551    2.9179 v fpu_exe_unit/FPUUnit/fpu/dfma/fma/mulAddRecFNToRaw_preMul/_1121_/X (sky130_fd_sc_hd__maj3_1)
   0.2007    3.1186 v fpu_exe_unit/FPUUnit/fpu/dfma/fma/mulAddRecFNToRaw_preMul/_1122_/X (sky130_fd_sc_hd__xor2_1)
   0.1942    3.3128 ^ fpu_exe_unit/FPUUnit/fpu/dfma/fma/mulAddRecFNToRaw_preMul/_1152_/Y (sky130_fd_sc_hd__o221ai_1)
   0.1518    3.4647 v fpu_exe_unit/FPUUnit/fpu/dfma/fma/mulAddRecFNToRaw_preMul/_1158_/Y (sky130_fd_sc_hd__a32oi_1)
   0.4189    3.8835 v fpu_exe_unit/FPUUnit/fpu/dfma/fma/mulAddRecFNToRaw_preMul/_1159_/X (sky130_fd_sc_hd__maj3_1)
   0.2588    4.1424 v fpu_exe_unit/FPUUnit/fpu/dfma/fma/mulAddRecFNToRaw_preMul/_1177_/X (sky130_fd_sc_hd__o2111a_1)
   0.1835    4.3259 v fpu_exe_unit/FPUUnit/fpu/dfma/fma/mulAddRecFNToRaw_preMul/_1178_/X (sky130_fd_sc_hd__clkbuf_1)
   0.1411    4.4670 ^ fpu_exe_unit/FPUUnit/fpu/dfma/fma/mulAddRecFNToRaw_preMul/_1203_/Y (sky130_fd_sc_hd__nand4_1)
   0.3339    4.8008 ^ fpu_exe_unit/FPUUnit/fpu/dfma/fma/mulAddRecFNToRaw_preMul/_1204_/X (sky130_fd_sc_hd__lpflow_clkbufkapwr_1)
   0.3198    5.1206 ^ fpu_exe_unit/FPUUnit/fpu/dfma/fma/mulAddRecFNToRaw_preMul/_1307_/X (sky130_fd_sc_hd__buf_2)
   0.4406    5.5612 ^ fpu_exe_unit/FPUUnit/fpu/dfma/fma/mulAddRecFNToRaw_preMul/_1308_/X (sky130_fd_sc_hd__lpflow_clkbufkapwr_1)
   0.4049    5.9661 v fpu_exe_unit/FPUUnit/fpu/dfma/fma/mulAddRecFNToRaw_preMul/_1618_/X (sky130_fd_sc_hd__mux2_2)
   0.1693    6.1354 ^ fpu_exe_unit/FPUUnit/fpu/dfma/fma/mulAddRecFNToRaw_preMul/_1760_/Y (sky130_fd_sc_hd__mux2i_1)
   0.0586    6.1940 v fpu_exe_unit/FPUUnit/fpu/dfma/fma/mulAddRecFNToRaw_preMul/_1761_/Y (sky130_fd_sc_hd__nor2_1)
   0.1499    6.3440 ^ fpu_exe_unit/FPUUnit/fpu/dfma/fma/mulAddRecFNToRaw_preMul/_1762_/Y (sky130_fd_sc_hd__a21oi_1)
   0.1072    6.4511 v fpu_exe_unit/FPUUnit/fpu/dfma/fma/mulAddRecFNToRaw_preMul/_1763_/Y (sky130_fd_sc_hd__mux2i_1)
   0.2246    6.6758 ^ fpu_exe_unit/FPUUnit/fpu/dfma/fma/mulAddRecFNToRaw_preMul/_1764_/Y (sky130_fd_sc_hd__a21oi_1)
   0.0630    6.7388 v fpu_exe_unit/FPUUnit/fpu/dfma/fma/mulAddRecFNToRaw_preMul/_1765_/Y (sky130_fd_sc_hd__nor2_1)
   0.1979    6.9367 v fpu_exe_unit/FPUUnit/fpu/dfma/fma/mulAddRecFNToRaw_preMul/_1766_/X (sky130_fd_sc_hd__o22a_1)
   0.3822    7.3188 v fpu_exe_unit/FPUUnit/fpu/dfma/fma/_15656_/X (sky130_fd_sc_hd__xnor3_1)
   0.3964    7.7153 v fpu_exe_unit/FPUUnit/fpu/dfma/fma/_15669_/X (sky130_fd_sc_hd__maj3_1)
   0.3777    8.0930 v fpu_exe_unit/FPUUnit/fpu/dfma/fma/_15690_/X (sky130_fd_sc_hd__maj3_1)
   0.3929    8.4858 v fpu_exe_unit/FPUUnit/fpu/dfma/fma/_15718_/X (sky130_fd_sc_hd__maj3_1)
   0.3979    8.8837 v fpu_exe_unit/FPUUnit/fpu/dfma/fma/_15741_/X (sky130_fd_sc_hd__xor3_1)
   0.1695    9.0532 ^ fpu_exe_unit/FPUUnit/fpu/dfma/fma/_15751_/Y (sky130_fd_sc_hd__nor2_1)
   0.2943    9.3475 ^ fpu_exe_unit/FPUUnit/fpu/dfma/fma/_15789_/X (sky130_fd_sc_hd__xor3_1)
   0.1440    9.4915 v fpu_exe_unit/FPUUnit/fpu/dfma/fma/_15790_/Y (sky130_fd_sc_hd__nand4bb_1)
   0.3515    9.8430 v fpu_exe_unit/FPUUnit/fpu/dfma/fma/_15837_/X (sky130_fd_sc_hd__or2_2)
   0.3724   10.2154 v fpu_exe_unit/FPUUnit/fpu/dfma/fma/_15891_/X (sky130_fd_sc_hd__maj3_1)
   0.3778   10.5932 v fpu_exe_unit/FPUUnit/fpu/dfma/fma/_15946_/X (sky130_fd_sc_hd__maj3_1)
   0.3853   10.9785 v fpu_exe_unit/FPUUnit/fpu/dfma/fma/_16018_/X (sky130_fd_sc_hd__maj3_1)
   0.3669   11.3454 v fpu_exe_unit/FPUUnit/fpu/dfma/fma/_16084_/X (sky130_fd_sc_hd__maj3_1)
   0.3753   11.7207 v fpu_exe_unit/FPUUnit/fpu/dfma/fma/_16150_/X (sky130_fd_sc_hd__maj3_1)
   0.3716   12.0924 v fpu_exe_unit/FPUUnit/fpu/dfma/fma/_16236_/X (sky130_fd_sc_hd__maj3_1)
   0.3656   12.4580 v fpu_exe_unit/FPUUnit/fpu/dfma/fma/_16331_/X (sky130_fd_sc_hd__maj3_1)
   0.3227   12.7806 ^ fpu_exe_unit/FPUUnit/fpu/dfma/fma/_16425_/Y (sky130_fd_sc_hd__o21ai_0)
   0.1187   12.8993 v fpu_exe_unit/FPUUnit/fpu/dfma/fma/_16955_/Y (sky130_fd_sc_hd__a211oi_1)
   0.3448   13.2441 ^ fpu_exe_unit/FPUUnit/fpu/dfma/fma/_16956_/Y (sky130_fd_sc_hd__o311ai_0)
   0.1911   13.4352 v fpu_exe_unit/FPUUnit/fpu/dfma/fma/_17093_/Y (sky130_fd_sc_hd__nand4_1)
   0.3235   13.7588 ^ fpu_exe_unit/FPUUnit/fpu/dfma/fma/_17388_/Y (sky130_fd_sc_hd__a211oi_1)
   0.1962   13.9550 v fpu_exe_unit/FPUUnit/fpu/dfma/fma/_17685_/Y (sky130_fd_sc_hd__o311ai_0)
   0.2651   14.2201 ^ fpu_exe_unit/FPUUnit/fpu/dfma/fma/_17989_/Y (sky130_fd_sc_hd__a211oi_1)
   0.1397   14.3598 v fpu_exe_unit/FPUUnit/fpu/dfma/fma/_18300_/Y (sky130_fd_sc_hd__o211ai_1)
   0.4212   14.7810 ^ fpu_exe_unit/FPUUnit/fpu/dfma/fma/_19021_/Y (sky130_fd_sc_hd__a2111oi_0)
   0.2639   15.0448 v fpu_exe_unit/FPUUnit/fpu/dfma/fma/_19832_/Y (sky130_fd_sc_hd__a2111oi_0)
   0.3827   15.4275 v fpu_exe_unit/FPUUnit/fpu/dfma/fma/_21839_/X (sky130_fd_sc_hd__o31a_1)
   0.3912   15.8187 ^ fpu_exe_unit/FPUUnit/fpu/dfma/fma/_22105_/Y (sky130_fd_sc_hd__o31ai_1)
   0.2506   16.0693 ^ fpu_exe_unit/FPUUnit/fpu/dfma/fma/_22629_/X (sky130_fd_sc_hd__a31o_2)
   0.1211   16.1903 v fpu_exe_unit/FPUUnit/fpu/dfma/fma/_23185_/Y (sky130_fd_sc_hd__a31oi_1)
   0.3854   16.5758 ^ fpu_exe_unit/FPUUnit/fpu/dfma/fma/_23741_/Y (sky130_fd_sc_hd__o21ai_0)
   0.1509   16.7266 v fpu_exe_unit/FPUUnit/fpu/dfma/fma/_24255_/Y (sky130_fd_sc_hd__nand3_1)
   0.1197   16.8464 ^ fpu_exe_unit/FPUUnit/fpu/dfma/fma/_24257_/Y (sky130_fd_sc_hd__nand2_1)
   0.1213   16.9677 ^ fpu_exe_unit/FPUUnit/fpu/dfma/fma/_24501_/Y (sky130_fd_sc_hd__xnor2_1)
   0.0787   17.0463 v fpu_exe_unit/FPUUnit/fpu/dfma/fma/_24503_/Y (sky130_fd_sc_hd__a21oi_1)
   0.0035   17.0498 v fpu_exe_unit/FPUUnit/fpu/dfma/fma/_31092_/D (sky130_fd_sc_hd__dfxtp_1)
            17.0498   data arrival time

  20.0000   20.0000   clock clock (rise edge)
   0.0000   20.0000   clock network delay (ideal)
   0.0000   20.0000   clock reconvergence pessimism
            20.0000 ^ fpu_exe_unit/FPUUnit/fpu/dfma/fma/_31092_/CLK (sky130_fd_sc_hd__dfxtp_1)
  -0.1345   19.8655   library setup time
            19.8655   data required time
-------------------------------------------------------------
            19.8655   data required time
           -17.0498   data arrival time
-------------------------------------------------------------
             2.8157   slack (MET)


Startpoint: fpu_exe_unit/FPUUnit/fpu/dfma/_1310_
            (rising edge-triggered flip-flop clocked by clock)
Endpoint: fpu_exe_unit/FPUUnit/fpu/dfma/fma/_31091_
          (rising edge-triggered flip-flop clocked by clock)
Path Group: clock
Path Type: max

    Delay      Time   Description
-------------------------------------------------------------
   0.0000    0.0000   clock clock (rise edge)
   0.0000    0.0000   clock network delay (ideal)
   0.0000    0.0000 ^ fpu_exe_unit/FPUUnit/fpu/dfma/_1310_/CLK (sky130_fd_sc_hd__dfxtp_1)
   0.2995    0.2995 v fpu_exe_unit/FPUUnit/fpu/dfma/_1310_/Q (sky130_fd_sc_hd__dfxtp_1)
   0.1614    0.4609 v fpu_exe_unit/FPUUnit/fpu/dfma/fma/mulAddRecFNToRaw_preMul/_1092_/Y (sky130_fd_sc_hd__xnor2_1)
   0.3226    0.7835 ^ fpu_exe_unit/FPUUnit/fpu/dfma/fma/mulAddRecFNToRaw_preMul/_1094_/Y (sky130_fd_sc_hd__o21ai_0)
   0.1761    0.9596 v fpu_exe_unit/FPUUnit/fpu/dfma/fma/mulAddRecFNToRaw_preMul/_1097_/Y (sky130_fd_sc_hd__a31oi_1)
   0.4045    1.3640 v fpu_exe_unit/FPUUnit/fpu/dfma/fma/mulAddRecFNToRaw_preMul/_1098_/X (sky130_fd_sc_hd__maj3_1)
   0.3959    1.7600 v fpu_exe_unit/FPUUnit/fpu/dfma/fma/mulAddRecFNToRaw_preMul/_1099_/X (sky130_fd_sc_hd__maj3_1)
   0.3973    2.1573 v fpu_exe_unit/FPUUnit/fpu/dfma/fma/mulAddRecFNToRaw_preMul/_1100_/X (sky130_fd_sc_hd__maj3_1)
   0.4055    2.5628 v fpu_exe_unit/FPUUnit/fpu/dfma/fma/mulAddRecFNToRaw_preMul/_1101_/X (sky130_fd_sc_hd__maj3_1)
   0.3551    2.9179 v fpu_exe_unit/FPUUnit/fpu/dfma/fma/mulAddRecFNToRaw_preMul/_1121_/X (sky130_fd_sc_hd__maj3_1)
   0.2007    3.1186 v fpu_exe_unit/FPUUnit/fpu/dfma/fma/mulAddRecFNToRaw_preMul/_1122_/X (sky130_fd_sc_hd__xor2_1)
   0.1942    3.3128 ^ fpu_exe_unit/FPUUnit/fpu/dfma/fma/mulAddRecFNToRaw_preMul/_1152_/Y (sky130_fd_sc_hd__o221ai_1)
   0.1518    3.4647 v fpu_exe_unit/FPUUnit/fpu/dfma/fma/mulAddRecFNToRaw_preMul/_1158_/Y (sky130_fd_sc_hd__a32oi_1)
   0.4189    3.8835 v fpu_exe_unit/FPUUnit/fpu/dfma/fma/mulAddRecFNToRaw_preMul/_1159_/X (sky130_fd_sc_hd__maj3_1)
   0.2588    4.1424 v fpu_exe_unit/FPUUnit/fpu/dfma/fma/mulAddRecFNToRaw_preMul/_1177_/X (sky130_fd_sc_hd__o2111a_1)
   0.1835    4.3259 v fpu_exe_unit/FPUUnit/fpu/dfma/fma/mulAddRecFNToRaw_preMul/_1178_/X (sky130_fd_sc_hd__clkbuf_1)
   0.1411    4.4670 ^ fpu_exe_unit/FPUUnit/fpu/dfma/fma/mulAddRecFNToRaw_preMul/_1203_/Y (sky130_fd_sc_hd__nand4_1)
   0.3339    4.8008 ^ fpu_exe_unit/FPUUnit/fpu/dfma/fma/mulAddRecFNToRaw_preMul/_1204_/X (sky130_fd_sc_hd__lpflow_clkbufkapwr_1)
   0.3198    5.1206 ^ fpu_exe_unit/FPUUnit/fpu/dfma/fma/mulAddRecFNToRaw_preMul/_1307_/X (sky130_fd_sc_hd__buf_2)
   0.4406    5.5612 ^ fpu_exe_unit/FPUUnit/fpu/dfma/fma/mulAddRecFNToRaw_preMul/_1308_/X (sky130_fd_sc_hd__lpflow_clkbufkapwr_1)
   0.4049    5.9661 v fpu_exe_unit/FPUUnit/fpu/dfma/fma/mulAddRecFNToRaw_preMul/_1618_/X (sky130_fd_sc_hd__mux2_2)
   0.1693    6.1354 ^ fpu_exe_unit/FPUUnit/fpu/dfma/fma/mulAddRecFNToRaw_preMul/_1760_/Y (sky130_fd_sc_hd__mux2i_1)
   0.0586    6.1940 v fpu_exe_unit/FPUUnit/fpu/dfma/fma/mulAddRecFNToRaw_preMul/_1761_/Y (sky130_fd_sc_hd__nor2_1)
   0.1499    6.3440 ^ fpu_exe_unit/FPUUnit/fpu/dfma/fma/mulAddRecFNToRaw_preMul/_1762_/Y (sky130_fd_sc_hd__a21oi_1)
   0.1072    6.4511 v fpu_exe_unit/FPUUnit/fpu/dfma/fma/mulAddRecFNToRaw_preMul/_1763_/Y (sky130_fd_sc_hd__mux2i_1)
   0.2246    6.6758 ^ fpu_exe_unit/FPUUnit/fpu/dfma/fma/mulAddRecFNToRaw_preMul/_1764_/Y (sky130_fd_sc_hd__a21oi_1)
   0.0630    6.7388 v fpu_exe_unit/FPUUnit/fpu/dfma/fma/mulAddRecFNToRaw_preMul/_1765_/Y (sky130_fd_sc_hd__nor2_1)
   0.1979    6.9367 v fpu_exe_unit/FPUUnit/fpu/dfma/fma/mulAddRecFNToRaw_preMul/_1766_/X (sky130_fd_sc_hd__o22a_1)
   0.3822    7.3188 v fpu_exe_unit/FPUUnit/fpu/dfma/fma/_15656_/X (sky130_fd_sc_hd__xnor3_1)
   0.3964    7.7153 v fpu_exe_unit/FPUUnit/fpu/dfma/fma/_15669_/X (sky130_fd_sc_hd__maj3_1)
   0.3777    8.0930 v fpu_exe_unit/FPUUnit/fpu/dfma/fma/_15690_/X (sky130_fd_sc_hd__maj3_1)
   0.3929    8.4858 v fpu_exe_unit/FPUUnit/fpu/dfma/fma/_15718_/X (sky130_fd_sc_hd__maj3_1)
   0.3979    8.8837 v fpu_exe_unit/FPUUnit/fpu/dfma/fma/_15741_/X (sky130_fd_sc_hd__xor3_1)
   0.1695    9.0532 ^ fpu_exe_unit/FPUUnit/fpu/dfma/fma/_15751_/Y (sky130_fd_sc_hd__nor2_1)
   0.2943    9.3475 ^ fpu_exe_unit/FPUUnit/fpu/dfma/fma/_15789_/X (sky130_fd_sc_hd__xor3_1)
   0.1440    9.4915 v fpu_exe_unit/FPUUnit/fpu/dfma/fma/_15790_/Y (sky130_fd_sc_hd__nand4bb_1)
   0.3515    9.8430 v fpu_exe_unit/FPUUnit/fpu/dfma/fma/_15837_/X (sky130_fd_sc_hd__or2_2)
   0.3724   10.2154 v fpu_exe_unit/FPUUnit/fpu/dfma/fma/_15891_/X (sky130_fd_sc_hd__maj3_1)
   0.3778   10.5932 v fpu_exe_unit/FPUUnit/fpu/dfma/fma/_15946_/X (sky130_fd_sc_hd__maj3_1)
   0.3853   10.9785 v fpu_exe_unit/FPUUnit/fpu/dfma/fma/_16018_/X (sky130_fd_sc_hd__maj3_1)
   0.3669   11.3454 v fpu_exe_unit/FPUUnit/fpu/dfma/fma/_16084_/X (sky130_fd_sc_hd__maj3_1)
   0.3753   11.7207 v fpu_exe_unit/FPUUnit/fpu/dfma/fma/_16150_/X (sky130_fd_sc_hd__maj3_1)
   0.3716   12.0924 v fpu_exe_unit/FPUUnit/fpu/dfma/fma/_16236_/X (sky130_fd_sc_hd__maj3_1)
   0.3656   12.4580 v fpu_exe_unit/FPUUnit/fpu/dfma/fma/_16331_/X (sky130_fd_sc_hd__maj3_1)
   0.3227   12.7806 ^ fpu_exe_unit/FPUUnit/fpu/dfma/fma/_16425_/Y (sky130_fd_sc_hd__o21ai_0)
   0.1187   12.8993 v fpu_exe_unit/FPUUnit/fpu/dfma/fma/_16955_/Y (sky130_fd_sc_hd__a211oi_1)
   0.3448   13.2441 ^ fpu_exe_unit/FPUUnit/fpu/dfma/fma/_16956_/Y (sky130_fd_sc_hd__o311ai_0)
   0.1911   13.4352 v fpu_exe_unit/FPUUnit/fpu/dfma/fma/_17093_/Y (sky130_fd_sc_hd__nand4_1)
   0.3235   13.7588 ^ fpu_exe_unit/FPUUnit/fpu/dfma/fma/_17388_/Y (sky130_fd_sc_hd__a211oi_1)
   0.1962   13.9550 v fpu_exe_unit/FPUUnit/fpu/dfma/fma/_17685_/Y (sky130_fd_sc_hd__o311ai_0)
   0.2651   14.2201 ^ fpu_exe_unit/FPUUnit/fpu/dfma/fma/_17989_/Y (sky130_fd_sc_hd__a211oi_1)
   0.1397   14.3598 v fpu_exe_unit/FPUUnit/fpu/dfma/fma/_18300_/Y (sky130_fd_sc_hd__o211ai_1)
   0.4212   14.7810 ^ fpu_exe_unit/FPUUnit/fpu/dfma/fma/_19021_/Y (sky130_fd_sc_hd__a2111oi_0)
   0.2639   15.0448 v fpu_exe_unit/FPUUnit/fpu/dfma/fma/_19832_/Y (sky130_fd_sc_hd__a2111oi_0)
   0.3827   15.4275 v fpu_exe_unit/FPUUnit/fpu/dfma/fma/_21839_/X (sky130_fd_sc_hd__o31a_1)
   0.3912   15.8187 ^ fpu_exe_unit/FPUUnit/fpu/dfma/fma/_22105_/Y (sky130_fd_sc_hd__o31ai_1)
   0.2506   16.0693 ^ fpu_exe_unit/FPUUnit/fpu/dfma/fma/_22629_/X (sky130_fd_sc_hd__a31o_2)
   0.1211   16.1903 v fpu_exe_unit/FPUUnit/fpu/dfma/fma/_23185_/Y (sky130_fd_sc_hd__a31oi_1)
   0.3854   16.5758 ^ fpu_exe_unit/FPUUnit/fpu/dfma/fma/_23741_/Y (sky130_fd_sc_hd__o21ai_0)
   0.1370   16.7128 v fpu_exe_unit/FPUUnit/fpu/dfma/fma/_23999_/Y (sky130_fd_sc_hd__a21oi_1)
   0.1854   16.8982 v fpu_exe_unit/FPUUnit/fpu/dfma/fma/_24252_/X (sky130_fd_sc_hd__xor2_1)
   0.1369   17.0351 ^ fpu_exe_unit/FPUUnit/fpu/dfma/fma/_24254_/Y (sky130_fd_sc_hd__a21oi_1)
   0.0035   17.0386 ^ fpu_exe_unit/FPUUnit/fpu/dfma/fma/_31091_/D (sky130_fd_sc_hd__dfxtp_1)
            17.0386   data arrival time

  20.0000   20.0000   clock clock (rise edge)
   0.0000   20.0000   clock network delay (ideal)
   0.0000   20.0000   clock reconvergence pessimism
            20.0000 ^ fpu_exe_unit/FPUUnit/fpu/dfma/fma/_31091_/CLK (sky130_fd_sc_hd__dfxtp_1)
  -0.0711   19.9289   library setup time
            19.9289   data required time
-------------------------------------------------------------
            19.9289   data required time
           -17.0386   data arrival time
-------------------------------------------------------------
             2.8903   slack (MET)


Startpoint: fpu_exe_unit/FPUUnit/fpu/dfma/_1310_
            (rising edge-triggered flip-flop clocked by clock)
Endpoint: fpu_exe_unit/FPUUnit/fpu/dfma/fma/_31090_
          (rising edge-triggered flip-flop clocked by clock)
Path Group: clock
Path Type: max

    Delay      Time   Description
-------------------------------------------------------------
   0.0000    0.0000   clock clock (rise edge)
   0.0000    0.0000   clock network delay (ideal)
   0.0000    0.0000 ^ fpu_exe_unit/FPUUnit/fpu/dfma/_1310_/CLK (sky130_fd_sc_hd__dfxtp_1)
   0.2995    0.2995 v fpu_exe_unit/FPUUnit/fpu/dfma/_1310_/Q (sky130_fd_sc_hd__dfxtp_1)
   0.1614    0.4609 v fpu_exe_unit/FPUUnit/fpu/dfma/fma/mulAddRecFNToRaw_preMul/_1092_/Y (sky130_fd_sc_hd__xnor2_1)
   0.3226    0.7835 ^ fpu_exe_unit/FPUUnit/fpu/dfma/fma/mulAddRecFNToRaw_preMul/_1094_/Y (sky130_fd_sc_hd__o21ai_0)
   0.1761    0.9596 v fpu_exe_unit/FPUUnit/fpu/dfma/fma/mulAddRecFNToRaw_preMul/_1097_/Y (sky130_fd_sc_hd__a31oi_1)
   0.4045    1.3640 v fpu_exe_unit/FPUUnit/fpu/dfma/fma/mulAddRecFNToRaw_preMul/_1098_/X (sky130_fd_sc_hd__maj3_1)
   0.3959    1.7600 v fpu_exe_unit/FPUUnit/fpu/dfma/fma/mulAddRecFNToRaw_preMul/_1099_/X (sky130_fd_sc_hd__maj3_1)
   0.3973    2.1573 v fpu_exe_unit/FPUUnit/fpu/dfma/fma/mulAddRecFNToRaw_preMul/_1100_/X (sky130_fd_sc_hd__maj3_1)
   0.4055    2.5628 v fpu_exe_unit/FPUUnit/fpu/dfma/fma/mulAddRecFNToRaw_preMul/_1101_/X (sky130_fd_sc_hd__maj3_1)
   0.3551    2.9179 v fpu_exe_unit/FPUUnit/fpu/dfma/fma/mulAddRecFNToRaw_preMul/_1121_/X (sky130_fd_sc_hd__maj3_1)
   0.2007    3.1186 v fpu_exe_unit/FPUUnit/fpu/dfma/fma/mulAddRecFNToRaw_preMul/_1122_/X (sky130_fd_sc_hd__xor2_1)
   0.1942    3.3128 ^ fpu_exe_unit/FPUUnit/fpu/dfma/fma/mulAddRecFNToRaw_preMul/_1152_/Y (sky130_fd_sc_hd__o221ai_1)
   0.1518    3.4647 v fpu_exe_unit/FPUUnit/fpu/dfma/fma/mulAddRecFNToRaw_preMul/_1158_/Y (sky130_fd_sc_hd__a32oi_1)
   0.4189    3.8835 v fpu_exe_unit/FPUUnit/fpu/dfma/fma/mulAddRecFNToRaw_preMul/_1159_/X (sky130_fd_sc_hd__maj3_1)
   0.2588    4.1424 v fpu_exe_unit/FPUUnit/fpu/dfma/fma/mulAddRecFNToRaw_preMul/_1177_/X (sky130_fd_sc_hd__o2111a_1)
   0.1835    4.3259 v fpu_exe_unit/FPUUnit/fpu/dfma/fma/mulAddRecFNToRaw_preMul/_1178_/X (sky130_fd_sc_hd__clkbuf_1)
   0.1411    4.4670 ^ fpu_exe_unit/FPUUnit/fpu/dfma/fma/mulAddRecFNToRaw_preMul/_1203_/Y (sky130_fd_sc_hd__nand4_1)
   0.3339    4.8008 ^ fpu_exe_unit/FPUUnit/fpu/dfma/fma/mulAddRecFNToRaw_preMul/_1204_/X (sky130_fd_sc_hd__lpflow_clkbufkapwr_1)
   0.3198    5.1206 ^ fpu_exe_unit/FPUUnit/fpu/dfma/fma/mulAddRecFNToRaw_preMul/_1307_/X (sky130_fd_sc_hd__buf_2)
   0.4406    5.5612 ^ fpu_exe_unit/FPUUnit/fpu/dfma/fma/mulAddRecFNToRaw_preMul/_1308_/X (sky130_fd_sc_hd__lpflow_clkbufkapwr_1)
   0.4049    5.9661 v fpu_exe_unit/FPUUnit/fpu/dfma/fma/mulAddRecFNToRaw_preMul/_1618_/X (sky130_fd_sc_hd__mux2_2)
   0.1693    6.1354 ^ fpu_exe_unit/FPUUnit/fpu/dfma/fma/mulAddRecFNToRaw_preMul/_1760_/Y (sky130_fd_sc_hd__mux2i_1)
   0.0586    6.1940 v fpu_exe_unit/FPUUnit/fpu/dfma/fma/mulAddRecFNToRaw_preMul/_1761_/Y (sky130_fd_sc_hd__nor2_1)
   0.1499    6.3440 ^ fpu_exe_unit/FPUUnit/fpu/dfma/fma/mulAddRecFNToRaw_preMul/_1762_/Y (sky130_fd_sc_hd__a21oi_1)
   0.1072    6.4511 v fpu_exe_unit/FPUUnit/fpu/dfma/fma/mulAddRecFNToRaw_preMul/_1763_/Y (sky130_fd_sc_hd__mux2i_1)
   0.2246    6.6758 ^ fpu_exe_unit/FPUUnit/fpu/dfma/fma/mulAddRecFNToRaw_preMul/_1764_/Y (sky130_fd_sc_hd__a21oi_1)
   0.0630    6.7388 v fpu_exe_unit/FPUUnit/fpu/dfma/fma/mulAddRecFNToRaw_preMul/_1765_/Y (sky130_fd_sc_hd__nor2_1)
   0.1979    6.9367 v fpu_exe_unit/FPUUnit/fpu/dfma/fma/mulAddRecFNToRaw_preMul/_1766_/X (sky130_fd_sc_hd__o22a_1)
   0.3822    7.3188 v fpu_exe_unit/FPUUnit/fpu/dfma/fma/_15656_/X (sky130_fd_sc_hd__xnor3_1)
   0.3964    7.7153 v fpu_exe_unit/FPUUnit/fpu/dfma/fma/_15669_/X (sky130_fd_sc_hd__maj3_1)
   0.3777    8.0930 v fpu_exe_unit/FPUUnit/fpu/dfma/fma/_15690_/X (sky130_fd_sc_hd__maj3_1)
   0.3929    8.4858 v fpu_exe_unit/FPUUnit/fpu/dfma/fma/_15718_/X (sky130_fd_sc_hd__maj3_1)
   0.3979    8.8837 v fpu_exe_unit/FPUUnit/fpu/dfma/fma/_15741_/X (sky130_fd_sc_hd__xor3_1)
   0.1695    9.0532 ^ fpu_exe_unit/FPUUnit/fpu/dfma/fma/_15751_/Y (sky130_fd_sc_hd__nor2_1)
   0.2943    9.3475 ^ fpu_exe_unit/FPUUnit/fpu/dfma/fma/_15789_/X (sky130_fd_sc_hd__xor3_1)
   0.1440    9.4915 v fpu_exe_unit/FPUUnit/fpu/dfma/fma/_15790_/Y (sky130_fd_sc_hd__nand4bb_1)
   0.3515    9.8430 v fpu_exe_unit/FPUUnit/fpu/dfma/fma/_15837_/X (sky130_fd_sc_hd__or2_2)
   0.3724   10.2154 v fpu_exe_unit/FPUUnit/fpu/dfma/fma/_15891_/X (sky130_fd_sc_hd__maj3_1)
   0.3778   10.5932 v fpu_exe_unit/FPUUnit/fpu/dfma/fma/_15946_/X (sky130_fd_sc_hd__maj3_1)
   0.3853   10.9785 v fpu_exe_unit/FPUUnit/fpu/dfma/fma/_16018_/X (sky130_fd_sc_hd__maj3_1)
   0.3669   11.3454 v fpu_exe_unit/FPUUnit/fpu/dfma/fma/_16084_/X (sky130_fd_sc_hd__maj3_1)
   0.3753   11.7207 v fpu_exe_unit/FPUUnit/fpu/dfma/fma/_16150_/X (sky130_fd_sc_hd__maj3_1)
   0.3716   12.0924 v fpu_exe_unit/FPUUnit/fpu/dfma/fma/_16236_/X (sky130_fd_sc_hd__maj3_1)
   0.3656   12.4580 v fpu_exe_unit/FPUUnit/fpu/dfma/fma/_16331_/X (sky130_fd_sc_hd__maj3_1)
   0.3227   12.7806 ^ fpu_exe_unit/FPUUnit/fpu/dfma/fma/_16425_/Y (sky130_fd_sc_hd__o21ai_0)
   0.1187   12.8993 v fpu_exe_unit/FPUUnit/fpu/dfma/fma/_16955_/Y (sky130_fd_sc_hd__a211oi_1)
   0.3448   13.2441 ^ fpu_exe_unit/FPUUnit/fpu/dfma/fma/_16956_/Y (sky130_fd_sc_hd__o311ai_0)
   0.1911   13.4352 v fpu_exe_unit/FPUUnit/fpu/dfma/fma/_17093_/Y (sky130_fd_sc_hd__nand4_1)
   0.3235   13.7588 ^ fpu_exe_unit/FPUUnit/fpu/dfma/fma/_17388_/Y (sky130_fd_sc_hd__a211oi_1)
   0.1962   13.9550 v fpu_exe_unit/FPUUnit/fpu/dfma/fma/_17685_/Y (sky130_fd_sc_hd__o311ai_0)
   0.2651   14.2201 ^ fpu_exe_unit/FPUUnit/fpu/dfma/fma/_17989_/Y (sky130_fd_sc_hd__a211oi_1)
   0.1397   14.3598 v fpu_exe_unit/FPUUnit/fpu/dfma/fma/_18300_/Y (sky130_fd_sc_hd__o211ai_1)
   0.4212   14.7810 ^ fpu_exe_unit/FPUUnit/fpu/dfma/fma/_19021_/Y (sky130_fd_sc_hd__a2111oi_0)
   0.2639   15.0448 v fpu_exe_unit/FPUUnit/fpu/dfma/fma/_19832_/Y (sky130_fd_sc_hd__a2111oi_0)
   0.3827   15.4275 v fpu_exe_unit/FPUUnit/fpu/dfma/fma/_21839_/X (sky130_fd_sc_hd__o31a_1)
   0.3912   15.8187 ^ fpu_exe_unit/FPUUnit/fpu/dfma/fma/_22105_/Y (sky130_fd_sc_hd__o31ai_1)
   0.2506   16.0693 ^ fpu_exe_unit/FPUUnit/fpu/dfma/fma/_22629_/X (sky130_fd_sc_hd__a31o_2)
   0.1211   16.1903 v fpu_exe_unit/FPUUnit/fpu/dfma/fma/_23185_/Y (sky130_fd_sc_hd__a31oi_1)
   0.3854   16.5758 ^ fpu_exe_unit/FPUUnit/fpu/dfma/fma/_23741_/Y (sky130_fd_sc_hd__o21ai_0)
   0.1697   16.7454 ^ fpu_exe_unit/FPUUnit/fpu/dfma/fma/_23996_/Y (sky130_fd_sc_hd__xnor2_1)
   0.0797   16.8251 v fpu_exe_unit/FPUUnit/fpu/dfma/fma/_23998_/Y (sky130_fd_sc_hd__a21oi_1)
   0.0035   16.8286 v fpu_exe_unit/FPUUnit/fpu/dfma/fma/_31090_/D (sky130_fd_sc_hd__dfxtp_1)
            16.8286   data arrival time

  20.0000   20.0000   clock clock (rise edge)
   0.0000   20.0000   clock network delay (ideal)
   0.0000   20.0000   clock reconvergence pessimism
            20.0000 ^ fpu_exe_unit/FPUUnit/fpu/dfma/fma/_31090_/CLK (sky130_fd_sc_hd__dfxtp_1)
  -0.1345   19.8655   library setup time
            19.8655   data required time
-------------------------------------------------------------
            19.8655   data required time
           -16.8286   data arrival time
-------------------------------------------------------------
             3.0369   slack (MET)


Startpoint: fpu_exe_unit/FPUUnit/fpu/dfma/_1310_
            (rising edge-triggered flip-flop clocked by clock)
Endpoint: fpu_exe_unit/FPUUnit/fpu/dfma/fma/_31089_
          (rising edge-triggered flip-flop clocked by clock)
Path Group: clock
Path Type: max

    Delay      Time   Description
-------------------------------------------------------------
   0.0000    0.0000   clock clock (rise edge)
   0.0000    0.0000   clock network delay (ideal)
   0.0000    0.0000 ^ fpu_exe_unit/FPUUnit/fpu/dfma/_1310_/CLK (sky130_fd_sc_hd__dfxtp_1)
   0.2995    0.2995 v fpu_exe_unit/FPUUnit/fpu/dfma/_1310_/Q (sky130_fd_sc_hd__dfxtp_1)
   0.1614    0.4609 v fpu_exe_unit/FPUUnit/fpu/dfma/fma/mulAddRecFNToRaw_preMul/_1092_/Y (sky130_fd_sc_hd__xnor2_1)
   0.3226    0.7835 ^ fpu_exe_unit/FPUUnit/fpu/dfma/fma/mulAddRecFNToRaw_preMul/_1094_/Y (sky130_fd_sc_hd__o21ai_0)
   0.1761    0.9596 v fpu_exe_unit/FPUUnit/fpu/dfma/fma/mulAddRecFNToRaw_preMul/_1097_/Y (sky130_fd_sc_hd__a31oi_1)
   0.4045    1.3640 v fpu_exe_unit/FPUUnit/fpu/dfma/fma/mulAddRecFNToRaw_preMul/_1098_/X (sky130_fd_sc_hd__maj3_1)
   0.3959    1.7600 v fpu_exe_unit/FPUUnit/fpu/dfma/fma/mulAddRecFNToRaw_preMul/_1099_/X (sky130_fd_sc_hd__maj3_1)
   0.3973    2.1573 v fpu_exe_unit/FPUUnit/fpu/dfma/fma/mulAddRecFNToRaw_preMul/_1100_/X (sky130_fd_sc_hd__maj3_1)
   0.4055    2.5628 v fpu_exe_unit/FPUUnit/fpu/dfma/fma/mulAddRecFNToRaw_preMul/_1101_/X (sky130_fd_sc_hd__maj3_1)
   0.3551    2.9179 v fpu_exe_unit/FPUUnit/fpu/dfma/fma/mulAddRecFNToRaw_preMul/_1121_/X (sky130_fd_sc_hd__maj3_1)
   0.2007    3.1186 v fpu_exe_unit/FPUUnit/fpu/dfma/fma/mulAddRecFNToRaw_preMul/_1122_/X (sky130_fd_sc_hd__xor2_1)
   0.1942    3.3128 ^ fpu_exe_unit/FPUUnit/fpu/dfma/fma/mulAddRecFNToRaw_preMul/_1152_/Y (sky130_fd_sc_hd__o221ai_1)
   0.1518    3.4647 v fpu_exe_unit/FPUUnit/fpu/dfma/fma/mulAddRecFNToRaw_preMul/_1158_/Y (sky130_fd_sc_hd__a32oi_1)
   0.4189    3.8835 v fpu_exe_unit/FPUUnit/fpu/dfma/fma/mulAddRecFNToRaw_preMul/_1159_/X (sky130_fd_sc_hd__maj3_1)
   0.2588    4.1424 v fpu_exe_unit/FPUUnit/fpu/dfma/fma/mulAddRecFNToRaw_preMul/_1177_/X (sky130_fd_sc_hd__o2111a_1)
   0.1835    4.3259 v fpu_exe_unit/FPUUnit/fpu/dfma/fma/mulAddRecFNToRaw_preMul/_1178_/X (sky130_fd_sc_hd__clkbuf_1)
   0.1411    4.4670 ^ fpu_exe_unit/FPUUnit/fpu/dfma/fma/mulAddRecFNToRaw_preMul/_1203_/Y (sky130_fd_sc_hd__nand4_1)
   0.3339    4.8008 ^ fpu_exe_unit/FPUUnit/fpu/dfma/fma/mulAddRecFNToRaw_preMul/_1204_/X (sky130_fd_sc_hd__lpflow_clkbufkapwr_1)
   0.3198    5.1206 ^ fpu_exe_unit/FPUUnit/fpu/dfma/fma/mulAddRecFNToRaw_preMul/_1307_/X (sky130_fd_sc_hd__buf_2)
   0.4406    5.5612 ^ fpu_exe_unit/FPUUnit/fpu/dfma/fma/mulAddRecFNToRaw_preMul/_1308_/X (sky130_fd_sc_hd__lpflow_clkbufkapwr_1)
   0.4049    5.9661 v fpu_exe_unit/FPUUnit/fpu/dfma/fma/mulAddRecFNToRaw_preMul/_1618_/X (sky130_fd_sc_hd__mux2_2)
   0.1693    6.1354 ^ fpu_exe_unit/FPUUnit/fpu/dfma/fma/mulAddRecFNToRaw_preMul/_1760_/Y (sky130_fd_sc_hd__mux2i_1)
   0.0586    6.1940 v fpu_exe_unit/FPUUnit/fpu/dfma/fma/mulAddRecFNToRaw_preMul/_1761_/Y (sky130_fd_sc_hd__nor2_1)
   0.1499    6.3440 ^ fpu_exe_unit/FPUUnit/fpu/dfma/fma/mulAddRecFNToRaw_preMul/_1762_/Y (sky130_fd_sc_hd__a21oi_1)
   0.1072    6.4511 v fpu_exe_unit/FPUUnit/fpu/dfma/fma/mulAddRecFNToRaw_preMul/_1763_/Y (sky130_fd_sc_hd__mux2i_1)
   0.2246    6.6758 ^ fpu_exe_unit/FPUUnit/fpu/dfma/fma/mulAddRecFNToRaw_preMul/_1764_/Y (sky130_fd_sc_hd__a21oi_1)
   0.0630    6.7388 v fpu_exe_unit/FPUUnit/fpu/dfma/fma/mulAddRecFNToRaw_preMul/_1765_/Y (sky130_fd_sc_hd__nor2_1)
   0.1979    6.9367 v fpu_exe_unit/FPUUnit/fpu/dfma/fma/mulAddRecFNToRaw_preMul/_1766_/X (sky130_fd_sc_hd__o22a_1)
   0.3822    7.3188 v fpu_exe_unit/FPUUnit/fpu/dfma/fma/_15656_/X (sky130_fd_sc_hd__xnor3_1)
   0.3964    7.7153 v fpu_exe_unit/FPUUnit/fpu/dfma/fma/_15669_/X (sky130_fd_sc_hd__maj3_1)
   0.3777    8.0930 v fpu_exe_unit/FPUUnit/fpu/dfma/fma/_15690_/X (sky130_fd_sc_hd__maj3_1)
   0.3929    8.4858 v fpu_exe_unit/FPUUnit/fpu/dfma/fma/_15718_/X (sky130_fd_sc_hd__maj3_1)
   0.3979    8.8837 v fpu_exe_unit/FPUUnit/fpu/dfma/fma/_15741_/X (sky130_fd_sc_hd__xor3_1)
   0.1695    9.0532 ^ fpu_exe_unit/FPUUnit/fpu/dfma/fma/_15751_/Y (sky130_fd_sc_hd__nor2_1)
   0.2943    9.3475 ^ fpu_exe_unit/FPUUnit/fpu/dfma/fma/_15789_/X (sky130_fd_sc_hd__xor3_1)
   0.1440    9.4915 v fpu_exe_unit/FPUUnit/fpu/dfma/fma/_15790_/Y (sky130_fd_sc_hd__nand4bb_1)
   0.3515    9.8430 v fpu_exe_unit/FPUUnit/fpu/dfma/fma/_15837_/X (sky130_fd_sc_hd__or2_2)
   0.3724   10.2154 v fpu_exe_unit/FPUUnit/fpu/dfma/fma/_15891_/X (sky130_fd_sc_hd__maj3_1)
   0.3778   10.5932 v fpu_exe_unit/FPUUnit/fpu/dfma/fma/_15946_/X (sky130_fd_sc_hd__maj3_1)
   0.3853   10.9785 v fpu_exe_unit/FPUUnit/fpu/dfma/fma/_16018_/X (sky130_fd_sc_hd__maj3_1)
   0.3669   11.3454 v fpu_exe_unit/FPUUnit/fpu/dfma/fma/_16084_/X (sky130_fd_sc_hd__maj3_1)
   0.3753   11.7207 v fpu_exe_unit/FPUUnit/fpu/dfma/fma/_16150_/X (sky130_fd_sc_hd__maj3_1)
   0.3716   12.0924 v fpu_exe_unit/FPUUnit/fpu/dfma/fma/_16236_/X (sky130_fd_sc_hd__maj3_1)
   0.3656   12.4580 v fpu_exe_unit/FPUUnit/fpu/dfma/fma/_16331_/X (sky130_fd_sc_hd__maj3_1)
   0.3227   12.7806 ^ fpu_exe_unit/FPUUnit/fpu/dfma/fma/_16425_/Y (sky130_fd_sc_hd__o21ai_0)
   0.1187   12.8993 v fpu_exe_unit/FPUUnit/fpu/dfma/fma/_16955_/Y (sky130_fd_sc_hd__a211oi_1)
   0.3448   13.2441 ^ fpu_exe_unit/FPUUnit/fpu/dfma/fma/_16956_/Y (sky130_fd_sc_hd__o311ai_0)
   0.1911   13.4352 v fpu_exe_unit/FPUUnit/fpu/dfma/fma/_17093_/Y (sky130_fd_sc_hd__nand4_1)
   0.3235   13.7588 ^ fpu_exe_unit/FPUUnit/fpu/dfma/fma/_17388_/Y (sky130_fd_sc_hd__a211oi_1)
   0.1962   13.9550 v fpu_exe_unit/FPUUnit/fpu/dfma/fma/_17685_/Y (sky130_fd_sc_hd__o311ai_0)
   0.2651   14.2201 ^ fpu_exe_unit/FPUUnit/fpu/dfma/fma/_17989_/Y (sky130_fd_sc_hd__a211oi_1)
   0.1397   14.3598 v fpu_exe_unit/FPUUnit/fpu/dfma/fma/_18300_/Y (sky130_fd_sc_hd__o211ai_1)
   0.4212   14.7810 ^ fpu_exe_unit/FPUUnit/fpu/dfma/fma/_19021_/Y (sky130_fd_sc_hd__a2111oi_0)
   0.2639   15.0448 v fpu_exe_unit/FPUUnit/fpu/dfma/fma/_19832_/Y (sky130_fd_sc_hd__a2111oi_0)
   0.3827   15.4275 v fpu_exe_unit/FPUUnit/fpu/dfma/fma/_21839_/X (sky130_fd_sc_hd__o31a_1)
   0.3912   15.8187 ^ fpu_exe_unit/FPUUnit/fpu/dfma/fma/_22105_/Y (sky130_fd_sc_hd__o31ai_1)
   0.2506   16.0693 ^ fpu_exe_unit/FPUUnit/fpu/dfma/fma/_22629_/X (sky130_fd_sc_hd__a31o_2)
   0.1211   16.1903 v fpu_exe_unit/FPUUnit/fpu/dfma/fma/_23185_/Y (sky130_fd_sc_hd__a31oi_1)
   0.3831   16.5735 v fpu_exe_unit/FPUUnit/fpu/dfma/fma/_23463_/X (sky130_fd_sc_hd__maj3_1)
   0.1726   16.7461 v fpu_exe_unit/FPUUnit/fpu/dfma/fma/_23735_/X (sky130_fd_sc_hd__xor2_1)
   0.1337   16.8798 ^ fpu_exe_unit/FPUUnit/fpu/dfma/fma/_23737_/Y (sky130_fd_sc_hd__a21oi_1)
   0.0035   16.8833 ^ fpu_exe_unit/FPUUnit/fpu/dfma/fma/_31089_/D (sky130_fd_sc_hd__dfxtp_1)
            16.8833   data arrival time

  20.0000   20.0000   clock clock (rise edge)
   0.0000   20.0000   clock network delay (ideal)
   0.0000   20.0000   clock reconvergence pessimism
            20.0000 ^ fpu_exe_unit/FPUUnit/fpu/dfma/fma/_31089_/CLK (sky130_fd_sc_hd__dfxtp_1)
  -0.0711   19.9289   library setup time
            19.9289   data required time
-------------------------------------------------------------
            19.9289   data required time
           -16.8833   data arrival time
-------------------------------------------------------------
             3.0456   slack (MET)


Startpoint: fpu_exe_unit/FPUUnit/fpu/dfma/_1310_
            (rising edge-triggered flip-flop clocked by clock)
Endpoint: fpu_exe_unit/FPUUnit/fpu/dfma/fma/_31087_
          (rising edge-triggered flip-flop clocked by clock)
Path Group: clock
Path Type: max

    Delay      Time   Description
-------------------------------------------------------------
   0.0000    0.0000   clock clock (rise edge)
   0.0000    0.0000   clock network delay (ideal)
   0.0000    0.0000 ^ fpu_exe_unit/FPUUnit/fpu/dfma/_1310_/CLK (sky130_fd_sc_hd__dfxtp_1)
   0.2995    0.2995 v fpu_exe_unit/FPUUnit/fpu/dfma/_1310_/Q (sky130_fd_sc_hd__dfxtp_1)
   0.1614    0.4609 v fpu_exe_unit/FPUUnit/fpu/dfma/fma/mulAddRecFNToRaw_preMul/_1092_/Y (sky130_fd_sc_hd__xnor2_1)
   0.3226    0.7835 ^ fpu_exe_unit/FPUUnit/fpu/dfma/fma/mulAddRecFNToRaw_preMul/_1094_/Y (sky130_fd_sc_hd__o21ai_0)
   0.1761    0.9596 v fpu_exe_unit/FPUUnit/fpu/dfma/fma/mulAddRecFNToRaw_preMul/_1097_/Y (sky130_fd_sc_hd__a31oi_1)
   0.4045    1.3640 v fpu_exe_unit/FPUUnit/fpu/dfma/fma/mulAddRecFNToRaw_preMul/_1098_/X (sky130_fd_sc_hd__maj3_1)
   0.3959    1.7600 v fpu_exe_unit/FPUUnit/fpu/dfma/fma/mulAddRecFNToRaw_preMul/_1099_/X (sky130_fd_sc_hd__maj3_1)
   0.3973    2.1573 v fpu_exe_unit/FPUUnit/fpu/dfma/fma/mulAddRecFNToRaw_preMul/_1100_/X (sky130_fd_sc_hd__maj3_1)
   0.4055    2.5628 v fpu_exe_unit/FPUUnit/fpu/dfma/fma/mulAddRecFNToRaw_preMul/_1101_/X (sky130_fd_sc_hd__maj3_1)
   0.3551    2.9179 v fpu_exe_unit/FPUUnit/fpu/dfma/fma/mulAddRecFNToRaw_preMul/_1121_/X (sky130_fd_sc_hd__maj3_1)
   0.2007    3.1186 v fpu_exe_unit/FPUUnit/fpu/dfma/fma/mulAddRecFNToRaw_preMul/_1122_/X (sky130_fd_sc_hd__xor2_1)
   0.1942    3.3128 ^ fpu_exe_unit/FPUUnit/fpu/dfma/fma/mulAddRecFNToRaw_preMul/_1152_/Y (sky130_fd_sc_hd__o221ai_1)
   0.1518    3.4647 v fpu_exe_unit/FPUUnit/fpu/dfma/fma/mulAddRecFNToRaw_preMul/_1158_/Y (sky130_fd_sc_hd__a32oi_1)
   0.4189    3.8835 v fpu_exe_unit/FPUUnit/fpu/dfma/fma/mulAddRecFNToRaw_preMul/_1159_/X (sky130_fd_sc_hd__maj3_1)
   0.2588    4.1424 v fpu_exe_unit/FPUUnit/fpu/dfma/fma/mulAddRecFNToRaw_preMul/_1177_/X (sky130_fd_sc_hd__o2111a_1)
   0.1835    4.3259 v fpu_exe_unit/FPUUnit/fpu/dfma/fma/mulAddRecFNToRaw_preMul/_1178_/X (sky130_fd_sc_hd__clkbuf_1)
   0.1411    4.4670 ^ fpu_exe_unit/FPUUnit/fpu/dfma/fma/mulAddRecFNToRaw_preMul/_1203_/Y (sky130_fd_sc_hd__nand4_1)
   0.3339    4.8008 ^ fpu_exe_unit/FPUUnit/fpu/dfma/fma/mulAddRecFNToRaw_preMul/_1204_/X (sky130_fd_sc_hd__lpflow_clkbufkapwr_1)
   0.3198    5.1206 ^ fpu_exe_unit/FPUUnit/fpu/dfma/fma/mulAddRecFNToRaw_preMul/_1307_/X (sky130_fd_sc_hd__buf_2)
   0.4406    5.5612 ^ fpu_exe_unit/FPUUnit/fpu/dfma/fma/mulAddRecFNToRaw_preMul/_1308_/X (sky130_fd_sc_hd__lpflow_clkbufkapwr_1)
   0.4049    5.9661 v fpu_exe_unit/FPUUnit/fpu/dfma/fma/mulAddRecFNToRaw_preMul/_1618_/X (sky130_fd_sc_hd__mux2_2)
   0.1693    6.1354 ^ fpu_exe_unit/FPUUnit/fpu/dfma/fma/mulAddRecFNToRaw_preMul/_1760_/Y (sky130_fd_sc_hd__mux2i_1)
   0.0586    6.1940 v fpu_exe_unit/FPUUnit/fpu/dfma/fma/mulAddRecFNToRaw_preMul/_1761_/Y (sky130_fd_sc_hd__nor2_1)
   0.1499    6.3440 ^ fpu_exe_unit/FPUUnit/fpu/dfma/fma/mulAddRecFNToRaw_preMul/_1762_/Y (sky130_fd_sc_hd__a21oi_1)
   0.1072    6.4511 v fpu_exe_unit/FPUUnit/fpu/dfma/fma/mulAddRecFNToRaw_preMul/_1763_/Y (sky130_fd_sc_hd__mux2i_1)
   0.2246    6.6758 ^ fpu_exe_unit/FPUUnit/fpu/dfma/fma/mulAddRecFNToRaw_preMul/_1764_/Y (sky130_fd_sc_hd__a21oi_1)
   0.0630    6.7388 v fpu_exe_unit/FPUUnit/fpu/dfma/fma/mulAddRecFNToRaw_preMul/_1765_/Y (sky130_fd_sc_hd__nor2_1)
   0.1979    6.9367 v fpu_exe_unit/FPUUnit/fpu/dfma/fma/mulAddRecFNToRaw_preMul/_1766_/X (sky130_fd_sc_hd__o22a_1)
   0.3822    7.3188 v fpu_exe_unit/FPUUnit/fpu/dfma/fma/_15656_/X (sky130_fd_sc_hd__xnor3_1)
   0.3964    7.7153 v fpu_exe_unit/FPUUnit/fpu/dfma/fma/_15669_/X (sky130_fd_sc_hd__maj3_1)
   0.3777    8.0930 v fpu_exe_unit/FPUUnit/fpu/dfma/fma/_15690_/X (sky130_fd_sc_hd__maj3_1)
   0.3929    8.4858 v fpu_exe_unit/FPUUnit/fpu/dfma/fma/_15718_/X (sky130_fd_sc_hd__maj3_1)
   0.3979    8.8837 v fpu_exe_unit/FPUUnit/fpu/dfma/fma/_15741_/X (sky130_fd_sc_hd__xor3_1)
   0.1695    9.0532 ^ fpu_exe_unit/FPUUnit/fpu/dfma/fma/_15751_/Y (sky130_fd_sc_hd__nor2_1)
   0.2943    9.3475 ^ fpu_exe_unit/FPUUnit/fpu/dfma/fma/_15789_/X (sky130_fd_sc_hd__xor3_1)
   0.1440    9.4915 v fpu_exe_unit/FPUUnit/fpu/dfma/fma/_15790_/Y (sky130_fd_sc_hd__nand4bb_1)
   0.3515    9.8430 v fpu_exe_unit/FPUUnit/fpu/dfma/fma/_15837_/X (sky130_fd_sc_hd__or2_2)
   0.3724   10.2154 v fpu_exe_unit/FPUUnit/fpu/dfma/fma/_15891_/X (sky130_fd_sc_hd__maj3_1)
   0.3778   10.5932 v fpu_exe_unit/FPUUnit/fpu/dfma/fma/_15946_/X (sky130_fd_sc_hd__maj3_1)
   0.3853   10.9785 v fpu_exe_unit/FPUUnit/fpu/dfma/fma/_16018_/X (sky130_fd_sc_hd__maj3_1)
   0.3669   11.3454 v fpu_exe_unit/FPUUnit/fpu/dfma/fma/_16084_/X (sky130_fd_sc_hd__maj3_1)
   0.3753   11.7207 v fpu_exe_unit/FPUUnit/fpu/dfma/fma/_16150_/X (sky130_fd_sc_hd__maj3_1)
   0.3716   12.0924 v fpu_exe_unit/FPUUnit/fpu/dfma/fma/_16236_/X (sky130_fd_sc_hd__maj3_1)
   0.3656   12.4580 v fpu_exe_unit/FPUUnit/fpu/dfma/fma/_16331_/X (sky130_fd_sc_hd__maj3_1)
   0.3227   12.7806 ^ fpu_exe_unit/FPUUnit/fpu/dfma/fma/_16425_/Y (sky130_fd_sc_hd__o21ai_0)
   0.1187   12.8993 v fpu_exe_unit/FPUUnit/fpu/dfma/fma/_16955_/Y (sky130_fd_sc_hd__a211oi_1)
   0.3448   13.2441 ^ fpu_exe_unit/FPUUnit/fpu/dfma/fma/_16956_/Y (sky130_fd_sc_hd__o311ai_0)
   0.1911   13.4352 v fpu_exe_unit/FPUUnit/fpu/dfma/fma/_17093_/Y (sky130_fd_sc_hd__nand4_1)
   0.3235   13.7588 ^ fpu_exe_unit/FPUUnit/fpu/dfma/fma/_17388_/Y (sky130_fd_sc_hd__a211oi_1)
   0.1962   13.9550 v fpu_exe_unit/FPUUnit/fpu/dfma/fma/_17685_/Y (sky130_fd_sc_hd__o311ai_0)
   0.2651   14.2201 ^ fpu_exe_unit/FPUUnit/fpu/dfma/fma/_17989_/Y (sky130_fd_sc_hd__a211oi_1)
   0.1397   14.3598 v fpu_exe_unit/FPUUnit/fpu/dfma/fma/_18300_/Y (sky130_fd_sc_hd__o211ai_1)
   0.4212   14.7810 ^ fpu_exe_unit/FPUUnit/fpu/dfma/fma/_19021_/Y (sky130_fd_sc_hd__a2111oi_0)
   0.2639   15.0448 v fpu_exe_unit/FPUUnit/fpu/dfma/fma/_19832_/Y (sky130_fd_sc_hd__a2111oi_0)
   0.3827   15.4275 v fpu_exe_unit/FPUUnit/fpu/dfma/fma/_21839_/X (sky130_fd_sc_hd__o31a_1)
   0.3912   15.8187 ^ fpu_exe_unit/FPUUnit/fpu/dfma/fma/_22105_/Y (sky130_fd_sc_hd__o31ai_1)
   0.2506   16.0693 ^ fpu_exe_unit/FPUUnit/fpu/dfma/fma/_22629_/X (sky130_fd_sc_hd__a31o_2)
   0.0769   16.1461 v fpu_exe_unit/FPUUnit/fpu/dfma/fma/_22903_/Y (sky130_fd_sc_hd__a21oi_1)
   0.1327   16.2788 v fpu_exe_unit/FPUUnit/fpu/dfma/fma/_23182_/Y (sky130_fd_sc_hd__xnor2_1)
   0.2553   16.5341 v fpu_exe_unit/FPUUnit/fpu/dfma/fma/_23183_/X (sky130_fd_sc_hd__mux2_2)
   0.0035   16.5376 v fpu_exe_unit/FPUUnit/fpu/dfma/fma/_31087_/D (sky130_fd_sc_hd__dfxtp_1)
            16.5376   data arrival time

  20.0000   20.0000   clock clock (rise edge)
   0.0000   20.0000   clock network delay (ideal)
   0.0000   20.0000   clock reconvergence pessimism
            20.0000 ^ fpu_exe_unit/FPUUnit/fpu/dfma/fma/_31087_/CLK (sky130_fd_sc_hd__dfxtp_1)
  -0.1214   19.8786   library setup time
            19.8786   data required time
-------------------------------------------------------------
            19.8786   data required time
           -16.5376   data arrival time
-------------------------------------------------------------
             3.3410   slack (MET)


Startpoint: fpu_exe_unit/FPUUnit/fpu/dfma/_1310_
            (rising edge-triggered flip-flop clocked by clock)
Endpoint: fpu_exe_unit/FPUUnit/fpu/dfma/fma/_31088_
          (rising edge-triggered flip-flop clocked by clock)
Path Group: clock
Path Type: max

    Delay      Time   Description
-------------------------------------------------------------
   0.0000    0.0000   clock clock (rise edge)
   0.0000    0.0000   clock network delay (ideal)
   0.0000    0.0000 ^ fpu_exe_unit/FPUUnit/fpu/dfma/_1310_/CLK (sky130_fd_sc_hd__dfxtp_1)
   0.2995    0.2995 v fpu_exe_unit/FPUUnit/fpu/dfma/_1310_/Q (sky130_fd_sc_hd__dfxtp_1)
   0.1614    0.4609 v fpu_exe_unit/FPUUnit/fpu/dfma/fma/mulAddRecFNToRaw_preMul/_1092_/Y (sky130_fd_sc_hd__xnor2_1)
   0.3226    0.7835 ^ fpu_exe_unit/FPUUnit/fpu/dfma/fma/mulAddRecFNToRaw_preMul/_1094_/Y (sky130_fd_sc_hd__o21ai_0)
   0.1761    0.9596 v fpu_exe_unit/FPUUnit/fpu/dfma/fma/mulAddRecFNToRaw_preMul/_1097_/Y (sky130_fd_sc_hd__a31oi_1)
   0.4045    1.3640 v fpu_exe_unit/FPUUnit/fpu/dfma/fma/mulAddRecFNToRaw_preMul/_1098_/X (sky130_fd_sc_hd__maj3_1)
   0.3959    1.7600 v fpu_exe_unit/FPUUnit/fpu/dfma/fma/mulAddRecFNToRaw_preMul/_1099_/X (sky130_fd_sc_hd__maj3_1)
   0.3973    2.1573 v fpu_exe_unit/FPUUnit/fpu/dfma/fma/mulAddRecFNToRaw_preMul/_1100_/X (sky130_fd_sc_hd__maj3_1)
   0.4055    2.5628 v fpu_exe_unit/FPUUnit/fpu/dfma/fma/mulAddRecFNToRaw_preMul/_1101_/X (sky130_fd_sc_hd__maj3_1)
   0.3551    2.9179 v fpu_exe_unit/FPUUnit/fpu/dfma/fma/mulAddRecFNToRaw_preMul/_1121_/X (sky130_fd_sc_hd__maj3_1)
   0.2007    3.1186 v fpu_exe_unit/FPUUnit/fpu/dfma/fma/mulAddRecFNToRaw_preMul/_1122_/X (sky130_fd_sc_hd__xor2_1)
   0.1942    3.3128 ^ fpu_exe_unit/FPUUnit/fpu/dfma/fma/mulAddRecFNToRaw_preMul/_1152_/Y (sky130_fd_sc_hd__o221ai_1)
   0.1518    3.4647 v fpu_exe_unit/FPUUnit/fpu/dfma/fma/mulAddRecFNToRaw_preMul/_1158_/Y (sky130_fd_sc_hd__a32oi_1)
   0.4189    3.8835 v fpu_exe_unit/FPUUnit/fpu/dfma/fma/mulAddRecFNToRaw_preMul/_1159_/X (sky130_fd_sc_hd__maj3_1)
   0.2588    4.1424 v fpu_exe_unit/FPUUnit/fpu/dfma/fma/mulAddRecFNToRaw_preMul/_1177_/X (sky130_fd_sc_hd__o2111a_1)
   0.1835    4.3259 v fpu_exe_unit/FPUUnit/fpu/dfma/fma/mulAddRecFNToRaw_preMul/_1178_/X (sky130_fd_sc_hd__clkbuf_1)
   0.1411    4.4670 ^ fpu_exe_unit/FPUUnit/fpu/dfma/fma/mulAddRecFNToRaw_preMul/_1203_/Y (sky130_fd_sc_hd__nand4_1)
   0.3339    4.8008 ^ fpu_exe_unit/FPUUnit/fpu/dfma/fma/mulAddRecFNToRaw_preMul/_1204_/X (sky130_fd_sc_hd__lpflow_clkbufkapwr_1)
   0.3198    5.1206 ^ fpu_exe_unit/FPUUnit/fpu/dfma/fma/mulAddRecFNToRaw_preMul/_1307_/X (sky130_fd_sc_hd__buf_2)
   0.4406    5.5612 ^ fpu_exe_unit/FPUUnit/fpu/dfma/fma/mulAddRecFNToRaw_preMul/_1308_/X (sky130_fd_sc_hd__lpflow_clkbufkapwr_1)
   0.4049    5.9661 v fpu_exe_unit/FPUUnit/fpu/dfma/fma/mulAddRecFNToRaw_preMul/_1618_/X (sky130_fd_sc_hd__mux2_2)
   0.1693    6.1354 ^ fpu_exe_unit/FPUUnit/fpu/dfma/fma/mulAddRecFNToRaw_preMul/_1760_/Y (sky130_fd_sc_hd__mux2i_1)
   0.0586    6.1940 v fpu_exe_unit/FPUUnit/fpu/dfma/fma/mulAddRecFNToRaw_preMul/_1761_/Y (sky130_fd_sc_hd__nor2_1)
   0.1499    6.3440 ^ fpu_exe_unit/FPUUnit/fpu/dfma/fma/mulAddRecFNToRaw_preMul/_1762_/Y (sky130_fd_sc_hd__a21oi_1)
   0.1072    6.4511 v fpu_exe_unit/FPUUnit/fpu/dfma/fma/mulAddRecFNToRaw_preMul/_1763_/Y (sky130_fd_sc_hd__mux2i_1)
   0.2246    6.6758 ^ fpu_exe_unit/FPUUnit/fpu/dfma/fma/mulAddRecFNToRaw_preMul/_1764_/Y (sky130_fd_sc_hd__a21oi_1)
   0.0630    6.7388 v fpu_exe_unit/FPUUnit/fpu/dfma/fma/mulAddRecFNToRaw_preMul/_1765_/Y (sky130_fd_sc_hd__nor2_1)
   0.1979    6.9367 v fpu_exe_unit/FPUUnit/fpu/dfma/fma/mulAddRecFNToRaw_preMul/_1766_/X (sky130_fd_sc_hd__o22a_1)
   0.3822    7.3188 v fpu_exe_unit/FPUUnit/fpu/dfma/fma/_15656_/X (sky130_fd_sc_hd__xnor3_1)
   0.3964    7.7153 v fpu_exe_unit/FPUUnit/fpu/dfma/fma/_15669_/X (sky130_fd_sc_hd__maj3_1)
   0.3777    8.0930 v fpu_exe_unit/FPUUnit/fpu/dfma/fma/_15690_/X (sky130_fd_sc_hd__maj3_1)
   0.3929    8.4858 v fpu_exe_unit/FPUUnit/fpu/dfma/fma/_15718_/X (sky130_fd_sc_hd__maj3_1)
   0.3979    8.8837 v fpu_exe_unit/FPUUnit/fpu/dfma/fma/_15741_/X (sky130_fd_sc_hd__xor3_1)
   0.1695    9.0532 ^ fpu_exe_unit/FPUUnit/fpu/dfma/fma/_15751_/Y (sky130_fd_sc_hd__nor2_1)
   0.2943    9.3475 ^ fpu_exe_unit/FPUUnit/fpu/dfma/fma/_15789_/X (sky130_fd_sc_hd__xor3_1)
   0.1440    9.4915 v fpu_exe_unit/FPUUnit/fpu/dfma/fma/_15790_/Y (sky130_fd_sc_hd__nand4bb_1)
   0.3515    9.8430 v fpu_exe_unit/FPUUnit/fpu/dfma/fma/_15837_/X (sky130_fd_sc_hd__or2_2)
   0.3724   10.2154 v fpu_exe_unit/FPUUnit/fpu/dfma/fma/_15891_/X (sky130_fd_sc_hd__maj3_1)
   0.3778   10.5932 v fpu_exe_unit/FPUUnit/fpu/dfma/fma/_15946_/X (sky130_fd_sc_hd__maj3_1)
   0.3853   10.9785 v fpu_exe_unit/FPUUnit/fpu/dfma/fma/_16018_/X (sky130_fd_sc_hd__maj3_1)
   0.3669   11.3454 v fpu_exe_unit/FPUUnit/fpu/dfma/fma/_16084_/X (sky130_fd_sc_hd__maj3_1)
   0.3753   11.7207 v fpu_exe_unit/FPUUnit/fpu/dfma/fma/_16150_/X (sky130_fd_sc_hd__maj3_1)
   0.3716   12.0924 v fpu_exe_unit/FPUUnit/fpu/dfma/fma/_16236_/X (sky130_fd_sc_hd__maj3_1)
   0.3656   12.4580 v fpu_exe_unit/FPUUnit/fpu/dfma/fma/_16331_/X (sky130_fd_sc_hd__maj3_1)
   0.3227   12.7806 ^ fpu_exe_unit/FPUUnit/fpu/dfma/fma/_16425_/Y (sky130_fd_sc_hd__o21ai_0)
   0.1187   12.8993 v fpu_exe_unit/FPUUnit/fpu/dfma/fma/_16955_/Y (sky130_fd_sc_hd__a211oi_1)
   0.3448   13.2441 ^ fpu_exe_unit/FPUUnit/fpu/dfma/fma/_16956_/Y (sky130_fd_sc_hd__o311ai_0)
   0.1911   13.4352 v fpu_exe_unit/FPUUnit/fpu/dfma/fma/_17093_/Y (sky130_fd_sc_hd__nand4_1)
   0.3235   13.7588 ^ fpu_exe_unit/FPUUnit/fpu/dfma/fma/_17388_/Y (sky130_fd_sc_hd__a211oi_1)
   0.1962   13.9550 v fpu_exe_unit/FPUUnit/fpu/dfma/fma/_17685_/Y (sky130_fd_sc_hd__o311ai_0)
   0.2651   14.2201 ^ fpu_exe_unit/FPUUnit/fpu/dfma/fma/_17989_/Y (sky130_fd_sc_hd__a211oi_1)
   0.1397   14.3598 v fpu_exe_unit/FPUUnit/fpu/dfma/fma/_18300_/Y (sky130_fd_sc_hd__o211ai_1)
   0.4212   14.7810 ^ fpu_exe_unit/FPUUnit/fpu/dfma/fma/_19021_/Y (sky130_fd_sc_hd__a2111oi_0)
   0.2639   15.0448 v fpu_exe_unit/FPUUnit/fpu/dfma/fma/_19832_/Y (sky130_fd_sc_hd__a2111oi_0)
   0.3827   15.4275 v fpu_exe_unit/FPUUnit/fpu/dfma/fma/_21839_/X (sky130_fd_sc_hd__o31a_1)
   0.3912   15.8187 ^ fpu_exe_unit/FPUUnit/fpu/dfma/fma/_22105_/Y (sky130_fd_sc_hd__o31ai_1)
   0.2506   16.0693 ^ fpu_exe_unit/FPUUnit/fpu/dfma/fma/_22629_/X (sky130_fd_sc_hd__a31o_2)
   0.1211   16.1903 v fpu_exe_unit/FPUUnit/fpu/dfma/fma/_23185_/Y (sky130_fd_sc_hd__a31oi_1)
   0.1866   16.3770 v fpu_exe_unit/FPUUnit/fpu/dfma/fma/_23459_/X (sky130_fd_sc_hd__xor2_1)
   0.1368   16.5138 ^ fpu_exe_unit/FPUUnit/fpu/dfma/fma/_23462_/Y (sky130_fd_sc_hd__a21oi_1)
   0.0035   16.5173 ^ fpu_exe_unit/FPUUnit/fpu/dfma/fma/_31088_/D (sky130_fd_sc_hd__dfxtp_1)
            16.5173   data arrival time

  20.0000   20.0000   clock clock (rise edge)
   0.0000   20.0000   clock network delay (ideal)
   0.0000   20.0000   clock reconvergence pessimism
            20.0000 ^ fpu_exe_unit/FPUUnit/fpu/dfma/fma/_31088_/CLK (sky130_fd_sc_hd__dfxtp_1)
  -0.0711   19.9289   library setup time
            19.9289   data required time
-------------------------------------------------------------
            19.9289   data required time
           -16.5173   data arrival time
-------------------------------------------------------------
             3.4116   slack (MET)


Startpoint: fpu_exe_unit/FPUUnit/fpu/dfma/_1310_
            (rising edge-triggered flip-flop clocked by clock)
Endpoint: fpu_exe_unit/FPUUnit/fpu/dfma/fma/_31086_
          (rising edge-triggered flip-flop clocked by clock)
Path Group: clock
Path Type: max

    Delay      Time   Description
-------------------------------------------------------------
   0.0000    0.0000   clock clock (rise edge)
   0.0000    0.0000   clock network delay (ideal)
   0.0000    0.0000 ^ fpu_exe_unit/FPUUnit/fpu/dfma/_1310_/CLK (sky130_fd_sc_hd__dfxtp_1)
   0.2995    0.2995 v fpu_exe_unit/FPUUnit/fpu/dfma/_1310_/Q (sky130_fd_sc_hd__dfxtp_1)
   0.1614    0.4609 v fpu_exe_unit/FPUUnit/fpu/dfma/fma/mulAddRecFNToRaw_preMul/_1092_/Y (sky130_fd_sc_hd__xnor2_1)
   0.3226    0.7835 ^ fpu_exe_unit/FPUUnit/fpu/dfma/fma/mulAddRecFNToRaw_preMul/_1094_/Y (sky130_fd_sc_hd__o21ai_0)
   0.1761    0.9596 v fpu_exe_unit/FPUUnit/fpu/dfma/fma/mulAddRecFNToRaw_preMul/_1097_/Y (sky130_fd_sc_hd__a31oi_1)
   0.4045    1.3640 v fpu_exe_unit/FPUUnit/fpu/dfma/fma/mulAddRecFNToRaw_preMul/_1098_/X (sky130_fd_sc_hd__maj3_1)
   0.3959    1.7600 v fpu_exe_unit/FPUUnit/fpu/dfma/fma/mulAddRecFNToRaw_preMul/_1099_/X (sky130_fd_sc_hd__maj3_1)
   0.3973    2.1573 v fpu_exe_unit/FPUUnit/fpu/dfma/fma/mulAddRecFNToRaw_preMul/_1100_/X (sky130_fd_sc_hd__maj3_1)
   0.4055    2.5628 v fpu_exe_unit/FPUUnit/fpu/dfma/fma/mulAddRecFNToRaw_preMul/_1101_/X (sky130_fd_sc_hd__maj3_1)
   0.3551    2.9179 v fpu_exe_unit/FPUUnit/fpu/dfma/fma/mulAddRecFNToRaw_preMul/_1121_/X (sky130_fd_sc_hd__maj3_1)
   0.2007    3.1186 v fpu_exe_unit/FPUUnit/fpu/dfma/fma/mulAddRecFNToRaw_preMul/_1122_/X (sky130_fd_sc_hd__xor2_1)
   0.1942    3.3128 ^ fpu_exe_unit/FPUUnit/fpu/dfma/fma/mulAddRecFNToRaw_preMul/_1152_/Y (sky130_fd_sc_hd__o221ai_1)
   0.1518    3.4647 v fpu_exe_unit/FPUUnit/fpu/dfma/fma/mulAddRecFNToRaw_preMul/_1158_/Y (sky130_fd_sc_hd__a32oi_1)
   0.4189    3.8835 v fpu_exe_unit/FPUUnit/fpu/dfma/fma/mulAddRecFNToRaw_preMul/_1159_/X (sky130_fd_sc_hd__maj3_1)
   0.2588    4.1424 v fpu_exe_unit/FPUUnit/fpu/dfma/fma/mulAddRecFNToRaw_preMul/_1177_/X (sky130_fd_sc_hd__o2111a_1)
   0.1835    4.3259 v fpu_exe_unit/FPUUnit/fpu/dfma/fma/mulAddRecFNToRaw_preMul/_1178_/X (sky130_fd_sc_hd__clkbuf_1)
   0.1411    4.4670 ^ fpu_exe_unit/FPUUnit/fpu/dfma/fma/mulAddRecFNToRaw_preMul/_1203_/Y (sky130_fd_sc_hd__nand4_1)
   0.3339    4.8008 ^ fpu_exe_unit/FPUUnit/fpu/dfma/fma/mulAddRecFNToRaw_preMul/_1204_/X (sky130_fd_sc_hd__lpflow_clkbufkapwr_1)
   0.3198    5.1206 ^ fpu_exe_unit/FPUUnit/fpu/dfma/fma/mulAddRecFNToRaw_preMul/_1307_/X (sky130_fd_sc_hd__buf_2)
   0.4406    5.5612 ^ fpu_exe_unit/FPUUnit/fpu/dfma/fma/mulAddRecFNToRaw_preMul/_1308_/X (sky130_fd_sc_hd__lpflow_clkbufkapwr_1)
   0.4049    5.9661 v fpu_exe_unit/FPUUnit/fpu/dfma/fma/mulAddRecFNToRaw_preMul/_1618_/X (sky130_fd_sc_hd__mux2_2)
   0.1693    6.1354 ^ fpu_exe_unit/FPUUnit/fpu/dfma/fma/mulAddRecFNToRaw_preMul/_1760_/Y (sky130_fd_sc_hd__mux2i_1)
   0.0586    6.1940 v fpu_exe_unit/FPUUnit/fpu/dfma/fma/mulAddRecFNToRaw_preMul/_1761_/Y (sky130_fd_sc_hd__nor2_1)
   0.1499    6.3440 ^ fpu_exe_unit/FPUUnit/fpu/dfma/fma/mulAddRecFNToRaw_preMul/_1762_/Y (sky130_fd_sc_hd__a21oi_1)
   0.1072    6.4511 v fpu_exe_unit/FPUUnit/fpu/dfma/fma/mulAddRecFNToRaw_preMul/_1763_/Y (sky130_fd_sc_hd__mux2i_1)
   0.2246    6.6758 ^ fpu_exe_unit/FPUUnit/fpu/dfma/fma/mulAddRecFNToRaw_preMul/_1764_/Y (sky130_fd_sc_hd__a21oi_1)
   0.0630    6.7388 v fpu_exe_unit/FPUUnit/fpu/dfma/fma/mulAddRecFNToRaw_preMul/_1765_/Y (sky130_fd_sc_hd__nor2_1)
   0.1979    6.9367 v fpu_exe_unit/FPUUnit/fpu/dfma/fma/mulAddRecFNToRaw_preMul/_1766_/X (sky130_fd_sc_hd__o22a_1)
   0.3822    7.3188 v fpu_exe_unit/FPUUnit/fpu/dfma/fma/_15656_/X (sky130_fd_sc_hd__xnor3_1)
   0.3964    7.7153 v fpu_exe_unit/FPUUnit/fpu/dfma/fma/_15669_/X (sky130_fd_sc_hd__maj3_1)
   0.3777    8.0930 v fpu_exe_unit/FPUUnit/fpu/dfma/fma/_15690_/X (sky130_fd_sc_hd__maj3_1)
   0.3929    8.4858 v fpu_exe_unit/FPUUnit/fpu/dfma/fma/_15718_/X (sky130_fd_sc_hd__maj3_1)
   0.3979    8.8837 v fpu_exe_unit/FPUUnit/fpu/dfma/fma/_15741_/X (sky130_fd_sc_hd__xor3_1)
   0.1695    9.0532 ^ fpu_exe_unit/FPUUnit/fpu/dfma/fma/_15751_/Y (sky130_fd_sc_hd__nor2_1)
   0.2943    9.3475 ^ fpu_exe_unit/FPUUnit/fpu/dfma/fma/_15789_/X (sky130_fd_sc_hd__xor3_1)
   0.1440    9.4915 v fpu_exe_unit/FPUUnit/fpu/dfma/fma/_15790_/Y (sky130_fd_sc_hd__nand4bb_1)
   0.3515    9.8430 v fpu_exe_unit/FPUUnit/fpu/dfma/fma/_15837_/X (sky130_fd_sc_hd__or2_2)
   0.3724   10.2154 v fpu_exe_unit/FPUUnit/fpu/dfma/fma/_15891_/X (sky130_fd_sc_hd__maj3_1)
   0.3778   10.5932 v fpu_exe_unit/FPUUnit/fpu/dfma/fma/_15946_/X (sky130_fd_sc_hd__maj3_1)
   0.3853   10.9785 v fpu_exe_unit/FPUUnit/fpu/dfma/fma/_16018_/X (sky130_fd_sc_hd__maj3_1)
   0.3669   11.3454 v fpu_exe_unit/FPUUnit/fpu/dfma/fma/_16084_/X (sky130_fd_sc_hd__maj3_1)
   0.3753   11.7207 v fpu_exe_unit/FPUUnit/fpu/dfma/fma/_16150_/X (sky130_fd_sc_hd__maj3_1)
   0.3716   12.0924 v fpu_exe_unit/FPUUnit/fpu/dfma/fma/_16236_/X (sky130_fd_sc_hd__maj3_1)
   0.3656   12.4580 v fpu_exe_unit/FPUUnit/fpu/dfma/fma/_16331_/X (sky130_fd_sc_hd__maj3_1)
   0.3227   12.7806 ^ fpu_exe_unit/FPUUnit/fpu/dfma/fma/_16425_/Y (sky130_fd_sc_hd__o21ai_0)
   0.1187   12.8993 v fpu_exe_unit/FPUUnit/fpu/dfma/fma/_16955_/Y (sky130_fd_sc_hd__a211oi_1)
   0.3448   13.2441 ^ fpu_exe_unit/FPUUnit/fpu/dfma/fma/_16956_/Y (sky130_fd_sc_hd__o311ai_0)
   0.1911   13.4352 v fpu_exe_unit/FPUUnit/fpu/dfma/fma/_17093_/Y (sky130_fd_sc_hd__nand4_1)
   0.3235   13.7588 ^ fpu_exe_unit/FPUUnit/fpu/dfma/fma/_17388_/Y (sky130_fd_sc_hd__a211oi_1)
   0.1962   13.9550 v fpu_exe_unit/FPUUnit/fpu/dfma/fma/_17685_/Y (sky130_fd_sc_hd__o311ai_0)
   0.2651   14.2201 ^ fpu_exe_unit/FPUUnit/fpu/dfma/fma/_17989_/Y (sky130_fd_sc_hd__a211oi_1)
   0.1397   14.3598 v fpu_exe_unit/FPUUnit/fpu/dfma/fma/_18300_/Y (sky130_fd_sc_hd__o211ai_1)
   0.4212   14.7810 ^ fpu_exe_unit/FPUUnit/fpu/dfma/fma/_19021_/Y (sky130_fd_sc_hd__a2111oi_0)
   0.2639   15.0448 v fpu_exe_unit/FPUUnit/fpu/dfma/fma/_19832_/Y (sky130_fd_sc_hd__a2111oi_0)
   0.3827   15.4275 v fpu_exe_unit/FPUUnit/fpu/dfma/fma/_21839_/X (sky130_fd_sc_hd__o31a_1)
   0.3912   15.8187 ^ fpu_exe_unit/FPUUnit/fpu/dfma/fma/_22105_/Y (sky130_fd_sc_hd__o31ai_1)
   0.2506   16.0693 ^ fpu_exe_unit/FPUUnit/fpu/dfma/fma/_22629_/X (sky130_fd_sc_hd__a31o_2)
   0.1196   16.1889 ^ fpu_exe_unit/FPUUnit/fpu/dfma/fma/_22900_/Y (sky130_fd_sc_hd__xnor2_1)
   0.0787   16.2676 v fpu_exe_unit/FPUUnit/fpu/dfma/fma/_22902_/Y (sky130_fd_sc_hd__a21oi_1)
   0.0035   16.2710 v fpu_exe_unit/FPUUnit/fpu/dfma/fma/_31086_/D (sky130_fd_sc_hd__dfxtp_1)
            16.2710   data arrival time

  20.0000   20.0000   clock clock (rise edge)
   0.0000   20.0000   clock network delay (ideal)
   0.0000   20.0000   clock reconvergence pessimism
            20.0000 ^ fpu_exe_unit/FPUUnit/fpu/dfma/fma/_31086_/CLK (sky130_fd_sc_hd__dfxtp_1)
  -0.1345   19.8655   library setup time
            19.8655   data required time
-------------------------------------------------------------
            19.8655   data required time
           -16.2710   data arrival time
-------------------------------------------------------------
             3.5945   slack (MET)


Startpoint: fpu_exe_unit/FPUUnit/fpu/dfma/_1310_
            (rising edge-triggered flip-flop clocked by clock)
Endpoint: fpu_exe_unit/FPUUnit/fpu/dfma/fma/_31085_
          (rising edge-triggered flip-flop clocked by clock)
Path Group: clock
Path Type: max

    Delay      Time   Description
-------------------------------------------------------------
   0.0000    0.0000   clock clock (rise edge)
   0.0000    0.0000   clock network delay (ideal)
   0.0000    0.0000 ^ fpu_exe_unit/FPUUnit/fpu/dfma/_1310_/CLK (sky130_fd_sc_hd__dfxtp_1)
   0.2995    0.2995 v fpu_exe_unit/FPUUnit/fpu/dfma/_1310_/Q (sky130_fd_sc_hd__dfxtp_1)
   0.1614    0.4609 v fpu_exe_unit/FPUUnit/fpu/dfma/fma/mulAddRecFNToRaw_preMul/_1092_/Y (sky130_fd_sc_hd__xnor2_1)
   0.3226    0.7835 ^ fpu_exe_unit/FPUUnit/fpu/dfma/fma/mulAddRecFNToRaw_preMul/_1094_/Y (sky130_fd_sc_hd__o21ai_0)
   0.1761    0.9596 v fpu_exe_unit/FPUUnit/fpu/dfma/fma/mulAddRecFNToRaw_preMul/_1097_/Y (sky130_fd_sc_hd__a31oi_1)
   0.4045    1.3640 v fpu_exe_unit/FPUUnit/fpu/dfma/fma/mulAddRecFNToRaw_preMul/_1098_/X (sky130_fd_sc_hd__maj3_1)
   0.3959    1.7600 v fpu_exe_unit/FPUUnit/fpu/dfma/fma/mulAddRecFNToRaw_preMul/_1099_/X (sky130_fd_sc_hd__maj3_1)
   0.3973    2.1573 v fpu_exe_unit/FPUUnit/fpu/dfma/fma/mulAddRecFNToRaw_preMul/_1100_/X (sky130_fd_sc_hd__maj3_1)
   0.4055    2.5628 v fpu_exe_unit/FPUUnit/fpu/dfma/fma/mulAddRecFNToRaw_preMul/_1101_/X (sky130_fd_sc_hd__maj3_1)
   0.3551    2.9179 v fpu_exe_unit/FPUUnit/fpu/dfma/fma/mulAddRecFNToRaw_preMul/_1121_/X (sky130_fd_sc_hd__maj3_1)
   0.2007    3.1186 v fpu_exe_unit/FPUUnit/fpu/dfma/fma/mulAddRecFNToRaw_preMul/_1122_/X (sky130_fd_sc_hd__xor2_1)
   0.1942    3.3128 ^ fpu_exe_unit/FPUUnit/fpu/dfma/fma/mulAddRecFNToRaw_preMul/_1152_/Y (sky130_fd_sc_hd__o221ai_1)
   0.1518    3.4647 v fpu_exe_unit/FPUUnit/fpu/dfma/fma/mulAddRecFNToRaw_preMul/_1158_/Y (sky130_fd_sc_hd__a32oi_1)
   0.4189    3.8835 v fpu_exe_unit/FPUUnit/fpu/dfma/fma/mulAddRecFNToRaw_preMul/_1159_/X (sky130_fd_sc_hd__maj3_1)
   0.2588    4.1424 v fpu_exe_unit/FPUUnit/fpu/dfma/fma/mulAddRecFNToRaw_preMul/_1177_/X (sky130_fd_sc_hd__o2111a_1)
   0.1835    4.3259 v fpu_exe_unit/FPUUnit/fpu/dfma/fma/mulAddRecFNToRaw_preMul/_1178_/X (sky130_fd_sc_hd__clkbuf_1)
   0.1411    4.4670 ^ fpu_exe_unit/FPUUnit/fpu/dfma/fma/mulAddRecFNToRaw_preMul/_1203_/Y (sky130_fd_sc_hd__nand4_1)
   0.3339    4.8008 ^ fpu_exe_unit/FPUUnit/fpu/dfma/fma/mulAddRecFNToRaw_preMul/_1204_/X (sky130_fd_sc_hd__lpflow_clkbufkapwr_1)
   0.3198    5.1206 ^ fpu_exe_unit/FPUUnit/fpu/dfma/fma/mulAddRecFNToRaw_preMul/_1307_/X (sky130_fd_sc_hd__buf_2)
   0.4406    5.5612 ^ fpu_exe_unit/FPUUnit/fpu/dfma/fma/mulAddRecFNToRaw_preMul/_1308_/X (sky130_fd_sc_hd__lpflow_clkbufkapwr_1)
   0.4049    5.9661 v fpu_exe_unit/FPUUnit/fpu/dfma/fma/mulAddRecFNToRaw_preMul/_1618_/X (sky130_fd_sc_hd__mux2_2)
   0.1693    6.1354 ^ fpu_exe_unit/FPUUnit/fpu/dfma/fma/mulAddRecFNToRaw_preMul/_1760_/Y (sky130_fd_sc_hd__mux2i_1)
   0.0586    6.1940 v fpu_exe_unit/FPUUnit/fpu/dfma/fma/mulAddRecFNToRaw_preMul/_1761_/Y (sky130_fd_sc_hd__nor2_1)
   0.1499    6.3440 ^ fpu_exe_unit/FPUUnit/fpu/dfma/fma/mulAddRecFNToRaw_preMul/_1762_/Y (sky130_fd_sc_hd__a21oi_1)
   0.1072    6.4511 v fpu_exe_unit/FPUUnit/fpu/dfma/fma/mulAddRecFNToRaw_preMul/_1763_/Y (sky130_fd_sc_hd__mux2i_1)
   0.2246    6.6758 ^ fpu_exe_unit/FPUUnit/fpu/dfma/fma/mulAddRecFNToRaw_preMul/_1764_/Y (sky130_fd_sc_hd__a21oi_1)
   0.0630    6.7388 v fpu_exe_unit/FPUUnit/fpu/dfma/fma/mulAddRecFNToRaw_preMul/_1765_/Y (sky130_fd_sc_hd__nor2_1)
   0.1979    6.9367 v fpu_exe_unit/FPUUnit/fpu/dfma/fma/mulAddRecFNToRaw_preMul/_1766_/X (sky130_fd_sc_hd__o22a_1)
   0.3822    7.3188 v fpu_exe_unit/FPUUnit/fpu/dfma/fma/_15656_/X (sky130_fd_sc_hd__xnor3_1)
   0.3964    7.7153 v fpu_exe_unit/FPUUnit/fpu/dfma/fma/_15669_/X (sky130_fd_sc_hd__maj3_1)
   0.3777    8.0930 v fpu_exe_unit/FPUUnit/fpu/dfma/fma/_15690_/X (sky130_fd_sc_hd__maj3_1)
   0.3929    8.4858 v fpu_exe_unit/FPUUnit/fpu/dfma/fma/_15718_/X (sky130_fd_sc_hd__maj3_1)
   0.3979    8.8837 v fpu_exe_unit/FPUUnit/fpu/dfma/fma/_15741_/X (sky130_fd_sc_hd__xor3_1)
   0.1695    9.0532 ^ fpu_exe_unit/FPUUnit/fpu/dfma/fma/_15751_/Y (sky130_fd_sc_hd__nor2_1)
   0.2943    9.3475 ^ fpu_exe_unit/FPUUnit/fpu/dfma/fma/_15789_/X (sky130_fd_sc_hd__xor3_1)
   0.1440    9.4915 v fpu_exe_unit/FPUUnit/fpu/dfma/fma/_15790_/Y (sky130_fd_sc_hd__nand4bb_1)
   0.3515    9.8430 v fpu_exe_unit/FPUUnit/fpu/dfma/fma/_15837_/X (sky130_fd_sc_hd__or2_2)
   0.3724   10.2154 v fpu_exe_unit/FPUUnit/fpu/dfma/fma/_15891_/X (sky130_fd_sc_hd__maj3_1)
   0.3778   10.5932 v fpu_exe_unit/FPUUnit/fpu/dfma/fma/_15946_/X (sky130_fd_sc_hd__maj3_1)
   0.3853   10.9785 v fpu_exe_unit/FPUUnit/fpu/dfma/fma/_16018_/X (sky130_fd_sc_hd__maj3_1)
   0.3669   11.3454 v fpu_exe_unit/FPUUnit/fpu/dfma/fma/_16084_/X (sky130_fd_sc_hd__maj3_1)
   0.3753   11.7207 v fpu_exe_unit/FPUUnit/fpu/dfma/fma/_16150_/X (sky130_fd_sc_hd__maj3_1)
   0.3716   12.0924 v fpu_exe_unit/FPUUnit/fpu/dfma/fma/_16236_/X (sky130_fd_sc_hd__maj3_1)
   0.3656   12.4580 v fpu_exe_unit/FPUUnit/fpu/dfma/fma/_16331_/X (sky130_fd_sc_hd__maj3_1)
   0.3227   12.7806 ^ fpu_exe_unit/FPUUnit/fpu/dfma/fma/_16425_/Y (sky130_fd_sc_hd__o21ai_0)
   0.1187   12.8993 v fpu_exe_unit/FPUUnit/fpu/dfma/fma/_16955_/Y (sky130_fd_sc_hd__a211oi_1)
   0.3448   13.2441 ^ fpu_exe_unit/FPUUnit/fpu/dfma/fma/_16956_/Y (sky130_fd_sc_hd__o311ai_0)
   0.1911   13.4352 v fpu_exe_unit/FPUUnit/fpu/dfma/fma/_17093_/Y (sky130_fd_sc_hd__nand4_1)
   0.3235   13.7588 ^ fpu_exe_unit/FPUUnit/fpu/dfma/fma/_17388_/Y (sky130_fd_sc_hd__a211oi_1)
   0.1962   13.9550 v fpu_exe_unit/FPUUnit/fpu/dfma/fma/_17685_/Y (sky130_fd_sc_hd__o311ai_0)
   0.2651   14.2201 ^ fpu_exe_unit/FPUUnit/fpu/dfma/fma/_17989_/Y (sky130_fd_sc_hd__a211oi_1)
   0.1397   14.3598 v fpu_exe_unit/FPUUnit/fpu/dfma/fma/_18300_/Y (sky130_fd_sc_hd__o211ai_1)
   0.4212   14.7810 ^ fpu_exe_unit/FPUUnit/fpu/dfma/fma/_19021_/Y (sky130_fd_sc_hd__a2111oi_0)
   0.2639   15.0448 v fpu_exe_unit/FPUUnit/fpu/dfma/fma/_19832_/Y (sky130_fd_sc_hd__a2111oi_0)
   0.3827   15.4275 v fpu_exe_unit/FPUUnit/fpu/dfma/fma/_21839_/X (sky130_fd_sc_hd__o31a_1)
   0.3912   15.8187 ^ fpu_exe_unit/FPUUnit/fpu/dfma/fma/_22105_/Y (sky130_fd_sc_hd__o31ai_1)
   0.1355   15.9542 v fpu_exe_unit/FPUUnit/fpu/dfma/fma/_22370_/Y (sky130_fd_sc_hd__a21oi_1)
   0.1846   16.1388 v fpu_exe_unit/FPUUnit/fpu/dfma/fma/_22625_/X (sky130_fd_sc_hd__xor2_1)
   0.1338   16.2726 ^ fpu_exe_unit/FPUUnit/fpu/dfma/fma/_22627_/Y (sky130_fd_sc_hd__a21oi_1)
   0.0035   16.2761 ^ fpu_exe_unit/FPUUnit/fpu/dfma/fma/_31085_/D (sky130_fd_sc_hd__dfxtp_1)
            16.2761   data arrival time

  20.0000   20.0000   clock clock (rise edge)
   0.0000   20.0000   clock network delay (ideal)
   0.0000   20.0000   clock reconvergence pessimism
            20.0000 ^ fpu_exe_unit/FPUUnit/fpu/dfma/fma/_31085_/CLK (sky130_fd_sc_hd__dfxtp_1)
  -0.0711   19.9289   library setup time
            19.9289   data required time
-------------------------------------------------------------
            19.9289   data required time
           -16.2761   data arrival time
-------------------------------------------------------------
             3.6529   slack (MET)


Startpoint: fpu_exe_unit/FPUUnit/fpu/dfma/_1310_
            (rising edge-triggered flip-flop clocked by clock)
Endpoint: fpu_exe_unit/FPUUnit/fpu/dfma/fma/_31081_
          (rising edge-triggered flip-flop clocked by clock)
Path Group: clock
Path Type: max

    Delay      Time   Description
-------------------------------------------------------------
   0.0000    0.0000   clock clock (rise edge)
   0.0000    0.0000   clock network delay (ideal)
   0.0000    0.0000 ^ fpu_exe_unit/FPUUnit/fpu/dfma/_1310_/CLK (sky130_fd_sc_hd__dfxtp_1)
   0.2995    0.2995 v fpu_exe_unit/FPUUnit/fpu/dfma/_1310_/Q (sky130_fd_sc_hd__dfxtp_1)
   0.1614    0.4609 v fpu_exe_unit/FPUUnit/fpu/dfma/fma/mulAddRecFNToRaw_preMul/_1092_/Y (sky130_fd_sc_hd__xnor2_1)
   0.3226    0.7835 ^ fpu_exe_unit/FPUUnit/fpu/dfma/fma/mulAddRecFNToRaw_preMul/_1094_/Y (sky130_fd_sc_hd__o21ai_0)
   0.1761    0.9596 v fpu_exe_unit/FPUUnit/fpu/dfma/fma/mulAddRecFNToRaw_preMul/_1097_/Y (sky130_fd_sc_hd__a31oi_1)
   0.4045    1.3640 v fpu_exe_unit/FPUUnit/fpu/dfma/fma/mulAddRecFNToRaw_preMul/_1098_/X (sky130_fd_sc_hd__maj3_1)
   0.3959    1.7600 v fpu_exe_unit/FPUUnit/fpu/dfma/fma/mulAddRecFNToRaw_preMul/_1099_/X (sky130_fd_sc_hd__maj3_1)
   0.3973    2.1573 v fpu_exe_unit/FPUUnit/fpu/dfma/fma/mulAddRecFNToRaw_preMul/_1100_/X (sky130_fd_sc_hd__maj3_1)
   0.4055    2.5628 v fpu_exe_unit/FPUUnit/fpu/dfma/fma/mulAddRecFNToRaw_preMul/_1101_/X (sky130_fd_sc_hd__maj3_1)
   0.3551    2.9179 v fpu_exe_unit/FPUUnit/fpu/dfma/fma/mulAddRecFNToRaw_preMul/_1121_/X (sky130_fd_sc_hd__maj3_1)
   0.2007    3.1186 v fpu_exe_unit/FPUUnit/fpu/dfma/fma/mulAddRecFNToRaw_preMul/_1122_/X (sky130_fd_sc_hd__xor2_1)
   0.1942    3.3128 ^ fpu_exe_unit/FPUUnit/fpu/dfma/fma/mulAddRecFNToRaw_preMul/_1152_/Y (sky130_fd_sc_hd__o221ai_1)
   0.1518    3.4647 v fpu_exe_unit/FPUUnit/fpu/dfma/fma/mulAddRecFNToRaw_preMul/_1158_/Y (sky130_fd_sc_hd__a32oi_1)
   0.4189    3.8835 v fpu_exe_unit/FPUUnit/fpu/dfma/fma/mulAddRecFNToRaw_preMul/_1159_/X (sky130_fd_sc_hd__maj3_1)
   0.2588    4.1424 v fpu_exe_unit/FPUUnit/fpu/dfma/fma/mulAddRecFNToRaw_preMul/_1177_/X (sky130_fd_sc_hd__o2111a_1)
   0.1835    4.3259 v fpu_exe_unit/FPUUnit/fpu/dfma/fma/mulAddRecFNToRaw_preMul/_1178_/X (sky130_fd_sc_hd__clkbuf_1)
   0.1411    4.4670 ^ fpu_exe_unit/FPUUnit/fpu/dfma/fma/mulAddRecFNToRaw_preMul/_1203_/Y (sky130_fd_sc_hd__nand4_1)
   0.3339    4.8008 ^ fpu_exe_unit/FPUUnit/fpu/dfma/fma/mulAddRecFNToRaw_preMul/_1204_/X (sky130_fd_sc_hd__lpflow_clkbufkapwr_1)
   0.3198    5.1206 ^ fpu_exe_unit/FPUUnit/fpu/dfma/fma/mulAddRecFNToRaw_preMul/_1307_/X (sky130_fd_sc_hd__buf_2)
   0.4406    5.5612 ^ fpu_exe_unit/FPUUnit/fpu/dfma/fma/mulAddRecFNToRaw_preMul/_1308_/X (sky130_fd_sc_hd__lpflow_clkbufkapwr_1)
   0.4049    5.9661 v fpu_exe_unit/FPUUnit/fpu/dfma/fma/mulAddRecFNToRaw_preMul/_1618_/X (sky130_fd_sc_hd__mux2_2)
   0.1693    6.1354 ^ fpu_exe_unit/FPUUnit/fpu/dfma/fma/mulAddRecFNToRaw_preMul/_1760_/Y (sky130_fd_sc_hd__mux2i_1)
   0.0586    6.1940 v fpu_exe_unit/FPUUnit/fpu/dfma/fma/mulAddRecFNToRaw_preMul/_1761_/Y (sky130_fd_sc_hd__nor2_1)
   0.1499    6.3440 ^ fpu_exe_unit/FPUUnit/fpu/dfma/fma/mulAddRecFNToRaw_preMul/_1762_/Y (sky130_fd_sc_hd__a21oi_1)
   0.1072    6.4511 v fpu_exe_unit/FPUUnit/fpu/dfma/fma/mulAddRecFNToRaw_preMul/_1763_/Y (sky130_fd_sc_hd__mux2i_1)
   0.2246    6.6758 ^ fpu_exe_unit/FPUUnit/fpu/dfma/fma/mulAddRecFNToRaw_preMul/_1764_/Y (sky130_fd_sc_hd__a21oi_1)
   0.0630    6.7388 v fpu_exe_unit/FPUUnit/fpu/dfma/fma/mulAddRecFNToRaw_preMul/_1765_/Y (sky130_fd_sc_hd__nor2_1)
   0.1979    6.9367 v fpu_exe_unit/FPUUnit/fpu/dfma/fma/mulAddRecFNToRaw_preMul/_1766_/X (sky130_fd_sc_hd__o22a_1)
   0.3822    7.3188 v fpu_exe_unit/FPUUnit/fpu/dfma/fma/_15656_/X (sky130_fd_sc_hd__xnor3_1)
   0.3964    7.7153 v fpu_exe_unit/FPUUnit/fpu/dfma/fma/_15669_/X (sky130_fd_sc_hd__maj3_1)
   0.3777    8.0930 v fpu_exe_unit/FPUUnit/fpu/dfma/fma/_15690_/X (sky130_fd_sc_hd__maj3_1)
   0.3929    8.4858 v fpu_exe_unit/FPUUnit/fpu/dfma/fma/_15718_/X (sky130_fd_sc_hd__maj3_1)
   0.3979    8.8837 v fpu_exe_unit/FPUUnit/fpu/dfma/fma/_15741_/X (sky130_fd_sc_hd__xor3_1)
   0.1695    9.0532 ^ fpu_exe_unit/FPUUnit/fpu/dfma/fma/_15751_/Y (sky130_fd_sc_hd__nor2_1)
   0.2943    9.3475 ^ fpu_exe_unit/FPUUnit/fpu/dfma/fma/_15789_/X (sky130_fd_sc_hd__xor3_1)
   0.1440    9.4915 v fpu_exe_unit/FPUUnit/fpu/dfma/fma/_15790_/Y (sky130_fd_sc_hd__nand4bb_1)
   0.3515    9.8430 v fpu_exe_unit/FPUUnit/fpu/dfma/fma/_15837_/X (sky130_fd_sc_hd__or2_2)
   0.3724   10.2154 v fpu_exe_unit/FPUUnit/fpu/dfma/fma/_15891_/X (sky130_fd_sc_hd__maj3_1)
   0.3778   10.5932 v fpu_exe_unit/FPUUnit/fpu/dfma/fma/_15946_/X (sky130_fd_sc_hd__maj3_1)
   0.3853   10.9785 v fpu_exe_unit/FPUUnit/fpu/dfma/fma/_16018_/X (sky130_fd_sc_hd__maj3_1)
   0.3669   11.3454 v fpu_exe_unit/FPUUnit/fpu/dfma/fma/_16084_/X (sky130_fd_sc_hd__maj3_1)
   0.3753   11.7207 v fpu_exe_unit/FPUUnit/fpu/dfma/fma/_16150_/X (sky130_fd_sc_hd__maj3_1)
   0.3716   12.0924 v fpu_exe_unit/FPUUnit/fpu/dfma/fma/_16236_/X (sky130_fd_sc_hd__maj3_1)
   0.3656   12.4580 v fpu_exe_unit/FPUUnit/fpu/dfma/fma/_16331_/X (sky130_fd_sc_hd__maj3_1)
   0.3227   12.7806 ^ fpu_exe_unit/FPUUnit/fpu/dfma/fma/_16425_/Y (sky130_fd_sc_hd__o21ai_0)
   0.1187   12.8993 v fpu_exe_unit/FPUUnit/fpu/dfma/fma/_16955_/Y (sky130_fd_sc_hd__a211oi_1)
   0.3448   13.2441 ^ fpu_exe_unit/FPUUnit/fpu/dfma/fma/_16956_/Y (sky130_fd_sc_hd__o311ai_0)
   0.1911   13.4352 v fpu_exe_unit/FPUUnit/fpu/dfma/fma/_17093_/Y (sky130_fd_sc_hd__nand4_1)
   0.3235   13.7588 ^ fpu_exe_unit/FPUUnit/fpu/dfma/fma/_17388_/Y (sky130_fd_sc_hd__a211oi_1)
   0.1962   13.9550 v fpu_exe_unit/FPUUnit/fpu/dfma/fma/_17685_/Y (sky130_fd_sc_hd__o311ai_0)
   0.2651   14.2201 ^ fpu_exe_unit/FPUUnit/fpu/dfma/fma/_17989_/Y (sky130_fd_sc_hd__a211oi_1)
   0.1397   14.3598 v fpu_exe_unit/FPUUnit/fpu/dfma/fma/_18300_/Y (sky130_fd_sc_hd__o211ai_1)
   0.4212   14.7810 ^ fpu_exe_unit/FPUUnit/fpu/dfma/fma/_19021_/Y (sky130_fd_sc_hd__a2111oi_0)
   0.2639   15.0448 v fpu_exe_unit/FPUUnit/fpu/dfma/fma/_19832_/Y (sky130_fd_sc_hd__a2111oi_0)
   0.2896   15.3345 ^ fpu_exe_unit/FPUUnit/fpu/dfma/fma/_20211_/Y (sky130_fd_sc_hd__o21bai_1)
   0.1337   15.4682 v fpu_exe_unit/FPUUnit/fpu/dfma/fma/_20622_/Y (sky130_fd_sc_hd__a21oi_1)
   0.1480   15.6162 ^ fpu_exe_unit/FPUUnit/fpu/dfma/fma/_20848_/Y (sky130_fd_sc_hd__nor2_1)
   0.0635   15.6797 v fpu_exe_unit/FPUUnit/fpu/dfma/fma/_21086_/Y (sky130_fd_sc_hd__nand2_1)
   0.0923   15.7720 ^ fpu_exe_unit/FPUUnit/fpu/dfma/fma/_21087_/Y (sky130_fd_sc_hd__nand2_1)
   0.0785   15.8505 v fpu_exe_unit/FPUUnit/fpu/dfma/fma/_21327_/Y (sky130_fd_sc_hd__a21oi_1)
   0.1363   15.9869 v fpu_exe_unit/FPUUnit/fpu/dfma/fma/_21566_/Y (sky130_fd_sc_hd__xnor2_1)
   0.0870   16.0738 ^ fpu_exe_unit/FPUUnit/fpu/dfma/fma/_21567_/Y (sky130_fd_sc_hd__nor2_1)
   0.0454   16.1193 v fpu_exe_unit/FPUUnit/fpu/dfma/fma/_21568_/Y (sky130_fd_sc_hd__nor2_1)
   0.0035   16.1227 v fpu_exe_unit/FPUUnit/fpu/dfma/fma/_31081_/D (sky130_fd_sc_hd__dfxtp_1)
            16.1227   data arrival time

  20.0000   20.0000   clock clock (rise edge)
   0.0000   20.0000   clock network delay (ideal)
   0.0000   20.0000   clock reconvergence pessimism
            20.0000 ^ fpu_exe_unit/FPUUnit/fpu/dfma/fma/_31081_/CLK (sky130_fd_sc_hd__dfxtp_1)
  -0.1143   19.8857   library setup time
            19.8857   data required time
-------------------------------------------------------------
            19.8857   data required time
           -16.1227   data arrival time
-------------------------------------------------------------
             3.7629   slack (MET)


Startpoint: fpu_exe_unit/FPUUnit/fpu/dfma/_1310_
            (rising edge-triggered flip-flop clocked by clock)
Endpoint: fpu_exe_unit/FPUUnit/fpu/dfma/fma/_31084_
          (rising edge-triggered flip-flop clocked by clock)
Path Group: clock
Path Type: max

    Delay      Time   Description
-------------------------------------------------------------
   0.0000    0.0000   clock clock (rise edge)
   0.0000    0.0000   clock network delay (ideal)
   0.0000    0.0000 ^ fpu_exe_unit/FPUUnit/fpu/dfma/_1310_/CLK (sky130_fd_sc_hd__dfxtp_1)
   0.2995    0.2995 v fpu_exe_unit/FPUUnit/fpu/dfma/_1310_/Q (sky130_fd_sc_hd__dfxtp_1)
   0.1614    0.4609 v fpu_exe_unit/FPUUnit/fpu/dfma/fma/mulAddRecFNToRaw_preMul/_1092_/Y (sky130_fd_sc_hd__xnor2_1)
   0.3226    0.7835 ^ fpu_exe_unit/FPUUnit/fpu/dfma/fma/mulAddRecFNToRaw_preMul/_1094_/Y (sky130_fd_sc_hd__o21ai_0)
   0.1761    0.9596 v fpu_exe_unit/FPUUnit/fpu/dfma/fma/mulAddRecFNToRaw_preMul/_1097_/Y (sky130_fd_sc_hd__a31oi_1)
   0.4045    1.3640 v fpu_exe_unit/FPUUnit/fpu/dfma/fma/mulAddRecFNToRaw_preMul/_1098_/X (sky130_fd_sc_hd__maj3_1)
   0.3959    1.7600 v fpu_exe_unit/FPUUnit/fpu/dfma/fma/mulAddRecFNToRaw_preMul/_1099_/X (sky130_fd_sc_hd__maj3_1)
   0.3973    2.1573 v fpu_exe_unit/FPUUnit/fpu/dfma/fma/mulAddRecFNToRaw_preMul/_1100_/X (sky130_fd_sc_hd__maj3_1)
   0.4055    2.5628 v fpu_exe_unit/FPUUnit/fpu/dfma/fma/mulAddRecFNToRaw_preMul/_1101_/X (sky130_fd_sc_hd__maj3_1)
   0.3551    2.9179 v fpu_exe_unit/FPUUnit/fpu/dfma/fma/mulAddRecFNToRaw_preMul/_1121_/X (sky130_fd_sc_hd__maj3_1)
   0.2007    3.1186 v fpu_exe_unit/FPUUnit/fpu/dfma/fma/mulAddRecFNToRaw_preMul/_1122_/X (sky130_fd_sc_hd__xor2_1)
   0.1942    3.3128 ^ fpu_exe_unit/FPUUnit/fpu/dfma/fma/mulAddRecFNToRaw_preMul/_1152_/Y (sky130_fd_sc_hd__o221ai_1)
   0.1518    3.4647 v fpu_exe_unit/FPUUnit/fpu/dfma/fma/mulAddRecFNToRaw_preMul/_1158_/Y (sky130_fd_sc_hd__a32oi_1)
   0.4189    3.8835 v fpu_exe_unit/FPUUnit/fpu/dfma/fma/mulAddRecFNToRaw_preMul/_1159_/X (sky130_fd_sc_hd__maj3_1)
   0.2588    4.1424 v fpu_exe_unit/FPUUnit/fpu/dfma/fma/mulAddRecFNToRaw_preMul/_1177_/X (sky130_fd_sc_hd__o2111a_1)
   0.1835    4.3259 v fpu_exe_unit/FPUUnit/fpu/dfma/fma/mulAddRecFNToRaw_preMul/_1178_/X (sky130_fd_sc_hd__clkbuf_1)
   0.1411    4.4670 ^ fpu_exe_unit/FPUUnit/fpu/dfma/fma/mulAddRecFNToRaw_preMul/_1203_/Y (sky130_fd_sc_hd__nand4_1)
   0.3339    4.8008 ^ fpu_exe_unit/FPUUnit/fpu/dfma/fma/mulAddRecFNToRaw_preMul/_1204_/X (sky130_fd_sc_hd__lpflow_clkbufkapwr_1)
   0.3198    5.1206 ^ fpu_exe_unit/FPUUnit/fpu/dfma/fma/mulAddRecFNToRaw_preMul/_1307_/X (sky130_fd_sc_hd__buf_2)
   0.4406    5.5612 ^ fpu_exe_unit/FPUUnit/fpu/dfma/fma/mulAddRecFNToRaw_preMul/_1308_/X (sky130_fd_sc_hd__lpflow_clkbufkapwr_1)
   0.4049    5.9661 v fpu_exe_unit/FPUUnit/fpu/dfma/fma/mulAddRecFNToRaw_preMul/_1618_/X (sky130_fd_sc_hd__mux2_2)
   0.1693    6.1354 ^ fpu_exe_unit/FPUUnit/fpu/dfma/fma/mulAddRecFNToRaw_preMul/_1760_/Y (sky130_fd_sc_hd__mux2i_1)
   0.0586    6.1940 v fpu_exe_unit/FPUUnit/fpu/dfma/fma/mulAddRecFNToRaw_preMul/_1761_/Y (sky130_fd_sc_hd__nor2_1)
   0.1499    6.3440 ^ fpu_exe_unit/FPUUnit/fpu/dfma/fma/mulAddRecFNToRaw_preMul/_1762_/Y (sky130_fd_sc_hd__a21oi_1)
   0.1072    6.4511 v fpu_exe_unit/FPUUnit/fpu/dfma/fma/mulAddRecFNToRaw_preMul/_1763_/Y (sky130_fd_sc_hd__mux2i_1)
   0.2246    6.6758 ^ fpu_exe_unit/FPUUnit/fpu/dfma/fma/mulAddRecFNToRaw_preMul/_1764_/Y (sky130_fd_sc_hd__a21oi_1)
   0.0630    6.7388 v fpu_exe_unit/FPUUnit/fpu/dfma/fma/mulAddRecFNToRaw_preMul/_1765_/Y (sky130_fd_sc_hd__nor2_1)
   0.1979    6.9367 v fpu_exe_unit/FPUUnit/fpu/dfma/fma/mulAddRecFNToRaw_preMul/_1766_/X (sky130_fd_sc_hd__o22a_1)
   0.3822    7.3188 v fpu_exe_unit/FPUUnit/fpu/dfma/fma/_15656_/X (sky130_fd_sc_hd__xnor3_1)
   0.3964    7.7153 v fpu_exe_unit/FPUUnit/fpu/dfma/fma/_15669_/X (sky130_fd_sc_hd__maj3_1)
   0.3777    8.0930 v fpu_exe_unit/FPUUnit/fpu/dfma/fma/_15690_/X (sky130_fd_sc_hd__maj3_1)
   0.3929    8.4858 v fpu_exe_unit/FPUUnit/fpu/dfma/fma/_15718_/X (sky130_fd_sc_hd__maj3_1)
   0.3979    8.8837 v fpu_exe_unit/FPUUnit/fpu/dfma/fma/_15741_/X (sky130_fd_sc_hd__xor3_1)
   0.1695    9.0532 ^ fpu_exe_unit/FPUUnit/fpu/dfma/fma/_15751_/Y (sky130_fd_sc_hd__nor2_1)
   0.2943    9.3475 ^ fpu_exe_unit/FPUUnit/fpu/dfma/fma/_15789_/X (sky130_fd_sc_hd__xor3_1)
   0.1440    9.4915 v fpu_exe_unit/FPUUnit/fpu/dfma/fma/_15790_/Y (sky130_fd_sc_hd__nand4bb_1)
   0.3515    9.8430 v fpu_exe_unit/FPUUnit/fpu/dfma/fma/_15837_/X (sky130_fd_sc_hd__or2_2)
   0.3724   10.2154 v fpu_exe_unit/FPUUnit/fpu/dfma/fma/_15891_/X (sky130_fd_sc_hd__maj3_1)
   0.3778   10.5932 v fpu_exe_unit/FPUUnit/fpu/dfma/fma/_15946_/X (sky130_fd_sc_hd__maj3_1)
   0.3853   10.9785 v fpu_exe_unit/FPUUnit/fpu/dfma/fma/_16018_/X (sky130_fd_sc_hd__maj3_1)
   0.3669   11.3454 v fpu_exe_unit/FPUUnit/fpu/dfma/fma/_16084_/X (sky130_fd_sc_hd__maj3_1)
   0.3753   11.7207 v fpu_exe_unit/FPUUnit/fpu/dfma/fma/_16150_/X (sky130_fd_sc_hd__maj3_1)
   0.3716   12.0924 v fpu_exe_unit/FPUUnit/fpu/dfma/fma/_16236_/X (sky130_fd_sc_hd__maj3_1)
   0.3656   12.4580 v fpu_exe_unit/FPUUnit/fpu/dfma/fma/_16331_/X (sky130_fd_sc_hd__maj3_1)
   0.3227   12.7806 ^ fpu_exe_unit/FPUUnit/fpu/dfma/fma/_16425_/Y (sky130_fd_sc_hd__o21ai_0)
   0.1187   12.8993 v fpu_exe_unit/FPUUnit/fpu/dfma/fma/_16955_/Y (sky130_fd_sc_hd__a211oi_1)
   0.3448   13.2441 ^ fpu_exe_unit/FPUUnit/fpu/dfma/fma/_16956_/Y (sky130_fd_sc_hd__o311ai_0)
   0.1911   13.4352 v fpu_exe_unit/FPUUnit/fpu/dfma/fma/_17093_/Y (sky130_fd_sc_hd__nand4_1)
   0.3235   13.7588 ^ fpu_exe_unit/FPUUnit/fpu/dfma/fma/_17388_/Y (sky130_fd_sc_hd__a211oi_1)
   0.1962   13.9550 v fpu_exe_unit/FPUUnit/fpu/dfma/fma/_17685_/Y (sky130_fd_sc_hd__o311ai_0)
   0.2651   14.2201 ^ fpu_exe_unit/FPUUnit/fpu/dfma/fma/_17989_/Y (sky130_fd_sc_hd__a211oi_1)
   0.1397   14.3598 v fpu_exe_unit/FPUUnit/fpu/dfma/fma/_18300_/Y (sky130_fd_sc_hd__o211ai_1)
   0.4212   14.7810 ^ fpu_exe_unit/FPUUnit/fpu/dfma/fma/_19021_/Y (sky130_fd_sc_hd__a2111oi_0)
   0.2639   15.0448 v fpu_exe_unit/FPUUnit/fpu/dfma/fma/_19832_/Y (sky130_fd_sc_hd__a2111oi_0)
   0.3827   15.4275 v fpu_exe_unit/FPUUnit/fpu/dfma/fma/_21839_/X (sky130_fd_sc_hd__o31a_1)
   0.3912   15.8187 ^ fpu_exe_unit/FPUUnit/fpu/dfma/fma/_22105_/Y (sky130_fd_sc_hd__o31ai_1)
   0.1684   15.9871 ^ fpu_exe_unit/FPUUnit/fpu/dfma/fma/_22366_/Y (sky130_fd_sc_hd__xnor2_1)
   0.0787   16.0658 v fpu_exe_unit/FPUUnit/fpu/dfma/fma/_22368_/Y (sky130_fd_sc_hd__a21oi_1)
   0.0035   16.0693 v fpu_exe_unit/FPUUnit/fpu/dfma/fma/_31084_/D (sky130_fd_sc_hd__dfxtp_1)
            16.0693   data arrival time

  20.0000   20.0000   clock clock (rise edge)
   0.0000   20.0000   clock network delay (ideal)
   0.0000   20.0000   clock reconvergence pessimism
            20.0000 ^ fpu_exe_unit/FPUUnit/fpu/dfma/fma/_31084_/CLK (sky130_fd_sc_hd__dfxtp_1)
  -0.1345   19.8655   library setup time
            19.8655   data required time
-------------------------------------------------------------
            19.8655   data required time
           -16.0693   data arrival time
-------------------------------------------------------------
             3.7963   slack (MET)


Startpoint: fpu_exe_unit/FPUUnit/fpu/dfma/_1310_
            (rising edge-triggered flip-flop clocked by clock)
Endpoint: fpu_exe_unit/FPUUnit/fpu/dfma/fma/_31080_
          (rising edge-triggered flip-flop clocked by clock)
Path Group: clock
Path Type: max

    Delay      Time   Description
-------------------------------------------------------------
   0.0000    0.0000   clock clock (rise edge)
   0.0000    0.0000   clock network delay (ideal)
   0.0000    0.0000 ^ fpu_exe_unit/FPUUnit/fpu/dfma/_1310_/CLK (sky130_fd_sc_hd__dfxtp_1)
   0.2995    0.2995 v fpu_exe_unit/FPUUnit/fpu/dfma/_1310_/Q (sky130_fd_sc_hd__dfxtp_1)
   0.1614    0.4609 v fpu_exe_unit/FPUUnit/fpu/dfma/fma/mulAddRecFNToRaw_preMul/_1092_/Y (sky130_fd_sc_hd__xnor2_1)
   0.3226    0.7835 ^ fpu_exe_unit/FPUUnit/fpu/dfma/fma/mulAddRecFNToRaw_preMul/_1094_/Y (sky130_fd_sc_hd__o21ai_0)
   0.1761    0.9596 v fpu_exe_unit/FPUUnit/fpu/dfma/fma/mulAddRecFNToRaw_preMul/_1097_/Y (sky130_fd_sc_hd__a31oi_1)
   0.4045    1.3640 v fpu_exe_unit/FPUUnit/fpu/dfma/fma/mulAddRecFNToRaw_preMul/_1098_/X (sky130_fd_sc_hd__maj3_1)
   0.3959    1.7600 v fpu_exe_unit/FPUUnit/fpu/dfma/fma/mulAddRecFNToRaw_preMul/_1099_/X (sky130_fd_sc_hd__maj3_1)
   0.3973    2.1573 v fpu_exe_unit/FPUUnit/fpu/dfma/fma/mulAddRecFNToRaw_preMul/_1100_/X (sky130_fd_sc_hd__maj3_1)
   0.4055    2.5628 v fpu_exe_unit/FPUUnit/fpu/dfma/fma/mulAddRecFNToRaw_preMul/_1101_/X (sky130_fd_sc_hd__maj3_1)
   0.3551    2.9179 v fpu_exe_unit/FPUUnit/fpu/dfma/fma/mulAddRecFNToRaw_preMul/_1121_/X (sky130_fd_sc_hd__maj3_1)
   0.2007    3.1186 v fpu_exe_unit/FPUUnit/fpu/dfma/fma/mulAddRecFNToRaw_preMul/_1122_/X (sky130_fd_sc_hd__xor2_1)
   0.1942    3.3128 ^ fpu_exe_unit/FPUUnit/fpu/dfma/fma/mulAddRecFNToRaw_preMul/_1152_/Y (sky130_fd_sc_hd__o221ai_1)
   0.1518    3.4647 v fpu_exe_unit/FPUUnit/fpu/dfma/fma/mulAddRecFNToRaw_preMul/_1158_/Y (sky130_fd_sc_hd__a32oi_1)
   0.4189    3.8835 v fpu_exe_unit/FPUUnit/fpu/dfma/fma/mulAddRecFNToRaw_preMul/_1159_/X (sky130_fd_sc_hd__maj3_1)
   0.2588    4.1424 v fpu_exe_unit/FPUUnit/fpu/dfma/fma/mulAddRecFNToRaw_preMul/_1177_/X (sky130_fd_sc_hd__o2111a_1)
   0.1835    4.3259 v fpu_exe_unit/FPUUnit/fpu/dfma/fma/mulAddRecFNToRaw_preMul/_1178_/X (sky130_fd_sc_hd__clkbuf_1)
   0.1411    4.4670 ^ fpu_exe_unit/FPUUnit/fpu/dfma/fma/mulAddRecFNToRaw_preMul/_1203_/Y (sky130_fd_sc_hd__nand4_1)
   0.3339    4.8008 ^ fpu_exe_unit/FPUUnit/fpu/dfma/fma/mulAddRecFNToRaw_preMul/_1204_/X (sky130_fd_sc_hd__lpflow_clkbufkapwr_1)
   0.3198    5.1206 ^ fpu_exe_unit/FPUUnit/fpu/dfma/fma/mulAddRecFNToRaw_preMul/_1307_/X (sky130_fd_sc_hd__buf_2)
   0.4406    5.5612 ^ fpu_exe_unit/FPUUnit/fpu/dfma/fma/mulAddRecFNToRaw_preMul/_1308_/X (sky130_fd_sc_hd__lpflow_clkbufkapwr_1)
   0.4049    5.9661 v fpu_exe_unit/FPUUnit/fpu/dfma/fma/mulAddRecFNToRaw_preMul/_1618_/X (sky130_fd_sc_hd__mux2_2)
   0.1693    6.1354 ^ fpu_exe_unit/FPUUnit/fpu/dfma/fma/mulAddRecFNToRaw_preMul/_1760_/Y (sky130_fd_sc_hd__mux2i_1)
   0.0586    6.1940 v fpu_exe_unit/FPUUnit/fpu/dfma/fma/mulAddRecFNToRaw_preMul/_1761_/Y (sky130_fd_sc_hd__nor2_1)
   0.1499    6.3440 ^ fpu_exe_unit/FPUUnit/fpu/dfma/fma/mulAddRecFNToRaw_preMul/_1762_/Y (sky130_fd_sc_hd__a21oi_1)
   0.1072    6.4511 v fpu_exe_unit/FPUUnit/fpu/dfma/fma/mulAddRecFNToRaw_preMul/_1763_/Y (sky130_fd_sc_hd__mux2i_1)
   0.2246    6.6758 ^ fpu_exe_unit/FPUUnit/fpu/dfma/fma/mulAddRecFNToRaw_preMul/_1764_/Y (sky130_fd_sc_hd__a21oi_1)
   0.0630    6.7388 v fpu_exe_unit/FPUUnit/fpu/dfma/fma/mulAddRecFNToRaw_preMul/_1765_/Y (sky130_fd_sc_hd__nor2_1)
   0.1979    6.9367 v fpu_exe_unit/FPUUnit/fpu/dfma/fma/mulAddRecFNToRaw_preMul/_1766_/X (sky130_fd_sc_hd__o22a_1)
   0.3822    7.3188 v fpu_exe_unit/FPUUnit/fpu/dfma/fma/_15656_/X (sky130_fd_sc_hd__xnor3_1)
   0.3964    7.7153 v fpu_exe_unit/FPUUnit/fpu/dfma/fma/_15669_/X (sky130_fd_sc_hd__maj3_1)
   0.3777    8.0930 v fpu_exe_unit/FPUUnit/fpu/dfma/fma/_15690_/X (sky130_fd_sc_hd__maj3_1)
   0.3929    8.4858 v fpu_exe_unit/FPUUnit/fpu/dfma/fma/_15718_/X (sky130_fd_sc_hd__maj3_1)
   0.3979    8.8837 v fpu_exe_unit/FPUUnit/fpu/dfma/fma/_15741_/X (sky130_fd_sc_hd__xor3_1)
   0.1695    9.0532 ^ fpu_exe_unit/FPUUnit/fpu/dfma/fma/_15751_/Y (sky130_fd_sc_hd__nor2_1)
   0.2943    9.3475 ^ fpu_exe_unit/FPUUnit/fpu/dfma/fma/_15789_/X (sky130_fd_sc_hd__xor3_1)
   0.1440    9.4915 v fpu_exe_unit/FPUUnit/fpu/dfma/fma/_15790_/Y (sky130_fd_sc_hd__nand4bb_1)
   0.3515    9.8430 v fpu_exe_unit/FPUUnit/fpu/dfma/fma/_15837_/X (sky130_fd_sc_hd__or2_2)
   0.3724   10.2154 v fpu_exe_unit/FPUUnit/fpu/dfma/fma/_15891_/X (sky130_fd_sc_hd__maj3_1)
   0.3778   10.5932 v fpu_exe_unit/FPUUnit/fpu/dfma/fma/_15946_/X (sky130_fd_sc_hd__maj3_1)
   0.3853   10.9785 v fpu_exe_unit/FPUUnit/fpu/dfma/fma/_16018_/X (sky130_fd_sc_hd__maj3_1)
   0.3669   11.3454 v fpu_exe_unit/FPUUnit/fpu/dfma/fma/_16084_/X (sky130_fd_sc_hd__maj3_1)
   0.3753   11.7207 v fpu_exe_unit/FPUUnit/fpu/dfma/fma/_16150_/X (sky130_fd_sc_hd__maj3_1)
   0.3716   12.0924 v fpu_exe_unit/FPUUnit/fpu/dfma/fma/_16236_/X (sky130_fd_sc_hd__maj3_1)
   0.3656   12.4580 v fpu_exe_unit/FPUUnit/fpu/dfma/fma/_16331_/X (sky130_fd_sc_hd__maj3_1)
   0.3227   12.7806 ^ fpu_exe_unit/FPUUnit/fpu/dfma/fma/_16425_/Y (sky130_fd_sc_hd__o21ai_0)
   0.1187   12.8993 v fpu_exe_unit/FPUUnit/fpu/dfma/fma/_16955_/Y (sky130_fd_sc_hd__a211oi_1)
   0.3448   13.2441 ^ fpu_exe_unit/FPUUnit/fpu/dfma/fma/_16956_/Y (sky130_fd_sc_hd__o311ai_0)
   0.1911   13.4352 v fpu_exe_unit/FPUUnit/fpu/dfma/fma/_17093_/Y (sky130_fd_sc_hd__nand4_1)
   0.3235   13.7588 ^ fpu_exe_unit/FPUUnit/fpu/dfma/fma/_17388_/Y (sky130_fd_sc_hd__a211oi_1)
   0.1962   13.9550 v fpu_exe_unit/FPUUnit/fpu/dfma/fma/_17685_/Y (sky130_fd_sc_hd__o311ai_0)
   0.2651   14.2201 ^ fpu_exe_unit/FPUUnit/fpu/dfma/fma/_17989_/Y (sky130_fd_sc_hd__a211oi_1)
   0.1397   14.3598 v fpu_exe_unit/FPUUnit/fpu/dfma/fma/_18300_/Y (sky130_fd_sc_hd__o211ai_1)
   0.4212   14.7810 ^ fpu_exe_unit/FPUUnit/fpu/dfma/fma/_19021_/Y (sky130_fd_sc_hd__a2111oi_0)
   0.2639   15.0448 v fpu_exe_unit/FPUUnit/fpu/dfma/fma/_19832_/Y (sky130_fd_sc_hd__a2111oi_0)
   0.2896   15.3345 ^ fpu_exe_unit/FPUUnit/fpu/dfma/fma/_20211_/Y (sky130_fd_sc_hd__o21bai_1)
   0.1337   15.4682 v fpu_exe_unit/FPUUnit/fpu/dfma/fma/_20622_/Y (sky130_fd_sc_hd__a21oi_1)
   0.1480   15.6162 ^ fpu_exe_unit/FPUUnit/fpu/dfma/fma/_20848_/Y (sky130_fd_sc_hd__nor2_1)
   0.0635   15.6797 v fpu_exe_unit/FPUUnit/fpu/dfma/fma/_21086_/Y (sky130_fd_sc_hd__nand2_1)
   0.0923   15.7720 ^ fpu_exe_unit/FPUUnit/fpu/dfma/fma/_21087_/Y (sky130_fd_sc_hd__nand2_1)
   0.1209   15.8929 ^ fpu_exe_unit/FPUUnit/fpu/dfma/fma/_21323_/Y (sky130_fd_sc_hd__xnor2_1)
   0.0787   15.9716 v fpu_exe_unit/FPUUnit/fpu/dfma/fma/_21325_/Y (sky130_fd_sc_hd__a21oi_1)
   0.0035   15.9751 v fpu_exe_unit/FPUUnit/fpu/dfma/fma/_31080_/D (sky130_fd_sc_hd__dfxtp_1)
            15.9751   data arrival time

  20.0000   20.0000   clock clock (rise edge)
   0.0000   20.0000   clock network delay (ideal)
   0.0000   20.0000   clock reconvergence pessimism
            20.0000 ^ fpu_exe_unit/FPUUnit/fpu/dfma/fma/_31080_/CLK (sky130_fd_sc_hd__dfxtp_1)
  -0.1345   19.8655   library setup time
            19.8655   data required time
-------------------------------------------------------------
            19.8655   data required time
           -15.9751   data arrival time
-------------------------------------------------------------
             3.8904   slack (MET)


Startpoint: fpu_exe_unit/FPUUnit/fpu/dfma/_1310_
            (rising edge-triggered flip-flop clocked by clock)
Endpoint: fpu_exe_unit/FPUUnit/fpu/dfma/fma/_31079_
          (rising edge-triggered flip-flop clocked by clock)
Path Group: clock
Path Type: max

    Delay      Time   Description
-------------------------------------------------------------
   0.0000    0.0000   clock clock (rise edge)
   0.0000    0.0000   clock network delay (ideal)
   0.0000    0.0000 ^ fpu_exe_unit/FPUUnit/fpu/dfma/_1310_/CLK (sky130_fd_sc_hd__dfxtp_1)
   0.2995    0.2995 v fpu_exe_unit/FPUUnit/fpu/dfma/_1310_/Q (sky130_fd_sc_hd__dfxtp_1)
   0.1614    0.4609 v fpu_exe_unit/FPUUnit/fpu/dfma/fma/mulAddRecFNToRaw_preMul/_1092_/Y (sky130_fd_sc_hd__xnor2_1)
   0.3226    0.7835 ^ fpu_exe_unit/FPUUnit/fpu/dfma/fma/mulAddRecFNToRaw_preMul/_1094_/Y (sky130_fd_sc_hd__o21ai_0)
   0.1761    0.9596 v fpu_exe_unit/FPUUnit/fpu/dfma/fma/mulAddRecFNToRaw_preMul/_1097_/Y (sky130_fd_sc_hd__a31oi_1)
   0.4045    1.3640 v fpu_exe_unit/FPUUnit/fpu/dfma/fma/mulAddRecFNToRaw_preMul/_1098_/X (sky130_fd_sc_hd__maj3_1)
   0.3959    1.7600 v fpu_exe_unit/FPUUnit/fpu/dfma/fma/mulAddRecFNToRaw_preMul/_1099_/X (sky130_fd_sc_hd__maj3_1)
   0.3973    2.1573 v fpu_exe_unit/FPUUnit/fpu/dfma/fma/mulAddRecFNToRaw_preMul/_1100_/X (sky130_fd_sc_hd__maj3_1)
   0.4055    2.5628 v fpu_exe_unit/FPUUnit/fpu/dfma/fma/mulAddRecFNToRaw_preMul/_1101_/X (sky130_fd_sc_hd__maj3_1)
   0.3551    2.9179 v fpu_exe_unit/FPUUnit/fpu/dfma/fma/mulAddRecFNToRaw_preMul/_1121_/X (sky130_fd_sc_hd__maj3_1)
   0.2007    3.1186 v fpu_exe_unit/FPUUnit/fpu/dfma/fma/mulAddRecFNToRaw_preMul/_1122_/X (sky130_fd_sc_hd__xor2_1)
   0.1942    3.3128 ^ fpu_exe_unit/FPUUnit/fpu/dfma/fma/mulAddRecFNToRaw_preMul/_1152_/Y (sky130_fd_sc_hd__o221ai_1)
   0.1518    3.4647 v fpu_exe_unit/FPUUnit/fpu/dfma/fma/mulAddRecFNToRaw_preMul/_1158_/Y (sky130_fd_sc_hd__a32oi_1)
   0.4189    3.8835 v fpu_exe_unit/FPUUnit/fpu/dfma/fma/mulAddRecFNToRaw_preMul/_1159_/X (sky130_fd_sc_hd__maj3_1)
   0.2588    4.1424 v fpu_exe_unit/FPUUnit/fpu/dfma/fma/mulAddRecFNToRaw_preMul/_1177_/X (sky130_fd_sc_hd__o2111a_1)
   0.1835    4.3259 v fpu_exe_unit/FPUUnit/fpu/dfma/fma/mulAddRecFNToRaw_preMul/_1178_/X (sky130_fd_sc_hd__clkbuf_1)
   0.1411    4.4670 ^ fpu_exe_unit/FPUUnit/fpu/dfma/fma/mulAddRecFNToRaw_preMul/_1203_/Y (sky130_fd_sc_hd__nand4_1)
   0.3339    4.8008 ^ fpu_exe_unit/FPUUnit/fpu/dfma/fma/mulAddRecFNToRaw_preMul/_1204_/X (sky130_fd_sc_hd__lpflow_clkbufkapwr_1)
   0.3198    5.1206 ^ fpu_exe_unit/FPUUnit/fpu/dfma/fma/mulAddRecFNToRaw_preMul/_1307_/X (sky130_fd_sc_hd__buf_2)
   0.4406    5.5612 ^ fpu_exe_unit/FPUUnit/fpu/dfma/fma/mulAddRecFNToRaw_preMul/_1308_/X (sky130_fd_sc_hd__lpflow_clkbufkapwr_1)
   0.4049    5.9661 v fpu_exe_unit/FPUUnit/fpu/dfma/fma/mulAddRecFNToRaw_preMul/_1618_/X (sky130_fd_sc_hd__mux2_2)
   0.1693    6.1354 ^ fpu_exe_unit/FPUUnit/fpu/dfma/fma/mulAddRecFNToRaw_preMul/_1760_/Y (sky130_fd_sc_hd__mux2i_1)
   0.0586    6.1940 v fpu_exe_unit/FPUUnit/fpu/dfma/fma/mulAddRecFNToRaw_preMul/_1761_/Y (sky130_fd_sc_hd__nor2_1)
   0.1499    6.3440 ^ fpu_exe_unit/FPUUnit/fpu/dfma/fma/mulAddRecFNToRaw_preMul/_1762_/Y (sky130_fd_sc_hd__a21oi_1)
   0.1072    6.4511 v fpu_exe_unit/FPUUnit/fpu/dfma/fma/mulAddRecFNToRaw_preMul/_1763_/Y (sky130_fd_sc_hd__mux2i_1)
   0.2246    6.6758 ^ fpu_exe_unit/FPUUnit/fpu/dfma/fma/mulAddRecFNToRaw_preMul/_1764_/Y (sky130_fd_sc_hd__a21oi_1)
   0.0630    6.7388 v fpu_exe_unit/FPUUnit/fpu/dfma/fma/mulAddRecFNToRaw_preMul/_1765_/Y (sky130_fd_sc_hd__nor2_1)
   0.1979    6.9367 v fpu_exe_unit/FPUUnit/fpu/dfma/fma/mulAddRecFNToRaw_preMul/_1766_/X (sky130_fd_sc_hd__o22a_1)
   0.3822    7.3188 v fpu_exe_unit/FPUUnit/fpu/dfma/fma/_15656_/X (sky130_fd_sc_hd__xnor3_1)
   0.3964    7.7153 v fpu_exe_unit/FPUUnit/fpu/dfma/fma/_15669_/X (sky130_fd_sc_hd__maj3_1)
   0.3777    8.0930 v fpu_exe_unit/FPUUnit/fpu/dfma/fma/_15690_/X (sky130_fd_sc_hd__maj3_1)
   0.3929    8.4858 v fpu_exe_unit/FPUUnit/fpu/dfma/fma/_15718_/X (sky130_fd_sc_hd__maj3_1)
   0.3979    8.8837 v fpu_exe_unit/FPUUnit/fpu/dfma/fma/_15741_/X (sky130_fd_sc_hd__xor3_1)
   0.1695    9.0532 ^ fpu_exe_unit/FPUUnit/fpu/dfma/fma/_15751_/Y (sky130_fd_sc_hd__nor2_1)
   0.2943    9.3475 ^ fpu_exe_unit/FPUUnit/fpu/dfma/fma/_15789_/X (sky130_fd_sc_hd__xor3_1)
   0.1440    9.4915 v fpu_exe_unit/FPUUnit/fpu/dfma/fma/_15790_/Y (sky130_fd_sc_hd__nand4bb_1)
   0.3515    9.8430 v fpu_exe_unit/FPUUnit/fpu/dfma/fma/_15837_/X (sky130_fd_sc_hd__or2_2)
   0.3724   10.2154 v fpu_exe_unit/FPUUnit/fpu/dfma/fma/_15891_/X (sky130_fd_sc_hd__maj3_1)
   0.3778   10.5932 v fpu_exe_unit/FPUUnit/fpu/dfma/fma/_15946_/X (sky130_fd_sc_hd__maj3_1)
   0.3853   10.9785 v fpu_exe_unit/FPUUnit/fpu/dfma/fma/_16018_/X (sky130_fd_sc_hd__maj3_1)
   0.3669   11.3454 v fpu_exe_unit/FPUUnit/fpu/dfma/fma/_16084_/X (sky130_fd_sc_hd__maj3_1)
   0.3753   11.7207 v fpu_exe_unit/FPUUnit/fpu/dfma/fma/_16150_/X (sky130_fd_sc_hd__maj3_1)
   0.3716   12.0924 v fpu_exe_unit/FPUUnit/fpu/dfma/fma/_16236_/X (sky130_fd_sc_hd__maj3_1)
   0.3656   12.4580 v fpu_exe_unit/FPUUnit/fpu/dfma/fma/_16331_/X (sky130_fd_sc_hd__maj3_1)
   0.3227   12.7806 ^ fpu_exe_unit/FPUUnit/fpu/dfma/fma/_16425_/Y (sky130_fd_sc_hd__o21ai_0)
   0.1187   12.8993 v fpu_exe_unit/FPUUnit/fpu/dfma/fma/_16955_/Y (sky130_fd_sc_hd__a211oi_1)
   0.3448   13.2441 ^ fpu_exe_unit/FPUUnit/fpu/dfma/fma/_16956_/Y (sky130_fd_sc_hd__o311ai_0)
   0.1911   13.4352 v fpu_exe_unit/FPUUnit/fpu/dfma/fma/_17093_/Y (sky130_fd_sc_hd__nand4_1)
   0.3235   13.7588 ^ fpu_exe_unit/FPUUnit/fpu/dfma/fma/_17388_/Y (sky130_fd_sc_hd__a211oi_1)
   0.1962   13.9550 v fpu_exe_unit/FPUUnit/fpu/dfma/fma/_17685_/Y (sky130_fd_sc_hd__o311ai_0)
   0.2651   14.2201 ^ fpu_exe_unit/FPUUnit/fpu/dfma/fma/_17989_/Y (sky130_fd_sc_hd__a211oi_1)
   0.1397   14.3598 v fpu_exe_unit/FPUUnit/fpu/dfma/fma/_18300_/Y (sky130_fd_sc_hd__o211ai_1)
   0.4212   14.7810 ^ fpu_exe_unit/FPUUnit/fpu/dfma/fma/_19021_/Y (sky130_fd_sc_hd__a2111oi_0)
   0.2639   15.0448 v fpu_exe_unit/FPUUnit/fpu/dfma/fma/_19832_/Y (sky130_fd_sc_hd__a2111oi_0)
   0.2896   15.3345 ^ fpu_exe_unit/FPUUnit/fpu/dfma/fma/_20211_/Y (sky130_fd_sc_hd__o21bai_1)
   0.1337   15.4682 v fpu_exe_unit/FPUUnit/fpu/dfma/fma/_20622_/Y (sky130_fd_sc_hd__a21oi_1)
   0.2184   15.6866 ^ fpu_exe_unit/FPUUnit/fpu/dfma/fma/_20853_/Y (sky130_fd_sc_hd__o21ai_0)
   0.1468   15.8335 ^ fpu_exe_unit/FPUUnit/fpu/dfma/fma/_21081_/Y (sky130_fd_sc_hd__xnor2_1)
   0.0787   15.9121 v fpu_exe_unit/FPUUnit/fpu/dfma/fma/_21083_/Y (sky130_fd_sc_hd__a21oi_1)
   0.0035   15.9156 v fpu_exe_unit/FPUUnit/fpu/dfma/fma/_31079_/D (sky130_fd_sc_hd__dfxtp_1)
            15.9156   data arrival time

  20.0000   20.0000   clock clock (rise edge)
   0.0000   20.0000   clock network delay (ideal)
   0.0000   20.0000   clock reconvergence pessimism
            20.0000 ^ fpu_exe_unit/FPUUnit/fpu/dfma/fma/_31079_/CLK (sky130_fd_sc_hd__dfxtp_1)
  -0.1345   19.8655   library setup time
            19.8655   data required time
-------------------------------------------------------------
            19.8655   data required time
           -15.9156   data arrival time
-------------------------------------------------------------
             3.9499   slack (MET)


Startpoint: fpu_exe_unit/FPUUnit/fpu/dfma/_1310_
            (rising edge-triggered flip-flop clocked by clock)
Endpoint: fpu_exe_unit/FPUUnit/fpu/dfma/fma/_31083_
          (rising edge-triggered flip-flop clocked by clock)
Path Group: clock
Path Type: max

    Delay      Time   Description
-------------------------------------------------------------
   0.0000    0.0000   clock clock (rise edge)
   0.0000    0.0000   clock network delay (ideal)
   0.0000    0.0000 ^ fpu_exe_unit/FPUUnit/fpu/dfma/_1310_/CLK (sky130_fd_sc_hd__dfxtp_1)
   0.2995    0.2995 v fpu_exe_unit/FPUUnit/fpu/dfma/_1310_/Q (sky130_fd_sc_hd__dfxtp_1)
   0.1614    0.4609 v fpu_exe_unit/FPUUnit/fpu/dfma/fma/mulAddRecFNToRaw_preMul/_1092_/Y (sky130_fd_sc_hd__xnor2_1)
   0.3226    0.7835 ^ fpu_exe_unit/FPUUnit/fpu/dfma/fma/mulAddRecFNToRaw_preMul/_1094_/Y (sky130_fd_sc_hd__o21ai_0)
   0.1761    0.9596 v fpu_exe_unit/FPUUnit/fpu/dfma/fma/mulAddRecFNToRaw_preMul/_1097_/Y (sky130_fd_sc_hd__a31oi_1)
   0.4045    1.3640 v fpu_exe_unit/FPUUnit/fpu/dfma/fma/mulAddRecFNToRaw_preMul/_1098_/X (sky130_fd_sc_hd__maj3_1)
   0.3959    1.7600 v fpu_exe_unit/FPUUnit/fpu/dfma/fma/mulAddRecFNToRaw_preMul/_1099_/X (sky130_fd_sc_hd__maj3_1)
   0.3973    2.1573 v fpu_exe_unit/FPUUnit/fpu/dfma/fma/mulAddRecFNToRaw_preMul/_1100_/X (sky130_fd_sc_hd__maj3_1)
   0.4055    2.5628 v fpu_exe_unit/FPUUnit/fpu/dfma/fma/mulAddRecFNToRaw_preMul/_1101_/X (sky130_fd_sc_hd__maj3_1)
   0.3551    2.9179 v fpu_exe_unit/FPUUnit/fpu/dfma/fma/mulAddRecFNToRaw_preMul/_1121_/X (sky130_fd_sc_hd__maj3_1)
   0.2007    3.1186 v fpu_exe_unit/FPUUnit/fpu/dfma/fma/mulAddRecFNToRaw_preMul/_1122_/X (sky130_fd_sc_hd__xor2_1)
   0.1942    3.3128 ^ fpu_exe_unit/FPUUnit/fpu/dfma/fma/mulAddRecFNToRaw_preMul/_1152_/Y (sky130_fd_sc_hd__o221ai_1)
   0.1518    3.4647 v fpu_exe_unit/FPUUnit/fpu/dfma/fma/mulAddRecFNToRaw_preMul/_1158_/Y (sky130_fd_sc_hd__a32oi_1)
   0.4189    3.8835 v fpu_exe_unit/FPUUnit/fpu/dfma/fma/mulAddRecFNToRaw_preMul/_1159_/X (sky130_fd_sc_hd__maj3_1)
   0.2588    4.1424 v fpu_exe_unit/FPUUnit/fpu/dfma/fma/mulAddRecFNToRaw_preMul/_1177_/X (sky130_fd_sc_hd__o2111a_1)
   0.1835    4.3259 v fpu_exe_unit/FPUUnit/fpu/dfma/fma/mulAddRecFNToRaw_preMul/_1178_/X (sky130_fd_sc_hd__clkbuf_1)
   0.1411    4.4670 ^ fpu_exe_unit/FPUUnit/fpu/dfma/fma/mulAddRecFNToRaw_preMul/_1203_/Y (sky130_fd_sc_hd__nand4_1)
   0.3339    4.8008 ^ fpu_exe_unit/FPUUnit/fpu/dfma/fma/mulAddRecFNToRaw_preMul/_1204_/X (sky130_fd_sc_hd__lpflow_clkbufkapwr_1)
   0.3198    5.1206 ^ fpu_exe_unit/FPUUnit/fpu/dfma/fma/mulAddRecFNToRaw_preMul/_1307_/X (sky130_fd_sc_hd__buf_2)
   0.4406    5.5612 ^ fpu_exe_unit/FPUUnit/fpu/dfma/fma/mulAddRecFNToRaw_preMul/_1308_/X (sky130_fd_sc_hd__lpflow_clkbufkapwr_1)
   0.4049    5.9661 v fpu_exe_unit/FPUUnit/fpu/dfma/fma/mulAddRecFNToRaw_preMul/_1618_/X (sky130_fd_sc_hd__mux2_2)
   0.1693    6.1354 ^ fpu_exe_unit/FPUUnit/fpu/dfma/fma/mulAddRecFNToRaw_preMul/_1760_/Y (sky130_fd_sc_hd__mux2i_1)
   0.0586    6.1940 v fpu_exe_unit/FPUUnit/fpu/dfma/fma/mulAddRecFNToRaw_preMul/_1761_/Y (sky130_fd_sc_hd__nor2_1)
   0.1499    6.3440 ^ fpu_exe_unit/FPUUnit/fpu/dfma/fma/mulAddRecFNToRaw_preMul/_1762_/Y (sky130_fd_sc_hd__a21oi_1)
   0.1072    6.4511 v fpu_exe_unit/FPUUnit/fpu/dfma/fma/mulAddRecFNToRaw_preMul/_1763_/Y (sky130_fd_sc_hd__mux2i_1)
   0.2246    6.6758 ^ fpu_exe_unit/FPUUnit/fpu/dfma/fma/mulAddRecFNToRaw_preMul/_1764_/Y (sky130_fd_sc_hd__a21oi_1)
   0.0630    6.7388 v fpu_exe_unit/FPUUnit/fpu/dfma/fma/mulAddRecFNToRaw_preMul/_1765_/Y (sky130_fd_sc_hd__nor2_1)
   0.1979    6.9367 v fpu_exe_unit/FPUUnit/fpu/dfma/fma/mulAddRecFNToRaw_preMul/_1766_/X (sky130_fd_sc_hd__o22a_1)
   0.3822    7.3188 v fpu_exe_unit/FPUUnit/fpu/dfma/fma/_15656_/X (sky130_fd_sc_hd__xnor3_1)
   0.3964    7.7153 v fpu_exe_unit/FPUUnit/fpu/dfma/fma/_15669_/X (sky130_fd_sc_hd__maj3_1)
   0.3777    8.0930 v fpu_exe_unit/FPUUnit/fpu/dfma/fma/_15690_/X (sky130_fd_sc_hd__maj3_1)
   0.3929    8.4858 v fpu_exe_unit/FPUUnit/fpu/dfma/fma/_15718_/X (sky130_fd_sc_hd__maj3_1)
   0.3979    8.8837 v fpu_exe_unit/FPUUnit/fpu/dfma/fma/_15741_/X (sky130_fd_sc_hd__xor3_1)
   0.1695    9.0532 ^ fpu_exe_unit/FPUUnit/fpu/dfma/fma/_15751_/Y (sky130_fd_sc_hd__nor2_1)
   0.2943    9.3475 ^ fpu_exe_unit/FPUUnit/fpu/dfma/fma/_15789_/X (sky130_fd_sc_hd__xor3_1)
   0.1440    9.4915 v fpu_exe_unit/FPUUnit/fpu/dfma/fma/_15790_/Y (sky130_fd_sc_hd__nand4bb_1)
   0.3515    9.8430 v fpu_exe_unit/FPUUnit/fpu/dfma/fma/_15837_/X (sky130_fd_sc_hd__or2_2)
   0.3724   10.2154 v fpu_exe_unit/FPUUnit/fpu/dfma/fma/_15891_/X (sky130_fd_sc_hd__maj3_1)
   0.3778   10.5932 v fpu_exe_unit/FPUUnit/fpu/dfma/fma/_15946_/X (sky130_fd_sc_hd__maj3_1)
   0.3853   10.9785 v fpu_exe_unit/FPUUnit/fpu/dfma/fma/_16018_/X (sky130_fd_sc_hd__maj3_1)
   0.3669   11.3454 v fpu_exe_unit/FPUUnit/fpu/dfma/fma/_16084_/X (sky130_fd_sc_hd__maj3_1)
   0.3753   11.7207 v fpu_exe_unit/FPUUnit/fpu/dfma/fma/_16150_/X (sky130_fd_sc_hd__maj3_1)
   0.3716   12.0924 v fpu_exe_unit/FPUUnit/fpu/dfma/fma/_16236_/X (sky130_fd_sc_hd__maj3_1)
   0.3656   12.4580 v fpu_exe_unit/FPUUnit/fpu/dfma/fma/_16331_/X (sky130_fd_sc_hd__maj3_1)
   0.3227   12.7806 ^ fpu_exe_unit/FPUUnit/fpu/dfma/fma/_16425_/Y (sky130_fd_sc_hd__o21ai_0)
   0.1187   12.8993 v fpu_exe_unit/FPUUnit/fpu/dfma/fma/_16955_/Y (sky130_fd_sc_hd__a211oi_1)
   0.3448   13.2441 ^ fpu_exe_unit/FPUUnit/fpu/dfma/fma/_16956_/Y (sky130_fd_sc_hd__o311ai_0)
   0.1911   13.4352 v fpu_exe_unit/FPUUnit/fpu/dfma/fma/_17093_/Y (sky130_fd_sc_hd__nand4_1)
   0.3235   13.7588 ^ fpu_exe_unit/FPUUnit/fpu/dfma/fma/_17388_/Y (sky130_fd_sc_hd__a211oi_1)
   0.1962   13.9550 v fpu_exe_unit/FPUUnit/fpu/dfma/fma/_17685_/Y (sky130_fd_sc_hd__o311ai_0)
   0.2651   14.2201 ^ fpu_exe_unit/FPUUnit/fpu/dfma/fma/_17989_/Y (sky130_fd_sc_hd__a211oi_1)
   0.1397   14.3598 v fpu_exe_unit/FPUUnit/fpu/dfma/fma/_18300_/Y (sky130_fd_sc_hd__o211ai_1)
   0.4212   14.7810 ^ fpu_exe_unit/FPUUnit/fpu/dfma/fma/_19021_/Y (sky130_fd_sc_hd__a2111oi_0)
   0.2639   15.0448 v fpu_exe_unit/FPUUnit/fpu/dfma/fma/_19832_/Y (sky130_fd_sc_hd__a2111oi_0)
   0.3827   15.4275 v fpu_exe_unit/FPUUnit/fpu/dfma/fma/_21839_/X (sky130_fd_sc_hd__o31a_1)
   0.1602   15.5877 ^ fpu_exe_unit/FPUUnit/fpu/dfma/fma/_21844_/Y (sky130_fd_sc_hd__o21bai_1)
   0.1384   15.7261 ^ fpu_exe_unit/FPUUnit/fpu/dfma/fma/_22099_/Y (sky130_fd_sc_hd__xnor2_1)
   0.0787   15.8047 v fpu_exe_unit/FPUUnit/fpu/dfma/fma/_22101_/Y (sky130_fd_sc_hd__a21oi_1)
   0.0035   15.8082 v fpu_exe_unit/FPUUnit/fpu/dfma/fma/_31083_/D (sky130_fd_sc_hd__dfxtp_1)
            15.8082   data arrival time

  20.0000   20.0000   clock clock (rise edge)
   0.0000   20.0000   clock network delay (ideal)
   0.0000   20.0000   clock reconvergence pessimism
            20.0000 ^ fpu_exe_unit/FPUUnit/fpu/dfma/fma/_31083_/CLK (sky130_fd_sc_hd__dfxtp_1)
  -0.1345   19.8655   library setup time
            19.8655   data required time
-------------------------------------------------------------
            19.8655   data required time
           -15.8082   data arrival time
-------------------------------------------------------------
             4.0573   slack (MET)


Startpoint: fpu_exe_unit/FPUUnit/fpu/dfma/_1310_
            (rising edge-triggered flip-flop clocked by clock)
Endpoint: fpu_exe_unit/FPUUnit/fpu/dfma/fma/_31077_
          (rising edge-triggered flip-flop clocked by clock)
Path Group: clock
Path Type: max

    Delay      Time   Description
-------------------------------------------------------------
   0.0000    0.0000   clock clock (rise edge)
   0.0000    0.0000   clock network delay (ideal)
   0.0000    0.0000 ^ fpu_exe_unit/FPUUnit/fpu/dfma/_1310_/CLK (sky130_fd_sc_hd__dfxtp_1)
   0.2995    0.2995 v fpu_exe_unit/FPUUnit/fpu/dfma/_1310_/Q (sky130_fd_sc_hd__dfxtp_1)
   0.1614    0.4609 v fpu_exe_unit/FPUUnit/fpu/dfma/fma/mulAddRecFNToRaw_preMul/_1092_/Y (sky130_fd_sc_hd__xnor2_1)
   0.3226    0.7835 ^ fpu_exe_unit/FPUUnit/fpu/dfma/fma/mulAddRecFNToRaw_preMul/_1094_/Y (sky130_fd_sc_hd__o21ai_0)
   0.1761    0.9596 v fpu_exe_unit/FPUUnit/fpu/dfma/fma/mulAddRecFNToRaw_preMul/_1097_/Y (sky130_fd_sc_hd__a31oi_1)
   0.4045    1.3640 v fpu_exe_unit/FPUUnit/fpu/dfma/fma/mulAddRecFNToRaw_preMul/_1098_/X (sky130_fd_sc_hd__maj3_1)
   0.3959    1.7600 v fpu_exe_unit/FPUUnit/fpu/dfma/fma/mulAddRecFNToRaw_preMul/_1099_/X (sky130_fd_sc_hd__maj3_1)
   0.3973    2.1573 v fpu_exe_unit/FPUUnit/fpu/dfma/fma/mulAddRecFNToRaw_preMul/_1100_/X (sky130_fd_sc_hd__maj3_1)
   0.4055    2.5628 v fpu_exe_unit/FPUUnit/fpu/dfma/fma/mulAddRecFNToRaw_preMul/_1101_/X (sky130_fd_sc_hd__maj3_1)
   0.3551    2.9179 v fpu_exe_unit/FPUUnit/fpu/dfma/fma/mulAddRecFNToRaw_preMul/_1121_/X (sky130_fd_sc_hd__maj3_1)
   0.2007    3.1186 v fpu_exe_unit/FPUUnit/fpu/dfma/fma/mulAddRecFNToRaw_preMul/_1122_/X (sky130_fd_sc_hd__xor2_1)
   0.1942    3.3128 ^ fpu_exe_unit/FPUUnit/fpu/dfma/fma/mulAddRecFNToRaw_preMul/_1152_/Y (sky130_fd_sc_hd__o221ai_1)
   0.1518    3.4647 v fpu_exe_unit/FPUUnit/fpu/dfma/fma/mulAddRecFNToRaw_preMul/_1158_/Y (sky130_fd_sc_hd__a32oi_1)
   0.4189    3.8835 v fpu_exe_unit/FPUUnit/fpu/dfma/fma/mulAddRecFNToRaw_preMul/_1159_/X (sky130_fd_sc_hd__maj3_1)
   0.2588    4.1424 v fpu_exe_unit/FPUUnit/fpu/dfma/fma/mulAddRecFNToRaw_preMul/_1177_/X (sky130_fd_sc_hd__o2111a_1)
   0.1835    4.3259 v fpu_exe_unit/FPUUnit/fpu/dfma/fma/mulAddRecFNToRaw_preMul/_1178_/X (sky130_fd_sc_hd__clkbuf_1)
   0.1411    4.4670 ^ fpu_exe_unit/FPUUnit/fpu/dfma/fma/mulAddRecFNToRaw_preMul/_1203_/Y (sky130_fd_sc_hd__nand4_1)
   0.3339    4.8008 ^ fpu_exe_unit/FPUUnit/fpu/dfma/fma/mulAddRecFNToRaw_preMul/_1204_/X (sky130_fd_sc_hd__lpflow_clkbufkapwr_1)
   0.3198    5.1206 ^ fpu_exe_unit/FPUUnit/fpu/dfma/fma/mulAddRecFNToRaw_preMul/_1307_/X (sky130_fd_sc_hd__buf_2)
   0.4406    5.5612 ^ fpu_exe_unit/FPUUnit/fpu/dfma/fma/mulAddRecFNToRaw_preMul/_1308_/X (sky130_fd_sc_hd__lpflow_clkbufkapwr_1)
   0.4049    5.9661 v fpu_exe_unit/FPUUnit/fpu/dfma/fma/mulAddRecFNToRaw_preMul/_1618_/X (sky130_fd_sc_hd__mux2_2)
   0.1693    6.1354 ^ fpu_exe_unit/FPUUnit/fpu/dfma/fma/mulAddRecFNToRaw_preMul/_1760_/Y (sky130_fd_sc_hd__mux2i_1)
   0.0586    6.1940 v fpu_exe_unit/FPUUnit/fpu/dfma/fma/mulAddRecFNToRaw_preMul/_1761_/Y (sky130_fd_sc_hd__nor2_1)
   0.1499    6.3440 ^ fpu_exe_unit/FPUUnit/fpu/dfma/fma/mulAddRecFNToRaw_preMul/_1762_/Y (sky130_fd_sc_hd__a21oi_1)
   0.1072    6.4511 v fpu_exe_unit/FPUUnit/fpu/dfma/fma/mulAddRecFNToRaw_preMul/_1763_/Y (sky130_fd_sc_hd__mux2i_1)
   0.2246    6.6758 ^ fpu_exe_unit/FPUUnit/fpu/dfma/fma/mulAddRecFNToRaw_preMul/_1764_/Y (sky130_fd_sc_hd__a21oi_1)
   0.0630    6.7388 v fpu_exe_unit/FPUUnit/fpu/dfma/fma/mulAddRecFNToRaw_preMul/_1765_/Y (sky130_fd_sc_hd__nor2_1)
   0.1979    6.9367 v fpu_exe_unit/FPUUnit/fpu/dfma/fma/mulAddRecFNToRaw_preMul/_1766_/X (sky130_fd_sc_hd__o22a_1)
   0.3822    7.3188 v fpu_exe_unit/FPUUnit/fpu/dfma/fma/_15656_/X (sky130_fd_sc_hd__xnor3_1)
   0.3964    7.7153 v fpu_exe_unit/FPUUnit/fpu/dfma/fma/_15669_/X (sky130_fd_sc_hd__maj3_1)
   0.3777    8.0930 v fpu_exe_unit/FPUUnit/fpu/dfma/fma/_15690_/X (sky130_fd_sc_hd__maj3_1)
   0.3929    8.4858 v fpu_exe_unit/FPUUnit/fpu/dfma/fma/_15718_/X (sky130_fd_sc_hd__maj3_1)
   0.3979    8.8837 v fpu_exe_unit/FPUUnit/fpu/dfma/fma/_15741_/X (sky130_fd_sc_hd__xor3_1)
   0.1695    9.0532 ^ fpu_exe_unit/FPUUnit/fpu/dfma/fma/_15751_/Y (sky130_fd_sc_hd__nor2_1)
   0.2943    9.3475 ^ fpu_exe_unit/FPUUnit/fpu/dfma/fma/_15789_/X (sky130_fd_sc_hd__xor3_1)
   0.1440    9.4915 v fpu_exe_unit/FPUUnit/fpu/dfma/fma/_15790_/Y (sky130_fd_sc_hd__nand4bb_1)
   0.3515    9.8430 v fpu_exe_unit/FPUUnit/fpu/dfma/fma/_15837_/X (sky130_fd_sc_hd__or2_2)
   0.3724   10.2154 v fpu_exe_unit/FPUUnit/fpu/dfma/fma/_15891_/X (sky130_fd_sc_hd__maj3_1)
   0.3778   10.5932 v fpu_exe_unit/FPUUnit/fpu/dfma/fma/_15946_/X (sky130_fd_sc_hd__maj3_1)
   0.3853   10.9785 v fpu_exe_unit/FPUUnit/fpu/dfma/fma/_16018_/X (sky130_fd_sc_hd__maj3_1)
   0.3669   11.3454 v fpu_exe_unit/FPUUnit/fpu/dfma/fma/_16084_/X (sky130_fd_sc_hd__maj3_1)
   0.3753   11.7207 v fpu_exe_unit/FPUUnit/fpu/dfma/fma/_16150_/X (sky130_fd_sc_hd__maj3_1)
   0.3716   12.0924 v fpu_exe_unit/FPUUnit/fpu/dfma/fma/_16236_/X (sky130_fd_sc_hd__maj3_1)
   0.3656   12.4580 v fpu_exe_unit/FPUUnit/fpu/dfma/fma/_16331_/X (sky130_fd_sc_hd__maj3_1)
   0.3227   12.7806 ^ fpu_exe_unit/FPUUnit/fpu/dfma/fma/_16425_/Y (sky130_fd_sc_hd__o21ai_0)
   0.1187   12.8993 v fpu_exe_unit/FPUUnit/fpu/dfma/fma/_16955_/Y (sky130_fd_sc_hd__a211oi_1)
   0.3448   13.2441 ^ fpu_exe_unit/FPUUnit/fpu/dfma/fma/_16956_/Y (sky130_fd_sc_hd__o311ai_0)
   0.1911   13.4352 v fpu_exe_unit/FPUUnit/fpu/dfma/fma/_17093_/Y (sky130_fd_sc_hd__nand4_1)
   0.3235   13.7588 ^ fpu_exe_unit/FPUUnit/fpu/dfma/fma/_17388_/Y (sky130_fd_sc_hd__a211oi_1)
   0.1962   13.9550 v fpu_exe_unit/FPUUnit/fpu/dfma/fma/_17685_/Y (sky130_fd_sc_hd__o311ai_0)
   0.2651   14.2201 ^ fpu_exe_unit/FPUUnit/fpu/dfma/fma/_17989_/Y (sky130_fd_sc_hd__a211oi_1)
   0.1397   14.3598 v fpu_exe_unit/FPUUnit/fpu/dfma/fma/_18300_/Y (sky130_fd_sc_hd__o211ai_1)
   0.4212   14.7810 ^ fpu_exe_unit/FPUUnit/fpu/dfma/fma/_19021_/Y (sky130_fd_sc_hd__a2111oi_0)
   0.2639   15.0448 v fpu_exe_unit/FPUUnit/fpu/dfma/fma/_19832_/Y (sky130_fd_sc_hd__a2111oi_0)
   0.2896   15.3345 ^ fpu_exe_unit/FPUUnit/fpu/dfma/fma/_20211_/Y (sky130_fd_sc_hd__o21bai_1)
   0.2171   15.5516 ^ fpu_exe_unit/FPUUnit/fpu/dfma/fma/_20413_/X (sky130_fd_sc_hd__maj3_1)
   0.1420   15.6936 ^ fpu_exe_unit/FPUUnit/fpu/dfma/fma/_20614_/X (sky130_fd_sc_hd__xor2_1)
   0.0775   15.7711 v fpu_exe_unit/FPUUnit/fpu/dfma/fma/_20616_/Y (sky130_fd_sc_hd__a21oi_1)
   0.0035   15.7746 v fpu_exe_unit/FPUUnit/fpu/dfma/fma/_31077_/D (sky130_fd_sc_hd__dfxtp_1)
            15.7746   data arrival time

  20.0000   20.0000   clock clock (rise edge)
   0.0000   20.0000   clock network delay (ideal)
   0.0000   20.0000   clock reconvergence pessimism
            20.0000 ^ fpu_exe_unit/FPUUnit/fpu/dfma/fma/_31077_/CLK (sky130_fd_sc_hd__dfxtp_1)
  -0.1345   19.8655   library setup time
            19.8655   data required time
-------------------------------------------------------------
            19.8655   data required time
           -15.7746   data arrival time
-------------------------------------------------------------
             4.0910   slack (MET)


Startpoint: fpu_exe_unit/FPUUnit/fpu/dfma/_1310_
            (rising edge-triggered flip-flop clocked by clock)
Endpoint: fpu_exe_unit/FPUUnit/fpu/dfma/fma/_31078_
          (rising edge-triggered flip-flop clocked by clock)
Path Group: clock
Path Type: max

    Delay      Time   Description
-------------------------------------------------------------
   0.0000    0.0000   clock clock (rise edge)
   0.0000    0.0000   clock network delay (ideal)
   0.0000    0.0000 ^ fpu_exe_unit/FPUUnit/fpu/dfma/_1310_/CLK (sky130_fd_sc_hd__dfxtp_1)
   0.2995    0.2995 v fpu_exe_unit/FPUUnit/fpu/dfma/_1310_/Q (sky130_fd_sc_hd__dfxtp_1)
   0.1614    0.4609 v fpu_exe_unit/FPUUnit/fpu/dfma/fma/mulAddRecFNToRaw_preMul/_1092_/Y (sky130_fd_sc_hd__xnor2_1)
   0.3226    0.7835 ^ fpu_exe_unit/FPUUnit/fpu/dfma/fma/mulAddRecFNToRaw_preMul/_1094_/Y (sky130_fd_sc_hd__o21ai_0)
   0.1761    0.9596 v fpu_exe_unit/FPUUnit/fpu/dfma/fma/mulAddRecFNToRaw_preMul/_1097_/Y (sky130_fd_sc_hd__a31oi_1)
   0.4045    1.3640 v fpu_exe_unit/FPUUnit/fpu/dfma/fma/mulAddRecFNToRaw_preMul/_1098_/X (sky130_fd_sc_hd__maj3_1)
   0.3959    1.7600 v fpu_exe_unit/FPUUnit/fpu/dfma/fma/mulAddRecFNToRaw_preMul/_1099_/X (sky130_fd_sc_hd__maj3_1)
   0.3973    2.1573 v fpu_exe_unit/FPUUnit/fpu/dfma/fma/mulAddRecFNToRaw_preMul/_1100_/X (sky130_fd_sc_hd__maj3_1)
   0.4055    2.5628 v fpu_exe_unit/FPUUnit/fpu/dfma/fma/mulAddRecFNToRaw_preMul/_1101_/X (sky130_fd_sc_hd__maj3_1)
   0.3551    2.9179 v fpu_exe_unit/FPUUnit/fpu/dfma/fma/mulAddRecFNToRaw_preMul/_1121_/X (sky130_fd_sc_hd__maj3_1)
   0.2007    3.1186 v fpu_exe_unit/FPUUnit/fpu/dfma/fma/mulAddRecFNToRaw_preMul/_1122_/X (sky130_fd_sc_hd__xor2_1)
   0.1942    3.3128 ^ fpu_exe_unit/FPUUnit/fpu/dfma/fma/mulAddRecFNToRaw_preMul/_1152_/Y (sky130_fd_sc_hd__o221ai_1)
   0.1518    3.4647 v fpu_exe_unit/FPUUnit/fpu/dfma/fma/mulAddRecFNToRaw_preMul/_1158_/Y (sky130_fd_sc_hd__a32oi_1)
   0.4189    3.8835 v fpu_exe_unit/FPUUnit/fpu/dfma/fma/mulAddRecFNToRaw_preMul/_1159_/X (sky130_fd_sc_hd__maj3_1)
   0.2588    4.1424 v fpu_exe_unit/FPUUnit/fpu/dfma/fma/mulAddRecFNToRaw_preMul/_1177_/X (sky130_fd_sc_hd__o2111a_1)
   0.1835    4.3259 v fpu_exe_unit/FPUUnit/fpu/dfma/fma/mulAddRecFNToRaw_preMul/_1178_/X (sky130_fd_sc_hd__clkbuf_1)
   0.1411    4.4670 ^ fpu_exe_unit/FPUUnit/fpu/dfma/fma/mulAddRecFNToRaw_preMul/_1203_/Y (sky130_fd_sc_hd__nand4_1)
   0.3339    4.8008 ^ fpu_exe_unit/FPUUnit/fpu/dfma/fma/mulAddRecFNToRaw_preMul/_1204_/X (sky130_fd_sc_hd__lpflow_clkbufkapwr_1)
   0.3198    5.1206 ^ fpu_exe_unit/FPUUnit/fpu/dfma/fma/mulAddRecFNToRaw_preMul/_1307_/X (sky130_fd_sc_hd__buf_2)
   0.4406    5.5612 ^ fpu_exe_unit/FPUUnit/fpu/dfma/fma/mulAddRecFNToRaw_preMul/_1308_/X (sky130_fd_sc_hd__lpflow_clkbufkapwr_1)
   0.4049    5.9661 v fpu_exe_unit/FPUUnit/fpu/dfma/fma/mulAddRecFNToRaw_preMul/_1618_/X (sky130_fd_sc_hd__mux2_2)
   0.1693    6.1354 ^ fpu_exe_unit/FPUUnit/fpu/dfma/fma/mulAddRecFNToRaw_preMul/_1760_/Y (sky130_fd_sc_hd__mux2i_1)
   0.0586    6.1940 v fpu_exe_unit/FPUUnit/fpu/dfma/fma/mulAddRecFNToRaw_preMul/_1761_/Y (sky130_fd_sc_hd__nor2_1)
   0.1499    6.3440 ^ fpu_exe_unit/FPUUnit/fpu/dfma/fma/mulAddRecFNToRaw_preMul/_1762_/Y (sky130_fd_sc_hd__a21oi_1)
   0.1072    6.4511 v fpu_exe_unit/FPUUnit/fpu/dfma/fma/mulAddRecFNToRaw_preMul/_1763_/Y (sky130_fd_sc_hd__mux2i_1)
   0.2246    6.6758 ^ fpu_exe_unit/FPUUnit/fpu/dfma/fma/mulAddRecFNToRaw_preMul/_1764_/Y (sky130_fd_sc_hd__a21oi_1)
   0.0630    6.7388 v fpu_exe_unit/FPUUnit/fpu/dfma/fma/mulAddRecFNToRaw_preMul/_1765_/Y (sky130_fd_sc_hd__nor2_1)
   0.1979    6.9367 v fpu_exe_unit/FPUUnit/fpu/dfma/fma/mulAddRecFNToRaw_preMul/_1766_/X (sky130_fd_sc_hd__o22a_1)
   0.3822    7.3188 v fpu_exe_unit/FPUUnit/fpu/dfma/fma/_15656_/X (sky130_fd_sc_hd__xnor3_1)
   0.3964    7.7153 v fpu_exe_unit/FPUUnit/fpu/dfma/fma/_15669_/X (sky130_fd_sc_hd__maj3_1)
   0.3777    8.0930 v fpu_exe_unit/FPUUnit/fpu/dfma/fma/_15690_/X (sky130_fd_sc_hd__maj3_1)
   0.3929    8.4858 v fpu_exe_unit/FPUUnit/fpu/dfma/fma/_15718_/X (sky130_fd_sc_hd__maj3_1)
   0.3979    8.8837 v fpu_exe_unit/FPUUnit/fpu/dfma/fma/_15741_/X (sky130_fd_sc_hd__xor3_1)
   0.1695    9.0532 ^ fpu_exe_unit/FPUUnit/fpu/dfma/fma/_15751_/Y (sky130_fd_sc_hd__nor2_1)
   0.2943    9.3475 ^ fpu_exe_unit/FPUUnit/fpu/dfma/fma/_15789_/X (sky130_fd_sc_hd__xor3_1)
   0.1440    9.4915 v fpu_exe_unit/FPUUnit/fpu/dfma/fma/_15790_/Y (sky130_fd_sc_hd__nand4bb_1)
   0.3515    9.8430 v fpu_exe_unit/FPUUnit/fpu/dfma/fma/_15837_/X (sky130_fd_sc_hd__or2_2)
   0.3724   10.2154 v fpu_exe_unit/FPUUnit/fpu/dfma/fma/_15891_/X (sky130_fd_sc_hd__maj3_1)
   0.3778   10.5932 v fpu_exe_unit/FPUUnit/fpu/dfma/fma/_15946_/X (sky130_fd_sc_hd__maj3_1)
   0.3853   10.9785 v fpu_exe_unit/FPUUnit/fpu/dfma/fma/_16018_/X (sky130_fd_sc_hd__maj3_1)
   0.3669   11.3454 v fpu_exe_unit/FPUUnit/fpu/dfma/fma/_16084_/X (sky130_fd_sc_hd__maj3_1)
   0.3753   11.7207 v fpu_exe_unit/FPUUnit/fpu/dfma/fma/_16150_/X (sky130_fd_sc_hd__maj3_1)
   0.3716   12.0924 v fpu_exe_unit/FPUUnit/fpu/dfma/fma/_16236_/X (sky130_fd_sc_hd__maj3_1)
   0.3656   12.4580 v fpu_exe_unit/FPUUnit/fpu/dfma/fma/_16331_/X (sky130_fd_sc_hd__maj3_1)
   0.3227   12.7806 ^ fpu_exe_unit/FPUUnit/fpu/dfma/fma/_16425_/Y (sky130_fd_sc_hd__o21ai_0)
   0.1187   12.8993 v fpu_exe_unit/FPUUnit/fpu/dfma/fma/_16955_/Y (sky130_fd_sc_hd__a211oi_1)
   0.3448   13.2441 ^ fpu_exe_unit/FPUUnit/fpu/dfma/fma/_16956_/Y (sky130_fd_sc_hd__o311ai_0)
   0.1911   13.4352 v fpu_exe_unit/FPUUnit/fpu/dfma/fma/_17093_/Y (sky130_fd_sc_hd__nand4_1)
   0.3235   13.7588 ^ fpu_exe_unit/FPUUnit/fpu/dfma/fma/_17388_/Y (sky130_fd_sc_hd__a211oi_1)
   0.1962   13.9550 v fpu_exe_unit/FPUUnit/fpu/dfma/fma/_17685_/Y (sky130_fd_sc_hd__o311ai_0)
   0.2651   14.2201 ^ fpu_exe_unit/FPUUnit/fpu/dfma/fma/_17989_/Y (sky130_fd_sc_hd__a211oi_1)
   0.1397   14.3598 v fpu_exe_unit/FPUUnit/fpu/dfma/fma/_18300_/Y (sky130_fd_sc_hd__o211ai_1)
   0.4212   14.7810 ^ fpu_exe_unit/FPUUnit/fpu/dfma/fma/_19021_/Y (sky130_fd_sc_hd__a2111oi_0)
   0.2639   15.0448 v fpu_exe_unit/FPUUnit/fpu/dfma/fma/_19832_/Y (sky130_fd_sc_hd__a2111oi_0)
   0.2896   15.3345 ^ fpu_exe_unit/FPUUnit/fpu/dfma/fma/_20211_/Y (sky130_fd_sc_hd__o21bai_1)
   0.1337   15.4682 v fpu_exe_unit/FPUUnit/fpu/dfma/fma/_20622_/Y (sky130_fd_sc_hd__a21oi_1)
   0.1480   15.6162 ^ fpu_exe_unit/FPUUnit/fpu/dfma/fma/_20848_/Y (sky130_fd_sc_hd__nor2_1)
   0.0812   15.6974 v fpu_exe_unit/FPUUnit/fpu/dfma/fma/_20851_/Y (sky130_fd_sc_hd__o2bb2ai_1)
   0.0035   15.7008 v fpu_exe_unit/FPUUnit/fpu/dfma/fma/_31078_/D (sky130_fd_sc_hd__dfxtp_1)
            15.7008   data arrival time

  20.0000   20.0000   clock clock (rise edge)
   0.0000   20.0000   clock network delay (ideal)
   0.0000   20.0000   clock reconvergence pessimism
            20.0000 ^ fpu_exe_unit/FPUUnit/fpu/dfma/fma/_31078_/CLK (sky130_fd_sc_hd__dfxtp_1)
  -0.1196   19.8804   library setup time
            19.8804   data required time
-------------------------------------------------------------
            19.8804   data required time
           -15.7008   data arrival time
-------------------------------------------------------------
             4.1795   slack (MET)


Startpoint: fpu_exe_unit/FPUUnit/fpu/dfma/_1310_
            (rising edge-triggered flip-flop clocked by clock)
Endpoint: fpu_exe_unit/FPUUnit/fpu/dfma/fma/_31073_
          (rising edge-triggered flip-flop clocked by clock)
Path Group: clock
Path Type: max

    Delay      Time   Description
-------------------------------------------------------------
   0.0000    0.0000   clock clock (rise edge)
   0.0000    0.0000   clock network delay (ideal)
   0.0000    0.0000 ^ fpu_exe_unit/FPUUnit/fpu/dfma/_1310_/CLK (sky130_fd_sc_hd__dfxtp_1)
   0.2995    0.2995 v fpu_exe_unit/FPUUnit/fpu/dfma/_1310_/Q (sky130_fd_sc_hd__dfxtp_1)
   0.1614    0.4609 v fpu_exe_unit/FPUUnit/fpu/dfma/fma/mulAddRecFNToRaw_preMul/_1092_/Y (sky130_fd_sc_hd__xnor2_1)
   0.3226    0.7835 ^ fpu_exe_unit/FPUUnit/fpu/dfma/fma/mulAddRecFNToRaw_preMul/_1094_/Y (sky130_fd_sc_hd__o21ai_0)
   0.1761    0.9596 v fpu_exe_unit/FPUUnit/fpu/dfma/fma/mulAddRecFNToRaw_preMul/_1097_/Y (sky130_fd_sc_hd__a31oi_1)
   0.4045    1.3640 v fpu_exe_unit/FPUUnit/fpu/dfma/fma/mulAddRecFNToRaw_preMul/_1098_/X (sky130_fd_sc_hd__maj3_1)
   0.3959    1.7600 v fpu_exe_unit/FPUUnit/fpu/dfma/fma/mulAddRecFNToRaw_preMul/_1099_/X (sky130_fd_sc_hd__maj3_1)
   0.3973    2.1573 v fpu_exe_unit/FPUUnit/fpu/dfma/fma/mulAddRecFNToRaw_preMul/_1100_/X (sky130_fd_sc_hd__maj3_1)
   0.4055    2.5628 v fpu_exe_unit/FPUUnit/fpu/dfma/fma/mulAddRecFNToRaw_preMul/_1101_/X (sky130_fd_sc_hd__maj3_1)
   0.3551    2.9179 v fpu_exe_unit/FPUUnit/fpu/dfma/fma/mulAddRecFNToRaw_preMul/_1121_/X (sky130_fd_sc_hd__maj3_1)
   0.2007    3.1186 v fpu_exe_unit/FPUUnit/fpu/dfma/fma/mulAddRecFNToRaw_preMul/_1122_/X (sky130_fd_sc_hd__xor2_1)
   0.1942    3.3128 ^ fpu_exe_unit/FPUUnit/fpu/dfma/fma/mulAddRecFNToRaw_preMul/_1152_/Y (sky130_fd_sc_hd__o221ai_1)
   0.1518    3.4647 v fpu_exe_unit/FPUUnit/fpu/dfma/fma/mulAddRecFNToRaw_preMul/_1158_/Y (sky130_fd_sc_hd__a32oi_1)
   0.4189    3.8835 v fpu_exe_unit/FPUUnit/fpu/dfma/fma/mulAddRecFNToRaw_preMul/_1159_/X (sky130_fd_sc_hd__maj3_1)
   0.2588    4.1424 v fpu_exe_unit/FPUUnit/fpu/dfma/fma/mulAddRecFNToRaw_preMul/_1177_/X (sky130_fd_sc_hd__o2111a_1)
   0.1835    4.3259 v fpu_exe_unit/FPUUnit/fpu/dfma/fma/mulAddRecFNToRaw_preMul/_1178_/X (sky130_fd_sc_hd__clkbuf_1)
   0.1411    4.4670 ^ fpu_exe_unit/FPUUnit/fpu/dfma/fma/mulAddRecFNToRaw_preMul/_1203_/Y (sky130_fd_sc_hd__nand4_1)
   0.3339    4.8008 ^ fpu_exe_unit/FPUUnit/fpu/dfma/fma/mulAddRecFNToRaw_preMul/_1204_/X (sky130_fd_sc_hd__lpflow_clkbufkapwr_1)
   0.3198    5.1206 ^ fpu_exe_unit/FPUUnit/fpu/dfma/fma/mulAddRecFNToRaw_preMul/_1307_/X (sky130_fd_sc_hd__buf_2)
   0.4406    5.5612 ^ fpu_exe_unit/FPUUnit/fpu/dfma/fma/mulAddRecFNToRaw_preMul/_1308_/X (sky130_fd_sc_hd__lpflow_clkbufkapwr_1)
   0.4049    5.9661 v fpu_exe_unit/FPUUnit/fpu/dfma/fma/mulAddRecFNToRaw_preMul/_1618_/X (sky130_fd_sc_hd__mux2_2)
   0.1693    6.1354 ^ fpu_exe_unit/FPUUnit/fpu/dfma/fma/mulAddRecFNToRaw_preMul/_1760_/Y (sky130_fd_sc_hd__mux2i_1)
   0.0586    6.1940 v fpu_exe_unit/FPUUnit/fpu/dfma/fma/mulAddRecFNToRaw_preMul/_1761_/Y (sky130_fd_sc_hd__nor2_1)
   0.1499    6.3440 ^ fpu_exe_unit/FPUUnit/fpu/dfma/fma/mulAddRecFNToRaw_preMul/_1762_/Y (sky130_fd_sc_hd__a21oi_1)
   0.1072    6.4511 v fpu_exe_unit/FPUUnit/fpu/dfma/fma/mulAddRecFNToRaw_preMul/_1763_/Y (sky130_fd_sc_hd__mux2i_1)
   0.2246    6.6758 ^ fpu_exe_unit/FPUUnit/fpu/dfma/fma/mulAddRecFNToRaw_preMul/_1764_/Y (sky130_fd_sc_hd__a21oi_1)
   0.0630    6.7388 v fpu_exe_unit/FPUUnit/fpu/dfma/fma/mulAddRecFNToRaw_preMul/_1765_/Y (sky130_fd_sc_hd__nor2_1)
   0.1979    6.9367 v fpu_exe_unit/FPUUnit/fpu/dfma/fma/mulAddRecFNToRaw_preMul/_1766_/X (sky130_fd_sc_hd__o22a_1)
   0.3822    7.3188 v fpu_exe_unit/FPUUnit/fpu/dfma/fma/_15656_/X (sky130_fd_sc_hd__xnor3_1)
   0.3964    7.7153 v fpu_exe_unit/FPUUnit/fpu/dfma/fma/_15669_/X (sky130_fd_sc_hd__maj3_1)
   0.3777    8.0930 v fpu_exe_unit/FPUUnit/fpu/dfma/fma/_15690_/X (sky130_fd_sc_hd__maj3_1)
   0.3929    8.4858 v fpu_exe_unit/FPUUnit/fpu/dfma/fma/_15718_/X (sky130_fd_sc_hd__maj3_1)
   0.3979    8.8837 v fpu_exe_unit/FPUUnit/fpu/dfma/fma/_15741_/X (sky130_fd_sc_hd__xor3_1)
   0.1695    9.0532 ^ fpu_exe_unit/FPUUnit/fpu/dfma/fma/_15751_/Y (sky130_fd_sc_hd__nor2_1)
   0.2943    9.3475 ^ fpu_exe_unit/FPUUnit/fpu/dfma/fma/_15789_/X (sky130_fd_sc_hd__xor3_1)
   0.1440    9.4915 v fpu_exe_unit/FPUUnit/fpu/dfma/fma/_15790_/Y (sky130_fd_sc_hd__nand4bb_1)
   0.3515    9.8430 v fpu_exe_unit/FPUUnit/fpu/dfma/fma/_15837_/X (sky130_fd_sc_hd__or2_2)
   0.3724   10.2154 v fpu_exe_unit/FPUUnit/fpu/dfma/fma/_15891_/X (sky130_fd_sc_hd__maj3_1)
   0.3778   10.5932 v fpu_exe_unit/FPUUnit/fpu/dfma/fma/_15946_/X (sky130_fd_sc_hd__maj3_1)
   0.3853   10.9785 v fpu_exe_unit/FPUUnit/fpu/dfma/fma/_16018_/X (sky130_fd_sc_hd__maj3_1)
   0.3669   11.3454 v fpu_exe_unit/FPUUnit/fpu/dfma/fma/_16084_/X (sky130_fd_sc_hd__maj3_1)
   0.3753   11.7207 v fpu_exe_unit/FPUUnit/fpu/dfma/fma/_16150_/X (sky130_fd_sc_hd__maj3_1)
   0.3716   12.0924 v fpu_exe_unit/FPUUnit/fpu/dfma/fma/_16236_/X (sky130_fd_sc_hd__maj3_1)
   0.3656   12.4580 v fpu_exe_unit/FPUUnit/fpu/dfma/fma/_16331_/X (sky130_fd_sc_hd__maj3_1)
   0.3227   12.7806 ^ fpu_exe_unit/FPUUnit/fpu/dfma/fma/_16425_/Y (sky130_fd_sc_hd__o21ai_0)
   0.1187   12.8993 v fpu_exe_unit/FPUUnit/fpu/dfma/fma/_16955_/Y (sky130_fd_sc_hd__a211oi_1)
   0.3448   13.2441 ^ fpu_exe_unit/FPUUnit/fpu/dfma/fma/_16956_/Y (sky130_fd_sc_hd__o311ai_0)
   0.1911   13.4352 v fpu_exe_unit/FPUUnit/fpu/dfma/fma/_17093_/Y (sky130_fd_sc_hd__nand4_1)
   0.3235   13.7588 ^ fpu_exe_unit/FPUUnit/fpu/dfma/fma/_17388_/Y (sky130_fd_sc_hd__a211oi_1)
   0.1962   13.9550 v fpu_exe_unit/FPUUnit/fpu/dfma/fma/_17685_/Y (sky130_fd_sc_hd__o311ai_0)
   0.2651   14.2201 ^ fpu_exe_unit/FPUUnit/fpu/dfma/fma/_17989_/Y (sky130_fd_sc_hd__a211oi_1)
   0.1397   14.3598 v fpu_exe_unit/FPUUnit/fpu/dfma/fma/_18300_/Y (sky130_fd_sc_hd__o211ai_1)
   0.4212   14.7810 ^ fpu_exe_unit/FPUUnit/fpu/dfma/fma/_19021_/Y (sky130_fd_sc_hd__a2111oi_0)
   0.1969   14.9779 ^ fpu_exe_unit/FPUUnit/fpu/dfma/fma/_19025_/X (sky130_fd_sc_hd__or2_2)
   0.0718   15.0496 v fpu_exe_unit/FPUUnit/fpu/dfma/fma/_19211_/Y (sky130_fd_sc_hd__nand2_1)
   0.1122   15.1619 ^ fpu_exe_unit/FPUUnit/fpu/dfma/fma/_19414_/Y (sky130_fd_sc_hd__nor2_1)
   0.0624   15.2243 v fpu_exe_unit/FPUUnit/fpu/dfma/fma/_19415_/Y (sky130_fd_sc_hd__nor2_1)
   0.2002   15.4245 ^ fpu_exe_unit/FPUUnit/fpu/dfma/fma/_19617_/Y (sky130_fd_sc_hd__o21ai_0)
   0.1656   15.5901 ^ fpu_exe_unit/FPUUnit/fpu/dfma/fma/_19821_/X (sky130_fd_sc_hd__xor2_1)
   0.0775   15.6676 v fpu_exe_unit/FPUUnit/fpu/dfma/fma/_19823_/Y (sky130_fd_sc_hd__a21oi_1)
   0.0035   15.6711 v fpu_exe_unit/FPUUnit/fpu/dfma/fma/_31073_/D (sky130_fd_sc_hd__dfxtp_1)
            15.6711   data arrival time

  20.0000   20.0000   clock clock (rise edge)
   0.0000   20.0000   clock network delay (ideal)
   0.0000   20.0000   clock reconvergence pessimism
            20.0000 ^ fpu_exe_unit/FPUUnit/fpu/dfma/fma/_31073_/CLK (sky130_fd_sc_hd__dfxtp_1)
  -0.1345   19.8655   library setup time
            19.8655   data required time
-------------------------------------------------------------
            19.8655   data required time
           -15.6711   data arrival time
-------------------------------------------------------------
             4.1944   slack (MET)


Startpoint: fpu_exe_unit/FPUUnit/fpu/dfma/_1310_
            (rising edge-triggered flip-flop clocked by clock)
Endpoint: fpu_exe_unit/FPUUnit/fpu/dfma/fma/_31082_
          (rising edge-triggered flip-flop clocked by clock)
Path Group: clock
Path Type: max

    Delay      Time   Description
-------------------------------------------------------------
   0.0000    0.0000   clock clock (rise edge)
   0.0000    0.0000   clock network delay (ideal)
   0.0000    0.0000 ^ fpu_exe_unit/FPUUnit/fpu/dfma/_1310_/CLK (sky130_fd_sc_hd__dfxtp_1)
   0.2995    0.2995 v fpu_exe_unit/FPUUnit/fpu/dfma/_1310_/Q (sky130_fd_sc_hd__dfxtp_1)
   0.1614    0.4609 v fpu_exe_unit/FPUUnit/fpu/dfma/fma/mulAddRecFNToRaw_preMul/_1092_/Y (sky130_fd_sc_hd__xnor2_1)
   0.3226    0.7835 ^ fpu_exe_unit/FPUUnit/fpu/dfma/fma/mulAddRecFNToRaw_preMul/_1094_/Y (sky130_fd_sc_hd__o21ai_0)
   0.1761    0.9596 v fpu_exe_unit/FPUUnit/fpu/dfma/fma/mulAddRecFNToRaw_preMul/_1097_/Y (sky130_fd_sc_hd__a31oi_1)
   0.4045    1.3640 v fpu_exe_unit/FPUUnit/fpu/dfma/fma/mulAddRecFNToRaw_preMul/_1098_/X (sky130_fd_sc_hd__maj3_1)
   0.3959    1.7600 v fpu_exe_unit/FPUUnit/fpu/dfma/fma/mulAddRecFNToRaw_preMul/_1099_/X (sky130_fd_sc_hd__maj3_1)
   0.3973    2.1573 v fpu_exe_unit/FPUUnit/fpu/dfma/fma/mulAddRecFNToRaw_preMul/_1100_/X (sky130_fd_sc_hd__maj3_1)
   0.4055    2.5628 v fpu_exe_unit/FPUUnit/fpu/dfma/fma/mulAddRecFNToRaw_preMul/_1101_/X (sky130_fd_sc_hd__maj3_1)
   0.3551    2.9179 v fpu_exe_unit/FPUUnit/fpu/dfma/fma/mulAddRecFNToRaw_preMul/_1121_/X (sky130_fd_sc_hd__maj3_1)
   0.2007    3.1186 v fpu_exe_unit/FPUUnit/fpu/dfma/fma/mulAddRecFNToRaw_preMul/_1122_/X (sky130_fd_sc_hd__xor2_1)
   0.1942    3.3128 ^ fpu_exe_unit/FPUUnit/fpu/dfma/fma/mulAddRecFNToRaw_preMul/_1152_/Y (sky130_fd_sc_hd__o221ai_1)
   0.1518    3.4647 v fpu_exe_unit/FPUUnit/fpu/dfma/fma/mulAddRecFNToRaw_preMul/_1158_/Y (sky130_fd_sc_hd__a32oi_1)
   0.4189    3.8835 v fpu_exe_unit/FPUUnit/fpu/dfma/fma/mulAddRecFNToRaw_preMul/_1159_/X (sky130_fd_sc_hd__maj3_1)
   0.2588    4.1424 v fpu_exe_unit/FPUUnit/fpu/dfma/fma/mulAddRecFNToRaw_preMul/_1177_/X (sky130_fd_sc_hd__o2111a_1)
   0.1835    4.3259 v fpu_exe_unit/FPUUnit/fpu/dfma/fma/mulAddRecFNToRaw_preMul/_1178_/X (sky130_fd_sc_hd__clkbuf_1)
   0.1411    4.4670 ^ fpu_exe_unit/FPUUnit/fpu/dfma/fma/mulAddRecFNToRaw_preMul/_1203_/Y (sky130_fd_sc_hd__nand4_1)
   0.3339    4.8008 ^ fpu_exe_unit/FPUUnit/fpu/dfma/fma/mulAddRecFNToRaw_preMul/_1204_/X (sky130_fd_sc_hd__lpflow_clkbufkapwr_1)
   0.3198    5.1206 ^ fpu_exe_unit/FPUUnit/fpu/dfma/fma/mulAddRecFNToRaw_preMul/_1307_/X (sky130_fd_sc_hd__buf_2)
   0.4406    5.5612 ^ fpu_exe_unit/FPUUnit/fpu/dfma/fma/mulAddRecFNToRaw_preMul/_1308_/X (sky130_fd_sc_hd__lpflow_clkbufkapwr_1)
   0.4049    5.9661 v fpu_exe_unit/FPUUnit/fpu/dfma/fma/mulAddRecFNToRaw_preMul/_1618_/X (sky130_fd_sc_hd__mux2_2)
   0.1693    6.1354 ^ fpu_exe_unit/FPUUnit/fpu/dfma/fma/mulAddRecFNToRaw_preMul/_1760_/Y (sky130_fd_sc_hd__mux2i_1)
   0.0586    6.1940 v fpu_exe_unit/FPUUnit/fpu/dfma/fma/mulAddRecFNToRaw_preMul/_1761_/Y (sky130_fd_sc_hd__nor2_1)
   0.1499    6.3440 ^ fpu_exe_unit/FPUUnit/fpu/dfma/fma/mulAddRecFNToRaw_preMul/_1762_/Y (sky130_fd_sc_hd__a21oi_1)
   0.1072    6.4511 v fpu_exe_unit/FPUUnit/fpu/dfma/fma/mulAddRecFNToRaw_preMul/_1763_/Y (sky130_fd_sc_hd__mux2i_1)
   0.2246    6.6758 ^ fpu_exe_unit/FPUUnit/fpu/dfma/fma/mulAddRecFNToRaw_preMul/_1764_/Y (sky130_fd_sc_hd__a21oi_1)
   0.0630    6.7388 v fpu_exe_unit/FPUUnit/fpu/dfma/fma/mulAddRecFNToRaw_preMul/_1765_/Y (sky130_fd_sc_hd__nor2_1)
   0.1979    6.9367 v fpu_exe_unit/FPUUnit/fpu/dfma/fma/mulAddRecFNToRaw_preMul/_1766_/X (sky130_fd_sc_hd__o22a_1)
   0.3822    7.3188 v fpu_exe_unit/FPUUnit/fpu/dfma/fma/_15656_/X (sky130_fd_sc_hd__xnor3_1)
   0.3964    7.7153 v fpu_exe_unit/FPUUnit/fpu/dfma/fma/_15669_/X (sky130_fd_sc_hd__maj3_1)
   0.3777    8.0930 v fpu_exe_unit/FPUUnit/fpu/dfma/fma/_15690_/X (sky130_fd_sc_hd__maj3_1)
   0.3929    8.4858 v fpu_exe_unit/FPUUnit/fpu/dfma/fma/_15718_/X (sky130_fd_sc_hd__maj3_1)
   0.3979    8.8837 v fpu_exe_unit/FPUUnit/fpu/dfma/fma/_15741_/X (sky130_fd_sc_hd__xor3_1)
   0.1695    9.0532 ^ fpu_exe_unit/FPUUnit/fpu/dfma/fma/_15751_/Y (sky130_fd_sc_hd__nor2_1)
   0.2943    9.3475 ^ fpu_exe_unit/FPUUnit/fpu/dfma/fma/_15789_/X (sky130_fd_sc_hd__xor3_1)
   0.1440    9.4915 v fpu_exe_unit/FPUUnit/fpu/dfma/fma/_15790_/Y (sky130_fd_sc_hd__nand4bb_1)
   0.3515    9.8430 v fpu_exe_unit/FPUUnit/fpu/dfma/fma/_15837_/X (sky130_fd_sc_hd__or2_2)
   0.3724   10.2154 v fpu_exe_unit/FPUUnit/fpu/dfma/fma/_15891_/X (sky130_fd_sc_hd__maj3_1)
   0.3778   10.5932 v fpu_exe_unit/FPUUnit/fpu/dfma/fma/_15946_/X (sky130_fd_sc_hd__maj3_1)
   0.3853   10.9785 v fpu_exe_unit/FPUUnit/fpu/dfma/fma/_16018_/X (sky130_fd_sc_hd__maj3_1)
   0.3669   11.3454 v fpu_exe_unit/FPUUnit/fpu/dfma/fma/_16084_/X (sky130_fd_sc_hd__maj3_1)
   0.3753   11.7207 v fpu_exe_unit/FPUUnit/fpu/dfma/fma/_16150_/X (sky130_fd_sc_hd__maj3_1)
   0.3716   12.0924 v fpu_exe_unit/FPUUnit/fpu/dfma/fma/_16236_/X (sky130_fd_sc_hd__maj3_1)
   0.3656   12.4580 v fpu_exe_unit/FPUUnit/fpu/dfma/fma/_16331_/X (sky130_fd_sc_hd__maj3_1)
   0.3227   12.7806 ^ fpu_exe_unit/FPUUnit/fpu/dfma/fma/_16425_/Y (sky130_fd_sc_hd__o21ai_0)
   0.1187   12.8993 v fpu_exe_unit/FPUUnit/fpu/dfma/fma/_16955_/Y (sky130_fd_sc_hd__a211oi_1)
   0.3448   13.2441 ^ fpu_exe_unit/FPUUnit/fpu/dfma/fma/_16956_/Y (sky130_fd_sc_hd__o311ai_0)
   0.1911   13.4352 v fpu_exe_unit/FPUUnit/fpu/dfma/fma/_17093_/Y (sky130_fd_sc_hd__nand4_1)
   0.3235   13.7588 ^ fpu_exe_unit/FPUUnit/fpu/dfma/fma/_17388_/Y (sky130_fd_sc_hd__a211oi_1)
   0.1962   13.9550 v fpu_exe_unit/FPUUnit/fpu/dfma/fma/_17685_/Y (sky130_fd_sc_hd__o311ai_0)
   0.2651   14.2201 ^ fpu_exe_unit/FPUUnit/fpu/dfma/fma/_17989_/Y (sky130_fd_sc_hd__a211oi_1)
   0.1397   14.3598 v fpu_exe_unit/FPUUnit/fpu/dfma/fma/_18300_/Y (sky130_fd_sc_hd__o211ai_1)
   0.4212   14.7810 ^ fpu_exe_unit/FPUUnit/fpu/dfma/fma/_19021_/Y (sky130_fd_sc_hd__a2111oi_0)
   0.2639   15.0448 v fpu_exe_unit/FPUUnit/fpu/dfma/fma/_19832_/Y (sky130_fd_sc_hd__a2111oi_0)
   0.3827   15.4275 v fpu_exe_unit/FPUUnit/fpu/dfma/fma/_21839_/X (sky130_fd_sc_hd__o31a_1)
   0.1438   15.5713 ^ fpu_exe_unit/FPUUnit/fpu/dfma/fma/_21840_/Y (sky130_fd_sc_hd__xnor2_1)
   0.0787   15.6499 v fpu_exe_unit/FPUUnit/fpu/dfma/fma/_21842_/Y (sky130_fd_sc_hd__a21oi_1)
   0.0035   15.6534 v fpu_exe_unit/FPUUnit/fpu/dfma/fma/_31082_/D (sky130_fd_sc_hd__dfxtp_1)
            15.6534   data arrival time

  20.0000   20.0000   clock clock (rise edge)
   0.0000   20.0000   clock network delay (ideal)
   0.0000   20.0000   clock reconvergence pessimism
            20.0000 ^ fpu_exe_unit/FPUUnit/fpu/dfma/fma/_31082_/CLK (sky130_fd_sc_hd__dfxtp_1)
  -0.1345   19.8655   library setup time
            19.8655   data required time
-------------------------------------------------------------
            19.8655   data required time
           -15.6534   data arrival time
-------------------------------------------------------------
             4.2121   slack (MET)


Startpoint: fpu_exe_unit/FPUUnit/fpu/dfma/_1310_
            (rising edge-triggered flip-flop clocked by clock)
Endpoint: fpu_exe_unit/FPUUnit/fpu/dfma/fma/_31076_
          (rising edge-triggered flip-flop clocked by clock)
Path Group: clock
Path Type: max

    Delay      Time   Description
-------------------------------------------------------------
   0.0000    0.0000   clock clock (rise edge)
   0.0000    0.0000   clock network delay (ideal)
   0.0000    0.0000 ^ fpu_exe_unit/FPUUnit/fpu/dfma/_1310_/CLK (sky130_fd_sc_hd__dfxtp_1)
   0.2995    0.2995 v fpu_exe_unit/FPUUnit/fpu/dfma/_1310_/Q (sky130_fd_sc_hd__dfxtp_1)
   0.1614    0.4609 v fpu_exe_unit/FPUUnit/fpu/dfma/fma/mulAddRecFNToRaw_preMul/_1092_/Y (sky130_fd_sc_hd__xnor2_1)
   0.3226    0.7835 ^ fpu_exe_unit/FPUUnit/fpu/dfma/fma/mulAddRecFNToRaw_preMul/_1094_/Y (sky130_fd_sc_hd__o21ai_0)
   0.1761    0.9596 v fpu_exe_unit/FPUUnit/fpu/dfma/fma/mulAddRecFNToRaw_preMul/_1097_/Y (sky130_fd_sc_hd__a31oi_1)
   0.4045    1.3640 v fpu_exe_unit/FPUUnit/fpu/dfma/fma/mulAddRecFNToRaw_preMul/_1098_/X (sky130_fd_sc_hd__maj3_1)
   0.3959    1.7600 v fpu_exe_unit/FPUUnit/fpu/dfma/fma/mulAddRecFNToRaw_preMul/_1099_/X (sky130_fd_sc_hd__maj3_1)
   0.3973    2.1573 v fpu_exe_unit/FPUUnit/fpu/dfma/fma/mulAddRecFNToRaw_preMul/_1100_/X (sky130_fd_sc_hd__maj3_1)
   0.4055    2.5628 v fpu_exe_unit/FPUUnit/fpu/dfma/fma/mulAddRecFNToRaw_preMul/_1101_/X (sky130_fd_sc_hd__maj3_1)
   0.3551    2.9179 v fpu_exe_unit/FPUUnit/fpu/dfma/fma/mulAddRecFNToRaw_preMul/_1121_/X (sky130_fd_sc_hd__maj3_1)
   0.2007    3.1186 v fpu_exe_unit/FPUUnit/fpu/dfma/fma/mulAddRecFNToRaw_preMul/_1122_/X (sky130_fd_sc_hd__xor2_1)
   0.1942    3.3128 ^ fpu_exe_unit/FPUUnit/fpu/dfma/fma/mulAddRecFNToRaw_preMul/_1152_/Y (sky130_fd_sc_hd__o221ai_1)
   0.1518    3.4647 v fpu_exe_unit/FPUUnit/fpu/dfma/fma/mulAddRecFNToRaw_preMul/_1158_/Y (sky130_fd_sc_hd__a32oi_1)
   0.4189    3.8835 v fpu_exe_unit/FPUUnit/fpu/dfma/fma/mulAddRecFNToRaw_preMul/_1159_/X (sky130_fd_sc_hd__maj3_1)
   0.2588    4.1424 v fpu_exe_unit/FPUUnit/fpu/dfma/fma/mulAddRecFNToRaw_preMul/_1177_/X (sky130_fd_sc_hd__o2111a_1)
   0.1835    4.3259 v fpu_exe_unit/FPUUnit/fpu/dfma/fma/mulAddRecFNToRaw_preMul/_1178_/X (sky130_fd_sc_hd__clkbuf_1)
   0.1411    4.4670 ^ fpu_exe_unit/FPUUnit/fpu/dfma/fma/mulAddRecFNToRaw_preMul/_1203_/Y (sky130_fd_sc_hd__nand4_1)
   0.3339    4.8008 ^ fpu_exe_unit/FPUUnit/fpu/dfma/fma/mulAddRecFNToRaw_preMul/_1204_/X (sky130_fd_sc_hd__lpflow_clkbufkapwr_1)
   0.3198    5.1206 ^ fpu_exe_unit/FPUUnit/fpu/dfma/fma/mulAddRecFNToRaw_preMul/_1307_/X (sky130_fd_sc_hd__buf_2)
   0.4406    5.5612 ^ fpu_exe_unit/FPUUnit/fpu/dfma/fma/mulAddRecFNToRaw_preMul/_1308_/X (sky130_fd_sc_hd__lpflow_clkbufkapwr_1)
   0.4049    5.9661 v fpu_exe_unit/FPUUnit/fpu/dfma/fma/mulAddRecFNToRaw_preMul/_1618_/X (sky130_fd_sc_hd__mux2_2)
   0.1693    6.1354 ^ fpu_exe_unit/FPUUnit/fpu/dfma/fma/mulAddRecFNToRaw_preMul/_1760_/Y (sky130_fd_sc_hd__mux2i_1)
   0.0586    6.1940 v fpu_exe_unit/FPUUnit/fpu/dfma/fma/mulAddRecFNToRaw_preMul/_1761_/Y (sky130_fd_sc_hd__nor2_1)
   0.1499    6.3440 ^ fpu_exe_unit/FPUUnit/fpu/dfma/fma/mulAddRecFNToRaw_preMul/_1762_/Y (sky130_fd_sc_hd__a21oi_1)
   0.1072    6.4511 v fpu_exe_unit/FPUUnit/fpu/dfma/fma/mulAddRecFNToRaw_preMul/_1763_/Y (sky130_fd_sc_hd__mux2i_1)
   0.2246    6.6758 ^ fpu_exe_unit/FPUUnit/fpu/dfma/fma/mulAddRecFNToRaw_preMul/_1764_/Y (sky130_fd_sc_hd__a21oi_1)
   0.0630    6.7388 v fpu_exe_unit/FPUUnit/fpu/dfma/fma/mulAddRecFNToRaw_preMul/_1765_/Y (sky130_fd_sc_hd__nor2_1)
   0.1979    6.9367 v fpu_exe_unit/FPUUnit/fpu/dfma/fma/mulAddRecFNToRaw_preMul/_1766_/X (sky130_fd_sc_hd__o22a_1)
   0.3822    7.3188 v fpu_exe_unit/FPUUnit/fpu/dfma/fma/_15656_/X (sky130_fd_sc_hd__xnor3_1)
   0.3964    7.7153 v fpu_exe_unit/FPUUnit/fpu/dfma/fma/_15669_/X (sky130_fd_sc_hd__maj3_1)
   0.3777    8.0930 v fpu_exe_unit/FPUUnit/fpu/dfma/fma/_15690_/X (sky130_fd_sc_hd__maj3_1)
   0.3929    8.4858 v fpu_exe_unit/FPUUnit/fpu/dfma/fma/_15718_/X (sky130_fd_sc_hd__maj3_1)
   0.3979    8.8837 v fpu_exe_unit/FPUUnit/fpu/dfma/fma/_15741_/X (sky130_fd_sc_hd__xor3_1)
   0.1695    9.0532 ^ fpu_exe_unit/FPUUnit/fpu/dfma/fma/_15751_/Y (sky130_fd_sc_hd__nor2_1)
   0.2943    9.3475 ^ fpu_exe_unit/FPUUnit/fpu/dfma/fma/_15789_/X (sky130_fd_sc_hd__xor3_1)
   0.1440    9.4915 v fpu_exe_unit/FPUUnit/fpu/dfma/fma/_15790_/Y (sky130_fd_sc_hd__nand4bb_1)
   0.3515    9.8430 v fpu_exe_unit/FPUUnit/fpu/dfma/fma/_15837_/X (sky130_fd_sc_hd__or2_2)
   0.3724   10.2154 v fpu_exe_unit/FPUUnit/fpu/dfma/fma/_15891_/X (sky130_fd_sc_hd__maj3_1)
   0.3778   10.5932 v fpu_exe_unit/FPUUnit/fpu/dfma/fma/_15946_/X (sky130_fd_sc_hd__maj3_1)
   0.3853   10.9785 v fpu_exe_unit/FPUUnit/fpu/dfma/fma/_16018_/X (sky130_fd_sc_hd__maj3_1)
   0.3669   11.3454 v fpu_exe_unit/FPUUnit/fpu/dfma/fma/_16084_/X (sky130_fd_sc_hd__maj3_1)
   0.3753   11.7207 v fpu_exe_unit/FPUUnit/fpu/dfma/fma/_16150_/X (sky130_fd_sc_hd__maj3_1)
   0.3716   12.0924 v fpu_exe_unit/FPUUnit/fpu/dfma/fma/_16236_/X (sky130_fd_sc_hd__maj3_1)
   0.3656   12.4580 v fpu_exe_unit/FPUUnit/fpu/dfma/fma/_16331_/X (sky130_fd_sc_hd__maj3_1)
   0.3227   12.7806 ^ fpu_exe_unit/FPUUnit/fpu/dfma/fma/_16425_/Y (sky130_fd_sc_hd__o21ai_0)
   0.1187   12.8993 v fpu_exe_unit/FPUUnit/fpu/dfma/fma/_16955_/Y (sky130_fd_sc_hd__a211oi_1)
   0.3448   13.2441 ^ fpu_exe_unit/FPUUnit/fpu/dfma/fma/_16956_/Y (sky130_fd_sc_hd__o311ai_0)
   0.1911   13.4352 v fpu_exe_unit/FPUUnit/fpu/dfma/fma/_17093_/Y (sky130_fd_sc_hd__nand4_1)
   0.3235   13.7588 ^ fpu_exe_unit/FPUUnit/fpu/dfma/fma/_17388_/Y (sky130_fd_sc_hd__a211oi_1)
   0.1962   13.9550 v fpu_exe_unit/FPUUnit/fpu/dfma/fma/_17685_/Y (sky130_fd_sc_hd__o311ai_0)
   0.2651   14.2201 ^ fpu_exe_unit/FPUUnit/fpu/dfma/fma/_17989_/Y (sky130_fd_sc_hd__a211oi_1)
   0.1397   14.3598 v fpu_exe_unit/FPUUnit/fpu/dfma/fma/_18300_/Y (sky130_fd_sc_hd__o211ai_1)
   0.4212   14.7810 ^ fpu_exe_unit/FPUUnit/fpu/dfma/fma/_19021_/Y (sky130_fd_sc_hd__a2111oi_0)
   0.2639   15.0448 v fpu_exe_unit/FPUUnit/fpu/dfma/fma/_19832_/Y (sky130_fd_sc_hd__a2111oi_0)
   0.2896   15.3345 ^ fpu_exe_unit/FPUUnit/fpu/dfma/fma/_20211_/Y (sky130_fd_sc_hd__o21bai_1)
   0.1702   15.5047 ^ fpu_exe_unit/FPUUnit/fpu/dfma/fma/_20410_/X (sky130_fd_sc_hd__xor2_1)
   0.0785   15.5832 v fpu_exe_unit/FPUUnit/fpu/dfma/fma/_20412_/Y (sky130_fd_sc_hd__a21oi_1)
   0.0035   15.5866 v fpu_exe_unit/FPUUnit/fpu/dfma/fma/_31076_/D (sky130_fd_sc_hd__dfxtp_1)
            15.5866   data arrival time

  20.0000   20.0000   clock clock (rise edge)
   0.0000   20.0000   clock network delay (ideal)
   0.0000   20.0000   clock reconvergence pessimism
            20.0000 ^ fpu_exe_unit/FPUUnit/fpu/dfma/fma/_31076_/CLK (sky130_fd_sc_hd__dfxtp_1)
  -0.1345   19.8655   library setup time
            19.8655   data required time
-------------------------------------------------------------
            19.8655   data required time
           -15.5866   data arrival time
-------------------------------------------------------------
             4.2789   slack (MET)


Startpoint: fpu_exe_unit/FPUUnit/fpu/dfma/_1310_
            (rising edge-triggered flip-flop clocked by clock)
Endpoint: fpu_exe_unit/FPUUnit/fpu/dfma/fma/_31075_
          (rising edge-triggered flip-flop clocked by clock)
Path Group: clock
Path Type: max

    Delay      Time   Description
-------------------------------------------------------------
   0.0000    0.0000   clock clock (rise edge)
   0.0000    0.0000   clock network delay (ideal)
   0.0000    0.0000 ^ fpu_exe_unit/FPUUnit/fpu/dfma/_1310_/CLK (sky130_fd_sc_hd__dfxtp_1)
   0.2995    0.2995 v fpu_exe_unit/FPUUnit/fpu/dfma/_1310_/Q (sky130_fd_sc_hd__dfxtp_1)
   0.1614    0.4609 v fpu_exe_unit/FPUUnit/fpu/dfma/fma/mulAddRecFNToRaw_preMul/_1092_/Y (sky130_fd_sc_hd__xnor2_1)
   0.3226    0.7835 ^ fpu_exe_unit/FPUUnit/fpu/dfma/fma/mulAddRecFNToRaw_preMul/_1094_/Y (sky130_fd_sc_hd__o21ai_0)
   0.1761    0.9596 v fpu_exe_unit/FPUUnit/fpu/dfma/fma/mulAddRecFNToRaw_preMul/_1097_/Y (sky130_fd_sc_hd__a31oi_1)
   0.4045    1.3640 v fpu_exe_unit/FPUUnit/fpu/dfma/fma/mulAddRecFNToRaw_preMul/_1098_/X (sky130_fd_sc_hd__maj3_1)
   0.3959    1.7600 v fpu_exe_unit/FPUUnit/fpu/dfma/fma/mulAddRecFNToRaw_preMul/_1099_/X (sky130_fd_sc_hd__maj3_1)
   0.3973    2.1573 v fpu_exe_unit/FPUUnit/fpu/dfma/fma/mulAddRecFNToRaw_preMul/_1100_/X (sky130_fd_sc_hd__maj3_1)
   0.4055    2.5628 v fpu_exe_unit/FPUUnit/fpu/dfma/fma/mulAddRecFNToRaw_preMul/_1101_/X (sky130_fd_sc_hd__maj3_1)
   0.3551    2.9179 v fpu_exe_unit/FPUUnit/fpu/dfma/fma/mulAddRecFNToRaw_preMul/_1121_/X (sky130_fd_sc_hd__maj3_1)
   0.2007    3.1186 v fpu_exe_unit/FPUUnit/fpu/dfma/fma/mulAddRecFNToRaw_preMul/_1122_/X (sky130_fd_sc_hd__xor2_1)
   0.1942    3.3128 ^ fpu_exe_unit/FPUUnit/fpu/dfma/fma/mulAddRecFNToRaw_preMul/_1152_/Y (sky130_fd_sc_hd__o221ai_1)
   0.1518    3.4647 v fpu_exe_unit/FPUUnit/fpu/dfma/fma/mulAddRecFNToRaw_preMul/_1158_/Y (sky130_fd_sc_hd__a32oi_1)
   0.4189    3.8835 v fpu_exe_unit/FPUUnit/fpu/dfma/fma/mulAddRecFNToRaw_preMul/_1159_/X (sky130_fd_sc_hd__maj3_1)
   0.2588    4.1424 v fpu_exe_unit/FPUUnit/fpu/dfma/fma/mulAddRecFNToRaw_preMul/_1177_/X (sky130_fd_sc_hd__o2111a_1)
   0.1835    4.3259 v fpu_exe_unit/FPUUnit/fpu/dfma/fma/mulAddRecFNToRaw_preMul/_1178_/X (sky130_fd_sc_hd__clkbuf_1)
   0.1411    4.4670 ^ fpu_exe_unit/FPUUnit/fpu/dfma/fma/mulAddRecFNToRaw_preMul/_1203_/Y (sky130_fd_sc_hd__nand4_1)
   0.3339    4.8008 ^ fpu_exe_unit/FPUUnit/fpu/dfma/fma/mulAddRecFNToRaw_preMul/_1204_/X (sky130_fd_sc_hd__lpflow_clkbufkapwr_1)
   0.3198    5.1206 ^ fpu_exe_unit/FPUUnit/fpu/dfma/fma/mulAddRecFNToRaw_preMul/_1307_/X (sky130_fd_sc_hd__buf_2)
   0.4406    5.5612 ^ fpu_exe_unit/FPUUnit/fpu/dfma/fma/mulAddRecFNToRaw_preMul/_1308_/X (sky130_fd_sc_hd__lpflow_clkbufkapwr_1)
   0.4049    5.9661 v fpu_exe_unit/FPUUnit/fpu/dfma/fma/mulAddRecFNToRaw_preMul/_1618_/X (sky130_fd_sc_hd__mux2_2)
   0.1693    6.1354 ^ fpu_exe_unit/FPUUnit/fpu/dfma/fma/mulAddRecFNToRaw_preMul/_1760_/Y (sky130_fd_sc_hd__mux2i_1)
   0.0586    6.1940 v fpu_exe_unit/FPUUnit/fpu/dfma/fma/mulAddRecFNToRaw_preMul/_1761_/Y (sky130_fd_sc_hd__nor2_1)
   0.1499    6.3440 ^ fpu_exe_unit/FPUUnit/fpu/dfma/fma/mulAddRecFNToRaw_preMul/_1762_/Y (sky130_fd_sc_hd__a21oi_1)
   0.1072    6.4511 v fpu_exe_unit/FPUUnit/fpu/dfma/fma/mulAddRecFNToRaw_preMul/_1763_/Y (sky130_fd_sc_hd__mux2i_1)
   0.2246    6.6758 ^ fpu_exe_unit/FPUUnit/fpu/dfma/fma/mulAddRecFNToRaw_preMul/_1764_/Y (sky130_fd_sc_hd__a21oi_1)
   0.0630    6.7388 v fpu_exe_unit/FPUUnit/fpu/dfma/fma/mulAddRecFNToRaw_preMul/_1765_/Y (sky130_fd_sc_hd__nor2_1)
   0.1979    6.9367 v fpu_exe_unit/FPUUnit/fpu/dfma/fma/mulAddRecFNToRaw_preMul/_1766_/X (sky130_fd_sc_hd__o22a_1)
   0.3822    7.3188 v fpu_exe_unit/FPUUnit/fpu/dfma/fma/_15656_/X (sky130_fd_sc_hd__xnor3_1)
   0.3964    7.7153 v fpu_exe_unit/FPUUnit/fpu/dfma/fma/_15669_/X (sky130_fd_sc_hd__maj3_1)
   0.3777    8.0930 v fpu_exe_unit/FPUUnit/fpu/dfma/fma/_15690_/X (sky130_fd_sc_hd__maj3_1)
   0.3929    8.4858 v fpu_exe_unit/FPUUnit/fpu/dfma/fma/_15718_/X (sky130_fd_sc_hd__maj3_1)
   0.3979    8.8837 v fpu_exe_unit/FPUUnit/fpu/dfma/fma/_15741_/X (sky130_fd_sc_hd__xor3_1)
   0.1695    9.0532 ^ fpu_exe_unit/FPUUnit/fpu/dfma/fma/_15751_/Y (sky130_fd_sc_hd__nor2_1)
   0.2943    9.3475 ^ fpu_exe_unit/FPUUnit/fpu/dfma/fma/_15789_/X (sky130_fd_sc_hd__xor3_1)
   0.1440    9.4915 v fpu_exe_unit/FPUUnit/fpu/dfma/fma/_15790_/Y (sky130_fd_sc_hd__nand4bb_1)
   0.3515    9.8430 v fpu_exe_unit/FPUUnit/fpu/dfma/fma/_15837_/X (sky130_fd_sc_hd__or2_2)
   0.3724   10.2154 v fpu_exe_unit/FPUUnit/fpu/dfma/fma/_15891_/X (sky130_fd_sc_hd__maj3_1)
   0.3778   10.5932 v fpu_exe_unit/FPUUnit/fpu/dfma/fma/_15946_/X (sky130_fd_sc_hd__maj3_1)
   0.3853   10.9785 v fpu_exe_unit/FPUUnit/fpu/dfma/fma/_16018_/X (sky130_fd_sc_hd__maj3_1)
   0.3669   11.3454 v fpu_exe_unit/FPUUnit/fpu/dfma/fma/_16084_/X (sky130_fd_sc_hd__maj3_1)
   0.3753   11.7207 v fpu_exe_unit/FPUUnit/fpu/dfma/fma/_16150_/X (sky130_fd_sc_hd__maj3_1)
   0.3716   12.0924 v fpu_exe_unit/FPUUnit/fpu/dfma/fma/_16236_/X (sky130_fd_sc_hd__maj3_1)
   0.3656   12.4580 v fpu_exe_unit/FPUUnit/fpu/dfma/fma/_16331_/X (sky130_fd_sc_hd__maj3_1)
   0.3227   12.7806 ^ fpu_exe_unit/FPUUnit/fpu/dfma/fma/_16425_/Y (sky130_fd_sc_hd__o21ai_0)
   0.1187   12.8993 v fpu_exe_unit/FPUUnit/fpu/dfma/fma/_16955_/Y (sky130_fd_sc_hd__a211oi_1)
   0.3448   13.2441 ^ fpu_exe_unit/FPUUnit/fpu/dfma/fma/_16956_/Y (sky130_fd_sc_hd__o311ai_0)
   0.1911   13.4352 v fpu_exe_unit/FPUUnit/fpu/dfma/fma/_17093_/Y (sky130_fd_sc_hd__nand4_1)
   0.3235   13.7588 ^ fpu_exe_unit/FPUUnit/fpu/dfma/fma/_17388_/Y (sky130_fd_sc_hd__a211oi_1)
   0.1962   13.9550 v fpu_exe_unit/FPUUnit/fpu/dfma/fma/_17685_/Y (sky130_fd_sc_hd__o311ai_0)
   0.2651   14.2201 ^ fpu_exe_unit/FPUUnit/fpu/dfma/fma/_17989_/Y (sky130_fd_sc_hd__a211oi_1)
   0.1397   14.3598 v fpu_exe_unit/FPUUnit/fpu/dfma/fma/_18300_/Y (sky130_fd_sc_hd__o211ai_1)
   0.4212   14.7810 ^ fpu_exe_unit/FPUUnit/fpu/dfma/fma/_19021_/Y (sky130_fd_sc_hd__a2111oi_0)
   0.2639   15.0448 v fpu_exe_unit/FPUUnit/fpu/dfma/fma/_19832_/Y (sky130_fd_sc_hd__a2111oi_0)
   0.1848   15.2296 ^ fpu_exe_unit/FPUUnit/fpu/dfma/fma/_20020_/Y (sky130_fd_sc_hd__nor2_1)
   0.0663   15.2959 v fpu_exe_unit/FPUUnit/fpu/dfma/fma/_20025_/Y (sky130_fd_sc_hd__nor2_1)
   0.1594   15.4553 ^ fpu_exe_unit/FPUUnit/fpu/dfma/fma/_20205_/Y (sky130_fd_sc_hd__xnor2_1)
   0.0787   15.5339 v fpu_exe_unit/FPUUnit/fpu/dfma/fma/_20208_/Y (sky130_fd_sc_hd__a21oi_1)
   0.0035   15.5374 v fpu_exe_unit/FPUUnit/fpu/dfma/fma/_31075_/D (sky130_fd_sc_hd__dfxtp_1)
            15.5374   data arrival time

  20.0000   20.0000   clock clock (rise edge)
   0.0000   20.0000   clock network delay (ideal)
   0.0000   20.0000   clock reconvergence pessimism
            20.0000 ^ fpu_exe_unit/FPUUnit/fpu/dfma/fma/_31075_/CLK (sky130_fd_sc_hd__dfxtp_1)
  -0.1345   19.8655   library setup time
            19.8655   data required time
-------------------------------------------------------------
            19.8655   data required time
           -15.5374   data arrival time
-------------------------------------------------------------
             4.3281   slack (MET)


Startpoint: fpu_exe_unit/FPUUnit/fpu/dfma/_1310_
            (rising edge-triggered flip-flop clocked by clock)
Endpoint: fpu_exe_unit/FPUUnit/fpu/dfma/fma/_31072_
          (rising edge-triggered flip-flop clocked by clock)
Path Group: clock
Path Type: max

    Delay      Time   Description
-------------------------------------------------------------
   0.0000    0.0000   clock clock (rise edge)
   0.0000    0.0000   clock network delay (ideal)
   0.0000    0.0000 ^ fpu_exe_unit/FPUUnit/fpu/dfma/_1310_/CLK (sky130_fd_sc_hd__dfxtp_1)
   0.2995    0.2995 v fpu_exe_unit/FPUUnit/fpu/dfma/_1310_/Q (sky130_fd_sc_hd__dfxtp_1)
   0.1614    0.4609 v fpu_exe_unit/FPUUnit/fpu/dfma/fma/mulAddRecFNToRaw_preMul/_1092_/Y (sky130_fd_sc_hd__xnor2_1)
   0.3226    0.7835 ^ fpu_exe_unit/FPUUnit/fpu/dfma/fma/mulAddRecFNToRaw_preMul/_1094_/Y (sky130_fd_sc_hd__o21ai_0)
   0.1761    0.9596 v fpu_exe_unit/FPUUnit/fpu/dfma/fma/mulAddRecFNToRaw_preMul/_1097_/Y (sky130_fd_sc_hd__a31oi_1)
   0.4045    1.3640 v fpu_exe_unit/FPUUnit/fpu/dfma/fma/mulAddRecFNToRaw_preMul/_1098_/X (sky130_fd_sc_hd__maj3_1)
   0.3959    1.7600 v fpu_exe_unit/FPUUnit/fpu/dfma/fma/mulAddRecFNToRaw_preMul/_1099_/X (sky130_fd_sc_hd__maj3_1)
   0.3973    2.1573 v fpu_exe_unit/FPUUnit/fpu/dfma/fma/mulAddRecFNToRaw_preMul/_1100_/X (sky130_fd_sc_hd__maj3_1)
   0.4055    2.5628 v fpu_exe_unit/FPUUnit/fpu/dfma/fma/mulAddRecFNToRaw_preMul/_1101_/X (sky130_fd_sc_hd__maj3_1)
   0.3551    2.9179 v fpu_exe_unit/FPUUnit/fpu/dfma/fma/mulAddRecFNToRaw_preMul/_1121_/X (sky130_fd_sc_hd__maj3_1)
   0.2007    3.1186 v fpu_exe_unit/FPUUnit/fpu/dfma/fma/mulAddRecFNToRaw_preMul/_1122_/X (sky130_fd_sc_hd__xor2_1)
   0.1942    3.3128 ^ fpu_exe_unit/FPUUnit/fpu/dfma/fma/mulAddRecFNToRaw_preMul/_1152_/Y (sky130_fd_sc_hd__o221ai_1)
   0.1518    3.4647 v fpu_exe_unit/FPUUnit/fpu/dfma/fma/mulAddRecFNToRaw_preMul/_1158_/Y (sky130_fd_sc_hd__a32oi_1)
   0.4189    3.8835 v fpu_exe_unit/FPUUnit/fpu/dfma/fma/mulAddRecFNToRaw_preMul/_1159_/X (sky130_fd_sc_hd__maj3_1)
   0.2588    4.1424 v fpu_exe_unit/FPUUnit/fpu/dfma/fma/mulAddRecFNToRaw_preMul/_1177_/X (sky130_fd_sc_hd__o2111a_1)
   0.1835    4.3259 v fpu_exe_unit/FPUUnit/fpu/dfma/fma/mulAddRecFNToRaw_preMul/_1178_/X (sky130_fd_sc_hd__clkbuf_1)
   0.1411    4.4670 ^ fpu_exe_unit/FPUUnit/fpu/dfma/fma/mulAddRecFNToRaw_preMul/_1203_/Y (sky130_fd_sc_hd__nand4_1)
   0.3339    4.8008 ^ fpu_exe_unit/FPUUnit/fpu/dfma/fma/mulAddRecFNToRaw_preMul/_1204_/X (sky130_fd_sc_hd__lpflow_clkbufkapwr_1)
   0.3198    5.1206 ^ fpu_exe_unit/FPUUnit/fpu/dfma/fma/mulAddRecFNToRaw_preMul/_1307_/X (sky130_fd_sc_hd__buf_2)
   0.4406    5.5612 ^ fpu_exe_unit/FPUUnit/fpu/dfma/fma/mulAddRecFNToRaw_preMul/_1308_/X (sky130_fd_sc_hd__lpflow_clkbufkapwr_1)
   0.4049    5.9661 v fpu_exe_unit/FPUUnit/fpu/dfma/fma/mulAddRecFNToRaw_preMul/_1618_/X (sky130_fd_sc_hd__mux2_2)
   0.1693    6.1354 ^ fpu_exe_unit/FPUUnit/fpu/dfma/fma/mulAddRecFNToRaw_preMul/_1760_/Y (sky130_fd_sc_hd__mux2i_1)
   0.0586    6.1940 v fpu_exe_unit/FPUUnit/fpu/dfma/fma/mulAddRecFNToRaw_preMul/_1761_/Y (sky130_fd_sc_hd__nor2_1)
   0.1499    6.3440 ^ fpu_exe_unit/FPUUnit/fpu/dfma/fma/mulAddRecFNToRaw_preMul/_1762_/Y (sky130_fd_sc_hd__a21oi_1)
   0.1072    6.4511 v fpu_exe_unit/FPUUnit/fpu/dfma/fma/mulAddRecFNToRaw_preMul/_1763_/Y (sky130_fd_sc_hd__mux2i_1)
   0.2246    6.6758 ^ fpu_exe_unit/FPUUnit/fpu/dfma/fma/mulAddRecFNToRaw_preMul/_1764_/Y (sky130_fd_sc_hd__a21oi_1)
   0.0630    6.7388 v fpu_exe_unit/FPUUnit/fpu/dfma/fma/mulAddRecFNToRaw_preMul/_1765_/Y (sky130_fd_sc_hd__nor2_1)
   0.1979    6.9367 v fpu_exe_unit/FPUUnit/fpu/dfma/fma/mulAddRecFNToRaw_preMul/_1766_/X (sky130_fd_sc_hd__o22a_1)
   0.3822    7.3188 v fpu_exe_unit/FPUUnit/fpu/dfma/fma/_15656_/X (sky130_fd_sc_hd__xnor3_1)
   0.3964    7.7153 v fpu_exe_unit/FPUUnit/fpu/dfma/fma/_15669_/X (sky130_fd_sc_hd__maj3_1)
   0.3777    8.0930 v fpu_exe_unit/FPUUnit/fpu/dfma/fma/_15690_/X (sky130_fd_sc_hd__maj3_1)
   0.3929    8.4858 v fpu_exe_unit/FPUUnit/fpu/dfma/fma/_15718_/X (sky130_fd_sc_hd__maj3_1)
   0.3979    8.8837 v fpu_exe_unit/FPUUnit/fpu/dfma/fma/_15741_/X (sky130_fd_sc_hd__xor3_1)
   0.1695    9.0532 ^ fpu_exe_unit/FPUUnit/fpu/dfma/fma/_15751_/Y (sky130_fd_sc_hd__nor2_1)
   0.2943    9.3475 ^ fpu_exe_unit/FPUUnit/fpu/dfma/fma/_15789_/X (sky130_fd_sc_hd__xor3_1)
   0.1440    9.4915 v fpu_exe_unit/FPUUnit/fpu/dfma/fma/_15790_/Y (sky130_fd_sc_hd__nand4bb_1)
   0.3515    9.8430 v fpu_exe_unit/FPUUnit/fpu/dfma/fma/_15837_/X (sky130_fd_sc_hd__or2_2)
   0.3724   10.2154 v fpu_exe_unit/FPUUnit/fpu/dfma/fma/_15891_/X (sky130_fd_sc_hd__maj3_1)
   0.3778   10.5932 v fpu_exe_unit/FPUUnit/fpu/dfma/fma/_15946_/X (sky130_fd_sc_hd__maj3_1)
   0.3853   10.9785 v fpu_exe_unit/FPUUnit/fpu/dfma/fma/_16018_/X (sky130_fd_sc_hd__maj3_1)
   0.3669   11.3454 v fpu_exe_unit/FPUUnit/fpu/dfma/fma/_16084_/X (sky130_fd_sc_hd__maj3_1)
   0.3753   11.7207 v fpu_exe_unit/FPUUnit/fpu/dfma/fma/_16150_/X (sky130_fd_sc_hd__maj3_1)
   0.3716   12.0924 v fpu_exe_unit/FPUUnit/fpu/dfma/fma/_16236_/X (sky130_fd_sc_hd__maj3_1)
   0.3656   12.4580 v fpu_exe_unit/FPUUnit/fpu/dfma/fma/_16331_/X (sky130_fd_sc_hd__maj3_1)
   0.3227   12.7806 ^ fpu_exe_unit/FPUUnit/fpu/dfma/fma/_16425_/Y (sky130_fd_sc_hd__o21ai_0)
   0.1187   12.8993 v fpu_exe_unit/FPUUnit/fpu/dfma/fma/_16955_/Y (sky130_fd_sc_hd__a211oi_1)
   0.3448   13.2441 ^ fpu_exe_unit/FPUUnit/fpu/dfma/fma/_16956_/Y (sky130_fd_sc_hd__o311ai_0)
   0.1911   13.4352 v fpu_exe_unit/FPUUnit/fpu/dfma/fma/_17093_/Y (sky130_fd_sc_hd__nand4_1)
   0.3235   13.7588 ^ fpu_exe_unit/FPUUnit/fpu/dfma/fma/_17388_/Y (sky130_fd_sc_hd__a211oi_1)
   0.1962   13.9550 v fpu_exe_unit/FPUUnit/fpu/dfma/fma/_17685_/Y (sky130_fd_sc_hd__o311ai_0)
   0.2651   14.2201 ^ fpu_exe_unit/FPUUnit/fpu/dfma/fma/_17989_/Y (sky130_fd_sc_hd__a211oi_1)
   0.1397   14.3598 v fpu_exe_unit/FPUUnit/fpu/dfma/fma/_18300_/Y (sky130_fd_sc_hd__o211ai_1)
   0.4212   14.7810 ^ fpu_exe_unit/FPUUnit/fpu/dfma/fma/_19021_/Y (sky130_fd_sc_hd__a2111oi_0)
   0.1969   14.9779 ^ fpu_exe_unit/FPUUnit/fpu/dfma/fma/_19025_/X (sky130_fd_sc_hd__or2_2)
   0.0718   15.0496 v fpu_exe_unit/FPUUnit/fpu/dfma/fma/_19211_/Y (sky130_fd_sc_hd__nand2_1)
   0.1122   15.1619 ^ fpu_exe_unit/FPUUnit/fpu/dfma/fma/_19414_/Y (sky130_fd_sc_hd__nor2_1)
   0.0624   15.2243 v fpu_exe_unit/FPUUnit/fpu/dfma/fma/_19415_/Y (sky130_fd_sc_hd__nor2_1)
   0.1522   15.3765 ^ fpu_exe_unit/FPUUnit/fpu/dfma/fma/_19613_/Y (sky130_fd_sc_hd__xnor2_1)
   0.0787   15.4551 v fpu_exe_unit/FPUUnit/fpu/dfma/fma/_19615_/Y (sky130_fd_sc_hd__a21oi_1)
   0.0035   15.4586 v fpu_exe_unit/FPUUnit/fpu/dfma/fma/_31072_/D (sky130_fd_sc_hd__dfxtp_1)
            15.4586   data arrival time

  20.0000   20.0000   clock clock (rise edge)
   0.0000   20.0000   clock network delay (ideal)
   0.0000   20.0000   clock reconvergence pessimism
            20.0000 ^ fpu_exe_unit/FPUUnit/fpu/dfma/fma/_31072_/CLK (sky130_fd_sc_hd__dfxtp_1)
  -0.1345   19.8655   library setup time
            19.8655   data required time
-------------------------------------------------------------
            19.8655   data required time
           -15.4586   data arrival time
-------------------------------------------------------------
             4.4069   slack (MET)


Startpoint: fpu_exe_unit/FPUUnit/fpu/dfma/_1310_
            (rising edge-triggered flip-flop clocked by clock)
Endpoint: fpu_exe_unit/FPUUnit/fpu/dfma/fma/_31071_
          (rising edge-triggered flip-flop clocked by clock)
Path Group: clock
Path Type: max

    Delay      Time   Description
-------------------------------------------------------------
   0.0000    0.0000   clock clock (rise edge)
   0.0000    0.0000   clock network delay (ideal)
   0.0000    0.0000 ^ fpu_exe_unit/FPUUnit/fpu/dfma/_1310_/CLK (sky130_fd_sc_hd__dfxtp_1)
   0.2995    0.2995 v fpu_exe_unit/FPUUnit/fpu/dfma/_1310_/Q (sky130_fd_sc_hd__dfxtp_1)
   0.1614    0.4609 v fpu_exe_unit/FPUUnit/fpu/dfma/fma/mulAddRecFNToRaw_preMul/_1092_/Y (sky130_fd_sc_hd__xnor2_1)
   0.3226    0.7835 ^ fpu_exe_unit/FPUUnit/fpu/dfma/fma/mulAddRecFNToRaw_preMul/_1094_/Y (sky130_fd_sc_hd__o21ai_0)
   0.1761    0.9596 v fpu_exe_unit/FPUUnit/fpu/dfma/fma/mulAddRecFNToRaw_preMul/_1097_/Y (sky130_fd_sc_hd__a31oi_1)
   0.4045    1.3640 v fpu_exe_unit/FPUUnit/fpu/dfma/fma/mulAddRecFNToRaw_preMul/_1098_/X (sky130_fd_sc_hd__maj3_1)
   0.3959    1.7600 v fpu_exe_unit/FPUUnit/fpu/dfma/fma/mulAddRecFNToRaw_preMul/_1099_/X (sky130_fd_sc_hd__maj3_1)
   0.3973    2.1573 v fpu_exe_unit/FPUUnit/fpu/dfma/fma/mulAddRecFNToRaw_preMul/_1100_/X (sky130_fd_sc_hd__maj3_1)
   0.4055    2.5628 v fpu_exe_unit/FPUUnit/fpu/dfma/fma/mulAddRecFNToRaw_preMul/_1101_/X (sky130_fd_sc_hd__maj3_1)
   0.3551    2.9179 v fpu_exe_unit/FPUUnit/fpu/dfma/fma/mulAddRecFNToRaw_preMul/_1121_/X (sky130_fd_sc_hd__maj3_1)
   0.2007    3.1186 v fpu_exe_unit/FPUUnit/fpu/dfma/fma/mulAddRecFNToRaw_preMul/_1122_/X (sky130_fd_sc_hd__xor2_1)
   0.1942    3.3128 ^ fpu_exe_unit/FPUUnit/fpu/dfma/fma/mulAddRecFNToRaw_preMul/_1152_/Y (sky130_fd_sc_hd__o221ai_1)
   0.1518    3.4647 v fpu_exe_unit/FPUUnit/fpu/dfma/fma/mulAddRecFNToRaw_preMul/_1158_/Y (sky130_fd_sc_hd__a32oi_1)
   0.4189    3.8835 v fpu_exe_unit/FPUUnit/fpu/dfma/fma/mulAddRecFNToRaw_preMul/_1159_/X (sky130_fd_sc_hd__maj3_1)
   0.2588    4.1424 v fpu_exe_unit/FPUUnit/fpu/dfma/fma/mulAddRecFNToRaw_preMul/_1177_/X (sky130_fd_sc_hd__o2111a_1)
   0.1835    4.3259 v fpu_exe_unit/FPUUnit/fpu/dfma/fma/mulAddRecFNToRaw_preMul/_1178_/X (sky130_fd_sc_hd__clkbuf_1)
   0.1411    4.4670 ^ fpu_exe_unit/FPUUnit/fpu/dfma/fma/mulAddRecFNToRaw_preMul/_1203_/Y (sky130_fd_sc_hd__nand4_1)
   0.3339    4.8008 ^ fpu_exe_unit/FPUUnit/fpu/dfma/fma/mulAddRecFNToRaw_preMul/_1204_/X (sky130_fd_sc_hd__lpflow_clkbufkapwr_1)
   0.3198    5.1206 ^ fpu_exe_unit/FPUUnit/fpu/dfma/fma/mulAddRecFNToRaw_preMul/_1307_/X (sky130_fd_sc_hd__buf_2)
   0.4406    5.5612 ^ fpu_exe_unit/FPUUnit/fpu/dfma/fma/mulAddRecFNToRaw_preMul/_1308_/X (sky130_fd_sc_hd__lpflow_clkbufkapwr_1)
   0.4049    5.9661 v fpu_exe_unit/FPUUnit/fpu/dfma/fma/mulAddRecFNToRaw_preMul/_1618_/X (sky130_fd_sc_hd__mux2_2)
   0.1693    6.1354 ^ fpu_exe_unit/FPUUnit/fpu/dfma/fma/mulAddRecFNToRaw_preMul/_1760_/Y (sky130_fd_sc_hd__mux2i_1)
   0.0586    6.1940 v fpu_exe_unit/FPUUnit/fpu/dfma/fma/mulAddRecFNToRaw_preMul/_1761_/Y (sky130_fd_sc_hd__nor2_1)
   0.1499    6.3440 ^ fpu_exe_unit/FPUUnit/fpu/dfma/fma/mulAddRecFNToRaw_preMul/_1762_/Y (sky130_fd_sc_hd__a21oi_1)
   0.1072    6.4511 v fpu_exe_unit/FPUUnit/fpu/dfma/fma/mulAddRecFNToRaw_preMul/_1763_/Y (sky130_fd_sc_hd__mux2i_1)
   0.2246    6.6758 ^ fpu_exe_unit/FPUUnit/fpu/dfma/fma/mulAddRecFNToRaw_preMul/_1764_/Y (sky130_fd_sc_hd__a21oi_1)
   0.0630    6.7388 v fpu_exe_unit/FPUUnit/fpu/dfma/fma/mulAddRecFNToRaw_preMul/_1765_/Y (sky130_fd_sc_hd__nor2_1)
   0.1979    6.9367 v fpu_exe_unit/FPUUnit/fpu/dfma/fma/mulAddRecFNToRaw_preMul/_1766_/X (sky130_fd_sc_hd__o22a_1)
   0.3822    7.3188 v fpu_exe_unit/FPUUnit/fpu/dfma/fma/_15656_/X (sky130_fd_sc_hd__xnor3_1)
   0.3964    7.7153 v fpu_exe_unit/FPUUnit/fpu/dfma/fma/_15669_/X (sky130_fd_sc_hd__maj3_1)
   0.3777    8.0930 v fpu_exe_unit/FPUUnit/fpu/dfma/fma/_15690_/X (sky130_fd_sc_hd__maj3_1)
   0.3929    8.4858 v fpu_exe_unit/FPUUnit/fpu/dfma/fma/_15718_/X (sky130_fd_sc_hd__maj3_1)
   0.3979    8.8837 v fpu_exe_unit/FPUUnit/fpu/dfma/fma/_15741_/X (sky130_fd_sc_hd__xor3_1)
   0.1695    9.0532 ^ fpu_exe_unit/FPUUnit/fpu/dfma/fma/_15751_/Y (sky130_fd_sc_hd__nor2_1)
   0.2943    9.3475 ^ fpu_exe_unit/FPUUnit/fpu/dfma/fma/_15789_/X (sky130_fd_sc_hd__xor3_1)
   0.1440    9.4915 v fpu_exe_unit/FPUUnit/fpu/dfma/fma/_15790_/Y (sky130_fd_sc_hd__nand4bb_1)
   0.3515    9.8430 v fpu_exe_unit/FPUUnit/fpu/dfma/fma/_15837_/X (sky130_fd_sc_hd__or2_2)
   0.3724   10.2154 v fpu_exe_unit/FPUUnit/fpu/dfma/fma/_15891_/X (sky130_fd_sc_hd__maj3_1)
   0.3778   10.5932 v fpu_exe_unit/FPUUnit/fpu/dfma/fma/_15946_/X (sky130_fd_sc_hd__maj3_1)
   0.3853   10.9785 v fpu_exe_unit/FPUUnit/fpu/dfma/fma/_16018_/X (sky130_fd_sc_hd__maj3_1)
   0.3669   11.3454 v fpu_exe_unit/FPUUnit/fpu/dfma/fma/_16084_/X (sky130_fd_sc_hd__maj3_1)
   0.3753   11.7207 v fpu_exe_unit/FPUUnit/fpu/dfma/fma/_16150_/X (sky130_fd_sc_hd__maj3_1)
   0.3716   12.0924 v fpu_exe_unit/FPUUnit/fpu/dfma/fma/_16236_/X (sky130_fd_sc_hd__maj3_1)
   0.3656   12.4580 v fpu_exe_unit/FPUUnit/fpu/dfma/fma/_16331_/X (sky130_fd_sc_hd__maj3_1)
   0.3227   12.7806 ^ fpu_exe_unit/FPUUnit/fpu/dfma/fma/_16425_/Y (sky130_fd_sc_hd__o21ai_0)
   0.1187   12.8993 v fpu_exe_unit/FPUUnit/fpu/dfma/fma/_16955_/Y (sky130_fd_sc_hd__a211oi_1)
   0.3448   13.2441 ^ fpu_exe_unit/FPUUnit/fpu/dfma/fma/_16956_/Y (sky130_fd_sc_hd__o311ai_0)
   0.1911   13.4352 v fpu_exe_unit/FPUUnit/fpu/dfma/fma/_17093_/Y (sky130_fd_sc_hd__nand4_1)
   0.3235   13.7588 ^ fpu_exe_unit/FPUUnit/fpu/dfma/fma/_17388_/Y (sky130_fd_sc_hd__a211oi_1)
   0.1962   13.9550 v fpu_exe_unit/FPUUnit/fpu/dfma/fma/_17685_/Y (sky130_fd_sc_hd__o311ai_0)
   0.2651   14.2201 ^ fpu_exe_unit/FPUUnit/fpu/dfma/fma/_17989_/Y (sky130_fd_sc_hd__a211oi_1)
   0.1397   14.3598 v fpu_exe_unit/FPUUnit/fpu/dfma/fma/_18300_/Y (sky130_fd_sc_hd__o211ai_1)
   0.4212   14.7810 ^ fpu_exe_unit/FPUUnit/fpu/dfma/fma/_19021_/Y (sky130_fd_sc_hd__a2111oi_0)
   0.1969   14.9779 ^ fpu_exe_unit/FPUUnit/fpu/dfma/fma/_19025_/X (sky130_fd_sc_hd__or2_2)
   0.0718   15.0496 v fpu_exe_unit/FPUUnit/fpu/dfma/fma/_19211_/Y (sky130_fd_sc_hd__nand2_1)
   0.0915   15.1411 ^ fpu_exe_unit/FPUUnit/fpu/dfma/fma/_19217_/Y (sky130_fd_sc_hd__nand2_1)
   0.1398   15.2810 ^ fpu_exe_unit/FPUUnit/fpu/dfma/fma/_19410_/X (sky130_fd_sc_hd__xor2_1)
   0.0775   15.3585 v fpu_exe_unit/FPUUnit/fpu/dfma/fma/_19412_/Y (sky130_fd_sc_hd__a21oi_1)
   0.0035   15.3619 v fpu_exe_unit/FPUUnit/fpu/dfma/fma/_31071_/D (sky130_fd_sc_hd__dfxtp_1)
            15.3619   data arrival time

  20.0000   20.0000   clock clock (rise edge)
   0.0000   20.0000   clock network delay (ideal)
   0.0000   20.0000   clock reconvergence pessimism
            20.0000 ^ fpu_exe_unit/FPUUnit/fpu/dfma/fma/_31071_/CLK (sky130_fd_sc_hd__dfxtp_1)
  -0.1345   19.8655   library setup time
            19.8655   data required time
-------------------------------------------------------------
            19.8655   data required time
           -15.3619   data arrival time
-------------------------------------------------------------
             4.5036   slack (MET)


Startpoint: fpu_exe_unit/FPUUnit/fpu/dfma/_1310_
            (rising edge-triggered flip-flop clocked by clock)
Endpoint: fpu_exe_unit/FPUUnit/fpu/dfma/fma/_31074_
          (rising edge-triggered flip-flop clocked by clock)
Path Group: clock
Path Type: max

    Delay      Time   Description
-------------------------------------------------------------
   0.0000    0.0000   clock clock (rise edge)
   0.0000    0.0000   clock network delay (ideal)
   0.0000    0.0000 ^ fpu_exe_unit/FPUUnit/fpu/dfma/_1310_/CLK (sky130_fd_sc_hd__dfxtp_1)
   0.2995    0.2995 v fpu_exe_unit/FPUUnit/fpu/dfma/_1310_/Q (sky130_fd_sc_hd__dfxtp_1)
   0.1614    0.4609 v fpu_exe_unit/FPUUnit/fpu/dfma/fma/mulAddRecFNToRaw_preMul/_1092_/Y (sky130_fd_sc_hd__xnor2_1)
   0.3226    0.7835 ^ fpu_exe_unit/FPUUnit/fpu/dfma/fma/mulAddRecFNToRaw_preMul/_1094_/Y (sky130_fd_sc_hd__o21ai_0)
   0.1761    0.9596 v fpu_exe_unit/FPUUnit/fpu/dfma/fma/mulAddRecFNToRaw_preMul/_1097_/Y (sky130_fd_sc_hd__a31oi_1)
   0.4045    1.3640 v fpu_exe_unit/FPUUnit/fpu/dfma/fma/mulAddRecFNToRaw_preMul/_1098_/X (sky130_fd_sc_hd__maj3_1)
   0.3959    1.7600 v fpu_exe_unit/FPUUnit/fpu/dfma/fma/mulAddRecFNToRaw_preMul/_1099_/X (sky130_fd_sc_hd__maj3_1)
   0.3973    2.1573 v fpu_exe_unit/FPUUnit/fpu/dfma/fma/mulAddRecFNToRaw_preMul/_1100_/X (sky130_fd_sc_hd__maj3_1)
   0.4055    2.5628 v fpu_exe_unit/FPUUnit/fpu/dfma/fma/mulAddRecFNToRaw_preMul/_1101_/X (sky130_fd_sc_hd__maj3_1)
   0.3551    2.9179 v fpu_exe_unit/FPUUnit/fpu/dfma/fma/mulAddRecFNToRaw_preMul/_1121_/X (sky130_fd_sc_hd__maj3_1)
   0.2007    3.1186 v fpu_exe_unit/FPUUnit/fpu/dfma/fma/mulAddRecFNToRaw_preMul/_1122_/X (sky130_fd_sc_hd__xor2_1)
   0.1942    3.3128 ^ fpu_exe_unit/FPUUnit/fpu/dfma/fma/mulAddRecFNToRaw_preMul/_1152_/Y (sky130_fd_sc_hd__o221ai_1)
   0.1518    3.4647 v fpu_exe_unit/FPUUnit/fpu/dfma/fma/mulAddRecFNToRaw_preMul/_1158_/Y (sky130_fd_sc_hd__a32oi_1)
   0.4189    3.8835 v fpu_exe_unit/FPUUnit/fpu/dfma/fma/mulAddRecFNToRaw_preMul/_1159_/X (sky130_fd_sc_hd__maj3_1)
   0.2588    4.1424 v fpu_exe_unit/FPUUnit/fpu/dfma/fma/mulAddRecFNToRaw_preMul/_1177_/X (sky130_fd_sc_hd__o2111a_1)
   0.1835    4.3259 v fpu_exe_unit/FPUUnit/fpu/dfma/fma/mulAddRecFNToRaw_preMul/_1178_/X (sky130_fd_sc_hd__clkbuf_1)
   0.1411    4.4670 ^ fpu_exe_unit/FPUUnit/fpu/dfma/fma/mulAddRecFNToRaw_preMul/_1203_/Y (sky130_fd_sc_hd__nand4_1)
   0.3339    4.8008 ^ fpu_exe_unit/FPUUnit/fpu/dfma/fma/mulAddRecFNToRaw_preMul/_1204_/X (sky130_fd_sc_hd__lpflow_clkbufkapwr_1)
   0.3198    5.1206 ^ fpu_exe_unit/FPUUnit/fpu/dfma/fma/mulAddRecFNToRaw_preMul/_1307_/X (sky130_fd_sc_hd__buf_2)
   0.4406    5.5612 ^ fpu_exe_unit/FPUUnit/fpu/dfma/fma/mulAddRecFNToRaw_preMul/_1308_/X (sky130_fd_sc_hd__lpflow_clkbufkapwr_1)
   0.4049    5.9661 v fpu_exe_unit/FPUUnit/fpu/dfma/fma/mulAddRecFNToRaw_preMul/_1618_/X (sky130_fd_sc_hd__mux2_2)
   0.1693    6.1354 ^ fpu_exe_unit/FPUUnit/fpu/dfma/fma/mulAddRecFNToRaw_preMul/_1760_/Y (sky130_fd_sc_hd__mux2i_1)
   0.0586    6.1940 v fpu_exe_unit/FPUUnit/fpu/dfma/fma/mulAddRecFNToRaw_preMul/_1761_/Y (sky130_fd_sc_hd__nor2_1)
   0.1499    6.3440 ^ fpu_exe_unit/FPUUnit/fpu/dfma/fma/mulAddRecFNToRaw_preMul/_1762_/Y (sky130_fd_sc_hd__a21oi_1)
   0.1072    6.4511 v fpu_exe_unit/FPUUnit/fpu/dfma/fma/mulAddRecFNToRaw_preMul/_1763_/Y (sky130_fd_sc_hd__mux2i_1)
   0.2246    6.6758 ^ fpu_exe_unit/FPUUnit/fpu/dfma/fma/mulAddRecFNToRaw_preMul/_1764_/Y (sky130_fd_sc_hd__a21oi_1)
   0.0630    6.7388 v fpu_exe_unit/FPUUnit/fpu/dfma/fma/mulAddRecFNToRaw_preMul/_1765_/Y (sky130_fd_sc_hd__nor2_1)
   0.1979    6.9367 v fpu_exe_unit/FPUUnit/fpu/dfma/fma/mulAddRecFNToRaw_preMul/_1766_/X (sky130_fd_sc_hd__o22a_1)
   0.3822    7.3188 v fpu_exe_unit/FPUUnit/fpu/dfma/fma/_15656_/X (sky130_fd_sc_hd__xnor3_1)
   0.3964    7.7153 v fpu_exe_unit/FPUUnit/fpu/dfma/fma/_15669_/X (sky130_fd_sc_hd__maj3_1)
   0.3777    8.0930 v fpu_exe_unit/FPUUnit/fpu/dfma/fma/_15690_/X (sky130_fd_sc_hd__maj3_1)
   0.3929    8.4858 v fpu_exe_unit/FPUUnit/fpu/dfma/fma/_15718_/X (sky130_fd_sc_hd__maj3_1)
   0.3979    8.8837 v fpu_exe_unit/FPUUnit/fpu/dfma/fma/_15741_/X (sky130_fd_sc_hd__xor3_1)
   0.1695    9.0532 ^ fpu_exe_unit/FPUUnit/fpu/dfma/fma/_15751_/Y (sky130_fd_sc_hd__nor2_1)
   0.2943    9.3475 ^ fpu_exe_unit/FPUUnit/fpu/dfma/fma/_15789_/X (sky130_fd_sc_hd__xor3_1)
   0.1440    9.4915 v fpu_exe_unit/FPUUnit/fpu/dfma/fma/_15790_/Y (sky130_fd_sc_hd__nand4bb_1)
   0.3515    9.8430 v fpu_exe_unit/FPUUnit/fpu/dfma/fma/_15837_/X (sky130_fd_sc_hd__or2_2)
   0.3724   10.2154 v fpu_exe_unit/FPUUnit/fpu/dfma/fma/_15891_/X (sky130_fd_sc_hd__maj3_1)
   0.3778   10.5932 v fpu_exe_unit/FPUUnit/fpu/dfma/fma/_15946_/X (sky130_fd_sc_hd__maj3_1)
   0.3853   10.9785 v fpu_exe_unit/FPUUnit/fpu/dfma/fma/_16018_/X (sky130_fd_sc_hd__maj3_1)
   0.3669   11.3454 v fpu_exe_unit/FPUUnit/fpu/dfma/fma/_16084_/X (sky130_fd_sc_hd__maj3_1)
   0.3753   11.7207 v fpu_exe_unit/FPUUnit/fpu/dfma/fma/_16150_/X (sky130_fd_sc_hd__maj3_1)
   0.3716   12.0924 v fpu_exe_unit/FPUUnit/fpu/dfma/fma/_16236_/X (sky130_fd_sc_hd__maj3_1)
   0.3656   12.4580 v fpu_exe_unit/FPUUnit/fpu/dfma/fma/_16331_/X (sky130_fd_sc_hd__maj3_1)
   0.3227   12.7806 ^ fpu_exe_unit/FPUUnit/fpu/dfma/fma/_16425_/Y (sky130_fd_sc_hd__o21ai_0)
   0.1187   12.8993 v fpu_exe_unit/FPUUnit/fpu/dfma/fma/_16955_/Y (sky130_fd_sc_hd__a211oi_1)
   0.3448   13.2441 ^ fpu_exe_unit/FPUUnit/fpu/dfma/fma/_16956_/Y (sky130_fd_sc_hd__o311ai_0)
   0.1911   13.4352 v fpu_exe_unit/FPUUnit/fpu/dfma/fma/_17093_/Y (sky130_fd_sc_hd__nand4_1)
   0.3235   13.7588 ^ fpu_exe_unit/FPUUnit/fpu/dfma/fma/_17388_/Y (sky130_fd_sc_hd__a211oi_1)
   0.1962   13.9550 v fpu_exe_unit/FPUUnit/fpu/dfma/fma/_17685_/Y (sky130_fd_sc_hd__o311ai_0)
   0.2651   14.2201 ^ fpu_exe_unit/FPUUnit/fpu/dfma/fma/_17989_/Y (sky130_fd_sc_hd__a211oi_1)
   0.1397   14.3598 v fpu_exe_unit/FPUUnit/fpu/dfma/fma/_18300_/Y (sky130_fd_sc_hd__o211ai_1)
   0.4212   14.7810 ^ fpu_exe_unit/FPUUnit/fpu/dfma/fma/_19021_/Y (sky130_fd_sc_hd__a2111oi_0)
   0.2639   15.0448 v fpu_exe_unit/FPUUnit/fpu/dfma/fma/_19832_/Y (sky130_fd_sc_hd__a2111oi_0)
   0.1848   15.2296 ^ fpu_exe_unit/FPUUnit/fpu/dfma/fma/_20020_/Y (sky130_fd_sc_hd__nor2_1)
   0.0830   15.3126 v fpu_exe_unit/FPUUnit/fpu/dfma/fma/_20023_/Y (sky130_fd_sc_hd__o2bb2ai_1)
   0.0035   15.3161 v fpu_exe_unit/FPUUnit/fpu/dfma/fma/_31074_/D (sky130_fd_sc_hd__dfxtp_1)
            15.3161   data arrival time

  20.0000   20.0000   clock clock (rise edge)
   0.0000   20.0000   clock network delay (ideal)
   0.0000   20.0000   clock reconvergence pessimism
            20.0000 ^ fpu_exe_unit/FPUUnit/fpu/dfma/fma/_31074_/CLK (sky130_fd_sc_hd__dfxtp_1)
  -0.1200   19.8800   library setup time
            19.8800   data required time
-------------------------------------------------------------
            19.8800   data required time
           -15.3161   data arrival time
-------------------------------------------------------------
             4.5639   slack (MET)


Startpoint: fpu_exe_unit/FPUUnit/fpu/dfma/_1310_
            (rising edge-triggered flip-flop clocked by clock)
Endpoint: fpu_exe_unit/FPUUnit/fpu/dfma/fma/_31069_
          (rising edge-triggered flip-flop clocked by clock)
Path Group: clock
Path Type: max

    Delay      Time   Description
-------------------------------------------------------------
   0.0000    0.0000   clock clock (rise edge)
   0.0000    0.0000   clock network delay (ideal)
   0.0000    0.0000 ^ fpu_exe_unit/FPUUnit/fpu/dfma/_1310_/CLK (sky130_fd_sc_hd__dfxtp_1)
   0.2995    0.2995 v fpu_exe_unit/FPUUnit/fpu/dfma/_1310_/Q (sky130_fd_sc_hd__dfxtp_1)
   0.1614    0.4609 v fpu_exe_unit/FPUUnit/fpu/dfma/fma/mulAddRecFNToRaw_preMul/_1092_/Y (sky130_fd_sc_hd__xnor2_1)
   0.3226    0.7835 ^ fpu_exe_unit/FPUUnit/fpu/dfma/fma/mulAddRecFNToRaw_preMul/_1094_/Y (sky130_fd_sc_hd__o21ai_0)
   0.1761    0.9596 v fpu_exe_unit/FPUUnit/fpu/dfma/fma/mulAddRecFNToRaw_preMul/_1097_/Y (sky130_fd_sc_hd__a31oi_1)
   0.4045    1.3640 v fpu_exe_unit/FPUUnit/fpu/dfma/fma/mulAddRecFNToRaw_preMul/_1098_/X (sky130_fd_sc_hd__maj3_1)
   0.3959    1.7600 v fpu_exe_unit/FPUUnit/fpu/dfma/fma/mulAddRecFNToRaw_preMul/_1099_/X (sky130_fd_sc_hd__maj3_1)
   0.3973    2.1573 v fpu_exe_unit/FPUUnit/fpu/dfma/fma/mulAddRecFNToRaw_preMul/_1100_/X (sky130_fd_sc_hd__maj3_1)
   0.4055    2.5628 v fpu_exe_unit/FPUUnit/fpu/dfma/fma/mulAddRecFNToRaw_preMul/_1101_/X (sky130_fd_sc_hd__maj3_1)
   0.3551    2.9179 v fpu_exe_unit/FPUUnit/fpu/dfma/fma/mulAddRecFNToRaw_preMul/_1121_/X (sky130_fd_sc_hd__maj3_1)
   0.2007    3.1186 v fpu_exe_unit/FPUUnit/fpu/dfma/fma/mulAddRecFNToRaw_preMul/_1122_/X (sky130_fd_sc_hd__xor2_1)
   0.1942    3.3128 ^ fpu_exe_unit/FPUUnit/fpu/dfma/fma/mulAddRecFNToRaw_preMul/_1152_/Y (sky130_fd_sc_hd__o221ai_1)
   0.1518    3.4647 v fpu_exe_unit/FPUUnit/fpu/dfma/fma/mulAddRecFNToRaw_preMul/_1158_/Y (sky130_fd_sc_hd__a32oi_1)
   0.4189    3.8835 v fpu_exe_unit/FPUUnit/fpu/dfma/fma/mulAddRecFNToRaw_preMul/_1159_/X (sky130_fd_sc_hd__maj3_1)
   0.2588    4.1424 v fpu_exe_unit/FPUUnit/fpu/dfma/fma/mulAddRecFNToRaw_preMul/_1177_/X (sky130_fd_sc_hd__o2111a_1)
   0.1835    4.3259 v fpu_exe_unit/FPUUnit/fpu/dfma/fma/mulAddRecFNToRaw_preMul/_1178_/X (sky130_fd_sc_hd__clkbuf_1)
   0.1411    4.4670 ^ fpu_exe_unit/FPUUnit/fpu/dfma/fma/mulAddRecFNToRaw_preMul/_1203_/Y (sky130_fd_sc_hd__nand4_1)
   0.3339    4.8008 ^ fpu_exe_unit/FPUUnit/fpu/dfma/fma/mulAddRecFNToRaw_preMul/_1204_/X (sky130_fd_sc_hd__lpflow_clkbufkapwr_1)
   0.3198    5.1206 ^ fpu_exe_unit/FPUUnit/fpu/dfma/fma/mulAddRecFNToRaw_preMul/_1307_/X (sky130_fd_sc_hd__buf_2)
   0.4406    5.5612 ^ fpu_exe_unit/FPUUnit/fpu/dfma/fma/mulAddRecFNToRaw_preMul/_1308_/X (sky130_fd_sc_hd__lpflow_clkbufkapwr_1)
   0.4049    5.9661 v fpu_exe_unit/FPUUnit/fpu/dfma/fma/mulAddRecFNToRaw_preMul/_1618_/X (sky130_fd_sc_hd__mux2_2)
   0.1693    6.1354 ^ fpu_exe_unit/FPUUnit/fpu/dfma/fma/mulAddRecFNToRaw_preMul/_1760_/Y (sky130_fd_sc_hd__mux2i_1)
   0.0586    6.1940 v fpu_exe_unit/FPUUnit/fpu/dfma/fma/mulAddRecFNToRaw_preMul/_1761_/Y (sky130_fd_sc_hd__nor2_1)
   0.1499    6.3440 ^ fpu_exe_unit/FPUUnit/fpu/dfma/fma/mulAddRecFNToRaw_preMul/_1762_/Y (sky130_fd_sc_hd__a21oi_1)
   0.1072    6.4511 v fpu_exe_unit/FPUUnit/fpu/dfma/fma/mulAddRecFNToRaw_preMul/_1763_/Y (sky130_fd_sc_hd__mux2i_1)
   0.2246    6.6758 ^ fpu_exe_unit/FPUUnit/fpu/dfma/fma/mulAddRecFNToRaw_preMul/_1764_/Y (sky130_fd_sc_hd__a21oi_1)
   0.0630    6.7388 v fpu_exe_unit/FPUUnit/fpu/dfma/fma/mulAddRecFNToRaw_preMul/_1765_/Y (sky130_fd_sc_hd__nor2_1)
   0.1979    6.9367 v fpu_exe_unit/FPUUnit/fpu/dfma/fma/mulAddRecFNToRaw_preMul/_1766_/X (sky130_fd_sc_hd__o22a_1)
   0.3822    7.3188 v fpu_exe_unit/FPUUnit/fpu/dfma/fma/_15656_/X (sky130_fd_sc_hd__xnor3_1)
   0.3964    7.7153 v fpu_exe_unit/FPUUnit/fpu/dfma/fma/_15669_/X (sky130_fd_sc_hd__maj3_1)
   0.3777    8.0930 v fpu_exe_unit/FPUUnit/fpu/dfma/fma/_15690_/X (sky130_fd_sc_hd__maj3_1)
   0.3929    8.4858 v fpu_exe_unit/FPUUnit/fpu/dfma/fma/_15718_/X (sky130_fd_sc_hd__maj3_1)
   0.3979    8.8837 v fpu_exe_unit/FPUUnit/fpu/dfma/fma/_15741_/X (sky130_fd_sc_hd__xor3_1)
   0.1695    9.0532 ^ fpu_exe_unit/FPUUnit/fpu/dfma/fma/_15751_/Y (sky130_fd_sc_hd__nor2_1)
   0.2943    9.3475 ^ fpu_exe_unit/FPUUnit/fpu/dfma/fma/_15789_/X (sky130_fd_sc_hd__xor3_1)
   0.1440    9.4915 v fpu_exe_unit/FPUUnit/fpu/dfma/fma/_15790_/Y (sky130_fd_sc_hd__nand4bb_1)
   0.3515    9.8430 v fpu_exe_unit/FPUUnit/fpu/dfma/fma/_15837_/X (sky130_fd_sc_hd__or2_2)
   0.3724   10.2154 v fpu_exe_unit/FPUUnit/fpu/dfma/fma/_15891_/X (sky130_fd_sc_hd__maj3_1)
   0.3778   10.5932 v fpu_exe_unit/FPUUnit/fpu/dfma/fma/_15946_/X (sky130_fd_sc_hd__maj3_1)
   0.3853   10.9785 v fpu_exe_unit/FPUUnit/fpu/dfma/fma/_16018_/X (sky130_fd_sc_hd__maj3_1)
   0.3669   11.3454 v fpu_exe_unit/FPUUnit/fpu/dfma/fma/_16084_/X (sky130_fd_sc_hd__maj3_1)
   0.3753   11.7207 v fpu_exe_unit/FPUUnit/fpu/dfma/fma/_16150_/X (sky130_fd_sc_hd__maj3_1)
   0.3716   12.0924 v fpu_exe_unit/FPUUnit/fpu/dfma/fma/_16236_/X (sky130_fd_sc_hd__maj3_1)
   0.3656   12.4580 v fpu_exe_unit/FPUUnit/fpu/dfma/fma/_16331_/X (sky130_fd_sc_hd__maj3_1)
   0.3227   12.7806 ^ fpu_exe_unit/FPUUnit/fpu/dfma/fma/_16425_/Y (sky130_fd_sc_hd__o21ai_0)
   0.1187   12.8993 v fpu_exe_unit/FPUUnit/fpu/dfma/fma/_16955_/Y (sky130_fd_sc_hd__a211oi_1)
   0.3448   13.2441 ^ fpu_exe_unit/FPUUnit/fpu/dfma/fma/_16956_/Y (sky130_fd_sc_hd__o311ai_0)
   0.1911   13.4352 v fpu_exe_unit/FPUUnit/fpu/dfma/fma/_17093_/Y (sky130_fd_sc_hd__nand4_1)
   0.3235   13.7588 ^ fpu_exe_unit/FPUUnit/fpu/dfma/fma/_17388_/Y (sky130_fd_sc_hd__a211oi_1)
   0.1962   13.9550 v fpu_exe_unit/FPUUnit/fpu/dfma/fma/_17685_/Y (sky130_fd_sc_hd__o311ai_0)
   0.2651   14.2201 ^ fpu_exe_unit/FPUUnit/fpu/dfma/fma/_17989_/Y (sky130_fd_sc_hd__a211oi_1)
   0.1397   14.3598 v fpu_exe_unit/FPUUnit/fpu/dfma/fma/_18300_/Y (sky130_fd_sc_hd__o211ai_1)
   0.1831   14.5429 v fpu_exe_unit/FPUUnit/fpu/dfma/fma/_18302_/X (sky130_fd_sc_hd__lpflow_inputiso0n_1)
   0.2928   14.8357 ^ fpu_exe_unit/FPUUnit/fpu/dfma/fma/_18641_/Y (sky130_fd_sc_hd__o31ai_1)
   0.1051   14.9409 v fpu_exe_unit/FPUUnit/fpu/dfma/fma/_18825_/Y (sky130_fd_sc_hd__nand2_1)
   0.0932   15.0340 ^ fpu_exe_unit/FPUUnit/fpu/dfma/fma/_18830_/Y (sky130_fd_sc_hd__nand2_1)
   0.1198   15.1538 ^ fpu_exe_unit/FPUUnit/fpu/dfma/fma/_19017_/Y (sky130_fd_sc_hd__xnor2_1)
   0.0787   15.2325 v fpu_exe_unit/FPUUnit/fpu/dfma/fma/_19019_/Y (sky130_fd_sc_hd__a21oi_1)
   0.0035   15.2360 v fpu_exe_unit/FPUUnit/fpu/dfma/fma/_31069_/D (sky130_fd_sc_hd__dfxtp_1)
            15.2360   data arrival time

  20.0000   20.0000   clock clock (rise edge)
   0.0000   20.0000   clock network delay (ideal)
   0.0000   20.0000   clock reconvergence pessimism
            20.0000 ^ fpu_exe_unit/FPUUnit/fpu/dfma/fma/_31069_/CLK (sky130_fd_sc_hd__dfxtp_1)
  -0.1345   19.8655   library setup time
            19.8655   data required time
-------------------------------------------------------------
            19.8655   data required time
           -15.2360   data arrival time
-------------------------------------------------------------
             4.6296   slack (MET)


Startpoint: fpu_exe_unit/FPUUnit/fpu/dfma/_1310_
            (rising edge-triggered flip-flop clocked by clock)
Endpoint: fpu_exe_unit/FPUUnit/fpu/dfma/fma/_31070_
          (rising edge-triggered flip-flop clocked by clock)
Path Group: clock
Path Type: max

    Delay      Time   Description
-------------------------------------------------------------
   0.0000    0.0000   clock clock (rise edge)
   0.0000    0.0000   clock network delay (ideal)
   0.0000    0.0000 ^ fpu_exe_unit/FPUUnit/fpu/dfma/_1310_/CLK (sky130_fd_sc_hd__dfxtp_1)
   0.2995    0.2995 v fpu_exe_unit/FPUUnit/fpu/dfma/_1310_/Q (sky130_fd_sc_hd__dfxtp_1)
   0.1614    0.4609 v fpu_exe_unit/FPUUnit/fpu/dfma/fma/mulAddRecFNToRaw_preMul/_1092_/Y (sky130_fd_sc_hd__xnor2_1)
   0.3226    0.7835 ^ fpu_exe_unit/FPUUnit/fpu/dfma/fma/mulAddRecFNToRaw_preMul/_1094_/Y (sky130_fd_sc_hd__o21ai_0)
   0.1761    0.9596 v fpu_exe_unit/FPUUnit/fpu/dfma/fma/mulAddRecFNToRaw_preMul/_1097_/Y (sky130_fd_sc_hd__a31oi_1)
   0.4045    1.3640 v fpu_exe_unit/FPUUnit/fpu/dfma/fma/mulAddRecFNToRaw_preMul/_1098_/X (sky130_fd_sc_hd__maj3_1)
   0.3959    1.7600 v fpu_exe_unit/FPUUnit/fpu/dfma/fma/mulAddRecFNToRaw_preMul/_1099_/X (sky130_fd_sc_hd__maj3_1)
   0.3973    2.1573 v fpu_exe_unit/FPUUnit/fpu/dfma/fma/mulAddRecFNToRaw_preMul/_1100_/X (sky130_fd_sc_hd__maj3_1)
   0.4055    2.5628 v fpu_exe_unit/FPUUnit/fpu/dfma/fma/mulAddRecFNToRaw_preMul/_1101_/X (sky130_fd_sc_hd__maj3_1)
   0.3551    2.9179 v fpu_exe_unit/FPUUnit/fpu/dfma/fma/mulAddRecFNToRaw_preMul/_1121_/X (sky130_fd_sc_hd__maj3_1)
   0.2007    3.1186 v fpu_exe_unit/FPUUnit/fpu/dfma/fma/mulAddRecFNToRaw_preMul/_1122_/X (sky130_fd_sc_hd__xor2_1)
   0.1942    3.3128 ^ fpu_exe_unit/FPUUnit/fpu/dfma/fma/mulAddRecFNToRaw_preMul/_1152_/Y (sky130_fd_sc_hd__o221ai_1)
   0.1518    3.4647 v fpu_exe_unit/FPUUnit/fpu/dfma/fma/mulAddRecFNToRaw_preMul/_1158_/Y (sky130_fd_sc_hd__a32oi_1)
   0.4189    3.8835 v fpu_exe_unit/FPUUnit/fpu/dfma/fma/mulAddRecFNToRaw_preMul/_1159_/X (sky130_fd_sc_hd__maj3_1)
   0.2588    4.1424 v fpu_exe_unit/FPUUnit/fpu/dfma/fma/mulAddRecFNToRaw_preMul/_1177_/X (sky130_fd_sc_hd__o2111a_1)
   0.1835    4.3259 v fpu_exe_unit/FPUUnit/fpu/dfma/fma/mulAddRecFNToRaw_preMul/_1178_/X (sky130_fd_sc_hd__clkbuf_1)
   0.1411    4.4670 ^ fpu_exe_unit/FPUUnit/fpu/dfma/fma/mulAddRecFNToRaw_preMul/_1203_/Y (sky130_fd_sc_hd__nand4_1)
   0.3339    4.8008 ^ fpu_exe_unit/FPUUnit/fpu/dfma/fma/mulAddRecFNToRaw_preMul/_1204_/X (sky130_fd_sc_hd__lpflow_clkbufkapwr_1)
   0.3198    5.1206 ^ fpu_exe_unit/FPUUnit/fpu/dfma/fma/mulAddRecFNToRaw_preMul/_1307_/X (sky130_fd_sc_hd__buf_2)
   0.4406    5.5612 ^ fpu_exe_unit/FPUUnit/fpu/dfma/fma/mulAddRecFNToRaw_preMul/_1308_/X (sky130_fd_sc_hd__lpflow_clkbufkapwr_1)
   0.4049    5.9661 v fpu_exe_unit/FPUUnit/fpu/dfma/fma/mulAddRecFNToRaw_preMul/_1618_/X (sky130_fd_sc_hd__mux2_2)
   0.1693    6.1354 ^ fpu_exe_unit/FPUUnit/fpu/dfma/fma/mulAddRecFNToRaw_preMul/_1760_/Y (sky130_fd_sc_hd__mux2i_1)
   0.0586    6.1940 v fpu_exe_unit/FPUUnit/fpu/dfma/fma/mulAddRecFNToRaw_preMul/_1761_/Y (sky130_fd_sc_hd__nor2_1)
   0.1499    6.3440 ^ fpu_exe_unit/FPUUnit/fpu/dfma/fma/mulAddRecFNToRaw_preMul/_1762_/Y (sky130_fd_sc_hd__a21oi_1)
   0.1072    6.4511 v fpu_exe_unit/FPUUnit/fpu/dfma/fma/mulAddRecFNToRaw_preMul/_1763_/Y (sky130_fd_sc_hd__mux2i_1)
   0.2246    6.6758 ^ fpu_exe_unit/FPUUnit/fpu/dfma/fma/mulAddRecFNToRaw_preMul/_1764_/Y (sky130_fd_sc_hd__a21oi_1)
   0.0630    6.7388 v fpu_exe_unit/FPUUnit/fpu/dfma/fma/mulAddRecFNToRaw_preMul/_1765_/Y (sky130_fd_sc_hd__nor2_1)
   0.1979    6.9367 v fpu_exe_unit/FPUUnit/fpu/dfma/fma/mulAddRecFNToRaw_preMul/_1766_/X (sky130_fd_sc_hd__o22a_1)
   0.3822    7.3188 v fpu_exe_unit/FPUUnit/fpu/dfma/fma/_15656_/X (sky130_fd_sc_hd__xnor3_1)
   0.3964    7.7153 v fpu_exe_unit/FPUUnit/fpu/dfma/fma/_15669_/X (sky130_fd_sc_hd__maj3_1)
   0.3777    8.0930 v fpu_exe_unit/FPUUnit/fpu/dfma/fma/_15690_/X (sky130_fd_sc_hd__maj3_1)
   0.3929    8.4858 v fpu_exe_unit/FPUUnit/fpu/dfma/fma/_15718_/X (sky130_fd_sc_hd__maj3_1)
   0.3979    8.8837 v fpu_exe_unit/FPUUnit/fpu/dfma/fma/_15741_/X (sky130_fd_sc_hd__xor3_1)
   0.1695    9.0532 ^ fpu_exe_unit/FPUUnit/fpu/dfma/fma/_15751_/Y (sky130_fd_sc_hd__nor2_1)
   0.2943    9.3475 ^ fpu_exe_unit/FPUUnit/fpu/dfma/fma/_15789_/X (sky130_fd_sc_hd__xor3_1)
   0.1440    9.4915 v fpu_exe_unit/FPUUnit/fpu/dfma/fma/_15790_/Y (sky130_fd_sc_hd__nand4bb_1)
   0.3515    9.8430 v fpu_exe_unit/FPUUnit/fpu/dfma/fma/_15837_/X (sky130_fd_sc_hd__or2_2)
   0.3724   10.2154 v fpu_exe_unit/FPUUnit/fpu/dfma/fma/_15891_/X (sky130_fd_sc_hd__maj3_1)
   0.3778   10.5932 v fpu_exe_unit/FPUUnit/fpu/dfma/fma/_15946_/X (sky130_fd_sc_hd__maj3_1)
   0.3853   10.9785 v fpu_exe_unit/FPUUnit/fpu/dfma/fma/_16018_/X (sky130_fd_sc_hd__maj3_1)
   0.3669   11.3454 v fpu_exe_unit/FPUUnit/fpu/dfma/fma/_16084_/X (sky130_fd_sc_hd__maj3_1)
   0.3753   11.7207 v fpu_exe_unit/FPUUnit/fpu/dfma/fma/_16150_/X (sky130_fd_sc_hd__maj3_1)
   0.3716   12.0924 v fpu_exe_unit/FPUUnit/fpu/dfma/fma/_16236_/X (sky130_fd_sc_hd__maj3_1)
   0.3656   12.4580 v fpu_exe_unit/FPUUnit/fpu/dfma/fma/_16331_/X (sky130_fd_sc_hd__maj3_1)
   0.3227   12.7806 ^ fpu_exe_unit/FPUUnit/fpu/dfma/fma/_16425_/Y (sky130_fd_sc_hd__o21ai_0)
   0.1187   12.8993 v fpu_exe_unit/FPUUnit/fpu/dfma/fma/_16955_/Y (sky130_fd_sc_hd__a211oi_1)
   0.3448   13.2441 ^ fpu_exe_unit/FPUUnit/fpu/dfma/fma/_16956_/Y (sky130_fd_sc_hd__o311ai_0)
   0.1911   13.4352 v fpu_exe_unit/FPUUnit/fpu/dfma/fma/_17093_/Y (sky130_fd_sc_hd__nand4_1)
   0.3235   13.7588 ^ fpu_exe_unit/FPUUnit/fpu/dfma/fma/_17388_/Y (sky130_fd_sc_hd__a211oi_1)
   0.1962   13.9550 v fpu_exe_unit/FPUUnit/fpu/dfma/fma/_17685_/Y (sky130_fd_sc_hd__o311ai_0)
   0.2651   14.2201 ^ fpu_exe_unit/FPUUnit/fpu/dfma/fma/_17989_/Y (sky130_fd_sc_hd__a211oi_1)
   0.1397   14.3598 v fpu_exe_unit/FPUUnit/fpu/dfma/fma/_18300_/Y (sky130_fd_sc_hd__o211ai_1)
   0.4212   14.7810 ^ fpu_exe_unit/FPUUnit/fpu/dfma/fma/_19021_/Y (sky130_fd_sc_hd__a2111oi_0)
   0.1969   14.9779 ^ fpu_exe_unit/FPUUnit/fpu/dfma/fma/_19025_/X (sky130_fd_sc_hd__or2_2)
   0.0718   15.0496 v fpu_exe_unit/FPUUnit/fpu/dfma/fma/_19211_/Y (sky130_fd_sc_hd__nand2_1)
   0.1830   15.2326 v fpu_exe_unit/FPUUnit/fpu/dfma/fma/_19214_/X (sky130_fd_sc_hd__a22o_1)
   0.0035   15.2361 v fpu_exe_unit/FPUUnit/fpu/dfma/fma/_31070_/D (sky130_fd_sc_hd__dfxtp_1)
            15.2361   data arrival time

  20.0000   20.0000   clock clock (rise edge)
   0.0000   20.0000   clock network delay (ideal)
   0.0000   20.0000   clock reconvergence pessimism
            20.0000 ^ fpu_exe_unit/FPUUnit/fpu/dfma/fma/_31070_/CLK (sky130_fd_sc_hd__dfxtp_1)
  -0.1177   19.8823   library setup time
            19.8823   data required time
-------------------------------------------------------------
            19.8823   data required time
           -15.2361   data arrival time
-------------------------------------------------------------
             4.6462   slack (MET)


Startpoint: fpu_exe_unit/FPUUnit/fpu/dfma/_1310_
            (rising edge-triggered flip-flop clocked by clock)
Endpoint: fpu_exe_unit/FPUUnit/fpu/dfma/fma/_31068_
          (rising edge-triggered flip-flop clocked by clock)
Path Group: clock
Path Type: max

    Delay      Time   Description
-------------------------------------------------------------
   0.0000    0.0000   clock clock (rise edge)
   0.0000    0.0000   clock network delay (ideal)
   0.0000    0.0000 ^ fpu_exe_unit/FPUUnit/fpu/dfma/_1310_/CLK (sky130_fd_sc_hd__dfxtp_1)
   0.2995    0.2995 v fpu_exe_unit/FPUUnit/fpu/dfma/_1310_/Q (sky130_fd_sc_hd__dfxtp_1)
   0.1614    0.4609 v fpu_exe_unit/FPUUnit/fpu/dfma/fma/mulAddRecFNToRaw_preMul/_1092_/Y (sky130_fd_sc_hd__xnor2_1)
   0.3226    0.7835 ^ fpu_exe_unit/FPUUnit/fpu/dfma/fma/mulAddRecFNToRaw_preMul/_1094_/Y (sky130_fd_sc_hd__o21ai_0)
   0.1761    0.9596 v fpu_exe_unit/FPUUnit/fpu/dfma/fma/mulAddRecFNToRaw_preMul/_1097_/Y (sky130_fd_sc_hd__a31oi_1)
   0.4045    1.3640 v fpu_exe_unit/FPUUnit/fpu/dfma/fma/mulAddRecFNToRaw_preMul/_1098_/X (sky130_fd_sc_hd__maj3_1)
   0.3959    1.7600 v fpu_exe_unit/FPUUnit/fpu/dfma/fma/mulAddRecFNToRaw_preMul/_1099_/X (sky130_fd_sc_hd__maj3_1)
   0.3973    2.1573 v fpu_exe_unit/FPUUnit/fpu/dfma/fma/mulAddRecFNToRaw_preMul/_1100_/X (sky130_fd_sc_hd__maj3_1)
   0.4055    2.5628 v fpu_exe_unit/FPUUnit/fpu/dfma/fma/mulAddRecFNToRaw_preMul/_1101_/X (sky130_fd_sc_hd__maj3_1)
   0.3551    2.9179 v fpu_exe_unit/FPUUnit/fpu/dfma/fma/mulAddRecFNToRaw_preMul/_1121_/X (sky130_fd_sc_hd__maj3_1)
   0.2007    3.1186 v fpu_exe_unit/FPUUnit/fpu/dfma/fma/mulAddRecFNToRaw_preMul/_1122_/X (sky130_fd_sc_hd__xor2_1)
   0.1942    3.3128 ^ fpu_exe_unit/FPUUnit/fpu/dfma/fma/mulAddRecFNToRaw_preMul/_1152_/Y (sky130_fd_sc_hd__o221ai_1)
   0.1518    3.4647 v fpu_exe_unit/FPUUnit/fpu/dfma/fma/mulAddRecFNToRaw_preMul/_1158_/Y (sky130_fd_sc_hd__a32oi_1)
   0.4189    3.8835 v fpu_exe_unit/FPUUnit/fpu/dfma/fma/mulAddRecFNToRaw_preMul/_1159_/X (sky130_fd_sc_hd__maj3_1)
   0.2588    4.1424 v fpu_exe_unit/FPUUnit/fpu/dfma/fma/mulAddRecFNToRaw_preMul/_1177_/X (sky130_fd_sc_hd__o2111a_1)
   0.1835    4.3259 v fpu_exe_unit/FPUUnit/fpu/dfma/fma/mulAddRecFNToRaw_preMul/_1178_/X (sky130_fd_sc_hd__clkbuf_1)
   0.1411    4.4670 ^ fpu_exe_unit/FPUUnit/fpu/dfma/fma/mulAddRecFNToRaw_preMul/_1203_/Y (sky130_fd_sc_hd__nand4_1)
   0.3339    4.8008 ^ fpu_exe_unit/FPUUnit/fpu/dfma/fma/mulAddRecFNToRaw_preMul/_1204_/X (sky130_fd_sc_hd__lpflow_clkbufkapwr_1)
   0.3198    5.1206 ^ fpu_exe_unit/FPUUnit/fpu/dfma/fma/mulAddRecFNToRaw_preMul/_1307_/X (sky130_fd_sc_hd__buf_2)
   0.4406    5.5612 ^ fpu_exe_unit/FPUUnit/fpu/dfma/fma/mulAddRecFNToRaw_preMul/_1308_/X (sky130_fd_sc_hd__lpflow_clkbufkapwr_1)
   0.4049    5.9661 v fpu_exe_unit/FPUUnit/fpu/dfma/fma/mulAddRecFNToRaw_preMul/_1618_/X (sky130_fd_sc_hd__mux2_2)
   0.1693    6.1354 ^ fpu_exe_unit/FPUUnit/fpu/dfma/fma/mulAddRecFNToRaw_preMul/_1760_/Y (sky130_fd_sc_hd__mux2i_1)
   0.0586    6.1940 v fpu_exe_unit/FPUUnit/fpu/dfma/fma/mulAddRecFNToRaw_preMul/_1761_/Y (sky130_fd_sc_hd__nor2_1)
   0.1499    6.3440 ^ fpu_exe_unit/FPUUnit/fpu/dfma/fma/mulAddRecFNToRaw_preMul/_1762_/Y (sky130_fd_sc_hd__a21oi_1)
   0.1072    6.4511 v fpu_exe_unit/FPUUnit/fpu/dfma/fma/mulAddRecFNToRaw_preMul/_1763_/Y (sky130_fd_sc_hd__mux2i_1)
   0.2246    6.6758 ^ fpu_exe_unit/FPUUnit/fpu/dfma/fma/mulAddRecFNToRaw_preMul/_1764_/Y (sky130_fd_sc_hd__a21oi_1)
   0.0630    6.7388 v fpu_exe_unit/FPUUnit/fpu/dfma/fma/mulAddRecFNToRaw_preMul/_1765_/Y (sky130_fd_sc_hd__nor2_1)
   0.1979    6.9367 v fpu_exe_unit/FPUUnit/fpu/dfma/fma/mulAddRecFNToRaw_preMul/_1766_/X (sky130_fd_sc_hd__o22a_1)
   0.3822    7.3188 v fpu_exe_unit/FPUUnit/fpu/dfma/fma/_15656_/X (sky130_fd_sc_hd__xnor3_1)
   0.3964    7.7153 v fpu_exe_unit/FPUUnit/fpu/dfma/fma/_15669_/X (sky130_fd_sc_hd__maj3_1)
   0.3777    8.0930 v fpu_exe_unit/FPUUnit/fpu/dfma/fma/_15690_/X (sky130_fd_sc_hd__maj3_1)
   0.3929    8.4858 v fpu_exe_unit/FPUUnit/fpu/dfma/fma/_15718_/X (sky130_fd_sc_hd__maj3_1)
   0.3979    8.8837 v fpu_exe_unit/FPUUnit/fpu/dfma/fma/_15741_/X (sky130_fd_sc_hd__xor3_1)
   0.1695    9.0532 ^ fpu_exe_unit/FPUUnit/fpu/dfma/fma/_15751_/Y (sky130_fd_sc_hd__nor2_1)
   0.2943    9.3475 ^ fpu_exe_unit/FPUUnit/fpu/dfma/fma/_15789_/X (sky130_fd_sc_hd__xor3_1)
   0.1440    9.4915 v fpu_exe_unit/FPUUnit/fpu/dfma/fma/_15790_/Y (sky130_fd_sc_hd__nand4bb_1)
   0.3515    9.8430 v fpu_exe_unit/FPUUnit/fpu/dfma/fma/_15837_/X (sky130_fd_sc_hd__or2_2)
   0.3724   10.2154 v fpu_exe_unit/FPUUnit/fpu/dfma/fma/_15891_/X (sky130_fd_sc_hd__maj3_1)
   0.3778   10.5932 v fpu_exe_unit/FPUUnit/fpu/dfma/fma/_15946_/X (sky130_fd_sc_hd__maj3_1)
   0.3853   10.9785 v fpu_exe_unit/FPUUnit/fpu/dfma/fma/_16018_/X (sky130_fd_sc_hd__maj3_1)
   0.3669   11.3454 v fpu_exe_unit/FPUUnit/fpu/dfma/fma/_16084_/X (sky130_fd_sc_hd__maj3_1)
   0.3753   11.7207 v fpu_exe_unit/FPUUnit/fpu/dfma/fma/_16150_/X (sky130_fd_sc_hd__maj3_1)
   0.3716   12.0924 v fpu_exe_unit/FPUUnit/fpu/dfma/fma/_16236_/X (sky130_fd_sc_hd__maj3_1)
   0.3656   12.4580 v fpu_exe_unit/FPUUnit/fpu/dfma/fma/_16331_/X (sky130_fd_sc_hd__maj3_1)
   0.3227   12.7806 ^ fpu_exe_unit/FPUUnit/fpu/dfma/fma/_16425_/Y (sky130_fd_sc_hd__o21ai_0)
   0.1187   12.8993 v fpu_exe_unit/FPUUnit/fpu/dfma/fma/_16955_/Y (sky130_fd_sc_hd__a211oi_1)
   0.3448   13.2441 ^ fpu_exe_unit/FPUUnit/fpu/dfma/fma/_16956_/Y (sky130_fd_sc_hd__o311ai_0)
   0.1911   13.4352 v fpu_exe_unit/FPUUnit/fpu/dfma/fma/_17093_/Y (sky130_fd_sc_hd__nand4_1)
   0.3235   13.7588 ^ fpu_exe_unit/FPUUnit/fpu/dfma/fma/_17388_/Y (sky130_fd_sc_hd__a211oi_1)
   0.1962   13.9550 v fpu_exe_unit/FPUUnit/fpu/dfma/fma/_17685_/Y (sky130_fd_sc_hd__o311ai_0)
   0.2651   14.2201 ^ fpu_exe_unit/FPUUnit/fpu/dfma/fma/_17989_/Y (sky130_fd_sc_hd__a211oi_1)
   0.1397   14.3598 v fpu_exe_unit/FPUUnit/fpu/dfma/fma/_18300_/Y (sky130_fd_sc_hd__o211ai_1)
   0.1831   14.5429 v fpu_exe_unit/FPUUnit/fpu/dfma/fma/_18302_/X (sky130_fd_sc_hd__lpflow_inputiso0n_1)
   0.2928   14.8357 ^ fpu_exe_unit/FPUUnit/fpu/dfma/fma/_18641_/Y (sky130_fd_sc_hd__o31ai_1)
   0.1051   14.9409 v fpu_exe_unit/FPUUnit/fpu/dfma/fma/_18825_/Y (sky130_fd_sc_hd__nand2_1)
   0.1837   15.1246 v fpu_exe_unit/FPUUnit/fpu/dfma/fma/_18828_/X (sky130_fd_sc_hd__a22o_1)
   0.0035   15.1280 v fpu_exe_unit/FPUUnit/fpu/dfma/fma/_31068_/D (sky130_fd_sc_hd__dfxtp_1)
            15.1280   data arrival time

  20.0000   20.0000   clock clock (rise edge)
   0.0000   20.0000   clock network delay (ideal)
   0.0000   20.0000   clock reconvergence pessimism
            20.0000 ^ fpu_exe_unit/FPUUnit/fpu/dfma/fma/_31068_/CLK (sky130_fd_sc_hd__dfxtp_1)
  -0.1177   19.8823   library setup time
            19.8823   data required time
-------------------------------------------------------------
            19.8823   data required time
           -15.1280   data arrival time
-------------------------------------------------------------
             4.7543   slack (MET)


Startpoint: fpu_exe_unit/FPUUnit/fpu/dfma/_1310_
            (rising edge-triggered flip-flop clocked by clock)
Endpoint: fpu_exe_unit/FPUUnit/fpu/dfma/fma/_31067_
          (rising edge-triggered flip-flop clocked by clock)
Path Group: clock
Path Type: max

    Delay      Time   Description
-------------------------------------------------------------
   0.0000    0.0000   clock clock (rise edge)
   0.0000    0.0000   clock network delay (ideal)
   0.0000    0.0000 ^ fpu_exe_unit/FPUUnit/fpu/dfma/_1310_/CLK (sky130_fd_sc_hd__dfxtp_1)
   0.2995    0.2995 v fpu_exe_unit/FPUUnit/fpu/dfma/_1310_/Q (sky130_fd_sc_hd__dfxtp_1)
   0.1614    0.4609 v fpu_exe_unit/FPUUnit/fpu/dfma/fma/mulAddRecFNToRaw_preMul/_1092_/Y (sky130_fd_sc_hd__xnor2_1)
   0.3226    0.7835 ^ fpu_exe_unit/FPUUnit/fpu/dfma/fma/mulAddRecFNToRaw_preMul/_1094_/Y (sky130_fd_sc_hd__o21ai_0)
   0.1761    0.9596 v fpu_exe_unit/FPUUnit/fpu/dfma/fma/mulAddRecFNToRaw_preMul/_1097_/Y (sky130_fd_sc_hd__a31oi_1)
   0.4045    1.3640 v fpu_exe_unit/FPUUnit/fpu/dfma/fma/mulAddRecFNToRaw_preMul/_1098_/X (sky130_fd_sc_hd__maj3_1)
   0.3959    1.7600 v fpu_exe_unit/FPUUnit/fpu/dfma/fma/mulAddRecFNToRaw_preMul/_1099_/X (sky130_fd_sc_hd__maj3_1)
   0.3973    2.1573 v fpu_exe_unit/FPUUnit/fpu/dfma/fma/mulAddRecFNToRaw_preMul/_1100_/X (sky130_fd_sc_hd__maj3_1)
   0.4055    2.5628 v fpu_exe_unit/FPUUnit/fpu/dfma/fma/mulAddRecFNToRaw_preMul/_1101_/X (sky130_fd_sc_hd__maj3_1)
   0.3551    2.9179 v fpu_exe_unit/FPUUnit/fpu/dfma/fma/mulAddRecFNToRaw_preMul/_1121_/X (sky130_fd_sc_hd__maj3_1)
   0.2007    3.1186 v fpu_exe_unit/FPUUnit/fpu/dfma/fma/mulAddRecFNToRaw_preMul/_1122_/X (sky130_fd_sc_hd__xor2_1)
   0.1942    3.3128 ^ fpu_exe_unit/FPUUnit/fpu/dfma/fma/mulAddRecFNToRaw_preMul/_1152_/Y (sky130_fd_sc_hd__o221ai_1)
   0.1518    3.4647 v fpu_exe_unit/FPUUnit/fpu/dfma/fma/mulAddRecFNToRaw_preMul/_1158_/Y (sky130_fd_sc_hd__a32oi_1)
   0.4189    3.8835 v fpu_exe_unit/FPUUnit/fpu/dfma/fma/mulAddRecFNToRaw_preMul/_1159_/X (sky130_fd_sc_hd__maj3_1)
   0.2588    4.1424 v fpu_exe_unit/FPUUnit/fpu/dfma/fma/mulAddRecFNToRaw_preMul/_1177_/X (sky130_fd_sc_hd__o2111a_1)
   0.1835    4.3259 v fpu_exe_unit/FPUUnit/fpu/dfma/fma/mulAddRecFNToRaw_preMul/_1178_/X (sky130_fd_sc_hd__clkbuf_1)
   0.1411    4.4670 ^ fpu_exe_unit/FPUUnit/fpu/dfma/fma/mulAddRecFNToRaw_preMul/_1203_/Y (sky130_fd_sc_hd__nand4_1)
   0.3339    4.8008 ^ fpu_exe_unit/FPUUnit/fpu/dfma/fma/mulAddRecFNToRaw_preMul/_1204_/X (sky130_fd_sc_hd__lpflow_clkbufkapwr_1)
   0.3198    5.1206 ^ fpu_exe_unit/FPUUnit/fpu/dfma/fma/mulAddRecFNToRaw_preMul/_1307_/X (sky130_fd_sc_hd__buf_2)
   0.4406    5.5612 ^ fpu_exe_unit/FPUUnit/fpu/dfma/fma/mulAddRecFNToRaw_preMul/_1308_/X (sky130_fd_sc_hd__lpflow_clkbufkapwr_1)
   0.4049    5.9661 v fpu_exe_unit/FPUUnit/fpu/dfma/fma/mulAddRecFNToRaw_preMul/_1618_/X (sky130_fd_sc_hd__mux2_2)
   0.1693    6.1354 ^ fpu_exe_unit/FPUUnit/fpu/dfma/fma/mulAddRecFNToRaw_preMul/_1760_/Y (sky130_fd_sc_hd__mux2i_1)
   0.0586    6.1940 v fpu_exe_unit/FPUUnit/fpu/dfma/fma/mulAddRecFNToRaw_preMul/_1761_/Y (sky130_fd_sc_hd__nor2_1)
   0.1499    6.3440 ^ fpu_exe_unit/FPUUnit/fpu/dfma/fma/mulAddRecFNToRaw_preMul/_1762_/Y (sky130_fd_sc_hd__a21oi_1)
   0.1072    6.4511 v fpu_exe_unit/FPUUnit/fpu/dfma/fma/mulAddRecFNToRaw_preMul/_1763_/Y (sky130_fd_sc_hd__mux2i_1)
   0.2246    6.6758 ^ fpu_exe_unit/FPUUnit/fpu/dfma/fma/mulAddRecFNToRaw_preMul/_1764_/Y (sky130_fd_sc_hd__a21oi_1)
   0.0630    6.7388 v fpu_exe_unit/FPUUnit/fpu/dfma/fma/mulAddRecFNToRaw_preMul/_1765_/Y (sky130_fd_sc_hd__nor2_1)
   0.1979    6.9367 v fpu_exe_unit/FPUUnit/fpu/dfma/fma/mulAddRecFNToRaw_preMul/_1766_/X (sky130_fd_sc_hd__o22a_1)
   0.3822    7.3188 v fpu_exe_unit/FPUUnit/fpu/dfma/fma/_15656_/X (sky130_fd_sc_hd__xnor3_1)
   0.3964    7.7153 v fpu_exe_unit/FPUUnit/fpu/dfma/fma/_15669_/X (sky130_fd_sc_hd__maj3_1)
   0.3777    8.0930 v fpu_exe_unit/FPUUnit/fpu/dfma/fma/_15690_/X (sky130_fd_sc_hd__maj3_1)
   0.3929    8.4858 v fpu_exe_unit/FPUUnit/fpu/dfma/fma/_15718_/X (sky130_fd_sc_hd__maj3_1)
   0.3979    8.8837 v fpu_exe_unit/FPUUnit/fpu/dfma/fma/_15741_/X (sky130_fd_sc_hd__xor3_1)
   0.1695    9.0532 ^ fpu_exe_unit/FPUUnit/fpu/dfma/fma/_15751_/Y (sky130_fd_sc_hd__nor2_1)
   0.2943    9.3475 ^ fpu_exe_unit/FPUUnit/fpu/dfma/fma/_15789_/X (sky130_fd_sc_hd__xor3_1)
   0.1440    9.4915 v fpu_exe_unit/FPUUnit/fpu/dfma/fma/_15790_/Y (sky130_fd_sc_hd__nand4bb_1)
   0.3515    9.8430 v fpu_exe_unit/FPUUnit/fpu/dfma/fma/_15837_/X (sky130_fd_sc_hd__or2_2)
   0.3724   10.2154 v fpu_exe_unit/FPUUnit/fpu/dfma/fma/_15891_/X (sky130_fd_sc_hd__maj3_1)
   0.3778   10.5932 v fpu_exe_unit/FPUUnit/fpu/dfma/fma/_15946_/X (sky130_fd_sc_hd__maj3_1)
   0.3853   10.9785 v fpu_exe_unit/FPUUnit/fpu/dfma/fma/_16018_/X (sky130_fd_sc_hd__maj3_1)
   0.3669   11.3454 v fpu_exe_unit/FPUUnit/fpu/dfma/fma/_16084_/X (sky130_fd_sc_hd__maj3_1)
   0.3753   11.7207 v fpu_exe_unit/FPUUnit/fpu/dfma/fma/_16150_/X (sky130_fd_sc_hd__maj3_1)
   0.3716   12.0924 v fpu_exe_unit/FPUUnit/fpu/dfma/fma/_16236_/X (sky130_fd_sc_hd__maj3_1)
   0.3656   12.4580 v fpu_exe_unit/FPUUnit/fpu/dfma/fma/_16331_/X (sky130_fd_sc_hd__maj3_1)
   0.3227   12.7806 ^ fpu_exe_unit/FPUUnit/fpu/dfma/fma/_16425_/Y (sky130_fd_sc_hd__o21ai_0)
   0.1187   12.8993 v fpu_exe_unit/FPUUnit/fpu/dfma/fma/_16955_/Y (sky130_fd_sc_hd__a211oi_1)
   0.3448   13.2441 ^ fpu_exe_unit/FPUUnit/fpu/dfma/fma/_16956_/Y (sky130_fd_sc_hd__o311ai_0)
   0.1911   13.4352 v fpu_exe_unit/FPUUnit/fpu/dfma/fma/_17093_/Y (sky130_fd_sc_hd__nand4_1)
   0.3235   13.7588 ^ fpu_exe_unit/FPUUnit/fpu/dfma/fma/_17388_/Y (sky130_fd_sc_hd__a211oi_1)
   0.1962   13.9550 v fpu_exe_unit/FPUUnit/fpu/dfma/fma/_17685_/Y (sky130_fd_sc_hd__o311ai_0)
   0.2651   14.2201 ^ fpu_exe_unit/FPUUnit/fpu/dfma/fma/_17989_/Y (sky130_fd_sc_hd__a211oi_1)
   0.1397   14.3598 v fpu_exe_unit/FPUUnit/fpu/dfma/fma/_18300_/Y (sky130_fd_sc_hd__o211ai_1)
   0.1831   14.5429 v fpu_exe_unit/FPUUnit/fpu/dfma/fma/_18302_/X (sky130_fd_sc_hd__lpflow_inputiso0n_1)
   0.1060   14.6488 ^ fpu_exe_unit/FPUUnit/fpu/dfma/fma/_18465_/Y (sky130_fd_sc_hd__nor2_1)
   0.0566   14.7055 v fpu_exe_unit/FPUUnit/fpu/dfma/fma/_18466_/Y (sky130_fd_sc_hd__nor2_1)
   0.1533   14.8588 ^ fpu_exe_unit/FPUUnit/fpu/dfma/fma/_18636_/Y (sky130_fd_sc_hd__xnor2_1)
   0.0787   14.9375 v fpu_exe_unit/FPUUnit/fpu/dfma/fma/_18638_/Y (sky130_fd_sc_hd__a21oi_1)
   0.0035   14.9410 v fpu_exe_unit/FPUUnit/fpu/dfma/fma/_31067_/D (sky130_fd_sc_hd__dfxtp_1)
            14.9410   data arrival time

  20.0000   20.0000   clock clock (rise edge)
   0.0000   20.0000   clock network delay (ideal)
   0.0000   20.0000   clock reconvergence pessimism
            20.0000 ^ fpu_exe_unit/FPUUnit/fpu/dfma/fma/_31067_/CLK (sky130_fd_sc_hd__dfxtp_1)
  -0.1345   19.8655   library setup time
            19.8655   data required time
-------------------------------------------------------------
            19.8655   data required time
           -14.9410   data arrival time
-------------------------------------------------------------
             4.9246   slack (MET)


Startpoint: fpu_exe_unit/FPUUnit/fpu/sfma/_677_
            (rising edge-triggered flip-flop clocked by clock)
Endpoint: fpu_exe_unit/FPUUnit/fpu/sfma/fma/_6709_
          (rising edge-triggered flip-flop clocked by clock)
Path Group: clock
Path Type: max

    Delay      Time   Description
-------------------------------------------------------------
   0.0000    0.0000   clock clock (rise edge)
   0.0000    0.0000   clock network delay (ideal)
   0.0000    0.0000 ^ fpu_exe_unit/FPUUnit/fpu/sfma/_677_/CLK (sky130_fd_sc_hd__dfxtp_1)
   0.3060    0.3060 v fpu_exe_unit/FPUUnit/fpu/sfma/_677_/Q (sky130_fd_sc_hd__dfxtp_1)
   0.1825    0.4885 v fpu_exe_unit/FPUUnit/fpu/sfma/fma/mulAddRecFNToRaw_preMul/_0566_/X (sky130_fd_sc_hd__xor2_1)
   0.2034    0.6919 v fpu_exe_unit/FPUUnit/fpu/sfma/fma/mulAddRecFNToRaw_preMul/_0567_/X (sky130_fd_sc_hd__lpflow_inputiso0n_1)
   0.3854    1.0773 v fpu_exe_unit/FPUUnit/fpu/sfma/fma/mulAddRecFNToRaw_preMul/_0568_/X (sky130_fd_sc_hd__maj3_1)
   0.4191    1.4964 v fpu_exe_unit/FPUUnit/fpu/sfma/fma/mulAddRecFNToRaw_preMul/_0569_/X (sky130_fd_sc_hd__maj3_1)
   0.4032    1.8996 v fpu_exe_unit/FPUUnit/fpu/sfma/fma/mulAddRecFNToRaw_preMul/_0570_/X (sky130_fd_sc_hd__maj3_1)
   0.3976    2.2972 v fpu_exe_unit/FPUUnit/fpu/sfma/fma/mulAddRecFNToRaw_preMul/_0571_/X (sky130_fd_sc_hd__maj3_1)
   0.3907    2.6879 v fpu_exe_unit/FPUUnit/fpu/sfma/fma/mulAddRecFNToRaw_preMul/_0572_/X (sky130_fd_sc_hd__maj3_1)
   0.3886    3.0765 v fpu_exe_unit/FPUUnit/fpu/sfma/fma/mulAddRecFNToRaw_preMul/_0573_/X (sky130_fd_sc_hd__maj3_1)
   0.3886    3.4652 v fpu_exe_unit/FPUUnit/fpu/sfma/fma/mulAddRecFNToRaw_preMul/_0574_/X (sky130_fd_sc_hd__maj3_1)
   0.3681    3.8332 v fpu_exe_unit/FPUUnit/fpu/sfma/fma/mulAddRecFNToRaw_preMul/_0575_/X (sky130_fd_sc_hd__maj3_1)
   0.1861    4.0194 v fpu_exe_unit/FPUUnit/fpu/sfma/fma/mulAddRecFNToRaw_preMul/_0578_/X (sky130_fd_sc_hd__lpflow_inputiso0n_1)
   0.6005    4.6199 ^ fpu_exe_unit/FPUUnit/fpu/sfma/fma/mulAddRecFNToRaw_preMul/_0610_/Y (sky130_fd_sc_hd__nor3_1)
   0.2361    4.8560 ^ fpu_exe_unit/FPUUnit/fpu/sfma/fma/mulAddRecFNToRaw_preMul/_0613_/X (sky130_fd_sc_hd__a21o_1)
   0.3278    5.1838 ^ fpu_exe_unit/FPUUnit/fpu/sfma/fma/mulAddRecFNToRaw_preMul/_0685_/X (sky130_fd_sc_hd__lpflow_clkbufkapwr_1)
   0.4536    5.6374 ^ fpu_exe_unit/FPUUnit/fpu/sfma/fma/mulAddRecFNToRaw_preMul/_0686_/X (sky130_fd_sc_hd__lpflow_clkbufkapwr_1)
   0.1968    5.8341 v fpu_exe_unit/FPUUnit/fpu/sfma/fma/mulAddRecFNToRaw_preMul/_0754_/Y (sky130_fd_sc_hd__o21ai_0)
   0.1553    5.9894 ^ fpu_exe_unit/FPUUnit/fpu/sfma/fma/mulAddRecFNToRaw_preMul/_0755_/Y (sky130_fd_sc_hd__o211ai_1)
   0.0735    6.0629 v fpu_exe_unit/FPUUnit/fpu/sfma/fma/mulAddRecFNToRaw_preMul/_0942_/Y (sky130_fd_sc_hd__nand2_1)
   0.2679    6.3308 v fpu_exe_unit/FPUUnit/fpu/sfma/fma/mulAddRecFNToRaw_preMul/_0943_/X (sky130_fd_sc_hd__mux2_2)
   0.1675    6.4983 ^ fpu_exe_unit/FPUUnit/fpu/sfma/fma/mulAddRecFNToRaw_preMul/_0944_/Y (sky130_fd_sc_hd__mux2i_1)
   0.0591    6.5575 v fpu_exe_unit/FPUUnit/fpu/sfma/fma/mulAddRecFNToRaw_preMul/_0945_/Y (sky130_fd_sc_hd__nor2_1)
   0.1861    6.7436 v fpu_exe_unit/FPUUnit/fpu/sfma/fma/mulAddRecFNToRaw_preMul/_0951_/X (sky130_fd_sc_hd__o21a_1)
   0.3782    7.1218 v fpu_exe_unit/FPUUnit/fpu/sfma/fma/_3489_/X (sky130_fd_sc_hd__xnor3_1)
   0.3906    7.5125 v fpu_exe_unit/FPUUnit/fpu/sfma/fma/_3503_/X (sky130_fd_sc_hd__maj3_1)
   0.3213    7.8338 ^ fpu_exe_unit/FPUUnit/fpu/sfma/fma/_3514_/Y (sky130_fd_sc_hd__xnor2_1)
   0.4135    8.2473 v fpu_exe_unit/FPUUnit/fpu/sfma/fma/_3525_/X (sky130_fd_sc_hd__xnor3_1)
   0.1651    8.4123 v fpu_exe_unit/FPUUnit/fpu/sfma/fma/_3534_/X (sky130_fd_sc_hd__xor2_1)
   0.2903    8.7027 v fpu_exe_unit/FPUUnit/fpu/sfma/fma/_3535_/X (sky130_fd_sc_hd__or2_2)
   0.4226    9.1252 ^ fpu_exe_unit/FPUUnit/fpu/sfma/fma/_3572_/X (sky130_fd_sc_hd__xnor3_1)
   0.1500    9.2752 v fpu_exe_unit/FPUUnit/fpu/sfma/fma/_3573_/Y (sky130_fd_sc_hd__nand4b_1)
   0.3003    9.5755 ^ fpu_exe_unit/FPUUnit/fpu/sfma/fma/_3674_/Y (sky130_fd_sc_hd__a32oi_1)
   0.2540    9.8296 ^ fpu_exe_unit/FPUUnit/fpu/sfma/fma/_3679_/X (sky130_fd_sc_hd__maj3_1)
   0.0915    9.9211 v fpu_exe_unit/FPUUnit/fpu/sfma/fma/_3733_/Y (sky130_fd_sc_hd__a21oi_1)
   0.2497   10.1708 ^ fpu_exe_unit/FPUUnit/fpu/sfma/fma/_3795_/Y (sky130_fd_sc_hd__o21ai_0)
   0.1322   10.3030 v fpu_exe_unit/FPUUnit/fpu/sfma/fma/_3859_/Y (sky130_fd_sc_hd__a21oi_1)
   0.2693   10.5723 ^ fpu_exe_unit/FPUUnit/fpu/sfma/fma/_3934_/Y (sky130_fd_sc_hd__o21ai_0)
   0.1548   10.7271 v fpu_exe_unit/FPUUnit/fpu/sfma/fma/_4024_/Y (sky130_fd_sc_hd__a21oi_1)
   0.1944   10.9215 ^ fpu_exe_unit/FPUUnit/fpu/sfma/fma/_4504_/Y (sky130_fd_sc_hd__o211ai_1)
   0.1157   11.0371 v fpu_exe_unit/FPUUnit/fpu/sfma/fma/_4506_/Y (sky130_fd_sc_hd__a311oi_1)
   0.4302   11.4673 ^ fpu_exe_unit/FPUUnit/fpu/sfma/fma/_4727_/Y (sky130_fd_sc_hd__o311ai_0)
   0.2685   11.7358 ^ fpu_exe_unit/FPUUnit/fpu/sfma/fma/_4859_/X (sky130_fd_sc_hd__a41o_1)
   0.2143   11.9502 ^ fpu_exe_unit/FPUUnit/fpu/sfma/fma/_5098_/X (sky130_fd_sc_hd__a311o_1)
   0.1377   12.0879 v fpu_exe_unit/FPUUnit/fpu/sfma/fma/_5315_/Y (sky130_fd_sc_hd__a31oi_1)
   0.3582   12.4461 v fpu_exe_unit/FPUUnit/fpu/sfma/fma/_5521_/X (sky130_fd_sc_hd__o31a_1)
   0.2179   12.6640 v fpu_exe_unit/FPUUnit/fpu/sfma/fma/_5724_/X (sky130_fd_sc_hd__o21a_1)
   0.3957   13.0597 ^ fpu_exe_unit/FPUUnit/fpu/sfma/fma/_5894_/Y (sky130_fd_sc_hd__o31ai_1)
   0.2506   13.3102 ^ fpu_exe_unit/FPUUnit/fpu/sfma/fma/_6048_/X (sky130_fd_sc_hd__a31o_2)
   0.1211   13.4313 v fpu_exe_unit/FPUUnit/fpu/sfma/fma/_6182_/Y (sky130_fd_sc_hd__a31oi_1)
   0.3858   13.8171 ^ fpu_exe_unit/FPUUnit/fpu/sfma/fma/_6293_/Y (sky130_fd_sc_hd__o21ai_0)
   0.1672   13.9843 v fpu_exe_unit/FPUUnit/fpu/sfma/fma/_6460_/Y (sky130_fd_sc_hd__nand4_1)
   0.2653   14.2496 ^ fpu_exe_unit/FPUUnit/fpu/sfma/fma/_6484_/Y (sky130_fd_sc_hd__a21oi_1)
   0.2293   14.4789 v fpu_exe_unit/FPUUnit/fpu/sfma/fma/_6527_/Y (sky130_fd_sc_hd__o311ai_0)
   0.2232   14.7021 v fpu_exe_unit/FPUUnit/fpu/sfma/fma/_6544_/X (sky130_fd_sc_hd__a21o_1)
   0.2313   14.9335 v fpu_exe_unit/FPUUnit/fpu/sfma/fma/_6546_/X (sky130_fd_sc_hd__a31o_2)
   0.0035   14.9369 v fpu_exe_unit/FPUUnit/fpu/sfma/fma/_6709_/D (sky130_fd_sc_hd__dfxtp_1)
            14.9369   data arrival time

  20.0000   20.0000   clock clock (rise edge)
   0.0000   20.0000   clock network delay (ideal)
   0.0000   20.0000   clock reconvergence pessimism
            20.0000 ^ fpu_exe_unit/FPUUnit/fpu/sfma/fma/_6709_/CLK (sky130_fd_sc_hd__dfxtp_1)
  -0.1168   19.8832   library setup time
            19.8832   data required time
-------------------------------------------------------------
            19.8832   data required time
           -14.9369   data arrival time
-------------------------------------------------------------
             4.9462   slack (MET)


Startpoint: fpu_exe_unit/FPUUnit/fpu/sfma/_677_
            (rising edge-triggered flip-flop clocked by clock)
Endpoint: fpu_exe_unit/FPUUnit/fpu/sfma/fma/_6710_
          (rising edge-triggered flip-flop clocked by clock)
Path Group: clock
Path Type: max

    Delay      Time   Description
-------------------------------------------------------------
   0.0000    0.0000   clock clock (rise edge)
   0.0000    0.0000   clock network delay (ideal)
   0.0000    0.0000 ^ fpu_exe_unit/FPUUnit/fpu/sfma/_677_/CLK (sky130_fd_sc_hd__dfxtp_1)
   0.3060    0.3060 v fpu_exe_unit/FPUUnit/fpu/sfma/_677_/Q (sky130_fd_sc_hd__dfxtp_1)
   0.1825    0.4885 v fpu_exe_unit/FPUUnit/fpu/sfma/fma/mulAddRecFNToRaw_preMul/_0566_/X (sky130_fd_sc_hd__xor2_1)
   0.2034    0.6919 v fpu_exe_unit/FPUUnit/fpu/sfma/fma/mulAddRecFNToRaw_preMul/_0567_/X (sky130_fd_sc_hd__lpflow_inputiso0n_1)
   0.3854    1.0773 v fpu_exe_unit/FPUUnit/fpu/sfma/fma/mulAddRecFNToRaw_preMul/_0568_/X (sky130_fd_sc_hd__maj3_1)
   0.4191    1.4964 v fpu_exe_unit/FPUUnit/fpu/sfma/fma/mulAddRecFNToRaw_preMul/_0569_/X (sky130_fd_sc_hd__maj3_1)
   0.4032    1.8996 v fpu_exe_unit/FPUUnit/fpu/sfma/fma/mulAddRecFNToRaw_preMul/_0570_/X (sky130_fd_sc_hd__maj3_1)
   0.3976    2.2972 v fpu_exe_unit/FPUUnit/fpu/sfma/fma/mulAddRecFNToRaw_preMul/_0571_/X (sky130_fd_sc_hd__maj3_1)
   0.3907    2.6879 v fpu_exe_unit/FPUUnit/fpu/sfma/fma/mulAddRecFNToRaw_preMul/_0572_/X (sky130_fd_sc_hd__maj3_1)
   0.3886    3.0765 v fpu_exe_unit/FPUUnit/fpu/sfma/fma/mulAddRecFNToRaw_preMul/_0573_/X (sky130_fd_sc_hd__maj3_1)
   0.3886    3.4652 v fpu_exe_unit/FPUUnit/fpu/sfma/fma/mulAddRecFNToRaw_preMul/_0574_/X (sky130_fd_sc_hd__maj3_1)
   0.3681    3.8332 v fpu_exe_unit/FPUUnit/fpu/sfma/fma/mulAddRecFNToRaw_preMul/_0575_/X (sky130_fd_sc_hd__maj3_1)
   0.1861    4.0194 v fpu_exe_unit/FPUUnit/fpu/sfma/fma/mulAddRecFNToRaw_preMul/_0578_/X (sky130_fd_sc_hd__lpflow_inputiso0n_1)
   0.6005    4.6199 ^ fpu_exe_unit/FPUUnit/fpu/sfma/fma/mulAddRecFNToRaw_preMul/_0610_/Y (sky130_fd_sc_hd__nor3_1)
   0.2361    4.8560 ^ fpu_exe_unit/FPUUnit/fpu/sfma/fma/mulAddRecFNToRaw_preMul/_0613_/X (sky130_fd_sc_hd__a21o_1)
   0.3278    5.1838 ^ fpu_exe_unit/FPUUnit/fpu/sfma/fma/mulAddRecFNToRaw_preMul/_0685_/X (sky130_fd_sc_hd__lpflow_clkbufkapwr_1)
   0.4536    5.6374 ^ fpu_exe_unit/FPUUnit/fpu/sfma/fma/mulAddRecFNToRaw_preMul/_0686_/X (sky130_fd_sc_hd__lpflow_clkbufkapwr_1)
   0.1968    5.8341 v fpu_exe_unit/FPUUnit/fpu/sfma/fma/mulAddRecFNToRaw_preMul/_0754_/Y (sky130_fd_sc_hd__o21ai_0)
   0.1553    5.9894 ^ fpu_exe_unit/FPUUnit/fpu/sfma/fma/mulAddRecFNToRaw_preMul/_0755_/Y (sky130_fd_sc_hd__o211ai_1)
   0.0735    6.0629 v fpu_exe_unit/FPUUnit/fpu/sfma/fma/mulAddRecFNToRaw_preMul/_0942_/Y (sky130_fd_sc_hd__nand2_1)
   0.2679    6.3308 v fpu_exe_unit/FPUUnit/fpu/sfma/fma/mulAddRecFNToRaw_preMul/_0943_/X (sky130_fd_sc_hd__mux2_2)
   0.1675    6.4983 ^ fpu_exe_unit/FPUUnit/fpu/sfma/fma/mulAddRecFNToRaw_preMul/_0944_/Y (sky130_fd_sc_hd__mux2i_1)
   0.0591    6.5575 v fpu_exe_unit/FPUUnit/fpu/sfma/fma/mulAddRecFNToRaw_preMul/_0945_/Y (sky130_fd_sc_hd__nor2_1)
   0.1861    6.7436 v fpu_exe_unit/FPUUnit/fpu/sfma/fma/mulAddRecFNToRaw_preMul/_0951_/X (sky130_fd_sc_hd__o21a_1)
   0.3782    7.1218 v fpu_exe_unit/FPUUnit/fpu/sfma/fma/_3489_/X (sky130_fd_sc_hd__xnor3_1)
   0.3906    7.5125 v fpu_exe_unit/FPUUnit/fpu/sfma/fma/_3503_/X (sky130_fd_sc_hd__maj3_1)
   0.3213    7.8338 ^ fpu_exe_unit/FPUUnit/fpu/sfma/fma/_3514_/Y (sky130_fd_sc_hd__xnor2_1)
   0.4135    8.2473 v fpu_exe_unit/FPUUnit/fpu/sfma/fma/_3525_/X (sky130_fd_sc_hd__xnor3_1)
   0.1651    8.4123 v fpu_exe_unit/FPUUnit/fpu/sfma/fma/_3534_/X (sky130_fd_sc_hd__xor2_1)
   0.2903    8.7027 v fpu_exe_unit/FPUUnit/fpu/sfma/fma/_3535_/X (sky130_fd_sc_hd__or2_2)
   0.4226    9.1252 ^ fpu_exe_unit/FPUUnit/fpu/sfma/fma/_3572_/X (sky130_fd_sc_hd__xnor3_1)
   0.1500    9.2752 v fpu_exe_unit/FPUUnit/fpu/sfma/fma/_3573_/Y (sky130_fd_sc_hd__nand4b_1)
   0.3003    9.5755 ^ fpu_exe_unit/FPUUnit/fpu/sfma/fma/_3674_/Y (sky130_fd_sc_hd__a32oi_1)
   0.2540    9.8296 ^ fpu_exe_unit/FPUUnit/fpu/sfma/fma/_3679_/X (sky130_fd_sc_hd__maj3_1)
   0.0915    9.9211 v fpu_exe_unit/FPUUnit/fpu/sfma/fma/_3733_/Y (sky130_fd_sc_hd__a21oi_1)
   0.2497   10.1708 ^ fpu_exe_unit/FPUUnit/fpu/sfma/fma/_3795_/Y (sky130_fd_sc_hd__o21ai_0)
   0.1322   10.3030 v fpu_exe_unit/FPUUnit/fpu/sfma/fma/_3859_/Y (sky130_fd_sc_hd__a21oi_1)
   0.2693   10.5723 ^ fpu_exe_unit/FPUUnit/fpu/sfma/fma/_3934_/Y (sky130_fd_sc_hd__o21ai_0)
   0.1548   10.7271 v fpu_exe_unit/FPUUnit/fpu/sfma/fma/_4024_/Y (sky130_fd_sc_hd__a21oi_1)
   0.1944   10.9215 ^ fpu_exe_unit/FPUUnit/fpu/sfma/fma/_4504_/Y (sky130_fd_sc_hd__o211ai_1)
   0.1157   11.0371 v fpu_exe_unit/FPUUnit/fpu/sfma/fma/_4506_/Y (sky130_fd_sc_hd__a311oi_1)
   0.4302   11.4673 ^ fpu_exe_unit/FPUUnit/fpu/sfma/fma/_4727_/Y (sky130_fd_sc_hd__o311ai_0)
   0.2685   11.7358 ^ fpu_exe_unit/FPUUnit/fpu/sfma/fma/_4859_/X (sky130_fd_sc_hd__a41o_1)
   0.2143   11.9502 ^ fpu_exe_unit/FPUUnit/fpu/sfma/fma/_5098_/X (sky130_fd_sc_hd__a311o_1)
   0.1377   12.0879 v fpu_exe_unit/FPUUnit/fpu/sfma/fma/_5315_/Y (sky130_fd_sc_hd__a31oi_1)
   0.3582   12.4461 v fpu_exe_unit/FPUUnit/fpu/sfma/fma/_5521_/X (sky130_fd_sc_hd__o31a_1)
   0.2179   12.6640 v fpu_exe_unit/FPUUnit/fpu/sfma/fma/_5724_/X (sky130_fd_sc_hd__o21a_1)
   0.3957   13.0597 ^ fpu_exe_unit/FPUUnit/fpu/sfma/fma/_5894_/Y (sky130_fd_sc_hd__o31ai_1)
   0.2506   13.3102 ^ fpu_exe_unit/FPUUnit/fpu/sfma/fma/_6048_/X (sky130_fd_sc_hd__a31o_2)
   0.1211   13.4313 v fpu_exe_unit/FPUUnit/fpu/sfma/fma/_6182_/Y (sky130_fd_sc_hd__a31oi_1)
   0.3858   13.8171 ^ fpu_exe_unit/FPUUnit/fpu/sfma/fma/_6293_/Y (sky130_fd_sc_hd__o21ai_0)
   0.1672   13.9843 v fpu_exe_unit/FPUUnit/fpu/sfma/fma/_6460_/Y (sky130_fd_sc_hd__nand4_1)
   0.2653   14.2496 ^ fpu_exe_unit/FPUUnit/fpu/sfma/fma/_6484_/Y (sky130_fd_sc_hd__a21oi_1)
   0.1236   14.3732 v fpu_exe_unit/FPUUnit/fpu/sfma/fma/_6528_/Y (sky130_fd_sc_hd__o31ai_1)
   0.3688   14.7420 v fpu_exe_unit/FPUUnit/fpu/sfma/fma/_6547_/X (sky130_fd_sc_hd__or3_1)
   0.1178   14.8598 ^ fpu_exe_unit/FPUUnit/fpu/sfma/fma/_6552_/Y (sky130_fd_sc_hd__a21oi_1)
   0.0035   14.8632 ^ fpu_exe_unit/FPUUnit/fpu/sfma/fma/_6710_/D (sky130_fd_sc_hd__dfxtp_1)
            14.8632   data arrival time

  20.0000   20.0000   clock clock (rise edge)
   0.0000   20.0000   clock network delay (ideal)
   0.0000   20.0000   clock reconvergence pessimism
            20.0000 ^ fpu_exe_unit/FPUUnit/fpu/sfma/fma/_6710_/CLK (sky130_fd_sc_hd__dfxtp_1)
  -0.0711   19.9289   library setup time
            19.9289   data required time
-------------------------------------------------------------
            19.9289   data required time
           -14.8632   data arrival time
-------------------------------------------------------------
             5.0657   slack (MET)


Startpoint: fpu_exe_unit/FPUUnit/fpu/dfma/_1310_
            (rising edge-triggered flip-flop clocked by clock)
Endpoint: fpu_exe_unit/FPUUnit/fpu/dfma/fma/_31066_
          (rising edge-triggered flip-flop clocked by clock)
Path Group: clock
Path Type: max

    Delay      Time   Description
-------------------------------------------------------------
   0.0000    0.0000   clock clock (rise edge)
   0.0000    0.0000   clock network delay (ideal)
   0.0000    0.0000 ^ fpu_exe_unit/FPUUnit/fpu/dfma/_1310_/CLK (sky130_fd_sc_hd__dfxtp_1)
   0.2995    0.2995 v fpu_exe_unit/FPUUnit/fpu/dfma/_1310_/Q (sky130_fd_sc_hd__dfxtp_1)
   0.1614    0.4609 v fpu_exe_unit/FPUUnit/fpu/dfma/fma/mulAddRecFNToRaw_preMul/_1092_/Y (sky130_fd_sc_hd__xnor2_1)
   0.3226    0.7835 ^ fpu_exe_unit/FPUUnit/fpu/dfma/fma/mulAddRecFNToRaw_preMul/_1094_/Y (sky130_fd_sc_hd__o21ai_0)
   0.1761    0.9596 v fpu_exe_unit/FPUUnit/fpu/dfma/fma/mulAddRecFNToRaw_preMul/_1097_/Y (sky130_fd_sc_hd__a31oi_1)
   0.4045    1.3640 v fpu_exe_unit/FPUUnit/fpu/dfma/fma/mulAddRecFNToRaw_preMul/_1098_/X (sky130_fd_sc_hd__maj3_1)
   0.3959    1.7600 v fpu_exe_unit/FPUUnit/fpu/dfma/fma/mulAddRecFNToRaw_preMul/_1099_/X (sky130_fd_sc_hd__maj3_1)
   0.3973    2.1573 v fpu_exe_unit/FPUUnit/fpu/dfma/fma/mulAddRecFNToRaw_preMul/_1100_/X (sky130_fd_sc_hd__maj3_1)
   0.4055    2.5628 v fpu_exe_unit/FPUUnit/fpu/dfma/fma/mulAddRecFNToRaw_preMul/_1101_/X (sky130_fd_sc_hd__maj3_1)
   0.3551    2.9179 v fpu_exe_unit/FPUUnit/fpu/dfma/fma/mulAddRecFNToRaw_preMul/_1121_/X (sky130_fd_sc_hd__maj3_1)
   0.2007    3.1186 v fpu_exe_unit/FPUUnit/fpu/dfma/fma/mulAddRecFNToRaw_preMul/_1122_/X (sky130_fd_sc_hd__xor2_1)
   0.1942    3.3128 ^ fpu_exe_unit/FPUUnit/fpu/dfma/fma/mulAddRecFNToRaw_preMul/_1152_/Y (sky130_fd_sc_hd__o221ai_1)
   0.1518    3.4647 v fpu_exe_unit/FPUUnit/fpu/dfma/fma/mulAddRecFNToRaw_preMul/_1158_/Y (sky130_fd_sc_hd__a32oi_1)
   0.4189    3.8835 v fpu_exe_unit/FPUUnit/fpu/dfma/fma/mulAddRecFNToRaw_preMul/_1159_/X (sky130_fd_sc_hd__maj3_1)
   0.2588    4.1424 v fpu_exe_unit/FPUUnit/fpu/dfma/fma/mulAddRecFNToRaw_preMul/_1177_/X (sky130_fd_sc_hd__o2111a_1)
   0.1835    4.3259 v fpu_exe_unit/FPUUnit/fpu/dfma/fma/mulAddRecFNToRaw_preMul/_1178_/X (sky130_fd_sc_hd__clkbuf_1)
   0.1411    4.4670 ^ fpu_exe_unit/FPUUnit/fpu/dfma/fma/mulAddRecFNToRaw_preMul/_1203_/Y (sky130_fd_sc_hd__nand4_1)
   0.3339    4.8008 ^ fpu_exe_unit/FPUUnit/fpu/dfma/fma/mulAddRecFNToRaw_preMul/_1204_/X (sky130_fd_sc_hd__lpflow_clkbufkapwr_1)
   0.3198    5.1206 ^ fpu_exe_unit/FPUUnit/fpu/dfma/fma/mulAddRecFNToRaw_preMul/_1307_/X (sky130_fd_sc_hd__buf_2)
   0.4406    5.5612 ^ fpu_exe_unit/FPUUnit/fpu/dfma/fma/mulAddRecFNToRaw_preMul/_1308_/X (sky130_fd_sc_hd__lpflow_clkbufkapwr_1)
   0.4049    5.9661 v fpu_exe_unit/FPUUnit/fpu/dfma/fma/mulAddRecFNToRaw_preMul/_1618_/X (sky130_fd_sc_hd__mux2_2)
   0.1693    6.1354 ^ fpu_exe_unit/FPUUnit/fpu/dfma/fma/mulAddRecFNToRaw_preMul/_1760_/Y (sky130_fd_sc_hd__mux2i_1)
   0.0586    6.1940 v fpu_exe_unit/FPUUnit/fpu/dfma/fma/mulAddRecFNToRaw_preMul/_1761_/Y (sky130_fd_sc_hd__nor2_1)
   0.1499    6.3440 ^ fpu_exe_unit/FPUUnit/fpu/dfma/fma/mulAddRecFNToRaw_preMul/_1762_/Y (sky130_fd_sc_hd__a21oi_1)
   0.1072    6.4511 v fpu_exe_unit/FPUUnit/fpu/dfma/fma/mulAddRecFNToRaw_preMul/_1763_/Y (sky130_fd_sc_hd__mux2i_1)
   0.2246    6.6758 ^ fpu_exe_unit/FPUUnit/fpu/dfma/fma/mulAddRecFNToRaw_preMul/_1764_/Y (sky130_fd_sc_hd__a21oi_1)
   0.0630    6.7388 v fpu_exe_unit/FPUUnit/fpu/dfma/fma/mulAddRecFNToRaw_preMul/_1765_/Y (sky130_fd_sc_hd__nor2_1)
   0.1979    6.9367 v fpu_exe_unit/FPUUnit/fpu/dfma/fma/mulAddRecFNToRaw_preMul/_1766_/X (sky130_fd_sc_hd__o22a_1)
   0.3822    7.3188 v fpu_exe_unit/FPUUnit/fpu/dfma/fma/_15656_/X (sky130_fd_sc_hd__xnor3_1)
   0.3964    7.7153 v fpu_exe_unit/FPUUnit/fpu/dfma/fma/_15669_/X (sky130_fd_sc_hd__maj3_1)
   0.3777    8.0930 v fpu_exe_unit/FPUUnit/fpu/dfma/fma/_15690_/X (sky130_fd_sc_hd__maj3_1)
   0.3929    8.4858 v fpu_exe_unit/FPUUnit/fpu/dfma/fma/_15718_/X (sky130_fd_sc_hd__maj3_1)
   0.3979    8.8837 v fpu_exe_unit/FPUUnit/fpu/dfma/fma/_15741_/X (sky130_fd_sc_hd__xor3_1)
   0.1695    9.0532 ^ fpu_exe_unit/FPUUnit/fpu/dfma/fma/_15751_/Y (sky130_fd_sc_hd__nor2_1)
   0.2943    9.3475 ^ fpu_exe_unit/FPUUnit/fpu/dfma/fma/_15789_/X (sky130_fd_sc_hd__xor3_1)
   0.1440    9.4915 v fpu_exe_unit/FPUUnit/fpu/dfma/fma/_15790_/Y (sky130_fd_sc_hd__nand4bb_1)
   0.3515    9.8430 v fpu_exe_unit/FPUUnit/fpu/dfma/fma/_15837_/X (sky130_fd_sc_hd__or2_2)
   0.3724   10.2154 v fpu_exe_unit/FPUUnit/fpu/dfma/fma/_15891_/X (sky130_fd_sc_hd__maj3_1)
   0.3778   10.5932 v fpu_exe_unit/FPUUnit/fpu/dfma/fma/_15946_/X (sky130_fd_sc_hd__maj3_1)
   0.3853   10.9785 v fpu_exe_unit/FPUUnit/fpu/dfma/fma/_16018_/X (sky130_fd_sc_hd__maj3_1)
   0.3669   11.3454 v fpu_exe_unit/FPUUnit/fpu/dfma/fma/_16084_/X (sky130_fd_sc_hd__maj3_1)
   0.3753   11.7207 v fpu_exe_unit/FPUUnit/fpu/dfma/fma/_16150_/X (sky130_fd_sc_hd__maj3_1)
   0.3716   12.0924 v fpu_exe_unit/FPUUnit/fpu/dfma/fma/_16236_/X (sky130_fd_sc_hd__maj3_1)
   0.3656   12.4580 v fpu_exe_unit/FPUUnit/fpu/dfma/fma/_16331_/X (sky130_fd_sc_hd__maj3_1)
   0.3227   12.7806 ^ fpu_exe_unit/FPUUnit/fpu/dfma/fma/_16425_/Y (sky130_fd_sc_hd__o21ai_0)
   0.1187   12.8993 v fpu_exe_unit/FPUUnit/fpu/dfma/fma/_16955_/Y (sky130_fd_sc_hd__a211oi_1)
   0.3448   13.2441 ^ fpu_exe_unit/FPUUnit/fpu/dfma/fma/_16956_/Y (sky130_fd_sc_hd__o311ai_0)
   0.1911   13.4352 v fpu_exe_unit/FPUUnit/fpu/dfma/fma/_17093_/Y (sky130_fd_sc_hd__nand4_1)
   0.3235   13.7588 ^ fpu_exe_unit/FPUUnit/fpu/dfma/fma/_17388_/Y (sky130_fd_sc_hd__a211oi_1)
   0.1962   13.9550 v fpu_exe_unit/FPUUnit/fpu/dfma/fma/_17685_/Y (sky130_fd_sc_hd__o311ai_0)
   0.2651   14.2201 ^ fpu_exe_unit/FPUUnit/fpu/dfma/fma/_17989_/Y (sky130_fd_sc_hd__a211oi_1)
   0.1397   14.3598 v fpu_exe_unit/FPUUnit/fpu/dfma/fma/_18300_/Y (sky130_fd_sc_hd__o211ai_1)
   0.1831   14.5429 v fpu_exe_unit/FPUUnit/fpu/dfma/fma/_18302_/X (sky130_fd_sc_hd__lpflow_inputiso0n_1)
   0.1561   14.6990 ^ fpu_exe_unit/FPUUnit/fpu/dfma/fma/_18461_/Y (sky130_fd_sc_hd__xnor2_1)
   0.0787   14.7776 v fpu_exe_unit/FPUUnit/fpu/dfma/fma/_18463_/Y (sky130_fd_sc_hd__a21oi_1)
   0.0035   14.7811 v fpu_exe_unit/FPUUnit/fpu/dfma/fma/_31066_/D (sky130_fd_sc_hd__dfxtp_1)
            14.7811   data arrival time

  20.0000   20.0000   clock clock (rise edge)
   0.0000   20.0000   clock network delay (ideal)
   0.0000   20.0000   clock reconvergence pessimism
            20.0000 ^ fpu_exe_unit/FPUUnit/fpu/dfma/fma/_31066_/CLK (sky130_fd_sc_hd__dfxtp_1)
  -0.1345   19.8655   library setup time
            19.8655   data required time
-------------------------------------------------------------
            19.8655   data required time
           -14.7811   data arrival time
-------------------------------------------------------------
             5.0844   slack (MET)


Startpoint: fpu_exe_unit/FPUUnit/fpu/dfma/_1310_
            (rising edge-triggered flip-flop clocked by clock)
Endpoint: fpu_exe_unit/FPUUnit/fpu/dfma/fma/_31065_
          (rising edge-triggered flip-flop clocked by clock)
Path Group: clock
Path Type: max

    Delay      Time   Description
-------------------------------------------------------------
   0.0000    0.0000   clock clock (rise edge)
   0.0000    0.0000   clock network delay (ideal)
   0.0000    0.0000 ^ fpu_exe_unit/FPUUnit/fpu/dfma/_1310_/CLK (sky130_fd_sc_hd__dfxtp_1)
   0.2995    0.2995 v fpu_exe_unit/FPUUnit/fpu/dfma/_1310_/Q (sky130_fd_sc_hd__dfxtp_1)
   0.1614    0.4609 v fpu_exe_unit/FPUUnit/fpu/dfma/fma/mulAddRecFNToRaw_preMul/_1092_/Y (sky130_fd_sc_hd__xnor2_1)
   0.3226    0.7835 ^ fpu_exe_unit/FPUUnit/fpu/dfma/fma/mulAddRecFNToRaw_preMul/_1094_/Y (sky130_fd_sc_hd__o21ai_0)
   0.1761    0.9596 v fpu_exe_unit/FPUUnit/fpu/dfma/fma/mulAddRecFNToRaw_preMul/_1097_/Y (sky130_fd_sc_hd__a31oi_1)
   0.4045    1.3640 v fpu_exe_unit/FPUUnit/fpu/dfma/fma/mulAddRecFNToRaw_preMul/_1098_/X (sky130_fd_sc_hd__maj3_1)
   0.3959    1.7600 v fpu_exe_unit/FPUUnit/fpu/dfma/fma/mulAddRecFNToRaw_preMul/_1099_/X (sky130_fd_sc_hd__maj3_1)
   0.3973    2.1573 v fpu_exe_unit/FPUUnit/fpu/dfma/fma/mulAddRecFNToRaw_preMul/_1100_/X (sky130_fd_sc_hd__maj3_1)
   0.4055    2.5628 v fpu_exe_unit/FPUUnit/fpu/dfma/fma/mulAddRecFNToRaw_preMul/_1101_/X (sky130_fd_sc_hd__maj3_1)
   0.3551    2.9179 v fpu_exe_unit/FPUUnit/fpu/dfma/fma/mulAddRecFNToRaw_preMul/_1121_/X (sky130_fd_sc_hd__maj3_1)
   0.2007    3.1186 v fpu_exe_unit/FPUUnit/fpu/dfma/fma/mulAddRecFNToRaw_preMul/_1122_/X (sky130_fd_sc_hd__xor2_1)
   0.1942    3.3128 ^ fpu_exe_unit/FPUUnit/fpu/dfma/fma/mulAddRecFNToRaw_preMul/_1152_/Y (sky130_fd_sc_hd__o221ai_1)
   0.1518    3.4647 v fpu_exe_unit/FPUUnit/fpu/dfma/fma/mulAddRecFNToRaw_preMul/_1158_/Y (sky130_fd_sc_hd__a32oi_1)
   0.4189    3.8835 v fpu_exe_unit/FPUUnit/fpu/dfma/fma/mulAddRecFNToRaw_preMul/_1159_/X (sky130_fd_sc_hd__maj3_1)
   0.2588    4.1424 v fpu_exe_unit/FPUUnit/fpu/dfma/fma/mulAddRecFNToRaw_preMul/_1177_/X (sky130_fd_sc_hd__o2111a_1)
   0.1835    4.3259 v fpu_exe_unit/FPUUnit/fpu/dfma/fma/mulAddRecFNToRaw_preMul/_1178_/X (sky130_fd_sc_hd__clkbuf_1)
   0.1411    4.4670 ^ fpu_exe_unit/FPUUnit/fpu/dfma/fma/mulAddRecFNToRaw_preMul/_1203_/Y (sky130_fd_sc_hd__nand4_1)
   0.3339    4.8008 ^ fpu_exe_unit/FPUUnit/fpu/dfma/fma/mulAddRecFNToRaw_preMul/_1204_/X (sky130_fd_sc_hd__lpflow_clkbufkapwr_1)
   0.3198    5.1206 ^ fpu_exe_unit/FPUUnit/fpu/dfma/fma/mulAddRecFNToRaw_preMul/_1307_/X (sky130_fd_sc_hd__buf_2)
   0.4406    5.5612 ^ fpu_exe_unit/FPUUnit/fpu/dfma/fma/mulAddRecFNToRaw_preMul/_1308_/X (sky130_fd_sc_hd__lpflow_clkbufkapwr_1)
   0.4049    5.9661 v fpu_exe_unit/FPUUnit/fpu/dfma/fma/mulAddRecFNToRaw_preMul/_1618_/X (sky130_fd_sc_hd__mux2_2)
   0.1693    6.1354 ^ fpu_exe_unit/FPUUnit/fpu/dfma/fma/mulAddRecFNToRaw_preMul/_1760_/Y (sky130_fd_sc_hd__mux2i_1)
   0.0586    6.1940 v fpu_exe_unit/FPUUnit/fpu/dfma/fma/mulAddRecFNToRaw_preMul/_1761_/Y (sky130_fd_sc_hd__nor2_1)
   0.1499    6.3440 ^ fpu_exe_unit/FPUUnit/fpu/dfma/fma/mulAddRecFNToRaw_preMul/_1762_/Y (sky130_fd_sc_hd__a21oi_1)
   0.1072    6.4511 v fpu_exe_unit/FPUUnit/fpu/dfma/fma/mulAddRecFNToRaw_preMul/_1763_/Y (sky130_fd_sc_hd__mux2i_1)
   0.2246    6.6758 ^ fpu_exe_unit/FPUUnit/fpu/dfma/fma/mulAddRecFNToRaw_preMul/_1764_/Y (sky130_fd_sc_hd__a21oi_1)
   0.0630    6.7388 v fpu_exe_unit/FPUUnit/fpu/dfma/fma/mulAddRecFNToRaw_preMul/_1765_/Y (sky130_fd_sc_hd__nor2_1)
   0.1979    6.9367 v fpu_exe_unit/FPUUnit/fpu/dfma/fma/mulAddRecFNToRaw_preMul/_1766_/X (sky130_fd_sc_hd__o22a_1)
   0.3822    7.3188 v fpu_exe_unit/FPUUnit/fpu/dfma/fma/_15656_/X (sky130_fd_sc_hd__xnor3_1)
   0.3964    7.7153 v fpu_exe_unit/FPUUnit/fpu/dfma/fma/_15669_/X (sky130_fd_sc_hd__maj3_1)
   0.3777    8.0930 v fpu_exe_unit/FPUUnit/fpu/dfma/fma/_15690_/X (sky130_fd_sc_hd__maj3_1)
   0.3929    8.4858 v fpu_exe_unit/FPUUnit/fpu/dfma/fma/_15718_/X (sky130_fd_sc_hd__maj3_1)
   0.3979    8.8837 v fpu_exe_unit/FPUUnit/fpu/dfma/fma/_15741_/X (sky130_fd_sc_hd__xor3_1)
   0.1695    9.0532 ^ fpu_exe_unit/FPUUnit/fpu/dfma/fma/_15751_/Y (sky130_fd_sc_hd__nor2_1)
   0.2943    9.3475 ^ fpu_exe_unit/FPUUnit/fpu/dfma/fma/_15789_/X (sky130_fd_sc_hd__xor3_1)
   0.1440    9.4915 v fpu_exe_unit/FPUUnit/fpu/dfma/fma/_15790_/Y (sky130_fd_sc_hd__nand4bb_1)
   0.3515    9.8430 v fpu_exe_unit/FPUUnit/fpu/dfma/fma/_15837_/X (sky130_fd_sc_hd__or2_2)
   0.3724   10.2154 v fpu_exe_unit/FPUUnit/fpu/dfma/fma/_15891_/X (sky130_fd_sc_hd__maj3_1)
   0.3778   10.5932 v fpu_exe_unit/FPUUnit/fpu/dfma/fma/_15946_/X (sky130_fd_sc_hd__maj3_1)
   0.3853   10.9785 v fpu_exe_unit/FPUUnit/fpu/dfma/fma/_16018_/X (sky130_fd_sc_hd__maj3_1)
   0.3669   11.3454 v fpu_exe_unit/FPUUnit/fpu/dfma/fma/_16084_/X (sky130_fd_sc_hd__maj3_1)
   0.3753   11.7207 v fpu_exe_unit/FPUUnit/fpu/dfma/fma/_16150_/X (sky130_fd_sc_hd__maj3_1)
   0.3716   12.0924 v fpu_exe_unit/FPUUnit/fpu/dfma/fma/_16236_/X (sky130_fd_sc_hd__maj3_1)
   0.3656   12.4580 v fpu_exe_unit/FPUUnit/fpu/dfma/fma/_16331_/X (sky130_fd_sc_hd__maj3_1)
   0.3227   12.7806 ^ fpu_exe_unit/FPUUnit/fpu/dfma/fma/_16425_/Y (sky130_fd_sc_hd__o21ai_0)
   0.1187   12.8993 v fpu_exe_unit/FPUUnit/fpu/dfma/fma/_16955_/Y (sky130_fd_sc_hd__a211oi_1)
   0.3448   13.2441 ^ fpu_exe_unit/FPUUnit/fpu/dfma/fma/_16956_/Y (sky130_fd_sc_hd__o311ai_0)
   0.1911   13.4352 v fpu_exe_unit/FPUUnit/fpu/dfma/fma/_17093_/Y (sky130_fd_sc_hd__nand4_1)
   0.3235   13.7588 ^ fpu_exe_unit/FPUUnit/fpu/dfma/fma/_17388_/Y (sky130_fd_sc_hd__a211oi_1)
   0.1962   13.9550 v fpu_exe_unit/FPUUnit/fpu/dfma/fma/_17685_/Y (sky130_fd_sc_hd__o311ai_0)
   0.2651   14.2201 ^ fpu_exe_unit/FPUUnit/fpu/dfma/fma/_17989_/Y (sky130_fd_sc_hd__a211oi_1)
   0.1706   14.3907 ^ fpu_exe_unit/FPUUnit/fpu/dfma/fma/_17991_/X (sky130_fd_sc_hd__or2_2)
   0.0477   14.4383 v fpu_exe_unit/FPUUnit/fpu/dfma/fma/_18146_/Y (sky130_fd_sc_hd__nand2_1)
   0.0825   14.5208 ^ fpu_exe_unit/FPUUnit/fpu/dfma/fma/_18147_/Y (sky130_fd_sc_hd__nand2_1)
   0.1192   14.6400 ^ fpu_exe_unit/FPUUnit/fpu/dfma/fma/_18297_/Y (sky130_fd_sc_hd__xnor2_1)
   0.0787   14.7187 v fpu_exe_unit/FPUUnit/fpu/dfma/fma/_18299_/Y (sky130_fd_sc_hd__a21oi_1)
   0.0035   14.7221 v fpu_exe_unit/FPUUnit/fpu/dfma/fma/_31065_/D (sky130_fd_sc_hd__dfxtp_1)
            14.7221   data arrival time

  20.0000   20.0000   clock clock (rise edge)
   0.0000   20.0000   clock network delay (ideal)
   0.0000   20.0000   clock reconvergence pessimism
            20.0000 ^ fpu_exe_unit/FPUUnit/fpu/dfma/fma/_31065_/CLK (sky130_fd_sc_hd__dfxtp_1)
  -0.1345   19.8655   library setup time
            19.8655   data required time
-------------------------------------------------------------
            19.8655   data required time
           -14.7221   data arrival time
-------------------------------------------------------------
             5.1434   slack (MET)


Startpoint: fpu_exe_unit/FPUUnit/fpu/sfma/_677_
            (rising edge-triggered flip-flop clocked by clock)
Endpoint: fpu_exe_unit/FPUUnit/fpu/sfma/fma/_6708_
          (rising edge-triggered flip-flop clocked by clock)
Path Group: clock
Path Type: max

    Delay      Time   Description
-------------------------------------------------------------
   0.0000    0.0000   clock clock (rise edge)
   0.0000    0.0000   clock network delay (ideal)
   0.0000    0.0000 ^ fpu_exe_unit/FPUUnit/fpu/sfma/_677_/CLK (sky130_fd_sc_hd__dfxtp_1)
   0.3060    0.3060 v fpu_exe_unit/FPUUnit/fpu/sfma/_677_/Q (sky130_fd_sc_hd__dfxtp_1)
   0.1825    0.4885 v fpu_exe_unit/FPUUnit/fpu/sfma/fma/mulAddRecFNToRaw_preMul/_0566_/X (sky130_fd_sc_hd__xor2_1)
   0.2034    0.6919 v fpu_exe_unit/FPUUnit/fpu/sfma/fma/mulAddRecFNToRaw_preMul/_0567_/X (sky130_fd_sc_hd__lpflow_inputiso0n_1)
   0.3854    1.0773 v fpu_exe_unit/FPUUnit/fpu/sfma/fma/mulAddRecFNToRaw_preMul/_0568_/X (sky130_fd_sc_hd__maj3_1)
   0.4191    1.4964 v fpu_exe_unit/FPUUnit/fpu/sfma/fma/mulAddRecFNToRaw_preMul/_0569_/X (sky130_fd_sc_hd__maj3_1)
   0.4032    1.8996 v fpu_exe_unit/FPUUnit/fpu/sfma/fma/mulAddRecFNToRaw_preMul/_0570_/X (sky130_fd_sc_hd__maj3_1)
   0.3976    2.2972 v fpu_exe_unit/FPUUnit/fpu/sfma/fma/mulAddRecFNToRaw_preMul/_0571_/X (sky130_fd_sc_hd__maj3_1)
   0.3907    2.6879 v fpu_exe_unit/FPUUnit/fpu/sfma/fma/mulAddRecFNToRaw_preMul/_0572_/X (sky130_fd_sc_hd__maj3_1)
   0.3886    3.0765 v fpu_exe_unit/FPUUnit/fpu/sfma/fma/mulAddRecFNToRaw_preMul/_0573_/X (sky130_fd_sc_hd__maj3_1)
   0.3886    3.4652 v fpu_exe_unit/FPUUnit/fpu/sfma/fma/mulAddRecFNToRaw_preMul/_0574_/X (sky130_fd_sc_hd__maj3_1)
   0.3681    3.8332 v fpu_exe_unit/FPUUnit/fpu/sfma/fma/mulAddRecFNToRaw_preMul/_0575_/X (sky130_fd_sc_hd__maj3_1)
   0.1861    4.0194 v fpu_exe_unit/FPUUnit/fpu/sfma/fma/mulAddRecFNToRaw_preMul/_0578_/X (sky130_fd_sc_hd__lpflow_inputiso0n_1)
   0.6005    4.6199 ^ fpu_exe_unit/FPUUnit/fpu/sfma/fma/mulAddRecFNToRaw_preMul/_0610_/Y (sky130_fd_sc_hd__nor3_1)
   0.2361    4.8560 ^ fpu_exe_unit/FPUUnit/fpu/sfma/fma/mulAddRecFNToRaw_preMul/_0613_/X (sky130_fd_sc_hd__a21o_1)
   0.3278    5.1838 ^ fpu_exe_unit/FPUUnit/fpu/sfma/fma/mulAddRecFNToRaw_preMul/_0685_/X (sky130_fd_sc_hd__lpflow_clkbufkapwr_1)
   0.4536    5.6374 ^ fpu_exe_unit/FPUUnit/fpu/sfma/fma/mulAddRecFNToRaw_preMul/_0686_/X (sky130_fd_sc_hd__lpflow_clkbufkapwr_1)
   0.1968    5.8341 v fpu_exe_unit/FPUUnit/fpu/sfma/fma/mulAddRecFNToRaw_preMul/_0754_/Y (sky130_fd_sc_hd__o21ai_0)
   0.1553    5.9894 ^ fpu_exe_unit/FPUUnit/fpu/sfma/fma/mulAddRecFNToRaw_preMul/_0755_/Y (sky130_fd_sc_hd__o211ai_1)
   0.0735    6.0629 v fpu_exe_unit/FPUUnit/fpu/sfma/fma/mulAddRecFNToRaw_preMul/_0942_/Y (sky130_fd_sc_hd__nand2_1)
   0.2679    6.3308 v fpu_exe_unit/FPUUnit/fpu/sfma/fma/mulAddRecFNToRaw_preMul/_0943_/X (sky130_fd_sc_hd__mux2_2)
   0.1675    6.4983 ^ fpu_exe_unit/FPUUnit/fpu/sfma/fma/mulAddRecFNToRaw_preMul/_0944_/Y (sky130_fd_sc_hd__mux2i_1)
   0.0591    6.5575 v fpu_exe_unit/FPUUnit/fpu/sfma/fma/mulAddRecFNToRaw_preMul/_0945_/Y (sky130_fd_sc_hd__nor2_1)
   0.1861    6.7436 v fpu_exe_unit/FPUUnit/fpu/sfma/fma/mulAddRecFNToRaw_preMul/_0951_/X (sky130_fd_sc_hd__o21a_1)
   0.3782    7.1218 v fpu_exe_unit/FPUUnit/fpu/sfma/fma/_3489_/X (sky130_fd_sc_hd__xnor3_1)
   0.3906    7.5125 v fpu_exe_unit/FPUUnit/fpu/sfma/fma/_3503_/X (sky130_fd_sc_hd__maj3_1)
   0.3213    7.8338 ^ fpu_exe_unit/FPUUnit/fpu/sfma/fma/_3514_/Y (sky130_fd_sc_hd__xnor2_1)
   0.4135    8.2473 v fpu_exe_unit/FPUUnit/fpu/sfma/fma/_3525_/X (sky130_fd_sc_hd__xnor3_1)
   0.1651    8.4123 v fpu_exe_unit/FPUUnit/fpu/sfma/fma/_3534_/X (sky130_fd_sc_hd__xor2_1)
   0.2903    8.7027 v fpu_exe_unit/FPUUnit/fpu/sfma/fma/_3535_/X (sky130_fd_sc_hd__or2_2)
   0.4226    9.1252 ^ fpu_exe_unit/FPUUnit/fpu/sfma/fma/_3572_/X (sky130_fd_sc_hd__xnor3_1)
   0.1500    9.2752 v fpu_exe_unit/FPUUnit/fpu/sfma/fma/_3573_/Y (sky130_fd_sc_hd__nand4b_1)
   0.3003    9.5755 ^ fpu_exe_unit/FPUUnit/fpu/sfma/fma/_3674_/Y (sky130_fd_sc_hd__a32oi_1)
   0.2540    9.8296 ^ fpu_exe_unit/FPUUnit/fpu/sfma/fma/_3679_/X (sky130_fd_sc_hd__maj3_1)
   0.0915    9.9211 v fpu_exe_unit/FPUUnit/fpu/sfma/fma/_3733_/Y (sky130_fd_sc_hd__a21oi_1)
   0.2497   10.1708 ^ fpu_exe_unit/FPUUnit/fpu/sfma/fma/_3795_/Y (sky130_fd_sc_hd__o21ai_0)
   0.1322   10.3030 v fpu_exe_unit/FPUUnit/fpu/sfma/fma/_3859_/Y (sky130_fd_sc_hd__a21oi_1)
   0.2693   10.5723 ^ fpu_exe_unit/FPUUnit/fpu/sfma/fma/_3934_/Y (sky130_fd_sc_hd__o21ai_0)
   0.1548   10.7271 v fpu_exe_unit/FPUUnit/fpu/sfma/fma/_4024_/Y (sky130_fd_sc_hd__a21oi_1)
   0.1944   10.9215 ^ fpu_exe_unit/FPUUnit/fpu/sfma/fma/_4504_/Y (sky130_fd_sc_hd__o211ai_1)
   0.1157   11.0371 v fpu_exe_unit/FPUUnit/fpu/sfma/fma/_4506_/Y (sky130_fd_sc_hd__a311oi_1)
   0.4302   11.4673 ^ fpu_exe_unit/FPUUnit/fpu/sfma/fma/_4727_/Y (sky130_fd_sc_hd__o311ai_0)
   0.2685   11.7358 ^ fpu_exe_unit/FPUUnit/fpu/sfma/fma/_4859_/X (sky130_fd_sc_hd__a41o_1)
   0.2143   11.9502 ^ fpu_exe_unit/FPUUnit/fpu/sfma/fma/_5098_/X (sky130_fd_sc_hd__a311o_1)
   0.1377   12.0879 v fpu_exe_unit/FPUUnit/fpu/sfma/fma/_5315_/Y (sky130_fd_sc_hd__a31oi_1)
   0.3582   12.4461 v fpu_exe_unit/FPUUnit/fpu/sfma/fma/_5521_/X (sky130_fd_sc_hd__o31a_1)
   0.2179   12.6640 v fpu_exe_unit/FPUUnit/fpu/sfma/fma/_5724_/X (sky130_fd_sc_hd__o21a_1)
   0.3957   13.0597 ^ fpu_exe_unit/FPUUnit/fpu/sfma/fma/_5894_/Y (sky130_fd_sc_hd__o31ai_1)
   0.2506   13.3102 ^ fpu_exe_unit/FPUUnit/fpu/sfma/fma/_6048_/X (sky130_fd_sc_hd__a31o_2)
   0.1211   13.4313 v fpu_exe_unit/FPUUnit/fpu/sfma/fma/_6182_/Y (sky130_fd_sc_hd__a31oi_1)
   0.3858   13.8171 ^ fpu_exe_unit/FPUUnit/fpu/sfma/fma/_6293_/Y (sky130_fd_sc_hd__o21ai_0)
   0.1672   13.9843 v fpu_exe_unit/FPUUnit/fpu/sfma/fma/_6460_/Y (sky130_fd_sc_hd__nand4_1)
   0.2653   14.2496 ^ fpu_exe_unit/FPUUnit/fpu/sfma/fma/_6484_/Y (sky130_fd_sc_hd__a21oi_1)
   0.2293   14.4789 v fpu_exe_unit/FPUUnit/fpu/sfma/fma/_6527_/Y (sky130_fd_sc_hd__o311ai_0)
   0.2225   14.7014 v fpu_exe_unit/FPUUnit/fpu/sfma/fma/_6531_/X (sky130_fd_sc_hd__a22o_1)
   0.0035   14.7049 v fpu_exe_unit/FPUUnit/fpu/sfma/fma/_6708_/D (sky130_fd_sc_hd__dfxtp_1)
            14.7049   data arrival time

  20.0000   20.0000   clock clock (rise edge)
   0.0000   20.0000   clock network delay (ideal)
   0.0000   20.0000   clock reconvergence pessimism
            20.0000 ^ fpu_exe_unit/FPUUnit/fpu/sfma/fma/_6708_/CLK (sky130_fd_sc_hd__dfxtp_1)
  -0.1177   19.8823   library setup time
            19.8823   data required time
-------------------------------------------------------------
            19.8823   data required time
           -14.7049   data arrival time
-------------------------------------------------------------
             5.1774   slack (MET)


Startpoint: fpu_exe_unit/FPUUnit/fpu/dfma/_1310_
            (rising edge-triggered flip-flop clocked by clock)
Endpoint: fpu_exe_unit/FPUUnit/fpu/dfma/fma/_31064_
          (rising edge-triggered flip-flop clocked by clock)
Path Group: clock
Path Type: max

    Delay      Time   Description
-------------------------------------------------------------
   0.0000    0.0000   clock clock (rise edge)
   0.0000    0.0000   clock network delay (ideal)
   0.0000    0.0000 ^ fpu_exe_unit/FPUUnit/fpu/dfma/_1310_/CLK (sky130_fd_sc_hd__dfxtp_1)
   0.2995    0.2995 v fpu_exe_unit/FPUUnit/fpu/dfma/_1310_/Q (sky130_fd_sc_hd__dfxtp_1)
   0.1614    0.4609 v fpu_exe_unit/FPUUnit/fpu/dfma/fma/mulAddRecFNToRaw_preMul/_1092_/Y (sky130_fd_sc_hd__xnor2_1)
   0.3226    0.7835 ^ fpu_exe_unit/FPUUnit/fpu/dfma/fma/mulAddRecFNToRaw_preMul/_1094_/Y (sky130_fd_sc_hd__o21ai_0)
   0.1761    0.9596 v fpu_exe_unit/FPUUnit/fpu/dfma/fma/mulAddRecFNToRaw_preMul/_1097_/Y (sky130_fd_sc_hd__a31oi_1)
   0.4045    1.3640 v fpu_exe_unit/FPUUnit/fpu/dfma/fma/mulAddRecFNToRaw_preMul/_1098_/X (sky130_fd_sc_hd__maj3_1)
   0.3959    1.7600 v fpu_exe_unit/FPUUnit/fpu/dfma/fma/mulAddRecFNToRaw_preMul/_1099_/X (sky130_fd_sc_hd__maj3_1)
   0.3973    2.1573 v fpu_exe_unit/FPUUnit/fpu/dfma/fma/mulAddRecFNToRaw_preMul/_1100_/X (sky130_fd_sc_hd__maj3_1)
   0.4055    2.5628 v fpu_exe_unit/FPUUnit/fpu/dfma/fma/mulAddRecFNToRaw_preMul/_1101_/X (sky130_fd_sc_hd__maj3_1)
   0.3551    2.9179 v fpu_exe_unit/FPUUnit/fpu/dfma/fma/mulAddRecFNToRaw_preMul/_1121_/X (sky130_fd_sc_hd__maj3_1)
   0.2007    3.1186 v fpu_exe_unit/FPUUnit/fpu/dfma/fma/mulAddRecFNToRaw_preMul/_1122_/X (sky130_fd_sc_hd__xor2_1)
   0.1942    3.3128 ^ fpu_exe_unit/FPUUnit/fpu/dfma/fma/mulAddRecFNToRaw_preMul/_1152_/Y (sky130_fd_sc_hd__o221ai_1)
   0.1518    3.4647 v fpu_exe_unit/FPUUnit/fpu/dfma/fma/mulAddRecFNToRaw_preMul/_1158_/Y (sky130_fd_sc_hd__a32oi_1)
   0.4189    3.8835 v fpu_exe_unit/FPUUnit/fpu/dfma/fma/mulAddRecFNToRaw_preMul/_1159_/X (sky130_fd_sc_hd__maj3_1)
   0.2588    4.1424 v fpu_exe_unit/FPUUnit/fpu/dfma/fma/mulAddRecFNToRaw_preMul/_1177_/X (sky130_fd_sc_hd__o2111a_1)
   0.1835    4.3259 v fpu_exe_unit/FPUUnit/fpu/dfma/fma/mulAddRecFNToRaw_preMul/_1178_/X (sky130_fd_sc_hd__clkbuf_1)
   0.1411    4.4670 ^ fpu_exe_unit/FPUUnit/fpu/dfma/fma/mulAddRecFNToRaw_preMul/_1203_/Y (sky130_fd_sc_hd__nand4_1)
   0.3339    4.8008 ^ fpu_exe_unit/FPUUnit/fpu/dfma/fma/mulAddRecFNToRaw_preMul/_1204_/X (sky130_fd_sc_hd__lpflow_clkbufkapwr_1)
   0.3198    5.1206 ^ fpu_exe_unit/FPUUnit/fpu/dfma/fma/mulAddRecFNToRaw_preMul/_1307_/X (sky130_fd_sc_hd__buf_2)
   0.4406    5.5612 ^ fpu_exe_unit/FPUUnit/fpu/dfma/fma/mulAddRecFNToRaw_preMul/_1308_/X (sky130_fd_sc_hd__lpflow_clkbufkapwr_1)
   0.4049    5.9661 v fpu_exe_unit/FPUUnit/fpu/dfma/fma/mulAddRecFNToRaw_preMul/_1618_/X (sky130_fd_sc_hd__mux2_2)
   0.1693    6.1354 ^ fpu_exe_unit/FPUUnit/fpu/dfma/fma/mulAddRecFNToRaw_preMul/_1760_/Y (sky130_fd_sc_hd__mux2i_1)
   0.0586    6.1940 v fpu_exe_unit/FPUUnit/fpu/dfma/fma/mulAddRecFNToRaw_preMul/_1761_/Y (sky130_fd_sc_hd__nor2_1)
   0.1499    6.3440 ^ fpu_exe_unit/FPUUnit/fpu/dfma/fma/mulAddRecFNToRaw_preMul/_1762_/Y (sky130_fd_sc_hd__a21oi_1)
   0.1072    6.4511 v fpu_exe_unit/FPUUnit/fpu/dfma/fma/mulAddRecFNToRaw_preMul/_1763_/Y (sky130_fd_sc_hd__mux2i_1)
   0.2246    6.6758 ^ fpu_exe_unit/FPUUnit/fpu/dfma/fma/mulAddRecFNToRaw_preMul/_1764_/Y (sky130_fd_sc_hd__a21oi_1)
   0.0630    6.7388 v fpu_exe_unit/FPUUnit/fpu/dfma/fma/mulAddRecFNToRaw_preMul/_1765_/Y (sky130_fd_sc_hd__nor2_1)
   0.1979    6.9367 v fpu_exe_unit/FPUUnit/fpu/dfma/fma/mulAddRecFNToRaw_preMul/_1766_/X (sky130_fd_sc_hd__o22a_1)
   0.3822    7.3188 v fpu_exe_unit/FPUUnit/fpu/dfma/fma/_15656_/X (sky130_fd_sc_hd__xnor3_1)
   0.3964    7.7153 v fpu_exe_unit/FPUUnit/fpu/dfma/fma/_15669_/X (sky130_fd_sc_hd__maj3_1)
   0.3777    8.0930 v fpu_exe_unit/FPUUnit/fpu/dfma/fma/_15690_/X (sky130_fd_sc_hd__maj3_1)
   0.3929    8.4858 v fpu_exe_unit/FPUUnit/fpu/dfma/fma/_15718_/X (sky130_fd_sc_hd__maj3_1)
   0.3979    8.8837 v fpu_exe_unit/FPUUnit/fpu/dfma/fma/_15741_/X (sky130_fd_sc_hd__xor3_1)
   0.1695    9.0532 ^ fpu_exe_unit/FPUUnit/fpu/dfma/fma/_15751_/Y (sky130_fd_sc_hd__nor2_1)
   0.2943    9.3475 ^ fpu_exe_unit/FPUUnit/fpu/dfma/fma/_15789_/X (sky130_fd_sc_hd__xor3_1)
   0.1440    9.4915 v fpu_exe_unit/FPUUnit/fpu/dfma/fma/_15790_/Y (sky130_fd_sc_hd__nand4bb_1)
   0.3515    9.8430 v fpu_exe_unit/FPUUnit/fpu/dfma/fma/_15837_/X (sky130_fd_sc_hd__or2_2)
   0.3724   10.2154 v fpu_exe_unit/FPUUnit/fpu/dfma/fma/_15891_/X (sky130_fd_sc_hd__maj3_1)
   0.3778   10.5932 v fpu_exe_unit/FPUUnit/fpu/dfma/fma/_15946_/X (sky130_fd_sc_hd__maj3_1)
   0.3853   10.9785 v fpu_exe_unit/FPUUnit/fpu/dfma/fma/_16018_/X (sky130_fd_sc_hd__maj3_1)
   0.3669   11.3454 v fpu_exe_unit/FPUUnit/fpu/dfma/fma/_16084_/X (sky130_fd_sc_hd__maj3_1)
   0.3753   11.7207 v fpu_exe_unit/FPUUnit/fpu/dfma/fma/_16150_/X (sky130_fd_sc_hd__maj3_1)
   0.3716   12.0924 v fpu_exe_unit/FPUUnit/fpu/dfma/fma/_16236_/X (sky130_fd_sc_hd__maj3_1)
   0.3656   12.4580 v fpu_exe_unit/FPUUnit/fpu/dfma/fma/_16331_/X (sky130_fd_sc_hd__maj3_1)
   0.3227   12.7806 ^ fpu_exe_unit/FPUUnit/fpu/dfma/fma/_16425_/Y (sky130_fd_sc_hd__o21ai_0)
   0.1187   12.8993 v fpu_exe_unit/FPUUnit/fpu/dfma/fma/_16955_/Y (sky130_fd_sc_hd__a211oi_1)
   0.3448   13.2441 ^ fpu_exe_unit/FPUUnit/fpu/dfma/fma/_16956_/Y (sky130_fd_sc_hd__o311ai_0)
   0.1911   13.4352 v fpu_exe_unit/FPUUnit/fpu/dfma/fma/_17093_/Y (sky130_fd_sc_hd__nand4_1)
   0.3235   13.7588 ^ fpu_exe_unit/FPUUnit/fpu/dfma/fma/_17388_/Y (sky130_fd_sc_hd__a211oi_1)
   0.1962   13.9550 v fpu_exe_unit/FPUUnit/fpu/dfma/fma/_17685_/Y (sky130_fd_sc_hd__o311ai_0)
   0.2651   14.2201 ^ fpu_exe_unit/FPUUnit/fpu/dfma/fma/_17989_/Y (sky130_fd_sc_hd__a211oi_1)
   0.1706   14.3907 ^ fpu_exe_unit/FPUUnit/fpu/dfma/fma/_17991_/X (sky130_fd_sc_hd__or2_2)
   0.1129   14.5036 ^ fpu_exe_unit/FPUUnit/fpu/dfma/fma/_18142_/Y (sky130_fd_sc_hd__xnor2_1)
   0.0787   14.5823 v fpu_exe_unit/FPUUnit/fpu/dfma/fma/_18144_/Y (sky130_fd_sc_hd__a21oi_1)
   0.0035   14.5857 v fpu_exe_unit/FPUUnit/fpu/dfma/fma/_31064_/D (sky130_fd_sc_hd__dfxtp_1)
            14.5857   data arrival time

  20.0000   20.0000   clock clock (rise edge)
   0.0000   20.0000   clock network delay (ideal)
   0.0000   20.0000   clock reconvergence pessimism
            20.0000 ^ fpu_exe_unit/FPUUnit/fpu/dfma/fma/_31064_/CLK (sky130_fd_sc_hd__dfxtp_1)
  -0.1345   19.8655   library setup time
            19.8655   data required time
-------------------------------------------------------------
            19.8655   data required time
           -14.5857   data arrival time
-------------------------------------------------------------
             5.2798   slack (MET)


Startpoint: fpu_exe_unit/FPUUnit/fpu/dfma/_1310_
            (rising edge-triggered flip-flop clocked by clock)
Endpoint: fpu_exe_unit/FPUUnit/fpu/dfma/fma/_31063_
          (rising edge-triggered flip-flop clocked by clock)
Path Group: clock
Path Type: max

    Delay      Time   Description
-------------------------------------------------------------
   0.0000    0.0000   clock clock (rise edge)
   0.0000    0.0000   clock network delay (ideal)
   0.0000    0.0000 ^ fpu_exe_unit/FPUUnit/fpu/dfma/_1310_/CLK (sky130_fd_sc_hd__dfxtp_1)
   0.2995    0.2995 v fpu_exe_unit/FPUUnit/fpu/dfma/_1310_/Q (sky130_fd_sc_hd__dfxtp_1)
   0.1614    0.4609 v fpu_exe_unit/FPUUnit/fpu/dfma/fma/mulAddRecFNToRaw_preMul/_1092_/Y (sky130_fd_sc_hd__xnor2_1)
   0.3226    0.7835 ^ fpu_exe_unit/FPUUnit/fpu/dfma/fma/mulAddRecFNToRaw_preMul/_1094_/Y (sky130_fd_sc_hd__o21ai_0)
   0.1761    0.9596 v fpu_exe_unit/FPUUnit/fpu/dfma/fma/mulAddRecFNToRaw_preMul/_1097_/Y (sky130_fd_sc_hd__a31oi_1)
   0.4045    1.3640 v fpu_exe_unit/FPUUnit/fpu/dfma/fma/mulAddRecFNToRaw_preMul/_1098_/X (sky130_fd_sc_hd__maj3_1)
   0.3959    1.7600 v fpu_exe_unit/FPUUnit/fpu/dfma/fma/mulAddRecFNToRaw_preMul/_1099_/X (sky130_fd_sc_hd__maj3_1)
   0.3973    2.1573 v fpu_exe_unit/FPUUnit/fpu/dfma/fma/mulAddRecFNToRaw_preMul/_1100_/X (sky130_fd_sc_hd__maj3_1)
   0.4055    2.5628 v fpu_exe_unit/FPUUnit/fpu/dfma/fma/mulAddRecFNToRaw_preMul/_1101_/X (sky130_fd_sc_hd__maj3_1)
   0.3551    2.9179 v fpu_exe_unit/FPUUnit/fpu/dfma/fma/mulAddRecFNToRaw_preMul/_1121_/X (sky130_fd_sc_hd__maj3_1)
   0.2007    3.1186 v fpu_exe_unit/FPUUnit/fpu/dfma/fma/mulAddRecFNToRaw_preMul/_1122_/X (sky130_fd_sc_hd__xor2_1)
   0.1942    3.3128 ^ fpu_exe_unit/FPUUnit/fpu/dfma/fma/mulAddRecFNToRaw_preMul/_1152_/Y (sky130_fd_sc_hd__o221ai_1)
   0.1518    3.4647 v fpu_exe_unit/FPUUnit/fpu/dfma/fma/mulAddRecFNToRaw_preMul/_1158_/Y (sky130_fd_sc_hd__a32oi_1)
   0.4189    3.8835 v fpu_exe_unit/FPUUnit/fpu/dfma/fma/mulAddRecFNToRaw_preMul/_1159_/X (sky130_fd_sc_hd__maj3_1)
   0.2588    4.1424 v fpu_exe_unit/FPUUnit/fpu/dfma/fma/mulAddRecFNToRaw_preMul/_1177_/X (sky130_fd_sc_hd__o2111a_1)
   0.1835    4.3259 v fpu_exe_unit/FPUUnit/fpu/dfma/fma/mulAddRecFNToRaw_preMul/_1178_/X (sky130_fd_sc_hd__clkbuf_1)
   0.1411    4.4670 ^ fpu_exe_unit/FPUUnit/fpu/dfma/fma/mulAddRecFNToRaw_preMul/_1203_/Y (sky130_fd_sc_hd__nand4_1)
   0.3339    4.8008 ^ fpu_exe_unit/FPUUnit/fpu/dfma/fma/mulAddRecFNToRaw_preMul/_1204_/X (sky130_fd_sc_hd__lpflow_clkbufkapwr_1)
   0.3198    5.1206 ^ fpu_exe_unit/FPUUnit/fpu/dfma/fma/mulAddRecFNToRaw_preMul/_1307_/X (sky130_fd_sc_hd__buf_2)
   0.4406    5.5612 ^ fpu_exe_unit/FPUUnit/fpu/dfma/fma/mulAddRecFNToRaw_preMul/_1308_/X (sky130_fd_sc_hd__lpflow_clkbufkapwr_1)
   0.4049    5.9661 v fpu_exe_unit/FPUUnit/fpu/dfma/fma/mulAddRecFNToRaw_preMul/_1618_/X (sky130_fd_sc_hd__mux2_2)
   0.1693    6.1354 ^ fpu_exe_unit/FPUUnit/fpu/dfma/fma/mulAddRecFNToRaw_preMul/_1760_/Y (sky130_fd_sc_hd__mux2i_1)
   0.0586    6.1940 v fpu_exe_unit/FPUUnit/fpu/dfma/fma/mulAddRecFNToRaw_preMul/_1761_/Y (sky130_fd_sc_hd__nor2_1)
   0.1499    6.3440 ^ fpu_exe_unit/FPUUnit/fpu/dfma/fma/mulAddRecFNToRaw_preMul/_1762_/Y (sky130_fd_sc_hd__a21oi_1)
   0.1072    6.4511 v fpu_exe_unit/FPUUnit/fpu/dfma/fma/mulAddRecFNToRaw_preMul/_1763_/Y (sky130_fd_sc_hd__mux2i_1)
   0.2246    6.6758 ^ fpu_exe_unit/FPUUnit/fpu/dfma/fma/mulAddRecFNToRaw_preMul/_1764_/Y (sky130_fd_sc_hd__a21oi_1)
   0.0630    6.7388 v fpu_exe_unit/FPUUnit/fpu/dfma/fma/mulAddRecFNToRaw_preMul/_1765_/Y (sky130_fd_sc_hd__nor2_1)
   0.1979    6.9367 v fpu_exe_unit/FPUUnit/fpu/dfma/fma/mulAddRecFNToRaw_preMul/_1766_/X (sky130_fd_sc_hd__o22a_1)
   0.3822    7.3188 v fpu_exe_unit/FPUUnit/fpu/dfma/fma/_15656_/X (sky130_fd_sc_hd__xnor3_1)
   0.3964    7.7153 v fpu_exe_unit/FPUUnit/fpu/dfma/fma/_15669_/X (sky130_fd_sc_hd__maj3_1)
   0.3777    8.0930 v fpu_exe_unit/FPUUnit/fpu/dfma/fma/_15690_/X (sky130_fd_sc_hd__maj3_1)
   0.3929    8.4858 v fpu_exe_unit/FPUUnit/fpu/dfma/fma/_15718_/X (sky130_fd_sc_hd__maj3_1)
   0.3979    8.8837 v fpu_exe_unit/FPUUnit/fpu/dfma/fma/_15741_/X (sky130_fd_sc_hd__xor3_1)
   0.1695    9.0532 ^ fpu_exe_unit/FPUUnit/fpu/dfma/fma/_15751_/Y (sky130_fd_sc_hd__nor2_1)
   0.2943    9.3475 ^ fpu_exe_unit/FPUUnit/fpu/dfma/fma/_15789_/X (sky130_fd_sc_hd__xor3_1)
   0.1440    9.4915 v fpu_exe_unit/FPUUnit/fpu/dfma/fma/_15790_/Y (sky130_fd_sc_hd__nand4bb_1)
   0.3515    9.8430 v fpu_exe_unit/FPUUnit/fpu/dfma/fma/_15837_/X (sky130_fd_sc_hd__or2_2)
   0.3724   10.2154 v fpu_exe_unit/FPUUnit/fpu/dfma/fma/_15891_/X (sky130_fd_sc_hd__maj3_1)
   0.3778   10.5932 v fpu_exe_unit/FPUUnit/fpu/dfma/fma/_15946_/X (sky130_fd_sc_hd__maj3_1)
   0.3853   10.9785 v fpu_exe_unit/FPUUnit/fpu/dfma/fma/_16018_/X (sky130_fd_sc_hd__maj3_1)
   0.3669   11.3454 v fpu_exe_unit/FPUUnit/fpu/dfma/fma/_16084_/X (sky130_fd_sc_hd__maj3_1)
   0.3753   11.7207 v fpu_exe_unit/FPUUnit/fpu/dfma/fma/_16150_/X (sky130_fd_sc_hd__maj3_1)
   0.3716   12.0924 v fpu_exe_unit/FPUUnit/fpu/dfma/fma/_16236_/X (sky130_fd_sc_hd__maj3_1)
   0.3656   12.4580 v fpu_exe_unit/FPUUnit/fpu/dfma/fma/_16331_/X (sky130_fd_sc_hd__maj3_1)
   0.3227   12.7806 ^ fpu_exe_unit/FPUUnit/fpu/dfma/fma/_16425_/Y (sky130_fd_sc_hd__o21ai_0)
   0.1187   12.8993 v fpu_exe_unit/FPUUnit/fpu/dfma/fma/_16955_/Y (sky130_fd_sc_hd__a211oi_1)
   0.3448   13.2441 ^ fpu_exe_unit/FPUUnit/fpu/dfma/fma/_16956_/Y (sky130_fd_sc_hd__o311ai_0)
   0.1911   13.4352 v fpu_exe_unit/FPUUnit/fpu/dfma/fma/_17093_/Y (sky130_fd_sc_hd__nand4_1)
   0.3235   13.7588 ^ fpu_exe_unit/FPUUnit/fpu/dfma/fma/_17388_/Y (sky130_fd_sc_hd__a211oi_1)
   0.1962   13.9550 v fpu_exe_unit/FPUUnit/fpu/dfma/fma/_17685_/Y (sky130_fd_sc_hd__o311ai_0)
   0.1886   14.1436 v fpu_exe_unit/FPUUnit/fpu/dfma/fma/_17687_/X (sky130_fd_sc_hd__lpflow_inputiso0n_1)
   0.2021   14.3457 ^ fpu_exe_unit/FPUUnit/fpu/dfma/fma/_17834_/Y (sky130_fd_sc_hd__o21ai_0)
   0.1469   14.4926 ^ fpu_exe_unit/FPUUnit/fpu/dfma/fma/_17985_/Y (sky130_fd_sc_hd__xnor2_1)
   0.0787   14.5712 v fpu_exe_unit/FPUUnit/fpu/dfma/fma/_17987_/Y (sky130_fd_sc_hd__a21oi_1)
   0.0035   14.5747 v fpu_exe_unit/FPUUnit/fpu/dfma/fma/_31063_/D (sky130_fd_sc_hd__dfxtp_1)
            14.5747   data arrival time

  20.0000   20.0000   clock clock (rise edge)
   0.0000   20.0000   clock network delay (ideal)
   0.0000   20.0000   clock reconvergence pessimism
            20.0000 ^ fpu_exe_unit/FPUUnit/fpu/dfma/fma/_31063_/CLK (sky130_fd_sc_hd__dfxtp_1)
  -0.1345   19.8655   library setup time
            19.8655   data required time
-------------------------------------------------------------
            19.8655   data required time
           -14.5747   data arrival time
-------------------------------------------------------------
             5.2908   slack (MET)


Startpoint: fpu_exe_unit/FPUUnit/fpu/sfma/_677_
            (rising edge-triggered flip-flop clocked by clock)
Endpoint: fpu_exe_unit/FPUUnit/fpu/sfma/fma/_6707_
          (rising edge-triggered flip-flop clocked by clock)
Path Group: clock
Path Type: max

    Delay      Time   Description
-------------------------------------------------------------
   0.0000    0.0000   clock clock (rise edge)
   0.0000    0.0000   clock network delay (ideal)
   0.0000    0.0000 ^ fpu_exe_unit/FPUUnit/fpu/sfma/_677_/CLK (sky130_fd_sc_hd__dfxtp_1)
   0.3060    0.3060 v fpu_exe_unit/FPUUnit/fpu/sfma/_677_/Q (sky130_fd_sc_hd__dfxtp_1)
   0.1825    0.4885 v fpu_exe_unit/FPUUnit/fpu/sfma/fma/mulAddRecFNToRaw_preMul/_0566_/X (sky130_fd_sc_hd__xor2_1)
   0.2034    0.6919 v fpu_exe_unit/FPUUnit/fpu/sfma/fma/mulAddRecFNToRaw_preMul/_0567_/X (sky130_fd_sc_hd__lpflow_inputiso0n_1)
   0.3854    1.0773 v fpu_exe_unit/FPUUnit/fpu/sfma/fma/mulAddRecFNToRaw_preMul/_0568_/X (sky130_fd_sc_hd__maj3_1)
   0.4191    1.4964 v fpu_exe_unit/FPUUnit/fpu/sfma/fma/mulAddRecFNToRaw_preMul/_0569_/X (sky130_fd_sc_hd__maj3_1)
   0.4032    1.8996 v fpu_exe_unit/FPUUnit/fpu/sfma/fma/mulAddRecFNToRaw_preMul/_0570_/X (sky130_fd_sc_hd__maj3_1)
   0.3976    2.2972 v fpu_exe_unit/FPUUnit/fpu/sfma/fma/mulAddRecFNToRaw_preMul/_0571_/X (sky130_fd_sc_hd__maj3_1)
   0.3907    2.6879 v fpu_exe_unit/FPUUnit/fpu/sfma/fma/mulAddRecFNToRaw_preMul/_0572_/X (sky130_fd_sc_hd__maj3_1)
   0.3886    3.0765 v fpu_exe_unit/FPUUnit/fpu/sfma/fma/mulAddRecFNToRaw_preMul/_0573_/X (sky130_fd_sc_hd__maj3_1)
   0.3886    3.4652 v fpu_exe_unit/FPUUnit/fpu/sfma/fma/mulAddRecFNToRaw_preMul/_0574_/X (sky130_fd_sc_hd__maj3_1)
   0.3681    3.8332 v fpu_exe_unit/FPUUnit/fpu/sfma/fma/mulAddRecFNToRaw_preMul/_0575_/X (sky130_fd_sc_hd__maj3_1)
   0.1861    4.0194 v fpu_exe_unit/FPUUnit/fpu/sfma/fma/mulAddRecFNToRaw_preMul/_0578_/X (sky130_fd_sc_hd__lpflow_inputiso0n_1)
   0.6005    4.6199 ^ fpu_exe_unit/FPUUnit/fpu/sfma/fma/mulAddRecFNToRaw_preMul/_0610_/Y (sky130_fd_sc_hd__nor3_1)
   0.2361    4.8560 ^ fpu_exe_unit/FPUUnit/fpu/sfma/fma/mulAddRecFNToRaw_preMul/_0613_/X (sky130_fd_sc_hd__a21o_1)
   0.3278    5.1838 ^ fpu_exe_unit/FPUUnit/fpu/sfma/fma/mulAddRecFNToRaw_preMul/_0685_/X (sky130_fd_sc_hd__lpflow_clkbufkapwr_1)
   0.4536    5.6374 ^ fpu_exe_unit/FPUUnit/fpu/sfma/fma/mulAddRecFNToRaw_preMul/_0686_/X (sky130_fd_sc_hd__lpflow_clkbufkapwr_1)
   0.1968    5.8341 v fpu_exe_unit/FPUUnit/fpu/sfma/fma/mulAddRecFNToRaw_preMul/_0754_/Y (sky130_fd_sc_hd__o21ai_0)
   0.1553    5.9894 ^ fpu_exe_unit/FPUUnit/fpu/sfma/fma/mulAddRecFNToRaw_preMul/_0755_/Y (sky130_fd_sc_hd__o211ai_1)
   0.0735    6.0629 v fpu_exe_unit/FPUUnit/fpu/sfma/fma/mulAddRecFNToRaw_preMul/_0942_/Y (sky130_fd_sc_hd__nand2_1)
   0.2679    6.3308 v fpu_exe_unit/FPUUnit/fpu/sfma/fma/mulAddRecFNToRaw_preMul/_0943_/X (sky130_fd_sc_hd__mux2_2)
   0.1675    6.4983 ^ fpu_exe_unit/FPUUnit/fpu/sfma/fma/mulAddRecFNToRaw_preMul/_0944_/Y (sky130_fd_sc_hd__mux2i_1)
   0.0591    6.5575 v fpu_exe_unit/FPUUnit/fpu/sfma/fma/mulAddRecFNToRaw_preMul/_0945_/Y (sky130_fd_sc_hd__nor2_1)
   0.1861    6.7436 v fpu_exe_unit/FPUUnit/fpu/sfma/fma/mulAddRecFNToRaw_preMul/_0951_/X (sky130_fd_sc_hd__o21a_1)
   0.3782    7.1218 v fpu_exe_unit/FPUUnit/fpu/sfma/fma/_3489_/X (sky130_fd_sc_hd__xnor3_1)
   0.3906    7.5125 v fpu_exe_unit/FPUUnit/fpu/sfma/fma/_3503_/X (sky130_fd_sc_hd__maj3_1)
   0.3213    7.8338 ^ fpu_exe_unit/FPUUnit/fpu/sfma/fma/_3514_/Y (sky130_fd_sc_hd__xnor2_1)
   0.4135    8.2473 v fpu_exe_unit/FPUUnit/fpu/sfma/fma/_3525_/X (sky130_fd_sc_hd__xnor3_1)
   0.1651    8.4123 v fpu_exe_unit/FPUUnit/fpu/sfma/fma/_3534_/X (sky130_fd_sc_hd__xor2_1)
   0.2903    8.7027 v fpu_exe_unit/FPUUnit/fpu/sfma/fma/_3535_/X (sky130_fd_sc_hd__or2_2)
   0.4226    9.1252 ^ fpu_exe_unit/FPUUnit/fpu/sfma/fma/_3572_/X (sky130_fd_sc_hd__xnor3_1)
   0.1500    9.2752 v fpu_exe_unit/FPUUnit/fpu/sfma/fma/_3573_/Y (sky130_fd_sc_hd__nand4b_1)
   0.3003    9.5755 ^ fpu_exe_unit/FPUUnit/fpu/sfma/fma/_3674_/Y (sky130_fd_sc_hd__a32oi_1)
   0.2540    9.8296 ^ fpu_exe_unit/FPUUnit/fpu/sfma/fma/_3679_/X (sky130_fd_sc_hd__maj3_1)
   0.0915    9.9211 v fpu_exe_unit/FPUUnit/fpu/sfma/fma/_3733_/Y (sky130_fd_sc_hd__a21oi_1)
   0.2497   10.1708 ^ fpu_exe_unit/FPUUnit/fpu/sfma/fma/_3795_/Y (sky130_fd_sc_hd__o21ai_0)
   0.1322   10.3030 v fpu_exe_unit/FPUUnit/fpu/sfma/fma/_3859_/Y (sky130_fd_sc_hd__a21oi_1)
   0.2693   10.5723 ^ fpu_exe_unit/FPUUnit/fpu/sfma/fma/_3934_/Y (sky130_fd_sc_hd__o21ai_0)
   0.1548   10.7271 v fpu_exe_unit/FPUUnit/fpu/sfma/fma/_4024_/Y (sky130_fd_sc_hd__a21oi_1)
   0.1944   10.9215 ^ fpu_exe_unit/FPUUnit/fpu/sfma/fma/_4504_/Y (sky130_fd_sc_hd__o211ai_1)
   0.1157   11.0371 v fpu_exe_unit/FPUUnit/fpu/sfma/fma/_4506_/Y (sky130_fd_sc_hd__a311oi_1)
   0.4302   11.4673 ^ fpu_exe_unit/FPUUnit/fpu/sfma/fma/_4727_/Y (sky130_fd_sc_hd__o311ai_0)
   0.2685   11.7358 ^ fpu_exe_unit/FPUUnit/fpu/sfma/fma/_4859_/X (sky130_fd_sc_hd__a41o_1)
   0.2143   11.9502 ^ fpu_exe_unit/FPUUnit/fpu/sfma/fma/_5098_/X (sky130_fd_sc_hd__a311o_1)
   0.1377   12.0879 v fpu_exe_unit/FPUUnit/fpu/sfma/fma/_5315_/Y (sky130_fd_sc_hd__a31oi_1)
   0.3582   12.4461 v fpu_exe_unit/FPUUnit/fpu/sfma/fma/_5521_/X (sky130_fd_sc_hd__o31a_1)
   0.2179   12.6640 v fpu_exe_unit/FPUUnit/fpu/sfma/fma/_5724_/X (sky130_fd_sc_hd__o21a_1)
   0.3957   13.0597 ^ fpu_exe_unit/FPUUnit/fpu/sfma/fma/_5894_/Y (sky130_fd_sc_hd__o31ai_1)
   0.2506   13.3102 ^ fpu_exe_unit/FPUUnit/fpu/sfma/fma/_6048_/X (sky130_fd_sc_hd__a31o_2)
   0.1211   13.4313 v fpu_exe_unit/FPUUnit/fpu/sfma/fma/_6182_/Y (sky130_fd_sc_hd__a31oi_1)
   0.3858   13.8171 ^ fpu_exe_unit/FPUUnit/fpu/sfma/fma/_6293_/Y (sky130_fd_sc_hd__o21ai_0)
   0.1672   13.9843 v fpu_exe_unit/FPUUnit/fpu/sfma/fma/_6460_/Y (sky130_fd_sc_hd__nand4_1)
   0.2653   14.2496 ^ fpu_exe_unit/FPUUnit/fpu/sfma/fma/_6484_/Y (sky130_fd_sc_hd__a21oi_1)
   0.0829   14.3325 v fpu_exe_unit/FPUUnit/fpu/sfma/fma/_6489_/Y (sky130_fd_sc_hd__nor2_1)
   0.1690   14.5015 v fpu_exe_unit/FPUUnit/fpu/sfma/fma/_6512_/X (sky130_fd_sc_hd__xor2_1)
   0.1305   14.6319 ^ fpu_exe_unit/FPUUnit/fpu/sfma/fma/_6514_/Y (sky130_fd_sc_hd__a21oi_1)
   0.0035   14.6354 ^ fpu_exe_unit/FPUUnit/fpu/sfma/fma/_6707_/D (sky130_fd_sc_hd__dfxtp_1)
            14.6354   data arrival time

  20.0000   20.0000   clock clock (rise edge)
   0.0000   20.0000   clock network delay (ideal)
   0.0000   20.0000   clock reconvergence pessimism
            20.0000 ^ fpu_exe_unit/FPUUnit/fpu/sfma/fma/_6707_/CLK (sky130_fd_sc_hd__dfxtp_1)
  -0.0711   19.9289   library setup time
            19.9289   data required time
-------------------------------------------------------------
            19.9289   data required time
           -14.6354   data arrival time
-------------------------------------------------------------
             5.2935   slack (MET)


Startpoint: fpu_exe_unit/FPUUnit/fpu/dfma/_1310_
            (rising edge-triggered flip-flop clocked by clock)
Endpoint: fpu_exe_unit/FPUUnit/fpu/dfma/fma/_31062_
          (rising edge-triggered flip-flop clocked by clock)
Path Group: clock
Path Type: max

    Delay      Time   Description
-------------------------------------------------------------
   0.0000    0.0000   clock clock (rise edge)
   0.0000    0.0000   clock network delay (ideal)
   0.0000    0.0000 ^ fpu_exe_unit/FPUUnit/fpu/dfma/_1310_/CLK (sky130_fd_sc_hd__dfxtp_1)
   0.2995    0.2995 v fpu_exe_unit/FPUUnit/fpu/dfma/_1310_/Q (sky130_fd_sc_hd__dfxtp_1)
   0.1614    0.4609 v fpu_exe_unit/FPUUnit/fpu/dfma/fma/mulAddRecFNToRaw_preMul/_1092_/Y (sky130_fd_sc_hd__xnor2_1)
   0.3226    0.7835 ^ fpu_exe_unit/FPUUnit/fpu/dfma/fma/mulAddRecFNToRaw_preMul/_1094_/Y (sky130_fd_sc_hd__o21ai_0)
   0.1761    0.9596 v fpu_exe_unit/FPUUnit/fpu/dfma/fma/mulAddRecFNToRaw_preMul/_1097_/Y (sky130_fd_sc_hd__a31oi_1)
   0.4045    1.3640 v fpu_exe_unit/FPUUnit/fpu/dfma/fma/mulAddRecFNToRaw_preMul/_1098_/X (sky130_fd_sc_hd__maj3_1)
   0.3959    1.7600 v fpu_exe_unit/FPUUnit/fpu/dfma/fma/mulAddRecFNToRaw_preMul/_1099_/X (sky130_fd_sc_hd__maj3_1)
   0.3973    2.1573 v fpu_exe_unit/FPUUnit/fpu/dfma/fma/mulAddRecFNToRaw_preMul/_1100_/X (sky130_fd_sc_hd__maj3_1)
   0.4055    2.5628 v fpu_exe_unit/FPUUnit/fpu/dfma/fma/mulAddRecFNToRaw_preMul/_1101_/X (sky130_fd_sc_hd__maj3_1)
   0.3551    2.9179 v fpu_exe_unit/FPUUnit/fpu/dfma/fma/mulAddRecFNToRaw_preMul/_1121_/X (sky130_fd_sc_hd__maj3_1)
   0.2007    3.1186 v fpu_exe_unit/FPUUnit/fpu/dfma/fma/mulAddRecFNToRaw_preMul/_1122_/X (sky130_fd_sc_hd__xor2_1)
   0.1942    3.3128 ^ fpu_exe_unit/FPUUnit/fpu/dfma/fma/mulAddRecFNToRaw_preMul/_1152_/Y (sky130_fd_sc_hd__o221ai_1)
   0.1518    3.4647 v fpu_exe_unit/FPUUnit/fpu/dfma/fma/mulAddRecFNToRaw_preMul/_1158_/Y (sky130_fd_sc_hd__a32oi_1)
   0.4189    3.8835 v fpu_exe_unit/FPUUnit/fpu/dfma/fma/mulAddRecFNToRaw_preMul/_1159_/X (sky130_fd_sc_hd__maj3_1)
   0.2588    4.1424 v fpu_exe_unit/FPUUnit/fpu/dfma/fma/mulAddRecFNToRaw_preMul/_1177_/X (sky130_fd_sc_hd__o2111a_1)
   0.1835    4.3259 v fpu_exe_unit/FPUUnit/fpu/dfma/fma/mulAddRecFNToRaw_preMul/_1178_/X (sky130_fd_sc_hd__clkbuf_1)
   0.1411    4.4670 ^ fpu_exe_unit/FPUUnit/fpu/dfma/fma/mulAddRecFNToRaw_preMul/_1203_/Y (sky130_fd_sc_hd__nand4_1)
   0.3339    4.8008 ^ fpu_exe_unit/FPUUnit/fpu/dfma/fma/mulAddRecFNToRaw_preMul/_1204_/X (sky130_fd_sc_hd__lpflow_clkbufkapwr_1)
   0.3198    5.1206 ^ fpu_exe_unit/FPUUnit/fpu/dfma/fma/mulAddRecFNToRaw_preMul/_1307_/X (sky130_fd_sc_hd__buf_2)
   0.4406    5.5612 ^ fpu_exe_unit/FPUUnit/fpu/dfma/fma/mulAddRecFNToRaw_preMul/_1308_/X (sky130_fd_sc_hd__lpflow_clkbufkapwr_1)
   0.4049    5.9661 v fpu_exe_unit/FPUUnit/fpu/dfma/fma/mulAddRecFNToRaw_preMul/_1618_/X (sky130_fd_sc_hd__mux2_2)
   0.1693    6.1354 ^ fpu_exe_unit/FPUUnit/fpu/dfma/fma/mulAddRecFNToRaw_preMul/_1760_/Y (sky130_fd_sc_hd__mux2i_1)
   0.0586    6.1940 v fpu_exe_unit/FPUUnit/fpu/dfma/fma/mulAddRecFNToRaw_preMul/_1761_/Y (sky130_fd_sc_hd__nor2_1)
   0.1499    6.3440 ^ fpu_exe_unit/FPUUnit/fpu/dfma/fma/mulAddRecFNToRaw_preMul/_1762_/Y (sky130_fd_sc_hd__a21oi_1)
   0.1072    6.4511 v fpu_exe_unit/FPUUnit/fpu/dfma/fma/mulAddRecFNToRaw_preMul/_1763_/Y (sky130_fd_sc_hd__mux2i_1)
   0.2246    6.6758 ^ fpu_exe_unit/FPUUnit/fpu/dfma/fma/mulAddRecFNToRaw_preMul/_1764_/Y (sky130_fd_sc_hd__a21oi_1)
   0.0630    6.7388 v fpu_exe_unit/FPUUnit/fpu/dfma/fma/mulAddRecFNToRaw_preMul/_1765_/Y (sky130_fd_sc_hd__nor2_1)
   0.1979    6.9367 v fpu_exe_unit/FPUUnit/fpu/dfma/fma/mulAddRecFNToRaw_preMul/_1766_/X (sky130_fd_sc_hd__o22a_1)
   0.3822    7.3188 v fpu_exe_unit/FPUUnit/fpu/dfma/fma/_15656_/X (sky130_fd_sc_hd__xnor3_1)
   0.3964    7.7153 v fpu_exe_unit/FPUUnit/fpu/dfma/fma/_15669_/X (sky130_fd_sc_hd__maj3_1)
   0.3777    8.0930 v fpu_exe_unit/FPUUnit/fpu/dfma/fma/_15690_/X (sky130_fd_sc_hd__maj3_1)
   0.3929    8.4858 v fpu_exe_unit/FPUUnit/fpu/dfma/fma/_15718_/X (sky130_fd_sc_hd__maj3_1)
   0.3979    8.8837 v fpu_exe_unit/FPUUnit/fpu/dfma/fma/_15741_/X (sky130_fd_sc_hd__xor3_1)
   0.1695    9.0532 ^ fpu_exe_unit/FPUUnit/fpu/dfma/fma/_15751_/Y (sky130_fd_sc_hd__nor2_1)
   0.2943    9.3475 ^ fpu_exe_unit/FPUUnit/fpu/dfma/fma/_15789_/X (sky130_fd_sc_hd__xor3_1)
   0.1440    9.4915 v fpu_exe_unit/FPUUnit/fpu/dfma/fma/_15790_/Y (sky130_fd_sc_hd__nand4bb_1)
   0.3515    9.8430 v fpu_exe_unit/FPUUnit/fpu/dfma/fma/_15837_/X (sky130_fd_sc_hd__or2_2)
   0.3724   10.2154 v fpu_exe_unit/FPUUnit/fpu/dfma/fma/_15891_/X (sky130_fd_sc_hd__maj3_1)
   0.3778   10.5932 v fpu_exe_unit/FPUUnit/fpu/dfma/fma/_15946_/X (sky130_fd_sc_hd__maj3_1)
   0.3853   10.9785 v fpu_exe_unit/FPUUnit/fpu/dfma/fma/_16018_/X (sky130_fd_sc_hd__maj3_1)
   0.3669   11.3454 v fpu_exe_unit/FPUUnit/fpu/dfma/fma/_16084_/X (sky130_fd_sc_hd__maj3_1)
   0.3753   11.7207 v fpu_exe_unit/FPUUnit/fpu/dfma/fma/_16150_/X (sky130_fd_sc_hd__maj3_1)
   0.3716   12.0924 v fpu_exe_unit/FPUUnit/fpu/dfma/fma/_16236_/X (sky130_fd_sc_hd__maj3_1)
   0.3656   12.4580 v fpu_exe_unit/FPUUnit/fpu/dfma/fma/_16331_/X (sky130_fd_sc_hd__maj3_1)
   0.3227   12.7806 ^ fpu_exe_unit/FPUUnit/fpu/dfma/fma/_16425_/Y (sky130_fd_sc_hd__o21ai_0)
   0.1187   12.8993 v fpu_exe_unit/FPUUnit/fpu/dfma/fma/_16955_/Y (sky130_fd_sc_hd__a211oi_1)
   0.3448   13.2441 ^ fpu_exe_unit/FPUUnit/fpu/dfma/fma/_16956_/Y (sky130_fd_sc_hd__o311ai_0)
   0.1911   13.4352 v fpu_exe_unit/FPUUnit/fpu/dfma/fma/_17093_/Y (sky130_fd_sc_hd__nand4_1)
   0.3235   13.7588 ^ fpu_exe_unit/FPUUnit/fpu/dfma/fma/_17388_/Y (sky130_fd_sc_hd__a211oi_1)
   0.1962   13.9550 v fpu_exe_unit/FPUUnit/fpu/dfma/fma/_17685_/Y (sky130_fd_sc_hd__o311ai_0)
   0.1886   14.1436 v fpu_exe_unit/FPUUnit/fpu/dfma/fma/_17687_/X (sky130_fd_sc_hd__lpflow_inputiso0n_1)
   0.1514   14.2950 ^ fpu_exe_unit/FPUUnit/fpu/dfma/fma/_17829_/Y (sky130_fd_sc_hd__xnor2_1)
   0.0787   14.3737 v fpu_exe_unit/FPUUnit/fpu/dfma/fma/_17832_/Y (sky130_fd_sc_hd__a21oi_1)
   0.0035   14.3771 v fpu_exe_unit/FPUUnit/fpu/dfma/fma/_31062_/D (sky130_fd_sc_hd__dfxtp_1)
            14.3771   data arrival time

  20.0000   20.0000   clock clock (rise edge)
   0.0000   20.0000   clock network delay (ideal)
   0.0000   20.0000   clock reconvergence pessimism
            20.0000 ^ fpu_exe_unit/FPUUnit/fpu/dfma/fma/_31062_/CLK (sky130_fd_sc_hd__dfxtp_1)
  -0.1345   19.8655   library setup time
            19.8655   data required time
-------------------------------------------------------------
            19.8655   data required time
           -14.3771   data arrival time
-------------------------------------------------------------
             5.4884   slack (MET)


Startpoint: fpu_exe_unit/FPUUnit/fpu/sfma/_677_
            (rising edge-triggered flip-flop clocked by clock)
Endpoint: fpu_exe_unit/FPUUnit/fpu/sfma/fma/_6705_
          (rising edge-triggered flip-flop clocked by clock)
Path Group: clock
Path Type: max

    Delay      Time   Description
-------------------------------------------------------------
   0.0000    0.0000   clock clock (rise edge)
   0.0000    0.0000   clock network delay (ideal)
   0.0000    0.0000 ^ fpu_exe_unit/FPUUnit/fpu/sfma/_677_/CLK (sky130_fd_sc_hd__dfxtp_1)
   0.3060    0.3060 v fpu_exe_unit/FPUUnit/fpu/sfma/_677_/Q (sky130_fd_sc_hd__dfxtp_1)
   0.1825    0.4885 v fpu_exe_unit/FPUUnit/fpu/sfma/fma/mulAddRecFNToRaw_preMul/_0566_/X (sky130_fd_sc_hd__xor2_1)
   0.2034    0.6919 v fpu_exe_unit/FPUUnit/fpu/sfma/fma/mulAddRecFNToRaw_preMul/_0567_/X (sky130_fd_sc_hd__lpflow_inputiso0n_1)
   0.3854    1.0773 v fpu_exe_unit/FPUUnit/fpu/sfma/fma/mulAddRecFNToRaw_preMul/_0568_/X (sky130_fd_sc_hd__maj3_1)
   0.4191    1.4964 v fpu_exe_unit/FPUUnit/fpu/sfma/fma/mulAddRecFNToRaw_preMul/_0569_/X (sky130_fd_sc_hd__maj3_1)
   0.4032    1.8996 v fpu_exe_unit/FPUUnit/fpu/sfma/fma/mulAddRecFNToRaw_preMul/_0570_/X (sky130_fd_sc_hd__maj3_1)
   0.3976    2.2972 v fpu_exe_unit/FPUUnit/fpu/sfma/fma/mulAddRecFNToRaw_preMul/_0571_/X (sky130_fd_sc_hd__maj3_1)
   0.3907    2.6879 v fpu_exe_unit/FPUUnit/fpu/sfma/fma/mulAddRecFNToRaw_preMul/_0572_/X (sky130_fd_sc_hd__maj3_1)
   0.3886    3.0765 v fpu_exe_unit/FPUUnit/fpu/sfma/fma/mulAddRecFNToRaw_preMul/_0573_/X (sky130_fd_sc_hd__maj3_1)
   0.3886    3.4652 v fpu_exe_unit/FPUUnit/fpu/sfma/fma/mulAddRecFNToRaw_preMul/_0574_/X (sky130_fd_sc_hd__maj3_1)
   0.3681    3.8332 v fpu_exe_unit/FPUUnit/fpu/sfma/fma/mulAddRecFNToRaw_preMul/_0575_/X (sky130_fd_sc_hd__maj3_1)
   0.1861    4.0194 v fpu_exe_unit/FPUUnit/fpu/sfma/fma/mulAddRecFNToRaw_preMul/_0578_/X (sky130_fd_sc_hd__lpflow_inputiso0n_1)
   0.6005    4.6199 ^ fpu_exe_unit/FPUUnit/fpu/sfma/fma/mulAddRecFNToRaw_preMul/_0610_/Y (sky130_fd_sc_hd__nor3_1)
   0.2361    4.8560 ^ fpu_exe_unit/FPUUnit/fpu/sfma/fma/mulAddRecFNToRaw_preMul/_0613_/X (sky130_fd_sc_hd__a21o_1)
   0.3278    5.1838 ^ fpu_exe_unit/FPUUnit/fpu/sfma/fma/mulAddRecFNToRaw_preMul/_0685_/X (sky130_fd_sc_hd__lpflow_clkbufkapwr_1)
   0.4536    5.6374 ^ fpu_exe_unit/FPUUnit/fpu/sfma/fma/mulAddRecFNToRaw_preMul/_0686_/X (sky130_fd_sc_hd__lpflow_clkbufkapwr_1)
   0.1968    5.8341 v fpu_exe_unit/FPUUnit/fpu/sfma/fma/mulAddRecFNToRaw_preMul/_0754_/Y (sky130_fd_sc_hd__o21ai_0)
   0.1553    5.9894 ^ fpu_exe_unit/FPUUnit/fpu/sfma/fma/mulAddRecFNToRaw_preMul/_0755_/Y (sky130_fd_sc_hd__o211ai_1)
   0.0735    6.0629 v fpu_exe_unit/FPUUnit/fpu/sfma/fma/mulAddRecFNToRaw_preMul/_0942_/Y (sky130_fd_sc_hd__nand2_1)
   0.2679    6.3308 v fpu_exe_unit/FPUUnit/fpu/sfma/fma/mulAddRecFNToRaw_preMul/_0943_/X (sky130_fd_sc_hd__mux2_2)
   0.1675    6.4983 ^ fpu_exe_unit/FPUUnit/fpu/sfma/fma/mulAddRecFNToRaw_preMul/_0944_/Y (sky130_fd_sc_hd__mux2i_1)
   0.0591    6.5575 v fpu_exe_unit/FPUUnit/fpu/sfma/fma/mulAddRecFNToRaw_preMul/_0945_/Y (sky130_fd_sc_hd__nor2_1)
   0.1861    6.7436 v fpu_exe_unit/FPUUnit/fpu/sfma/fma/mulAddRecFNToRaw_preMul/_0951_/X (sky130_fd_sc_hd__o21a_1)
   0.3782    7.1218 v fpu_exe_unit/FPUUnit/fpu/sfma/fma/_3489_/X (sky130_fd_sc_hd__xnor3_1)
   0.3906    7.5125 v fpu_exe_unit/FPUUnit/fpu/sfma/fma/_3503_/X (sky130_fd_sc_hd__maj3_1)
   0.3213    7.8338 ^ fpu_exe_unit/FPUUnit/fpu/sfma/fma/_3514_/Y (sky130_fd_sc_hd__xnor2_1)
   0.4135    8.2473 v fpu_exe_unit/FPUUnit/fpu/sfma/fma/_3525_/X (sky130_fd_sc_hd__xnor3_1)
   0.1651    8.4123 v fpu_exe_unit/FPUUnit/fpu/sfma/fma/_3534_/X (sky130_fd_sc_hd__xor2_1)
   0.2903    8.7027 v fpu_exe_unit/FPUUnit/fpu/sfma/fma/_3535_/X (sky130_fd_sc_hd__or2_2)
   0.4226    9.1252 ^ fpu_exe_unit/FPUUnit/fpu/sfma/fma/_3572_/X (sky130_fd_sc_hd__xnor3_1)
   0.1500    9.2752 v fpu_exe_unit/FPUUnit/fpu/sfma/fma/_3573_/Y (sky130_fd_sc_hd__nand4b_1)
   0.3003    9.5755 ^ fpu_exe_unit/FPUUnit/fpu/sfma/fma/_3674_/Y (sky130_fd_sc_hd__a32oi_1)
   0.2540    9.8296 ^ fpu_exe_unit/FPUUnit/fpu/sfma/fma/_3679_/X (sky130_fd_sc_hd__maj3_1)
   0.0915    9.9211 v fpu_exe_unit/FPUUnit/fpu/sfma/fma/_3733_/Y (sky130_fd_sc_hd__a21oi_1)
   0.2497   10.1708 ^ fpu_exe_unit/FPUUnit/fpu/sfma/fma/_3795_/Y (sky130_fd_sc_hd__o21ai_0)
   0.1322   10.3030 v fpu_exe_unit/FPUUnit/fpu/sfma/fma/_3859_/Y (sky130_fd_sc_hd__a21oi_1)
   0.2693   10.5723 ^ fpu_exe_unit/FPUUnit/fpu/sfma/fma/_3934_/Y (sky130_fd_sc_hd__o21ai_0)
   0.1548   10.7271 v fpu_exe_unit/FPUUnit/fpu/sfma/fma/_4024_/Y (sky130_fd_sc_hd__a21oi_1)
   0.1944   10.9215 ^ fpu_exe_unit/FPUUnit/fpu/sfma/fma/_4504_/Y (sky130_fd_sc_hd__o211ai_1)
   0.1157   11.0371 v fpu_exe_unit/FPUUnit/fpu/sfma/fma/_4506_/Y (sky130_fd_sc_hd__a311oi_1)
   0.4302   11.4673 ^ fpu_exe_unit/FPUUnit/fpu/sfma/fma/_4727_/Y (sky130_fd_sc_hd__o311ai_0)
   0.2685   11.7358 ^ fpu_exe_unit/FPUUnit/fpu/sfma/fma/_4859_/X (sky130_fd_sc_hd__a41o_1)
   0.2143   11.9502 ^ fpu_exe_unit/FPUUnit/fpu/sfma/fma/_5098_/X (sky130_fd_sc_hd__a311o_1)
   0.1377   12.0879 v fpu_exe_unit/FPUUnit/fpu/sfma/fma/_5315_/Y (sky130_fd_sc_hd__a31oi_1)
   0.3582   12.4461 v fpu_exe_unit/FPUUnit/fpu/sfma/fma/_5521_/X (sky130_fd_sc_hd__o31a_1)
   0.2179   12.6640 v fpu_exe_unit/FPUUnit/fpu/sfma/fma/_5724_/X (sky130_fd_sc_hd__o21a_1)
   0.3957   13.0597 ^ fpu_exe_unit/FPUUnit/fpu/sfma/fma/_5894_/Y (sky130_fd_sc_hd__o31ai_1)
   0.2506   13.3102 ^ fpu_exe_unit/FPUUnit/fpu/sfma/fma/_6048_/X (sky130_fd_sc_hd__a31o_2)
   0.1211   13.4313 v fpu_exe_unit/FPUUnit/fpu/sfma/fma/_6182_/Y (sky130_fd_sc_hd__a31oi_1)
   0.3858   13.8171 ^ fpu_exe_unit/FPUUnit/fpu/sfma/fma/_6293_/Y (sky130_fd_sc_hd__o21ai_0)
   0.1189   13.9361 v fpu_exe_unit/FPUUnit/fpu/sfma/fma/_6388_/Y (sky130_fd_sc_hd__nand3_1)
   0.1121   14.0481 ^ fpu_exe_unit/FPUUnit/fpu/sfma/fma/_6390_/Y (sky130_fd_sc_hd__nand2_1)
   0.0780   14.1261 v fpu_exe_unit/FPUUnit/fpu/sfma/fma/_6426_/Y (sky130_fd_sc_hd__a21oi_1)
   0.1716   14.2977 v fpu_exe_unit/FPUUnit/fpu/sfma/fma/_6455_/X (sky130_fd_sc_hd__xor2_1)
   0.1337   14.4315 ^ fpu_exe_unit/FPUUnit/fpu/sfma/fma/_6457_/Y (sky130_fd_sc_hd__a21oi_1)
   0.0035   14.4350 ^ fpu_exe_unit/FPUUnit/fpu/sfma/fma/_6705_/D (sky130_fd_sc_hd__dfxtp_1)
            14.4350   data arrival time

  20.0000   20.0000   clock clock (rise edge)
   0.0000   20.0000   clock network delay (ideal)
   0.0000   20.0000   clock reconvergence pessimism
            20.0000 ^ fpu_exe_unit/FPUUnit/fpu/sfma/fma/_6705_/CLK (sky130_fd_sc_hd__dfxtp_1)
  -0.0711   19.9289   library setup time
            19.9289   data required time
-------------------------------------------------------------
            19.9289   data required time
           -14.4350   data arrival time
-------------------------------------------------------------
             5.4940   slack (MET)


Startpoint: fpu_exe_unit/FPUUnit/fpu/sfma/_677_
            (rising edge-triggered flip-flop clocked by clock)
Endpoint: fpu_exe_unit/FPUUnit/fpu/sfma/fma/_6706_
          (rising edge-triggered flip-flop clocked by clock)
Path Group: clock
Path Type: max

    Delay      Time   Description
-------------------------------------------------------------
   0.0000    0.0000   clock clock (rise edge)
   0.0000    0.0000   clock network delay (ideal)
   0.0000    0.0000 ^ fpu_exe_unit/FPUUnit/fpu/sfma/_677_/CLK (sky130_fd_sc_hd__dfxtp_1)
   0.3060    0.3060 v fpu_exe_unit/FPUUnit/fpu/sfma/_677_/Q (sky130_fd_sc_hd__dfxtp_1)
   0.1825    0.4885 v fpu_exe_unit/FPUUnit/fpu/sfma/fma/mulAddRecFNToRaw_preMul/_0566_/X (sky130_fd_sc_hd__xor2_1)
   0.2034    0.6919 v fpu_exe_unit/FPUUnit/fpu/sfma/fma/mulAddRecFNToRaw_preMul/_0567_/X (sky130_fd_sc_hd__lpflow_inputiso0n_1)
   0.3854    1.0773 v fpu_exe_unit/FPUUnit/fpu/sfma/fma/mulAddRecFNToRaw_preMul/_0568_/X (sky130_fd_sc_hd__maj3_1)
   0.4191    1.4964 v fpu_exe_unit/FPUUnit/fpu/sfma/fma/mulAddRecFNToRaw_preMul/_0569_/X (sky130_fd_sc_hd__maj3_1)
   0.4032    1.8996 v fpu_exe_unit/FPUUnit/fpu/sfma/fma/mulAddRecFNToRaw_preMul/_0570_/X (sky130_fd_sc_hd__maj3_1)
   0.3976    2.2972 v fpu_exe_unit/FPUUnit/fpu/sfma/fma/mulAddRecFNToRaw_preMul/_0571_/X (sky130_fd_sc_hd__maj3_1)
   0.3907    2.6879 v fpu_exe_unit/FPUUnit/fpu/sfma/fma/mulAddRecFNToRaw_preMul/_0572_/X (sky130_fd_sc_hd__maj3_1)
   0.3886    3.0765 v fpu_exe_unit/FPUUnit/fpu/sfma/fma/mulAddRecFNToRaw_preMul/_0573_/X (sky130_fd_sc_hd__maj3_1)
   0.3886    3.4652 v fpu_exe_unit/FPUUnit/fpu/sfma/fma/mulAddRecFNToRaw_preMul/_0574_/X (sky130_fd_sc_hd__maj3_1)
   0.3681    3.8332 v fpu_exe_unit/FPUUnit/fpu/sfma/fma/mulAddRecFNToRaw_preMul/_0575_/X (sky130_fd_sc_hd__maj3_1)
   0.1861    4.0194 v fpu_exe_unit/FPUUnit/fpu/sfma/fma/mulAddRecFNToRaw_preMul/_0578_/X (sky130_fd_sc_hd__lpflow_inputiso0n_1)
   0.6005    4.6199 ^ fpu_exe_unit/FPUUnit/fpu/sfma/fma/mulAddRecFNToRaw_preMul/_0610_/Y (sky130_fd_sc_hd__nor3_1)
   0.2361    4.8560 ^ fpu_exe_unit/FPUUnit/fpu/sfma/fma/mulAddRecFNToRaw_preMul/_0613_/X (sky130_fd_sc_hd__a21o_1)
   0.3278    5.1838 ^ fpu_exe_unit/FPUUnit/fpu/sfma/fma/mulAddRecFNToRaw_preMul/_0685_/X (sky130_fd_sc_hd__lpflow_clkbufkapwr_1)
   0.4536    5.6374 ^ fpu_exe_unit/FPUUnit/fpu/sfma/fma/mulAddRecFNToRaw_preMul/_0686_/X (sky130_fd_sc_hd__lpflow_clkbufkapwr_1)
   0.1968    5.8341 v fpu_exe_unit/FPUUnit/fpu/sfma/fma/mulAddRecFNToRaw_preMul/_0754_/Y (sky130_fd_sc_hd__o21ai_0)
   0.1553    5.9894 ^ fpu_exe_unit/FPUUnit/fpu/sfma/fma/mulAddRecFNToRaw_preMul/_0755_/Y (sky130_fd_sc_hd__o211ai_1)
   0.0735    6.0629 v fpu_exe_unit/FPUUnit/fpu/sfma/fma/mulAddRecFNToRaw_preMul/_0942_/Y (sky130_fd_sc_hd__nand2_1)
   0.2679    6.3308 v fpu_exe_unit/FPUUnit/fpu/sfma/fma/mulAddRecFNToRaw_preMul/_0943_/X (sky130_fd_sc_hd__mux2_2)
   0.1675    6.4983 ^ fpu_exe_unit/FPUUnit/fpu/sfma/fma/mulAddRecFNToRaw_preMul/_0944_/Y (sky130_fd_sc_hd__mux2i_1)
   0.0591    6.5575 v fpu_exe_unit/FPUUnit/fpu/sfma/fma/mulAddRecFNToRaw_preMul/_0945_/Y (sky130_fd_sc_hd__nor2_1)
   0.1861    6.7436 v fpu_exe_unit/FPUUnit/fpu/sfma/fma/mulAddRecFNToRaw_preMul/_0951_/X (sky130_fd_sc_hd__o21a_1)
   0.3782    7.1218 v fpu_exe_unit/FPUUnit/fpu/sfma/fma/_3489_/X (sky130_fd_sc_hd__xnor3_1)
   0.3906    7.5125 v fpu_exe_unit/FPUUnit/fpu/sfma/fma/_3503_/X (sky130_fd_sc_hd__maj3_1)
   0.3213    7.8338 ^ fpu_exe_unit/FPUUnit/fpu/sfma/fma/_3514_/Y (sky130_fd_sc_hd__xnor2_1)
   0.4135    8.2473 v fpu_exe_unit/FPUUnit/fpu/sfma/fma/_3525_/X (sky130_fd_sc_hd__xnor3_1)
   0.1651    8.4123 v fpu_exe_unit/FPUUnit/fpu/sfma/fma/_3534_/X (sky130_fd_sc_hd__xor2_1)
   0.2903    8.7027 v fpu_exe_unit/FPUUnit/fpu/sfma/fma/_3535_/X (sky130_fd_sc_hd__or2_2)
   0.4226    9.1252 ^ fpu_exe_unit/FPUUnit/fpu/sfma/fma/_3572_/X (sky130_fd_sc_hd__xnor3_1)
   0.1500    9.2752 v fpu_exe_unit/FPUUnit/fpu/sfma/fma/_3573_/Y (sky130_fd_sc_hd__nand4b_1)
   0.3003    9.5755 ^ fpu_exe_unit/FPUUnit/fpu/sfma/fma/_3674_/Y (sky130_fd_sc_hd__a32oi_1)
   0.2540    9.8296 ^ fpu_exe_unit/FPUUnit/fpu/sfma/fma/_3679_/X (sky130_fd_sc_hd__maj3_1)
   0.0915    9.9211 v fpu_exe_unit/FPUUnit/fpu/sfma/fma/_3733_/Y (sky130_fd_sc_hd__a21oi_1)
   0.2497   10.1708 ^ fpu_exe_unit/FPUUnit/fpu/sfma/fma/_3795_/Y (sky130_fd_sc_hd__o21ai_0)
   0.1322   10.3030 v fpu_exe_unit/FPUUnit/fpu/sfma/fma/_3859_/Y (sky130_fd_sc_hd__a21oi_1)
   0.2693   10.5723 ^ fpu_exe_unit/FPUUnit/fpu/sfma/fma/_3934_/Y (sky130_fd_sc_hd__o21ai_0)
   0.1548   10.7271 v fpu_exe_unit/FPUUnit/fpu/sfma/fma/_4024_/Y (sky130_fd_sc_hd__a21oi_1)
   0.1944   10.9215 ^ fpu_exe_unit/FPUUnit/fpu/sfma/fma/_4504_/Y (sky130_fd_sc_hd__o211ai_1)
   0.1157   11.0371 v fpu_exe_unit/FPUUnit/fpu/sfma/fma/_4506_/Y (sky130_fd_sc_hd__a311oi_1)
   0.4302   11.4673 ^ fpu_exe_unit/FPUUnit/fpu/sfma/fma/_4727_/Y (sky130_fd_sc_hd__o311ai_0)
   0.2685   11.7358 ^ fpu_exe_unit/FPUUnit/fpu/sfma/fma/_4859_/X (sky130_fd_sc_hd__a41o_1)
   0.2143   11.9502 ^ fpu_exe_unit/FPUUnit/fpu/sfma/fma/_5098_/X (sky130_fd_sc_hd__a311o_1)
   0.1377   12.0879 v fpu_exe_unit/FPUUnit/fpu/sfma/fma/_5315_/Y (sky130_fd_sc_hd__a31oi_1)
   0.3582   12.4461 v fpu_exe_unit/FPUUnit/fpu/sfma/fma/_5521_/X (sky130_fd_sc_hd__o31a_1)
   0.2179   12.6640 v fpu_exe_unit/FPUUnit/fpu/sfma/fma/_5724_/X (sky130_fd_sc_hd__o21a_1)
   0.3957   13.0597 ^ fpu_exe_unit/FPUUnit/fpu/sfma/fma/_5894_/Y (sky130_fd_sc_hd__o31ai_1)
   0.2506   13.3102 ^ fpu_exe_unit/FPUUnit/fpu/sfma/fma/_6048_/X (sky130_fd_sc_hd__a31o_2)
   0.1211   13.4313 v fpu_exe_unit/FPUUnit/fpu/sfma/fma/_6182_/Y (sky130_fd_sc_hd__a31oi_1)
   0.3858   13.8171 ^ fpu_exe_unit/FPUUnit/fpu/sfma/fma/_6293_/Y (sky130_fd_sc_hd__o21ai_0)
   0.1672   13.9843 v fpu_exe_unit/FPUUnit/fpu/sfma/fma/_6460_/Y (sky130_fd_sc_hd__nand4_1)
   0.2653   14.2496 ^ fpu_exe_unit/FPUUnit/fpu/sfma/fma/_6484_/Y (sky130_fd_sc_hd__a21oi_1)
   0.1040   14.3535 v fpu_exe_unit/FPUUnit/fpu/sfma/fma/_6487_/Y (sky130_fd_sc_hd__o2bb2ai_1)
   0.0035   14.3570 v fpu_exe_unit/FPUUnit/fpu/sfma/fma/_6706_/D (sky130_fd_sc_hd__dfxtp_1)
            14.3570   data arrival time

  20.0000   20.0000   clock clock (rise edge)
   0.0000   20.0000   clock network delay (ideal)
   0.0000   20.0000   clock reconvergence pessimism
            20.0000 ^ fpu_exe_unit/FPUUnit/fpu/sfma/fma/_6706_/CLK (sky130_fd_sc_hd__dfxtp_1)
  -0.1261   19.8739   library setup time
            19.8739   data required time
-------------------------------------------------------------
            19.8739   data required time
           -14.3570   data arrival time
-------------------------------------------------------------
             5.5169   slack (MET)


Startpoint: fpu_exe_unit/FPUUnit/fpu/sfma/_677_
            (rising edge-triggered flip-flop clocked by clock)
Endpoint: fpu_exe_unit/FPUUnit/fpu/sfma/fma/_6704_
          (rising edge-triggered flip-flop clocked by clock)
Path Group: clock
Path Type: max

    Delay      Time   Description
-------------------------------------------------------------
   0.0000    0.0000   clock clock (rise edge)
   0.0000    0.0000   clock network delay (ideal)
   0.0000    0.0000 ^ fpu_exe_unit/FPUUnit/fpu/sfma/_677_/CLK (sky130_fd_sc_hd__dfxtp_1)
   0.3060    0.3060 v fpu_exe_unit/FPUUnit/fpu/sfma/_677_/Q (sky130_fd_sc_hd__dfxtp_1)
   0.1825    0.4885 v fpu_exe_unit/FPUUnit/fpu/sfma/fma/mulAddRecFNToRaw_preMul/_0566_/X (sky130_fd_sc_hd__xor2_1)
   0.2034    0.6919 v fpu_exe_unit/FPUUnit/fpu/sfma/fma/mulAddRecFNToRaw_preMul/_0567_/X (sky130_fd_sc_hd__lpflow_inputiso0n_1)
   0.3854    1.0773 v fpu_exe_unit/FPUUnit/fpu/sfma/fma/mulAddRecFNToRaw_preMul/_0568_/X (sky130_fd_sc_hd__maj3_1)
   0.4191    1.4964 v fpu_exe_unit/FPUUnit/fpu/sfma/fma/mulAddRecFNToRaw_preMul/_0569_/X (sky130_fd_sc_hd__maj3_1)
   0.4032    1.8996 v fpu_exe_unit/FPUUnit/fpu/sfma/fma/mulAddRecFNToRaw_preMul/_0570_/X (sky130_fd_sc_hd__maj3_1)
   0.3976    2.2972 v fpu_exe_unit/FPUUnit/fpu/sfma/fma/mulAddRecFNToRaw_preMul/_0571_/X (sky130_fd_sc_hd__maj3_1)
   0.3907    2.6879 v fpu_exe_unit/FPUUnit/fpu/sfma/fma/mulAddRecFNToRaw_preMul/_0572_/X (sky130_fd_sc_hd__maj3_1)
   0.3886    3.0765 v fpu_exe_unit/FPUUnit/fpu/sfma/fma/mulAddRecFNToRaw_preMul/_0573_/X (sky130_fd_sc_hd__maj3_1)
   0.3886    3.4652 v fpu_exe_unit/FPUUnit/fpu/sfma/fma/mulAddRecFNToRaw_preMul/_0574_/X (sky130_fd_sc_hd__maj3_1)
   0.3681    3.8332 v fpu_exe_unit/FPUUnit/fpu/sfma/fma/mulAddRecFNToRaw_preMul/_0575_/X (sky130_fd_sc_hd__maj3_1)
   0.1861    4.0194 v fpu_exe_unit/FPUUnit/fpu/sfma/fma/mulAddRecFNToRaw_preMul/_0578_/X (sky130_fd_sc_hd__lpflow_inputiso0n_1)
   0.6005    4.6199 ^ fpu_exe_unit/FPUUnit/fpu/sfma/fma/mulAddRecFNToRaw_preMul/_0610_/Y (sky130_fd_sc_hd__nor3_1)
   0.2361    4.8560 ^ fpu_exe_unit/FPUUnit/fpu/sfma/fma/mulAddRecFNToRaw_preMul/_0613_/X (sky130_fd_sc_hd__a21o_1)
   0.3278    5.1838 ^ fpu_exe_unit/FPUUnit/fpu/sfma/fma/mulAddRecFNToRaw_preMul/_0685_/X (sky130_fd_sc_hd__lpflow_clkbufkapwr_1)
   0.4536    5.6374 ^ fpu_exe_unit/FPUUnit/fpu/sfma/fma/mulAddRecFNToRaw_preMul/_0686_/X (sky130_fd_sc_hd__lpflow_clkbufkapwr_1)
   0.1968    5.8341 v fpu_exe_unit/FPUUnit/fpu/sfma/fma/mulAddRecFNToRaw_preMul/_0754_/Y (sky130_fd_sc_hd__o21ai_0)
   0.1553    5.9894 ^ fpu_exe_unit/FPUUnit/fpu/sfma/fma/mulAddRecFNToRaw_preMul/_0755_/Y (sky130_fd_sc_hd__o211ai_1)
   0.0735    6.0629 v fpu_exe_unit/FPUUnit/fpu/sfma/fma/mulAddRecFNToRaw_preMul/_0942_/Y (sky130_fd_sc_hd__nand2_1)
   0.2679    6.3308 v fpu_exe_unit/FPUUnit/fpu/sfma/fma/mulAddRecFNToRaw_preMul/_0943_/X (sky130_fd_sc_hd__mux2_2)
   0.1675    6.4983 ^ fpu_exe_unit/FPUUnit/fpu/sfma/fma/mulAddRecFNToRaw_preMul/_0944_/Y (sky130_fd_sc_hd__mux2i_1)
   0.0591    6.5575 v fpu_exe_unit/FPUUnit/fpu/sfma/fma/mulAddRecFNToRaw_preMul/_0945_/Y (sky130_fd_sc_hd__nor2_1)
   0.1861    6.7436 v fpu_exe_unit/FPUUnit/fpu/sfma/fma/mulAddRecFNToRaw_preMul/_0951_/X (sky130_fd_sc_hd__o21a_1)
   0.3782    7.1218 v fpu_exe_unit/FPUUnit/fpu/sfma/fma/_3489_/X (sky130_fd_sc_hd__xnor3_1)
   0.3906    7.5125 v fpu_exe_unit/FPUUnit/fpu/sfma/fma/_3503_/X (sky130_fd_sc_hd__maj3_1)
   0.3213    7.8338 ^ fpu_exe_unit/FPUUnit/fpu/sfma/fma/_3514_/Y (sky130_fd_sc_hd__xnor2_1)
   0.4135    8.2473 v fpu_exe_unit/FPUUnit/fpu/sfma/fma/_3525_/X (sky130_fd_sc_hd__xnor3_1)
   0.1651    8.4123 v fpu_exe_unit/FPUUnit/fpu/sfma/fma/_3534_/X (sky130_fd_sc_hd__xor2_1)
   0.2903    8.7027 v fpu_exe_unit/FPUUnit/fpu/sfma/fma/_3535_/X (sky130_fd_sc_hd__or2_2)
   0.4226    9.1252 ^ fpu_exe_unit/FPUUnit/fpu/sfma/fma/_3572_/X (sky130_fd_sc_hd__xnor3_1)
   0.1500    9.2752 v fpu_exe_unit/FPUUnit/fpu/sfma/fma/_3573_/Y (sky130_fd_sc_hd__nand4b_1)
   0.3003    9.5755 ^ fpu_exe_unit/FPUUnit/fpu/sfma/fma/_3674_/Y (sky130_fd_sc_hd__a32oi_1)
   0.2540    9.8296 ^ fpu_exe_unit/FPUUnit/fpu/sfma/fma/_3679_/X (sky130_fd_sc_hd__maj3_1)
   0.0915    9.9211 v fpu_exe_unit/FPUUnit/fpu/sfma/fma/_3733_/Y (sky130_fd_sc_hd__a21oi_1)
   0.2497   10.1708 ^ fpu_exe_unit/FPUUnit/fpu/sfma/fma/_3795_/Y (sky130_fd_sc_hd__o21ai_0)
   0.1322   10.3030 v fpu_exe_unit/FPUUnit/fpu/sfma/fma/_3859_/Y (sky130_fd_sc_hd__a21oi_1)
   0.2693   10.5723 ^ fpu_exe_unit/FPUUnit/fpu/sfma/fma/_3934_/Y (sky130_fd_sc_hd__o21ai_0)
   0.1548   10.7271 v fpu_exe_unit/FPUUnit/fpu/sfma/fma/_4024_/Y (sky130_fd_sc_hd__a21oi_1)
   0.1944   10.9215 ^ fpu_exe_unit/FPUUnit/fpu/sfma/fma/_4504_/Y (sky130_fd_sc_hd__o211ai_1)
   0.1157   11.0371 v fpu_exe_unit/FPUUnit/fpu/sfma/fma/_4506_/Y (sky130_fd_sc_hd__a311oi_1)
   0.4302   11.4673 ^ fpu_exe_unit/FPUUnit/fpu/sfma/fma/_4727_/Y (sky130_fd_sc_hd__o311ai_0)
   0.2685   11.7358 ^ fpu_exe_unit/FPUUnit/fpu/sfma/fma/_4859_/X (sky130_fd_sc_hd__a41o_1)
   0.2143   11.9502 ^ fpu_exe_unit/FPUUnit/fpu/sfma/fma/_5098_/X (sky130_fd_sc_hd__a311o_1)
   0.1377   12.0879 v fpu_exe_unit/FPUUnit/fpu/sfma/fma/_5315_/Y (sky130_fd_sc_hd__a31oi_1)
   0.3582   12.4461 v fpu_exe_unit/FPUUnit/fpu/sfma/fma/_5521_/X (sky130_fd_sc_hd__o31a_1)
   0.2179   12.6640 v fpu_exe_unit/FPUUnit/fpu/sfma/fma/_5724_/X (sky130_fd_sc_hd__o21a_1)
   0.3957   13.0597 ^ fpu_exe_unit/FPUUnit/fpu/sfma/fma/_5894_/Y (sky130_fd_sc_hd__o31ai_1)
   0.2506   13.3102 ^ fpu_exe_unit/FPUUnit/fpu/sfma/fma/_6048_/X (sky130_fd_sc_hd__a31o_2)
   0.1211   13.4313 v fpu_exe_unit/FPUUnit/fpu/sfma/fma/_6182_/Y (sky130_fd_sc_hd__a31oi_1)
   0.3858   13.8171 ^ fpu_exe_unit/FPUUnit/fpu/sfma/fma/_6293_/Y (sky130_fd_sc_hd__o21ai_0)
   0.1189   13.9361 v fpu_exe_unit/FPUUnit/fpu/sfma/fma/_6388_/Y (sky130_fd_sc_hd__nand3_1)
   0.1121   14.0481 ^ fpu_exe_unit/FPUUnit/fpu/sfma/fma/_6390_/Y (sky130_fd_sc_hd__nand2_1)
   0.1210   14.1692 ^ fpu_exe_unit/FPUUnit/fpu/sfma/fma/_6422_/Y (sky130_fd_sc_hd__xnor2_1)
   0.0787   14.2478 v fpu_exe_unit/FPUUnit/fpu/sfma/fma/_6424_/Y (sky130_fd_sc_hd__a21oi_1)
   0.0035   14.2513 v fpu_exe_unit/FPUUnit/fpu/sfma/fma/_6704_/D (sky130_fd_sc_hd__dfxtp_1)
            14.2513   data arrival time

  20.0000   20.0000   clock clock (rise edge)
   0.0000   20.0000   clock network delay (ideal)
   0.0000   20.0000   clock reconvergence pessimism
            20.0000 ^ fpu_exe_unit/FPUUnit/fpu/sfma/fma/_6704_/CLK (sky130_fd_sc_hd__dfxtp_1)
  -0.1341   19.8659   library setup time
            19.8659   data required time
-------------------------------------------------------------
            19.8659   data required time
           -14.2513   data arrival time
-------------------------------------------------------------
             5.6146   slack (MET)


Startpoint: fpu_exe_unit/FPUUnit/fpu/sfma/_677_
            (rising edge-triggered flip-flop clocked by clock)
Endpoint: fpu_exe_unit/FPUUnit/fpu/sfma/fma/_6703_
          (rising edge-triggered flip-flop clocked by clock)
Path Group: clock
Path Type: max

    Delay      Time   Description
-------------------------------------------------------------
   0.0000    0.0000   clock clock (rise edge)
   0.0000    0.0000   clock network delay (ideal)
   0.0000    0.0000 ^ fpu_exe_unit/FPUUnit/fpu/sfma/_677_/CLK (sky130_fd_sc_hd__dfxtp_1)
   0.3060    0.3060 v fpu_exe_unit/FPUUnit/fpu/sfma/_677_/Q (sky130_fd_sc_hd__dfxtp_1)
   0.1825    0.4885 v fpu_exe_unit/FPUUnit/fpu/sfma/fma/mulAddRecFNToRaw_preMul/_0566_/X (sky130_fd_sc_hd__xor2_1)
   0.2034    0.6919 v fpu_exe_unit/FPUUnit/fpu/sfma/fma/mulAddRecFNToRaw_preMul/_0567_/X (sky130_fd_sc_hd__lpflow_inputiso0n_1)
   0.3854    1.0773 v fpu_exe_unit/FPUUnit/fpu/sfma/fma/mulAddRecFNToRaw_preMul/_0568_/X (sky130_fd_sc_hd__maj3_1)
   0.4191    1.4964 v fpu_exe_unit/FPUUnit/fpu/sfma/fma/mulAddRecFNToRaw_preMul/_0569_/X (sky130_fd_sc_hd__maj3_1)
   0.4032    1.8996 v fpu_exe_unit/FPUUnit/fpu/sfma/fma/mulAddRecFNToRaw_preMul/_0570_/X (sky130_fd_sc_hd__maj3_1)
   0.3976    2.2972 v fpu_exe_unit/FPUUnit/fpu/sfma/fma/mulAddRecFNToRaw_preMul/_0571_/X (sky130_fd_sc_hd__maj3_1)
   0.3907    2.6879 v fpu_exe_unit/FPUUnit/fpu/sfma/fma/mulAddRecFNToRaw_preMul/_0572_/X (sky130_fd_sc_hd__maj3_1)
   0.3886    3.0765 v fpu_exe_unit/FPUUnit/fpu/sfma/fma/mulAddRecFNToRaw_preMul/_0573_/X (sky130_fd_sc_hd__maj3_1)
   0.3886    3.4652 v fpu_exe_unit/FPUUnit/fpu/sfma/fma/mulAddRecFNToRaw_preMul/_0574_/X (sky130_fd_sc_hd__maj3_1)
   0.3681    3.8332 v fpu_exe_unit/FPUUnit/fpu/sfma/fma/mulAddRecFNToRaw_preMul/_0575_/X (sky130_fd_sc_hd__maj3_1)
   0.1861    4.0194 v fpu_exe_unit/FPUUnit/fpu/sfma/fma/mulAddRecFNToRaw_preMul/_0578_/X (sky130_fd_sc_hd__lpflow_inputiso0n_1)
   0.6005    4.6199 ^ fpu_exe_unit/FPUUnit/fpu/sfma/fma/mulAddRecFNToRaw_preMul/_0610_/Y (sky130_fd_sc_hd__nor3_1)
   0.2361    4.8560 ^ fpu_exe_unit/FPUUnit/fpu/sfma/fma/mulAddRecFNToRaw_preMul/_0613_/X (sky130_fd_sc_hd__a21o_1)
   0.3278    5.1838 ^ fpu_exe_unit/FPUUnit/fpu/sfma/fma/mulAddRecFNToRaw_preMul/_0685_/X (sky130_fd_sc_hd__lpflow_clkbufkapwr_1)
   0.4536    5.6374 ^ fpu_exe_unit/FPUUnit/fpu/sfma/fma/mulAddRecFNToRaw_preMul/_0686_/X (sky130_fd_sc_hd__lpflow_clkbufkapwr_1)
   0.1968    5.8341 v fpu_exe_unit/FPUUnit/fpu/sfma/fma/mulAddRecFNToRaw_preMul/_0754_/Y (sky130_fd_sc_hd__o21ai_0)
   0.1553    5.9894 ^ fpu_exe_unit/FPUUnit/fpu/sfma/fma/mulAddRecFNToRaw_preMul/_0755_/Y (sky130_fd_sc_hd__o211ai_1)
   0.0735    6.0629 v fpu_exe_unit/FPUUnit/fpu/sfma/fma/mulAddRecFNToRaw_preMul/_0942_/Y (sky130_fd_sc_hd__nand2_1)
   0.2679    6.3308 v fpu_exe_unit/FPUUnit/fpu/sfma/fma/mulAddRecFNToRaw_preMul/_0943_/X (sky130_fd_sc_hd__mux2_2)
   0.1675    6.4983 ^ fpu_exe_unit/FPUUnit/fpu/sfma/fma/mulAddRecFNToRaw_preMul/_0944_/Y (sky130_fd_sc_hd__mux2i_1)
   0.0591    6.5575 v fpu_exe_unit/FPUUnit/fpu/sfma/fma/mulAddRecFNToRaw_preMul/_0945_/Y (sky130_fd_sc_hd__nor2_1)
   0.1861    6.7436 v fpu_exe_unit/FPUUnit/fpu/sfma/fma/mulAddRecFNToRaw_preMul/_0951_/X (sky130_fd_sc_hd__o21a_1)
   0.3782    7.1218 v fpu_exe_unit/FPUUnit/fpu/sfma/fma/_3489_/X (sky130_fd_sc_hd__xnor3_1)
   0.3906    7.5125 v fpu_exe_unit/FPUUnit/fpu/sfma/fma/_3503_/X (sky130_fd_sc_hd__maj3_1)
   0.3213    7.8338 ^ fpu_exe_unit/FPUUnit/fpu/sfma/fma/_3514_/Y (sky130_fd_sc_hd__xnor2_1)
   0.4135    8.2473 v fpu_exe_unit/FPUUnit/fpu/sfma/fma/_3525_/X (sky130_fd_sc_hd__xnor3_1)
   0.1651    8.4123 v fpu_exe_unit/FPUUnit/fpu/sfma/fma/_3534_/X (sky130_fd_sc_hd__xor2_1)
   0.2903    8.7027 v fpu_exe_unit/FPUUnit/fpu/sfma/fma/_3535_/X (sky130_fd_sc_hd__or2_2)
   0.4226    9.1252 ^ fpu_exe_unit/FPUUnit/fpu/sfma/fma/_3572_/X (sky130_fd_sc_hd__xnor3_1)
   0.1500    9.2752 v fpu_exe_unit/FPUUnit/fpu/sfma/fma/_3573_/Y (sky130_fd_sc_hd__nand4b_1)
   0.3003    9.5755 ^ fpu_exe_unit/FPUUnit/fpu/sfma/fma/_3674_/Y (sky130_fd_sc_hd__a32oi_1)
   0.2540    9.8296 ^ fpu_exe_unit/FPUUnit/fpu/sfma/fma/_3679_/X (sky130_fd_sc_hd__maj3_1)
   0.0915    9.9211 v fpu_exe_unit/FPUUnit/fpu/sfma/fma/_3733_/Y (sky130_fd_sc_hd__a21oi_1)
   0.2497   10.1708 ^ fpu_exe_unit/FPUUnit/fpu/sfma/fma/_3795_/Y (sky130_fd_sc_hd__o21ai_0)
   0.1322   10.3030 v fpu_exe_unit/FPUUnit/fpu/sfma/fma/_3859_/Y (sky130_fd_sc_hd__a21oi_1)
   0.2693   10.5723 ^ fpu_exe_unit/FPUUnit/fpu/sfma/fma/_3934_/Y (sky130_fd_sc_hd__o21ai_0)
   0.1548   10.7271 v fpu_exe_unit/FPUUnit/fpu/sfma/fma/_4024_/Y (sky130_fd_sc_hd__a21oi_1)
   0.1944   10.9215 ^ fpu_exe_unit/FPUUnit/fpu/sfma/fma/_4504_/Y (sky130_fd_sc_hd__o211ai_1)
   0.1157   11.0371 v fpu_exe_unit/FPUUnit/fpu/sfma/fma/_4506_/Y (sky130_fd_sc_hd__a311oi_1)
   0.4302   11.4673 ^ fpu_exe_unit/FPUUnit/fpu/sfma/fma/_4727_/Y (sky130_fd_sc_hd__o311ai_0)
   0.2685   11.7358 ^ fpu_exe_unit/FPUUnit/fpu/sfma/fma/_4859_/X (sky130_fd_sc_hd__a41o_1)
   0.2143   11.9502 ^ fpu_exe_unit/FPUUnit/fpu/sfma/fma/_5098_/X (sky130_fd_sc_hd__a311o_1)
   0.1377   12.0879 v fpu_exe_unit/FPUUnit/fpu/sfma/fma/_5315_/Y (sky130_fd_sc_hd__a31oi_1)
   0.3582   12.4461 v fpu_exe_unit/FPUUnit/fpu/sfma/fma/_5521_/X (sky130_fd_sc_hd__o31a_1)
   0.2179   12.6640 v fpu_exe_unit/FPUUnit/fpu/sfma/fma/_5724_/X (sky130_fd_sc_hd__o21a_1)
   0.3957   13.0597 ^ fpu_exe_unit/FPUUnit/fpu/sfma/fma/_5894_/Y (sky130_fd_sc_hd__o31ai_1)
   0.2506   13.3102 ^ fpu_exe_unit/FPUUnit/fpu/sfma/fma/_6048_/X (sky130_fd_sc_hd__a31o_2)
   0.1211   13.4313 v fpu_exe_unit/FPUUnit/fpu/sfma/fma/_6182_/Y (sky130_fd_sc_hd__a31oi_1)
   0.3858   13.8171 ^ fpu_exe_unit/FPUUnit/fpu/sfma/fma/_6293_/Y (sky130_fd_sc_hd__o21ai_0)
   0.1381   13.9552 v fpu_exe_unit/FPUUnit/fpu/sfma/fma/_6345_/Y (sky130_fd_sc_hd__a21oi_1)
   0.1549   14.1102 v fpu_exe_unit/FPUUnit/fpu/sfma/fma/_6385_/Y (sky130_fd_sc_hd__xnor2_1)
   0.0876   14.1978 ^ fpu_exe_unit/FPUUnit/fpu/sfma/fma/_6386_/Y (sky130_fd_sc_hd__nor2_1)
   0.0455   14.2432 v fpu_exe_unit/FPUUnit/fpu/sfma/fma/_6387_/Y (sky130_fd_sc_hd__nor2_1)
   0.0035   14.2467 v fpu_exe_unit/FPUUnit/fpu/sfma/fma/_6703_/D (sky130_fd_sc_hd__dfxtp_1)
            14.2467   data arrival time

  20.0000   20.0000   clock clock (rise edge)
   0.0000   20.0000   clock network delay (ideal)
   0.0000   20.0000   clock reconvergence pessimism
            20.0000 ^ fpu_exe_unit/FPUUnit/fpu/sfma/fma/_6703_/CLK (sky130_fd_sc_hd__dfxtp_1)
  -0.1143   19.8857   library setup time
            19.8857   data required time
-------------------------------------------------------------
            19.8857   data required time
           -14.2467   data arrival time
-------------------------------------------------------------
             5.6390   slack (MET)


Startpoint: fpu_exe_unit/FPUUnit/fpu/dfma/_1310_
            (rising edge-triggered flip-flop clocked by clock)
Endpoint: fpu_exe_unit/FPUUnit/fpu/dfma/fma/_31061_
          (rising edge-triggered flip-flop clocked by clock)
Path Group: clock
Path Type: max

    Delay      Time   Description
-------------------------------------------------------------
   0.0000    0.0000   clock clock (rise edge)
   0.0000    0.0000   clock network delay (ideal)
   0.0000    0.0000 ^ fpu_exe_unit/FPUUnit/fpu/dfma/_1310_/CLK (sky130_fd_sc_hd__dfxtp_1)
   0.2995    0.2995 v fpu_exe_unit/FPUUnit/fpu/dfma/_1310_/Q (sky130_fd_sc_hd__dfxtp_1)
   0.1614    0.4609 v fpu_exe_unit/FPUUnit/fpu/dfma/fma/mulAddRecFNToRaw_preMul/_1092_/Y (sky130_fd_sc_hd__xnor2_1)
   0.3226    0.7835 ^ fpu_exe_unit/FPUUnit/fpu/dfma/fma/mulAddRecFNToRaw_preMul/_1094_/Y (sky130_fd_sc_hd__o21ai_0)
   0.1761    0.9596 v fpu_exe_unit/FPUUnit/fpu/dfma/fma/mulAddRecFNToRaw_preMul/_1097_/Y (sky130_fd_sc_hd__a31oi_1)
   0.4045    1.3640 v fpu_exe_unit/FPUUnit/fpu/dfma/fma/mulAddRecFNToRaw_preMul/_1098_/X (sky130_fd_sc_hd__maj3_1)
   0.3959    1.7600 v fpu_exe_unit/FPUUnit/fpu/dfma/fma/mulAddRecFNToRaw_preMul/_1099_/X (sky130_fd_sc_hd__maj3_1)
   0.3973    2.1573 v fpu_exe_unit/FPUUnit/fpu/dfma/fma/mulAddRecFNToRaw_preMul/_1100_/X (sky130_fd_sc_hd__maj3_1)
   0.4055    2.5628 v fpu_exe_unit/FPUUnit/fpu/dfma/fma/mulAddRecFNToRaw_preMul/_1101_/X (sky130_fd_sc_hd__maj3_1)
   0.3551    2.9179 v fpu_exe_unit/FPUUnit/fpu/dfma/fma/mulAddRecFNToRaw_preMul/_1121_/X (sky130_fd_sc_hd__maj3_1)
   0.2007    3.1186 v fpu_exe_unit/FPUUnit/fpu/dfma/fma/mulAddRecFNToRaw_preMul/_1122_/X (sky130_fd_sc_hd__xor2_1)
   0.1942    3.3128 ^ fpu_exe_unit/FPUUnit/fpu/dfma/fma/mulAddRecFNToRaw_preMul/_1152_/Y (sky130_fd_sc_hd__o221ai_1)
   0.1518    3.4647 v fpu_exe_unit/FPUUnit/fpu/dfma/fma/mulAddRecFNToRaw_preMul/_1158_/Y (sky130_fd_sc_hd__a32oi_1)
   0.4189    3.8835 v fpu_exe_unit/FPUUnit/fpu/dfma/fma/mulAddRecFNToRaw_preMul/_1159_/X (sky130_fd_sc_hd__maj3_1)
   0.2588    4.1424 v fpu_exe_unit/FPUUnit/fpu/dfma/fma/mulAddRecFNToRaw_preMul/_1177_/X (sky130_fd_sc_hd__o2111a_1)
   0.1835    4.3259 v fpu_exe_unit/FPUUnit/fpu/dfma/fma/mulAddRecFNToRaw_preMul/_1178_/X (sky130_fd_sc_hd__clkbuf_1)
   0.1411    4.4670 ^ fpu_exe_unit/FPUUnit/fpu/dfma/fma/mulAddRecFNToRaw_preMul/_1203_/Y (sky130_fd_sc_hd__nand4_1)
   0.3339    4.8008 ^ fpu_exe_unit/FPUUnit/fpu/dfma/fma/mulAddRecFNToRaw_preMul/_1204_/X (sky130_fd_sc_hd__lpflow_clkbufkapwr_1)
   0.3198    5.1206 ^ fpu_exe_unit/FPUUnit/fpu/dfma/fma/mulAddRecFNToRaw_preMul/_1307_/X (sky130_fd_sc_hd__buf_2)
   0.4406    5.5612 ^ fpu_exe_unit/FPUUnit/fpu/dfma/fma/mulAddRecFNToRaw_preMul/_1308_/X (sky130_fd_sc_hd__lpflow_clkbufkapwr_1)
   0.4049    5.9661 v fpu_exe_unit/FPUUnit/fpu/dfma/fma/mulAddRecFNToRaw_preMul/_1618_/X (sky130_fd_sc_hd__mux2_2)
   0.1693    6.1354 ^ fpu_exe_unit/FPUUnit/fpu/dfma/fma/mulAddRecFNToRaw_preMul/_1760_/Y (sky130_fd_sc_hd__mux2i_1)
   0.0586    6.1940 v fpu_exe_unit/FPUUnit/fpu/dfma/fma/mulAddRecFNToRaw_preMul/_1761_/Y (sky130_fd_sc_hd__nor2_1)
   0.1499    6.3440 ^ fpu_exe_unit/FPUUnit/fpu/dfma/fma/mulAddRecFNToRaw_preMul/_1762_/Y (sky130_fd_sc_hd__a21oi_1)
   0.1072    6.4511 v fpu_exe_unit/FPUUnit/fpu/dfma/fma/mulAddRecFNToRaw_preMul/_1763_/Y (sky130_fd_sc_hd__mux2i_1)
   0.2246    6.6758 ^ fpu_exe_unit/FPUUnit/fpu/dfma/fma/mulAddRecFNToRaw_preMul/_1764_/Y (sky130_fd_sc_hd__a21oi_1)
   0.0630    6.7388 v fpu_exe_unit/FPUUnit/fpu/dfma/fma/mulAddRecFNToRaw_preMul/_1765_/Y (sky130_fd_sc_hd__nor2_1)
   0.1979    6.9367 v fpu_exe_unit/FPUUnit/fpu/dfma/fma/mulAddRecFNToRaw_preMul/_1766_/X (sky130_fd_sc_hd__o22a_1)
   0.3822    7.3188 v fpu_exe_unit/FPUUnit/fpu/dfma/fma/_15656_/X (sky130_fd_sc_hd__xnor3_1)
   0.3964    7.7153 v fpu_exe_unit/FPUUnit/fpu/dfma/fma/_15669_/X (sky130_fd_sc_hd__maj3_1)
   0.3777    8.0930 v fpu_exe_unit/FPUUnit/fpu/dfma/fma/_15690_/X (sky130_fd_sc_hd__maj3_1)
   0.3929    8.4858 v fpu_exe_unit/FPUUnit/fpu/dfma/fma/_15718_/X (sky130_fd_sc_hd__maj3_1)
   0.3979    8.8837 v fpu_exe_unit/FPUUnit/fpu/dfma/fma/_15741_/X (sky130_fd_sc_hd__xor3_1)
   0.1695    9.0532 ^ fpu_exe_unit/FPUUnit/fpu/dfma/fma/_15751_/Y (sky130_fd_sc_hd__nor2_1)
   0.2943    9.3475 ^ fpu_exe_unit/FPUUnit/fpu/dfma/fma/_15789_/X (sky130_fd_sc_hd__xor3_1)
   0.1440    9.4915 v fpu_exe_unit/FPUUnit/fpu/dfma/fma/_15790_/Y (sky130_fd_sc_hd__nand4bb_1)
   0.3515    9.8430 v fpu_exe_unit/FPUUnit/fpu/dfma/fma/_15837_/X (sky130_fd_sc_hd__or2_2)
   0.3724   10.2154 v fpu_exe_unit/FPUUnit/fpu/dfma/fma/_15891_/X (sky130_fd_sc_hd__maj3_1)
   0.3778   10.5932 v fpu_exe_unit/FPUUnit/fpu/dfma/fma/_15946_/X (sky130_fd_sc_hd__maj3_1)
   0.3853   10.9785 v fpu_exe_unit/FPUUnit/fpu/dfma/fma/_16018_/X (sky130_fd_sc_hd__maj3_1)
   0.3669   11.3454 v fpu_exe_unit/FPUUnit/fpu/dfma/fma/_16084_/X (sky130_fd_sc_hd__maj3_1)
   0.3753   11.7207 v fpu_exe_unit/FPUUnit/fpu/dfma/fma/_16150_/X (sky130_fd_sc_hd__maj3_1)
   0.3716   12.0924 v fpu_exe_unit/FPUUnit/fpu/dfma/fma/_16236_/X (sky130_fd_sc_hd__maj3_1)
   0.3656   12.4580 v fpu_exe_unit/FPUUnit/fpu/dfma/fma/_16331_/X (sky130_fd_sc_hd__maj3_1)
   0.3227   12.7806 ^ fpu_exe_unit/FPUUnit/fpu/dfma/fma/_16425_/Y (sky130_fd_sc_hd__o21ai_0)
   0.1187   12.8993 v fpu_exe_unit/FPUUnit/fpu/dfma/fma/_16955_/Y (sky130_fd_sc_hd__a211oi_1)
   0.3448   13.2441 ^ fpu_exe_unit/FPUUnit/fpu/dfma/fma/_16956_/Y (sky130_fd_sc_hd__o311ai_0)
   0.1911   13.4352 v fpu_exe_unit/FPUUnit/fpu/dfma/fma/_17093_/Y (sky130_fd_sc_hd__nand4_1)
   0.3235   13.7588 ^ fpu_exe_unit/FPUUnit/fpu/dfma/fma/_17388_/Y (sky130_fd_sc_hd__a211oi_1)
   0.1389   13.8976 v fpu_exe_unit/FPUUnit/fpu/dfma/fma/_17536_/Y (sky130_fd_sc_hd__o31ai_1)
   0.0932   13.9909 ^ fpu_exe_unit/FPUUnit/fpu/dfma/fma/_17542_/Y (sky130_fd_sc_hd__nand2_1)
   0.1198   14.1106 ^ fpu_exe_unit/FPUUnit/fpu/dfma/fma/_17682_/Y (sky130_fd_sc_hd__xnor2_1)
   0.0787   14.1893 v fpu_exe_unit/FPUUnit/fpu/dfma/fma/_17684_/Y (sky130_fd_sc_hd__a21oi_1)
   0.0035   14.1928 v fpu_exe_unit/FPUUnit/fpu/dfma/fma/_31061_/D (sky130_fd_sc_hd__dfxtp_1)
            14.1928   data arrival time

  20.0000   20.0000   clock clock (rise edge)
   0.0000   20.0000   clock network delay (ideal)
   0.0000   20.0000   clock reconvergence pessimism
            20.0000 ^ fpu_exe_unit/FPUUnit/fpu/dfma/fma/_31061_/CLK (sky130_fd_sc_hd__dfxtp_1)
  -0.1345   19.8655   library setup time
            19.8655   data required time
-------------------------------------------------------------
            19.8655   data required time
           -14.1928   data arrival time
-------------------------------------------------------------
             5.6727   slack (MET)


Startpoint: fpu_exe_unit/FPUUnit/fpu/sfma/_677_
            (rising edge-triggered flip-flop clocked by clock)
Endpoint: fpu_exe_unit/FPUUnit/fpu/sfma/fma/_6702_
          (rising edge-triggered flip-flop clocked by clock)
Path Group: clock
Path Type: max

    Delay      Time   Description
-------------------------------------------------------------
   0.0000    0.0000   clock clock (rise edge)
   0.0000    0.0000   clock network delay (ideal)
   0.0000    0.0000 ^ fpu_exe_unit/FPUUnit/fpu/sfma/_677_/CLK (sky130_fd_sc_hd__dfxtp_1)
   0.3060    0.3060 v fpu_exe_unit/FPUUnit/fpu/sfma/_677_/Q (sky130_fd_sc_hd__dfxtp_1)
   0.1825    0.4885 v fpu_exe_unit/FPUUnit/fpu/sfma/fma/mulAddRecFNToRaw_preMul/_0566_/X (sky130_fd_sc_hd__xor2_1)
   0.2034    0.6919 v fpu_exe_unit/FPUUnit/fpu/sfma/fma/mulAddRecFNToRaw_preMul/_0567_/X (sky130_fd_sc_hd__lpflow_inputiso0n_1)
   0.3854    1.0773 v fpu_exe_unit/FPUUnit/fpu/sfma/fma/mulAddRecFNToRaw_preMul/_0568_/X (sky130_fd_sc_hd__maj3_1)
   0.4191    1.4964 v fpu_exe_unit/FPUUnit/fpu/sfma/fma/mulAddRecFNToRaw_preMul/_0569_/X (sky130_fd_sc_hd__maj3_1)
   0.4032    1.8996 v fpu_exe_unit/FPUUnit/fpu/sfma/fma/mulAddRecFNToRaw_preMul/_0570_/X (sky130_fd_sc_hd__maj3_1)
   0.3976    2.2972 v fpu_exe_unit/FPUUnit/fpu/sfma/fma/mulAddRecFNToRaw_preMul/_0571_/X (sky130_fd_sc_hd__maj3_1)
   0.3907    2.6879 v fpu_exe_unit/FPUUnit/fpu/sfma/fma/mulAddRecFNToRaw_preMul/_0572_/X (sky130_fd_sc_hd__maj3_1)
   0.3886    3.0765 v fpu_exe_unit/FPUUnit/fpu/sfma/fma/mulAddRecFNToRaw_preMul/_0573_/X (sky130_fd_sc_hd__maj3_1)
   0.3886    3.4652 v fpu_exe_unit/FPUUnit/fpu/sfma/fma/mulAddRecFNToRaw_preMul/_0574_/X (sky130_fd_sc_hd__maj3_1)
   0.3681    3.8332 v fpu_exe_unit/FPUUnit/fpu/sfma/fma/mulAddRecFNToRaw_preMul/_0575_/X (sky130_fd_sc_hd__maj3_1)
   0.1861    4.0194 v fpu_exe_unit/FPUUnit/fpu/sfma/fma/mulAddRecFNToRaw_preMul/_0578_/X (sky130_fd_sc_hd__lpflow_inputiso0n_1)
   0.6005    4.6199 ^ fpu_exe_unit/FPUUnit/fpu/sfma/fma/mulAddRecFNToRaw_preMul/_0610_/Y (sky130_fd_sc_hd__nor3_1)
   0.2361    4.8560 ^ fpu_exe_unit/FPUUnit/fpu/sfma/fma/mulAddRecFNToRaw_preMul/_0613_/X (sky130_fd_sc_hd__a21o_1)
   0.3278    5.1838 ^ fpu_exe_unit/FPUUnit/fpu/sfma/fma/mulAddRecFNToRaw_preMul/_0685_/X (sky130_fd_sc_hd__lpflow_clkbufkapwr_1)
   0.4536    5.6374 ^ fpu_exe_unit/FPUUnit/fpu/sfma/fma/mulAddRecFNToRaw_preMul/_0686_/X (sky130_fd_sc_hd__lpflow_clkbufkapwr_1)
   0.1968    5.8341 v fpu_exe_unit/FPUUnit/fpu/sfma/fma/mulAddRecFNToRaw_preMul/_0754_/Y (sky130_fd_sc_hd__o21ai_0)
   0.1553    5.9894 ^ fpu_exe_unit/FPUUnit/fpu/sfma/fma/mulAddRecFNToRaw_preMul/_0755_/Y (sky130_fd_sc_hd__o211ai_1)
   0.0735    6.0629 v fpu_exe_unit/FPUUnit/fpu/sfma/fma/mulAddRecFNToRaw_preMul/_0942_/Y (sky130_fd_sc_hd__nand2_1)
   0.2679    6.3308 v fpu_exe_unit/FPUUnit/fpu/sfma/fma/mulAddRecFNToRaw_preMul/_0943_/X (sky130_fd_sc_hd__mux2_2)
   0.1675    6.4983 ^ fpu_exe_unit/FPUUnit/fpu/sfma/fma/mulAddRecFNToRaw_preMul/_0944_/Y (sky130_fd_sc_hd__mux2i_1)
   0.0591    6.5575 v fpu_exe_unit/FPUUnit/fpu/sfma/fma/mulAddRecFNToRaw_preMul/_0945_/Y (sky130_fd_sc_hd__nor2_1)
   0.1861    6.7436 v fpu_exe_unit/FPUUnit/fpu/sfma/fma/mulAddRecFNToRaw_preMul/_0951_/X (sky130_fd_sc_hd__o21a_1)
   0.3782    7.1218 v fpu_exe_unit/FPUUnit/fpu/sfma/fma/_3489_/X (sky130_fd_sc_hd__xnor3_1)
   0.3906    7.5125 v fpu_exe_unit/FPUUnit/fpu/sfma/fma/_3503_/X (sky130_fd_sc_hd__maj3_1)
   0.3213    7.8338 ^ fpu_exe_unit/FPUUnit/fpu/sfma/fma/_3514_/Y (sky130_fd_sc_hd__xnor2_1)
   0.4135    8.2473 v fpu_exe_unit/FPUUnit/fpu/sfma/fma/_3525_/X (sky130_fd_sc_hd__xnor3_1)
   0.1651    8.4123 v fpu_exe_unit/FPUUnit/fpu/sfma/fma/_3534_/X (sky130_fd_sc_hd__xor2_1)
   0.2903    8.7027 v fpu_exe_unit/FPUUnit/fpu/sfma/fma/_3535_/X (sky130_fd_sc_hd__or2_2)
   0.4226    9.1252 ^ fpu_exe_unit/FPUUnit/fpu/sfma/fma/_3572_/X (sky130_fd_sc_hd__xnor3_1)
   0.1500    9.2752 v fpu_exe_unit/FPUUnit/fpu/sfma/fma/_3573_/Y (sky130_fd_sc_hd__nand4b_1)
   0.3003    9.5755 ^ fpu_exe_unit/FPUUnit/fpu/sfma/fma/_3674_/Y (sky130_fd_sc_hd__a32oi_1)
   0.2540    9.8296 ^ fpu_exe_unit/FPUUnit/fpu/sfma/fma/_3679_/X (sky130_fd_sc_hd__maj3_1)
   0.0915    9.9211 v fpu_exe_unit/FPUUnit/fpu/sfma/fma/_3733_/Y (sky130_fd_sc_hd__a21oi_1)
   0.2497   10.1708 ^ fpu_exe_unit/FPUUnit/fpu/sfma/fma/_3795_/Y (sky130_fd_sc_hd__o21ai_0)
   0.1322   10.3030 v fpu_exe_unit/FPUUnit/fpu/sfma/fma/_3859_/Y (sky130_fd_sc_hd__a21oi_1)
   0.2693   10.5723 ^ fpu_exe_unit/FPUUnit/fpu/sfma/fma/_3934_/Y (sky130_fd_sc_hd__o21ai_0)
   0.1548   10.7271 v fpu_exe_unit/FPUUnit/fpu/sfma/fma/_4024_/Y (sky130_fd_sc_hd__a21oi_1)
   0.1944   10.9215 ^ fpu_exe_unit/FPUUnit/fpu/sfma/fma/_4504_/Y (sky130_fd_sc_hd__o211ai_1)
   0.1157   11.0371 v fpu_exe_unit/FPUUnit/fpu/sfma/fma/_4506_/Y (sky130_fd_sc_hd__a311oi_1)
   0.4302   11.4673 ^ fpu_exe_unit/FPUUnit/fpu/sfma/fma/_4727_/Y (sky130_fd_sc_hd__o311ai_0)
   0.2685   11.7358 ^ fpu_exe_unit/FPUUnit/fpu/sfma/fma/_4859_/X (sky130_fd_sc_hd__a41o_1)
   0.2143   11.9502 ^ fpu_exe_unit/FPUUnit/fpu/sfma/fma/_5098_/X (sky130_fd_sc_hd__a311o_1)
   0.1377   12.0879 v fpu_exe_unit/FPUUnit/fpu/sfma/fma/_5315_/Y (sky130_fd_sc_hd__a31oi_1)
   0.3582   12.4461 v fpu_exe_unit/FPUUnit/fpu/sfma/fma/_5521_/X (sky130_fd_sc_hd__o31a_1)
   0.2179   12.6640 v fpu_exe_unit/FPUUnit/fpu/sfma/fma/_5724_/X (sky130_fd_sc_hd__o21a_1)
   0.3957   13.0597 ^ fpu_exe_unit/FPUUnit/fpu/sfma/fma/_5894_/Y (sky130_fd_sc_hd__o31ai_1)
   0.2506   13.3102 ^ fpu_exe_unit/FPUUnit/fpu/sfma/fma/_6048_/X (sky130_fd_sc_hd__a31o_2)
   0.1211   13.4313 v fpu_exe_unit/FPUUnit/fpu/sfma/fma/_6182_/Y (sky130_fd_sc_hd__a31oi_1)
   0.3858   13.8171 ^ fpu_exe_unit/FPUUnit/fpu/sfma/fma/_6293_/Y (sky130_fd_sc_hd__o21ai_0)
   0.1695   13.9866 ^ fpu_exe_unit/FPUUnit/fpu/sfma/fma/_6340_/Y (sky130_fd_sc_hd__xnor2_1)
   0.0797   14.0663 v fpu_exe_unit/FPUUnit/fpu/sfma/fma/_6342_/Y (sky130_fd_sc_hd__a21oi_1)
   0.0035   14.0698 v fpu_exe_unit/FPUUnit/fpu/sfma/fma/_6702_/D (sky130_fd_sc_hd__dfxtp_1)
            14.0698   data arrival time

  20.0000   20.0000   clock clock (rise edge)
   0.0000   20.0000   clock network delay (ideal)
   0.0000   20.0000   clock reconvergence pessimism
            20.0000 ^ fpu_exe_unit/FPUUnit/fpu/sfma/fma/_6702_/CLK (sky130_fd_sc_hd__dfxtp_1)
  -0.1341   19.8659   library setup time
            19.8659   data required time
-------------------------------------------------------------
            19.8659   data required time
           -14.0698   data arrival time
-------------------------------------------------------------
             5.7961   slack (MET)


Startpoint: fpu_exe_unit/FPUUnit/fpu/sfma/_677_
            (rising edge-triggered flip-flop clocked by clock)
Endpoint: fpu_exe_unit/FPUUnit/fpu/sfma/fma/_6701_
          (rising edge-triggered flip-flop clocked by clock)
Path Group: clock
Path Type: max

    Delay      Time   Description
-------------------------------------------------------------
   0.0000    0.0000   clock clock (rise edge)
   0.0000    0.0000   clock network delay (ideal)
   0.0000    0.0000 ^ fpu_exe_unit/FPUUnit/fpu/sfma/_677_/CLK (sky130_fd_sc_hd__dfxtp_1)
   0.3060    0.3060 v fpu_exe_unit/FPUUnit/fpu/sfma/_677_/Q (sky130_fd_sc_hd__dfxtp_1)
   0.1825    0.4885 v fpu_exe_unit/FPUUnit/fpu/sfma/fma/mulAddRecFNToRaw_preMul/_0566_/X (sky130_fd_sc_hd__xor2_1)
   0.2034    0.6919 v fpu_exe_unit/FPUUnit/fpu/sfma/fma/mulAddRecFNToRaw_preMul/_0567_/X (sky130_fd_sc_hd__lpflow_inputiso0n_1)
   0.3854    1.0773 v fpu_exe_unit/FPUUnit/fpu/sfma/fma/mulAddRecFNToRaw_preMul/_0568_/X (sky130_fd_sc_hd__maj3_1)
   0.4191    1.4964 v fpu_exe_unit/FPUUnit/fpu/sfma/fma/mulAddRecFNToRaw_preMul/_0569_/X (sky130_fd_sc_hd__maj3_1)
   0.4032    1.8996 v fpu_exe_unit/FPUUnit/fpu/sfma/fma/mulAddRecFNToRaw_preMul/_0570_/X (sky130_fd_sc_hd__maj3_1)
   0.3976    2.2972 v fpu_exe_unit/FPUUnit/fpu/sfma/fma/mulAddRecFNToRaw_preMul/_0571_/X (sky130_fd_sc_hd__maj3_1)
   0.3907    2.6879 v fpu_exe_unit/FPUUnit/fpu/sfma/fma/mulAddRecFNToRaw_preMul/_0572_/X (sky130_fd_sc_hd__maj3_1)
   0.3886    3.0765 v fpu_exe_unit/FPUUnit/fpu/sfma/fma/mulAddRecFNToRaw_preMul/_0573_/X (sky130_fd_sc_hd__maj3_1)
   0.3886    3.4652 v fpu_exe_unit/FPUUnit/fpu/sfma/fma/mulAddRecFNToRaw_preMul/_0574_/X (sky130_fd_sc_hd__maj3_1)
   0.3681    3.8332 v fpu_exe_unit/FPUUnit/fpu/sfma/fma/mulAddRecFNToRaw_preMul/_0575_/X (sky130_fd_sc_hd__maj3_1)
   0.1861    4.0194 v fpu_exe_unit/FPUUnit/fpu/sfma/fma/mulAddRecFNToRaw_preMul/_0578_/X (sky130_fd_sc_hd__lpflow_inputiso0n_1)
   0.6005    4.6199 ^ fpu_exe_unit/FPUUnit/fpu/sfma/fma/mulAddRecFNToRaw_preMul/_0610_/Y (sky130_fd_sc_hd__nor3_1)
   0.2361    4.8560 ^ fpu_exe_unit/FPUUnit/fpu/sfma/fma/mulAddRecFNToRaw_preMul/_0613_/X (sky130_fd_sc_hd__a21o_1)
   0.3278    5.1838 ^ fpu_exe_unit/FPUUnit/fpu/sfma/fma/mulAddRecFNToRaw_preMul/_0685_/X (sky130_fd_sc_hd__lpflow_clkbufkapwr_1)
   0.4536    5.6374 ^ fpu_exe_unit/FPUUnit/fpu/sfma/fma/mulAddRecFNToRaw_preMul/_0686_/X (sky130_fd_sc_hd__lpflow_clkbufkapwr_1)
   0.1968    5.8341 v fpu_exe_unit/FPUUnit/fpu/sfma/fma/mulAddRecFNToRaw_preMul/_0754_/Y (sky130_fd_sc_hd__o21ai_0)
   0.1553    5.9894 ^ fpu_exe_unit/FPUUnit/fpu/sfma/fma/mulAddRecFNToRaw_preMul/_0755_/Y (sky130_fd_sc_hd__o211ai_1)
   0.0735    6.0629 v fpu_exe_unit/FPUUnit/fpu/sfma/fma/mulAddRecFNToRaw_preMul/_0942_/Y (sky130_fd_sc_hd__nand2_1)
   0.2679    6.3308 v fpu_exe_unit/FPUUnit/fpu/sfma/fma/mulAddRecFNToRaw_preMul/_0943_/X (sky130_fd_sc_hd__mux2_2)
   0.1675    6.4983 ^ fpu_exe_unit/FPUUnit/fpu/sfma/fma/mulAddRecFNToRaw_preMul/_0944_/Y (sky130_fd_sc_hd__mux2i_1)
   0.0591    6.5575 v fpu_exe_unit/FPUUnit/fpu/sfma/fma/mulAddRecFNToRaw_preMul/_0945_/Y (sky130_fd_sc_hd__nor2_1)
   0.1861    6.7436 v fpu_exe_unit/FPUUnit/fpu/sfma/fma/mulAddRecFNToRaw_preMul/_0951_/X (sky130_fd_sc_hd__o21a_1)
   0.3782    7.1218 v fpu_exe_unit/FPUUnit/fpu/sfma/fma/_3489_/X (sky130_fd_sc_hd__xnor3_1)
   0.3906    7.5125 v fpu_exe_unit/FPUUnit/fpu/sfma/fma/_3503_/X (sky130_fd_sc_hd__maj3_1)
   0.3213    7.8338 ^ fpu_exe_unit/FPUUnit/fpu/sfma/fma/_3514_/Y (sky130_fd_sc_hd__xnor2_1)
   0.4135    8.2473 v fpu_exe_unit/FPUUnit/fpu/sfma/fma/_3525_/X (sky130_fd_sc_hd__xnor3_1)
   0.1651    8.4123 v fpu_exe_unit/FPUUnit/fpu/sfma/fma/_3534_/X (sky130_fd_sc_hd__xor2_1)
   0.2903    8.7027 v fpu_exe_unit/FPUUnit/fpu/sfma/fma/_3535_/X (sky130_fd_sc_hd__or2_2)
   0.4226    9.1252 ^ fpu_exe_unit/FPUUnit/fpu/sfma/fma/_3572_/X (sky130_fd_sc_hd__xnor3_1)
   0.1500    9.2752 v fpu_exe_unit/FPUUnit/fpu/sfma/fma/_3573_/Y (sky130_fd_sc_hd__nand4b_1)
   0.3003    9.5755 ^ fpu_exe_unit/FPUUnit/fpu/sfma/fma/_3674_/Y (sky130_fd_sc_hd__a32oi_1)
   0.2540    9.8296 ^ fpu_exe_unit/FPUUnit/fpu/sfma/fma/_3679_/X (sky130_fd_sc_hd__maj3_1)
   0.0915    9.9211 v fpu_exe_unit/FPUUnit/fpu/sfma/fma/_3733_/Y (sky130_fd_sc_hd__a21oi_1)
   0.2497   10.1708 ^ fpu_exe_unit/FPUUnit/fpu/sfma/fma/_3795_/Y (sky130_fd_sc_hd__o21ai_0)
   0.1322   10.3030 v fpu_exe_unit/FPUUnit/fpu/sfma/fma/_3859_/Y (sky130_fd_sc_hd__a21oi_1)
   0.2693   10.5723 ^ fpu_exe_unit/FPUUnit/fpu/sfma/fma/_3934_/Y (sky130_fd_sc_hd__o21ai_0)
   0.1548   10.7271 v fpu_exe_unit/FPUUnit/fpu/sfma/fma/_4024_/Y (sky130_fd_sc_hd__a21oi_1)
   0.1944   10.9215 ^ fpu_exe_unit/FPUUnit/fpu/sfma/fma/_4504_/Y (sky130_fd_sc_hd__o211ai_1)
   0.1157   11.0371 v fpu_exe_unit/FPUUnit/fpu/sfma/fma/_4506_/Y (sky130_fd_sc_hd__a311oi_1)
   0.4302   11.4673 ^ fpu_exe_unit/FPUUnit/fpu/sfma/fma/_4727_/Y (sky130_fd_sc_hd__o311ai_0)
   0.2685   11.7358 ^ fpu_exe_unit/FPUUnit/fpu/sfma/fma/_4859_/X (sky130_fd_sc_hd__a41o_1)
   0.2143   11.9502 ^ fpu_exe_unit/FPUUnit/fpu/sfma/fma/_5098_/X (sky130_fd_sc_hd__a311o_1)
   0.1377   12.0879 v fpu_exe_unit/FPUUnit/fpu/sfma/fma/_5315_/Y (sky130_fd_sc_hd__a31oi_1)
   0.3582   12.4461 v fpu_exe_unit/FPUUnit/fpu/sfma/fma/_5521_/X (sky130_fd_sc_hd__o31a_1)
   0.2179   12.6640 v fpu_exe_unit/FPUUnit/fpu/sfma/fma/_5724_/X (sky130_fd_sc_hd__o21a_1)
   0.3957   13.0597 ^ fpu_exe_unit/FPUUnit/fpu/sfma/fma/_5894_/Y (sky130_fd_sc_hd__o31ai_1)
   0.2506   13.3102 ^ fpu_exe_unit/FPUUnit/fpu/sfma/fma/_6048_/X (sky130_fd_sc_hd__a31o_2)
   0.1211   13.4313 v fpu_exe_unit/FPUUnit/fpu/sfma/fma/_6182_/Y (sky130_fd_sc_hd__a31oi_1)
   0.3850   13.8163 v fpu_exe_unit/FPUUnit/fpu/sfma/fma/_6241_/X (sky130_fd_sc_hd__maj3_1)
   0.1725   13.9889 v fpu_exe_unit/FPUUnit/fpu/sfma/fma/_6287_/X (sky130_fd_sc_hd__xor2_1)
   0.1337   14.1226 ^ fpu_exe_unit/FPUUnit/fpu/sfma/fma/_6289_/Y (sky130_fd_sc_hd__a21oi_1)
   0.0035   14.1261 ^ fpu_exe_unit/FPUUnit/fpu/sfma/fma/_6701_/D (sky130_fd_sc_hd__dfxtp_1)
            14.1261   data arrival time

  20.0000   20.0000   clock clock (rise edge)
   0.0000   20.0000   clock network delay (ideal)
   0.0000   20.0000   clock reconvergence pessimism
            20.0000 ^ fpu_exe_unit/FPUUnit/fpu/sfma/fma/_6701_/CLK (sky130_fd_sc_hd__dfxtp_1)
  -0.0711   19.9289   library setup time
            19.9289   data required time
-------------------------------------------------------------
            19.9289   data required time
           -14.1261   data arrival time
-------------------------------------------------------------
             5.8029   slack (MET)


Startpoint: fpu_exe_unit/FPUUnit/fpu/dfma/_1310_
            (rising edge-triggered flip-flop clocked by clock)
Endpoint: fpu_exe_unit/FPUUnit/fpu/dfma/fma/_31060_
          (rising edge-triggered flip-flop clocked by clock)
Path Group: clock
Path Type: max

    Delay      Time   Description
-------------------------------------------------------------
   0.0000    0.0000   clock clock (rise edge)
   0.0000    0.0000   clock network delay (ideal)
   0.0000    0.0000 ^ fpu_exe_unit/FPUUnit/fpu/dfma/_1310_/CLK (sky130_fd_sc_hd__dfxtp_1)
   0.2995    0.2995 v fpu_exe_unit/FPUUnit/fpu/dfma/_1310_/Q (sky130_fd_sc_hd__dfxtp_1)
   0.1614    0.4609 v fpu_exe_unit/FPUUnit/fpu/dfma/fma/mulAddRecFNToRaw_preMul/_1092_/Y (sky130_fd_sc_hd__xnor2_1)
   0.3226    0.7835 ^ fpu_exe_unit/FPUUnit/fpu/dfma/fma/mulAddRecFNToRaw_preMul/_1094_/Y (sky130_fd_sc_hd__o21ai_0)
   0.1761    0.9596 v fpu_exe_unit/FPUUnit/fpu/dfma/fma/mulAddRecFNToRaw_preMul/_1097_/Y (sky130_fd_sc_hd__a31oi_1)
   0.4045    1.3640 v fpu_exe_unit/FPUUnit/fpu/dfma/fma/mulAddRecFNToRaw_preMul/_1098_/X (sky130_fd_sc_hd__maj3_1)
   0.3959    1.7600 v fpu_exe_unit/FPUUnit/fpu/dfma/fma/mulAddRecFNToRaw_preMul/_1099_/X (sky130_fd_sc_hd__maj3_1)
   0.3973    2.1573 v fpu_exe_unit/FPUUnit/fpu/dfma/fma/mulAddRecFNToRaw_preMul/_1100_/X (sky130_fd_sc_hd__maj3_1)
   0.4055    2.5628 v fpu_exe_unit/FPUUnit/fpu/dfma/fma/mulAddRecFNToRaw_preMul/_1101_/X (sky130_fd_sc_hd__maj3_1)
   0.3551    2.9179 v fpu_exe_unit/FPUUnit/fpu/dfma/fma/mulAddRecFNToRaw_preMul/_1121_/X (sky130_fd_sc_hd__maj3_1)
   0.2007    3.1186 v fpu_exe_unit/FPUUnit/fpu/dfma/fma/mulAddRecFNToRaw_preMul/_1122_/X (sky130_fd_sc_hd__xor2_1)
   0.1942    3.3128 ^ fpu_exe_unit/FPUUnit/fpu/dfma/fma/mulAddRecFNToRaw_preMul/_1152_/Y (sky130_fd_sc_hd__o221ai_1)
   0.1518    3.4647 v fpu_exe_unit/FPUUnit/fpu/dfma/fma/mulAddRecFNToRaw_preMul/_1158_/Y (sky130_fd_sc_hd__a32oi_1)
   0.4189    3.8835 v fpu_exe_unit/FPUUnit/fpu/dfma/fma/mulAddRecFNToRaw_preMul/_1159_/X (sky130_fd_sc_hd__maj3_1)
   0.2588    4.1424 v fpu_exe_unit/FPUUnit/fpu/dfma/fma/mulAddRecFNToRaw_preMul/_1177_/X (sky130_fd_sc_hd__o2111a_1)
   0.1835    4.3259 v fpu_exe_unit/FPUUnit/fpu/dfma/fma/mulAddRecFNToRaw_preMul/_1178_/X (sky130_fd_sc_hd__clkbuf_1)
   0.1411    4.4670 ^ fpu_exe_unit/FPUUnit/fpu/dfma/fma/mulAddRecFNToRaw_preMul/_1203_/Y (sky130_fd_sc_hd__nand4_1)
   0.3339    4.8008 ^ fpu_exe_unit/FPUUnit/fpu/dfma/fma/mulAddRecFNToRaw_preMul/_1204_/X (sky130_fd_sc_hd__lpflow_clkbufkapwr_1)
   0.3198    5.1206 ^ fpu_exe_unit/FPUUnit/fpu/dfma/fma/mulAddRecFNToRaw_preMul/_1307_/X (sky130_fd_sc_hd__buf_2)
   0.4406    5.5612 ^ fpu_exe_unit/FPUUnit/fpu/dfma/fma/mulAddRecFNToRaw_preMul/_1308_/X (sky130_fd_sc_hd__lpflow_clkbufkapwr_1)
   0.4049    5.9661 v fpu_exe_unit/FPUUnit/fpu/dfma/fma/mulAddRecFNToRaw_preMul/_1618_/X (sky130_fd_sc_hd__mux2_2)
   0.1693    6.1354 ^ fpu_exe_unit/FPUUnit/fpu/dfma/fma/mulAddRecFNToRaw_preMul/_1760_/Y (sky130_fd_sc_hd__mux2i_1)
   0.0586    6.1940 v fpu_exe_unit/FPUUnit/fpu/dfma/fma/mulAddRecFNToRaw_preMul/_1761_/Y (sky130_fd_sc_hd__nor2_1)
   0.1499    6.3440 ^ fpu_exe_unit/FPUUnit/fpu/dfma/fma/mulAddRecFNToRaw_preMul/_1762_/Y (sky130_fd_sc_hd__a21oi_1)
   0.1072    6.4511 v fpu_exe_unit/FPUUnit/fpu/dfma/fma/mulAddRecFNToRaw_preMul/_1763_/Y (sky130_fd_sc_hd__mux2i_1)
   0.2246    6.6758 ^ fpu_exe_unit/FPUUnit/fpu/dfma/fma/mulAddRecFNToRaw_preMul/_1764_/Y (sky130_fd_sc_hd__a21oi_1)
   0.0630    6.7388 v fpu_exe_unit/FPUUnit/fpu/dfma/fma/mulAddRecFNToRaw_preMul/_1765_/Y (sky130_fd_sc_hd__nor2_1)
   0.1979    6.9367 v fpu_exe_unit/FPUUnit/fpu/dfma/fma/mulAddRecFNToRaw_preMul/_1766_/X (sky130_fd_sc_hd__o22a_1)
   0.3822    7.3188 v fpu_exe_unit/FPUUnit/fpu/dfma/fma/_15656_/X (sky130_fd_sc_hd__xnor3_1)
   0.3964    7.7153 v fpu_exe_unit/FPUUnit/fpu/dfma/fma/_15669_/X (sky130_fd_sc_hd__maj3_1)
   0.3777    8.0930 v fpu_exe_unit/FPUUnit/fpu/dfma/fma/_15690_/X (sky130_fd_sc_hd__maj3_1)
   0.3929    8.4858 v fpu_exe_unit/FPUUnit/fpu/dfma/fma/_15718_/X (sky130_fd_sc_hd__maj3_1)
   0.3979    8.8837 v fpu_exe_unit/FPUUnit/fpu/dfma/fma/_15741_/X (sky130_fd_sc_hd__xor3_1)
   0.1695    9.0532 ^ fpu_exe_unit/FPUUnit/fpu/dfma/fma/_15751_/Y (sky130_fd_sc_hd__nor2_1)
   0.2943    9.3475 ^ fpu_exe_unit/FPUUnit/fpu/dfma/fma/_15789_/X (sky130_fd_sc_hd__xor3_1)
   0.1440    9.4915 v fpu_exe_unit/FPUUnit/fpu/dfma/fma/_15790_/Y (sky130_fd_sc_hd__nand4bb_1)
   0.3515    9.8430 v fpu_exe_unit/FPUUnit/fpu/dfma/fma/_15837_/X (sky130_fd_sc_hd__or2_2)
   0.3724   10.2154 v fpu_exe_unit/FPUUnit/fpu/dfma/fma/_15891_/X (sky130_fd_sc_hd__maj3_1)
   0.3778   10.5932 v fpu_exe_unit/FPUUnit/fpu/dfma/fma/_15946_/X (sky130_fd_sc_hd__maj3_1)
   0.3853   10.9785 v fpu_exe_unit/FPUUnit/fpu/dfma/fma/_16018_/X (sky130_fd_sc_hd__maj3_1)
   0.3669   11.3454 v fpu_exe_unit/FPUUnit/fpu/dfma/fma/_16084_/X (sky130_fd_sc_hd__maj3_1)
   0.3753   11.7207 v fpu_exe_unit/FPUUnit/fpu/dfma/fma/_16150_/X (sky130_fd_sc_hd__maj3_1)
   0.3716   12.0924 v fpu_exe_unit/FPUUnit/fpu/dfma/fma/_16236_/X (sky130_fd_sc_hd__maj3_1)
   0.3656   12.4580 v fpu_exe_unit/FPUUnit/fpu/dfma/fma/_16331_/X (sky130_fd_sc_hd__maj3_1)
   0.3227   12.7806 ^ fpu_exe_unit/FPUUnit/fpu/dfma/fma/_16425_/Y (sky130_fd_sc_hd__o21ai_0)
   0.1187   12.8993 v fpu_exe_unit/FPUUnit/fpu/dfma/fma/_16955_/Y (sky130_fd_sc_hd__a211oi_1)
   0.3448   13.2441 ^ fpu_exe_unit/FPUUnit/fpu/dfma/fma/_16956_/Y (sky130_fd_sc_hd__o311ai_0)
   0.1911   13.4352 v fpu_exe_unit/FPUUnit/fpu/dfma/fma/_17093_/Y (sky130_fd_sc_hd__nand4_1)
   0.3235   13.7588 ^ fpu_exe_unit/FPUUnit/fpu/dfma/fma/_17388_/Y (sky130_fd_sc_hd__a211oi_1)
   0.1684   13.9271 ^ fpu_exe_unit/FPUUnit/fpu/dfma/fma/_17537_/X (sky130_fd_sc_hd__or4_1)
   0.0503   13.9774 v fpu_exe_unit/FPUUnit/fpu/dfma/fma/_17538_/Y (sky130_fd_sc_hd__nand2_1)
   0.1365   14.1139 ^ fpu_exe_unit/FPUUnit/fpu/dfma/fma/_17540_/Y (sky130_fd_sc_hd__a21oi_1)
   0.0035   14.1173 ^ fpu_exe_unit/FPUUnit/fpu/dfma/fma/_31060_/D (sky130_fd_sc_hd__dfxtp_1)
            14.1173   data arrival time

  20.0000   20.0000   clock clock (rise edge)
   0.0000   20.0000   clock network delay (ideal)
   0.0000   20.0000   clock reconvergence pessimism
            20.0000 ^ fpu_exe_unit/FPUUnit/fpu/dfma/fma/_31060_/CLK (sky130_fd_sc_hd__dfxtp_1)
  -0.0711   19.9289   library setup time
            19.9289   data required time
-------------------------------------------------------------
            19.9289   data required time
           -14.1173   data arrival time
-------------------------------------------------------------
             5.8116   slack (MET)


Startpoint: fpu_exe_unit/FPUUnit/fpu/dfma/_1310_
            (rising edge-triggered flip-flop clocked by clock)
Endpoint: fpu_exe_unit/FPUUnit/fpu/dfma/fma/_31059_
          (rising edge-triggered flip-flop clocked by clock)
Path Group: clock
Path Type: max

    Delay      Time   Description
-------------------------------------------------------------
   0.0000    0.0000   clock clock (rise edge)
   0.0000    0.0000   clock network delay (ideal)
   0.0000    0.0000 ^ fpu_exe_unit/FPUUnit/fpu/dfma/_1310_/CLK (sky130_fd_sc_hd__dfxtp_1)
   0.2995    0.2995 v fpu_exe_unit/FPUUnit/fpu/dfma/_1310_/Q (sky130_fd_sc_hd__dfxtp_1)
   0.1614    0.4609 v fpu_exe_unit/FPUUnit/fpu/dfma/fma/mulAddRecFNToRaw_preMul/_1092_/Y (sky130_fd_sc_hd__xnor2_1)
   0.3226    0.7835 ^ fpu_exe_unit/FPUUnit/fpu/dfma/fma/mulAddRecFNToRaw_preMul/_1094_/Y (sky130_fd_sc_hd__o21ai_0)
   0.1761    0.9596 v fpu_exe_unit/FPUUnit/fpu/dfma/fma/mulAddRecFNToRaw_preMul/_1097_/Y (sky130_fd_sc_hd__a31oi_1)
   0.4045    1.3640 v fpu_exe_unit/FPUUnit/fpu/dfma/fma/mulAddRecFNToRaw_preMul/_1098_/X (sky130_fd_sc_hd__maj3_1)
   0.3959    1.7600 v fpu_exe_unit/FPUUnit/fpu/dfma/fma/mulAddRecFNToRaw_preMul/_1099_/X (sky130_fd_sc_hd__maj3_1)
   0.3973    2.1573 v fpu_exe_unit/FPUUnit/fpu/dfma/fma/mulAddRecFNToRaw_preMul/_1100_/X (sky130_fd_sc_hd__maj3_1)
   0.4055    2.5628 v fpu_exe_unit/FPUUnit/fpu/dfma/fma/mulAddRecFNToRaw_preMul/_1101_/X (sky130_fd_sc_hd__maj3_1)
   0.3551    2.9179 v fpu_exe_unit/FPUUnit/fpu/dfma/fma/mulAddRecFNToRaw_preMul/_1121_/X (sky130_fd_sc_hd__maj3_1)
   0.2007    3.1186 v fpu_exe_unit/FPUUnit/fpu/dfma/fma/mulAddRecFNToRaw_preMul/_1122_/X (sky130_fd_sc_hd__xor2_1)
   0.1942    3.3128 ^ fpu_exe_unit/FPUUnit/fpu/dfma/fma/mulAddRecFNToRaw_preMul/_1152_/Y (sky130_fd_sc_hd__o221ai_1)
   0.1518    3.4647 v fpu_exe_unit/FPUUnit/fpu/dfma/fma/mulAddRecFNToRaw_preMul/_1158_/Y (sky130_fd_sc_hd__a32oi_1)
   0.4189    3.8835 v fpu_exe_unit/FPUUnit/fpu/dfma/fma/mulAddRecFNToRaw_preMul/_1159_/X (sky130_fd_sc_hd__maj3_1)
   0.2588    4.1424 v fpu_exe_unit/FPUUnit/fpu/dfma/fma/mulAddRecFNToRaw_preMul/_1177_/X (sky130_fd_sc_hd__o2111a_1)
   0.1835    4.3259 v fpu_exe_unit/FPUUnit/fpu/dfma/fma/mulAddRecFNToRaw_preMul/_1178_/X (sky130_fd_sc_hd__clkbuf_1)
   0.1411    4.4670 ^ fpu_exe_unit/FPUUnit/fpu/dfma/fma/mulAddRecFNToRaw_preMul/_1203_/Y (sky130_fd_sc_hd__nand4_1)
   0.3339    4.8008 ^ fpu_exe_unit/FPUUnit/fpu/dfma/fma/mulAddRecFNToRaw_preMul/_1204_/X (sky130_fd_sc_hd__lpflow_clkbufkapwr_1)
   0.3198    5.1206 ^ fpu_exe_unit/FPUUnit/fpu/dfma/fma/mulAddRecFNToRaw_preMul/_1307_/X (sky130_fd_sc_hd__buf_2)
   0.4406    5.5612 ^ fpu_exe_unit/FPUUnit/fpu/dfma/fma/mulAddRecFNToRaw_preMul/_1308_/X (sky130_fd_sc_hd__lpflow_clkbufkapwr_1)
   0.4049    5.9661 v fpu_exe_unit/FPUUnit/fpu/dfma/fma/mulAddRecFNToRaw_preMul/_1618_/X (sky130_fd_sc_hd__mux2_2)
   0.1693    6.1354 ^ fpu_exe_unit/FPUUnit/fpu/dfma/fma/mulAddRecFNToRaw_preMul/_1760_/Y (sky130_fd_sc_hd__mux2i_1)
   0.0586    6.1940 v fpu_exe_unit/FPUUnit/fpu/dfma/fma/mulAddRecFNToRaw_preMul/_1761_/Y (sky130_fd_sc_hd__nor2_1)
   0.1499    6.3440 ^ fpu_exe_unit/FPUUnit/fpu/dfma/fma/mulAddRecFNToRaw_preMul/_1762_/Y (sky130_fd_sc_hd__a21oi_1)
   0.1072    6.4511 v fpu_exe_unit/FPUUnit/fpu/dfma/fma/mulAddRecFNToRaw_preMul/_1763_/Y (sky130_fd_sc_hd__mux2i_1)
   0.2246    6.6758 ^ fpu_exe_unit/FPUUnit/fpu/dfma/fma/mulAddRecFNToRaw_preMul/_1764_/Y (sky130_fd_sc_hd__a21oi_1)
   0.0630    6.7388 v fpu_exe_unit/FPUUnit/fpu/dfma/fma/mulAddRecFNToRaw_preMul/_1765_/Y (sky130_fd_sc_hd__nor2_1)
   0.1979    6.9367 v fpu_exe_unit/FPUUnit/fpu/dfma/fma/mulAddRecFNToRaw_preMul/_1766_/X (sky130_fd_sc_hd__o22a_1)
   0.3822    7.3188 v fpu_exe_unit/FPUUnit/fpu/dfma/fma/_15656_/X (sky130_fd_sc_hd__xnor3_1)
   0.3964    7.7153 v fpu_exe_unit/FPUUnit/fpu/dfma/fma/_15669_/X (sky130_fd_sc_hd__maj3_1)
   0.3777    8.0930 v fpu_exe_unit/FPUUnit/fpu/dfma/fma/_15690_/X (sky130_fd_sc_hd__maj3_1)
   0.3929    8.4858 v fpu_exe_unit/FPUUnit/fpu/dfma/fma/_15718_/X (sky130_fd_sc_hd__maj3_1)
   0.3979    8.8837 v fpu_exe_unit/FPUUnit/fpu/dfma/fma/_15741_/X (sky130_fd_sc_hd__xor3_1)
   0.1695    9.0532 ^ fpu_exe_unit/FPUUnit/fpu/dfma/fma/_15751_/Y (sky130_fd_sc_hd__nor2_1)
   0.2943    9.3475 ^ fpu_exe_unit/FPUUnit/fpu/dfma/fma/_15789_/X (sky130_fd_sc_hd__xor3_1)
   0.1440    9.4915 v fpu_exe_unit/FPUUnit/fpu/dfma/fma/_15790_/Y (sky130_fd_sc_hd__nand4bb_1)
   0.3515    9.8430 v fpu_exe_unit/FPUUnit/fpu/dfma/fma/_15837_/X (sky130_fd_sc_hd__or2_2)
   0.3724   10.2154 v fpu_exe_unit/FPUUnit/fpu/dfma/fma/_15891_/X (sky130_fd_sc_hd__maj3_1)
   0.3778   10.5932 v fpu_exe_unit/FPUUnit/fpu/dfma/fma/_15946_/X (sky130_fd_sc_hd__maj3_1)
   0.3853   10.9785 v fpu_exe_unit/FPUUnit/fpu/dfma/fma/_16018_/X (sky130_fd_sc_hd__maj3_1)
   0.3669   11.3454 v fpu_exe_unit/FPUUnit/fpu/dfma/fma/_16084_/X (sky130_fd_sc_hd__maj3_1)
   0.3753   11.7207 v fpu_exe_unit/FPUUnit/fpu/dfma/fma/_16150_/X (sky130_fd_sc_hd__maj3_1)
   0.3716   12.0924 v fpu_exe_unit/FPUUnit/fpu/dfma/fma/_16236_/X (sky130_fd_sc_hd__maj3_1)
   0.3656   12.4580 v fpu_exe_unit/FPUUnit/fpu/dfma/fma/_16331_/X (sky130_fd_sc_hd__maj3_1)
   0.3227   12.7806 ^ fpu_exe_unit/FPUUnit/fpu/dfma/fma/_16425_/Y (sky130_fd_sc_hd__o21ai_0)
   0.1187   12.8993 v fpu_exe_unit/FPUUnit/fpu/dfma/fma/_16955_/Y (sky130_fd_sc_hd__a211oi_1)
   0.3448   13.2441 ^ fpu_exe_unit/FPUUnit/fpu/dfma/fma/_16956_/Y (sky130_fd_sc_hd__o311ai_0)
   0.1911   13.4352 v fpu_exe_unit/FPUUnit/fpu/dfma/fma/_17093_/Y (sky130_fd_sc_hd__nand4_1)
   0.0923   13.5275 ^ fpu_exe_unit/FPUUnit/fpu/dfma/fma/_17095_/Y (sky130_fd_sc_hd__nand2_1)
   0.0628   13.5903 v fpu_exe_unit/FPUUnit/fpu/dfma/fma/_17236_/Y (sky130_fd_sc_hd__nand2_1)
   0.0810   13.6713 ^ fpu_exe_unit/FPUUnit/fpu/dfma/fma/_17242_/Y (sky130_fd_sc_hd__nand2_1)
   0.1393   13.8106 ^ fpu_exe_unit/FPUUnit/fpu/dfma/fma/_17384_/X (sky130_fd_sc_hd__xor2_1)
   0.0775   13.8880 v fpu_exe_unit/FPUUnit/fpu/dfma/fma/_17386_/Y (sky130_fd_sc_hd__a21oi_1)
   0.0035   13.8915 v fpu_exe_unit/FPUUnit/fpu/dfma/fma/_31059_/D (sky130_fd_sc_hd__dfxtp_1)
            13.8915   data arrival time

  20.0000   20.0000   clock clock (rise edge)
   0.0000   20.0000   clock network delay (ideal)
   0.0000   20.0000   clock reconvergence pessimism
            20.0000 ^ fpu_exe_unit/FPUUnit/fpu/dfma/fma/_31059_/CLK (sky130_fd_sc_hd__dfxtp_1)
  -0.1345   19.8655   library setup time
            19.8655   data required time
-------------------------------------------------------------
            19.8655   data required time
           -13.8915   data arrival time
-------------------------------------------------------------
             5.9740   slack (MET)


Startpoint: fpu_exe_unit/FPUUnit/fpu/dfma/_1310_
            (rising edge-triggered flip-flop clocked by clock)
Endpoint: fpu_exe_unit/FPUUnit/fpu/dfma/fma/_31057_
          (rising edge-triggered flip-flop clocked by clock)
Path Group: clock
Path Type: max

    Delay      Time   Description
-------------------------------------------------------------
   0.0000    0.0000   clock clock (rise edge)
   0.0000    0.0000   clock network delay (ideal)
   0.0000    0.0000 ^ fpu_exe_unit/FPUUnit/fpu/dfma/_1310_/CLK (sky130_fd_sc_hd__dfxtp_1)
   0.2995    0.2995 v fpu_exe_unit/FPUUnit/fpu/dfma/_1310_/Q (sky130_fd_sc_hd__dfxtp_1)
   0.1614    0.4609 v fpu_exe_unit/FPUUnit/fpu/dfma/fma/mulAddRecFNToRaw_preMul/_1092_/Y (sky130_fd_sc_hd__xnor2_1)
   0.3226    0.7835 ^ fpu_exe_unit/FPUUnit/fpu/dfma/fma/mulAddRecFNToRaw_preMul/_1094_/Y (sky130_fd_sc_hd__o21ai_0)
   0.1761    0.9596 v fpu_exe_unit/FPUUnit/fpu/dfma/fma/mulAddRecFNToRaw_preMul/_1097_/Y (sky130_fd_sc_hd__a31oi_1)
   0.4045    1.3640 v fpu_exe_unit/FPUUnit/fpu/dfma/fma/mulAddRecFNToRaw_preMul/_1098_/X (sky130_fd_sc_hd__maj3_1)
   0.3959    1.7600 v fpu_exe_unit/FPUUnit/fpu/dfma/fma/mulAddRecFNToRaw_preMul/_1099_/X (sky130_fd_sc_hd__maj3_1)
   0.3973    2.1573 v fpu_exe_unit/FPUUnit/fpu/dfma/fma/mulAddRecFNToRaw_preMul/_1100_/X (sky130_fd_sc_hd__maj3_1)
   0.4055    2.5628 v fpu_exe_unit/FPUUnit/fpu/dfma/fma/mulAddRecFNToRaw_preMul/_1101_/X (sky130_fd_sc_hd__maj3_1)
   0.3551    2.9179 v fpu_exe_unit/FPUUnit/fpu/dfma/fma/mulAddRecFNToRaw_preMul/_1121_/X (sky130_fd_sc_hd__maj3_1)
   0.2007    3.1186 v fpu_exe_unit/FPUUnit/fpu/dfma/fma/mulAddRecFNToRaw_preMul/_1122_/X (sky130_fd_sc_hd__xor2_1)
   0.1942    3.3128 ^ fpu_exe_unit/FPUUnit/fpu/dfma/fma/mulAddRecFNToRaw_preMul/_1152_/Y (sky130_fd_sc_hd__o221ai_1)
   0.1518    3.4647 v fpu_exe_unit/FPUUnit/fpu/dfma/fma/mulAddRecFNToRaw_preMul/_1158_/Y (sky130_fd_sc_hd__a32oi_1)
   0.4189    3.8835 v fpu_exe_unit/FPUUnit/fpu/dfma/fma/mulAddRecFNToRaw_preMul/_1159_/X (sky130_fd_sc_hd__maj3_1)
   0.2588    4.1424 v fpu_exe_unit/FPUUnit/fpu/dfma/fma/mulAddRecFNToRaw_preMul/_1177_/X (sky130_fd_sc_hd__o2111a_1)
   0.1835    4.3259 v fpu_exe_unit/FPUUnit/fpu/dfma/fma/mulAddRecFNToRaw_preMul/_1178_/X (sky130_fd_sc_hd__clkbuf_1)
   0.1411    4.4670 ^ fpu_exe_unit/FPUUnit/fpu/dfma/fma/mulAddRecFNToRaw_preMul/_1203_/Y (sky130_fd_sc_hd__nand4_1)
   0.3339    4.8008 ^ fpu_exe_unit/FPUUnit/fpu/dfma/fma/mulAddRecFNToRaw_preMul/_1204_/X (sky130_fd_sc_hd__lpflow_clkbufkapwr_1)
   0.3198    5.1206 ^ fpu_exe_unit/FPUUnit/fpu/dfma/fma/mulAddRecFNToRaw_preMul/_1307_/X (sky130_fd_sc_hd__buf_2)
   0.4406    5.5612 ^ fpu_exe_unit/FPUUnit/fpu/dfma/fma/mulAddRecFNToRaw_preMul/_1308_/X (sky130_fd_sc_hd__lpflow_clkbufkapwr_1)
   0.4049    5.9661 v fpu_exe_unit/FPUUnit/fpu/dfma/fma/mulAddRecFNToRaw_preMul/_1618_/X (sky130_fd_sc_hd__mux2_2)
   0.1693    6.1354 ^ fpu_exe_unit/FPUUnit/fpu/dfma/fma/mulAddRecFNToRaw_preMul/_1760_/Y (sky130_fd_sc_hd__mux2i_1)
   0.0586    6.1940 v fpu_exe_unit/FPUUnit/fpu/dfma/fma/mulAddRecFNToRaw_preMul/_1761_/Y (sky130_fd_sc_hd__nor2_1)
   0.1499    6.3440 ^ fpu_exe_unit/FPUUnit/fpu/dfma/fma/mulAddRecFNToRaw_preMul/_1762_/Y (sky130_fd_sc_hd__a21oi_1)
   0.1072    6.4511 v fpu_exe_unit/FPUUnit/fpu/dfma/fma/mulAddRecFNToRaw_preMul/_1763_/Y (sky130_fd_sc_hd__mux2i_1)
   0.2246    6.6758 ^ fpu_exe_unit/FPUUnit/fpu/dfma/fma/mulAddRecFNToRaw_preMul/_1764_/Y (sky130_fd_sc_hd__a21oi_1)
   0.0630    6.7388 v fpu_exe_unit/FPUUnit/fpu/dfma/fma/mulAddRecFNToRaw_preMul/_1765_/Y (sky130_fd_sc_hd__nor2_1)
   0.1979    6.9367 v fpu_exe_unit/FPUUnit/fpu/dfma/fma/mulAddRecFNToRaw_preMul/_1766_/X (sky130_fd_sc_hd__o22a_1)
   0.3822    7.3188 v fpu_exe_unit/FPUUnit/fpu/dfma/fma/_15656_/X (sky130_fd_sc_hd__xnor3_1)
   0.3964    7.7153 v fpu_exe_unit/FPUUnit/fpu/dfma/fma/_15669_/X (sky130_fd_sc_hd__maj3_1)
   0.3777    8.0930 v fpu_exe_unit/FPUUnit/fpu/dfma/fma/_15690_/X (sky130_fd_sc_hd__maj3_1)
   0.3929    8.4858 v fpu_exe_unit/FPUUnit/fpu/dfma/fma/_15718_/X (sky130_fd_sc_hd__maj3_1)
   0.3979    8.8837 v fpu_exe_unit/FPUUnit/fpu/dfma/fma/_15741_/X (sky130_fd_sc_hd__xor3_1)
   0.1695    9.0532 ^ fpu_exe_unit/FPUUnit/fpu/dfma/fma/_15751_/Y (sky130_fd_sc_hd__nor2_1)
   0.2943    9.3475 ^ fpu_exe_unit/FPUUnit/fpu/dfma/fma/_15789_/X (sky130_fd_sc_hd__xor3_1)
   0.1440    9.4915 v fpu_exe_unit/FPUUnit/fpu/dfma/fma/_15790_/Y (sky130_fd_sc_hd__nand4bb_1)
   0.3515    9.8430 v fpu_exe_unit/FPUUnit/fpu/dfma/fma/_15837_/X (sky130_fd_sc_hd__or2_2)
   0.3724   10.2154 v fpu_exe_unit/FPUUnit/fpu/dfma/fma/_15891_/X (sky130_fd_sc_hd__maj3_1)
   0.3778   10.5932 v fpu_exe_unit/FPUUnit/fpu/dfma/fma/_15946_/X (sky130_fd_sc_hd__maj3_1)
   0.3853   10.9785 v fpu_exe_unit/FPUUnit/fpu/dfma/fma/_16018_/X (sky130_fd_sc_hd__maj3_1)
   0.3669   11.3454 v fpu_exe_unit/FPUUnit/fpu/dfma/fma/_16084_/X (sky130_fd_sc_hd__maj3_1)
   0.3753   11.7207 v fpu_exe_unit/FPUUnit/fpu/dfma/fma/_16150_/X (sky130_fd_sc_hd__maj3_1)
   0.3716   12.0924 v fpu_exe_unit/FPUUnit/fpu/dfma/fma/_16236_/X (sky130_fd_sc_hd__maj3_1)
   0.3656   12.4580 v fpu_exe_unit/FPUUnit/fpu/dfma/fma/_16331_/X (sky130_fd_sc_hd__maj3_1)
   0.3227   12.7806 ^ fpu_exe_unit/FPUUnit/fpu/dfma/fma/_16425_/Y (sky130_fd_sc_hd__o21ai_0)
   0.1187   12.8993 v fpu_exe_unit/FPUUnit/fpu/dfma/fma/_16955_/Y (sky130_fd_sc_hd__a211oi_1)
   0.3448   13.2441 ^ fpu_exe_unit/FPUUnit/fpu/dfma/fma/_16956_/Y (sky130_fd_sc_hd__o311ai_0)
   0.2122   13.4563 ^ fpu_exe_unit/FPUUnit/fpu/dfma/fma/_16957_/X (sky130_fd_sc_hd__lpflow_inputiso0n_1)
   0.0842   13.5405 v fpu_exe_unit/FPUUnit/fpu/dfma/fma/_16963_/Y (sky130_fd_sc_hd__a21oi_1)
   0.1438   13.6843 v fpu_exe_unit/FPUUnit/fpu/dfma/fma/_17090_/Y (sky130_fd_sc_hd__xnor2_1)
   0.0874   13.7717 ^ fpu_exe_unit/FPUUnit/fpu/dfma/fma/_17091_/Y (sky130_fd_sc_hd__nor2_1)
   0.0454   13.8172 v fpu_exe_unit/FPUUnit/fpu/dfma/fma/_17092_/Y (sky130_fd_sc_hd__nor2_1)
   0.0035   13.8206 v fpu_exe_unit/FPUUnit/fpu/dfma/fma/_31057_/D (sky130_fd_sc_hd__dfxtp_1)
            13.8206   data arrival time

  20.0000   20.0000   clock clock (rise edge)
   0.0000   20.0000   clock network delay (ideal)
   0.0000   20.0000   clock reconvergence pessimism
            20.0000 ^ fpu_exe_unit/FPUUnit/fpu/dfma/fma/_31057_/CLK (sky130_fd_sc_hd__dfxtp_1)
  -0.1143   19.8857   library setup time
            19.8857   data required time
-------------------------------------------------------------
            19.8857   data required time
           -13.8206   data arrival time
-------------------------------------------------------------
             6.0650   slack (MET)


Startpoint: fpu_exe_unit/FPUUnit/fpu/dfma/_1310_
            (rising edge-triggered flip-flop clocked by clock)
Endpoint: fpu_exe_unit/FPUUnit/fpu/dfma/fma/_31058_
          (rising edge-triggered flip-flop clocked by clock)
Path Group: clock
Path Type: max

    Delay      Time   Description
-------------------------------------------------------------
   0.0000    0.0000   clock clock (rise edge)
   0.0000    0.0000   clock network delay (ideal)
   0.0000    0.0000 ^ fpu_exe_unit/FPUUnit/fpu/dfma/_1310_/CLK (sky130_fd_sc_hd__dfxtp_1)
   0.2995    0.2995 v fpu_exe_unit/FPUUnit/fpu/dfma/_1310_/Q (sky130_fd_sc_hd__dfxtp_1)
   0.1614    0.4609 v fpu_exe_unit/FPUUnit/fpu/dfma/fma/mulAddRecFNToRaw_preMul/_1092_/Y (sky130_fd_sc_hd__xnor2_1)
   0.3226    0.7835 ^ fpu_exe_unit/FPUUnit/fpu/dfma/fma/mulAddRecFNToRaw_preMul/_1094_/Y (sky130_fd_sc_hd__o21ai_0)
   0.1761    0.9596 v fpu_exe_unit/FPUUnit/fpu/dfma/fma/mulAddRecFNToRaw_preMul/_1097_/Y (sky130_fd_sc_hd__a31oi_1)
   0.4045    1.3640 v fpu_exe_unit/FPUUnit/fpu/dfma/fma/mulAddRecFNToRaw_preMul/_1098_/X (sky130_fd_sc_hd__maj3_1)
   0.3959    1.7600 v fpu_exe_unit/FPUUnit/fpu/dfma/fma/mulAddRecFNToRaw_preMul/_1099_/X (sky130_fd_sc_hd__maj3_1)
   0.3973    2.1573 v fpu_exe_unit/FPUUnit/fpu/dfma/fma/mulAddRecFNToRaw_preMul/_1100_/X (sky130_fd_sc_hd__maj3_1)
   0.4055    2.5628 v fpu_exe_unit/FPUUnit/fpu/dfma/fma/mulAddRecFNToRaw_preMul/_1101_/X (sky130_fd_sc_hd__maj3_1)
   0.3551    2.9179 v fpu_exe_unit/FPUUnit/fpu/dfma/fma/mulAddRecFNToRaw_preMul/_1121_/X (sky130_fd_sc_hd__maj3_1)
   0.2007    3.1186 v fpu_exe_unit/FPUUnit/fpu/dfma/fma/mulAddRecFNToRaw_preMul/_1122_/X (sky130_fd_sc_hd__xor2_1)
   0.1942    3.3128 ^ fpu_exe_unit/FPUUnit/fpu/dfma/fma/mulAddRecFNToRaw_preMul/_1152_/Y (sky130_fd_sc_hd__o221ai_1)
   0.1518    3.4647 v fpu_exe_unit/FPUUnit/fpu/dfma/fma/mulAddRecFNToRaw_preMul/_1158_/Y (sky130_fd_sc_hd__a32oi_1)
   0.4189    3.8835 v fpu_exe_unit/FPUUnit/fpu/dfma/fma/mulAddRecFNToRaw_preMul/_1159_/X (sky130_fd_sc_hd__maj3_1)
   0.2588    4.1424 v fpu_exe_unit/FPUUnit/fpu/dfma/fma/mulAddRecFNToRaw_preMul/_1177_/X (sky130_fd_sc_hd__o2111a_1)
   0.1835    4.3259 v fpu_exe_unit/FPUUnit/fpu/dfma/fma/mulAddRecFNToRaw_preMul/_1178_/X (sky130_fd_sc_hd__clkbuf_1)
   0.1411    4.4670 ^ fpu_exe_unit/FPUUnit/fpu/dfma/fma/mulAddRecFNToRaw_preMul/_1203_/Y (sky130_fd_sc_hd__nand4_1)
   0.3339    4.8008 ^ fpu_exe_unit/FPUUnit/fpu/dfma/fma/mulAddRecFNToRaw_preMul/_1204_/X (sky130_fd_sc_hd__lpflow_clkbufkapwr_1)
   0.3198    5.1206 ^ fpu_exe_unit/FPUUnit/fpu/dfma/fma/mulAddRecFNToRaw_preMul/_1307_/X (sky130_fd_sc_hd__buf_2)
   0.4406    5.5612 ^ fpu_exe_unit/FPUUnit/fpu/dfma/fma/mulAddRecFNToRaw_preMul/_1308_/X (sky130_fd_sc_hd__lpflow_clkbufkapwr_1)
   0.4049    5.9661 v fpu_exe_unit/FPUUnit/fpu/dfma/fma/mulAddRecFNToRaw_preMul/_1618_/X (sky130_fd_sc_hd__mux2_2)
   0.1693    6.1354 ^ fpu_exe_unit/FPUUnit/fpu/dfma/fma/mulAddRecFNToRaw_preMul/_1760_/Y (sky130_fd_sc_hd__mux2i_1)
   0.0586    6.1940 v fpu_exe_unit/FPUUnit/fpu/dfma/fma/mulAddRecFNToRaw_preMul/_1761_/Y (sky130_fd_sc_hd__nor2_1)
   0.1499    6.3440 ^ fpu_exe_unit/FPUUnit/fpu/dfma/fma/mulAddRecFNToRaw_preMul/_1762_/Y (sky130_fd_sc_hd__a21oi_1)
   0.1072    6.4511 v fpu_exe_unit/FPUUnit/fpu/dfma/fma/mulAddRecFNToRaw_preMul/_1763_/Y (sky130_fd_sc_hd__mux2i_1)
   0.2246    6.6758 ^ fpu_exe_unit/FPUUnit/fpu/dfma/fma/mulAddRecFNToRaw_preMul/_1764_/Y (sky130_fd_sc_hd__a21oi_1)
   0.0630    6.7388 v fpu_exe_unit/FPUUnit/fpu/dfma/fma/mulAddRecFNToRaw_preMul/_1765_/Y (sky130_fd_sc_hd__nor2_1)
   0.1979    6.9367 v fpu_exe_unit/FPUUnit/fpu/dfma/fma/mulAddRecFNToRaw_preMul/_1766_/X (sky130_fd_sc_hd__o22a_1)
   0.3822    7.3188 v fpu_exe_unit/FPUUnit/fpu/dfma/fma/_15656_/X (sky130_fd_sc_hd__xnor3_1)
   0.3964    7.7153 v fpu_exe_unit/FPUUnit/fpu/dfma/fma/_15669_/X (sky130_fd_sc_hd__maj3_1)
   0.3777    8.0930 v fpu_exe_unit/FPUUnit/fpu/dfma/fma/_15690_/X (sky130_fd_sc_hd__maj3_1)
   0.3929    8.4858 v fpu_exe_unit/FPUUnit/fpu/dfma/fma/_15718_/X (sky130_fd_sc_hd__maj3_1)
   0.3979    8.8837 v fpu_exe_unit/FPUUnit/fpu/dfma/fma/_15741_/X (sky130_fd_sc_hd__xor3_1)
   0.1695    9.0532 ^ fpu_exe_unit/FPUUnit/fpu/dfma/fma/_15751_/Y (sky130_fd_sc_hd__nor2_1)
   0.2943    9.3475 ^ fpu_exe_unit/FPUUnit/fpu/dfma/fma/_15789_/X (sky130_fd_sc_hd__xor3_1)
   0.1440    9.4915 v fpu_exe_unit/FPUUnit/fpu/dfma/fma/_15790_/Y (sky130_fd_sc_hd__nand4bb_1)
   0.3515    9.8430 v fpu_exe_unit/FPUUnit/fpu/dfma/fma/_15837_/X (sky130_fd_sc_hd__or2_2)
   0.3724   10.2154 v fpu_exe_unit/FPUUnit/fpu/dfma/fma/_15891_/X (sky130_fd_sc_hd__maj3_1)
   0.3778   10.5932 v fpu_exe_unit/FPUUnit/fpu/dfma/fma/_15946_/X (sky130_fd_sc_hd__maj3_1)
   0.3853   10.9785 v fpu_exe_unit/FPUUnit/fpu/dfma/fma/_16018_/X (sky130_fd_sc_hd__maj3_1)
   0.3669   11.3454 v fpu_exe_unit/FPUUnit/fpu/dfma/fma/_16084_/X (sky130_fd_sc_hd__maj3_1)
   0.3753   11.7207 v fpu_exe_unit/FPUUnit/fpu/dfma/fma/_16150_/X (sky130_fd_sc_hd__maj3_1)
   0.3716   12.0924 v fpu_exe_unit/FPUUnit/fpu/dfma/fma/_16236_/X (sky130_fd_sc_hd__maj3_1)
   0.3656   12.4580 v fpu_exe_unit/FPUUnit/fpu/dfma/fma/_16331_/X (sky130_fd_sc_hd__maj3_1)
   0.3227   12.7806 ^ fpu_exe_unit/FPUUnit/fpu/dfma/fma/_16425_/Y (sky130_fd_sc_hd__o21ai_0)
   0.1187   12.8993 v fpu_exe_unit/FPUUnit/fpu/dfma/fma/_16955_/Y (sky130_fd_sc_hd__a211oi_1)
   0.3448   13.2441 ^ fpu_exe_unit/FPUUnit/fpu/dfma/fma/_16956_/Y (sky130_fd_sc_hd__o311ai_0)
   0.1911   13.4352 v fpu_exe_unit/FPUUnit/fpu/dfma/fma/_17093_/Y (sky130_fd_sc_hd__nand4_1)
   0.0923   13.5275 ^ fpu_exe_unit/FPUUnit/fpu/dfma/fma/_17095_/Y (sky130_fd_sc_hd__nand2_1)
   0.0628   13.5903 v fpu_exe_unit/FPUUnit/fpu/dfma/fma/_17236_/Y (sky130_fd_sc_hd__nand2_1)
   0.1743   13.7647 v fpu_exe_unit/FPUUnit/fpu/dfma/fma/_17239_/X (sky130_fd_sc_hd__a22o_1)
   0.0035   13.7681 v fpu_exe_unit/FPUUnit/fpu/dfma/fma/_31058_/D (sky130_fd_sc_hd__dfxtp_1)
            13.7681   data arrival time

  20.0000   20.0000   clock clock (rise edge)
   0.0000   20.0000   clock network delay (ideal)
   0.0000   20.0000   clock reconvergence pessimism
            20.0000 ^ fpu_exe_unit/FPUUnit/fpu/dfma/fma/_31058_/CLK (sky130_fd_sc_hd__dfxtp_1)
  -0.1177   19.8823   library setup time
            19.8823   data required time
-------------------------------------------------------------
            19.8823   data required time
           -13.7681   data arrival time
-------------------------------------------------------------
             6.1142   slack (MET)


Startpoint: fpu_exe_unit/FPUUnit/fpu/sfma/_677_
            (rising edge-triggered flip-flop clocked by clock)
Endpoint: fpu_exe_unit/FPUUnit/fpu/sfma/fma/_6700_
          (rising edge-triggered flip-flop clocked by clock)
Path Group: clock
Path Type: max

    Delay      Time   Description
-------------------------------------------------------------
   0.0000    0.0000   clock clock (rise edge)
   0.0000    0.0000   clock network delay (ideal)
   0.0000    0.0000 ^ fpu_exe_unit/FPUUnit/fpu/sfma/_677_/CLK (sky130_fd_sc_hd__dfxtp_1)
   0.3060    0.3060 v fpu_exe_unit/FPUUnit/fpu/sfma/_677_/Q (sky130_fd_sc_hd__dfxtp_1)
   0.1825    0.4885 v fpu_exe_unit/FPUUnit/fpu/sfma/fma/mulAddRecFNToRaw_preMul/_0566_/X (sky130_fd_sc_hd__xor2_1)
   0.2034    0.6919 v fpu_exe_unit/FPUUnit/fpu/sfma/fma/mulAddRecFNToRaw_preMul/_0567_/X (sky130_fd_sc_hd__lpflow_inputiso0n_1)
   0.3854    1.0773 v fpu_exe_unit/FPUUnit/fpu/sfma/fma/mulAddRecFNToRaw_preMul/_0568_/X (sky130_fd_sc_hd__maj3_1)
   0.4191    1.4964 v fpu_exe_unit/FPUUnit/fpu/sfma/fma/mulAddRecFNToRaw_preMul/_0569_/X (sky130_fd_sc_hd__maj3_1)
   0.4032    1.8996 v fpu_exe_unit/FPUUnit/fpu/sfma/fma/mulAddRecFNToRaw_preMul/_0570_/X (sky130_fd_sc_hd__maj3_1)
   0.3976    2.2972 v fpu_exe_unit/FPUUnit/fpu/sfma/fma/mulAddRecFNToRaw_preMul/_0571_/X (sky130_fd_sc_hd__maj3_1)
   0.3907    2.6879 v fpu_exe_unit/FPUUnit/fpu/sfma/fma/mulAddRecFNToRaw_preMul/_0572_/X (sky130_fd_sc_hd__maj3_1)
   0.3886    3.0765 v fpu_exe_unit/FPUUnit/fpu/sfma/fma/mulAddRecFNToRaw_preMul/_0573_/X (sky130_fd_sc_hd__maj3_1)
   0.3886    3.4652 v fpu_exe_unit/FPUUnit/fpu/sfma/fma/mulAddRecFNToRaw_preMul/_0574_/X (sky130_fd_sc_hd__maj3_1)
   0.3681    3.8332 v fpu_exe_unit/FPUUnit/fpu/sfma/fma/mulAddRecFNToRaw_preMul/_0575_/X (sky130_fd_sc_hd__maj3_1)
   0.1861    4.0194 v fpu_exe_unit/FPUUnit/fpu/sfma/fma/mulAddRecFNToRaw_preMul/_0578_/X (sky130_fd_sc_hd__lpflow_inputiso0n_1)
   0.6005    4.6199 ^ fpu_exe_unit/FPUUnit/fpu/sfma/fma/mulAddRecFNToRaw_preMul/_0610_/Y (sky130_fd_sc_hd__nor3_1)
   0.2361    4.8560 ^ fpu_exe_unit/FPUUnit/fpu/sfma/fma/mulAddRecFNToRaw_preMul/_0613_/X (sky130_fd_sc_hd__a21o_1)
   0.3278    5.1838 ^ fpu_exe_unit/FPUUnit/fpu/sfma/fma/mulAddRecFNToRaw_preMul/_0685_/X (sky130_fd_sc_hd__lpflow_clkbufkapwr_1)
   0.4536    5.6374 ^ fpu_exe_unit/FPUUnit/fpu/sfma/fma/mulAddRecFNToRaw_preMul/_0686_/X (sky130_fd_sc_hd__lpflow_clkbufkapwr_1)
   0.1968    5.8341 v fpu_exe_unit/FPUUnit/fpu/sfma/fma/mulAddRecFNToRaw_preMul/_0754_/Y (sky130_fd_sc_hd__o21ai_0)
   0.1553    5.9894 ^ fpu_exe_unit/FPUUnit/fpu/sfma/fma/mulAddRecFNToRaw_preMul/_0755_/Y (sky130_fd_sc_hd__o211ai_1)
   0.0735    6.0629 v fpu_exe_unit/FPUUnit/fpu/sfma/fma/mulAddRecFNToRaw_preMul/_0942_/Y (sky130_fd_sc_hd__nand2_1)
   0.2679    6.3308 v fpu_exe_unit/FPUUnit/fpu/sfma/fma/mulAddRecFNToRaw_preMul/_0943_/X (sky130_fd_sc_hd__mux2_2)
   0.1675    6.4983 ^ fpu_exe_unit/FPUUnit/fpu/sfma/fma/mulAddRecFNToRaw_preMul/_0944_/Y (sky130_fd_sc_hd__mux2i_1)
   0.0591    6.5575 v fpu_exe_unit/FPUUnit/fpu/sfma/fma/mulAddRecFNToRaw_preMul/_0945_/Y (sky130_fd_sc_hd__nor2_1)
   0.1861    6.7436 v fpu_exe_unit/FPUUnit/fpu/sfma/fma/mulAddRecFNToRaw_preMul/_0951_/X (sky130_fd_sc_hd__o21a_1)
   0.3782    7.1218 v fpu_exe_unit/FPUUnit/fpu/sfma/fma/_3489_/X (sky130_fd_sc_hd__xnor3_1)
   0.3906    7.5125 v fpu_exe_unit/FPUUnit/fpu/sfma/fma/_3503_/X (sky130_fd_sc_hd__maj3_1)
   0.3213    7.8338 ^ fpu_exe_unit/FPUUnit/fpu/sfma/fma/_3514_/Y (sky130_fd_sc_hd__xnor2_1)
   0.4135    8.2473 v fpu_exe_unit/FPUUnit/fpu/sfma/fma/_3525_/X (sky130_fd_sc_hd__xnor3_1)
   0.1651    8.4123 v fpu_exe_unit/FPUUnit/fpu/sfma/fma/_3534_/X (sky130_fd_sc_hd__xor2_1)
   0.2903    8.7027 v fpu_exe_unit/FPUUnit/fpu/sfma/fma/_3535_/X (sky130_fd_sc_hd__or2_2)
   0.4226    9.1252 ^ fpu_exe_unit/FPUUnit/fpu/sfma/fma/_3572_/X (sky130_fd_sc_hd__xnor3_1)
   0.1500    9.2752 v fpu_exe_unit/FPUUnit/fpu/sfma/fma/_3573_/Y (sky130_fd_sc_hd__nand4b_1)
   0.3003    9.5755 ^ fpu_exe_unit/FPUUnit/fpu/sfma/fma/_3674_/Y (sky130_fd_sc_hd__a32oi_1)
   0.2540    9.8296 ^ fpu_exe_unit/FPUUnit/fpu/sfma/fma/_3679_/X (sky130_fd_sc_hd__maj3_1)
   0.0915    9.9211 v fpu_exe_unit/FPUUnit/fpu/sfma/fma/_3733_/Y (sky130_fd_sc_hd__a21oi_1)
   0.2497   10.1708 ^ fpu_exe_unit/FPUUnit/fpu/sfma/fma/_3795_/Y (sky130_fd_sc_hd__o21ai_0)
   0.1322   10.3030 v fpu_exe_unit/FPUUnit/fpu/sfma/fma/_3859_/Y (sky130_fd_sc_hd__a21oi_1)
   0.2693   10.5723 ^ fpu_exe_unit/FPUUnit/fpu/sfma/fma/_3934_/Y (sky130_fd_sc_hd__o21ai_0)
   0.1548   10.7271 v fpu_exe_unit/FPUUnit/fpu/sfma/fma/_4024_/Y (sky130_fd_sc_hd__a21oi_1)
   0.1944   10.9215 ^ fpu_exe_unit/FPUUnit/fpu/sfma/fma/_4504_/Y (sky130_fd_sc_hd__o211ai_1)
   0.1157   11.0371 v fpu_exe_unit/FPUUnit/fpu/sfma/fma/_4506_/Y (sky130_fd_sc_hd__a311oi_1)
   0.4302   11.4673 ^ fpu_exe_unit/FPUUnit/fpu/sfma/fma/_4727_/Y (sky130_fd_sc_hd__o311ai_0)
   0.2685   11.7358 ^ fpu_exe_unit/FPUUnit/fpu/sfma/fma/_4859_/X (sky130_fd_sc_hd__a41o_1)
   0.2143   11.9502 ^ fpu_exe_unit/FPUUnit/fpu/sfma/fma/_5098_/X (sky130_fd_sc_hd__a311o_1)
   0.1377   12.0879 v fpu_exe_unit/FPUUnit/fpu/sfma/fma/_5315_/Y (sky130_fd_sc_hd__a31oi_1)
   0.3582   12.4461 v fpu_exe_unit/FPUUnit/fpu/sfma/fma/_5521_/X (sky130_fd_sc_hd__o31a_1)
   0.2179   12.6640 v fpu_exe_unit/FPUUnit/fpu/sfma/fma/_5724_/X (sky130_fd_sc_hd__o21a_1)
   0.3957   13.0597 ^ fpu_exe_unit/FPUUnit/fpu/sfma/fma/_5894_/Y (sky130_fd_sc_hd__o31ai_1)
   0.2506   13.3102 ^ fpu_exe_unit/FPUUnit/fpu/sfma/fma/_6048_/X (sky130_fd_sc_hd__a31o_2)
   0.1211   13.4313 v fpu_exe_unit/FPUUnit/fpu/sfma/fma/_6182_/Y (sky130_fd_sc_hd__a31oi_1)
   0.1886   13.6199 v fpu_exe_unit/FPUUnit/fpu/sfma/fma/_6238_/X (sky130_fd_sc_hd__xor2_1)
   0.1368   13.7567 ^ fpu_exe_unit/FPUUnit/fpu/sfma/fma/_6240_/Y (sky130_fd_sc_hd__a21oi_1)
   0.0035   13.7602 ^ fpu_exe_unit/FPUUnit/fpu/sfma/fma/_6700_/D (sky130_fd_sc_hd__dfxtp_1)
            13.7602   data arrival time

  20.0000   20.0000   clock clock (rise edge)
   0.0000   20.0000   clock network delay (ideal)
   0.0000   20.0000   clock reconvergence pessimism
            20.0000 ^ fpu_exe_unit/FPUUnit/fpu/sfma/fma/_6700_/CLK (sky130_fd_sc_hd__dfxtp_1)
  -0.0711   19.9289   library setup time
            19.9289   data required time
-------------------------------------------------------------
            19.9289   data required time
           -13.7602   data arrival time
-------------------------------------------------------------
             6.1687   slack (MET)


Startpoint: fpu_exe_unit/FPUUnit/fpu/dfma/_1310_
            (rising edge-triggered flip-flop clocked by clock)
Endpoint: fpu_exe_unit/FPUUnit/fpu/dfma/fma/_31056_
          (rising edge-triggered flip-flop clocked by clock)
Path Group: clock
Path Type: max

    Delay      Time   Description
-------------------------------------------------------------
   0.0000    0.0000   clock clock (rise edge)
   0.0000    0.0000   clock network delay (ideal)
   0.0000    0.0000 ^ fpu_exe_unit/FPUUnit/fpu/dfma/_1310_/CLK (sky130_fd_sc_hd__dfxtp_1)
   0.2995    0.2995 v fpu_exe_unit/FPUUnit/fpu/dfma/_1310_/Q (sky130_fd_sc_hd__dfxtp_1)
   0.1614    0.4609 v fpu_exe_unit/FPUUnit/fpu/dfma/fma/mulAddRecFNToRaw_preMul/_1092_/Y (sky130_fd_sc_hd__xnor2_1)
   0.3226    0.7835 ^ fpu_exe_unit/FPUUnit/fpu/dfma/fma/mulAddRecFNToRaw_preMul/_1094_/Y (sky130_fd_sc_hd__o21ai_0)
   0.1761    0.9596 v fpu_exe_unit/FPUUnit/fpu/dfma/fma/mulAddRecFNToRaw_preMul/_1097_/Y (sky130_fd_sc_hd__a31oi_1)
   0.4045    1.3640 v fpu_exe_unit/FPUUnit/fpu/dfma/fma/mulAddRecFNToRaw_preMul/_1098_/X (sky130_fd_sc_hd__maj3_1)
   0.3959    1.7600 v fpu_exe_unit/FPUUnit/fpu/dfma/fma/mulAddRecFNToRaw_preMul/_1099_/X (sky130_fd_sc_hd__maj3_1)
   0.3973    2.1573 v fpu_exe_unit/FPUUnit/fpu/dfma/fma/mulAddRecFNToRaw_preMul/_1100_/X (sky130_fd_sc_hd__maj3_1)
   0.4055    2.5628 v fpu_exe_unit/FPUUnit/fpu/dfma/fma/mulAddRecFNToRaw_preMul/_1101_/X (sky130_fd_sc_hd__maj3_1)
   0.3551    2.9179 v fpu_exe_unit/FPUUnit/fpu/dfma/fma/mulAddRecFNToRaw_preMul/_1121_/X (sky130_fd_sc_hd__maj3_1)
   0.2007    3.1186 v fpu_exe_unit/FPUUnit/fpu/dfma/fma/mulAddRecFNToRaw_preMul/_1122_/X (sky130_fd_sc_hd__xor2_1)
   0.1942    3.3128 ^ fpu_exe_unit/FPUUnit/fpu/dfma/fma/mulAddRecFNToRaw_preMul/_1152_/Y (sky130_fd_sc_hd__o221ai_1)
   0.1518    3.4647 v fpu_exe_unit/FPUUnit/fpu/dfma/fma/mulAddRecFNToRaw_preMul/_1158_/Y (sky130_fd_sc_hd__a32oi_1)
   0.4189    3.8835 v fpu_exe_unit/FPUUnit/fpu/dfma/fma/mulAddRecFNToRaw_preMul/_1159_/X (sky130_fd_sc_hd__maj3_1)
   0.2588    4.1424 v fpu_exe_unit/FPUUnit/fpu/dfma/fma/mulAddRecFNToRaw_preMul/_1177_/X (sky130_fd_sc_hd__o2111a_1)
   0.1835    4.3259 v fpu_exe_unit/FPUUnit/fpu/dfma/fma/mulAddRecFNToRaw_preMul/_1178_/X (sky130_fd_sc_hd__clkbuf_1)
   0.1411    4.4670 ^ fpu_exe_unit/FPUUnit/fpu/dfma/fma/mulAddRecFNToRaw_preMul/_1203_/Y (sky130_fd_sc_hd__nand4_1)
   0.3339    4.8008 ^ fpu_exe_unit/FPUUnit/fpu/dfma/fma/mulAddRecFNToRaw_preMul/_1204_/X (sky130_fd_sc_hd__lpflow_clkbufkapwr_1)
   0.3198    5.1206 ^ fpu_exe_unit/FPUUnit/fpu/dfma/fma/mulAddRecFNToRaw_preMul/_1307_/X (sky130_fd_sc_hd__buf_2)
   0.4406    5.5612 ^ fpu_exe_unit/FPUUnit/fpu/dfma/fma/mulAddRecFNToRaw_preMul/_1308_/X (sky130_fd_sc_hd__lpflow_clkbufkapwr_1)
   0.4049    5.9661 v fpu_exe_unit/FPUUnit/fpu/dfma/fma/mulAddRecFNToRaw_preMul/_1618_/X (sky130_fd_sc_hd__mux2_2)
   0.1693    6.1354 ^ fpu_exe_unit/FPUUnit/fpu/dfma/fma/mulAddRecFNToRaw_preMul/_1760_/Y (sky130_fd_sc_hd__mux2i_1)
   0.0586    6.1940 v fpu_exe_unit/FPUUnit/fpu/dfma/fma/mulAddRecFNToRaw_preMul/_1761_/Y (sky130_fd_sc_hd__nor2_1)
   0.1499    6.3440 ^ fpu_exe_unit/FPUUnit/fpu/dfma/fma/mulAddRecFNToRaw_preMul/_1762_/Y (sky130_fd_sc_hd__a21oi_1)
   0.1072    6.4511 v fpu_exe_unit/FPUUnit/fpu/dfma/fma/mulAddRecFNToRaw_preMul/_1763_/Y (sky130_fd_sc_hd__mux2i_1)
   0.2246    6.6758 ^ fpu_exe_unit/FPUUnit/fpu/dfma/fma/mulAddRecFNToRaw_preMul/_1764_/Y (sky130_fd_sc_hd__a21oi_1)
   0.0630    6.7388 v fpu_exe_unit/FPUUnit/fpu/dfma/fma/mulAddRecFNToRaw_preMul/_1765_/Y (sky130_fd_sc_hd__nor2_1)
   0.1979    6.9367 v fpu_exe_unit/FPUUnit/fpu/dfma/fma/mulAddRecFNToRaw_preMul/_1766_/X (sky130_fd_sc_hd__o22a_1)
   0.3822    7.3188 v fpu_exe_unit/FPUUnit/fpu/dfma/fma/_15656_/X (sky130_fd_sc_hd__xnor3_1)
   0.3964    7.7153 v fpu_exe_unit/FPUUnit/fpu/dfma/fma/_15669_/X (sky130_fd_sc_hd__maj3_1)
   0.3777    8.0930 v fpu_exe_unit/FPUUnit/fpu/dfma/fma/_15690_/X (sky130_fd_sc_hd__maj3_1)
   0.3929    8.4858 v fpu_exe_unit/FPUUnit/fpu/dfma/fma/_15718_/X (sky130_fd_sc_hd__maj3_1)
   0.3979    8.8837 v fpu_exe_unit/FPUUnit/fpu/dfma/fma/_15741_/X (sky130_fd_sc_hd__xor3_1)
   0.1695    9.0532 ^ fpu_exe_unit/FPUUnit/fpu/dfma/fma/_15751_/Y (sky130_fd_sc_hd__nor2_1)
   0.2943    9.3475 ^ fpu_exe_unit/FPUUnit/fpu/dfma/fma/_15789_/X (sky130_fd_sc_hd__xor3_1)
   0.1440    9.4915 v fpu_exe_unit/FPUUnit/fpu/dfma/fma/_15790_/Y (sky130_fd_sc_hd__nand4bb_1)
   0.3515    9.8430 v fpu_exe_unit/FPUUnit/fpu/dfma/fma/_15837_/X (sky130_fd_sc_hd__or2_2)
   0.3724   10.2154 v fpu_exe_unit/FPUUnit/fpu/dfma/fma/_15891_/X (sky130_fd_sc_hd__maj3_1)
   0.3778   10.5932 v fpu_exe_unit/FPUUnit/fpu/dfma/fma/_15946_/X (sky130_fd_sc_hd__maj3_1)
   0.3853   10.9785 v fpu_exe_unit/FPUUnit/fpu/dfma/fma/_16018_/X (sky130_fd_sc_hd__maj3_1)
   0.3669   11.3454 v fpu_exe_unit/FPUUnit/fpu/dfma/fma/_16084_/X (sky130_fd_sc_hd__maj3_1)
   0.3753   11.7207 v fpu_exe_unit/FPUUnit/fpu/dfma/fma/_16150_/X (sky130_fd_sc_hd__maj3_1)
   0.3716   12.0924 v fpu_exe_unit/FPUUnit/fpu/dfma/fma/_16236_/X (sky130_fd_sc_hd__maj3_1)
   0.3656   12.4580 v fpu_exe_unit/FPUUnit/fpu/dfma/fma/_16331_/X (sky130_fd_sc_hd__maj3_1)
   0.3227   12.7806 ^ fpu_exe_unit/FPUUnit/fpu/dfma/fma/_16425_/Y (sky130_fd_sc_hd__o21ai_0)
   0.1187   12.8993 v fpu_exe_unit/FPUUnit/fpu/dfma/fma/_16955_/Y (sky130_fd_sc_hd__a211oi_1)
   0.3448   13.2441 ^ fpu_exe_unit/FPUUnit/fpu/dfma/fma/_16956_/Y (sky130_fd_sc_hd__o311ai_0)
   0.2122   13.4563 ^ fpu_exe_unit/FPUUnit/fpu/dfma/fma/_16957_/X (sky130_fd_sc_hd__lpflow_inputiso0n_1)
   0.1227   13.5790 ^ fpu_exe_unit/FPUUnit/fpu/dfma/fma/_16958_/Y (sky130_fd_sc_hd__xnor2_1)
   0.0787   13.6577 v fpu_exe_unit/FPUUnit/fpu/dfma/fma/_16960_/Y (sky130_fd_sc_hd__a21oi_1)
   0.0035   13.6612 v fpu_exe_unit/FPUUnit/fpu/dfma/fma/_31056_/D (sky130_fd_sc_hd__dfxtp_1)
            13.6612   data arrival time

  20.0000   20.0000   clock clock (rise edge)
   0.0000   20.0000   clock network delay (ideal)
   0.0000   20.0000   clock reconvergence pessimism
            20.0000 ^ fpu_exe_unit/FPUUnit/fpu/dfma/fma/_31056_/CLK (sky130_fd_sc_hd__dfxtp_1)
  -0.1345   19.8655   library setup time
            19.8655   data required time
-------------------------------------------------------------
            19.8655   data required time
           -13.6612   data arrival time
-------------------------------------------------------------
             6.2044   slack (MET)


Startpoint: fpu_exe_unit/FPUUnit/fpu/sfma/_677_
            (rising edge-triggered flip-flop clocked by clock)
Endpoint: fpu_exe_unit/FPUUnit/fpu/sfma/fma/_6699_
          (rising edge-triggered flip-flop clocked by clock)
Path Group: clock
Path Type: max

    Delay      Time   Description
-------------------------------------------------------------
   0.0000    0.0000   clock clock (rise edge)
   0.0000    0.0000   clock network delay (ideal)
   0.0000    0.0000 ^ fpu_exe_unit/FPUUnit/fpu/sfma/_677_/CLK (sky130_fd_sc_hd__dfxtp_1)
   0.3060    0.3060 v fpu_exe_unit/FPUUnit/fpu/sfma/_677_/Q (sky130_fd_sc_hd__dfxtp_1)
   0.1825    0.4885 v fpu_exe_unit/FPUUnit/fpu/sfma/fma/mulAddRecFNToRaw_preMul/_0566_/X (sky130_fd_sc_hd__xor2_1)
   0.2034    0.6919 v fpu_exe_unit/FPUUnit/fpu/sfma/fma/mulAddRecFNToRaw_preMul/_0567_/X (sky130_fd_sc_hd__lpflow_inputiso0n_1)
   0.3854    1.0773 v fpu_exe_unit/FPUUnit/fpu/sfma/fma/mulAddRecFNToRaw_preMul/_0568_/X (sky130_fd_sc_hd__maj3_1)
   0.4191    1.4964 v fpu_exe_unit/FPUUnit/fpu/sfma/fma/mulAddRecFNToRaw_preMul/_0569_/X (sky130_fd_sc_hd__maj3_1)
   0.4032    1.8996 v fpu_exe_unit/FPUUnit/fpu/sfma/fma/mulAddRecFNToRaw_preMul/_0570_/X (sky130_fd_sc_hd__maj3_1)
   0.3976    2.2972 v fpu_exe_unit/FPUUnit/fpu/sfma/fma/mulAddRecFNToRaw_preMul/_0571_/X (sky130_fd_sc_hd__maj3_1)
   0.3907    2.6879 v fpu_exe_unit/FPUUnit/fpu/sfma/fma/mulAddRecFNToRaw_preMul/_0572_/X (sky130_fd_sc_hd__maj3_1)
   0.3886    3.0765 v fpu_exe_unit/FPUUnit/fpu/sfma/fma/mulAddRecFNToRaw_preMul/_0573_/X (sky130_fd_sc_hd__maj3_1)
   0.3886    3.4652 v fpu_exe_unit/FPUUnit/fpu/sfma/fma/mulAddRecFNToRaw_preMul/_0574_/X (sky130_fd_sc_hd__maj3_1)
   0.3681    3.8332 v fpu_exe_unit/FPUUnit/fpu/sfma/fma/mulAddRecFNToRaw_preMul/_0575_/X (sky130_fd_sc_hd__maj3_1)
   0.1861    4.0194 v fpu_exe_unit/FPUUnit/fpu/sfma/fma/mulAddRecFNToRaw_preMul/_0578_/X (sky130_fd_sc_hd__lpflow_inputiso0n_1)
   0.6005    4.6199 ^ fpu_exe_unit/FPUUnit/fpu/sfma/fma/mulAddRecFNToRaw_preMul/_0610_/Y (sky130_fd_sc_hd__nor3_1)
   0.2361    4.8560 ^ fpu_exe_unit/FPUUnit/fpu/sfma/fma/mulAddRecFNToRaw_preMul/_0613_/X (sky130_fd_sc_hd__a21o_1)
   0.3278    5.1838 ^ fpu_exe_unit/FPUUnit/fpu/sfma/fma/mulAddRecFNToRaw_preMul/_0685_/X (sky130_fd_sc_hd__lpflow_clkbufkapwr_1)
   0.4536    5.6374 ^ fpu_exe_unit/FPUUnit/fpu/sfma/fma/mulAddRecFNToRaw_preMul/_0686_/X (sky130_fd_sc_hd__lpflow_clkbufkapwr_1)
   0.1968    5.8341 v fpu_exe_unit/FPUUnit/fpu/sfma/fma/mulAddRecFNToRaw_preMul/_0754_/Y (sky130_fd_sc_hd__o21ai_0)
   0.1553    5.9894 ^ fpu_exe_unit/FPUUnit/fpu/sfma/fma/mulAddRecFNToRaw_preMul/_0755_/Y (sky130_fd_sc_hd__o211ai_1)
   0.0735    6.0629 v fpu_exe_unit/FPUUnit/fpu/sfma/fma/mulAddRecFNToRaw_preMul/_0942_/Y (sky130_fd_sc_hd__nand2_1)
   0.2679    6.3308 v fpu_exe_unit/FPUUnit/fpu/sfma/fma/mulAddRecFNToRaw_preMul/_0943_/X (sky130_fd_sc_hd__mux2_2)
   0.1675    6.4983 ^ fpu_exe_unit/FPUUnit/fpu/sfma/fma/mulAddRecFNToRaw_preMul/_0944_/Y (sky130_fd_sc_hd__mux2i_1)
   0.0591    6.5575 v fpu_exe_unit/FPUUnit/fpu/sfma/fma/mulAddRecFNToRaw_preMul/_0945_/Y (sky130_fd_sc_hd__nor2_1)
   0.1861    6.7436 v fpu_exe_unit/FPUUnit/fpu/sfma/fma/mulAddRecFNToRaw_preMul/_0951_/X (sky130_fd_sc_hd__o21a_1)
   0.3782    7.1218 v fpu_exe_unit/FPUUnit/fpu/sfma/fma/_3489_/X (sky130_fd_sc_hd__xnor3_1)
   0.3906    7.5125 v fpu_exe_unit/FPUUnit/fpu/sfma/fma/_3503_/X (sky130_fd_sc_hd__maj3_1)
   0.3213    7.8338 ^ fpu_exe_unit/FPUUnit/fpu/sfma/fma/_3514_/Y (sky130_fd_sc_hd__xnor2_1)
   0.4135    8.2473 v fpu_exe_unit/FPUUnit/fpu/sfma/fma/_3525_/X (sky130_fd_sc_hd__xnor3_1)
   0.1651    8.4123 v fpu_exe_unit/FPUUnit/fpu/sfma/fma/_3534_/X (sky130_fd_sc_hd__xor2_1)
   0.2903    8.7027 v fpu_exe_unit/FPUUnit/fpu/sfma/fma/_3535_/X (sky130_fd_sc_hd__or2_2)
   0.4226    9.1252 ^ fpu_exe_unit/FPUUnit/fpu/sfma/fma/_3572_/X (sky130_fd_sc_hd__xnor3_1)
   0.1500    9.2752 v fpu_exe_unit/FPUUnit/fpu/sfma/fma/_3573_/Y (sky130_fd_sc_hd__nand4b_1)
   0.3003    9.5755 ^ fpu_exe_unit/FPUUnit/fpu/sfma/fma/_3674_/Y (sky130_fd_sc_hd__a32oi_1)
   0.2540    9.8296 ^ fpu_exe_unit/FPUUnit/fpu/sfma/fma/_3679_/X (sky130_fd_sc_hd__maj3_1)
   0.0915    9.9211 v fpu_exe_unit/FPUUnit/fpu/sfma/fma/_3733_/Y (sky130_fd_sc_hd__a21oi_1)
   0.2497   10.1708 ^ fpu_exe_unit/FPUUnit/fpu/sfma/fma/_3795_/Y (sky130_fd_sc_hd__o21ai_0)
   0.1322   10.3030 v fpu_exe_unit/FPUUnit/fpu/sfma/fma/_3859_/Y (sky130_fd_sc_hd__a21oi_1)
   0.2693   10.5723 ^ fpu_exe_unit/FPUUnit/fpu/sfma/fma/_3934_/Y (sky130_fd_sc_hd__o21ai_0)
   0.1548   10.7271 v fpu_exe_unit/FPUUnit/fpu/sfma/fma/_4024_/Y (sky130_fd_sc_hd__a21oi_1)
   0.1944   10.9215 ^ fpu_exe_unit/FPUUnit/fpu/sfma/fma/_4504_/Y (sky130_fd_sc_hd__o211ai_1)
   0.1157   11.0371 v fpu_exe_unit/FPUUnit/fpu/sfma/fma/_4506_/Y (sky130_fd_sc_hd__a311oi_1)
   0.4302   11.4673 ^ fpu_exe_unit/FPUUnit/fpu/sfma/fma/_4727_/Y (sky130_fd_sc_hd__o311ai_0)
   0.2685   11.7358 ^ fpu_exe_unit/FPUUnit/fpu/sfma/fma/_4859_/X (sky130_fd_sc_hd__a41o_1)
   0.2143   11.9502 ^ fpu_exe_unit/FPUUnit/fpu/sfma/fma/_5098_/X (sky130_fd_sc_hd__a311o_1)
   0.1377   12.0879 v fpu_exe_unit/FPUUnit/fpu/sfma/fma/_5315_/Y (sky130_fd_sc_hd__a31oi_1)
   0.3582   12.4461 v fpu_exe_unit/FPUUnit/fpu/sfma/fma/_5521_/X (sky130_fd_sc_hd__o31a_1)
   0.2179   12.6640 v fpu_exe_unit/FPUUnit/fpu/sfma/fma/_5724_/X (sky130_fd_sc_hd__o21a_1)
   0.3957   13.0597 ^ fpu_exe_unit/FPUUnit/fpu/sfma/fma/_5894_/Y (sky130_fd_sc_hd__o31ai_1)
   0.2506   13.3102 ^ fpu_exe_unit/FPUUnit/fpu/sfma/fma/_6048_/X (sky130_fd_sc_hd__a31o_2)
   0.0769   13.3871 v fpu_exe_unit/FPUUnit/fpu/sfma/fma/_6117_/Y (sky130_fd_sc_hd__a21oi_1)
   0.1392   13.5263 v fpu_exe_unit/FPUUnit/fpu/sfma/fma/_6178_/Y (sky130_fd_sc_hd__xnor2_1)
   0.0870   13.6133 ^ fpu_exe_unit/FPUUnit/fpu/sfma/fma/_6179_/Y (sky130_fd_sc_hd__nor2_1)
   0.0455   13.6587 v fpu_exe_unit/FPUUnit/fpu/sfma/fma/_6180_/Y (sky130_fd_sc_hd__nor2_1)
   0.0035   13.6622 v fpu_exe_unit/FPUUnit/fpu/sfma/fma/_6699_/D (sky130_fd_sc_hd__dfxtp_1)
            13.6622   data arrival time

  20.0000   20.0000   clock clock (rise edge)
   0.0000   20.0000   clock network delay (ideal)
   0.0000   20.0000   clock reconvergence pessimism
            20.0000 ^ fpu_exe_unit/FPUUnit/fpu/sfma/fma/_6699_/CLK (sky130_fd_sc_hd__dfxtp_1)
  -0.1143   19.8857   library setup time
            19.8857   data required time
-------------------------------------------------------------
            19.8857   data required time
           -13.6622   data arrival time
-------------------------------------------------------------
             6.2235   slack (MET)


Startpoint: fpu_exe_unit/FPUUnit/fpu/dfma/_1310_
            (rising edge-triggered flip-flop clocked by clock)
Endpoint: fpu_exe_unit/FPUUnit/fpu/dfma/fma/_31055_
          (rising edge-triggered flip-flop clocked by clock)
Path Group: clock
Path Type: max

    Delay      Time   Description
-------------------------------------------------------------
   0.0000    0.0000   clock clock (rise edge)
   0.0000    0.0000   clock network delay (ideal)
   0.0000    0.0000 ^ fpu_exe_unit/FPUUnit/fpu/dfma/_1310_/CLK (sky130_fd_sc_hd__dfxtp_1)
   0.2995    0.2995 v fpu_exe_unit/FPUUnit/fpu/dfma/_1310_/Q (sky130_fd_sc_hd__dfxtp_1)
   0.1614    0.4609 v fpu_exe_unit/FPUUnit/fpu/dfma/fma/mulAddRecFNToRaw_preMul/_1092_/Y (sky130_fd_sc_hd__xnor2_1)
   0.3226    0.7835 ^ fpu_exe_unit/FPUUnit/fpu/dfma/fma/mulAddRecFNToRaw_preMul/_1094_/Y (sky130_fd_sc_hd__o21ai_0)
   0.1761    0.9596 v fpu_exe_unit/FPUUnit/fpu/dfma/fma/mulAddRecFNToRaw_preMul/_1097_/Y (sky130_fd_sc_hd__a31oi_1)
   0.4045    1.3640 v fpu_exe_unit/FPUUnit/fpu/dfma/fma/mulAddRecFNToRaw_preMul/_1098_/X (sky130_fd_sc_hd__maj3_1)
   0.3959    1.7600 v fpu_exe_unit/FPUUnit/fpu/dfma/fma/mulAddRecFNToRaw_preMul/_1099_/X (sky130_fd_sc_hd__maj3_1)
   0.3973    2.1573 v fpu_exe_unit/FPUUnit/fpu/dfma/fma/mulAddRecFNToRaw_preMul/_1100_/X (sky130_fd_sc_hd__maj3_1)
   0.4055    2.5628 v fpu_exe_unit/FPUUnit/fpu/dfma/fma/mulAddRecFNToRaw_preMul/_1101_/X (sky130_fd_sc_hd__maj3_1)
   0.3551    2.9179 v fpu_exe_unit/FPUUnit/fpu/dfma/fma/mulAddRecFNToRaw_preMul/_1121_/X (sky130_fd_sc_hd__maj3_1)
   0.2007    3.1186 v fpu_exe_unit/FPUUnit/fpu/dfma/fma/mulAddRecFNToRaw_preMul/_1122_/X (sky130_fd_sc_hd__xor2_1)
   0.1942    3.3128 ^ fpu_exe_unit/FPUUnit/fpu/dfma/fma/mulAddRecFNToRaw_preMul/_1152_/Y (sky130_fd_sc_hd__o221ai_1)
   0.1518    3.4647 v fpu_exe_unit/FPUUnit/fpu/dfma/fma/mulAddRecFNToRaw_preMul/_1158_/Y (sky130_fd_sc_hd__a32oi_1)
   0.4189    3.8835 v fpu_exe_unit/FPUUnit/fpu/dfma/fma/mulAddRecFNToRaw_preMul/_1159_/X (sky130_fd_sc_hd__maj3_1)
   0.2588    4.1424 v fpu_exe_unit/FPUUnit/fpu/dfma/fma/mulAddRecFNToRaw_preMul/_1177_/X (sky130_fd_sc_hd__o2111a_1)
   0.1835    4.3259 v fpu_exe_unit/FPUUnit/fpu/dfma/fma/mulAddRecFNToRaw_preMul/_1178_/X (sky130_fd_sc_hd__clkbuf_1)
   0.1411    4.4670 ^ fpu_exe_unit/FPUUnit/fpu/dfma/fma/mulAddRecFNToRaw_preMul/_1203_/Y (sky130_fd_sc_hd__nand4_1)
   0.3339    4.8008 ^ fpu_exe_unit/FPUUnit/fpu/dfma/fma/mulAddRecFNToRaw_preMul/_1204_/X (sky130_fd_sc_hd__lpflow_clkbufkapwr_1)
   0.3198    5.1206 ^ fpu_exe_unit/FPUUnit/fpu/dfma/fma/mulAddRecFNToRaw_preMul/_1307_/X (sky130_fd_sc_hd__buf_2)
   0.4406    5.5612 ^ fpu_exe_unit/FPUUnit/fpu/dfma/fma/mulAddRecFNToRaw_preMul/_1308_/X (sky130_fd_sc_hd__lpflow_clkbufkapwr_1)
   0.4049    5.9661 v fpu_exe_unit/FPUUnit/fpu/dfma/fma/mulAddRecFNToRaw_preMul/_1618_/X (sky130_fd_sc_hd__mux2_2)
   0.1693    6.1354 ^ fpu_exe_unit/FPUUnit/fpu/dfma/fma/mulAddRecFNToRaw_preMul/_1760_/Y (sky130_fd_sc_hd__mux2i_1)
   0.0586    6.1940 v fpu_exe_unit/FPUUnit/fpu/dfma/fma/mulAddRecFNToRaw_preMul/_1761_/Y (sky130_fd_sc_hd__nor2_1)
   0.1499    6.3440 ^ fpu_exe_unit/FPUUnit/fpu/dfma/fma/mulAddRecFNToRaw_preMul/_1762_/Y (sky130_fd_sc_hd__a21oi_1)
   0.1072    6.4511 v fpu_exe_unit/FPUUnit/fpu/dfma/fma/mulAddRecFNToRaw_preMul/_1763_/Y (sky130_fd_sc_hd__mux2i_1)
   0.2246    6.6758 ^ fpu_exe_unit/FPUUnit/fpu/dfma/fma/mulAddRecFNToRaw_preMul/_1764_/Y (sky130_fd_sc_hd__a21oi_1)
   0.0630    6.7388 v fpu_exe_unit/FPUUnit/fpu/dfma/fma/mulAddRecFNToRaw_preMul/_1765_/Y (sky130_fd_sc_hd__nor2_1)
   0.1979    6.9367 v fpu_exe_unit/FPUUnit/fpu/dfma/fma/mulAddRecFNToRaw_preMul/_1766_/X (sky130_fd_sc_hd__o22a_1)
   0.3822    7.3188 v fpu_exe_unit/FPUUnit/fpu/dfma/fma/_15656_/X (sky130_fd_sc_hd__xnor3_1)
   0.3964    7.7153 v fpu_exe_unit/FPUUnit/fpu/dfma/fma/_15669_/X (sky130_fd_sc_hd__maj3_1)
   0.3777    8.0930 v fpu_exe_unit/FPUUnit/fpu/dfma/fma/_15690_/X (sky130_fd_sc_hd__maj3_1)
   0.3929    8.4858 v fpu_exe_unit/FPUUnit/fpu/dfma/fma/_15718_/X (sky130_fd_sc_hd__maj3_1)
   0.3979    8.8837 v fpu_exe_unit/FPUUnit/fpu/dfma/fma/_15741_/X (sky130_fd_sc_hd__xor3_1)
   0.1695    9.0532 ^ fpu_exe_unit/FPUUnit/fpu/dfma/fma/_15751_/Y (sky130_fd_sc_hd__nor2_1)
   0.2943    9.3475 ^ fpu_exe_unit/FPUUnit/fpu/dfma/fma/_15789_/X (sky130_fd_sc_hd__xor3_1)
   0.1440    9.4915 v fpu_exe_unit/FPUUnit/fpu/dfma/fma/_15790_/Y (sky130_fd_sc_hd__nand4bb_1)
   0.3515    9.8430 v fpu_exe_unit/FPUUnit/fpu/dfma/fma/_15837_/X (sky130_fd_sc_hd__or2_2)
   0.3724   10.2154 v fpu_exe_unit/FPUUnit/fpu/dfma/fma/_15891_/X (sky130_fd_sc_hd__maj3_1)
   0.3778   10.5932 v fpu_exe_unit/FPUUnit/fpu/dfma/fma/_15946_/X (sky130_fd_sc_hd__maj3_1)
   0.3853   10.9785 v fpu_exe_unit/FPUUnit/fpu/dfma/fma/_16018_/X (sky130_fd_sc_hd__maj3_1)
   0.3669   11.3454 v fpu_exe_unit/FPUUnit/fpu/dfma/fma/_16084_/X (sky130_fd_sc_hd__maj3_1)
   0.3753   11.7207 v fpu_exe_unit/FPUUnit/fpu/dfma/fma/_16150_/X (sky130_fd_sc_hd__maj3_1)
   0.3716   12.0924 v fpu_exe_unit/FPUUnit/fpu/dfma/fma/_16236_/X (sky130_fd_sc_hd__maj3_1)
   0.3656   12.4580 v fpu_exe_unit/FPUUnit/fpu/dfma/fma/_16331_/X (sky130_fd_sc_hd__maj3_1)
   0.3227   12.7806 ^ fpu_exe_unit/FPUUnit/fpu/dfma/fma/_16425_/Y (sky130_fd_sc_hd__o21ai_0)
   0.1905   12.9712 ^ fpu_exe_unit/FPUUnit/fpu/dfma/fma/_16521_/X (sky130_fd_sc_hd__a21o_1)
   0.0860   13.0571 v fpu_exe_unit/FPUUnit/fpu/dfma/fma/_16723_/Y (sky130_fd_sc_hd__a21oi_1)
   0.2115   13.2686 ^ fpu_exe_unit/FPUUnit/fpu/dfma/fma/_16728_/Y (sky130_fd_sc_hd__o21ai_0)
   0.0879   13.3565 v fpu_exe_unit/FPUUnit/fpu/dfma/fma/_16832_/Y (sky130_fd_sc_hd__a21oi_1)
   0.2605   13.6170 v fpu_exe_unit/FPUUnit/fpu/dfma/fma/_16833_/X (sky130_fd_sc_hd__mux2_2)
   0.0035   13.6204 v fpu_exe_unit/FPUUnit/fpu/dfma/fma/_31055_/D (sky130_fd_sc_hd__dfxtp_1)
            13.6204   data arrival time

  20.0000   20.0000   clock clock (rise edge)
   0.0000   20.0000   clock network delay (ideal)
   0.0000   20.0000   clock reconvergence pessimism
            20.0000 ^ fpu_exe_unit/FPUUnit/fpu/dfma/fma/_31055_/CLK (sky130_fd_sc_hd__dfxtp_1)
  -0.1214   19.8786   library setup time
            19.8786   data required time
-------------------------------------------------------------
            19.8786   data required time
           -13.6204   data arrival time
-------------------------------------------------------------
             6.2582   slack (MET)


Startpoint: fpu_exe_unit/FPUUnit/fpu/sfma/_677_
            (rising edge-triggered flip-flop clocked by clock)
Endpoint: fpu_exe_unit/FPUUnit/fpu/sfma/fma/_6697_
          (rising edge-triggered flip-flop clocked by clock)
Path Group: clock
Path Type: max

    Delay      Time   Description
-------------------------------------------------------------
   0.0000    0.0000   clock clock (rise edge)
   0.0000    0.0000   clock network delay (ideal)
   0.0000    0.0000 ^ fpu_exe_unit/FPUUnit/fpu/sfma/_677_/CLK (sky130_fd_sc_hd__dfxtp_1)
   0.3060    0.3060 v fpu_exe_unit/FPUUnit/fpu/sfma/_677_/Q (sky130_fd_sc_hd__dfxtp_1)
   0.1825    0.4885 v fpu_exe_unit/FPUUnit/fpu/sfma/fma/mulAddRecFNToRaw_preMul/_0566_/X (sky130_fd_sc_hd__xor2_1)
   0.2034    0.6919 v fpu_exe_unit/FPUUnit/fpu/sfma/fma/mulAddRecFNToRaw_preMul/_0567_/X (sky130_fd_sc_hd__lpflow_inputiso0n_1)
   0.3854    1.0773 v fpu_exe_unit/FPUUnit/fpu/sfma/fma/mulAddRecFNToRaw_preMul/_0568_/X (sky130_fd_sc_hd__maj3_1)
   0.4191    1.4964 v fpu_exe_unit/FPUUnit/fpu/sfma/fma/mulAddRecFNToRaw_preMul/_0569_/X (sky130_fd_sc_hd__maj3_1)
   0.4032    1.8996 v fpu_exe_unit/FPUUnit/fpu/sfma/fma/mulAddRecFNToRaw_preMul/_0570_/X (sky130_fd_sc_hd__maj3_1)
   0.3976    2.2972 v fpu_exe_unit/FPUUnit/fpu/sfma/fma/mulAddRecFNToRaw_preMul/_0571_/X (sky130_fd_sc_hd__maj3_1)
   0.3907    2.6879 v fpu_exe_unit/FPUUnit/fpu/sfma/fma/mulAddRecFNToRaw_preMul/_0572_/X (sky130_fd_sc_hd__maj3_1)
   0.3886    3.0765 v fpu_exe_unit/FPUUnit/fpu/sfma/fma/mulAddRecFNToRaw_preMul/_0573_/X (sky130_fd_sc_hd__maj3_1)
   0.3886    3.4652 v fpu_exe_unit/FPUUnit/fpu/sfma/fma/mulAddRecFNToRaw_preMul/_0574_/X (sky130_fd_sc_hd__maj3_1)
   0.3681    3.8332 v fpu_exe_unit/FPUUnit/fpu/sfma/fma/mulAddRecFNToRaw_preMul/_0575_/X (sky130_fd_sc_hd__maj3_1)
   0.1861    4.0194 v fpu_exe_unit/FPUUnit/fpu/sfma/fma/mulAddRecFNToRaw_preMul/_0578_/X (sky130_fd_sc_hd__lpflow_inputiso0n_1)
   0.6005    4.6199 ^ fpu_exe_unit/FPUUnit/fpu/sfma/fma/mulAddRecFNToRaw_preMul/_0610_/Y (sky130_fd_sc_hd__nor3_1)
   0.2361    4.8560 ^ fpu_exe_unit/FPUUnit/fpu/sfma/fma/mulAddRecFNToRaw_preMul/_0613_/X (sky130_fd_sc_hd__a21o_1)
   0.3278    5.1838 ^ fpu_exe_unit/FPUUnit/fpu/sfma/fma/mulAddRecFNToRaw_preMul/_0685_/X (sky130_fd_sc_hd__lpflow_clkbufkapwr_1)
   0.4536    5.6374 ^ fpu_exe_unit/FPUUnit/fpu/sfma/fma/mulAddRecFNToRaw_preMul/_0686_/X (sky130_fd_sc_hd__lpflow_clkbufkapwr_1)
   0.1968    5.8341 v fpu_exe_unit/FPUUnit/fpu/sfma/fma/mulAddRecFNToRaw_preMul/_0754_/Y (sky130_fd_sc_hd__o21ai_0)
   0.1553    5.9894 ^ fpu_exe_unit/FPUUnit/fpu/sfma/fma/mulAddRecFNToRaw_preMul/_0755_/Y (sky130_fd_sc_hd__o211ai_1)
   0.0735    6.0629 v fpu_exe_unit/FPUUnit/fpu/sfma/fma/mulAddRecFNToRaw_preMul/_0942_/Y (sky130_fd_sc_hd__nand2_1)
   0.2679    6.3308 v fpu_exe_unit/FPUUnit/fpu/sfma/fma/mulAddRecFNToRaw_preMul/_0943_/X (sky130_fd_sc_hd__mux2_2)
   0.1675    6.4983 ^ fpu_exe_unit/FPUUnit/fpu/sfma/fma/mulAddRecFNToRaw_preMul/_0944_/Y (sky130_fd_sc_hd__mux2i_1)
   0.0591    6.5575 v fpu_exe_unit/FPUUnit/fpu/sfma/fma/mulAddRecFNToRaw_preMul/_0945_/Y (sky130_fd_sc_hd__nor2_1)
   0.1861    6.7436 v fpu_exe_unit/FPUUnit/fpu/sfma/fma/mulAddRecFNToRaw_preMul/_0951_/X (sky130_fd_sc_hd__o21a_1)
   0.3782    7.1218 v fpu_exe_unit/FPUUnit/fpu/sfma/fma/_3489_/X (sky130_fd_sc_hd__xnor3_1)
   0.3906    7.5125 v fpu_exe_unit/FPUUnit/fpu/sfma/fma/_3503_/X (sky130_fd_sc_hd__maj3_1)
   0.3213    7.8338 ^ fpu_exe_unit/FPUUnit/fpu/sfma/fma/_3514_/Y (sky130_fd_sc_hd__xnor2_1)
   0.4135    8.2473 v fpu_exe_unit/FPUUnit/fpu/sfma/fma/_3525_/X (sky130_fd_sc_hd__xnor3_1)
   0.1651    8.4123 v fpu_exe_unit/FPUUnit/fpu/sfma/fma/_3534_/X (sky130_fd_sc_hd__xor2_1)
   0.2903    8.7027 v fpu_exe_unit/FPUUnit/fpu/sfma/fma/_3535_/X (sky130_fd_sc_hd__or2_2)
   0.4226    9.1252 ^ fpu_exe_unit/FPUUnit/fpu/sfma/fma/_3572_/X (sky130_fd_sc_hd__xnor3_1)
   0.1500    9.2752 v fpu_exe_unit/FPUUnit/fpu/sfma/fma/_3573_/Y (sky130_fd_sc_hd__nand4b_1)
   0.3003    9.5755 ^ fpu_exe_unit/FPUUnit/fpu/sfma/fma/_3674_/Y (sky130_fd_sc_hd__a32oi_1)
   0.2540    9.8296 ^ fpu_exe_unit/FPUUnit/fpu/sfma/fma/_3679_/X (sky130_fd_sc_hd__maj3_1)
   0.0915    9.9211 v fpu_exe_unit/FPUUnit/fpu/sfma/fma/_3733_/Y (sky130_fd_sc_hd__a21oi_1)
   0.2497   10.1708 ^ fpu_exe_unit/FPUUnit/fpu/sfma/fma/_3795_/Y (sky130_fd_sc_hd__o21ai_0)
   0.1322   10.3030 v fpu_exe_unit/FPUUnit/fpu/sfma/fma/_3859_/Y (sky130_fd_sc_hd__a21oi_1)
   0.2693   10.5723 ^ fpu_exe_unit/FPUUnit/fpu/sfma/fma/_3934_/Y (sky130_fd_sc_hd__o21ai_0)
   0.1548   10.7271 v fpu_exe_unit/FPUUnit/fpu/sfma/fma/_4024_/Y (sky130_fd_sc_hd__a21oi_1)
   0.1944   10.9215 ^ fpu_exe_unit/FPUUnit/fpu/sfma/fma/_4504_/Y (sky130_fd_sc_hd__o211ai_1)
   0.1157   11.0371 v fpu_exe_unit/FPUUnit/fpu/sfma/fma/_4506_/Y (sky130_fd_sc_hd__a311oi_1)
   0.4302   11.4673 ^ fpu_exe_unit/FPUUnit/fpu/sfma/fma/_4727_/Y (sky130_fd_sc_hd__o311ai_0)
   0.2685   11.7358 ^ fpu_exe_unit/FPUUnit/fpu/sfma/fma/_4859_/X (sky130_fd_sc_hd__a41o_1)
   0.2143   11.9502 ^ fpu_exe_unit/FPUUnit/fpu/sfma/fma/_5098_/X (sky130_fd_sc_hd__a311o_1)
   0.1377   12.0879 v fpu_exe_unit/FPUUnit/fpu/sfma/fma/_5315_/Y (sky130_fd_sc_hd__a31oi_1)
   0.3582   12.4461 v fpu_exe_unit/FPUUnit/fpu/sfma/fma/_5521_/X (sky130_fd_sc_hd__o31a_1)
   0.2179   12.6640 v fpu_exe_unit/FPUUnit/fpu/sfma/fma/_5724_/X (sky130_fd_sc_hd__o21a_1)
   0.3957   13.0597 ^ fpu_exe_unit/FPUUnit/fpu/sfma/fma/_5894_/Y (sky130_fd_sc_hd__o31ai_1)
   0.1368   13.1965 v fpu_exe_unit/FPUUnit/fpu/sfma/fma/_5973_/Y (sky130_fd_sc_hd__a21oi_1)
   0.1503   13.3468 v fpu_exe_unit/FPUUnit/fpu/sfma/fma/_6045_/Y (sky130_fd_sc_hd__xnor2_1)
   0.2553   13.6021 v fpu_exe_unit/FPUUnit/fpu/sfma/fma/_6046_/X (sky130_fd_sc_hd__mux2_2)
   0.0035   13.6055 v fpu_exe_unit/FPUUnit/fpu/sfma/fma/_6697_/D (sky130_fd_sc_hd__dfxtp_1)
            13.6055   data arrival time

  20.0000   20.0000   clock clock (rise edge)
   0.0000   20.0000   clock network delay (ideal)
   0.0000   20.0000   clock reconvergence pessimism
            20.0000 ^ fpu_exe_unit/FPUUnit/fpu/sfma/fma/_6697_/CLK (sky130_fd_sc_hd__dfxtp_1)
  -0.1214   19.8786   library setup time
            19.8786   data required time
-------------------------------------------------------------
            19.8786   data required time
           -13.6055   data arrival time
-------------------------------------------------------------
             6.2731   slack (MET)


Startpoint: fpu_exe_unit/FPUUnit/fpu/sfma/_677_
            (rising edge-triggered flip-flop clocked by clock)
Endpoint: fpu_exe_unit/FPUUnit/fpu/sfma/fma/_6698_
          (rising edge-triggered flip-flop clocked by clock)
Path Group: clock
Path Type: max

    Delay      Time   Description
-------------------------------------------------------------
   0.0000    0.0000   clock clock (rise edge)
   0.0000    0.0000   clock network delay (ideal)
   0.0000    0.0000 ^ fpu_exe_unit/FPUUnit/fpu/sfma/_677_/CLK (sky130_fd_sc_hd__dfxtp_1)
   0.3060    0.3060 v fpu_exe_unit/FPUUnit/fpu/sfma/_677_/Q (sky130_fd_sc_hd__dfxtp_1)
   0.1825    0.4885 v fpu_exe_unit/FPUUnit/fpu/sfma/fma/mulAddRecFNToRaw_preMul/_0566_/X (sky130_fd_sc_hd__xor2_1)
   0.2034    0.6919 v fpu_exe_unit/FPUUnit/fpu/sfma/fma/mulAddRecFNToRaw_preMul/_0567_/X (sky130_fd_sc_hd__lpflow_inputiso0n_1)
   0.3854    1.0773 v fpu_exe_unit/FPUUnit/fpu/sfma/fma/mulAddRecFNToRaw_preMul/_0568_/X (sky130_fd_sc_hd__maj3_1)
   0.4191    1.4964 v fpu_exe_unit/FPUUnit/fpu/sfma/fma/mulAddRecFNToRaw_preMul/_0569_/X (sky130_fd_sc_hd__maj3_1)
   0.4032    1.8996 v fpu_exe_unit/FPUUnit/fpu/sfma/fma/mulAddRecFNToRaw_preMul/_0570_/X (sky130_fd_sc_hd__maj3_1)
   0.3976    2.2972 v fpu_exe_unit/FPUUnit/fpu/sfma/fma/mulAddRecFNToRaw_preMul/_0571_/X (sky130_fd_sc_hd__maj3_1)
   0.3907    2.6879 v fpu_exe_unit/FPUUnit/fpu/sfma/fma/mulAddRecFNToRaw_preMul/_0572_/X (sky130_fd_sc_hd__maj3_1)
   0.3886    3.0765 v fpu_exe_unit/FPUUnit/fpu/sfma/fma/mulAddRecFNToRaw_preMul/_0573_/X (sky130_fd_sc_hd__maj3_1)
   0.3886    3.4652 v fpu_exe_unit/FPUUnit/fpu/sfma/fma/mulAddRecFNToRaw_preMul/_0574_/X (sky130_fd_sc_hd__maj3_1)
   0.3681    3.8332 v fpu_exe_unit/FPUUnit/fpu/sfma/fma/mulAddRecFNToRaw_preMul/_0575_/X (sky130_fd_sc_hd__maj3_1)
   0.1861    4.0194 v fpu_exe_unit/FPUUnit/fpu/sfma/fma/mulAddRecFNToRaw_preMul/_0578_/X (sky130_fd_sc_hd__lpflow_inputiso0n_1)
   0.6005    4.6199 ^ fpu_exe_unit/FPUUnit/fpu/sfma/fma/mulAddRecFNToRaw_preMul/_0610_/Y (sky130_fd_sc_hd__nor3_1)
   0.2361    4.8560 ^ fpu_exe_unit/FPUUnit/fpu/sfma/fma/mulAddRecFNToRaw_preMul/_0613_/X (sky130_fd_sc_hd__a21o_1)
   0.3278    5.1838 ^ fpu_exe_unit/FPUUnit/fpu/sfma/fma/mulAddRecFNToRaw_preMul/_0685_/X (sky130_fd_sc_hd__lpflow_clkbufkapwr_1)
   0.4536    5.6374 ^ fpu_exe_unit/FPUUnit/fpu/sfma/fma/mulAddRecFNToRaw_preMul/_0686_/X (sky130_fd_sc_hd__lpflow_clkbufkapwr_1)
   0.1968    5.8341 v fpu_exe_unit/FPUUnit/fpu/sfma/fma/mulAddRecFNToRaw_preMul/_0754_/Y (sky130_fd_sc_hd__o21ai_0)
   0.1553    5.9894 ^ fpu_exe_unit/FPUUnit/fpu/sfma/fma/mulAddRecFNToRaw_preMul/_0755_/Y (sky130_fd_sc_hd__o211ai_1)
   0.0735    6.0629 v fpu_exe_unit/FPUUnit/fpu/sfma/fma/mulAddRecFNToRaw_preMul/_0942_/Y (sky130_fd_sc_hd__nand2_1)
   0.2679    6.3308 v fpu_exe_unit/FPUUnit/fpu/sfma/fma/mulAddRecFNToRaw_preMul/_0943_/X (sky130_fd_sc_hd__mux2_2)
   0.1675    6.4983 ^ fpu_exe_unit/FPUUnit/fpu/sfma/fma/mulAddRecFNToRaw_preMul/_0944_/Y (sky130_fd_sc_hd__mux2i_1)
   0.0591    6.5575 v fpu_exe_unit/FPUUnit/fpu/sfma/fma/mulAddRecFNToRaw_preMul/_0945_/Y (sky130_fd_sc_hd__nor2_1)
   0.1861    6.7436 v fpu_exe_unit/FPUUnit/fpu/sfma/fma/mulAddRecFNToRaw_preMul/_0951_/X (sky130_fd_sc_hd__o21a_1)
   0.3782    7.1218 v fpu_exe_unit/FPUUnit/fpu/sfma/fma/_3489_/X (sky130_fd_sc_hd__xnor3_1)
   0.3906    7.5125 v fpu_exe_unit/FPUUnit/fpu/sfma/fma/_3503_/X (sky130_fd_sc_hd__maj3_1)
   0.3213    7.8338 ^ fpu_exe_unit/FPUUnit/fpu/sfma/fma/_3514_/Y (sky130_fd_sc_hd__xnor2_1)
   0.4135    8.2473 v fpu_exe_unit/FPUUnit/fpu/sfma/fma/_3525_/X (sky130_fd_sc_hd__xnor3_1)
   0.1651    8.4123 v fpu_exe_unit/FPUUnit/fpu/sfma/fma/_3534_/X (sky130_fd_sc_hd__xor2_1)
   0.2903    8.7027 v fpu_exe_unit/FPUUnit/fpu/sfma/fma/_3535_/X (sky130_fd_sc_hd__or2_2)
   0.4226    9.1252 ^ fpu_exe_unit/FPUUnit/fpu/sfma/fma/_3572_/X (sky130_fd_sc_hd__xnor3_1)
   0.1500    9.2752 v fpu_exe_unit/FPUUnit/fpu/sfma/fma/_3573_/Y (sky130_fd_sc_hd__nand4b_1)
   0.3003    9.5755 ^ fpu_exe_unit/FPUUnit/fpu/sfma/fma/_3674_/Y (sky130_fd_sc_hd__a32oi_1)
   0.2540    9.8296 ^ fpu_exe_unit/FPUUnit/fpu/sfma/fma/_3679_/X (sky130_fd_sc_hd__maj3_1)
   0.0915    9.9211 v fpu_exe_unit/FPUUnit/fpu/sfma/fma/_3733_/Y (sky130_fd_sc_hd__a21oi_1)
   0.2497   10.1708 ^ fpu_exe_unit/FPUUnit/fpu/sfma/fma/_3795_/Y (sky130_fd_sc_hd__o21ai_0)
   0.1322   10.3030 v fpu_exe_unit/FPUUnit/fpu/sfma/fma/_3859_/Y (sky130_fd_sc_hd__a21oi_1)
   0.2693   10.5723 ^ fpu_exe_unit/FPUUnit/fpu/sfma/fma/_3934_/Y (sky130_fd_sc_hd__o21ai_0)
   0.1548   10.7271 v fpu_exe_unit/FPUUnit/fpu/sfma/fma/_4024_/Y (sky130_fd_sc_hd__a21oi_1)
   0.1944   10.9215 ^ fpu_exe_unit/FPUUnit/fpu/sfma/fma/_4504_/Y (sky130_fd_sc_hd__o211ai_1)
   0.1157   11.0371 v fpu_exe_unit/FPUUnit/fpu/sfma/fma/_4506_/Y (sky130_fd_sc_hd__a311oi_1)
   0.4302   11.4673 ^ fpu_exe_unit/FPUUnit/fpu/sfma/fma/_4727_/Y (sky130_fd_sc_hd__o311ai_0)
   0.2685   11.7358 ^ fpu_exe_unit/FPUUnit/fpu/sfma/fma/_4859_/X (sky130_fd_sc_hd__a41o_1)
   0.2143   11.9502 ^ fpu_exe_unit/FPUUnit/fpu/sfma/fma/_5098_/X (sky130_fd_sc_hd__a311o_1)
   0.1377   12.0879 v fpu_exe_unit/FPUUnit/fpu/sfma/fma/_5315_/Y (sky130_fd_sc_hd__a31oi_1)
   0.3582   12.4461 v fpu_exe_unit/FPUUnit/fpu/sfma/fma/_5521_/X (sky130_fd_sc_hd__o31a_1)
   0.2179   12.6640 v fpu_exe_unit/FPUUnit/fpu/sfma/fma/_5724_/X (sky130_fd_sc_hd__o21a_1)
   0.3957   13.0597 ^ fpu_exe_unit/FPUUnit/fpu/sfma/fma/_5894_/Y (sky130_fd_sc_hd__o31ai_1)
   0.2506   13.3102 ^ fpu_exe_unit/FPUUnit/fpu/sfma/fma/_6048_/X (sky130_fd_sc_hd__a31o_2)
   0.1196   13.4299 ^ fpu_exe_unit/FPUUnit/fpu/sfma/fma/_6112_/Y (sky130_fd_sc_hd__xnor2_1)
   0.0787   13.5085 v fpu_exe_unit/FPUUnit/fpu/sfma/fma/_6114_/Y (sky130_fd_sc_hd__a21oi_1)
   0.0035   13.5120 v fpu_exe_unit/FPUUnit/fpu/sfma/fma/_6698_/D (sky130_fd_sc_hd__dfxtp_1)
            13.5120   data arrival time

  20.0000   20.0000   clock clock (rise edge)
   0.0000   20.0000   clock network delay (ideal)
   0.0000   20.0000   clock reconvergence pessimism
            20.0000 ^ fpu_exe_unit/FPUUnit/fpu/sfma/fma/_6698_/CLK (sky130_fd_sc_hd__dfxtp_1)
  -0.1345   19.8655   library setup time
            19.8655   data required time
-------------------------------------------------------------
            19.8655   data required time
           -13.5120   data arrival time
-------------------------------------------------------------
             6.3535   slack (MET)


